ISO-10303-21;
HEADER;
/* Generated by software containing ST-Developer
 * from STEP Tools, Inc. (www.steptools.com) 
 */

FILE_DESCRIPTION(
/* description */ (''),
/* implementation_level */ '2;1');

FILE_NAME(
/* name */ '',
/* time_stamp */ '2025-04-05T15:07:05+08:00',
/* author */ (''),
/* organization */ (''),
/* preprocessor_version */ 'ST-DEVELOPER v20.1',
/* originating_system */ 'Autodesk Translation Framework v14.4.0.0',
/* authorisation */ '');

FILE_SCHEMA (('AUTOMOTIVE_DESIGN { 1 0 10303 214 3 1 1 }'));
ENDSEC;

DATA;
#10=MECHANICAL_DESIGN_GEOMETRIC_PRESENTATION_REPRESENTATION('',(#27,#28,
#29,#30,#31,#32,#33,#34,#35,#36,#37,#38,#39,#40,#41,#42,#43,#44,#45,#46,
#47,#48,#49,#50,#51,#52,#53,#54,#55,#56,#57,#58,#59,#60,#61,#62,#63,#64,
#65,#66,#67,#68,#69,#70,#71,#72,#73,#74,#75,#76,#77,#78,#79,#80,#81,#82,
#83,#84,#85,#86,#87,#88,#89,#90,#91,#92,#93,#94,#95,#96,#97,#98,#99,#100,
#101,#102,#103,#104,#105,#106,#107,#108,#109,#110,#111,#112,#113,#114,#115,
#116,#117,#118,#119,#120,#121,#122,#123,#124,#125,#126,#127,#128,#129,#130,
#131,#132,#133,#134,#135,#136,#137,#138,#139,#140,#141,#142,#143,#144,#145,
#146,#147,#148,#149,#150,#151,#152,#153,#154,#155,#156,#157,#158,#159,#160,
#161,#162,#163,#164,#165,#166),#10094);
#11=ITEM_DEFINED_TRANSFORMATION($,$,#5870,#6267);
#12=ITEM_DEFINED_TRANSFORMATION($,$,#5643,#6268);
#13=ITEM_DEFINED_TRANSFORMATION($,$,#5869,#6269);
#14=(
REPRESENTATION_RELATIONSHIP($,$,#10113,#10112)
REPRESENTATION_RELATIONSHIP_WITH_TRANSFORMATION(#11)
SHAPE_REPRESENTATION_RELATIONSHIP()
);
#15=(
REPRESENTATION_RELATIONSHIP($,$,#10111,#10110)
REPRESENTATION_RELATIONSHIP_WITH_TRANSFORMATION(#12)
SHAPE_REPRESENTATION_RELATIONSHIP()
);
#16=(
REPRESENTATION_RELATIONSHIP($,$,#10112,#10110)
REPRESENTATION_RELATIONSHIP_WITH_TRANSFORMATION(#13)
SHAPE_REPRESENTATION_RELATIONSHIP()
);
#17=CONTEXT_DEPENDENT_SHAPE_REPRESENTATION(#14,#10107);
#18=CONTEXT_DEPENDENT_SHAPE_REPRESENTATION(#15,#10108);
#19=CONTEXT_DEPENDENT_SHAPE_REPRESENTATION(#16,#10109);
#20=NEXT_ASSEMBLY_USAGE_OCCURRENCE('Board:1','Board:1','Board:1',#10117,
#10118,'Board:1');
#21=NEXT_ASSEMBLY_USAGE_OCCURRENCE('\X2\624B67C4\X0\2.0:1',
'\X2\624B67C4\X0\2.0:1','\X2\624B67C4\X0\2.0:1',#10115,#10116,
'\X2\624B67C4\X0\2.0:1');
#22=NEXT_ASSEMBLY_USAGE_OCCURRENCE('\X2\624B67C4\X0\pcb v1:1',
'\X2\624B67C4\X0\pcb v1:1','\X2\624B67C4\X0\pcb v1:1',#10115,#10117,
'\X2\624B67C4\X0\pcb v1:1');
#23=SHAPE_REPRESENTATION_RELATIONSHIP('SRR','None',#10111,#25);
#24=SHAPE_REPRESENTATION_RELATIONSHIP('SRR','None',#10113,#26);
#25=ADVANCED_BREP_SHAPE_REPRESENTATION('',(#167),#10091);
#26=ADVANCED_BREP_SHAPE_REPRESENTATION('',(#168),#10093);
#27=STYLED_ITEM('',(#10135),#167);
#28=STYLED_ITEM('',(#10137),#5477);
#29=STYLED_ITEM('',(#10137),#5478);
#30=STYLED_ITEM('',(#10137),#5479);
#31=STYLED_ITEM('',(#10137),#5482);
#32=STYLED_ITEM('',(#10137),#5483);
#33=STYLED_ITEM('',(#10137),#5484);
#34=STYLED_ITEM('',(#10137),#5485);
#35=STYLED_ITEM('',(#10137),#5486);
#36=STYLED_ITEM('',(#10137),#5487);
#37=STYLED_ITEM('',(#10137),#5488);
#38=STYLED_ITEM('',(#10137),#5489);
#39=STYLED_ITEM('',(#10137),#5490);
#40=STYLED_ITEM('',(#10137),#5491);
#41=STYLED_ITEM('',(#10137),#5492);
#42=STYLED_ITEM('',(#10137),#5493);
#43=STYLED_ITEM('',(#10137),#5494);
#44=STYLED_ITEM('',(#10137),#5495);
#45=STYLED_ITEM('',(#10137),#5496);
#46=STYLED_ITEM('',(#10137),#5497);
#47=STYLED_ITEM('',(#10137),#5498);
#48=STYLED_ITEM('',(#10137),#5499);
#49=STYLED_ITEM('',(#10137),#5500);
#50=STYLED_ITEM('',(#10137),#5501);
#51=STYLED_ITEM('',(#10137),#5502);
#52=STYLED_ITEM('',(#10137),#5503);
#53=STYLED_ITEM('',(#10137),#5504);
#54=STYLED_ITEM('',(#10137),#5505);
#55=STYLED_ITEM('',(#10137),#5506);
#56=STYLED_ITEM('',(#10137),#5507);
#57=STYLED_ITEM('',(#10137),#5508);
#58=STYLED_ITEM('',(#10137),#5509);
#59=STYLED_ITEM('',(#10137),#5510);
#60=STYLED_ITEM('',(#10137),#5511);
#61=STYLED_ITEM('',(#10137),#5512);
#62=STYLED_ITEM('',(#10137),#5513);
#63=STYLED_ITEM('',(#10137),#5514);
#64=STYLED_ITEM('',(#10137),#5515);
#65=STYLED_ITEM('',(#10137),#5516);
#66=STYLED_ITEM('',(#10137),#5517);
#67=STYLED_ITEM('',(#10137),#5518);
#68=STYLED_ITEM('',(#10137),#5519);
#69=STYLED_ITEM('',(#10137),#5520);
#70=STYLED_ITEM('',(#10137),#5521);
#71=STYLED_ITEM('',(#10137),#5522);
#72=STYLED_ITEM('',(#10137),#5523);
#73=STYLED_ITEM('',(#10137),#5524);
#74=STYLED_ITEM('',(#10137),#5525);
#75=STYLED_ITEM('',(#10137),#5526);
#76=STYLED_ITEM('',(#10137),#5527);
#77=STYLED_ITEM('',(#10137),#5528);
#78=STYLED_ITEM('',(#10137),#5529);
#79=STYLED_ITEM('',(#10137),#5530);
#80=STYLED_ITEM('',(#10137),#5531);
#81=STYLED_ITEM('',(#10137),#5532);
#82=STYLED_ITEM('',(#10137),#5533);
#83=STYLED_ITEM('',(#10137),#5534);
#84=STYLED_ITEM('',(#10137),#5535);
#85=STYLED_ITEM('',(#10137),#5536);
#86=STYLED_ITEM('',(#10137),#5537);
#87=STYLED_ITEM('',(#10137),#5538);
#88=STYLED_ITEM('',(#10137),#5539);
#89=STYLED_ITEM('',(#10137),#5540);
#90=STYLED_ITEM('',(#10137),#5541);
#91=STYLED_ITEM('',(#10137),#5542);
#92=STYLED_ITEM('',(#10137),#5543);
#93=STYLED_ITEM('',(#10137),#5544);
#94=STYLED_ITEM('',(#10137),#5545);
#95=STYLED_ITEM('',(#10137),#5546);
#96=STYLED_ITEM('',(#10137),#5547);
#97=STYLED_ITEM('',(#10137),#5548);
#98=STYLED_ITEM('',(#10137),#5549);
#99=STYLED_ITEM('',(#10137),#5550);
#100=STYLED_ITEM('',(#10137),#5551);
#101=STYLED_ITEM('',(#10137),#5552);
#102=STYLED_ITEM('',(#10137),#5553);
#103=STYLED_ITEM('',(#10137),#5554);
#104=STYLED_ITEM('',(#10137),#5555);
#105=STYLED_ITEM('',(#10137),#5556);
#106=STYLED_ITEM('',(#10137),#5557);
#107=STYLED_ITEM('',(#10137),#5558);
#108=STYLED_ITEM('',(#10137),#5559);
#109=STYLED_ITEM('',(#10137),#5560);
#110=STYLED_ITEM('',(#10137),#5561);
#111=STYLED_ITEM('',(#10137),#5562);
#112=STYLED_ITEM('',(#10137),#5563);
#113=STYLED_ITEM('',(#10137),#5564);
#114=STYLED_ITEM('',(#10137),#5565);
#115=STYLED_ITEM('',(#10137),#5566);
#116=STYLED_ITEM('',(#10137),#5567);
#117=STYLED_ITEM('',(#10137),#5568);
#118=STYLED_ITEM('',(#10137),#5569);
#119=STYLED_ITEM('',(#10137),#5570);
#120=STYLED_ITEM('',(#10137),#5571);
#121=STYLED_ITEM('',(#10137),#5572);
#122=STYLED_ITEM('',(#10137),#5573);
#123=STYLED_ITEM('',(#10137),#5574);
#124=STYLED_ITEM('',(#10137),#5575);
#125=STYLED_ITEM('',(#10137),#5576);
#126=STYLED_ITEM('',(#10137),#5577);
#127=STYLED_ITEM('',(#10137),#5578);
#128=STYLED_ITEM('',(#10137),#5579);
#129=STYLED_ITEM('',(#10137),#5580);
#130=STYLED_ITEM('',(#10137),#5581);
#131=STYLED_ITEM('',(#10137),#5582);
#132=STYLED_ITEM('',(#10137),#5583);
#133=STYLED_ITEM('',(#10137),#5584);
#134=STYLED_ITEM('',(#10137),#5585);
#135=STYLED_ITEM('',(#10137),#5586);
#136=STYLED_ITEM('',(#10137),#5587);
#137=STYLED_ITEM('',(#10137),#5588);
#138=STYLED_ITEM('',(#10137),#5589);
#139=STYLED_ITEM('',(#10137),#5590);
#140=STYLED_ITEM('',(#10137),#5591);
#141=STYLED_ITEM('',(#10137),#5592);
#142=STYLED_ITEM('',(#10137),#5593);
#143=STYLED_ITEM('',(#10137),#5594);
#144=STYLED_ITEM('',(#10137),#5595);
#145=STYLED_ITEM('',(#10137),#5596);
#146=STYLED_ITEM('',(#10137),#5597);
#147=STYLED_ITEM('',(#10137),#5598);
#148=STYLED_ITEM('',(#10137),#5599);
#149=STYLED_ITEM('',(#10137),#5600);
#150=STYLED_ITEM('',(#10137),#5601);
#151=STYLED_ITEM('',(#10137),#5602);
#152=STYLED_ITEM('',(#10137),#5603);
#153=STYLED_ITEM('',(#10137),#5604);
#154=STYLED_ITEM('',(#10137),#5605);
#155=STYLED_ITEM('',(#10137),#5606);
#156=STYLED_ITEM('',(#10137),#5607);
#157=STYLED_ITEM('',(#10137),#5608);
#158=STYLED_ITEM('',(#10137),#5609);
#159=STYLED_ITEM('',(#10137),#5610);
#160=STYLED_ITEM('',(#10137),#5611);
#161=STYLED_ITEM('',(#10137),#5612);
#162=STYLED_ITEM('',(#10137),#5613);
#163=STYLED_ITEM('',(#10137),#5614);
#164=STYLED_ITEM('',(#10137),#5615);
#165=STYLED_ITEM('',(#10137),#5616);
#166=STYLED_ITEM('',(#10136),#168);
#167=MANIFOLD_SOLID_BREP('\X2\5B9E4F53\X0\1',#5617);
#168=MANIFOLD_SOLID_BREP('\X2\5B9E4F53\X0\1',#5618);
#169=B_SPLINE_SURFACE_WITH_KNOTS('',3,3,((#8243,#8244,#8245,#8246,#8247,
#8248,#8249),(#8250,#8251,#8252,#8253,#8254,#8255,#8256),(#8257,#8258,#8259,
#8260,#8261,#8262,#8263),(#8264,#8265,#8266,#8267,#8268,#8269,#8270)),
 .UNSPECIFIED.,.F.,.F.,.F.,(4,4),(4,3,4),(0.,1.),(-6.69177150398937,-6.40490099133595,
-5.6203031626099),.UNSPECIFIED.);
#170=B_SPLINE_SURFACE_WITH_KNOTS('',3,3,((#8285,#8286,#8287,#8288,#8289,
#8290,#8291,#8292,#8293),(#8294,#8295,#8296,#8297,#8298,#8299,#8300,#8301,
#8302),(#8303,#8304,#8305,#8306,#8307,#8308,#8309,#8310,#8311),(#8312,#8313,
#8314,#8315,#8316,#8317,#8318,#8319,#8320)),.UNSPECIFIED.,.F.,.F.,.F.,(4,
4),(4,2,2,1,4),(0.,1.),(-0.876226589525984,-0.815729697573797,-0.741549147615983,
-0.667287170003615,-0.593025192391246),.UNSPECIFIED.);
#171=B_SPLINE_SURFACE_WITH_KNOTS('',3,3,((#8345,#8346,#8347,#8348),(#8349,
#8350,#8351,#8352),(#8353,#8354,#8355,#8356),(#8357,#8358,#8359,#8360)),
 .UNSPECIFIED.,.F.,.F.,.F.,(4,4),(4,4),(0.,1.),(-0.889737256161637,-0.876226589525071),
 .UNSPECIFIED.);
#172=B_SPLINE_SURFACE_WITH_KNOTS('',3,3,((#8378,#8379,#8380,#8381),(#8382,
#8383,#8384,#8385),(#8386,#8387,#8388,#8389),(#8390,#8391,#8392,#8393)),
 .UNSPECIFIED.,.F.,.F.,.F.,(4,4),(4,4),(0.,1.),(1.65033618473725,1.66897274700836),
 .UNSPECIFIED.);
#173=B_SPLINE_SURFACE_WITH_KNOTS('',3,3,((#8402,#8403,#8404,#8405,#8406,
#8407,#8408,#8409,#8410),(#8411,#8412,#8413,#8414,#8415,#8416,#8417,#8418,
#8419),(#8420,#8421,#8422,#8423,#8424,#8425,#8426,#8427,#8428),(#8429,#8430,
#8431,#8432,#8433,#8434,#8435,#8436,#8437)),.UNSPECIFIED.,.F.,.F.,.F.,(4,
4),(4,1,2,2,4),(0.,1.),(-1.77290630206169,-1.70316695855509,-1.62911141616326,
-1.55505871652095,-1.48101199802733),.UNSPECIFIED.);
#174=B_SPLINE_SURFACE_WITH_KNOTS('',3,3,((#8462,#8463,#8464,#8465),(#8466,
#8467,#8468,#8469),(#8470,#8471,#8472,#8473),(#8474,#8475,#8476,#8477)),
 .UNSPECIFIED.,.F.,.F.,.F.,(4,4),(4,4),(0.,1.),(-1.77722250094706,-1.77290630206169),
 .UNSPECIFIED.);
#175=B_SPLINE_SURFACE_WITH_KNOTS('',3,3,((#8486,#8487,#8488,#8489,#8490,
#8491,#8492),(#8493,#8494,#8495,#8496,#8497,#8498,#8499),(#8500,#8501,#8502,
#8503,#8504,#8505,#8506),(#8507,#8508,#8509,#8510,#8511,#8512,#8513)),
 .UNSPECIFIED.,.F.,.F.,.F.,(4,4),(4,3,4),(0.,1.),(-11.8752976437449,-11.489005076437,
-11.3256095006361),.UNSPECIFIED.);
#176=B_SPLINE_SURFACE_WITH_KNOTS('',3,3,((#8548,#8549,#8550,#8551),(#8552,
#8553,#8554,#8555),(#8556,#8557,#8558,#8559),(#8560,#8561,#8562,#8563)),
 .UNSPECIFIED.,.F.,.F.,.F.,(4,4),(4,4),(0.,1.),(-11.8782894912464,-11.8752976437449),
 .UNSPECIFIED.);
#177=B_SPLINE_SURFACE_WITH_KNOTS('',3,3,((#8889,#8890,#8891,#8892,#8893,
#8894),(#8895,#8896,#8897,#8898,#8899,#8900),(#8901,#8902,#8903,#8904,#8905,
#8906),(#8907,#8908,#8909,#8910,#8911,#8912),(#8913,#8914,#8915,#8916,#8917,
#8918),(#8919,#8920,#8921,#8922,#8923,#8924)),.UNSPECIFIED.,.F.,.F.,.F.,
(4,1,1,4),(4,1,1,4),(0.,0.285714285714286,0.571428571428571,1.),(-1.57079632679519,
-0.897597901025802,-0.448798950512875,5.20254243236634E-14),
 .UNSPECIFIED.);
#178=B_SPLINE_SURFACE_WITH_KNOTS('',3,3,((#8936,#8937,#8938,#8939,#8940,
#8941),(#8942,#8943,#8944,#8945,#8946,#8947),(#8948,#8949,#8950,#8951,#8952,
#8953),(#8954,#8955,#8956,#8957,#8958,#8959),(#8960,#8961,#8962,#8963,#8964,
#8965),(#8966,#8967,#8968,#8969,#8970,#8971)),.UNSPECIFIED.,.F.,.F.,.F.,
(4,1,1,4),(4,1,1,4),(0.,0.285714285714286,0.571428571428571,1.),(-5.29702316192311E-14,
0.619762773328906,1.03293795554821,1.44611313776752),.UNSPECIFIED.);
#179=B_SPLINE_SURFACE_WITH_KNOTS('',3,3,((#8997,#8998,#8999,#9000,#9001,
#9002),(#9003,#9004,#9005,#9006,#9007,#9008),(#9009,#9010,#9011,#9012,#9013,
#9014),(#9015,#9016,#9017,#9018,#9019,#9020),(#9021,#9022,#9023,#9024,#9025,
#9026),(#9027,#9028,#9029,#9030,#9031,#9032)),.UNSPECIFIED.,.F.,.F.,.F.,
(4,1,1,4),(4,1,1,4),(0.,0.285714285714286,0.571428571428571,1.),(0.,0.673198425769245,
1.12199737628207,1.5707963267949),.UNSPECIFIED.);
#180=B_SPLINE_SURFACE_WITH_KNOTS('',3,3,((#9040,#9041,#9042,#9043,#9044,
#9045,#9046),(#9047,#9048,#9049,#9050,#9051,#9052,#9053),(#9054,#9055,#9056,
#9057,#9058,#9059,#9060),(#9061,#9062,#9063,#9064,#9065,#9066,#9067),(#9068,
#9069,#9070,#9071,#9072,#9073,#9074),(#9075,#9076,#9077,#9078,#9079,#9080,
#9081)),.UNSPECIFIED.,.F.,.F.,.F.,(4,1,1,4),(4,1,1,1,4),(0.,0.285714285714286,
0.571428571428571,1.),(-1.56125112837912E-17,0.309881386664465,0.61976277332893,
1.03293795554822,1.4461131377675),.UNSPECIFIED.);
#181=TOROIDAL_SURFACE('',#5691,9.98729997460019,5.);
#182=TOROIDAL_SURFACE('',#5698,5.98729997459969,5.);
#183=TOROIDAL_SURFACE('',#5706,691.77569865159,2.);
#184=TOROIDAL_SURFACE('',#5783,695.432552901083,4.);
#185=TOROIDAL_SURFACE('',#5787,382.656854249492,4.);
#186=TOROIDAL_SURFACE('',#5813,3.,1.5);
#187=TOROIDAL_SURFACE('',#5821,3.00000000000002,1.5);
#188=TOROIDAL_SURFACE('',#5829,694.225446119896,3.5);
#189=TOROIDAL_SURFACE('',#5832,691.77569865159,2.);
#190=TOROIDAL_SURFACE('',#5861,5.60020320040599,1.);
#191=TOROIDAL_SURFACE('',#5868,69.8326780933674,4.);
#192=CYLINDRICAL_SURFACE('',#5675,10.9872999746);
#193=CYLINDRICAL_SURFACE('',#5679,14.9872999746);
#194=CYLINDRICAL_SURFACE('',#5683,8.5);
#195=CYLINDRICAL_SURFACE('',#5686,374.);
#196=CYLINDRICAL_SURFACE('',#5689,5.);
#197=CYLINDRICAL_SURFACE('',#5693,6.);
#198=CYLINDRICAL_SURFACE('',#5695,5.);
#199=CYLINDRICAL_SURFACE('',#5709,689.77569865159);
#200=CYLINDRICAL_SURFACE('',#5721,61.1758238446936);
#201=CYLINDRICAL_SURFACE('',#5723,2.);
#202=CYLINDRICAL_SURFACE('',#5726,2.);
#203=CYLINDRICAL_SURFACE('',#5729,2.);
#204=CYLINDRICAL_SURFACE('',#5731,3.49999999999999);
#205=CYLINDRICAL_SURFACE('',#5735,3.4999999999853);
#206=CYLINDRICAL_SURFACE('',#5737,10.3872999746);
#207=CYLINDRICAL_SURFACE('',#5749,5.9872999746);
#208=CYLINDRICAL_SURFACE('',#5752,9.98729997460002);
#209=CYLINDRICAL_SURFACE('',#5754,4.);
#210=CYLINDRICAL_SURFACE('',#5756,1.600203200406);
#211=CYLINDRICAL_SURFACE('',#5757,5.);
#212=CYLINDRICAL_SURFACE('',#5759,33.4214799587097);
#213=CYLINDRICAL_SURFACE('',#5764,6.3872999746);
#214=CYLINDRICAL_SURFACE('',#5765,6.5);
#215=CYLINDRICAL_SURFACE('',#5776,9.98729997460002);
#216=CYLINDRICAL_SURFACE('',#5777,5.);
#217=CYLINDRICAL_SURFACE('',#5796,1.5);
#218=CYLINDRICAL_SURFACE('',#5805,1.5);
#219=CYLINDRICAL_SURFACE('',#5808,1.5);
#220=CYLINDRICAL_SURFACE('',#5811,1.5);
#221=CYLINDRICAL_SURFACE('',#5817,1.5);
#222=CYLINDRICAL_SURFACE('',#5824,1.5);
#223=CYLINDRICAL_SURFACE('',#5825,1.5);
#224=CYLINDRICAL_SURFACE('',#5827,1.60020320040599);
#225=CYLINDRICAL_SURFACE('',#5837,1.);
#226=CYLINDRICAL_SURFACE('',#5848,5.);
#227=CYLINDRICAL_SURFACE('',#5853,12.0127000254);
#228=CYLINDRICAL_SURFACE('',#5866,1.60020320040599);
#229=CYLINDRICAL_SURFACE('',#5871,9.9872999746);
#230=CYLINDRICAL_SURFACE('',#6132,12.012697599138);
#231=CYLINDRICAL_SURFACE('',#6133,5.9872999746);
#232=CYLINDRICAL_SURFACE('',#6134,7.987298171653);
#233=CYLINDRICAL_SURFACE('',#6137,5.9872999746);
#234=CYLINDRICAL_SURFACE('',#6138,9.9872999746);
#235=CYLINDRICAL_SURFACE('',#6141,0.900001270003);
#236=CYLINDRICAL_SURFACE('',#6143,0.900001270003);
#237=CYLINDRICAL_SURFACE('',#6145,0.900001270003);
#238=CYLINDRICAL_SURFACE('',#6147,0.900001270003);
#239=CYLINDRICAL_SURFACE('',#6149,0.550012700025);
#240=CYLINDRICAL_SURFACE('',#6150,0.550012700025);
#241=CYLINDRICAL_SURFACE('',#6151,0.550012700025);
#242=CYLINDRICAL_SURFACE('',#6152,0.550012700025);
#243=CYLINDRICAL_SURFACE('',#6153,0.550012700025);
#244=CYLINDRICAL_SURFACE('',#6154,0.550012700025);
#245=CYLINDRICAL_SURFACE('',#6155,0.550012700025);
#246=CYLINDRICAL_SURFACE('',#6156,0.550012700025);
#247=CYLINDRICAL_SURFACE('',#6157,0.6);
#248=CYLINDRICAL_SURFACE('',#6158,0.6);
#249=CYLINDRICAL_SURFACE('',#6159,0.5);
#250=CYLINDRICAL_SURFACE('',#6160,0.5);
#251=CYLINDRICAL_SURFACE('',#6161,0.5);
#252=CYLINDRICAL_SURFACE('',#6162,0.5);
#253=CYLINDRICAL_SURFACE('',#6163,0.5);
#254=CYLINDRICAL_SURFACE('',#6164,0.5);
#255=CYLINDRICAL_SURFACE('',#6165,0.550012700025);
#256=CYLINDRICAL_SURFACE('',#6166,0.550012700025);
#257=CYLINDRICAL_SURFACE('',#6167,1.600203200406);
#258=CYLINDRICAL_SURFACE('',#6168,0.510007620015);
#259=CYLINDRICAL_SURFACE('',#6169,0.510007620015);
#260=CYLINDRICAL_SURFACE('',#6170,0.510007620015);
#261=CYLINDRICAL_SURFACE('',#6171,0.510007620015);
#262=CYLINDRICAL_SURFACE('',#6172,0.550012700025);
#263=CYLINDRICAL_SURFACE('',#6173,0.550012700025);
#264=CYLINDRICAL_SURFACE('',#6174,0.550012700025);
#265=CYLINDRICAL_SURFACE('',#6175,0.550012700025);
#266=CYLINDRICAL_SURFACE('',#6176,0.550012700025);
#267=CYLINDRICAL_SURFACE('',#6177,0.550012700025);
#268=CYLINDRICAL_SURFACE('',#6178,0.550012700025);
#269=CYLINDRICAL_SURFACE('',#6179,0.550012700025);
#270=CYLINDRICAL_SURFACE('',#6180,0.510007620015);
#271=CYLINDRICAL_SURFACE('',#6181,0.510007620015);
#272=CYLINDRICAL_SURFACE('',#6182,0.510007620015);
#273=CYLINDRICAL_SURFACE('',#6183,0.510007620015);
#274=CYLINDRICAL_SURFACE('',#6184,0.5);
#275=CYLINDRICAL_SURFACE('',#6185,0.424993649987);
#276=CYLINDRICAL_SURFACE('',#6186,0.424993649987);
#277=CYLINDRICAL_SURFACE('',#6187,0.424993649987);
#278=CYLINDRICAL_SURFACE('',#6188,0.5);
#279=CYLINDRICAL_SURFACE('',#6189,0.5);
#280=CYLINDRICAL_SURFACE('',#6190,1.600203200406);
#281=CYLINDRICAL_SURFACE('',#6191,0.750012700025);
#282=CYLINDRICAL_SURFACE('',#6192,0.750012700025);
#283=CYLINDRICAL_SURFACE('',#6193,0.5);
#284=CYLINDRICAL_SURFACE('',#6194,0.750012700025);
#285=CYLINDRICAL_SURFACE('',#6195,0.5);
#286=CYLINDRICAL_SURFACE('',#6196,0.5);
#287=CYLINDRICAL_SURFACE('',#6197,0.750012700025);
#288=CYLINDRICAL_SURFACE('',#6198,0.5);
#289=CYLINDRICAL_SURFACE('',#6199,0.5);
#290=CYLINDRICAL_SURFACE('',#6200,0.510007620015);
#291=CYLINDRICAL_SURFACE('',#6201,0.510007620015);
#292=CYLINDRICAL_SURFACE('',#6202,0.510007620015);
#293=CYLINDRICAL_SURFACE('',#6203,0.510007620015);
#294=CYLINDRICAL_SURFACE('',#6204,0.510007620015);
#295=CYLINDRICAL_SURFACE('',#6205,0.510007620015);
#296=CYLINDRICAL_SURFACE('',#6206,0.510007620015);
#297=CYLINDRICAL_SURFACE('',#6207,0.510007620015);
#298=CYLINDRICAL_SURFACE('',#6208,0.510007620015);
#299=CYLINDRICAL_SURFACE('',#6209,0.510007620015);
#300=CYLINDRICAL_SURFACE('',#6210,0.510007620015);
#301=CYLINDRICAL_SURFACE('',#6211,0.510007620015);
#302=CYLINDRICAL_SURFACE('',#6212,0.510007620015);
#303=CYLINDRICAL_SURFACE('',#6213,0.510007620015);
#304=CYLINDRICAL_SURFACE('',#6214,0.510007620015);
#305=CYLINDRICAL_SURFACE('',#6215,0.510007620015);
#306=CYLINDRICAL_SURFACE('',#6216,0.510007620015);
#307=CYLINDRICAL_SURFACE('',#6217,0.510007620015);
#308=CYLINDRICAL_SURFACE('',#6218,0.510007620015);
#309=CYLINDRICAL_SURFACE('',#6219,0.510007620015);
#310=CYLINDRICAL_SURFACE('',#6220,0.510007620015);
#311=CYLINDRICAL_SURFACE('',#6221,0.510007620015);
#312=CYLINDRICAL_SURFACE('',#6222,0.510007620015);
#313=CYLINDRICAL_SURFACE('',#6223,0.510007620015);
#314=CYLINDRICAL_SURFACE('',#6224,0.510007620015);
#315=CYLINDRICAL_SURFACE('',#6225,0.510007620015);
#316=CYLINDRICAL_SURFACE('',#6226,0.510007620015);
#317=CYLINDRICAL_SURFACE('',#6227,0.510007620015);
#318=CYLINDRICAL_SURFACE('',#6228,0.510007620015);
#319=CYLINDRICAL_SURFACE('',#6229,0.510007620015);
#320=CYLINDRICAL_SURFACE('',#6230,0.510007620015);
#321=CYLINDRICAL_SURFACE('',#6231,0.510007620015);
#322=CYLINDRICAL_SURFACE('',#6232,0.510007620015);
#323=CYLINDRICAL_SURFACE('',#6233,0.510007620015);
#324=CYLINDRICAL_SURFACE('',#6234,0.510007620015);
#325=CYLINDRICAL_SURFACE('',#6235,0.510007620015);
#326=CYLINDRICAL_SURFACE('',#6236,0.510007620015);
#327=CYLINDRICAL_SURFACE('',#6237,0.510007620015);
#328=CYLINDRICAL_SURFACE('',#6238,0.510007620015);
#329=CYLINDRICAL_SURFACE('',#6239,0.510007620015);
#330=CYLINDRICAL_SURFACE('',#6240,0.550012700025);
#331=CYLINDRICAL_SURFACE('',#6241,0.550012700025);
#332=CYLINDRICAL_SURFACE('',#6242,0.510007620015);
#333=CYLINDRICAL_SURFACE('',#6243,0.510007620015);
#334=CYLINDRICAL_SURFACE('',#6244,0.510007620015);
#335=CYLINDRICAL_SURFACE('',#6245,0.510007620015);
#336=CYLINDRICAL_SURFACE('',#6246,0.510007620015);
#337=CYLINDRICAL_SURFACE('',#6247,0.510007620015);
#338=CYLINDRICAL_SURFACE('',#6248,0.510007620015);
#339=CYLINDRICAL_SURFACE('',#6249,0.510007620015);
#340=CYLINDRICAL_SURFACE('',#6250,0.550012700025);
#341=CYLINDRICAL_SURFACE('',#6251,0.550012700025);
#342=CYLINDRICAL_SURFACE('',#6252,0.510007620015);
#343=CYLINDRICAL_SURFACE('',#6253,0.510007620015);
#344=CYLINDRICAL_SURFACE('',#6254,0.510007620015);
#345=CYLINDRICAL_SURFACE('',#6255,0.510007620015);
#346=CYLINDRICAL_SURFACE('',#6256,0.550012700025);
#347=CYLINDRICAL_SURFACE('',#6257,0.550012700025);
#348=CYLINDRICAL_SURFACE('',#6258,0.550012700025);
#349=CYLINDRICAL_SURFACE('',#6259,0.5);
#350=CYLINDRICAL_SURFACE('',#6260,0.457200914402);
#351=CYLINDRICAL_SURFACE('',#6261,0.457200914402);
#352=CYLINDRICAL_SURFACE('',#6262,0.5);
#353=CYLINDRICAL_SURFACE('',#6263,0.457200914402);
#354=CYLINDRICAL_SURFACE('',#6264,0.457200914402);
#355=CYLINDRICAL_SURFACE('',#6265,1.600203200406);
#356=CYLINDRICAL_SURFACE('',#6266,0.550012700025);
#357=ELLIPSE('',#5674,13.0656296487638,5.);
#358=ELLIPSE('',#5714,7.07106781186548,5.);
#359=ELLIPSE('',#5724,2.82842712474619,2.);
#360=ELLIPSE('',#5780,2.2611615906918,1.);
#361=ELLIPSE('',#5794,2.29128784747792,1.5);
#362=ELLIPSE('',#5795,3.46410161513776,3.);
#363=ELLIPSE('',#5798,2.29128784747793,1.5);
#364=ELLIPSE('',#5799,3.46410161513776,3.);
#365=ELLIPSE('',#5801,3.46410161513775,3.);
#366=ELLIPSE('',#5802,3.46410161513775,3.);
#367=ELLIPSE('',#5804,2.29128784747792,1.5);
#368=ELLIPSE('',#5807,2.29128784747792,1.5);
#369=ELLIPSE('',#5836,20.2964004328191,1.);
#370=FACE_BOUND('',#1637,.T.);
#371=FACE_BOUND('',#1638,.T.);
#372=FACE_BOUND('',#1639,.T.);
#373=FACE_BOUND('',#1693,.T.);
#374=FACE_BOUND('',#1708,.T.);
#375=FACE_BOUND('',#1721,.T.);
#376=FACE_BOUND('',#1769,.T.);
#377=FACE_BOUND('',#1777,.T.);
#378=FACE_BOUND('',#1778,.T.);
#379=FACE_BOUND('',#1779,.T.);
#380=FACE_BOUND('',#1780,.T.);
#381=FACE_BOUND('',#1781,.T.);
#382=FACE_BOUND('',#1782,.T.);
#383=FACE_BOUND('',#1783,.T.);
#384=FACE_BOUND('',#1784,.T.);
#385=FACE_BOUND('',#1785,.T.);
#386=FACE_BOUND('',#1786,.T.);
#387=FACE_BOUND('',#1787,.T.);
#388=FACE_BOUND('',#1788,.T.);
#389=FACE_BOUND('',#1789,.T.);
#390=FACE_BOUND('',#1790,.T.);
#391=FACE_BOUND('',#1791,.T.);
#392=FACE_BOUND('',#1792,.T.);
#393=FACE_BOUND('',#1793,.T.);
#394=FACE_BOUND('',#1794,.T.);
#395=FACE_BOUND('',#1795,.T.);
#396=FACE_BOUND('',#1796,.T.);
#397=FACE_BOUND('',#1797,.T.);
#398=FACE_BOUND('',#1798,.T.);
#399=FACE_BOUND('',#1799,.T.);
#400=FACE_BOUND('',#1800,.T.);
#401=FACE_BOUND('',#1801,.T.);
#402=FACE_BOUND('',#1802,.T.);
#403=FACE_BOUND('',#1803,.T.);
#404=FACE_BOUND('',#1804,.T.);
#405=FACE_BOUND('',#1805,.T.);
#406=FACE_BOUND('',#1806,.T.);
#407=FACE_BOUND('',#1807,.T.);
#408=FACE_BOUND('',#1808,.T.);
#409=FACE_BOUND('',#1809,.T.);
#410=FACE_BOUND('',#1810,.T.);
#411=FACE_BOUND('',#1811,.T.);
#412=FACE_BOUND('',#1812,.T.);
#413=FACE_BOUND('',#1813,.T.);
#414=FACE_BOUND('',#1814,.T.);
#415=FACE_BOUND('',#1815,.T.);
#416=FACE_BOUND('',#1816,.T.);
#417=FACE_BOUND('',#1817,.T.);
#418=FACE_BOUND('',#1818,.T.);
#419=FACE_BOUND('',#1819,.T.);
#420=FACE_BOUND('',#1820,.T.);
#421=FACE_BOUND('',#1821,.T.);
#422=FACE_BOUND('',#1822,.T.);
#423=FACE_BOUND('',#1823,.T.);
#424=FACE_BOUND('',#1824,.T.);
#425=FACE_BOUND('',#1825,.T.);
#426=FACE_BOUND('',#1826,.T.);
#427=FACE_BOUND('',#1827,.T.);
#428=FACE_BOUND('',#1828,.T.);
#429=FACE_BOUND('',#1829,.T.);
#430=FACE_BOUND('',#1830,.T.);
#431=FACE_BOUND('',#1831,.T.);
#432=FACE_BOUND('',#1832,.T.);
#433=FACE_BOUND('',#1833,.T.);
#434=FACE_BOUND('',#1834,.T.);
#435=FACE_BOUND('',#1835,.T.);
#436=FACE_BOUND('',#1836,.T.);
#437=FACE_BOUND('',#1837,.T.);
#438=FACE_BOUND('',#1838,.T.);
#439=FACE_BOUND('',#1839,.T.);
#440=FACE_BOUND('',#1840,.T.);
#441=FACE_BOUND('',#1841,.T.);
#442=FACE_BOUND('',#1842,.T.);
#443=FACE_BOUND('',#1843,.T.);
#444=FACE_BOUND('',#1844,.T.);
#445=FACE_BOUND('',#1845,.T.);
#446=FACE_BOUND('',#1846,.T.);
#447=FACE_BOUND('',#1847,.T.);
#448=FACE_BOUND('',#1848,.T.);
#449=FACE_BOUND('',#1849,.T.);
#450=FACE_BOUND('',#1850,.T.);
#451=FACE_BOUND('',#1851,.T.);
#452=FACE_BOUND('',#1852,.T.);
#453=FACE_BOUND('',#1853,.T.);
#454=FACE_BOUND('',#1854,.T.);
#455=FACE_BOUND('',#1855,.T.);
#456=FACE_BOUND('',#1856,.T.);
#457=FACE_BOUND('',#1857,.T.);
#458=FACE_BOUND('',#1858,.T.);
#459=FACE_BOUND('',#1859,.T.);
#460=FACE_BOUND('',#1860,.T.);
#461=FACE_BOUND('',#1861,.T.);
#462=FACE_BOUND('',#1862,.T.);
#463=FACE_BOUND('',#1863,.T.);
#464=FACE_BOUND('',#1864,.T.);
#465=FACE_BOUND('',#1865,.T.);
#466=FACE_BOUND('',#1866,.T.);
#467=FACE_BOUND('',#1867,.T.);
#468=FACE_BOUND('',#1868,.T.);
#469=FACE_BOUND('',#1869,.T.);
#470=FACE_BOUND('',#1870,.T.);
#471=FACE_BOUND('',#1871,.T.);
#472=FACE_BOUND('',#1872,.T.);
#473=FACE_BOUND('',#1873,.T.);
#474=FACE_BOUND('',#1874,.T.);
#475=FACE_BOUND('',#1875,.T.);
#476=FACE_BOUND('',#1876,.T.);
#477=FACE_BOUND('',#1877,.T.);
#478=FACE_BOUND('',#1878,.T.);
#479=FACE_BOUND('',#1879,.T.);
#480=FACE_BOUND('',#1880,.T.);
#481=FACE_BOUND('',#1881,.T.);
#482=FACE_BOUND('',#1882,.T.);
#483=FACE_BOUND('',#1883,.T.);
#484=FACE_BOUND('',#1884,.T.);
#485=FACE_BOUND('',#1885,.T.);
#486=FACE_BOUND('',#1886,.T.);
#487=FACE_BOUND('',#1887,.T.);
#488=FACE_BOUND('',#1888,.T.);
#489=FACE_BOUND('',#1889,.T.);
#490=FACE_BOUND('',#1890,.T.);
#491=FACE_BOUND('',#1891,.T.);
#492=FACE_BOUND('',#1892,.T.);
#493=FACE_BOUND('',#1893,.T.);
#494=FACE_BOUND('',#1894,.T.);
#495=FACE_BOUND('',#1895,.T.);
#496=FACE_BOUND('',#1896,.T.);
#497=FACE_BOUND('',#1898,.T.);
#498=FACE_BOUND('',#1899,.T.);
#499=FACE_BOUND('',#1900,.T.);
#500=FACE_BOUND('',#1901,.T.);
#501=FACE_BOUND('',#1902,.T.);
#502=FACE_BOUND('',#1903,.T.);
#503=FACE_BOUND('',#1904,.T.);
#504=FACE_BOUND('',#1905,.T.);
#505=FACE_BOUND('',#1906,.T.);
#506=FACE_BOUND('',#1907,.T.);
#507=FACE_BOUND('',#1908,.T.);
#508=FACE_BOUND('',#1909,.T.);
#509=FACE_BOUND('',#1910,.T.);
#510=FACE_BOUND('',#1911,.T.);
#511=FACE_BOUND('',#1912,.T.);
#512=FACE_BOUND('',#1913,.T.);
#513=FACE_BOUND('',#1914,.T.);
#514=FACE_BOUND('',#1915,.T.);
#515=FACE_BOUND('',#1916,.T.);
#516=FACE_BOUND('',#1917,.T.);
#517=FACE_BOUND('',#1918,.T.);
#518=FACE_BOUND('',#1919,.T.);
#519=FACE_BOUND('',#1920,.T.);
#520=FACE_BOUND('',#1921,.T.);
#521=FACE_BOUND('',#1922,.T.);
#522=FACE_BOUND('',#1923,.T.);
#523=FACE_BOUND('',#1924,.T.);
#524=FACE_BOUND('',#1925,.T.);
#525=FACE_BOUND('',#1926,.T.);
#526=FACE_BOUND('',#1927,.T.);
#527=FACE_BOUND('',#1928,.T.);
#528=FACE_BOUND('',#1929,.T.);
#529=FACE_BOUND('',#1930,.T.);
#530=FACE_BOUND('',#1931,.T.);
#531=FACE_BOUND('',#1932,.T.);
#532=FACE_BOUND('',#1933,.T.);
#533=FACE_BOUND('',#1934,.T.);
#534=FACE_BOUND('',#1935,.T.);
#535=FACE_BOUND('',#1936,.T.);
#536=FACE_BOUND('',#1937,.T.);
#537=FACE_BOUND('',#1938,.T.);
#538=FACE_BOUND('',#1939,.T.);
#539=FACE_BOUND('',#1940,.T.);
#540=FACE_BOUND('',#1941,.T.);
#541=FACE_BOUND('',#1942,.T.);
#542=FACE_BOUND('',#1943,.T.);
#543=FACE_BOUND('',#1944,.T.);
#544=FACE_BOUND('',#1945,.T.);
#545=FACE_BOUND('',#1946,.T.);
#546=FACE_BOUND('',#1947,.T.);
#547=FACE_BOUND('',#1948,.T.);
#548=FACE_BOUND('',#1949,.T.);
#549=FACE_BOUND('',#1950,.T.);
#550=FACE_BOUND('',#1951,.T.);
#551=FACE_BOUND('',#1952,.T.);
#552=FACE_BOUND('',#1953,.T.);
#553=FACE_BOUND('',#1954,.T.);
#554=FACE_BOUND('',#1955,.T.);
#555=FACE_BOUND('',#1956,.T.);
#556=FACE_BOUND('',#1957,.T.);
#557=FACE_BOUND('',#1958,.T.);
#558=FACE_BOUND('',#1959,.T.);
#559=FACE_BOUND('',#1960,.T.);
#560=FACE_BOUND('',#1961,.T.);
#561=FACE_BOUND('',#1962,.T.);
#562=FACE_BOUND('',#1963,.T.);
#563=FACE_BOUND('',#1964,.T.);
#564=FACE_BOUND('',#1965,.T.);
#565=FACE_BOUND('',#1966,.T.);
#566=FACE_BOUND('',#1967,.T.);
#567=FACE_BOUND('',#1968,.T.);
#568=FACE_BOUND('',#1969,.T.);
#569=FACE_BOUND('',#1970,.T.);
#570=FACE_BOUND('',#1971,.T.);
#571=FACE_BOUND('',#1972,.T.);
#572=FACE_BOUND('',#1973,.T.);
#573=FACE_BOUND('',#1974,.T.);
#574=FACE_BOUND('',#1975,.T.);
#575=FACE_BOUND('',#1976,.T.);
#576=FACE_BOUND('',#1977,.T.);
#577=FACE_BOUND('',#1978,.T.);
#578=FACE_BOUND('',#1979,.T.);
#579=FACE_BOUND('',#1980,.T.);
#580=FACE_BOUND('',#1981,.T.);
#581=FACE_BOUND('',#1982,.T.);
#582=FACE_BOUND('',#1983,.T.);
#583=FACE_BOUND('',#1984,.T.);
#584=FACE_BOUND('',#1985,.T.);
#585=FACE_BOUND('',#1986,.T.);
#586=FACE_BOUND('',#1987,.T.);
#587=FACE_BOUND('',#1988,.T.);
#588=FACE_BOUND('',#1989,.T.);
#589=FACE_BOUND('',#1990,.T.);
#590=FACE_BOUND('',#1991,.T.);
#591=FACE_BOUND('',#1992,.T.);
#592=FACE_BOUND('',#1993,.T.);
#593=FACE_BOUND('',#1994,.T.);
#594=FACE_BOUND('',#1995,.T.);
#595=FACE_BOUND('',#1996,.T.);
#596=FACE_BOUND('',#1997,.T.);
#597=FACE_BOUND('',#1998,.T.);
#598=FACE_BOUND('',#1999,.T.);
#599=FACE_BOUND('',#2000,.T.);
#600=FACE_BOUND('',#2001,.T.);
#601=FACE_BOUND('',#2002,.T.);
#602=FACE_BOUND('',#2003,.T.);
#603=FACE_BOUND('',#2004,.T.);
#604=FACE_BOUND('',#2005,.T.);
#605=FACE_BOUND('',#2006,.T.);
#606=FACE_BOUND('',#2007,.T.);
#607=FACE_BOUND('',#2008,.T.);
#608=FACE_BOUND('',#2009,.T.);
#609=FACE_BOUND('',#2010,.T.);
#610=FACE_BOUND('',#2011,.T.);
#611=FACE_BOUND('',#2012,.T.);
#612=FACE_BOUND('',#2013,.T.);
#613=FACE_BOUND('',#2014,.T.);
#614=FACE_BOUND('',#2015,.T.);
#615=FACE_BOUND('',#2016,.T.);
#616=FACE_BOUND('',#2017,.T.);
#617=LINE('',#7889,#955);
#618=LINE('',#7902,#956);
#619=LINE('',#7918,#957);
#620=LINE('',#7931,#958);
#621=LINE('',#7932,#959);
#622=LINE('',#7939,#960);
#623=LINE('',#7943,#961);
#624=LINE('',#7947,#962);
#625=LINE('',#7949,#963);
#626=LINE('',#7951,#964);
#627=LINE('',#7955,#965);
#628=LINE('',#7968,#966);
#629=LINE('',#7972,#967);
#630=LINE('',#7998,#968);
#631=LINE('',#8003,#969);
#632=LINE('',#8011,#970);
#633=LINE('',#8012,#971);
#634=LINE('',#8013,#972);
#635=LINE('',#8017,#973);
#636=LINE('',#8023,#974);
#637=LINE('',#8024,#975);
#638=LINE('',#8025,#976);
#639=LINE('',#8029,#977);
#640=LINE('',#8036,#978);
#641=LINE('',#8037,#979);
#642=LINE('',#8040,#980);
#643=LINE('',#8055,#981);
#644=LINE('',#8058,#982);
#645=LINE('',#8061,#983);
#646=LINE('',#8062,#984);
#647=LINE('',#8065,#985);
#648=LINE('',#8069,#986);
#649=LINE('',#8084,#987);
#650=LINE('',#8086,#988);
#651=LINE('',#8092,#989);
#652=LINE('',#8094,#990);
#653=LINE('',#8096,#991);
#654=LINE('',#8098,#992);
#655=LINE('',#8100,#993);
#656=LINE('',#8101,#994);
#657=LINE('',#8104,#995);
#658=LINE('',#8115,#996);
#659=LINE('',#8119,#997);
#660=LINE('',#8130,#998);
#661=LINE('',#8151,#999);
#662=LINE('',#8167,#1000);
#663=LINE('',#8193,#1001);
#664=LINE('',#8198,#1002);
#665=LINE('',#8201,#1003);
#666=LINE('',#8225,#1004);
#667=LINE('',#8226,#1005);
#668=LINE('',#8229,#1006);
#669=LINE('',#8231,#1007);
#670=LINE('',#8233,#1008);
#671=LINE('',#8234,#1009);
#672=LINE('',#8237,#1010);
#673=LINE('',#8238,#1011);
#674=LINE('',#8241,#1012);
#675=LINE('',#8242,#1013);
#676=LINE('',#8277,#1014);
#677=LINE('',#8323,#1015);
#678=LINE('',#8335,#1016);
#679=LINE('',#8372,#1017);
#680=LINE('',#8374,#1018);
#681=LINE('',#8376,#1019);
#682=LINE('',#8377,#1020);
#683=LINE('',#8440,#1021);
#684=LINE('',#8452,#1022);
#685=LINE('',#8535,#1023);
#686=LINE('',#8581,#1024);
#687=LINE('',#8583,#1025);
#688=LINE('',#8584,#1026);
#689=LINE('',#8614,#1027);
#690=LINE('',#8617,#1028);
#691=LINE('',#8620,#1029);
#692=LINE('',#8622,#1030);
#693=LINE('',#8624,#1031);
#694=LINE('',#8626,#1032);
#695=LINE('',#8628,#1033);
#696=LINE('',#8630,#1034);
#697=LINE('',#8639,#1035);
#698=LINE('',#8642,#1036);
#699=LINE('',#8645,#1037);
#700=LINE('',#8648,#1038);
#701=LINE('',#8650,#1039);
#702=LINE('',#8652,#1040);
#703=LINE('',#8658,#1041);
#704=LINE('',#8675,#1042);
#705=LINE('',#8688,#1043);
#706=LINE('',#8693,#1044);
#707=LINE('',#8696,#1045);
#708=LINE('',#8720,#1046);
#709=LINE('',#8722,#1047);
#710=LINE('',#8723,#1048);
#711=LINE('',#8726,#1049);
#712=LINE('',#8731,#1050);
#713=LINE('',#8735,#1051);
#714=LINE('',#8743,#1052);
#715=LINE('',#8746,#1053);
#716=LINE('',#8748,#1054);
#717=LINE('',#8750,#1055);
#718=LINE('',#8756,#1056);
#719=LINE('',#8757,#1057);
#720=LINE('',#8760,#1058);
#721=LINE('',#8764,#1059);
#722=LINE('',#8765,#1060);
#723=LINE('',#8768,#1061);
#724=LINE('',#8772,#1062);
#725=LINE('',#8775,#1063);
#726=LINE('',#8779,#1064);
#727=LINE('',#8782,#1065);
#728=LINE('',#8785,#1066);
#729=LINE('',#8787,#1067);
#730=LINE('',#8790,#1068);
#731=LINE('',#8795,#1069);
#732=LINE('',#8799,#1070);
#733=LINE('',#8803,#1071);
#734=LINE('',#8807,#1072);
#735=LINE('',#8809,#1073);
#736=LINE('',#8811,#1074);
#737=LINE('',#8813,#1075);
#738=LINE('',#8815,#1076);
#739=LINE('',#8820,#1077);
#740=LINE('',#8822,#1078);
#741=LINE('',#8825,#1079);
#742=LINE('',#8827,#1080);
#743=LINE('',#8830,#1081);
#744=LINE('',#8834,#1082);
#745=LINE('',#8885,#1083);
#746=LINE('',#8887,#1084);
#747=LINE('',#8888,#1085);
#748=LINE('',#8934,#1086);
#749=LINE('',#8935,#1087);
#750=LINE('',#8993,#1088);
#751=LINE('',#8996,#1089);
#752=LINE('',#9039,#1090);
#753=LINE('',#9099,#1091);
#754=LINE('',#9102,#1092);
#755=LINE('',#9105,#1093);
#756=LINE('',#9106,#1094);
#757=LINE('',#9130,#1095);
#758=LINE('',#9131,#1096);
#759=LINE('',#9134,#1097);
#760=LINE('',#9136,#1098);
#761=LINE('',#9138,#1099);
#762=LINE('',#9140,#1100);
#763=LINE('',#9141,#1101);
#764=LINE('',#9143,#1102);
#765=LINE('',#9146,#1103);
#766=LINE('',#9147,#1104);
#767=LINE('',#9153,#1105);
#768=LINE('',#9155,#1106);
#769=LINE('',#9166,#1107);
#770=LINE('',#9168,#1108);
#771=LINE('',#9170,#1109);
#772=LINE('',#9171,#1110);
#773=LINE('',#9175,#1111);
#774=LINE('',#9177,#1112);
#775=LINE('',#9179,#1113);
#776=LINE('',#9184,#1114);
#777=LINE('',#9186,#1115);
#778=LINE('',#9187,#1116);
#779=LINE('',#9190,#1117);
#780=LINE('',#9192,#1118);
#781=LINE('',#9193,#1119);
#782=LINE('',#9195,#1120);
#783=LINE('',#9196,#1121);
#784=LINE('',#9199,#1122);
#785=LINE('',#9200,#1123);
#786=LINE('',#9203,#1124);
#787=LINE('',#9204,#1125);
#788=LINE('',#9207,#1126);
#789=LINE('',#9208,#1127);
#790=LINE('',#9210,#1128);
#791=LINE('',#9214,#1129);
#792=LINE('',#9227,#1130);
#793=LINE('',#9232,#1131);
#794=LINE('',#9233,#1132);
#795=LINE('',#9236,#1133);
#796=LINE('',#9247,#1134);
#797=LINE('',#9255,#1135);
#798=LINE('',#9259,#1136);
#799=LINE('',#9264,#1137);
#800=LINE('',#9265,#1138);
#801=LINE('',#9266,#1139);
#802=LINE('',#9269,#1140);
#803=LINE('',#9271,#1141);
#804=LINE('',#9272,#1142);
#805=LINE('',#9277,#1143);
#806=LINE('',#9281,#1144);
#807=LINE('',#9283,#1145);
#808=LINE('',#9287,#1146);
#809=LINE('',#9295,#1147);
#810=LINE('',#9298,#1148);
#811=LINE('',#9303,#1149);
#812=LINE('',#9306,#1150);
#813=LINE('',#9549,#1151);
#814=LINE('',#9553,#1152);
#815=LINE('',#9555,#1153);
#816=LINE('',#9559,#1154);
#817=LINE('',#9565,#1155);
#818=LINE('',#9568,#1156);
#819=LINE('',#9573,#1157);
#820=LINE('',#9576,#1158);
#821=LINE('',#9814,#1159);
#822=LINE('',#9816,#1160);
#823=LINE('',#9818,#1161);
#824=LINE('',#9820,#1162);
#825=LINE('',#9822,#1163);
#826=LINE('',#9824,#1164);
#827=LINE('',#9826,#1165);
#828=LINE('',#9828,#1166);
#829=LINE('',#9831,#1167);
#830=LINE('',#9832,#1168);
#831=LINE('',#9834,#1169);
#832=LINE('',#9836,#1170);
#833=LINE('',#9839,#1171);
#834=LINE('',#9840,#1172);
#835=LINE('',#9842,#1173);
#836=LINE('',#9844,#1174);
#837=LINE('',#9847,#1175);
#838=LINE('',#9849,#1176);
#839=LINE('',#9851,#1177);
#840=LINE('',#9853,#1178);
#841=LINE('',#9855,#1179);
#842=LINE('',#9857,#1180);
#843=LINE('',#9859,#1181);
#844=LINE('',#9861,#1182);
#845=LINE('',#9863,#1183);
#846=LINE('',#9865,#1184);
#847=LINE('',#9867,#1185);
#848=LINE('',#9869,#1186);
#849=LINE('',#9871,#1187);
#850=LINE('',#9873,#1188);
#851=LINE('',#9875,#1189);
#852=LINE('',#9877,#1190);
#853=LINE('',#9879,#1191);
#854=LINE('',#9881,#1192);
#855=LINE('',#9883,#1193);
#856=LINE('',#9885,#1194);
#857=LINE('',#9887,#1195);
#858=LINE('',#9889,#1196);
#859=LINE('',#9891,#1197);
#860=LINE('',#9893,#1198);
#861=LINE('',#9895,#1199);
#862=LINE('',#9897,#1200);
#863=LINE('',#9899,#1201);
#864=LINE('',#9901,#1202);
#865=LINE('',#9903,#1203);
#866=LINE('',#9905,#1204);
#867=LINE('',#9907,#1205);
#868=LINE('',#9909,#1206);
#869=LINE('',#9911,#1207);
#870=LINE('',#9913,#1208);
#871=LINE('',#9915,#1209);
#872=LINE('',#9917,#1210);
#873=LINE('',#9919,#1211);
#874=LINE('',#9921,#1212);
#875=LINE('',#9923,#1213);
#876=LINE('',#9925,#1214);
#877=LINE('',#9927,#1215);
#878=LINE('',#9929,#1216);
#879=LINE('',#9931,#1217);
#880=LINE('',#9933,#1218);
#881=LINE('',#9935,#1219);
#882=LINE('',#9937,#1220);
#883=LINE('',#9939,#1221);
#884=LINE('',#9941,#1222);
#885=LINE('',#9943,#1223);
#886=LINE('',#9945,#1224);
#887=LINE('',#9947,#1225);
#888=LINE('',#9949,#1226);
#889=LINE('',#9951,#1227);
#890=LINE('',#9953,#1228);
#891=LINE('',#9955,#1229);
#892=LINE('',#9957,#1230);
#893=LINE('',#9959,#1231);
#894=LINE('',#9961,#1232);
#895=LINE('',#9963,#1233);
#896=LINE('',#9965,#1234);
#897=LINE('',#9967,#1235);
#898=LINE('',#9969,#1236);
#899=LINE('',#9971,#1237);
#900=LINE('',#9973,#1238);
#901=LINE('',#9975,#1239);
#902=LINE('',#9977,#1240);
#903=LINE('',#9979,#1241);
#904=LINE('',#9981,#1242);
#905=LINE('',#9983,#1243);
#906=LINE('',#9985,#1244);
#907=LINE('',#9987,#1245);
#908=LINE('',#9989,#1246);
#909=LINE('',#9991,#1247);
#910=LINE('',#9993,#1248);
#911=LINE('',#9995,#1249);
#912=LINE('',#9997,#1250);
#913=LINE('',#9999,#1251);
#914=LINE('',#10001,#1252);
#915=LINE('',#10003,#1253);
#916=LINE('',#10005,#1254);
#917=LINE('',#10007,#1255);
#918=LINE('',#10009,#1256);
#919=LINE('',#10011,#1257);
#920=LINE('',#10013,#1258);
#921=LINE('',#10015,#1259);
#922=LINE('',#10017,#1260);
#923=LINE('',#10019,#1261);
#924=LINE('',#10021,#1262);
#925=LINE('',#10023,#1263);
#926=LINE('',#10025,#1264);
#927=LINE('',#10027,#1265);
#928=LINE('',#10029,#1266);
#929=LINE('',#10031,#1267);
#930=LINE('',#10033,#1268);
#931=LINE('',#10035,#1269);
#932=LINE('',#10037,#1270);
#933=LINE('',#10039,#1271);
#934=LINE('',#10041,#1272);
#935=LINE('',#10043,#1273);
#936=LINE('',#10045,#1274);
#937=LINE('',#10047,#1275);
#938=LINE('',#10049,#1276);
#939=LINE('',#10051,#1277);
#940=LINE('',#10053,#1278);
#941=LINE('',#10055,#1279);
#942=LINE('',#10057,#1280);
#943=LINE('',#10059,#1281);
#944=LINE('',#10061,#1282);
#945=LINE('',#10063,#1283);
#946=LINE('',#10065,#1284);
#947=LINE('',#10067,#1285);
#948=LINE('',#10069,#1286);
#949=LINE('',#10071,#1287);
#950=LINE('',#10073,#1288);
#951=LINE('',#10075,#1289);
#952=LINE('',#10077,#1290);
#953=LINE('',#10079,#1291);
#954=LINE('',#10081,#1292);
#955=VECTOR('',#6282,10.);
#956=VECTOR('',#6283,10.);
#957=VECTOR('',#6284,10.);
#958=VECTOR('',#6285,10.);
#959=VECTOR('',#6286,10.);
#960=VECTOR('',#6293,10.);
#961=VECTOR('',#6296,10.);
#962=VECTOR('',#6299,10.);
#963=VECTOR('',#6300,10.);
#964=VECTOR('',#6301,10.);
#965=VECTOR('',#6304,10.);
#966=VECTOR('',#6305,10.);
#967=VECTOR('',#6308,10.);
#968=VECTOR('',#6319,10.);
#969=VECTOR('',#6324,10.);
#970=VECTOR('',#6333,10.);
#971=VECTOR('',#6334,10.);
#972=VECTOR('',#6335,10.);
#973=VECTOR('',#6338,10.);
#974=VECTOR('',#6345,10.);
#975=VECTOR('',#6346,10.);
#976=VECTOR('',#6347,10.);
#977=VECTOR('',#6350,10.);
#978=VECTOR('',#6359,10.);
#979=VECTOR('',#6360,10.);
#980=VECTOR('',#6363,10.);
#981=VECTOR('',#6366,10.);
#982=VECTOR('',#6369,10.);
#983=VECTOR('',#6372,10.);
#984=VECTOR('',#6373,10.);
#985=VECTOR('',#6376,10.);
#986=VECTOR('',#6379,10.);
#987=VECTOR('',#6384,8.5);
#988=VECTOR('',#6385,10.);
#989=VECTOR('',#6386,10.);
#990=VECTOR('',#6387,10.);
#991=VECTOR('',#6388,10.);
#992=VECTOR('',#6389,10.);
#993=VECTOR('',#6390,10.);
#994=VECTOR('',#6391,5.);
#995=VECTOR('',#6394,10.);
#996=VECTOR('',#6397,10.);
#997=VECTOR('',#6402,10.);
#998=VECTOR('',#6405,10.);
#999=VECTOR('',#6408,10.);
#1000=VECTOR('',#6411,10.);
#1001=VECTOR('',#6422,10.);
#1002=VECTOR('',#6427,5.);
#1003=VECTOR('',#6430,10.);
#1004=VECTOR('',#6437,10.);
#1005=VECTOR('',#6438,10.);
#1006=VECTOR('',#6441,10.);
#1007=VECTOR('',#6442,10.);
#1008=VECTOR('',#6443,10.);
#1009=VECTOR('',#6444,10.);
#1010=VECTOR('',#6447,10.);
#1011=VECTOR('',#6448,10.);
#1012=VECTOR('',#6451,10.);
#1013=VECTOR('',#6452,10.);
#1014=VECTOR('',#6453,10.);
#1015=VECTOR('',#6454,10.);
#1016=VECTOR('',#6455,10.);
#1017=VECTOR('',#6458,10.);
#1018=VECTOR('',#6459,10.);
#1019=VECTOR('',#6460,10.);
#1020=VECTOR('',#6461,10.);
#1021=VECTOR('',#6462,10.);
#1022=VECTOR('',#6463,10.);
#1023=VECTOR('',#6464,10.);
#1024=VECTOR('',#6467,10.);
#1025=VECTOR('',#6468,10.);
#1026=VECTOR('',#6469,10.);
#1027=VECTOR('',#6482,10.);
#1028=VECTOR('',#6485,10.);
#1029=VECTOR('',#6490,10.);
#1030=VECTOR('',#6493,10.);
#1031=VECTOR('',#6496,10.);
#1032=VECTOR('',#6499,10.);
#1033=VECTOR('',#6502,10.);
#1034=VECTOR('',#6505,10.);
#1035=VECTOR('',#6516,10.);
#1036=VECTOR('',#6519,10.);
#1037=VECTOR('',#6522,10.);
#1038=VECTOR('',#6525,10.);
#1039=VECTOR('',#6528,10.);
#1040=VECTOR('',#6529,10.);
#1041=VECTOR('',#6530,10.);
#1042=VECTOR('',#6535,10.);
#1043=VECTOR('',#6538,10.);
#1044=VECTOR('',#6543,10.);
#1045=VECTOR('',#6546,10.);
#1046=VECTOR('',#6551,10.);
#1047=VECTOR('',#6552,10.);
#1048=VECTOR('',#6553,10.);
#1049=VECTOR('',#6556,10.);
#1050=VECTOR('',#6561,10.);
#1051=VECTOR('',#6564,10.);
#1052=VECTOR('',#6571,10.);
#1053=VECTOR('',#6574,10.);
#1054=VECTOR('',#6575,10.);
#1055=VECTOR('',#6578,10.);
#1056=VECTOR('',#6585,10.);
#1057=VECTOR('',#6586,10.);
#1058=VECTOR('',#6589,10.);
#1059=VECTOR('',#6594,10.);
#1060=VECTOR('',#6595,10.);
#1061=VECTOR('',#6598,10.);
#1062=VECTOR('',#6603,10.);
#1063=VECTOR('',#6608,1.600203200406);
#1064=VECTOR('',#6613,10.);
#1065=VECTOR('',#6616,10.);
#1066=VECTOR('',#6619,10.);
#1067=VECTOR('',#6622,10.);
#1068=VECTOR('',#6627,10.);
#1069=VECTOR('',#6634,10.);
#1070=VECTOR('',#6639,10.);
#1071=VECTOR('',#6642,10.);
#1072=VECTOR('',#6647,10.);
#1073=VECTOR('',#6648,10.);
#1074=VECTOR('',#6649,10.);
#1075=VECTOR('',#6650,10.);
#1076=VECTOR('',#6651,10.);
#1077=VECTOR('',#6658,10.);
#1078=VECTOR('',#6661,10.);
#1079=VECTOR('',#6666,10.);
#1080=VECTOR('',#6669,10.);
#1081=VECTOR('',#6672,10.);
#1082=VECTOR('',#6675,10.);
#1083=VECTOR('',#6700,10.);
#1084=VECTOR('',#6701,10.);
#1085=VECTOR('',#6702,10.);
#1086=VECTOR('',#6713,10.);
#1087=VECTOR('',#6714,10.);
#1088=VECTOR('',#6723,10.);
#1089=VECTOR('',#6726,10.);
#1090=VECTOR('',#6735,10.);
#1091=VECTOR('',#6740,10.);
#1092=VECTOR('',#6743,10.);
#1093=VECTOR('',#6746,10.);
#1094=VECTOR('',#6747,10.);
#1095=VECTOR('',#6762,10.);
#1096=VECTOR('',#6763,10.);
#1097=VECTOR('',#6766,10.);
#1098=VECTOR('',#6767,10.);
#1099=VECTOR('',#6768,10.);
#1100=VECTOR('',#6769,10.);
#1101=VECTOR('',#6770,10.);
#1102=VECTOR('',#6773,10.);
#1103=VECTOR('',#6776,10.);
#1104=VECTOR('',#6777,10.);
#1105=VECTOR('',#6786,10.);
#1106=VECTOR('',#6789,10.);
#1107=VECTOR('',#6808,10.);
#1108=VECTOR('',#6809,10.);
#1109=VECTOR('',#6810,10.);
#1110=VECTOR('',#6811,10.);
#1111=VECTOR('',#6816,10.);
#1112=VECTOR('',#6819,10.);
#1113=VECTOR('',#6822,10.);
#1114=VECTOR('',#6829,10.);
#1115=VECTOR('',#6830,10.);
#1116=VECTOR('',#6831,10.);
#1117=VECTOR('',#6834,10.);
#1118=VECTOR('',#6835,10.);
#1119=VECTOR('',#6836,10.);
#1120=VECTOR('',#6839,10.);
#1121=VECTOR('',#6840,10.);
#1122=VECTOR('',#6843,10.);
#1123=VECTOR('',#6844,10.);
#1124=VECTOR('',#6847,10.);
#1125=VECTOR('',#6848,10.);
#1126=VECTOR('',#6851,10.);
#1127=VECTOR('',#6852,10.);
#1128=VECTOR('',#6855,10.);
#1129=VECTOR('',#6860,10.);
#1130=VECTOR('',#6867,10.);
#1131=VECTOR('',#6876,10.);
#1132=VECTOR('',#6877,10.);
#1133=VECTOR('',#6882,10.);
#1134=VECTOR('',#6899,1.60020320040599);
#1135=VECTOR('',#6910,1.);
#1136=VECTOR('',#6913,1.);
#1137=VECTOR('',#6918,1.);
#1138=VECTOR('',#6919,1.);
#1139=VECTOR('',#6920,1.);
#1140=VECTOR('',#6923,1.);
#1141=VECTOR('',#6924,1.);
#1142=VECTOR('',#6925,1.);
#1143=VECTOR('',#6930,1.);
#1144=VECTOR('',#6933,1.);
#1145=VECTOR('',#6934,1.);
#1146=VECTOR('',#6937,1.);
#1147=VECTOR('',#6944,1.);
#1148=VECTOR('',#6947,1.);
#1149=VECTOR('',#6950,1.);
#1150=VECTOR('',#6953,1.);
#1151=VECTOR('',#7196,1.);
#1152=VECTOR('',#7199,1.);
#1153=VECTOR('',#7200,1.);
#1154=VECTOR('',#7203,1.);
#1155=VECTOR('',#7208,1.);
#1156=VECTOR('',#7211,1.);
#1157=VECTOR('',#7214,1.);
#1158=VECTOR('',#7217,1.);
#1159=VECTOR('',#7456,1.);
#1160=VECTOR('',#7459,1.);
#1161=VECTOR('',#7462,1.);
#1162=VECTOR('',#7465,1.);
#1163=VECTOR('',#7468,1.);
#1164=VECTOR('',#7471,1.);
#1165=VECTOR('',#7474,1.);
#1166=VECTOR('',#7477,1.);
#1167=VECTOR('',#7482,1.);
#1168=VECTOR('',#7483,1.);
#1169=VECTOR('',#7486,1.);
#1170=VECTOR('',#7489,1.);
#1171=VECTOR('',#7494,1.);
#1172=VECTOR('',#7495,1.);
#1173=VECTOR('',#7498,1.);
#1174=VECTOR('',#7501,1.);
#1175=VECTOR('',#7506,0.550012700025);
#1176=VECTOR('',#7509,0.550012700025);
#1177=VECTOR('',#7512,0.550012700025);
#1178=VECTOR('',#7515,0.550012700025);
#1179=VECTOR('',#7518,0.550012700025);
#1180=VECTOR('',#7521,0.550012700025);
#1181=VECTOR('',#7524,0.550012700025);
#1182=VECTOR('',#7527,0.550012700025);
#1183=VECTOR('',#7530,0.6);
#1184=VECTOR('',#7533,0.6);
#1185=VECTOR('',#7536,0.5);
#1186=VECTOR('',#7539,0.5);
#1187=VECTOR('',#7542,0.5);
#1188=VECTOR('',#7545,0.5);
#1189=VECTOR('',#7548,0.5);
#1190=VECTOR('',#7551,0.5);
#1191=VECTOR('',#7554,0.550012700025);
#1192=VECTOR('',#7557,0.550012700025);
#1193=VECTOR('',#7560,1.600203200406);
#1194=VECTOR('',#7563,0.510007620015);
#1195=VECTOR('',#7566,0.510007620015);
#1196=VECTOR('',#7569,0.510007620015);
#1197=VECTOR('',#7572,0.510007620015);
#1198=VECTOR('',#7575,0.550012700025);
#1199=VECTOR('',#7578,0.550012700025);
#1200=VECTOR('',#7581,0.550012700025);
#1201=VECTOR('',#7584,0.550012700025);
#1202=VECTOR('',#7587,0.550012700025);
#1203=VECTOR('',#7590,0.550012700025);
#1204=VECTOR('',#7593,0.550012700025);
#1205=VECTOR('',#7596,0.550012700025);
#1206=VECTOR('',#7599,0.510007620015);
#1207=VECTOR('',#7602,0.510007620015);
#1208=VECTOR('',#7605,0.510007620015);
#1209=VECTOR('',#7608,0.510007620015);
#1210=VECTOR('',#7611,0.5);
#1211=VECTOR('',#7614,0.424993649987);
#1212=VECTOR('',#7617,0.424993649987);
#1213=VECTOR('',#7620,0.424993649987);
#1214=VECTOR('',#7623,0.5);
#1215=VECTOR('',#7626,0.5);
#1216=VECTOR('',#7629,1.600203200406);
#1217=VECTOR('',#7632,0.750012700025);
#1218=VECTOR('',#7635,0.750012700025);
#1219=VECTOR('',#7638,0.5);
#1220=VECTOR('',#7641,0.750012700025);
#1221=VECTOR('',#7644,0.5);
#1222=VECTOR('',#7647,0.5);
#1223=VECTOR('',#7650,0.750012700025);
#1224=VECTOR('',#7653,0.5);
#1225=VECTOR('',#7656,0.5);
#1226=VECTOR('',#7659,0.510007620015);
#1227=VECTOR('',#7662,0.510007620015);
#1228=VECTOR('',#7665,0.510007620015);
#1229=VECTOR('',#7668,0.510007620015);
#1230=VECTOR('',#7671,0.510007620015);
#1231=VECTOR('',#7674,0.510007620015);
#1232=VECTOR('',#7677,0.510007620015);
#1233=VECTOR('',#7680,0.510007620015);
#1234=VECTOR('',#7683,0.510007620015);
#1235=VECTOR('',#7686,0.510007620015);
#1236=VECTOR('',#7689,0.510007620015);
#1237=VECTOR('',#7692,0.510007620015);
#1238=VECTOR('',#7695,0.510007620015);
#1239=VECTOR('',#7698,0.510007620015);
#1240=VECTOR('',#7701,0.510007620015);
#1241=VECTOR('',#7704,0.510007620015);
#1242=VECTOR('',#7707,0.510007620015);
#1243=VECTOR('',#7710,0.510007620015);
#1244=VECTOR('',#7713,0.510007620015);
#1245=VECTOR('',#7716,0.510007620015);
#1246=VECTOR('',#7719,0.510007620015);
#1247=VECTOR('',#7722,0.510007620015);
#1248=VECTOR('',#7725,0.510007620015);
#1249=VECTOR('',#7728,0.510007620015);
#1250=VECTOR('',#7731,0.510007620015);
#1251=VECTOR('',#7734,0.510007620015);
#1252=VECTOR('',#7737,0.510007620015);
#1253=VECTOR('',#7740,0.510007620015);
#1254=VECTOR('',#7743,0.510007620015);
#1255=VECTOR('',#7746,0.510007620015);
#1256=VECTOR('',#7749,0.510007620015);
#1257=VECTOR('',#7752,0.510007620015);
#1258=VECTOR('',#7755,0.510007620015);
#1259=VECTOR('',#7758,0.510007620015);
#1260=VECTOR('',#7761,0.510007620015);
#1261=VECTOR('',#7764,0.510007620015);
#1262=VECTOR('',#7767,0.510007620015);
#1263=VECTOR('',#7770,0.510007620015);
#1264=VECTOR('',#7773,0.510007620015);
#1265=VECTOR('',#7776,0.510007620015);
#1266=VECTOR('',#7779,0.550012700025);
#1267=VECTOR('',#7782,0.550012700025);
#1268=VECTOR('',#7785,0.510007620015);
#1269=VECTOR('',#7788,0.510007620015);
#1270=VECTOR('',#7791,0.510007620015);
#1271=VECTOR('',#7794,0.510007620015);
#1272=VECTOR('',#7797,0.510007620015);
#1273=VECTOR('',#7800,0.510007620015);
#1274=VECTOR('',#7803,0.510007620015);
#1275=VECTOR('',#7806,0.510007620015);
#1276=VECTOR('',#7809,0.550012700025);
#1277=VECTOR('',#7812,0.550012700025);
#1278=VECTOR('',#7815,0.510007620015);
#1279=VECTOR('',#7818,0.510007620015);
#1280=VECTOR('',#7821,0.510007620015);
#1281=VECTOR('',#7824,0.510007620015);
#1282=VECTOR('',#7827,0.550012700025);
#1283=VECTOR('',#7830,0.550012700025);
#1284=VECTOR('',#7833,0.550012700025);
#1285=VECTOR('',#7836,0.5);
#1286=VECTOR('',#7839,0.457200914402);
#1287=VECTOR('',#7842,0.457200914402);
#1288=VECTOR('',#7845,0.5);
#1289=VECTOR('',#7848,0.457200914402);
#1290=VECTOR('',#7851,0.457200914402);
#1291=VECTOR('',#7854,1.600203200406);
#1292=VECTOR('',#7857,0.550012700025);
#1293=PLANE('',#5647);
#1294=PLANE('',#5648);
#1295=PLANE('',#5665);
#1296=PLANE('',#5669);
#1297=PLANE('',#5673);
#1298=PLANE('',#5678);
#1299=PLANE('',#5682);
#1300=PLANE('',#5700);
#1301=PLANE('',#5701);
#1302=PLANE('',#5702);
#1303=PLANE('',#5703);
#1304=PLANE('',#5704);
#1305=PLANE('',#5705);
#1306=PLANE('',#5713);
#1307=PLANE('',#5716);
#1308=PLANE('',#5718);
#1309=PLANE('',#5728);
#1310=PLANE('',#5730);
#1311=PLANE('',#5732);
#1312=PLANE('',#5736);
#1313=PLANE('',#5739);
#1314=PLANE('',#5748);
#1315=PLANE('',#5751);
#1316=PLANE('',#5761);
#1317=PLANE('',#5762);
#1318=PLANE('',#5763);
#1319=PLANE('',#5767);
#1320=PLANE('',#5774);
#1321=PLANE('',#5775);
#1322=PLANE('',#5778);
#1323=PLANE('',#5779);
#1324=PLANE('',#5791);
#1325=PLANE('',#5800);
#1326=PLANE('',#5810);
#1327=PLANE('',#5818);
#1328=PLANE('',#5819);
#1329=PLANE('',#5820);
#1330=PLANE('',#5826);
#1331=PLANE('',#5834);
#1332=PLANE('',#5835);
#1333=PLANE('',#5838);
#1334=PLANE('',#5841);
#1335=PLANE('',#5842);
#1336=PLANE('',#5843);
#1337=PLANE('',#5844);
#1338=PLANE('',#5845);
#1339=PLANE('',#5846);
#1340=PLANE('',#5847);
#1341=PLANE('',#5852);
#1342=PLANE('',#5855);
#1343=PLANE('',#5856);
#1344=PLANE('',#5857);
#1345=PLANE('',#5858);
#1346=PLANE('',#5859);
#1347=PLANE('',#5860);
#1348=PLANE('',#5864);
#1349=PLANE('',#5867);
#1350=PLANE('',#5874);
#1351=PLANE('',#5875);
#1352=PLANE('',#5876);
#1353=PLANE('',#6004);
#1354=PLANE('',#6135);
#1355=PLANE('',#6136);
#1356=PLANE('',#6139);
#1357=PLANE('',#6140);
#1358=PLANE('',#6142);
#1359=PLANE('',#6144);
#1360=PLANE('',#6146);
#1361=PLANE('',#6148);
#1362=FACE_OUTER_BOUND('',#1634,.T.);
#1363=FACE_OUTER_BOUND('',#1635,.T.);
#1364=FACE_OUTER_BOUND('',#1636,.T.);
#1365=FACE_OUTER_BOUND('',#1640,.T.);
#1366=FACE_OUTER_BOUND('',#1641,.T.);
#1367=FACE_OUTER_BOUND('',#1642,.T.);
#1368=FACE_OUTER_BOUND('',#1643,.T.);
#1369=FACE_OUTER_BOUND('',#1644,.T.);
#1370=FACE_OUTER_BOUND('',#1645,.T.);
#1371=FACE_OUTER_BOUND('',#1646,.T.);
#1372=FACE_OUTER_BOUND('',#1647,.T.);
#1373=FACE_OUTER_BOUND('',#1648,.T.);
#1374=FACE_OUTER_BOUND('',#1649,.T.);
#1375=FACE_OUTER_BOUND('',#1650,.T.);
#1376=FACE_OUTER_BOUND('',#1651,.T.);
#1377=FACE_OUTER_BOUND('',#1652,.T.);
#1378=FACE_OUTER_BOUND('',#1653,.T.);
#1379=FACE_OUTER_BOUND('',#1654,.T.);
#1380=FACE_OUTER_BOUND('',#1655,.T.);
#1381=FACE_OUTER_BOUND('',#1656,.T.);
#1382=FACE_OUTER_BOUND('',#1657,.T.);
#1383=FACE_OUTER_BOUND('',#1658,.T.);
#1384=FACE_OUTER_BOUND('',#1659,.T.);
#1385=FACE_OUTER_BOUND('',#1660,.T.);
#1386=FACE_OUTER_BOUND('',#1661,.T.);
#1387=FACE_OUTER_BOUND('',#1662,.T.);
#1388=FACE_OUTER_BOUND('',#1663,.T.);
#1389=FACE_OUTER_BOUND('',#1664,.T.);
#1390=FACE_OUTER_BOUND('',#1665,.T.);
#1391=FACE_OUTER_BOUND('',#1666,.T.);
#1392=FACE_OUTER_BOUND('',#1667,.T.);
#1393=FACE_OUTER_BOUND('',#1668,.T.);
#1394=FACE_OUTER_BOUND('',#1669,.T.);
#1395=FACE_OUTER_BOUND('',#1670,.T.);
#1396=FACE_OUTER_BOUND('',#1671,.T.);
#1397=FACE_OUTER_BOUND('',#1672,.T.);
#1398=FACE_OUTER_BOUND('',#1673,.T.);
#1399=FACE_OUTER_BOUND('',#1674,.T.);
#1400=FACE_OUTER_BOUND('',#1675,.T.);
#1401=FACE_OUTER_BOUND('',#1676,.T.);
#1402=FACE_OUTER_BOUND('',#1677,.T.);
#1403=FACE_OUTER_BOUND('',#1678,.T.);
#1404=FACE_OUTER_BOUND('',#1679,.T.);
#1405=FACE_OUTER_BOUND('',#1680,.T.);
#1406=FACE_OUTER_BOUND('',#1681,.T.);
#1407=FACE_OUTER_BOUND('',#1682,.T.);
#1408=FACE_OUTER_BOUND('',#1683,.T.);
#1409=FACE_OUTER_BOUND('',#1684,.T.);
#1410=FACE_OUTER_BOUND('',#1685,.T.);
#1411=FACE_OUTER_BOUND('',#1686,.T.);
#1412=FACE_OUTER_BOUND('',#1687,.T.);
#1413=FACE_OUTER_BOUND('',#1688,.T.);
#1414=FACE_OUTER_BOUND('',#1689,.T.);
#1415=FACE_OUTER_BOUND('',#1690,.T.);
#1416=FACE_OUTER_BOUND('',#1691,.T.);
#1417=FACE_OUTER_BOUND('',#1692,.T.);
#1418=FACE_OUTER_BOUND('',#1694,.T.);
#1419=FACE_OUTER_BOUND('',#1695,.T.);
#1420=FACE_OUTER_BOUND('',#1696,.T.);
#1421=FACE_OUTER_BOUND('',#1697,.T.);
#1422=FACE_OUTER_BOUND('',#1698,.T.);
#1423=FACE_OUTER_BOUND('',#1699,.T.);
#1424=FACE_OUTER_BOUND('',#1700,.T.);
#1425=FACE_OUTER_BOUND('',#1701,.T.);
#1426=FACE_OUTER_BOUND('',#1702,.T.);
#1427=FACE_OUTER_BOUND('',#1703,.T.);
#1428=FACE_OUTER_BOUND('',#1704,.T.);
#1429=FACE_OUTER_BOUND('',#1705,.T.);
#1430=FACE_OUTER_BOUND('',#1706,.T.);
#1431=FACE_OUTER_BOUND('',#1707,.T.);
#1432=FACE_OUTER_BOUND('',#1709,.T.);
#1433=FACE_OUTER_BOUND('',#1710,.T.);
#1434=FACE_OUTER_BOUND('',#1711,.T.);
#1435=FACE_OUTER_BOUND('',#1712,.T.);
#1436=FACE_OUTER_BOUND('',#1713,.T.);
#1437=FACE_OUTER_BOUND('',#1714,.T.);
#1438=FACE_OUTER_BOUND('',#1715,.T.);
#1439=FACE_OUTER_BOUND('',#1716,.T.);
#1440=FACE_OUTER_BOUND('',#1717,.T.);
#1441=FACE_OUTER_BOUND('',#1718,.T.);
#1442=FACE_OUTER_BOUND('',#1719,.T.);
#1443=FACE_OUTER_BOUND('',#1720,.T.);
#1444=FACE_OUTER_BOUND('',#1722,.T.);
#1445=FACE_OUTER_BOUND('',#1723,.T.);
#1446=FACE_OUTER_BOUND('',#1724,.T.);
#1447=FACE_OUTER_BOUND('',#1725,.T.);
#1448=FACE_OUTER_BOUND('',#1726,.T.);
#1449=FACE_OUTER_BOUND('',#1727,.T.);
#1450=FACE_OUTER_BOUND('',#1728,.T.);
#1451=FACE_OUTER_BOUND('',#1729,.T.);
#1452=FACE_OUTER_BOUND('',#1730,.T.);
#1453=FACE_OUTER_BOUND('',#1731,.T.);
#1454=FACE_OUTER_BOUND('',#1732,.T.);
#1455=FACE_OUTER_BOUND('',#1733,.T.);
#1456=FACE_OUTER_BOUND('',#1734,.T.);
#1457=FACE_OUTER_BOUND('',#1735,.T.);
#1458=FACE_OUTER_BOUND('',#1736,.T.);
#1459=FACE_OUTER_BOUND('',#1737,.T.);
#1460=FACE_OUTER_BOUND('',#1738,.T.);
#1461=FACE_OUTER_BOUND('',#1739,.T.);
#1462=FACE_OUTER_BOUND('',#1740,.T.);
#1463=FACE_OUTER_BOUND('',#1741,.T.);
#1464=FACE_OUTER_BOUND('',#1742,.T.);
#1465=FACE_OUTER_BOUND('',#1743,.T.);
#1466=FACE_OUTER_BOUND('',#1744,.T.);
#1467=FACE_OUTER_BOUND('',#1745,.T.);
#1468=FACE_OUTER_BOUND('',#1746,.T.);
#1469=FACE_OUTER_BOUND('',#1747,.T.);
#1470=FACE_OUTER_BOUND('',#1748,.T.);
#1471=FACE_OUTER_BOUND('',#1749,.T.);
#1472=FACE_OUTER_BOUND('',#1750,.T.);
#1473=FACE_OUTER_BOUND('',#1751,.T.);
#1474=FACE_OUTER_BOUND('',#1752,.T.);
#1475=FACE_OUTER_BOUND('',#1753,.T.);
#1476=FACE_OUTER_BOUND('',#1754,.T.);
#1477=FACE_OUTER_BOUND('',#1755,.T.);
#1478=FACE_OUTER_BOUND('',#1756,.T.);
#1479=FACE_OUTER_BOUND('',#1757,.T.);
#1480=FACE_OUTER_BOUND('',#1758,.T.);
#1481=FACE_OUTER_BOUND('',#1759,.T.);
#1482=FACE_OUTER_BOUND('',#1760,.T.);
#1483=FACE_OUTER_BOUND('',#1761,.T.);
#1484=FACE_OUTER_BOUND('',#1762,.T.);
#1485=FACE_OUTER_BOUND('',#1763,.T.);
#1486=FACE_OUTER_BOUND('',#1764,.T.);
#1487=FACE_OUTER_BOUND('',#1765,.T.);
#1488=FACE_OUTER_BOUND('',#1766,.T.);
#1489=FACE_OUTER_BOUND('',#1767,.T.);
#1490=FACE_OUTER_BOUND('',#1768,.T.);
#1491=FACE_OUTER_BOUND('',#1770,.T.);
#1492=FACE_OUTER_BOUND('',#1771,.T.);
#1493=FACE_OUTER_BOUND('',#1772,.T.);
#1494=FACE_OUTER_BOUND('',#1773,.T.);
#1495=FACE_OUTER_BOUND('',#1774,.T.);
#1496=FACE_OUTER_BOUND('',#1775,.T.);
#1497=FACE_OUTER_BOUND('',#1776,.T.);
#1498=FACE_OUTER_BOUND('',#1897,.T.);
#1499=FACE_OUTER_BOUND('',#2018,.T.);
#1500=FACE_OUTER_BOUND('',#2019,.T.);
#1501=FACE_OUTER_BOUND('',#2020,.T.);
#1502=FACE_OUTER_BOUND('',#2021,.T.);
#1503=FACE_OUTER_BOUND('',#2022,.T.);
#1504=FACE_OUTER_BOUND('',#2023,.T.);
#1505=FACE_OUTER_BOUND('',#2024,.T.);
#1506=FACE_OUTER_BOUND('',#2025,.T.);
#1507=FACE_OUTER_BOUND('',#2026,.T.);
#1508=FACE_OUTER_BOUND('',#2027,.T.);
#1509=FACE_OUTER_BOUND('',#2028,.T.);
#1510=FACE_OUTER_BOUND('',#2029,.T.);
#1511=FACE_OUTER_BOUND('',#2030,.T.);
#1512=FACE_OUTER_BOUND('',#2031,.T.);
#1513=FACE_OUTER_BOUND('',#2032,.T.);
#1514=FACE_OUTER_BOUND('',#2033,.T.);
#1515=FACE_OUTER_BOUND('',#2034,.T.);
#1516=FACE_OUTER_BOUND('',#2035,.T.);
#1517=FACE_OUTER_BOUND('',#2036,.T.);
#1518=FACE_OUTER_BOUND('',#2037,.T.);
#1519=FACE_OUTER_BOUND('',#2038,.T.);
#1520=FACE_OUTER_BOUND('',#2039,.T.);
#1521=FACE_OUTER_BOUND('',#2040,.T.);
#1522=FACE_OUTER_BOUND('',#2041,.T.);
#1523=FACE_OUTER_BOUND('',#2042,.T.);
#1524=FACE_OUTER_BOUND('',#2043,.T.);
#1525=FACE_OUTER_BOUND('',#2044,.T.);
#1526=FACE_OUTER_BOUND('',#2045,.T.);
#1527=FACE_OUTER_BOUND('',#2046,.T.);
#1528=FACE_OUTER_BOUND('',#2047,.T.);
#1529=FACE_OUTER_BOUND('',#2048,.T.);
#1530=FACE_OUTER_BOUND('',#2049,.T.);
#1531=FACE_OUTER_BOUND('',#2050,.T.);
#1532=FACE_OUTER_BOUND('',#2051,.T.);
#1533=FACE_OUTER_BOUND('',#2052,.T.);
#1534=FACE_OUTER_BOUND('',#2053,.T.);
#1535=FACE_OUTER_BOUND('',#2054,.T.);
#1536=FACE_OUTER_BOUND('',#2055,.T.);
#1537=FACE_OUTER_BOUND('',#2056,.T.);
#1538=FACE_OUTER_BOUND('',#2057,.T.);
#1539=FACE_OUTER_BOUND('',#2058,.T.);
#1540=FACE_OUTER_BOUND('',#2059,.T.);
#1541=FACE_OUTER_BOUND('',#2060,.T.);
#1542=FACE_OUTER_BOUND('',#2061,.T.);
#1543=FACE_OUTER_BOUND('',#2062,.T.);
#1544=FACE_OUTER_BOUND('',#2063,.T.);
#1545=FACE_OUTER_BOUND('',#2064,.T.);
#1546=FACE_OUTER_BOUND('',#2065,.T.);
#1547=FACE_OUTER_BOUND('',#2066,.T.);
#1548=FACE_OUTER_BOUND('',#2067,.T.);
#1549=FACE_OUTER_BOUND('',#2068,.T.);
#1550=FACE_OUTER_BOUND('',#2069,.T.);
#1551=FACE_OUTER_BOUND('',#2070,.T.);
#1552=FACE_OUTER_BOUND('',#2071,.T.);
#1553=FACE_OUTER_BOUND('',#2072,.T.);
#1554=FACE_OUTER_BOUND('',#2073,.T.);
#1555=FACE_OUTER_BOUND('',#2074,.T.);
#1556=FACE_OUTER_BOUND('',#2075,.T.);
#1557=FACE_OUTER_BOUND('',#2076,.T.);
#1558=FACE_OUTER_BOUND('',#2077,.T.);
#1559=FACE_OUTER_BOUND('',#2078,.T.);
#1560=FACE_OUTER_BOUND('',#2079,.T.);
#1561=FACE_OUTER_BOUND('',#2080,.T.);
#1562=FACE_OUTER_BOUND('',#2081,.T.);
#1563=FACE_OUTER_BOUND('',#2082,.T.);
#1564=FACE_OUTER_BOUND('',#2083,.T.);
#1565=FACE_OUTER_BOUND('',#2084,.T.);
#1566=FACE_OUTER_BOUND('',#2085,.T.);
#1567=FACE_OUTER_BOUND('',#2086,.T.);
#1568=FACE_OUTER_BOUND('',#2087,.T.);
#1569=FACE_OUTER_BOUND('',#2088,.T.);
#1570=FACE_OUTER_BOUND('',#2089,.T.);
#1571=FACE_OUTER_BOUND('',#2090,.T.);
#1572=FACE_OUTER_BOUND('',#2091,.T.);
#1573=FACE_OUTER_BOUND('',#2092,.T.);
#1574=FACE_OUTER_BOUND('',#2093,.T.);
#1575=FACE_OUTER_BOUND('',#2094,.T.);
#1576=FACE_OUTER_BOUND('',#2095,.T.);
#1577=FACE_OUTER_BOUND('',#2096,.T.);
#1578=FACE_OUTER_BOUND('',#2097,.T.);
#1579=FACE_OUTER_BOUND('',#2098,.T.);
#1580=FACE_OUTER_BOUND('',#2099,.T.);
#1581=FACE_OUTER_BOUND('',#2100,.T.);
#1582=FACE_OUTER_BOUND('',#2101,.T.);
#1583=FACE_OUTER_BOUND('',#2102,.T.);
#1584=FACE_OUTER_BOUND('',#2103,.T.);
#1585=FACE_OUTER_BOUND('',#2104,.T.);
#1586=FACE_OUTER_BOUND('',#2105,.T.);
#1587=FACE_OUTER_BOUND('',#2106,.T.);
#1588=FACE_OUTER_BOUND('',#2107,.T.);
#1589=FACE_OUTER_BOUND('',#2108,.T.);
#1590=FACE_OUTER_BOUND('',#2109,.T.);
#1591=FACE_OUTER_BOUND('',#2110,.T.);
#1592=FACE_OUTER_BOUND('',#2111,.T.);
#1593=FACE_OUTER_BOUND('',#2112,.T.);
#1594=FACE_OUTER_BOUND('',#2113,.T.);
#1595=FACE_OUTER_BOUND('',#2114,.T.);
#1596=FACE_OUTER_BOUND('',#2115,.T.);
#1597=FACE_OUTER_BOUND('',#2116,.T.);
#1598=FACE_OUTER_BOUND('',#2117,.T.);
#1599=FACE_OUTER_BOUND('',#2118,.T.);
#1600=FACE_OUTER_BOUND('',#2119,.T.);
#1601=FACE_OUTER_BOUND('',#2120,.T.);
#1602=FACE_OUTER_BOUND('',#2121,.T.);
#1603=FACE_OUTER_BOUND('',#2122,.T.);
#1604=FACE_OUTER_BOUND('',#2123,.T.);
#1605=FACE_OUTER_BOUND('',#2124,.T.);
#1606=FACE_OUTER_BOUND('',#2125,.T.);
#1607=FACE_OUTER_BOUND('',#2126,.T.);
#1608=FACE_OUTER_BOUND('',#2127,.T.);
#1609=FACE_OUTER_BOUND('',#2128,.T.);
#1610=FACE_OUTER_BOUND('',#2129,.T.);
#1611=FACE_OUTER_BOUND('',#2130,.T.);
#1612=FACE_OUTER_BOUND('',#2131,.T.);
#1613=FACE_OUTER_BOUND('',#2132,.T.);
#1614=FACE_OUTER_BOUND('',#2133,.T.);
#1615=FACE_OUTER_BOUND('',#2134,.T.);
#1616=FACE_OUTER_BOUND('',#2135,.T.);
#1617=FACE_OUTER_BOUND('',#2136,.T.);
#1618=FACE_OUTER_BOUND('',#2137,.T.);
#1619=FACE_OUTER_BOUND('',#2138,.T.);
#1620=FACE_OUTER_BOUND('',#2139,.T.);
#1621=FACE_OUTER_BOUND('',#2140,.T.);
#1622=FACE_OUTER_BOUND('',#2141,.T.);
#1623=FACE_OUTER_BOUND('',#2142,.T.);
#1624=FACE_OUTER_BOUND('',#2143,.T.);
#1625=FACE_OUTER_BOUND('',#2144,.T.);
#1626=FACE_OUTER_BOUND('',#2145,.T.);
#1627=FACE_OUTER_BOUND('',#2146,.T.);
#1628=FACE_OUTER_BOUND('',#2147,.T.);
#1629=FACE_OUTER_BOUND('',#2148,.T.);
#1630=FACE_OUTER_BOUND('',#2149,.T.);
#1631=FACE_OUTER_BOUND('',#2150,.T.);
#1632=FACE_OUTER_BOUND('',#2151,.T.);
#1633=FACE_OUTER_BOUND('',#2152,.T.);
#1634=EDGE_LOOP('',(#3812,#3813,#3814,#3815,#3816));
#1635=EDGE_LOOP('',(#3817,#3818,#3819,#3820,#3821,#3822,#3823,#3824,#3825,
#3826,#3827,#3828));
#1636=EDGE_LOOP('',(#3829,#3830,#3831,#3832,#3833,#3834,#3835,#3836,#3837,
#3838,#3839,#3840));
#1637=EDGE_LOOP('',(#3841,#3842,#3843,#3844,#3845,#3846));
#1638=EDGE_LOOP('',(#3847));
#1639=EDGE_LOOP('',(#3848));
#1640=EDGE_LOOP('',(#3849,#3850,#3851,#3852,#3853,#3854));
#1641=EDGE_LOOP('',(#3855,#3856,#3857,#3858,#3859));
#1642=EDGE_LOOP('',(#3860,#3861,#3862,#3863));
#1643=EDGE_LOOP('',(#3864,#3865,#3866,#3867));
#1644=EDGE_LOOP('',(#3868,#3869,#3870,#3871));
#1645=EDGE_LOOP('',(#3872,#3873,#3874,#3875));
#1646=EDGE_LOOP('',(#3876,#3877,#3878,#3879));
#1647=EDGE_LOOP('',(#3880,#3881,#3882,#3883,#3884,#3885,#3886));
#1648=EDGE_LOOP('',(#3887,#3888,#3889,#3890));
#1649=EDGE_LOOP('',(#3891,#3892,#3893,#3894,#3895,#3896,#3897));
#1650=EDGE_LOOP('',(#3898,#3899,#3900,#3901,#3902,#3903,#3904,#3905,#3906,
#3907,#3908));
#1651=EDGE_LOOP('',(#3909,#3910,#3911,#3912,#3913,#3914,#3915));
#1652=EDGE_LOOP('',(#3916,#3917,#3918,#3919,#3920,#3921,#3922,#3923,#3924));
#1653=EDGE_LOOP('',(#3925,#3926,#3927,#3928));
#1654=EDGE_LOOP('',(#3929,#3930,#3931,#3932));
#1655=EDGE_LOOP('',(#3933,#3934,#3935,#3936));
#1656=EDGE_LOOP('',(#3937,#3938,#3939,#3940));
#1657=EDGE_LOOP('',(#3941,#3942,#3943,#3944));
#1658=EDGE_LOOP('',(#3945,#3946,#3947,#3948,#3949));
#1659=EDGE_LOOP('',(#3950,#3951,#3952,#3953,#3954,#3955));
#1660=EDGE_LOOP('',(#3956,#3957,#3958,#3959));
#1661=EDGE_LOOP('',(#3960,#3961,#3962,#3963));
#1662=EDGE_LOOP('',(#3964,#3965,#3966,#3967));
#1663=EDGE_LOOP('',(#3968,#3969,#3970,#3971));
#1664=EDGE_LOOP('',(#3972,#3973,#3974,#3975));
#1665=EDGE_LOOP('',(#3976,#3977,#3978,#3979));
#1666=EDGE_LOOP('',(#3980,#3981,#3982,#3983));
#1667=EDGE_LOOP('',(#3984,#3985,#3986,#3987));
#1668=EDGE_LOOP('',(#3988,#3989,#3990,#3991));
#1669=EDGE_LOOP('',(#3992,#3993,#3994,#3995,#3996));
#1670=EDGE_LOOP('',(#3997,#3998,#3999,#4000));
#1671=EDGE_LOOP('',(#4001,#4002,#4003,#4004,#4005,#4006,#4007,#4008,#4009,
#4010,#4011,#4012,#4013,#4014));
#1672=EDGE_LOOP('',(#4015,#4016,#4017,#4018,#4019,#4020));
#1673=EDGE_LOOP('',(#4021,#4022,#4023,#4024,#4025,#4026,#4027,#4028));
#1674=EDGE_LOOP('',(#4029,#4030,#4031,#4032));
#1675=EDGE_LOOP('',(#4033,#4034,#4035,#4036));
#1676=EDGE_LOOP('',(#4037,#4038,#4039,#4040));
#1677=EDGE_LOOP('',(#4041,#4042,#4043,#4044));
#1678=EDGE_LOOP('',(#4045,#4046,#4047,#4048));
#1679=EDGE_LOOP('',(#4049,#4050,#4051,#4052));
#1680=EDGE_LOOP('',(#4053,#4054,#4055,#4056));
#1681=EDGE_LOOP('',(#4057,#4058,#4059,#4060,#4061,#4062));
#1682=EDGE_LOOP('',(#4063,#4064,#4065,#4066));
#1683=EDGE_LOOP('',(#4067,#4068,#4069,#4070));
#1684=EDGE_LOOP('',(#4071,#4072,#4073,#4074,#4075,#4076));
#1685=EDGE_LOOP('',(#4077,#4078,#4079,#4080));
#1686=EDGE_LOOP('',(#4081,#4082,#4083,#4084,#4085));
#1687=EDGE_LOOP('',(#4086,#4087,#4088,#4089));
#1688=EDGE_LOOP('',(#4090,#4091,#4092,#4093,#4094,#4095,#4096,#4097));
#1689=EDGE_LOOP('',(#4098,#4099,#4100,#4101));
#1690=EDGE_LOOP('',(#4102,#4103,#4104,#4105));
#1691=EDGE_LOOP('',(#4106,#4107,#4108,#4109,#4110,#4111,#4112));
#1692=EDGE_LOOP('',(#4113,#4114,#4115,#4116,#4117,#4118,#4119,#4120,#4121,
#4122,#4123,#4124,#4125,#4126,#4127,#4128,#4129,#4130));
#1693=EDGE_LOOP('',(#4131));
#1694=EDGE_LOOP('',(#4132,#4133,#4134,#4135));
#1695=EDGE_LOOP('',(#4136,#4137,#4138,#4139));
#1696=EDGE_LOOP('',(#4140,#4141,#4142,#4143));
#1697=EDGE_LOOP('',(#4144,#4145,#4146,#4147));
#1698=EDGE_LOOP('',(#4148,#4149,#4150,#4151));
#1699=EDGE_LOOP('',(#4152,#4153,#4154,#4155));
#1700=EDGE_LOOP('',(#4156,#4157,#4158,#4159));
#1701=EDGE_LOOP('',(#4160,#4161,#4162,#4163));
#1702=EDGE_LOOP('',(#4164,#4165,#4166,#4167));
#1703=EDGE_LOOP('',(#4168,#4169,#4170,#4171));
#1704=EDGE_LOOP('',(#4172,#4173,#4174,#4175));
#1705=EDGE_LOOP('',(#4176,#4177,#4178,#4179,#4180,#4181,#4182));
#1706=EDGE_LOOP('',(#4183,#4184,#4185,#4186));
#1707=EDGE_LOOP('',(#4187,#4188,#4189,#4190,#4191,#4192,#4193,#4194,#4195,
#4196,#4197,#4198,#4199,#4200,#4201,#4202,#4203,#4204,#4205,#4206,#4207,
#4208,#4209,#4210,#4211));
#1708=EDGE_LOOP('',(#4212));
#1709=EDGE_LOOP('',(#4213,#4214,#4215,#4216,#4217,#4218,#4219));
#1710=EDGE_LOOP('',(#4220,#4221,#4222,#4223));
#1711=EDGE_LOOP('',(#4224,#4225,#4226,#4227));
#1712=EDGE_LOOP('',(#4228,#4229,#4230,#4231,#4232));
#1713=EDGE_LOOP('',(#4233,#4234,#4235,#4236));
#1714=EDGE_LOOP('',(#4237,#4238,#4239,#4240,#4241,#4242,#4243,#4244,#4245,
#4246));
#1715=EDGE_LOOP('',(#4247,#4248,#4249,#4250));
#1716=EDGE_LOOP('',(#4251,#4252,#4253,#4254,#4255));
#1717=EDGE_LOOP('',(#4256,#4257,#4258,#4259,#4260));
#1718=EDGE_LOOP('',(#4261,#4262,#4263,#4264,#4265));
#1719=EDGE_LOOP('',(#4266,#4267,#4268,#4269));
#1720=EDGE_LOOP('',(#4270,#4271,#4272,#4273,#4274,#4275));
#1721=EDGE_LOOP('',(#4276,#4277,#4278));
#1722=EDGE_LOOP('',(#4279,#4280,#4281,#4282));
#1723=EDGE_LOOP('',(#4283,#4284,#4285,#4286));
#1724=EDGE_LOOP('',(#4287,#4288,#4289,#4290,#4291));
#1725=EDGE_LOOP('',(#4292,#4293,#4294,#4295,#4296,#4297,#4298,#4299));
#1726=EDGE_LOOP('',(#4300,#4301,#4302,#4303));
#1727=EDGE_LOOP('',(#4304,#4305,#4306,#4307));
#1728=EDGE_LOOP('',(#4308,#4309,#4310,#4311,#4312));
#1729=EDGE_LOOP('',(#4313,#4314,#4315,#4316));
#1730=EDGE_LOOP('',(#4317,#4318,#4319,#4320));
#1731=EDGE_LOOP('',(#4321,#4322,#4323,#4324));
#1732=EDGE_LOOP('',(#4325,#4326,#4327,#4328,#4329,#4330));
#1733=EDGE_LOOP('',(#4331,#4332,#4333,#4334));
#1734=EDGE_LOOP('',(#4335,#4336,#4337,#4338,#4339,#4340,#4341,#4342));
#1735=EDGE_LOOP('',(#4343,#4344,#4345));
#1736=EDGE_LOOP('',(#4346,#4347,#4348,#4349,#4350,#4351));
#1737=EDGE_LOOP('',(#4352,#4353,#4354,#4355));
#1738=EDGE_LOOP('',(#4356,#4357,#4358,#4359));
#1739=EDGE_LOOP('',(#4360,#4361,#4362,#4363));
#1740=EDGE_LOOP('',(#4364,#4365,#4366,#4367));
#1741=EDGE_LOOP('',(#4368,#4369,#4370,#4371));
#1742=EDGE_LOOP('',(#4372,#4373,#4374,#4375));
#1743=EDGE_LOOP('',(#4376,#4377,#4378,#4379));
#1744=EDGE_LOOP('',(#4380,#4381,#4382,#4383,#4384));
#1745=EDGE_LOOP('',(#4385,#4386,#4387,#4388,#4389,#4390,#4391,#4392));
#1746=EDGE_LOOP('',(#4393,#4394,#4395));
#1747=EDGE_LOOP('',(#4396,#4397,#4398,#4399));
#1748=EDGE_LOOP('',(#4400,#4401,#4402,#4403,#4404,#4405));
#1749=EDGE_LOOP('',(#4406,#4407,#4408,#4409));
#1750=EDGE_LOOP('',(#4410,#4411,#4412,#4413));
#1751=EDGE_LOOP('',(#4414,#4415,#4416,#4417));
#1752=EDGE_LOOP('',(#4418,#4419,#4420,#4421));
#1753=EDGE_LOOP('',(#4422,#4423,#4424,#4425,#4426,#4427,#4428,#4429));
#1754=EDGE_LOOP('',(#4430,#4431,#4432,#4433));
#1755=EDGE_LOOP('',(#4434,#4435,#4436,#4437));
#1756=EDGE_LOOP('',(#4438,#4439,#4440,#4441));
#1757=EDGE_LOOP('',(#4442,#4443,#4444,#4445));
#1758=EDGE_LOOP('',(#4446,#4447,#4448,#4449,#4450));
#1759=EDGE_LOOP('',(#4451,#4452,#4453,#4454));
#1760=EDGE_LOOP('',(#4455,#4456,#4457,#4458,#4459));
#1761=EDGE_LOOP('',(#4460,#4461,#4462,#4463));
#1762=EDGE_LOOP('',(#4464,#4465,#4466,#4467));
#1763=EDGE_LOOP('',(#4468,#4469,#4470,#4471));
#1764=EDGE_LOOP('',(#4472,#4473,#4474,#4475));
#1765=EDGE_LOOP('',(#4476,#4477,#4478,#4479));
#1766=EDGE_LOOP('',(#4480,#4481,#4482));
#1767=EDGE_LOOP('',(#4483,#4484,#4485,#4486));
#1768=EDGE_LOOP('',(#4487));
#1769=EDGE_LOOP('',(#4488));
#1770=EDGE_LOOP('',(#4489,#4490,#4491,#4492));
#1771=EDGE_LOOP('',(#4493,#4494,#4495,#4496,#4497));
#1772=EDGE_LOOP('',(#4498,#4499,#4500,#4501));
#1773=EDGE_LOOP('',(#4502,#4503,#4504,#4505));
#1774=EDGE_LOOP('',(#4506,#4507,#4508,#4509));
#1775=EDGE_LOOP('',(#4510,#4511,#4512,#4513));
#1776=EDGE_LOOP('',(#4514,#4515,#4516,#4517,#4518,#4519,#4520,#4521,#4522,
#4523,#4524,#4525));
#1777=EDGE_LOOP('',(#4526,#4527,#4528,#4529));
#1778=EDGE_LOOP('',(#4530,#4531,#4532,#4533));
#1779=EDGE_LOOP('',(#4534));
#1780=EDGE_LOOP('',(#4535));
#1781=EDGE_LOOP('',(#4536));
#1782=EDGE_LOOP('',(#4537));
#1783=EDGE_LOOP('',(#4538));
#1784=EDGE_LOOP('',(#4539));
#1785=EDGE_LOOP('',(#4540));
#1786=EDGE_LOOP('',(#4541));
#1787=EDGE_LOOP('',(#4542));
#1788=EDGE_LOOP('',(#4543));
#1789=EDGE_LOOP('',(#4544));
#1790=EDGE_LOOP('',(#4545));
#1791=EDGE_LOOP('',(#4546));
#1792=EDGE_LOOP('',(#4547));
#1793=EDGE_LOOP('',(#4548));
#1794=EDGE_LOOP('',(#4549));
#1795=EDGE_LOOP('',(#4550));
#1796=EDGE_LOOP('',(#4551));
#1797=EDGE_LOOP('',(#4552));
#1798=EDGE_LOOP('',(#4553));
#1799=EDGE_LOOP('',(#4554));
#1800=EDGE_LOOP('',(#4555));
#1801=EDGE_LOOP('',(#4556));
#1802=EDGE_LOOP('',(#4557));
#1803=EDGE_LOOP('',(#4558));
#1804=EDGE_LOOP('',(#4559));
#1805=EDGE_LOOP('',(#4560));
#1806=EDGE_LOOP('',(#4561));
#1807=EDGE_LOOP('',(#4562));
#1808=EDGE_LOOP('',(#4563));
#1809=EDGE_LOOP('',(#4564));
#1810=EDGE_LOOP('',(#4565));
#1811=EDGE_LOOP('',(#4566));
#1812=EDGE_LOOP('',(#4567));
#1813=EDGE_LOOP('',(#4568));
#1814=EDGE_LOOP('',(#4569));
#1815=EDGE_LOOP('',(#4570));
#1816=EDGE_LOOP('',(#4571));
#1817=EDGE_LOOP('',(#4572));
#1818=EDGE_LOOP('',(#4573));
#1819=EDGE_LOOP('',(#4574));
#1820=EDGE_LOOP('',(#4575));
#1821=EDGE_LOOP('',(#4576));
#1822=EDGE_LOOP('',(#4577));
#1823=EDGE_LOOP('',(#4578));
#1824=EDGE_LOOP('',(#4579));
#1825=EDGE_LOOP('',(#4580));
#1826=EDGE_LOOP('',(#4581));
#1827=EDGE_LOOP('',(#4582));
#1828=EDGE_LOOP('',(#4583));
#1829=EDGE_LOOP('',(#4584));
#1830=EDGE_LOOP('',(#4585));
#1831=EDGE_LOOP('',(#4586));
#1832=EDGE_LOOP('',(#4587));
#1833=EDGE_LOOP('',(#4588));
#1834=EDGE_LOOP('',(#4589));
#1835=EDGE_LOOP('',(#4590));
#1836=EDGE_LOOP('',(#4591));
#1837=EDGE_LOOP('',(#4592));
#1838=EDGE_LOOP('',(#4593));
#1839=EDGE_LOOP('',(#4594));
#1840=EDGE_LOOP('',(#4595));
#1841=EDGE_LOOP('',(#4596));
#1842=EDGE_LOOP('',(#4597));
#1843=EDGE_LOOP('',(#4598));
#1844=EDGE_LOOP('',(#4599));
#1845=EDGE_LOOP('',(#4600));
#1846=EDGE_LOOP('',(#4601));
#1847=EDGE_LOOP('',(#4602));
#1848=EDGE_LOOP('',(#4603));
#1849=EDGE_LOOP('',(#4604));
#1850=EDGE_LOOP('',(#4605));
#1851=EDGE_LOOP('',(#4606));
#1852=EDGE_LOOP('',(#4607));
#1853=EDGE_LOOP('',(#4608));
#1854=EDGE_LOOP('',(#4609));
#1855=EDGE_LOOP('',(#4610));
#1856=EDGE_LOOP('',(#4611));
#1857=EDGE_LOOP('',(#4612));
#1858=EDGE_LOOP('',(#4613));
#1859=EDGE_LOOP('',(#4614));
#1860=EDGE_LOOP('',(#4615));
#1861=EDGE_LOOP('',(#4616));
#1862=EDGE_LOOP('',(#4617));
#1863=EDGE_LOOP('',(#4618));
#1864=EDGE_LOOP('',(#4619));
#1865=EDGE_LOOP('',(#4620));
#1866=EDGE_LOOP('',(#4621));
#1867=EDGE_LOOP('',(#4622));
#1868=EDGE_LOOP('',(#4623));
#1869=EDGE_LOOP('',(#4624));
#1870=EDGE_LOOP('',(#4625));
#1871=EDGE_LOOP('',(#4626));
#1872=EDGE_LOOP('',(#4627));
#1873=EDGE_LOOP('',(#4628));
#1874=EDGE_LOOP('',(#4629));
#1875=EDGE_LOOP('',(#4630));
#1876=EDGE_LOOP('',(#4631));
#1877=EDGE_LOOP('',(#4632));
#1878=EDGE_LOOP('',(#4633));
#1879=EDGE_LOOP('',(#4634));
#1880=EDGE_LOOP('',(#4635));
#1881=EDGE_LOOP('',(#4636));
#1882=EDGE_LOOP('',(#4637));
#1883=EDGE_LOOP('',(#4638));
#1884=EDGE_LOOP('',(#4639));
#1885=EDGE_LOOP('',(#4640));
#1886=EDGE_LOOP('',(#4641));
#1887=EDGE_LOOP('',(#4642));
#1888=EDGE_LOOP('',(#4643));
#1889=EDGE_LOOP('',(#4644));
#1890=EDGE_LOOP('',(#4645));
#1891=EDGE_LOOP('',(#4646));
#1892=EDGE_LOOP('',(#4647));
#1893=EDGE_LOOP('',(#4648));
#1894=EDGE_LOOP('',(#4649));
#1895=EDGE_LOOP('',(#4650));
#1896=EDGE_LOOP('',(#4651));
#1897=EDGE_LOOP('',(#4652,#4653,#4654,#4655,#4656,#4657,#4658,#4659,#4660,
#4661,#4662,#4663));
#1898=EDGE_LOOP('',(#4664,#4665,#4666,#4667));
#1899=EDGE_LOOP('',(#4668,#4669,#4670,#4671));
#1900=EDGE_LOOP('',(#4672));
#1901=EDGE_LOOP('',(#4673));
#1902=EDGE_LOOP('',(#4674));
#1903=EDGE_LOOP('',(#4675));
#1904=EDGE_LOOP('',(#4676));
#1905=EDGE_LOOP('',(#4677));
#1906=EDGE_LOOP('',(#4678));
#1907=EDGE_LOOP('',(#4679));
#1908=EDGE_LOOP('',(#4680));
#1909=EDGE_LOOP('',(#4681));
#1910=EDGE_LOOP('',(#4682));
#1911=EDGE_LOOP('',(#4683));
#1912=EDGE_LOOP('',(#4684));
#1913=EDGE_LOOP('',(#4685));
#1914=EDGE_LOOP('',(#4686));
#1915=EDGE_LOOP('',(#4687));
#1916=EDGE_LOOP('',(#4688));
#1917=EDGE_LOOP('',(#4689));
#1918=EDGE_LOOP('',(#4690));
#1919=EDGE_LOOP('',(#4691));
#1920=EDGE_LOOP('',(#4692));
#1921=EDGE_LOOP('',(#4693));
#1922=EDGE_LOOP('',(#4694));
#1923=EDGE_LOOP('',(#4695));
#1924=EDGE_LOOP('',(#4696));
#1925=EDGE_LOOP('',(#4697));
#1926=EDGE_LOOP('',(#4698));
#1927=EDGE_LOOP('',(#4699));
#1928=EDGE_LOOP('',(#4700));
#1929=EDGE_LOOP('',(#4701));
#1930=EDGE_LOOP('',(#4702));
#1931=EDGE_LOOP('',(#4703));
#1932=EDGE_LOOP('',(#4704));
#1933=EDGE_LOOP('',(#4705));
#1934=EDGE_LOOP('',(#4706));
#1935=EDGE_LOOP('',(#4707));
#1936=EDGE_LOOP('',(#4708));
#1937=EDGE_LOOP('',(#4709));
#1938=EDGE_LOOP('',(#4710));
#1939=EDGE_LOOP('',(#4711));
#1940=EDGE_LOOP('',(#4712));
#1941=EDGE_LOOP('',(#4713));
#1942=EDGE_LOOP('',(#4714));
#1943=EDGE_LOOP('',(#4715));
#1944=EDGE_LOOP('',(#4716));
#1945=EDGE_LOOP('',(#4717));
#1946=EDGE_LOOP('',(#4718));
#1947=EDGE_LOOP('',(#4719));
#1948=EDGE_LOOP('',(#4720));
#1949=EDGE_LOOP('',(#4721));
#1950=EDGE_LOOP('',(#4722));
#1951=EDGE_LOOP('',(#4723));
#1952=EDGE_LOOP('',(#4724));
#1953=EDGE_LOOP('',(#4725));
#1954=EDGE_LOOP('',(#4726));
#1955=EDGE_LOOP('',(#4727));
#1956=EDGE_LOOP('',(#4728));
#1957=EDGE_LOOP('',(#4729));
#1958=EDGE_LOOP('',(#4730));
#1959=EDGE_LOOP('',(#4731));
#1960=EDGE_LOOP('',(#4732));
#1961=EDGE_LOOP('',(#4733));
#1962=EDGE_LOOP('',(#4734));
#1963=EDGE_LOOP('',(#4735));
#1964=EDGE_LOOP('',(#4736));
#1965=EDGE_LOOP('',(#4737));
#1966=EDGE_LOOP('',(#4738));
#1967=EDGE_LOOP('',(#4739));
#1968=EDGE_LOOP('',(#4740));
#1969=EDGE_LOOP('',(#4741));
#1970=EDGE_LOOP('',(#4742));
#1971=EDGE_LOOP('',(#4743));
#1972=EDGE_LOOP('',(#4744));
#1973=EDGE_LOOP('',(#4745));
#1974=EDGE_LOOP('',(#4746));
#1975=EDGE_LOOP('',(#4747));
#1976=EDGE_LOOP('',(#4748));
#1977=EDGE_LOOP('',(#4749));
#1978=EDGE_LOOP('',(#4750));
#1979=EDGE_LOOP('',(#4751));
#1980=EDGE_LOOP('',(#4752));
#1981=EDGE_LOOP('',(#4753));
#1982=EDGE_LOOP('',(#4754));
#1983=EDGE_LOOP('',(#4755));
#1984=EDGE_LOOP('',(#4756));
#1985=EDGE_LOOP('',(#4757));
#1986=EDGE_LOOP('',(#4758));
#1987=EDGE_LOOP('',(#4759));
#1988=EDGE_LOOP('',(#4760));
#1989=EDGE_LOOP('',(#4761));
#1990=EDGE_LOOP('',(#4762));
#1991=EDGE_LOOP('',(#4763));
#1992=EDGE_LOOP('',(#4764));
#1993=EDGE_LOOP('',(#4765));
#1994=EDGE_LOOP('',(#4766));
#1995=EDGE_LOOP('',(#4767));
#1996=EDGE_LOOP('',(#4768));
#1997=EDGE_LOOP('',(#4769));
#1998=EDGE_LOOP('',(#4770));
#1999=EDGE_LOOP('',(#4771));
#2000=EDGE_LOOP('',(#4772));
#2001=EDGE_LOOP('',(#4773));
#2002=EDGE_LOOP('',(#4774));
#2003=EDGE_LOOP('',(#4775));
#2004=EDGE_LOOP('',(#4776));
#2005=EDGE_LOOP('',(#4777));
#2006=EDGE_LOOP('',(#4778));
#2007=EDGE_LOOP('',(#4779));
#2008=EDGE_LOOP('',(#4780));
#2009=EDGE_LOOP('',(#4781));
#2010=EDGE_LOOP('',(#4782));
#2011=EDGE_LOOP('',(#4783));
#2012=EDGE_LOOP('',(#4784));
#2013=EDGE_LOOP('',(#4785));
#2014=EDGE_LOOP('',(#4786));
#2015=EDGE_LOOP('',(#4787));
#2016=EDGE_LOOP('',(#4788));
#2017=EDGE_LOOP('',(#4789));
#2018=EDGE_LOOP('',(#4790,#4791,#4792,#4793));
#2019=EDGE_LOOP('',(#4794,#4795,#4796,#4797));
#2020=EDGE_LOOP('',(#4798,#4799,#4800,#4801));
#2021=EDGE_LOOP('',(#4802,#4803,#4804,#4805));
#2022=EDGE_LOOP('',(#4806,#4807,#4808,#4809));
#2023=EDGE_LOOP('',(#4810,#4811,#4812,#4813));
#2024=EDGE_LOOP('',(#4814,#4815,#4816,#4817));
#2025=EDGE_LOOP('',(#4818,#4819,#4820,#4821));
#2026=EDGE_LOOP('',(#4822,#4823,#4824,#4825));
#2027=EDGE_LOOP('',(#4826,#4827,#4828,#4829));
#2028=EDGE_LOOP('',(#4830,#4831,#4832,#4833));
#2029=EDGE_LOOP('',(#4834,#4835,#4836,#4837));
#2030=EDGE_LOOP('',(#4838,#4839,#4840,#4841));
#2031=EDGE_LOOP('',(#4842,#4843,#4844,#4845));
#2032=EDGE_LOOP('',(#4846,#4847,#4848,#4849));
#2033=EDGE_LOOP('',(#4850,#4851,#4852,#4853));
#2034=EDGE_LOOP('',(#4854,#4855,#4856,#4857));
#2035=EDGE_LOOP('',(#4858,#4859,#4860,#4861));
#2036=EDGE_LOOP('',(#4862,#4863,#4864,#4865));
#2037=EDGE_LOOP('',(#4866,#4867,#4868,#4869));
#2038=EDGE_LOOP('',(#4870,#4871,#4872,#4873));
#2039=EDGE_LOOP('',(#4874,#4875,#4876,#4877));
#2040=EDGE_LOOP('',(#4878,#4879,#4880,#4881));
#2041=EDGE_LOOP('',(#4882,#4883,#4884,#4885));
#2042=EDGE_LOOP('',(#4886,#4887,#4888,#4889));
#2043=EDGE_LOOP('',(#4890,#4891,#4892,#4893));
#2044=EDGE_LOOP('',(#4894,#4895,#4896,#4897));
#2045=EDGE_LOOP('',(#4898,#4899,#4900,#4901));
#2046=EDGE_LOOP('',(#4902,#4903,#4904,#4905));
#2047=EDGE_LOOP('',(#4906,#4907,#4908,#4909));
#2048=EDGE_LOOP('',(#4910,#4911,#4912,#4913));
#2049=EDGE_LOOP('',(#4914,#4915,#4916,#4917));
#2050=EDGE_LOOP('',(#4918,#4919,#4920,#4921));
#2051=EDGE_LOOP('',(#4922,#4923,#4924,#4925));
#2052=EDGE_LOOP('',(#4926,#4927,#4928,#4929));
#2053=EDGE_LOOP('',(#4930,#4931,#4932,#4933));
#2054=EDGE_LOOP('',(#4934,#4935,#4936,#4937));
#2055=EDGE_LOOP('',(#4938,#4939,#4940,#4941));
#2056=EDGE_LOOP('',(#4942,#4943,#4944,#4945));
#2057=EDGE_LOOP('',(#4946,#4947,#4948,#4949));
#2058=EDGE_LOOP('',(#4950,#4951,#4952,#4953));
#2059=EDGE_LOOP('',(#4954,#4955,#4956,#4957));
#2060=EDGE_LOOP('',(#4958,#4959,#4960,#4961));
#2061=EDGE_LOOP('',(#4962,#4963,#4964,#4965));
#2062=EDGE_LOOP('',(#4966,#4967,#4968,#4969));
#2063=EDGE_LOOP('',(#4970,#4971,#4972,#4973));
#2064=EDGE_LOOP('',(#4974,#4975,#4976,#4977));
#2065=EDGE_LOOP('',(#4978,#4979,#4980,#4981));
#2066=EDGE_LOOP('',(#4982,#4983,#4984,#4985));
#2067=EDGE_LOOP('',(#4986,#4987,#4988,#4989));
#2068=EDGE_LOOP('',(#4990,#4991,#4992,#4993));
#2069=EDGE_LOOP('',(#4994,#4995,#4996,#4997));
#2070=EDGE_LOOP('',(#4998,#4999,#5000,#5001));
#2071=EDGE_LOOP('',(#5002,#5003,#5004,#5005));
#2072=EDGE_LOOP('',(#5006,#5007,#5008,#5009));
#2073=EDGE_LOOP('',(#5010,#5011,#5012,#5013));
#2074=EDGE_LOOP('',(#5014,#5015,#5016,#5017));
#2075=EDGE_LOOP('',(#5018,#5019,#5020,#5021));
#2076=EDGE_LOOP('',(#5022,#5023,#5024,#5025));
#2077=EDGE_LOOP('',(#5026,#5027,#5028,#5029));
#2078=EDGE_LOOP('',(#5030,#5031,#5032,#5033));
#2079=EDGE_LOOP('',(#5034,#5035,#5036,#5037));
#2080=EDGE_LOOP('',(#5038,#5039,#5040,#5041));
#2081=EDGE_LOOP('',(#5042,#5043,#5044,#5045));
#2082=EDGE_LOOP('',(#5046,#5047,#5048,#5049));
#2083=EDGE_LOOP('',(#5050,#5051,#5052,#5053));
#2084=EDGE_LOOP('',(#5054,#5055,#5056,#5057));
#2085=EDGE_LOOP('',(#5058,#5059,#5060,#5061));
#2086=EDGE_LOOP('',(#5062,#5063,#5064,#5065));
#2087=EDGE_LOOP('',(#5066,#5067,#5068,#5069));
#2088=EDGE_LOOP('',(#5070,#5071,#5072,#5073));
#2089=EDGE_LOOP('',(#5074,#5075,#5076,#5077));
#2090=EDGE_LOOP('',(#5078,#5079,#5080,#5081));
#2091=EDGE_LOOP('',(#5082,#5083,#5084,#5085));
#2092=EDGE_LOOP('',(#5086,#5087,#5088,#5089));
#2093=EDGE_LOOP('',(#5090,#5091,#5092,#5093));
#2094=EDGE_LOOP('',(#5094,#5095,#5096,#5097));
#2095=EDGE_LOOP('',(#5098,#5099,#5100,#5101));
#2096=EDGE_LOOP('',(#5102,#5103,#5104,#5105));
#2097=EDGE_LOOP('',(#5106,#5107,#5108,#5109));
#2098=EDGE_LOOP('',(#5110,#5111,#5112,#5113));
#2099=EDGE_LOOP('',(#5114,#5115,#5116,#5117));
#2100=EDGE_LOOP('',(#5118,#5119,#5120,#5121));
#2101=EDGE_LOOP('',(#5122,#5123,#5124,#5125));
#2102=EDGE_LOOP('',(#5126,#5127,#5128,#5129));
#2103=EDGE_LOOP('',(#5130,#5131,#5132,#5133));
#2104=EDGE_LOOP('',(#5134,#5135,#5136,#5137));
#2105=EDGE_LOOP('',(#5138,#5139,#5140,#5141));
#2106=EDGE_LOOP('',(#5142,#5143,#5144,#5145));
#2107=EDGE_LOOP('',(#5146,#5147,#5148,#5149));
#2108=EDGE_LOOP('',(#5150,#5151,#5152,#5153));
#2109=EDGE_LOOP('',(#5154,#5155,#5156,#5157));
#2110=EDGE_LOOP('',(#5158,#5159,#5160,#5161));
#2111=EDGE_LOOP('',(#5162,#5163,#5164,#5165));
#2112=EDGE_LOOP('',(#5166,#5167,#5168,#5169));
#2113=EDGE_LOOP('',(#5170,#5171,#5172,#5173));
#2114=EDGE_LOOP('',(#5174,#5175,#5176,#5177));
#2115=EDGE_LOOP('',(#5178,#5179,#5180,#5181));
#2116=EDGE_LOOP('',(#5182,#5183,#5184,#5185));
#2117=EDGE_LOOP('',(#5186,#5187,#5188,#5189));
#2118=EDGE_LOOP('',(#5190,#5191,#5192,#5193));
#2119=EDGE_LOOP('',(#5194,#5195,#5196,#5197));
#2120=EDGE_LOOP('',(#5198,#5199,#5200,#5201));
#2121=EDGE_LOOP('',(#5202,#5203,#5204,#5205));
#2122=EDGE_LOOP('',(#5206,#5207,#5208,#5209));
#2123=EDGE_LOOP('',(#5210,#5211,#5212,#5213));
#2124=EDGE_LOOP('',(#5214,#5215,#5216,#5217));
#2125=EDGE_LOOP('',(#5218,#5219,#5220,#5221));
#2126=EDGE_LOOP('',(#5222,#5223,#5224,#5225));
#2127=EDGE_LOOP('',(#5226,#5227,#5228,#5229));
#2128=EDGE_LOOP('',(#5230,#5231,#5232,#5233));
#2129=EDGE_LOOP('',(#5234,#5235,#5236,#5237));
#2130=EDGE_LOOP('',(#5238,#5239,#5240,#5241));
#2131=EDGE_LOOP('',(#5242,#5243,#5244,#5245));
#2132=EDGE_LOOP('',(#5246,#5247,#5248,#5249));
#2133=EDGE_LOOP('',(#5250,#5251,#5252,#5253));
#2134=EDGE_LOOP('',(#5254,#5255,#5256,#5257));
#2135=EDGE_LOOP('',(#5258,#5259,#5260,#5261));
#2136=EDGE_LOOP('',(#5262,#5263,#5264,#5265));
#2137=EDGE_LOOP('',(#5266,#5267,#5268,#5269));
#2138=EDGE_LOOP('',(#5270,#5271,#5272,#5273));
#2139=EDGE_LOOP('',(#5274,#5275,#5276,#5277));
#2140=EDGE_LOOP('',(#5278,#5279,#5280,#5281));
#2141=EDGE_LOOP('',(#5282,#5283,#5284,#5285));
#2142=EDGE_LOOP('',(#5286,#5287,#5288,#5289));
#2143=EDGE_LOOP('',(#5290,#5291,#5292,#5293));
#2144=EDGE_LOOP('',(#5294,#5295,#5296,#5297));
#2145=EDGE_LOOP('',(#5298,#5299,#5300,#5301));
#2146=EDGE_LOOP('',(#5302,#5303,#5304,#5305));
#2147=EDGE_LOOP('',(#5306,#5307,#5308,#5309));
#2148=EDGE_LOOP('',(#5310,#5311,#5312,#5313));
#2149=EDGE_LOOP('',(#5314,#5315,#5316,#5317));
#2150=EDGE_LOOP('',(#5318,#5319,#5320,#5321));
#2151=EDGE_LOOP('',(#5322,#5323,#5324,#5325));
#2152=EDGE_LOOP('',(#5326,#5327,#5328,#5329));
#2153=B_SPLINE_CURVE_WITH_KNOTS('',3,(#7875,#7876,#7877,#7878),
 .UNSPECIFIED.,.F.,.F.,(4,4),(3.18468544750571,3.20888331342574),
 .UNSPECIFIED.);
#2154=B_SPLINE_CURVE_WITH_KNOTS('',3,(#7880,#7881,#7882,#7883,#7884,#7885),
 .UNSPECIFIED.,.F.,.F.,(4,2,4),(2.14053989659434,2.33769590235309,2.51341286939507),
 .UNSPECIFIED.);
#2155=B_SPLINE_CURVE_WITH_KNOTS('',3,(#7891,#7892,#7893,#7894,#7895,#7896),
 .UNSPECIFIED.,.F.,.F.,(4,2,4),(1.30226975890846,1.43226390426191,1.56377661864607),
 .UNSPECIFIED.);
#2156=B_SPLINE_CURVE_WITH_KNOTS('',3,(#7908,#7909,#7910,#7911,#7912,#7913,
#7914,#7915,#7916),.UNSPECIFIED.,.F.,.F.,(4,2,3,4),(0.601164521161863,0.674810593889652,
0.8200738132631,0.894588369814509),.UNSPECIFIED.);
#2157=B_SPLINE_CURVE_WITH_KNOTS('',3,(#7920,#7921,#7922,#7923,#7924,#7925),
 .UNSPECIFIED.,.F.,.F.,(4,2,4),(2.30716894309478,2.55532105208838,2.91060735100662),
 .UNSPECIFIED.);
#2158=B_SPLINE_CURVE_WITH_KNOTS('',3,(#7957,#7958,#7959,#7960,#7961,#7962,
#7963,#7964,#7965,#7966),.UNSPECIFIED.,.F.,.F.,(4,2,2,2,4),(-0.00055066109604058,
0.,0.135544564703488,0.257432724952909,0.3632797280055),.UNSPECIFIED.);
#2159=B_SPLINE_CURVE_WITH_KNOTS('',3,(#7973,#7974,#7975,#7976,#7977,#7978,
#7979,#7980,#7981,#7982),.UNSPECIFIED.,.F.,.F.,(4,2,2,2,4),(0.,0.0726589711172927,
0.156329439431901,0.249374295319305,0.249752154321406),.UNSPECIFIED.);
#2160=B_SPLINE_CURVE_WITH_KNOTS('',3,(#7989,#7990,#7991,#7992),
 .UNSPECIFIED.,.F.,.F.,(4,4),(7.49919237109973,8.22078329037011),
 .UNSPECIFIED.);
#2161=B_SPLINE_CURVE_WITH_KNOTS('',3,(#8044,#8045,#8046,#8047,#8048,#8049,
#8050,#8051,#8052,#8053),.UNSPECIFIED.,.F.,.F.,(4,2,2,2,4),(0.,0.13385223596794,
0.26770447193588,0.411177666989424,0.554650862042968),.UNSPECIFIED.);
#2162=B_SPLINE_CURVE_WITH_KNOTS('',3,(#8071,#8072,#8073,#8074,#8075,#8076,
#8077,#8078,#8079,#8080),.UNSPECIFIED.,.F.,.F.,(4,2,2,2,4),(1.06989418043116,
1.2025551926171,1.33521620480304,1.47286455326614,1.61051290172924),
 .UNSPECIFIED.);
#2163=B_SPLINE_CURVE_WITH_KNOTS('',3,(#8106,#8107,#8108,#8109,#8110,#8111),
 .UNSPECIFIED.,.F.,.F.,(4,2,4),(6.02337465698874,6.11018825871494,6.17463126365253),
 .UNSPECIFIED.);
#2164=B_SPLINE_CURVE_WITH_KNOTS('',3,(#8123,#8124,#8125,#8126,#8127,#8128),
 .UNSPECIFIED.,.F.,.F.,(4,2,4),(0.,0.254709108333394,0.519398962968257),
 .UNSPECIFIED.);
#2165=B_SPLINE_CURVE_WITH_KNOTS('',3,(#8132,#8133,#8134,#8135,#8136,#8137,
#8138,#8139,#8140,#8141),.UNSPECIFIED.,.F.,.F.,(4,2,2,2,4),(0.981491667960523,
1.22695008101794,1.47240849407535,1.7173838865259,1.96235927897646),
 .UNSPECIFIED.);
#2166=B_SPLINE_CURVE_WITH_KNOTS('',3,(#8145,#8146,#8147,#8148,#8149,#8150),
 .UNSPECIFIED.,.F.,.F.,(4,2,4),(1.84111025619695,1.89220251641506,1.98929595050303),
 .UNSPECIFIED.);
#2167=B_SPLINE_CURVE_WITH_KNOTS('',3,(#8154,#8155,#8156,#8157,#8158,#8159,
#8160,#8161,#8162,#8163,#8164,#8165),.UNSPECIFIED.,.F.,.F.,(4,2,2,2,2,4),
(1.90808329961595,2.15588624141919,2.27978771232081,2.40368918322243,2.52839338618343,
2.65229766408813),.UNSPECIFIED.);
#2168=B_SPLINE_CURVE_WITH_KNOTS('',3,(#8171,#8172,#8173,#8174,#8175,#8176,
#8177,#8178,#8179,#8180,#8181,#8182,#8183,#8184,#8185,#8186,#8187,#8188),
 .UNSPECIFIED.,.F.,.F.,(4,2,2,2,2,2,2,2,4),(0.792490885045917,0.860135151970638,
0.977436209325268,1.07614203355131,1.17484785777736,1.27224091289426,1.36963396801117,
1.46178876654739,1.5539435650836),.UNSPECIFIED.);
#2169=B_SPLINE_CURVE_WITH_KNOTS('',3,(#8204,#8205,#8206,#8207,#8208,#8209,
#8210,#8211,#8212,#8213,#8214,#8215,#8216,#8217,#8218,#8219,#8220,#8221),
 .UNSPECIFIED.,.F.,.F.,(4,2,2,2,2,2,2,2,4),(3.26042590531346,3.33537041993543,
3.41031493455739,3.49169700056615,3.57307906657491,3.67355718506091,3.77403530354692,
4.06063492198243,4.32537353894795),.UNSPECIFIED.);
#2170=B_SPLINE_CURVE_WITH_KNOTS('',3,(#8272,#8273,#8274,#8275),
 .UNSPECIFIED.,.F.,.F.,(4,4),(-6.3919765818488,-5.6203031626099),
 .UNSPECIFIED.);
#2171=B_SPLINE_CURVE_WITH_KNOTS('',3,(#8278,#8279,#8280,#8281,#8282,#8283,
#8284),.UNSPECIFIED.,.F.,.F.,(4,3,4),(5.6203031626099,6.40490099133595,
6.69177150398937),.UNSPECIFIED.);
#2172=B_SPLINE_CURVE_WITH_KNOTS('',3,(#8325,#8326,#8327,#8328,#8329,#8330,
#8331,#8332,#8333),.UNSPECIFIED.,.F.,.F.,(4,2,2,1,4),(-0.876226589525984,
-0.815729697573797,-0.741549147615983,-0.667287170003615,-0.593025192391246),
 .UNSPECIFIED.);
#2173=B_SPLINE_CURVE_WITH_KNOTS('',3,(#8336,#8337,#8338,#8339,#8340,#8341,
#8342,#8343,#8344),.UNSPECIFIED.,.F.,.F.,(4,1,2,2,4),(0.593025192391246,
0.667287170003615,0.741549147615983,0.815729697573797,0.876226589525984),
 .UNSPECIFIED.);
#2174=B_SPLINE_CURVE_WITH_KNOTS('',3,(#8361,#8362,#8363,#8364),
 .UNSPECIFIED.,.F.,.F.,(4,4),(0.876226589525071,0.889737256161637),
 .UNSPECIFIED.);
#2175=B_SPLINE_CURVE_WITH_KNOTS('',3,(#8365,#8366,#8367,#8368),
 .UNSPECIFIED.,.F.,.F.,(4,4),(-0.889737256161637,-0.876226589525071),
 .UNSPECIFIED.);
#2176=B_SPLINE_CURVE_WITH_KNOTS('',3,(#8394,#8395,#8396,#8397),
 .UNSPECIFIED.,.F.,.F.,(4,4),(-1.66897274700836,-1.65033618473725),
 .UNSPECIFIED.);
#2177=B_SPLINE_CURVE_WITH_KNOTS('',3,(#8398,#8399,#8400,#8401),
 .UNSPECIFIED.,.F.,.F.,(4,4),(1.65033618473725,1.66897274700836),
 .UNSPECIFIED.);
#2178=B_SPLINE_CURVE_WITH_KNOTS('',3,(#8442,#8443,#8444,#8445,#8446,#8447,
#8448,#8449,#8450),.UNSPECIFIED.,.F.,.F.,(4,1,2,2,4),(-1.77290630206169,
-1.70316695855509,-1.62911141616326,-1.55505871652095,-1.48101199802733),
 .UNSPECIFIED.);
#2179=B_SPLINE_CURVE_WITH_KNOTS('',3,(#8453,#8454,#8455,#8456,#8457,#8458,
#8459,#8460,#8461),.UNSPECIFIED.,.F.,.F.,(4,2,2,1,4),(1.48101199802733,
1.55505871652095,1.62911141616326,1.70316695855509,1.77290630206169),
 .UNSPECIFIED.);
#2180=B_SPLINE_CURVE_WITH_KNOTS('',3,(#8478,#8479,#8480,#8481),
 .UNSPECIFIED.,.F.,.F.,(4,4),(1.77290630206169,1.77722250094706),
 .UNSPECIFIED.);
#2181=B_SPLINE_CURVE_WITH_KNOTS('',3,(#8482,#8483,#8484,#8485),
 .UNSPECIFIED.,.F.,.F.,(4,4),(-1.77722250094706,-1.77290630206169),
 .UNSPECIFIED.);
#2182=B_SPLINE_CURVE_WITH_KNOTS('',3,(#8516,#8517,#8518,#8519,#8520,#8521,
#8522,#8523,#8524,#8525),.UNSPECIFIED.,.F.,.F.,(4,3,3,4),(0.000420048040203208,
0.0921196172641008,0.188601389194026,0.283890450864882),.UNSPECIFIED.);
#2183=B_SPLINE_CURVE_WITH_KNOTS('',3,(#8527,#8528,#8529,#8530,#8531,#8532,
#8533),.UNSPECIFIED.,.F.,.F.,(4,3,4),(11.3336236959558,11.489005076437,
11.8752976437449),.UNSPECIFIED.);
#2184=B_SPLINE_CURVE_WITH_KNOTS('',3,(#8537,#8538,#8539,#8540,#8541,#8542,
#8543),.UNSPECIFIED.,.F.,.F.,(4,3,4),(-11.8752976437449,-11.489005076437,
-11.4859885075906),.UNSPECIFIED.);
#2185=B_SPLINE_CURVE_WITH_KNOTS('',3,(#8544,#8545,#8546,#8547),
 .UNSPECIFIED.,.F.,.F.,(4,4),(0.,0.186129666995009),.UNSPECIFIED.);
#2186=B_SPLINE_CURVE_WITH_KNOTS('',3,(#8564,#8565,#8566,#8567),
 .UNSPECIFIED.,.F.,.F.,(4,4),(11.8752976437449,11.8782894912464),
 .UNSPECIFIED.);
#2187=B_SPLINE_CURVE_WITH_KNOTS('',3,(#8568,#8569,#8570,#8571),
 .UNSPECIFIED.,.F.,.F.,(4,4),(-11.8782894912464,-11.8752976437449),
 .UNSPECIFIED.);
#2188=B_SPLINE_CURVE_WITH_KNOTS('',3,(#8574,#8575,#8576,#8577,#8578,#8579),
 .UNSPECIFIED.,.F.,.F.,(4,2,4),(0.296203822753964,0.370259435967813,0.395845702558536),
 .UNSPECIFIED.);
#2189=B_SPLINE_CURVE_WITH_KNOTS('',3,(#8589,#8590,#8591,#8592,#8593,#8594,
#8595,#8596,#8597,#8598,#8599,#8600,#8601,#8602),.UNSPECIFIED.,.F.,.F.,
(4,2,2,2,2,2,4),(-0.361471435346936,-0.360722614140929,-0.287484964128394,
-0.212958082178619,-0.126292584839345,-0.0617796031632091,0.),
 .UNSPECIFIED.);
#2190=B_SPLINE_CURVE_WITH_KNOTS('',3,(#8604,#8605,#8606,#8607),
 .UNSPECIFIED.,.F.,.F.,(4,4),(0.296805666785011,0.314708238334788),
 .UNSPECIFIED.);
#2191=B_SPLINE_CURVE_WITH_KNOTS('',3,(#8654,#8655,#8656,#8657),
 .UNSPECIFIED.,.F.,.F.,(4,4),(0.872520508827614,0.890423080377404),
 .UNSPECIFIED.);
#2192=B_SPLINE_CURVE_WITH_KNOTS('',3,(#8660,#8661,#8662,#8663,#8664,#8665,
#8666,#8667,#8668,#8669,#8670,#8671,#8672,#8673),.UNSPECIFIED.,.F.,.F.,
(4,2,2,2,2,2,4),(-0.363782067331092,-0.301514637820525,-0.236464015135833,
-0.149081429755635,-0.0738897467157471,0.,0.0007551657054413),
 .UNSPECIFIED.);
#2193=B_SPLINE_CURVE_WITH_KNOTS('',3,(#8678,#8679,#8680,#8681,#8682,#8683,
#8684,#8685,#8686,#8687),.UNSPECIFIED.,.F.,.F.,(4,2,2,2,4),(0.,0.13427002528637,
0.26854005057274,0.413664399551523,0.558788748530306),.UNSPECIFIED.);
#2194=B_SPLINE_CURVE_WITH_KNOTS('',3,(#8698,#8699,#8700,#8701,#8702,#8703,
#8704,#8705,#8706,#8707,#8708,#8709,#8710,#8711,#8712,#8713,#8714,#8715,
#8716,#8717),.UNSPECIFIED.,.F.,.F.,(4,2,2,2,2,2,2,2,2,4),(0.538887482212453,
0.729564076624847,0.920240671037241,1.14754860475303,1.26120257161093,1.31802955503988,
1.34644304675435,1.36064979261159,1.36775316554021,1.37485653846883),
 .UNSPECIFIED.);
#2195=B_SPLINE_CURVE_WITH_KNOTS('',3,(#8835,#8836,#8837,#8838,#8839,#8840,
#8841,#8842,#8843,#8844,#8845,#8846),.UNSPECIFIED.,.F.,.F.,(4,2,2,2,2,4),
(0.993890736411891,1.01981449333554,1.04966846119708,1.13943818542446,1.28471928275055,
1.49290877503367),.UNSPECIFIED.);
#2196=B_SPLINE_CURVE_WITH_KNOTS('',3,(#8851,#8852,#8853,#8854),
 .UNSPECIFIED.,.F.,.F.,(4,4),(0.857916363217111,1.39077622129692),
 .UNSPECIFIED.);
#2197=B_SPLINE_CURVE_WITH_KNOTS('',3,(#8861,#8862,#8863,#8864,#8865,#8866),
 .UNSPECIFIED.,.F.,.F.,(4,2,4),(1.50391313034371,1.80928580316955,2.26231468855382),
 .UNSPECIFIED.);
#2198=B_SPLINE_CURVE_WITH_KNOTS('',3,(#8870,#8871,#8872,#8873,#8874,#8875,
#8876,#8877),.UNSPECIFIED.,.F.,.F.,(4,2,2,4),(-1.27203895863315,-1.27111895670746,
-1.10906932608772,-0.951932806160322),.UNSPECIFIED.);
#2199=B_SPLINE_CURVE_WITH_KNOTS('',3,(#8974,#8975,#8976,#8977),
 .UNSPECIFIED.,.F.,.F.,(4,4),(0.228193692780594,0.271671759359668),
 .UNSPECIFIED.);
#2200=B_SPLINE_CURVE_WITH_KNOTS('',3,(#8981,#8982,#8983,#8984,#8985,#8986,
#8987,#8988),.UNSPECIFIED.,.F.,.F.,(4,2,2,4),(0.,0.0726589711173649,0.156329439432114,
0.226437323142754),.UNSPECIFIED.);
#2201=B_SPLINE_CURVE_WITH_KNOTS('',3,(#9083,#9084,#9085,#9086,#9087,#9088,
#9089,#9090),.UNSPECIFIED.,.F.,.F.,(4,2,2,4),(0.0334138747314164,0.135544558781623,
0.25743296722854,0.363280185814272),.UNSPECIFIED.);
#2202=B_SPLINE_CURVE_WITH_KNOTS('',3,(#9093,#9094,#9095,#9096),
 .UNSPECIFIED.,.F.,.F.,(4,4),(0.,0.0432624361321556),.UNSPECIFIED.);
#2203=B_SPLINE_CURVE_WITH_KNOTS('',3,(#9113,#9114,#9115,#9116,#9117,#9118),
 .UNSPECIFIED.,.F.,.F.,(4,2,4),(1.52656971856946,1.5662966557818,1.65646645454761),
 .UNSPECIFIED.);
#2204=B_SPLINE_CURVE_WITH_KNOTS('',3,(#9123,#9124,#9125,#9126,#9127,#9128),
 .UNSPECIFIED.,.F.,.F.,(4,2,4),(1.65652739615535,1.74669719492116,1.78642413213351),
 .UNSPECIFIED.);
#2205=B_SPLINE_CURVE_WITH_KNOTS('',3,(#9219,#9220,#9221,#9222),
 .UNSPECIFIED.,.F.,.F.,(4,4),(1.67390515087843,1.7461846909234),
 .UNSPECIFIED.);
#2206=CIRCLE('',#5645,61.1758238446936);
#2207=CIRCLE('',#5646,64.1758238446937);
#2208=CIRCLE('',#5649,379.);
#2209=CIRCLE('',#5650,13.5);
#2210=CIRCLE('',#5651,9.98729997460002);
#2211=CIRCLE('',#5652,5.98729997460002);
#2212=CIRCLE('',#5653,694.225446119896);
#2213=CIRCLE('',#5654,2.99999999999999);
#2214=CIRCLE('',#5655,1.600203200406);
#2215=CIRCLE('',#5656,1.60020320040599);
#2216=CIRCLE('',#5658,374.);
#2217=CIRCLE('',#5659,374.);
#2218=CIRCLE('',#5660,376.121320343559);
#2219=CIRCLE('',#5662,10.6213203435596);
#2220=CIRCLE('',#5663,8.5);
#2221=CIRCLE('',#5664,8.5);
#2222=CIRCLE('',#5667,12.8659796159782);
#2223=CIRCLE('',#5668,14.9872999746);
#2224=CIRCLE('',#5671,8.86597963104037);
#2225=CIRCLE('',#5672,10.9872999746);
#2226=CIRCLE('',#5676,10.9872999746);
#2227=CIRCLE('',#5677,10.9872999745997);
#2228=CIRCLE('',#5680,14.9872999746002);
#2229=CIRCLE('',#5681,14.9872999746);
#2230=CIRCLE('',#5684,8.5);
#2231=CIRCLE('',#5685,8.5);
#2232=CIRCLE('',#5687,374.);
#2233=CIRCLE('',#5688,374.);
#2234=CIRCLE('',#5690,5.);
#2235=CIRCLE('',#5692,10.3872999746);
#2236=CIRCLE('',#5694,6.);
#2237=CIRCLE('',#5696,5.);
#2238=CIRCLE('',#5697,5.00000000000011);
#2239=CIRCLE('',#5699,6.3872999746);
#2240=CIRCLE('',#5707,689.775698651591);
#2241=CIRCLE('',#5708,691.77569865159);
#2242=CIRCLE('',#5710,689.77569865159);
#2243=CIRCLE('',#5711,689.77569865159);
#2244=CIRCLE('',#5712,689.77569865159);
#2245=CIRCLE('',#5722,61.1758238446936);
#2246=CIRCLE('',#5725,2.);
#2247=CIRCLE('',#5727,2.);
#2248=CIRCLE('',#5733,6.3872999746);
#2249=CIRCLE('',#5734,10.3872999746);
#2250=CIRCLE('',#5738,10.3872999746);
#2251=CIRCLE('',#5740,33.4214799587097);
#2252=CIRCLE('',#5741,9.98729997460002);
#2253=CIRCLE('',#5742,4.);
#2254=CIRCLE('',#5743,9.98729997460002);
#2255=CIRCLE('',#5744,5.9872999746);
#2256=CIRCLE('',#5745,6.3872999746);
#2257=CIRCLE('',#5746,5.);
#2258=CIRCLE('',#5747,1.600203200406);
#2259=CIRCLE('',#5750,5.9872999746);
#2260=CIRCLE('',#5753,9.98729997460002);
#2261=CIRCLE('',#5755,4.);
#2262=CIRCLE('',#5758,5.);
#2263=CIRCLE('',#5760,33.4214799587097);
#2264=CIRCLE('',#5766,6.5);
#2265=CIRCLE('',#5768,9.98729997460002);
#2266=CIRCLE('',#5769,5.);
#2267=CIRCLE('',#5770,12.0127000254);
#2268=CIRCLE('',#5771,2.60020320040599);
#2269=CIRCLE('',#5772,5.);
#2270=CIRCLE('',#5773,5.60020320040599);
#2271=CIRCLE('',#5782,692.604125776337);
#2272=CIRCLE('',#5784,695.432552901083);
#2273=CIRCLE('',#5786,379.828427124746);
#2274=CIRCLE('',#5788,382.656854249492);
#2275=CIRCLE('',#5790,1.60020320040599);
#2276=CIRCLE('',#5792,69.8326780933674);
#2277=CIRCLE('',#5793,1.49999999999999);
#2278=CIRCLE('',#5797,1.5);
#2279=CIRCLE('',#5803,1.49999999999999);
#2280=CIRCLE('',#5806,1.49999999999999);
#2281=CIRCLE('',#5809,1.5);
#2282=CIRCLE('',#5812,1.5);
#2283=CIRCLE('',#5814,3.);
#2284=CIRCLE('',#5815,1.5);
#2285=CIRCLE('',#5816,1.5);
#2286=CIRCLE('',#5822,1.5);
#2287=CIRCLE('',#5823,1.5);
#2288=CIRCLE('',#5828,1.60020320040599);
#2289=CIRCLE('',#5830,691.750572385744);
#2290=CIRCLE('',#5833,691.77569865159);
#2291=CIRCLE('',#5840,67.0042509696094);
#2292=CIRCLE('',#5849,5.);
#2293=CIRCLE('',#5851,6.);
#2294=CIRCLE('',#5854,12.0127000254);
#2295=CIRCLE('',#5862,5.60020320040599);
#2296=CIRCLE('',#5863,1.);
#2297=CIRCLE('',#5865,1.60020320040599);
#2298=CIRCLE('',#5872,9.9872999746);
#2299=CIRCLE('',#5873,9.9872999746);
#2300=CIRCLE('',#5877,5.9872999746);
#2301=CIRCLE('',#5878,5.9872999746);
#2302=CIRCLE('',#5879,9.9872999746);
#2303=CIRCLE('',#5880,7.987298171653);
#2304=CIRCLE('',#5881,12.012697599138);
#2305=CIRCLE('',#5882,0.900001270003);
#2306=CIRCLE('',#5883,0.900001270003);
#2307=CIRCLE('',#5884,0.900001270003);
#2308=CIRCLE('',#5885,0.900001270003);
#2309=CIRCLE('',#5886,0.550012700025);
#2310=CIRCLE('',#5887,0.550012700025);
#2311=CIRCLE('',#5888,0.550012700025);
#2312=CIRCLE('',#5889,0.550012700025);
#2313=CIRCLE('',#5890,0.550012700025);
#2314=CIRCLE('',#5891,0.550012700025);
#2315=CIRCLE('',#5892,0.550012700025);
#2316=CIRCLE('',#5893,0.550012700025);
#2317=CIRCLE('',#5894,0.6);
#2318=CIRCLE('',#5895,0.6);
#2319=CIRCLE('',#5896,0.5);
#2320=CIRCLE('',#5897,0.5);
#2321=CIRCLE('',#5898,0.5);
#2322=CIRCLE('',#5899,0.5);
#2323=CIRCLE('',#5900,0.5);
#2324=CIRCLE('',#5901,0.5);
#2325=CIRCLE('',#5902,0.550012700025);
#2326=CIRCLE('',#5903,0.550012700025);
#2327=CIRCLE('',#5904,1.600203200406);
#2328=CIRCLE('',#5905,0.510007620015);
#2329=CIRCLE('',#5906,0.510007620015);
#2330=CIRCLE('',#5907,0.510007620015);
#2331=CIRCLE('',#5908,0.510007620015);
#2332=CIRCLE('',#5909,0.550012700025);
#2333=CIRCLE('',#5910,0.550012700025);
#2334=CIRCLE('',#5911,0.550012700025);
#2335=CIRCLE('',#5912,0.550012700025);
#2336=CIRCLE('',#5913,0.550012700025);
#2337=CIRCLE('',#5914,0.550012700025);
#2338=CIRCLE('',#5915,0.550012700025);
#2339=CIRCLE('',#5916,0.550012700025);
#2340=CIRCLE('',#5917,0.510007620015);
#2341=CIRCLE('',#5918,0.510007620015);
#2342=CIRCLE('',#5919,0.510007620015);
#2343=CIRCLE('',#5920,0.510007620015);
#2344=CIRCLE('',#5921,0.5);
#2345=CIRCLE('',#5922,0.424993649987);
#2346=CIRCLE('',#5923,0.424993649987);
#2347=CIRCLE('',#5924,0.424993649987);
#2348=CIRCLE('',#5925,0.5);
#2349=CIRCLE('',#5926,0.5);
#2350=CIRCLE('',#5927,1.600203200406);
#2351=CIRCLE('',#5928,0.750012700025);
#2352=CIRCLE('',#5929,0.750012700025);
#2353=CIRCLE('',#5930,0.5);
#2354=CIRCLE('',#5931,0.750012700025);
#2355=CIRCLE('',#5932,0.5);
#2356=CIRCLE('',#5933,0.5);
#2357=CIRCLE('',#5934,0.750012700025);
#2358=CIRCLE('',#5935,0.5);
#2359=CIRCLE('',#5936,0.5);
#2360=CIRCLE('',#5937,0.510007620015);
#2361=CIRCLE('',#5938,0.510007620015);
#2362=CIRCLE('',#5939,0.510007620015);
#2363=CIRCLE('',#5940,0.510007620015);
#2364=CIRCLE('',#5941,0.510007620015);
#2365=CIRCLE('',#5942,0.510007620015);
#2366=CIRCLE('',#5943,0.510007620015);
#2367=CIRCLE('',#5944,0.510007620015);
#2368=CIRCLE('',#5945,0.510007620015);
#2369=CIRCLE('',#5946,0.510007620015);
#2370=CIRCLE('',#5947,0.510007620015);
#2371=CIRCLE('',#5948,0.510007620015);
#2372=CIRCLE('',#5949,0.510007620015);
#2373=CIRCLE('',#5950,0.510007620015);
#2374=CIRCLE('',#5951,0.510007620015);
#2375=CIRCLE('',#5952,0.510007620015);
#2376=CIRCLE('',#5953,0.510007620015);
#2377=CIRCLE('',#5954,0.510007620015);
#2378=CIRCLE('',#5955,0.510007620015);
#2379=CIRCLE('',#5956,0.510007620015);
#2380=CIRCLE('',#5957,0.510007620015);
#2381=CIRCLE('',#5958,0.510007620015);
#2382=CIRCLE('',#5959,0.510007620015);
#2383=CIRCLE('',#5960,0.510007620015);
#2384=CIRCLE('',#5961,0.510007620015);
#2385=CIRCLE('',#5962,0.510007620015);
#2386=CIRCLE('',#5963,0.510007620015);
#2387=CIRCLE('',#5964,0.510007620015);
#2388=CIRCLE('',#5965,0.510007620015);
#2389=CIRCLE('',#5966,0.510007620015);
#2390=CIRCLE('',#5967,0.510007620015);
#2391=CIRCLE('',#5968,0.510007620015);
#2392=CIRCLE('',#5969,0.510007620015);
#2393=CIRCLE('',#5970,0.510007620015);
#2394=CIRCLE('',#5971,0.510007620015);
#2395=CIRCLE('',#5972,0.510007620015);
#2396=CIRCLE('',#5973,0.510007620015);
#2397=CIRCLE('',#5974,0.510007620015);
#2398=CIRCLE('',#5975,0.510007620015);
#2399=CIRCLE('',#5976,0.510007620015);
#2400=CIRCLE('',#5977,0.550012700025);
#2401=CIRCLE('',#5978,0.550012700025);
#2402=CIRCLE('',#5979,0.510007620015);
#2403=CIRCLE('',#5980,0.510007620015);
#2404=CIRCLE('',#5981,0.510007620015);
#2405=CIRCLE('',#5982,0.510007620015);
#2406=CIRCLE('',#5983,0.510007620015);
#2407=CIRCLE('',#5984,0.510007620015);
#2408=CIRCLE('',#5985,0.510007620015);
#2409=CIRCLE('',#5986,0.510007620015);
#2410=CIRCLE('',#5987,0.550012700025);
#2411=CIRCLE('',#5988,0.550012700025);
#2412=CIRCLE('',#5989,0.510007620015);
#2413=CIRCLE('',#5990,0.510007620015);
#2414=CIRCLE('',#5991,0.510007620015);
#2415=CIRCLE('',#5992,0.510007620015);
#2416=CIRCLE('',#5993,0.550012700025);
#2417=CIRCLE('',#5994,0.550012700025);
#2418=CIRCLE('',#5995,0.550012700025);
#2419=CIRCLE('',#5996,0.5);
#2420=CIRCLE('',#5997,0.457200914402);
#2421=CIRCLE('',#5998,0.457200914402);
#2422=CIRCLE('',#5999,0.5);
#2423=CIRCLE('',#6000,0.457200914402);
#2424=CIRCLE('',#6001,0.457200914402);
#2425=CIRCLE('',#6002,1.600203200406);
#2426=CIRCLE('',#6003,0.550012700025);
#2427=CIRCLE('',#6005,12.012697599138);
#2428=CIRCLE('',#6006,7.987298171653);
#2429=CIRCLE('',#6007,9.9872999746);
#2430=CIRCLE('',#6008,5.9872999746);
#2431=CIRCLE('',#6009,5.9872999746);
#2432=CIRCLE('',#6010,0.900001270003);
#2433=CIRCLE('',#6011,0.900001270003);
#2434=CIRCLE('',#6012,0.900001270003);
#2435=CIRCLE('',#6013,0.900001270003);
#2436=CIRCLE('',#6014,0.550012700025);
#2437=CIRCLE('',#6015,0.550012700025);
#2438=CIRCLE('',#6016,0.550012700025);
#2439=CIRCLE('',#6017,0.550012700025);
#2440=CIRCLE('',#6018,0.550012700025);
#2441=CIRCLE('',#6019,0.550012700025);
#2442=CIRCLE('',#6020,0.550012700025);
#2443=CIRCLE('',#6021,0.550012700025);
#2444=CIRCLE('',#6022,0.6);
#2445=CIRCLE('',#6023,0.6);
#2446=CIRCLE('',#6024,0.5);
#2447=CIRCLE('',#6025,0.5);
#2448=CIRCLE('',#6026,0.5);
#2449=CIRCLE('',#6027,0.5);
#2450=CIRCLE('',#6028,0.5);
#2451=CIRCLE('',#6029,0.5);
#2452=CIRCLE('',#6030,0.550012700025);
#2453=CIRCLE('',#6031,0.550012700025);
#2454=CIRCLE('',#6032,1.600203200406);
#2455=CIRCLE('',#6033,0.510007620015);
#2456=CIRCLE('',#6034,0.510007620015);
#2457=CIRCLE('',#6035,0.510007620015);
#2458=CIRCLE('',#6036,0.510007620015);
#2459=CIRCLE('',#6037,0.550012700025);
#2460=CIRCLE('',#6038,0.550012700025);
#2461=CIRCLE('',#6039,0.550012700025);
#2462=CIRCLE('',#6040,0.550012700025);
#2463=CIRCLE('',#6041,0.550012700025);
#2464=CIRCLE('',#6042,0.550012700025);
#2465=CIRCLE('',#6043,0.550012700025);
#2466=CIRCLE('',#6044,0.550012700025);
#2467=CIRCLE('',#6045,0.510007620015);
#2468=CIRCLE('',#6046,0.510007620015);
#2469=CIRCLE('',#6047,0.510007620015);
#2470=CIRCLE('',#6048,0.510007620015);
#2471=CIRCLE('',#6049,0.5);
#2472=CIRCLE('',#6050,0.424993649987);
#2473=CIRCLE('',#6051,0.424993649987);
#2474=CIRCLE('',#6052,0.424993649987);
#2475=CIRCLE('',#6053,0.5);
#2476=CIRCLE('',#6054,0.5);
#2477=CIRCLE('',#6055,1.600203200406);
#2478=CIRCLE('',#6056,0.750012700025);
#2479=CIRCLE('',#6057,0.750012700025);
#2480=CIRCLE('',#6058,0.5);
#2481=CIRCLE('',#6059,0.750012700025);
#2482=CIRCLE('',#6060,0.5);
#2483=CIRCLE('',#6061,0.5);
#2484=CIRCLE('',#6062,0.750012700025);
#2485=CIRCLE('',#6063,0.5);
#2486=CIRCLE('',#6064,0.5);
#2487=CIRCLE('',#6065,0.510007620015);
#2488=CIRCLE('',#6066,0.510007620015);
#2489=CIRCLE('',#6067,0.510007620015);
#2490=CIRCLE('',#6068,0.510007620015);
#2491=CIRCLE('',#6069,0.510007620015);
#2492=CIRCLE('',#6070,0.510007620015);
#2493=CIRCLE('',#6071,0.510007620015);
#2494=CIRCLE('',#6072,0.510007620015);
#2495=CIRCLE('',#6073,0.510007620015);
#2496=CIRCLE('',#6074,0.510007620015);
#2497=CIRCLE('',#6075,0.510007620015);
#2498=CIRCLE('',#6076,0.510007620015);
#2499=CIRCLE('',#6077,0.510007620015);
#2500=CIRCLE('',#6078,0.510007620015);
#2501=CIRCLE('',#6079,0.510007620015);
#2502=CIRCLE('',#6080,0.510007620015);
#2503=CIRCLE('',#6081,0.510007620015);
#2504=CIRCLE('',#6082,0.510007620015);
#2505=CIRCLE('',#6083,0.510007620015);
#2506=CIRCLE('',#6084,0.510007620015);
#2507=CIRCLE('',#6085,0.510007620015);
#2508=CIRCLE('',#6086,0.510007620015);
#2509=CIRCLE('',#6087,0.510007620015);
#2510=CIRCLE('',#6088,0.510007620015);
#2511=CIRCLE('',#6089,0.510007620015);
#2512=CIRCLE('',#6090,0.510007620015);
#2513=CIRCLE('',#6091,0.510007620015);
#2514=CIRCLE('',#6092,0.510007620015);
#2515=CIRCLE('',#6093,0.510007620015);
#2516=CIRCLE('',#6094,0.510007620015);
#2517=CIRCLE('',#6095,0.510007620015);
#2518=CIRCLE('',#6096,0.510007620015);
#2519=CIRCLE('',#6097,0.510007620015);
#2520=CIRCLE('',#6098,0.510007620015);
#2521=CIRCLE('',#6099,0.510007620015);
#2522=CIRCLE('',#6100,0.510007620015);
#2523=CIRCLE('',#6101,0.510007620015);
#2524=CIRCLE('',#6102,0.510007620015);
#2525=CIRCLE('',#6103,0.510007620015);
#2526=CIRCLE('',#6104,0.510007620015);
#2527=CIRCLE('',#6105,0.550012700025);
#2528=CIRCLE('',#6106,0.550012700025);
#2529=CIRCLE('',#6107,0.510007620015);
#2530=CIRCLE('',#6108,0.510007620015);
#2531=CIRCLE('',#6109,0.510007620015);
#2532=CIRCLE('',#6110,0.510007620015);
#2533=CIRCLE('',#6111,0.510007620015);
#2534=CIRCLE('',#6112,0.510007620015);
#2535=CIRCLE('',#6113,0.510007620015);
#2536=CIRCLE('',#6114,0.510007620015);
#2537=CIRCLE('',#6115,0.550012700025);
#2538=CIRCLE('',#6116,0.550012700025);
#2539=CIRCLE('',#6117,0.510007620015);
#2540=CIRCLE('',#6118,0.510007620015);
#2541=CIRCLE('',#6119,0.510007620015);
#2542=CIRCLE('',#6120,0.510007620015);
#2543=CIRCLE('',#6121,0.550012700025);
#2544=CIRCLE('',#6122,0.550012700025);
#2545=CIRCLE('',#6123,0.550012700025);
#2546=CIRCLE('',#6124,0.5);
#2547=CIRCLE('',#6125,0.457200914402);
#2548=CIRCLE('',#6126,0.457200914402);
#2549=CIRCLE('',#6127,0.5);
#2550=CIRCLE('',#6128,0.457200914402);
#2551=CIRCLE('',#6129,0.457200914402);
#2552=CIRCLE('',#6130,1.600203200406);
#2553=CIRCLE('',#6131,0.550012700025);
#2554=(
BOUNDED_CURVE()
B_SPLINE_CURVE(2,(#7869,#7870,#7871),.UNSPECIFIED.,.F.,.F.)
B_SPLINE_CURVE_WITH_KNOTS((3,3),(0.0016248206039977,1.5036173692755),
 .UNSPECIFIED.)
CURVE()
GEOMETRIC_REPRESENTATION_ITEM()
RATIONAL_B_SPLINE_CURVE((1.00004218206098,1.01953104280521,1.02460538149886))
REPRESENTATION_ITEM('')
);
#2555=(
BOUNDED_CURVE()
B_SPLINE_CURVE(2,(#7898,#7899,#7900),.UNSPECIFIED.,.F.,.F.)
B_SPLINE_CURVE_WITH_KNOTS((3,3),(5.13376869944954,5.40734895276076),
 .UNSPECIFIED.)
CURVE()
GEOMETRIC_REPRESENTATION_ITEM()
RATIONAL_B_SPLINE_CURVE((1.0000596152685,1.0000415956997,1.00002148629419))
REPRESENTATION_ITEM('')
);
#2556=(
BOUNDED_CURVE()
B_SPLINE_CURVE(2,(#7904,#7905,#7906),.UNSPECIFIED.,.F.,.F.)
B_SPLINE_CURVE_WITH_KNOTS((3,3),(0.161955916230499,0.55412504872123),
 .UNSPECIFIED.)
CURVE()
GEOMETRIC_REPRESENTATION_ITEM()
RATIONAL_B_SPLINE_CURVE((1.00002428521354,1.00005280394866,1.00007704129063))
REPRESENTATION_ITEM('')
);
#2557=(
BOUNDED_CURVE()
B_SPLINE_CURVE(2,(#7927,#7928,#7929),.UNSPECIFIED.,.F.,.F.)
B_SPLINE_CURVE_WITH_KNOTS((3,3),(0.00197470357549117,2.35351238167294),
 .UNSPECIFIED.)
CURVE()
GEOMETRIC_REPRESENTATION_ITEM()
RATIONAL_B_SPLINE_CURVE((1.00002699781393,1.0160884140615,1.00000494171695))
REPRESENTATION_ITEM('')
);
#2558=(
BOUNDED_CURVE()
B_SPLINE_CURVE(2,(#8088,#8089,#8090),.UNSPECIFIED.,.F.,.F.)
B_SPLINE_CURVE_WITH_KNOTS((3,3),(0.,0.143128380760886),.UNSPECIFIED.)
CURVE()
GEOMETRIC_REPRESENTATION_ITEM()
RATIONAL_B_SPLINE_CURVE((1.,1.00436873682828,1.00002399587906))
REPRESENTATION_ITEM('')
);
#2559=(
BOUNDED_CURVE()
B_SPLINE_CURVE(2,(#8848,#8849,#8850),.UNSPECIFIED.,.F.,.F.)
B_SPLINE_CURVE_WITH_KNOTS((3,3),(0.243674772932152,0.718318381584511),
 .UNSPECIFIED.)
CURVE()
GEOMETRIC_REPRESENTATION_ITEM()
RATIONAL_B_SPLINE_CURVE((1.0000677334382,1.00013103512312,1.00018395145614))
REPRESENTATION_ITEM('')
);
#2560=(
BOUNDED_CURVE()
B_SPLINE_CURVE(2,(#9223,#9224,#9225),.UNSPECIFIED.,.F.,.F.)
B_SPLINE_CURVE_WITH_KNOTS((3,3),(0.0447928804609981,0.117421714721944),
 .UNSPECIFIED.)
CURVE()
GEOMETRIC_REPRESENTATION_ITEM()
RATIONAL_B_SPLINE_CURVE((1.04647887504642,1.08241123905307,1.11267207538205))
REPRESENTATION_ITEM('')
);
#2561=VERTEX_POINT('',#7867);
#2562=VERTEX_POINT('',#7868);
#2563=VERTEX_POINT('',#7872);
#2564=VERTEX_POINT('',#7874);
#2565=VERTEX_POINT('',#7879);
#2566=VERTEX_POINT('',#7888);
#2567=VERTEX_POINT('',#7890);
#2568=VERTEX_POINT('',#7897);
#2569=VERTEX_POINT('',#7901);
#2570=VERTEX_POINT('',#7903);
#2571=VERTEX_POINT('',#7907);
#2572=VERTEX_POINT('',#7917);
#2573=VERTEX_POINT('',#7919);
#2574=VERTEX_POINT('',#7926);
#2575=VERTEX_POINT('',#7930);
#2576=VERTEX_POINT('',#7934);
#2577=VERTEX_POINT('',#7936);
#2578=VERTEX_POINT('',#7938);
#2579=VERTEX_POINT('',#7940);
#2580=VERTEX_POINT('',#7942);
#2581=VERTEX_POINT('',#7944);
#2582=VERTEX_POINT('',#7946);
#2583=VERTEX_POINT('',#7948);
#2584=VERTEX_POINT('',#7950);
#2585=VERTEX_POINT('',#7953);
#2586=VERTEX_POINT('',#7954);
#2587=VERTEX_POINT('',#7956);
#2588=VERTEX_POINT('',#7967);
#2589=VERTEX_POINT('',#7969);
#2590=VERTEX_POINT('',#7971);
#2591=VERTEX_POINT('',#7983);
#2592=VERTEX_POINT('',#7985);
#2593=VERTEX_POINT('',#7988);
#2594=VERTEX_POINT('',#7993);
#2595=VERTEX_POINT('',#7995);
#2596=VERTEX_POINT('',#7997);
#2597=VERTEX_POINT('',#8001);
#2598=VERTEX_POINT('',#8002);
#2599=VERTEX_POINT('',#8005);
#2600=VERTEX_POINT('',#8009);
#2601=VERTEX_POINT('',#8010);
#2602=VERTEX_POINT('',#8015);
#2603=VERTEX_POINT('',#8016);
#2604=VERTEX_POINT('',#8021);
#2605=VERTEX_POINT('',#8022);
#2606=VERTEX_POINT('',#8027);
#2607=VERTEX_POINT('',#8028);
#2608=VERTEX_POINT('',#8033);
#2609=VERTEX_POINT('',#8034);
#2610=VERTEX_POINT('',#8039);
#2611=VERTEX_POINT('',#8041);
#2612=VERTEX_POINT('',#8043);
#2613=VERTEX_POINT('',#8054);
#2614=VERTEX_POINT('',#8056);
#2615=VERTEX_POINT('',#8060);
#2616=VERTEX_POINT('',#8064);
#2617=VERTEX_POINT('',#8066);
#2618=VERTEX_POINT('',#8068);
#2619=VERTEX_POINT('',#8070);
#2620=VERTEX_POINT('',#8083);
#2621=VERTEX_POINT('',#8085);
#2622=VERTEX_POINT('',#8087);
#2623=VERTEX_POINT('',#8091);
#2624=VERTEX_POINT('',#8093);
#2625=VERTEX_POINT('',#8095);
#2626=VERTEX_POINT('',#8097);
#2627=VERTEX_POINT('',#8099);
#2628=VERTEX_POINT('',#8103);
#2629=VERTEX_POINT('',#8105);
#2630=VERTEX_POINT('',#8112);
#2631=VERTEX_POINT('',#8114);
#2632=VERTEX_POINT('',#8118);
#2633=VERTEX_POINT('',#8120);
#2634=VERTEX_POINT('',#8122);
#2635=VERTEX_POINT('',#8129);
#2636=VERTEX_POINT('',#8131);
#2637=VERTEX_POINT('',#8142);
#2638=VERTEX_POINT('',#8144);
#2639=VERTEX_POINT('',#8153);
#2640=VERTEX_POINT('',#8166);
#2641=VERTEX_POINT('',#8170);
#2642=VERTEX_POINT('',#8191);
#2643=VERTEX_POINT('',#8195);
#2644=VERTEX_POINT('',#8196);
#2645=VERTEX_POINT('',#8199);
#2646=VERTEX_POINT('',#8203);
#2647=VERTEX_POINT('',#8224);
#2648=VERTEX_POINT('',#8228);
#2649=VERTEX_POINT('',#8230);
#2650=VERTEX_POINT('',#8232);
#2651=VERTEX_POINT('',#8236);
#2652=VERTEX_POINT('',#8240);
#2653=VERTEX_POINT('',#8271);
#2654=VERTEX_POINT('',#8276);
#2655=VERTEX_POINT('',#8321);
#2656=VERTEX_POINT('',#8322);
#2657=VERTEX_POINT('',#8324);
#2658=VERTEX_POINT('',#8334);
#2659=VERTEX_POINT('',#8370);
#2660=VERTEX_POINT('',#8371);
#2661=VERTEX_POINT('',#8373);
#2662=VERTEX_POINT('',#8375);
#2663=VERTEX_POINT('',#8438);
#2664=VERTEX_POINT('',#8439);
#2665=VERTEX_POINT('',#8441);
#2666=VERTEX_POINT('',#8451);
#2667=VERTEX_POINT('',#8514);
#2668=VERTEX_POINT('',#8515);
#2669=VERTEX_POINT('',#8526);
#2670=VERTEX_POINT('',#8534);
#2671=VERTEX_POINT('',#8536);
#2672=VERTEX_POINT('',#8573);
#2673=VERTEX_POINT('',#8580);
#2674=VERTEX_POINT('',#8582);
#2675=VERTEX_POINT('',#8586);
#2676=VERTEX_POINT('',#8588);
#2677=VERTEX_POINT('',#8603);
#2678=VERTEX_POINT('',#8611);
#2679=VERTEX_POINT('',#8613);
#2680=VERTEX_POINT('',#8615);
#2681=VERTEX_POINT('',#8635);
#2682=VERTEX_POINT('',#8636);
#2683=VERTEX_POINT('',#8638);
#2684=VERTEX_POINT('',#8640);
#2685=VERTEX_POINT('',#8644);
#2686=VERTEX_POINT('',#8646);
#2687=VERTEX_POINT('',#8651);
#2688=VERTEX_POINT('',#8653);
#2689=VERTEX_POINT('',#8677);
#2690=VERTEX_POINT('',#8690);
#2691=VERTEX_POINT('',#8691);
#2692=VERTEX_POINT('',#8694);
#2693=VERTEX_POINT('',#8719);
#2694=VERTEX_POINT('',#8721);
#2695=VERTEX_POINT('',#8725);
#2696=VERTEX_POINT('',#8729);
#2697=VERTEX_POINT('',#8730);
#2698=VERTEX_POINT('',#8732);
#2699=VERTEX_POINT('',#8734);
#2700=VERTEX_POINT('',#8736);
#2701=VERTEX_POINT('',#8738);
#2702=VERTEX_POINT('',#8740);
#2703=VERTEX_POINT('',#8742);
#2704=VERTEX_POINT('',#8744);
#2705=VERTEX_POINT('',#8747);
#2706=VERTEX_POINT('',#8752);
#2707=VERTEX_POINT('',#8755);
#2708=VERTEX_POINT('',#8759);
#2709=VERTEX_POINT('',#8763);
#2710=VERTEX_POINT('',#8767);
#2711=VERTEX_POINT('',#8771);
#2712=VERTEX_POINT('',#8777);
#2713=VERTEX_POINT('',#8781);
#2714=VERTEX_POINT('',#8783);
#2715=VERTEX_POINT('',#8793);
#2716=VERTEX_POINT('',#8797);
#2717=VERTEX_POINT('',#8800);
#2718=VERTEX_POINT('',#8802);
#2719=VERTEX_POINT('',#8806);
#2720=VERTEX_POINT('',#8808);
#2721=VERTEX_POINT('',#8810);
#2722=VERTEX_POINT('',#8812);
#2723=VERTEX_POINT('',#8814);
#2724=VERTEX_POINT('',#8817);
#2725=VERTEX_POINT('',#8829);
#2726=VERTEX_POINT('',#8831);
#2727=VERTEX_POINT('',#8833);
#2728=VERTEX_POINT('',#8847);
#2729=VERTEX_POINT('',#8860);
#2730=VERTEX_POINT('',#8869);
#2731=VERTEX_POINT('',#8883);
#2732=VERTEX_POINT('',#8884);
#2733=VERTEX_POINT('',#8886);
#2734=VERTEX_POINT('',#8925);
#2735=VERTEX_POINT('',#8926);
#2736=VERTEX_POINT('',#8931);
#2737=VERTEX_POINT('',#8932);
#2738=VERTEX_POINT('',#8972);
#2739=VERTEX_POINT('',#8973);
#2740=VERTEX_POINT('',#8979);
#2741=VERTEX_POINT('',#8990);
#2742=VERTEX_POINT('',#8992);
#2743=VERTEX_POINT('',#8994);
#2744=VERTEX_POINT('',#9033);
#2745=VERTEX_POINT('',#9037);
#2746=VERTEX_POINT('',#9082);
#2747=VERTEX_POINT('',#9091);
#2748=VERTEX_POINT('',#9098);
#2749=VERTEX_POINT('',#9100);
#2750=VERTEX_POINT('',#9104);
#2751=VERTEX_POINT('',#9110);
#2752=VERTEX_POINT('',#9111);
#2753=VERTEX_POINT('',#9119);
#2754=VERTEX_POINT('',#9121);
#2755=VERTEX_POINT('',#9133);
#2756=VERTEX_POINT('',#9135);
#2757=VERTEX_POINT('',#9137);
#2758=VERTEX_POINT('',#9139);
#2759=VERTEX_POINT('',#9145);
#2760=VERTEX_POINT('',#9149);
#2761=VERTEX_POINT('',#9165);
#2762=VERTEX_POINT('',#9167);
#2763=VERTEX_POINT('',#9169);
#2764=VERTEX_POINT('',#9173);
#2765=VERTEX_POINT('',#9183);
#2766=VERTEX_POINT('',#9185);
#2767=VERTEX_POINT('',#9189);
#2768=VERTEX_POINT('',#9191);
#2769=VERTEX_POINT('',#9198);
#2770=VERTEX_POINT('',#9202);
#2771=VERTEX_POINT('',#9206);
#2772=VERTEX_POINT('',#9212);
#2773=VERTEX_POINT('',#9216);
#2774=VERTEX_POINT('',#9218);
#2775=VERTEX_POINT('',#9240);
#2776=VERTEX_POINT('',#9244);
#2777=VERTEX_POINT('',#9253);
#2778=VERTEX_POINT('',#9254);
#2779=VERTEX_POINT('',#9256);
#2780=VERTEX_POINT('',#9258);
#2781=VERTEX_POINT('',#9262);
#2782=VERTEX_POINT('',#9263);
#2783=VERTEX_POINT('',#9268);
#2784=VERTEX_POINT('',#9270);
#2785=VERTEX_POINT('',#9274);
#2786=VERTEX_POINT('',#9276);
#2787=VERTEX_POINT('',#9278);
#2788=VERTEX_POINT('',#9280);
#2789=VERTEX_POINT('',#9282);
#2790=VERTEX_POINT('',#9284);
#2791=VERTEX_POINT('',#9286);
#2792=VERTEX_POINT('',#9288);
#2793=VERTEX_POINT('',#9291);
#2794=VERTEX_POINT('',#9292);
#2795=VERTEX_POINT('',#9294);
#2796=VERTEX_POINT('',#9296);
#2797=VERTEX_POINT('',#9299);
#2798=VERTEX_POINT('',#9300);
#2799=VERTEX_POINT('',#9302);
#2800=VERTEX_POINT('',#9304);
#2801=VERTEX_POINT('',#9307);
#2802=VERTEX_POINT('',#9309);
#2803=VERTEX_POINT('',#9311);
#2804=VERTEX_POINT('',#9313);
#2805=VERTEX_POINT('',#9315);
#2806=VERTEX_POINT('',#9317);
#2807=VERTEX_POINT('',#9319);
#2808=VERTEX_POINT('',#9321);
#2809=VERTEX_POINT('',#9323);
#2810=VERTEX_POINT('',#9325);
#2811=VERTEX_POINT('',#9327);
#2812=VERTEX_POINT('',#9329);
#2813=VERTEX_POINT('',#9331);
#2814=VERTEX_POINT('',#9333);
#2815=VERTEX_POINT('',#9335);
#2816=VERTEX_POINT('',#9337);
#2817=VERTEX_POINT('',#9339);
#2818=VERTEX_POINT('',#9341);
#2819=VERTEX_POINT('',#9343);
#2820=VERTEX_POINT('',#9345);
#2821=VERTEX_POINT('',#9347);
#2822=VERTEX_POINT('',#9349);
#2823=VERTEX_POINT('',#9351);
#2824=VERTEX_POINT('',#9353);
#2825=VERTEX_POINT('',#9355);
#2826=VERTEX_POINT('',#9357);
#2827=VERTEX_POINT('',#9359);
#2828=VERTEX_POINT('',#9361);
#2829=VERTEX_POINT('',#9363);
#2830=VERTEX_POINT('',#9365);
#2831=VERTEX_POINT('',#9367);
#2832=VERTEX_POINT('',#9369);
#2833=VERTEX_POINT('',#9371);
#2834=VERTEX_POINT('',#9373);
#2835=VERTEX_POINT('',#9375);
#2836=VERTEX_POINT('',#9377);
#2837=VERTEX_POINT('',#9379);
#2838=VERTEX_POINT('',#9381);
#2839=VERTEX_POINT('',#9383);
#2840=VERTEX_POINT('',#9385);
#2841=VERTEX_POINT('',#9387);
#2842=VERTEX_POINT('',#9389);
#2843=VERTEX_POINT('',#9391);
#2844=VERTEX_POINT('',#9393);
#2845=VERTEX_POINT('',#9395);
#2846=VERTEX_POINT('',#9397);
#2847=VERTEX_POINT('',#9399);
#2848=VERTEX_POINT('',#9401);
#2849=VERTEX_POINT('',#9403);
#2850=VERTEX_POINT('',#9405);
#2851=VERTEX_POINT('',#9407);
#2852=VERTEX_POINT('',#9409);
#2853=VERTEX_POINT('',#9411);
#2854=VERTEX_POINT('',#9413);
#2855=VERTEX_POINT('',#9415);
#2856=VERTEX_POINT('',#9417);
#2857=VERTEX_POINT('',#9419);
#2858=VERTEX_POINT('',#9421);
#2859=VERTEX_POINT('',#9423);
#2860=VERTEX_POINT('',#9425);
#2861=VERTEX_POINT('',#9427);
#2862=VERTEX_POINT('',#9429);
#2863=VERTEX_POINT('',#9431);
#2864=VERTEX_POINT('',#9433);
#2865=VERTEX_POINT('',#9435);
#2866=VERTEX_POINT('',#9437);
#2867=VERTEX_POINT('',#9439);
#2868=VERTEX_POINT('',#9441);
#2869=VERTEX_POINT('',#9443);
#2870=VERTEX_POINT('',#9445);
#2871=VERTEX_POINT('',#9447);
#2872=VERTEX_POINT('',#9449);
#2873=VERTEX_POINT('',#9451);
#2874=VERTEX_POINT('',#9453);
#2875=VERTEX_POINT('',#9455);
#2876=VERTEX_POINT('',#9457);
#2877=VERTEX_POINT('',#9459);
#2878=VERTEX_POINT('',#9461);
#2879=VERTEX_POINT('',#9463);
#2880=VERTEX_POINT('',#9465);
#2881=VERTEX_POINT('',#9467);
#2882=VERTEX_POINT('',#9469);
#2883=VERTEX_POINT('',#9471);
#2884=VERTEX_POINT('',#9473);
#2885=VERTEX_POINT('',#9475);
#2886=VERTEX_POINT('',#9477);
#2887=VERTEX_POINT('',#9479);
#2888=VERTEX_POINT('',#9481);
#2889=VERTEX_POINT('',#9483);
#2890=VERTEX_POINT('',#9485);
#2891=VERTEX_POINT('',#9487);
#2892=VERTEX_POINT('',#9489);
#2893=VERTEX_POINT('',#9491);
#2894=VERTEX_POINT('',#9493);
#2895=VERTEX_POINT('',#9495);
#2896=VERTEX_POINT('',#9497);
#2897=VERTEX_POINT('',#9499);
#2898=VERTEX_POINT('',#9501);
#2899=VERTEX_POINT('',#9503);
#2900=VERTEX_POINT('',#9505);
#2901=VERTEX_POINT('',#9507);
#2902=VERTEX_POINT('',#9509);
#2903=VERTEX_POINT('',#9511);
#2904=VERTEX_POINT('',#9513);
#2905=VERTEX_POINT('',#9515);
#2906=VERTEX_POINT('',#9517);
#2907=VERTEX_POINT('',#9519);
#2908=VERTEX_POINT('',#9521);
#2909=VERTEX_POINT('',#9523);
#2910=VERTEX_POINT('',#9525);
#2911=VERTEX_POINT('',#9527);
#2912=VERTEX_POINT('',#9529);
#2913=VERTEX_POINT('',#9531);
#2914=VERTEX_POINT('',#9533);
#2915=VERTEX_POINT('',#9535);
#2916=VERTEX_POINT('',#9537);
#2917=VERTEX_POINT('',#9539);
#2918=VERTEX_POINT('',#9541);
#2919=VERTEX_POINT('',#9544);
#2920=VERTEX_POINT('',#9546);
#2921=VERTEX_POINT('',#9548);
#2922=VERTEX_POINT('',#9550);
#2923=VERTEX_POINT('',#9552);
#2924=VERTEX_POINT('',#9554);
#2925=VERTEX_POINT('',#9556);
#2926=VERTEX_POINT('',#9558);
#2927=VERTEX_POINT('',#9561);
#2928=VERTEX_POINT('',#9562);
#2929=VERTEX_POINT('',#9564);
#2930=VERTEX_POINT('',#9566);
#2931=VERTEX_POINT('',#9569);
#2932=VERTEX_POINT('',#9570);
#2933=VERTEX_POINT('',#9572);
#2934=VERTEX_POINT('',#9574);
#2935=VERTEX_POINT('',#9577);
#2936=VERTEX_POINT('',#9579);
#2937=VERTEX_POINT('',#9581);
#2938=VERTEX_POINT('',#9583);
#2939=VERTEX_POINT('',#9585);
#2940=VERTEX_POINT('',#9587);
#2941=VERTEX_POINT('',#9589);
#2942=VERTEX_POINT('',#9591);
#2943=VERTEX_POINT('',#9593);
#2944=VERTEX_POINT('',#9595);
#2945=VERTEX_POINT('',#9597);
#2946=VERTEX_POINT('',#9599);
#2947=VERTEX_POINT('',#9601);
#2948=VERTEX_POINT('',#9603);
#2949=VERTEX_POINT('',#9605);
#2950=VERTEX_POINT('',#9607);
#2951=VERTEX_POINT('',#9609);
#2952=VERTEX_POINT('',#9611);
#2953=VERTEX_POINT('',#9613);
#2954=VERTEX_POINT('',#9615);
#2955=VERTEX_POINT('',#9617);
#2956=VERTEX_POINT('',#9619);
#2957=VERTEX_POINT('',#9621);
#2958=VERTEX_POINT('',#9623);
#2959=VERTEX_POINT('',#9625);
#2960=VERTEX_POINT('',#9627);
#2961=VERTEX_POINT('',#9629);
#2962=VERTEX_POINT('',#9631);
#2963=VERTEX_POINT('',#9633);
#2964=VERTEX_POINT('',#9635);
#2965=VERTEX_POINT('',#9637);
#2966=VERTEX_POINT('',#9639);
#2967=VERTEX_POINT('',#9641);
#2968=VERTEX_POINT('',#9643);
#2969=VERTEX_POINT('',#9645);
#2970=VERTEX_POINT('',#9647);
#2971=VERTEX_POINT('',#9649);
#2972=VERTEX_POINT('',#9651);
#2973=VERTEX_POINT('',#9653);
#2974=VERTEX_POINT('',#9655);
#2975=VERTEX_POINT('',#9657);
#2976=VERTEX_POINT('',#9659);
#2977=VERTEX_POINT('',#9661);
#2978=VERTEX_POINT('',#9663);
#2979=VERTEX_POINT('',#9665);
#2980=VERTEX_POINT('',#9667);
#2981=VERTEX_POINT('',#9669);
#2982=VERTEX_POINT('',#9671);
#2983=VERTEX_POINT('',#9673);
#2984=VERTEX_POINT('',#9675);
#2985=VERTEX_POINT('',#9677);
#2986=VERTEX_POINT('',#9679);
#2987=VERTEX_POINT('',#9681);
#2988=VERTEX_POINT('',#9683);
#2989=VERTEX_POINT('',#9685);
#2990=VERTEX_POINT('',#9687);
#2991=VERTEX_POINT('',#9689);
#2992=VERTEX_POINT('',#9691);
#2993=VERTEX_POINT('',#9693);
#2994=VERTEX_POINT('',#9695);
#2995=VERTEX_POINT('',#9697);
#2996=VERTEX_POINT('',#9699);
#2997=VERTEX_POINT('',#9701);
#2998=VERTEX_POINT('',#9703);
#2999=VERTEX_POINT('',#9705);
#3000=VERTEX_POINT('',#9707);
#3001=VERTEX_POINT('',#9709);
#3002=VERTEX_POINT('',#9711);
#3003=VERTEX_POINT('',#9713);
#3004=VERTEX_POINT('',#9715);
#3005=VERTEX_POINT('',#9717);
#3006=VERTEX_POINT('',#9719);
#3007=VERTEX_POINT('',#9721);
#3008=VERTEX_POINT('',#9723);
#3009=VERTEX_POINT('',#9725);
#3010=VERTEX_POINT('',#9727);
#3011=VERTEX_POINT('',#9729);
#3012=VERTEX_POINT('',#9731);
#3013=VERTEX_POINT('',#9733);
#3014=VERTEX_POINT('',#9735);
#3015=VERTEX_POINT('',#9737);
#3016=VERTEX_POINT('',#9739);
#3017=VERTEX_POINT('',#9741);
#3018=VERTEX_POINT('',#9743);
#3019=VERTEX_POINT('',#9745);
#3020=VERTEX_POINT('',#9747);
#3021=VERTEX_POINT('',#9749);
#3022=VERTEX_POINT('',#9751);
#3023=VERTEX_POINT('',#9753);
#3024=VERTEX_POINT('',#9755);
#3025=VERTEX_POINT('',#9757);
#3026=VERTEX_POINT('',#9759);
#3027=VERTEX_POINT('',#9761);
#3028=VERTEX_POINT('',#9763);
#3029=VERTEX_POINT('',#9765);
#3030=VERTEX_POINT('',#9767);
#3031=VERTEX_POINT('',#9769);
#3032=VERTEX_POINT('',#9771);
#3033=VERTEX_POINT('',#9773);
#3034=VERTEX_POINT('',#9775);
#3035=VERTEX_POINT('',#9777);
#3036=VERTEX_POINT('',#9779);
#3037=VERTEX_POINT('',#9781);
#3038=VERTEX_POINT('',#9783);
#3039=VERTEX_POINT('',#9785);
#3040=VERTEX_POINT('',#9787);
#3041=VERTEX_POINT('',#9789);
#3042=VERTEX_POINT('',#9791);
#3043=VERTEX_POINT('',#9793);
#3044=VERTEX_POINT('',#9795);
#3045=VERTEX_POINT('',#9797);
#3046=VERTEX_POINT('',#9799);
#3047=VERTEX_POINT('',#9801);
#3048=VERTEX_POINT('',#9803);
#3049=VERTEX_POINT('',#9805);
#3050=VERTEX_POINT('',#9807);
#3051=VERTEX_POINT('',#9809);
#3052=VERTEX_POINT('',#9811);
#3053=EDGE_CURVE('',#2561,#2562,#2554,.T.);
#3054=EDGE_CURVE('',#2562,#2563,#2206,.T.);
#3055=EDGE_CURVE('',#2564,#2563,#2153,.T.);
#3056=EDGE_CURVE('',#2565,#2564,#2154,.T.);
#3057=EDGE_CURVE('',#2565,#2561,#2207,.T.);
#3058=EDGE_CURVE('',#2561,#2566,#617,.T.);
#3059=EDGE_CURVE('',#2567,#2566,#2155,.T.);
#3060=EDGE_CURVE('',#2568,#2567,#2555,.T.);
#3061=EDGE_CURVE('',#2568,#2569,#618,.T.);
#3062=EDGE_CURVE('',#2570,#2569,#2556,.T.);
#3063=EDGE_CURVE('',#2571,#2570,#2156,.T.);
#3064=EDGE_CURVE('',#2572,#2571,#619,.T.);
#3065=EDGE_CURVE('',#2573,#2572,#2157,.T.);
#3066=EDGE_CURVE('',#2574,#2573,#2557,.T.);
#3067=EDGE_CURVE('',#2575,#2574,#620,.T.);
#3068=EDGE_CURVE('',#2575,#2562,#621,.T.);
#3069=EDGE_CURVE('',#2576,#2565,#2208,.T.);
#3070=EDGE_CURVE('',#2577,#2576,#2209,.T.);
#3071=EDGE_CURVE('',#2578,#2577,#622,.T.);
#3072=EDGE_CURVE('',#2579,#2578,#2210,.T.);
#3073=EDGE_CURVE('',#2580,#2579,#623,.T.);
#3074=EDGE_CURVE('',#2581,#2580,#2211,.T.);
#3075=EDGE_CURVE('',#2582,#2581,#624,.T.);
#3076=EDGE_CURVE('',#2582,#2583,#625,.T.);
#3077=EDGE_CURVE('',#2583,#2584,#626,.T.);
#3078=EDGE_CURVE('',#2566,#2584,#2212,.T.);
#3079=EDGE_CURVE('',#2585,#2586,#627,.T.);
#3080=EDGE_CURVE('',#2587,#2586,#2158,.T.);
#3081=EDGE_CURVE('',#2588,#2587,#628,.T.);
#3082=EDGE_CURVE('',#2589,#2588,#2213,.T.);
#3083=EDGE_CURVE('',#2590,#2589,#629,.T.);
#3084=EDGE_CURVE('',#2585,#2590,#2159,.T.);
#3085=EDGE_CURVE('',#2591,#2591,#2214,.T.);
#3086=EDGE_CURVE('',#2592,#2592,#2215,.T.);
#3087=EDGE_CURVE('',#2563,#2593,#2160,.T.);
#3088=EDGE_CURVE('',#2593,#2594,#2216,.T.);
#3089=EDGE_CURVE('',#2594,#2595,#2217,.T.);
#3090=EDGE_CURVE('',#2595,#2596,#630,.T.);
#3091=EDGE_CURVE('',#2596,#2564,#2218,.T.);
#3092=EDGE_CURVE('',#2597,#2598,#631,.T.);
#3093=EDGE_CURVE('',#2598,#2596,#2219,.T.);
#3094=EDGE_CURVE('',#2599,#2595,#2220,.F.);
#3095=EDGE_CURVE('',#2599,#2597,#2221,.T.);
#3096=EDGE_CURVE('',#2600,#2601,#632,.T.);
#3097=EDGE_CURVE('',#2601,#2598,#633,.T.);
#3098=EDGE_CURVE('',#2597,#2600,#634,.T.);
#3099=EDGE_CURVE('',#2602,#2603,#635,.T.);
#3100=EDGE_CURVE('',#2603,#2601,#2222,.T.);
#3101=EDGE_CURVE('',#2600,#2602,#2223,.T.);
#3102=EDGE_CURVE('',#2604,#2605,#636,.T.);
#3103=EDGE_CURVE('',#2605,#2603,#637,.T.);
#3104=EDGE_CURVE('',#2602,#2604,#638,.T.);
#3105=EDGE_CURVE('',#2606,#2607,#639,.T.);
#3106=EDGE_CURVE('',#2607,#2605,#2224,.T.);
#3107=EDGE_CURVE('',#2604,#2606,#2225,.T.);
#3108=EDGE_CURVE('',#2608,#2609,#357,.T.);
#3109=EDGE_CURVE('',#2609,#2607,#640,.T.);
#3110=EDGE_CURVE('',#2606,#2608,#641,.T.);
#3111=EDGE_CURVE('',#2604,#2610,#642,.T.);
#3112=EDGE_CURVE('',#2610,#2611,#2226,.F.);
#3113=EDGE_CURVE('',#2611,#2612,#2161,.F.);
#3114=EDGE_CURVE('',#2612,#2613,#643,.T.);
#3115=EDGE_CURVE('',#2614,#2613,#2227,.T.);
#3116=EDGE_CURVE('',#2606,#2614,#644,.T.);
#3117=EDGE_CURVE('',#2602,#2615,#645,.T.);
#3118=EDGE_CURVE('',#2615,#2610,#646,.F.);
#3119=EDGE_CURVE('',#2600,#2616,#647,.T.);
#3120=EDGE_CURVE('',#2617,#2616,#2228,.T.);
#3121=EDGE_CURVE('',#2618,#2617,#648,.T.);
#3122=EDGE_CURVE('',#2618,#2619,#2162,.T.);
#3123=EDGE_CURVE('',#2619,#2615,#2229,.T.);
#3124=EDGE_CURVE('',#2597,#2620,#649,.T.);
#3125=EDGE_CURVE('',#2621,#2620,#650,.T.);
#3126=EDGE_CURVE('',#2622,#2621,#2558,.T.);
#3127=EDGE_CURVE('',#2623,#2622,#651,.T.);
#3128=EDGE_CURVE('',#2624,#2623,#652,.T.);
#3129=EDGE_CURVE('',#2625,#2624,#653,.T.);
#3130=EDGE_CURVE('',#2625,#2626,#654,.T.);
#3131=EDGE_CURVE('',#2626,#2627,#655,.T.);
#3132=EDGE_CURVE('',#2616,#2627,#656,.T.);
#3133=EDGE_CURVE('',#2599,#2628,#657,.T.);
#3134=EDGE_CURVE('',#2628,#2629,#2163,.T.);
#3135=EDGE_CURVE('',#2630,#2629,#2230,.F.);
#3136=EDGE_CURVE('',#2630,#2631,#658,.T.);
#3137=EDGE_CURVE('',#2620,#2631,#2231,.F.);
#3138=EDGE_CURVE('',#2593,#2632,#659,.F.);
#3139=EDGE_CURVE('',#2633,#2632,#2232,.T.);
#3140=EDGE_CURVE('',#2634,#2633,#2164,.T.);
#3141=EDGE_CURVE('',#2635,#2634,#660,.F.);
#3142=EDGE_CURVE('',#2636,#2635,#2165,.T.);
#3143=EDGE_CURVE('',#2636,#2637,#2233,.T.);
#3144=EDGE_CURVE('',#2638,#2637,#2166,.T.);
#3145=EDGE_CURVE('',#2594,#2638,#661,.T.);
#3146=EDGE_CURVE('',#2627,#2639,#2167,.T.);
#3147=EDGE_CURVE('',#2640,#2639,#662,.T.);
#3148=EDGE_CURVE('',#2640,#2616,#2234,.T.);
#3149=EDGE_CURVE('',#2641,#2617,#2168,.T.);
#3150=EDGE_CURVE('',#2641,#2640,#2235,.T.);
#3151=EDGE_CURVE('',#2626,#2642,#2236,.T.);
#3152=EDGE_CURVE('',#2642,#2639,#663,.T.);
#3153=EDGE_CURVE('',#2643,#2644,#2237,.T.);
#3154=EDGE_CURVE('',#2644,#2614,#664,.T.);
#3155=EDGE_CURVE('',#2614,#2645,#2238,.T.);
#3156=EDGE_CURVE('',#2643,#2645,#665,.T.);
#3157=EDGE_CURVE('',#2613,#2646,#2169,.T.);
#3158=EDGE_CURVE('',#2645,#2646,#2239,.T.);
#3159=EDGE_CURVE('',#2647,#2644,#666,.T.);
#3160=EDGE_CURVE('',#2647,#2608,#667,.T.);
#3161=EDGE_CURVE('',#2643,#2648,#668,.T.);
#3162=EDGE_CURVE('',#2648,#2649,#669,.T.);
#3163=EDGE_CURVE('',#2650,#2649,#670,.T.);
#3164=EDGE_CURVE('',#2650,#2647,#671,.T.);
#3165=EDGE_CURVE('',#2651,#2641,#672,.T.);
#3166=EDGE_CURVE('',#2651,#2618,#673,.T.);
#3167=EDGE_CURVE('',#2612,#2652,#674,.T.);
#3168=EDGE_CURVE('',#2652,#2646,#675,.T.);
#3169=EDGE_CURVE('',#2633,#2653,#2170,.T.);
#3170=EDGE_CURVE('',#2653,#2654,#676,.T.);
#3171=EDGE_CURVE('',#2654,#2634,#2171,.T.);
#3172=EDGE_CURVE('',#2655,#2656,#677,.T.);
#3173=EDGE_CURVE('',#2656,#2657,#2172,.T.);
#3174=EDGE_CURVE('',#2657,#2658,#678,.T.);
#3175=EDGE_CURVE('',#2658,#2655,#2173,.T.);
#3176=EDGE_CURVE('',#2655,#2654,#2174,.T.);
#3177=EDGE_CURVE('',#2653,#2656,#2175,.T.);
#3178=EDGE_CURVE('',#2659,#2660,#679,.T.);
#3179=EDGE_CURVE('',#2660,#2661,#680,.T.);
#3180=EDGE_CURVE('',#2661,#2662,#681,.T.);
#3181=EDGE_CURVE('',#2662,#2659,#682,.T.);
#3182=EDGE_CURVE('',#2659,#2658,#2176,.T.);
#3183=EDGE_CURVE('',#2657,#2660,#2177,.T.);
#3184=EDGE_CURVE('',#2663,#2664,#683,.T.);
#3185=EDGE_CURVE('',#2664,#2665,#2178,.T.);
#3186=EDGE_CURVE('',#2665,#2666,#684,.T.);
#3187=EDGE_CURVE('',#2666,#2663,#2179,.T.);
#3188=EDGE_CURVE('',#2663,#2662,#2180,.T.);
#3189=EDGE_CURVE('',#2661,#2664,#2181,.T.);
#3190=EDGE_CURVE('',#2667,#2668,#2182,.T.);
#3191=EDGE_CURVE('',#2668,#2669,#2183,.T.);
#3192=EDGE_CURVE('',#2669,#2670,#685,.T.);
#3193=EDGE_CURVE('',#2670,#2671,#2184,.T.);
#3194=EDGE_CURVE('',#2671,#2667,#2185,.T.);
#3195=EDGE_CURVE('',#2669,#2666,#2186,.T.);
#3196=EDGE_CURVE('',#2665,#2670,#2187,.T.);
#3197=EDGE_CURVE('',#2668,#2672,#2188,.F.);
#3198=EDGE_CURVE('',#2673,#2672,#686,.F.);
#3199=EDGE_CURVE('',#2674,#2673,#687,.T.);
#3200=EDGE_CURVE('',#2635,#2674,#688,.T.);
#3201=EDGE_CURVE('',#2667,#2675,#2240,.T.);
#3202=EDGE_CURVE('',#2676,#2675,#2189,.F.);
#3203=EDGE_CURVE('',#2676,#2677,#2190,.F.);
#3204=EDGE_CURVE('',#2677,#2672,#2241,.T.);
#3205=EDGE_CURVE('',#2569,#2671,#2242,.T.);
#3206=EDGE_CURVE('',#2678,#2568,#2243,.T.);
#3207=EDGE_CURVE('',#2679,#2678,#689,.T.);
#3208=EDGE_CURVE('',#2680,#2679,#2244,.T.);
#3209=EDGE_CURVE('',#2675,#2680,#690,.T.);
#3210=EDGE_CURVE('',#2609,#2582,#358,.T.);
#3211=EDGE_CURVE('',#2581,#2607,#691,.T.);
#3212=EDGE_CURVE('',#2580,#2605,#692,.T.);
#3213=EDGE_CURVE('',#2579,#2603,#693,.T.);
#3214=EDGE_CURVE('',#2578,#2601,#694,.T.);
#3215=EDGE_CURVE('',#2577,#2598,#695,.T.);
#3216=EDGE_CURVE('',#2576,#2596,#696,.T.);
#3217=EDGE_CURVE('',#2632,#2574,#2245,.T.);
#3218=EDGE_CURVE('',#2681,#2682,#359,.T.);
#3219=EDGE_CURVE('',#2681,#2683,#697,.T.);
#3220=EDGE_CURVE('',#2684,#2683,#2246,.T.);
#3221=EDGE_CURVE('',#2684,#2682,#698,.T.);
#3222=EDGE_CURVE('',#2682,#2685,#699,.T.);
#3223=EDGE_CURVE('',#2685,#2686,#2247,.T.);
#3224=EDGE_CURVE('',#2686,#2681,#700,.T.);
#3225=EDGE_CURVE('',#2684,#2677,#701,.F.);
#3226=EDGE_CURVE('',#2687,#2676,#702,.T.);
#3227=EDGE_CURVE('',#2687,#2688,#2191,.T.);
#3228=EDGE_CURVE('',#2688,#2682,#703,.F.);
#3229=EDGE_CURVE('',#2680,#2687,#2192,.F.);
#3230=EDGE_CURVE('',#2673,#2683,#704,.T.);
#3231=EDGE_CURVE('',#2689,#2651,#2193,.F.);
#3232=EDGE_CURVE('',#2619,#2689,#705,.T.);
#3233=EDGE_CURVE('',#2690,#2691,#2248,.F.);
#3234=EDGE_CURVE('',#2611,#2690,#706,.T.);
#3235=EDGE_CURVE('',#2692,#2689,#2249,.F.);
#3236=EDGE_CURVE('',#2691,#2692,#707,.F.);
#3237=EDGE_CURVE('',#2652,#2690,#2194,.F.);
#3238=EDGE_CURVE('',#2692,#2693,#708,.T.);
#3239=EDGE_CURVE('',#2693,#2694,#709,.T.);
#3240=EDGE_CURVE('',#2691,#2694,#710,.T.);
#3241=EDGE_CURVE('',#2640,#2695,#711,.T.);
#3242=EDGE_CURVE('',#2695,#2693,#2250,.T.);
#3243=EDGE_CURVE('',#2696,#2697,#712,.T.);
#3244=EDGE_CURVE('',#2698,#2696,#2251,.T.);
#3245=EDGE_CURVE('',#2699,#2698,#713,.T.);
#3246=EDGE_CURVE('',#2700,#2699,#2252,.T.);
#3247=EDGE_CURVE('',#2701,#2700,#2253,.T.);
#3248=EDGE_CURVE('',#2702,#2701,#2254,.T.);
#3249=EDGE_CURVE('',#2703,#2702,#714,.T.);
#3250=EDGE_CURVE('',#2704,#2703,#2255,.T.);
#3251=EDGE_CURVE('',#2649,#2704,#715,.T.);
#3252=EDGE_CURVE('',#2705,#2648,#716,.T.);
#3253=EDGE_CURVE('',#2694,#2705,#2256,.T.);
#3254=EDGE_CURVE('',#2642,#2695,#717,.T.);
#3255=EDGE_CURVE('',#2697,#2625,#2257,.T.);
#3256=EDGE_CURVE('',#2706,#2706,#2258,.T.);
#3257=EDGE_CURVE('',#2707,#2704,#718,.T.);
#3258=EDGE_CURVE('',#2650,#2707,#719,.T.);
#3259=EDGE_CURVE('',#2708,#2703,#720,.T.);
#3260=EDGE_CURVE('',#2707,#2708,#2259,.T.);
#3261=EDGE_CURVE('',#2709,#2702,#721,.T.);
#3262=EDGE_CURVE('',#2708,#2709,#722,.T.);
#3263=EDGE_CURVE('',#2701,#2710,#723,.T.);
#3264=EDGE_CURVE('',#2709,#2710,#2260,.T.);
#3265=EDGE_CURVE('',#2711,#2700,#724,.T.);
#3266=EDGE_CURVE('',#2710,#2711,#2261,.T.);
#3267=EDGE_CURVE('',#2706,#2591,#725,.T.);
#3268=EDGE_CURVE('',#2624,#2712,#2262,.T.);
#3269=EDGE_CURVE('',#2697,#2712,#726,.T.);
#3270=EDGE_CURVE('',#2713,#2696,#727,.T.);
#3271=EDGE_CURVE('',#2713,#2714,#2263,.T.);
#3272=EDGE_CURVE('',#2714,#2698,#728,.T.);
#3273=EDGE_CURVE('',#2713,#2712,#729,.T.);
#3274=EDGE_CURVE('',#2645,#2705,#730,.T.);
#3275=EDGE_CURVE('',#2674,#2715,#2264,.T.);
#3276=EDGE_CURVE('',#2715,#2636,#731,.T.);
#3277=EDGE_CURVE('',#2711,#2716,#2265,.T.);
#3278=EDGE_CURVE('',#2716,#2714,#732,.T.);
#3279=EDGE_CURVE('',#2717,#2623,#2266,.T.);
#3280=EDGE_CURVE('',#2717,#2718,#733,.T.);
#3281=EDGE_CURVE('',#2718,#2630,#2267,.T.);
#3282=EDGE_CURVE('',#2629,#2637,#2268,.T.);
#3283=EDGE_CURVE('',#2719,#2715,#734,.T.);
#3284=EDGE_CURVE('',#2720,#2719,#735,.T.);
#3285=EDGE_CURVE('',#2720,#2721,#736,.T.);
#3286=EDGE_CURVE('',#2721,#2722,#737,.T.);
#3287=EDGE_CURVE('',#2722,#2723,#738,.T.);
#3288=EDGE_CURVE('',#2647,#2723,#2269,.T.);
#3289=EDGE_CURVE('',#2724,#2724,#2270,.T.);
#3290=EDGE_CURVE('',#2686,#2719,#739,.T.);
#3291=EDGE_CURVE('',#2716,#2699,#740,.T.);
#3292=EDGE_CURVE('',#2723,#2582,#741,.T.);
#3293=EDGE_CURVE('',#2583,#2722,#742,.T.);
#3294=EDGE_CURVE('',#2725,#2721,#743,.T.);
#3295=EDGE_CURVE('',#2726,#2725,#360,.T.);
#3296=EDGE_CURVE('',#2727,#2726,#744,.T.);
#3297=EDGE_CURVE('',#2679,#2727,#2195,.T.);
#3298=EDGE_CURVE('',#2728,#2678,#2559,.T.);
#3299=EDGE_CURVE('',#2584,#2728,#2196,.T.);
#3300=EDGE_CURVE('',#2670,#2570,#2271,.T.);
#3301=EDGE_CURVE('',#2664,#2571,#2272,.T.);
#3302=EDGE_CURVE('',#2632,#2729,#2197,.F.);
#3303=EDGE_CURVE('',#2656,#2729,#2273,.T.);
#3304=EDGE_CURVE('',#2730,#2729,#2198,.T.);
#3305=EDGE_CURVE('',#2730,#2660,#2274,.T.);
#3306=EDGE_CURVE('',#2638,#2628,#2275,.F.);
#3307=EDGE_CURVE('',#2572,#2730,#2276,.T.);
#3308=EDGE_CURVE('',#2731,#2732,#745,.T.);
#3309=EDGE_CURVE('',#2732,#2733,#746,.T.);
#3310=EDGE_CURVE('',#2733,#2731,#747,.T.);
#3311=EDGE_CURVE('',#2734,#2735,#2277,.T.);
#3312=EDGE_CURVE('',#2735,#2587,#361,.T.);
#3313=EDGE_CURVE('',#2586,#2734,#362,.T.);
#3314=EDGE_CURVE('',#2736,#2737,#2278,.T.);
#3315=EDGE_CURVE('',#2737,#2735,#748,.T.);
#3316=EDGE_CURVE('',#2734,#2736,#749,.T.);
#3317=EDGE_CURVE('',#2738,#2739,#2199,.F.);
#3318=EDGE_CURVE('',#2738,#2737,#363,.T.);
#3319=EDGE_CURVE('',#2736,#2740,#364,.T.);
#3320=EDGE_CURVE('',#2740,#2739,#2200,.T.);
#3321=EDGE_CURVE('',#2741,#2585,#365,.T.);
#3322=EDGE_CURVE('',#2742,#2741,#750,.T.);
#3323=EDGE_CURVE('',#2743,#2742,#366,.T.);
#3324=EDGE_CURVE('',#2740,#2743,#751,.T.);
#3325=EDGE_CURVE('',#2744,#2741,#2279,.T.);
#3326=EDGE_CURVE('',#2590,#2744,#367,.T.);
#3327=EDGE_CURVE('',#2745,#2742,#2280,.T.);
#3328=EDGE_CURVE('',#2744,#2745,#752,.T.);
#3329=EDGE_CURVE('',#2743,#2746,#2201,.F.);
#3330=EDGE_CURVE('',#2745,#2747,#368,.T.);
#3331=EDGE_CURVE('',#2747,#2746,#2202,.T.);
#3332=EDGE_CURVE('',#2745,#2748,#753,.T.);
#3333=EDGE_CURVE('',#2749,#2748,#2281,.T.);
#3334=EDGE_CURVE('',#2749,#2747,#754,.T.);
#3335=EDGE_CURVE('',#2750,#2744,#755,.T.);
#3336=EDGE_CURVE('',#2748,#2750,#756,.T.);
#3337=EDGE_CURVE('',#2589,#2750,#2282,.T.);
#3338=EDGE_CURVE('',#2751,#2752,#2283,.T.);
#3339=EDGE_CURVE('',#2752,#2749,#2203,.T.);
#3340=EDGE_CURVE('',#2748,#2753,#2284,.T.);
#3341=EDGE_CURVE('',#2753,#2754,#2285,.T.);
#3342=EDGE_CURVE('',#2754,#2751,#2204,.T.);
#3343=EDGE_CURVE('',#2738,#2754,#757,.T.);
#3344=EDGE_CURVE('',#2753,#2737,#758,.T.);
#3345=EDGE_CURVE('',#2746,#2755,#759,.T.);
#3346=EDGE_CURVE('',#2756,#2752,#760,.T.);
#3347=EDGE_CURVE('',#2756,#2757,#761,.T.);
#3348=EDGE_CURVE('',#2758,#2757,#762,.T.);
#3349=EDGE_CURVE('',#2755,#2758,#763,.T.);
#3350=EDGE_CURVE('',#2751,#2756,#764,.T.);
#3351=EDGE_CURVE('',#2755,#2759,#765,.T.);
#3352=EDGE_CURVE('',#2759,#2739,#766,.T.);
#3353=EDGE_CURVE('',#2760,#2588,#2286,.T.);
#3354=EDGE_CURVE('',#2750,#2760,#2287,.F.);
#3355=EDGE_CURVE('',#2735,#2760,#767,.T.);
#3356=EDGE_CURVE('',#2760,#2753,#768,.T.);
#3357=EDGE_CURVE('',#2599,#2594,#2288,.T.);
#3358=EDGE_CURVE('',#2728,#2567,#2289,.T.);
#3359=EDGE_CURVE('',#2727,#2688,#2290,.T.);
#3360=EDGE_CURVE('',#2761,#2726,#769,.T.);
#3361=EDGE_CURVE('',#2762,#2761,#770,.T.);
#3362=EDGE_CURVE('',#2763,#2762,#771,.T.);
#3363=EDGE_CURVE('',#2763,#2685,#772,.T.);
#3364=EDGE_CURVE('',#2764,#2761,#369,.T.);
#3365=EDGE_CURVE('',#2762,#2764,#773,.T.);
#3366=EDGE_CURVE('',#2725,#2764,#774,.T.);
#3367=EDGE_CURVE('',#2720,#2763,#775,.T.);
#3368=EDGE_CURVE('',#2729,#2573,#2291,.T.);
#3369=EDGE_CURVE('',#2731,#2765,#776,.T.);
#3370=EDGE_CURVE('',#2766,#2765,#777,.T.);
#3371=EDGE_CURVE('',#2732,#2766,#778,.T.);
#3372=EDGE_CURVE('',#2767,#2765,#779,.T.);
#3373=EDGE_CURVE('',#2768,#2767,#780,.T.);
#3374=EDGE_CURVE('',#2768,#2766,#781,.T.);
#3375=EDGE_CURVE('',#2767,#2758,#782,.T.);
#3376=EDGE_CURVE('',#2768,#2757,#783,.T.);
#3377=EDGE_CURVE('',#2759,#2769,#784,.T.);
#3378=EDGE_CURVE('',#2757,#2769,#785,.T.);
#3379=EDGE_CURVE('',#2770,#2769,#786,.T.);
#3380=EDGE_CURVE('',#2770,#2768,#787,.T.);
#3381=EDGE_CURVE('',#2770,#2771,#788,.T.);
#3382=EDGE_CURVE('',#2771,#2766,#789,.T.);
#3383=EDGE_CURVE('',#2733,#2771,#790,.T.);
#3384=EDGE_CURVE('',#2772,#2622,#2292,.T.);
#3385=EDGE_CURVE('',#2717,#2772,#791,.T.);
#3386=EDGE_CURVE('',#2621,#2773,#2293,.T.);
#3387=EDGE_CURVE('',#2773,#2774,#2205,.T.);
#3388=EDGE_CURVE('',#2774,#2772,#2560,.T.);
#3389=EDGE_CURVE('',#2718,#2774,#792,.T.);
#3390=EDGE_CURVE('',#2773,#2631,#2294,.T.);
#3391=EDGE_CURVE('',#2767,#2770,#793,.T.);
#3392=EDGE_CURVE('',#2765,#2771,#794,.T.);
#3393=EDGE_CURVE('',#2769,#2758,#795,.T.);
#3394=EDGE_CURVE('',#2775,#2775,#2295,.T.);
#3395=EDGE_CURVE('',#2775,#2724,#2296,.T.);
#3396=EDGE_CURVE('',#2776,#2776,#2297,.T.);
#3397=EDGE_CURVE('',#2776,#2592,#796,.T.);
#3398=EDGE_CURVE('',#2777,#2778,#797,.T.);
#3399=EDGE_CURVE('',#2778,#2779,#2298,.T.);
#3400=EDGE_CURVE('',#2780,#2779,#798,.T.);
#3401=EDGE_CURVE('',#2777,#2780,#2299,.T.);
#3402=EDGE_CURVE('',#2781,#2782,#799,.T.);
#3403=EDGE_CURVE('',#2782,#2778,#800,.T.);
#3404=EDGE_CURVE('',#2781,#2777,#801,.T.);
#3405=EDGE_CURVE('',#2779,#2783,#802,.T.);
#3406=EDGE_CURVE('',#2784,#2783,#803,.T.);
#3407=EDGE_CURVE('',#2780,#2784,#804,.T.);
#3408=EDGE_CURVE('',#2784,#2785,#2300,.T.);
#3409=EDGE_CURVE('',#2785,#2786,#805,.T.);
#3410=EDGE_CURVE('',#2786,#2787,#2301,.T.);
#3411=EDGE_CURVE('',#2787,#2788,#806,.T.);
#3412=EDGE_CURVE('',#2788,#2789,#807,.T.);
#3413=EDGE_CURVE('',#2789,#2790,#2302,.T.);
#3414=EDGE_CURVE('',#2790,#2791,#808,.T.);
#3415=EDGE_CURVE('',#2791,#2792,#2303,.T.);
#3416=EDGE_CURVE('',#2792,#2781,#2304,.T.);
#3417=EDGE_CURVE('',#2793,#2794,#2305,.T.);
#3418=EDGE_CURVE('',#2795,#2793,#809,.T.);
#3419=EDGE_CURVE('',#2796,#2795,#2306,.T.);
#3420=EDGE_CURVE('',#2794,#2796,#810,.T.);
#3421=EDGE_CURVE('',#2797,#2798,#2307,.T.);
#3422=EDGE_CURVE('',#2799,#2797,#811,.T.);
#3423=EDGE_CURVE('',#2800,#2799,#2308,.T.);
#3424=EDGE_CURVE('',#2798,#2800,#812,.T.);
#3425=EDGE_CURVE('',#2801,#2801,#2309,.T.);
#3426=EDGE_CURVE('',#2802,#2802,#2310,.T.);
#3427=EDGE_CURVE('',#2803,#2803,#2311,.T.);
#3428=EDGE_CURVE('',#2804,#2804,#2312,.T.);
#3429=EDGE_CURVE('',#2805,#2805,#2313,.T.);
#3430=EDGE_CURVE('',#2806,#2806,#2314,.T.);
#3431=EDGE_CURVE('',#2807,#2807,#2315,.T.);
#3432=EDGE_CURVE('',#2808,#2808,#2316,.T.);
#3433=EDGE_CURVE('',#2809,#2809,#2317,.T.);
#3434=EDGE_CURVE('',#2810,#2810,#2318,.T.);
#3435=EDGE_CURVE('',#2811,#2811,#2319,.T.);
#3436=EDGE_CURVE('',#2812,#2812,#2320,.T.);
#3437=EDGE_CURVE('',#2813,#2813,#2321,.T.);
#3438=EDGE_CURVE('',#2814,#2814,#2322,.T.);
#3439=EDGE_CURVE('',#2815,#2815,#2323,.T.);
#3440=EDGE_CURVE('',#2816,#2816,#2324,.T.);
#3441=EDGE_CURVE('',#2817,#2817,#2325,.T.);
#3442=EDGE_CURVE('',#2818,#2818,#2326,.T.);
#3443=EDGE_CURVE('',#2819,#2819,#2327,.T.);
#3444=EDGE_CURVE('',#2820,#2820,#2328,.T.);
#3445=EDGE_CURVE('',#2821,#2821,#2329,.T.);
#3446=EDGE_CURVE('',#2822,#2822,#2330,.T.);
#3447=EDGE_CURVE('',#2823,#2823,#2331,.T.);
#3448=EDGE_CURVE('',#2824,#2824,#2332,.T.);
#3449=EDGE_CURVE('',#2825,#2825,#2333,.T.);
#3450=EDGE_CURVE('',#2826,#2826,#2334,.T.);
#3451=EDGE_CURVE('',#2827,#2827,#2335,.T.);
#3452=EDGE_CURVE('',#2828,#2828,#2336,.T.);
#3453=EDGE_CURVE('',#2829,#2829,#2337,.T.);
#3454=EDGE_CURVE('',#2830,#2830,#2338,.T.);
#3455=EDGE_CURVE('',#2831,#2831,#2339,.T.);
#3456=EDGE_CURVE('',#2832,#2832,#2340,.T.);
#3457=EDGE_CURVE('',#2833,#2833,#2341,.T.);
#3458=EDGE_CURVE('',#2834,#2834,#2342,.T.);
#3459=EDGE_CURVE('',#2835,#2835,#2343,.T.);
#3460=EDGE_CURVE('',#2836,#2836,#2344,.T.);
#3461=EDGE_CURVE('',#2837,#2837,#2345,.T.);
#3462=EDGE_CURVE('',#2838,#2838,#2346,.T.);
#3463=EDGE_CURVE('',#2839,#2839,#2347,.T.);
#3464=EDGE_CURVE('',#2840,#2840,#2348,.T.);
#3465=EDGE_CURVE('',#2841,#2841,#2349,.T.);
#3466=EDGE_CURVE('',#2842,#2842,#2350,.T.);
#3467=EDGE_CURVE('',#2843,#2843,#2351,.T.);
#3468=EDGE_CURVE('',#2844,#2844,#2352,.T.);
#3469=EDGE_CURVE('',#2845,#2845,#2353,.T.);
#3470=EDGE_CURVE('',#2846,#2846,#2354,.T.);
#3471=EDGE_CURVE('',#2847,#2847,#2355,.T.);
#3472=EDGE_CURVE('',#2848,#2848,#2356,.T.);
#3473=EDGE_CURVE('',#2849,#2849,#2357,.T.);
#3474=EDGE_CURVE('',#2850,#2850,#2358,.T.);
#3475=EDGE_CURVE('',#2851,#2851,#2359,.T.);
#3476=EDGE_CURVE('',#2852,#2852,#2360,.T.);
#3477=EDGE_CURVE('',#2853,#2853,#2361,.T.);
#3478=EDGE_CURVE('',#2854,#2854,#2362,.T.);
#3479=EDGE_CURVE('',#2855,#2855,#2363,.T.);
#3480=EDGE_CURVE('',#2856,#2856,#2364,.T.);
#3481=EDGE_CURVE('',#2857,#2857,#2365,.T.);
#3482=EDGE_CURVE('',#2858,#2858,#2366,.T.);
#3483=EDGE_CURVE('',#2859,#2859,#2367,.T.);
#3484=EDGE_CURVE('',#2860,#2860,#2368,.T.);
#3485=EDGE_CURVE('',#2861,#2861,#2369,.T.);
#3486=EDGE_CURVE('',#2862,#2862,#2370,.T.);
#3487=EDGE_CURVE('',#2863,#2863,#2371,.T.);
#3488=EDGE_CURVE('',#2864,#2864,#2372,.T.);
#3489=EDGE_CURVE('',#2865,#2865,#2373,.T.);
#3490=EDGE_CURVE('',#2866,#2866,#2374,.T.);
#3491=EDGE_CURVE('',#2867,#2867,#2375,.T.);
#3492=EDGE_CURVE('',#2868,#2868,#2376,.T.);
#3493=EDGE_CURVE('',#2869,#2869,#2377,.T.);
#3494=EDGE_CURVE('',#2870,#2870,#2378,.T.);
#3495=EDGE_CURVE('',#2871,#2871,#2379,.T.);
#3496=EDGE_CURVE('',#2872,#2872,#2380,.T.);
#3497=EDGE_CURVE('',#2873,#2873,#2381,.T.);
#3498=EDGE_CURVE('',#2874,#2874,#2382,.T.);
#3499=EDGE_CURVE('',#2875,#2875,#2383,.T.);
#3500=EDGE_CURVE('',#2876,#2876,#2384,.T.);
#3501=EDGE_CURVE('',#2877,#2877,#2385,.T.);
#3502=EDGE_CURVE('',#2878,#2878,#2386,.T.);
#3503=EDGE_CURVE('',#2879,#2879,#2387,.T.);
#3504=EDGE_CURVE('',#2880,#2880,#2388,.T.);
#3505=EDGE_CURVE('',#2881,#2881,#2389,.T.);
#3506=EDGE_CURVE('',#2882,#2882,#2390,.T.);
#3507=EDGE_CURVE('',#2883,#2883,#2391,.T.);
#3508=EDGE_CURVE('',#2884,#2884,#2392,.T.);
#3509=EDGE_CURVE('',#2885,#2885,#2393,.T.);
#3510=EDGE_CURVE('',#2886,#2886,#2394,.T.);
#3511=EDGE_CURVE('',#2887,#2887,#2395,.T.);
#3512=EDGE_CURVE('',#2888,#2888,#2396,.T.);
#3513=EDGE_CURVE('',#2889,#2889,#2397,.T.);
#3514=EDGE_CURVE('',#2890,#2890,#2398,.T.);
#3515=EDGE_CURVE('',#2891,#2891,#2399,.T.);
#3516=EDGE_CURVE('',#2892,#2892,#2400,.T.);
#3517=EDGE_CURVE('',#2893,#2893,#2401,.T.);
#3518=EDGE_CURVE('',#2894,#2894,#2402,.T.);
#3519=EDGE_CURVE('',#2895,#2895,#2403,.T.);
#3520=EDGE_CURVE('',#2896,#2896,#2404,.T.);
#3521=EDGE_CURVE('',#2897,#2897,#2405,.T.);
#3522=EDGE_CURVE('',#2898,#2898,#2406,.T.);
#3523=EDGE_CURVE('',#2899,#2899,#2407,.T.);
#3524=EDGE_CURVE('',#2900,#2900,#2408,.T.);
#3525=EDGE_CURVE('',#2901,#2901,#2409,.T.);
#3526=EDGE_CURVE('',#2902,#2902,#2410,.T.);
#3527=EDGE_CURVE('',#2903,#2903,#2411,.T.);
#3528=EDGE_CURVE('',#2904,#2904,#2412,.T.);
#3529=EDGE_CURVE('',#2905,#2905,#2413,.T.);
#3530=EDGE_CURVE('',#2906,#2906,#2414,.T.);
#3531=EDGE_CURVE('',#2907,#2907,#2415,.T.);
#3532=EDGE_CURVE('',#2908,#2908,#2416,.T.);
#3533=EDGE_CURVE('',#2909,#2909,#2417,.T.);
#3534=EDGE_CURVE('',#2910,#2910,#2418,.T.);
#3535=EDGE_CURVE('',#2911,#2911,#2419,.T.);
#3536=EDGE_CURVE('',#2912,#2912,#2420,.T.);
#3537=EDGE_CURVE('',#2913,#2913,#2421,.T.);
#3538=EDGE_CURVE('',#2914,#2914,#2422,.T.);
#3539=EDGE_CURVE('',#2915,#2915,#2423,.T.);
#3540=EDGE_CURVE('',#2916,#2916,#2424,.T.);
#3541=EDGE_CURVE('',#2917,#2917,#2425,.T.);
#3542=EDGE_CURVE('',#2918,#2918,#2426,.T.);
#3543=EDGE_CURVE('',#2919,#2782,#2427,.T.);
#3544=EDGE_CURVE('',#2920,#2919,#2428,.T.);
#3545=EDGE_CURVE('',#2921,#2920,#813,.T.);
#3546=EDGE_CURVE('',#2922,#2921,#2429,.T.);
#3547=EDGE_CURVE('',#2923,#2922,#814,.T.);
#3548=EDGE_CURVE('',#2924,#2923,#815,.T.);
#3549=EDGE_CURVE('',#2925,#2924,#2430,.T.);
#3550=EDGE_CURVE('',#2926,#2925,#816,.T.);
#3551=EDGE_CURVE('',#2783,#2926,#2431,.T.);
#3552=EDGE_CURVE('',#2927,#2928,#2432,.T.);
#3553=EDGE_CURVE('',#2928,#2929,#817,.T.);
#3554=EDGE_CURVE('',#2929,#2930,#2433,.T.);
#3555=EDGE_CURVE('',#2930,#2927,#818,.T.);
#3556=EDGE_CURVE('',#2931,#2932,#2434,.T.);
#3557=EDGE_CURVE('',#2932,#2933,#819,.T.);
#3558=EDGE_CURVE('',#2933,#2934,#2435,.T.);
#3559=EDGE_CURVE('',#2934,#2931,#820,.T.);
#3560=EDGE_CURVE('',#2935,#2935,#2436,.T.);
#3561=EDGE_CURVE('',#2936,#2936,#2437,.T.);
#3562=EDGE_CURVE('',#2937,#2937,#2438,.T.);
#3563=EDGE_CURVE('',#2938,#2938,#2439,.T.);
#3564=EDGE_CURVE('',#2939,#2939,#2440,.T.);
#3565=EDGE_CURVE('',#2940,#2940,#2441,.T.);
#3566=EDGE_CURVE('',#2941,#2941,#2442,.T.);
#3567=EDGE_CURVE('',#2942,#2942,#2443,.T.);
#3568=EDGE_CURVE('',#2943,#2943,#2444,.T.);
#3569=EDGE_CURVE('',#2944,#2944,#2445,.T.);
#3570=EDGE_CURVE('',#2945,#2945,#2446,.T.);
#3571=EDGE_CURVE('',#2946,#2946,#2447,.T.);
#3572=EDGE_CURVE('',#2947,#2947,#2448,.T.);
#3573=EDGE_CURVE('',#2948,#2948,#2449,.T.);
#3574=EDGE_CURVE('',#2949,#2949,#2450,.T.);
#3575=EDGE_CURVE('',#2950,#2950,#2451,.T.);
#3576=EDGE_CURVE('',#2951,#2951,#2452,.T.);
#3577=EDGE_CURVE('',#2952,#2952,#2453,.T.);
#3578=EDGE_CURVE('',#2953,#2953,#2454,.T.);
#3579=EDGE_CURVE('',#2954,#2954,#2455,.T.);
#3580=EDGE_CURVE('',#2955,#2955,#2456,.T.);
#3581=EDGE_CURVE('',#2956,#2956,#2457,.T.);
#3582=EDGE_CURVE('',#2957,#2957,#2458,.T.);
#3583=EDGE_CURVE('',#2958,#2958,#2459,.T.);
#3584=EDGE_CURVE('',#2959,#2959,#2460,.T.);
#3585=EDGE_CURVE('',#2960,#2960,#2461,.T.);
#3586=EDGE_CURVE('',#2961,#2961,#2462,.T.);
#3587=EDGE_CURVE('',#2962,#2962,#2463,.T.);
#3588=EDGE_CURVE('',#2963,#2963,#2464,.T.);
#3589=EDGE_CURVE('',#2964,#2964,#2465,.T.);
#3590=EDGE_CURVE('',#2965,#2965,#2466,.T.);
#3591=EDGE_CURVE('',#2966,#2966,#2467,.T.);
#3592=EDGE_CURVE('',#2967,#2967,#2468,.T.);
#3593=EDGE_CURVE('',#2968,#2968,#2469,.T.);
#3594=EDGE_CURVE('',#2969,#2969,#2470,.T.);
#3595=EDGE_CURVE('',#2970,#2970,#2471,.T.);
#3596=EDGE_CURVE('',#2971,#2971,#2472,.T.);
#3597=EDGE_CURVE('',#2972,#2972,#2473,.T.);
#3598=EDGE_CURVE('',#2973,#2973,#2474,.T.);
#3599=EDGE_CURVE('',#2974,#2974,#2475,.T.);
#3600=EDGE_CURVE('',#2975,#2975,#2476,.T.);
#3601=EDGE_CURVE('',#2976,#2976,#2477,.T.);
#3602=EDGE_CURVE('',#2977,#2977,#2478,.T.);
#3603=EDGE_CURVE('',#2978,#2978,#2479,.T.);
#3604=EDGE_CURVE('',#2979,#2979,#2480,.T.);
#3605=EDGE_CURVE('',#2980,#2980,#2481,.T.);
#3606=EDGE_CURVE('',#2981,#2981,#2482,.T.);
#3607=EDGE_CURVE('',#2982,#2982,#2483,.T.);
#3608=EDGE_CURVE('',#2983,#2983,#2484,.T.);
#3609=EDGE_CURVE('',#2984,#2984,#2485,.T.);
#3610=EDGE_CURVE('',#2985,#2985,#2486,.T.);
#3611=EDGE_CURVE('',#2986,#2986,#2487,.T.);
#3612=EDGE_CURVE('',#2987,#2987,#2488,.T.);
#3613=EDGE_CURVE('',#2988,#2988,#2489,.T.);
#3614=EDGE_CURVE('',#2989,#2989,#2490,.T.);
#3615=EDGE_CURVE('',#2990,#2990,#2491,.T.);
#3616=EDGE_CURVE('',#2991,#2991,#2492,.T.);
#3617=EDGE_CURVE('',#2992,#2992,#2493,.T.);
#3618=EDGE_CURVE('',#2993,#2993,#2494,.T.);
#3619=EDGE_CURVE('',#2994,#2994,#2495,.T.);
#3620=EDGE_CURVE('',#2995,#2995,#2496,.T.);
#3621=EDGE_CURVE('',#2996,#2996,#2497,.T.);
#3622=EDGE_CURVE('',#2997,#2997,#2498,.T.);
#3623=EDGE_CURVE('',#2998,#2998,#2499,.T.);
#3624=EDGE_CURVE('',#2999,#2999,#2500,.T.);
#3625=EDGE_CURVE('',#3000,#3000,#2501,.T.);
#3626=EDGE_CURVE('',#3001,#3001,#2502,.T.);
#3627=EDGE_CURVE('',#3002,#3002,#2503,.T.);
#3628=EDGE_CURVE('',#3003,#3003,#2504,.T.);
#3629=EDGE_CURVE('',#3004,#3004,#2505,.T.);
#3630=EDGE_CURVE('',#3005,#3005,#2506,.T.);
#3631=EDGE_CURVE('',#3006,#3006,#2507,.T.);
#3632=EDGE_CURVE('',#3007,#3007,#2508,.T.);
#3633=EDGE_CURVE('',#3008,#3008,#2509,.T.);
#3634=EDGE_CURVE('',#3009,#3009,#2510,.T.);
#3635=EDGE_CURVE('',#3010,#3010,#2511,.T.);
#3636=EDGE_CURVE('',#3011,#3011,#2512,.T.);
#3637=EDGE_CURVE('',#3012,#3012,#2513,.T.);
#3638=EDGE_CURVE('',#3013,#3013,#2514,.T.);
#3639=EDGE_CURVE('',#3014,#3014,#2515,.T.);
#3640=EDGE_CURVE('',#3015,#3015,#2516,.T.);
#3641=EDGE_CURVE('',#3016,#3016,#2517,.T.);
#3642=EDGE_CURVE('',#3017,#3017,#2518,.T.);
#3643=EDGE_CURVE('',#3018,#3018,#2519,.T.);
#3644=EDGE_CURVE('',#3019,#3019,#2520,.T.);
#3645=EDGE_CURVE('',#3020,#3020,#2521,.T.);
#3646=EDGE_CURVE('',#3021,#3021,#2522,.T.);
#3647=EDGE_CURVE('',#3022,#3022,#2523,.T.);
#3648=EDGE_CURVE('',#3023,#3023,#2524,.T.);
#3649=EDGE_CURVE('',#3024,#3024,#2525,.T.);
#3650=EDGE_CURVE('',#3025,#3025,#2526,.T.);
#3651=EDGE_CURVE('',#3026,#3026,#2527,.T.);
#3652=EDGE_CURVE('',#3027,#3027,#2528,.T.);
#3653=EDGE_CURVE('',#3028,#3028,#2529,.T.);
#3654=EDGE_CURVE('',#3029,#3029,#2530,.T.);
#3655=EDGE_CURVE('',#3030,#3030,#2531,.T.);
#3656=EDGE_CURVE('',#3031,#3031,#2532,.T.);
#3657=EDGE_CURVE('',#3032,#3032,#2533,.T.);
#3658=EDGE_CURVE('',#3033,#3033,#2534,.T.);
#3659=EDGE_CURVE('',#3034,#3034,#2535,.T.);
#3660=EDGE_CURVE('',#3035,#3035,#2536,.T.);
#3661=EDGE_CURVE('',#3036,#3036,#2537,.T.);
#3662=EDGE_CURVE('',#3037,#3037,#2538,.T.);
#3663=EDGE_CURVE('',#3038,#3038,#2539,.T.);
#3664=EDGE_CURVE('',#3039,#3039,#2540,.T.);
#3665=EDGE_CURVE('',#3040,#3040,#2541,.T.);
#3666=EDGE_CURVE('',#3041,#3041,#2542,.T.);
#3667=EDGE_CURVE('',#3042,#3042,#2543,.T.);
#3668=EDGE_CURVE('',#3043,#3043,#2544,.T.);
#3669=EDGE_CURVE('',#3044,#3044,#2545,.T.);
#3670=EDGE_CURVE('',#3045,#3045,#2546,.T.);
#3671=EDGE_CURVE('',#3046,#3046,#2547,.T.);
#3672=EDGE_CURVE('',#3047,#3047,#2548,.T.);
#3673=EDGE_CURVE('',#3048,#3048,#2549,.T.);
#3674=EDGE_CURVE('',#3049,#3049,#2550,.T.);
#3675=EDGE_CURVE('',#3050,#3050,#2551,.T.);
#3676=EDGE_CURVE('',#3051,#3051,#2552,.T.);
#3677=EDGE_CURVE('',#3052,#3052,#2553,.T.);
#3678=EDGE_CURVE('',#2792,#2919,#821,.T.);
#3679=EDGE_CURVE('',#2785,#2926,#822,.T.);
#3680=EDGE_CURVE('',#2791,#2920,#823,.T.);
#3681=EDGE_CURVE('',#2786,#2925,#824,.T.);
#3682=EDGE_CURVE('',#2790,#2921,#825,.T.);
#3683=EDGE_CURVE('',#2787,#2924,#826,.T.);
#3684=EDGE_CURVE('',#2789,#2922,#827,.T.);
#3685=EDGE_CURVE('',#2788,#2923,#828,.T.);
#3686=EDGE_CURVE('',#2793,#2927,#829,.T.);
#3687=EDGE_CURVE('',#2794,#2928,#830,.T.);
#3688=EDGE_CURVE('',#2796,#2929,#831,.T.);
#3689=EDGE_CURVE('',#2795,#2930,#832,.T.);
#3690=EDGE_CURVE('',#2797,#2931,#833,.T.);
#3691=EDGE_CURVE('',#2798,#2932,#834,.T.);
#3692=EDGE_CURVE('',#2800,#2933,#835,.T.);
#3693=EDGE_CURVE('',#2799,#2934,#836,.T.);
#3694=EDGE_CURVE('',#2801,#2935,#837,.T.);
#3695=EDGE_CURVE('',#2802,#2936,#838,.T.);
#3696=EDGE_CURVE('',#2803,#2937,#839,.T.);
#3697=EDGE_CURVE('',#2804,#2938,#840,.T.);
#3698=EDGE_CURVE('',#2805,#2939,#841,.T.);
#3699=EDGE_CURVE('',#2806,#2940,#842,.T.);
#3700=EDGE_CURVE('',#2807,#2941,#843,.T.);
#3701=EDGE_CURVE('',#2808,#2942,#844,.T.);
#3702=EDGE_CURVE('',#2809,#2943,#845,.T.);
#3703=EDGE_CURVE('',#2810,#2944,#846,.T.);
#3704=EDGE_CURVE('',#2811,#2945,#847,.T.);
#3705=EDGE_CURVE('',#2812,#2946,#848,.T.);
#3706=EDGE_CURVE('',#2813,#2947,#849,.T.);
#3707=EDGE_CURVE('',#2814,#2948,#850,.T.);
#3708=EDGE_CURVE('',#2815,#2949,#851,.T.);
#3709=EDGE_CURVE('',#2816,#2950,#852,.T.);
#3710=EDGE_CURVE('',#2817,#2951,#853,.T.);
#3711=EDGE_CURVE('',#2818,#2952,#854,.T.);
#3712=EDGE_CURVE('',#2819,#2953,#855,.T.);
#3713=EDGE_CURVE('',#2820,#2954,#856,.T.);
#3714=EDGE_CURVE('',#2821,#2955,#857,.T.);
#3715=EDGE_CURVE('',#2822,#2956,#858,.T.);
#3716=EDGE_CURVE('',#2823,#2957,#859,.T.);
#3717=EDGE_CURVE('',#2824,#2958,#860,.T.);
#3718=EDGE_CURVE('',#2825,#2959,#861,.T.);
#3719=EDGE_CURVE('',#2826,#2960,#862,.T.);
#3720=EDGE_CURVE('',#2827,#2961,#863,.T.);
#3721=EDGE_CURVE('',#2828,#2962,#864,.T.);
#3722=EDGE_CURVE('',#2829,#2963,#865,.T.);
#3723=EDGE_CURVE('',#2830,#2964,#866,.T.);
#3724=EDGE_CURVE('',#2831,#2965,#867,.T.);
#3725=EDGE_CURVE('',#2832,#2966,#868,.T.);
#3726=EDGE_CURVE('',#2833,#2967,#869,.T.);
#3727=EDGE_CURVE('',#2834,#2968,#870,.T.);
#3728=EDGE_CURVE('',#2835,#2969,#871,.T.);
#3729=EDGE_CURVE('',#2836,#2970,#872,.T.);
#3730=EDGE_CURVE('',#2837,#2971,#873,.T.);
#3731=EDGE_CURVE('',#2838,#2972,#874,.T.);
#3732=EDGE_CURVE('',#2839,#2973,#875,.T.);
#3733=EDGE_CURVE('',#2840,#2974,#876,.T.);
#3734=EDGE_CURVE('',#2841,#2975,#877,.T.);
#3735=EDGE_CURVE('',#2842,#2976,#878,.T.);
#3736=EDGE_CURVE('',#2843,#2977,#879,.T.);
#3737=EDGE_CURVE('',#2844,#2978,#880,.T.);
#3738=EDGE_CURVE('',#2845,#2979,#881,.T.);
#3739=EDGE_CURVE('',#2846,#2980,#882,.T.);
#3740=EDGE_CURVE('',#2847,#2981,#883,.T.);
#3741=EDGE_CURVE('',#2848,#2982,#884,.T.);
#3742=EDGE_CURVE('',#2849,#2983,#885,.T.);
#3743=EDGE_CURVE('',#2850,#2984,#886,.T.);
#3744=EDGE_CURVE('',#2851,#2985,#887,.T.);
#3745=EDGE_CURVE('',#2852,#2986,#888,.T.);
#3746=EDGE_CURVE('',#2853,#2987,#889,.T.);
#3747=EDGE_CURVE('',#2854,#2988,#890,.T.);
#3748=EDGE_CURVE('',#2855,#2989,#891,.T.);
#3749=EDGE_CURVE('',#2856,#2990,#892,.T.);
#3750=EDGE_CURVE('',#2857,#2991,#893,.T.);
#3751=EDGE_CURVE('',#2858,#2992,#894,.T.);
#3752=EDGE_CURVE('',#2859,#2993,#895,.T.);
#3753=EDGE_CURVE('',#2860,#2994,#896,.T.);
#3754=EDGE_CURVE('',#2861,#2995,#897,.T.);
#3755=EDGE_CURVE('',#2862,#2996,#898,.T.);
#3756=EDGE_CURVE('',#2863,#2997,#899,.T.);
#3757=EDGE_CURVE('',#2864,#2998,#900,.T.);
#3758=EDGE_CURVE('',#2865,#2999,#901,.T.);
#3759=EDGE_CURVE('',#2866,#3000,#902,.T.);
#3760=EDGE_CURVE('',#2867,#3001,#903,.T.);
#3761=EDGE_CURVE('',#2868,#3002,#904,.T.);
#3762=EDGE_CURVE('',#2869,#3003,#905,.T.);
#3763=EDGE_CURVE('',#2870,#3004,#906,.T.);
#3764=EDGE_CURVE('',#2871,#3005,#907,.T.);
#3765=EDGE_CURVE('',#2872,#3006,#908,.T.);
#3766=EDGE_CURVE('',#2873,#3007,#909,.T.);
#3767=EDGE_CURVE('',#2874,#3008,#910,.T.);
#3768=EDGE_CURVE('',#2875,#3009,#911,.T.);
#3769=EDGE_CURVE('',#2876,#3010,#912,.T.);
#3770=EDGE_CURVE('',#2877,#3011,#913,.T.);
#3771=EDGE_CURVE('',#2878,#3012,#914,.T.);
#3772=EDGE_CURVE('',#2879,#3013,#915,.T.);
#3773=EDGE_CURVE('',#2880,#3014,#916,.T.);
#3774=EDGE_CURVE('',#2881,#3015,#917,.T.);
#3775=EDGE_CURVE('',#2882,#3016,#918,.T.);
#3776=EDGE_CURVE('',#2883,#3017,#919,.T.);
#3777=EDGE_CURVE('',#2884,#3018,#920,.T.);
#3778=EDGE_CURVE('',#2885,#3019,#921,.T.);
#3779=EDGE_CURVE('',#2886,#3020,#922,.T.);
#3780=EDGE_CURVE('',#2887,#3021,#923,.T.);
#3781=EDGE_CURVE('',#2888,#3022,#924,.T.);
#3782=EDGE_CURVE('',#2889,#3023,#925,.T.);
#3783=EDGE_CURVE('',#2890,#3024,#926,.T.);
#3784=EDGE_CURVE('',#2891,#3025,#927,.T.);
#3785=EDGE_CURVE('',#2892,#3026,#928,.T.);
#3786=EDGE_CURVE('',#2893,#3027,#929,.T.);
#3787=EDGE_CURVE('',#2894,#3028,#930,.T.);
#3788=EDGE_CURVE('',#2895,#3029,#931,.T.);
#3789=EDGE_CURVE('',#2896,#3030,#932,.T.);
#3790=EDGE_CURVE('',#2897,#3031,#933,.T.);
#3791=EDGE_CURVE('',#2898,#3032,#934,.T.);
#3792=EDGE_CURVE('',#2899,#3033,#935,.T.);
#3793=EDGE_CURVE('',#2900,#3034,#936,.T.);
#3794=EDGE_CURVE('',#2901,#3035,#937,.T.);
#3795=EDGE_CURVE('',#2902,#3036,#938,.T.);
#3796=EDGE_CURVE('',#2903,#3037,#939,.T.);
#3797=EDGE_CURVE('',#2904,#3038,#940,.T.);
#3798=EDGE_CURVE('',#2905,#3039,#941,.T.);
#3799=EDGE_CURVE('',#2906,#3040,#942,.T.);
#3800=EDGE_CURVE('',#2907,#3041,#943,.T.);
#3801=EDGE_CURVE('',#2908,#3042,#944,.T.);
#3802=EDGE_CURVE('',#2909,#3043,#945,.T.);
#3803=EDGE_CURVE('',#2910,#3044,#946,.T.);
#3804=EDGE_CURVE('',#2911,#3045,#947,.T.);
#3805=EDGE_CURVE('',#2912,#3046,#948,.T.);
#3806=EDGE_CURVE('',#2913,#3047,#949,.T.);
#3807=EDGE_CURVE('',#2914,#3048,#950,.T.);
#3808=EDGE_CURVE('',#2915,#3049,#951,.T.);
#3809=EDGE_CURVE('',#2916,#3050,#952,.T.);
#3810=EDGE_CURVE('',#2917,#3051,#953,.T.);
#3811=EDGE_CURVE('',#2918,#3052,#954,.T.);
#3812=ORIENTED_EDGE('',*,*,#3053,.T.);
#3813=ORIENTED_EDGE('',*,*,#3054,.T.);
#3814=ORIENTED_EDGE('',*,*,#3055,.F.);
#3815=ORIENTED_EDGE('',*,*,#3056,.F.);
#3816=ORIENTED_EDGE('',*,*,#3057,.T.);
#3817=ORIENTED_EDGE('',*,*,#3053,.F.);
#3818=ORIENTED_EDGE('',*,*,#3058,.T.);
#3819=ORIENTED_EDGE('',*,*,#3059,.F.);
#3820=ORIENTED_EDGE('',*,*,#3060,.F.);
#3821=ORIENTED_EDGE('',*,*,#3061,.T.);
#3822=ORIENTED_EDGE('',*,*,#3062,.F.);
#3823=ORIENTED_EDGE('',*,*,#3063,.F.);
#3824=ORIENTED_EDGE('',*,*,#3064,.F.);
#3825=ORIENTED_EDGE('',*,*,#3065,.F.);
#3826=ORIENTED_EDGE('',*,*,#3066,.F.);
#3827=ORIENTED_EDGE('',*,*,#3067,.F.);
#3828=ORIENTED_EDGE('',*,*,#3068,.T.);
#3829=ORIENTED_EDGE('',*,*,#3057,.F.);
#3830=ORIENTED_EDGE('',*,*,#3069,.F.);
#3831=ORIENTED_EDGE('',*,*,#3070,.F.);
#3832=ORIENTED_EDGE('',*,*,#3071,.F.);
#3833=ORIENTED_EDGE('',*,*,#3072,.F.);
#3834=ORIENTED_EDGE('',*,*,#3073,.F.);
#3835=ORIENTED_EDGE('',*,*,#3074,.F.);
#3836=ORIENTED_EDGE('',*,*,#3075,.F.);
#3837=ORIENTED_EDGE('',*,*,#3076,.T.);
#3838=ORIENTED_EDGE('',*,*,#3077,.T.);
#3839=ORIENTED_EDGE('',*,*,#3078,.F.);
#3840=ORIENTED_EDGE('',*,*,#3058,.F.);
#3841=ORIENTED_EDGE('',*,*,#3079,.T.);
#3842=ORIENTED_EDGE('',*,*,#3080,.F.);
#3843=ORIENTED_EDGE('',*,*,#3081,.F.);
#3844=ORIENTED_EDGE('',*,*,#3082,.F.);
#3845=ORIENTED_EDGE('',*,*,#3083,.F.);
#3846=ORIENTED_EDGE('',*,*,#3084,.F.);
#3847=ORIENTED_EDGE('',*,*,#3085,.T.);
#3848=ORIENTED_EDGE('',*,*,#3086,.T.);
#3849=ORIENTED_EDGE('',*,*,#3087,.T.);
#3850=ORIENTED_EDGE('',*,*,#3088,.T.);
#3851=ORIENTED_EDGE('',*,*,#3089,.T.);
#3852=ORIENTED_EDGE('',*,*,#3090,.T.);
#3853=ORIENTED_EDGE('',*,*,#3091,.T.);
#3854=ORIENTED_EDGE('',*,*,#3055,.T.);
#3855=ORIENTED_EDGE('',*,*,#3092,.T.);
#3856=ORIENTED_EDGE('',*,*,#3093,.T.);
#3857=ORIENTED_EDGE('',*,*,#3090,.F.);
#3858=ORIENTED_EDGE('',*,*,#3094,.F.);
#3859=ORIENTED_EDGE('',*,*,#3095,.T.);
#3860=ORIENTED_EDGE('',*,*,#3096,.T.);
#3861=ORIENTED_EDGE('',*,*,#3097,.T.);
#3862=ORIENTED_EDGE('',*,*,#3092,.F.);
#3863=ORIENTED_EDGE('',*,*,#3098,.T.);
#3864=ORIENTED_EDGE('',*,*,#3099,.T.);
#3865=ORIENTED_EDGE('',*,*,#3100,.T.);
#3866=ORIENTED_EDGE('',*,*,#3096,.F.);
#3867=ORIENTED_EDGE('',*,*,#3101,.T.);
#3868=ORIENTED_EDGE('',*,*,#3102,.T.);
#3869=ORIENTED_EDGE('',*,*,#3103,.T.);
#3870=ORIENTED_EDGE('',*,*,#3099,.F.);
#3871=ORIENTED_EDGE('',*,*,#3104,.T.);
#3872=ORIENTED_EDGE('',*,*,#3105,.T.);
#3873=ORIENTED_EDGE('',*,*,#3106,.T.);
#3874=ORIENTED_EDGE('',*,*,#3102,.F.);
#3875=ORIENTED_EDGE('',*,*,#3107,.T.);
#3876=ORIENTED_EDGE('',*,*,#3108,.T.);
#3877=ORIENTED_EDGE('',*,*,#3109,.T.);
#3878=ORIENTED_EDGE('',*,*,#3105,.F.);
#3879=ORIENTED_EDGE('',*,*,#3110,.T.);
#3880=ORIENTED_EDGE('',*,*,#3107,.F.);
#3881=ORIENTED_EDGE('',*,*,#3111,.T.);
#3882=ORIENTED_EDGE('',*,*,#3112,.T.);
#3883=ORIENTED_EDGE('',*,*,#3113,.T.);
#3884=ORIENTED_EDGE('',*,*,#3114,.T.);
#3885=ORIENTED_EDGE('',*,*,#3115,.F.);
#3886=ORIENTED_EDGE('',*,*,#3116,.F.);
#3887=ORIENTED_EDGE('',*,*,#3104,.F.);
#3888=ORIENTED_EDGE('',*,*,#3117,.T.);
#3889=ORIENTED_EDGE('',*,*,#3118,.T.);
#3890=ORIENTED_EDGE('',*,*,#3111,.F.);
#3891=ORIENTED_EDGE('',*,*,#3101,.F.);
#3892=ORIENTED_EDGE('',*,*,#3119,.T.);
#3893=ORIENTED_EDGE('',*,*,#3120,.F.);
#3894=ORIENTED_EDGE('',*,*,#3121,.F.);
#3895=ORIENTED_EDGE('',*,*,#3122,.T.);
#3896=ORIENTED_EDGE('',*,*,#3123,.T.);
#3897=ORIENTED_EDGE('',*,*,#3117,.F.);
#3898=ORIENTED_EDGE('',*,*,#3098,.F.);
#3899=ORIENTED_EDGE('',*,*,#3124,.T.);
#3900=ORIENTED_EDGE('',*,*,#3125,.F.);
#3901=ORIENTED_EDGE('',*,*,#3126,.F.);
#3902=ORIENTED_EDGE('',*,*,#3127,.F.);
#3903=ORIENTED_EDGE('',*,*,#3128,.F.);
#3904=ORIENTED_EDGE('',*,*,#3129,.F.);
#3905=ORIENTED_EDGE('',*,*,#3130,.T.);
#3906=ORIENTED_EDGE('',*,*,#3131,.T.);
#3907=ORIENTED_EDGE('',*,*,#3132,.F.);
#3908=ORIENTED_EDGE('',*,*,#3119,.F.);
#3909=ORIENTED_EDGE('',*,*,#3095,.F.);
#3910=ORIENTED_EDGE('',*,*,#3133,.T.);
#3911=ORIENTED_EDGE('',*,*,#3134,.T.);
#3912=ORIENTED_EDGE('',*,*,#3135,.F.);
#3913=ORIENTED_EDGE('',*,*,#3136,.T.);
#3914=ORIENTED_EDGE('',*,*,#3137,.F.);
#3915=ORIENTED_EDGE('',*,*,#3124,.F.);
#3916=ORIENTED_EDGE('',*,*,#3088,.F.);
#3917=ORIENTED_EDGE('',*,*,#3138,.T.);
#3918=ORIENTED_EDGE('',*,*,#3139,.F.);
#3919=ORIENTED_EDGE('',*,*,#3140,.F.);
#3920=ORIENTED_EDGE('',*,*,#3141,.F.);
#3921=ORIENTED_EDGE('',*,*,#3142,.F.);
#3922=ORIENTED_EDGE('',*,*,#3143,.T.);
#3923=ORIENTED_EDGE('',*,*,#3144,.F.);
#3924=ORIENTED_EDGE('',*,*,#3145,.F.);
#3925=ORIENTED_EDGE('',*,*,#3146,.T.);
#3926=ORIENTED_EDGE('',*,*,#3147,.F.);
#3927=ORIENTED_EDGE('',*,*,#3148,.T.);
#3928=ORIENTED_EDGE('',*,*,#3132,.T.);
#3929=ORIENTED_EDGE('',*,*,#3149,.T.);
#3930=ORIENTED_EDGE('',*,*,#3120,.T.);
#3931=ORIENTED_EDGE('',*,*,#3148,.F.);
#3932=ORIENTED_EDGE('',*,*,#3150,.F.);
#3933=ORIENTED_EDGE('',*,*,#3146,.F.);
#3934=ORIENTED_EDGE('',*,*,#3131,.F.);
#3935=ORIENTED_EDGE('',*,*,#3151,.T.);
#3936=ORIENTED_EDGE('',*,*,#3152,.T.);
#3937=ORIENTED_EDGE('',*,*,#3153,.T.);
#3938=ORIENTED_EDGE('',*,*,#3154,.T.);
#3939=ORIENTED_EDGE('',*,*,#3155,.T.);
#3940=ORIENTED_EDGE('',*,*,#3156,.F.);
#3941=ORIENTED_EDGE('',*,*,#3157,.T.);
#3942=ORIENTED_EDGE('',*,*,#3158,.F.);
#3943=ORIENTED_EDGE('',*,*,#3155,.F.);
#3944=ORIENTED_EDGE('',*,*,#3115,.T.);
#3945=ORIENTED_EDGE('',*,*,#3110,.F.);
#3946=ORIENTED_EDGE('',*,*,#3116,.T.);
#3947=ORIENTED_EDGE('',*,*,#3154,.F.);
#3948=ORIENTED_EDGE('',*,*,#3159,.F.);
#3949=ORIENTED_EDGE('',*,*,#3160,.T.);
#3950=ORIENTED_EDGE('',*,*,#3153,.F.);
#3951=ORIENTED_EDGE('',*,*,#3161,.T.);
#3952=ORIENTED_EDGE('',*,*,#3162,.T.);
#3953=ORIENTED_EDGE('',*,*,#3163,.F.);
#3954=ORIENTED_EDGE('',*,*,#3164,.T.);
#3955=ORIENTED_EDGE('',*,*,#3159,.T.);
#3956=ORIENTED_EDGE('',*,*,#3149,.F.);
#3957=ORIENTED_EDGE('',*,*,#3165,.F.);
#3958=ORIENTED_EDGE('',*,*,#3166,.T.);
#3959=ORIENTED_EDGE('',*,*,#3121,.T.);
#3960=ORIENTED_EDGE('',*,*,#3157,.F.);
#3961=ORIENTED_EDGE('',*,*,#3114,.F.);
#3962=ORIENTED_EDGE('',*,*,#3167,.T.);
#3963=ORIENTED_EDGE('',*,*,#3168,.T.);
#3964=ORIENTED_EDGE('',*,*,#3140,.T.);
#3965=ORIENTED_EDGE('',*,*,#3169,.T.);
#3966=ORIENTED_EDGE('',*,*,#3170,.T.);
#3967=ORIENTED_EDGE('',*,*,#3171,.T.);
#3968=ORIENTED_EDGE('',*,*,#3172,.T.);
#3969=ORIENTED_EDGE('',*,*,#3173,.T.);
#3970=ORIENTED_EDGE('',*,*,#3174,.T.);
#3971=ORIENTED_EDGE('',*,*,#3175,.T.);
#3972=ORIENTED_EDGE('',*,*,#3172,.F.);
#3973=ORIENTED_EDGE('',*,*,#3176,.T.);
#3974=ORIENTED_EDGE('',*,*,#3170,.F.);
#3975=ORIENTED_EDGE('',*,*,#3177,.T.);
#3976=ORIENTED_EDGE('',*,*,#3178,.T.);
#3977=ORIENTED_EDGE('',*,*,#3179,.T.);
#3978=ORIENTED_EDGE('',*,*,#3180,.T.);
#3979=ORIENTED_EDGE('',*,*,#3181,.T.);
#3980=ORIENTED_EDGE('',*,*,#3178,.F.);
#3981=ORIENTED_EDGE('',*,*,#3182,.T.);
#3982=ORIENTED_EDGE('',*,*,#3174,.F.);
#3983=ORIENTED_EDGE('',*,*,#3183,.T.);
#3984=ORIENTED_EDGE('',*,*,#3184,.T.);
#3985=ORIENTED_EDGE('',*,*,#3185,.T.);
#3986=ORIENTED_EDGE('',*,*,#3186,.T.);
#3987=ORIENTED_EDGE('',*,*,#3187,.T.);
#3988=ORIENTED_EDGE('',*,*,#3184,.F.);
#3989=ORIENTED_EDGE('',*,*,#3188,.T.);
#3990=ORIENTED_EDGE('',*,*,#3180,.F.);
#3991=ORIENTED_EDGE('',*,*,#3189,.T.);
#3992=ORIENTED_EDGE('',*,*,#3190,.T.);
#3993=ORIENTED_EDGE('',*,*,#3191,.T.);
#3994=ORIENTED_EDGE('',*,*,#3192,.T.);
#3995=ORIENTED_EDGE('',*,*,#3193,.T.);
#3996=ORIENTED_EDGE('',*,*,#3194,.T.);
#3997=ORIENTED_EDGE('',*,*,#3192,.F.);
#3998=ORIENTED_EDGE('',*,*,#3195,.T.);
#3999=ORIENTED_EDGE('',*,*,#3186,.F.);
#4000=ORIENTED_EDGE('',*,*,#3196,.T.);
#4001=ORIENTED_EDGE('',*,*,#3171,.F.);
#4002=ORIENTED_EDGE('',*,*,#3176,.F.);
#4003=ORIENTED_EDGE('',*,*,#3175,.F.);
#4004=ORIENTED_EDGE('',*,*,#3182,.F.);
#4005=ORIENTED_EDGE('',*,*,#3181,.F.);
#4006=ORIENTED_EDGE('',*,*,#3188,.F.);
#4007=ORIENTED_EDGE('',*,*,#3187,.F.);
#4008=ORIENTED_EDGE('',*,*,#3195,.F.);
#4009=ORIENTED_EDGE('',*,*,#3191,.F.);
#4010=ORIENTED_EDGE('',*,*,#3197,.T.);
#4011=ORIENTED_EDGE('',*,*,#3198,.F.);
#4012=ORIENTED_EDGE('',*,*,#3199,.F.);
#4013=ORIENTED_EDGE('',*,*,#3200,.F.);
#4014=ORIENTED_EDGE('',*,*,#3141,.T.);
#4015=ORIENTED_EDGE('',*,*,#3190,.F.);
#4016=ORIENTED_EDGE('',*,*,#3201,.T.);
#4017=ORIENTED_EDGE('',*,*,#3202,.F.);
#4018=ORIENTED_EDGE('',*,*,#3203,.T.);
#4019=ORIENTED_EDGE('',*,*,#3204,.T.);
#4020=ORIENTED_EDGE('',*,*,#3197,.F.);
#4021=ORIENTED_EDGE('',*,*,#3194,.F.);
#4022=ORIENTED_EDGE('',*,*,#3205,.F.);
#4023=ORIENTED_EDGE('',*,*,#3061,.F.);
#4024=ORIENTED_EDGE('',*,*,#3206,.F.);
#4025=ORIENTED_EDGE('',*,*,#3207,.F.);
#4026=ORIENTED_EDGE('',*,*,#3208,.F.);
#4027=ORIENTED_EDGE('',*,*,#3209,.F.);
#4028=ORIENTED_EDGE('',*,*,#3201,.F.);
#4029=ORIENTED_EDGE('',*,*,#3109,.F.);
#4030=ORIENTED_EDGE('',*,*,#3210,.T.);
#4031=ORIENTED_EDGE('',*,*,#3075,.T.);
#4032=ORIENTED_EDGE('',*,*,#3211,.T.);
#4033=ORIENTED_EDGE('',*,*,#3106,.F.);
#4034=ORIENTED_EDGE('',*,*,#3211,.F.);
#4035=ORIENTED_EDGE('',*,*,#3074,.T.);
#4036=ORIENTED_EDGE('',*,*,#3212,.T.);
#4037=ORIENTED_EDGE('',*,*,#3103,.F.);
#4038=ORIENTED_EDGE('',*,*,#3212,.F.);
#4039=ORIENTED_EDGE('',*,*,#3073,.T.);
#4040=ORIENTED_EDGE('',*,*,#3213,.T.);
#4041=ORIENTED_EDGE('',*,*,#3100,.F.);
#4042=ORIENTED_EDGE('',*,*,#3213,.F.);
#4043=ORIENTED_EDGE('',*,*,#3072,.T.);
#4044=ORIENTED_EDGE('',*,*,#3214,.T.);
#4045=ORIENTED_EDGE('',*,*,#3097,.F.);
#4046=ORIENTED_EDGE('',*,*,#3214,.F.);
#4047=ORIENTED_EDGE('',*,*,#3071,.T.);
#4048=ORIENTED_EDGE('',*,*,#3215,.T.);
#4049=ORIENTED_EDGE('',*,*,#3093,.F.);
#4050=ORIENTED_EDGE('',*,*,#3215,.F.);
#4051=ORIENTED_EDGE('',*,*,#3070,.T.);
#4052=ORIENTED_EDGE('',*,*,#3216,.T.);
#4053=ORIENTED_EDGE('',*,*,#3091,.F.);
#4054=ORIENTED_EDGE('',*,*,#3216,.F.);
#4055=ORIENTED_EDGE('',*,*,#3069,.T.);
#4056=ORIENTED_EDGE('',*,*,#3056,.T.);
#4057=ORIENTED_EDGE('',*,*,#3054,.F.);
#4058=ORIENTED_EDGE('',*,*,#3068,.F.);
#4059=ORIENTED_EDGE('',*,*,#3067,.T.);
#4060=ORIENTED_EDGE('',*,*,#3217,.F.);
#4061=ORIENTED_EDGE('',*,*,#3138,.F.);
#4062=ORIENTED_EDGE('',*,*,#3087,.F.);
#4063=ORIENTED_EDGE('',*,*,#3218,.F.);
#4064=ORIENTED_EDGE('',*,*,#3219,.T.);
#4065=ORIENTED_EDGE('',*,*,#3220,.F.);
#4066=ORIENTED_EDGE('',*,*,#3221,.T.);
#4067=ORIENTED_EDGE('',*,*,#3218,.T.);
#4068=ORIENTED_EDGE('',*,*,#3222,.T.);
#4069=ORIENTED_EDGE('',*,*,#3223,.T.);
#4070=ORIENTED_EDGE('',*,*,#3224,.T.);
#4071=ORIENTED_EDGE('',*,*,#3221,.F.);
#4072=ORIENTED_EDGE('',*,*,#3225,.T.);
#4073=ORIENTED_EDGE('',*,*,#3203,.F.);
#4074=ORIENTED_EDGE('',*,*,#3226,.F.);
#4075=ORIENTED_EDGE('',*,*,#3227,.T.);
#4076=ORIENTED_EDGE('',*,*,#3228,.T.);
#4077=ORIENTED_EDGE('',*,*,#3202,.T.);
#4078=ORIENTED_EDGE('',*,*,#3209,.T.);
#4079=ORIENTED_EDGE('',*,*,#3229,.T.);
#4080=ORIENTED_EDGE('',*,*,#3226,.T.);
#4081=ORIENTED_EDGE('',*,*,#3220,.T.);
#4082=ORIENTED_EDGE('',*,*,#3230,.F.);
#4083=ORIENTED_EDGE('',*,*,#3198,.T.);
#4084=ORIENTED_EDGE('',*,*,#3204,.F.);
#4085=ORIENTED_EDGE('',*,*,#3225,.F.);
#4086=ORIENTED_EDGE('',*,*,#3231,.F.);
#4087=ORIENTED_EDGE('',*,*,#3232,.F.);
#4088=ORIENTED_EDGE('',*,*,#3122,.F.);
#4089=ORIENTED_EDGE('',*,*,#3166,.F.);
#4090=ORIENTED_EDGE('',*,*,#3233,.F.);
#4091=ORIENTED_EDGE('',*,*,#3234,.F.);
#4092=ORIENTED_EDGE('',*,*,#3112,.F.);
#4093=ORIENTED_EDGE('',*,*,#3118,.F.);
#4094=ORIENTED_EDGE('',*,*,#3123,.F.);
#4095=ORIENTED_EDGE('',*,*,#3232,.T.);
#4096=ORIENTED_EDGE('',*,*,#3235,.F.);
#4097=ORIENTED_EDGE('',*,*,#3236,.F.);
#4098=ORIENTED_EDGE('',*,*,#3237,.F.);
#4099=ORIENTED_EDGE('',*,*,#3167,.F.);
#4100=ORIENTED_EDGE('',*,*,#3113,.F.);
#4101=ORIENTED_EDGE('',*,*,#3234,.T.);
#4102=ORIENTED_EDGE('',*,*,#3236,.T.);
#4103=ORIENTED_EDGE('',*,*,#3238,.T.);
#4104=ORIENTED_EDGE('',*,*,#3239,.T.);
#4105=ORIENTED_EDGE('',*,*,#3240,.F.);
#4106=ORIENTED_EDGE('',*,*,#3235,.T.);
#4107=ORIENTED_EDGE('',*,*,#3231,.T.);
#4108=ORIENTED_EDGE('',*,*,#3165,.T.);
#4109=ORIENTED_EDGE('',*,*,#3150,.T.);
#4110=ORIENTED_EDGE('',*,*,#3241,.T.);
#4111=ORIENTED_EDGE('',*,*,#3242,.T.);
#4112=ORIENTED_EDGE('',*,*,#3238,.F.);
#4113=ORIENTED_EDGE('',*,*,#3243,.F.);
#4114=ORIENTED_EDGE('',*,*,#3244,.F.);
#4115=ORIENTED_EDGE('',*,*,#3245,.F.);
#4116=ORIENTED_EDGE('',*,*,#3246,.F.);
#4117=ORIENTED_EDGE('',*,*,#3247,.F.);
#4118=ORIENTED_EDGE('',*,*,#3248,.F.);
#4119=ORIENTED_EDGE('',*,*,#3249,.F.);
#4120=ORIENTED_EDGE('',*,*,#3250,.F.);
#4121=ORIENTED_EDGE('',*,*,#3251,.F.);
#4122=ORIENTED_EDGE('',*,*,#3162,.F.);
#4123=ORIENTED_EDGE('',*,*,#3252,.F.);
#4124=ORIENTED_EDGE('',*,*,#3253,.F.);
#4125=ORIENTED_EDGE('',*,*,#3239,.F.);
#4126=ORIENTED_EDGE('',*,*,#3242,.F.);
#4127=ORIENTED_EDGE('',*,*,#3254,.F.);
#4128=ORIENTED_EDGE('',*,*,#3151,.F.);
#4129=ORIENTED_EDGE('',*,*,#3130,.F.);
#4130=ORIENTED_EDGE('',*,*,#3255,.F.);
#4131=ORIENTED_EDGE('',*,*,#3256,.F.);
#4132=ORIENTED_EDGE('',*,*,#3251,.T.);
#4133=ORIENTED_EDGE('',*,*,#3257,.F.);
#4134=ORIENTED_EDGE('',*,*,#3258,.F.);
#4135=ORIENTED_EDGE('',*,*,#3163,.T.);
#4136=ORIENTED_EDGE('',*,*,#3250,.T.);
#4137=ORIENTED_EDGE('',*,*,#3259,.F.);
#4138=ORIENTED_EDGE('',*,*,#3260,.F.);
#4139=ORIENTED_EDGE('',*,*,#3257,.T.);
#4140=ORIENTED_EDGE('',*,*,#3249,.T.);
#4141=ORIENTED_EDGE('',*,*,#3261,.F.);
#4142=ORIENTED_EDGE('',*,*,#3262,.F.);
#4143=ORIENTED_EDGE('',*,*,#3259,.T.);
#4144=ORIENTED_EDGE('',*,*,#3248,.T.);
#4145=ORIENTED_EDGE('',*,*,#3263,.T.);
#4146=ORIENTED_EDGE('',*,*,#3264,.F.);
#4147=ORIENTED_EDGE('',*,*,#3261,.T.);
#4148=ORIENTED_EDGE('',*,*,#3247,.T.);
#4149=ORIENTED_EDGE('',*,*,#3265,.F.);
#4150=ORIENTED_EDGE('',*,*,#3266,.F.);
#4151=ORIENTED_EDGE('',*,*,#3263,.F.);
#4152=ORIENTED_EDGE('',*,*,#3256,.T.);
#4153=ORIENTED_EDGE('',*,*,#3267,.T.);
#4154=ORIENTED_EDGE('',*,*,#3085,.F.);
#4155=ORIENTED_EDGE('',*,*,#3267,.F.);
#4156=ORIENTED_EDGE('',*,*,#3255,.T.);
#4157=ORIENTED_EDGE('',*,*,#3129,.T.);
#4158=ORIENTED_EDGE('',*,*,#3268,.T.);
#4159=ORIENTED_EDGE('',*,*,#3269,.F.);
#4160=ORIENTED_EDGE('',*,*,#3244,.T.);
#4161=ORIENTED_EDGE('',*,*,#3270,.F.);
#4162=ORIENTED_EDGE('',*,*,#3271,.T.);
#4163=ORIENTED_EDGE('',*,*,#3272,.T.);
#4164=ORIENTED_EDGE('',*,*,#3243,.T.);
#4165=ORIENTED_EDGE('',*,*,#3269,.T.);
#4166=ORIENTED_EDGE('',*,*,#3273,.F.);
#4167=ORIENTED_EDGE('',*,*,#3270,.T.);
#4168=ORIENTED_EDGE('',*,*,#3241,.F.);
#4169=ORIENTED_EDGE('',*,*,#3147,.T.);
#4170=ORIENTED_EDGE('',*,*,#3152,.F.);
#4171=ORIENTED_EDGE('',*,*,#3254,.T.);
#4172=ORIENTED_EDGE('',*,*,#3161,.F.);
#4173=ORIENTED_EDGE('',*,*,#3156,.T.);
#4174=ORIENTED_EDGE('',*,*,#3274,.T.);
#4175=ORIENTED_EDGE('',*,*,#3252,.T.);
#4176=ORIENTED_EDGE('',*,*,#3233,.T.);
#4177=ORIENTED_EDGE('',*,*,#3240,.T.);
#4178=ORIENTED_EDGE('',*,*,#3253,.T.);
#4179=ORIENTED_EDGE('',*,*,#3274,.F.);
#4180=ORIENTED_EDGE('',*,*,#3158,.T.);
#4181=ORIENTED_EDGE('',*,*,#3168,.F.);
#4182=ORIENTED_EDGE('',*,*,#3237,.T.);
#4183=ORIENTED_EDGE('',*,*,#3275,.T.);
#4184=ORIENTED_EDGE('',*,*,#3276,.T.);
#4185=ORIENTED_EDGE('',*,*,#3142,.T.);
#4186=ORIENTED_EDGE('',*,*,#3200,.T.);
#4187=ORIENTED_EDGE('',*,*,#3266,.T.);
#4188=ORIENTED_EDGE('',*,*,#3277,.T.);
#4189=ORIENTED_EDGE('',*,*,#3278,.T.);
#4190=ORIENTED_EDGE('',*,*,#3271,.F.);
#4191=ORIENTED_EDGE('',*,*,#3273,.T.);
#4192=ORIENTED_EDGE('',*,*,#3268,.F.);
#4193=ORIENTED_EDGE('',*,*,#3128,.T.);
#4194=ORIENTED_EDGE('',*,*,#3279,.F.);
#4195=ORIENTED_EDGE('',*,*,#3280,.T.);
#4196=ORIENTED_EDGE('',*,*,#3281,.T.);
#4197=ORIENTED_EDGE('',*,*,#3135,.T.);
#4198=ORIENTED_EDGE('',*,*,#3282,.T.);
#4199=ORIENTED_EDGE('',*,*,#3143,.F.);
#4200=ORIENTED_EDGE('',*,*,#3276,.F.);
#4201=ORIENTED_EDGE('',*,*,#3283,.F.);
#4202=ORIENTED_EDGE('',*,*,#3284,.F.);
#4203=ORIENTED_EDGE('',*,*,#3285,.T.);
#4204=ORIENTED_EDGE('',*,*,#3286,.T.);
#4205=ORIENTED_EDGE('',*,*,#3287,.T.);
#4206=ORIENTED_EDGE('',*,*,#3288,.F.);
#4207=ORIENTED_EDGE('',*,*,#3164,.F.);
#4208=ORIENTED_EDGE('',*,*,#3258,.T.);
#4209=ORIENTED_EDGE('',*,*,#3260,.T.);
#4210=ORIENTED_EDGE('',*,*,#3262,.T.);
#4211=ORIENTED_EDGE('',*,*,#3264,.T.);
#4212=ORIENTED_EDGE('',*,*,#3289,.F.);
#4213=ORIENTED_EDGE('',*,*,#3219,.F.);
#4214=ORIENTED_EDGE('',*,*,#3224,.F.);
#4215=ORIENTED_EDGE('',*,*,#3290,.T.);
#4216=ORIENTED_EDGE('',*,*,#3283,.T.);
#4217=ORIENTED_EDGE('',*,*,#3275,.F.);
#4218=ORIENTED_EDGE('',*,*,#3199,.T.);
#4219=ORIENTED_EDGE('',*,*,#3230,.T.);
#4220=ORIENTED_EDGE('',*,*,#3245,.T.);
#4221=ORIENTED_EDGE('',*,*,#3272,.F.);
#4222=ORIENTED_EDGE('',*,*,#3278,.F.);
#4223=ORIENTED_EDGE('',*,*,#3291,.T.);
#4224=ORIENTED_EDGE('',*,*,#3246,.T.);
#4225=ORIENTED_EDGE('',*,*,#3291,.F.);
#4226=ORIENTED_EDGE('',*,*,#3277,.F.);
#4227=ORIENTED_EDGE('',*,*,#3265,.T.);
#4228=ORIENTED_EDGE('',*,*,#3108,.F.);
#4229=ORIENTED_EDGE('',*,*,#3160,.F.);
#4230=ORIENTED_EDGE('',*,*,#3288,.T.);
#4231=ORIENTED_EDGE('',*,*,#3292,.T.);
#4232=ORIENTED_EDGE('',*,*,#3210,.F.);
#4233=ORIENTED_EDGE('',*,*,#3292,.F.);
#4234=ORIENTED_EDGE('',*,*,#3287,.F.);
#4235=ORIENTED_EDGE('',*,*,#3293,.F.);
#4236=ORIENTED_EDGE('',*,*,#3076,.F.);
#4237=ORIENTED_EDGE('',*,*,#3293,.T.);
#4238=ORIENTED_EDGE('',*,*,#3286,.F.);
#4239=ORIENTED_EDGE('',*,*,#3294,.F.);
#4240=ORIENTED_EDGE('',*,*,#3295,.F.);
#4241=ORIENTED_EDGE('',*,*,#3296,.F.);
#4242=ORIENTED_EDGE('',*,*,#3297,.F.);
#4243=ORIENTED_EDGE('',*,*,#3207,.T.);
#4244=ORIENTED_EDGE('',*,*,#3298,.F.);
#4245=ORIENTED_EDGE('',*,*,#3299,.F.);
#4246=ORIENTED_EDGE('',*,*,#3077,.F.);
#4247=ORIENTED_EDGE('',*,*,#3193,.F.);
#4248=ORIENTED_EDGE('',*,*,#3300,.T.);
#4249=ORIENTED_EDGE('',*,*,#3062,.T.);
#4250=ORIENTED_EDGE('',*,*,#3205,.T.);
#4251=ORIENTED_EDGE('',*,*,#3185,.F.);
#4252=ORIENTED_EDGE('',*,*,#3301,.T.);
#4253=ORIENTED_EDGE('',*,*,#3063,.T.);
#4254=ORIENTED_EDGE('',*,*,#3300,.F.);
#4255=ORIENTED_EDGE('',*,*,#3196,.F.);
#4256=ORIENTED_EDGE('',*,*,#3169,.F.);
#4257=ORIENTED_EDGE('',*,*,#3139,.T.);
#4258=ORIENTED_EDGE('',*,*,#3302,.T.);
#4259=ORIENTED_EDGE('',*,*,#3303,.F.);
#4260=ORIENTED_EDGE('',*,*,#3177,.F.);
#4261=ORIENTED_EDGE('',*,*,#3173,.F.);
#4262=ORIENTED_EDGE('',*,*,#3303,.T.);
#4263=ORIENTED_EDGE('',*,*,#3304,.F.);
#4264=ORIENTED_EDGE('',*,*,#3305,.T.);
#4265=ORIENTED_EDGE('',*,*,#3183,.F.);
#4266=ORIENTED_EDGE('',*,*,#3306,.F.);
#4267=ORIENTED_EDGE('',*,*,#3144,.T.);
#4268=ORIENTED_EDGE('',*,*,#3282,.F.);
#4269=ORIENTED_EDGE('',*,*,#3134,.F.);
#4270=ORIENTED_EDGE('',*,*,#3179,.F.);
#4271=ORIENTED_EDGE('',*,*,#3305,.F.);
#4272=ORIENTED_EDGE('',*,*,#3307,.F.);
#4273=ORIENTED_EDGE('',*,*,#3064,.T.);
#4274=ORIENTED_EDGE('',*,*,#3301,.F.);
#4275=ORIENTED_EDGE('',*,*,#3189,.F.);
#4276=ORIENTED_EDGE('',*,*,#3308,.T.);
#4277=ORIENTED_EDGE('',*,*,#3309,.T.);
#4278=ORIENTED_EDGE('',*,*,#3310,.T.);
#4279=ORIENTED_EDGE('',*,*,#3311,.T.);
#4280=ORIENTED_EDGE('',*,*,#3312,.T.);
#4281=ORIENTED_EDGE('',*,*,#3080,.T.);
#4282=ORIENTED_EDGE('',*,*,#3313,.T.);
#4283=ORIENTED_EDGE('',*,*,#3314,.T.);
#4284=ORIENTED_EDGE('',*,*,#3315,.T.);
#4285=ORIENTED_EDGE('',*,*,#3311,.F.);
#4286=ORIENTED_EDGE('',*,*,#3316,.T.);
#4287=ORIENTED_EDGE('',*,*,#3317,.F.);
#4288=ORIENTED_EDGE('',*,*,#3318,.T.);
#4289=ORIENTED_EDGE('',*,*,#3314,.F.);
#4290=ORIENTED_EDGE('',*,*,#3319,.T.);
#4291=ORIENTED_EDGE('',*,*,#3320,.T.);
#4292=ORIENTED_EDGE('',*,*,#3319,.F.);
#4293=ORIENTED_EDGE('',*,*,#3316,.F.);
#4294=ORIENTED_EDGE('',*,*,#3313,.F.);
#4295=ORIENTED_EDGE('',*,*,#3079,.F.);
#4296=ORIENTED_EDGE('',*,*,#3321,.F.);
#4297=ORIENTED_EDGE('',*,*,#3322,.F.);
#4298=ORIENTED_EDGE('',*,*,#3323,.F.);
#4299=ORIENTED_EDGE('',*,*,#3324,.F.);
#4300=ORIENTED_EDGE('',*,*,#3325,.T.);
#4301=ORIENTED_EDGE('',*,*,#3321,.T.);
#4302=ORIENTED_EDGE('',*,*,#3084,.T.);
#4303=ORIENTED_EDGE('',*,*,#3326,.T.);
#4304=ORIENTED_EDGE('',*,*,#3327,.T.);
#4305=ORIENTED_EDGE('',*,*,#3322,.T.);
#4306=ORIENTED_EDGE('',*,*,#3325,.F.);
#4307=ORIENTED_EDGE('',*,*,#3328,.T.);
#4308=ORIENTED_EDGE('',*,*,#3329,.F.);
#4309=ORIENTED_EDGE('',*,*,#3323,.T.);
#4310=ORIENTED_EDGE('',*,*,#3327,.F.);
#4311=ORIENTED_EDGE('',*,*,#3330,.T.);
#4312=ORIENTED_EDGE('',*,*,#3331,.T.);
#4313=ORIENTED_EDGE('',*,*,#3330,.F.);
#4314=ORIENTED_EDGE('',*,*,#3332,.T.);
#4315=ORIENTED_EDGE('',*,*,#3333,.F.);
#4316=ORIENTED_EDGE('',*,*,#3334,.T.);
#4317=ORIENTED_EDGE('',*,*,#3328,.F.);
#4318=ORIENTED_EDGE('',*,*,#3335,.F.);
#4319=ORIENTED_EDGE('',*,*,#3336,.F.);
#4320=ORIENTED_EDGE('',*,*,#3332,.F.);
#4321=ORIENTED_EDGE('',*,*,#3326,.F.);
#4322=ORIENTED_EDGE('',*,*,#3083,.T.);
#4323=ORIENTED_EDGE('',*,*,#3337,.T.);
#4324=ORIENTED_EDGE('',*,*,#3335,.T.);
#4325=ORIENTED_EDGE('',*,*,#3338,.T.);
#4326=ORIENTED_EDGE('',*,*,#3339,.T.);
#4327=ORIENTED_EDGE('',*,*,#3333,.T.);
#4328=ORIENTED_EDGE('',*,*,#3340,.T.);
#4329=ORIENTED_EDGE('',*,*,#3341,.T.);
#4330=ORIENTED_EDGE('',*,*,#3342,.T.);
#4331=ORIENTED_EDGE('',*,*,#3318,.F.);
#4332=ORIENTED_EDGE('',*,*,#3343,.T.);
#4333=ORIENTED_EDGE('',*,*,#3341,.F.);
#4334=ORIENTED_EDGE('',*,*,#3344,.T.);
#4335=ORIENTED_EDGE('',*,*,#3345,.F.);
#4336=ORIENTED_EDGE('',*,*,#3331,.F.);
#4337=ORIENTED_EDGE('',*,*,#3334,.F.);
#4338=ORIENTED_EDGE('',*,*,#3339,.F.);
#4339=ORIENTED_EDGE('',*,*,#3346,.F.);
#4340=ORIENTED_EDGE('',*,*,#3347,.T.);
#4341=ORIENTED_EDGE('',*,*,#3348,.F.);
#4342=ORIENTED_EDGE('',*,*,#3349,.F.);
#4343=ORIENTED_EDGE('',*,*,#3338,.F.);
#4344=ORIENTED_EDGE('',*,*,#3350,.T.);
#4345=ORIENTED_EDGE('',*,*,#3346,.T.);
#4346=ORIENTED_EDGE('',*,*,#3324,.T.);
#4347=ORIENTED_EDGE('',*,*,#3329,.T.);
#4348=ORIENTED_EDGE('',*,*,#3345,.T.);
#4349=ORIENTED_EDGE('',*,*,#3351,.T.);
#4350=ORIENTED_EDGE('',*,*,#3352,.T.);
#4351=ORIENTED_EDGE('',*,*,#3320,.F.);
#4352=ORIENTED_EDGE('',*,*,#3082,.T.);
#4353=ORIENTED_EDGE('',*,*,#3353,.F.);
#4354=ORIENTED_EDGE('',*,*,#3354,.F.);
#4355=ORIENTED_EDGE('',*,*,#3337,.F.);
#4356=ORIENTED_EDGE('',*,*,#3312,.F.);
#4357=ORIENTED_EDGE('',*,*,#3355,.T.);
#4358=ORIENTED_EDGE('',*,*,#3353,.T.);
#4359=ORIENTED_EDGE('',*,*,#3081,.T.);
#4360=ORIENTED_EDGE('',*,*,#3340,.F.);
#4361=ORIENTED_EDGE('',*,*,#3336,.T.);
#4362=ORIENTED_EDGE('',*,*,#3354,.T.);
#4363=ORIENTED_EDGE('',*,*,#3356,.T.);
#4364=ORIENTED_EDGE('',*,*,#3315,.F.);
#4365=ORIENTED_EDGE('',*,*,#3344,.F.);
#4366=ORIENTED_EDGE('',*,*,#3356,.F.);
#4367=ORIENTED_EDGE('',*,*,#3355,.F.);
#4368=ORIENTED_EDGE('',*,*,#3306,.T.);
#4369=ORIENTED_EDGE('',*,*,#3133,.F.);
#4370=ORIENTED_EDGE('',*,*,#3357,.T.);
#4371=ORIENTED_EDGE('',*,*,#3145,.T.);
#4372=ORIENTED_EDGE('',*,*,#3299,.T.);
#4373=ORIENTED_EDGE('',*,*,#3358,.T.);
#4374=ORIENTED_EDGE('',*,*,#3059,.T.);
#4375=ORIENTED_EDGE('',*,*,#3078,.T.);
#4376=ORIENTED_EDGE('',*,*,#3358,.F.);
#4377=ORIENTED_EDGE('',*,*,#3298,.T.);
#4378=ORIENTED_EDGE('',*,*,#3206,.T.);
#4379=ORIENTED_EDGE('',*,*,#3060,.T.);
#4380=ORIENTED_EDGE('',*,*,#3208,.T.);
#4381=ORIENTED_EDGE('',*,*,#3297,.T.);
#4382=ORIENTED_EDGE('',*,*,#3359,.T.);
#4383=ORIENTED_EDGE('',*,*,#3227,.F.);
#4384=ORIENTED_EDGE('',*,*,#3229,.F.);
#4385=ORIENTED_EDGE('',*,*,#3359,.F.);
#4386=ORIENTED_EDGE('',*,*,#3296,.T.);
#4387=ORIENTED_EDGE('',*,*,#3360,.F.);
#4388=ORIENTED_EDGE('',*,*,#3361,.F.);
#4389=ORIENTED_EDGE('',*,*,#3362,.F.);
#4390=ORIENTED_EDGE('',*,*,#3363,.T.);
#4391=ORIENTED_EDGE('',*,*,#3222,.F.);
#4392=ORIENTED_EDGE('',*,*,#3228,.F.);
#4393=ORIENTED_EDGE('',*,*,#3364,.F.);
#4394=ORIENTED_EDGE('',*,*,#3365,.F.);
#4395=ORIENTED_EDGE('',*,*,#3361,.T.);
#4396=ORIENTED_EDGE('',*,*,#3295,.T.);
#4397=ORIENTED_EDGE('',*,*,#3366,.T.);
#4398=ORIENTED_EDGE('',*,*,#3364,.T.);
#4399=ORIENTED_EDGE('',*,*,#3360,.T.);
#4400=ORIENTED_EDGE('',*,*,#3366,.F.);
#4401=ORIENTED_EDGE('',*,*,#3294,.T.);
#4402=ORIENTED_EDGE('',*,*,#3285,.F.);
#4403=ORIENTED_EDGE('',*,*,#3367,.T.);
#4404=ORIENTED_EDGE('',*,*,#3362,.T.);
#4405=ORIENTED_EDGE('',*,*,#3365,.T.);
#4406=ORIENTED_EDGE('',*,*,#3368,.F.);
#4407=ORIENTED_EDGE('',*,*,#3302,.F.);
#4408=ORIENTED_EDGE('',*,*,#3217,.T.);
#4409=ORIENTED_EDGE('',*,*,#3066,.T.);
#4410=ORIENTED_EDGE('',*,*,#3308,.F.);
#4411=ORIENTED_EDGE('',*,*,#3369,.T.);
#4412=ORIENTED_EDGE('',*,*,#3370,.F.);
#4413=ORIENTED_EDGE('',*,*,#3371,.F.);
#4414=ORIENTED_EDGE('',*,*,#3370,.T.);
#4415=ORIENTED_EDGE('',*,*,#3372,.F.);
#4416=ORIENTED_EDGE('',*,*,#3373,.F.);
#4417=ORIENTED_EDGE('',*,*,#3374,.T.);
#4418=ORIENTED_EDGE('',*,*,#3373,.T.);
#4419=ORIENTED_EDGE('',*,*,#3375,.T.);
#4420=ORIENTED_EDGE('',*,*,#3348,.T.);
#4421=ORIENTED_EDGE('',*,*,#3376,.F.);
#4422=ORIENTED_EDGE('',*,*,#3352,.F.);
#4423=ORIENTED_EDGE('',*,*,#3377,.T.);
#4424=ORIENTED_EDGE('',*,*,#3378,.F.);
#4425=ORIENTED_EDGE('',*,*,#3347,.F.);
#4426=ORIENTED_EDGE('',*,*,#3350,.F.);
#4427=ORIENTED_EDGE('',*,*,#3342,.F.);
#4428=ORIENTED_EDGE('',*,*,#3343,.F.);
#4429=ORIENTED_EDGE('',*,*,#3317,.T.);
#4430=ORIENTED_EDGE('',*,*,#3378,.T.);
#4431=ORIENTED_EDGE('',*,*,#3379,.F.);
#4432=ORIENTED_EDGE('',*,*,#3380,.T.);
#4433=ORIENTED_EDGE('',*,*,#3376,.T.);
#4434=ORIENTED_EDGE('',*,*,#3380,.F.);
#4435=ORIENTED_EDGE('',*,*,#3381,.T.);
#4436=ORIENTED_EDGE('',*,*,#3382,.T.);
#4437=ORIENTED_EDGE('',*,*,#3374,.F.);
#4438=ORIENTED_EDGE('',*,*,#3382,.F.);
#4439=ORIENTED_EDGE('',*,*,#3383,.F.);
#4440=ORIENTED_EDGE('',*,*,#3309,.F.);
#4441=ORIENTED_EDGE('',*,*,#3371,.T.);
#4442=ORIENTED_EDGE('',*,*,#3127,.T.);
#4443=ORIENTED_EDGE('',*,*,#3384,.F.);
#4444=ORIENTED_EDGE('',*,*,#3385,.F.);
#4445=ORIENTED_EDGE('',*,*,#3279,.T.);
#4446=ORIENTED_EDGE('',*,*,#3126,.T.);
#4447=ORIENTED_EDGE('',*,*,#3386,.T.);
#4448=ORIENTED_EDGE('',*,*,#3387,.T.);
#4449=ORIENTED_EDGE('',*,*,#3388,.T.);
#4450=ORIENTED_EDGE('',*,*,#3384,.T.);
#4451=ORIENTED_EDGE('',*,*,#3388,.F.);
#4452=ORIENTED_EDGE('',*,*,#3389,.F.);
#4453=ORIENTED_EDGE('',*,*,#3280,.F.);
#4454=ORIENTED_EDGE('',*,*,#3385,.T.);
#4455=ORIENTED_EDGE('',*,*,#3281,.F.);
#4456=ORIENTED_EDGE('',*,*,#3389,.T.);
#4457=ORIENTED_EDGE('',*,*,#3387,.F.);
#4458=ORIENTED_EDGE('',*,*,#3390,.T.);
#4459=ORIENTED_EDGE('',*,*,#3136,.F.);
#4460=ORIENTED_EDGE('',*,*,#3125,.T.);
#4461=ORIENTED_EDGE('',*,*,#3137,.T.);
#4462=ORIENTED_EDGE('',*,*,#3390,.F.);
#4463=ORIENTED_EDGE('',*,*,#3386,.F.);
#4464=ORIENTED_EDGE('',*,*,#3391,.F.);
#4465=ORIENTED_EDGE('',*,*,#3372,.T.);
#4466=ORIENTED_EDGE('',*,*,#3392,.T.);
#4467=ORIENTED_EDGE('',*,*,#3381,.F.);
#4468=ORIENTED_EDGE('',*,*,#3392,.F.);
#4469=ORIENTED_EDGE('',*,*,#3369,.F.);
#4470=ORIENTED_EDGE('',*,*,#3310,.F.);
#4471=ORIENTED_EDGE('',*,*,#3383,.T.);
#4472=ORIENTED_EDGE('',*,*,#3393,.T.);
#4473=ORIENTED_EDGE('',*,*,#3375,.F.);
#4474=ORIENTED_EDGE('',*,*,#3391,.T.);
#4475=ORIENTED_EDGE('',*,*,#3379,.T.);
#4476=ORIENTED_EDGE('',*,*,#3393,.F.);
#4477=ORIENTED_EDGE('',*,*,#3377,.F.);
#4478=ORIENTED_EDGE('',*,*,#3351,.F.);
#4479=ORIENTED_EDGE('',*,*,#3349,.T.);
#4480=ORIENTED_EDGE('',*,*,#3089,.F.);
#4481=ORIENTED_EDGE('',*,*,#3357,.F.);
#4482=ORIENTED_EDGE('',*,*,#3094,.T.);
#4483=ORIENTED_EDGE('',*,*,#3394,.F.);
#4484=ORIENTED_EDGE('',*,*,#3395,.T.);
#4485=ORIENTED_EDGE('',*,*,#3289,.T.);
#4486=ORIENTED_EDGE('',*,*,#3395,.F.);
#4487=ORIENTED_EDGE('',*,*,#3394,.T.);
#4488=ORIENTED_EDGE('',*,*,#3396,.T.);
#4489=ORIENTED_EDGE('',*,*,#3396,.F.);
#4490=ORIENTED_EDGE('',*,*,#3397,.T.);
#4491=ORIENTED_EDGE('',*,*,#3086,.F.);
#4492=ORIENTED_EDGE('',*,*,#3397,.F.);
#4493=ORIENTED_EDGE('',*,*,#3367,.F.);
#4494=ORIENTED_EDGE('',*,*,#3284,.T.);
#4495=ORIENTED_EDGE('',*,*,#3290,.F.);
#4496=ORIENTED_EDGE('',*,*,#3223,.F.);
#4497=ORIENTED_EDGE('',*,*,#3363,.F.);
#4498=ORIENTED_EDGE('',*,*,#3368,.T.);
#4499=ORIENTED_EDGE('',*,*,#3065,.T.);
#4500=ORIENTED_EDGE('',*,*,#3307,.T.);
#4501=ORIENTED_EDGE('',*,*,#3304,.T.);
#4502=ORIENTED_EDGE('',*,*,#3398,.T.);
#4503=ORIENTED_EDGE('',*,*,#3399,.T.);
#4504=ORIENTED_EDGE('',*,*,#3400,.F.);
#4505=ORIENTED_EDGE('',*,*,#3401,.F.);
#4506=ORIENTED_EDGE('',*,*,#3402,.T.);
#4507=ORIENTED_EDGE('',*,*,#3403,.T.);
#4508=ORIENTED_EDGE('',*,*,#3398,.F.);
#4509=ORIENTED_EDGE('',*,*,#3404,.F.);
#4510=ORIENTED_EDGE('',*,*,#3400,.T.);
#4511=ORIENTED_EDGE('',*,*,#3405,.T.);
#4512=ORIENTED_EDGE('',*,*,#3406,.F.);
#4513=ORIENTED_EDGE('',*,*,#3407,.F.);
#4514=ORIENTED_EDGE('',*,*,#3401,.T.);
#4515=ORIENTED_EDGE('',*,*,#3407,.T.);
#4516=ORIENTED_EDGE('',*,*,#3408,.T.);
#4517=ORIENTED_EDGE('',*,*,#3409,.T.);
#4518=ORIENTED_EDGE('',*,*,#3410,.T.);
#4519=ORIENTED_EDGE('',*,*,#3411,.T.);
#4520=ORIENTED_EDGE('',*,*,#3412,.T.);
#4521=ORIENTED_EDGE('',*,*,#3413,.T.);
#4522=ORIENTED_EDGE('',*,*,#3414,.T.);
#4523=ORIENTED_EDGE('',*,*,#3415,.T.);
#4524=ORIENTED_EDGE('',*,*,#3416,.T.);
#4525=ORIENTED_EDGE('',*,*,#3404,.T.);
#4526=ORIENTED_EDGE('',*,*,#3417,.F.);
#4527=ORIENTED_EDGE('',*,*,#3418,.F.);
#4528=ORIENTED_EDGE('',*,*,#3419,.F.);
#4529=ORIENTED_EDGE('',*,*,#3420,.F.);
#4530=ORIENTED_EDGE('',*,*,#3421,.F.);
#4531=ORIENTED_EDGE('',*,*,#3422,.F.);
#4532=ORIENTED_EDGE('',*,*,#3423,.F.);
#4533=ORIENTED_EDGE('',*,*,#3424,.F.);
#4534=ORIENTED_EDGE('',*,*,#3425,.T.);
#4535=ORIENTED_EDGE('',*,*,#3426,.T.);
#4536=ORIENTED_EDGE('',*,*,#3427,.T.);
#4537=ORIENTED_EDGE('',*,*,#3428,.T.);
#4538=ORIENTED_EDGE('',*,*,#3429,.T.);
#4539=ORIENTED_EDGE('',*,*,#3430,.T.);
#4540=ORIENTED_EDGE('',*,*,#3431,.T.);
#4541=ORIENTED_EDGE('',*,*,#3432,.T.);
#4542=ORIENTED_EDGE('',*,*,#3433,.T.);
#4543=ORIENTED_EDGE('',*,*,#3434,.T.);
#4544=ORIENTED_EDGE('',*,*,#3435,.T.);
#4545=ORIENTED_EDGE('',*,*,#3436,.T.);
#4546=ORIENTED_EDGE('',*,*,#3437,.T.);
#4547=ORIENTED_EDGE('',*,*,#3438,.T.);
#4548=ORIENTED_EDGE('',*,*,#3439,.T.);
#4549=ORIENTED_EDGE('',*,*,#3440,.T.);
#4550=ORIENTED_EDGE('',*,*,#3441,.T.);
#4551=ORIENTED_EDGE('',*,*,#3442,.T.);
#4552=ORIENTED_EDGE('',*,*,#3443,.T.);
#4553=ORIENTED_EDGE('',*,*,#3444,.T.);
#4554=ORIENTED_EDGE('',*,*,#3445,.T.);
#4555=ORIENTED_EDGE('',*,*,#3446,.T.);
#4556=ORIENTED_EDGE('',*,*,#3447,.T.);
#4557=ORIENTED_EDGE('',*,*,#3448,.T.);
#4558=ORIENTED_EDGE('',*,*,#3449,.T.);
#4559=ORIENTED_EDGE('',*,*,#3450,.T.);
#4560=ORIENTED_EDGE('',*,*,#3451,.T.);
#4561=ORIENTED_EDGE('',*,*,#3452,.T.);
#4562=ORIENTED_EDGE('',*,*,#3453,.T.);
#4563=ORIENTED_EDGE('',*,*,#3454,.T.);
#4564=ORIENTED_EDGE('',*,*,#3455,.T.);
#4565=ORIENTED_EDGE('',*,*,#3456,.T.);
#4566=ORIENTED_EDGE('',*,*,#3457,.T.);
#4567=ORIENTED_EDGE('',*,*,#3458,.T.);
#4568=ORIENTED_EDGE('',*,*,#3459,.T.);
#4569=ORIENTED_EDGE('',*,*,#3460,.T.);
#4570=ORIENTED_EDGE('',*,*,#3461,.T.);
#4571=ORIENTED_EDGE('',*,*,#3462,.T.);
#4572=ORIENTED_EDGE('',*,*,#3463,.T.);
#4573=ORIENTED_EDGE('',*,*,#3464,.T.);
#4574=ORIENTED_EDGE('',*,*,#3465,.T.);
#4575=ORIENTED_EDGE('',*,*,#3466,.T.);
#4576=ORIENTED_EDGE('',*,*,#3467,.T.);
#4577=ORIENTED_EDGE('',*,*,#3468,.T.);
#4578=ORIENTED_EDGE('',*,*,#3469,.T.);
#4579=ORIENTED_EDGE('',*,*,#3470,.T.);
#4580=ORIENTED_EDGE('',*,*,#3471,.T.);
#4581=ORIENTED_EDGE('',*,*,#3472,.T.);
#4582=ORIENTED_EDGE('',*,*,#3473,.T.);
#4583=ORIENTED_EDGE('',*,*,#3474,.T.);
#4584=ORIENTED_EDGE('',*,*,#3475,.T.);
#4585=ORIENTED_EDGE('',*,*,#3476,.T.);
#4586=ORIENTED_EDGE('',*,*,#3477,.T.);
#4587=ORIENTED_EDGE('',*,*,#3478,.T.);
#4588=ORIENTED_EDGE('',*,*,#3479,.T.);
#4589=ORIENTED_EDGE('',*,*,#3480,.T.);
#4590=ORIENTED_EDGE('',*,*,#3481,.T.);
#4591=ORIENTED_EDGE('',*,*,#3482,.T.);
#4592=ORIENTED_EDGE('',*,*,#3483,.T.);
#4593=ORIENTED_EDGE('',*,*,#3484,.T.);
#4594=ORIENTED_EDGE('',*,*,#3485,.T.);
#4595=ORIENTED_EDGE('',*,*,#3486,.T.);
#4596=ORIENTED_EDGE('',*,*,#3487,.T.);
#4597=ORIENTED_EDGE('',*,*,#3488,.T.);
#4598=ORIENTED_EDGE('',*,*,#3489,.T.);
#4599=ORIENTED_EDGE('',*,*,#3490,.T.);
#4600=ORIENTED_EDGE('',*,*,#3491,.T.);
#4601=ORIENTED_EDGE('',*,*,#3492,.T.);
#4602=ORIENTED_EDGE('',*,*,#3493,.T.);
#4603=ORIENTED_EDGE('',*,*,#3494,.T.);
#4604=ORIENTED_EDGE('',*,*,#3495,.T.);
#4605=ORIENTED_EDGE('',*,*,#3496,.T.);
#4606=ORIENTED_EDGE('',*,*,#3497,.T.);
#4607=ORIENTED_EDGE('',*,*,#3498,.T.);
#4608=ORIENTED_EDGE('',*,*,#3499,.T.);
#4609=ORIENTED_EDGE('',*,*,#3500,.T.);
#4610=ORIENTED_EDGE('',*,*,#3501,.T.);
#4611=ORIENTED_EDGE('',*,*,#3502,.T.);
#4612=ORIENTED_EDGE('',*,*,#3503,.T.);
#4613=ORIENTED_EDGE('',*,*,#3504,.T.);
#4614=ORIENTED_EDGE('',*,*,#3505,.T.);
#4615=ORIENTED_EDGE('',*,*,#3506,.T.);
#4616=ORIENTED_EDGE('',*,*,#3507,.T.);
#4617=ORIENTED_EDGE('',*,*,#3508,.T.);
#4618=ORIENTED_EDGE('',*,*,#3509,.T.);
#4619=ORIENTED_EDGE('',*,*,#3510,.T.);
#4620=ORIENTED_EDGE('',*,*,#3511,.T.);
#4621=ORIENTED_EDGE('',*,*,#3512,.T.);
#4622=ORIENTED_EDGE('',*,*,#3513,.T.);
#4623=ORIENTED_EDGE('',*,*,#3514,.T.);
#4624=ORIENTED_EDGE('',*,*,#3515,.T.);
#4625=ORIENTED_EDGE('',*,*,#3516,.T.);
#4626=ORIENTED_EDGE('',*,*,#3517,.T.);
#4627=ORIENTED_EDGE('',*,*,#3518,.T.);
#4628=ORIENTED_EDGE('',*,*,#3519,.T.);
#4629=ORIENTED_EDGE('',*,*,#3520,.T.);
#4630=ORIENTED_EDGE('',*,*,#3521,.T.);
#4631=ORIENTED_EDGE('',*,*,#3522,.T.);
#4632=ORIENTED_EDGE('',*,*,#3523,.T.);
#4633=ORIENTED_EDGE('',*,*,#3524,.T.);
#4634=ORIENTED_EDGE('',*,*,#3525,.T.);
#4635=ORIENTED_EDGE('',*,*,#3526,.T.);
#4636=ORIENTED_EDGE('',*,*,#3527,.T.);
#4637=ORIENTED_EDGE('',*,*,#3528,.T.);
#4638=ORIENTED_EDGE('',*,*,#3529,.T.);
#4639=ORIENTED_EDGE('',*,*,#3530,.T.);
#4640=ORIENTED_EDGE('',*,*,#3531,.T.);
#4641=ORIENTED_EDGE('',*,*,#3532,.T.);
#4642=ORIENTED_EDGE('',*,*,#3533,.T.);
#4643=ORIENTED_EDGE('',*,*,#3534,.T.);
#4644=ORIENTED_EDGE('',*,*,#3535,.T.);
#4645=ORIENTED_EDGE('',*,*,#3536,.T.);
#4646=ORIENTED_EDGE('',*,*,#3537,.T.);
#4647=ORIENTED_EDGE('',*,*,#3538,.T.);
#4648=ORIENTED_EDGE('',*,*,#3539,.T.);
#4649=ORIENTED_EDGE('',*,*,#3540,.T.);
#4650=ORIENTED_EDGE('',*,*,#3541,.T.);
#4651=ORIENTED_EDGE('',*,*,#3542,.T.);
#4652=ORIENTED_EDGE('',*,*,#3399,.F.);
#4653=ORIENTED_EDGE('',*,*,#3403,.F.);
#4654=ORIENTED_EDGE('',*,*,#3543,.F.);
#4655=ORIENTED_EDGE('',*,*,#3544,.F.);
#4656=ORIENTED_EDGE('',*,*,#3545,.F.);
#4657=ORIENTED_EDGE('',*,*,#3546,.F.);
#4658=ORIENTED_EDGE('',*,*,#3547,.F.);
#4659=ORIENTED_EDGE('',*,*,#3548,.F.);
#4660=ORIENTED_EDGE('',*,*,#3549,.F.);
#4661=ORIENTED_EDGE('',*,*,#3550,.F.);
#4662=ORIENTED_EDGE('',*,*,#3551,.F.);
#4663=ORIENTED_EDGE('',*,*,#3405,.F.);
#4664=ORIENTED_EDGE('',*,*,#3552,.T.);
#4665=ORIENTED_EDGE('',*,*,#3553,.T.);
#4666=ORIENTED_EDGE('',*,*,#3554,.T.);
#4667=ORIENTED_EDGE('',*,*,#3555,.T.);
#4668=ORIENTED_EDGE('',*,*,#3556,.T.);
#4669=ORIENTED_EDGE('',*,*,#3557,.T.);
#4670=ORIENTED_EDGE('',*,*,#3558,.T.);
#4671=ORIENTED_EDGE('',*,*,#3559,.T.);
#4672=ORIENTED_EDGE('',*,*,#3560,.F.);
#4673=ORIENTED_EDGE('',*,*,#3561,.F.);
#4674=ORIENTED_EDGE('',*,*,#3562,.F.);
#4675=ORIENTED_EDGE('',*,*,#3563,.F.);
#4676=ORIENTED_EDGE('',*,*,#3564,.F.);
#4677=ORIENTED_EDGE('',*,*,#3565,.F.);
#4678=ORIENTED_EDGE('',*,*,#3566,.F.);
#4679=ORIENTED_EDGE('',*,*,#3567,.F.);
#4680=ORIENTED_EDGE('',*,*,#3568,.F.);
#4681=ORIENTED_EDGE('',*,*,#3569,.F.);
#4682=ORIENTED_EDGE('',*,*,#3570,.F.);
#4683=ORIENTED_EDGE('',*,*,#3571,.F.);
#4684=ORIENTED_EDGE('',*,*,#3572,.F.);
#4685=ORIENTED_EDGE('',*,*,#3573,.F.);
#4686=ORIENTED_EDGE('',*,*,#3574,.F.);
#4687=ORIENTED_EDGE('',*,*,#3575,.F.);
#4688=ORIENTED_EDGE('',*,*,#3576,.F.);
#4689=ORIENTED_EDGE('',*,*,#3577,.F.);
#4690=ORIENTED_EDGE('',*,*,#3578,.F.);
#4691=ORIENTED_EDGE('',*,*,#3579,.F.);
#4692=ORIENTED_EDGE('',*,*,#3580,.F.);
#4693=ORIENTED_EDGE('',*,*,#3581,.F.);
#4694=ORIENTED_EDGE('',*,*,#3582,.F.);
#4695=ORIENTED_EDGE('',*,*,#3583,.F.);
#4696=ORIENTED_EDGE('',*,*,#3584,.F.);
#4697=ORIENTED_EDGE('',*,*,#3585,.F.);
#4698=ORIENTED_EDGE('',*,*,#3586,.F.);
#4699=ORIENTED_EDGE('',*,*,#3587,.F.);
#4700=ORIENTED_EDGE('',*,*,#3588,.F.);
#4701=ORIENTED_EDGE('',*,*,#3589,.F.);
#4702=ORIENTED_EDGE('',*,*,#3590,.F.);
#4703=ORIENTED_EDGE('',*,*,#3591,.F.);
#4704=ORIENTED_EDGE('',*,*,#3592,.F.);
#4705=ORIENTED_EDGE('',*,*,#3593,.F.);
#4706=ORIENTED_EDGE('',*,*,#3594,.F.);
#4707=ORIENTED_EDGE('',*,*,#3595,.F.);
#4708=ORIENTED_EDGE('',*,*,#3596,.F.);
#4709=ORIENTED_EDGE('',*,*,#3597,.F.);
#4710=ORIENTED_EDGE('',*,*,#3598,.F.);
#4711=ORIENTED_EDGE('',*,*,#3599,.F.);
#4712=ORIENTED_EDGE('',*,*,#3600,.F.);
#4713=ORIENTED_EDGE('',*,*,#3601,.F.);
#4714=ORIENTED_EDGE('',*,*,#3602,.F.);
#4715=ORIENTED_EDGE('',*,*,#3603,.F.);
#4716=ORIENTED_EDGE('',*,*,#3604,.F.);
#4717=ORIENTED_EDGE('',*,*,#3605,.F.);
#4718=ORIENTED_EDGE('',*,*,#3606,.F.);
#4719=ORIENTED_EDGE('',*,*,#3607,.F.);
#4720=ORIENTED_EDGE('',*,*,#3608,.F.);
#4721=ORIENTED_EDGE('',*,*,#3609,.F.);
#4722=ORIENTED_EDGE('',*,*,#3610,.F.);
#4723=ORIENTED_EDGE('',*,*,#3611,.F.);
#4724=ORIENTED_EDGE('',*,*,#3612,.F.);
#4725=ORIENTED_EDGE('',*,*,#3613,.F.);
#4726=ORIENTED_EDGE('',*,*,#3614,.F.);
#4727=ORIENTED_EDGE('',*,*,#3615,.F.);
#4728=ORIENTED_EDGE('',*,*,#3616,.F.);
#4729=ORIENTED_EDGE('',*,*,#3617,.F.);
#4730=ORIENTED_EDGE('',*,*,#3618,.F.);
#4731=ORIENTED_EDGE('',*,*,#3619,.F.);
#4732=ORIENTED_EDGE('',*,*,#3620,.F.);
#4733=ORIENTED_EDGE('',*,*,#3621,.F.);
#4734=ORIENTED_EDGE('',*,*,#3622,.F.);
#4735=ORIENTED_EDGE('',*,*,#3623,.F.);
#4736=ORIENTED_EDGE('',*,*,#3624,.F.);
#4737=ORIENTED_EDGE('',*,*,#3625,.F.);
#4738=ORIENTED_EDGE('',*,*,#3626,.F.);
#4739=ORIENTED_EDGE('',*,*,#3627,.F.);
#4740=ORIENTED_EDGE('',*,*,#3628,.F.);
#4741=ORIENTED_EDGE('',*,*,#3629,.F.);
#4742=ORIENTED_EDGE('',*,*,#3630,.F.);
#4743=ORIENTED_EDGE('',*,*,#3631,.F.);
#4744=ORIENTED_EDGE('',*,*,#3632,.F.);
#4745=ORIENTED_EDGE('',*,*,#3633,.F.);
#4746=ORIENTED_EDGE('',*,*,#3634,.F.);
#4747=ORIENTED_EDGE('',*,*,#3635,.F.);
#4748=ORIENTED_EDGE('',*,*,#3636,.F.);
#4749=ORIENTED_EDGE('',*,*,#3637,.F.);
#4750=ORIENTED_EDGE('',*,*,#3638,.F.);
#4751=ORIENTED_EDGE('',*,*,#3639,.F.);
#4752=ORIENTED_EDGE('',*,*,#3640,.F.);
#4753=ORIENTED_EDGE('',*,*,#3641,.F.);
#4754=ORIENTED_EDGE('',*,*,#3642,.F.);
#4755=ORIENTED_EDGE('',*,*,#3643,.F.);
#4756=ORIENTED_EDGE('',*,*,#3644,.F.);
#4757=ORIENTED_EDGE('',*,*,#3645,.F.);
#4758=ORIENTED_EDGE('',*,*,#3646,.F.);
#4759=ORIENTED_EDGE('',*,*,#3647,.F.);
#4760=ORIENTED_EDGE('',*,*,#3648,.F.);
#4761=ORIENTED_EDGE('',*,*,#3649,.F.);
#4762=ORIENTED_EDGE('',*,*,#3650,.F.);
#4763=ORIENTED_EDGE('',*,*,#3651,.F.);
#4764=ORIENTED_EDGE('',*,*,#3652,.F.);
#4765=ORIENTED_EDGE('',*,*,#3653,.F.);
#4766=ORIENTED_EDGE('',*,*,#3654,.F.);
#4767=ORIENTED_EDGE('',*,*,#3655,.F.);
#4768=ORIENTED_EDGE('',*,*,#3656,.F.);
#4769=ORIENTED_EDGE('',*,*,#3657,.F.);
#4770=ORIENTED_EDGE('',*,*,#3658,.F.);
#4771=ORIENTED_EDGE('',*,*,#3659,.F.);
#4772=ORIENTED_EDGE('',*,*,#3660,.F.);
#4773=ORIENTED_EDGE('',*,*,#3661,.F.);
#4774=ORIENTED_EDGE('',*,*,#3662,.F.);
#4775=ORIENTED_EDGE('',*,*,#3663,.F.);
#4776=ORIENTED_EDGE('',*,*,#3664,.F.);
#4777=ORIENTED_EDGE('',*,*,#3665,.F.);
#4778=ORIENTED_EDGE('',*,*,#3666,.F.);
#4779=ORIENTED_EDGE('',*,*,#3667,.F.);
#4780=ORIENTED_EDGE('',*,*,#3668,.F.);
#4781=ORIENTED_EDGE('',*,*,#3669,.F.);
#4782=ORIENTED_EDGE('',*,*,#3670,.F.);
#4783=ORIENTED_EDGE('',*,*,#3671,.F.);
#4784=ORIENTED_EDGE('',*,*,#3672,.F.);
#4785=ORIENTED_EDGE('',*,*,#3673,.F.);
#4786=ORIENTED_EDGE('',*,*,#3674,.F.);
#4787=ORIENTED_EDGE('',*,*,#3675,.F.);
#4788=ORIENTED_EDGE('',*,*,#3676,.F.);
#4789=ORIENTED_EDGE('',*,*,#3677,.F.);
#4790=ORIENTED_EDGE('',*,*,#3678,.T.);
#4791=ORIENTED_EDGE('',*,*,#3543,.T.);
#4792=ORIENTED_EDGE('',*,*,#3402,.F.);
#4793=ORIENTED_EDGE('',*,*,#3416,.F.);
#4794=ORIENTED_EDGE('',*,*,#3406,.T.);
#4795=ORIENTED_EDGE('',*,*,#3551,.T.);
#4796=ORIENTED_EDGE('',*,*,#3679,.F.);
#4797=ORIENTED_EDGE('',*,*,#3408,.F.);
#4798=ORIENTED_EDGE('',*,*,#3680,.T.);
#4799=ORIENTED_EDGE('',*,*,#3544,.T.);
#4800=ORIENTED_EDGE('',*,*,#3678,.F.);
#4801=ORIENTED_EDGE('',*,*,#3415,.F.);
#4802=ORIENTED_EDGE('',*,*,#3679,.T.);
#4803=ORIENTED_EDGE('',*,*,#3550,.T.);
#4804=ORIENTED_EDGE('',*,*,#3681,.F.);
#4805=ORIENTED_EDGE('',*,*,#3409,.F.);
#4806=ORIENTED_EDGE('',*,*,#3682,.T.);
#4807=ORIENTED_EDGE('',*,*,#3545,.T.);
#4808=ORIENTED_EDGE('',*,*,#3680,.F.);
#4809=ORIENTED_EDGE('',*,*,#3414,.F.);
#4810=ORIENTED_EDGE('',*,*,#3681,.T.);
#4811=ORIENTED_EDGE('',*,*,#3549,.T.);
#4812=ORIENTED_EDGE('',*,*,#3683,.F.);
#4813=ORIENTED_EDGE('',*,*,#3410,.F.);
#4814=ORIENTED_EDGE('',*,*,#3684,.T.);
#4815=ORIENTED_EDGE('',*,*,#3546,.T.);
#4816=ORIENTED_EDGE('',*,*,#3682,.F.);
#4817=ORIENTED_EDGE('',*,*,#3413,.F.);
#4818=ORIENTED_EDGE('',*,*,#3683,.T.);
#4819=ORIENTED_EDGE('',*,*,#3548,.T.);
#4820=ORIENTED_EDGE('',*,*,#3685,.F.);
#4821=ORIENTED_EDGE('',*,*,#3411,.F.);
#4822=ORIENTED_EDGE('',*,*,#3685,.T.);
#4823=ORIENTED_EDGE('',*,*,#3547,.T.);
#4824=ORIENTED_EDGE('',*,*,#3684,.F.);
#4825=ORIENTED_EDGE('',*,*,#3412,.F.);
#4826=ORIENTED_EDGE('',*,*,#3686,.F.);
#4827=ORIENTED_EDGE('',*,*,#3417,.T.);
#4828=ORIENTED_EDGE('',*,*,#3687,.T.);
#4829=ORIENTED_EDGE('',*,*,#3552,.F.);
#4830=ORIENTED_EDGE('',*,*,#3687,.F.);
#4831=ORIENTED_EDGE('',*,*,#3420,.T.);
#4832=ORIENTED_EDGE('',*,*,#3688,.T.);
#4833=ORIENTED_EDGE('',*,*,#3553,.F.);
#4834=ORIENTED_EDGE('',*,*,#3688,.F.);
#4835=ORIENTED_EDGE('',*,*,#3419,.T.);
#4836=ORIENTED_EDGE('',*,*,#3689,.T.);
#4837=ORIENTED_EDGE('',*,*,#3554,.F.);
#4838=ORIENTED_EDGE('',*,*,#3689,.F.);
#4839=ORIENTED_EDGE('',*,*,#3418,.T.);
#4840=ORIENTED_EDGE('',*,*,#3686,.T.);
#4841=ORIENTED_EDGE('',*,*,#3555,.F.);
#4842=ORIENTED_EDGE('',*,*,#3690,.F.);
#4843=ORIENTED_EDGE('',*,*,#3421,.T.);
#4844=ORIENTED_EDGE('',*,*,#3691,.T.);
#4845=ORIENTED_EDGE('',*,*,#3556,.F.);
#4846=ORIENTED_EDGE('',*,*,#3691,.F.);
#4847=ORIENTED_EDGE('',*,*,#3424,.T.);
#4848=ORIENTED_EDGE('',*,*,#3692,.T.);
#4849=ORIENTED_EDGE('',*,*,#3557,.F.);
#4850=ORIENTED_EDGE('',*,*,#3692,.F.);
#4851=ORIENTED_EDGE('',*,*,#3423,.T.);
#4852=ORIENTED_EDGE('',*,*,#3693,.T.);
#4853=ORIENTED_EDGE('',*,*,#3558,.F.);
#4854=ORIENTED_EDGE('',*,*,#3693,.F.);
#4855=ORIENTED_EDGE('',*,*,#3422,.T.);
#4856=ORIENTED_EDGE('',*,*,#3690,.T.);
#4857=ORIENTED_EDGE('',*,*,#3559,.F.);
#4858=ORIENTED_EDGE('',*,*,#3425,.F.);
#4859=ORIENTED_EDGE('',*,*,#3694,.T.);
#4860=ORIENTED_EDGE('',*,*,#3560,.T.);
#4861=ORIENTED_EDGE('',*,*,#3694,.F.);
#4862=ORIENTED_EDGE('',*,*,#3426,.F.);
#4863=ORIENTED_EDGE('',*,*,#3695,.T.);
#4864=ORIENTED_EDGE('',*,*,#3561,.T.);
#4865=ORIENTED_EDGE('',*,*,#3695,.F.);
#4866=ORIENTED_EDGE('',*,*,#3427,.F.);
#4867=ORIENTED_EDGE('',*,*,#3696,.T.);
#4868=ORIENTED_EDGE('',*,*,#3562,.T.);
#4869=ORIENTED_EDGE('',*,*,#3696,.F.);
#4870=ORIENTED_EDGE('',*,*,#3428,.F.);
#4871=ORIENTED_EDGE('',*,*,#3697,.T.);
#4872=ORIENTED_EDGE('',*,*,#3563,.T.);
#4873=ORIENTED_EDGE('',*,*,#3697,.F.);
#4874=ORIENTED_EDGE('',*,*,#3429,.F.);
#4875=ORIENTED_EDGE('',*,*,#3698,.T.);
#4876=ORIENTED_EDGE('',*,*,#3564,.T.);
#4877=ORIENTED_EDGE('',*,*,#3698,.F.);
#4878=ORIENTED_EDGE('',*,*,#3430,.F.);
#4879=ORIENTED_EDGE('',*,*,#3699,.T.);
#4880=ORIENTED_EDGE('',*,*,#3565,.T.);
#4881=ORIENTED_EDGE('',*,*,#3699,.F.);
#4882=ORIENTED_EDGE('',*,*,#3431,.F.);
#4883=ORIENTED_EDGE('',*,*,#3700,.T.);
#4884=ORIENTED_EDGE('',*,*,#3566,.T.);
#4885=ORIENTED_EDGE('',*,*,#3700,.F.);
#4886=ORIENTED_EDGE('',*,*,#3432,.F.);
#4887=ORIENTED_EDGE('',*,*,#3701,.T.);
#4888=ORIENTED_EDGE('',*,*,#3567,.T.);
#4889=ORIENTED_EDGE('',*,*,#3701,.F.);
#4890=ORIENTED_EDGE('',*,*,#3433,.F.);
#4891=ORIENTED_EDGE('',*,*,#3702,.T.);
#4892=ORIENTED_EDGE('',*,*,#3568,.T.);
#4893=ORIENTED_EDGE('',*,*,#3702,.F.);
#4894=ORIENTED_EDGE('',*,*,#3434,.F.);
#4895=ORIENTED_EDGE('',*,*,#3703,.T.);
#4896=ORIENTED_EDGE('',*,*,#3569,.T.);
#4897=ORIENTED_EDGE('',*,*,#3703,.F.);
#4898=ORIENTED_EDGE('',*,*,#3435,.F.);
#4899=ORIENTED_EDGE('',*,*,#3704,.T.);
#4900=ORIENTED_EDGE('',*,*,#3570,.T.);
#4901=ORIENTED_EDGE('',*,*,#3704,.F.);
#4902=ORIENTED_EDGE('',*,*,#3436,.F.);
#4903=ORIENTED_EDGE('',*,*,#3705,.T.);
#4904=ORIENTED_EDGE('',*,*,#3571,.T.);
#4905=ORIENTED_EDGE('',*,*,#3705,.F.);
#4906=ORIENTED_EDGE('',*,*,#3437,.F.);
#4907=ORIENTED_EDGE('',*,*,#3706,.T.);
#4908=ORIENTED_EDGE('',*,*,#3572,.T.);
#4909=ORIENTED_EDGE('',*,*,#3706,.F.);
#4910=ORIENTED_EDGE('',*,*,#3438,.F.);
#4911=ORIENTED_EDGE('',*,*,#3707,.T.);
#4912=ORIENTED_EDGE('',*,*,#3573,.T.);
#4913=ORIENTED_EDGE('',*,*,#3707,.F.);
#4914=ORIENTED_EDGE('',*,*,#3439,.F.);
#4915=ORIENTED_EDGE('',*,*,#3708,.T.);
#4916=ORIENTED_EDGE('',*,*,#3574,.T.);
#4917=ORIENTED_EDGE('',*,*,#3708,.F.);
#4918=ORIENTED_EDGE('',*,*,#3440,.F.);
#4919=ORIENTED_EDGE('',*,*,#3709,.T.);
#4920=ORIENTED_EDGE('',*,*,#3575,.T.);
#4921=ORIENTED_EDGE('',*,*,#3709,.F.);
#4922=ORIENTED_EDGE('',*,*,#3441,.F.);
#4923=ORIENTED_EDGE('',*,*,#3710,.T.);
#4924=ORIENTED_EDGE('',*,*,#3576,.T.);
#4925=ORIENTED_EDGE('',*,*,#3710,.F.);
#4926=ORIENTED_EDGE('',*,*,#3442,.F.);
#4927=ORIENTED_EDGE('',*,*,#3711,.T.);
#4928=ORIENTED_EDGE('',*,*,#3577,.T.);
#4929=ORIENTED_EDGE('',*,*,#3711,.F.);
#4930=ORIENTED_EDGE('',*,*,#3443,.F.);
#4931=ORIENTED_EDGE('',*,*,#3712,.T.);
#4932=ORIENTED_EDGE('',*,*,#3578,.T.);
#4933=ORIENTED_EDGE('',*,*,#3712,.F.);
#4934=ORIENTED_EDGE('',*,*,#3444,.F.);
#4935=ORIENTED_EDGE('',*,*,#3713,.T.);
#4936=ORIENTED_EDGE('',*,*,#3579,.T.);
#4937=ORIENTED_EDGE('',*,*,#3713,.F.);
#4938=ORIENTED_EDGE('',*,*,#3445,.F.);
#4939=ORIENTED_EDGE('',*,*,#3714,.T.);
#4940=ORIENTED_EDGE('',*,*,#3580,.T.);
#4941=ORIENTED_EDGE('',*,*,#3714,.F.);
#4942=ORIENTED_EDGE('',*,*,#3446,.F.);
#4943=ORIENTED_EDGE('',*,*,#3715,.T.);
#4944=ORIENTED_EDGE('',*,*,#3581,.T.);
#4945=ORIENTED_EDGE('',*,*,#3715,.F.);
#4946=ORIENTED_EDGE('',*,*,#3447,.F.);
#4947=ORIENTED_EDGE('',*,*,#3716,.T.);
#4948=ORIENTED_EDGE('',*,*,#3582,.T.);
#4949=ORIENTED_EDGE('',*,*,#3716,.F.);
#4950=ORIENTED_EDGE('',*,*,#3448,.F.);
#4951=ORIENTED_EDGE('',*,*,#3717,.T.);
#4952=ORIENTED_EDGE('',*,*,#3583,.T.);
#4953=ORIENTED_EDGE('',*,*,#3717,.F.);
#4954=ORIENTED_EDGE('',*,*,#3449,.F.);
#4955=ORIENTED_EDGE('',*,*,#3718,.T.);
#4956=ORIENTED_EDGE('',*,*,#3584,.T.);
#4957=ORIENTED_EDGE('',*,*,#3718,.F.);
#4958=ORIENTED_EDGE('',*,*,#3450,.F.);
#4959=ORIENTED_EDGE('',*,*,#3719,.T.);
#4960=ORIENTED_EDGE('',*,*,#3585,.T.);
#4961=ORIENTED_EDGE('',*,*,#3719,.F.);
#4962=ORIENTED_EDGE('',*,*,#3451,.F.);
#4963=ORIENTED_EDGE('',*,*,#3720,.T.);
#4964=ORIENTED_EDGE('',*,*,#3586,.T.);
#4965=ORIENTED_EDGE('',*,*,#3720,.F.);
#4966=ORIENTED_EDGE('',*,*,#3452,.F.);
#4967=ORIENTED_EDGE('',*,*,#3721,.T.);
#4968=ORIENTED_EDGE('',*,*,#3587,.T.);
#4969=ORIENTED_EDGE('',*,*,#3721,.F.);
#4970=ORIENTED_EDGE('',*,*,#3453,.F.);
#4971=ORIENTED_EDGE('',*,*,#3722,.T.);
#4972=ORIENTED_EDGE('',*,*,#3588,.T.);
#4973=ORIENTED_EDGE('',*,*,#3722,.F.);
#4974=ORIENTED_EDGE('',*,*,#3454,.F.);
#4975=ORIENTED_EDGE('',*,*,#3723,.T.);
#4976=ORIENTED_EDGE('',*,*,#3589,.T.);
#4977=ORIENTED_EDGE('',*,*,#3723,.F.);
#4978=ORIENTED_EDGE('',*,*,#3455,.F.);
#4979=ORIENTED_EDGE('',*,*,#3724,.T.);
#4980=ORIENTED_EDGE('',*,*,#3590,.T.);
#4981=ORIENTED_EDGE('',*,*,#3724,.F.);
#4982=ORIENTED_EDGE('',*,*,#3456,.F.);
#4983=ORIENTED_EDGE('',*,*,#3725,.T.);
#4984=ORIENTED_EDGE('',*,*,#3591,.T.);
#4985=ORIENTED_EDGE('',*,*,#3725,.F.);
#4986=ORIENTED_EDGE('',*,*,#3457,.F.);
#4987=ORIENTED_EDGE('',*,*,#3726,.T.);
#4988=ORIENTED_EDGE('',*,*,#3592,.T.);
#4989=ORIENTED_EDGE('',*,*,#3726,.F.);
#4990=ORIENTED_EDGE('',*,*,#3458,.F.);
#4991=ORIENTED_EDGE('',*,*,#3727,.T.);
#4992=ORIENTED_EDGE('',*,*,#3593,.T.);
#4993=ORIENTED_EDGE('',*,*,#3727,.F.);
#4994=ORIENTED_EDGE('',*,*,#3459,.F.);
#4995=ORIENTED_EDGE('',*,*,#3728,.T.);
#4996=ORIENTED_EDGE('',*,*,#3594,.T.);
#4997=ORIENTED_EDGE('',*,*,#3728,.F.);
#4998=ORIENTED_EDGE('',*,*,#3460,.F.);
#4999=ORIENTED_EDGE('',*,*,#3729,.T.);
#5000=ORIENTED_EDGE('',*,*,#3595,.T.);
#5001=ORIENTED_EDGE('',*,*,#3729,.F.);
#5002=ORIENTED_EDGE('',*,*,#3461,.F.);
#5003=ORIENTED_EDGE('',*,*,#3730,.T.);
#5004=ORIENTED_EDGE('',*,*,#3596,.T.);
#5005=ORIENTED_EDGE('',*,*,#3730,.F.);
#5006=ORIENTED_EDGE('',*,*,#3462,.F.);
#5007=ORIENTED_EDGE('',*,*,#3731,.T.);
#5008=ORIENTED_EDGE('',*,*,#3597,.T.);
#5009=ORIENTED_EDGE('',*,*,#3731,.F.);
#5010=ORIENTED_EDGE('',*,*,#3463,.F.);
#5011=ORIENTED_EDGE('',*,*,#3732,.T.);
#5012=ORIENTED_EDGE('',*,*,#3598,.T.);
#5013=ORIENTED_EDGE('',*,*,#3732,.F.);
#5014=ORIENTED_EDGE('',*,*,#3464,.F.);
#5015=ORIENTED_EDGE('',*,*,#3733,.T.);
#5016=ORIENTED_EDGE('',*,*,#3599,.T.);
#5017=ORIENTED_EDGE('',*,*,#3733,.F.);
#5018=ORIENTED_EDGE('',*,*,#3465,.F.);
#5019=ORIENTED_EDGE('',*,*,#3734,.T.);
#5020=ORIENTED_EDGE('',*,*,#3600,.T.);
#5021=ORIENTED_EDGE('',*,*,#3734,.F.);
#5022=ORIENTED_EDGE('',*,*,#3466,.F.);
#5023=ORIENTED_EDGE('',*,*,#3735,.T.);
#5024=ORIENTED_EDGE('',*,*,#3601,.T.);
#5025=ORIENTED_EDGE('',*,*,#3735,.F.);
#5026=ORIENTED_EDGE('',*,*,#3467,.F.);
#5027=ORIENTED_EDGE('',*,*,#3736,.T.);
#5028=ORIENTED_EDGE('',*,*,#3602,.T.);
#5029=ORIENTED_EDGE('',*,*,#3736,.F.);
#5030=ORIENTED_EDGE('',*,*,#3468,.F.);
#5031=ORIENTED_EDGE('',*,*,#3737,.T.);
#5032=ORIENTED_EDGE('',*,*,#3603,.T.);
#5033=ORIENTED_EDGE('',*,*,#3737,.F.);
#5034=ORIENTED_EDGE('',*,*,#3469,.F.);
#5035=ORIENTED_EDGE('',*,*,#3738,.T.);
#5036=ORIENTED_EDGE('',*,*,#3604,.T.);
#5037=ORIENTED_EDGE('',*,*,#3738,.F.);
#5038=ORIENTED_EDGE('',*,*,#3470,.F.);
#5039=ORIENTED_EDGE('',*,*,#3739,.T.);
#5040=ORIENTED_EDGE('',*,*,#3605,.T.);
#5041=ORIENTED_EDGE('',*,*,#3739,.F.);
#5042=ORIENTED_EDGE('',*,*,#3471,.F.);
#5043=ORIENTED_EDGE('',*,*,#3740,.T.);
#5044=ORIENTED_EDGE('',*,*,#3606,.T.);
#5045=ORIENTED_EDGE('',*,*,#3740,.F.);
#5046=ORIENTED_EDGE('',*,*,#3472,.F.);
#5047=ORIENTED_EDGE('',*,*,#3741,.T.);
#5048=ORIENTED_EDGE('',*,*,#3607,.T.);
#5049=ORIENTED_EDGE('',*,*,#3741,.F.);
#5050=ORIENTED_EDGE('',*,*,#3473,.F.);
#5051=ORIENTED_EDGE('',*,*,#3742,.T.);
#5052=ORIENTED_EDGE('',*,*,#3608,.T.);
#5053=ORIENTED_EDGE('',*,*,#3742,.F.);
#5054=ORIENTED_EDGE('',*,*,#3474,.F.);
#5055=ORIENTED_EDGE('',*,*,#3743,.T.);
#5056=ORIENTED_EDGE('',*,*,#3609,.T.);
#5057=ORIENTED_EDGE('',*,*,#3743,.F.);
#5058=ORIENTED_EDGE('',*,*,#3475,.F.);
#5059=ORIENTED_EDGE('',*,*,#3744,.T.);
#5060=ORIENTED_EDGE('',*,*,#3610,.T.);
#5061=ORIENTED_EDGE('',*,*,#3744,.F.);
#5062=ORIENTED_EDGE('',*,*,#3476,.F.);
#5063=ORIENTED_EDGE('',*,*,#3745,.T.);
#5064=ORIENTED_EDGE('',*,*,#3611,.T.);
#5065=ORIENTED_EDGE('',*,*,#3745,.F.);
#5066=ORIENTED_EDGE('',*,*,#3477,.F.);
#5067=ORIENTED_EDGE('',*,*,#3746,.T.);
#5068=ORIENTED_EDGE('',*,*,#3612,.T.);
#5069=ORIENTED_EDGE('',*,*,#3746,.F.);
#5070=ORIENTED_EDGE('',*,*,#3478,.F.);
#5071=ORIENTED_EDGE('',*,*,#3747,.T.);
#5072=ORIENTED_EDGE('',*,*,#3613,.T.);
#5073=ORIENTED_EDGE('',*,*,#3747,.F.);
#5074=ORIENTED_EDGE('',*,*,#3479,.F.);
#5075=ORIENTED_EDGE('',*,*,#3748,.T.);
#5076=ORIENTED_EDGE('',*,*,#3614,.T.);
#5077=ORIENTED_EDGE('',*,*,#3748,.F.);
#5078=ORIENTED_EDGE('',*,*,#3480,.F.);
#5079=ORIENTED_EDGE('',*,*,#3749,.T.);
#5080=ORIENTED_EDGE('',*,*,#3615,.T.);
#5081=ORIENTED_EDGE('',*,*,#3749,.F.);
#5082=ORIENTED_EDGE('',*,*,#3481,.F.);
#5083=ORIENTED_EDGE('',*,*,#3750,.T.);
#5084=ORIENTED_EDGE('',*,*,#3616,.T.);
#5085=ORIENTED_EDGE('',*,*,#3750,.F.);
#5086=ORIENTED_EDGE('',*,*,#3482,.F.);
#5087=ORIENTED_EDGE('',*,*,#3751,.T.);
#5088=ORIENTED_EDGE('',*,*,#3617,.T.);
#5089=ORIENTED_EDGE('',*,*,#3751,.F.);
#5090=ORIENTED_EDGE('',*,*,#3483,.F.);
#5091=ORIENTED_EDGE('',*,*,#3752,.T.);
#5092=ORIENTED_EDGE('',*,*,#3618,.T.);
#5093=ORIENTED_EDGE('',*,*,#3752,.F.);
#5094=ORIENTED_EDGE('',*,*,#3484,.F.);
#5095=ORIENTED_EDGE('',*,*,#3753,.T.);
#5096=ORIENTED_EDGE('',*,*,#3619,.T.);
#5097=ORIENTED_EDGE('',*,*,#3753,.F.);
#5098=ORIENTED_EDGE('',*,*,#3485,.F.);
#5099=ORIENTED_EDGE('',*,*,#3754,.T.);
#5100=ORIENTED_EDGE('',*,*,#3620,.T.);
#5101=ORIENTED_EDGE('',*,*,#3754,.F.);
#5102=ORIENTED_EDGE('',*,*,#3486,.F.);
#5103=ORIENTED_EDGE('',*,*,#3755,.T.);
#5104=ORIENTED_EDGE('',*,*,#3621,.T.);
#5105=ORIENTED_EDGE('',*,*,#3755,.F.);
#5106=ORIENTED_EDGE('',*,*,#3487,.F.);
#5107=ORIENTED_EDGE('',*,*,#3756,.T.);
#5108=ORIENTED_EDGE('',*,*,#3622,.T.);
#5109=ORIENTED_EDGE('',*,*,#3756,.F.);
#5110=ORIENTED_EDGE('',*,*,#3488,.F.);
#5111=ORIENTED_EDGE('',*,*,#3757,.T.);
#5112=ORIENTED_EDGE('',*,*,#3623,.T.);
#5113=ORIENTED_EDGE('',*,*,#3757,.F.);
#5114=ORIENTED_EDGE('',*,*,#3489,.F.);
#5115=ORIENTED_EDGE('',*,*,#3758,.T.);
#5116=ORIENTED_EDGE('',*,*,#3624,.T.);
#5117=ORIENTED_EDGE('',*,*,#3758,.F.);
#5118=ORIENTED_EDGE('',*,*,#3490,.F.);
#5119=ORIENTED_EDGE('',*,*,#3759,.T.);
#5120=ORIENTED_EDGE('',*,*,#3625,.T.);
#5121=ORIENTED_EDGE('',*,*,#3759,.F.);
#5122=ORIENTED_EDGE('',*,*,#3491,.F.);
#5123=ORIENTED_EDGE('',*,*,#3760,.T.);
#5124=ORIENTED_EDGE('',*,*,#3626,.T.);
#5125=ORIENTED_EDGE('',*,*,#3760,.F.);
#5126=ORIENTED_EDGE('',*,*,#3492,.F.);
#5127=ORIENTED_EDGE('',*,*,#3761,.T.);
#5128=ORIENTED_EDGE('',*,*,#3627,.T.);
#5129=ORIENTED_EDGE('',*,*,#3761,.F.);
#5130=ORIENTED_EDGE('',*,*,#3493,.F.);
#5131=ORIENTED_EDGE('',*,*,#3762,.T.);
#5132=ORIENTED_EDGE('',*,*,#3628,.T.);
#5133=ORIENTED_EDGE('',*,*,#3762,.F.);
#5134=ORIENTED_EDGE('',*,*,#3494,.F.);
#5135=ORIENTED_EDGE('',*,*,#3763,.T.);
#5136=ORIENTED_EDGE('',*,*,#3629,.T.);
#5137=ORIENTED_EDGE('',*,*,#3763,.F.);
#5138=ORIENTED_EDGE('',*,*,#3495,.F.);
#5139=ORIENTED_EDGE('',*,*,#3764,.T.);
#5140=ORIENTED_EDGE('',*,*,#3630,.T.);
#5141=ORIENTED_EDGE('',*,*,#3764,.F.);
#5142=ORIENTED_EDGE('',*,*,#3496,.F.);
#5143=ORIENTED_EDGE('',*,*,#3765,.T.);
#5144=ORIENTED_EDGE('',*,*,#3631,.T.);
#5145=ORIENTED_EDGE('',*,*,#3765,.F.);
#5146=ORIENTED_EDGE('',*,*,#3497,.F.);
#5147=ORIENTED_EDGE('',*,*,#3766,.T.);
#5148=ORIENTED_EDGE('',*,*,#3632,.T.);
#5149=ORIENTED_EDGE('',*,*,#3766,.F.);
#5150=ORIENTED_EDGE('',*,*,#3498,.F.);
#5151=ORIENTED_EDGE('',*,*,#3767,.T.);
#5152=ORIENTED_EDGE('',*,*,#3633,.T.);
#5153=ORIENTED_EDGE('',*,*,#3767,.F.);
#5154=ORIENTED_EDGE('',*,*,#3499,.F.);
#5155=ORIENTED_EDGE('',*,*,#3768,.T.);
#5156=ORIENTED_EDGE('',*,*,#3634,.T.);
#5157=ORIENTED_EDGE('',*,*,#3768,.F.);
#5158=ORIENTED_EDGE('',*,*,#3500,.F.);
#5159=ORIENTED_EDGE('',*,*,#3769,.T.);
#5160=ORIENTED_EDGE('',*,*,#3635,.T.);
#5161=ORIENTED_EDGE('',*,*,#3769,.F.);
#5162=ORIENTED_EDGE('',*,*,#3501,.F.);
#5163=ORIENTED_EDGE('',*,*,#3770,.T.);
#5164=ORIENTED_EDGE('',*,*,#3636,.T.);
#5165=ORIENTED_EDGE('',*,*,#3770,.F.);
#5166=ORIENTED_EDGE('',*,*,#3502,.F.);
#5167=ORIENTED_EDGE('',*,*,#3771,.T.);
#5168=ORIENTED_EDGE('',*,*,#3637,.T.);
#5169=ORIENTED_EDGE('',*,*,#3771,.F.);
#5170=ORIENTED_EDGE('',*,*,#3503,.F.);
#5171=ORIENTED_EDGE('',*,*,#3772,.T.);
#5172=ORIENTED_EDGE('',*,*,#3638,.T.);
#5173=ORIENTED_EDGE('',*,*,#3772,.F.);
#5174=ORIENTED_EDGE('',*,*,#3504,.F.);
#5175=ORIENTED_EDGE('',*,*,#3773,.T.);
#5176=ORIENTED_EDGE('',*,*,#3639,.T.);
#5177=ORIENTED_EDGE('',*,*,#3773,.F.);
#5178=ORIENTED_EDGE('',*,*,#3505,.F.);
#5179=ORIENTED_EDGE('',*,*,#3774,.T.);
#5180=ORIENTED_EDGE('',*,*,#3640,.T.);
#5181=ORIENTED_EDGE('',*,*,#3774,.F.);
#5182=ORIENTED_EDGE('',*,*,#3506,.F.);
#5183=ORIENTED_EDGE('',*,*,#3775,.T.);
#5184=ORIENTED_EDGE('',*,*,#3641,.T.);
#5185=ORIENTED_EDGE('',*,*,#3775,.F.);
#5186=ORIENTED_EDGE('',*,*,#3507,.F.);
#5187=ORIENTED_EDGE('',*,*,#3776,.T.);
#5188=ORIENTED_EDGE('',*,*,#3642,.T.);
#5189=ORIENTED_EDGE('',*,*,#3776,.F.);
#5190=ORIENTED_EDGE('',*,*,#3508,.F.);
#5191=ORIENTED_EDGE('',*,*,#3777,.T.);
#5192=ORIENTED_EDGE('',*,*,#3643,.T.);
#5193=ORIENTED_EDGE('',*,*,#3777,.F.);
#5194=ORIENTED_EDGE('',*,*,#3509,.F.);
#5195=ORIENTED_EDGE('',*,*,#3778,.T.);
#5196=ORIENTED_EDGE('',*,*,#3644,.T.);
#5197=ORIENTED_EDGE('',*,*,#3778,.F.);
#5198=ORIENTED_EDGE('',*,*,#3510,.F.);
#5199=ORIENTED_EDGE('',*,*,#3779,.T.);
#5200=ORIENTED_EDGE('',*,*,#3645,.T.);
#5201=ORIENTED_EDGE('',*,*,#3779,.F.);
#5202=ORIENTED_EDGE('',*,*,#3511,.F.);
#5203=ORIENTED_EDGE('',*,*,#3780,.T.);
#5204=ORIENTED_EDGE('',*,*,#3646,.T.);
#5205=ORIENTED_EDGE('',*,*,#3780,.F.);
#5206=ORIENTED_EDGE('',*,*,#3512,.F.);
#5207=ORIENTED_EDGE('',*,*,#3781,.T.);
#5208=ORIENTED_EDGE('',*,*,#3647,.T.);
#5209=ORIENTED_EDGE('',*,*,#3781,.F.);
#5210=ORIENTED_EDGE('',*,*,#3513,.F.);
#5211=ORIENTED_EDGE('',*,*,#3782,.T.);
#5212=ORIENTED_EDGE('',*,*,#3648,.T.);
#5213=ORIENTED_EDGE('',*,*,#3782,.F.);
#5214=ORIENTED_EDGE('',*,*,#3514,.F.);
#5215=ORIENTED_EDGE('',*,*,#3783,.T.);
#5216=ORIENTED_EDGE('',*,*,#3649,.T.);
#5217=ORIENTED_EDGE('',*,*,#3783,.F.);
#5218=ORIENTED_EDGE('',*,*,#3515,.F.);
#5219=ORIENTED_EDGE('',*,*,#3784,.T.);
#5220=ORIENTED_EDGE('',*,*,#3650,.T.);
#5221=ORIENTED_EDGE('',*,*,#3784,.F.);
#5222=ORIENTED_EDGE('',*,*,#3516,.F.);
#5223=ORIENTED_EDGE('',*,*,#3785,.T.);
#5224=ORIENTED_EDGE('',*,*,#3651,.T.);
#5225=ORIENTED_EDGE('',*,*,#3785,.F.);
#5226=ORIENTED_EDGE('',*,*,#3517,.F.);
#5227=ORIENTED_EDGE('',*,*,#3786,.T.);
#5228=ORIENTED_EDGE('',*,*,#3652,.T.);
#5229=ORIENTED_EDGE('',*,*,#3786,.F.);
#5230=ORIENTED_EDGE('',*,*,#3518,.F.);
#5231=ORIENTED_EDGE('',*,*,#3787,.T.);
#5232=ORIENTED_EDGE('',*,*,#3653,.T.);
#5233=ORIENTED_EDGE('',*,*,#3787,.F.);
#5234=ORIENTED_EDGE('',*,*,#3519,.F.);
#5235=ORIENTED_EDGE('',*,*,#3788,.T.);
#5236=ORIENTED_EDGE('',*,*,#3654,.T.);
#5237=ORIENTED_EDGE('',*,*,#3788,.F.);
#5238=ORIENTED_EDGE('',*,*,#3520,.F.);
#5239=ORIENTED_EDGE('',*,*,#3789,.T.);
#5240=ORIENTED_EDGE('',*,*,#3655,.T.);
#5241=ORIENTED_EDGE('',*,*,#3789,.F.);
#5242=ORIENTED_EDGE('',*,*,#3521,.F.);
#5243=ORIENTED_EDGE('',*,*,#3790,.T.);
#5244=ORIENTED_EDGE('',*,*,#3656,.T.);
#5245=ORIENTED_EDGE('',*,*,#3790,.F.);
#5246=ORIENTED_EDGE('',*,*,#3522,.F.);
#5247=ORIENTED_EDGE('',*,*,#3791,.T.);
#5248=ORIENTED_EDGE('',*,*,#3657,.T.);
#5249=ORIENTED_EDGE('',*,*,#3791,.F.);
#5250=ORIENTED_EDGE('',*,*,#3523,.F.);
#5251=ORIENTED_EDGE('',*,*,#3792,.T.);
#5252=ORIENTED_EDGE('',*,*,#3658,.T.);
#5253=ORIENTED_EDGE('',*,*,#3792,.F.);
#5254=ORIENTED_EDGE('',*,*,#3524,.F.);
#5255=ORIENTED_EDGE('',*,*,#3793,.T.);
#5256=ORIENTED_EDGE('',*,*,#3659,.T.);
#5257=ORIENTED_EDGE('',*,*,#3793,.F.);
#5258=ORIENTED_EDGE('',*,*,#3525,.F.);
#5259=ORIENTED_EDGE('',*,*,#3794,.T.);
#5260=ORIENTED_EDGE('',*,*,#3660,.T.);
#5261=ORIENTED_EDGE('',*,*,#3794,.F.);
#5262=ORIENTED_EDGE('',*,*,#3526,.F.);
#5263=ORIENTED_EDGE('',*,*,#3795,.T.);
#5264=ORIENTED_EDGE('',*,*,#3661,.T.);
#5265=ORIENTED_EDGE('',*,*,#3795,.F.);
#5266=ORIENTED_EDGE('',*,*,#3527,.F.);
#5267=ORIENTED_EDGE('',*,*,#3796,.T.);
#5268=ORIENTED_EDGE('',*,*,#3662,.T.);
#5269=ORIENTED_EDGE('',*,*,#3796,.F.);
#5270=ORIENTED_EDGE('',*,*,#3528,.F.);
#5271=ORIENTED_EDGE('',*,*,#3797,.T.);
#5272=ORIENTED_EDGE('',*,*,#3663,.T.);
#5273=ORIENTED_EDGE('',*,*,#3797,.F.);
#5274=ORIENTED_EDGE('',*,*,#3529,.F.);
#5275=ORIENTED_EDGE('',*,*,#3798,.T.);
#5276=ORIENTED_EDGE('',*,*,#3664,.T.);
#5277=ORIENTED_EDGE('',*,*,#3798,.F.);
#5278=ORIENTED_EDGE('',*,*,#3530,.F.);
#5279=ORIENTED_EDGE('',*,*,#3799,.T.);
#5280=ORIENTED_EDGE('',*,*,#3665,.T.);
#5281=ORIENTED_EDGE('',*,*,#3799,.F.);
#5282=ORIENTED_EDGE('',*,*,#3531,.F.);
#5283=ORIENTED_EDGE('',*,*,#3800,.T.);
#5284=ORIENTED_EDGE('',*,*,#3666,.T.);
#5285=ORIENTED_EDGE('',*,*,#3800,.F.);
#5286=ORIENTED_EDGE('',*,*,#3532,.F.);
#5287=ORIENTED_EDGE('',*,*,#3801,.T.);
#5288=ORIENTED_EDGE('',*,*,#3667,.T.);
#5289=ORIENTED_EDGE('',*,*,#3801,.F.);
#5290=ORIENTED_EDGE('',*,*,#3533,.F.);
#5291=ORIENTED_EDGE('',*,*,#3802,.T.);
#5292=ORIENTED_EDGE('',*,*,#3668,.T.);
#5293=ORIENTED_EDGE('',*,*,#3802,.F.);
#5294=ORIENTED_EDGE('',*,*,#3534,.F.);
#5295=ORIENTED_EDGE('',*,*,#3803,.T.);
#5296=ORIENTED_EDGE('',*,*,#3669,.T.);
#5297=ORIENTED_EDGE('',*,*,#3803,.F.);
#5298=ORIENTED_EDGE('',*,*,#3535,.F.);
#5299=ORIENTED_EDGE('',*,*,#3804,.T.);
#5300=ORIENTED_EDGE('',*,*,#3670,.T.);
#5301=ORIENTED_EDGE('',*,*,#3804,.F.);
#5302=ORIENTED_EDGE('',*,*,#3536,.F.);
#5303=ORIENTED_EDGE('',*,*,#3805,.T.);
#5304=ORIENTED_EDGE('',*,*,#3671,.T.);
#5305=ORIENTED_EDGE('',*,*,#3805,.F.);
#5306=ORIENTED_EDGE('',*,*,#3537,.F.);
#5307=ORIENTED_EDGE('',*,*,#3806,.T.);
#5308=ORIENTED_EDGE('',*,*,#3672,.T.);
#5309=ORIENTED_EDGE('',*,*,#3806,.F.);
#5310=ORIENTED_EDGE('',*,*,#3538,.F.);
#5311=ORIENTED_EDGE('',*,*,#3807,.T.);
#5312=ORIENTED_EDGE('',*,*,#3673,.T.);
#5313=ORIENTED_EDGE('',*,*,#3807,.F.);
#5314=ORIENTED_EDGE('',*,*,#3539,.F.);
#5315=ORIENTED_EDGE('',*,*,#3808,.T.);
#5316=ORIENTED_EDGE('',*,*,#3674,.T.);
#5317=ORIENTED_EDGE('',*,*,#3808,.F.);
#5318=ORIENTED_EDGE('',*,*,#3540,.F.);
#5319=ORIENTED_EDGE('',*,*,#3809,.T.);
#5320=ORIENTED_EDGE('',*,*,#3675,.T.);
#5321=ORIENTED_EDGE('',*,*,#3809,.F.);
#5322=ORIENTED_EDGE('',*,*,#3541,.F.);
#5323=ORIENTED_EDGE('',*,*,#3810,.T.);
#5324=ORIENTED_EDGE('',*,*,#3676,.T.);
#5325=ORIENTED_EDGE('',*,*,#3810,.F.);
#5326=ORIENTED_EDGE('',*,*,#3542,.F.);
#5327=ORIENTED_EDGE('',*,*,#3811,.T.);
#5328=ORIENTED_EDGE('',*,*,#3677,.T.);
#5329=ORIENTED_EDGE('',*,*,#3811,.F.);
#5330=CONICAL_SURFACE('',#5644,62.6758238446937,0.785398163397418);
#5331=CONICAL_SURFACE('',#5657,375.06066017178,0.392699081698699);
#5332=CONICAL_SURFACE('',#5661,9.56066017177982,0.392699081698723);
#5333=CONICAL_SURFACE('',#5666,13.9266397952891,0.392699085248913);
#5334=CONICAL_SURFACE('',#5670,9.92663980282019,0.39269908169872);
#5335=CONICAL_SURFACE('',#5715,8.48729997460001,0.785398163397448);
#5336=CONICAL_SURFACE('',#5717,12.4872999746,0.785398170497819);
#5337=CONICAL_SURFACE('',#5719,11.,0.785398163397445);
#5338=CONICAL_SURFACE('',#5720,376.5,0.785398163397384);
#5339=CONICAL_SURFACE('',#5781,691.77569865159,0.78539816339745);
#5340=CONICAL_SURFACE('',#5785,377.5,0.785398163397456);
#5341=CONICAL_SURFACE('',#5789,2.10020320040599,0.785398163397449);
#5342=CONICAL_SURFACE('',#5831,691.27569865159,0.785398163397666);
#5343=CONICAL_SURFACE('',#5839,64.6758238446937,0.785398163746825);
#5344=CONICAL_SURFACE('',#5850,5.5,0.785398163397449);
#5345=ADVANCED_FACE('',(#1362),#5330,.F.);
#5346=ADVANCED_FACE('',(#1363),#1293,.T.);
#5347=ADVANCED_FACE('',(#1364,#370,#371,#372),#1294,.T.);
#5348=ADVANCED_FACE('',(#1365),#5331,.F.);
#5349=ADVANCED_FACE('',(#1366),#5332,.F.);
#5350=ADVANCED_FACE('',(#1367),#1295,.T.);
#5351=ADVANCED_FACE('',(#1368),#5333,.T.);
#5352=ADVANCED_FACE('',(#1369),#1296,.T.);
#5353=ADVANCED_FACE('',(#1370),#5334,.T.);
#5354=ADVANCED_FACE('',(#1371),#1297,.T.);
#5355=ADVANCED_FACE('',(#1372),#192,.T.);
#5356=ADVANCED_FACE('',(#1373),#1298,.F.);
#5357=ADVANCED_FACE('',(#1374),#193,.T.);
#5358=ADVANCED_FACE('',(#1375),#1299,.T.);
#5359=ADVANCED_FACE('',(#1376),#194,.F.);
#5360=ADVANCED_FACE('',(#1377),#195,.F.);
#5361=ADVANCED_FACE('',(#1378),#196,.T.);
#5362=ADVANCED_FACE('',(#1379),#181,.T.);
#5363=ADVANCED_FACE('',(#1380),#197,.F.);
#5364=ADVANCED_FACE('',(#1381),#198,.T.);
#5365=ADVANCED_FACE('',(#1382),#182,.T.);
#5366=ADVANCED_FACE('',(#1383),#1300,.F.);
#5367=ADVANCED_FACE('',(#1384),#1301,.F.);
#5368=ADVANCED_FACE('',(#1385),#1302,.T.);
#5369=ADVANCED_FACE('',(#1386),#1303,.T.);
#5370=ADVANCED_FACE('',(#1387),#169,.T.);
#5371=ADVANCED_FACE('',(#1388),#170,.T.);
#5372=ADVANCED_FACE('',(#1389),#171,.T.);
#5373=ADVANCED_FACE('',(#1390),#1304,.T.);
#5374=ADVANCED_FACE('',(#1391),#172,.T.);
#5375=ADVANCED_FACE('',(#1392),#173,.T.);
#5376=ADVANCED_FACE('',(#1393),#174,.T.);
#5377=ADVANCED_FACE('',(#1394),#175,.T.);
#5378=ADVANCED_FACE('',(#1395),#176,.T.);
#5379=ADVANCED_FACE('',(#1396),#1305,.F.);
#5380=ADVANCED_FACE('',(#1397),#183,.T.);
#5381=ADVANCED_FACE('',(#1398),#199,.F.);
#5382=ADVANCED_FACE('',(#1399),#1306,.T.);
#5383=ADVANCED_FACE('',(#1400),#5335,.T.);
#5384=ADVANCED_FACE('',(#1401),#1307,.T.);
#5385=ADVANCED_FACE('',(#1402),#5336,.T.);
#5386=ADVANCED_FACE('',(#1403),#1308,.T.);
#5387=ADVANCED_FACE('',(#1404),#5337,.F.);
#5388=ADVANCED_FACE('',(#1405),#5338,.F.);
#5389=ADVANCED_FACE('',(#1406),#200,.F.);
#5390=ADVANCED_FACE('',(#1407),#201,.F.);
#5391=ADVANCED_FACE('',(#1408),#202,.F.);
#5392=ADVANCED_FACE('',(#1409),#1309,.F.);
#5393=ADVANCED_FACE('',(#1410),#203,.T.);
#5394=ADVANCED_FACE('',(#1411),#1310,.F.);
#5395=ADVANCED_FACE('',(#1412),#204,.F.);
#5396=ADVANCED_FACE('',(#1413),#1311,.F.);
#5397=ADVANCED_FACE('',(#1414),#205,.F.);
#5398=ADVANCED_FACE('',(#1415),#1312,.F.);
#5399=ADVANCED_FACE('',(#1416),#206,.F.);
#5400=ADVANCED_FACE('',(#1417,#373),#1313,.T.);
#5401=ADVANCED_FACE('',(#1418),#1314,.T.);
#5402=ADVANCED_FACE('',(#1419),#207,.F.);
#5403=ADVANCED_FACE('',(#1420),#1315,.T.);
#5404=ADVANCED_FACE('',(#1421),#208,.F.);
#5405=ADVANCED_FACE('',(#1422),#209,.T.);
#5406=ADVANCED_FACE('',(#1423),#210,.F.);
#5407=ADVANCED_FACE('',(#1424),#211,.F.);
#5408=ADVANCED_FACE('',(#1425),#212,.F.);
#5409=ADVANCED_FACE('',(#1426),#1316,.T.);
#5410=ADVANCED_FACE('',(#1427),#1317,.F.);
#5411=ADVANCED_FACE('',(#1428),#1318,.F.);
#5412=ADVANCED_FACE('',(#1429),#213,.F.);
#5413=ADVANCED_FACE('',(#1430),#214,.F.);
#5414=ADVANCED_FACE('',(#1431,#374),#1319,.T.);
#5415=ADVANCED_FACE('',(#1432),#1320,.T.);
#5416=ADVANCED_FACE('',(#1433),#1321,.T.);
#5417=ADVANCED_FACE('',(#1434),#215,.F.);
#5418=ADVANCED_FACE('',(#1435),#216,.F.);
#5419=ADVANCED_FACE('',(#1436),#1322,.F.);
#5420=ADVANCED_FACE('',(#1437),#1323,.F.);
#5421=ADVANCED_FACE('',(#1438),#5339,.F.);
#5422=ADVANCED_FACE('',(#1439),#184,.T.);
#5423=ADVANCED_FACE('',(#1440),#5340,.F.);
#5424=ADVANCED_FACE('',(#1441),#185,.T.);
#5425=ADVANCED_FACE('',(#1442),#5341,.F.);
#5426=ADVANCED_FACE('',(#1443,#375),#1324,.T.);
#5427=ADVANCED_FACE('',(#1444),#177,.T.);
#5428=ADVANCED_FACE('',(#1445),#217,.F.);
#5429=ADVANCED_FACE('',(#1446),#178,.T.);
#5430=ADVANCED_FACE('',(#1447),#1325,.F.);
#5431=ADVANCED_FACE('',(#1448),#179,.T.);
#5432=ADVANCED_FACE('',(#1449),#218,.F.);
#5433=ADVANCED_FACE('',(#1450),#180,.T.);
#5434=ADVANCED_FACE('',(#1451),#219,.T.);
#5435=ADVANCED_FACE('',(#1452),#1326,.F.);
#5436=ADVANCED_FACE('',(#1453),#220,.T.);
#5437=ADVANCED_FACE('',(#1454),#186,.T.);
#5438=ADVANCED_FACE('',(#1455),#221,.T.);
#5439=ADVANCED_FACE('',(#1456),#1327,.F.);
#5440=ADVANCED_FACE('',(#1457),#1328,.T.);
#5441=ADVANCED_FACE('',(#1458),#1329,.T.);
#5442=ADVANCED_FACE('',(#1459),#187,.T.);
#5443=ADVANCED_FACE('',(#1460),#222,.T.);
#5444=ADVANCED_FACE('',(#1461),#223,.F.);
#5445=ADVANCED_FACE('',(#1462),#1330,.F.);
#5446=ADVANCED_FACE('',(#1463),#224,.F.);
#5447=ADVANCED_FACE('',(#1464),#188,.T.);
#5448=ADVANCED_FACE('',(#1465),#5342,.F.);
#5449=ADVANCED_FACE('',(#1466),#189,.T.);
#5450=ADVANCED_FACE('',(#1467),#1331,.F.);
#5451=ADVANCED_FACE('',(#1468),#1332,.T.);
#5452=ADVANCED_FACE('',(#1469),#225,.T.);
#5453=ADVANCED_FACE('',(#1470),#1333,.F.);
#5454=ADVANCED_FACE('',(#1471),#5343,.F.);
#5455=ADVANCED_FACE('',(#1472),#1334,.F.);
#5456=ADVANCED_FACE('',(#1473),#1335,.T.);
#5457=ADVANCED_FACE('',(#1474),#1336,.T.);
#5458=ADVANCED_FACE('',(#1475),#1337,.F.);
#5459=ADVANCED_FACE('',(#1476),#1338,.T.);
#5460=ADVANCED_FACE('',(#1477),#1339,.T.);
#5461=ADVANCED_FACE('',(#1478),#1340,.F.);
#5462=ADVANCED_FACE('',(#1479),#226,.F.);
#5463=ADVANCED_FACE('',(#1480),#5344,.F.);
#5464=ADVANCED_FACE('',(#1481),#1341,.T.);
#5465=ADVANCED_FACE('',(#1482),#227,.T.);
#5466=ADVANCED_FACE('',(#1483),#1342,.T.);
#5467=ADVANCED_FACE('',(#1484),#1343,.T.);
#5468=ADVANCED_FACE('',(#1485),#1344,.F.);
#5469=ADVANCED_FACE('',(#1486),#1345,.T.);
#5470=ADVANCED_FACE('',(#1487),#1346,.F.);
#5471=ADVANCED_FACE('',(#1488),#1347,.T.);
#5472=ADVANCED_FACE('',(#1489),#190,.F.);
#5473=ADVANCED_FACE('',(#1490,#376),#1348,.T.);
#5474=ADVANCED_FACE('',(#1491),#228,.F.);
#5475=ADVANCED_FACE('',(#1492),#1349,.T.);
#5476=ADVANCED_FACE('',(#1493),#191,.T.);
#5477=ADVANCED_FACE('',(#1494),#229,.T.);
#5478=ADVANCED_FACE('',(#1495),#1350,.T.);
#5479=ADVANCED_FACE('',(#1496),#1351,.T.);
#5480=ADVANCED_FACE('',(#1497,#377,#378,#379,#380,#381,#382,#383,#384,#385,
#386,#387,#388,#389,#390,#391,#392,#393,#394,#395,#396,#397,#398,#399,#400,
#401,#402,#403,#404,#405,#406,#407,#408,#409,#410,#411,#412,#413,#414,#415,
#416,#417,#418,#419,#420,#421,#422,#423,#424,#425,#426,#427,#428,#429,#430,
#431,#432,#433,#434,#435,#436,#437,#438,#439,#440,#441,#442,#443,#444,#445,
#446,#447,#448,#449,#450,#451,#452,#453,#454,#455,#456,#457,#458,#459,#460,
#461,#462,#463,#464,#465,#466,#467,#468,#469,#470,#471,#472,#473,#474,#475,
#476,#477,#478,#479,#480,#481,#482,#483,#484,#485,#486,#487,#488,#489,#490,
#491,#492,#493,#494,#495,#496),#1352,.T.);
#5481=ADVANCED_FACE('',(#1498,#497,#498,#499,#500,#501,#502,#503,#504,#505,
#506,#507,#508,#509,#510,#511,#512,#513,#514,#515,#516,#517,#518,#519,#520,
#521,#522,#523,#524,#525,#526,#527,#528,#529,#530,#531,#532,#533,#534,#535,
#536,#537,#538,#539,#540,#541,#542,#543,#544,#545,#546,#547,#548,#549,#550,
#551,#552,#553,#554,#555,#556,#557,#558,#559,#560,#561,#562,#563,#564,#565,
#566,#567,#568,#569,#570,#571,#572,#573,#574,#575,#576,#577,#578,#579,#580,
#581,#582,#583,#584,#585,#586,#587,#588,#589,#590,#591,#592,#593,#594,#595,
#596,#597,#598,#599,#600,#601,#602,#603,#604,#605,#606,#607,#608,#609,#610,
#611,#612,#613,#614,#615,#616),#1353,.F.);
#5482=ADVANCED_FACE('',(#1499),#230,.F.);
#5483=ADVANCED_FACE('',(#1500),#231,.T.);
#5484=ADVANCED_FACE('',(#1501),#232,.T.);
#5485=ADVANCED_FACE('',(#1502),#1354,.T.);
#5486=ADVANCED_FACE('',(#1503),#1355,.T.);
#5487=ADVANCED_FACE('',(#1504),#233,.T.);
#5488=ADVANCED_FACE('',(#1505),#234,.T.);
#5489=ADVANCED_FACE('',(#1506),#1356,.T.);
#5490=ADVANCED_FACE('',(#1507),#1357,.T.);
#5491=ADVANCED_FACE('',(#1508),#235,.F.);
#5492=ADVANCED_FACE('',(#1509),#1358,.F.);
#5493=ADVANCED_FACE('',(#1510),#236,.F.);
#5494=ADVANCED_FACE('',(#1511),#1359,.F.);
#5495=ADVANCED_FACE('',(#1512),#237,.F.);
#5496=ADVANCED_FACE('',(#1513),#1360,.F.);
#5497=ADVANCED_FACE('',(#1514),#238,.F.);
#5498=ADVANCED_FACE('',(#1515),#1361,.F.);
#5499=ADVANCED_FACE('',(#1516),#239,.F.);
#5500=ADVANCED_FACE('',(#1517),#240,.F.);
#5501=ADVANCED_FACE('',(#1518),#241,.F.);
#5502=ADVANCED_FACE('',(#1519),#242,.F.);
#5503=ADVANCED_FACE('',(#1520),#243,.F.);
#5504=ADVANCED_FACE('',(#1521),#244,.F.);
#5505=ADVANCED_FACE('',(#1522),#245,.F.);
#5506=ADVANCED_FACE('',(#1523),#246,.F.);
#5507=ADVANCED_FACE('',(#1524),#247,.F.);
#5508=ADVANCED_FACE('',(#1525),#248,.F.);
#5509=ADVANCED_FACE('',(#1526),#249,.F.);
#5510=ADVANCED_FACE('',(#1527),#250,.F.);
#5511=ADVANCED_FACE('',(#1528),#251,.F.);
#5512=ADVANCED_FACE('',(#1529),#252,.F.);
#5513=ADVANCED_FACE('',(#1530),#253,.F.);
#5514=ADVANCED_FACE('',(#1531),#254,.F.);
#5515=ADVANCED_FACE('',(#1532),#255,.F.);
#5516=ADVANCED_FACE('',(#1533),#256,.F.);
#5517=ADVANCED_FACE('',(#1534),#257,.F.);
#5518=ADVANCED_FACE('',(#1535),#258,.F.);
#5519=ADVANCED_FACE('',(#1536),#259,.F.);
#5520=ADVANCED_FACE('',(#1537),#260,.F.);
#5521=ADVANCED_FACE('',(#1538),#261,.F.);
#5522=ADVANCED_FACE('',(#1539),#262,.F.);
#5523=ADVANCED_FACE('',(#1540),#263,.F.);
#5524=ADVANCED_FACE('',(#1541),#264,.F.);
#5525=ADVANCED_FACE('',(#1542),#265,.F.);
#5526=ADVANCED_FACE('',(#1543),#266,.F.);
#5527=ADVANCED_FACE('',(#1544),#267,.F.);
#5528=ADVANCED_FACE('',(#1545),#268,.F.);
#5529=ADVANCED_FACE('',(#1546),#269,.F.);
#5530=ADVANCED_FACE('',(#1547),#270,.F.);
#5531=ADVANCED_FACE('',(#1548),#271,.F.);
#5532=ADVANCED_FACE('',(#1549),#272,.F.);
#5533=ADVANCED_FACE('',(#1550),#273,.F.);
#5534=ADVANCED_FACE('',(#1551),#274,.F.);
#5535=ADVANCED_FACE('',(#1552),#275,.F.);
#5536=ADVANCED_FACE('',(#1553),#276,.F.);
#5537=ADVANCED_FACE('',(#1554),#277,.F.);
#5538=ADVANCED_FACE('',(#1555),#278,.F.);
#5539=ADVANCED_FACE('',(#1556),#279,.F.);
#5540=ADVANCED_FACE('',(#1557),#280,.F.);
#5541=ADVANCED_FACE('',(#1558),#281,.F.);
#5542=ADVANCED_FACE('',(#1559),#282,.F.);
#5543=ADVANCED_FACE('',(#1560),#283,.F.);
#5544=ADVANCED_FACE('',(#1561),#284,.F.);
#5545=ADVANCED_FACE('',(#1562),#285,.F.);
#5546=ADVANCED_FACE('',(#1563),#286,.F.);
#5547=ADVANCED_FACE('',(#1564),#287,.F.);
#5548=ADVANCED_FACE('',(#1565),#288,.F.);
#5549=ADVANCED_FACE('',(#1566),#289,.F.);
#5550=ADVANCED_FACE('',(#1567),#290,.F.);
#5551=ADVANCED_FACE('',(#1568),#291,.F.);
#5552=ADVANCED_FACE('',(#1569),#292,.F.);
#5553=ADVANCED_FACE('',(#1570),#293,.F.);
#5554=ADVANCED_FACE('',(#1571),#294,.F.);
#5555=ADVANCED_FACE('',(#1572),#295,.F.);
#5556=ADVANCED_FACE('',(#1573),#296,.F.);
#5557=ADVANCED_FACE('',(#1574),#297,.F.);
#5558=ADVANCED_FACE('',(#1575),#298,.F.);
#5559=ADVANCED_FACE('',(#1576),#299,.F.);
#5560=ADVANCED_FACE('',(#1577),#300,.F.);
#5561=ADVANCED_FACE('',(#1578),#301,.F.);
#5562=ADVANCED_FACE('',(#1579),#302,.F.);
#5563=ADVANCED_FACE('',(#1580),#303,.F.);
#5564=ADVANCED_FACE('',(#1581),#304,.F.);
#5565=ADVANCED_FACE('',(#1582),#305,.F.);
#5566=ADVANCED_FACE('',(#1583),#306,.F.);
#5567=ADVANCED_FACE('',(#1584),#307,.F.);
#5568=ADVANCED_FACE('',(#1585),#308,.F.);
#5569=ADVANCED_FACE('',(#1586),#309,.F.);
#5570=ADVANCED_FACE('',(#1587),#310,.F.);
#5571=ADVANCED_FACE('',(#1588),#311,.F.);
#5572=ADVANCED_FACE('',(#1589),#312,.F.);
#5573=ADVANCED_FACE('',(#1590),#313,.F.);
#5574=ADVANCED_FACE('',(#1591),#314,.F.);
#5575=ADVANCED_FACE('',(#1592),#315,.F.);
#5576=ADVANCED_FACE('',(#1593),#316,.F.);
#5577=ADVANCED_FACE('',(#1594),#317,.F.);
#5578=ADVANCED_FACE('',(#1595),#318,.F.);
#5579=ADVANCED_FACE('',(#1596),#319,.F.);
#5580=ADVANCED_FACE('',(#1597),#320,.F.);
#5581=ADVANCED_FACE('',(#1598),#321,.F.);
#5582=ADVANCED_FACE('',(#1599),#322,.F.);
#5583=ADVANCED_FACE('',(#1600),#323,.F.);
#5584=ADVANCED_FACE('',(#1601),#324,.F.);
#5585=ADVANCED_FACE('',(#1602),#325,.F.);
#5586=ADVANCED_FACE('',(#1603),#326,.F.);
#5587=ADVANCED_FACE('',(#1604),#327,.F.);
#5588=ADVANCED_FACE('',(#1605),#328,.F.);
#5589=ADVANCED_FACE('',(#1606),#329,.F.);
#5590=ADVANCED_FACE('',(#1607),#330,.F.);
#5591=ADVANCED_FACE('',(#1608),#331,.F.);
#5592=ADVANCED_FACE('',(#1609),#332,.F.);
#5593=ADVANCED_FACE('',(#1610),#333,.F.);
#5594=ADVANCED_FACE('',(#1611),#334,.F.);
#5595=ADVANCED_FACE('',(#1612),#335,.F.);
#5596=ADVANCED_FACE('',(#1613),#336,.F.);
#5597=ADVANCED_FACE('',(#1614),#337,.F.);
#5598=ADVANCED_FACE('',(#1615),#338,.F.);
#5599=ADVANCED_FACE('',(#1616),#339,.F.);
#5600=ADVANCED_FACE('',(#1617),#340,.F.);
#5601=ADVANCED_FACE('',(#1618),#341,.F.);
#5602=ADVANCED_FACE('',(#1619),#342,.F.);
#5603=ADVANCED_FACE('',(#1620),#343,.F.);
#5604=ADVANCED_FACE('',(#1621),#344,.F.);
#5605=ADVANCED_FACE('',(#1622),#345,.F.);
#5606=ADVANCED_FACE('',(#1623),#346,.F.);
#5607=ADVANCED_FACE('',(#1624),#347,.F.);
#5608=ADVANCED_FACE('',(#1625),#348,.F.);
#5609=ADVANCED_FACE('',(#1626),#349,.F.);
#5610=ADVANCED_FACE('',(#1627),#350,.F.);
#5611=ADVANCED_FACE('',(#1628),#351,.F.);
#5612=ADVANCED_FACE('',(#1629),#352,.F.);
#5613=ADVANCED_FACE('',(#1630),#353,.F.);
#5614=ADVANCED_FACE('',(#1631),#354,.F.);
#5615=ADVANCED_FACE('',(#1632),#355,.F.);
#5616=ADVANCED_FACE('',(#1633),#356,.F.);
#5617=CLOSED_SHELL('',(#5345,#5346,#5347,#5348,#5349,#5350,#5351,#5352,
#5353,#5354,#5355,#5356,#5357,#5358,#5359,#5360,#5361,#5362,#5363,#5364,
#5365,#5366,#5367,#5368,#5369,#5370,#5371,#5372,#5373,#5374,#5375,#5376,
#5377,#5378,#5379,#5380,#5381,#5382,#5383,#5384,#5385,#5386,#5387,#5388,
#5389,#5390,#5391,#5392,#5393,#5394,#5395,#5396,#5397,#5398,#5399,#5400,
#5401,#5402,#5403,#5404,#5405,#5406,#5407,#5408,#5409,#5410,#5411,#5412,
#5413,#5414,#5415,#5416,#5417,#5418,#5419,#5420,#5421,#5422,#5423,#5424,
#5425,#5426,#5427,#5428,#5429,#5430,#5431,#5432,#5433,#5434,#5435,#5436,
#5437,#5438,#5439,#5440,#5441,#5442,#5443,#5444,#5445,#5446,#5447,#5448,
#5449,#5450,#5451,#5452,#5453,#5454,#5455,#5456,#5457,#5458,#5459,#5460,
#5461,#5462,#5463,#5464,#5465,#5466,#5467,#5468,#5469,#5470,#5471,#5472,
#5473,#5474,#5475,#5476));
#5618=CLOSED_SHELL('',(#5477,#5478,#5479,#5480,#5481,#5482,#5483,#5484,
#5485,#5486,#5487,#5488,#5489,#5490,#5491,#5492,#5493,#5494,#5495,#5496,
#5497,#5498,#5499,#5500,#5501,#5502,#5503,#5504,#5505,#5506,#5507,#5508,
#5509,#5510,#5511,#5512,#5513,#5514,#5515,#5516,#5517,#5518,#5519,#5520,
#5521,#5522,#5523,#5524,#5525,#5526,#5527,#5528,#5529,#5530,#5531,#5532,
#5533,#5534,#5535,#5536,#5537,#5538,#5539,#5540,#5541,#5542,#5543,#5544,
#5545,#5546,#5547,#5548,#5549,#5550,#5551,#5552,#5553,#5554,#5555,#5556,
#5557,#5558,#5559,#5560,#5561,#5562,#5563,#5564,#5565,#5566,#5567,#5568,
#5569,#5570,#5571,#5572,#5573,#5574,#5575,#5576,#5577,#5578,#5579,#5580,
#5581,#5582,#5583,#5584,#5585,#5586,#5587,#5588,#5589,#5590,#5591,#5592,
#5593,#5594,#5595,#5596,#5597,#5598,#5599,#5600,#5601,#5602,#5603,#5604,
#5605,#5606,#5607,#5608,#5609,#5610,#5611,#5612,#5613,#5614,#5615,#5616));
#5619=DERIVED_UNIT_ELEMENT(#5623,1.);
#5620=DERIVED_UNIT_ELEMENT(#10096,-3.);
#5621=DERIVED_UNIT_ELEMENT(#5623,1.);
#5622=DERIVED_UNIT_ELEMENT(#10096,-3.);
#5623=(
MASS_UNIT()
NAMED_UNIT(*)
SI_UNIT(.KILO.,.GRAM.)
);
#5624=DERIVED_UNIT((#5619,#5620));
#5625=DERIVED_UNIT((#5621,#5622));
#5626=MEASURE_REPRESENTATION_ITEM('density measure',
POSITIVE_RATIO_MEASURE(7850.),#5624);
#5627=MEASURE_REPRESENTATION_ITEM('density measure',
POSITIVE_RATIO_MEASURE(7850.),#5625);
#5628=PROPERTY_DEFINITION_REPRESENTATION(#5638,#5632);
#5629=PROPERTY_DEFINITION_REPRESENTATION(#5639,#5633);
#5630=PROPERTY_DEFINITION_REPRESENTATION(#5640,#5634);
#5631=PROPERTY_DEFINITION_REPRESENTATION(#5641,#5635);
#5632=REPRESENTATION('material name',(#5636),#10091);
#5633=REPRESENTATION('density',(#5626),#10091);
#5634=REPRESENTATION('material name',(#5637),#10093);
#5635=REPRESENTATION('density',(#5627),#10093);
#5636=DESCRIPTIVE_REPRESENTATION_ITEM('\X2\94A2\X0\','\X2\94A2\X0\');
#5637=DESCRIPTIVE_REPRESENTATION_ITEM('\X2\94A2\X0\','\X2\94A2\X0\');
#5638=PROPERTY_DEFINITION('material property','material name',#10116);
#5639=PROPERTY_DEFINITION('material property','density of part',#10116);
#5640=PROPERTY_DEFINITION('material property','material name',#10118);
#5641=PROPERTY_DEFINITION('material property','density of part',#10118);
#5642=AXIS2_PLACEMENT_3D('',#7864,#6270,#6271);
#5643=AXIS2_PLACEMENT_3D('',#7865,#6272,#6273);
#5644=AXIS2_PLACEMENT_3D('',#7866,#6274,#6275);
#5645=AXIS2_PLACEMENT_3D('',#7873,#6276,#6277);
#5646=AXIS2_PLACEMENT_3D('',#7886,#6278,#6279);
#5647=AXIS2_PLACEMENT_3D('',#7887,#6280,#6281);
#5648=AXIS2_PLACEMENT_3D('',#7933,#6287,#6288);
#5649=AXIS2_PLACEMENT_3D('',#7935,#6289,#6290);
#5650=AXIS2_PLACEMENT_3D('',#7937,#6291,#6292);
#5651=AXIS2_PLACEMENT_3D('',#7941,#6294,#6295);
#5652=AXIS2_PLACEMENT_3D('',#7945,#6297,#6298);
#5653=AXIS2_PLACEMENT_3D('',#7952,#6302,#6303);
#5654=AXIS2_PLACEMENT_3D('',#7970,#6306,#6307);
#5655=AXIS2_PLACEMENT_3D('',#7984,#6309,#6310);
#5656=AXIS2_PLACEMENT_3D('',#7986,#6311,#6312);
#5657=AXIS2_PLACEMENT_3D('',#7987,#6313,#6314);
#5658=AXIS2_PLACEMENT_3D('',#7994,#6315,#6316);
#5659=AXIS2_PLACEMENT_3D('',#7996,#6317,#6318);
#5660=AXIS2_PLACEMENT_3D('',#7999,#6320,#6321);
#5661=AXIS2_PLACEMENT_3D('',#8000,#6322,#6323);
#5662=AXIS2_PLACEMENT_3D('',#8004,#6325,#6326);
#5663=AXIS2_PLACEMENT_3D('',#8006,#6327,#6328);
#5664=AXIS2_PLACEMENT_3D('',#8007,#6329,#6330);
#5665=AXIS2_PLACEMENT_3D('',#8008,#6331,#6332);
#5666=AXIS2_PLACEMENT_3D('',#8014,#6336,#6337);
#5667=AXIS2_PLACEMENT_3D('',#8018,#6339,#6340);
#5668=AXIS2_PLACEMENT_3D('',#8019,#6341,#6342);
#5669=AXIS2_PLACEMENT_3D('',#8020,#6343,#6344);
#5670=AXIS2_PLACEMENT_3D('',#8026,#6348,#6349);
#5671=AXIS2_PLACEMENT_3D('',#8030,#6351,#6352);
#5672=AXIS2_PLACEMENT_3D('',#8031,#6353,#6354);
#5673=AXIS2_PLACEMENT_3D('',#8032,#6355,#6356);
#5674=AXIS2_PLACEMENT_3D('',#8035,#6357,#6358);
#5675=AXIS2_PLACEMENT_3D('',#8038,#6361,#6362);
#5676=AXIS2_PLACEMENT_3D('',#8042,#6364,#6365);
#5677=AXIS2_PLACEMENT_3D('',#8057,#6367,#6368);
#5678=AXIS2_PLACEMENT_3D('',#8059,#6370,#6371);
#5679=AXIS2_PLACEMENT_3D('',#8063,#6374,#6375);
#5680=AXIS2_PLACEMENT_3D('',#8067,#6377,#6378);
#5681=AXIS2_PLACEMENT_3D('',#8081,#6380,#6381);
#5682=AXIS2_PLACEMENT_3D('',#8082,#6382,#6383);
#5683=AXIS2_PLACEMENT_3D('',#8102,#6392,#6393);
#5684=AXIS2_PLACEMENT_3D('',#8113,#6395,#6396);
#5685=AXIS2_PLACEMENT_3D('',#8116,#6398,#6399);
#5686=AXIS2_PLACEMENT_3D('',#8117,#6400,#6401);
#5687=AXIS2_PLACEMENT_3D('',#8121,#6403,#6404);
#5688=AXIS2_PLACEMENT_3D('',#8143,#6406,#6407);
#5689=AXIS2_PLACEMENT_3D('',#8152,#6409,#6410);
#5690=AXIS2_PLACEMENT_3D('',#8168,#6412,#6413);
#5691=AXIS2_PLACEMENT_3D('',#8169,#6414,#6415);
#5692=AXIS2_PLACEMENT_3D('',#8189,#6416,#6417);
#5693=AXIS2_PLACEMENT_3D('',#8190,#6418,#6419);
#5694=AXIS2_PLACEMENT_3D('',#8192,#6420,#6421);
#5695=AXIS2_PLACEMENT_3D('',#8194,#6423,#6424);
#5696=AXIS2_PLACEMENT_3D('',#8197,#6425,#6426);
#5697=AXIS2_PLACEMENT_3D('',#8200,#6428,#6429);
#5698=AXIS2_PLACEMENT_3D('',#8202,#6431,#6432);
#5699=AXIS2_PLACEMENT_3D('',#8222,#6433,#6434);
#5700=AXIS2_PLACEMENT_3D('',#8223,#6435,#6436);
#5701=AXIS2_PLACEMENT_3D('',#8227,#6439,#6440);
#5702=AXIS2_PLACEMENT_3D('',#8235,#6445,#6446);
#5703=AXIS2_PLACEMENT_3D('',#8239,#6449,#6450);
#5704=AXIS2_PLACEMENT_3D('',#8369,#6456,#6457);
#5705=AXIS2_PLACEMENT_3D('',#8572,#6465,#6466);
#5706=AXIS2_PLACEMENT_3D('',#8585,#6470,#6471);
#5707=AXIS2_PLACEMENT_3D('',#8587,#6472,#6473);
#5708=AXIS2_PLACEMENT_3D('',#8608,#6474,#6475);
#5709=AXIS2_PLACEMENT_3D('',#8609,#6476,#6477);
#5710=AXIS2_PLACEMENT_3D('',#8610,#6478,#6479);
#5711=AXIS2_PLACEMENT_3D('',#8612,#6480,#6481);
#5712=AXIS2_PLACEMENT_3D('',#8616,#6483,#6484);
#5713=AXIS2_PLACEMENT_3D('',#8618,#6486,#6487);
#5714=AXIS2_PLACEMENT_3D('',#8619,#6488,#6489);
#5715=AXIS2_PLACEMENT_3D('',#8621,#6491,#6492);
#5716=AXIS2_PLACEMENT_3D('',#8623,#6494,#6495);
#5717=AXIS2_PLACEMENT_3D('',#8625,#6497,#6498);
#5718=AXIS2_PLACEMENT_3D('',#8627,#6500,#6501);
#5719=AXIS2_PLACEMENT_3D('',#8629,#6503,#6504);
#5720=AXIS2_PLACEMENT_3D('',#8631,#6506,#6507);
#5721=AXIS2_PLACEMENT_3D('',#8632,#6508,#6509);
#5722=AXIS2_PLACEMENT_3D('',#8633,#6510,#6511);
#5723=AXIS2_PLACEMENT_3D('',#8634,#6512,#6513);
#5724=AXIS2_PLACEMENT_3D('',#8637,#6514,#6515);
#5725=AXIS2_PLACEMENT_3D('',#8641,#6517,#6518);
#5726=AXIS2_PLACEMENT_3D('',#8643,#6520,#6521);
#5727=AXIS2_PLACEMENT_3D('',#8647,#6523,#6524);
#5728=AXIS2_PLACEMENT_3D('',#8649,#6526,#6527);
#5729=AXIS2_PLACEMENT_3D('',#8659,#6531,#6532);
#5730=AXIS2_PLACEMENT_3D('',#8674,#6533,#6534);
#5731=AXIS2_PLACEMENT_3D('',#8676,#6536,#6537);
#5732=AXIS2_PLACEMENT_3D('',#8689,#6539,#6540);
#5733=AXIS2_PLACEMENT_3D('',#8692,#6541,#6542);
#5734=AXIS2_PLACEMENT_3D('',#8695,#6544,#6545);
#5735=AXIS2_PLACEMENT_3D('',#8697,#6547,#6548);
#5736=AXIS2_PLACEMENT_3D('',#8718,#6549,#6550);
#5737=AXIS2_PLACEMENT_3D('',#8724,#6554,#6555);
#5738=AXIS2_PLACEMENT_3D('',#8727,#6557,#6558);
#5739=AXIS2_PLACEMENT_3D('',#8728,#6559,#6560);
#5740=AXIS2_PLACEMENT_3D('',#8733,#6562,#6563);
#5741=AXIS2_PLACEMENT_3D('',#8737,#6565,#6566);
#5742=AXIS2_PLACEMENT_3D('',#8739,#6567,#6568);
#5743=AXIS2_PLACEMENT_3D('',#8741,#6569,#6570);
#5744=AXIS2_PLACEMENT_3D('',#8745,#6572,#6573);
#5745=AXIS2_PLACEMENT_3D('',#8749,#6576,#6577);
#5746=AXIS2_PLACEMENT_3D('',#8751,#6579,#6580);
#5747=AXIS2_PLACEMENT_3D('',#8753,#6581,#6582);
#5748=AXIS2_PLACEMENT_3D('',#8754,#6583,#6584);
#5749=AXIS2_PLACEMENT_3D('',#8758,#6587,#6588);
#5750=AXIS2_PLACEMENT_3D('',#8761,#6590,#6591);
#5751=AXIS2_PLACEMENT_3D('',#8762,#6592,#6593);
#5752=AXIS2_PLACEMENT_3D('',#8766,#6596,#6597);
#5753=AXIS2_PLACEMENT_3D('',#8769,#6599,#6600);
#5754=AXIS2_PLACEMENT_3D('',#8770,#6601,#6602);
#5755=AXIS2_PLACEMENT_3D('',#8773,#6604,#6605);
#5756=AXIS2_PLACEMENT_3D('',#8774,#6606,#6607);
#5757=AXIS2_PLACEMENT_3D('',#8776,#6609,#6610);
#5758=AXIS2_PLACEMENT_3D('',#8778,#6611,#6612);
#5759=AXIS2_PLACEMENT_3D('',#8780,#6614,#6615);
#5760=AXIS2_PLACEMENT_3D('',#8784,#6617,#6618);
#5761=AXIS2_PLACEMENT_3D('',#8786,#6620,#6621);
#5762=AXIS2_PLACEMENT_3D('',#8788,#6623,#6624);
#5763=AXIS2_PLACEMENT_3D('',#8789,#6625,#6626);
#5764=AXIS2_PLACEMENT_3D('',#8791,#6628,#6629);
#5765=AXIS2_PLACEMENT_3D('',#8792,#6630,#6631);
#5766=AXIS2_PLACEMENT_3D('',#8794,#6632,#6633);
#5767=AXIS2_PLACEMENT_3D('',#8796,#6635,#6636);
#5768=AXIS2_PLACEMENT_3D('',#8798,#6637,#6638);
#5769=AXIS2_PLACEMENT_3D('',#8801,#6640,#6641);
#5770=AXIS2_PLACEMENT_3D('',#8804,#6643,#6644);
#5771=AXIS2_PLACEMENT_3D('',#8805,#6645,#6646);
#5772=AXIS2_PLACEMENT_3D('',#8816,#6652,#6653);
#5773=AXIS2_PLACEMENT_3D('',#8818,#6654,#6655);
#5774=AXIS2_PLACEMENT_3D('',#8819,#6656,#6657);
#5775=AXIS2_PLACEMENT_3D('',#8821,#6659,#6660);
#5776=AXIS2_PLACEMENT_3D('',#8823,#6662,#6663);
#5777=AXIS2_PLACEMENT_3D('',#8824,#6664,#6665);
#5778=AXIS2_PLACEMENT_3D('',#8826,#6667,#6668);
#5779=AXIS2_PLACEMENT_3D('',#8828,#6670,#6671);
#5780=AXIS2_PLACEMENT_3D('',#8832,#6673,#6674);
#5781=AXIS2_PLACEMENT_3D('',#8855,#6676,#6677);
#5782=AXIS2_PLACEMENT_3D('',#8856,#6678,#6679);
#5783=AXIS2_PLACEMENT_3D('',#8857,#6680,#6681);
#5784=AXIS2_PLACEMENT_3D('',#8858,#6682,#6683);
#5785=AXIS2_PLACEMENT_3D('',#8859,#6684,#6685);
#5786=AXIS2_PLACEMENT_3D('',#8867,#6686,#6687);
#5787=AXIS2_PLACEMENT_3D('',#8868,#6688,#6689);
#5788=AXIS2_PLACEMENT_3D('',#8878,#6690,#6691);
#5789=AXIS2_PLACEMENT_3D('',#8879,#6692,#6693);
#5790=AXIS2_PLACEMENT_3D('',#8880,#6694,#6695);
#5791=AXIS2_PLACEMENT_3D('',#8881,#6696,#6697);
#5792=AXIS2_PLACEMENT_3D('',#8882,#6698,#6699);
#5793=AXIS2_PLACEMENT_3D('',#8927,#6703,#6704);
#5794=AXIS2_PLACEMENT_3D('',#8928,#6705,#6706);
#5795=AXIS2_PLACEMENT_3D('',#8929,#6707,#6708);
#5796=AXIS2_PLACEMENT_3D('',#8930,#6709,#6710);
#5797=AXIS2_PLACEMENT_3D('',#8933,#6711,#6712);
#5798=AXIS2_PLACEMENT_3D('',#8978,#6715,#6716);
#5799=AXIS2_PLACEMENT_3D('',#8980,#6717,#6718);
#5800=AXIS2_PLACEMENT_3D('',#8989,#6719,#6720);
#5801=AXIS2_PLACEMENT_3D('',#8991,#6721,#6722);
#5802=AXIS2_PLACEMENT_3D('',#8995,#6724,#6725);
#5803=AXIS2_PLACEMENT_3D('',#9034,#6727,#6728);
#5804=AXIS2_PLACEMENT_3D('',#9035,#6729,#6730);
#5805=AXIS2_PLACEMENT_3D('',#9036,#6731,#6732);
#5806=AXIS2_PLACEMENT_3D('',#9038,#6733,#6734);
#5807=AXIS2_PLACEMENT_3D('',#9092,#6736,#6737);
#5808=AXIS2_PLACEMENT_3D('',#9097,#6738,#6739);
#5809=AXIS2_PLACEMENT_3D('',#9101,#6741,#6742);
#5810=AXIS2_PLACEMENT_3D('',#9103,#6744,#6745);
#5811=AXIS2_PLACEMENT_3D('',#9107,#6748,#6749);
#5812=AXIS2_PLACEMENT_3D('',#9108,#6750,#6751);
#5813=AXIS2_PLACEMENT_3D('',#9109,#6752,#6753);
#5814=AXIS2_PLACEMENT_3D('',#9112,#6754,#6755);
#5815=AXIS2_PLACEMENT_3D('',#9120,#6756,#6757);
#5816=AXIS2_PLACEMENT_3D('',#9122,#6758,#6759);
#5817=AXIS2_PLACEMENT_3D('',#9129,#6760,#6761);
#5818=AXIS2_PLACEMENT_3D('',#9132,#6764,#6765);
#5819=AXIS2_PLACEMENT_3D('',#9142,#6771,#6772);
#5820=AXIS2_PLACEMENT_3D('',#9144,#6774,#6775);
#5821=AXIS2_PLACEMENT_3D('',#9148,#6778,#6779);
#5822=AXIS2_PLACEMENT_3D('',#9150,#6780,#6781);
#5823=AXIS2_PLACEMENT_3D('',#9151,#6782,#6783);
#5824=AXIS2_PLACEMENT_3D('',#9152,#6784,#6785);
#5825=AXIS2_PLACEMENT_3D('',#9154,#6787,#6788);
#5826=AXIS2_PLACEMENT_3D('',#9156,#6790,#6791);
#5827=AXIS2_PLACEMENT_3D('',#9157,#6792,#6793);
#5828=AXIS2_PLACEMENT_3D('',#9158,#6794,#6795);
#5829=AXIS2_PLACEMENT_3D('',#9159,#6796,#6797);
#5830=AXIS2_PLACEMENT_3D('',#9160,#6798,#6799);
#5831=AXIS2_PLACEMENT_3D('',#9161,#6800,#6801);
#5832=AXIS2_PLACEMENT_3D('',#9162,#6802,#6803);
#5833=AXIS2_PLACEMENT_3D('',#9163,#6804,#6805);
#5834=AXIS2_PLACEMENT_3D('',#9164,#6806,#6807);
#5835=AXIS2_PLACEMENT_3D('',#9172,#6812,#6813);
#5836=AXIS2_PLACEMENT_3D('',#9174,#6814,#6815);
#5837=AXIS2_PLACEMENT_3D('',#9176,#6817,#6818);
#5838=AXIS2_PLACEMENT_3D('',#9178,#6820,#6821);
#5839=AXIS2_PLACEMENT_3D('',#9180,#6823,#6824);
#5840=AXIS2_PLACEMENT_3D('',#9181,#6825,#6826);
#5841=AXIS2_PLACEMENT_3D('',#9182,#6827,#6828);
#5842=AXIS2_PLACEMENT_3D('',#9188,#6832,#6833);
#5843=AXIS2_PLACEMENT_3D('',#9194,#6837,#6838);
#5844=AXIS2_PLACEMENT_3D('',#9197,#6841,#6842);
#5845=AXIS2_PLACEMENT_3D('',#9201,#6845,#6846);
#5846=AXIS2_PLACEMENT_3D('',#9205,#6849,#6850);
#5847=AXIS2_PLACEMENT_3D('',#9209,#6853,#6854);
#5848=AXIS2_PLACEMENT_3D('',#9211,#6856,#6857);
#5849=AXIS2_PLACEMENT_3D('',#9213,#6858,#6859);
#5850=AXIS2_PLACEMENT_3D('',#9215,#6861,#6862);
#5851=AXIS2_PLACEMENT_3D('',#9217,#6863,#6864);
#5852=AXIS2_PLACEMENT_3D('',#9226,#6865,#6866);
#5853=AXIS2_PLACEMENT_3D('',#9228,#6868,#6869);
#5854=AXIS2_PLACEMENT_3D('',#9229,#6870,#6871);
#5855=AXIS2_PLACEMENT_3D('',#9230,#6872,#6873);
#5856=AXIS2_PLACEMENT_3D('',#9231,#6874,#6875);
#5857=AXIS2_PLACEMENT_3D('',#9234,#6878,#6879);
#5858=AXIS2_PLACEMENT_3D('',#9235,#6880,#6881);
#5859=AXIS2_PLACEMENT_3D('',#9237,#6883,#6884);
#5860=AXIS2_PLACEMENT_3D('',#9238,#6885,#6886);
#5861=AXIS2_PLACEMENT_3D('',#9239,#6887,#6888);
#5862=AXIS2_PLACEMENT_3D('',#9241,#6889,#6890);
#5863=AXIS2_PLACEMENT_3D('',#9242,#6891,#6892);
#5864=AXIS2_PLACEMENT_3D('',#9243,#6893,#6894);
#5865=AXIS2_PLACEMENT_3D('',#9245,#6895,#6896);
#5866=AXIS2_PLACEMENT_3D('',#9246,#6897,#6898);
#5867=AXIS2_PLACEMENT_3D('',#9248,#6900,#6901);
#5868=AXIS2_PLACEMENT_3D('',#9249,#6902,#6903);
#5869=AXIS2_PLACEMENT_3D('',#9250,#6904,#6905);
#5870=AXIS2_PLACEMENT_3D('',#9251,#6906,#6907);
#5871=AXIS2_PLACEMENT_3D('',#9252,#6908,#6909);
#5872=AXIS2_PLACEMENT_3D('',#9257,#6911,#6912);
#5873=AXIS2_PLACEMENT_3D('',#9260,#6914,#6915);
#5874=AXIS2_PLACEMENT_3D('',#9261,#6916,#6917);
#5875=AXIS2_PLACEMENT_3D('',#9267,#6921,#6922);
#5876=AXIS2_PLACEMENT_3D('',#9273,#6926,#6927);
#5877=AXIS2_PLACEMENT_3D('',#9275,#6928,#6929);
#5878=AXIS2_PLACEMENT_3D('',#9279,#6931,#6932);
#5879=AXIS2_PLACEMENT_3D('',#9285,#6935,#6936);
#5880=AXIS2_PLACEMENT_3D('',#9289,#6938,#6939);
#5881=AXIS2_PLACEMENT_3D('',#9290,#6940,#6941);
#5882=AXIS2_PLACEMENT_3D('',#9293,#6942,#6943);
#5883=AXIS2_PLACEMENT_3D('',#9297,#6945,#6946);
#5884=AXIS2_PLACEMENT_3D('',#9301,#6948,#6949);
#5885=AXIS2_PLACEMENT_3D('',#9305,#6951,#6952);
#5886=AXIS2_PLACEMENT_3D('',#9308,#6954,#6955);
#5887=AXIS2_PLACEMENT_3D('',#9310,#6956,#6957);
#5888=AXIS2_PLACEMENT_3D('',#9312,#6958,#6959);
#5889=AXIS2_PLACEMENT_3D('',#9314,#6960,#6961);
#5890=AXIS2_PLACEMENT_3D('',#9316,#6962,#6963);
#5891=AXIS2_PLACEMENT_3D('',#9318,#6964,#6965);
#5892=AXIS2_PLACEMENT_3D('',#9320,#6966,#6967);
#5893=AXIS2_PLACEMENT_3D('',#9322,#6968,#6969);
#5894=AXIS2_PLACEMENT_3D('',#9324,#6970,#6971);
#5895=AXIS2_PLACEMENT_3D('',#9326,#6972,#6973);
#5896=AXIS2_PLACEMENT_3D('',#9328,#6974,#6975);
#5897=AXIS2_PLACEMENT_3D('',#9330,#6976,#6977);
#5898=AXIS2_PLACEMENT_3D('',#9332,#6978,#6979);
#5899=AXIS2_PLACEMENT_3D('',#9334,#6980,#6981);
#5900=AXIS2_PLACEMENT_3D('',#9336,#6982,#6983);
#5901=AXIS2_PLACEMENT_3D('',#9338,#6984,#6985);
#5902=AXIS2_PLACEMENT_3D('',#9340,#6986,#6987);
#5903=AXIS2_PLACEMENT_3D('',#9342,#6988,#6989);
#5904=AXIS2_PLACEMENT_3D('',#9344,#6990,#6991);
#5905=AXIS2_PLACEMENT_3D('',#9346,#6992,#6993);
#5906=AXIS2_PLACEMENT_3D('',#9348,#6994,#6995);
#5907=AXIS2_PLACEMENT_3D('',#9350,#6996,#6997);
#5908=AXIS2_PLACEMENT_3D('',#9352,#6998,#6999);
#5909=AXIS2_PLACEMENT_3D('',#9354,#7000,#7001);
#5910=AXIS2_PLACEMENT_3D('',#9356,#7002,#7003);
#5911=AXIS2_PLACEMENT_3D('',#9358,#7004,#7005);
#5912=AXIS2_PLACEMENT_3D('',#9360,#7006,#7007);
#5913=AXIS2_PLACEMENT_3D('',#9362,#7008,#7009);
#5914=AXIS2_PLACEMENT_3D('',#9364,#7010,#7011);
#5915=AXIS2_PLACEMENT_3D('',#9366,#7012,#7013);
#5916=AXIS2_PLACEMENT_3D('',#9368,#7014,#7015);
#5917=AXIS2_PLACEMENT_3D('',#9370,#7016,#7017);
#5918=AXIS2_PLACEMENT_3D('',#9372,#7018,#7019);
#5919=AXIS2_PLACEMENT_3D('',#9374,#7020,#7021);
#5920=AXIS2_PLACEMENT_3D('',#9376,#7022,#7023);
#5921=AXIS2_PLACEMENT_3D('',#9378,#7024,#7025);
#5922=AXIS2_PLACEMENT_3D('',#9380,#7026,#7027);
#5923=AXIS2_PLACEMENT_3D('',#9382,#7028,#7029);
#5924=AXIS2_PLACEMENT_3D('',#9384,#7030,#7031);
#5925=AXIS2_PLACEMENT_3D('',#9386,#7032,#7033);
#5926=AXIS2_PLACEMENT_3D('',#9388,#7034,#7035);
#5927=AXIS2_PLACEMENT_3D('',#9390,#7036,#7037);
#5928=AXIS2_PLACEMENT_3D('',#9392,#7038,#7039);
#5929=AXIS2_PLACEMENT_3D('',#9394,#7040,#7041);
#5930=AXIS2_PLACEMENT_3D('',#9396,#7042,#7043);
#5931=AXIS2_PLACEMENT_3D('',#9398,#7044,#7045);
#5932=AXIS2_PLACEMENT_3D('',#9400,#7046,#7047);
#5933=AXIS2_PLACEMENT_3D('',#9402,#7048,#7049);
#5934=AXIS2_PLACEMENT_3D('',#9404,#7050,#7051);
#5935=AXIS2_PLACEMENT_3D('',#9406,#7052,#7053);
#5936=AXIS2_PLACEMENT_3D('',#9408,#7054,#7055);
#5937=AXIS2_PLACEMENT_3D('',#9410,#7056,#7057);
#5938=AXIS2_PLACEMENT_3D('',#9412,#7058,#7059);
#5939=AXIS2_PLACEMENT_3D('',#9414,#7060,#7061);
#5940=AXIS2_PLACEMENT_3D('',#9416,#7062,#7063);
#5941=AXIS2_PLACEMENT_3D('',#9418,#7064,#7065);
#5942=AXIS2_PLACEMENT_3D('',#9420,#7066,#7067);
#5943=AXIS2_PLACEMENT_3D('',#9422,#7068,#7069);
#5944=AXIS2_PLACEMENT_3D('',#9424,#7070,#7071);
#5945=AXIS2_PLACEMENT_3D('',#9426,#7072,#7073);
#5946=AXIS2_PLACEMENT_3D('',#9428,#7074,#7075);
#5947=AXIS2_PLACEMENT_3D('',#9430,#7076,#7077);
#5948=AXIS2_PLACEMENT_3D('',#9432,#7078,#7079);
#5949=AXIS2_PLACEMENT_3D('',#9434,#7080,#7081);
#5950=AXIS2_PLACEMENT_3D('',#9436,#7082,#7083);
#5951=AXIS2_PLACEMENT_3D('',#9438,#7084,#7085);
#5952=AXIS2_PLACEMENT_3D('',#9440,#7086,#7087);
#5953=AXIS2_PLACEMENT_3D('',#9442,#7088,#7089);
#5954=AXIS2_PLACEMENT_3D('',#9444,#7090,#7091);
#5955=AXIS2_PLACEMENT_3D('',#9446,#7092,#7093);
#5956=AXIS2_PLACEMENT_3D('',#9448,#7094,#7095);
#5957=AXIS2_PLACEMENT_3D('',#9450,#7096,#7097);
#5958=AXIS2_PLACEMENT_3D('',#9452,#7098,#7099);
#5959=AXIS2_PLACEMENT_3D('',#9454,#7100,#7101);
#5960=AXIS2_PLACEMENT_3D('',#9456,#7102,#7103);
#5961=AXIS2_PLACEMENT_3D('',#9458,#7104,#7105);
#5962=AXIS2_PLACEMENT_3D('',#9460,#7106,#7107);
#5963=AXIS2_PLACEMENT_3D('',#9462,#7108,#7109);
#5964=AXIS2_PLACEMENT_3D('',#9464,#7110,#7111);
#5965=AXIS2_PLACEMENT_3D('',#9466,#7112,#7113);
#5966=AXIS2_PLACEMENT_3D('',#9468,#7114,#7115);
#5967=AXIS2_PLACEMENT_3D('',#9470,#7116,#7117);
#5968=AXIS2_PLACEMENT_3D('',#9472,#7118,#7119);
#5969=AXIS2_PLACEMENT_3D('',#9474,#7120,#7121);
#5970=AXIS2_PLACEMENT_3D('',#9476,#7122,#7123);
#5971=AXIS2_PLACEMENT_3D('',#9478,#7124,#7125);
#5972=AXIS2_PLACEMENT_3D('',#9480,#7126,#7127);
#5973=AXIS2_PLACEMENT_3D('',#9482,#7128,#7129);
#5974=AXIS2_PLACEMENT_3D('',#9484,#7130,#7131);
#5975=AXIS2_PLACEMENT_3D('',#9486,#7132,#7133);
#5976=AXIS2_PLACEMENT_3D('',#9488,#7134,#7135);
#5977=AXIS2_PLACEMENT_3D('',#9490,#7136,#7137);
#5978=AXIS2_PLACEMENT_3D('',#9492,#7138,#7139);
#5979=AXIS2_PLACEMENT_3D('',#9494,#7140,#7141);
#5980=AXIS2_PLACEMENT_3D('',#9496,#7142,#7143);
#5981=AXIS2_PLACEMENT_3D('',#9498,#7144,#7145);
#5982=AXIS2_PLACEMENT_3D('',#9500,#7146,#7147);
#5983=AXIS2_PLACEMENT_3D('',#9502,#7148,#7149);
#5984=AXIS2_PLACEMENT_3D('',#9504,#7150,#7151);
#5985=AXIS2_PLACEMENT_3D('',#9506,#7152,#7153);
#5986=AXIS2_PLACEMENT_3D('',#9508,#7154,#7155);
#5987=AXIS2_PLACEMENT_3D('',#9510,#7156,#7157);
#5988=AXIS2_PLACEMENT_3D('',#9512,#7158,#7159);
#5989=AXIS2_PLACEMENT_3D('',#9514,#7160,#7161);
#5990=AXIS2_PLACEMENT_3D('',#9516,#7162,#7163);
#5991=AXIS2_PLACEMENT_3D('',#9518,#7164,#7165);
#5992=AXIS2_PLACEMENT_3D('',#9520,#7166,#7167);
#5993=AXIS2_PLACEMENT_3D('',#9522,#7168,#7169);
#5994=AXIS2_PLACEMENT_3D('',#9524,#7170,#7171);
#5995=AXIS2_PLACEMENT_3D('',#9526,#7172,#7173);
#5996=AXIS2_PLACEMENT_3D('',#9528,#7174,#7175);
#5997=AXIS2_PLACEMENT_3D('',#9530,#7176,#7177);
#5998=AXIS2_PLACEMENT_3D('',#9532,#7178,#7179);
#5999=AXIS2_PLACEMENT_3D('',#9534,#7180,#7181);
#6000=AXIS2_PLACEMENT_3D('',#9536,#7182,#7183);
#6001=AXIS2_PLACEMENT_3D('',#9538,#7184,#7185);
#6002=AXIS2_PLACEMENT_3D('',#9540,#7186,#7187);
#6003=AXIS2_PLACEMENT_3D('',#9542,#7188,#7189);
#6004=AXIS2_PLACEMENT_3D('',#9543,#7190,#7191);
#6005=AXIS2_PLACEMENT_3D('',#9545,#7192,#7193);
#6006=AXIS2_PLACEMENT_3D('',#9547,#7194,#7195);
#6007=AXIS2_PLACEMENT_3D('',#9551,#7197,#7198);
#6008=AXIS2_PLACEMENT_3D('',#9557,#7201,#7202);
#6009=AXIS2_PLACEMENT_3D('',#9560,#7204,#7205);
#6010=AXIS2_PLACEMENT_3D('',#9563,#7206,#7207);
#6011=AXIS2_PLACEMENT_3D('',#9567,#7209,#7210);
#6012=AXIS2_PLACEMENT_3D('',#9571,#7212,#7213);
#6013=AXIS2_PLACEMENT_3D('',#9575,#7215,#7216);
#6014=AXIS2_PLACEMENT_3D('',#9578,#7218,#7219);
#6015=AXIS2_PLACEMENT_3D('',#9580,#7220,#7221);
#6016=AXIS2_PLACEMENT_3D('',#9582,#7222,#7223);
#6017=AXIS2_PLACEMENT_3D('',#9584,#7224,#7225);
#6018=AXIS2_PLACEMENT_3D('',#9586,#7226,#7227);
#6019=AXIS2_PLACEMENT_3D('',#9588,#7228,#7229);
#6020=AXIS2_PLACEMENT_3D('',#9590,#7230,#7231);
#6021=AXIS2_PLACEMENT_3D('',#9592,#7232,#7233);
#6022=AXIS2_PLACEMENT_3D('',#9594,#7234,#7235);
#6023=AXIS2_PLACEMENT_3D('',#9596,#7236,#7237);
#6024=AXIS2_PLACEMENT_3D('',#9598,#7238,#7239);
#6025=AXIS2_PLACEMENT_3D('',#9600,#7240,#7241);
#6026=AXIS2_PLACEMENT_3D('',#9602,#7242,#7243);
#6027=AXIS2_PLACEMENT_3D('',#9604,#7244,#7245);
#6028=AXIS2_PLACEMENT_3D('',#9606,#7246,#7247);
#6029=AXIS2_PLACEMENT_3D('',#9608,#7248,#7249);
#6030=AXIS2_PLACEMENT_3D('',#9610,#7250,#7251);
#6031=AXIS2_PLACEMENT_3D('',#9612,#7252,#7253);
#6032=AXIS2_PLACEMENT_3D('',#9614,#7254,#7255);
#6033=AXIS2_PLACEMENT_3D('',#9616,#7256,#7257);
#6034=AXIS2_PLACEMENT_3D('',#9618,#7258,#7259);
#6035=AXIS2_PLACEMENT_3D('',#9620,#7260,#7261);
#6036=AXIS2_PLACEMENT_3D('',#9622,#7262,#7263);
#6037=AXIS2_PLACEMENT_3D('',#9624,#7264,#7265);
#6038=AXIS2_PLACEMENT_3D('',#9626,#7266,#7267);
#6039=AXIS2_PLACEMENT_3D('',#9628,#7268,#7269);
#6040=AXIS2_PLACEMENT_3D('',#9630,#7270,#7271);
#6041=AXIS2_PLACEMENT_3D('',#9632,#7272,#7273);
#6042=AXIS2_PLACEMENT_3D('',#9634,#7274,#7275);
#6043=AXIS2_PLACEMENT_3D('',#9636,#7276,#7277);
#6044=AXIS2_PLACEMENT_3D('',#9638,#7278,#7279);
#6045=AXIS2_PLACEMENT_3D('',#9640,#7280,#7281);
#6046=AXIS2_PLACEMENT_3D('',#9642,#7282,#7283);
#6047=AXIS2_PLACEMENT_3D('',#9644,#7284,#7285);
#6048=AXIS2_PLACEMENT_3D('',#9646,#7286,#7287);
#6049=AXIS2_PLACEMENT_3D('',#9648,#7288,#7289);
#6050=AXIS2_PLACEMENT_3D('',#9650,#7290,#7291);
#6051=AXIS2_PLACEMENT_3D('',#9652,#7292,#7293);
#6052=AXIS2_PLACEMENT_3D('',#9654,#7294,#7295);
#6053=AXIS2_PLACEMENT_3D('',#9656,#7296,#7297);
#6054=AXIS2_PLACEMENT_3D('',#9658,#7298,#7299);
#6055=AXIS2_PLACEMENT_3D('',#9660,#7300,#7301);
#6056=AXIS2_PLACEMENT_3D('',#9662,#7302,#7303);
#6057=AXIS2_PLACEMENT_3D('',#9664,#7304,#7305);
#6058=AXIS2_PLACEMENT_3D('',#9666,#7306,#7307);
#6059=AXIS2_PLACEMENT_3D('',#9668,#7308,#7309);
#6060=AXIS2_PLACEMENT_3D('',#9670,#7310,#7311);
#6061=AXIS2_PLACEMENT_3D('',#9672,#7312,#7313);
#6062=AXIS2_PLACEMENT_3D('',#9674,#7314,#7315);
#6063=AXIS2_PLACEMENT_3D('',#9676,#7316,#7317);
#6064=AXIS2_PLACEMENT_3D('',#9678,#7318,#7319);
#6065=AXIS2_PLACEMENT_3D('',#9680,#7320,#7321);
#6066=AXIS2_PLACEMENT_3D('',#9682,#7322,#7323);
#6067=AXIS2_PLACEMENT_3D('',#9684,#7324,#7325);
#6068=AXIS2_PLACEMENT_3D('',#9686,#7326,#7327);
#6069=AXIS2_PLACEMENT_3D('',#9688,#7328,#7329);
#6070=AXIS2_PLACEMENT_3D('',#9690,#7330,#7331);
#6071=AXIS2_PLACEMENT_3D('',#9692,#7332,#7333);
#6072=AXIS2_PLACEMENT_3D('',#9694,#7334,#7335);
#6073=AXIS2_PLACEMENT_3D('',#9696,#7336,#7337);
#6074=AXIS2_PLACEMENT_3D('',#9698,#7338,#7339);
#6075=AXIS2_PLACEMENT_3D('',#9700,#7340,#7341);
#6076=AXIS2_PLACEMENT_3D('',#9702,#7342,#7343);
#6077=AXIS2_PLACEMENT_3D('',#9704,#7344,#7345);
#6078=AXIS2_PLACEMENT_3D('',#9706,#7346,#7347);
#6079=AXIS2_PLACEMENT_3D('',#9708,#7348,#7349);
#6080=AXIS2_PLACEMENT_3D('',#9710,#7350,#7351);
#6081=AXIS2_PLACEMENT_3D('',#9712,#7352,#7353);
#6082=AXIS2_PLACEMENT_3D('',#9714,#7354,#7355);
#6083=AXIS2_PLACEMENT_3D('',#9716,#7356,#7357);
#6084=AXIS2_PLACEMENT_3D('',#9718,#7358,#7359);
#6085=AXIS2_PLACEMENT_3D('',#9720,#7360,#7361);
#6086=AXIS2_PLACEMENT_3D('',#9722,#7362,#7363);
#6087=AXIS2_PLACEMENT_3D('',#9724,#7364,#7365);
#6088=AXIS2_PLACEMENT_3D('',#9726,#7366,#7367);
#6089=AXIS2_PLACEMENT_3D('',#9728,#7368,#7369);
#6090=AXIS2_PLACEMENT_3D('',#9730,#7370,#7371);
#6091=AXIS2_PLACEMENT_3D('',#9732,#7372,#7373);
#6092=AXIS2_PLACEMENT_3D('',#9734,#7374,#7375);
#6093=AXIS2_PLACEMENT_3D('',#9736,#7376,#7377);
#6094=AXIS2_PLACEMENT_3D('',#9738,#7378,#7379);
#6095=AXIS2_PLACEMENT_3D('',#9740,#7380,#7381);
#6096=AXIS2_PLACEMENT_3D('',#9742,#7382,#7383);
#6097=AXIS2_PLACEMENT_3D('',#9744,#7384,#7385);
#6098=AXIS2_PLACEMENT_3D('',#9746,#7386,#7387);
#6099=AXIS2_PLACEMENT_3D('',#9748,#7388,#7389);
#6100=AXIS2_PLACEMENT_3D('',#9750,#7390,#7391);
#6101=AXIS2_PLACEMENT_3D('',#9752,#7392,#7393);
#6102=AXIS2_PLACEMENT_3D('',#9754,#7394,#7395);
#6103=AXIS2_PLACEMENT_3D('',#9756,#7396,#7397);
#6104=AXIS2_PLACEMENT_3D('',#9758,#7398,#7399);
#6105=AXIS2_PLACEMENT_3D('',#9760,#7400,#7401);
#6106=AXIS2_PLACEMENT_3D('',#9762,#7402,#7403);
#6107=AXIS2_PLACEMENT_3D('',#9764,#7404,#7405);
#6108=AXIS2_PLACEMENT_3D('',#9766,#7406,#7407);
#6109=AXIS2_PLACEMENT_3D('',#9768,#7408,#7409);
#6110=AXIS2_PLACEMENT_3D('',#9770,#7410,#7411);
#6111=AXIS2_PLACEMENT_3D('',#9772,#7412,#7413);
#6112=AXIS2_PLACEMENT_3D('',#9774,#7414,#7415);
#6113=AXIS2_PLACEMENT_3D('',#9776,#7416,#7417);
#6114=AXIS2_PLACEMENT_3D('',#9778,#7418,#7419);
#6115=AXIS2_PLACEMENT_3D('',#9780,#7420,#7421);
#6116=AXIS2_PLACEMENT_3D('',#9782,#7422,#7423);
#6117=AXIS2_PLACEMENT_3D('',#9784,#7424,#7425);
#6118=AXIS2_PLACEMENT_3D('',#9786,#7426,#7427);
#6119=AXIS2_PLACEMENT_3D('',#9788,#7428,#7429);
#6120=AXIS2_PLACEMENT_3D('',#9790,#7430,#7431);
#6121=AXIS2_PLACEMENT_3D('',#9792,#7432,#7433);
#6122=AXIS2_PLACEMENT_3D('',#9794,#7434,#7435);
#6123=AXIS2_PLACEMENT_3D('',#9796,#7436,#7437);
#6124=AXIS2_PLACEMENT_3D('',#9798,#7438,#7439);
#6125=AXIS2_PLACEMENT_3D('',#9800,#7440,#7441);
#6126=AXIS2_PLACEMENT_3D('',#9802,#7442,#7443);
#6127=AXIS2_PLACEMENT_3D('',#9804,#7444,#7445);
#6128=AXIS2_PLACEMENT_3D('',#9806,#7446,#7447);
#6129=AXIS2_PLACEMENT_3D('',#9808,#7448,#7449);
#6130=AXIS2_PLACEMENT_3D('',#9810,#7450,#7451);
#6131=AXIS2_PLACEMENT_3D('',#9812,#7452,#7453);
#6132=AXIS2_PLACEMENT_3D('',#9813,#7454,#7455);
#6133=AXIS2_PLACEMENT_3D('',#9815,#7457,#7458);
#6134=AXIS2_PLACEMENT_3D('',#9817,#7460,#7461);
#6135=AXIS2_PLACEMENT_3D('',#9819,#7463,#7464);
#6136=AXIS2_PLACEMENT_3D('',#9821,#7466,#7467);
#6137=AXIS2_PLACEMENT_3D('',#9823,#7469,#7470);
#6138=AXIS2_PLACEMENT_3D('',#9825,#7472,#7473);
#6139=AXIS2_PLACEMENT_3D('',#9827,#7475,#7476);
#6140=AXIS2_PLACEMENT_3D('',#9829,#7478,#7479);
#6141=AXIS2_PLACEMENT_3D('',#9830,#7480,#7481);
#6142=AXIS2_PLACEMENT_3D('',#9833,#7484,#7485);
#6143=AXIS2_PLACEMENT_3D('',#9835,#7487,#7488);
#6144=AXIS2_PLACEMENT_3D('',#9837,#7490,#7491);
#6145=AXIS2_PLACEMENT_3D('',#9838,#7492,#7493);
#6146=AXIS2_PLACEMENT_3D('',#9841,#7496,#7497);
#6147=AXIS2_PLACEMENT_3D('',#9843,#7499,#7500);
#6148=AXIS2_PLACEMENT_3D('',#9845,#7502,#7503);
#6149=AXIS2_PLACEMENT_3D('',#9846,#7504,#7505);
#6150=AXIS2_PLACEMENT_3D('',#9848,#7507,#7508);
#6151=AXIS2_PLACEMENT_3D('',#9850,#7510,#7511);
#6152=AXIS2_PLACEMENT_3D('',#9852,#7513,#7514);
#6153=AXIS2_PLACEMENT_3D('',#9854,#7516,#7517);
#6154=AXIS2_PLACEMENT_3D('',#9856,#7519,#7520);
#6155=AXIS2_PLACEMENT_3D('',#9858,#7522,#7523);
#6156=AXIS2_PLACEMENT_3D('',#9860,#7525,#7526);
#6157=AXIS2_PLACEMENT_3D('',#9862,#7528,#7529);
#6158=AXIS2_PLACEMENT_3D('',#9864,#7531,#7532);
#6159=AXIS2_PLACEMENT_3D('',#9866,#7534,#7535);
#6160=AXIS2_PLACEMENT_3D('',#9868,#7537,#7538);
#6161=AXIS2_PLACEMENT_3D('',#9870,#7540,#7541);
#6162=AXIS2_PLACEMENT_3D('',#9872,#7543,#7544);
#6163=AXIS2_PLACEMENT_3D('',#9874,#7546,#7547);
#6164=AXIS2_PLACEMENT_3D('',#9876,#7549,#7550);
#6165=AXIS2_PLACEMENT_3D('',#9878,#7552,#7553);
#6166=AXIS2_PLACEMENT_3D('',#9880,#7555,#7556);
#6167=AXIS2_PLACEMENT_3D('',#9882,#7558,#7559);
#6168=AXIS2_PLACEMENT_3D('',#9884,#7561,#7562);
#6169=AXIS2_PLACEMENT_3D('',#9886,#7564,#7565);
#6170=AXIS2_PLACEMENT_3D('',#9888,#7567,#7568);
#6171=AXIS2_PLACEMENT_3D('',#9890,#7570,#7571);
#6172=AXIS2_PLACEMENT_3D('',#9892,#7573,#7574);
#6173=AXIS2_PLACEMENT_3D('',#9894,#7576,#7577);
#6174=AXIS2_PLACEMENT_3D('',#9896,#7579,#7580);
#6175=AXIS2_PLACEMENT_3D('',#9898,#7582,#7583);
#6176=AXIS2_PLACEMENT_3D('',#9900,#7585,#7586);
#6177=AXIS2_PLACEMENT_3D('',#9902,#7588,#7589);
#6178=AXIS2_PLACEMENT_3D('',#9904,#7591,#7592);
#6179=AXIS2_PLACEMENT_3D('',#9906,#7594,#7595);
#6180=AXIS2_PLACEMENT_3D('',#9908,#7597,#7598);
#6181=AXIS2_PLACEMENT_3D('',#9910,#7600,#7601);
#6182=AXIS2_PLACEMENT_3D('',#9912,#7603,#7604);
#6183=AXIS2_PLACEMENT_3D('',#9914,#7606,#7607);
#6184=AXIS2_PLACEMENT_3D('',#9916,#7609,#7610);
#6185=AXIS2_PLACEMENT_3D('',#9918,#7612,#7613);
#6186=AXIS2_PLACEMENT_3D('',#9920,#7615,#7616);
#6187=AXIS2_PLACEMENT_3D('',#9922,#7618,#7619);
#6188=AXIS2_PLACEMENT_3D('',#9924,#7621,#7622);
#6189=AXIS2_PLACEMENT_3D('',#9926,#7624,#7625);
#6190=AXIS2_PLACEMENT_3D('',#9928,#7627,#7628);
#6191=AXIS2_PLACEMENT_3D('',#9930,#7630,#7631);
#6192=AXIS2_PLACEMENT_3D('',#9932,#7633,#7634);
#6193=AXIS2_PLACEMENT_3D('',#9934,#7636,#7637);
#6194=AXIS2_PLACEMENT_3D('',#9936,#7639,#7640);
#6195=AXIS2_PLACEMENT_3D('',#9938,#7642,#7643);
#6196=AXIS2_PLACEMENT_3D('',#9940,#7645,#7646);
#6197=AXIS2_PLACEMENT_3D('',#9942,#7648,#7649);
#6198=AXIS2_PLACEMENT_3D('',#9944,#7651,#7652);
#6199=AXIS2_PLACEMENT_3D('',#9946,#7654,#7655);
#6200=AXIS2_PLACEMENT_3D('',#9948,#7657,#7658);
#6201=AXIS2_PLACEMENT_3D('',#9950,#7660,#7661);
#6202=AXIS2_PLACEMENT_3D('',#9952,#7663,#7664);
#6203=AXIS2_PLACEMENT_3D('',#9954,#7666,#7667);
#6204=AXIS2_PLACEMENT_3D('',#9956,#7669,#7670);
#6205=AXIS2_PLACEMENT_3D('',#9958,#7672,#7673);
#6206=AXIS2_PLACEMENT_3D('',#9960,#7675,#7676);
#6207=AXIS2_PLACEMENT_3D('',#9962,#7678,#7679);
#6208=AXIS2_PLACEMENT_3D('',#9964,#7681,#7682);
#6209=AXIS2_PLACEMENT_3D('',#9966,#7684,#7685);
#6210=AXIS2_PLACEMENT_3D('',#9968,#7687,#7688);
#6211=AXIS2_PLACEMENT_3D('',#9970,#7690,#7691);
#6212=AXIS2_PLACEMENT_3D('',#9972,#7693,#7694);
#6213=AXIS2_PLACEMENT_3D('',#9974,#7696,#7697);
#6214=AXIS2_PLACEMENT_3D('',#9976,#7699,#7700);
#6215=AXIS2_PLACEMENT_3D('',#9978,#7702,#7703);
#6216=AXIS2_PLACEMENT_3D('',#9980,#7705,#7706);
#6217=AXIS2_PLACEMENT_3D('',#9982,#7708,#7709);
#6218=AXIS2_PLACEMENT_3D('',#9984,#7711,#7712);
#6219=AXIS2_PLACEMENT_3D('',#9986,#7714,#7715);
#6220=AXIS2_PLACEMENT_3D('',#9988,#7717,#7718);
#6221=AXIS2_PLACEMENT_3D('',#9990,#7720,#7721);
#6222=AXIS2_PLACEMENT_3D('',#9992,#7723,#7724);
#6223=AXIS2_PLACEMENT_3D('',#9994,#7726,#7727);
#6224=AXIS2_PLACEMENT_3D('',#9996,#7729,#7730);
#6225=AXIS2_PLACEMENT_3D('',#9998,#7732,#7733);
#6226=AXIS2_PLACEMENT_3D('',#10000,#7735,#7736);
#6227=AXIS2_PLACEMENT_3D('',#10002,#7738,#7739);
#6228=AXIS2_PLACEMENT_3D('',#10004,#7741,#7742);
#6229=AXIS2_PLACEMENT_3D('',#10006,#7744,#7745);
#6230=AXIS2_PLACEMENT_3D('',#10008,#7747,#7748);
#6231=AXIS2_PLACEMENT_3D('',#10010,#7750,#7751);
#6232=AXIS2_PLACEMENT_3D('',#10012,#7753,#7754);
#6233=AXIS2_PLACEMENT_3D('',#10014,#7756,#7757);
#6234=AXIS2_PLACEMENT_3D('',#10016,#7759,#7760);
#6235=AXIS2_PLACEMENT_3D('',#10018,#7762,#7763);
#6236=AXIS2_PLACEMENT_3D('',#10020,#7765,#7766);
#6237=AXIS2_PLACEMENT_3D('',#10022,#7768,#7769);
#6238=AXIS2_PLACEMENT_3D('',#10024,#7771,#7772);
#6239=AXIS2_PLACEMENT_3D('',#10026,#7774,#7775);
#6240=AXIS2_PLACEMENT_3D('',#10028,#7777,#7778);
#6241=AXIS2_PLACEMENT_3D('',#10030,#7780,#7781);
#6242=AXIS2_PLACEMENT_3D('',#10032,#7783,#7784);
#6243=AXIS2_PLACEMENT_3D('',#10034,#7786,#7787);
#6244=AXIS2_PLACEMENT_3D('',#10036,#7789,#7790);
#6245=AXIS2_PLACEMENT_3D('',#10038,#7792,#7793);
#6246=AXIS2_PLACEMENT_3D('',#10040,#7795,#7796);
#6247=AXIS2_PLACEMENT_3D('',#10042,#7798,#7799);
#6248=AXIS2_PLACEMENT_3D('',#10044,#7801,#7802);
#6249=AXIS2_PLACEMENT_3D('',#10046,#7804,#7805);
#6250=AXIS2_PLACEMENT_3D('',#10048,#7807,#7808);
#6251=AXIS2_PLACEMENT_3D('',#10050,#7810,#7811);
#6252=AXIS2_PLACEMENT_3D('',#10052,#7813,#7814);
#6253=AXIS2_PLACEMENT_3D('',#10054,#7816,#7817);
#6254=AXIS2_PLACEMENT_3D('',#10056,#7819,#7820);
#6255=AXIS2_PLACEMENT_3D('',#10058,#7822,#7823);
#6256=AXIS2_PLACEMENT_3D('',#10060,#7825,#7826);
#6257=AXIS2_PLACEMENT_3D('',#10062,#7828,#7829);
#6258=AXIS2_PLACEMENT_3D('',#10064,#7831,#7832);
#6259=AXIS2_PLACEMENT_3D('',#10066,#7834,#7835);
#6260=AXIS2_PLACEMENT_3D('',#10068,#7837,#7838);
#6261=AXIS2_PLACEMENT_3D('',#10070,#7840,#7841);
#6262=AXIS2_PLACEMENT_3D('',#10072,#7843,#7844);
#6263=AXIS2_PLACEMENT_3D('',#10074,#7846,#7847);
#6264=AXIS2_PLACEMENT_3D('',#10076,#7849,#7850);
#6265=AXIS2_PLACEMENT_3D('',#10078,#7852,#7853);
#6266=AXIS2_PLACEMENT_3D('',#10080,#7855,#7856);
#6267=AXIS2_PLACEMENT_3D('',#10082,#7858,#7859);
#6268=AXIS2_PLACEMENT_3D('',#10083,#7860,#7861);
#6269=AXIS2_PLACEMENT_3D('',#10084,#7862,#7863);
#6270=DIRECTION('axis',(0.,0.,1.));
#6271=DIRECTION('refdir',(1.,0.,0.));
#6272=DIRECTION('axis',(0.,0.,1.));
#6273=DIRECTION('refdir',(1.,0.,0.));
#6274=DIRECTION('center_axis',(-1.,0.,0.));
#6275=DIRECTION('ref_axis',(8.53254066186707E-17,0.792553107854774,-0.609802895393043));
#6276=DIRECTION('center_axis',(1.,-8.17054757184992E-16,-7.88610792208358E-16));
#6277=DIRECTION('ref_axis',(0.,0.792553107854774,-0.609802895393044));
#6278=DIRECTION('center_axis',(-1.,8.17054757184992E-16,7.88610792208358E-16));
#6279=DIRECTION('ref_axis',(1.66662142667635E-16,0.792553107854774,-0.609802895393044));
#6280=DIRECTION('center_axis',(0.,0.,-1.));
#6281=DIRECTION('ref_axis',(-1.23259516440784E-32,-1.,0.));
#6282=DIRECTION('',(8.17054757184992E-16,1.,0.));
#6283=DIRECTION('',(1.,0.,0.));
#6284=DIRECTION('',(1.23259513354201E-32,1.,-3.24727905145706E-16));
#6285=DIRECTION('',(1.,0.,0.));
#6286=DIRECTION('',(-1.,0.,0.));
#6287=DIRECTION('center_axis',(-1.,8.17054757184992E-16,7.88610792208358E-16));
#6288=DIRECTION('ref_axis',(7.88610792208358E-16,1.08133258466743E-22,1.));
#6289=DIRECTION('center_axis',(-1.,8.17054757184992E-16,7.88610792208358E-16));
#6290=DIRECTION('ref_axis',(3.29493759378759E-16,0.982252716928446,-0.187562256562151));
#6291=DIRECTION('center_axis',(-1.,8.17054757184992E-16,7.88610792208358E-16));
#6292=DIRECTION('ref_axis',(1.13247709425397E-15,0.666471316353692,0.745530673063005));
#6293=DIRECTION('',(8.17054757184986E-16,1.,-7.77539624862491E-15));
#6294=DIRECTION('center_axis',(1.,-8.17054757184992E-16,-7.88610792208358E-16));
#6295=DIRECTION('ref_axis',(-7.88610792208362E-16,-4.94997435518368E-15,
-1.));
#6296=DIRECTION('',(-7.88610792208357E-16,3.86120533694507E-16,-1.));
#6297=DIRECTION('center_axis',(1.,-8.17054757184992E-16,-7.88610792208358E-16));
#6298=DIRECTION('ref_axis',(7.88610792208357E-16,-1.13242359114347E-16,
1.));
#6299=DIRECTION('',(-8.17054757184992E-16,-1.,-2.54954944283402E-16));
#6300=DIRECTION('',(8.17054757184991E-16,1.,-1.6467474931731E-15));
#6301=DIRECTION('',(-3.98824166104037E-16,0.397523772912142,-0.917591875492419));
#6302=DIRECTION('center_axis',(-1.,8.17054757184992E-16,7.88610792208358E-16));
#6303=DIRECTION('ref_axis',(-8.5282788331753E-16,-0.998919124524688,-0.0464820681427871));
#6304=DIRECTION('',(8.17054757184976E-16,1.,-2.06983829633334E-14));
#6305=DIRECTION('',(-2.74429601158534E-16,0.499999999999983,-0.866025403784448));
#6306=DIRECTION('center_axis',(-1.,8.17054757184992E-16,7.88610792208358E-16));
#6307=DIRECTION('ref_axis',(0.,3.25665420556712E-14,1.));
#6308=DIRECTION('',(1.09148435834351E-15,0.500000000000017,0.866025403784429));
#6309=DIRECTION('center_axis',(1.,-8.17054757184992E-16,-7.88610792208358E-16));
#6310=DIRECTION('ref_axis',(-9.11621763036628E-18,1.,2.44372241361251E-15));
#6311=DIRECTION('center_axis',(1.,-8.17054757184992E-16,-7.88610792208358E-16));
#6312=DIRECTION('ref_axis',(-2.35346984696526E-17,1.,-1.94992283898948E-14));
#6313=DIRECTION('center_axis',(-1.,1.38742099320857E-14,-3.46855248302143E-15));
#6314=DIRECTION('ref_axis',(5.92023180525875E-17,0.982252716928446,-0.187562256562151));
#6315=DIRECTION('center_axis',(1.,0.,0.));
#6316=DIRECTION('ref_axis',(0.,0.982252716928446,-0.187562256562151));
#6317=DIRECTION('center_axis',(1.,6.00119770671063E-31,-9.50513551684508E-25));
#6318=DIRECTION('ref_axis',(0.,0.982252716928446,-0.187562256562151));
#6319=DIRECTION('',(-0.923879527179767,0.380291527563374,0.0427197064784531));
#6320=DIRECTION('center_axis',(-1.,1.06009774752506E-16,-7.43344990066558E-17));
#6321=DIRECTION('ref_axis',(1.18070735645727E-16,0.982252716928446,-0.187562256562151));
#6322=DIRECTION('center_axis',(-1.,8.67138120755384E-16,0.));
#6323=DIRECTION('ref_axis',(1.16124096524443E-16,0.666471316353692,0.745530673063005));
#6324=DIRECTION('',(-0.923879535118599,3.2045246555484E-15,0.382683426070481));
#6325=DIRECTION('center_axis',(-1.,6.06901525010298E-16,-2.62131267709968E-16));
#6326=DIRECTION('ref_axis',(2.09055557824005E-16,0.666471316353692,0.745530673063005));
#6327=DIRECTION('center_axis',(1.,6.00119770671063E-31,-9.50513551684508E-25));
#6328=DIRECTION('ref_axis',(0.,0.666471316353692,0.745530673063005));
#6329=DIRECTION('center_axis',(1.,-1.75381740347576E-18,1.56125112837908E-17));
#6330=DIRECTION('ref_axis',(0.,0.666471316353692,0.745530673063005));
#6331=DIRECTION('center_axis',(-0.382683435645033,-6.8708561191163E-15,
-0.92387953115269));
#6332=DIRECTION('ref_axis',(-0.92387953115269,0.,0.382683435645033));
#6333=DIRECTION('',(-0.923879531152688,-4.00565581402146E-15,0.382683435645038));
#6334=DIRECTION('',(8.17054757184985E-16,1.,-7.77539624862491E-15));
#6335=DIRECTION('',(-8.17054757184985E-16,-1.,7.77539624862491E-15));
#6336=DIRECTION('center_axis',(1.,-8.67138123305698E-16,-3.46855249322279E-15));
#6337=DIRECTION('ref_axis',(-1.51037966457518E-16,-5.05506475628285E-15,
-1.));
#6338=DIRECTION('',(-0.923879531152704,0.382683435644999,0.));
#6339=DIRECTION('center_axis',(1.,-5.17748228007315E-16,-3.45165485338206E-16));
#6340=DIRECTION('ref_axis',(-3.45165485338209E-16,-5.17748228007313E-15,
-1.));
#6341=DIRECTION('center_axis',(-1.,1.61161238383873E-17,-1.56125112837909E-17));
#6342=DIRECTION('ref_axis',(1.56125112837908E-17,-4.94997435518368E-15,
-1.));
#6343=DIRECTION('center_axis',(-0.382683435645028,-0.923879531152692,-5.49405702890673E-17));
#6344=DIRECTION('ref_axis',(0.,5.9467244847951E-17,-1.));
#6345=DIRECTION('',(-0.92387952930905,0.382683440095973,-6.40904931522403E-15));
#6346=DIRECTION('',(-7.88610792208357E-16,3.86120533694507E-16,-1.));
#6347=DIRECTION('',(7.88610792208357E-16,-3.86120533694507E-16,1.));
#6348=DIRECTION('center_axis',(1.,-8.67138120755383E-16,0.));
#6349=DIRECTION('ref_axis',(-1.62246629341924E-16,-6.26711452281773E-17,
1.));
#6350=DIRECTION('',(-0.92387953251128,8.01131161626182E-16,-0.382683432365106));
#6351=DIRECTION('center_axis',(1.,-7.51336955978239E-16,0.));
#6352=DIRECTION('ref_axis',(0.,0.,1.));
#6353=DIRECTION('center_axis',(-1.,1.61161238383882E-17,-2.9316826744008E-16));
#6354=DIRECTION('ref_axis',(-2.9316826744008E-16,-1.13242359114346E-16,
1.));
#6355=DIRECTION('center_axis',(-0.38268343236509,7.71256641737877E-17,0.923879532511287));
#6356=DIRECTION('ref_axis',(0.923879532511287,0.,0.38268343236509));
#6357=DIRECTION('center_axis',(0.38268343236509,-7.71256641737877E-17,-0.923879532511287));
#6358=DIRECTION('ref_axis',(-0.923879532511287,-8.49727915508614E-17,-0.38268343236509));
#6359=DIRECTION('',(-8.17054757184992E-16,-1.,-2.54954944283402E-16));
#6360=DIRECTION('',(8.17054757184992E-16,1.,2.54954944283402E-16));
#6361=DIRECTION('center_axis',(1.,-1.61161238383882E-17,2.9316826744008E-16));
#6362=DIRECTION('ref_axis',(-2.9316826744008E-16,-1.13242359114346E-16,
1.));
#6363=DIRECTION('',(1.,9.49061786241281E-17,4.33680868994203E-17));
#6364=DIRECTION('center_axis',(1.,1.29925680751126E-15,2.33819000729387E-13));
#6365=DIRECTION('ref_axis',(-2.9316826744008E-16,-1.13242359114346E-16,
1.));
#6366=DIRECTION('',(1.,-2.93671879994678E-16,3.76434994286966E-16));
#6367=DIRECTION('center_axis',(1.,-1.64419853655246E-29,-1.82929909650058E-43));
#6368=DIRECTION('ref_axis',(-5.00181241118074E-44,8.083682267285E-15,-1.));
#6369=DIRECTION('',(1.,9.49061786241281E-17,4.33680868994203E-17));
#6370=DIRECTION('center_axis',(1.61161238383881E-17,1.,3.86120533694507E-16));
#6371=DIRECTION('ref_axis',(-3.3017570159425E-16,-3.86120533694507E-16,
1.));
#6372=DIRECTION('',(1.,9.49061786241281E-17,4.33680868994203E-17));
#6373=DIRECTION('',(2.33819000729387E-13,3.86120533694504E-16,-1.));
#6374=DIRECTION('center_axis',(1.,-1.61161238383873E-17,1.56125112837909E-17));
#6375=DIRECTION('ref_axis',(1.56125112837908E-17,-4.94997435518368E-15,
-1.));
#6376=DIRECTION('',(1.,9.49061786241281E-17,4.33680868994203E-17));
#6377=DIRECTION('center_axis',(1.,5.91645682719602E-31,-3.15693087523188E-45));
#6378=DIRECTION('ref_axis',(7.02580526112229E-46,4.14834489763839E-15,1.));
#6379=DIRECTION('',(1.,-1.92742514119647E-16,3.76434994286967E-16));
#6380=DIRECTION('center_axis',(-1.,-1.29925680751126E-15,-2.33819000729387E-13));
#6381=DIRECTION('ref_axis',(1.56125112837908E-17,-4.94997435518368E-15,
-1.));
#6382=DIRECTION('center_axis',(1.56125112837908E-17,-7.77539624862491E-15,
-1.));
#6383=DIRECTION('ref_axis',(4.31824591972966E-17,1.,-7.77539624862491E-15));
#6384=DIRECTION('',(1.,-1.75381740347576E-18,1.56125112837908E-17));
#6385=DIRECTION('',(-5.97038301733076E-31,1.,-1.99608226813162E-14));
#6386=DIRECTION('',(1.,5.0957502106809E-18,-5.20417042793043E-17));
#6387=DIRECTION('',(2.00296524485948E-32,1.,-1.99608226813162E-14));
#6388=DIRECTION('',(-1.,-5.0957502106809E-18,5.20417042793043E-17));
#6389=DIRECTION('',(1.18329136522213E-30,-1.,7.77539624862491E-15));
#6390=DIRECTION('',(1.,9.49061786241281E-17,4.33680868994203E-17));
#6391=DIRECTION('',(-5.00550320505605E-31,1.,-7.77539624862491E-15));
#6392=DIRECTION('center_axis',(1.,-1.75381740347576E-18,1.56125112837908E-17));
#6393=DIRECTION('ref_axis',(0.,0.666471316353692,0.745530673063005));
#6394=DIRECTION('',(1.,-1.75381740347576E-18,1.56125112837908E-17));
#6395=DIRECTION('center_axis',(1.,-2.00296714216273E-32,-9.50513551684508E-25));
#6396=DIRECTION('ref_axis',(0.,0.666471316353692,0.745530673063005));
#6397=DIRECTION('',(1.,-1.75381740347576E-18,1.56125112837908E-17));
#6398=DIRECTION('center_axis',(1.,5.97038282760043E-31,-9.5051355300708E-25));
#6399=DIRECTION('ref_axis',(0.,0.666471316353692,0.745530673063005));
#6400=DIRECTION('center_axis',(-1.,0.,0.));
#6401=DIRECTION('ref_axis',(0.,0.982252716928446,-0.187562256562151));
#6402=DIRECTION('',(-1.,0.,0.));
#6403=DIRECTION('center_axis',(-1.,0.,0.));
#6404=DIRECTION('ref_axis',(0.,0.982252716928446,-0.187562256562151));
#6405=DIRECTION('',(-1.,0.,0.));
#6406=DIRECTION('center_axis',(1.,4.43734259186819E-31,-9.50513726149162E-25));
#6407=DIRECTION('ref_axis',(0.,0.982252716928446,-0.187562256562151));
#6408=DIRECTION('',(1.,0.,0.));
#6409=DIRECTION('center_axis',(-5.00550320505605E-31,1.,-7.77539624862491E-15));
#6410=DIRECTION('ref_axis',(0.996794863550172,-8.88178419700125E-16,-0.0799999999999592));
#6411=DIRECTION('',(-5.91645678915759E-31,1.,-1.940629710795E-15));
#6412=DIRECTION('center_axis',(-1.10488253972808E-15,1.,-2.48689957516033E-14));
#6413=DIRECTION('ref_axis',(0.996794863550172,-8.88178419700125E-16,-0.0799999999999628));
#6414=DIRECTION('center_axis',(-1.,-5.91645682719602E-31,3.15693087523188E-45));
#6415=DIRECTION('ref_axis',(0.,4.26686903757092E-15,1.));
#6416=DIRECTION('center_axis',(1.,5.91645678915759E-31,-9.50512865211105E-25));
#6417=DIRECTION('ref_axis',(1.43688700496835E-16,-1.,1.99054011801878E-15));
#6418=DIRECTION('center_axis',(1.,9.49061786241282E-17,4.33680868994203E-17));
#6419=DIRECTION('ref_axis',(8.39710815256364E-17,-0.978665794568783,0.205458663825725));
#6420=DIRECTION('center_axis',(-1.,-1.18329135783152E-30,9.50512815907299E-25));
#6421=DIRECTION('ref_axis',(-8.16551144630471E-16,1.,-2.13190301910122E-14));
#6422=DIRECTION('',(1.,9.49061786241281E-17,4.33680868994203E-17));
#6423=DIRECTION('center_axis',(1.15365155843913E-30,-1.,-2.54954944283402E-16));
#6424=DIRECTION('ref_axis',(0.996794863550165,0.,0.0800000000000551));
#6425=DIRECTION('center_axis',(-1.63495395197225E-18,-1.,-3.34671513039848E-15));
#6426=DIRECTION('ref_axis',(0.996794863550165,0.,0.0800000000000551));
#6427=DIRECTION('',(1.15365155843913E-30,-1.,-2.54954944283402E-16));
#6428=DIRECTION('center_axis',(-8.01930875609778E-15,1.,-3.56128848903908E-30));
#6429=DIRECTION('ref_axis',(-4.44089209850053E-16,0.,1.));
#6430=DIRECTION('',(5.91645678915759E-31,-1.,1.66205293801831E-15));
#6431=DIRECTION('center_axis',(-1.,1.64419853655246E-29,1.82929909650058E-43));
#6432=DIRECTION('ref_axis',(0.,8.40702955797641E-15,-1.));
#6433=DIRECTION('center_axis',(1.,5.91645678915759E-31,-9.50512865211105E-25));
#6434=DIRECTION('ref_axis',(-3.76434994286969E-16,2.74190702251127E-15,
1.));
#6435=DIRECTION('center_axis',(2.9316826744008E-16,2.54954944283402E-16,
-1.));
#6436=DIRECTION('ref_axis',(1.95293613604047E-18,1.,2.54954944283402E-16));
#6437=DIRECTION('',(1.,9.49061786241281E-17,4.33680868994203E-17));
#6438=DIRECTION('',(-1.,1.63495395197323E-18,-2.9316826744008E-16));
#6439=DIRECTION('center_axis',(-1.63495395197225E-18,-1.,-3.34671513039848E-15));
#6440=DIRECTION('ref_axis',(5.11526980357146E-31,-3.34671513039848E-15,
1.));
#6441=DIRECTION('',(-1.,1.63495395197351E-18,-3.7643499428697E-16));
#6442=DIRECTION('',(-9.50512815907299E-25,3.34671513039848E-15,-1.));
#6443=DIRECTION('',(1.,9.49061786241281E-17,4.33680868994203E-17));
#6444=DIRECTION('',(9.50513551684508E-25,-3.34671513039848E-15,1.));
#6445=DIRECTION('center_axis',(-3.76434994286966E-16,2.19025182504801E-15,
1.));
#6446=DIRECTION('ref_axis',(1.29925680751098E-15,-1.,2.19025182504801E-15));
#6447=DIRECTION('',(1.,1.43688700496835E-16,-2.96427449846679E-16));
#6448=DIRECTION('',(1.29925680751098E-15,-1.,1.17623679516206E-15));
#6449=DIRECTION('center_axis',(3.76434994286966E-16,-2.19025182504801E-15,
-1.));
#6450=DIRECTION('ref_axis',(-1.29925680751098E-15,1.,-2.19025182504801E-15));
#6451=DIRECTION('',(-1.29925680751098E-15,1.,-1.17623679516206E-15));
#6452=DIRECTION('',(1.,-2.93671879994678E-16,3.76434994286966E-16));
#6453=DIRECTION('',(-0.489370970550635,0.48829055576184,0.722556839519302));
#6454=DIRECTION('',(0.506021437599033,-0.471421340993013,-0.722290955188113));
#6455=DIRECTION('',(-0.706596395972073,-2.14079618814183E-13,0.707616798273809));
#6456=DIRECTION('center_axis',(0.707106781186548,-2.16225310786533E-13,
0.707106781186547));
#6457=DIRECTION('ref_axis',(0.707106781186547,0.,-0.707106781186548));
#6458=DIRECTION('',(0.707106781186549,2.16149395145467E-13,-0.707106781186546));
#6459=DIRECTION('',(1.23262423004602E-32,1.,3.05788767042652E-13));
#6460=DIRECTION('',(-0.707106781186547,-2.16149395145466E-13,0.707106781186548));
#6461=DIRECTION('',(-1.23262423004602E-32,-1.,-3.05788767042652E-13));
#6462=DIRECTION('',(0.707092922383526,0.00766917937824239,-0.707079049896678));
#6463=DIRECTION('',(-0.502569730801388,-0.502531369274281,0.703481263842568));
#6464=DIRECTION('',(0.502579646613307,0.502541281915535,-0.703467098577278));
#6465=DIRECTION('center_axis',(2.5784298938383E-16,3.05788767042652E-13,
-1.));
#6466=DIRECTION('ref_axis',(1.47568284582779E-17,1.,3.05788767042652E-13));
#6467=DIRECTION('',(-1.19120606962278E-29,-1.,-3.05788767042652E-13));
#6468=DIRECTION('',(1.,0.,2.5784298938383E-16));
#6469=DIRECTION('',(2.00299620779943E-32,1.,3.05788767042652E-13));
#6470=DIRECTION('center_axis',(1.,0.,-3.89551938464968E-17));
#6471=DIRECTION('ref_axis',(-4.09667122755149E-17,0.,-1.));
#6472=DIRECTION('center_axis',(1.,0.,-3.89551938464968E-17));
#6473=DIRECTION('ref_axis',(-1.60954209722882E-18,-0.999037470871269,-0.0438649267084461));
#6474=DIRECTION('center_axis',(-1.,0.,3.89551938464968E-17));
#6475=DIRECTION('ref_axis',(-1.70876672298989E-18,-0.999037470871269,-0.0438649267084461));
#6476=DIRECTION('center_axis',(-1.,0.,0.));
#6477=DIRECTION('ref_axis',(0.,-0.997583531193267,0.069477322141624));
#6478=DIRECTION('center_axis',(-1.,1.23259516440784E-32,9.5051360013242E-25));
#6479=DIRECTION('ref_axis',(0.,-0.997583531193267,0.069477322141624));
#6480=DIRECTION('center_axis',(1.,-8.17054757184992E-16,-7.88610792208358E-16));
#6481=DIRECTION('ref_axis',(0.,-0.997583531193267,0.069477322141624));
#6482=DIRECTION('',(-1.,0.,0.));
#6483=DIRECTION('center_axis',(-1.,0.,1.3211619928428E-15));
#6484=DIRECTION('ref_axis',(-2.57526735556611E-17,-0.999812374681261,-0.0193704784199343));
#6485=DIRECTION('',(-1.,0.,0.));
#6486=DIRECTION('center_axis',(-0.707106781186547,3.97464589406404E-16,
0.707106781186548));
#6487=DIRECTION('ref_axis',(0.707106781186548,0.,0.707106781186547));
#6488=DIRECTION('center_axis',(0.707106781186547,-3.97464589406404E-16,
-0.707106781186548));
#6489=DIRECTION('ref_axis',(-0.707106781186548,-3.14018491736755E-16,-0.707106781186547));
#6490=DIRECTION('',(0.70710678118654,-6.28036983473503E-16,0.707106781186555));
#6491=DIRECTION('center_axis',(1.,-8.88178419700129E-16,0.));
#6492=DIRECTION('ref_axis',(8.83980584668329E-17,-1.13242359114346E-16,
1.));
#6493=DIRECTION('',(0.70710678118656,-0.707106781186535,1.00485917355764E-14));
#6494=DIRECTION('center_axis',(-0.70710678620726,-0.707106776165835,2.84603597054658E-16));
#6495=DIRECTION('ref_axis',(4.02490263997039E-16,0.,1.));
#6496=DIRECTION('',(0.707106776165846,-0.707106786207249,0.));
#6497=DIRECTION('center_axis',(1.,-8.88178432312917E-16,0.));
#6498=DIRECTION('ref_axis',(-3.05995017760821E-16,-4.94997435518368E-15,
-1.));
#6499=DIRECTION('',(0.707106776165825,7.53644385519364E-15,-0.70710678620727));
#6500=DIRECTION('center_axis',(-0.707106786207268,-4.92029041126859E-15,
-0.707106776165827));
#6501=DIRECTION('ref_axis',(-0.707106776165827,0.,0.707106786207268));
#6502=DIRECTION('',(0.707106776165828,-6.28036987932809E-15,-0.707106786207267));
#6503=DIRECTION('center_axis',(-1.,8.88178419700122E-16,0.));
#6504=DIRECTION('ref_axis',(6.94929126019484E-16,0.666471316353692,0.745530673063005));
#6505=DIRECTION('',(0.707106781186548,-0.702687093771867,-0.0789357222456851));
#6506=DIRECTION('center_axis',(-1.,0.,0.));
#6507=DIRECTION('ref_axis',(3.29493759378759E-16,0.982252716928446,-0.187562256562151));
#6508=DIRECTION('center_axis',(-1.,0.,0.));
#6509=DIRECTION('ref_axis',(0.,0.792553107854774,-0.609802895393044));
#6510=DIRECTION('center_axis',(-1.,1.23259516440784E-32,9.5051360013242E-25));
#6511=DIRECTION('ref_axis',(0.,0.792553107854774,-0.609802895393044));
#6512=DIRECTION('center_axis',(-1.,0.,6.57909940518612E-16));
#6513=DIRECTION('ref_axis',(0.,-0.707106781186546,-0.707106781186549));
#6514=DIRECTION('center_axis',(0.707106781186547,0.,-0.707106781186548));
#6515=DIRECTION('ref_axis',(-0.707106781186548,0.,-0.707106781186547));
#6516=DIRECTION('',(1.,0.,-6.57909940518612E-16));
#6517=DIRECTION('center_axis',(-1.,0.,3.89551938464968E-17));
#6518=DIRECTION('ref_axis',(0.,-0.707106781186546,-0.707106781186549));
#6519=DIRECTION('',(-1.,0.,6.57909940518612E-16));
#6520=DIRECTION('center_axis',(-1.3211619928428E-15,0.,-1.));
#6521=DIRECTION('ref_axis',(-0.707106781186548,-0.707106781186547,0.));
#6522=DIRECTION('',(1.3211619928428E-15,0.,1.));
#6523=DIRECTION('center_axis',(-4.6109471207615E-32,8.74300631892311E-16,
1.));
#6524=DIRECTION('ref_axis',(-0.707106781186548,-0.707106781186547,0.));
#6525=DIRECTION('',(-1.3211619928428E-15,0.,-1.));
#6526=DIRECTION('center_axis',(-6.57909940518612E-16,0.,-1.));
#6527=DIRECTION('ref_axis',(-1.,2.33231949282194E-15,6.57909940518612E-16));
#6528=DIRECTION('',(0.,-1.,0.));
#6529=DIRECTION('',(1.,0.,-6.57909940518612E-16));
#6530=DIRECTION('',(0.,1.,0.));
#6531=DIRECTION('center_axis',(-1.,0.,0.));
#6532=DIRECTION('ref_axis',(0.,0.673166065206039,0.739491344543679));
#6533=DIRECTION('center_axis',(1.,0.,-3.89551938464968E-17));
#6534=DIRECTION('ref_axis',(-3.89551938464968E-17,-4.73123798374802E-16,
-1.));
#6535=DIRECTION('',(-3.89551938464968E-17,0.,-1.));
#6536=DIRECTION('center_axis',(-1.29925680751098E-15,1.,-1.17623679516206E-15));
#6537=DIRECTION('ref_axis',(-1.,-1.2992568075124E-15,-1.20829908578646E-12));
#6538=DIRECTION('',(-1.29925680751098E-15,1.,-1.17623679516206E-15));
#6539=DIRECTION('center_axis',(-1.,-1.29925680751126E-15,-2.33819000729387E-13));
#6540=DIRECTION('ref_axis',(-2.33819000729387E-13,8.04483934058423E-16,
1.));
#6541=DIRECTION('center_axis',(-1.,-1.29925680751126E-15,-2.33819000729387E-13));
#6542=DIRECTION('ref_axis',(-3.76434994286971E-16,7.1387696273935E-16,1.));
#6543=DIRECTION('',(-1.29925680751098E-15,1.,-1.17623679516206E-15));
#6544=DIRECTION('center_axis',(-1.,-1.29925680751126E-15,-2.33819000729387E-13));
#6545=DIRECTION('ref_axis',(8.16551144630479E-16,-1.,-3.74899417531355E-17));
#6546=DIRECTION('',(-2.33819000729387E-13,-1.27068369623185E-16,1.));
#6547=DIRECTION('center_axis',(-1.29925680751098E-15,1.,-1.17623679516206E-15));
#6548=DIRECTION('ref_axis',(1.,1.2992568075124E-15,1.20829908579356E-12));
#6549=DIRECTION('center_axis',(8.16551144630479E-16,-1.,-1.27068369622995E-16));
#6550=DIRECTION('ref_axis',(-8.27687178194565E-16,-1.27068369622995E-16,
1.));
#6551=DIRECTION('',(-1.,-8.16551144630479E-16,-3.7643499428697E-16));
#6552=DIRECTION('',(9.50512805021898E-25,8.86946660262963E-16,1.));
#6553=DIRECTION('',(-1.,-8.16551144630479E-16,-3.7643499428697E-16));
#6554=DIRECTION('center_axis',(-1.,-8.16551144630479E-16,-3.7643499428697E-16));
#6555=DIRECTION('ref_axis',(8.16551144630479E-16,-1.,-3.74899417531355E-17));
#6556=DIRECTION('',(-1.,-8.16551144630479E-16,-3.7643499428697E-16));
#6557=DIRECTION('center_axis',(-1.,-1.18329135783152E-30,9.50512815907299E-25));
#6558=DIRECTION('ref_axis',(8.16551144630478E-16,-1.,9.76525088132823E-16));
#6559=DIRECTION('center_axis',(1.,1.18329135783152E-30,-9.50512815907299E-25));
#6560=DIRECTION('ref_axis',(-1.18329135783152E-30,1.,3.45773756849077E-15));
#6561=DIRECTION('',(-1.18329137668337E-30,1.,-1.98333481975955E-14));
#6562=DIRECTION('center_axis',(1.,1.18329135783152E-30,-9.50512815907299E-25));
#6563=DIRECTION('ref_axis',(-1.05285289309016E-17,0.995210363480557,-0.0977564955432538));
#6564=DIRECTION('',(-1.18329137066816E-30,1.,-1.35049700325145E-14));
#6565=DIRECTION('center_axis',(1.,1.18329135783152E-30,-9.50512815907299E-25));
#6566=DIRECTION('ref_axis',(1.56125112837909E-17,-2.1051593158469E-16,-1.));
#6567=DIRECTION('center_axis',(-1.,-1.18329135783152E-30,9.50512815907299E-25));
#6568=DIRECTION('ref_axis',(-8.1655114463048E-16,1.,3.45773744349846E-15));
#6569=DIRECTION('center_axis',(1.,1.18329135783152E-30,-9.50512815907299E-25));
#6570=DIRECTION('ref_axis',(1.56125112837909E-17,-2.1051593158469E-16,-1.));
#6571=DIRECTION('',(-9.50512815907299E-25,-3.5402797532398E-16,-1.));
#6572=DIRECTION('center_axis',(1.,1.18329135783152E-30,-9.50512815907299E-25));
#6573=DIRECTION('ref_axis',(-1.61161238383872E-17,-1.,-3.79840810567189E-16));
#6574=DIRECTION('',(1.18329135785634E-30,-1.,2.61140018102678E-17));
#6575=DIRECTION('',(-1.18329135783152E-30,1.,-6.48037908132351E-16));
#6576=DIRECTION('center_axis',(-1.,-1.18329135783152E-30,9.50512815907299E-25));
#6577=DIRECTION('ref_axis',(-3.76434994286972E-16,1.72789199262531E-15,
1.));
#6578=DIRECTION('',(1.18329135783152E-30,-1.,9.26614680909039E-16));
#6579=DIRECTION('center_axis',(1.,1.18329135783152E-30,-9.50512815907299E-25));
#6580=DIRECTION('ref_axis',(-5.09575021068191E-18,1.,-1.93527738099296E-14));
#6581=DIRECTION('center_axis',(1.,1.18329135783152E-30,-9.50512815907299E-25));
#6582=DIRECTION('ref_axis',(-8.1655114463048E-16,1.,3.45773744349846E-15));
#6583=DIRECTION('center_axis',(1.56125112837909E-17,-2.61140018102678E-17,
-1.));
#6584=DIRECTION('ref_axis',(9.20305915517037E-18,1.,-2.61140018102678E-17));
#6585=DIRECTION('',(1.,-1.61161238383873E-17,1.56125112837909E-17));
#6586=DIRECTION('',(-2.00296713968055E-32,-1.,2.61140018102678E-17));
#6587=DIRECTION('center_axis',(1.,-1.61161238383873E-17,1.56125112837909E-17));
#6588=DIRECTION('ref_axis',(-1.61161238383872E-17,-1.,-3.79840810567189E-16));
#6589=DIRECTION('',(1.,-1.61161238383873E-17,1.56125112837909E-17));
#6590=DIRECTION('center_axis',(1.,-2.00296714216273E-32,-9.50513551684508E-25));
#6591=DIRECTION('ref_axis',(-1.61161238383872E-17,-1.,-3.79840810567189E-16));
#6592=DIRECTION('center_axis',(1.61161238383873E-17,1.,-3.5402797532398E-16));
#6593=DIRECTION('ref_axis',(-1.89663100154983E-16,3.5402797532398E-16,1.));
#6594=DIRECTION('',(1.,-1.61161238383873E-17,1.56125112837909E-17));
#6595=DIRECTION('',(-9.50513551684508E-25,-3.5402797532398E-16,-1.));
#6596=DIRECTION('center_axis',(1.,-1.61161238383873E-17,1.56125112837909E-17));
#6597=DIRECTION('ref_axis',(1.56125112837909E-17,-2.1051593158469E-16,-1.));
#6598=DIRECTION('',(-1.,-8.16551144630479E-16,-3.7643499428697E-16));
#6599=DIRECTION('center_axis',(1.,-2.00296714216273E-32,-9.50513551684508E-25));
#6600=DIRECTION('ref_axis',(1.56125112837909E-17,-2.1051593158469E-16,-1.));
#6601=DIRECTION('center_axis',(1.,8.16551144630479E-16,3.7643499428697E-16));
#6602=DIRECTION('ref_axis',(-7.93657562370833E-16,0.604843547728189,0.796344324254011));
#6603=DIRECTION('',(1.,8.16551144630479E-16,3.7643499428697E-16));
#6604=DIRECTION('center_axis',(-1.,2.00296714216273E-32,9.50513551684508E-25));
#6605=DIRECTION('ref_axis',(-8.1655114463048E-16,1.,3.45773744349846E-15));
#6606=DIRECTION('center_axis',(1.,8.16551144630479E-16,3.7643499428697E-16));
#6607=DIRECTION('ref_axis',(-8.1655114463048E-16,1.,3.45773744349846E-15));
#6608=DIRECTION('',(-1.,-8.16551144630479E-16,-3.7643499428697E-16));
#6609=DIRECTION('center_axis',(-1.,-5.0957502106809E-18,5.20417042793043E-17));
#6610=DIRECTION('ref_axis',(2.14821030012752E-17,-0.947411135668692,0.320018968204949));
#6611=DIRECTION('center_axis',(-1.,-1.21641735287498E-30,9.5051355300708E-25));
#6612=DIRECTION('ref_axis',(-6.83047368665866E-18,1.,-1.93527738099296E-14));
#6613=DIRECTION('',(-1.,-5.0957502106809E-18,5.20417042793043E-17));
#6614=DIRECTION('center_axis',(-1.,-6.83047368665796E-18,3.81639164714898E-17));
#6615=DIRECTION('ref_axis',(-1.05285289309016E-17,0.995210363480557,-0.0977564955432538));
#6616=DIRECTION('',(1.,9.49061786241282E-17,4.33680868994203E-17));
#6617=DIRECTION('center_axis',(-1.,0.,9.50513580870363E-25));
#6618=DIRECTION('ref_axis',(-1.05285289309016E-17,0.995210363480557,-0.0977564955432538));
#6619=DIRECTION('',(1.,6.83047368665796E-18,-3.81639164714898E-17));
#6620=DIRECTION('center_axis',(3.81639164714897E-17,1.98333481975955E-14,
1.));
#6621=DIRECTION('ref_axis',(2.26649688780296E-16,-1.,1.98333481975955E-14));
#6622=DIRECTION('',(2.0029652569761E-32,1.,-1.98333481975955E-14));
#6623=DIRECTION('center_axis',(3.7643499428697E-16,8.74003489769189E-17,
-1.));
#6624=DIRECTION('ref_axis',(1.54419099075454E-15,-1.,-8.74003489769181E-17));
#6625=DIRECTION('center_axis',(-3.7643499428697E-16,-3.65977121753606E-16,
1.));
#6626=DIRECTION('ref_axis',(-1.5064976747316E-15,1.,3.65977121753606E-16));
#6627=DIRECTION('',(-1.,-8.16551144630479E-16,-3.7643499428697E-16));
#6628=DIRECTION('center_axis',(-1.,-8.16551144630479E-16,-3.7643499428697E-16));
#6629=DIRECTION('ref_axis',(-3.76434994286971E-16,7.1387696273935E-16,1.));
#6630=DIRECTION('center_axis',(-2.00299620779943E-32,-1.,-3.05788767042652E-13));
#6631=DIRECTION('ref_axis',(-0.707106781186546,2.16189653926458E-13,-0.707106781186549));
#6632=DIRECTION('center_axis',(0.,1.,0.));
#6633=DIRECTION('ref_axis',(-0.707106781186546,2.16189653926458E-13,-0.707106781186549));
#6634=DIRECTION('',(-2.00299620779943E-32,-1.,-3.05788767042652E-13));
#6635=DIRECTION('center_axis',(1.,-2.00296714216273E-32,-9.50513551684508E-25));
#6636=DIRECTION('ref_axis',(2.00296714216273E-32,1.,-1.84852133600088E-14));
#6637=DIRECTION('center_axis',(1.,-2.00296714216273E-32,-9.50513551684508E-25));
#6638=DIRECTION('ref_axis',(1.56125112837909E-17,-2.1051593158469E-16,-1.));
#6639=DIRECTION('',(2.00296585849702E-32,1.,-1.35049700325145E-14));
#6640=DIRECTION('center_axis',(-1.,-1.21641735287498E-30,9.5051355300708E-25));
#6641=DIRECTION('ref_axis',(-6.83047368665866E-18,1.,-1.93527738099296E-14));
#6642=DIRECTION('',(2.0029652569761E-32,1.,-1.98333481975955E-14));
#6643=DIRECTION('center_axis',(-1.,2.00296714216273E-32,9.50513551684508E-25));
#6644=DIRECTION('ref_axis',(-6.83047368665871E-18,1.,-1.95942626384668E-14));
#6645=DIRECTION('center_axis',(-1.,2.00296714216273E-32,9.50513551684508E-25));
#6646=DIRECTION('ref_axis',(-2.6021638886102E-18,1.,-1.84852133600089E-14));
#6647=DIRECTION('',(-9.50513502533162E-25,0.,-1.));
#6648=DIRECTION('',(-2.77333911991762E-32,-1.,1.00392589616263E-10));
#6649=DIRECTION('',(9.49359206639042E-25,0.0492698201984135,0.998785504909646));
#6650=DIRECTION('',(8.72183504608877E-25,-0.397523772912142,0.917591875492419));
#6651=DIRECTION('',(-2.00296713968055E-32,-1.,2.61140018102678E-17));
#6652=DIRECTION('center_axis',(1.,-2.00296714216273E-32,-9.50513551684508E-25));
#6653=DIRECTION('ref_axis',(3.92523114670943E-17,-0.707106781186548,-0.707106781186547));
#6654=DIRECTION('center_axis',(1.,-2.00296714216273E-32,-9.50513551684508E-25));
#6655=DIRECTION('ref_axis',(2.00296493993229E-32,1.,-2.31688483577332E-14));
#6656=DIRECTION('center_axis',(0.,1.,0.));
#6657=DIRECTION('ref_axis',(1.,0.,0.));
#6658=DIRECTION('',(1.,0.,4.6109471207615E-32));
#6659=DIRECTION('center_axis',(-1.56125112837907E-17,1.35049700325145E-14,
1.));
#6660=DIRECTION('ref_axis',(-6.31940003385917E-18,-1.,1.35049700325145E-14));
#6661=DIRECTION('',(1.,-1.61161238383873E-17,1.56125112837909E-17));
#6662=DIRECTION('center_axis',(1.,-1.61161238383873E-17,1.56125112837909E-17));
#6663=DIRECTION('ref_axis',(1.56125112837909E-17,-2.1051593158469E-16,-1.));
#6664=DIRECTION('center_axis',(-1.,1.6349539519724E-18,-4.33680868994199E-17));
#6665=DIRECTION('ref_axis',(3.92523114670943E-17,-0.707106781186548,-0.707106781186547));
#6666=DIRECTION('',(-1.,1.6349539519724E-18,-4.33680868994199E-17));
#6667=DIRECTION('center_axis',(4.33680868994199E-17,-1.6467474931731E-15,
-1.));
#6668=DIRECTION('ref_axis',(-1.61618758010023E-16,-1.,1.6467474931731E-15));
#6669=DIRECTION('',(1.,-2.81405340721331E-17,4.336808689942E-17));
#6670=DIRECTION('center_axis',(-8.5816799083679E-18,-0.917591875492419,
-0.397523772912142));
#6671=DIRECTION('ref_axis',(3.72638732475319E-26,0.397523772912142,-0.917591875492419));
#6672=DIRECTION('',(1.,-9.56059428204617E-19,-1.93809982434992E-17));
#6673=DIRECTION('center_axis',(-8.5816799083679E-18,-0.917591875492419,
-0.397523772912142));
#6674=DIRECTION('ref_axis',(-8.59244337552896E-16,0.397523772912142,-0.917591875492419));
#6675=DIRECTION('',(1.21228751084192E-15,-0.397523772912142,0.917591875492419));
#6676=DIRECTION('center_axis',(1.,0.,0.));
#6677=DIRECTION('ref_axis',(3.3115026857956E-26,-0.997583531193268,0.069477322141624));
#6678=DIRECTION('center_axis',(1.,-1.23259516440784E-32,-9.5051360013242E-25));
#6679=DIRECTION('ref_axis',(0.,5.03361944737821E-35,-1.));
#6680=DIRECTION('center_axis',(1.,-1.23259516440784E-32,-9.5051360013242E-25));
#6681=DIRECTION('ref_axis',(0.,0.,-1.));
#6682=DIRECTION('center_axis',(1.,-1.23259516440784E-32,-9.5051360013242E-25));
#6683=DIRECTION('ref_axis',(-5.87104860218912E-26,-0.998090589421136,-0.061767105395752));
#6684=DIRECTION('center_axis',(1.,0.,0.));
#6685=DIRECTION('ref_axis',(-8.99666975387471E-26,0.982252716928446,-0.187562256562151));
#6686=DIRECTION('center_axis',(-1.,2.24067528020865E-17,7.04691395307771E-17));
#6687=DIRECTION('ref_axis',(2.33836742137371E-17,0.999903476490704,0.0138938008407978));
#6688=DIRECTION('center_axis',(1.,-1.23259516440784E-32,-9.5051360013242E-25));
#6689=DIRECTION('ref_axis',(0.,0.,-1.));
#6690=DIRECTION('center_axis',(1.,-1.23259516440784E-32,-9.5051360013242E-25));
#6691=DIRECTION('ref_axis',(0.,1.28846004007986E-34,-1.));
#6692=DIRECTION('center_axis',(1.,0.,0.));
#6693=DIRECTION('ref_axis',(-2.6021638886102E-18,1.,-1.84852133600089E-14));
#6694=DIRECTION('center_axis',(-1.,-6.83047368665796E-18,3.81639164714898E-17));
#6695=DIRECTION('ref_axis',(-6.83047368665867E-18,1.,-1.84852133600089E-14));
#6696=DIRECTION('center_axis',(1.,-1.23259516440784E-32,-9.5051360013242E-25));
#6697=DIRECTION('ref_axis',(1.23259516440784E-32,1.,-5.52202633654712E-30));
#6698=DIRECTION('center_axis',(1.,-1.23259516440784E-32,-9.5051360013242E-25));
#6699=DIRECTION('ref_axis',(0.,7.06027721153607E-34,-1.));
#6700=DIRECTION('',(8.23168930520246E-25,0.500000000000017,0.866025403784429));
#6701=DIRECTION('',(-8.23168918194312E-25,0.499999999999984,-0.866025403784448));
#6702=DIRECTION('',(-1.23259333773261E-32,-1.,1.92177705738693E-14));
#6703=DIRECTION('center_axis',(1.,1.70930016567427E-15,-3.54238154653074E-29));
#6704=DIRECTION('ref_axis',(0.,-2.07241631263363E-14,-1.));
#6705=DIRECTION('center_axis',(0.,-0.327326835354008,-0.944911182523061));
#6706=DIRECTION('ref_axis',(0.,-0.944911182523061,0.327326835354008));
#6707=DIRECTION('center_axis',(-1.56125112837909E-17,2.06983829633334E-14,
1.));
#6708=DIRECTION('ref_axis',(4.80740671595891E-16,-1.,2.06983829633334E-14));
#6709=DIRECTION('center_axis',(-1.,2.23833603057279E-18,-1.56125112837909E-17));
#6710=DIRECTION('ref_axis',(0.,0.86602540378443,-0.500000000000014));
#6711=DIRECTION('center_axis',(1.,0.,0.));
#6712=DIRECTION('ref_axis',(0.,-2.07241631263363E-14,-1.));
#6713=DIRECTION('',(-1.,2.23833603057279E-18,-1.56125112837909E-17));
#6714=DIRECTION('',(1.,-2.23833603057279E-18,1.56125112837909E-17));
#6715=DIRECTION('center_axis',(4.84541052250277E-16,-0.327326835354008,
-0.944911182523061));
#6716=DIRECTION('ref_axis',(0.,-0.944911182523061,0.327326835354008));
#6717=DIRECTION('center_axis',(-1.56125112837909E-17,2.06983829633334E-14,
1.));
#6718=DIRECTION('ref_axis',(4.80740671595891E-16,-1.,2.06983829633334E-14));
#6719=DIRECTION('center_axis',(1.56125112837909E-17,-2.06983829633334E-14,
-1.));
#6720=DIRECTION('ref_axis',(-2.56395025152066E-16,-1.,2.06983829633334E-14));
#6721=DIRECTION('center_axis',(-1.56125112837909E-17,2.06983829633334E-14,
1.));
#6722=DIRECTION('ref_axis',(2.56395024851142E-15,1.,-2.06983829633334E-14));
#6723=DIRECTION('',(-1.,2.2383360305728E-18,-1.56125112837909E-17));
#6724=DIRECTION('center_axis',(-1.56125112837909E-17,2.06983829633334E-14,
1.));
#6725=DIRECTION('ref_axis',(-4.80740671595891E-16,1.,-2.06983829633334E-14));
#6726=DIRECTION('',(-1.23259319699839E-32,-1.,2.06983829633334E-14));
#6727=DIRECTION('center_axis',(1.,-1.70930016567429E-15,3.54238154653077E-29));
#6728=DIRECTION('ref_axis',(-1.48029736616688E-15,-0.866025403784426,0.500000000000021));
#6729=DIRECTION('center_axis',(-4.41392932414224E-15,0.327326835353969,
-0.944911182523075));
#6730=DIRECTION('ref_axis',(1.93816420900099E-15,0.944911182523075,0.327326835353969));
#6731=DIRECTION('center_axis',(-1.,2.2383360305728E-18,-1.56125112837909E-17));
#6732=DIRECTION('ref_axis',(0.,-0.866025403784448,-0.499999999999983));
#6733=DIRECTION('center_axis',(1.,0.,0.));
#6734=DIRECTION('ref_axis',(0.,-0.866025403784428,0.500000000000019));
#6735=DIRECTION('',(1.,-2.2383360305728E-18,1.56125112837909E-17));
#6736=DIRECTION('center_axis',(2.25239038571957E-15,0.32732683535397,-0.944911182523074));
#6737=DIRECTION('ref_axis',(0.,0.944911182523075,0.32732683535397));
#6738=DIRECTION('center_axis',(8.23168930520246E-25,0.500000000000017,0.866025403784429));
#6739=DIRECTION('ref_axis',(0.707106781186546,0.612372435695789,-0.353553390593286));
#6740=DIRECTION('',(8.23168930520246E-25,0.500000000000017,0.866025403784429));
#6741=DIRECTION('center_axis',(0.,0.50000000000002,0.866025403784427));
#6742=DIRECTION('ref_axis',(1.,0.,0.));
#6743=DIRECTION('',(-8.23168930520246E-25,-0.500000000000017,-0.866025403784429));
#6744=DIRECTION('center_axis',(-9.74471150657777E-18,-0.866025403784429,
0.500000000000017));
#6745=DIRECTION('ref_axis',(-2.95177362506088E-16,0.500000000000017,0.866025403784429));
#6746=DIRECTION('',(-1.09148435834351E-15,-0.500000000000017,-0.866025403784429));
#6747=DIRECTION('',(-1.,2.23833603057279E-18,-1.56125112837909E-17));
#6748=DIRECTION('center_axis',(-1.09148435834351E-15,-0.500000000000017,
-0.866025403784429));
#6749=DIRECTION('ref_axis',(-0.707106781186545,0.61237243569579,-0.353553390593286));
#6750=DIRECTION('center_axis',(0.,-0.500000000000005,-0.866025403784436));
#6751=DIRECTION('ref_axis',(-1.,0.,0.));
#6752=DIRECTION('center_axis',(1.,-1.23259516440784E-32,-9.5051360013242E-25));
#6753=DIRECTION('ref_axis',(0.,2.05267901441807E-14,1.));
#6754=DIRECTION('center_axis',(1.,-1.23259516440784E-32,-9.5051360013242E-25));
#6755=DIRECTION('ref_axis',(9.5051360013242E-25,2.368475785867E-14,1.));
#6756=DIRECTION('center_axis',(-1.,1.23259516440784E-32,9.5051360013242E-25));
#6757=DIRECTION('ref_axis',(0.,2.368475785867E-14,1.));
#6758=DIRECTION('center_axis',(0.,-0.499999999999984,0.866025403784448));
#6759=DIRECTION('ref_axis',(0.,-0.866025403784448,-0.499999999999985));
#6760=DIRECTION('center_axis',(-8.23168918194313E-25,0.499999999999983,
-0.866025403784448));
#6761=DIRECTION('ref_axis',(0.707106781186547,-0.612372435695798,-0.353553390593269));
#6762=DIRECTION('',(8.23168918194313E-25,-0.499999999999983,0.866025403784448));
#6763=DIRECTION('',(-8.23168918194313E-25,0.499999999999983,-0.866025403784448));
#6764=DIRECTION('center_axis',(-2.49973219682724E-17,0.866025403784429,
-0.500000000000017));
#6765=DIRECTION('ref_axis',(-8.23168613900493E-25,-0.500000000000017,-0.866025403784429));
#6766=DIRECTION('',(-8.23168930520247E-25,-0.500000000000017,-0.866025403784429));
#6767=DIRECTION('',(-8.23168930520247E-25,-0.500000000000017,-0.866025403784429));
#6768=DIRECTION('',(-1.,-6.83047368665796E-18,3.81639164714898E-17));
#6769=DIRECTION('',(2.96356843288881E-17,0.500000000000017,0.866025403784429));
#6770=DIRECTION('',(-1.,-6.83047368665796E-18,3.81639164714898E-17));
#6771=DIRECTION('center_axis',(1.,-1.23259516440784E-32,-9.5051360013242E-25));
#6772=DIRECTION('ref_axis',(1.23259516440784E-32,1.,-5.52202633654712E-30));
#6773=DIRECTION('',(8.23168918194313E-25,-0.499999999999983,0.866025403784448));
#6774=DIRECTION('center_axis',(1.,-1.23259516440784E-32,-9.5051360013242E-25));
#6775=DIRECTION('ref_axis',(1.23259516440784E-32,1.,-5.52202633654712E-30));
#6776=DIRECTION('',(1.23259335862178E-32,1.,-1.89980034097111E-14));
#6777=DIRECTION('',(8.23168918194313E-25,-0.499999999999983,0.866025403784448));
#6778=DIRECTION('center_axis',(-1.,0.,0.));
#6779=DIRECTION('ref_axis',(0.,0.,1.));
#6780=DIRECTION('center_axis',(0.,0.499999999999983,-0.866025403784448));
#6781=DIRECTION('ref_axis',(0.,-0.866025403784448,-0.499999999999983));
#6782=DIRECTION('center_axis',(1.,-3.41860033134867E-15,-5.92118946466741E-15));
#6783=DIRECTION('ref_axis',(0.,-0.866025403784428,0.500000000000018));
#6784=DIRECTION('center_axis',(2.74429601158534E-16,-0.499999999999983,
0.866025403784448));
#6785=DIRECTION('ref_axis',(-0.707106781186546,-0.612372435695799,-0.35355339059327));
#6786=DIRECTION('',(2.74429601158534E-16,-0.499999999999983,0.866025403784448));
#6787=DIRECTION('center_axis',(-1.,2.23833603057279E-18,-1.56125112837909E-17));
#6788=DIRECTION('ref_axis',(0.,2.22044604925031E-14,1.));
#6789=DIRECTION('',(1.,-2.23833603057279E-18,1.56125112837909E-17));
#6790=DIRECTION('center_axis',(-5.86779977721312E-18,0.866025403784448,
0.499999999999983));
#6791=DIRECTION('ref_axis',(5.51572387658154E-16,0.499999999999983,-0.866025403784448));
#6792=DIRECTION('center_axis',(-1.,-6.83047368665796E-18,3.81639164714898E-17));
#6793=DIRECTION('ref_axis',(-6.83047368665867E-18,1.,-1.84852133600089E-14));
#6794=DIRECTION('center_axis',(-1.,-8.04293009156906E-17,-1.74919960235461E-15));
#6795=DIRECTION('ref_axis',(-8.04293009156595E-17,1.,-1.84852133600089E-14));
#6796=DIRECTION('center_axis',(-1.,8.17054757184992E-16,7.88610792208358E-16));
#6797=DIRECTION('ref_axis',(7.89236831301479E-16,0.,1.));
#6798=DIRECTION('center_axis',(1.,-5.67080962315074E-16,-4.50552101796731E-16));
#6799=DIRECTION('ref_axis',(-5.87410611907983E-16,-0.998919124524688,-0.0464820681427871));
#6800=DIRECTION('center_axis',(-1.,0.,0.));
#6801=DIRECTION('ref_axis',(-3.80969778794501E-16,-0.997583531193267,0.069477322141624));
#6802=DIRECTION('center_axis',(1.,0.,-1.3211619928428E-15));
#6803=DIRECTION('ref_axis',(-1.32117647088535E-15,0.,-1.));
#6804=DIRECTION('center_axis',(1.,0.,-1.3211619928428E-15));
#6805=DIRECTION('ref_axis',(-2.55915398715988E-17,-0.999812374681261,-0.0193704784199343));
#6806=DIRECTION('center_axis',(-1.,0.,1.3211619928428E-15));
#6807=DIRECTION('ref_axis',(1.3211619928428E-15,0.,1.));
#6808=DIRECTION('',(8.27909169251783E-16,0.0492698201984135,0.998785504909646));
#6809=DIRECTION('',(-2.9087441448681E-16,2.30455627514043E-18,1.));
#6810=DIRECTION('',(1.31955744808893E-15,0.0492698201984135,0.998785504909646));
#6811=DIRECTION('',(1.15509276517456E-30,-1.,8.74300631892311E-16));
#6812=DIRECTION('center_axis',(-2.1570415377137E-32,1.,-2.30455627514043E-18));
#6813=DIRECTION('ref_axis',(-1.,-2.1570415377137E-32,2.61826080073767E-32));
#6814=DIRECTION('center_axis',(-2.1570415377137E-32,1.,-2.30455627514043E-18));
#6815=DIRECTION('ref_axis',(-8.30763673701946E-16,0.,-1.));
#6816=DIRECTION('',(1.,4.79541837255488E-48,2.20278237389298E-33));
#6817=DIRECTION('center_axis',(-8.27909169251783E-16,-0.0492698201984135,
-0.998785504909646));
#6818=DIRECTION('ref_axis',(-0.707106781186546,0.706248003472441,-0.0348390239701485));
#6819=DIRECTION('',(-8.27909169251783E-16,-0.0492698201984135,-0.998785504909646));
#6820=DIRECTION('center_axis',(-1.08530691497937E-34,-0.998785504909646,
0.0492698201984135));
#6821=DIRECTION('ref_axis',(2.20010710551467E-33,-0.0492698201984135,-0.998785504909646));
#6822=DIRECTION('',(-1.,-2.16590514551057E-33,-4.6109471207615E-32));
#6823=DIRECTION('center_axis',(1.,0.,0.));
#6824=DIRECTION('ref_axis',(-3.05496500385855E-25,0.792553107854774,-0.609802895393044));
#6825=DIRECTION('center_axis',(-1.,4.77401185145879E-17,4.59741602744295E-17));
#6826=DIRECTION('ref_axis',(0.,0.693658865115181,-0.720303671271443));
#6827=DIRECTION('center_axis',(2.49973219682725E-17,-0.866025403784429,
0.500000000000017));
#6828=DIRECTION('ref_axis',(8.23168610048633E-25,0.500000000000017,0.866025403784429));
#6829=DIRECTION('',(-1.,-6.83047368665796E-18,3.81639164714898E-17));
#6830=DIRECTION('',(-2.96356843288881E-17,-0.500000000000017,-0.866025403784429));
#6831=DIRECTION('',(-1.,-6.83047368665796E-18,3.81639164714898E-17));
#6832=DIRECTION('center_axis',(0.707106781186551,0.612372435695784,-0.353553390593284));
#6833=DIRECTION('ref_axis',(-0.447213595499966,0.,-0.894427190999912));
#6834=DIRECTION('',(0.447213595499957,-0.774596669241494,-0.447213595499941));
#6835=DIRECTION('',(-2.96356843288881E-17,-0.500000000000017,-0.866025403784429));
#6836=DIRECTION('',(0.447213595499958,1.53917117501331E-14,0.894427190999916));
#6837=DIRECTION('center_axis',(0.707106781186548,-0.612372435695787,0.353553390593285));
#6838=DIRECTION('ref_axis',(0.447213595499969,0.,-0.89442719099991));
#6839=DIRECTION('',(0.447213595499958,0.77459666924149,0.447213595499946));
#6840=DIRECTION('',(0.447213595499958,-1.6384725411432E-14,-0.894427190999916));
#6841=DIRECTION('center_axis',(-1.31665945032173E-17,-0.866025403784448,
-0.499999999999984));
#6842=DIRECTION('ref_axis',(8.23169216716566E-25,-0.499999999999983,0.866025403784448));
#6843=DIRECTION('',(-1.,-6.83047368665796E-18,3.81639164714898E-17));
#6844=DIRECTION('',(-3.64661580155468E-17,0.499999999999983,-0.866025403784448));
#6845=DIRECTION('center_axis',(0.707106781186546,0.612372435695803,0.353553390593263));
#6846=DIRECTION('ref_axis',(0.447213595499948,0.,-0.894427190999921));
#6847=DIRECTION('',(0.447213595499958,-0.774596669241475,0.447213595499972));
#6848=DIRECTION('',(3.64661580155468E-17,-0.499999999999983,0.866025403784448));
#6849=DIRECTION('center_axis',(0.707106781186546,-0.612372435695802,-0.353553390593263));
#6850=DIRECTION('ref_axis',(-0.447213595499948,0.,-0.894427190999921));
#6851=DIRECTION('',(0.447213595499957,0.774596669241475,-0.447213595499973));
#6852=DIRECTION('',(3.64661580155468E-17,-0.499999999999984,0.866025403784448));
#6853=DIRECTION('center_axis',(1.31665945032173E-17,0.866025403784448,0.499999999999985));
#6854=DIRECTION('ref_axis',(-8.23169217872124E-25,0.499999999999984,-0.866025403784448));
#6855=DIRECTION('',(-1.,-6.83047368665796E-18,3.81639164714898E-17));
#6856=DIRECTION('center_axis',(-1.,-5.0957502106809E-18,5.20417042793043E-17));
#6857=DIRECTION('ref_axis',(-5.09575021068191E-18,1.,-1.93527738099296E-14));
#6858=DIRECTION('center_axis',(-1.,-5.97038282760043E-31,9.5051355300708E-25));
#6859=DIRECTION('ref_axis',(-5.09575021068191E-18,1.,-1.93527738099296E-14));
#6860=DIRECTION('',(1.,5.0957502106809E-18,-5.20417042793043E-17));
#6861=DIRECTION('center_axis',(1.,0.,0.));
#6862=DIRECTION('ref_axis',(-2.31625009576483E-18,1.,-1.93527738099296E-14));
#6863=DIRECTION('center_axis',(1.,5.97038282760043E-31,-9.5051355300708E-25));
#6864=DIRECTION('ref_axis',(-5.97038282760043E-31,1.,-1.93527738099296E-14));
#6865=DIRECTION('center_axis',(3.81639164714897E-17,1.98333481975955E-14,
1.));
#6866=DIRECTION('ref_axis',(2.26649688780296E-16,-1.,1.98333481975955E-14));
#6867=DIRECTION('',(1.,6.83047368665796E-18,-3.81639164714898E-17));
#6868=DIRECTION('center_axis',(1.,6.83047368665796E-18,-3.81639164714898E-17));
#6869=DIRECTION('ref_axis',(-6.83047368665871E-18,1.,-1.95942626384668E-14));
#6870=DIRECTION('center_axis',(-1.,-5.97038282760043E-31,9.5051355300708E-25));
#6871=DIRECTION('ref_axis',(-6.83047368665871E-18,1.,-1.95942626384668E-14));
#6872=DIRECTION('center_axis',(1.,5.97038282760043E-31,-9.5051355300708E-25));
#6873=DIRECTION('ref_axis',(-5.97038282760043E-31,1.,-1.93527738099296E-14));
#6874=DIRECTION('center_axis',(0.707106781186549,1.35938457663328E-14,0.707106781186546));
#6875=DIRECTION('ref_axis',(0.707106781186546,0.,-0.707106781186549));
#6876=DIRECTION('',(-6.83047368665869E-18,1.,-1.89980034097111E-14));
#6877=DIRECTION('',(-6.8304736866587E-18,1.,-1.92177705738693E-14));
#6878=DIRECTION('center_axis',(-3.81639164714897E-17,-1.92177705738693E-14,
-1.));
#6879=DIRECTION('ref_axis',(6.06282746493102E-31,-1.,1.92177705738693E-14));
#6880=DIRECTION('center_axis',(0.707106781186549,-1.34287871657493E-14,
-0.707106781186546));
#6881=DIRECTION('ref_axis',(-0.707106781186546,0.,-0.707106781186549));
#6882=DIRECTION('',(6.83047368665869E-18,-1.,1.89980034097111E-14));
#6883=DIRECTION('center_axis',(3.81639164714897E-17,1.89980034097111E-14,
1.));
#6884=DIRECTION('ref_axis',(-6.06282746493102E-31,1.,-1.89980034097111E-14));
#6885=DIRECTION('center_axis',(1.,6.00119770671063E-31,-9.50513551684508E-25));
#6886=DIRECTION('ref_axis',(-6.00119770671063E-31,1.,-1.84852133600089E-14));
#6887=DIRECTION('center_axis',(-1.,2.00296714216273E-32,9.50513551684508E-25));
#6888=DIRECTION('ref_axis',(0.,0.,1.));
#6889=DIRECTION('center_axis',(1.,2.90045049624718E-31,-9.50513551684508E-25));
#6890=DIRECTION('ref_axis',(9.50513551684507E-25,0.,1.));
#6891=DIRECTION('center_axis',(-2.00296713017125E-32,-1.,1.26157823204239E-16));
#6892=DIRECTION('ref_axis',(0.,-1.26157823204239E-16,-1.));
#6893=DIRECTION('center_axis',(1.,6.00119770671063E-31,-9.50513551684508E-25));
#6894=DIRECTION('ref_axis',(-6.00119770671063E-31,1.,-1.84852133600089E-14));
#6895=DIRECTION('center_axis',(-1.,-6.83047368665929E-18,9.50513677947271E-25));
#6896=DIRECTION('ref_axis',(-6.83047599488882E-18,1.,-1.84852133600089E-14));
#6897=DIRECTION('center_axis',(-1.,-6.83047368665796E-18,3.81639164714898E-17));
#6898=DIRECTION('ref_axis',(-6.83047368665867E-18,1.,-1.84852133600089E-14));
#6899=DIRECTION('',(-1.,-6.83047368665796E-18,3.81639164714898E-17));
#6900=DIRECTION('center_axis',(4.6109471207615E-32,-8.74300631892311E-16,
-1.));
#6901=DIRECTION('ref_axis',(-2.00296714216273E-32,-1.,8.74300631892311E-16));
#6902=DIRECTION('center_axis',(1.,-1.23259516440784E-32,-9.5051360013242E-25));
#6903=DIRECTION('ref_axis',(0.,0.,-1.));
#6904=DIRECTION('axis',(0.,0.,1.));
#6905=DIRECTION('refdir',(1.,0.,0.));
#6906=DIRECTION('axis',(0.,0.,1.));
#6907=DIRECTION('refdir',(1.,0.,0.));
#6908=DIRECTION('center_axis',(0.,0.,-1.));
#6909=DIRECTION('ref_axis',(-1.,-1.257671212581E-16,0.));
#6910=DIRECTION('',(0.,0.,1.));
#6911=DIRECTION('center_axis',(0.,0.,-1.));
#6912=DIRECTION('ref_axis',(-1.,-1.257671212581E-16,0.));
#6913=DIRECTION('',(0.,0.,1.));
#6914=DIRECTION('center_axis',(0.,0.,-1.));
#6915=DIRECTION('ref_axis',(-1.,-1.257671212581E-16,0.));
#6916=DIRECTION('center_axis',(-1.,-2.696269675617E-16,0.));
#6917=DIRECTION('ref_axis',(-2.696269675617E-16,1.,0.));
#6918=DIRECTION('',(0.,0.,1.));
#6919=DIRECTION('',(-2.696269675617E-16,1.,0.));
#6920=DIRECTION('',(-2.696269675617E-16,1.,0.));
#6921=DIRECTION('center_axis',(2.960594732334E-16,1.,0.));
#6922=DIRECTION('ref_axis',(1.,-2.960594732334E-16,0.));
#6923=DIRECTION('',(1.,-2.960594732334E-16,0.));
#6924=DIRECTION('',(0.,0.,1.));
#6925=DIRECTION('',(1.,-2.960594732334E-16,0.));
#6926=DIRECTION('center_axis',(0.,0.,-1.));
#6927=DIRECTION('ref_axis',(-1.,0.,0.));
#6928=DIRECTION('center_axis',(0.,0.,-1.));
#6929=DIRECTION('ref_axis',(1.048948584734E-16,1.,0.));
#6930=DIRECTION('',(2.248552961266E-16,-1.,0.));
#6931=DIRECTION('center_axis',(0.,0.,-1.));
#6932=DIRECTION('ref_axis',(1.,4.825163489777E-15,0.));
#6933=DIRECTION('',(-1.,5.075303413816E-16,0.));
#6934=DIRECTION('',(-1.,0.,0.));
#6935=DIRECTION('center_axis',(0.,0.,-1.));
#6936=DIRECTION('ref_axis',(-2.01227394013E-15,-1.,0.));
#6937=DIRECTION('',(-2.3483044776E-16,1.,0.));
#6938=DIRECTION('center_axis',(0.,0.,-1.));
#6939=DIRECTION('ref_axis',(-0.999999999999949,-3.19991698787084E-7,0.));
#6940=DIRECTION('center_axis',(0.,0.,1.));
#6941=DIRECTION('ref_axis',(-0.283691491958123,-0.958915604936417,0.));
#6942=DIRECTION('center_axis',(0.,0.,-1.));
#6943=DIRECTION('ref_axis',(-1.110223024625E-16,-1.,0.));
#6944=DIRECTION('',(-1.,0.,0.));
#6945=DIRECTION('center_axis',(0.,0.,-1.));
#6946=DIRECTION('ref_axis',(1.110223024625E-16,1.,0.));
#6947=DIRECTION('',(1.,0.,0.));
#6948=DIRECTION('center_axis',(0.,0.,-1.));
#6949=DIRECTION('ref_axis',(1.,-2.22044604925E-16,0.));
#6950=DIRECTION('',(-1.110223024625E-16,-1.,0.));
#6951=DIRECTION('center_axis',(0.,0.,-1.));
#6952=DIRECTION('ref_axis',(-1.,2.22044604925E-16,0.));
#6953=DIRECTION('',(1.110223024625E-16,1.,0.));
#6954=DIRECTION('center_axis',(0.,0.,1.));
#6955=DIRECTION('ref_axis',(1.,0.,0.));
#6956=DIRECTION('center_axis',(0.,0.,1.));
#6957=DIRECTION('ref_axis',(1.,0.,0.));
#6958=DIRECTION('center_axis',(0.,0.,1.));
#6959=DIRECTION('ref_axis',(1.,0.,0.));
#6960=DIRECTION('center_axis',(0.,0.,1.));
#6961=DIRECTION('ref_axis',(1.,0.,0.));
#6962=DIRECTION('center_axis',(0.,0.,1.));
#6963=DIRECTION('ref_axis',(1.,0.,0.));
#6964=DIRECTION('center_axis',(0.,0.,1.));
#6965=DIRECTION('ref_axis',(1.,0.,0.));
#6966=DIRECTION('center_axis',(0.,0.,1.));
#6967=DIRECTION('ref_axis',(1.,0.,0.));
#6968=DIRECTION('center_axis',(0.,0.,1.));
#6969=DIRECTION('ref_axis',(1.,0.,0.));
#6970=DIRECTION('center_axis',(0.,0.,1.));
#6971=DIRECTION('ref_axis',(1.,0.,0.));
#6972=DIRECTION('center_axis',(0.,0.,1.));
#6973=DIRECTION('ref_axis',(1.,0.,0.));
#6974=DIRECTION('center_axis',(0.,0.,1.));
#6975=DIRECTION('ref_axis',(1.,0.,0.));
#6976=DIRECTION('center_axis',(0.,0.,1.));
#6977=DIRECTION('ref_axis',(1.,0.,0.));
#6978=DIRECTION('center_axis',(0.,0.,1.));
#6979=DIRECTION('ref_axis',(1.,0.,0.));
#6980=DIRECTION('center_axis',(0.,0.,1.));
#6981=DIRECTION('ref_axis',(1.,0.,0.));
#6982=DIRECTION('center_axis',(0.,0.,1.));
#6983=DIRECTION('ref_axis',(1.,0.,0.));
#6984=DIRECTION('center_axis',(0.,0.,1.));
#6985=DIRECTION('ref_axis',(1.,0.,0.));
#6986=DIRECTION('center_axis',(0.,0.,1.));
#6987=DIRECTION('ref_axis',(1.,0.,0.));
#6988=DIRECTION('center_axis',(0.,0.,1.));
#6989=DIRECTION('ref_axis',(1.,0.,0.));
#6990=DIRECTION('center_axis',(0.,0.,1.));
#6991=DIRECTION('ref_axis',(1.,0.,0.));
#6992=DIRECTION('center_axis',(0.,0.,1.));
#6993=DIRECTION('ref_axis',(1.,0.,0.));
#6994=DIRECTION('center_axis',(0.,0.,1.));
#6995=DIRECTION('ref_axis',(1.,0.,0.));
#6996=DIRECTION('center_axis',(0.,0.,1.));
#6997=DIRECTION('ref_axis',(1.,0.,0.));
#6998=DIRECTION('center_axis',(0.,0.,1.));
#6999=DIRECTION('ref_axis',(1.,0.,0.));
#7000=DIRECTION('center_axis',(0.,0.,1.));
#7001=DIRECTION('ref_axis',(1.,0.,0.));
#7002=DIRECTION('center_axis',(0.,0.,1.));
#7003=DIRECTION('ref_axis',(1.,0.,0.));
#7004=DIRECTION('center_axis',(0.,0.,1.));
#7005=DIRECTION('ref_axis',(1.,0.,0.));
#7006=DIRECTION('center_axis',(0.,0.,1.));
#7007=DIRECTION('ref_axis',(1.,0.,0.));
#7008=DIRECTION('center_axis',(0.,0.,1.));
#7009=DIRECTION('ref_axis',(1.,0.,0.));
#7010=DIRECTION('center_axis',(0.,0.,1.));
#7011=DIRECTION('ref_axis',(1.,0.,0.));
#7012=DIRECTION('center_axis',(0.,0.,1.));
#7013=DIRECTION('ref_axis',(1.,0.,0.));
#7014=DIRECTION('center_axis',(0.,0.,1.));
#7015=DIRECTION('ref_axis',(1.,0.,0.));
#7016=DIRECTION('center_axis',(0.,0.,1.));
#7017=DIRECTION('ref_axis',(1.,0.,0.));
#7018=DIRECTION('center_axis',(0.,0.,1.));
#7019=DIRECTION('ref_axis',(1.,0.,0.));
#7020=DIRECTION('center_axis',(0.,0.,1.));
#7021=DIRECTION('ref_axis',(1.,0.,0.));
#7022=DIRECTION('center_axis',(0.,0.,1.));
#7023=DIRECTION('ref_axis',(1.,0.,0.));
#7024=DIRECTION('center_axis',(0.,0.,1.));
#7025=DIRECTION('ref_axis',(1.,0.,0.));
#7026=DIRECTION('center_axis',(0.,0.,1.));
#7027=DIRECTION('ref_axis',(1.,0.,0.));
#7028=DIRECTION('center_axis',(0.,0.,1.));
#7029=DIRECTION('ref_axis',(1.,0.,0.));
#7030=DIRECTION('center_axis',(0.,0.,1.));
#7031=DIRECTION('ref_axis',(1.,0.,0.));
#7032=DIRECTION('center_axis',(0.,0.,1.));
#7033=DIRECTION('ref_axis',(1.,0.,0.));
#7034=DIRECTION('center_axis',(0.,0.,1.));
#7035=DIRECTION('ref_axis',(1.,0.,0.));
#7036=DIRECTION('center_axis',(0.,0.,1.));
#7037=DIRECTION('ref_axis',(1.,0.,0.));
#7038=DIRECTION('center_axis',(0.,0.,1.));
#7039=DIRECTION('ref_axis',(1.,0.,0.));
#7040=DIRECTION('center_axis',(0.,0.,1.));
#7041=DIRECTION('ref_axis',(1.,0.,0.));
#7042=DIRECTION('center_axis',(0.,0.,1.));
#7043=DIRECTION('ref_axis',(1.,0.,0.));
#7044=DIRECTION('center_axis',(0.,0.,1.));
#7045=DIRECTION('ref_axis',(1.,0.,0.));
#7046=DIRECTION('center_axis',(0.,0.,1.));
#7047=DIRECTION('ref_axis',(1.,0.,0.));
#7048=DIRECTION('center_axis',(0.,0.,1.));
#7049=DIRECTION('ref_axis',(1.,0.,0.));
#7050=DIRECTION('center_axis',(0.,0.,1.));
#7051=DIRECTION('ref_axis',(1.,0.,0.));
#7052=DIRECTION('center_axis',(0.,0.,1.));
#7053=DIRECTION('ref_axis',(1.,0.,0.));
#7054=DIRECTION('center_axis',(0.,0.,1.));
#7055=DIRECTION('ref_axis',(1.,0.,0.));
#7056=DIRECTION('center_axis',(0.,0.,1.));
#7057=DIRECTION('ref_axis',(1.,0.,0.));
#7058=DIRECTION('center_axis',(0.,0.,1.));
#7059=DIRECTION('ref_axis',(1.,0.,0.));
#7060=DIRECTION('center_axis',(0.,0.,1.));
#7061=DIRECTION('ref_axis',(1.,0.,0.));
#7062=DIRECTION('center_axis',(0.,0.,1.));
#7063=DIRECTION('ref_axis',(1.,0.,0.));
#7064=DIRECTION('center_axis',(0.,0.,1.));
#7065=DIRECTION('ref_axis',(1.,0.,0.));
#7066=DIRECTION('center_axis',(0.,0.,1.));
#7067=DIRECTION('ref_axis',(1.,0.,0.));
#7068=DIRECTION('center_axis',(0.,0.,1.));
#7069=DIRECTION('ref_axis',(1.,0.,0.));
#7070=DIRECTION('center_axis',(0.,0.,1.));
#7071=DIRECTION('ref_axis',(1.,0.,0.));
#7072=DIRECTION('center_axis',(0.,0.,1.));
#7073=DIRECTION('ref_axis',(1.,0.,0.));
#7074=DIRECTION('center_axis',(0.,0.,1.));
#7075=DIRECTION('ref_axis',(1.,0.,0.));
#7076=DIRECTION('center_axis',(0.,0.,1.));
#7077=DIRECTION('ref_axis',(1.,0.,0.));
#7078=DIRECTION('center_axis',(0.,0.,1.));
#7079=DIRECTION('ref_axis',(1.,0.,0.));
#7080=DIRECTION('center_axis',(0.,0.,1.));
#7081=DIRECTION('ref_axis',(1.,0.,0.));
#7082=DIRECTION('center_axis',(0.,0.,1.));
#7083=DIRECTION('ref_axis',(1.,0.,0.));
#7084=DIRECTION('center_axis',(0.,0.,1.));
#7085=DIRECTION('ref_axis',(1.,0.,0.));
#7086=DIRECTION('center_axis',(0.,0.,1.));
#7087=DIRECTION('ref_axis',(1.,0.,0.));
#7088=DIRECTION('center_axis',(0.,0.,1.));
#7089=DIRECTION('ref_axis',(1.,0.,0.));
#7090=DIRECTION('center_axis',(0.,0.,1.));
#7091=DIRECTION('ref_axis',(1.,0.,0.));
#7092=DIRECTION('center_axis',(0.,0.,1.));
#7093=DIRECTION('ref_axis',(1.,0.,0.));
#7094=DIRECTION('center_axis',(0.,0.,1.));
#7095=DIRECTION('ref_axis',(1.,0.,0.));
#7096=DIRECTION('center_axis',(0.,0.,1.));
#7097=DIRECTION('ref_axis',(1.,0.,0.));
#7098=DIRECTION('center_axis',(0.,0.,1.));
#7099=DIRECTION('ref_axis',(1.,0.,0.));
#7100=DIRECTION('center_axis',(0.,0.,1.));
#7101=DIRECTION('ref_axis',(1.,0.,0.));
#7102=DIRECTION('center_axis',(0.,0.,1.));
#7103=DIRECTION('ref_axis',(1.,0.,0.));
#7104=DIRECTION('center_axis',(0.,0.,1.));
#7105=DIRECTION('ref_axis',(1.,0.,0.));
#7106=DIRECTION('center_axis',(0.,0.,1.));
#7107=DIRECTION('ref_axis',(1.,0.,0.));
#7108=DIRECTION('center_axis',(0.,0.,1.));
#7109=DIRECTION('ref_axis',(1.,0.,0.));
#7110=DIRECTION('center_axis',(0.,0.,1.));
#7111=DIRECTION('ref_axis',(1.,0.,0.));
#7112=DIRECTION('center_axis',(0.,0.,1.));
#7113=DIRECTION('ref_axis',(1.,0.,0.));
#7114=DIRECTION('center_axis',(0.,0.,1.));
#7115=DIRECTION('ref_axis',(1.,0.,0.));
#7116=DIRECTION('center_axis',(0.,0.,1.));
#7117=DIRECTION('ref_axis',(1.,0.,0.));
#7118=DIRECTION('center_axis',(0.,0.,1.));
#7119=DIRECTION('ref_axis',(1.,0.,0.));
#7120=DIRECTION('center_axis',(0.,0.,1.));
#7121=DIRECTION('ref_axis',(1.,0.,0.));
#7122=DIRECTION('center_axis',(0.,0.,1.));
#7123=DIRECTION('ref_axis',(1.,0.,0.));
#7124=DIRECTION('center_axis',(0.,0.,1.));
#7125=DIRECTION('ref_axis',(1.,0.,0.));
#7126=DIRECTION('center_axis',(0.,0.,1.));
#7127=DIRECTION('ref_axis',(1.,0.,0.));
#7128=DIRECTION('center_axis',(0.,0.,1.));
#7129=DIRECTION('ref_axis',(1.,0.,0.));
#7130=DIRECTION('center_axis',(0.,0.,1.));
#7131=DIRECTION('ref_axis',(1.,0.,0.));
#7132=DIRECTION('center_axis',(0.,0.,1.));
#7133=DIRECTION('ref_axis',(1.,0.,0.));
#7134=DIRECTION('center_axis',(0.,0.,1.));
#7135=DIRECTION('ref_axis',(1.,0.,0.));
#7136=DIRECTION('center_axis',(0.,0.,1.));
#7137=DIRECTION('ref_axis',(1.,0.,0.));
#7138=DIRECTION('center_axis',(0.,0.,1.));
#7139=DIRECTION('ref_axis',(1.,0.,0.));
#7140=DIRECTION('center_axis',(0.,0.,1.));
#7141=DIRECTION('ref_axis',(1.,0.,0.));
#7142=DIRECTION('center_axis',(0.,0.,1.));
#7143=DIRECTION('ref_axis',(1.,0.,0.));
#7144=DIRECTION('center_axis',(0.,0.,1.));
#7145=DIRECTION('ref_axis',(1.,0.,0.));
#7146=DIRECTION('center_axis',(0.,0.,1.));
#7147=DIRECTION('ref_axis',(1.,0.,0.));
#7148=DIRECTION('center_axis',(0.,0.,1.));
#7149=DIRECTION('ref_axis',(1.,0.,0.));
#7150=DIRECTION('center_axis',(0.,0.,1.));
#7151=DIRECTION('ref_axis',(1.,0.,0.));
#7152=DIRECTION('center_axis',(0.,0.,1.));
#7153=DIRECTION('ref_axis',(1.,0.,0.));
#7154=DIRECTION('center_axis',(0.,0.,1.));
#7155=DIRECTION('ref_axis',(1.,0.,0.));
#7156=DIRECTION('center_axis',(0.,0.,1.));
#7157=DIRECTION('ref_axis',(1.,0.,0.));
#7158=DIRECTION('center_axis',(0.,0.,1.));
#7159=DIRECTION('ref_axis',(1.,0.,0.));
#7160=DIRECTION('center_axis',(0.,0.,1.));
#7161=DIRECTION('ref_axis',(1.,0.,0.));
#7162=DIRECTION('center_axis',(0.,0.,1.));
#7163=DIRECTION('ref_axis',(1.,0.,0.));
#7164=DIRECTION('center_axis',(0.,0.,1.));
#7165=DIRECTION('ref_axis',(1.,0.,0.));
#7166=DIRECTION('center_axis',(0.,0.,1.));
#7167=DIRECTION('ref_axis',(1.,0.,0.));
#7168=DIRECTION('center_axis',(0.,0.,1.));
#7169=DIRECTION('ref_axis',(1.,0.,0.));
#7170=DIRECTION('center_axis',(0.,0.,1.));
#7171=DIRECTION('ref_axis',(1.,0.,0.));
#7172=DIRECTION('center_axis',(0.,0.,1.));
#7173=DIRECTION('ref_axis',(1.,0.,0.));
#7174=DIRECTION('center_axis',(0.,0.,1.));
#7175=DIRECTION('ref_axis',(1.,0.,0.));
#7176=DIRECTION('center_axis',(0.,0.,1.));
#7177=DIRECTION('ref_axis',(1.,0.,0.));
#7178=DIRECTION('center_axis',(0.,0.,1.));
#7179=DIRECTION('ref_axis',(1.,0.,0.));
#7180=DIRECTION('center_axis',(0.,0.,1.));
#7181=DIRECTION('ref_axis',(1.,0.,0.));
#7182=DIRECTION('center_axis',(0.,0.,1.));
#7183=DIRECTION('ref_axis',(1.,0.,0.));
#7184=DIRECTION('center_axis',(0.,0.,1.));
#7185=DIRECTION('ref_axis',(1.,0.,0.));
#7186=DIRECTION('center_axis',(0.,0.,1.));
#7187=DIRECTION('ref_axis',(1.,0.,0.));
#7188=DIRECTION('center_axis',(0.,0.,1.));
#7189=DIRECTION('ref_axis',(1.,0.,0.));
#7190=DIRECTION('center_axis',(0.,0.,-1.));
#7191=DIRECTION('ref_axis',(-1.,0.,0.));
#7192=DIRECTION('center_axis',(0.,0.,1.));
#7193=DIRECTION('ref_axis',(-0.283691491958123,-0.958915604936417,0.));
#7194=DIRECTION('center_axis',(0.,0.,-1.));
#7195=DIRECTION('ref_axis',(-0.999999999999949,-3.19991698787084E-7,0.));
#7196=DIRECTION('',(-2.3483044776E-16,1.,0.));
#7197=DIRECTION('center_axis',(0.,0.,-1.));
#7198=DIRECTION('ref_axis',(-2.01227394013E-15,-1.,0.));
#7199=DIRECTION('',(-1.,0.,0.));
#7200=DIRECTION('',(-1.,5.075303413816E-16,0.));
#7201=DIRECTION('center_axis',(0.,0.,-1.));
#7202=DIRECTION('ref_axis',(1.,4.825163489777E-15,0.));
#7203=DIRECTION('',(2.248552961266E-16,-1.,0.));
#7204=DIRECTION('center_axis',(0.,0.,-1.));
#7205=DIRECTION('ref_axis',(1.048948584734E-16,1.,0.));
#7206=DIRECTION('center_axis',(0.,0.,-1.));
#7207=DIRECTION('ref_axis',(-1.110223024625E-16,-1.,0.));
#7208=DIRECTION('',(1.,0.,0.));
#7209=DIRECTION('center_axis',(0.,0.,-1.));
#7210=DIRECTION('ref_axis',(1.110223024625E-16,1.,0.));
#7211=DIRECTION('',(-1.,0.,0.));
#7212=DIRECTION('center_axis',(0.,0.,-1.));
#7213=DIRECTION('ref_axis',(1.,-2.22044604925E-16,0.));
#7214=DIRECTION('',(1.110223024625E-16,1.,0.));
#7215=DIRECTION('center_axis',(0.,0.,-1.));
#7216=DIRECTION('ref_axis',(-1.,2.22044604925E-16,0.));
#7217=DIRECTION('',(-1.110223024625E-16,-1.,0.));
#7218=DIRECTION('center_axis',(0.,0.,1.));
#7219=DIRECTION('ref_axis',(1.,0.,0.));
#7220=DIRECTION('center_axis',(0.,0.,1.));
#7221=DIRECTION('ref_axis',(1.,0.,0.));
#7222=DIRECTION('center_axis',(0.,0.,1.));
#7223=DIRECTION('ref_axis',(1.,0.,0.));
#7224=DIRECTION('center_axis',(0.,0.,1.));
#7225=DIRECTION('ref_axis',(1.,0.,0.));
#7226=DIRECTION('center_axis',(0.,0.,1.));
#7227=DIRECTION('ref_axis',(1.,0.,0.));
#7228=DIRECTION('center_axis',(0.,0.,1.));
#7229=DIRECTION('ref_axis',(1.,0.,0.));
#7230=DIRECTION('center_axis',(0.,0.,1.));
#7231=DIRECTION('ref_axis',(1.,0.,0.));
#7232=DIRECTION('center_axis',(0.,0.,1.));
#7233=DIRECTION('ref_axis',(1.,0.,0.));
#7234=DIRECTION('center_axis',(0.,0.,1.));
#7235=DIRECTION('ref_axis',(1.,0.,0.));
#7236=DIRECTION('center_axis',(0.,0.,1.));
#7237=DIRECTION('ref_axis',(1.,0.,0.));
#7238=DIRECTION('center_axis',(0.,0.,1.));
#7239=DIRECTION('ref_axis',(1.,0.,0.));
#7240=DIRECTION('center_axis',(0.,0.,1.));
#7241=DIRECTION('ref_axis',(1.,0.,0.));
#7242=DIRECTION('center_axis',(0.,0.,1.));
#7243=DIRECTION('ref_axis',(1.,0.,0.));
#7244=DIRECTION('center_axis',(0.,0.,1.));
#7245=DIRECTION('ref_axis',(1.,0.,0.));
#7246=DIRECTION('center_axis',(0.,0.,1.));
#7247=DIRECTION('ref_axis',(1.,0.,0.));
#7248=DIRECTION('center_axis',(0.,0.,1.));
#7249=DIRECTION('ref_axis',(1.,0.,0.));
#7250=DIRECTION('center_axis',(0.,0.,1.));
#7251=DIRECTION('ref_axis',(1.,0.,0.));
#7252=DIRECTION('center_axis',(0.,0.,1.));
#7253=DIRECTION('ref_axis',(1.,0.,0.));
#7254=DIRECTION('center_axis',(0.,0.,1.));
#7255=DIRECTION('ref_axis',(1.,0.,0.));
#7256=DIRECTION('center_axis',(0.,0.,1.));
#7257=DIRECTION('ref_axis',(1.,0.,0.));
#7258=DIRECTION('center_axis',(0.,0.,1.));
#7259=DIRECTION('ref_axis',(1.,0.,0.));
#7260=DIRECTION('center_axis',(0.,0.,1.));
#7261=DIRECTION('ref_axis',(1.,0.,0.));
#7262=DIRECTION('center_axis',(0.,0.,1.));
#7263=DIRECTION('ref_axis',(1.,0.,0.));
#7264=DIRECTION('center_axis',(0.,0.,1.));
#7265=DIRECTION('ref_axis',(1.,0.,0.));
#7266=DIRECTION('center_axis',(0.,0.,1.));
#7267=DIRECTION('ref_axis',(1.,0.,0.));
#7268=DIRECTION('center_axis',(0.,0.,1.));
#7269=DIRECTION('ref_axis',(1.,0.,0.));
#7270=DIRECTION('center_axis',(0.,0.,1.));
#7271=DIRECTION('ref_axis',(1.,0.,0.));
#7272=DIRECTION('center_axis',(0.,0.,1.));
#7273=DIRECTION('ref_axis',(1.,0.,0.));
#7274=DIRECTION('center_axis',(0.,0.,1.));
#7275=DIRECTION('ref_axis',(1.,0.,0.));
#7276=DIRECTION('center_axis',(0.,0.,1.));
#7277=DIRECTION('ref_axis',(1.,0.,0.));
#7278=DIRECTION('center_axis',(0.,0.,1.));
#7279=DIRECTION('ref_axis',(1.,0.,0.));
#7280=DIRECTION('center_axis',(0.,0.,1.));
#7281=DIRECTION('ref_axis',(1.,0.,0.));
#7282=DIRECTION('center_axis',(0.,0.,1.));
#7283=DIRECTION('ref_axis',(1.,0.,0.));
#7284=DIRECTION('center_axis',(0.,0.,1.));
#7285=DIRECTION('ref_axis',(1.,0.,0.));
#7286=DIRECTION('center_axis',(0.,0.,1.));
#7287=DIRECTION('ref_axis',(1.,0.,0.));
#7288=DIRECTION('center_axis',(0.,0.,1.));
#7289=DIRECTION('ref_axis',(1.,0.,0.));
#7290=DIRECTION('center_axis',(0.,0.,1.));
#7291=DIRECTION('ref_axis',(1.,0.,0.));
#7292=DIRECTION('center_axis',(0.,0.,1.));
#7293=DIRECTION('ref_axis',(1.,0.,0.));
#7294=DIRECTION('center_axis',(0.,0.,1.));
#7295=DIRECTION('ref_axis',(1.,0.,0.));
#7296=DIRECTION('center_axis',(0.,0.,1.));
#7297=DIRECTION('ref_axis',(1.,0.,0.));
#7298=DIRECTION('center_axis',(0.,0.,1.));
#7299=DIRECTION('ref_axis',(1.,0.,0.));
#7300=DIRECTION('center_axis',(0.,0.,1.));
#7301=DIRECTION('ref_axis',(1.,0.,0.));
#7302=DIRECTION('center_axis',(0.,0.,1.));
#7303=DIRECTION('ref_axis',(1.,0.,0.));
#7304=DIRECTION('center_axis',(0.,0.,1.));
#7305=DIRECTION('ref_axis',(1.,0.,0.));
#7306=DIRECTION('center_axis',(0.,0.,1.));
#7307=DIRECTION('ref_axis',(1.,0.,0.));
#7308=DIRECTION('center_axis',(0.,0.,1.));
#7309=DIRECTION('ref_axis',(1.,0.,0.));
#7310=DIRECTION('center_axis',(0.,0.,1.));
#7311=DIRECTION('ref_axis',(1.,0.,0.));
#7312=DIRECTION('center_axis',(0.,0.,1.));
#7313=DIRECTION('ref_axis',(1.,0.,0.));
#7314=DIRECTION('center_axis',(0.,0.,1.));
#7315=DIRECTION('ref_axis',(1.,0.,0.));
#7316=DIRECTION('center_axis',(0.,0.,1.));
#7317=DIRECTION('ref_axis',(1.,0.,0.));
#7318=DIRECTION('center_axis',(0.,0.,1.));
#7319=DIRECTION('ref_axis',(1.,0.,0.));
#7320=DIRECTION('center_axis',(0.,0.,1.));
#7321=DIRECTION('ref_axis',(1.,0.,0.));
#7322=DIRECTION('center_axis',(0.,0.,1.));
#7323=DIRECTION('ref_axis',(1.,0.,0.));
#7324=DIRECTION('center_axis',(0.,0.,1.));
#7325=DIRECTION('ref_axis',(1.,0.,0.));
#7326=DIRECTION('center_axis',(0.,0.,1.));
#7327=DIRECTION('ref_axis',(1.,0.,0.));
#7328=DIRECTION('center_axis',(0.,0.,1.));
#7329=DIRECTION('ref_axis',(1.,0.,0.));
#7330=DIRECTION('center_axis',(0.,0.,1.));
#7331=DIRECTION('ref_axis',(1.,0.,0.));
#7332=DIRECTION('center_axis',(0.,0.,1.));
#7333=DIRECTION('ref_axis',(1.,0.,0.));
#7334=DIRECTION('center_axis',(0.,0.,1.));
#7335=DIRECTION('ref_axis',(1.,0.,0.));
#7336=DIRECTION('center_axis',(0.,0.,1.));
#7337=DIRECTION('ref_axis',(1.,0.,0.));
#7338=DIRECTION('center_axis',(0.,0.,1.));
#7339=DIRECTION('ref_axis',(1.,0.,0.));
#7340=DIRECTION('center_axis',(0.,0.,1.));
#7341=DIRECTION('ref_axis',(1.,0.,0.));
#7342=DIRECTION('center_axis',(0.,0.,1.));
#7343=DIRECTION('ref_axis',(1.,0.,0.));
#7344=DIRECTION('center_axis',(0.,0.,1.));
#7345=DIRECTION('ref_axis',(1.,0.,0.));
#7346=DIRECTION('center_axis',(0.,0.,1.));
#7347=DIRECTION('ref_axis',(1.,0.,0.));
#7348=DIRECTION('center_axis',(0.,0.,1.));
#7349=DIRECTION('ref_axis',(1.,0.,0.));
#7350=DIRECTION('center_axis',(0.,0.,1.));
#7351=DIRECTION('ref_axis',(1.,0.,0.));
#7352=DIRECTION('center_axis',(0.,0.,1.));
#7353=DIRECTION('ref_axis',(1.,0.,0.));
#7354=DIRECTION('center_axis',(0.,0.,1.));
#7355=DIRECTION('ref_axis',(1.,0.,0.));
#7356=DIRECTION('center_axis',(0.,0.,1.));
#7357=DIRECTION('ref_axis',(1.,0.,0.));
#7358=DIRECTION('center_axis',(0.,0.,1.));
#7359=DIRECTION('ref_axis',(1.,0.,0.));
#7360=DIRECTION('center_axis',(0.,0.,1.));
#7361=DIRECTION('ref_axis',(1.,0.,0.));
#7362=DIRECTION('center_axis',(0.,0.,1.));
#7363=DIRECTION('ref_axis',(1.,0.,0.));
#7364=DIRECTION('center_axis',(0.,0.,1.));
#7365=DIRECTION('ref_axis',(1.,0.,0.));
#7366=DIRECTION('center_axis',(0.,0.,1.));
#7367=DIRECTION('ref_axis',(1.,0.,0.));
#7368=DIRECTION('center_axis',(0.,0.,1.));
#7369=DIRECTION('ref_axis',(1.,0.,0.));
#7370=DIRECTION('center_axis',(0.,0.,1.));
#7371=DIRECTION('ref_axis',(1.,0.,0.));
#7372=DIRECTION('center_axis',(0.,0.,1.));
#7373=DIRECTION('ref_axis',(1.,0.,0.));
#7374=DIRECTION('center_axis',(0.,0.,1.));
#7375=DIRECTION('ref_axis',(1.,0.,0.));
#7376=DIRECTION('center_axis',(0.,0.,1.));
#7377=DIRECTION('ref_axis',(1.,0.,0.));
#7378=DIRECTION('center_axis',(0.,0.,1.));
#7379=DIRECTION('ref_axis',(1.,0.,0.));
#7380=DIRECTION('center_axis',(0.,0.,1.));
#7381=DIRECTION('ref_axis',(1.,0.,0.));
#7382=DIRECTION('center_axis',(0.,0.,1.));
#7383=DIRECTION('ref_axis',(1.,0.,0.));
#7384=DIRECTION('center_axis',(0.,0.,1.));
#7385=DIRECTION('ref_axis',(1.,0.,0.));
#7386=DIRECTION('center_axis',(0.,0.,1.));
#7387=DIRECTION('ref_axis',(1.,0.,0.));
#7388=DIRECTION('center_axis',(0.,0.,1.));
#7389=DIRECTION('ref_axis',(1.,0.,0.));
#7390=DIRECTION('center_axis',(0.,0.,1.));
#7391=DIRECTION('ref_axis',(1.,0.,0.));
#7392=DIRECTION('center_axis',(0.,0.,1.));
#7393=DIRECTION('ref_axis',(1.,0.,0.));
#7394=DIRECTION('center_axis',(0.,0.,1.));
#7395=DIRECTION('ref_axis',(1.,0.,0.));
#7396=DIRECTION('center_axis',(0.,0.,1.));
#7397=DIRECTION('ref_axis',(1.,0.,0.));
#7398=DIRECTION('center_axis',(0.,0.,1.));
#7399=DIRECTION('ref_axis',(1.,0.,0.));
#7400=DIRECTION('center_axis',(0.,0.,1.));
#7401=DIRECTION('ref_axis',(1.,0.,0.));
#7402=DIRECTION('center_axis',(0.,0.,1.));
#7403=DIRECTION('ref_axis',(1.,0.,0.));
#7404=DIRECTION('center_axis',(0.,0.,1.));
#7405=DIRECTION('ref_axis',(1.,0.,0.));
#7406=DIRECTION('center_axis',(0.,0.,1.));
#7407=DIRECTION('ref_axis',(1.,0.,0.));
#7408=DIRECTION('center_axis',(0.,0.,1.));
#7409=DIRECTION('ref_axis',(1.,0.,0.));
#7410=DIRECTION('center_axis',(0.,0.,1.));
#7411=DIRECTION('ref_axis',(1.,0.,0.));
#7412=DIRECTION('center_axis',(0.,0.,1.));
#7413=DIRECTION('ref_axis',(1.,0.,0.));
#7414=DIRECTION('center_axis',(0.,0.,1.));
#7415=DIRECTION('ref_axis',(1.,0.,0.));
#7416=DIRECTION('center_axis',(0.,0.,1.));
#7417=DIRECTION('ref_axis',(1.,0.,0.));
#7418=DIRECTION('center_axis',(0.,0.,1.));
#7419=DIRECTION('ref_axis',(1.,0.,0.));
#7420=DIRECTION('center_axis',(0.,0.,1.));
#7421=DIRECTION('ref_axis',(1.,0.,0.));
#7422=DIRECTION('center_axis',(0.,0.,1.));
#7423=DIRECTION('ref_axis',(1.,0.,0.));
#7424=DIRECTION('center_axis',(0.,0.,1.));
#7425=DIRECTION('ref_axis',(1.,0.,0.));
#7426=DIRECTION('center_axis',(0.,0.,1.));
#7427=DIRECTION('ref_axis',(1.,0.,0.));
#7428=DIRECTION('center_axis',(0.,0.,1.));
#7429=DIRECTION('ref_axis',(1.,0.,0.));
#7430=DIRECTION('center_axis',(0.,0.,1.));
#7431=DIRECTION('ref_axis',(1.,0.,0.));
#7432=DIRECTION('center_axis',(0.,0.,1.));
#7433=DIRECTION('ref_axis',(1.,0.,0.));
#7434=DIRECTION('center_axis',(0.,0.,1.));
#7435=DIRECTION('ref_axis',(1.,0.,0.));
#7436=DIRECTION('center_axis',(0.,0.,1.));
#7437=DIRECTION('ref_axis',(1.,0.,0.));
#7438=DIRECTION('center_axis',(0.,0.,1.));
#7439=DIRECTION('ref_axis',(1.,0.,0.));
#7440=DIRECTION('center_axis',(0.,0.,1.));
#7441=DIRECTION('ref_axis',(1.,0.,0.));
#7442=DIRECTION('center_axis',(0.,0.,1.));
#7443=DIRECTION('ref_axis',(1.,0.,0.));
#7444=DIRECTION('center_axis',(0.,0.,1.));
#7445=DIRECTION('ref_axis',(1.,0.,0.));
#7446=DIRECTION('center_axis',(0.,0.,1.));
#7447=DIRECTION('ref_axis',(1.,0.,0.));
#7448=DIRECTION('center_axis',(0.,0.,1.));
#7449=DIRECTION('ref_axis',(1.,0.,0.));
#7450=DIRECTION('center_axis',(0.,0.,1.));
#7451=DIRECTION('ref_axis',(1.,0.,0.));
#7452=DIRECTION('center_axis',(0.,0.,1.));
#7453=DIRECTION('ref_axis',(1.,0.,0.));
#7454=DIRECTION('center_axis',(0.,0.,-1.));
#7455=DIRECTION('ref_axis',(-0.283691491958123,-0.958915604936417,0.));
#7456=DIRECTION('',(0.,0.,1.));
#7457=DIRECTION('center_axis',(0.,0.,-1.));
#7458=DIRECTION('ref_axis',(1.048948584734E-16,1.,0.));
#7459=DIRECTION('',(0.,0.,1.));
#7460=DIRECTION('center_axis',(0.,0.,-1.));
#7461=DIRECTION('ref_axis',(-0.999999999999949,-3.19991698787084E-7,0.));
#7462=DIRECTION('',(0.,0.,1.));
#7463=DIRECTION('center_axis',(1.,2.248552961266E-16,0.));
#7464=DIRECTION('ref_axis',(2.248552961266E-16,-1.,0.));
#7465=DIRECTION('',(0.,0.,1.));
#7466=DIRECTION('center_axis',(-1.,-2.3483044776E-16,0.));
#7467=DIRECTION('ref_axis',(-2.3483044776E-16,1.,0.));
#7468=DIRECTION('',(0.,0.,1.));
#7469=DIRECTION('center_axis',(0.,0.,-1.));
#7470=DIRECTION('ref_axis',(1.,4.825163489777E-15,0.));
#7471=DIRECTION('',(0.,0.,1.));
#7472=DIRECTION('center_axis',(0.,0.,-1.));
#7473=DIRECTION('ref_axis',(-2.01227394013E-15,-1.,0.));
#7474=DIRECTION('',(0.,0.,1.));
#7475=DIRECTION('center_axis',(-5.075303413816E-16,-1.,0.));
#7476=DIRECTION('ref_axis',(-1.,5.075303413816E-16,0.));
#7477=DIRECTION('',(0.,0.,1.));
#7478=DIRECTION('center_axis',(0.,-1.,0.));
#7479=DIRECTION('ref_axis',(-1.,0.,0.));
#7480=DIRECTION('center_axis',(0.,0.,-1.));
#7481=DIRECTION('ref_axis',(-1.110223024625E-16,-1.,0.));
#7482=DIRECTION('',(0.,0.,1.));
#7483=DIRECTION('',(0.,0.,1.));
#7484=DIRECTION('center_axis',(0.,1.,0.));
#7485=DIRECTION('ref_axis',(1.,0.,0.));
#7486=DIRECTION('',(0.,0.,1.));
#7487=DIRECTION('center_axis',(0.,0.,-1.));
#7488=DIRECTION('ref_axis',(1.110223024625E-16,1.,0.));
#7489=DIRECTION('',(0.,0.,1.));
#7490=DIRECTION('center_axis',(0.,-1.,0.));
#7491=DIRECTION('ref_axis',(-1.,0.,0.));
#7492=DIRECTION('center_axis',(0.,0.,-1.));
#7493=DIRECTION('ref_axis',(1.,-2.22044604925E-16,0.));
#7494=DIRECTION('',(0.,0.,1.));
#7495=DIRECTION('',(0.,0.,1.));
#7496=DIRECTION('center_axis',(-1.,1.110223024625E-16,0.));
#7497=DIRECTION('ref_axis',(1.110223024625E-16,1.,0.));
#7498=DIRECTION('',(0.,0.,1.));
#7499=DIRECTION('center_axis',(0.,0.,-1.));
#7500=DIRECTION('ref_axis',(-1.,2.22044604925E-16,0.));
#7501=DIRECTION('',(0.,0.,1.));
#7502=DIRECTION('center_axis',(1.,-1.110223024625E-16,0.));
#7503=DIRECTION('ref_axis',(-1.110223024625E-16,-1.,0.));
#7504=DIRECTION('center_axis',(0.,0.,1.));
#7505=DIRECTION('ref_axis',(1.,0.,0.));
#7506=DIRECTION('',(0.,0.,1.));
#7507=DIRECTION('center_axis',(0.,0.,1.));
#7508=DIRECTION('ref_axis',(1.,0.,0.));
#7509=DIRECTION('',(0.,0.,1.));
#7510=DIRECTION('center_axis',(0.,0.,1.));
#7511=DIRECTION('ref_axis',(1.,0.,0.));
#7512=DIRECTION('',(0.,0.,1.));
#7513=DIRECTION('center_axis',(0.,0.,1.));
#7514=DIRECTION('ref_axis',(1.,0.,0.));
#7515=DIRECTION('',(0.,0.,1.));
#7516=DIRECTION('center_axis',(0.,0.,1.));
#7517=DIRECTION('ref_axis',(1.,0.,0.));
#7518=DIRECTION('',(0.,0.,1.));
#7519=DIRECTION('center_axis',(0.,0.,1.));
#7520=DIRECTION('ref_axis',(1.,0.,0.));
#7521=DIRECTION('',(0.,0.,1.));
#7522=DIRECTION('center_axis',(0.,0.,1.));
#7523=DIRECTION('ref_axis',(1.,0.,0.));
#7524=DIRECTION('',(0.,0.,1.));
#7525=DIRECTION('center_axis',(0.,0.,1.));
#7526=DIRECTION('ref_axis',(1.,0.,0.));
#7527=DIRECTION('',(0.,0.,1.));
#7528=DIRECTION('center_axis',(0.,0.,1.));
#7529=DIRECTION('ref_axis',(1.,0.,0.));
#7530=DIRECTION('',(0.,0.,1.));
#7531=DIRECTION('center_axis',(0.,0.,1.));
#7532=DIRECTION('ref_axis',(1.,0.,0.));
#7533=DIRECTION('',(0.,0.,1.));
#7534=DIRECTION('center_axis',(0.,0.,1.));
#7535=DIRECTION('ref_axis',(1.,0.,0.));
#7536=DIRECTION('',(0.,0.,1.));
#7537=DIRECTION('center_axis',(0.,0.,1.));
#7538=DIRECTION('ref_axis',(1.,0.,0.));
#7539=DIRECTION('',(0.,0.,1.));
#7540=DIRECTION('center_axis',(0.,0.,1.));
#7541=DIRECTION('ref_axis',(1.,0.,0.));
#7542=DIRECTION('',(0.,0.,1.));
#7543=DIRECTION('center_axis',(0.,0.,1.));
#7544=DIRECTION('ref_axis',(1.,0.,0.));
#7545=DIRECTION('',(0.,0.,1.));
#7546=DIRECTION('center_axis',(0.,0.,1.));
#7547=DIRECTION('ref_axis',(1.,0.,0.));
#7548=DIRECTION('',(0.,0.,1.));
#7549=DIRECTION('center_axis',(0.,0.,1.));
#7550=DIRECTION('ref_axis',(1.,0.,0.));
#7551=DIRECTION('',(0.,0.,1.));
#7552=DIRECTION('center_axis',(0.,0.,1.));
#7553=DIRECTION('ref_axis',(1.,0.,0.));
#7554=DIRECTION('',(0.,0.,1.));
#7555=DIRECTION('center_axis',(0.,0.,1.));
#7556=DIRECTION('ref_axis',(1.,0.,0.));
#7557=DIRECTION('',(0.,0.,1.));
#7558=DIRECTION('center_axis',(0.,0.,1.));
#7559=DIRECTION('ref_axis',(1.,0.,0.));
#7560=DIRECTION('',(0.,0.,1.));
#7561=DIRECTION('center_axis',(0.,0.,1.));
#7562=DIRECTION('ref_axis',(1.,0.,0.));
#7563=DIRECTION('',(0.,0.,1.));
#7564=DIRECTION('center_axis',(0.,0.,1.));
#7565=DIRECTION('ref_axis',(1.,0.,0.));
#7566=DIRECTION('',(0.,0.,1.));
#7567=DIRECTION('center_axis',(0.,0.,1.));
#7568=DIRECTION('ref_axis',(1.,0.,0.));
#7569=DIRECTION('',(0.,0.,1.));
#7570=DIRECTION('center_axis',(0.,0.,1.));
#7571=DIRECTION('ref_axis',(1.,0.,0.));
#7572=DIRECTION('',(0.,0.,1.));
#7573=DIRECTION('center_axis',(0.,0.,1.));
#7574=DIRECTION('ref_axis',(1.,0.,0.));
#7575=DIRECTION('',(0.,0.,1.));
#7576=DIRECTION('center_axis',(0.,0.,1.));
#7577=DIRECTION('ref_axis',(1.,0.,0.));
#7578=DIRECTION('',(0.,0.,1.));
#7579=DIRECTION('center_axis',(0.,0.,1.));
#7580=DIRECTION('ref_axis',(1.,0.,0.));
#7581=DIRECTION('',(0.,0.,1.));
#7582=DIRECTION('center_axis',(0.,0.,1.));
#7583=DIRECTION('ref_axis',(1.,0.,0.));
#7584=DIRECTION('',(0.,0.,1.));
#7585=DIRECTION('center_axis',(0.,0.,1.));
#7586=DIRECTION('ref_axis',(1.,0.,0.));
#7587=DIRECTION('',(0.,0.,1.));
#7588=DIRECTION('center_axis',(0.,0.,1.));
#7589=DIRECTION('ref_axis',(1.,0.,0.));
#7590=DIRECTION('',(0.,0.,1.));
#7591=DIRECTION('center_axis',(0.,0.,1.));
#7592=DIRECTION('ref_axis',(1.,0.,0.));
#7593=DIRECTION('',(0.,0.,1.));
#7594=DIRECTION('center_axis',(0.,0.,1.));
#7595=DIRECTION('ref_axis',(1.,0.,0.));
#7596=DIRECTION('',(0.,0.,1.));
#7597=DIRECTION('center_axis',(0.,0.,1.));
#7598=DIRECTION('ref_axis',(1.,0.,0.));
#7599=DIRECTION('',(0.,0.,1.));
#7600=DIRECTION('center_axis',(0.,0.,1.));
#7601=DIRECTION('ref_axis',(1.,0.,0.));
#7602=DIRECTION('',(0.,0.,1.));
#7603=DIRECTION('center_axis',(0.,0.,1.));
#7604=DIRECTION('ref_axis',(1.,0.,0.));
#7605=DIRECTION('',(0.,0.,1.));
#7606=DIRECTION('center_axis',(0.,0.,1.));
#7607=DIRECTION('ref_axis',(1.,0.,0.));
#7608=DIRECTION('',(0.,0.,1.));
#7609=DIRECTION('center_axis',(0.,0.,1.));
#7610=DIRECTION('ref_axis',(1.,0.,0.));
#7611=DIRECTION('',(0.,0.,1.));
#7612=DIRECTION('center_axis',(0.,0.,1.));
#7613=DIRECTION('ref_axis',(1.,0.,0.));
#7614=DIRECTION('',(0.,0.,1.));
#7615=DIRECTION('center_axis',(0.,0.,1.));
#7616=DIRECTION('ref_axis',(1.,0.,0.));
#7617=DIRECTION('',(0.,0.,1.));
#7618=DIRECTION('center_axis',(0.,0.,1.));
#7619=DIRECTION('ref_axis',(1.,0.,0.));
#7620=DIRECTION('',(0.,0.,1.));
#7621=DIRECTION('center_axis',(0.,0.,1.));
#7622=DIRECTION('ref_axis',(1.,0.,0.));
#7623=DIRECTION('',(0.,0.,1.));
#7624=DIRECTION('center_axis',(0.,0.,1.));
#7625=DIRECTION('ref_axis',(1.,0.,0.));
#7626=DIRECTION('',(0.,0.,1.));
#7627=DIRECTION('center_axis',(0.,0.,1.));
#7628=DIRECTION('ref_axis',(1.,0.,0.));
#7629=DIRECTION('',(0.,0.,1.));
#7630=DIRECTION('center_axis',(0.,0.,1.));
#7631=DIRECTION('ref_axis',(1.,0.,0.));
#7632=DIRECTION('',(0.,0.,1.));
#7633=DIRECTION('center_axis',(0.,0.,1.));
#7634=DIRECTION('ref_axis',(1.,0.,0.));
#7635=DIRECTION('',(0.,0.,1.));
#7636=DIRECTION('center_axis',(0.,0.,1.));
#7637=DIRECTION('ref_axis',(1.,0.,0.));
#7638=DIRECTION('',(0.,0.,1.));
#7639=DIRECTION('center_axis',(0.,0.,1.));
#7640=DIRECTION('ref_axis',(1.,0.,0.));
#7641=DIRECTION('',(0.,0.,1.));
#7642=DIRECTION('center_axis',(0.,0.,1.));
#7643=DIRECTION('ref_axis',(1.,0.,0.));
#7644=DIRECTION('',(0.,0.,1.));
#7645=DIRECTION('center_axis',(0.,0.,1.));
#7646=DIRECTION('ref_axis',(1.,0.,0.));
#7647=DIRECTION('',(0.,0.,1.));
#7648=DIRECTION('center_axis',(0.,0.,1.));
#7649=DIRECTION('ref_axis',(1.,0.,0.));
#7650=DIRECTION('',(0.,0.,1.));
#7651=DIRECTION('center_axis',(0.,0.,1.));
#7652=DIRECTION('ref_axis',(1.,0.,0.));
#7653=DIRECTION('',(0.,0.,1.));
#7654=DIRECTION('center_axis',(0.,0.,1.));
#7655=DIRECTION('ref_axis',(1.,0.,0.));
#7656=DIRECTION('',(0.,0.,1.));
#7657=DIRECTION('center_axis',(0.,0.,1.));
#7658=DIRECTION('ref_axis',(1.,0.,0.));
#7659=DIRECTION('',(0.,0.,1.));
#7660=DIRECTION('center_axis',(0.,0.,1.));
#7661=DIRECTION('ref_axis',(1.,0.,0.));
#7662=DIRECTION('',(0.,0.,1.));
#7663=DIRECTION('center_axis',(0.,0.,1.));
#7664=DIRECTION('ref_axis',(1.,0.,0.));
#7665=DIRECTION('',(0.,0.,1.));
#7666=DIRECTION('center_axis',(0.,0.,1.));
#7667=DIRECTION('ref_axis',(1.,0.,0.));
#7668=DIRECTION('',(0.,0.,1.));
#7669=DIRECTION('center_axis',(0.,0.,1.));
#7670=DIRECTION('ref_axis',(1.,0.,0.));
#7671=DIRECTION('',(0.,0.,1.));
#7672=DIRECTION('center_axis',(0.,0.,1.));
#7673=DIRECTION('ref_axis',(1.,0.,0.));
#7674=DIRECTION('',(0.,0.,1.));
#7675=DIRECTION('center_axis',(0.,0.,1.));
#7676=DIRECTION('ref_axis',(1.,0.,0.));
#7677=DIRECTION('',(0.,0.,1.));
#7678=DIRECTION('center_axis',(0.,0.,1.));
#7679=DIRECTION('ref_axis',(1.,0.,0.));
#7680=DIRECTION('',(0.,0.,1.));
#7681=DIRECTION('center_axis',(0.,0.,1.));
#7682=DIRECTION('ref_axis',(1.,0.,0.));
#7683=DIRECTION('',(0.,0.,1.));
#7684=DIRECTION('center_axis',(0.,0.,1.));
#7685=DIRECTION('ref_axis',(1.,0.,0.));
#7686=DIRECTION('',(0.,0.,1.));
#7687=DIRECTION('center_axis',(0.,0.,1.));
#7688=DIRECTION('ref_axis',(1.,0.,0.));
#7689=DIRECTION('',(0.,0.,1.));
#7690=DIRECTION('center_axis',(0.,0.,1.));
#7691=DIRECTION('ref_axis',(1.,0.,0.));
#7692=DIRECTION('',(0.,0.,1.));
#7693=DIRECTION('center_axis',(0.,0.,1.));
#7694=DIRECTION('ref_axis',(1.,0.,0.));
#7695=DIRECTION('',(0.,0.,1.));
#7696=DIRECTION('center_axis',(0.,0.,1.));
#7697=DIRECTION('ref_axis',(1.,0.,0.));
#7698=DIRECTION('',(0.,0.,1.));
#7699=DIRECTION('center_axis',(0.,0.,1.));
#7700=DIRECTION('ref_axis',(1.,0.,0.));
#7701=DIRECTION('',(0.,0.,1.));
#7702=DIRECTION('center_axis',(0.,0.,1.));
#7703=DIRECTION('ref_axis',(1.,0.,0.));
#7704=DIRECTION('',(0.,0.,1.));
#7705=DIRECTION('center_axis',(0.,0.,1.));
#7706=DIRECTION('ref_axis',(1.,0.,0.));
#7707=DIRECTION('',(0.,0.,1.));
#7708=DIRECTION('center_axis',(0.,0.,1.));
#7709=DIRECTION('ref_axis',(1.,0.,0.));
#7710=DIRECTION('',(0.,0.,1.));
#7711=DIRECTION('center_axis',(0.,0.,1.));
#7712=DIRECTION('ref_axis',(1.,0.,0.));
#7713=DIRECTION('',(0.,0.,1.));
#7714=DIRECTION('center_axis',(0.,0.,1.));
#7715=DIRECTION('ref_axis',(1.,0.,0.));
#7716=DIRECTION('',(0.,0.,1.));
#7717=DIRECTION('center_axis',(0.,0.,1.));
#7718=DIRECTION('ref_axis',(1.,0.,0.));
#7719=DIRECTION('',(0.,0.,1.));
#7720=DIRECTION('center_axis',(0.,0.,1.));
#7721=DIRECTION('ref_axis',(1.,0.,0.));
#7722=DIRECTION('',(0.,0.,1.));
#7723=DIRECTION('center_axis',(0.,0.,1.));
#7724=DIRECTION('ref_axis',(1.,0.,0.));
#7725=DIRECTION('',(0.,0.,1.));
#7726=DIRECTION('center_axis',(0.,0.,1.));
#7727=DIRECTION('ref_axis',(1.,0.,0.));
#7728=DIRECTION('',(0.,0.,1.));
#7729=DIRECTION('center_axis',(0.,0.,1.));
#7730=DIRECTION('ref_axis',(1.,0.,0.));
#7731=DIRECTION('',(0.,0.,1.));
#7732=DIRECTION('center_axis',(0.,0.,1.));
#7733=DIRECTION('ref_axis',(1.,0.,0.));
#7734=DIRECTION('',(0.,0.,1.));
#7735=DIRECTION('center_axis',(0.,0.,1.));
#7736=DIRECTION('ref_axis',(1.,0.,0.));
#7737=DIRECTION('',(0.,0.,1.));
#7738=DIRECTION('center_axis',(0.,0.,1.));
#7739=DIRECTION('ref_axis',(1.,0.,0.));
#7740=DIRECTION('',(0.,0.,1.));
#7741=DIRECTION('center_axis',(0.,0.,1.));
#7742=DIRECTION('ref_axis',(1.,0.,0.));
#7743=DIRECTION('',(0.,0.,1.));
#7744=DIRECTION('center_axis',(0.,0.,1.));
#7745=DIRECTION('ref_axis',(1.,0.,0.));
#7746=DIRECTION('',(0.,0.,1.));
#7747=DIRECTION('center_axis',(0.,0.,1.));
#7748=DIRECTION('ref_axis',(1.,0.,0.));
#7749=DIRECTION('',(0.,0.,1.));
#7750=DIRECTION('center_axis',(0.,0.,1.));
#7751=DIRECTION('ref_axis',(1.,0.,0.));
#7752=DIRECTION('',(0.,0.,1.));
#7753=DIRECTION('center_axis',(0.,0.,1.));
#7754=DIRECTION('ref_axis',(1.,0.,0.));
#7755=DIRECTION('',(0.,0.,1.));
#7756=DIRECTION('center_axis',(0.,0.,1.));
#7757=DIRECTION('ref_axis',(1.,0.,0.));
#7758=DIRECTION('',(0.,0.,1.));
#7759=DIRECTION('center_axis',(0.,0.,1.));
#7760=DIRECTION('ref_axis',(1.,0.,0.));
#7761=DIRECTION('',(0.,0.,1.));
#7762=DIRECTION('center_axis',(0.,0.,1.));
#7763=DIRECTION('ref_axis',(1.,0.,0.));
#7764=DIRECTION('',(0.,0.,1.));
#7765=DIRECTION('center_axis',(0.,0.,1.));
#7766=DIRECTION('ref_axis',(1.,0.,0.));
#7767=DIRECTION('',(0.,0.,1.));
#7768=DIRECTION('center_axis',(0.,0.,1.));
#7769=DIRECTION('ref_axis',(1.,0.,0.));
#7770=DIRECTION('',(0.,0.,1.));
#7771=DIRECTION('center_axis',(0.,0.,1.));
#7772=DIRECTION('ref_axis',(1.,0.,0.));
#7773=DIRECTION('',(0.,0.,1.));
#7774=DIRECTION('center_axis',(0.,0.,1.));
#7775=DIRECTION('ref_axis',(1.,0.,0.));
#7776=DIRECTION('',(0.,0.,1.));
#7777=DIRECTION('center_axis',(0.,0.,1.));
#7778=DIRECTION('ref_axis',(1.,0.,0.));
#7779=DIRECTION('',(0.,0.,1.));
#7780=DIRECTION('center_axis',(0.,0.,1.));
#7781=DIRECTION('ref_axis',(1.,0.,0.));
#7782=DIRECTION('',(0.,0.,1.));
#7783=DIRECTION('center_axis',(0.,0.,1.));
#7784=DIRECTION('ref_axis',(1.,0.,0.));
#7785=DIRECTION('',(0.,0.,1.));
#7786=DIRECTION('center_axis',(0.,0.,1.));
#7787=DIRECTION('ref_axis',(1.,0.,0.));
#7788=DIRECTION('',(0.,0.,1.));
#7789=DIRECTION('center_axis',(0.,0.,1.));
#7790=DIRECTION('ref_axis',(1.,0.,0.));
#7791=DIRECTION('',(0.,0.,1.));
#7792=DIRECTION('center_axis',(0.,0.,1.));
#7793=DIRECTION('ref_axis',(1.,0.,0.));
#7794=DIRECTION('',(0.,0.,1.));
#7795=DIRECTION('center_axis',(0.,0.,1.));
#7796=DIRECTION('ref_axis',(1.,0.,0.));
#7797=DIRECTION('',(0.,0.,1.));
#7798=DIRECTION('center_axis',(0.,0.,1.));
#7799=DIRECTION('ref_axis',(1.,0.,0.));
#7800=DIRECTION('',(0.,0.,1.));
#7801=DIRECTION('center_axis',(0.,0.,1.));
#7802=DIRECTION('ref_axis',(1.,0.,0.));
#7803=DIRECTION('',(0.,0.,1.));
#7804=DIRECTION('center_axis',(0.,0.,1.));
#7805=DIRECTION('ref_axis',(1.,0.,0.));
#7806=DIRECTION('',(0.,0.,1.));
#7807=DIRECTION('center_axis',(0.,0.,1.));
#7808=DIRECTION('ref_axis',(1.,0.,0.));
#7809=DIRECTION('',(0.,0.,1.));
#7810=DIRECTION('center_axis',(0.,0.,1.));
#7811=DIRECTION('ref_axis',(1.,0.,0.));
#7812=DIRECTION('',(0.,0.,1.));
#7813=DIRECTION('center_axis',(0.,0.,1.));
#7814=DIRECTION('ref_axis',(1.,0.,0.));
#7815=DIRECTION('',(0.,0.,1.));
#7816=DIRECTION('center_axis',(0.,0.,1.));
#7817=DIRECTION('ref_axis',(1.,0.,0.));
#7818=DIRECTION('',(0.,0.,1.));
#7819=DIRECTION('center_axis',(0.,0.,1.));
#7820=DIRECTION('ref_axis',(1.,0.,0.));
#7821=DIRECTION('',(0.,0.,1.));
#7822=DIRECTION('center_axis',(0.,0.,1.));
#7823=DIRECTION('ref_axis',(1.,0.,0.));
#7824=DIRECTION('',(0.,0.,1.));
#7825=DIRECTION('center_axis',(0.,0.,1.));
#7826=DIRECTION('ref_axis',(1.,0.,0.));
#7827=DIRECTION('',(0.,0.,1.));
#7828=DIRECTION('center_axis',(0.,0.,1.));
#7829=DIRECTION('ref_axis',(1.,0.,0.));
#7830=DIRECTION('',(0.,0.,1.));
#7831=DIRECTION('center_axis',(0.,0.,1.));
#7832=DIRECTION('ref_axis',(1.,0.,0.));
#7833=DIRECTION('',(0.,0.,1.));
#7834=DIRECTION('center_axis',(0.,0.,1.));
#7835=DIRECTION('ref_axis',(1.,0.,0.));
#7836=DIRECTION('',(0.,0.,1.));
#7837=DIRECTION('center_axis',(0.,0.,1.));
#7838=DIRECTION('ref_axis',(1.,0.,0.));
#7839=DIRECTION('',(0.,0.,1.));
#7840=DIRECTION('center_axis',(0.,0.,1.));
#7841=DIRECTION('ref_axis',(1.,0.,0.));
#7842=DIRECTION('',(0.,0.,1.));
#7843=DIRECTION('center_axis',(0.,0.,1.));
#7844=DIRECTION('ref_axis',(1.,0.,0.));
#7845=DIRECTION('',(0.,0.,1.));
#7846=DIRECTION('center_axis',(0.,0.,1.));
#7847=DIRECTION('ref_axis',(1.,0.,0.));
#7848=DIRECTION('',(0.,0.,1.));
#7849=DIRECTION('center_axis',(0.,0.,1.));
#7850=DIRECTION('ref_axis',(1.,0.,0.));
#7851=DIRECTION('',(0.,0.,1.));
#7852=DIRECTION('center_axis',(0.,0.,1.));
#7853=DIRECTION('ref_axis',(1.,0.,0.));
#7854=DIRECTION('',(0.,0.,1.));
#7855=DIRECTION('center_axis',(0.,0.,1.));
#7856=DIRECTION('ref_axis',(1.,0.,0.));
#7857=DIRECTION('',(0.,0.,1.));
#7858=DIRECTION('',(-3.60822483003176E-16,1.03176527586885E-15,1.));
#7859=DIRECTION('',(1.,-3.6797821734158E-15,-3.88578058618806E-16));
#7860=DIRECTION('',(-6.40112962635443E-16,1.,-3.45773756849077E-15));
#7861=DIRECTION('',(1.,-3.76434994286967E-16,8.1655114463048E-16));
#7862=DIRECTION('',(1.,2.22044604925031E-16,-2.22044604925031E-16));
#7863=DIRECTION('',(-3.19189119579732E-16,0.999999999999999,2.22044604925031E-16));
#7864=CARTESIAN_POINT('',(0.,0.,0.));
#7865=CARTESIAN_POINT('',(0.,0.,0.));
#7866=CARTESIAN_POINT('Origin',(-13.7044669019186,-59.7561491293561,85.9632547297372));
#7867=CARTESIAN_POINT('',(-15.2044669019187,-39.7057641230195,25.));
#7868=CARTESIAN_POINT('',(-12.2044669019185,-54.6607594647512,25.));
#7869=CARTESIAN_POINT('Ctrl Pts',(-15.2044669019187,-39.7057641230195,25.));
#7870=CARTESIAN_POINT('Ctrl Pts',(-12.8123689925819,-47.3622183008488,25.));
#7871=CARTESIAN_POINT('Ctrl Pts',(-12.2044669019185,-54.6607594647512,25.));
#7872=CARTESIAN_POINT('',(-12.2044669019185,-4.1615177039333,60.4344792058625));
#7873=CARTESIAN_POINT('Origin',(-12.2044669019185,-59.7561491293561,85.9632547297372));
#7874=CARTESIAN_POINT('',(-12.325787245478,-4.13152986035723,60.2097769681918));
#7875=CARTESIAN_POINT('Ctrl Pts',(-12.325787245478,-4.13152986035721,60.2097769681918));
#7876=CARTESIAN_POINT('Ctrl Pts',(-12.2852404313091,-4.14155211960659,60.2846375201287));
#7877=CARTESIAN_POINT('Ctrl Pts',(-12.2447998973047,-4.15154823027961,60.3595380867397));
#7878=CARTESIAN_POINT('Ctrl Pts',(-12.2044669019185,-4.16151770393324,60.4344792058625));
#7879=CARTESIAN_POINT('',(-15.2044669019186,-1.30998049130142,59.4569962673056));
#7880=CARTESIAN_POINT('Ctrl Pts',(-15.2044669019186,-1.30998049130125,59.456996267306));
#7881=CARTESIAN_POINT('Ctrl Pts',(-14.6972296979859,-1.80717370228014,59.5887888097141));
#7882=CARTESIAN_POINT('Ctrl Pts',(-14.1897160314744,-2.30462625650983,59.7210909604244));
#7883=CARTESIAN_POINT('Ctrl Pts',(-13.2299790728585,-3.24531406742343,59.9721470104302));
#7884=CARTESIAN_POINT('Ctrl Pts',(-12.777744604877,-3.68856278293457,60.0908097194164));
#7885=CARTESIAN_POINT('Ctrl Pts',(-12.3257872454779,-4.1315298603572,60.2097769681918));
#7886=CARTESIAN_POINT('Origin',(-15.2044669019187,-59.7561491293561,85.9632547297372));
#7887=CARTESIAN_POINT('Origin',(23.7955328530567,29.5783972702733,25.));
#7888=CARTESIAN_POINT('',(-15.2044669019187,25.0782958800418,25.));
#7889=CARTESIAN_POINT('',(-15.2044669019187,0.857617226312802,25.));
#7890=CARTESIAN_POINT('',(-14.1793406360727,27.5810942906697,25.));
#7891=CARTESIAN_POINT('Ctrl Pts',(-14.1793406360727,27.5810942906698,25.));
#7892=CARTESIAN_POINT('Ctrl Pts',(-14.4846456193982,27.2723319333313,25.));
#7893=CARTESIAN_POINT('Ctrl Pts',(-14.7709362695034,26.8388818039908,25.));
#7894=CARTESIAN_POINT('Ctrl Pts',(-15.1026517833459,26.0327754469422,25.));
#7895=CARTESIAN_POINT('Ctrl Pts',(-15.2044669019192,25.5166715946557,25.));
#7896=CARTESIAN_POINT('Ctrl Pts',(-15.2044669019192,25.0782958800418,25.));
#7897=CARTESIAN_POINT('',(-12.2044669019193,29.5783972702735,25.));
#7898=CARTESIAN_POINT('Ctrl Pts',(-12.2044669019193,29.5783972702735,25.));
#7899=CARTESIAN_POINT('Ctrl Pts',(-13.1904599965306,28.58117333971,25.));
#7900=CARTESIAN_POINT('Ctrl Pts',(-14.1793406360727,27.5810942906697,25.));
#7901=CARTESIAN_POINT('',(19.795532807693,29.5783972702735,25.));
#7902=CARTESIAN_POINT('',(23.7955328530493,29.5783972702735,25.));
#7903=CARTESIAN_POINT('',(22.6239599324392,26.7178870957221,25.));
#7904=CARTESIAN_POINT('Ctrl Pts',(22.6239599324392,26.717887095722,25.));
#7905=CARTESIAN_POINT('Ctrl Pts',(21.2067867932486,28.1510685656497,25.));
#7906=CARTESIAN_POINT('Ctrl Pts',(19.795532807693,29.5783972702735,25.));
#7907=CARTESIAN_POINT('',(23.795532807693,23.8576423144495,25.));
#7908=CARTESIAN_POINT('Ctrl Pts',(23.7955328076929,23.8576423144495,25.));
#7909=CARTESIAN_POINT('Ctrl Pts',(23.7955328076929,24.124176486257,25.));
#7910=CARTESIAN_POINT('Ctrl Pts',(23.7694795982905,24.3907033805122,25.));
#7911=CARTESIAN_POINT('Ctrl Pts',(23.6146259713031,25.1712256858353,25.));
#7912=CARTESIAN_POINT('Ctrl Pts',(23.4123528388639,25.6646423664388,25.));
#7913=CARTESIAN_POINT('Ctrl Pts',(23.1212317043598,26.1051717144724,25.));
#7914=CARTESIAN_POINT('Ctrl Pts',(22.9718975347478,26.3311466664128,25.));
#7915=CARTESIAN_POINT('Ctrl Pts',(22.7986032746058,26.5412709893919,25.));
#7916=CARTESIAN_POINT('Ctrl Pts',(22.6239599324392,26.717887095722,25.));
#7917=CARTESIAN_POINT('',(23.795532807693,-25.6961338310952,25.0000011455156));
#7918=CARTESIAN_POINT('',(23.795532807693,-19.1048324927666,25.0000011455157));
#7919=CARTESIAN_POINT('',(22.6239599334273,-31.9523479427503,25.0000011455157));
#7920=CARTESIAN_POINT('Ctrl Pts',(22.6239599334273,-31.9523479427503,25.0000011455157));
#7921=CARTESIAN_POINT('Ctrl Pts',(22.9527927208281,-31.1598953395413,25.0000011455157));
#7922=CARTESIAN_POINT('Ctrl Pts',(23.208045691137,-30.3016584594245,25.0000011455157));
#7923=CARTESIAN_POINT('Ctrl Pts',(23.6668532670009,-28.1712420257407,25.0000011455157));
#7924=CARTESIAN_POINT('Ctrl Pts',(23.795532807693,-26.8804214941559,25.0000011455157));
#7925=CARTESIAN_POINT('Ctrl Pts',(23.795532807693,-25.696133831095,25.0000011455157));
#7926=CARTESIAN_POINT('',(16.7955328125842,-54.6607457593681,25.0000011455156));
#7927=CARTESIAN_POINT('Ctrl Pts',(16.7955328125842,-54.6607457593681,25.0000011455156));
#7928=CARTESIAN_POINT('Ctrl Pts',(17.6982350995707,-43.8228292841498,25.0000011455156));
#7929=CARTESIAN_POINT('Ctrl Pts',(22.6239599334273,-31.9523479427503,25.0000011455157));
#7930=CARTESIAN_POINT('',(-11.2044669019186,-54.6607457593697,25.0000011455155));
#7931=CARTESIAN_POINT('',(23.7955329444861,-54.6607457593677,25.0000011455157));
#7932=CARTESIAN_POINT('',(23.7955329444861,-54.6607594647512,25.));
#7933=CARTESIAN_POINT('Origin',(-15.2044669019186,-27.8631628176478,168.800644457595));
#7934=CARTESIAN_POINT('',(-15.2044669019186,-2.06022213982591,136.755782589068));
#7935=CARTESIAN_POINT('Origin',(-15.2044669019186,-378.691327406058,94.4472663549105));
#7936=CARTESIAN_POINT('',(-15.2044669019186,-15.4758419844014,148.748751008168));
#7937=CARTESIAN_POINT('Origin',(-15.2044669019186,-15.4758419844015,135.248751008168));
#7938=CARTESIAN_POINT('',(-15.2044669019186,-35.1232578833626,148.748751008168));
#7939=CARTESIAN_POINT('',(-15.2044669019186,-31.4932103505053,148.748751008168));
#7940=CARTESIAN_POINT('',(-15.2044669019186,-45.1105578579627,158.736050982768));
#7941=CARTESIAN_POINT('Origin',(-15.2044669019186,-35.1232578833627,158.736050982768));
#7942=CARTESIAN_POINT('',(-15.2044669019186,-45.1105578579626,182.736050982768));
#7943=CARTESIAN_POINT('',(-15.2044669019186,-45.1105578579627,175.338711828908));
#7944=CARTESIAN_POINT('',(-15.2044669019186,-39.1232578833624,188.723350957368));
#7945=CARTESIAN_POINT('Origin',(-15.2044669019186,-39.1232578833626,182.736050982768));
#7946=CARTESIAN_POINT('',(-15.2044669019185,5.52283378339788,188.723350957368));
#7947=CARTESIAN_POINT('',(-15.2044669019186,-33.4932103505052,188.723350957368));
#7948=CARTESIAN_POINT('',(-15.2044669019185,10.6798499524901,188.723350957368));
#7949=CARTESIAN_POINT('',(-15.2044669019186,-8.59165643257881,188.723350957368));
#7950=CARTESIAN_POINT('',(-15.2044669019185,18.6392981311024,170.350801993581));
#7951=CARTESIAN_POINT('',(-15.2044669019185,11.1711471498646,187.589304775776));
#7952=CARTESIAN_POINT('Origin',(-15.204466901918,711.585772801984,128.230103025418));
#7953=CARTESIAN_POINT('',(-15.2044669019187,3.77666858072481,34.300300440325));
#7954=CARTESIAN_POINT('',(-15.2044669019187,12.8064079952357,34.3003004403248));
#7955=CARTESIAN_POINT('',(-15.2044669019187,-6.46139011309964,34.3003004403252));
#7956=CARTESIAN_POINT('',(-15.2044669019187,15.8064079952357,35.8003004403247));
#7957=CARTESIAN_POINT('Ctrl Pts',(-15.2044669019187,15.806407995236,35.8003004403243));
#7958=CARTESIAN_POINT('Ctrl Pts',(-15.2044669019187,15.804956875834,35.7991764080689));
#7959=CARTESIAN_POINT('Ctrl Pts',(-15.2044669019187,15.8035062678017,35.7980527719184));
#7960=CARTESIAN_POINT('Ctrl Pts',(-15.2044669019187,15.4448635314431,35.5202499766647));
#7961=CARTESIAN_POINT('Ctrl Pts',(-15.2044669019187,15.0753378536287,35.2341596535534));
#7962=CARTESIAN_POINT('Ctrl Pts',(-15.2044669019187,14.3806927566007,34.7784003138327));
#7963=CARTESIAN_POINT('Ctrl Pts',(-15.2044669019186,14.0253552692092,34.5798853467856));
#7964=CARTESIAN_POINT('Ctrl Pts',(-15.2044669019186,13.3268006707519,34.3396810164688));
#7965=CARTESIAN_POINT('Ctrl Pts',(-15.2044669019187,13.0486045656265,34.3003004403248));
#7966=CARTESIAN_POINT('Ctrl Pts',(-15.2044669019187,12.8064079952357,34.3003004403248));
#7967=CARTESIAN_POINT('',(-15.2044669019186,10.8896144993338,44.3164365855515));
#7968=CARTESIAN_POINT('',(-15.2044669019186,-21.5556233149194,100.513236943495));
#7969=CARTESIAN_POINT('',(-15.2044669019187,5.69346207662711,44.3164365855516));
#7970=CARTESIAN_POINT('Origin',(-15.2044669019187,8.29153828798039,42.8164365855515));
#7971=CARTESIAN_POINT('',(-15.2044669019187,0.77666858072484,35.8003004403251));
#7972=CARTESIAN_POINT('',(-15.2044669019186,25.7756024627389,79.0997240590265));
#7973=CARTESIAN_POINT('Ctrl Pts',(-15.2044669019187,3.77666858072481,34.300300440325));
#7974=CARTESIAN_POINT('Ctrl Pts',(-15.2044669019187,3.53447201033384,34.300300440325));
#7975=CARTESIAN_POINT('Ctrl Pts',(-15.2044669019187,3.25627590520843,34.3396810164691));
#7976=CARTESIAN_POINT('Ctrl Pts',(-15.2044669019187,2.55772130675137,34.5798853467859));
#7977=CARTESIAN_POINT('Ctrl Pts',(-15.2044669019187,2.20238381936027,34.7784003138327));
#7978=CARTESIAN_POINT('Ctrl Pts',(-15.2044669019187,1.50773907390089,35.2341594228878));
#7979=CARTESIAN_POINT('Ctrl Pts',(-15.2044669019187,1.1382130372464,35.5202499821794));
#7980=CARTESIAN_POINT('Ctrl Pts',(-15.2044669019187,0.779570859008688,35.7980523452353));
#7981=CARTESIAN_POINT('Ctrl Pts',(-15.2044669019187,0.778119149277762,35.7991768347554));
#7982=CARTESIAN_POINT('Ctrl Pts',(-15.2044669019187,0.776668580724831,35.800300440325));
#7983=CARTESIAN_POINT('',(-15.2044669019186,-40.8488382745285,153.304529519725));
#7984=CARTESIAN_POINT('Origin',(-15.2044669019186,-39.2486350741225,153.304529519725));
#7985=CARTESIAN_POINT('',(-15.2044669019186,-0.400527377898399,181.178545267756));
#7986=CARTESIAN_POINT('Origin',(-15.2044669019186,1.1996758225076,181.178545267756));
#7987=CARTESIAN_POINT('Origin',(-9.76512707369827,-378.691327406058,94.4472663549105));
#7988=CARTESIAN_POINT('',(-7.20446690191836,-6.72929126547742,55.4569640971321));
#7989=CARTESIAN_POINT('Ctrl Pts',(-12.2044669019185,-4.1615177039333,60.4344792058625));
#7990=CARTESIAN_POINT('Ctrl Pts',(-10.6460889299267,-4.96946183037205,58.6749997557145));
#7991=CARTESIAN_POINT('Ctrl Pts',(-8.96376683337425,-5.83332085408009,57.0143640520323));
#7992=CARTESIAN_POINT('Ctrl Pts',(-7.20446690191864,-6.72929126547735,55.4569640971317));
#7993=CARTESIAN_POINT('',(-7.20446710372668,-6.77000727749576,133.82405690248));
#7994=CARTESIAN_POINT('Origin',(-7.20446690191836,-378.691327406058,94.4472663549105));
#7995=CARTESIAN_POINT('',(-7.20446710372663,-7.02897023040947,136.19762274429));
#7996=CARTESIAN_POINT('Origin',(-7.20446710372663,-378.691327406058,94.4472663549105));
#7997=CARTESIAN_POINT('',(-12.3257872454781,-4.92090894909395,136.434429911027));
#7998=CARTESIAN_POINT('',(-7.20446710372663,-7.02897023040947,136.19762274429));
#7999=CARTESIAN_POINT('Origin',(-12.3257872454782,-378.691327406058,94.4472663549105));
#8000=CARTESIAN_POINT('Origin',(-9.7651270736984,-15.4758419844015,135.248751008168));
#8001=CARTESIAN_POINT('',(-7.20446690191858,-15.4758419844014,143.748751008168));
#8002=CARTESIAN_POINT('',(-12.3257872454782,-15.4758419844014,145.870071310848));
#8003=CARTESIAN_POINT('',(-7.20446690191858,-15.4758419844014,143.748751008168));
#8004=CARTESIAN_POINT('Origin',(-12.3257872454782,-15.4758419844015,135.248751008168));
#8005=CARTESIAN_POINT('',(-7.20446710372663,-7.07370838140643,136.534888993542));
#8006=CARTESIAN_POINT('Origin',(-7.20446710372663,-15.4758419844015,135.248751008168));
#8007=CARTESIAN_POINT('Origin',(-7.20446690191858,-15.4758419844015,135.248751008168));
#8008=CARTESIAN_POINT('Origin',(-9.76512713717106,-33.3082341169341,144.809411187479));
#8009=CARTESIAN_POINT('',(-7.20446697292233,-35.1232578833625,143.748751008168));
#8010=CARTESIAN_POINT('',(-12.3257873014198,-35.1232578833625,145.87007136679));
#8011=CARTESIAN_POINT('',(-7.20446697292233,-35.1232578833625,143.748751008168));
#8012=CARTESIAN_POINT('',(-12.3257873014198,-33.3082341169341,145.87007136679));
#8013=CARTESIAN_POINT('',(-7.20446697292233,-33.3082341169341,143.748751008168));
#8014=CARTESIAN_POINT('Origin',(-9.76512713717104,-35.1232578833627,158.736050982768));
#8015=CARTESIAN_POINT('',(-7.2044669729223,-50.1105578579624,158.736050982768));
#8016=CARTESIAN_POINT('',(-12.3257873014196,-47.9892374993409,158.736050982768));
#8017=CARTESIAN_POINT('',(-7.2044669729223,-50.1105578579624,158.736050982768));
#8018=CARTESIAN_POINT('Origin',(-12.3257873014198,-35.1232578833627,158.736050982768));
#8019=CARTESIAN_POINT('Origin',(-7.2044669729223,-35.1232578833627,158.736050982768));
#8020=CARTESIAN_POINT('Origin',(-9.76512713717107,-49.0498976786517,178.607745514564));
#8021=CARTESIAN_POINT('',(-7.20446697292231,-50.1105578579624,182.736050982768));
#8022=CARTESIAN_POINT('',(-12.32578728098,-47.989237478901,182.736050982768));
#8023=CARTESIAN_POINT('',(-7.20446697292231,-50.1105578579624,182.736050982768));
#8024=CARTESIAN_POINT('',(-12.3257873014198,-47.9892374993408,178.607745514564));
#8025=CARTESIAN_POINT('',(-7.20446697292232,-50.1105578579626,178.607745514564));
#8026=CARTESIAN_POINT('Origin',(-9.76512707369841,-39.1232578833626,182.736050982768));
#8027=CARTESIAN_POINT('',(-7.20446690191859,-39.1232578833624,193.723350957368));
#8028=CARTESIAN_POINT('',(-12.3257872454783,-39.1232578833624,191.602030613808));
#8029=CARTESIAN_POINT('',(-7.20446690191859,-39.1232578833624,193.723350957368));
#8030=CARTESIAN_POINT('Origin',(-12.3257872454782,-39.1232578833626,182.736050982768));
#8031=CARTESIAN_POINT('Origin',(-7.20446690191859,-39.1232578833626,182.736050982768));
#8032=CARTESIAN_POINT('Origin',(-9.76512707369841,-36.3082341169339,192.662690785588));
#8033=CARTESIAN_POINT('',(-7.20446690191857,0.522833783397894,193.723350957368));
#8034=CARTESIAN_POINT('',(-12.3257872454782,0.99514121432921,191.602030613809));
#8035=CARTESIAN_POINT('Origin',(-7.20446690191846,5.52283378339789,193.723350957368));
#8036=CARTESIAN_POINT('',(-12.3257872454782,-36.3082341169339,191.602030613809));
#8037=CARTESIAN_POINT('',(-7.2044669019186,-36.3082341169339,193.723350957368));
#8038=CARTESIAN_POINT('Origin',(1.38168978000694,-39.1232578833626,182.736050982768));
#8039=CARTESIAN_POINT('',(0.295532896267206,-50.1105578579624,182.736050982768));
#8040=CARTESIAN_POINT('',(0.795532896273457,-50.1105578579624,182.736050982768));
#8041=CARTESIAN_POINT('',(0.295532896288156,-49.7254357458136,185.619553246474));
#8042=CARTESIAN_POINT('Origin',(0.295532896273484,-39.1232578833626,182.736050982768));
#8043=CARTESIAN_POINT('',(3.79553289627345,-48.0659453754562,189.119553246463));
#8044=CARTESIAN_POINT('Ctrl Pts',(3.79553289627345,-48.0659453754564,189.119553246463));
#8045=CARTESIAN_POINT('Ctrl Pts',(3.34935877638032,-48.0659453754564,189.119553246463));
#8046=CARTESIAN_POINT('Ctrl Pts',(2.88317784185392,-48.1321750386568,189.029225683544));
#8047=CARTESIAN_POINT('Ctrl Pts',(2.03938885180354,-48.3654864085434,188.6812881184));
#8048=CARTESIAN_POINT('Ctrl Pts',(1.66077043588167,-48.5294866784968,188.424069749998));
#8049=CARTESIAN_POINT('Ctrl Pts',(1.04220332823281,-48.8670677157168,187.82576998688));
#8050=CARTESIAN_POINT('Ctrl Pts',(0.765123380440189,-49.0668669837987,187.433835182696));
#8051=CARTESIAN_POINT('Ctrl Pts',(0.39154020642957,-49.4338426515221,186.561803235553));
#8052=CARTESIAN_POINT('Ctrl Pts',(0.295532896288155,-49.5999256011685,186.081034027612));
#8053=CARTESIAN_POINT('Ctrl Pts',(0.295532896288155,-49.7254357458128,185.619553246477));
#8054=CARTESIAN_POINT('',(18.8115584899422,-48.065945375456,189.119553246463));
#8055=CARTESIAN_POINT('',(3.79553289627358,-48.065945375456,189.119553246463));
#8056=CARTESIAN_POINT('',(18.8115584899423,-39.1232578833624,193.723350957368));
#8057=CARTESIAN_POINT('Origin',(18.8115584899422,-39.1232578833623,182.736050982768));
#8058=CARTESIAN_POINT('',(0.795532896273457,-39.1232578833624,193.723350957368));
#8059=CARTESIAN_POINT('Origin',(1.38168978000694,-50.1105578579626,181.876779200221));
#8060=CARTESIAN_POINT('',(0.295532896272818,-50.1105578579624,158.736050982768));
#8061=CARTESIAN_POINT('',(0.795532896273458,-50.1105578579624,158.736050982768));
#8062=CARTESIAN_POINT('',(0.295532896270449,-50.1105578579626,168.864663959638));
#8063=CARTESIAN_POINT('Origin',(-15.2044669729223,-35.1232578833627,158.736050982768));
#8064=CARTESIAN_POINT('',(18.8115584899422,-35.1232578833625,143.748751008168));
#8065=CARTESIAN_POINT('',(0.795532896273457,-35.1232578833625,143.748751008168));
#8066=CARTESIAN_POINT('',(18.8115584899422,-48.6831273288209,152.352548719059));
#8067=CARTESIAN_POINT('Origin',(18.8115584899422,-35.1232578833623,158.736050982768));
#8068=CARTESIAN_POINT('',(3.79553289627346,-48.683127328821,152.352548719059));
#8069=CARTESIAN_POINT('',(3.79553289627358,-48.6831273288209,152.352548719059));
#8070=CARTESIAN_POINT('',(0.295532896273491,-49.8305545494333,155.852548719056));
#8071=CARTESIAN_POINT('Ctrl Pts',(3.79553289627346,-48.6831273288208,152.352548719059));
#8072=CARTESIAN_POINT('Ctrl Pts',(3.35332952232032,-48.6831273288208,152.352548719059));
#8073=CARTESIAN_POINT('Ctrl Pts',(2.88573275136673,-48.7260087846569,152.441480371242));
#8074=CARTESIAN_POINT('Ctrl Pts',(2.03238818966271,-48.8836725430537,152.794044761017));
#8075=CARTESIAN_POINT('Ctrl Pts',(1.64622635022804,-48.996797311779,153.057414453919));
#8076=CARTESIAN_POINT('Ctrl Pts',(1.02586243518814,-49.2313388312415,153.667329297022));
#8077=CARTESIAN_POINT('Ctrl Pts',(0.752585177879082,-49.3697195492989,154.060378085614));
#8078=CARTESIAN_POINT('Ctrl Pts',(0.387306280467774,-49.6256656772069,154.927671375424));
#8079=CARTESIAN_POINT('Ctrl Pts',(0.295532896273909,-49.742277736162,155.402293035939));
#8080=CARTESIAN_POINT('Ctrl Pts',(0.295532896273491,-49.8305545494333,155.852548719056));
#8081=CARTESIAN_POINT('Origin',(0.295532896273492,-35.1232578833627,158.736050982768));
#8082=CARTESIAN_POINT('Origin',(-15.2044669729223,-35.1232578833628,143.748751008168));
#8083=CARTESIAN_POINT('',(0.795532896273387,-15.4758419844014,143.748751008168));
#8084=CARTESIAN_POINT('',(23.7955328530585,-15.4758419844014,143.748751008168));
#8085=CARTESIAN_POINT('',(0.795532896273388,-20.1127598663129,143.748751008168));
#8086=CARTESIAN_POINT('',(0.795532896273387,-6.26884121896785,143.748751008168));
#8087=CARTESIAN_POINT('',(-0.204467103726609,-21.1362187004731,143.748751008168));
#8088=CARTESIAN_POINT('Ctrl Pts',(-0.204467103726607,-21.1362187004731,
143.748751008168));
#8089=CARTESIAN_POINT('Ctrl Pts',(0.24792071512448,-20.6710101394938,143.748751008168));
#8090=CARTESIAN_POINT('Ctrl Pts',(0.795532896273388,-20.1127598663129,143.748751008168));
#8091=CARTESIAN_POINT('',(-2.20446701514619,-21.1362187004731,143.748751008168));
#8092=CARTESIAN_POINT('',(3.79553298485381,-21.1362187004731,143.748751008168));
#8093=CARTESIAN_POINT('',(-2.20446701514619,-30.8606274237077,143.748751008168));
#8094=CARTESIAN_POINT('',(-2.20446719230705,0.899185566193747,143.748751008168));
#8095=CARTESIAN_POINT('',(-0.204467103726506,-30.8606274237075,143.748751008168));
#8096=CARTESIAN_POINT('',(3.79553298485381,-30.8606274237077,143.748751008168));
#8097=CARTESIAN_POINT('',(-0.204467103726507,-31.8840862578678,143.748751008168));
#8098=CARTESIAN_POINT('',(-0.204467103726507,-28.8085599603225,143.748751008168));
#8099=CARTESIAN_POINT('',(18.8115584899422,-31.8840862578678,143.748751008168));
#8100=CARTESIAN_POINT('',(0.795532896273423,-31.8840862578678,143.748751008168));
#8101=CARTESIAN_POINT('',(18.8115584899422,-27.4992602333782,143.748751008168));
#8102=CARTESIAN_POINT('Origin',(23.7955328530585,-15.4758419844015,135.248751008168));
#8103=CARTESIAN_POINT('',(-3.20446719230705,-7.07370838140643,136.534888993542));
#8104=CARTESIAN_POINT('',(23.7955328530585,-7.07370838140643,136.534888993542));
#8105=CARTESIAN_POINT('',(-2.20446718984044,-7.30012121020045,137.574173512208));
#8106=CARTESIAN_POINT('Ctrl Pts',(-3.20446719230704,-7.07370838140643,136.534888993542));
#8107=CARTESIAN_POINT('Ctrl Pts',(-3.03151090876209,-7.10369520977237,136.730788143653));
#8108=CARTESIAN_POINT('Ctrl Pts',(-2.84536474944482,-7.14076705978274,136.927644574323));
#8109=CARTESIAN_POINT('Ctrl Pts',(-2.50475534110661,-7.21985367650294,137.276529835772));
#8110=CARTESIAN_POINT('Ctrl Pts',(-2.35570334193281,-7.25784442420917,137.425536781857));
#8111=CARTESIAN_POINT('Ctrl Pts',(-2.204467188579,-7.30012120986355,137.574173511024));
#8112=CARTESIAN_POINT('',(-2.20446719230705,-11.6337692951607,142.830866639744));
#8113=CARTESIAN_POINT('Origin',(-2.20446719230705,-15.4758419844015,135.248751008168));
#8114=CARTESIAN_POINT('',(0.795532896273388,-11.6337692951607,142.830866639744));
#8115=CARTESIAN_POINT('',(23.7955328530585,-11.6337692951607,142.830866639744));
#8116=CARTESIAN_POINT('Origin',(0.795532896273388,-15.4758419844015,135.248751008168));
#8117=CARTESIAN_POINT('Origin',(23.7955328530585,-378.691327406058,94.4472663549105));
#8118=CARTESIAN_POINT('',(16.7955328125842,-6.72929126547742,55.4569640971321));
#8119=CARTESIAN_POINT('',(23.7955328530585,-6.72929126547742,55.4569640971321));
#8120=CARTESIAN_POINT('',(16.7955328076926,-5.35247929683972,116.675727671013));
#8121=CARTESIAN_POINT('Origin',(16.795532807693,-378.691327406058,94.4472663549105));
#8122=CARTESIAN_POINT('',(12.5577200153592,-5.54299620570774,119.672708321173));
#8123=CARTESIAN_POINT('Ctrl Pts',(12.5577200153592,-5.54299620570773,119.672708321173));
#8124=CARTESIAN_POINT('Ctrl Pts',(13.2509922802772,-5.5099381508484,119.183695759174));
#8125=CARTESIAN_POINT('Ctrl Pts',(13.9440041569358,-5.47781619667193,118.694245733349));
#8126=CARTESIAN_POINT('Ctrl Pts',(15.3566373579788,-5.41423199547605,117.695282482642));
#8127=CARTESIAN_POINT('Ctrl Pts',(16.0762344018871,-5.3828450484756,117.185736644489));
#8128=CARTESIAN_POINT('Ctrl Pts',(16.795532807693,-5.35247929683955,116.675727671013));
#8129=CARTESIAN_POINT('',(4.29553280769295,-5.54299620570774,119.672708321173));
#8130=CARTESIAN_POINT('',(23.7955328530585,-5.54299620570774,119.672708321173));
#8131=CARTESIAN_POINT('',(-2.20446719230704,-6.03934990956745,126.172708321173));
#8132=CARTESIAN_POINT('Ctrl Pts',(-2.20446719230705,-6.03934990956745,126.172708321173));
#8133=CARTESIAN_POINT('Ctrl Pts',(-2.20446719230705,-5.96994459193301,125.357462661467));
#8134=CARTESIAN_POINT('Ctrl Pts',(-2.04171838714433,-5.89884058522373,124.487356027159));
#8135=CARTESIAN_POINT('Ctrl Pts',(-1.37872174309784,-5.77324384491017,122.885764392843));
#8136=CARTESIAN_POINT('Ctrl Pts',(-0.878448735148843,-5.71859945381427,
122.15430170859));
#8137=CARTESIAN_POINT('Ctrl Pts',(0.275989207183362,-5.63463753786341,120.999863766258));
#8138=CARTESIAN_POINT('Ctrl Pts',(1.00662048204867,-5.59966669917976,120.499585246945));
#8139=CARTESIAN_POINT('Ctrl Pts',(2.60810007884657,-5.55392284154311,119.83600250825));
#8140=CARTESIAN_POINT('Ctrl Pts',(3.47894816619111,-5.54299620570774,119.672708321173));
#8141=CARTESIAN_POINT('Ctrl Pts',(4.29553280769295,-5.54299620570774,119.672708321173));
#8142=CARTESIAN_POINT('',(-2.20446719230705,-6.65629933885974,132.734834716438));
#8143=CARTESIAN_POINT('Origin',(-2.20446719230704,-378.691327406058,94.4472663549105));
#8144=CARTESIAN_POINT('',(-3.20446719230706,-6.77000727749685,133.82405690249));
#8145=CARTESIAN_POINT('Ctrl Pts',(-3.20446719231223,-6.77000727749633,133.824056902486));
#8146=CARTESIAN_POINT('Ctrl Pts',(-3.09895627940051,-6.75702206066387,133.701409045224));
#8147=CARTESIAN_POINT('Ctrl Pts',(-2.9888695690641,-6.74399593579533,133.577798373618));
#8148=CARTESIAN_POINT('Ctrl Pts',(-2.65921359156316,-6.70594423275652,133.214929017364));
#8149=CARTESIAN_POINT('Ctrl Pts',(-2.43319670202604,-6.68098417382406,132.974693857715));
#8150=CARTESIAN_POINT('Ctrl Pts',(-2.20446719230704,-6.65629933885975,132.734834716438));
#8151=CARTESIAN_POINT('',(23.7955328530585,-6.77000727736404,133.824056901235));
#8152=CARTESIAN_POINT('Origin',(18.8115584899422,-27.4992602333782,148.748751008168));
#8153=CARTESIAN_POINT('',(23.7955328076931,-30.9183736940452,148.348751008168));
#8154=CARTESIAN_POINT('Ctrl Pts',(18.8115584899422,-31.8840862578678,143.748751008168));
#8155=CARTESIAN_POINT('Ctrl Pts',(19.637568295953,-31.8840862578678,143.748751008168));
#8156=CARTESIAN_POINT('Ctrl Pts',(20.493234002362,-31.9370856663693,143.963983540177));
#8157=CARTESIAN_POINT('Ctrl Pts',(21.6079111609298,-31.9927796966463,144.582106933386));
#8158=CARTESIAN_POINT('Ctrl Pts',(21.9528173208867,-32.0049229131428,144.836011981817));
#8159=CARTESIAN_POINT('Ctrl Pts',(22.5625308898531,-31.9844650920855,145.41599842522));
#8160=CARTESIAN_POINT('Ctrl Pts',(22.8272832154392,-31.9514562193844,145.742123267551));
#8161=CARTESIAN_POINT('Ctrl Pts',(23.262312663316,-31.8136415292491,146.433843066605));
#8162=CARTESIAN_POINT('Ctrl Pts',(23.448021753716,-31.7000692043625,146.831541328986));
#8163=CARTESIAN_POINT('Ctrl Pts',(23.6999858729073,-31.3706182496493,147.620231666419));
#8164=CARTESIAN_POINT('Ctrl Pts',(23.768382158056,-31.1545125343074,148.010455656915));
#8165=CARTESIAN_POINT('Ctrl Pts',(23.7955328076931,-30.9183736940453,148.348751008168));
#8166=CARTESIAN_POINT('',(23.7955328076931,-35.1232578833624,148.348751008168));
#8167=CARTESIAN_POINT('',(23.7955328076931,-27.4992602333782,148.348751008168));
#8168=CARTESIAN_POINT('Origin',(18.8115584899422,-35.1232578833624,148.748751008168));
#8169=CARTESIAN_POINT('Origin',(18.8115584899422,-35.1232578833623,158.736050982768));
#8170=CARTESIAN_POINT('',(23.7955328076931,-43.3175790640061,152.352548719059));
#8171=CARTESIAN_POINT('Ctrl Pts',(23.7955328076931,-43.3175790640061,152.352548719059));
#8172=CARTESIAN_POINT('Ctrl Pts',(23.7803887663902,-43.5567714115969,152.352548719059));
#8173=CARTESIAN_POINT('Ctrl Pts',(23.7535950843612,-43.8021385574055,152.352548719059));
#8174=CARTESIAN_POINT('Ctrl Pts',(23.6452037159967,-44.4667288578124,152.352548719059));
#8175=CARTESIAN_POINT('Ctrl Pts',(23.5360235815219,-44.8811846086171,152.352548719059));
#8176=CARTESIAN_POINT('Ctrl Pts',(23.2889766443506,-45.5574987685662,152.352548719059));
#8177=CARTESIAN_POINT('Ctrl Pts',(23.139154139496,-45.8860946193866,152.352548719059));
#8178=CARTESIAN_POINT('Ctrl Pts',(22.7771202920475,-46.5063017289962,152.352548719059));
#8179=CARTESIAN_POINT('Ctrl Pts',(22.5646700700944,-46.797773515759,152.352548719059));
#8180=CARTESIAN_POINT('Ctrl Pts',(22.1324084642669,-47.2881051705377,152.352548719059));
#8181=CARTESIAN_POINT('Ctrl Pts',(21.8736189287542,-47.5325846669378,152.352548719059));
#8182=CARTESIAN_POINT('Ctrl Pts',(21.3078013500594,-47.9565440545012,152.352548719059));
#8183=CARTESIAN_POINT('Ctrl Pts',(21.0006686544649,-48.1358842582499,152.352548719059));
#8184=CARTESIAN_POINT('Ctrl Pts',(20.4255493501355,-48.3974986807497,152.352548719059));
#8185=CARTESIAN_POINT('Ctrl Pts',(20.1070930821002,-48.5068954748335,152.352548719059));
#8186=CARTESIAN_POINT('Ctrl Pts',(19.4536946886264,-48.6497359012217,152.352548719059));
#8187=CARTESIAN_POINT('Ctrl Pts',(19.1187411517296,-48.6831273288206,152.352548719059));
#8188=CARTESIAN_POINT('Ctrl Pts',(18.8115584899422,-48.6831273288206,152.352548719059));
#8189=CARTESIAN_POINT('Origin',(23.7955328076931,-35.1232578833623,158.736050982768));
#8190=CARTESIAN_POINT('Origin',(0.795532896273422,-25.9984230620903,144.914499156728));
#8191=CARTESIAN_POINT('',(-0.204467103726504,-30.9183736940454,148.348751008168));
#8192=CARTESIAN_POINT('Origin',(-0.204467103726494,-25.9984230620901,144.914499156728));
#8193=CARTESIAN_POINT('',(0.795532896273422,-30.9183736940455,148.348751008168));
#8194=CARTESIAN_POINT('Origin',(18.8115584899423,-31.6017023280367,188.723350957368));
#8195=CARTESIAN_POINT('',(23.7955328076931,0.522833783398478,189.123350957368));
#8196=CARTESIAN_POINT('',(18.8115584899423,0.522833783398066,193.723350957368));
#8197=CARTESIAN_POINT('Origin',(18.8115584899423,0.522833783397907,188.723350957368));
#8198=CARTESIAN_POINT('',(18.8115584899423,-31.6017023280367,193.723350957368));
#8199=CARTESIAN_POINT('',(23.7955328076931,-39.1232578833623,189.123350957368));
#8200=CARTESIAN_POINT('Origin',(18.8115584899423,-39.1232578833624,188.723350957368));
#8201=CARTESIAN_POINT('',(23.7955328076931,-31.6017023280367,189.123350957368));
#8202=CARTESIAN_POINT('Origin',(18.8115584899422,-39.1232578833623,182.736050982768));
#8203=CARTESIAN_POINT('',(23.7955328076931,-39.3434846186453,189.119553246463));
#8204=CARTESIAN_POINT('Ctrl Pts',(18.8115584899422,-48.0659453754559,189.119553246463));
#8205=CARTESIAN_POINT('Ctrl Pts',(19.0613735386821,-48.0659453754559,189.119553246463));
#8206=CARTESIAN_POINT('Ctrl Pts',(19.3342122007454,-48.0413813887515,189.119553246463));
#8207=CARTESIAN_POINT('Ctrl Pts',(19.8688876193422,-47.9359585591157,189.119553246463));
#8208=CARTESIAN_POINT('Ctrl Pts',(20.1307346235356,-47.8551516961358,189.119553246463));
#8209=CARTESIAN_POINT('Ctrl Pts',(20.6136098322723,-47.659282188482,189.119553246463));
#8210=CARTESIAN_POINT('Ctrl Pts',(20.8775188377523,-47.5222428407951,189.119553246463));
#8211=CARTESIAN_POINT('Ctrl Pts',(21.3714324317402,-47.1961913490521,189.119553246463));
#8212=CARTESIAN_POINT('Ctrl Pts',(21.6015398778962,-47.0073350438999,189.119553246463));
#8213=CARTESIAN_POINT('Ctrl Pts',(22.0373470449963,-46.5859666792718,189.119553246463));
#8214=CARTESIAN_POINT('Ctrl Pts',(22.2740920907583,-46.3056810291847,189.119553246463));
#8215=CARTESIAN_POINT('Ctrl Pts',(22.6846149610183,-45.701237751369,189.119553246463));
#8216=CARTESIAN_POINT('Ctrl Pts',(22.85880695355,-45.3773615199863,189.119553246463));
#8217=CARTESIAN_POINT('Ctrl Pts',(23.3845058413423,-44.1990537146808,189.119553246463));
#8218=CARTESIAN_POINT('Ctrl Pts',(23.5950307522794,-43.1906602831691,189.119553246463));
#8219=CARTESIAN_POINT('Ctrl Pts',(23.783763276604,-41.2081164397269,189.119553246463));
#8220=CARTESIAN_POINT('Ctrl Pts',(23.7930553377805,-40.2387905580564,189.119553246463));
#8221=CARTESIAN_POINT('Ctrl Pts',(23.7955328076931,-39.3434846186453,189.119553246463));
#8222=CARTESIAN_POINT('Origin',(23.7955328076931,-39.1232578833623,182.736050982768));
#8223=CARTESIAN_POINT('Origin',(1.38168978000693,-39.1232578833626,193.723350957368));
#8224=CARTESIAN_POINT('',(-2.20446719230705,0.522833783397892,193.723350957368));
#8225=CARTESIAN_POINT('',(0.795532896273425,0.522833783398065,193.723350957368));
#8226=CARTESIAN_POINT('',(1.08861133814016,0.522833783397894,193.723350957368));
#8227=CARTESIAN_POINT('Origin',(0.795532896273389,0.522833783397909,188.723350957368));
#8228=CARTESIAN_POINT('',(-0.204467103726504,0.522833783398273,189.123350957368));
#8229=CARTESIAN_POINT('',(2.29553278010615,0.522833783397907,189.123350957368));
#8230=CARTESIAN_POINT('',(-0.204467103726506,0.522833783398275,188.723350957368));
#8231=CARTESIAN_POINT('',(-0.204467103726506,0.522833783397947,177.579700970068));
#8232=CARTESIAN_POINT('',(-2.20446719230705,0.522833783397909,188.723350957368));
#8233=CARTESIAN_POINT('',(0.795532896273425,0.522833783398073,188.723350957368));
#8234=CARTESIAN_POINT('',(-2.20446719230705,0.522833783397989,164.814008715654));
#8235=CARTESIAN_POINT('Origin',(3.79553289627354,-43.3175790640063,152.352548719059));
#8236=CARTESIAN_POINT('',(3.79553289627343,-43.3175790640065,152.352548719059));
#8237=CARTESIAN_POINT('',(11.7955328962738,-43.3175790640061,152.352548719059));
#8238=CARTESIAN_POINT('',(3.79553289627342,-50.1105578579624,152.352548719059));
#8239=CARTESIAN_POINT('Origin',(3.79553289627354,-48.065945375456,189.119553246463));
#8240=CARTESIAN_POINT('',(3.79553289627341,-39.3434846186457,189.119553246463));
#8241=CARTESIAN_POINT('',(3.79553289627342,-50.1105578579623,189.119553246463));
#8242=CARTESIAN_POINT('',(3.79553289627354,-39.3434846186455,189.119553246463));
#8243=CARTESIAN_POINT('Ctrl Pts',(12.5577200153592,-5.54299620570775,119.672708321173));
#8244=CARTESIAN_POINT('Ctrl Pts',(13.262411932462,-4.8366959091241,119.672708321173));
#8245=CARTESIAN_POINT('Ctrl Pts',(13.9671038495649,-4.13039561254045,119.672708321174));
#8246=CARTESIAN_POINT('Ctrl Pts',(14.6717957666678,-3.42409531595681,119.672708321174));
#8247=CARTESIAN_POINT('Ctrl Pts',(16.5991702485878,-1.49232182009428,119.672708321174));
#8248=CARTESIAN_POINT('Ctrl Pts',(18.5418803860678,0.454754095468721,119.672708321175));
#8249=CARTESIAN_POINT('Ctrl Pts',(20.5002966122786,2.4175036060899,119.672708321176));
#8250=CARTESIAN_POINT('Ctrl Pts',(13.2336954834201,-6.21743234966279,118.67372648373));
#8251=CARTESIAN_POINT('Ctrl Pts',(13.9384448888933,-5.51118941053751,118.673722816351));
#8252=CARTESIAN_POINT('Ctrl Pts',(14.6431954938771,-4.80494766819142,118.673719082371));
#8253=CARTESIAN_POINT('Ctrl Pts',(15.3479472781743,-4.09870710247313,118.673715284332));
#8254=CARTESIAN_POINT('Ctrl Pts',(17.2754775546699,-2.16710493397328,118.673704896601));
#8255=CARTESIAN_POINT('Ctrl Pts',(19.2183423725208,-0.220199002548403,118.673694667366));
#8256=CARTESIAN_POINT('Ctrl Pts',(21.176912188423,1.74238183631904,118.673684591349));
#8257=CARTESIAN_POINT('Ctrl Pts',(13.9096709514811,-6.89186849361782,117.674744646287));
#8258=CARTESIAN_POINT('Ctrl Pts',(14.6144778452998,-6.18568291192631,117.674737311529));
#8259=CARTESIAN_POINT('Ctrl Pts',(15.3192871381647,-5.47949972381788,117.674729843569));
#8260=CARTESIAN_POINT('Ctrl Pts',(16.0240987896808,-4.77331888898945,117.67472224749));
#8261=CARTESIAN_POINT('Ctrl Pts',(17.9517848607878,-2.84188804790326,117.674701472016));
#8262=CARTESIAN_POINT('Ctrl Pts',(19.8948043590096,-0.895152100616208,117.674681013546));
#8263=CARTESIAN_POINT('Ctrl Pts',(21.8535277645673,1.06726006654818,117.674660861522));
#8264=CARTESIAN_POINT('Ctrl Pts',(14.585646419542,-7.56630463757286,116.675762808844));
#8265=CARTESIAN_POINT('Ctrl Pts',(15.2905108017311,-6.86017641333972,116.675751806706));
#8266=CARTESIAN_POINT('Ctrl Pts',(15.9953787824769,-6.15405177946884,116.675740604766));
#8267=CARTESIAN_POINT('Ctrl Pts',(16.7002503011873,-5.44793067550577,116.675729210648));
#8268=CARTESIAN_POINT('Ctrl Pts',(18.6280921668698,-3.51667116178226,116.675698047442));
#8269=CARTESIAN_POINT('Ctrl Pts',(20.5712663454626,-1.57010519863333,116.675667359737));
#8270=CARTESIAN_POINT('Ctrl Pts',(22.5301433407116,0.392138296777317,116.675637131696));
#8271=CARTESIAN_POINT('',(22.5301433407116,0.392138296777291,116.675637131696));
#8272=CARTESIAN_POINT('Ctrl Pts',(16.7955328069193,-5.35247929761209,116.675727671013));
#8273=CARTESIAN_POINT('Ctrl Pts',(18.6921149041986,-3.45253668791947,116.675697036551));
#8274=CARTESIAN_POINT('Ctrl Pts',(20.6035342507442,-1.53778183815533,116.675666861801));
#8275=CARTESIAN_POINT('Ctrl Pts',(22.5301433407116,0.392138296777317,116.675637131696));
#8276=CARTESIAN_POINT('',(20.5002966122786,2.41750360608988,119.672708321176));
#8277=CARTESIAN_POINT('',(22.5301433407116,0.392138296777291,116.675637131696));
#8278=CARTESIAN_POINT('Ctrl Pts',(20.5002966122786,2.4175036060899,119.672708321176));
#8279=CARTESIAN_POINT('Ctrl Pts',(18.5418803860678,0.454754095468721,119.672708321175));
#8280=CARTESIAN_POINT('Ctrl Pts',(16.5991702485878,-1.49232182009428,119.672708321174));
#8281=CARTESIAN_POINT('Ctrl Pts',(14.6717957666678,-3.42409531595681,119.672708321174));
#8282=CARTESIAN_POINT('Ctrl Pts',(13.9671038495649,-4.13039561254045,119.672708321174));
#8283=CARTESIAN_POINT('Ctrl Pts',(13.262411932462,-4.8366959091241,119.672708321173));
#8284=CARTESIAN_POINT('Ctrl Pts',(12.5577200153592,-5.54299620570775,119.672708321173));
#8285=CARTESIAN_POINT('Ctrl Pts',(20.5242058274028,2.44230168387482,119.672708321176));
#8286=CARTESIAN_POINT('Ctrl Pts',(20.5597714484851,2.48047765331945,119.672708321176));
#8287=CARTESIAN_POINT('Ctrl Pts',(20.5943826897377,2.5238480442997,119.672708321176));
#8288=CARTESIAN_POINT('Ctrl Pts',(20.6628091598836,2.62636365022697,119.672708321176));
#8289=CARTESIAN_POINT('Ctrl Pts',(20.6945268899862,2.68696480430536,119.672708321176));
#8290=CARTESIAN_POINT('Ctrl Pts',(20.7423034613092,2.80245354525498,119.672708321176));
#8291=CARTESIAN_POINT('Ctrl Pts',(20.783177341188,2.93352485987283,119.672708321176));
#8292=CARTESIAN_POINT('Ctrl Pts',(20.7955328076929,3.07047607560849,119.672708321176));
#8293=CARTESIAN_POINT('Ctrl Pts',(20.7955328076929,3.13316785547364,119.672708321176));
#8294=CARTESIAN_POINT('Ctrl Pts',(21.2241238627576,1.79024176250983,118.673650912095));
#8295=CARTESIAN_POINT('Ctrl Pts',(21.2952849506054,1.86311297538002,118.673550365543));
#8296=CARTESIAN_POINT('Ctrl Pts',(21.3648412032486,1.94622457957368,118.67344488583));
#8297=CARTESIAN_POINT('Ctrl Pts',(21.5038857097725,2.14315147838889,118.673222702052));
#8298=CARTESIAN_POINT('Ctrl Pts',(21.5692035954284,2.26012160181157,118.673110913727));
#8299=CARTESIAN_POINT('Ctrl Pts',(21.6694530724621,2.48397849511132,118.672934943657));
#8300=CARTESIAN_POINT('Ctrl Pts',(21.757380122826,2.73914064152217,118.67277476156));
#8301=CARTESIAN_POINT('Ctrl Pts',(21.7903643889154,3.00892633042001,118.672714348528));
#8302=CARTESIAN_POINT('Ctrl Pts',(21.7940897412944,3.13316785547395,118.672709362397));
#8303=CARTESIAN_POINT('Ctrl Pts',(21.9240418981123,1.13818184114484,117.674593503015));
#8304=CARTESIAN_POINT('Ctrl Pts',(22.030601080409,1.2459029607701,117.67439278983));
#8305=CARTESIAN_POINT('Ctrl Pts',(22.1353798438144,1.36854404697611,117.674181138927));
#8306=CARTESIAN_POINT('Ctrl Pts',(22.3447602416453,1.66006585864598,117.673737798967));
#8307=CARTESIAN_POINT('Ctrl Pts',(22.4438839168603,1.83328669214582,117.673513548112));
#8308=CARTESIAN_POINT('Ctrl Pts',(22.59643109349,2.16556297669829,117.673162244991));
#8309=CARTESIAN_POINT('Ctrl Pts',(22.7316788242298,2.54474234341965,117.672840724484));
#8310=CARTESIAN_POINT('Ctrl Pts',(22.7848777320256,2.94744442343609,117.672722004535));
#8311=CARTESIAN_POINT('Ctrl Pts',(22.7926466748958,3.13316785547425,117.672710403617));
#8312=CARTESIAN_POINT('Ctrl Pts',(22.6239599334671,0.48612191977985,116.675536093934));
#8313=CARTESIAN_POINT('Ctrl Pts',(22.7661145825294,0.628538282830676,116.675234834197));
#8314=CARTESIAN_POINT('Ctrl Pts',(22.9058383573253,0.790920582250079,116.674917703581));
#8315=CARTESIAN_POINT('Ctrl Pts',(23.1858367915342,1.1768536868079,116.674252179843));
#8316=CARTESIAN_POINT('Ctrl Pts',(23.3185606223026,1.40644348965203,116.673916140663));
#8317=CARTESIAN_POINT('Ctrl Pts',(23.523580704643,1.84708792655463,116.673388867473));
#8318=CARTESIAN_POINT('Ctrl Pts',(23.7058816058677,2.35035812506898,116.672907164869));
#8319=CARTESIAN_POINT('Ctrl Pts',(23.7797093132481,2.88589467824761,116.672728031887));
#8320=CARTESIAN_POINT('Ctrl Pts',(23.7912036084973,3.13316785547455,116.672711444838));
#8321=CARTESIAN_POINT('',(20.5242058274044,2.44230168387654,119.672708321176));
#8322=CARTESIAN_POINT('',(22.6239599338175,0.486121919442898,116.675536093893));
#8323=CARTESIAN_POINT('',(20.5242058274044,2.44230168387654,119.672708321176));
#8324=CARTESIAN_POINT('',(23.7912036084973,3.13316785547455,116.672711444838));
#8325=CARTESIAN_POINT('Ctrl Pts',(22.6239599334671,0.48612191977985,116.675536093934));
#8326=CARTESIAN_POINT('Ctrl Pts',(22.7661145825294,0.628538282830676,116.675234834197));
#8327=CARTESIAN_POINT('Ctrl Pts',(22.9058383573253,0.790920582250079,116.674917703581));
#8328=CARTESIAN_POINT('Ctrl Pts',(23.1858367915342,1.1768536868079,116.674252179843));
#8329=CARTESIAN_POINT('Ctrl Pts',(23.3185606223026,1.40644348965203,116.673916140663));
#8330=CARTESIAN_POINT('Ctrl Pts',(23.523580704643,1.84708792655463,116.673388867473));
#8331=CARTESIAN_POINT('Ctrl Pts',(23.7058816058677,2.35035812506898,116.672907164869));
#8332=CARTESIAN_POINT('Ctrl Pts',(23.7797093132481,2.88589467824761,116.672728031887));
#8333=CARTESIAN_POINT('Ctrl Pts',(23.7912036084973,3.13316785547455,116.672711444838));
#8334=CARTESIAN_POINT('',(20.7955328076929,3.13316785547364,119.672708321176));
#8335=CARTESIAN_POINT('',(23.7912036084973,3.13316785547455,116.672711444838));
#8336=CARTESIAN_POINT('Ctrl Pts',(20.7955328076929,3.13316785547364,119.672708321176));
#8337=CARTESIAN_POINT('Ctrl Pts',(20.7955328076929,3.07047607560849,119.672708321176));
#8338=CARTESIAN_POINT('Ctrl Pts',(20.783177341188,2.93352485987283,119.672708321176));
#8339=CARTESIAN_POINT('Ctrl Pts',(20.7423034613092,2.80245354525498,119.672708321176));
#8340=CARTESIAN_POINT('Ctrl Pts',(20.6945268899862,2.68696480430536,119.672708321176));
#8341=CARTESIAN_POINT('Ctrl Pts',(20.6628091598836,2.62636365022697,119.672708321176));
#8342=CARTESIAN_POINT('Ctrl Pts',(20.5943826897377,2.5238480442997,119.672708321176));
#8343=CARTESIAN_POINT('Ctrl Pts',(20.5597714484851,2.48047765331945,119.672708321176));
#8344=CARTESIAN_POINT('Ctrl Pts',(20.5242058274028,2.44230168387482,119.672708321176));
#8345=CARTESIAN_POINT('Ctrl Pts',(20.5002966122801,2.41750360608852,119.672708321176));
#8346=CARTESIAN_POINT('Ctrl Pts',(20.5082793007414,2.42550395742398,119.672708321176));
#8347=CARTESIAN_POINT('Ctrl Pts',(20.5162630185318,2.43377591040203,119.672708321176));
#8348=CARTESIAN_POINT('Ctrl Pts',(20.5242058274044,2.44230168387654,119.672708321176));
#8349=CARTESIAN_POINT('Ctrl Pts',(21.1769121884239,1.74238183631811,118.673684591349));
#8350=CARTESIAN_POINT('Ctrl Pts',(21.1924932418851,1.75799229645959,118.673684433035));
#8351=CARTESIAN_POINT('Ctrl Pts',(21.2082462725663,1.77395604654702,118.673673338701));
#8352=CARTESIAN_POINT('Ctrl Pts',(21.2241238627608,1.79024176251312,118.673650912095));
#8353=CARTESIAN_POINT('Ctrl Pts',(21.8535277645677,1.06726006654769,117.674660861522));
#8354=CARTESIAN_POINT('Ctrl Pts',(21.8767071830288,1.0904806354952,117.674660544895));
#8355=CARTESIAN_POINT('Ctrl Pts',(21.9002295266008,1.11413618269201,117.674638356227));
#8356=CARTESIAN_POINT('Ctrl Pts',(21.9240418981171,1.1381818411497,117.674593503015));
#8357=CARTESIAN_POINT('Ctrl Pts',(22.5301433407116,0.392138296777276,116.675637131696));
#8358=CARTESIAN_POINT('Ctrl Pts',(22.5609211241725,0.422968974530813,116.675636656754));
#8359=CARTESIAN_POINT('Ctrl Pts',(22.5922127806353,0.454316318836991,116.675603373753));
#8360=CARTESIAN_POINT('Ctrl Pts',(22.6239599334735,0.486121919786271,116.675536093934));
#8361=CARTESIAN_POINT('Ctrl Pts',(20.5242058274044,2.44230168387654,119.672708321176));
#8362=CARTESIAN_POINT('Ctrl Pts',(20.5162630185318,2.43377591040203,119.672708321176));
#8363=CARTESIAN_POINT('Ctrl Pts',(20.5082793007414,2.42550395742398,119.672708321176));
#8364=CARTESIAN_POINT('Ctrl Pts',(20.5002966122801,2.41750360608852,119.672708321176));
#8365=CARTESIAN_POINT('Ctrl Pts',(22.5301433407116,0.392138296777276,116.675637131696));
#8366=CARTESIAN_POINT('Ctrl Pts',(22.5609211241725,0.422968974530813,116.675636656754));
#8367=CARTESIAN_POINT('Ctrl Pts',(22.5922127806353,0.454316318836991,116.675603373753));
#8368=CARTESIAN_POINT('Ctrl Pts',(22.6239599334735,0.486121919786271,116.675536093934));
#8369=CARTESIAN_POINT('Origin',(22.295532807693,-13.3701939918984,118.172708321171));
#8370=CARTESIAN_POINT('',(20.7955328076929,3.31953347818477,119.672708321176));
#8371=CARTESIAN_POINT('',(23.795532807693,3.31953347818569,116.672708321176));
#8372=CARTESIAN_POINT('',(20.7955328076929,3.31953347818477,119.672708321176));
#8373=CARTESIAN_POINT('',(23.795532807693,16.2058718626528,116.67270832118));
#8374=CARTESIAN_POINT('',(23.795532807693,-13.3701939918979,116.672708321171));
#8375=CARTESIAN_POINT('',(20.7955328076929,16.2058718626519,119.67270832118));
#8376=CARTESIAN_POINT('',(23.795532807693,16.2058718626528,116.67270832118));
#8377=CARTESIAN_POINT('',(20.7955328076929,-13.3701939918988,119.672708321171));
#8378=CARTESIAN_POINT('Ctrl Pts',(20.7955328076929,3.13316785547369,119.672708321176));
#8379=CARTESIAN_POINT('Ctrl Pts',(20.7955328076929,3.19528972971072,119.672708321176));
#8380=CARTESIAN_POINT('Ctrl Pts',(20.7955328076929,3.25741160394774,119.672708321176));
#8381=CARTESIAN_POINT('Ctrl Pts',(20.7955328076929,3.31953347818477,119.672708321176));
#8382=CARTESIAN_POINT('Ctrl Pts',(21.7940897412944,3.13316785547399,118.672709362397));
#8383=CARTESIAN_POINT('Ctrl Pts',(21.7950523031217,3.19528972971102,118.672707973355));
#8384=CARTESIAN_POINT('Ctrl Pts',(21.7955328076929,3.25741160394805,118.672708321176));
#8385=CARTESIAN_POINT('Ctrl Pts',(21.7955328076929,3.31953347818508,118.672708321176));
#8386=CARTESIAN_POINT('Ctrl Pts',(22.7926466748958,3.1331678554743,117.672710403617));
#8387=CARTESIAN_POINT('Ctrl Pts',(22.7945717985504,3.19528972971133,117.672707625533));
#8388=CARTESIAN_POINT('Ctrl Pts',(22.795532807693,3.25741160394836,117.672708321176));
#8389=CARTESIAN_POINT('Ctrl Pts',(22.795532807693,3.31953347818539,117.672708321176));
#8390=CARTESIAN_POINT('Ctrl Pts',(23.7912036084973,3.13316785547461,116.672711444838));
#8391=CARTESIAN_POINT('Ctrl Pts',(23.7940912939791,3.19528972971163,116.672707277712));
#8392=CARTESIAN_POINT('Ctrl Pts',(23.795532807693,3.25741160394866,116.672708321176));
#8393=CARTESIAN_POINT('Ctrl Pts',(23.795532807693,3.31953347818569,116.672708321176));
#8394=CARTESIAN_POINT('Ctrl Pts',(20.7955328076929,3.31953347818477,119.672708321176));
#8395=CARTESIAN_POINT('Ctrl Pts',(20.7955328076929,3.25741160394774,119.672708321176));
#8396=CARTESIAN_POINT('Ctrl Pts',(20.7955328076929,3.19528972971072,119.672708321176));
#8397=CARTESIAN_POINT('Ctrl Pts',(20.7955328076929,3.13316785547369,119.672708321176));
#8398=CARTESIAN_POINT('Ctrl Pts',(23.7912036084973,3.13316785547461,116.672711444838));
#8399=CARTESIAN_POINT('Ctrl Pts',(23.7940912939791,3.19528972971163,116.672707277712));
#8400=CARTESIAN_POINT('Ctrl Pts',(23.795532807693,3.25741160394866,116.672708321176));
#8401=CARTESIAN_POINT('Ctrl Pts',(23.795532807693,3.31953347818569,116.672708321176));
#8402=CARTESIAN_POINT('Ctrl Pts',(20.795473958636,16.2167238647538,119.67270832118));
#8403=CARTESIAN_POINT('Ctrl Pts',(20.7948368078018,16.2754687216836,119.67270832118));
#8404=CARTESIAN_POINT('Ctrl Pts',(20.7821590460627,16.406239264599,119.67270832118));
#8405=CARTESIAN_POINT('Ctrl Pts',(20.7430135085166,16.5317200512087,119.67270832118));
#8406=CARTESIAN_POINT('Ctrl Pts',(20.6957568727681,16.6457947619181,119.67270832118));
#8407=CARTESIAN_POINT('Ctrl Pts',(20.6643356595658,16.7057442632115,119.67270832118));
#8408=CARTESIAN_POINT('Ctrl Pts',(20.5895491591111,16.8176720801432,119.67270832118));
#8409=CARTESIAN_POINT('Ctrl Pts',(20.5461950947081,16.8696348442536,119.67270832118));
#8410=CARTESIAN_POINT('Ctrl Pts',(20.5025586263429,16.9132746436777,119.67270832118));
#8411=CARTESIAN_POINT('Ctrl Pts',(21.7954935749883,16.2275701475785,118.672708324256));
#8412=CARTESIAN_POINT('Ctrl Pts',(21.7951338483104,16.3450392449928,118.672708370736));
#8413=CARTESIAN_POINT('Ctrl Pts',(21.7715992499564,16.6068659381685,118.672710929618));
#8414=CARTESIAN_POINT('Ctrl Pts',(21.6950027586866,16.8588575983869,118.672718765309));
#8415=CARTESIAN_POINT('Ctrl Pts',(21.6017361182057,17.0882122396606,118.672727887777));
#8416=CARTESIAN_POINT('Ctrl Pts',(21.5395448385816,17.2089230674144,118.67273379349));
#8417=CARTESIAN_POINT('Ctrl Pts',(21.390674435037,17.434513810461,118.672746935523));
#8418=CARTESIAN_POINT('Ctrl Pts',(21.3043075816049,17.539503566093,118.672754066756));
#8419=CARTESIAN_POINT('Ctrl Pts',(21.216925116809,17.6275866060101,118.67276063082));
#8420=CARTESIAN_POINT('Ctrl Pts',(22.7955131913406,16.2384164304033,117.672708327332));
#8421=CARTESIAN_POINT('Ctrl Pts',(22.7952357671856,16.4146063715875,117.672708480682));
#8422=CARTESIAN_POINT('Ctrl Pts',(22.7610894004608,16.8074762429969,117.67271352003));
#8423=CARTESIAN_POINT('Ctrl Pts',(22.6468305158812,17.1859602452505,117.672729242184));
#8424=CARTESIAN_POINT('Ctrl Pts',(22.5077112090927,17.5305993086551,117.672747453435));
#8425=CARTESIAN_POINT('Ctrl Pts',(22.4145580626538,17.7120121837164,117.672759301212));
#8426=CARTESIAN_POINT('Ctrl Pts',(22.191861552103,18.0513711497085,117.672785530819));
#8427=CARTESIAN_POINT('Ctrl Pts',(22.0620502371006,18.2091041349064,117.67279983397));
#8428=CARTESIAN_POINT('Ctrl Pts',(21.931291607275,18.3418985683425,117.672812940459));
#8429=CARTESIAN_POINT('Ctrl Pts',(23.795532807693,16.2492627132281,116.672708330408));
#8430=CARTESIAN_POINT('Ctrl Pts',(23.7955328076942,16.4841768948967,116.672708530239));
#8431=CARTESIAN_POINT('Ctrl Pts',(23.7505296043545,17.0081029165664,116.672716128468));
#8432=CARTESIAN_POINT('Ctrl Pts',(23.5988197660512,17.5130977924286,116.672739686314));
#8433=CARTESIAN_POINT('Ctrl Pts',(23.4136904545303,17.9730167863976,116.672767020033));
#8434=CARTESIAN_POINT('Ctrl Pts',(23.2897672416696,18.2151909879193,116.672784773522));
#8435=CARTESIAN_POINT('Ctrl Pts',(22.9929868280289,18.6682128800262,116.672824145162));
#8436=CARTESIAN_POINT('Ctrl Pts',(22.8201627239974,18.8789728567458,116.672845579546));
#8437=CARTESIAN_POINT('Ctrl Pts',(22.6456580977411,19.0562105306749,116.672865250099));
#8438=CARTESIAN_POINT('',(20.795473958636,16.2167238647538,119.67270832118));
#8439=CARTESIAN_POINT('',(23.795532807693,16.2492627132281,116.672708330408));
#8440=CARTESIAN_POINT('',(20.795473958636,16.2167238647538,119.67270832118));
#8441=CARTESIAN_POINT('',(22.6456580977412,19.0562105306748,116.672865250099));
#8442=CARTESIAN_POINT('Ctrl Pts',(23.795532807693,16.2492627132281,116.672708330408));
#8443=CARTESIAN_POINT('Ctrl Pts',(23.7955328076942,16.4841768948967,116.672708530239));
#8444=CARTESIAN_POINT('Ctrl Pts',(23.7505296043545,17.0081029165664,116.672716128468));
#8445=CARTESIAN_POINT('Ctrl Pts',(23.5988197660512,17.5130977924286,116.672739686314));
#8446=CARTESIAN_POINT('Ctrl Pts',(23.4136904545303,17.9730167863976,116.672767020033));
#8447=CARTESIAN_POINT('Ctrl Pts',(23.2897672416696,18.2151909879193,116.672784773522));
#8448=CARTESIAN_POINT('Ctrl Pts',(22.9929868280289,18.6682128800262,116.672824145162));
#8449=CARTESIAN_POINT('Ctrl Pts',(22.8201627239974,18.8789728567458,116.672845579546));
#8450=CARTESIAN_POINT('Ctrl Pts',(22.6456580977411,19.0562105306749,116.672865250099));
#8451=CARTESIAN_POINT('',(20.5025586263429,16.9132746436777,119.67270832118));
#8452=CARTESIAN_POINT('',(22.6456580977412,19.0562105306748,116.672865250099));
#8453=CARTESIAN_POINT('Ctrl Pts',(20.5025586263429,16.9132746436777,119.67270832118));
#8454=CARTESIAN_POINT('Ctrl Pts',(20.5461950947081,16.8696348442536,119.67270832118));
#8455=CARTESIAN_POINT('Ctrl Pts',(20.5895491591111,16.8176720801432,119.67270832118));
#8456=CARTESIAN_POINT('Ctrl Pts',(20.6643356595658,16.7057442632115,119.67270832118));
#8457=CARTESIAN_POINT('Ctrl Pts',(20.6957568727681,16.6457947619181,119.67270832118));
#8458=CARTESIAN_POINT('Ctrl Pts',(20.7430135085166,16.5317200512087,119.67270832118));
#8459=CARTESIAN_POINT('Ctrl Pts',(20.7821590460627,16.406239264599,119.67270832118));
#8460=CARTESIAN_POINT('Ctrl Pts',(20.7948368078018,16.2754687216836,119.67270832118));
#8461=CARTESIAN_POINT('Ctrl Pts',(20.795473958636,16.2167238647538,119.67270832118));
#8462=CARTESIAN_POINT('Ctrl Pts',(20.7955328076929,16.2058718626528,119.67270832118));
#8463=CARTESIAN_POINT('Ctrl Pts',(20.7955328076929,16.2094703289164,119.67270832118));
#8464=CARTESIAN_POINT('Ctrl Pts',(20.7955133921836,16.2130881195165,119.67270832118));
#8465=CARTESIAN_POINT('Ctrl Pts',(20.795473958636,16.2167238647538,119.67270832118));
#8466=CARTESIAN_POINT('Ctrl Pts',(21.7955328076929,16.2058718626528,118.67270832118));
#8467=CARTESIAN_POINT('Ctrl Pts',(21.7955328076929,16.2130666167012,118.67270832118));
#8468=CARTESIAN_POINT('Ctrl Pts',(21.79551986402,16.2203000031397,118.672708320133));
#8469=CARTESIAN_POINT('Ctrl Pts',(21.7954935749883,16.2275701475785,118.672708324256));
#8470=CARTESIAN_POINT('Ctrl Pts',(22.795532807693,16.2058718626528,117.67270832118));
#8471=CARTESIAN_POINT('Ctrl Pts',(22.795532807693,16.216662904486,117.67270832118));
#8472=CARTESIAN_POINT('Ctrl Pts',(22.7955263358565,16.2275118867629,117.672708319087));
#8473=CARTESIAN_POINT('Ctrl Pts',(22.7955131913406,16.2384164304033,117.672708327332));
#8474=CARTESIAN_POINT('Ctrl Pts',(23.795532807693,16.2058718626528,116.67270832118));
#8475=CARTESIAN_POINT('Ctrl Pts',(23.795532807693,16.2202591922707,116.67270832118));
#8476=CARTESIAN_POINT('Ctrl Pts',(23.795532807693,16.2347237703862,116.67270831804));
#8477=CARTESIAN_POINT('Ctrl Pts',(23.795532807693,16.2492627132281,116.672708330408));
#8478=CARTESIAN_POINT('Ctrl Pts',(20.795473958636,16.2167238647538,119.67270832118));
#8479=CARTESIAN_POINT('Ctrl Pts',(20.7955133921836,16.2130881195165,119.67270832118));
#8480=CARTESIAN_POINT('Ctrl Pts',(20.7955328076929,16.2094703289164,119.67270832118));
#8481=CARTESIAN_POINT('Ctrl Pts',(20.7955328076929,16.2058718626528,119.67270832118));
#8482=CARTESIAN_POINT('Ctrl Pts',(23.795532807693,16.2058718626528,116.67270832118));
#8483=CARTESIAN_POINT('Ctrl Pts',(23.795532807693,16.2202591922707,116.67270832118));
#8484=CARTESIAN_POINT('Ctrl Pts',(23.795532807693,16.2347237703862,116.67270831804));
#8485=CARTESIAN_POINT('Ctrl Pts',(23.795532807693,16.2492627132281,116.672708330408));
#8486=CARTESIAN_POINT('Ctrl Pts',(20.4807758977003,16.9350590351463,119.67270832118));
#8487=CARTESIAN_POINT('Ctrl Pts',(19.543298107188,17.8726083940125,119.67270832118));
#8488=CARTESIAN_POINT('Ctrl Pts',(18.6077537237426,18.8082244888691,119.672708321181));
#8489=CARTESIAN_POINT('Ctrl Pts',(17.6741308361823,19.7419192317594,119.672708321181));
#8490=CARTESIAN_POINT('Ctrl Pts',(17.2792233849477,20.1368570766417,119.672708321181));
#8491=CARTESIAN_POINT('Ctrl Pts',(16.8843159337132,20.5317949215241,119.672708321181));
#8492=CARTESIAN_POINT('Ctrl Pts',(16.4894084824787,20.9267327664064,119.672708321181));
#8493=CARTESIAN_POINT('Ctrl Pts',(21.1951705759466,17.6493991796762,118.672761039328));
#8494=CARTESIAN_POINT('Ctrl Pts',(20.257702687158,18.5869582918712,118.672761182044));
#8495=CARTESIAN_POINT('Ctrl Pts',(19.3221682253745,19.5225841593923,118.672761325335));
#8496=CARTESIAN_POINT('Ctrl Pts',(18.3885552795349,20.4562886943979,118.672761469206));
#8497=CARTESIAN_POINT('Ctrl Pts',(17.9936520020107,20.8512307126694,118.672761530061));
#8498=CARTESIAN_POINT('Ctrl Pts',(17.5987487403547,21.2461727468077,118.6727615912));
#8499=CARTESIAN_POINT('Ctrl Pts',(17.2038454946487,21.6411147968949,118.672761652625));
#8500=CARTESIAN_POINT('Ctrl Pts',(21.9095652541928,18.3637393242061,117.672813757477));
#8501=CARTESIAN_POINT('Ctrl Pts',(20.972107267128,19.3013081897298,117.672814042908));
#8502=CARTESIAN_POINT('Ctrl Pts',(20.0365827270063,20.2369438299153,117.67281432949));
#8503=CARTESIAN_POINT('Ctrl Pts',(19.1029797228876,21.1706581570364,117.672814617231));
#8504=CARTESIAN_POINT('Ctrl Pts',(18.7080806190737,21.565604348697,117.672814738942));
#8505=CARTESIAN_POINT('Ctrl Pts',(18.3131815469961,21.9605505720913,117.672814861219));
#8506=CARTESIAN_POINT('Ctrl Pts',(17.9182825068187,22.3554968273834,117.672814984069));
#8507=CARTESIAN_POINT('Ctrl Pts',(22.6239599324391,19.0780794687359,116.672866475625));
#8508=CARTESIAN_POINT('Ctrl Pts',(21.686511847098,20.0156580875885,116.672866903772));
#8509=CARTESIAN_POINT('Ctrl Pts',(20.7509972286381,20.9513035004384,116.672867333644));
#8510=CARTESIAN_POINT('Ctrl Pts',(19.8174041662403,21.8850276196749,116.672867765257));
#8511=CARTESIAN_POINT('Ctrl Pts',(19.4225092361368,22.2799779847246,116.672867947822));
#8512=CARTESIAN_POINT('Ctrl Pts',(19.0276143536375,22.6749283973749,116.672868131238));
#8513=CARTESIAN_POINT('Ctrl Pts',(18.6327195189887,23.0698788578719,116.672868315512));
#8514=CARTESIAN_POINT('',(18.2763577057948,21.8897214920764,117.748153883614));
#8515=CARTESIAN_POINT('',(16.5475165205681,20.8686202560913,119.672708321181));
#8516=CARTESIAN_POINT('Ctrl Pts',(18.2763577057948,21.8897214920764,117.748153883614));
#8517=CARTESIAN_POINT('Ctrl Pts',(18.0268128032967,21.8870403851522,117.924683387987));
#8518=CARTESIAN_POINT('Ctrl Pts',(17.791445719348,21.8375594706845,118.124039710761));
#8519=CARTESIAN_POINT('Ctrl Pts',(17.5792768428693,21.7557013219658,118.32981721487));
#8520=CARTESIAN_POINT('Ctrl Pts',(17.356043195251,21.6695742074285,118.546326175102));
#8521=CARTESIAN_POINT('Ctrl Pts',(17.1544120619961,21.5461190952631,118.773837638661));
#8522=CARTESIAN_POINT('Ctrl Pts',(16.9807307044368,21.3953758386166,119.000884175451));
#8523=CARTESIAN_POINT('Ctrl Pts',(16.8091964004902,21.2464960741623,119.225123956848));
#8524=CARTESIAN_POINT('Ctrl Pts',(16.6623061812015,21.0687256205664,119.452333862173));
#8525=CARTESIAN_POINT('Ctrl Pts',(16.5475165205681,20.8686202560913,119.672708321181));
#8526=CARTESIAN_POINT('',(20.4807758977003,16.9350590351463,119.67270832118));
#8527=CARTESIAN_POINT('Ctrl Pts',(16.5475165205681,20.8686202560913,119.672708321181));
#8528=CARTESIAN_POINT('Ctrl Pts',(16.9230546257728,20.4930532479807,119.672708321181));
#8529=CARTESIAN_POINT('Ctrl Pts',(17.2985927309775,20.1174862398701,119.672708321181));
#8530=CARTESIAN_POINT('Ctrl Pts',(17.6741308361823,19.7419192317594,119.672708321181));
#8531=CARTESIAN_POINT('Ctrl Pts',(18.6077537237426,18.8082244888691,119.672708321181));
#8532=CARTESIAN_POINT('Ctrl Pts',(19.543298107188,17.8726083940125,119.67270832118));
#8533=CARTESIAN_POINT('Ctrl Pts',(20.4807758977003,16.9350590351463,119.67270832118));
#8534=CARTESIAN_POINT('',(22.6239599324392,19.078079468736,116.672866475625));
#8535=CARTESIAN_POINT('',(20.4807758977003,16.9350590351463,119.67270832118));
#8536=CARTESIAN_POINT('',(19.7955328076929,21.9069020485985,116.672867775369));
#8537=CARTESIAN_POINT('Ctrl Pts',(22.6239599324391,19.0780794687359,116.672866475625));
#8538=CARTESIAN_POINT('Ctrl Pts',(21.686511847098,20.0156580875885,116.672866903772));
#8539=CARTESIAN_POINT('Ctrl Pts',(20.7509972286381,20.9513035004384,116.672867333644));
#8540=CARTESIAN_POINT('Ctrl Pts',(19.8174041662403,21.8850276196749,116.672867765257));
#8541=CARTESIAN_POINT('Ctrl Pts',(19.8101137133749,21.8923190959665,116.672867768627));
#8542=CARTESIAN_POINT('Ctrl Pts',(19.8028232605258,21.8996105722744,116.672867771998));
#8543=CARTESIAN_POINT('Ctrl Pts',(19.7955328076929,21.9069020485986,116.672867775369));
#8544=CARTESIAN_POINT('Ctrl Pts',(19.795532807693,21.9069020485985,116.672867775369));
#8545=CARTESIAN_POINT('Ctrl Pts',(19.2892387432447,21.9008934843597,117.031429291974));
#8546=CARTESIAN_POINT('Ctrl Pts',(18.7828466441544,21.8951668441168,117.389858136532));
#8547=CARTESIAN_POINT('Ctrl Pts',(18.2763577057948,21.8897214920764,117.748153883614));
#8548=CARTESIAN_POINT('Ctrl Pts',(20.502558626319,16.9132746436562,119.67270832118));
#8549=CARTESIAN_POINT('Ctrl Pts',(20.4952976007988,16.9205362234582,119.67270832118));
#8550=CARTESIAN_POINT('Ctrl Pts',(20.4880366912611,16.9277976872865,119.67270832118));
#8551=CARTESIAN_POINT('Ctrl Pts',(20.4807758977002,16.9350590351464,119.67270832118));
#8552=CARTESIAN_POINT('Ctrl Pts',(21.2169251167931,17.6275866059957,118.67276063082));
#8553=CARTESIAN_POINT('Ctrl Pts',(21.2096828070113,17.6348668989642,118.672760901536));
#8554=CARTESIAN_POINT('Ctrl Pts',(21.2024312928182,17.6421377562765,118.672761038223));
#8555=CARTESIAN_POINT('Ctrl Pts',(21.1951705759465,17.6493991796763,118.672761039328));
#8556=CARTESIAN_POINT('Ctrl Pts',(21.9312916072672,18.3418985683352,117.67281294046));
#8557=CARTESIAN_POINT('Ctrl Pts',(21.9240680132237,18.3491975744702,117.672813481893));
#8558=CARTESIAN_POINT('Ctrl Pts',(21.9168258943754,18.3564778252666,117.672813755266));
#8559=CARTESIAN_POINT('Ctrl Pts',(21.9095652541928,18.3637393242062,117.672813757477));
#8560=CARTESIAN_POINT('Ctrl Pts',(22.6456580977412,19.0562105306748,116.672865250099));
#8561=CARTESIAN_POINT('Ctrl Pts',(22.6384532194362,19.0635282499761,116.672866062249));
#8562=CARTESIAN_POINT('Ctrl Pts',(22.6312204959325,19.0708178942567,116.672866472309));
#8563=CARTESIAN_POINT('Ctrl Pts',(22.6239599324391,19.0780794687361,116.672866475625));
#8564=CARTESIAN_POINT('Ctrl Pts',(20.4807758977002,16.9350590351464,119.67270832118));
#8565=CARTESIAN_POINT('Ctrl Pts',(20.4880366912611,16.9277976872865,119.67270832118));
#8566=CARTESIAN_POINT('Ctrl Pts',(20.4952976007988,16.9205362234582,119.67270832118));
#8567=CARTESIAN_POINT('Ctrl Pts',(20.502558626319,16.9132746436562,119.67270832118));
#8568=CARTESIAN_POINT('Ctrl Pts',(22.6456580977412,19.0562105306748,116.672865250099));
#8569=CARTESIAN_POINT('Ctrl Pts',(22.6384532194362,19.0635282499761,116.672866062249));
#8570=CARTESIAN_POINT('Ctrl Pts',(22.6312204959325,19.0708178942567,116.672866472309));
#8571=CARTESIAN_POINT('Ctrl Pts',(22.6239599324391,19.0780794687361,116.672866475625));
#8572=CARTESIAN_POINT('Origin',(1.38168978000696,-2.61652655396984,119.672708321174));
#8573=CARTESIAN_POINT('',(16.2763577057948,19.8630044613908,119.672708321181));
#8574=CARTESIAN_POINT('Ctrl Pts',(16.2763577057949,19.8630044613924,119.672708321181));
#8575=CARTESIAN_POINT('Ctrl Pts',(16.2763577057949,20.1098565054386,119.672708321181));
#8576=CARTESIAN_POINT('Ctrl Pts',(16.3341446969461,20.4003877520014,119.672708321181));
#8577=CARTESIAN_POINT('Ctrl Pts',(16.4612441601681,20.7072467422626,119.672708321181));
#8578=CARTESIAN_POINT('Ctrl Pts',(16.5011397492845,20.7888777040003,119.672708321181));
#8579=CARTESIAN_POINT('Ctrl Pts',(16.5475165205681,20.8686202560913,119.672708321181));
#8580=CARTESIAN_POINT('',(16.2763577057948,11.8100741503933,119.672708321178));
#8581=CARTESIAN_POINT('',(16.2763577057948,9.59677379821293,119.672708321178));
#8582=CARTESIAN_POINT('',(4.29553280769295,11.8100741503933,119.672708321178));
#8583=CARTESIAN_POINT('',(2.82902374290091,11.8100741503933,119.672708321178));
#8584=CARTESIAN_POINT('',(4.29553280769295,3.83883238834311,119.672708321176));
#8585=CARTESIAN_POINT('Origin',(18.2763577057948,711.585772801984,128.230103025418));
#8586=CARTESIAN_POINT('',(18.2763577057948,24.8444268878447,63.6016397733292));
#8587=CARTESIAN_POINT('Origin',(18.2763577057948,711.585772801984,128.230103025418));
#8588=CARTESIAN_POINT('',(16.2848881093413,22.8532249737886,65.4142499787093));
#8589=CARTESIAN_POINT('Ctrl Pts',(18.2763577057948,24.8444268878451,63.6016397733292));
#8590=CARTESIAN_POINT('Ctrl Pts',(18.2745764603801,24.8442602356674,63.6034106175521));
#8591=CARTESIAN_POINT('Ctrl Pts',(18.2727952139893,24.8440912210958,63.6051812403603));
#8592=CARTESIAN_POINT('Ctrl Pts',(18.0968014978841,24.8271585501684,63.7801033531361));
#8593=CARTESIAN_POINT('Ctrl Pts',(17.9218608913634,24.7877300919549,63.9518524894666));
#8594=CARTESIAN_POINT('Ctrl Pts',(17.5768253029749,24.6621568195558,64.2861471649173));
#8595=CARTESIAN_POINT('Ctrl Pts',(17.4051560309104,24.5745670654718,64.4501371375944));
#8596=CARTESIAN_POINT('Ctrl Pts',(17.0530492767703,24.3303964425169,64.7805426976326));
#8597=CARTESIAN_POINT('Ctrl Pts',(16.8730050518863,24.1629449254747,64.9455635047411));
#8598=CARTESIAN_POINT('Ctrl Pts',(16.6040740050941,23.8059535829505,65.1822190195672));
#8599=CARTESIAN_POINT('Ctrl Pts',(16.5033836603274,23.6324762234953,65.2671609989212));
#8600=CARTESIAN_POINT('Ctrl Pts',(16.3533908416525,23.2557966367181,65.3827742026953));
#8601=CARTESIAN_POINT('Ctrl Pts',(16.3038098668854,23.0582858423458,65.4142499787094));
#8602=CARTESIAN_POINT('Ctrl Pts',(16.2848881092332,22.8532249732019,65.4142499787093));
#8603=CARTESIAN_POINT('',(16.2763577057948,22.6679360094457,65.4142499787093));
#8604=CARTESIAN_POINT('Ctrl Pts',(16.2763577057948,22.6679360094457,65.4142499787093));
#8605=CARTESIAN_POINT('Ctrl Pts',(16.2763577057948,22.7276112479449,65.4142499787093));
#8606=CARTESIAN_POINT('Ctrl Pts',(16.2790445905036,22.7898969754703,65.4142499787093));
#8607=CARTESIAN_POINT('Ctrl Pts',(16.2848881092878,22.8532249737935,65.4142499787093));
#8608=CARTESIAN_POINT('Origin',(16.2763577057948,711.585772801984,128.230103025418));
#8609=CARTESIAN_POINT('Origin',(23.7955328530493,711.585772801984,128.230103025418));
#8610=CARTESIAN_POINT('Origin',(19.795532807693,711.585772801984,128.230103025418));
#8611=CARTESIAN_POINT('',(-12.2044669019192,22.5989878039061,161.210772337948));
#8612=CARTESIAN_POINT('Origin',(-12.2044669019186,711.585772801984,128.230103025418));
#8613=CARTESIAN_POINT('',(-11.2236422942051,22.5989878039061,161.210772337948));
#8614=CARTESIAN_POINT('',(23.7955328530493,22.5989878039061,161.210772337948));
#8615=CARTESIAN_POINT('',(-11.2236422942053,24.8444268878447,63.6016397733292));
#8616=CARTESIAN_POINT('Origin',(-11.2236422942052,711.585772801984,128.230103025418));
#8617=CARTESIAN_POINT('',(23.7955328530493,24.8444268878447,63.6016397733292));
#8618=CARTESIAN_POINT('Origin',(-12.7044669019186,-33.4932103505052,191.223350957368));
#8619=CARTESIAN_POINT('Origin',(-10.2044669019185,5.52283378339789,193.723350957368));
#8620=CARTESIAN_POINT('',(-15.2044669019186,-39.1232578833624,188.723350957368));
#8621=CARTESIAN_POINT('Origin',(-12.7044669019186,-39.1232578833626,182.736050982768));
#8622=CARTESIAN_POINT('',(-15.2044669019186,-45.1105578579626,182.736050982768));
#8623=CARTESIAN_POINT('Origin',(-12.7044669374205,-47.6105578579627,175.338711828908));
#8624=CARTESIAN_POINT('',(-15.2044669019186,-45.1105578579627,158.736050982768));
#8625=CARTESIAN_POINT('Origin',(-12.7044669374204,-35.1232578833627,158.736050982768));
#8626=CARTESIAN_POINT('',(-15.2044669019186,-35.1232578833626,148.748751008168));
#8627=CARTESIAN_POINT('Origin',(-12.7044669374205,-31.4932103505054,146.248751008168));
#8628=CARTESIAN_POINT('',(-15.2044669019186,-15.4758419844014,148.748751008168));
#8629=CARTESIAN_POINT('Origin',(-12.7044669019186,-15.4758419844015,135.248751008168));
#8630=CARTESIAN_POINT('',(-15.2044669019186,-2.06022213982591,136.755782589068));
#8631=CARTESIAN_POINT('Origin',(-12.7044669019187,-378.691327406058,94.4472663549105));
#8632=CARTESIAN_POINT('Origin',(23.7955329444861,-59.7561491293561,85.9632547297372));
#8633=CARTESIAN_POINT('Origin',(16.7955328125842,-59.7561491293561,85.9632547297372));
#8634=CARTESIAN_POINT('Origin',(11.0263577057948,13.8100741503933,67.4142499787093));
#8635=CARTESIAN_POINT('',(-7.22364229420519,11.8100741503933,67.4142499787093));
#8636=CARTESIAN_POINT('',(-9.22364229420519,13.8100741503933,65.4142499787093));
#8637=CARTESIAN_POINT('Origin',(-7.22364229420519,13.8100741503933,67.4142499787093));
#8638=CARTESIAN_POINT('',(16.2763577057948,11.8100741503933,67.4142499787093));
#8639=CARTESIAN_POINT('',(11.0263577057948,11.8100741503933,67.4142499787093));
#8640=CARTESIAN_POINT('',(16.2763577057948,13.8100741503933,65.4142499787092));
#8641=CARTESIAN_POINT('Origin',(16.2763577057948,13.8100741503933,67.4142499787093));
#8642=CARTESIAN_POINT('',(11.0263577057948,13.8100741503933,65.4142499787093));
#8643=CARTESIAN_POINT('Origin',(-7.22364229420515,13.8100741503933,96.8491553455565));
#8644=CARTESIAN_POINT('',(-9.22364229420508,13.8100741503934,141.18892081613));
#8645=CARTESIAN_POINT('',(-9.22364229420515,13.8100741503933,96.8491553455565));
#8646=CARTESIAN_POINT('',(-7.22364229420508,11.8100741503934,141.18892081613));
#8647=CARTESIAN_POINT('Origin',(-7.22364229420509,13.8100741503933,141.18892081613));
#8648=CARTESIAN_POINT('',(-7.22364229420515,11.8100741503933,96.8491553455565));
#8649=CARTESIAN_POINT('Origin',(17.7763577057948,21.8100741503933,65.4142499787093));
#8650=CARTESIAN_POINT('',(16.2763577057948,21.8100741503933,65.4142499787092));
#8651=CARTESIAN_POINT('',(-9.23217269775175,22.8532249737886,65.4142499787093));
#8652=CARTESIAN_POINT('',(23.7955328530493,22.8532249732032,65.4142499787093));
#8653=CARTESIAN_POINT('',(-9.22364229420519,22.6679360094455,65.4142499787093));
#8654=CARTESIAN_POINT('Ctrl Pts',(-9.2321726976982,22.8532249737935,65.4142499787093));
#8655=CARTESIAN_POINT('Ctrl Pts',(-9.22632917891405,22.7898969754703,65.4142499787093));
#8656=CARTESIAN_POINT('Ctrl Pts',(-9.22364229420527,22.7276112479448,65.4142499787093));
#8657=CARTESIAN_POINT('Ctrl Pts',(-9.22364229420527,22.6679360094455,65.4142499787093));
#8658=CARTESIAN_POINT('',(-9.22364229420519,21.8100741503934,65.4142499787093));
#8659=CARTESIAN_POINT('Origin',(23.7955328530493,22.8532249732032,63.4142499787093));
#8660=CARTESIAN_POINT('Ctrl Pts',(-9.23217269769819,22.8532249737935,65.4142499787093));
#8661=CARTESIAN_POINT('Ctrl Pts',(-9.25108308297272,23.0581625963505,65.4142499786488));
#8662=CARTESIAN_POINT('Ctrl Pts',(-9.30061644688602,23.255563720205,65.3828118342973));
#8663=CARTESIAN_POINT('Ctrl Pts',(-9.4505018709003,23.6321468259546,65.2672974098297));
#8664=CARTESIAN_POINT('Ctrl Pts',(-9.55115285787253,23.8056243410729,65.1823948948275));
#8665=CARTESIAN_POINT('Ctrl Pts',(-9.81998874014554,24.1626207696479,64.9458352236026));
#8666=CARTESIAN_POINT('Ctrl Pts',(-9.99997381810242,24.3300843910505,64.7808748002823));
#8667=CARTESIAN_POINT('Ctrl Pts',(-10.3520819444491,24.5743718855316,64.4504786458516));
#8668=CARTESIAN_POINT('Ctrl Pts',(-10.5238210938974,24.6620309259904,64.2864250387236));
#8669=CARTESIAN_POINT('Ctrl Pts',(-10.8689985237836,24.7876970106383,63.9519967683386));
#8670=CARTESIAN_POINT('Ctrl Pts',(-11.0440130978861,24.8271515317343,63.7801758970156));
#8671=CARTESIAN_POINT('Ctrl Pts',(-11.2200798322221,24.8440912239236,63.6051812107358));
#8672=CARTESIAN_POINT('Ctrl Pts',(-11.2218610636686,24.8442602370593,63.6034106027609));
#8673=CARTESIAN_POINT('Ctrl Pts',(-11.2236422942053,24.8444268878449,63.6016397733292));
#8674=CARTESIAN_POINT('Origin',(16.2763577057948,21.8100741503933,127.414249978709));
#8675=CARTESIAN_POINT('',(16.2763577057948,11.8100741503933,125.349155345556));
#8676=CARTESIAN_POINT('Origin',(3.79553289627349,-50.1105578579624,155.852548719059));
#8677=CARTESIAN_POINT('',(0.295532896273485,-45.1023067086512,155.852548719056));
#8678=CARTESIAN_POINT('Ctrl Pts',(3.79553289627348,-43.3175790640065,152.352548719059));
#8679=CARTESIAN_POINT('Ctrl Pts',(3.34796614531891,-43.3175790640065,152.352548719059));
#8680=CARTESIAN_POINT('Ctrl Pts',(2.88228220082127,-43.3902771390104,152.443325505985));
#8681=CARTESIAN_POINT('Ctrl Pts',(2.04133447516556,-43.6429799277829,152.789931760236));
#8682=CARTESIAN_POINT('Ctrl Pts',(1.66486458864073,-43.819484263306,153.045376987625));
#8683=CARTESIAN_POINT('Ctrl Pts',(1.04691134456024,-44.1820249713019,153.640393686335));
#8684=CARTESIAN_POINT('Ctrl Pts',(0.768767701548968,-44.3966872230345,154.031913569952));
#8685=CARTESIAN_POINT('Ctrl Pts',(0.392791113908925,-44.7902320432425,154.905253227496));
#8686=CARTESIAN_POINT('Ctrl Pts',(0.295532896273919,-44.9680188796602,155.387813588098));
#8687=CARTESIAN_POINT('Ctrl Pts',(0.295532896273487,-45.1023067086512,155.852548719056));
#8688=CARTESIAN_POINT('',(0.295532896273492,-50.1105578579624,155.852548719056));
#8689=CARTESIAN_POINT('Origin',(0.295532896273492,-50.1105578579624,155.852548719056));
#8690=CARTESIAN_POINT('',(0.29553289628815,-44.8226451890937,185.619553246474));
#8691=CARTESIAN_POINT('',(0.2955328962672,-45.5105578579625,182.736050982768));
#8692=CARTESIAN_POINT('Origin',(0.295532896273473,-39.1232578833627,182.736050982768));
#8693=CARTESIAN_POINT('',(0.295532896288157,-50.1105578579624,185.619553246474));
#8694=CARTESIAN_POINT('',(0.295532896272812,-45.5105578579625,158.736050982768));
#8695=CARTESIAN_POINT('Origin',(0.295532896273478,-35.1232578833627,158.736050982768));
#8696=CARTESIAN_POINT('',(0.295532896273149,-45.5105578579627,157.294299850912));
#8697=CARTESIAN_POINT('Origin',(3.79553289627346,-50.1105578579624,185.619553246477));
#8698=CARTESIAN_POINT('Ctrl Pts',(0.295532896288149,-44.8226451890921,185.619553246477));
#8699=CARTESIAN_POINT('Ctrl Pts',(0.295532896288149,-44.5357131031242,186.186688951191));
#8700=CARTESIAN_POINT('Ctrl Pts',(0.436794248030242,-44.1497739083822,186.727927454499));
#8701=CARTESIAN_POINT('Ctrl Pts',(0.892222362617028,-43.2653076550325,187.639555621136));
#8702=CARTESIAN_POINT('Ctrl Pts',(1.20542546661901,-42.767076095595,188.010712960452));
#8703=CARTESIAN_POINT('Ctrl Pts',(1.90588600157544,-41.7211107360863,188.60782732941));
#8704=CARTESIAN_POINT('Ctrl Pts',(2.34961403586656,-41.1030548659624,188.833180207048));
#8705=CARTESIAN_POINT('Ctrl Pts',(2.93612255372775,-40.3070608325794,189.018596928213));
#8706=CARTESIAN_POINT('Ctrl Pts',(3.12339582293512,-40.0564248140347,189.058448815272));
#8707=CARTESIAN_POINT('Ctrl Pts',(3.37079390424147,-39.7371164544607,189.094686475862));
#8708=CARTESIAN_POINT('Ctrl Pts',(3.44752173590734,-39.6399038123917,189.10301741357));
#8709=CARTESIAN_POINT('Ctrl Pts',(3.55977863285602,-39.509580032544,189.111805961379));
#8710=CARTESIAN_POINT('Ctrl Pts',(3.59532627180503,-39.4700393334523,189.114042746227));
#8711=CARTESIAN_POINT('Ctrl Pts',(3.65454273687186,-39.4137242505463,189.116769776564));
#8712=CARTESIAN_POINT('Ctrl Pts',(3.67447856243669,-39.3961104025007,189.117542133554));
#8713=CARTESIAN_POINT('Ctrl Pts',(3.71060145550263,-39.3711719547354,189.118543348764));
#8714=CARTESIAN_POINT('Ctrl Pts',(3.7234805763745,-39.3632260644254,189.11884525274));
#8715=CARTESIAN_POINT('Ctrl Pts',(3.75420510261585,-39.3496004761375,189.119342962087));
#8716=CARTESIAN_POINT('Ctrl Pts',(3.77185498651135,-39.3434846186454,189.119553246463));
#8717=CARTESIAN_POINT('Ctrl Pts',(3.79553289627341,-39.3434846186454,189.119553246463));
#8718=CARTESIAN_POINT('Origin',(3.79553266393894,-45.5105578579627,158.736050982768));
#8719=CARTESIAN_POINT('',(-0.204467103726506,-45.5105578579625,158.736050982768));
#8720=CARTESIAN_POINT('',(0.795532896273635,-45.5105578579625,158.736050982768));
#8721=CARTESIAN_POINT('',(-0.204467103726506,-45.5105578579625,182.736050982768));
#8722=CARTESIAN_POINT('',(-0.204467103726506,-45.5105578579625,162.586050982768));
#8723=CARTESIAN_POINT('',(0.795532896273635,-45.5105578579625,182.736050982768));
#8724=CARTESIAN_POINT('Origin',(3.79553266393893,-35.1232578833627,158.736050982768));
#8725=CARTESIAN_POINT('',(-0.204467103726504,-35.1232578833626,148.348751008168));
#8726=CARTESIAN_POINT('',(0.795532896273634,-35.1232578833626,148.348751008168));
#8727=CARTESIAN_POINT('Origin',(-0.204467103726492,-35.1232578833625,158.736050982768));
#8728=CARTESIAN_POINT('Origin',(-0.204467103726506,-22.4938620372821,166.436050982768));
#8729=CARTESIAN_POINT('',(-0.204467103726506,-31.9413667937987,148.789812730292));
#8730=CARTESIAN_POINT('',(-0.204467103726506,-29.1578446399346,148.789812730292));
#8731=CARTESIAN_POINT('',(-0.204467103726506,-22.2517108366278,148.789812730292));
#8732=CARTESIAN_POINT('',(-0.204467103726506,-31.9454257555542,148.748751008168));
#8733=CARTESIAN_POINT('Origin',(-0.204467103726506,-65.2027700115647,152.056979486924));
#8734=CARTESIAN_POINT('',(-0.204467103726504,-35.1232578833626,148.748751008168));
#8735=CARTESIAN_POINT('',(-0.204467103726507,-27.2196438964184,148.748751008168));
#8736=CARTESIAN_POINT('',(-0.204467103726507,-38.5702974077547,149.362466860357));
#8737=CARTESIAN_POINT('Origin',(-0.204467103726507,-35.1232578833627,158.736050982768));
#8738=CARTESIAN_POINT('',(-0.204467103726506,-43.2281496266925,152.900222797194));
#8739=CARTESIAN_POINT('Origin',(-0.204467103726487,-39.2486350741227,153.304529519725));
#8740=CARTESIAN_POINT('',(-0.204467103726506,-45.1105578579625,158.736050982768));
#8741=CARTESIAN_POINT('Origin',(-0.204467103726507,-35.1232578833627,158.736050982768));
#8742=CARTESIAN_POINT('',(-0.204467103726506,-45.1105578579625,182.736050982768));
#8743=CARTESIAN_POINT('',(-0.204467103726507,-45.1105578579627,162.586050982768));
#8744=CARTESIAN_POINT('',(-0.204467103726506,-39.1232578833625,188.723350957368));
#8745=CARTESIAN_POINT('Origin',(-0.204467103726507,-39.1232578833627,182.736050982768));
#8746=CARTESIAN_POINT('',(-0.204467103726507,-30.8085599603224,188.723350957368));
#8747=CARTESIAN_POINT('',(-0.204467103726506,-39.1232578833625,189.123350957368));
#8748=CARTESIAN_POINT('',(-0.204467103726504,-30.8085599603223,189.123350957368));
#8749=CARTESIAN_POINT('Origin',(-0.204467103726498,-39.1232578833625,182.736050982768));
#8750=CARTESIAN_POINT('',(-0.204467103726504,-26.7061178656638,148.348751008168));
#8751=CARTESIAN_POINT('Origin',(-0.204467103726507,-25.9984230620904,144.914499156728));
#8752=CARTESIAN_POINT('',(-0.204467103726486,-40.8488382745285,153.304529519725));
#8753=CARTESIAN_POINT('Origin',(-0.204467103726487,-39.2486350741227,153.304529519725));
#8754=CARTESIAN_POINT('Origin',(-15.2044669729223,-39.1232578833627,188.723350957368));
#8755=CARTESIAN_POINT('',(-2.20446719230705,-39.1232578833627,188.723350957368));
#8756=CARTESIAN_POINT('',(-15.2044669729223,-39.1232578833627,188.723350957368));
#8757=CARTESIAN_POINT('',(-2.20446719230705,-14.4145332763566,188.723350957368));
#8758=CARTESIAN_POINT('Origin',(-15.2044669729223,-39.1232578833627,182.736050982768));
#8759=CARTESIAN_POINT('',(-2.20446719230705,-45.1105578579627,182.736050982768));
#8760=CARTESIAN_POINT('',(-15.2044669729223,-45.1105578579627,182.736050982768));
#8761=CARTESIAN_POINT('Origin',(-2.20446719230705,-39.1232578833627,182.736050982768));
#8762=CARTESIAN_POINT('Origin',(-15.2044669729223,-45.1105578579627,158.736050982768));
#8763=CARTESIAN_POINT('',(-2.20446719230705,-45.1105578579627,158.736050982768));
#8764=CARTESIAN_POINT('',(-15.2044669729223,-45.1105578579627,158.736050982768));
#8765=CARTESIAN_POINT('',(-2.20446719230705,-45.1105578579627,149.820358728354));
#8766=CARTESIAN_POINT('Origin',(-15.2044669729223,-35.1232578833627,158.736050982768));
#8767=CARTESIAN_POINT('',(-2.20446742464155,-43.2281496266926,152.900222797194));
#8768=CARTESIAN_POINT('',(-2.20446742464155,-43.2281496266926,152.900222797194));
#8769=CARTESIAN_POINT('Origin',(-2.20446719230705,-35.1232578833627,158.736050982768));
#8770=CARTESIAN_POINT('Origin',(-2.20446742464155,-39.2486350741227,153.304529519725));
#8771=CARTESIAN_POINT('',(-2.20446742464155,-38.5702974077548,149.362466860357));
#8772=CARTESIAN_POINT('',(-2.20446742464155,-38.570297407755,149.362466860357));
#8773=CARTESIAN_POINT('Origin',(-2.20446719230702,-39.2486350741227,153.304529519725));
#8774=CARTESIAN_POINT('Origin',(-2.20446742464155,-39.2486350741227,153.304529519725));
#8775=CARTESIAN_POINT('',(-2.20446742464155,-40.8488382745287,153.304529519725));
#8776=CARTESIAN_POINT('Origin',(3.79553298485381,-25.9984230620904,144.914499156728));
#8777=CARTESIAN_POINT('',(-2.20446701514619,-29.1578446399347,148.789812730292));
#8778=CARTESIAN_POINT('Origin',(-2.20446701514619,-25.9984230620904,144.914499156728));
#8779=CARTESIAN_POINT('',(3.79553298485381,-29.1578446399348,148.789812730292));
#8780=CARTESIAN_POINT('Origin',(-2.20446700905562,-65.2027700115647,152.056979486924));
#8781=CARTESIAN_POINT('',(-2.20446710372671,-31.9413667937991,148.789812730292));
#8782=CARTESIAN_POINT('',(0.795532807693008,-31.9413667937988,148.789812730292));
#8783=CARTESIAN_POINT('',(-2.20446719230703,-31.9454257555544,148.748751008168));
#8784=CARTESIAN_POINT('Origin',(-2.20446719230703,-65.2027700115647,152.056979486924));
#8785=CARTESIAN_POINT('',(-2.20446700905562,-31.9454257555544,148.748751008168));
#8786=CARTESIAN_POINT('Origin',(-2.20446710372671,-22.0095596359732,148.789812730292));
#8787=CARTESIAN_POINT('',(-2.20446719230705,-5.85768415266175,148.789812730291));
#8788=CARTESIAN_POINT('Origin',(3.79553266393893,-30.9183736940455,148.348751008168));
#8789=CARTESIAN_POINT('Origin',(3.79553266393891,-39.1232578833627,189.123350957368));
#8790=CARTESIAN_POINT('',(0.795532896273635,-39.1232578833625,189.123350957368));
#8791=CARTESIAN_POINT('Origin',(3.79553266393891,-39.1232578833627,182.736050982768));
#8792=CARTESIAN_POINT('Origin',(4.29553280769295,3.83883238834112,126.172708321176));
#8793=CARTESIAN_POINT('',(-2.20446719230702,11.8100741503933,126.172708321178));
#8794=CARTESIAN_POINT('Origin',(4.29553280769295,11.8100741503924,126.172708321178));
#8795=CARTESIAN_POINT('',(-2.20446719230705,3.83883238834112,126.172708321176));
#8796=CARTESIAN_POINT('Origin',(-2.20446719230705,10.2941913306496,140.90466647394));
#8797=CARTESIAN_POINT('',(-2.20446719230705,-35.1232578833627,148.748751008168));
#8798=CARTESIAN_POINT('Origin',(-2.20446719230705,-35.1232578833627,158.736050982768));
#8799=CARTESIAN_POINT('',(-2.20446719230705,-10.8256172124524,148.748751008168));
#8800=CARTESIAN_POINT('',(-2.20446701514619,-22.8390014842459,148.789812730292));
#8801=CARTESIAN_POINT('Origin',(-2.20446701514619,-25.9984230620904,144.914499156728));
#8802=CARTESIAN_POINT('',(-2.20446710372671,-22.0095596359732,148.789812730292));
#8803=CARTESIAN_POINT('',(-2.20446719230705,-5.85768415266175,148.789812730291));
#8804=CARTESIAN_POINT('Origin',(-2.20446719230705,-22.0095596359735,136.777112704892));
#8805=CARTESIAN_POINT('Origin',(-2.20446719230705,-6.09013875712355,135.272652455971));
#8806=CARTESIAN_POINT('',(-2.20446710372664,11.8100741503934,141.18892081613));
#8807=CARTESIAN_POINT('',(-2.20446719230702,11.8100741503933,123.327694176674));
#8808=CARTESIAN_POINT('',(-2.20446719230705,15.3787113665151,141.188920815771));
#8809=CARTESIAN_POINT('',(-2.20446719230705,-13.3318144238253,141.188920818654));
#8810=CARTESIAN_POINT('',(-2.20446719230705,17.0035192079647,174.12662007605));
#8811=CARTESIAN_POINT('',(-2.20446719230705,15.1595650695583,136.746441748998));
#8812=CARTESIAN_POINT('',(-2.20446719230705,10.67984995249,188.723350957368));
#8813=CARTESIAN_POINT('',(-2.20446719230705,19.2737903638594,168.886223124308));
#8814=CARTESIAN_POINT('',(-2.20446719230705,5.52283378339788,188.723350957368));
#8815=CARTESIAN_POINT('',(-2.20446719230705,-14.4145332763566,188.723350957368));
#8816=CARTESIAN_POINT('Origin',(-2.20446719230705,5.52283378339789,193.723350957368));
#8817=CARTESIAN_POINT('',(-2.20446719230705,1.1996758225074,175.57834206735));
#8818=CARTESIAN_POINT('Origin',(-2.20446719230705,1.1996758225074,181.178545267756));
#8819=CARTESIAN_POINT('Origin',(4.27635770579487,11.8100741503933,123.284060712404));
#8820=CARTESIAN_POINT('',(1.03594525674391,11.8100741503933,141.18892081613));
#8821=CARTESIAN_POINT('Origin',(-15.2044669729223,-31.9454257555545,148.748751008168));
#8822=CARTESIAN_POINT('',(-15.2044669729223,-35.1232578833627,148.748751008168));
#8823=CARTESIAN_POINT('Origin',(-15.2044669729223,-35.1232578833627,158.736050982768));
#8824=CARTESIAN_POINT('Origin',(0.795532896273391,5.52283378339789,193.723350957368));
#8825=CARTESIAN_POINT('',(0.795532896273391,5.52283378339788,188.723350957368));
#8826=CARTESIAN_POINT('Origin',(0.795532896273392,10.6798499524901,188.723350957368));
#8827=CARTESIAN_POINT('',(-7.20446703832447,10.6798499524899,188.723350957368));
#8828=CARTESIAN_POINT('Origin',(-15.2044669729223,10.4861119675571,189.170550378038));
#8829=CARTESIAN_POINT('',(-9.2044669019182,17.0035192079646,174.12662007605));
#8830=CARTESIAN_POINT('',(-10.2347044251262,17.0035192079647,174.12662007605));
#8831=CARTESIAN_POINT('',(-9.223642294205,17.0033539382976,174.12700156293));
#8832=CARTESIAN_POINT('Origin',(-9.2044669019182,16.1046537212688,176.201443580844));
#8833=CARTESIAN_POINT('',(-9.22364229420506,20.8065954813039,165.348096304428));
#8834=CARTESIAN_POINT('',(-9.22364229420509,33.0398936554128,137.110351092849));
#8835=CARTESIAN_POINT('Ctrl Pts',(-11.2236422942051,22.5989878039064,161.210772337948));
#8836=CARTESIAN_POINT('Ctrl Pts',(-11.1372297711263,22.5989878039064,161.210772337948));
#8837=CARTESIAN_POINT('Ctrl Pts',(-11.0348253905634,22.5925043677536,161.225737853835));
#8838=CARTESIAN_POINT('Ctrl Pts',(-10.8572632509581,22.5705861641703,161.276330967767));
#8839=CARTESIAN_POINT('Ctrl Pts',(-10.7502726087447,22.5495018359064,161.324999272994));
#8840=CARTESIAN_POINT('Ctrl Pts',(-10.4169757130529,22.4624892802825,161.525847673887));
#8841=CARTESIAN_POINT('Ctrl Pts',(-10.1930054511946,22.3509167594611,161.783387085641));
#8842=CARTESIAN_POINT('Ctrl Pts',(-9.78936833615314,22.0839673006593,162.399578295462));
#8843=CARTESIAN_POINT('Ctrl Pts',(-9.5951453614538,21.8662407351961,162.902149817372));
#8844=CARTESIAN_POINT('Ctrl Pts',(-9.31118857920212,21.4116697431492,163.951422030908));
#8845=CARTESIAN_POINT('Ctrl Pts',(-9.22364229420514,21.0824630561474,164.711319682155));
#8846=CARTESIAN_POINT('Ctrl Pts',(-9.22364229420514,20.8065954813039,165.348096304428));
#8847=CARTESIAN_POINT('',(-14.179340636072,20.8289830689564,165.296419725714));
#8848=CARTESIAN_POINT('Ctrl Pts',(-14.179340636072,20.8289830689563,165.296419725714));
#8849=CARTESIAN_POINT('Ctrl Pts',(-13.1847285774143,21.7152505357397,163.250675842081));
#8850=CARTESIAN_POINT('Ctrl Pts',(-12.2044669019192,22.5989878039061,161.210772337948));
#8851=CARTESIAN_POINT('Ctrl Pts',(-15.2044669019191,18.6392981311024,170.350801993581));
#8852=CARTESIAN_POINT('Ctrl Pts',(-15.2044669019191,19.3453796684935,168.720975738414));
#8853=CARTESIAN_POINT('Ctrl Pts',(-14.9029929377816,20.1841593040678,166.784846552244));
#8854=CARTESIAN_POINT('Ctrl Pts',(-14.1793406360721,20.828983068957,165.296419725712));
#8855=CARTESIAN_POINT('Origin',(21.795532807693,711.585772801984,128.230103025418));
#8856=CARTESIAN_POINT('Origin',(22.6239599324392,711.585772801984,128.230103025418));
#8857=CARTESIAN_POINT('Origin',(19.795532807693,711.585772801984,128.230103025418));
#8858=CARTESIAN_POINT('Origin',(23.795532807693,711.585772801984,128.230103025418));
#8859=CARTESIAN_POINT('Origin',(20.295532807693,-378.691327406058,94.4472663549105));
#8860=CARTESIAN_POINT('',(22.6239599334273,-1.06071866932952,53.6458276800696));
#8861=CARTESIAN_POINT('Ctrl Pts',(22.6239599334273,-1.06071866932952,53.6458276800696));
#8862=CARTESIAN_POINT('Ctrl Pts',(21.8421075178166,-1.82121112552946,53.8856364811604));
#8863=CARTESIAN_POINT('Ctrl Pts',(21.058392981044,-2.5834829261395,54.1272158049581));
#8864=CARTESIAN_POINT('Ctrl Pts',(19.1124653853562,-4.47608424472009,54.7302392118399));
#8865=CARTESIAN_POINT('Ctrl Pts',(17.9504697775461,-5.60616105981179,55.0931652098165));
#8866=CARTESIAN_POINT('Ctrl Pts',(16.7955328113493,-6.72929126066448,55.456964107974));
#8867=CARTESIAN_POINT('Origin',(22.6239599324392,-378.691327406058,94.4472663549105));
#8868=CARTESIAN_POINT('Origin',(19.795532807693,-378.691327406058,94.4472663549105));
#8869=CARTESIAN_POINT('',(23.795532807693,1.69057225524664,52.7833909449823));
#8870=CARTESIAN_POINT('Ctrl Pts',(23.795532807693,1.69057225524658,52.7833909449823));
#8871=CARTESIAN_POINT('Ctrl Pts',(23.795532807693,1.68764414878747,52.7843034769069));
#8872=CARTESIAN_POINT('Ctrl Pts',(23.7955294100305,1.68471604783754,52.7852160237076));
#8873=CARTESIAN_POINT('Ctrl Pts',(23.7943256887963,1.166032648785,52.9468673783642));
#8874=CARTESIAN_POINT('Ctrl Pts',(23.6877260819561,0.655053179079911,53.1066525037963));
#8875=CARTESIAN_POINT('Ctrl Pts',(23.2810684135005,-0.283052299533951,53.4008773317006));
#8876=CARTESIAN_POINT('Ctrl Pts',(22.9904141442647,-0.704275870700612,53.5334293005979));
#8877=CARTESIAN_POINT('Ctrl Pts',(22.6239599334273,-1.06071866932954,53.6458276800695));
#8878=CARTESIAN_POINT('Origin',(23.795532807693,-378.691327406058,94.4472663549105));
#8879=CARTESIAN_POINT('Origin',(-2.70446719230705,-6.09013875712355,135.272652455971));
#8880=CARTESIAN_POINT('Origin',(-3.20446719230705,-6.09013875712355,135.272652455971));
#8881=CARTESIAN_POINT('Origin',(23.795532807693,-24.1238614298435,170.853348821473));
#8882=CARTESIAN_POINT('Origin',(23.795532807693,-59.7561491293561,85.9632547297372));
#8883=CARTESIAN_POINT('',(23.7955328962734,-3.83281736500196,31.139012488734));
#8884=CARTESIAN_POINT('',(23.7955328962734,8.29153828798059,52.1390124887338));
#8885=CARTESIAN_POINT('',(23.795532807693,23.8798432611522,79.1387487061444));
#8886=CARTESIAN_POINT('',(23.7955328962734,20.4158939409624,31.1390124887335));
#8887=CARTESIAN_POINT('',(23.795532807693,-21.4627944411372,103.675028520878));
#8888=CARTESIAN_POINT('',(23.795532807693,-1.85398374444192,31.139012488734));
#8889=CARTESIAN_POINT('Ctrl Pts',(-15.2044669019187,15.806407995236,35.8003004403243));
#8890=CARTESIAN_POINT('Ctrl Pts',(-15.2044669019187,15.320568879816,35.9686000467667));
#8891=CARTESIAN_POINT('Ctrl Pts',(-15.0078312208001,14.5137588298178,36.2480872464978));
#8892=CARTESIAN_POINT('Ctrl Pts',(-14.3768919111884,13.7894708066788,36.4989879775759));
#8893=CARTESIAN_POINT('Ctrl Pts',(-13.9288663771755,13.6413444857747,36.5503004403248));
#8894=CARTESIAN_POINT('Ctrl Pts',(-13.704466901919,13.6413444857746,36.5503004403248));
#8895=CARTESIAN_POINT('Ctrl Pts',(-15.2044669019187,15.806407995236,35.5759009650679));
#8896=CARTESIAN_POINT('Ctrl Pts',(-15.1792204013386,15.3206160360419,35.7281665009876));
#8897=CARTESIAN_POINT('Ctrl Pts',(-14.9292559978125,14.542319518218,35.989342406386));
#8898=CARTESIAN_POINT('Ctrl Pts',(-14.3005906345741,13.9099231888534,36.2384683025166));
#8899=CARTESIAN_POINT('Ctrl Pts',(-13.9029113855483,13.7909441359456,36.2911862454342));
#8900=CARTESIAN_POINT('Ctrl Pts',(-13.704466901919,13.7909441359456,36.2911862454342));
#8901=CARTESIAN_POINT('Ctrl Pts',(-15.307161088792,15.806407995236,35.1280393715481));
#8902=CARTESIAN_POINT('Ctrl Pts',(-15.2465323267666,15.3006589674926,35.2368751475356));
#8903=CARTESIAN_POINT('Ctrl Pts',(-14.9046088235246,14.5293571249588,35.4335803392694));
#8904=CARTESIAN_POINT('Ctrl Pts',(-14.2312759939281,14.0075567746958,35.6378292171296));
#8905=CARTESIAN_POINT('Ctrl Pts',(-13.8790097277319,13.9289912057296,35.6836024849358));
#8906=CARTESIAN_POINT('Ctrl Pts',(-13.704466901919,13.9289912057296,35.6836024849357));
#8907=CARTESIAN_POINT('Ctrl Pts',(-15.808958171658,15.8064079952363,34.4971336870429));
#8908=CARTESIAN_POINT('Ctrl Pts',(-15.7455559908949,15.2031132297948,34.5263475832867));
#8909=CARTESIAN_POINT('Ctrl Pts',(-15.3278792153462,14.2731935895584,34.5819514840799));
#8910=CARTESIAN_POINT('Ctrl Pts',(-14.4384754097004,13.6290399047328,34.645682595752));
#8911=CARTESIAN_POINT('Ctrl Pts',(-13.947978231367,13.5304329291954,34.6605642933411));
#8912=CARTESIAN_POINT('Ctrl Pts',(-13.7044669019187,13.5304329291954,34.660564293341));
#8913=CARTESIAN_POINT('Ctrl Pts',(-16.3678676890341,15.8064079952365,34.3003004403247));
#8914=CARTESIAN_POINT('Ctrl Pts',(-16.3436556814761,15.0945699549904,34.2997992867271));
#8915=CARTESIAN_POINT('Ctrl Pts',(-15.9402008484199,13.9389002280891,34.3009023116221));
#8916=CARTESIAN_POINT('Ctrl Pts',(-14.8180445990886,12.9758364998059,34.2994753035867));
#8917=CARTESIAN_POINT('Ctrl Pts',(-14.0753917963508,12.7911053306107,34.3003004403248));
#8918=CARTESIAN_POINT('Ctrl Pts',(-13.7044669019184,12.7911053306108,34.3003004403248));
#8919=CARTESIAN_POINT('Ctrl Pts',(-16.7044669019186,15.8064079952367,34.3003004403247));
#8920=CARTESIAN_POINT('Ctrl Pts',(-16.7044669019188,15.0290654105648,34.3003004403248));
#8921=CARTESIAN_POINT('Ctrl Pts',(-16.3111955396814,13.738169330567,34.3003004403248));
#8922=CARTESIAN_POINT('Ctrl Pts',(-15.0493169204578,12.5793084935446,34.3003004403248));
#8923=CARTESIAN_POINT('Ctrl Pts',(-14.1532658524312,12.3423063800979,34.3003004403248));
#8924=CARTESIAN_POINT('Ctrl Pts',(-13.7044669019183,12.3423063800979,34.3003004403248));
#8925=CARTESIAN_POINT('',(-13.7044669019186,12.3423063800979,34.3003004403248));
#8926=CARTESIAN_POINT('',(-13.7044669019187,13.6413444857746,36.5503004403248));
#8927=CARTESIAN_POINT('Origin',(-13.7044669019186,12.342306380098,35.8003004403248));
#8928=CARTESIAN_POINT('Origin',(-13.7044669019187,15.8064079952357,35.8003004403247));
#8929=CARTESIAN_POINT('Origin',(-13.7044669019187,15.8064079952357,34.3003004403247));
#8930=CARTESIAN_POINT('Origin',(23.7955328962734,12.342306380098,35.8003004403248));
#8931=CARTESIAN_POINT('',(22.295532807693,12.3423063800979,34.3003004403248));
#8932=CARTESIAN_POINT('',(22.295532807693,13.6413444857746,36.5503004403248));
#8933=CARTESIAN_POINT('Origin',(22.295532807693,12.342306380098,35.8003004403248));
#8934=CARTESIAN_POINT('',(23.7955328962734,13.6413444857746,36.5503004403248));
#8935=CARTESIAN_POINT('',(23.7955328962734,12.3423063800979,34.3003004403248));
#8936=CARTESIAN_POINT('Ctrl Pts',(22.2955328076933,13.6413444857746,36.5503004403248));
#8937=CARTESIAN_POINT('Ctrl Pts',(22.6054141943578,13.6413444857747,36.5503004403248));
#8938=CARTESIAN_POINT('Ctrl Pts',(23.1205366361838,13.8803616348449,36.4675024711108));
#8939=CARTESIAN_POINT('Ctrl Pts',(23.6208317192858,14.665940404999,36.1953700024598));
#8940=CARTESIAN_POINT('Ctrl Pts',(23.7581971683399,15.2412911177715,35.996062669121));
#8941=CARTESIAN_POINT('Ctrl Pts',(23.7838884813317,15.5371598570984,35.8935707313439));
#8942=CARTESIAN_POINT('Ctrl Pts',(22.2955328076933,13.7909441359456,36.2911862454342));
#8943=CARTESIAN_POINT('Ctrl Pts',(22.569572003608,13.7909441359456,36.2911862454342));
#8944=CARTESIAN_POINT('Ctrl Pts',(23.0324254941177,13.9817374934101,36.2056869745276));
#8945=CARTESIAN_POINT('Ctrl Pts',(23.5565959252762,14.6899442656133,35.9401376309394));
#8946=CARTESIAN_POINT('Ctrl Pts',(23.7274698637578,15.2464074396624,35.7544577977899));
#8947=CARTESIAN_POINT('Ctrl Pts',(23.7694672840992,15.5387251605699,35.6607340637247));
#8948=CARTESIAN_POINT('Ctrl Pts',(22.2955328076933,13.9289763528005,35.683621679709));
#8949=CARTESIAN_POINT('Ctrl Pts',(22.5365653361047,13.9289763528005,35.683621679709));
#8950=CARTESIAN_POINT('Ctrl Pts',(22.9565955665972,14.0531696738502,35.6091244627505));
#8951=CARTESIAN_POINT('Ctrl Pts',(23.5548814517339,14.6772569280955,35.39664034387));
#8952=CARTESIAN_POINT('Ctrl Pts',(23.7839816660792,15.2304035759957,35.2573756033947));
#8953=CARTESIAN_POINT('Ctrl Pts',(23.8509540419888,15.5298804368658,35.1892717781179));
#8954=CARTESIAN_POINT('Ctrl Pts',(22.295532807693,13.530408653226,34.6606149180631));
#8955=CARTESIAN_POINT('Ctrl Pts',(22.6318064480467,13.5304086532261,34.6606149180631));
#8956=CARTESIAN_POINT('Ctrl Pts',(23.2131272555653,13.6871592580094,34.6362313571207));
#8957=CARTESIAN_POINT('Ctrl Pts',(23.988543242735,14.4516060940403,34.5715891550893));
#8958=CARTESIAN_POINT('Ctrl Pts',(24.2693215247297,15.1175998236078,34.5323663863288));
#8959=CARTESIAN_POINT('Ctrl Pts',(24.3470660031057,15.4760315252634,34.513725939377));
#8960=CARTESIAN_POINT('Ctrl Pts',(22.2955328076927,12.7911053306108,34.3003004403248));
#8961=CARTESIAN_POINT('Ctrl Pts',(22.8077564682148,12.7911053306107,34.3003004403248));
#8962=CARTESIAN_POINT('Ctrl Pts',(23.6685736233546,13.0881139236611,34.2994454903531));
#8963=CARTESIAN_POINT('Ctrl Pts',(24.5851709772931,14.1581126847858,34.3007009832015));
#8964=CARTESIAN_POINT('Ctrl Pts',(24.8627967801992,14.9833005343557,34.2999577742269));
#8965=CARTESIAN_POINT('Ctrl Pts',(24.9243553104256,15.4133714740747,34.3003004403248));
#8966=CARTESIAN_POINT('Ctrl Pts',(22.2955328076926,12.3423063800979,34.3003004403248));
#8967=CARTESIAN_POINT('Ctrl Pts',(22.9152955810215,12.3423063800978,34.3003004403248));
#8968=CARTESIAN_POINT('Ctrl Pts',(23.9455404646744,12.7247338186104,34.3003004403248));
#8969=CARTESIAN_POINT('Ctrl Pts',(24.9461306308786,13.9816598508571,34.3003004403248));
#8970=CARTESIAN_POINT('Ctrl Pts',(25.2208615289871,14.9022209912934,34.3003004403248));
#8971=CARTESIAN_POINT('Ctrl Pts',(25.2722441549705,15.3756109742166,34.3003004403248));
#8972=CARTESIAN_POINT('',(23.7567905359061,15.3175192644191,35.9696564645292));
#8973=CARTESIAN_POINT('',(23.795532807693,15.5358959603374,35.5914169320096));
#8974=CARTESIAN_POINT('Ctrl Pts',(23.795532807693,15.5358959603375,35.5914169320096));
#8975=CARTESIAN_POINT('Ctrl Pts',(23.7700725399509,15.4638814527813,35.716149717979));
#8976=CARTESIAN_POINT('Ctrl Pts',(23.7567905359061,15.3902141417004,35.843745243628));
#8977=CARTESIAN_POINT('Ctrl Pts',(23.7567905359061,15.3175192644193,35.9696564645289));
#8978=CARTESIAN_POINT('Origin',(22.295532807693,15.8064079952357,35.8003004403247));
#8979=CARTESIAN_POINT('',(23.795532807693,12.8064079952357,34.3003004403248));
#8980=CARTESIAN_POINT('Origin',(22.295532807693,15.8064079952357,34.3003004403247));
#8981=CARTESIAN_POINT('Ctrl Pts',(23.795532807693,12.8064079952357,34.3003004403248));
#8982=CARTESIAN_POINT('Ctrl Pts',(23.795532807693,13.0486045656269,34.3003004403248));
#8983=CARTESIAN_POINT('Ctrl Pts',(23.795532807693,13.3268006707523,34.339681016469));
#8984=CARTESIAN_POINT('Ctrl Pts',(23.795532807693,14.0253552692092,34.5798853467856));
#8985=CARTESIAN_POINT('Ctrl Pts',(23.795532807693,14.3806927566007,34.7784003138327));
#8986=CARTESIAN_POINT('Ctrl Pts',(23.795532807693,14.9851752749214,35.1750036363081));
#8987=CARTESIAN_POINT('Ctrl Pts',(23.795532807693,15.262934871947,35.3819625590096));
#8988=CARTESIAN_POINT('Ctrl Pts',(23.795532807693,15.5358959603374,35.5914169320096));
#8989=CARTESIAN_POINT('Origin',(23.7955328962734,14.9403825914513,34.3003004403248));
#8990=CARTESIAN_POINT('',(-13.7044669019187,4.24077019586257,34.300300440325));
#8991=CARTESIAN_POINT('Origin',(-13.7044669019187,0.776668580724813,34.3003004403251));
#8992=CARTESIAN_POINT('',(22.295532807693,4.24077019586257,34.300300440325));
#8993=CARTESIAN_POINT('',(23.7955328962734,4.24077019586257,34.300300440325));
#8994=CARTESIAN_POINT('',(23.795532807693,3.77666858072482,34.300300440325));
#8995=CARTESIAN_POINT('Origin',(22.295532807693,0.776668580724817,34.3003004403251));
#8996=CARTESIAN_POINT('',(23.795532807693,-4.59173941919754,34.3003004403252));
#8997=CARTESIAN_POINT('Ctrl Pts',(-13.7044669019187,2.94173209018594,36.550300440325));
#8998=CARTESIAN_POINT('Ctrl Pts',(-14.0410661148033,2.94173209018594,36.550300440325));
#8999=CARTESIAN_POINT('Ctrl Pts',(-14.600079175145,2.65825201770124,36.4521000626296));
#9000=CARTESIAN_POINT('Ctrl Pts',(-15.1019416228101,1.74721198555773,36.1365065379493));
#9001=CARTESIAN_POINT('Ctrl Pts',(-15.2044669019187,1.10056132433807,35.9125001779532));
#9002=CARTESIAN_POINT('Ctrl Pts',(-15.2044669019187,0.776668580724817,35.800300440325));
#9003=CARTESIAN_POINT('Ctrl Pts',(-13.7044669019187,2.792132440015,36.2911862454344));
#9004=CARTESIAN_POINT('Ctrl Pts',(-14.0021336273626,2.792132440015,36.2911862454344));
#9005=CARTESIAN_POINT('Ctrl Pts',(-14.5068192970535,2.56605755616203,36.1896851228838));
#9006=CARTESIAN_POINT('Ctrl Pts',(-15.0470989939652,1.73451064557824,35.8838640363635));
#9007=CARTESIAN_POINT('Ctrl Pts',(-15.1876359015319,1.1005298868541,35.6774113223484));
#9008=CARTESIAN_POINT('Ctrl Pts',(-15.2044669019187,0.776668580724813,35.5759009650686));
#9009=CARTESIAN_POINT('Ctrl Pts',(-13.7044669019187,2.6540543575358,35.6835630854305));
#9010=CARTESIAN_POINT('Ctrl Pts',(-13.9662811406381,2.6540543575358,35.6835630854305));
#9011=CARTESIAN_POINT('Ctrl Pts',(-14.428473489393,2.50716660388659,35.5951297151211));
#9012=CARTESIAN_POINT('Ctrl Pts',(-15.0647534359543,1.75672682783192,35.3528586968095));
#9013=CARTESIAN_POINT('Ctrl Pts',(-15.2667331653421,1.11383459922033,35.2005814517565));
#9014=CARTESIAN_POINT('Ctrl Pts',(-15.3071523400257,0.776668580724804,35.1280242677649));
#9015=CARTESIAN_POINT('Ctrl Pts',(-13.7044669019187,3.05259259479556,34.6604573305419));
#9016=CARTESIAN_POINT('Ctrl Pts',(-14.069733896091,3.05259259479556,34.6604573305419));
#9017=CARTESIAN_POINT('Ctrl Pts',(-14.7079322103113,2.86697819126527,34.6315115794061));
#9018=CARTESIAN_POINT('Ctrl Pts',(-15.5249907376625,1.95025933155632,34.5586170442719));
#9019=CARTESIAN_POINT('Ctrl Pts',(-15.7666770507158,1.178865091019,34.5165734518588));
#9020=CARTESIAN_POINT('Ctrl Pts',(-15.8089451712246,0.776668580724793,34.4970975210296));
#9021=CARTESIAN_POINT('Ctrl Pts',(-13.7044669019187,3.79197124534974,34.300300440325));
#9022=CARTESIAN_POINT('Ctrl Pts',(-14.2608542435672,3.79197124534974,34.300300440325));
#9023=CARTESIAN_POINT('Ctrl Pts',(-15.1979477964117,3.43991511204683,34.2995078638265));
#9024=CARTESIAN_POINT('Ctrl Pts',(-16.1323856212485,2.18732663603636,34.3008041032925));
#9025=CARTESIAN_POINT('Ctrl Pts',(-16.3517263506619,1.2512272742221,34.2999663379266));
#9026=CARTESIAN_POINT('Ctrl Pts',(-16.367867689034,0.776668580724792,34.3003004403251));
#9027=CARTESIAN_POINT('Ctrl Pts',(-13.7044669019187,4.24077019586257,34.300300440325));
#9028=CARTESIAN_POINT('Ctrl Pts',(-14.3776653276879,4.24077019586257,34.300300440325));
#9029=CARTESIAN_POINT('Ctrl Pts',(-15.4956914483714,3.78720207988704,34.300300440325));
#9030=CARTESIAN_POINT('Ctrl Pts',(-16.4994163437015,2.32953802845745,34.300300440325));
#9031=CARTESIAN_POINT('Ctrl Pts',(-16.7044669019187,1.294896970506,34.300300440325));
#9032=CARTESIAN_POINT('Ctrl Pts',(-16.7044669019187,0.776668580724793,34.3003004403251));
#9033=CARTESIAN_POINT('',(-13.7044669019187,2.94173209018596,36.550300440325));
#9034=CARTESIAN_POINT('Origin',(-13.7044669019187,4.2407701958626,35.800300440325));
#9035=CARTESIAN_POINT('Origin',(-13.7044669019187,0.77666858072484,35.800300440325));
#9036=CARTESIAN_POINT('Origin',(23.7955328962734,4.2407701958626,35.800300440325));
#9037=CARTESIAN_POINT('',(22.295532807693,2.94173209018597,36.550300440325));
#9038=CARTESIAN_POINT('Origin',(22.295532807693,4.2407701958626,35.800300440325));
#9039=CARTESIAN_POINT('',(23.7955328962734,2.94173209018596,36.550300440325));
#9040=CARTESIAN_POINT('Ctrl Pts',(22.295532807693,4.24077019586257,34.300300440325));
#9041=CARTESIAN_POINT('Ctrl Pts',(22.6054141943574,4.24077019586257,34.300300440325));
#9042=CARTESIAN_POINT('Ctrl Pts',(23.2250193368205,4.12885970825605,34.300300440325));
#9043=CARTESIAN_POINT('Ctrl Pts',(24.1597725046479,3.58813373963299,34.300300440325));
#9044=CARTESIAN_POINT('Ctrl Pts',(24.9464419994054,2.60275235510222,34.300300440325));
#9045=CARTESIAN_POINT('Ctrl Pts',(25.2208615289871,1.68085558466717,34.300300440325));
#9046=CARTESIAN_POINT('Ctrl Pts',(25.2722441549705,1.20746560174402,34.3003004403251));
#9047=CARTESIAN_POINT('Ctrl Pts',(22.295532807693,3.94157089552069,34.300300440325));
#9048=CARTESIAN_POINT('Ctrl Pts',(22.569690811329,3.94157089552069,34.300300440325));
#9049=CARTESIAN_POINT('Ctrl Pts',(23.1181243849286,3.84563982808722,34.3002598043973));
#9050=CARTESIAN_POINT('Ctrl Pts',(23.9638213086253,3.37304064246317,34.3002736233675));
#9051=CARTESIAN_POINT('Ctrl Pts',(24.7052423654151,2.48431961038873,34.3003129697779));
#9052=CARTESIAN_POINT('Ctrl Pts',(24.9822069191978,1.62683836244609,34.3002638272986));
#9053=CARTESIAN_POINT('Ctrl Pts',(25.0403182586072,1.18229193517188,34.3003004403251));
#9054=CARTESIAN_POINT('Ctrl Pts',(22.295532807693,3.34634883647906,34.4845378710433));
#9055=CARTESIAN_POINT('Ctrl Pts',(22.4985051289404,3.34634883647906,34.4845378710433));
#9056=CARTESIAN_POINT('Ctrl Pts',(22.9053417661748,3.28197546472077,34.4811946163309));
#9057=CARTESIAN_POINT('Ctrl Pts',(23.5734682908842,2.94477992772906,34.4657177479305));
#9058=CARTESIAN_POINT('Ctrl Pts',(24.2244331742347,2.24834202761244,34.4406578504756));
#9059=CARTESIAN_POINT('Ctrl Pts',(24.5061345456948,1.51903823520413,34.4208652560077));
#9060=CARTESIAN_POINT('Ctrl Pts',(24.5775685430489,1.13206422352569,34.4114154518817));
#9061=CARTESIAN_POINT('Ctrl Pts',(22.295532807693,2.65962983214206,35.3412235811815));
#9062=CARTESIAN_POINT('Ctrl Pts',(22.4168119529042,2.65962983214206,35.3412235811815));
#9063=CARTESIAN_POINT('Ctrl Pts',(22.6600690161622,2.62554332261642,35.3238313825874));
#9064=CARTESIAN_POINT('Ctrl Pts',(23.1047404573811,2.42231013345996,35.2439083529253));
#9065=CARTESIAN_POINT('Ctrl Pts',(23.6063669500141,1.93695233686503,35.1116796524075));
#9066=CARTESIAN_POINT('Ctrl Pts',(23.8623834823233,1.371770047191,35.0036572123833));
#9067=CARTESIAN_POINT('Ctrl Pts',(23.9380960527656,1.06265469442664,34.9514783138613));
#9068=CARTESIAN_POINT('Ctrl Pts',(22.295532807693,2.71733261492954,36.1616291479891));
#9069=CARTESIAN_POINT('Ctrl Pts',(22.4230200476797,2.71733261492954,36.1616291479891));
#9070=CARTESIAN_POINT('Ctrl Pts',(22.679709463048,2.66636963777766,36.1367451419272));
#9071=CARTESIAN_POINT('Ctrl Pts',(23.1026812065618,2.40740847512039,36.0182335005012));
#9072=CARTESIAN_POINT('Ctrl Pts',(23.5227537018776,1.88161252700748,35.8127968926684));
#9073=CARTESIAN_POINT('Ctrl Pts',(23.7118186578077,1.33387814315485,35.6336998841203));
#9074=CARTESIAN_POINT('Ctrl Pts',(23.762256685483,1.04356876365464,35.5443157299156));
#9075=CARTESIAN_POINT('Ctrl Pts',(22.295532807693,2.94173209018596,36.550300440325));
#9076=CARTESIAN_POINT('Ctrl Pts',(22.4504735010252,2.94173209018596,36.550300440325));
#9077=CARTESIAN_POINT('Ctrl Pts',(22.7602760722567,2.87178803543188,36.5260711090207));
#9078=CARTESIAN_POINT('Ctrl Pts',(23.2276526561704,2.53383430504246,36.4090005026923));
#9079=CARTESIAN_POINT('Ctrl Pts',(23.6209874035492,1.91797093971073,36.1956591748374));
#9080=CARTESIAN_POINT('Ctrl Pts',(23.75819716834,1.34178545818883,35.9960626691215));
#9081=CARTESIAN_POINT('Ctrl Pts',(23.7838884813317,1.04591671886185,35.8935707313444));
#9082=CARTESIAN_POINT('',(23.795532807693,1.04718061562315,35.59141693201));
#9083=CARTESIAN_POINT('Ctrl Pts',(23.795532807693,1.04718061562315,35.5914169320099));
#9084=CARTESIAN_POINT('Ctrl Pts',(23.795532807693,1.320141893473,35.3819624136297));
#9085=CARTESIAN_POINT('Ctrl Pts',(23.7955328076929,1.59790182352583,35.1750032935028));
#9086=CARTESIAN_POINT('Ctrl Pts',(23.7955328076929,2.20238381936023,34.7784003138327));
#9087=CARTESIAN_POINT('Ctrl Pts',(23.7955328076929,2.55772130675137,34.5798853467859));
#9088=CARTESIAN_POINT('Ctrl Pts',(23.7955328076929,3.25627590520806,34.3396810164693));
#9089=CARTESIAN_POINT('Ctrl Pts',(23.795532807693,3.53447201033346,34.300300440325));
#9090=CARTESIAN_POINT('Ctrl Pts',(23.795532807693,3.77666858072482,34.300300440325));
#9091=CARTESIAN_POINT('',(23.7567905359061,1.2655573115414,35.9696564645295));
#9092=CARTESIAN_POINT('Origin',(22.295532807693,0.776668580724842,35.800300440325));
#9093=CARTESIAN_POINT('Ctrl Pts',(23.7567905359061,1.26555731154147,35.9696564645295));
#9094=CARTESIAN_POINT('Ctrl Pts',(23.7567905359061,1.19345325132121,35.844768568796));
#9095=CARTESIAN_POINT('Ctrl Pts',(23.7698642140799,1.11978437405308,35.7171703304311));
#9096=CARTESIAN_POINT('Ctrl Pts',(23.795532807693,1.04718061562314,35.59141693201));
#9097=CARTESIAN_POINT('Origin',(22.295532807693,26.6874386676089,80.6790706940421));
#9098=CARTESIAN_POINT('',(22.295532807693,6.99250018230377,43.5664365855516));
#9099=CARTESIAN_POINT('',(22.295532807693,27.9864767732856,79.9290706940421));
#9100=CARTESIAN_POINT('',(23.7567905359061,5.98679531511708,44.1470805613472));
#9101=CARTESIAN_POINT('Origin',(22.295532807693,5.69346207662713,44.3164365855516));
#9102=CARTESIAN_POINT('',(23.7567905359061,26.9807719060989,80.5097146698377));
#9103=CARTESIAN_POINT('Origin',(23.7955328962734,1.64269398450926,34.300300440325));
#9104=CARTESIAN_POINT('',(-13.7044669019187,6.99250018230377,43.5664365855516));
#9105=CARTESIAN_POINT('',(-13.7044669019186,27.0746405684156,78.3497240590265));
#9106=CARTESIAN_POINT('',(23.7955328962734,6.99250018230377,43.5664365855516));
#9107=CARTESIAN_POINT('Origin',(-13.7044669019186,25.7756024627389,79.0997240590265));
#9108=CARTESIAN_POINT('Origin',(-13.7044669019187,5.69346207662711,44.3164365855516));
#9109=CARTESIAN_POINT('Origin',(22.295532807693,8.29153828798042,42.8164365855516));
#9110=CARTESIAN_POINT('',(23.795532807693,9.90390375566406,45.3463135783363));
#9111=CARTESIAN_POINT('',(23.795532807693,6.6791728202969,45.3463135783363));
#9112=CARTESIAN_POINT('Origin',(23.795532807693,8.29153828798042,42.8164365855516));
#9113=CARTESIAN_POINT('Ctrl Pts',(23.795532807693,6.67917282029689,45.3463135783363));
#9114=CARTESIAN_POINT('Ctrl Pts',(23.795532807693,6.61296125827631,45.2316317888682));
#9115=CARTESIAN_POINT('Ctrl Pts',(23.7909570743447,6.5335403301328,45.0940707061394));
#9116=CARTESIAN_POINT('Ctrl Pts',(23.7741463357199,6.31720900031542,44.7193738516267));
#9117=CARTESIAN_POINT('Ctrl Pts',(23.7567905359061,6.1370783130601,44.4073783492982));
#9118=CARTESIAN_POINT('Ctrl Pts',(23.7567905359061,5.98679531511708,44.1470805613472));
#9119=CARTESIAN_POINT('',(22.295532807693,9.59057639365709,43.5664365855515));
#9120=CARTESIAN_POINT('Origin',(22.295532807693,8.29153828798042,42.8164365855516));
#9121=CARTESIAN_POINT('',(23.7567905359061,10.5962812608438,44.1470805613471));
#9122=CARTESIAN_POINT('Origin',(22.295532807693,10.8896144993338,44.3164365855515));
#9123=CARTESIAN_POINT('Ctrl Pts',(23.7567905359061,10.5962812608438,44.1470805613471));
#9124=CARTESIAN_POINT('Ctrl Pts',(23.7567905359061,10.4459982629008,44.4073783492982));
#9125=CARTESIAN_POINT('Ctrl Pts',(23.7741463357199,10.2658675756455,44.7193738516267));
#9126=CARTESIAN_POINT('Ctrl Pts',(23.7909570743447,10.0495362458281,45.0940707061393));
#9127=CARTESIAN_POINT('Ctrl Pts',(23.795532807693,9.97011531768463,45.2316317888681));
#9128=CARTESIAN_POINT('Ctrl Pts',(23.795532807693,9.90390375566405,45.3463135783363));
#9129=CARTESIAN_POINT('Origin',(22.295532807693,-21.5326341728384,100.473418581389));
#9130=CARTESIAN_POINT('',(23.7567905359061,-21.8259674113283,100.304062557184));
#9131=CARTESIAN_POINT('',(22.295532807693,-22.831672278515,99.7234185813887));
#9132=CARTESIAN_POINT('Origin',(23.7955328962734,8.29153828798052,48.1390124887338));
#9133=CARTESIAN_POINT('',(23.7955328962734,-0.368715749864179,33.1390124887339));
#9134=CARTESIAN_POINT('',(23.795532807693,30.8080464914279,87.1387487061443));
#9135=CARTESIAN_POINT('',(23.7955328962734,8.29153828798052,48.1390124887338));
#9136=CARTESIAN_POINT('',(23.795532807693,30.8080464914279,87.1387487061443));
#9137=CARTESIAN_POINT('',(22.7955328962734,8.29153828798052,48.1390124887338));
#9138=CARTESIAN_POINT('',(23.7955328962734,8.29153828798052,48.1390124887338));
#9139=CARTESIAN_POINT('',(22.7955328962734,-0.368715749864179,33.1390124887339));
#9140=CARTESIAN_POINT('',(22.7955328962734,12.8024671916957,55.9521705392991));
#9141=CARTESIAN_POINT('',(23.7955328962734,-0.368715749864179,33.1390124887339));
#9142=CARTESIAN_POINT('Origin',(23.795532807693,-24.1238614298435,170.853348821473));
#9143=CARTESIAN_POINT('',(23.795532807693,-17.9986928259996,93.6750285208775));
#9144=CARTESIAN_POINT('Origin',(23.795532807693,-24.1238614298435,170.853348821473));
#9145=CARTESIAN_POINT('',(23.7955328962734,16.9517923258246,33.1390124887336));
#9146=CARTESIAN_POINT('',(23.795532807693,-12.2462885898552,33.1390124887341));
#9147=CARTESIAN_POINT('',(23.795532807693,-17.9986928259996,93.6750285208775));
#9148=CARTESIAN_POINT('Origin',(-13.7044669019187,8.29153828798044,42.8164365855516));
#9149=CARTESIAN_POINT('',(-13.7044669019186,9.59057639365709,43.5664365855515));
#9150=CARTESIAN_POINT('Origin',(-13.7044669019186,10.8896144993338,44.3164365855515));
#9151=CARTESIAN_POINT('Origin',(-13.7044669019187,8.29153828798042,42.8164365855516));
#9152=CARTESIAN_POINT('Origin',(-13.7044669019186,-21.5556233149194,100.513236943495));
#9153=CARTESIAN_POINT('',(-13.7044669019186,-22.8546614205961,99.7632369434955));
#9154=CARTESIAN_POINT('Origin',(23.7955328962734,8.29153828798042,42.8164365855516));
#9155=CARTESIAN_POINT('',(23.7955328962734,9.59057639365709,43.5664365855515));
#9156=CARTESIAN_POINT('Origin',(23.7955328962734,8.29153828798048,45.8164365855516));
#9157=CARTESIAN_POINT('Origin',(-2.20446710372669,-6.09013875712355,135.272652455971));
#9158=CARTESIAN_POINT('Origin',(-7.20446710372669,-6.09013875712355,135.272652455971));
#9159=CARTESIAN_POINT('Origin',(-11.7044669019186,711.585772801984,128.230103025418));
#9160=CARTESIAN_POINT('Origin',(-14.1793406360717,711.585772801984,128.230103025418));
#9161=CARTESIAN_POINT('Origin',(-13.7044669019183,711.585772801984,128.230103025418));
#9162=CARTESIAN_POINT('Origin',(-11.2236422942052,711.585772801984,128.230103025418));
#9163=CARTESIAN_POINT('Origin',(-9.22364229420511,711.585772801984,128.230103025418));
#9164=CARTESIAN_POINT('Origin',(-9.22364229420518,21.8100741503934,70.4142499787093));
#9165=CARTESIAN_POINT('',(-9.22364229420504,16.3262382150335,160.400680524633));
#9166=CARTESIAN_POINT('',(-9.22364229420503,15.1548546234232,136.654684552294));
#9167=CARTESIAN_POINT('',(-9.22364229420506,16.3262382150334,160.396948732283));
#9168=CARTESIAN_POINT('',(-9.22364229420504,16.3262382150335,160.396948732283));
#9169=CARTESIAN_POINT('',(-9.22364229420509,15.3787113665328,141.18892081613));
#9170=CARTESIAN_POINT('',(-9.22364229420507,16.2332911979095,158.5127499864));
#9171=CARTESIAN_POINT('',(-9.22364229420509,20.9688585996181,141.18892081613));
#9172=CARTESIAN_POINT('Origin',(-9.20446690191818,16.3262382150334,160.396948732283));
#9173=CARTESIAN_POINT('',(-9.20446690191821,16.3262382150332,160.396948732283));
#9174=CARTESIAN_POINT('Origin',(-9.20446690191819,16.3262382150334,180.693349165105));
#9175=CARTESIAN_POINT('',(-10.2347043896241,16.3262382150332,160.396948732283));
#9176=CARTESIAN_POINT('Origin',(-9.20446690191823,14.1562527599485,136.70394531351));
#9177=CARTESIAN_POINT('',(-9.20446690191823,15.1550382648582,136.654675493311));
#9178=CARTESIAN_POINT('Origin',(-5.26494187733001,16.4314185112345,162.529137460085));
#9179=CARTESIAN_POINT('',(-3.73470453481853,15.3787113665328,141.18892081613));
#9180=CARTESIAN_POINT('Origin',(20.2955328101386,-59.7561491293561,85.9632547297372));
#9181=CARTESIAN_POINT('Origin',(22.6239599334273,-59.756149129356,85.9632547297372));
#9182=CARTESIAN_POINT('Origin',(23.7955328962734,-3.83281736500196,31.139012488734));
#9183=CARTESIAN_POINT('',(22.7955328962734,-3.83281736500196,31.139012488734));
#9184=CARTESIAN_POINT('',(23.7955328962734,-3.83281736500196,31.139012488734));
#9185=CARTESIAN_POINT('',(22.7955328962734,8.29153828798059,52.1390124887338));
#9186=CARTESIAN_POINT('',(22.7955328962734,5.87426396142004,47.9521705392993));
#9187=CARTESIAN_POINT('',(23.7955328962734,8.29153828798059,52.1390124887338));
#9188=CARTESIAN_POINT('Origin',(22.2955328962734,6.30727666331226,47.7021705392992));
#9189=CARTESIAN_POINT('',(21.7955328962734,-2.10076655743307,32.139012488734));
#9190=CARTESIAN_POINT('',(21.7955328962734,-2.10076655743306,32.139012488734));
#9191=CARTESIAN_POINT('',(21.7955328962734,8.29153828798056,50.1390124887338));
#9192=CARTESIAN_POINT('',(21.7955328962734,11.9364417879113,56.4521705392992));
#9193=CARTESIAN_POINT('',(21.7955328962734,8.29153828798055,50.1390124887338));
#9194=CARTESIAN_POINT('Origin',(22.2955328962734,12.3694544898035,56.2021705392991));
#9195=CARTESIAN_POINT('',(21.7955328962734,-2.10076655743307,32.139012488734));
#9196=CARTESIAN_POINT('',(21.7955328962734,8.29153828798056,50.1390124887338));
#9197=CARTESIAN_POINT('Origin',(23.7955328962734,16.9517923258247,33.1390124887336));
#9198=CARTESIAN_POINT('',(22.7955328962734,16.9517923258246,33.1390124887336));
#9199=CARTESIAN_POINT('',(23.7955328962734,16.9517923258246,33.1390124887336));
#9200=CARTESIAN_POINT('',(22.7955328962734,5.80804039161203,52.4405570257347));
#9201=CARTESIAN_POINT('Origin',(22.2955328962734,6.24105309350425,52.6905570257346));
#9202=CARTESIAN_POINT('',(21.7955328962734,18.6838431333935,32.1390124887336));
#9203=CARTESIAN_POINT('',(21.7955328962734,18.6838431333935,32.1390124887336));
#9204=CARTESIAN_POINT('',(21.7955328962734,6.67406579539648,52.9405570257346));
#9205=CARTESIAN_POINT('Origin',(22.2955328962734,1.9109260745822,62.1905570257347));
#9206=CARTESIAN_POINT('',(22.7955328962734,20.4158939409624,31.1390124887335));
#9207=CARTESIAN_POINT('',(21.7955328962734,18.6838431333935,32.1390124887336));
#9208=CARTESIAN_POINT('',(22.7955328962734,2.34393877647442,62.4405570257347));
#9209=CARTESIAN_POINT('Origin',(23.7955328962734,8.29153828798059,52.1390124887338));
#9210=CARTESIAN_POINT('',(23.7955328962734,20.4158939409624,31.1390124887335));
#9211=CARTESIAN_POINT('Origin',(3.79553298485381,-25.9984230620904,144.914499156728));
#9212=CARTESIAN_POINT('',(-0.204467103726608,-22.8390014842459,148.789812730292));
#9213=CARTESIAN_POINT('Origin',(-0.204467103726608,-25.9984230620904,144.914499156728));
#9214=CARTESIAN_POINT('',(3.79553298485381,-22.8390014842459,148.789812730292));
#9215=CARTESIAN_POINT('Origin',(0.295532896273389,-25.9984230620904,144.914499156728));
#9216=CARTESIAN_POINT('',(0.795532896273388,-21.4049817400309,148.774589417434));
#9217=CARTESIAN_POINT('Origin',(0.795532896273387,-25.9984230620904,144.914499156728));
#9218=CARTESIAN_POINT('',(0.356925413050599,-22.0095596359732,148.789812730292));
#9219=CARTESIAN_POINT('Ctrl Pts',(0.795532896273389,-21.4049817400309,148.774589417434));
#9220=CARTESIAN_POINT('Ctrl Pts',(0.647876460861743,-21.6063807071939,148.784738331804));
#9221=CARTESIAN_POINT('Ctrl Pts',(0.501537905153354,-21.8079365806069,148.789812730292));
#9222=CARTESIAN_POINT('Ctrl Pts',(0.356925413050601,-22.0095596359732,148.789812730292));
#9223=CARTESIAN_POINT('Ctrl Pts',(0.356925413050599,-22.0095596359732,148.789812730292));
#9224=CARTESIAN_POINT('Ctrl Pts',(0.0436589335205504,-22.4463251174907,
148.789812730292));
#9225=CARTESIAN_POINT('Ctrl Pts',(-0.204467103726608,-22.8390014842459,
148.789812730292));
#9226=CARTESIAN_POINT('Origin',(-2.20446710372671,-22.0095596359732,148.789812730292));
#9227=CARTESIAN_POINT('',(-2.20446710372671,-22.0095596359732,148.789812730292));
#9228=CARTESIAN_POINT('Origin',(-2.20446710372669,-22.0095596359735,136.777112704892));
#9229=CARTESIAN_POINT('Origin',(0.795532896273388,-22.0095596359735,136.777112704892));
#9230=CARTESIAN_POINT('Origin',(0.795532896273387,-4.04186223967471,86.8949063651456));
#9231=CARTESIAN_POINT('Origin',(22.2955328962734,9.74832409131979,31.6390124887338));
#9232=CARTESIAN_POINT('',(21.7955328962734,-0.643980754093476,32.1390124887339));
#9233=CARTESIAN_POINT('',(22.7955328962734,9.74832409131979,31.1390124887338));
#9234=CARTESIAN_POINT('Origin',(23.7955328962734,20.4158939409624,31.1390124887335));
#9235=CARTESIAN_POINT('Origin',(22.2955328962734,-0.643980754093467,32.6390124887339));
#9236=CARTESIAN_POINT('',(22.7955328962734,-0.643980754093457,33.1390124887339));
#9237=CARTESIAN_POINT('Origin',(23.7955328962734,-0.368715749864179,33.1390124887339));
#9238=CARTESIAN_POINT('Origin',(-7.20446710372663,-11.1509422268481,158.777112704891));
#9239=CARTESIAN_POINT('Origin',(-1.20446719230705,1.1996758225074,181.178545267756));
#9240=CARTESIAN_POINT('',(-0.204467103726631,1.1996758225074,175.57834206735));
#9241=CARTESIAN_POINT('Origin',(-0.204467103726631,1.1996758225074,181.178545267756));
#9242=CARTESIAN_POINT('Origin',(-1.20446719230705,1.1996758225074,175.57834206735));
#9243=CARTESIAN_POINT('Origin',(-0.204467103726631,-11.1509422268481,158.777112704891));
#9244=CARTESIAN_POINT('',(-0.204467192307047,-0.400527377898594,181.178545267756));
#9245=CARTESIAN_POINT('Origin',(-0.204467192307047,1.1996758225074,181.178545267756));
#9246=CARTESIAN_POINT('Origin',(-2.20446710372677,1.1996758225074,181.178545267756));
#9247=CARTESIAN_POINT('',(-2.20446710372677,-0.400527377898594,181.178545267756));
#9248=CARTESIAN_POINT('Origin',(-2.20446719230705,20.1276430488428,141.18892081613));
#9249=CARTESIAN_POINT('Origin',(19.795532807693,-59.7561491293561,85.9632547297372));
#9250=CARTESIAN_POINT('',(0.,0.,0.));
#9251=CARTESIAN_POINT('',(0.,0.,0.));
#9252=CARTESIAN_POINT('Origin',(36.610083820168,-61.21199136398,0.));
#9253=CARTESIAN_POINT('',(26.622783845568,-61.21199136398,0.));
#9254=CARTESIAN_POINT('',(26.622783845568,-61.21199136398,1.586156972314));
#9255=CARTESIAN_POINT('',(26.622783845568,-61.21199136398,0.));
#9256=CARTESIAN_POINT('',(36.610083820168,-51.22469138938,1.586156972314));
#9257=CARTESIAN_POINT('Origin',(36.610083820168,-61.21199136398,1.586156972314));
#9258=CARTESIAN_POINT('',(36.610083820168,-51.22469138938,0.));
#9259=CARTESIAN_POINT('',(36.610083820168,-51.22469138938,0.));
#9260=CARTESIAN_POINT('Origin',(36.610083820168,-61.21199136398,0.));
#9261=CARTESIAN_POINT('Origin',(26.622783845568,-74.38839471461,0.));
#9262=CARTESIAN_POINT('',(26.622783845568,-74.38839471461,0.));
#9263=CARTESIAN_POINT('',(26.622783845568,-74.38839471461,1.586156972314));
#9264=CARTESIAN_POINT('',(26.622783845568,-74.38839471461,0.));
#9265=CARTESIAN_POINT('',(26.622783845568,-74.38839471461,1.586156972314));
#9266=CARTESIAN_POINT('',(26.622783845568,-74.38839471461,0.));
#9267=CARTESIAN_POINT('Origin',(36.610083820168,-51.22469138938,0.));
#9268=CARTESIAN_POINT('',(60.610083820168,-51.22469138938,1.586156972314));
#9269=CARTESIAN_POINT('',(36.610083820168,-51.22469138938,1.586156972314));
#9270=CARTESIAN_POINT('',(60.610083820168,-51.22469138938,0.));
#9271=CARTESIAN_POINT('',(60.610083820168,-51.22469138938,0.));
#9272=CARTESIAN_POINT('',(36.610083820168,-51.22469138938,0.));
#9273=CARTESIAN_POINT('Origin',(38.055886613938,-92.2615139146,0.));
#9274=CARTESIAN_POINT('',(66.597383794768,-57.21199136398,0.));
#9275=CARTESIAN_POINT('Origin',(60.610083820168,-57.21199136398,0.));
#9276=CARTESIAN_POINT('',(66.597383794768,-120.4119913639,0.));
#9277=CARTESIAN_POINT('',(66.597383794768,-57.21199136398,0.));
#9278=CARTESIAN_POINT('',(60.610083820168,-126.3992913385,0.));
#9279=CARTESIAN_POINT('Origin',(60.610083820168,-120.4119913639,0.));
#9280=CARTESIAN_POINT('',(32.610073660147,-126.3992913385,0.));
#9281=CARTESIAN_POINT('',(60.610083820168,-126.3992913385,0.));
#9282=CARTESIAN_POINT('',(11.534041148082,-126.3992913385,0.));
#9283=CARTESIAN_POINT('',(32.610073660147,-126.3992913385,0.));
#9284=CARTESIAN_POINT('',(1.546741173482,-116.4119913639,0.));
#9285=CARTESIAN_POINT('Origin',(11.534041148082,-116.4119913639,0.));
#9286=CARTESIAN_POINT('',(1.546741173482,-93.71872237338,0.));
#9287=CARTESIAN_POINT('',(1.546741173482,-116.4119913639,0.));
#9288=CARTESIAN_POINT('',(11.202186142091,-85.90755995826,0.));
#9289=CARTESIAN_POINT('Origin',(9.534039345135,-93.71871981751,0.));
#9290=CARTESIAN_POINT('Origin',(14.61008624643,-74.38839677306,0.));
#9291=CARTESIAN_POINT('',(61.136521463043,-122.4392443484,0.));
#9292=CARTESIAN_POINT('',(61.136521463043,-120.6392418084,0.));
#9293=CARTESIAN_POINT('Origin',(61.136521463043,-121.5392430784,0.));
#9294=CARTESIAN_POINT('',(64.136529083058,-122.4392443484,0.));
#9295=CARTESIAN_POINT('',(64.136529083058,-122.4392443484,0.));
#9296=CARTESIAN_POINT('',(64.136529083058,-120.6392418084,0.));
#9297=CARTESIAN_POINT('Origin',(64.136529083058,-121.5392430784,0.));
#9298=CARTESIAN_POINT('',(61.136521463043,-120.6392418084,0.));
#9299=CARTESIAN_POINT('',(57.69451485903,-123.6742481584,0.));
#9300=CARTESIAN_POINT('',(55.894512319025,-123.6742481584,0.));
#9301=CARTESIAN_POINT('Origin',(56.794513589027,-123.6742481584,0.));
#9302=CARTESIAN_POINT('',(57.69451485903,-120.6742405384,0.));
#9303=CARTESIAN_POINT('',(57.69451485903,-120.6742405384,0.));
#9304=CARTESIAN_POINT('',(55.894512319025,-120.6742405384,0.));
#9305=CARTESIAN_POINT('Origin',(56.794513589027,-120.6742405384,0.));
#9306=CARTESIAN_POINT('',(55.894512319025,-123.6742481584,0.));
#9307=CARTESIAN_POINT('',(64.016916433833,-115.0368300736,0.));
#9308=CARTESIAN_POINT('Origin',(64.566929133858,-115.0368300736,0.));
#9309=CARTESIAN_POINT('',(64.016916433833,-112.4968249936,0.));
#9310=CARTESIAN_POINT('Origin',(64.566929133858,-112.4968249936,0.));
#9311=CARTESIAN_POINT('',(59.952908305817,-115.0368300736,0.));
#9312=CARTESIAN_POINT('Origin',(60.502921005842,-115.0368300736,0.));
#9313=CARTESIAN_POINT('',(59.952908305817,-112.4968249936,0.));
#9314=CARTESIAN_POINT('Origin',(60.502921005842,-112.4968249936,0.));
#9315=CARTESIAN_POINT('',(64.016916433833,-109.9568199136,0.));
#9316=CARTESIAN_POINT('Origin',(64.566929133858,-109.9568199136,0.));
#9317=CARTESIAN_POINT('',(64.016916433833,-107.4168148336,0.));
#9318=CARTESIAN_POINT('Origin',(64.566929133858,-107.4168148336,0.));
#9319=CARTESIAN_POINT('',(59.952908305817,-109.9568199136,0.));
#9320=CARTESIAN_POINT('Origin',(60.502921005842,-109.9568199136,0.));
#9321=CARTESIAN_POINT('',(59.952908305817,-107.4168148336,0.));
#9322=CARTESIAN_POINT('Origin',(60.502921005842,-107.4168148336,0.));
#9323=CARTESIAN_POINT('',(53.451308102616,-110.4648209296,0.));
#9324=CARTESIAN_POINT('Origin',(54.051308102616,-110.4648209296,0.));
#9325=CARTESIAN_POINT('',(53.451308102616,-107.9248158496,0.));
#9326=CARTESIAN_POINT('Origin',(54.051308102616,-107.9248158496,0.));
#9327=CARTESIAN_POINT('',(48.718643637287,-125.0847345694,0.));
#9328=CARTESIAN_POINT('Origin',(49.218643637287,-125.0847345694,0.));
#9329=CARTESIAN_POINT('',(46.718643637287,-125.0847345694,0.));
#9330=CARTESIAN_POINT('Origin',(47.218643637287,-125.0847345694,0.));
#9331=CARTESIAN_POINT('',(44.718643637287,-125.0847345694,0.));
#9332=CARTESIAN_POINT('Origin',(45.218643637287,-125.0847345694,0.));
#9333=CARTESIAN_POINT('',(48.718643637287,-120.5847853695,0.));
#9334=CARTESIAN_POINT('Origin',(49.218643637287,-120.5847853695,0.));
#9335=CARTESIAN_POINT('',(46.718643637287,-120.5847853695,0.));
#9336=CARTESIAN_POINT('Origin',(47.218643637287,-120.5847853695,0.));
#9337=CARTESIAN_POINT('',(44.718643637287,-120.5847853695,0.));
#9338=CARTESIAN_POINT('Origin',(45.218643637287,-120.5847853695,0.));
#9339=CARTESIAN_POINT('',(64.016916433833,-104.8768097536,0.));
#9340=CARTESIAN_POINT('Origin',(64.566929133858,-104.8768097536,0.));
#9341=CARTESIAN_POINT('',(59.952908305817,-104.8768097536,0.));
#9342=CARTESIAN_POINT('Origin',(60.502921005842,-104.8768097536,0.));
#9343=CARTESIAN_POINT('',(57.45237490475,-97.53492506985,0.));
#9344=CARTESIAN_POINT('Origin',(59.052578105156,-97.53492506985,0.));
#9345=CARTESIAN_POINT('',(64.081143002286,-92.71911861823,0.));
#9346=CARTESIAN_POINT('Origin',(64.591150622301,-92.71911861823,0.));
#9347=CARTESIAN_POINT('',(61.541137922276,-92.71911861823,0.));
#9348=CARTESIAN_POINT('Origin',(62.051145542291,-92.71911861823,0.));
#9349=CARTESIAN_POINT('',(64.081143002286,-90.17911353822,0.));
#9350=CARTESIAN_POINT('Origin',(64.591150622301,-90.17911353822,0.));
#9351=CARTESIAN_POINT('',(61.541137922276,-90.17911353822,0.));
#9352=CARTESIAN_POINT('Origin',(62.051145542291,-90.17911353822,0.));
#9353=CARTESIAN_POINT('',(53.881287782576,-92.91911607823,0.));
#9354=CARTESIAN_POINT('Origin',(54.431300482601,-92.91911607823,0.));
#9355=CARTESIAN_POINT('',(53.881287782576,-90.37911099822,0.));
#9356=CARTESIAN_POINT('Origin',(54.431300482601,-90.37911099822,0.));
#9357=CARTESIAN_POINT('',(51.341282702566,-92.91911607823,0.));
#9358=CARTESIAN_POINT('Origin',(51.891295402591,-92.91911607823,0.));
#9359=CARTESIAN_POINT('',(51.341282702566,-90.37911099822,0.));
#9360=CARTESIAN_POINT('Origin',(51.891295402591,-90.37911099822,0.));
#9361=CARTESIAN_POINT('',(48.801277622556,-92.91911607823,0.));
#9362=CARTESIAN_POINT('Origin',(49.351290322581,-92.91911607823,0.));
#9363=CARTESIAN_POINT('',(48.801277622556,-90.37911099822,0.));
#9364=CARTESIAN_POINT('Origin',(49.351290322581,-90.37911099822,0.));
#9365=CARTESIAN_POINT('',(46.261272542545,-92.91911607823,0.));
#9366=CARTESIAN_POINT('Origin',(46.81128524257,-92.91911607823,0.));
#9367=CARTESIAN_POINT('',(46.261272542545,-90.37911099822,0.));
#9368=CARTESIAN_POINT('Origin',(46.81128524257,-90.37911099822,0.));
#9369=CARTESIAN_POINT('',(38.681092202185,-92.71911861823,0.));
#9370=CARTESIAN_POINT('Origin',(39.1910998222,-92.71911861823,0.));
#9371=CARTESIAN_POINT('',(36.141087122174,-92.71911861823,0.));
#9372=CARTESIAN_POINT('Origin',(36.651094742189,-92.71911861823,0.));
#9373=CARTESIAN_POINT('',(38.681092202185,-90.17911353822,0.));
#9374=CARTESIAN_POINT('Origin',(39.1910998222,-90.17911353822,0.));
#9375=CARTESIAN_POINT('',(36.141087122174,-90.17911353822,0.));
#9376=CARTESIAN_POINT('Origin',(36.651094742189,-90.17911353822,0.));
#9377=CARTESIAN_POINT('',(23.092252984506,-108.7027178054,0.));
#9378=CARTESIAN_POINT('Origin',(23.592252984506,-108.7027178054,0.));
#9379=CARTESIAN_POINT('',(18.280187960376,-121.2597155194,0.));
#9380=CARTESIAN_POINT('Origin',(18.705181610363,-121.2597155194,0.));
#9381=CARTESIAN_POINT('',(15.78031496063,-118.7198628397,0.));
#9382=CARTESIAN_POINT('Origin',(16.205308610617,-118.7198628397,0.));
#9383=CARTESIAN_POINT('',(13.280187960376,-121.2597155194,0.));
#9384=CARTESIAN_POINT('Origin',(13.705181610363,-121.2597155194,0.));
#9385=CARTESIAN_POINT('',(20.591998983998,-108.7027178054,0.));
#9386=CARTESIAN_POINT('Origin',(21.091998983998,-108.7027178054,0.));
#9387=CARTESIAN_POINT('',(18.092125984252,-108.7027178054,0.));
#9388=CARTESIAN_POINT('Origin',(18.592125984252,-108.7027178054,0.));
#9389=CARTESIAN_POINT('',(7.073914147829,-110.5537211074,0.));
#9390=CARTESIAN_POINT('Origin',(8.674117348235,-110.5537211074,0.));
#9391=CARTESIAN_POINT('',(26.592227584456,-105.7027178054,0.));
#9392=CARTESIAN_POINT('Origin',(27.342240284481,-105.7027178054,0.));
#9393=CARTESIAN_POINT('',(26.592227584456,-95.00248920497,0.));
#9394=CARTESIAN_POINT('Origin',(27.342240284481,-95.00248920497,0.));
#9395=CARTESIAN_POINT('',(23.792252984506,-92.9524511049,0.));
#9396=CARTESIAN_POINT('Origin',(24.292252984506,-92.9524511049,0.));
#9397=CARTESIAN_POINT('',(14.092252984506,-105.7027178054,0.));
#9398=CARTESIAN_POINT('Origin',(14.842265684531,-105.7027178054,0.));
#9399=CARTESIAN_POINT('',(12.442265684531,-102.8525781051,0.));
#9400=CARTESIAN_POINT('Origin',(12.942265684531,-102.8525781051,0.));
#9401=CARTESIAN_POINT('',(12.442265684531,-100.3527051054,0.));
#9402=CARTESIAN_POINT('Origin',(12.942265684531,-100.3527051054,0.));
#9403=CARTESIAN_POINT('',(14.092252984506,-95.00248920497,0.));
#9404=CARTESIAN_POINT('Origin',(14.842265684531,-95.00248920497,0.));
#9405=CARTESIAN_POINT('',(17.392252984506,-92.9524511049,0.));
#9406=CARTESIAN_POINT('Origin',(17.892252984506,-92.9524511049,0.));
#9407=CARTESIAN_POINT('',(12.442265684531,-97.85257810515,0.));
#9408=CARTESIAN_POINT('Origin',(12.942265684531,-97.85257810515,0.));
#9409=CARTESIAN_POINT('',(64.081143002286,-87.63910845821,0.));
#9410=CARTESIAN_POINT('Origin',(64.591150622301,-87.63910845821,0.));
#9411=CARTESIAN_POINT('',(61.541137922276,-87.63910845821,0.));
#9412=CARTESIAN_POINT('Origin',(62.051145542291,-87.63910845821,0.));
#9413=CARTESIAN_POINT('',(64.081143002286,-85.0991033782,0.));
#9414=CARTESIAN_POINT('Origin',(64.591150622301,-85.0991033782,0.));
#9415=CARTESIAN_POINT('',(61.541137922276,-85.0991033782,0.));
#9416=CARTESIAN_POINT('Origin',(62.051145542291,-85.0991033782,0.));
#9417=CARTESIAN_POINT('',(64.081143002286,-82.55909829819,0.));
#9418=CARTESIAN_POINT('Origin',(64.591150622301,-82.55909829819,0.));
#9419=CARTESIAN_POINT('',(61.541137922276,-82.55909829819,0.));
#9420=CARTESIAN_POINT('Origin',(62.051145542291,-82.55909829819,0.));
#9421=CARTESIAN_POINT('',(64.081143002286,-80.01909321818,0.));
#9422=CARTESIAN_POINT('Origin',(64.591150622301,-80.01909321818,0.));
#9423=CARTESIAN_POINT('',(61.541137922276,-80.01909321818,0.));
#9424=CARTESIAN_POINT('Origin',(62.051145542291,-80.01909321818,0.));
#9425=CARTESIAN_POINT('',(64.081143002286,-77.47908813817,0.));
#9426=CARTESIAN_POINT('Origin',(64.591150622301,-77.47908813817,0.));
#9427=CARTESIAN_POINT('',(61.541137922276,-77.47908813817,0.));
#9428=CARTESIAN_POINT('Origin',(62.051145542291,-77.47908813817,0.));
#9429=CARTESIAN_POINT('',(64.081143002286,-74.93908305816,0.));
#9430=CARTESIAN_POINT('Origin',(64.591150622301,-74.93908305816,0.));
#9431=CARTESIAN_POINT('',(61.541137922276,-74.93908305816,0.));
#9432=CARTESIAN_POINT('Origin',(62.051145542291,-74.93908305816,0.));
#9433=CARTESIAN_POINT('',(64.081143002286,-72.39907797815,0.));
#9434=CARTESIAN_POINT('Origin',(64.591150622301,-72.39907797815,0.));
#9435=CARTESIAN_POINT('',(61.541137922276,-72.39907797815,0.));
#9436=CARTESIAN_POINT('Origin',(62.051145542291,-72.39907797815,0.));
#9437=CARTESIAN_POINT('',(38.681092202185,-87.63910845821,0.));
#9438=CARTESIAN_POINT('Origin',(39.1910998222,-87.63910845821,0.));
#9439=CARTESIAN_POINT('',(36.141087122174,-87.63910845821,0.));
#9440=CARTESIAN_POINT('Origin',(36.651094742189,-87.63910845821,0.));
#9441=CARTESIAN_POINT('',(38.681092202185,-85.0991033782,0.));
#9442=CARTESIAN_POINT('Origin',(39.1910998222,-85.0991033782,0.));
#9443=CARTESIAN_POINT('',(36.141087122174,-85.0991033782,0.));
#9444=CARTESIAN_POINT('Origin',(36.651094742189,-85.0991033782,0.));
#9445=CARTESIAN_POINT('',(38.681092202185,-82.55909829819,0.));
#9446=CARTESIAN_POINT('Origin',(39.1910998222,-82.55909829819,0.));
#9447=CARTESIAN_POINT('',(36.141087122174,-82.55909829819,0.));
#9448=CARTESIAN_POINT('Origin',(36.651094742189,-82.55909829819,0.));
#9449=CARTESIAN_POINT('',(38.681092202185,-80.01909321818,0.));
#9450=CARTESIAN_POINT('Origin',(39.1910998222,-80.01909321818,0.));
#9451=CARTESIAN_POINT('',(36.141087122174,-80.01909321818,0.));
#9452=CARTESIAN_POINT('Origin',(36.651094742189,-80.01909321818,0.));
#9453=CARTESIAN_POINT('',(38.681092202185,-77.47908813817,0.));
#9454=CARTESIAN_POINT('Origin',(39.1910998222,-77.47908813817,0.));
#9455=CARTESIAN_POINT('',(36.141087122174,-77.47908813817,0.));
#9456=CARTESIAN_POINT('Origin',(36.651094742189,-77.47908813817,0.));
#9457=CARTESIAN_POINT('',(38.681092202185,-74.93908305816,0.));
#9458=CARTESIAN_POINT('Origin',(39.1910998222,-74.93908305816,0.));
#9459=CARTESIAN_POINT('',(36.141087122174,-74.93908305816,0.));
#9460=CARTESIAN_POINT('Origin',(36.651094742189,-74.93908305816,0.));
#9461=CARTESIAN_POINT('',(38.681092202185,-72.39907797815,0.));
#9462=CARTESIAN_POINT('Origin',(39.1910998222,-72.39907797815,0.));
#9463=CARTESIAN_POINT('',(36.141087122174,-72.39907797815,0.));
#9464=CARTESIAN_POINT('Origin',(36.651094742189,-72.39907797815,0.));
#9465=CARTESIAN_POINT('',(64.081143002286,-69.85907289814,0.));
#9466=CARTESIAN_POINT('Origin',(64.591150622301,-69.85907289814,0.));
#9467=CARTESIAN_POINT('',(61.541137922276,-69.85907289814,0.));
#9468=CARTESIAN_POINT('Origin',(62.051145542291,-69.85907289814,0.));
#9469=CARTESIAN_POINT('',(64.081143002286,-67.31906781813,0.));
#9470=CARTESIAN_POINT('Origin',(64.591150622301,-67.31906781813,0.));
#9471=CARTESIAN_POINT('',(61.541137922276,-67.31906781813,0.));
#9472=CARTESIAN_POINT('Origin',(62.051145542291,-67.31906781813,0.));
#9473=CARTESIAN_POINT('',(64.081143002286,-64.77906273812,0.));
#9474=CARTESIAN_POINT('Origin',(64.591150622301,-64.77906273812,0.));
#9475=CARTESIAN_POINT('',(61.541137922276,-64.77906273812,0.));
#9476=CARTESIAN_POINT('Origin',(62.051145542291,-64.77906273812,0.));
#9477=CARTESIAN_POINT('',(64.081143002286,-62.23905765811,0.));
#9478=CARTESIAN_POINT('Origin',(64.591150622301,-62.23905765811,0.));
#9479=CARTESIAN_POINT('',(61.541137922276,-62.23905765811,0.));
#9480=CARTESIAN_POINT('Origin',(62.051145542291,-62.23905765811,0.));
#9481=CARTESIAN_POINT('',(64.081143002286,-59.6990525781,0.));
#9482=CARTESIAN_POINT('Origin',(64.591150622301,-59.6990525781,0.));
#9483=CARTESIAN_POINT('',(61.541137922276,-59.6990525781,0.));
#9484=CARTESIAN_POINT('Origin',(62.051145542291,-59.6990525781,0.));
#9485=CARTESIAN_POINT('',(64.081143002286,-57.15904749809,0.));
#9486=CARTESIAN_POINT('Origin',(64.591150622301,-57.15904749809,0.));
#9487=CARTESIAN_POINT('',(61.541137922276,-57.15904749809,0.));
#9488=CARTESIAN_POINT('Origin',(62.051145542291,-57.15904749809,0.));
#9489=CARTESIAN_POINT('',(52.942494284989,-52.88290576581,0.));
#9490=CARTESIAN_POINT('Origin',(53.492506985014,-52.88290576581,0.));
#9491=CARTESIAN_POINT('',(50.402489204979,-52.88290576581,0.));
#9492=CARTESIAN_POINT('Origin',(50.952501905004,-52.88290576581,0.));
#9493=CARTESIAN_POINT('',(38.681092202185,-69.85907289814,0.));
#9494=CARTESIAN_POINT('Origin',(39.1910998222,-69.85907289814,0.));
#9495=CARTESIAN_POINT('',(36.141087122174,-69.85907289814,0.));
#9496=CARTESIAN_POINT('Origin',(36.651094742189,-69.85907289814,0.));
#9497=CARTESIAN_POINT('',(38.681092202185,-67.31906781813,0.));
#9498=CARTESIAN_POINT('Origin',(39.1910998222,-67.31906781813,0.));
#9499=CARTESIAN_POINT('',(36.141087122174,-67.31906781813,0.));
#9500=CARTESIAN_POINT('Origin',(36.651094742189,-67.31906781813,0.));
#9501=CARTESIAN_POINT('',(38.681092202185,-64.77906273812,0.));
#9502=CARTESIAN_POINT('Origin',(39.1910998222,-64.77906273812,0.));
#9503=CARTESIAN_POINT('',(36.141087122174,-64.77906273812,0.));
#9504=CARTESIAN_POINT('Origin',(36.651094742189,-64.77906273812,0.));
#9505=CARTESIAN_POINT('',(38.681092202185,-62.23905765811,0.));
#9506=CARTESIAN_POINT('Origin',(39.1910998222,-62.23905765811,0.));
#9507=CARTESIAN_POINT('',(36.141087122174,-62.23905765811,0.));
#9508=CARTESIAN_POINT('Origin',(36.651094742189,-62.23905765811,0.));
#9509=CARTESIAN_POINT('',(47.862484124969,-52.88290576581,0.));
#9510=CARTESIAN_POINT('Origin',(48.412496824994,-52.88290576581,0.));
#9511=CARTESIAN_POINT('',(45.322479044958,-52.88290576581,0.));
#9512=CARTESIAN_POINT('Origin',(45.872491744983,-52.88290576581,0.));
#9513=CARTESIAN_POINT('',(38.681092202185,-59.6990525781,0.));
#9514=CARTESIAN_POINT('Origin',(39.1910998222,-59.6990525781,0.));
#9515=CARTESIAN_POINT('',(36.141087122174,-59.6990525781,0.));
#9516=CARTESIAN_POINT('Origin',(36.651094742189,-59.6990525781,0.));
#9517=CARTESIAN_POINT('',(38.681092202185,-57.15904749809,0.));
#9518=CARTESIAN_POINT('Origin',(39.1910998222,-57.15904749809,0.));
#9519=CARTESIAN_POINT('',(36.141087122174,-57.15904749809,0.));
#9520=CARTESIAN_POINT('Origin',(36.651094742189,-57.15904749809,0.));
#9521=CARTESIAN_POINT('',(41.969672339345,-52.85750571501,0.));
#9522=CARTESIAN_POINT('Origin',(42.51968503937,-52.85750571501,0.));
#9523=CARTESIAN_POINT('',(39.429667259335,-52.85750571501,0.));
#9524=CARTESIAN_POINT('Origin',(39.97967995936,-52.85750571501,0.));
#9525=CARTESIAN_POINT('',(36.889662179325,-52.85750571501,0.));
#9526=CARTESIAN_POINT('Origin',(37.43967487935,-52.85750571501,0.));
#9527=CARTESIAN_POINT('',(23.792252984506,-88.4524511049,0.));
#9528=CARTESIAN_POINT('Origin',(24.292252984506,-88.4524511049,0.));
#9529=CARTESIAN_POINT('',(33.121666243332,-76.0063500127,0.));
#9530=CARTESIAN_POINT('Origin',(33.578867157734,-76.0063500127,0.));
#9531=CARTESIAN_POINT('',(33.121666243332,-74.0063500127,0.));
#9532=CARTESIAN_POINT('Origin',(33.578867157734,-74.0063500127,0.));
#9533=CARTESIAN_POINT('',(17.392252984506,-88.4524511049,0.));
#9534=CARTESIAN_POINT('Origin',(17.892252984506,-88.4524511049,0.));
#9535=CARTESIAN_POINT('',(33.121666243332,-67.72593345186,0.));
#9536=CARTESIAN_POINT('Origin',(33.578867157734,-67.72593345186,0.));
#9537=CARTESIAN_POINT('',(33.121666243332,-65.72593345186,0.));
#9538=CARTESIAN_POINT('Origin',(33.578867157734,-65.72593345186,0.));
#9539=CARTESIAN_POINT('',(29.578359156719,-57.08661417322,0.));
#9540=CARTESIAN_POINT('Origin',(31.178562357125,-57.08661417322,0.));
#9541=CARTESIAN_POINT('',(34.349657099315,-52.85750571501,0.));
#9542=CARTESIAN_POINT('Origin',(34.89966979934,-52.85750571501,0.));
#9543=CARTESIAN_POINT('Origin',(38.055886613938,-92.2615139146,1.586156972314));
#9544=CARTESIAN_POINT('',(11.202186142091,-85.90755995826,1.586156972314));
#9545=CARTESIAN_POINT('Origin',(14.61008624643,-74.38839677306,1.586156972314));
#9546=CARTESIAN_POINT('',(1.546741173482,-93.71872237338,1.586156972314));
#9547=CARTESIAN_POINT('Origin',(9.534039345135,-93.71871981751,1.586156972314));
#9548=CARTESIAN_POINT('',(1.546741173482,-116.4119913639,1.586156972314));
#9549=CARTESIAN_POINT('',(1.546741173482,-116.4119913639,1.586156972314));
#9550=CARTESIAN_POINT('',(11.534041148082,-126.3992913385,1.586156972314));
#9551=CARTESIAN_POINT('Origin',(11.534041148082,-116.4119913639,1.586156972314));
#9552=CARTESIAN_POINT('',(32.610073660147,-126.3992913385,1.586156972314));
#9553=CARTESIAN_POINT('',(32.610073660147,-126.3992913385,1.586156972314));
#9554=CARTESIAN_POINT('',(60.610083820168,-126.3992913385,1.586156972314));
#9555=CARTESIAN_POINT('',(60.610083820168,-126.3992913385,1.586156972314));
#9556=CARTESIAN_POINT('',(66.597383794768,-120.4119913639,1.586156972314));
#9557=CARTESIAN_POINT('Origin',(60.610083820168,-120.4119913639,1.586156972314));
#9558=CARTESIAN_POINT('',(66.597383794768,-57.21199136398,1.586156972314));
#9559=CARTESIAN_POINT('',(66.597383794768,-57.21199136398,1.586156972314));
#9560=CARTESIAN_POINT('Origin',(60.610083820168,-57.21199136398,1.586156972314));
#9561=CARTESIAN_POINT('',(61.136521463043,-122.4392443484,1.586156972314));
#9562=CARTESIAN_POINT('',(61.136521463043,-120.6392418084,1.586156972314));
#9563=CARTESIAN_POINT('Origin',(61.136521463043,-121.5392430784,1.586156972314));
#9564=CARTESIAN_POINT('',(64.136529083058,-120.6392418084,1.586156972314));
#9565=CARTESIAN_POINT('',(61.136521463043,-120.6392418084,1.586156972314));
#9566=CARTESIAN_POINT('',(64.136529083058,-122.4392443484,1.586156972314));
#9567=CARTESIAN_POINT('Origin',(64.136529083058,-121.5392430784,1.586156972314));
#9568=CARTESIAN_POINT('',(64.136529083058,-122.4392443484,1.586156972314));
#9569=CARTESIAN_POINT('',(57.69451485903,-123.6742481584,1.586156972314));
#9570=CARTESIAN_POINT('',(55.894512319025,-123.6742481584,1.586156972314));
#9571=CARTESIAN_POINT('Origin',(56.794513589027,-123.6742481584,1.586156972314));
#9572=CARTESIAN_POINT('',(55.894512319025,-120.6742405384,1.586156972314));
#9573=CARTESIAN_POINT('',(55.894512319025,-123.6742481584,1.586156972314));
#9574=CARTESIAN_POINT('',(57.69451485903,-120.6742405384,1.586156972314));
#9575=CARTESIAN_POINT('Origin',(56.794513589027,-120.6742405384,1.586156972314));
#9576=CARTESIAN_POINT('',(57.69451485903,-120.6742405384,1.586156972314));
#9577=CARTESIAN_POINT('',(64.016916433833,-115.0368300736,1.586156972314));
#9578=CARTESIAN_POINT('Origin',(64.566929133858,-115.0368300736,1.586156972314));
#9579=CARTESIAN_POINT('',(64.016916433833,-112.4968249936,1.586156972314));
#9580=CARTESIAN_POINT('Origin',(64.566929133858,-112.4968249936,1.586156972314));
#9581=CARTESIAN_POINT('',(59.952908305817,-115.0368300736,1.586156972314));
#9582=CARTESIAN_POINT('Origin',(60.502921005842,-115.0368300736,1.586156972314));
#9583=CARTESIAN_POINT('',(59.952908305817,-112.4968249936,1.586156972314));
#9584=CARTESIAN_POINT('Origin',(60.502921005842,-112.4968249936,1.586156972314));
#9585=CARTESIAN_POINT('',(64.016916433833,-109.9568199136,1.586156972314));
#9586=CARTESIAN_POINT('Origin',(64.566929133858,-109.9568199136,1.586156972314));
#9587=CARTESIAN_POINT('',(64.016916433833,-107.4168148336,1.586156972314));
#9588=CARTESIAN_POINT('Origin',(64.566929133858,-107.4168148336,1.586156972314));
#9589=CARTESIAN_POINT('',(59.952908305817,-109.9568199136,1.586156972314));
#9590=CARTESIAN_POINT('Origin',(60.502921005842,-109.9568199136,1.586156972314));
#9591=CARTESIAN_POINT('',(59.952908305817,-107.4168148336,1.586156972314));
#9592=CARTESIAN_POINT('Origin',(60.502921005842,-107.4168148336,1.586156972314));
#9593=CARTESIAN_POINT('',(53.451308102616,-110.4648209296,1.586156972314));
#9594=CARTESIAN_POINT('Origin',(54.051308102616,-110.4648209296,1.586156972314));
#9595=CARTESIAN_POINT('',(53.451308102616,-107.9248158496,1.586156972314));
#9596=CARTESIAN_POINT('Origin',(54.051308102616,-107.9248158496,1.586156972314));
#9597=CARTESIAN_POINT('',(48.718643637287,-125.0847345694,1.586156972314));
#9598=CARTESIAN_POINT('Origin',(49.218643637287,-125.0847345694,1.586156972314));
#9599=CARTESIAN_POINT('',(46.718643637287,-125.0847345694,1.586156972314));
#9600=CARTESIAN_POINT('Origin',(47.218643637287,-125.0847345694,1.586156972314));
#9601=CARTESIAN_POINT('',(44.718643637287,-125.0847345694,1.586156972314));
#9602=CARTESIAN_POINT('Origin',(45.218643637287,-125.0847345694,1.586156972314));
#9603=CARTESIAN_POINT('',(48.718643637287,-120.5847853695,1.586156972314));
#9604=CARTESIAN_POINT('Origin',(49.218643637287,-120.5847853695,1.586156972314));
#9605=CARTESIAN_POINT('',(46.718643637287,-120.5847853695,1.586156972314));
#9606=CARTESIAN_POINT('Origin',(47.218643637287,-120.5847853695,1.586156972314));
#9607=CARTESIAN_POINT('',(44.718643637287,-120.5847853695,1.586156972314));
#9608=CARTESIAN_POINT('Origin',(45.218643637287,-120.5847853695,1.586156972314));
#9609=CARTESIAN_POINT('',(64.016916433833,-104.8768097536,1.586156972314));
#9610=CARTESIAN_POINT('Origin',(64.566929133858,-104.8768097536,1.586156972314));
#9611=CARTESIAN_POINT('',(59.952908305817,-104.8768097536,1.586156972314));
#9612=CARTESIAN_POINT('Origin',(60.502921005842,-104.8768097536,1.586156972314));
#9613=CARTESIAN_POINT('',(57.45237490475,-97.53492506985,1.586156972314));
#9614=CARTESIAN_POINT('Origin',(59.052578105156,-97.53492506985,1.586156972314));
#9615=CARTESIAN_POINT('',(64.081143002286,-92.71911861823,1.586156972314));
#9616=CARTESIAN_POINT('Origin',(64.591150622301,-92.71911861823,1.586156972314));
#9617=CARTESIAN_POINT('',(61.541137922276,-92.71911861823,1.586156972314));
#9618=CARTESIAN_POINT('Origin',(62.051145542291,-92.71911861823,1.586156972314));
#9619=CARTESIAN_POINT('',(64.081143002286,-90.17911353822,1.586156972314));
#9620=CARTESIAN_POINT('Origin',(64.591150622301,-90.17911353822,1.586156972314));
#9621=CARTESIAN_POINT('',(61.541137922276,-90.17911353822,1.586156972314));
#9622=CARTESIAN_POINT('Origin',(62.051145542291,-90.17911353822,1.586156972314));
#9623=CARTESIAN_POINT('',(53.881287782576,-92.91911607823,1.586156972314));
#9624=CARTESIAN_POINT('Origin',(54.431300482601,-92.91911607823,1.586156972314));
#9625=CARTESIAN_POINT('',(53.881287782576,-90.37911099822,1.586156972314));
#9626=CARTESIAN_POINT('Origin',(54.431300482601,-90.37911099822,1.586156972314));
#9627=CARTESIAN_POINT('',(51.341282702566,-92.91911607823,1.586156972314));
#9628=CARTESIAN_POINT('Origin',(51.891295402591,-92.91911607823,1.586156972314));
#9629=CARTESIAN_POINT('',(51.341282702566,-90.37911099822,1.586156972314));
#9630=CARTESIAN_POINT('Origin',(51.891295402591,-90.37911099822,1.586156972314));
#9631=CARTESIAN_POINT('',(48.801277622556,-92.91911607823,1.586156972314));
#9632=CARTESIAN_POINT('Origin',(49.351290322581,-92.91911607823,1.586156972314));
#9633=CARTESIAN_POINT('',(48.801277622556,-90.37911099822,1.586156972314));
#9634=CARTESIAN_POINT('Origin',(49.351290322581,-90.37911099822,1.586156972314));
#9635=CARTESIAN_POINT('',(46.261272542545,-92.91911607823,1.586156972314));
#9636=CARTESIAN_POINT('Origin',(46.81128524257,-92.91911607823,1.586156972314));
#9637=CARTESIAN_POINT('',(46.261272542545,-90.37911099822,1.586156972314));
#9638=CARTESIAN_POINT('Origin',(46.81128524257,-90.37911099822,1.586156972314));
#9639=CARTESIAN_POINT('',(38.681092202185,-92.71911861823,1.586156972314));
#9640=CARTESIAN_POINT('Origin',(39.1910998222,-92.71911861823,1.586156972314));
#9641=CARTESIAN_POINT('',(36.141087122174,-92.71911861823,1.586156972314));
#9642=CARTESIAN_POINT('Origin',(36.651094742189,-92.71911861823,1.586156972314));
#9643=CARTESIAN_POINT('',(38.681092202185,-90.17911353822,1.586156972314));
#9644=CARTESIAN_POINT('Origin',(39.1910998222,-90.17911353822,1.586156972314));
#9645=CARTESIAN_POINT('',(36.141087122174,-90.17911353822,1.586156972314));
#9646=CARTESIAN_POINT('Origin',(36.651094742189,-90.17911353822,1.586156972314));
#9647=CARTESIAN_POINT('',(23.092252984506,-108.7027178054,1.586156972314));
#9648=CARTESIAN_POINT('Origin',(23.592252984506,-108.7027178054,1.586156972314));
#9649=CARTESIAN_POINT('',(18.280187960376,-121.2597155194,1.586156972314));
#9650=CARTESIAN_POINT('Origin',(18.705181610363,-121.2597155194,1.586156972314));
#9651=CARTESIAN_POINT('',(15.78031496063,-118.7198628397,1.586156972314));
#9652=CARTESIAN_POINT('Origin',(16.205308610617,-118.7198628397,1.586156972314));
#9653=CARTESIAN_POINT('',(13.280187960376,-121.2597155194,1.586156972314));
#9654=CARTESIAN_POINT('Origin',(13.705181610363,-121.2597155194,1.586156972314));
#9655=CARTESIAN_POINT('',(20.591998983998,-108.7027178054,1.586156972314));
#9656=CARTESIAN_POINT('Origin',(21.091998983998,-108.7027178054,1.586156972314));
#9657=CARTESIAN_POINT('',(18.092125984252,-108.7027178054,1.586156972314));
#9658=CARTESIAN_POINT('Origin',(18.592125984252,-108.7027178054,1.586156972314));
#9659=CARTESIAN_POINT('',(7.073914147829,-110.5537211074,1.586156972314));
#9660=CARTESIAN_POINT('Origin',(8.674117348235,-110.5537211074,1.586156972314));
#9661=CARTESIAN_POINT('',(26.592227584456,-105.7027178054,1.586156972314));
#9662=CARTESIAN_POINT('Origin',(27.342240284481,-105.7027178054,1.586156972314));
#9663=CARTESIAN_POINT('',(26.592227584456,-95.00248920497,1.586156972314));
#9664=CARTESIAN_POINT('Origin',(27.342240284481,-95.00248920497,1.586156972314));
#9665=CARTESIAN_POINT('',(23.792252984506,-92.9524511049,1.586156972314));
#9666=CARTESIAN_POINT('Origin',(24.292252984506,-92.9524511049,1.586156972314));
#9667=CARTESIAN_POINT('',(14.092252984506,-105.7027178054,1.586156972314));
#9668=CARTESIAN_POINT('Origin',(14.842265684531,-105.7027178054,1.586156972314));
#9669=CARTESIAN_POINT('',(12.442265684531,-102.8525781051,1.586156972314));
#9670=CARTESIAN_POINT('Origin',(12.942265684531,-102.8525781051,1.586156972314));
#9671=CARTESIAN_POINT('',(12.442265684531,-100.3527051054,1.586156972314));
#9672=CARTESIAN_POINT('Origin',(12.942265684531,-100.3527051054,1.586156972314));
#9673=CARTESIAN_POINT('',(14.092252984506,-95.00248920497,1.586156972314));
#9674=CARTESIAN_POINT('Origin',(14.842265684531,-95.00248920497,1.586156972314));
#9675=CARTESIAN_POINT('',(17.392252984506,-92.9524511049,1.586156972314));
#9676=CARTESIAN_POINT('Origin',(17.892252984506,-92.9524511049,1.586156972314));
#9677=CARTESIAN_POINT('',(12.442265684531,-97.85257810515,1.586156972314));
#9678=CARTESIAN_POINT('Origin',(12.942265684531,-97.85257810515,1.586156972314));
#9679=CARTESIAN_POINT('',(64.081143002286,-87.63910845821,1.586156972314));
#9680=CARTESIAN_POINT('Origin',(64.591150622301,-87.63910845821,1.586156972314));
#9681=CARTESIAN_POINT('',(61.541137922276,-87.63910845821,1.586156972314));
#9682=CARTESIAN_POINT('Origin',(62.051145542291,-87.63910845821,1.586156972314));
#9683=CARTESIAN_POINT('',(64.081143002286,-85.0991033782,1.586156972314));
#9684=CARTESIAN_POINT('Origin',(64.591150622301,-85.0991033782,1.586156972314));
#9685=CARTESIAN_POINT('',(61.541137922276,-85.0991033782,1.586156972314));
#9686=CARTESIAN_POINT('Origin',(62.051145542291,-85.0991033782,1.586156972314));
#9687=CARTESIAN_POINT('',(64.081143002286,-82.55909829819,1.586156972314));
#9688=CARTESIAN_POINT('Origin',(64.591150622301,-82.55909829819,1.586156972314));
#9689=CARTESIAN_POINT('',(61.541137922276,-82.55909829819,1.586156972314));
#9690=CARTESIAN_POINT('Origin',(62.051145542291,-82.55909829819,1.586156972314));
#9691=CARTESIAN_POINT('',(64.081143002286,-80.01909321818,1.586156972314));
#9692=CARTESIAN_POINT('Origin',(64.591150622301,-80.01909321818,1.586156972314));
#9693=CARTESIAN_POINT('',(61.541137922276,-80.01909321818,1.586156972314));
#9694=CARTESIAN_POINT('Origin',(62.051145542291,-80.01909321818,1.586156972314));
#9695=CARTESIAN_POINT('',(64.081143002286,-77.47908813817,1.586156972314));
#9696=CARTESIAN_POINT('Origin',(64.591150622301,-77.47908813817,1.586156972314));
#9697=CARTESIAN_POINT('',(61.541137922276,-77.47908813817,1.586156972314));
#9698=CARTESIAN_POINT('Origin',(62.051145542291,-77.47908813817,1.586156972314));
#9699=CARTESIAN_POINT('',(64.081143002286,-74.93908305816,1.586156972314));
#9700=CARTESIAN_POINT('Origin',(64.591150622301,-74.93908305816,1.586156972314));
#9701=CARTESIAN_POINT('',(61.541137922276,-74.93908305816,1.586156972314));
#9702=CARTESIAN_POINT('Origin',(62.051145542291,-74.93908305816,1.586156972314));
#9703=CARTESIAN_POINT('',(64.081143002286,-72.39907797815,1.586156972314));
#9704=CARTESIAN_POINT('Origin',(64.591150622301,-72.39907797815,1.586156972314));
#9705=CARTESIAN_POINT('',(61.541137922276,-72.39907797815,1.586156972314));
#9706=CARTESIAN_POINT('Origin',(62.051145542291,-72.39907797815,1.586156972314));
#9707=CARTESIAN_POINT('',(38.681092202185,-87.63910845821,1.586156972314));
#9708=CARTESIAN_POINT('Origin',(39.1910998222,-87.63910845821,1.586156972314));
#9709=CARTESIAN_POINT('',(36.141087122174,-87.63910845821,1.586156972314));
#9710=CARTESIAN_POINT('Origin',(36.651094742189,-87.63910845821,1.586156972314));
#9711=CARTESIAN_POINT('',(38.681092202185,-85.0991033782,1.586156972314));
#9712=CARTESIAN_POINT('Origin',(39.1910998222,-85.0991033782,1.586156972314));
#9713=CARTESIAN_POINT('',(36.141087122174,-85.0991033782,1.586156972314));
#9714=CARTESIAN_POINT('Origin',(36.651094742189,-85.0991033782,1.586156972314));
#9715=CARTESIAN_POINT('',(38.681092202185,-82.55909829819,1.586156972314));
#9716=CARTESIAN_POINT('Origin',(39.1910998222,-82.55909829819,1.586156972314));
#9717=CARTESIAN_POINT('',(36.141087122174,-82.55909829819,1.586156972314));
#9718=CARTESIAN_POINT('Origin',(36.651094742189,-82.55909829819,1.586156972314));
#9719=CARTESIAN_POINT('',(38.681092202185,-80.01909321818,1.586156972314));
#9720=CARTESIAN_POINT('Origin',(39.1910998222,-80.01909321818,1.586156972314));
#9721=CARTESIAN_POINT('',(36.141087122174,-80.01909321818,1.586156972314));
#9722=CARTESIAN_POINT('Origin',(36.651094742189,-80.01909321818,1.586156972314));
#9723=CARTESIAN_POINT('',(38.681092202185,-77.47908813817,1.586156972314));
#9724=CARTESIAN_POINT('Origin',(39.1910998222,-77.47908813817,1.586156972314));
#9725=CARTESIAN_POINT('',(36.141087122174,-77.47908813817,1.586156972314));
#9726=CARTESIAN_POINT('Origin',(36.651094742189,-77.47908813817,1.586156972314));
#9727=CARTESIAN_POINT('',(38.681092202185,-74.93908305816,1.586156972314));
#9728=CARTESIAN_POINT('Origin',(39.1910998222,-74.93908305816,1.586156972314));
#9729=CARTESIAN_POINT('',(36.141087122174,-74.93908305816,1.586156972314));
#9730=CARTESIAN_POINT('Origin',(36.651094742189,-74.93908305816,1.586156972314));
#9731=CARTESIAN_POINT('',(38.681092202185,-72.39907797815,1.586156972314));
#9732=CARTESIAN_POINT('Origin',(39.1910998222,-72.39907797815,1.586156972314));
#9733=CARTESIAN_POINT('',(36.141087122174,-72.39907797815,1.586156972314));
#9734=CARTESIAN_POINT('Origin',(36.651094742189,-72.39907797815,1.586156972314));
#9735=CARTESIAN_POINT('',(64.081143002286,-69.85907289814,1.586156972314));
#9736=CARTESIAN_POINT('Origin',(64.591150622301,-69.85907289814,1.586156972314));
#9737=CARTESIAN_POINT('',(61.541137922276,-69.85907289814,1.586156972314));
#9738=CARTESIAN_POINT('Origin',(62.051145542291,-69.85907289814,1.586156972314));
#9739=CARTESIAN_POINT('',(64.081143002286,-67.31906781813,1.586156972314));
#9740=CARTESIAN_POINT('Origin',(64.591150622301,-67.31906781813,1.586156972314));
#9741=CARTESIAN_POINT('',(61.541137922276,-67.31906781813,1.586156972314));
#9742=CARTESIAN_POINT('Origin',(62.051145542291,-67.31906781813,1.586156972314));
#9743=CARTESIAN_POINT('',(64.081143002286,-64.77906273812,1.586156972314));
#9744=CARTESIAN_POINT('Origin',(64.591150622301,-64.77906273812,1.586156972314));
#9745=CARTESIAN_POINT('',(61.541137922276,-64.77906273812,1.586156972314));
#9746=CARTESIAN_POINT('Origin',(62.051145542291,-64.77906273812,1.586156972314));
#9747=CARTESIAN_POINT('',(64.081143002286,-62.23905765811,1.586156972314));
#9748=CARTESIAN_POINT('Origin',(64.591150622301,-62.23905765811,1.586156972314));
#9749=CARTESIAN_POINT('',(61.541137922276,-62.23905765811,1.586156972314));
#9750=CARTESIAN_POINT('Origin',(62.051145542291,-62.23905765811,1.586156972314));
#9751=CARTESIAN_POINT('',(64.081143002286,-59.6990525781,1.586156972314));
#9752=CARTESIAN_POINT('Origin',(64.591150622301,-59.6990525781,1.586156972314));
#9753=CARTESIAN_POINT('',(61.541137922276,-59.6990525781,1.586156972314));
#9754=CARTESIAN_POINT('Origin',(62.051145542291,-59.6990525781,1.586156972314));
#9755=CARTESIAN_POINT('',(64.081143002286,-57.15904749809,1.586156972314));
#9756=CARTESIAN_POINT('Origin',(64.591150622301,-57.15904749809,1.586156972314));
#9757=CARTESIAN_POINT('',(61.541137922276,-57.15904749809,1.586156972314));
#9758=CARTESIAN_POINT('Origin',(62.051145542291,-57.15904749809,1.586156972314));
#9759=CARTESIAN_POINT('',(52.942494284989,-52.88290576581,1.586156972314));
#9760=CARTESIAN_POINT('Origin',(53.492506985014,-52.88290576581,1.586156972314));
#9761=CARTESIAN_POINT('',(50.402489204979,-52.88290576581,1.586156972314));
#9762=CARTESIAN_POINT('Origin',(50.952501905004,-52.88290576581,1.586156972314));
#9763=CARTESIAN_POINT('',(38.681092202185,-69.85907289814,1.586156972314));
#9764=CARTESIAN_POINT('Origin',(39.1910998222,-69.85907289814,1.586156972314));
#9765=CARTESIAN_POINT('',(36.141087122174,-69.85907289814,1.586156972314));
#9766=CARTESIAN_POINT('Origin',(36.651094742189,-69.85907289814,1.586156972314));
#9767=CARTESIAN_POINT('',(38.681092202185,-67.31906781813,1.586156972314));
#9768=CARTESIAN_POINT('Origin',(39.1910998222,-67.31906781813,1.586156972314));
#9769=CARTESIAN_POINT('',(36.141087122174,-67.31906781813,1.586156972314));
#9770=CARTESIAN_POINT('Origin',(36.651094742189,-67.31906781813,1.586156972314));
#9771=CARTESIAN_POINT('',(38.681092202185,-64.77906273812,1.586156972314));
#9772=CARTESIAN_POINT('Origin',(39.1910998222,-64.77906273812,1.586156972314));
#9773=CARTESIAN_POINT('',(36.141087122174,-64.77906273812,1.586156972314));
#9774=CARTESIAN_POINT('Origin',(36.651094742189,-64.77906273812,1.586156972314));
#9775=CARTESIAN_POINT('',(38.681092202185,-62.23905765811,1.586156972314));
#9776=CARTESIAN_POINT('Origin',(39.1910998222,-62.23905765811,1.586156972314));
#9777=CARTESIAN_POINT('',(36.141087122174,-62.23905765811,1.586156972314));
#9778=CARTESIAN_POINT('Origin',(36.651094742189,-62.23905765811,1.586156972314));
#9779=CARTESIAN_POINT('',(47.862484124969,-52.88290576581,1.586156972314));
#9780=CARTESIAN_POINT('Origin',(48.412496824994,-52.88290576581,1.586156972314));
#9781=CARTESIAN_POINT('',(45.322479044958,-52.88290576581,1.586156972314));
#9782=CARTESIAN_POINT('Origin',(45.872491744983,-52.88290576581,1.586156972314));
#9783=CARTESIAN_POINT('',(38.681092202185,-59.6990525781,1.586156972314));
#9784=CARTESIAN_POINT('Origin',(39.1910998222,-59.6990525781,1.586156972314));
#9785=CARTESIAN_POINT('',(36.141087122174,-59.6990525781,1.586156972314));
#9786=CARTESIAN_POINT('Origin',(36.651094742189,-59.6990525781,1.586156972314));
#9787=CARTESIAN_POINT('',(38.681092202185,-57.15904749809,1.586156972314));
#9788=CARTESIAN_POINT('Origin',(39.1910998222,-57.15904749809,1.586156972314));
#9789=CARTESIAN_POINT('',(36.141087122174,-57.15904749809,1.586156972314));
#9790=CARTESIAN_POINT('Origin',(36.651094742189,-57.15904749809,1.586156972314));
#9791=CARTESIAN_POINT('',(41.969672339345,-52.85750571501,1.586156972314));
#9792=CARTESIAN_POINT('Origin',(42.51968503937,-52.85750571501,1.586156972314));
#9793=CARTESIAN_POINT('',(39.429667259335,-52.85750571501,1.586156972314));
#9794=CARTESIAN_POINT('Origin',(39.97967995936,-52.85750571501,1.586156972314));
#9795=CARTESIAN_POINT('',(36.889662179325,-52.85750571501,1.586156972314));
#9796=CARTESIAN_POINT('Origin',(37.43967487935,-52.85750571501,1.586156972314));
#9797=CARTESIAN_POINT('',(23.792252984506,-88.4524511049,1.586156972314));
#9798=CARTESIAN_POINT('Origin',(24.292252984506,-88.4524511049,1.586156972314));
#9799=CARTESIAN_POINT('',(33.121666243332,-76.0063500127,1.586156972314));
#9800=CARTESIAN_POINT('Origin',(33.578867157734,-76.0063500127,1.586156972314));
#9801=CARTESIAN_POINT('',(33.121666243332,-74.0063500127,1.586156972314));
#9802=CARTESIAN_POINT('Origin',(33.578867157734,-74.0063500127,1.586156972314));
#9803=CARTESIAN_POINT('',(17.392252984506,-88.4524511049,1.586156972314));
#9804=CARTESIAN_POINT('Origin',(17.892252984506,-88.4524511049,1.586156972314));
#9805=CARTESIAN_POINT('',(33.121666243332,-67.72593345186,1.586156972314));
#9806=CARTESIAN_POINT('Origin',(33.578867157734,-67.72593345186,1.586156972314));
#9807=CARTESIAN_POINT('',(33.121666243332,-65.72593345186,1.586156972314));
#9808=CARTESIAN_POINT('Origin',(33.578867157734,-65.72593345186,1.586156972314));
#9809=CARTESIAN_POINT('',(29.578359156719,-57.08661417322,1.586156972314));
#9810=CARTESIAN_POINT('Origin',(31.178562357125,-57.08661417322,1.586156972314));
#9811=CARTESIAN_POINT('',(34.349657099315,-52.85750571501,1.586156972314));
#9812=CARTESIAN_POINT('Origin',(34.89966979934,-52.85750571501,1.586156972314));
#9813=CARTESIAN_POINT('Origin',(14.61008624643,-74.38839677306,0.));
#9814=CARTESIAN_POINT('',(11.202186142091,-85.90755995826,0.));
#9815=CARTESIAN_POINT('Origin',(60.610083820168,-57.21199136398,0.));
#9816=CARTESIAN_POINT('',(66.597383794768,-57.21199136398,0.));
#9817=CARTESIAN_POINT('Origin',(9.534039345135,-93.71871981751,0.));
#9818=CARTESIAN_POINT('',(1.546741173482,-93.71872237338,0.));
#9819=CARTESIAN_POINT('Origin',(66.597383794768,-57.21199136398,0.));
#9820=CARTESIAN_POINT('',(66.597383794768,-120.4119913639,0.));
#9821=CARTESIAN_POINT('Origin',(1.546741173482,-116.4119913639,0.));
#9822=CARTESIAN_POINT('',(1.546741173482,-116.4119913639,0.));
#9823=CARTESIAN_POINT('Origin',(60.610083820168,-120.4119913639,0.));
#9824=CARTESIAN_POINT('',(60.610083820168,-126.3992913385,0.));
#9825=CARTESIAN_POINT('Origin',(11.534041148082,-116.4119913639,0.));
#9826=CARTESIAN_POINT('',(11.534041148082,-126.3992913385,0.));
#9827=CARTESIAN_POINT('Origin',(60.610083820168,-126.3992913385,0.));
#9828=CARTESIAN_POINT('',(32.610073660147,-126.3992913385,0.));
#9829=CARTESIAN_POINT('Origin',(32.610073660147,-126.3992913385,0.));
#9830=CARTESIAN_POINT('Origin',(61.136521463043,-121.5392430784,0.));
#9831=CARTESIAN_POINT('',(61.136521463043,-122.4392443484,0.));
#9832=CARTESIAN_POINT('',(61.136521463043,-120.6392418084,0.));
#9833=CARTESIAN_POINT('Origin',(61.136521463043,-120.6392418084,0.));
#9834=CARTESIAN_POINT('',(64.136529083058,-120.6392418084,0.));
#9835=CARTESIAN_POINT('Origin',(64.136529083058,-121.5392430784,0.));
#9836=CARTESIAN_POINT('',(64.136529083058,-122.4392443484,0.));
#9837=CARTESIAN_POINT('Origin',(64.136529083058,-122.4392443484,0.));
#9838=CARTESIAN_POINT('Origin',(56.794513589027,-123.6742481584,0.));
#9839=CARTESIAN_POINT('',(57.69451485903,-123.6742481584,0.));
#9840=CARTESIAN_POINT('',(55.894512319025,-123.6742481584,0.));
#9841=CARTESIAN_POINT('Origin',(55.894512319025,-123.6742481584,0.));
#9842=CARTESIAN_POINT('',(55.894512319025,-120.6742405384,0.));
#9843=CARTESIAN_POINT('Origin',(56.794513589027,-120.6742405384,0.));
#9844=CARTESIAN_POINT('',(57.69451485903,-120.6742405384,0.));
#9845=CARTESIAN_POINT('Origin',(57.69451485903,-120.6742405384,0.));
#9846=CARTESIAN_POINT('Origin',(64.566929133858,-115.0368300736,0.));
#9847=CARTESIAN_POINT('',(64.016916433833,-115.0368300736,0.));
#9848=CARTESIAN_POINT('Origin',(64.566929133858,-112.4968249936,0.));
#9849=CARTESIAN_POINT('',(64.016916433833,-112.4968249936,0.));
#9850=CARTESIAN_POINT('Origin',(60.502921005842,-115.0368300736,0.));
#9851=CARTESIAN_POINT('',(59.952908305817,-115.0368300736,0.));
#9852=CARTESIAN_POINT('Origin',(60.502921005842,-112.4968249936,0.));
#9853=CARTESIAN_POINT('',(59.952908305817,-112.4968249936,0.));
#9854=CARTESIAN_POINT('Origin',(64.566929133858,-109.9568199136,0.));
#9855=CARTESIAN_POINT('',(64.016916433833,-109.9568199136,0.));
#9856=CARTESIAN_POINT('Origin',(64.566929133858,-107.4168148336,0.));
#9857=CARTESIAN_POINT('',(64.016916433833,-107.4168148336,0.));
#9858=CARTESIAN_POINT('Origin',(60.502921005842,-109.9568199136,0.));
#9859=CARTESIAN_POINT('',(59.952908305817,-109.9568199136,0.));
#9860=CARTESIAN_POINT('Origin',(60.502921005842,-107.4168148336,0.));
#9861=CARTESIAN_POINT('',(59.952908305817,-107.4168148336,0.));
#9862=CARTESIAN_POINT('Origin',(54.051308102616,-110.4648209296,0.));
#9863=CARTESIAN_POINT('',(53.451308102616,-110.4648209296,0.));
#9864=CARTESIAN_POINT('Origin',(54.051308102616,-107.9248158496,0.));
#9865=CARTESIAN_POINT('',(53.451308102616,-107.9248158496,0.));
#9866=CARTESIAN_POINT('Origin',(49.218643637287,-125.0847345694,0.));
#9867=CARTESIAN_POINT('',(48.718643637287,-125.0847345694,0.));
#9868=CARTESIAN_POINT('Origin',(47.218643637287,-125.0847345694,0.));
#9869=CARTESIAN_POINT('',(46.718643637287,-125.0847345694,0.));
#9870=CARTESIAN_POINT('Origin',(45.218643637287,-125.0847345694,0.));
#9871=CARTESIAN_POINT('',(44.718643637287,-125.0847345694,0.));
#9872=CARTESIAN_POINT('Origin',(49.218643637287,-120.5847853695,0.));
#9873=CARTESIAN_POINT('',(48.718643637287,-120.5847853695,0.));
#9874=CARTESIAN_POINT('Origin',(47.218643637287,-120.5847853695,0.));
#9875=CARTESIAN_POINT('',(46.718643637287,-120.5847853695,0.));
#9876=CARTESIAN_POINT('Origin',(45.218643637287,-120.5847853695,0.));
#9877=CARTESIAN_POINT('',(44.718643637287,-120.5847853695,0.));
#9878=CARTESIAN_POINT('Origin',(64.566929133858,-104.8768097536,0.));
#9879=CARTESIAN_POINT('',(64.016916433833,-104.8768097536,0.));
#9880=CARTESIAN_POINT('Origin',(60.502921005842,-104.8768097536,0.));
#9881=CARTESIAN_POINT('',(59.952908305817,-104.8768097536,0.));
#9882=CARTESIAN_POINT('Origin',(59.052578105156,-97.53492506985,0.));
#9883=CARTESIAN_POINT('',(57.45237490475,-97.53492506985,0.));
#9884=CARTESIAN_POINT('Origin',(64.591150622301,-92.71911861823,0.));
#9885=CARTESIAN_POINT('',(64.081143002286,-92.71911861823,0.));
#9886=CARTESIAN_POINT('Origin',(62.051145542291,-92.71911861823,0.));
#9887=CARTESIAN_POINT('',(61.541137922276,-92.71911861823,0.));
#9888=CARTESIAN_POINT('Origin',(64.591150622301,-90.17911353822,0.));
#9889=CARTESIAN_POINT('',(64.081143002286,-90.17911353822,0.));
#9890=CARTESIAN_POINT('Origin',(62.051145542291,-90.17911353822,0.));
#9891=CARTESIAN_POINT('',(61.541137922276,-90.17911353822,0.));
#9892=CARTESIAN_POINT('Origin',(54.431300482601,-92.91911607823,0.));
#9893=CARTESIAN_POINT('',(53.881287782576,-92.91911607823,0.));
#9894=CARTESIAN_POINT('Origin',(54.431300482601,-90.37911099822,0.));
#9895=CARTESIAN_POINT('',(53.881287782576,-90.37911099822,0.));
#9896=CARTESIAN_POINT('Origin',(51.891295402591,-92.91911607823,0.));
#9897=CARTESIAN_POINT('',(51.341282702566,-92.91911607823,0.));
#9898=CARTESIAN_POINT('Origin',(51.891295402591,-90.37911099822,0.));
#9899=CARTESIAN_POINT('',(51.341282702566,-90.37911099822,0.));
#9900=CARTESIAN_POINT('Origin',(49.351290322581,-92.91911607823,0.));
#9901=CARTESIAN_POINT('',(48.801277622556,-92.91911607823,0.));
#9902=CARTESIAN_POINT('Origin',(49.351290322581,-90.37911099822,0.));
#9903=CARTESIAN_POINT('',(48.801277622556,-90.37911099822,0.));
#9904=CARTESIAN_POINT('Origin',(46.81128524257,-92.91911607823,0.));
#9905=CARTESIAN_POINT('',(46.261272542545,-92.91911607823,0.));
#9906=CARTESIAN_POINT('Origin',(46.81128524257,-90.37911099822,0.));
#9907=CARTESIAN_POINT('',(46.261272542545,-90.37911099822,0.));
#9908=CARTESIAN_POINT('Origin',(39.1910998222,-92.71911861823,0.));
#9909=CARTESIAN_POINT('',(38.681092202185,-92.71911861823,0.));
#9910=CARTESIAN_POINT('Origin',(36.651094742189,-92.71911861823,0.));
#9911=CARTESIAN_POINT('',(36.141087122174,-92.71911861823,0.));
#9912=CARTESIAN_POINT('Origin',(39.1910998222,-90.17911353822,0.));
#9913=CARTESIAN_POINT('',(38.681092202185,-90.17911353822,0.));
#9914=CARTESIAN_POINT('Origin',(36.651094742189,-90.17911353822,0.));
#9915=CARTESIAN_POINT('',(36.141087122174,-90.17911353822,0.));
#9916=CARTESIAN_POINT('Origin',(23.592252984506,-108.7027178054,0.));
#9917=CARTESIAN_POINT('',(23.092252984506,-108.7027178054,0.));
#9918=CARTESIAN_POINT('Origin',(18.705181610363,-121.2597155194,0.));
#9919=CARTESIAN_POINT('',(18.280187960376,-121.2597155194,0.));
#9920=CARTESIAN_POINT('Origin',(16.205308610617,-118.7198628397,0.));
#9921=CARTESIAN_POINT('',(15.78031496063,-118.7198628397,0.));
#9922=CARTESIAN_POINT('Origin',(13.705181610363,-121.2597155194,0.));
#9923=CARTESIAN_POINT('',(13.280187960376,-121.2597155194,0.));
#9924=CARTESIAN_POINT('Origin',(21.091998983998,-108.7027178054,0.));
#9925=CARTESIAN_POINT('',(20.591998983998,-108.7027178054,0.));
#9926=CARTESIAN_POINT('Origin',(18.592125984252,-108.7027178054,0.));
#9927=CARTESIAN_POINT('',(18.092125984252,-108.7027178054,0.));
#9928=CARTESIAN_POINT('Origin',(8.674117348235,-110.5537211074,0.));
#9929=CARTESIAN_POINT('',(7.073914147829,-110.5537211074,0.));
#9930=CARTESIAN_POINT('Origin',(27.342240284481,-105.7027178054,0.));
#9931=CARTESIAN_POINT('',(26.592227584456,-105.7027178054,0.));
#9932=CARTESIAN_POINT('Origin',(27.342240284481,-95.00248920497,0.));
#9933=CARTESIAN_POINT('',(26.592227584456,-95.00248920497,0.));
#9934=CARTESIAN_POINT('Origin',(24.292252984506,-92.9524511049,0.));
#9935=CARTESIAN_POINT('',(23.792252984506,-92.9524511049,0.));
#9936=CARTESIAN_POINT('Origin',(14.842265684531,-105.7027178054,0.));
#9937=CARTESIAN_POINT('',(14.092252984506,-105.7027178054,0.));
#9938=CARTESIAN_POINT('Origin',(12.942265684531,-102.8525781051,0.));
#9939=CARTESIAN_POINT('',(12.442265684531,-102.8525781051,0.));
#9940=CARTESIAN_POINT('Origin',(12.942265684531,-100.3527051054,0.));
#9941=CARTESIAN_POINT('',(12.442265684531,-100.3527051054,0.));
#9942=CARTESIAN_POINT('Origin',(14.842265684531,-95.00248920497,0.));
#9943=CARTESIAN_POINT('',(14.092252984506,-95.00248920497,0.));
#9944=CARTESIAN_POINT('Origin',(17.892252984506,-92.9524511049,0.));
#9945=CARTESIAN_POINT('',(17.392252984506,-92.9524511049,0.));
#9946=CARTESIAN_POINT('Origin',(12.942265684531,-97.85257810515,0.));
#9947=CARTESIAN_POINT('',(12.442265684531,-97.85257810515,0.));
#9948=CARTESIAN_POINT('Origin',(64.591150622301,-87.63910845821,0.));
#9949=CARTESIAN_POINT('',(64.081143002286,-87.63910845821,0.));
#9950=CARTESIAN_POINT('Origin',(62.051145542291,-87.63910845821,0.));
#9951=CARTESIAN_POINT('',(61.541137922276,-87.63910845821,0.));
#9952=CARTESIAN_POINT('Origin',(64.591150622301,-85.0991033782,0.));
#9953=CARTESIAN_POINT('',(64.081143002286,-85.0991033782,0.));
#9954=CARTESIAN_POINT('Origin',(62.051145542291,-85.0991033782,0.));
#9955=CARTESIAN_POINT('',(61.541137922276,-85.0991033782,0.));
#9956=CARTESIAN_POINT('Origin',(64.591150622301,-82.55909829819,0.));
#9957=CARTESIAN_POINT('',(64.081143002286,-82.55909829819,0.));
#9958=CARTESIAN_POINT('Origin',(62.051145542291,-82.55909829819,0.));
#9959=CARTESIAN_POINT('',(61.541137922276,-82.55909829819,0.));
#9960=CARTESIAN_POINT('Origin',(64.591150622301,-80.01909321818,0.));
#9961=CARTESIAN_POINT('',(64.081143002286,-80.01909321818,0.));
#9962=CARTESIAN_POINT('Origin',(62.051145542291,-80.01909321818,0.));
#9963=CARTESIAN_POINT('',(61.541137922276,-80.01909321818,0.));
#9964=CARTESIAN_POINT('Origin',(64.591150622301,-77.47908813817,0.));
#9965=CARTESIAN_POINT('',(64.081143002286,-77.47908813817,0.));
#9966=CARTESIAN_POINT('Origin',(62.051145542291,-77.47908813817,0.));
#9967=CARTESIAN_POINT('',(61.541137922276,-77.47908813817,0.));
#9968=CARTESIAN_POINT('Origin',(64.591150622301,-74.93908305816,0.));
#9969=CARTESIAN_POINT('',(64.081143002286,-74.93908305816,0.));
#9970=CARTESIAN_POINT('Origin',(62.051145542291,-74.93908305816,0.));
#9971=CARTESIAN_POINT('',(61.541137922276,-74.93908305816,0.));
#9972=CARTESIAN_POINT('Origin',(64.591150622301,-72.39907797815,0.));
#9973=CARTESIAN_POINT('',(64.081143002286,-72.39907797815,0.));
#9974=CARTESIAN_POINT('Origin',(62.051145542291,-72.39907797815,0.));
#9975=CARTESIAN_POINT('',(61.541137922276,-72.39907797815,0.));
#9976=CARTESIAN_POINT('Origin',(39.1910998222,-87.63910845821,0.));
#9977=CARTESIAN_POINT('',(38.681092202185,-87.63910845821,0.));
#9978=CARTESIAN_POINT('Origin',(36.651094742189,-87.63910845821,0.));
#9979=CARTESIAN_POINT('',(36.141087122174,-87.63910845821,0.));
#9980=CARTESIAN_POINT('Origin',(39.1910998222,-85.0991033782,0.));
#9981=CARTESIAN_POINT('',(38.681092202185,-85.0991033782,0.));
#9982=CARTESIAN_POINT('Origin',(36.651094742189,-85.0991033782,0.));
#9983=CARTESIAN_POINT('',(36.141087122174,-85.0991033782,0.));
#9984=CARTESIAN_POINT('Origin',(39.1910998222,-82.55909829819,0.));
#9985=CARTESIAN_POINT('',(38.681092202185,-82.55909829819,0.));
#9986=CARTESIAN_POINT('Origin',(36.651094742189,-82.55909829819,0.));
#9987=CARTESIAN_POINT('',(36.141087122174,-82.55909829819,0.));
#9988=CARTESIAN_POINT('Origin',(39.1910998222,-80.01909321818,0.));
#9989=CARTESIAN_POINT('',(38.681092202185,-80.01909321818,0.));
#9990=CARTESIAN_POINT('Origin',(36.651094742189,-80.01909321818,0.));
#9991=CARTESIAN_POINT('',(36.141087122174,-80.01909321818,0.));
#9992=CARTESIAN_POINT('Origin',(39.1910998222,-77.47908813817,0.));
#9993=CARTESIAN_POINT('',(38.681092202185,-77.47908813817,0.));
#9994=CARTESIAN_POINT('Origin',(36.651094742189,-77.47908813817,0.));
#9995=CARTESIAN_POINT('',(36.141087122174,-77.47908813817,0.));
#9996=CARTESIAN_POINT('Origin',(39.1910998222,-74.93908305816,0.));
#9997=CARTESIAN_POINT('',(38.681092202185,-74.93908305816,0.));
#9998=CARTESIAN_POINT('Origin',(36.651094742189,-74.93908305816,0.));
#9999=CARTESIAN_POINT('',(36.141087122174,-74.93908305816,0.));
#10000=CARTESIAN_POINT('Origin',(39.1910998222,-72.39907797815,0.));
#10001=CARTESIAN_POINT('',(38.681092202185,-72.39907797815,0.));
#10002=CARTESIAN_POINT('Origin',(36.651094742189,-72.39907797815,0.));
#10003=CARTESIAN_POINT('',(36.141087122174,-72.39907797815,0.));
#10004=CARTESIAN_POINT('Origin',(64.591150622301,-69.85907289814,0.));
#10005=CARTESIAN_POINT('',(64.081143002286,-69.85907289814,0.));
#10006=CARTESIAN_POINT('Origin',(62.051145542291,-69.85907289814,0.));
#10007=CARTESIAN_POINT('',(61.541137922276,-69.85907289814,0.));
#10008=CARTESIAN_POINT('Origin',(64.591150622301,-67.31906781813,0.));
#10009=CARTESIAN_POINT('',(64.081143002286,-67.31906781813,0.));
#10010=CARTESIAN_POINT('Origin',(62.051145542291,-67.31906781813,0.));
#10011=CARTESIAN_POINT('',(61.541137922276,-67.31906781813,0.));
#10012=CARTESIAN_POINT('Origin',(64.591150622301,-64.77906273812,0.));
#10013=CARTESIAN_POINT('',(64.081143002286,-64.77906273812,0.));
#10014=CARTESIAN_POINT('Origin',(62.051145542291,-64.77906273812,0.));
#10015=CARTESIAN_POINT('',(61.541137922276,-64.77906273812,0.));
#10016=CARTESIAN_POINT('Origin',(64.591150622301,-62.23905765811,0.));
#10017=CARTESIAN_POINT('',(64.081143002286,-62.23905765811,0.));
#10018=CARTESIAN_POINT('Origin',(62.051145542291,-62.23905765811,0.));
#10019=CARTESIAN_POINT('',(61.541137922276,-62.23905765811,0.));
#10020=CARTESIAN_POINT('Origin',(64.591150622301,-59.6990525781,0.));
#10021=CARTESIAN_POINT('',(64.081143002286,-59.6990525781,0.));
#10022=CARTESIAN_POINT('Origin',(62.051145542291,-59.6990525781,0.));
#10023=CARTESIAN_POINT('',(61.541137922276,-59.6990525781,0.));
#10024=CARTESIAN_POINT('Origin',(64.591150622301,-57.15904749809,0.));
#10025=CARTESIAN_POINT('',(64.081143002286,-57.15904749809,0.));
#10026=CARTESIAN_POINT('Origin',(62.051145542291,-57.15904749809,0.));
#10027=CARTESIAN_POINT('',(61.541137922276,-57.15904749809,0.));
#10028=CARTESIAN_POINT('Origin',(53.492506985014,-52.88290576581,0.));
#10029=CARTESIAN_POINT('',(52.942494284989,-52.88290576581,0.));
#10030=CARTESIAN_POINT('Origin',(50.952501905004,-52.88290576581,0.));
#10031=CARTESIAN_POINT('',(50.402489204979,-52.88290576581,0.));
#10032=CARTESIAN_POINT('Origin',(39.1910998222,-69.85907289814,0.));
#10033=CARTESIAN_POINT('',(38.681092202185,-69.85907289814,0.));
#10034=CARTESIAN_POINT('Origin',(36.651094742189,-69.85907289814,0.));
#10035=CARTESIAN_POINT('',(36.141087122174,-69.85907289814,0.));
#10036=CARTESIAN_POINT('Origin',(39.1910998222,-67.31906781813,0.));
#10037=CARTESIAN_POINT('',(38.681092202185,-67.31906781813,0.));
#10038=CARTESIAN_POINT('Origin',(36.651094742189,-67.31906781813,0.));
#10039=CARTESIAN_POINT('',(36.141087122174,-67.31906781813,0.));
#10040=CARTESIAN_POINT('Origin',(39.1910998222,-64.77906273812,0.));
#10041=CARTESIAN_POINT('',(38.681092202185,-64.77906273812,0.));
#10042=CARTESIAN_POINT('Origin',(36.651094742189,-64.77906273812,0.));
#10043=CARTESIAN_POINT('',(36.141087122174,-64.77906273812,0.));
#10044=CARTESIAN_POINT('Origin',(39.1910998222,-62.23905765811,0.));
#10045=CARTESIAN_POINT('',(38.681092202185,-62.23905765811,0.));
#10046=CARTESIAN_POINT('Origin',(36.651094742189,-62.23905765811,0.));
#10047=CARTESIAN_POINT('',(36.141087122174,-62.23905765811,0.));
#10048=CARTESIAN_POINT('Origin',(48.412496824994,-52.88290576581,0.));
#10049=CARTESIAN_POINT('',(47.862484124969,-52.88290576581,0.));
#10050=CARTESIAN_POINT('Origin',(45.872491744983,-52.88290576581,0.));
#10051=CARTESIAN_POINT('',(45.322479044958,-52.88290576581,0.));
#10052=CARTESIAN_POINT('Origin',(39.1910998222,-59.6990525781,0.));
#10053=CARTESIAN_POINT('',(38.681092202185,-59.6990525781,0.));
#10054=CARTESIAN_POINT('Origin',(36.651094742189,-59.6990525781,0.));
#10055=CARTESIAN_POINT('',(36.141087122174,-59.6990525781,0.));
#10056=CARTESIAN_POINT('Origin',(39.1910998222,-57.15904749809,0.));
#10057=CARTESIAN_POINT('',(38.681092202185,-57.15904749809,0.));
#10058=CARTESIAN_POINT('Origin',(36.651094742189,-57.15904749809,0.));
#10059=CARTESIAN_POINT('',(36.141087122174,-57.15904749809,0.));
#10060=CARTESIAN_POINT('Origin',(42.51968503937,-52.85750571501,0.));
#10061=CARTESIAN_POINT('',(41.969672339345,-52.85750571501,0.));
#10062=CARTESIAN_POINT('Origin',(39.97967995936,-52.85750571501,0.));
#10063=CARTESIAN_POINT('',(39.429667259335,-52.85750571501,0.));
#10064=CARTESIAN_POINT('Origin',(37.43967487935,-52.85750571501,0.));
#10065=CARTESIAN_POINT('',(36.889662179325,-52.85750571501,0.));
#10066=CARTESIAN_POINT('Origin',(24.292252984506,-88.4524511049,0.));
#10067=CARTESIAN_POINT('',(23.792252984506,-88.4524511049,0.));
#10068=CARTESIAN_POINT('Origin',(33.578867157734,-76.0063500127,0.));
#10069=CARTESIAN_POINT('',(33.121666243332,-76.0063500127,0.));
#10070=CARTESIAN_POINT('Origin',(33.578867157734,-74.0063500127,0.));
#10071=CARTESIAN_POINT('',(33.121666243332,-74.0063500127,0.));
#10072=CARTESIAN_POINT('Origin',(17.892252984506,-88.4524511049,0.));
#10073=CARTESIAN_POINT('',(17.392252984506,-88.4524511049,0.));
#10074=CARTESIAN_POINT('Origin',(33.578867157734,-67.72593345186,0.));
#10075=CARTESIAN_POINT('',(33.121666243332,-67.72593345186,0.));
#10076=CARTESIAN_POINT('Origin',(33.578867157734,-65.72593345186,0.));
#10077=CARTESIAN_POINT('',(33.121666243332,-65.72593345186,0.));
#10078=CARTESIAN_POINT('Origin',(31.178562357125,-57.08661417322,0.));
#10079=CARTESIAN_POINT('',(29.578359156719,-57.08661417322,0.));
#10080=CARTESIAN_POINT('Origin',(34.89966979934,-52.85750571501,0.));
#10081=CARTESIAN_POINT('',(34.349657099315,-52.85750571501,0.));
#10082=CARTESIAN_POINT('',(16.0915184871541,-81.575776162469,-5.37383163858501));
#10083=CARTESIAN_POINT('',(-5.169364446278,-106.034448675446,12.0889745901885));
#10084=CARTESIAN_POINT('',(-2.46519032881514E-31,-4.21884749357559E-14,
190.));
#10085=UNCERTAINTY_MEASURE_WITH_UNIT(LENGTH_MEASURE(0.01),#10095,
'DISTANCE_ACCURACY_VALUE',
'Maximum model space distance between geometric entities at asserted c
onnectivities');
#10086=UNCERTAINTY_MEASURE_WITH_UNIT(LENGTH_MEASURE(0.01),#10095,
'DISTANCE_ACCURACY_VALUE',
'Maximum model space distance between geometric entities at asserted c
onnectivities');
#10087=UNCERTAINTY_MEASURE_WITH_UNIT(LENGTH_MEASURE(0.01),#10095,
'DISTANCE_ACCURACY_VALUE',
'Maximum model space distance between geometric entities at asserted c
onnectivities');
#10088=UNCERTAINTY_MEASURE_WITH_UNIT(LENGTH_MEASURE(0.01),#10095,
'DISTANCE_ACCURACY_VALUE',
'Maximum model space distance between geometric entities at asserted c
onnectivities');
#10089=UNCERTAINTY_MEASURE_WITH_UNIT(LENGTH_MEASURE(0.01),#10095,
'DISTANCE_ACCURACY_VALUE',
'Maximum model space distance between geometric entities at asserted c
onnectivities');
#10090=(
GEOMETRIC_REPRESENTATION_CONTEXT(3)
GLOBAL_UNCERTAINTY_ASSIGNED_CONTEXT((#10085))
GLOBAL_UNIT_ASSIGNED_CONTEXT((#10095,#10097,#10098))
REPRESENTATION_CONTEXT('','3D')
);
#10091=(
GEOMETRIC_REPRESENTATION_CONTEXT(3)
GLOBAL_UNCERTAINTY_ASSIGNED_CONTEXT((#10086))
GLOBAL_UNIT_ASSIGNED_CONTEXT((#10095,#10097,#10098))
REPRESENTATION_CONTEXT('','3D')
);
#10092=(
GEOMETRIC_REPRESENTATION_CONTEXT(3)
GLOBAL_UNCERTAINTY_ASSIGNED_CONTEXT((#10087))
GLOBAL_UNIT_ASSIGNED_CONTEXT((#10095,#10097,#10098))
REPRESENTATION_CONTEXT('','3D')
);
#10093=(
GEOMETRIC_REPRESENTATION_CONTEXT(3)
GLOBAL_UNCERTAINTY_ASSIGNED_CONTEXT((#10088))
GLOBAL_UNIT_ASSIGNED_CONTEXT((#10095,#10097,#10098))
REPRESENTATION_CONTEXT('','3D')
);
#10094=(
GEOMETRIC_REPRESENTATION_CONTEXT(3)
GLOBAL_UNCERTAINTY_ASSIGNED_CONTEXT((#10089))
GLOBAL_UNIT_ASSIGNED_CONTEXT((#10095,#10097,#10098))
REPRESENTATION_CONTEXT('','3D')
);
#10095=(
LENGTH_UNIT()
NAMED_UNIT(*)
SI_UNIT(.MILLI.,.METRE.)
);
#10096=(
LENGTH_UNIT()
NAMED_UNIT(*)
SI_UNIT($,.METRE.)
);
#10097=(
NAMED_UNIT(*)
PLANE_ANGLE_UNIT()
SI_UNIT($,.RADIAN.)
);
#10098=(
NAMED_UNIT(*)
SI_UNIT($,.STERADIAN.)
SOLID_ANGLE_UNIT()
);
#10099=SHAPE_DEFINITION_REPRESENTATION(#10103,#10110);
#10100=SHAPE_DEFINITION_REPRESENTATION(#10104,#10111);
#10101=SHAPE_DEFINITION_REPRESENTATION(#10105,#10112);
#10102=SHAPE_DEFINITION_REPRESENTATION(#10106,#10113);
#10103=PRODUCT_DEFINITION_SHAPE('',$,#10115);
#10104=PRODUCT_DEFINITION_SHAPE('',$,#10116);
#10105=PRODUCT_DEFINITION_SHAPE('',$,#10117);
#10106=PRODUCT_DEFINITION_SHAPE('',$,#10118);
#10107=PRODUCT_DEFINITION_SHAPE($,$,#20);
#10108=PRODUCT_DEFINITION_SHAPE($,$,#21);
#10109=PRODUCT_DEFINITION_SHAPE($,$,#22);
#10110=SHAPE_REPRESENTATION('',(#5642,#6268,#6269),#10090);
#10111=SHAPE_REPRESENTATION('',(#5643),#10091);
#10112=SHAPE_REPRESENTATION('',(#5869,#6267),#10092);
#10113=SHAPE_REPRESENTATION('',(#5870),#10093);
#10114=PRODUCT_DEFINITION_CONTEXT('part definition',#10128,'design');
#10115=PRODUCT_DEFINITION('\X2\624B67C458F34F53\X0\','\X2\624B67C458F34F53\X0\ 
v45',#10119,#10114);
#10116=PRODUCT_DEFINITION('\X2\624B67C4\X0\2.0','\X2\624B67C4\X0\2.0',#10120,
#10114);
#10117=PRODUCT_DEFINITION('PCBModel','\X2\624B67C4\X0\pcb v1',#10121,#10114);
#10118=PRODUCT_DEFINITION('Board','Board',#10122,#10114);
#10119=PRODUCT_DEFINITION_FORMATION('',$,#10130);
#10120=PRODUCT_DEFINITION_FORMATION('',$,#10131);
#10121=PRODUCT_DEFINITION_FORMATION('',$,#10132);
#10122=PRODUCT_DEFINITION_FORMATION('',$,#10133);
#10123=PRODUCT_RELATED_PRODUCT_CATEGORY('\X2\624B67C458F34F53\X0\ v45',
'\X2\624B67C458F34F53\X0\ v45',(#10130));
#10124=PRODUCT_RELATED_PRODUCT_CATEGORY('\X2\624B67C4\X0\2.0',
'\X2\624B67C4\X0\2.0',(#10131));
#10125=PRODUCT_RELATED_PRODUCT_CATEGORY('\X2\624B67C4\X0\pcb v1',
'\X2\624B67C4\X0\pcb v1',(#10132));
#10126=PRODUCT_RELATED_PRODUCT_CATEGORY('Board','Board',(#10133));
#10127=APPLICATION_PROTOCOL_DEFINITION('international standard',
'automotive_design',2009,#10128);
#10128=APPLICATION_CONTEXT(
'Core Data for Automotive Mechanical Design Process');
#10129=PRODUCT_CONTEXT('part definition',#10128,'mechanical');
#10130=PRODUCT('\X2\624B67C458F34F53\X0\','\X2\624B67C458F34F53\X0\ v4
5',$,(#10129));
#10131=PRODUCT('\X2\624B67C4\X0\2.0','\X2\624B67C4\X0\2.0',$,(#10129));
#10132=PRODUCT('PCBModel','\X2\624B67C4\X0\pcb v1',
'Designed by EasyEDA Pro',(#10129));
#10133=PRODUCT('Board','Board',$,(#10129));
#10134=PRESENTATION_STYLE_ASSIGNMENT((#10138));
#10135=PRESENTATION_STYLE_ASSIGNMENT((#10139));
#10136=PRESENTATION_STYLE_ASSIGNMENT((#10140));
#10137=PRESENTATION_STYLE_ASSIGNMENT((#10141));
#10138=SURFACE_STYLE_USAGE(.BOTH.,#10142);
#10139=SURFACE_STYLE_USAGE(.BOTH.,#10143);
#10140=SURFACE_STYLE_USAGE(.BOTH.,#10144);
#10141=SURFACE_STYLE_USAGE(.BOTH.,#10145);
#10142=SURFACE_SIDE_STYLE('',(#10146));
#10143=SURFACE_SIDE_STYLE('',(#10147));
#10144=SURFACE_SIDE_STYLE('',(#10148));
#10145=SURFACE_SIDE_STYLE('',(#10149));
#10146=SURFACE_STYLE_FILL_AREA(#10150);
#10147=SURFACE_STYLE_FILL_AREA(#10151);
#10148=SURFACE_STYLE_FILL_AREA(#10152);
#10149=SURFACE_STYLE_FILL_AREA(#10153);
#10150=FILL_AREA_STYLE('\X2\94A2\X0\ - \X2\7F0E5149\X0\',(#10154));
#10151=FILL_AREA_STYLE('\X2\4E597F29919B68118102\X0\(\X2\767D8272\X0\)',
(#10155));
#10152=FILL_AREA_STYLE('Opaque(0,96,148)',(#10156));
#10153=FILL_AREA_STYLE('Opaque(239,239,166)',(#10157));
#10154=FILL_AREA_STYLE_COLOUR('\X2\94A2\X0\ - \X2\7F0E5149\X0\',#10158);
#10155=FILL_AREA_STYLE_COLOUR('\X2\4E597F29919B68118102\X0\(\X2\767D8272\X0\)',
#10159);
#10156=FILL_AREA_STYLE_COLOUR('Opaque(0,96,148)',#10160);
#10157=FILL_AREA_STYLE_COLOUR('Opaque(239,239,166)',#10161);
#10158=COLOUR_RGB('\X2\94A2\X0\ - \X2\7F0E5149\X0\',0.627450980392157,0.627450980392157,
0.627450980392157);
#10159=COLOUR_RGB('\X2\4E597F29919B68118102\X0\(\X2\767D8272\X0\)',0.972549019607843,
0.968627450980392,0.929411764705882);
#10160=COLOUR_RGB('Opaque(0,96,148)',0.,0.376470588235294,0.580392156862745);
#10161=COLOUR_RGB('Opaque(239,239,166)',0.937254901960784,0.937254901960784,
0.650980392156863);
ENDSEC;
END-ISO-10303-21;
