ISO-10303-21;
HEADER;
/* Generated by software containing ST-Developer
 * from STEP Tools, Inc. (www.steptools.com) 
 */

FILE_DESCRIPTION(
/* description */ ('',
'CAx-IF Rec.Pracs.---Representation and Presentation of Product Manufa
cturing Information (PMI)---4.0---2014-10-13'),
/* implementation_level */ '2;1');

FILE_NAME(
/* name */ '',
/* time_stamp */ '2025-01-05T16:50:29+08:00',
/* author */ (''),
/* organization */ (''),
/* preprocessor_version */ 'ST-DEVELOPER v20',
/* originating_system */ 'Autodesk Translation Framework v13.20.0.188',

/* authorisation */ '');

FILE_SCHEMA (('AP242_MANAGED_MODEL_BASED_3D_ENGINEERING_MIM_LF { 1 0 10303 442 1 1 4 }'));
ENDSEC;

DATA;
#10=MECHANICAL_DESIGN_GEOMETRIC_PRESENTATION_REPRESENTATION('',(#13),#6554);
#11=SHAPE_REPRESENTATION_RELATIONSHIP('SRR','None',#6561,#12);
#12=ADVANCED_BREP_SHAPE_REPRESENTATION('',(#14),#6553);
#13=STYLED_ITEM('',(#6570),#14);
#14=MANIFOLD_SOLID_BREP('\X2\4E0A677F\X0\',#3918);
#15=FACE_BOUND('',#564,.T.);
#16=FACE_BOUND('',#565,.T.);
#17=FACE_BOUND('',#566,.T.);
#18=FACE_BOUND('',#567,.T.);
#19=FACE_BOUND('',#568,.T.);
#20=FACE_BOUND('',#569,.T.);
#21=FACE_BOUND('',#570,.T.);
#22=FACE_BOUND('',#571,.T.);
#23=FACE_BOUND('',#572,.T.);
#24=FACE_BOUND('',#573,.T.);
#25=FACE_BOUND('',#574,.T.);
#26=FACE_BOUND('',#575,.T.);
#27=FACE_BOUND('',#576,.T.);
#28=FACE_BOUND('',#577,.T.);
#29=FACE_BOUND('',#578,.T.);
#30=FACE_BOUND('',#579,.T.);
#31=FACE_BOUND('',#580,.T.);
#32=FACE_BOUND('',#581,.T.);
#33=FACE_BOUND('',#582,.T.);
#34=FACE_BOUND('',#583,.T.);
#35=FACE_BOUND('',#584,.T.);
#36=FACE_BOUND('',#585,.T.);
#37=FACE_BOUND('',#586,.T.);
#38=FACE_BOUND('',#587,.T.);
#39=FACE_BOUND('',#588,.T.);
#40=FACE_BOUND('',#589,.T.);
#41=FACE_BOUND('',#590,.T.);
#42=FACE_BOUND('',#591,.T.);
#43=FACE_BOUND('',#592,.T.);
#44=FACE_BOUND('',#593,.T.);
#45=FACE_BOUND('',#594,.T.);
#46=FACE_BOUND('',#595,.T.);
#47=FACE_BOUND('',#596,.T.);
#48=FACE_BOUND('',#597,.T.);
#49=FACE_BOUND('',#598,.T.);
#50=FACE_BOUND('',#599,.T.);
#51=FACE_BOUND('',#600,.T.);
#52=FACE_BOUND('',#601,.T.);
#53=FACE_BOUND('',#602,.T.);
#54=FACE_BOUND('',#603,.T.);
#55=FACE_BOUND('',#604,.T.);
#56=FACE_BOUND('',#605,.T.);
#57=FACE_BOUND('',#606,.T.);
#58=FACE_BOUND('',#607,.T.);
#59=FACE_BOUND('',#608,.T.);
#60=FACE_BOUND('',#609,.T.);
#61=FACE_BOUND('',#610,.T.);
#62=FACE_BOUND('',#611,.T.);
#63=FACE_BOUND('',#612,.T.);
#64=FACE_BOUND('',#613,.T.);
#65=FACE_BOUND('',#614,.T.);
#66=FACE_BOUND('',#632,.T.);
#67=FACE_BOUND('',#633,.T.);
#68=FACE_BOUND('',#634,.T.);
#69=FACE_BOUND('',#635,.T.);
#70=FACE_BOUND('',#636,.T.);
#71=FACE_BOUND('',#637,.T.);
#72=FACE_BOUND('',#638,.T.);
#73=FACE_BOUND('',#639,.T.);
#74=FACE_BOUND('',#640,.T.);
#75=FACE_BOUND('',#641,.T.);
#76=FACE_BOUND('',#642,.T.);
#77=FACE_BOUND('',#643,.T.);
#78=FACE_BOUND('',#644,.T.);
#79=FACE_BOUND('',#645,.T.);
#80=FACE_BOUND('',#646,.T.);
#81=FACE_BOUND('',#647,.T.);
#82=FACE_BOUND('',#648,.T.);
#83=FACE_BOUND('',#649,.T.);
#84=FACE_BOUND('',#650,.T.);
#85=FACE_BOUND('',#651,.T.);
#86=FACE_BOUND('',#652,.T.);
#87=FACE_BOUND('',#653,.T.);
#88=FACE_BOUND('',#654,.T.);
#89=FACE_BOUND('',#655,.T.);
#90=FACE_BOUND('',#656,.T.);
#91=FACE_BOUND('',#657,.T.);
#92=FACE_BOUND('',#658,.T.);
#93=FACE_BOUND('',#659,.T.);
#94=FACE_BOUND('',#660,.T.);
#95=FACE_BOUND('',#661,.T.);
#96=FACE_BOUND('',#662,.T.);
#97=FACE_BOUND('',#663,.T.);
#98=FACE_BOUND('',#664,.T.);
#99=FACE_BOUND('',#665,.T.);
#100=FACE_BOUND('',#666,.T.);
#101=FACE_BOUND('',#667,.T.);
#102=FACE_BOUND('',#668,.T.);
#103=FACE_BOUND('',#669,.T.);
#104=FACE_BOUND('',#670,.T.);
#105=FACE_BOUND('',#671,.T.);
#106=FACE_BOUND('',#672,.T.);
#107=FACE_BOUND('',#673,.T.);
#108=FACE_BOUND('',#674,.T.);
#109=FACE_BOUND('',#675,.T.);
#110=FACE_BOUND('',#676,.T.);
#111=FACE_BOUND('',#677,.T.);
#112=FACE_BOUND('',#678,.T.);
#113=FACE_BOUND('',#679,.T.);
#114=FACE_BOUND('',#680,.T.);
#115=FACE_BOUND('',#681,.T.);
#116=FACE_BOUND('',#682,.T.);
#117=PLANE('',#3935);
#118=PLANE('',#3939);
#119=PLANE('',#3943);
#120=PLANE('',#3947);
#121=PLANE('',#3951);
#122=PLANE('',#3955);
#123=PLANE('',#3959);
#124=PLANE('',#3963);
#125=PLANE('',#3970);
#126=PLANE('',#3974);
#127=PLANE('',#3975);
#128=PLANE('',#3979);
#129=PLANE('',#3983);
#130=PLANE('',#3987);
#131=PLANE('',#3991);
#132=PLANE('',#3995);
#133=PLANE('',#3999);
#134=PLANE('',#4003);
#135=PLANE('',#4007);
#136=PLANE('',#4011);
#137=PLANE('',#4015);
#138=PLANE('',#4019);
#139=PLANE('',#4026);
#140=PLANE('',#4030);
#141=PLANE('',#4031);
#142=PLANE('',#4035);
#143=PLANE('',#4039);
#144=PLANE('',#4043);
#145=PLANE('',#4047);
#146=PLANE('',#4051);
#147=PLANE('',#4055);
#148=PLANE('',#4059);
#149=PLANE('',#4063);
#150=PLANE('',#4067);
#151=PLANE('',#4071);
#152=PLANE('',#4075);
#153=PLANE('',#4082);
#154=PLANE('',#4086);
#155=PLANE('',#4087);
#156=PLANE('',#4091);
#157=PLANE('',#4095);
#158=PLANE('',#4099);
#159=PLANE('',#4103);
#160=PLANE('',#4107);
#161=PLANE('',#4111);
#162=PLANE('',#4115);
#163=PLANE('',#4119);
#164=PLANE('',#4123);
#165=PLANE('',#4127);
#166=PLANE('',#4131);
#167=PLANE('',#4138);
#168=PLANE('',#4142);
#169=PLANE('',#4143);
#170=PLANE('',#4147);
#171=PLANE('',#4151);
#172=PLANE('',#4155);
#173=PLANE('',#4159);
#174=PLANE('',#4163);
#175=PLANE('',#4167);
#176=PLANE('',#4171);
#177=PLANE('',#4175);
#178=PLANE('',#4179);
#179=PLANE('',#4183);
#180=PLANE('',#4187);
#181=PLANE('',#4194);
#182=PLANE('',#4198);
#183=PLANE('',#4199);
#184=PLANE('',#4203);
#185=PLANE('',#4207);
#186=PLANE('',#4211);
#187=PLANE('',#4215);
#188=PLANE('',#4219);
#189=PLANE('',#4223);
#190=PLANE('',#4227);
#191=PLANE('',#4231);
#192=PLANE('',#4235);
#193=PLANE('',#4239);
#194=PLANE('',#4243);
#195=PLANE('',#4250);
#196=PLANE('',#4254);
#197=PLANE('',#4255);
#198=PLANE('',#4259);
#199=PLANE('',#4263);
#200=PLANE('',#4267);
#201=PLANE('',#4271);
#202=PLANE('',#4300);
#203=PLANE('',#4303);
#204=PLANE('',#4306);
#205=PLANE('',#4309);
#206=PLANE('',#4312);
#207=FACE_OUTER_BOUND('',#394,.T.);
#208=FACE_OUTER_BOUND('',#395,.T.);
#209=FACE_OUTER_BOUND('',#396,.T.);
#210=FACE_OUTER_BOUND('',#397,.T.);
#211=FACE_OUTER_BOUND('',#398,.T.);
#212=FACE_OUTER_BOUND('',#399,.T.);
#213=FACE_OUTER_BOUND('',#400,.T.);
#214=FACE_OUTER_BOUND('',#401,.T.);
#215=FACE_OUTER_BOUND('',#402,.T.);
#216=FACE_OUTER_BOUND('',#403,.T.);
#217=FACE_OUTER_BOUND('',#404,.T.);
#218=FACE_OUTER_BOUND('',#405,.T.);
#219=FACE_OUTER_BOUND('',#406,.T.);
#220=FACE_OUTER_BOUND('',#407,.T.);
#221=FACE_OUTER_BOUND('',#408,.T.);
#222=FACE_OUTER_BOUND('',#409,.T.);
#223=FACE_OUTER_BOUND('',#410,.T.);
#224=FACE_OUTER_BOUND('',#411,.T.);
#225=FACE_OUTER_BOUND('',#412,.T.);
#226=FACE_OUTER_BOUND('',#413,.T.);
#227=FACE_OUTER_BOUND('',#414,.T.);
#228=FACE_OUTER_BOUND('',#415,.T.);
#229=FACE_OUTER_BOUND('',#416,.T.);
#230=FACE_OUTER_BOUND('',#417,.T.);
#231=FACE_OUTER_BOUND('',#418,.T.);
#232=FACE_OUTER_BOUND('',#419,.T.);
#233=FACE_OUTER_BOUND('',#420,.T.);
#234=FACE_OUTER_BOUND('',#421,.T.);
#235=FACE_OUTER_BOUND('',#422,.T.);
#236=FACE_OUTER_BOUND('',#423,.T.);
#237=FACE_OUTER_BOUND('',#424,.T.);
#238=FACE_OUTER_BOUND('',#425,.T.);
#239=FACE_OUTER_BOUND('',#426,.T.);
#240=FACE_OUTER_BOUND('',#427,.T.);
#241=FACE_OUTER_BOUND('',#428,.T.);
#242=FACE_OUTER_BOUND('',#429,.T.);
#243=FACE_OUTER_BOUND('',#430,.T.);
#244=FACE_OUTER_BOUND('',#431,.T.);
#245=FACE_OUTER_BOUND('',#432,.T.);
#246=FACE_OUTER_BOUND('',#433,.T.);
#247=FACE_OUTER_BOUND('',#434,.T.);
#248=FACE_OUTER_BOUND('',#435,.T.);
#249=FACE_OUTER_BOUND('',#436,.T.);
#250=FACE_OUTER_BOUND('',#437,.T.);
#251=FACE_OUTER_BOUND('',#438,.T.);
#252=FACE_OUTER_BOUND('',#439,.T.);
#253=FACE_OUTER_BOUND('',#440,.T.);
#254=FACE_OUTER_BOUND('',#441,.T.);
#255=FACE_OUTER_BOUND('',#442,.T.);
#256=FACE_OUTER_BOUND('',#443,.T.);
#257=FACE_OUTER_BOUND('',#444,.T.);
#258=FACE_OUTER_BOUND('',#445,.T.);
#259=FACE_OUTER_BOUND('',#446,.T.);
#260=FACE_OUTER_BOUND('',#447,.T.);
#261=FACE_OUTER_BOUND('',#448,.T.);
#262=FACE_OUTER_BOUND('',#449,.T.);
#263=FACE_OUTER_BOUND('',#450,.T.);
#264=FACE_OUTER_BOUND('',#451,.T.);
#265=FACE_OUTER_BOUND('',#452,.T.);
#266=FACE_OUTER_BOUND('',#453,.T.);
#267=FACE_OUTER_BOUND('',#454,.T.);
#268=FACE_OUTER_BOUND('',#455,.T.);
#269=FACE_OUTER_BOUND('',#456,.T.);
#270=FACE_OUTER_BOUND('',#457,.T.);
#271=FACE_OUTER_BOUND('',#458,.T.);
#272=FACE_OUTER_BOUND('',#459,.T.);
#273=FACE_OUTER_BOUND('',#460,.T.);
#274=FACE_OUTER_BOUND('',#461,.T.);
#275=FACE_OUTER_BOUND('',#462,.T.);
#276=FACE_OUTER_BOUND('',#463,.T.);
#277=FACE_OUTER_BOUND('',#464,.T.);
#278=FACE_OUTER_BOUND('',#465,.T.);
#279=FACE_OUTER_BOUND('',#466,.T.);
#280=FACE_OUTER_BOUND('',#467,.T.);
#281=FACE_OUTER_BOUND('',#468,.T.);
#282=FACE_OUTER_BOUND('',#469,.T.);
#283=FACE_OUTER_BOUND('',#470,.T.);
#284=FACE_OUTER_BOUND('',#471,.T.);
#285=FACE_OUTER_BOUND('',#472,.T.);
#286=FACE_OUTER_BOUND('',#473,.T.);
#287=FACE_OUTER_BOUND('',#474,.T.);
#288=FACE_OUTER_BOUND('',#475,.T.);
#289=FACE_OUTER_BOUND('',#476,.T.);
#290=FACE_OUTER_BOUND('',#477,.T.);
#291=FACE_OUTER_BOUND('',#478,.T.);
#292=FACE_OUTER_BOUND('',#479,.T.);
#293=FACE_OUTER_BOUND('',#480,.T.);
#294=FACE_OUTER_BOUND('',#481,.T.);
#295=FACE_OUTER_BOUND('',#482,.T.);
#296=FACE_OUTER_BOUND('',#483,.T.);
#297=FACE_OUTER_BOUND('',#484,.T.);
#298=FACE_OUTER_BOUND('',#485,.T.);
#299=FACE_OUTER_BOUND('',#486,.T.);
#300=FACE_OUTER_BOUND('',#487,.T.);
#301=FACE_OUTER_BOUND('',#488,.T.);
#302=FACE_OUTER_BOUND('',#489,.T.);
#303=FACE_OUTER_BOUND('',#490,.T.);
#304=FACE_OUTER_BOUND('',#491,.T.);
#305=FACE_OUTER_BOUND('',#492,.T.);
#306=FACE_OUTER_BOUND('',#493,.T.);
#307=FACE_OUTER_BOUND('',#494,.T.);
#308=FACE_OUTER_BOUND('',#495,.T.);
#309=FACE_OUTER_BOUND('',#496,.T.);
#310=FACE_OUTER_BOUND('',#497,.T.);
#311=FACE_OUTER_BOUND('',#498,.T.);
#312=FACE_OUTER_BOUND('',#499,.T.);
#313=FACE_OUTER_BOUND('',#500,.T.);
#314=FACE_OUTER_BOUND('',#501,.T.);
#315=FACE_OUTER_BOUND('',#502,.T.);
#316=FACE_OUTER_BOUND('',#503,.T.);
#317=FACE_OUTER_BOUND('',#504,.T.);
#318=FACE_OUTER_BOUND('',#505,.T.);
#319=FACE_OUTER_BOUND('',#506,.T.);
#320=FACE_OUTER_BOUND('',#507,.T.);
#321=FACE_OUTER_BOUND('',#508,.T.);
#322=FACE_OUTER_BOUND('',#509,.T.);
#323=FACE_OUTER_BOUND('',#510,.T.);
#324=FACE_OUTER_BOUND('',#511,.T.);
#325=FACE_OUTER_BOUND('',#512,.T.);
#326=FACE_OUTER_BOUND('',#513,.T.);
#327=FACE_OUTER_BOUND('',#514,.T.);
#328=FACE_OUTER_BOUND('',#515,.T.);
#329=FACE_OUTER_BOUND('',#516,.T.);
#330=FACE_OUTER_BOUND('',#517,.T.);
#331=FACE_OUTER_BOUND('',#518,.T.);
#332=FACE_OUTER_BOUND('',#519,.T.);
#333=FACE_OUTER_BOUND('',#520,.T.);
#334=FACE_OUTER_BOUND('',#521,.T.);
#335=FACE_OUTER_BOUND('',#522,.T.);
#336=FACE_OUTER_BOUND('',#523,.T.);
#337=FACE_OUTER_BOUND('',#524,.T.);
#338=FACE_OUTER_BOUND('',#525,.T.);
#339=FACE_OUTER_BOUND('',#526,.T.);
#340=FACE_OUTER_BOUND('',#527,.T.);
#341=FACE_OUTER_BOUND('',#528,.T.);
#342=FACE_OUTER_BOUND('',#529,.T.);
#343=FACE_OUTER_BOUND('',#530,.T.);
#344=FACE_OUTER_BOUND('',#531,.T.);
#345=FACE_OUTER_BOUND('',#532,.T.);
#346=FACE_OUTER_BOUND('',#533,.T.);
#347=FACE_OUTER_BOUND('',#534,.T.);
#348=FACE_OUTER_BOUND('',#535,.T.);
#349=FACE_OUTER_BOUND('',#536,.T.);
#350=FACE_OUTER_BOUND('',#537,.T.);
#351=FACE_OUTER_BOUND('',#538,.T.);
#352=FACE_OUTER_BOUND('',#539,.T.);
#353=FACE_OUTER_BOUND('',#540,.T.);
#354=FACE_OUTER_BOUND('',#541,.T.);
#355=FACE_OUTER_BOUND('',#542,.T.);
#356=FACE_OUTER_BOUND('',#543,.T.);
#357=FACE_OUTER_BOUND('',#544,.T.);
#358=FACE_OUTER_BOUND('',#545,.T.);
#359=FACE_OUTER_BOUND('',#546,.T.);
#360=FACE_OUTER_BOUND('',#547,.T.);
#361=FACE_OUTER_BOUND('',#548,.T.);
#362=FACE_OUTER_BOUND('',#549,.T.);
#363=FACE_OUTER_BOUND('',#550,.T.);
#364=FACE_OUTER_BOUND('',#551,.T.);
#365=FACE_OUTER_BOUND('',#552,.T.);
#366=FACE_OUTER_BOUND('',#553,.T.);
#367=FACE_OUTER_BOUND('',#554,.T.);
#368=FACE_OUTER_BOUND('',#555,.T.);
#369=FACE_OUTER_BOUND('',#556,.T.);
#370=FACE_OUTER_BOUND('',#557,.T.);
#371=FACE_OUTER_BOUND('',#558,.T.);
#372=FACE_OUTER_BOUND('',#559,.T.);
#373=FACE_OUTER_BOUND('',#560,.T.);
#374=FACE_OUTER_BOUND('',#561,.T.);
#375=FACE_OUTER_BOUND('',#562,.T.);
#376=FACE_OUTER_BOUND('',#563,.T.);
#377=FACE_OUTER_BOUND('',#615,.T.);
#378=FACE_OUTER_BOUND('',#616,.T.);
#379=FACE_OUTER_BOUND('',#617,.T.);
#380=FACE_OUTER_BOUND('',#618,.T.);
#381=FACE_OUTER_BOUND('',#619,.T.);
#382=FACE_OUTER_BOUND('',#620,.T.);
#383=FACE_OUTER_BOUND('',#621,.T.);
#384=FACE_OUTER_BOUND('',#622,.T.);
#385=FACE_OUTER_BOUND('',#623,.T.);
#386=FACE_OUTER_BOUND('',#624,.T.);
#387=FACE_OUTER_BOUND('',#625,.T.);
#388=FACE_OUTER_BOUND('',#626,.T.);
#389=FACE_OUTER_BOUND('',#627,.T.);
#390=FACE_OUTER_BOUND('',#628,.T.);
#391=FACE_OUTER_BOUND('',#629,.T.);
#392=FACE_OUTER_BOUND('',#630,.T.);
#393=FACE_OUTER_BOUND('',#631,.T.);
#394=EDGE_LOOP('',(#2524,#2525,#2526,#2527));
#395=EDGE_LOOP('',(#2528,#2529,#2530,#2531));
#396=EDGE_LOOP('',(#2532,#2533,#2534,#2535));
#397=EDGE_LOOP('',(#2536,#2537,#2538,#2539));
#398=EDGE_LOOP('',(#2540,#2541,#2542,#2543));
#399=EDGE_LOOP('',(#2544,#2545,#2546,#2547));
#400=EDGE_LOOP('',(#2548,#2549,#2550,#2551));
#401=EDGE_LOOP('',(#2552,#2553,#2554,#2555));
#402=EDGE_LOOP('',(#2556,#2557,#2558,#2559));
#403=EDGE_LOOP('',(#2560,#2561,#2562,#2563));
#404=EDGE_LOOP('',(#2564,#2565,#2566,#2567));
#405=EDGE_LOOP('',(#2568,#2569,#2570,#2571));
#406=EDGE_LOOP('',(#2572,#2573,#2574,#2575));
#407=EDGE_LOOP('',(#2576,#2577,#2578,#2579));
#408=EDGE_LOOP('',(#2580,#2581,#2582,#2583));
#409=EDGE_LOOP('',(#2584,#2585,#2586,#2587));
#410=EDGE_LOOP('',(#2588,#2589,#2590,#2591));
#411=EDGE_LOOP('',(#2592,#2593,#2594,#2595));
#412=EDGE_LOOP('',(#2596,#2597,#2598,#2599));
#413=EDGE_LOOP('',(#2600,#2601,#2602,#2603));
#414=EDGE_LOOP('',(#2604,#2605,#2606,#2607));
#415=EDGE_LOOP('',(#2608,#2609,#2610,#2611));
#416=EDGE_LOOP('',(#2612,#2613,#2614,#2615));
#417=EDGE_LOOP('',(#2616,#2617,#2618,#2619));
#418=EDGE_LOOP('',(#2620,#2621,#2622,#2623));
#419=EDGE_LOOP('',(#2624,#2625,#2626,#2627));
#420=EDGE_LOOP('',(#2628,#2629,#2630,#2631));
#421=EDGE_LOOP('',(#2632,#2633,#2634,#2635));
#422=EDGE_LOOP('',(#2636,#2637,#2638,#2639));
#423=EDGE_LOOP('',(#2640,#2641,#2642,#2643));
#424=EDGE_LOOP('',(#2644,#2645,#2646,#2647));
#425=EDGE_LOOP('',(#2648,#2649,#2650,#2651));
#426=EDGE_LOOP('',(#2652,#2653,#2654,#2655));
#427=EDGE_LOOP('',(#2656,#2657,#2658,#2659));
#428=EDGE_LOOP('',(#2660,#2661,#2662,#2663));
#429=EDGE_LOOP('',(#2664,#2665,#2666,#2667));
#430=EDGE_LOOP('',(#2668,#2669,#2670,#2671));
#431=EDGE_LOOP('',(#2672,#2673,#2674,#2675));
#432=EDGE_LOOP('',(#2676,#2677,#2678,#2679));
#433=EDGE_LOOP('',(#2680,#2681,#2682,#2683));
#434=EDGE_LOOP('',(#2684,#2685,#2686,#2687));
#435=EDGE_LOOP('',(#2688,#2689,#2690,#2691));
#436=EDGE_LOOP('',(#2692,#2693,#2694,#2695));
#437=EDGE_LOOP('',(#2696,#2697,#2698,#2699));
#438=EDGE_LOOP('',(#2700,#2701,#2702,#2703));
#439=EDGE_LOOP('',(#2704,#2705,#2706,#2707));
#440=EDGE_LOOP('',(#2708,#2709,#2710,#2711));
#441=EDGE_LOOP('',(#2712,#2713,#2714,#2715));
#442=EDGE_LOOP('',(#2716,#2717,#2718,#2719));
#443=EDGE_LOOP('',(#2720,#2721,#2722,#2723));
#444=EDGE_LOOP('',(#2724,#2725,#2726,#2727));
#445=EDGE_LOOP('',(#2728,#2729,#2730,#2731));
#446=EDGE_LOOP('',(#2732,#2733,#2734,#2735));
#447=EDGE_LOOP('',(#2736,#2737,#2738,#2739));
#448=EDGE_LOOP('',(#2740,#2741,#2742,#2743));
#449=EDGE_LOOP('',(#2744,#2745,#2746,#2747));
#450=EDGE_LOOP('',(#2748,#2749,#2750,#2751));
#451=EDGE_LOOP('',(#2752,#2753,#2754,#2755));
#452=EDGE_LOOP('',(#2756,#2757,#2758,#2759));
#453=EDGE_LOOP('',(#2760,#2761,#2762,#2763));
#454=EDGE_LOOP('',(#2764,#2765,#2766,#2767));
#455=EDGE_LOOP('',(#2768,#2769,#2770,#2771));
#456=EDGE_LOOP('',(#2772,#2773,#2774,#2775));
#457=EDGE_LOOP('',(#2776,#2777,#2778,#2779));
#458=EDGE_LOOP('',(#2780,#2781,#2782,#2783));
#459=EDGE_LOOP('',(#2784,#2785,#2786,#2787));
#460=EDGE_LOOP('',(#2788,#2789,#2790,#2791));
#461=EDGE_LOOP('',(#2792,#2793,#2794,#2795));
#462=EDGE_LOOP('',(#2796,#2797,#2798,#2799));
#463=EDGE_LOOP('',(#2800,#2801,#2802,#2803));
#464=EDGE_LOOP('',(#2804,#2805,#2806,#2807));
#465=EDGE_LOOP('',(#2808,#2809,#2810,#2811));
#466=EDGE_LOOP('',(#2812,#2813,#2814,#2815));
#467=EDGE_LOOP('',(#2816,#2817,#2818,#2819));
#468=EDGE_LOOP('',(#2820,#2821,#2822,#2823));
#469=EDGE_LOOP('',(#2824,#2825,#2826,#2827));
#470=EDGE_LOOP('',(#2828,#2829,#2830,#2831));
#471=EDGE_LOOP('',(#2832,#2833,#2834,#2835));
#472=EDGE_LOOP('',(#2836,#2837,#2838,#2839));
#473=EDGE_LOOP('',(#2840,#2841,#2842,#2843));
#474=EDGE_LOOP('',(#2844,#2845,#2846,#2847));
#475=EDGE_LOOP('',(#2848,#2849,#2850,#2851));
#476=EDGE_LOOP('',(#2852,#2853,#2854,#2855));
#477=EDGE_LOOP('',(#2856,#2857,#2858,#2859));
#478=EDGE_LOOP('',(#2860,#2861,#2862,#2863));
#479=EDGE_LOOP('',(#2864,#2865,#2866,#2867));
#480=EDGE_LOOP('',(#2868,#2869,#2870,#2871));
#481=EDGE_LOOP('',(#2872,#2873,#2874,#2875));
#482=EDGE_LOOP('',(#2876,#2877,#2878,#2879));
#483=EDGE_LOOP('',(#2880,#2881,#2882,#2883));
#484=EDGE_LOOP('',(#2884,#2885,#2886,#2887));
#485=EDGE_LOOP('',(#2888,#2889,#2890,#2891));
#486=EDGE_LOOP('',(#2892,#2893,#2894,#2895));
#487=EDGE_LOOP('',(#2896,#2897,#2898,#2899));
#488=EDGE_LOOP('',(#2900,#2901,#2902,#2903));
#489=EDGE_LOOP('',(#2904,#2905,#2906,#2907));
#490=EDGE_LOOP('',(#2908,#2909,#2910,#2911));
#491=EDGE_LOOP('',(#2912,#2913,#2914,#2915));
#492=EDGE_LOOP('',(#2916,#2917,#2918,#2919));
#493=EDGE_LOOP('',(#2920,#2921,#2922,#2923));
#494=EDGE_LOOP('',(#2924,#2925,#2926,#2927));
#495=EDGE_LOOP('',(#2928,#2929,#2930,#2931));
#496=EDGE_LOOP('',(#2932,#2933,#2934,#2935));
#497=EDGE_LOOP('',(#2936,#2937,#2938,#2939));
#498=EDGE_LOOP('',(#2940,#2941,#2942,#2943));
#499=EDGE_LOOP('',(#2944,#2945,#2946,#2947));
#500=EDGE_LOOP('',(#2948,#2949,#2950,#2951));
#501=EDGE_LOOP('',(#2952,#2953,#2954,#2955));
#502=EDGE_LOOP('',(#2956,#2957,#2958,#2959));
#503=EDGE_LOOP('',(#2960,#2961,#2962,#2963));
#504=EDGE_LOOP('',(#2964,#2965,#2966,#2967));
#505=EDGE_LOOP('',(#2968,#2969,#2970,#2971));
#506=EDGE_LOOP('',(#2972,#2973,#2974,#2975));
#507=EDGE_LOOP('',(#2976,#2977,#2978,#2979));
#508=EDGE_LOOP('',(#2980,#2981,#2982,#2983));
#509=EDGE_LOOP('',(#2984,#2985,#2986,#2987));
#510=EDGE_LOOP('',(#2988,#2989,#2990,#2991));
#511=EDGE_LOOP('',(#2992,#2993,#2994,#2995));
#512=EDGE_LOOP('',(#2996,#2997,#2998,#2999));
#513=EDGE_LOOP('',(#3000,#3001,#3002,#3003));
#514=EDGE_LOOP('',(#3004,#3005,#3006,#3007));
#515=EDGE_LOOP('',(#3008,#3009,#3010,#3011));
#516=EDGE_LOOP('',(#3012,#3013,#3014,#3015));
#517=EDGE_LOOP('',(#3016,#3017,#3018,#3019));
#518=EDGE_LOOP('',(#3020,#3021,#3022,#3023));
#519=EDGE_LOOP('',(#3024,#3025,#3026,#3027));
#520=EDGE_LOOP('',(#3028,#3029,#3030,#3031));
#521=EDGE_LOOP('',(#3032,#3033,#3034,#3035));
#522=EDGE_LOOP('',(#3036,#3037,#3038,#3039));
#523=EDGE_LOOP('',(#3040,#3041,#3042,#3043));
#524=EDGE_LOOP('',(#3044,#3045,#3046,#3047));
#525=EDGE_LOOP('',(#3048,#3049,#3050,#3051));
#526=EDGE_LOOP('',(#3052,#3053,#3054,#3055));
#527=EDGE_LOOP('',(#3056,#3057,#3058,#3059));
#528=EDGE_LOOP('',(#3060,#3061,#3062,#3063));
#529=EDGE_LOOP('',(#3064,#3065,#3066,#3067));
#530=EDGE_LOOP('',(#3068,#3069,#3070,#3071));
#531=EDGE_LOOP('',(#3072,#3073,#3074,#3075));
#532=EDGE_LOOP('',(#3076,#3077,#3078,#3079));
#533=EDGE_LOOP('',(#3080,#3081,#3082,#3083));
#534=EDGE_LOOP('',(#3084,#3085,#3086,#3087));
#535=EDGE_LOOP('',(#3088,#3089,#3090,#3091));
#536=EDGE_LOOP('',(#3092,#3093,#3094,#3095));
#537=EDGE_LOOP('',(#3096,#3097,#3098,#3099));
#538=EDGE_LOOP('',(#3100,#3101,#3102,#3103));
#539=EDGE_LOOP('',(#3104,#3105,#3106,#3107));
#540=EDGE_LOOP('',(#3108,#3109,#3110,#3111));
#541=EDGE_LOOP('',(#3112,#3113,#3114,#3115));
#542=EDGE_LOOP('',(#3116,#3117,#3118,#3119));
#543=EDGE_LOOP('',(#3120,#3121,#3122,#3123));
#544=EDGE_LOOP('',(#3124,#3125,#3126,#3127));
#545=EDGE_LOOP('',(#3128,#3129,#3130,#3131));
#546=EDGE_LOOP('',(#3132,#3133,#3134,#3135));
#547=EDGE_LOOP('',(#3136,#3137,#3138,#3139));
#548=EDGE_LOOP('',(#3140,#3141,#3142,#3143));
#549=EDGE_LOOP('',(#3144,#3145,#3146,#3147));
#550=EDGE_LOOP('',(#3148,#3149,#3150,#3151));
#551=EDGE_LOOP('',(#3152,#3153,#3154,#3155));
#552=EDGE_LOOP('',(#3156,#3157,#3158,#3159));
#553=EDGE_LOOP('',(#3160,#3161,#3162,#3163));
#554=EDGE_LOOP('',(#3164,#3165,#3166,#3167));
#555=EDGE_LOOP('',(#3168,#3169,#3170,#3171));
#556=EDGE_LOOP('',(#3172,#3173,#3174,#3175));
#557=EDGE_LOOP('',(#3176,#3177,#3178,#3179));
#558=EDGE_LOOP('',(#3180,#3181,#3182,#3183));
#559=EDGE_LOOP('',(#3184,#3185,#3186,#3187));
#560=EDGE_LOOP('',(#3188,#3189,#3190,#3191));
#561=EDGE_LOOP('',(#3192,#3193,#3194,#3195));
#562=EDGE_LOOP('',(#3196,#3197,#3198,#3199));
#563=EDGE_LOOP('',(#3200,#3201,#3202,#3203,#3204,#3205,#3206,#3207));
#564=EDGE_LOOP('',(#3208));
#565=EDGE_LOOP('',(#3209,#3210,#3211,#3212));
#566=EDGE_LOOP('',(#3213,#3214,#3215,#3216));
#567=EDGE_LOOP('',(#3217,#3218,#3219,#3220));
#568=EDGE_LOOP('',(#3221,#3222,#3223,#3224));
#569=EDGE_LOOP('',(#3225,#3226,#3227,#3228));
#570=EDGE_LOOP('',(#3229,#3230,#3231,#3232));
#571=EDGE_LOOP('',(#3233,#3234,#3235,#3236));
#572=EDGE_LOOP('',(#3237,#3238,#3239,#3240));
#573=EDGE_LOOP('',(#3241,#3242,#3243,#3244));
#574=EDGE_LOOP('',(#3245,#3246,#3247,#3248));
#575=EDGE_LOOP('',(#3249,#3250,#3251,#3252));
#576=EDGE_LOOP('',(#3253,#3254,#3255,#3256));
#577=EDGE_LOOP('',(#3257,#3258,#3259,#3260));
#578=EDGE_LOOP('',(#3261,#3262,#3263,#3264));
#579=EDGE_LOOP('',(#3265,#3266,#3267,#3268));
#580=EDGE_LOOP('',(#3269,#3270,#3271,#3272));
#581=EDGE_LOOP('',(#3273,#3274,#3275,#3276));
#582=EDGE_LOOP('',(#3277,#3278,#3279,#3280));
#583=EDGE_LOOP('',(#3281,#3282,#3283,#3284));
#584=EDGE_LOOP('',(#3285,#3286,#3287,#3288));
#585=EDGE_LOOP('',(#3289,#3290,#3291,#3292));
#586=EDGE_LOOP('',(#3293,#3294,#3295,#3296));
#587=EDGE_LOOP('',(#3297,#3298,#3299,#3300));
#588=EDGE_LOOP('',(#3301,#3302,#3303,#3304));
#589=EDGE_LOOP('',(#3305,#3306,#3307,#3308));
#590=EDGE_LOOP('',(#3309,#3310,#3311,#3312));
#591=EDGE_LOOP('',(#3313,#3314,#3315,#3316));
#592=EDGE_LOOP('',(#3317,#3318,#3319,#3320));
#593=EDGE_LOOP('',(#3321,#3322,#3323,#3324));
#594=EDGE_LOOP('',(#3325,#3326,#3327,#3328));
#595=EDGE_LOOP('',(#3329,#3330,#3331,#3332));
#596=EDGE_LOOP('',(#3333,#3334,#3335,#3336));
#597=EDGE_LOOP('',(#3337,#3338,#3339,#3340));
#598=EDGE_LOOP('',(#3341,#3342,#3343,#3344));
#599=EDGE_LOOP('',(#3345,#3346,#3347,#3348));
#600=EDGE_LOOP('',(#3349,#3350,#3351,#3352));
#601=EDGE_LOOP('',(#3353,#3354,#3355,#3356));
#602=EDGE_LOOP('',(#3357,#3358,#3359,#3360));
#603=EDGE_LOOP('',(#3361,#3362,#3363,#3364));
#604=EDGE_LOOP('',(#3365,#3366,#3367,#3368));
#605=EDGE_LOOP('',(#3369,#3370,#3371,#3372));
#606=EDGE_LOOP('',(#3373,#3374,#3375,#3376));
#607=EDGE_LOOP('',(#3377));
#608=EDGE_LOOP('',(#3378));
#609=EDGE_LOOP('',(#3379));
#610=EDGE_LOOP('',(#3380));
#611=EDGE_LOOP('',(#3381));
#612=EDGE_LOOP('',(#3382));
#613=EDGE_LOOP('',(#3383));
#614=EDGE_LOOP('',(#3384));
#615=EDGE_LOOP('',(#3385,#3386,#3387,#3388));
#616=EDGE_LOOP('',(#3389,#3390,#3391,#3392));
#617=EDGE_LOOP('',(#3393,#3394,#3395,#3396));
#618=EDGE_LOOP('',(#3397,#3398,#3399,#3400));
#619=EDGE_LOOP('',(#3401,#3402,#3403,#3404));
#620=EDGE_LOOP('',(#3405,#3406,#3407,#3408));
#621=EDGE_LOOP('',(#3409,#3410,#3411,#3412));
#622=EDGE_LOOP('',(#3413,#3414,#3415,#3416));
#623=EDGE_LOOP('',(#3417,#3418,#3419,#3420));
#624=EDGE_LOOP('',(#3421,#3422,#3423,#3424));
#625=EDGE_LOOP('',(#3425,#3426,#3427,#3428));
#626=EDGE_LOOP('',(#3429,#3430,#3431,#3432));
#627=EDGE_LOOP('',(#3433,#3434,#3435,#3436));
#628=EDGE_LOOP('',(#3437,#3438,#3439,#3440));
#629=EDGE_LOOP('',(#3441,#3442,#3443,#3444));
#630=EDGE_LOOP('',(#3445,#3446,#3447,#3448));
#631=EDGE_LOOP('',(#3449,#3450,#3451,#3452,#3453,#3454,#3455,#3456));
#632=EDGE_LOOP('',(#3457));
#633=EDGE_LOOP('',(#3458,#3459,#3460,#3461));
#634=EDGE_LOOP('',(#3462,#3463,#3464,#3465));
#635=EDGE_LOOP('',(#3466,#3467,#3468,#3469));
#636=EDGE_LOOP('',(#3470,#3471,#3472,#3473));
#637=EDGE_LOOP('',(#3474,#3475,#3476,#3477));
#638=EDGE_LOOP('',(#3478,#3479,#3480,#3481));
#639=EDGE_LOOP('',(#3482,#3483,#3484,#3485));
#640=EDGE_LOOP('',(#3486,#3487,#3488,#3489));
#641=EDGE_LOOP('',(#3490,#3491,#3492,#3493));
#642=EDGE_LOOP('',(#3494,#3495,#3496,#3497));
#643=EDGE_LOOP('',(#3498,#3499,#3500,#3501));
#644=EDGE_LOOP('',(#3502,#3503,#3504,#3505));
#645=EDGE_LOOP('',(#3506,#3507,#3508,#3509));
#646=EDGE_LOOP('',(#3510,#3511,#3512,#3513));
#647=EDGE_LOOP('',(#3514,#3515,#3516,#3517));
#648=EDGE_LOOP('',(#3518,#3519,#3520,#3521));
#649=EDGE_LOOP('',(#3522,#3523,#3524,#3525));
#650=EDGE_LOOP('',(#3526,#3527,#3528,#3529));
#651=EDGE_LOOP('',(#3530,#3531,#3532,#3533));
#652=EDGE_LOOP('',(#3534,#3535,#3536,#3537));
#653=EDGE_LOOP('',(#3538,#3539,#3540,#3541));
#654=EDGE_LOOP('',(#3542,#3543,#3544,#3545));
#655=EDGE_LOOP('',(#3546,#3547,#3548,#3549));
#656=EDGE_LOOP('',(#3550,#3551,#3552,#3553));
#657=EDGE_LOOP('',(#3554,#3555,#3556,#3557));
#658=EDGE_LOOP('',(#3558,#3559,#3560,#3561));
#659=EDGE_LOOP('',(#3562,#3563,#3564,#3565));
#660=EDGE_LOOP('',(#3566,#3567,#3568,#3569));
#661=EDGE_LOOP('',(#3570,#3571,#3572,#3573));
#662=EDGE_LOOP('',(#3574,#3575,#3576,#3577));
#663=EDGE_LOOP('',(#3578,#3579,#3580,#3581));
#664=EDGE_LOOP('',(#3582,#3583,#3584,#3585));
#665=EDGE_LOOP('',(#3586,#3587,#3588,#3589));
#666=EDGE_LOOP('',(#3590,#3591,#3592,#3593));
#667=EDGE_LOOP('',(#3594,#3595,#3596,#3597));
#668=EDGE_LOOP('',(#3598,#3599,#3600,#3601));
#669=EDGE_LOOP('',(#3602,#3603,#3604,#3605));
#670=EDGE_LOOP('',(#3606,#3607,#3608,#3609));
#671=EDGE_LOOP('',(#3610,#3611,#3612,#3613));
#672=EDGE_LOOP('',(#3614,#3615,#3616,#3617));
#673=EDGE_LOOP('',(#3618,#3619,#3620,#3621));
#674=EDGE_LOOP('',(#3622,#3623,#3624,#3625));
#675=EDGE_LOOP('',(#3626));
#676=EDGE_LOOP('',(#3627));
#677=EDGE_LOOP('',(#3628));
#678=EDGE_LOOP('',(#3629));
#679=EDGE_LOOP('',(#3630));
#680=EDGE_LOOP('',(#3631));
#681=EDGE_LOOP('',(#3632));
#682=EDGE_LOOP('',(#3633));
#683=LINE('',#5443,#1044);
#684=LINE('',#5448,#1045);
#685=LINE('',#5450,#1046);
#686=LINE('',#5452,#1047);
#687=LINE('',#5453,#1048);
#688=LINE('',#5459,#1049);
#689=LINE('',#5462,#1050);
#690=LINE('',#5464,#1051);
#691=LINE('',#5465,#1052);
#692=LINE('',#5472,#1053);
#693=LINE('',#5474,#1054);
#694=LINE('',#5476,#1055);
#695=LINE('',#5477,#1056);
#696=LINE('',#5483,#1057);
#697=LINE('',#5486,#1058);
#698=LINE('',#5488,#1059);
#699=LINE('',#5489,#1060);
#700=LINE('',#5496,#1061);
#701=LINE('',#5498,#1062);
#702=LINE('',#5500,#1063);
#703=LINE('',#5501,#1064);
#704=LINE('',#5507,#1065);
#705=LINE('',#5510,#1066);
#706=LINE('',#5512,#1067);
#707=LINE('',#5513,#1068);
#708=LINE('',#5520,#1069);
#709=LINE('',#5522,#1070);
#710=LINE('',#5524,#1071);
#711=LINE('',#5525,#1072);
#712=LINE('',#5531,#1073);
#713=LINE('',#5534,#1074);
#714=LINE('',#5536,#1075);
#715=LINE('',#5537,#1076);
#716=LINE('',#5546,#1077);
#717=LINE('',#5549,#1078);
#718=LINE('',#5552,#1079);
#719=LINE('',#5554,#1080);
#720=LINE('',#5555,#1081);
#721=LINE('',#5561,#1082);
#722=LINE('',#5563,#1083);
#723=LINE('',#5564,#1084);
#724=LINE('',#5568,#1085);
#725=LINE('',#5570,#1086);
#726=LINE('',#5572,#1087);
#727=LINE('',#5573,#1088);
#728=LINE('',#5579,#1089);
#729=LINE('',#5582,#1090);
#730=LINE('',#5584,#1091);
#731=LINE('',#5585,#1092);
#732=LINE('',#5592,#1093);
#733=LINE('',#5594,#1094);
#734=LINE('',#5596,#1095);
#735=LINE('',#5597,#1096);
#736=LINE('',#5603,#1097);
#737=LINE('',#5606,#1098);
#738=LINE('',#5608,#1099);
#739=LINE('',#5609,#1100);
#740=LINE('',#5616,#1101);
#741=LINE('',#5618,#1102);
#742=LINE('',#5620,#1103);
#743=LINE('',#5621,#1104);
#744=LINE('',#5627,#1105);
#745=LINE('',#5630,#1106);
#746=LINE('',#5632,#1107);
#747=LINE('',#5633,#1108);
#748=LINE('',#5640,#1109);
#749=LINE('',#5642,#1110);
#750=LINE('',#5644,#1111);
#751=LINE('',#5645,#1112);
#752=LINE('',#5651,#1113);
#753=LINE('',#5654,#1114);
#754=LINE('',#5656,#1115);
#755=LINE('',#5657,#1116);
#756=LINE('',#5664,#1117);
#757=LINE('',#5666,#1118);
#758=LINE('',#5668,#1119);
#759=LINE('',#5669,#1120);
#760=LINE('',#5675,#1121);
#761=LINE('',#5678,#1122);
#762=LINE('',#5680,#1123);
#763=LINE('',#5681,#1124);
#764=LINE('',#5688,#1125);
#765=LINE('',#5690,#1126);
#766=LINE('',#5692,#1127);
#767=LINE('',#5693,#1128);
#768=LINE('',#5699,#1129);
#769=LINE('',#5702,#1130);
#770=LINE('',#5704,#1131);
#771=LINE('',#5705,#1132);
#772=LINE('',#5714,#1133);
#773=LINE('',#5717,#1134);
#774=LINE('',#5720,#1135);
#775=LINE('',#5722,#1136);
#776=LINE('',#5723,#1137);
#777=LINE('',#5729,#1138);
#778=LINE('',#5731,#1139);
#779=LINE('',#5732,#1140);
#780=LINE('',#5736,#1141);
#781=LINE('',#5738,#1142);
#782=LINE('',#5740,#1143);
#783=LINE('',#5741,#1144);
#784=LINE('',#5747,#1145);
#785=LINE('',#5750,#1146);
#786=LINE('',#5752,#1147);
#787=LINE('',#5753,#1148);
#788=LINE('',#5760,#1149);
#789=LINE('',#5762,#1150);
#790=LINE('',#5764,#1151);
#791=LINE('',#5765,#1152);
#792=LINE('',#5771,#1153);
#793=LINE('',#5774,#1154);
#794=LINE('',#5776,#1155);
#795=LINE('',#5777,#1156);
#796=LINE('',#5784,#1157);
#797=LINE('',#5786,#1158);
#798=LINE('',#5788,#1159);
#799=LINE('',#5789,#1160);
#800=LINE('',#5795,#1161);
#801=LINE('',#5798,#1162);
#802=LINE('',#5800,#1163);
#803=LINE('',#5801,#1164);
#804=LINE('',#5808,#1165);
#805=LINE('',#5810,#1166);
#806=LINE('',#5812,#1167);
#807=LINE('',#5813,#1168);
#808=LINE('',#5819,#1169);
#809=LINE('',#5822,#1170);
#810=LINE('',#5824,#1171);
#811=LINE('',#5825,#1172);
#812=LINE('',#5832,#1173);
#813=LINE('',#5834,#1174);
#814=LINE('',#5836,#1175);
#815=LINE('',#5837,#1176);
#816=LINE('',#5843,#1177);
#817=LINE('',#5846,#1178);
#818=LINE('',#5848,#1179);
#819=LINE('',#5849,#1180);
#820=LINE('',#5856,#1181);
#821=LINE('',#5858,#1182);
#822=LINE('',#5860,#1183);
#823=LINE('',#5861,#1184);
#824=LINE('',#5867,#1185);
#825=LINE('',#5870,#1186);
#826=LINE('',#5872,#1187);
#827=LINE('',#5873,#1188);
#828=LINE('',#5882,#1189);
#829=LINE('',#5885,#1190);
#830=LINE('',#5888,#1191);
#831=LINE('',#5890,#1192);
#832=LINE('',#5891,#1193);
#833=LINE('',#5897,#1194);
#834=LINE('',#5899,#1195);
#835=LINE('',#5900,#1196);
#836=LINE('',#5904,#1197);
#837=LINE('',#5906,#1198);
#838=LINE('',#5908,#1199);
#839=LINE('',#5909,#1200);
#840=LINE('',#5915,#1201);
#841=LINE('',#5918,#1202);
#842=LINE('',#5920,#1203);
#843=LINE('',#5921,#1204);
#844=LINE('',#5928,#1205);
#845=LINE('',#5930,#1206);
#846=LINE('',#5932,#1207);
#847=LINE('',#5933,#1208);
#848=LINE('',#5939,#1209);
#849=LINE('',#5942,#1210);
#850=LINE('',#5944,#1211);
#851=LINE('',#5945,#1212);
#852=LINE('',#5952,#1213);
#853=LINE('',#5954,#1214);
#854=LINE('',#5956,#1215);
#855=LINE('',#5957,#1216);
#856=LINE('',#5963,#1217);
#857=LINE('',#5966,#1218);
#858=LINE('',#5968,#1219);
#859=LINE('',#5969,#1220);
#860=LINE('',#5976,#1221);
#861=LINE('',#5978,#1222);
#862=LINE('',#5980,#1223);
#863=LINE('',#5981,#1224);
#864=LINE('',#5987,#1225);
#865=LINE('',#5990,#1226);
#866=LINE('',#5992,#1227);
#867=LINE('',#5993,#1228);
#868=LINE('',#6000,#1229);
#869=LINE('',#6002,#1230);
#870=LINE('',#6004,#1231);
#871=LINE('',#6005,#1232);
#872=LINE('',#6011,#1233);
#873=LINE('',#6014,#1234);
#874=LINE('',#6016,#1235);
#875=LINE('',#6017,#1236);
#876=LINE('',#6024,#1237);
#877=LINE('',#6026,#1238);
#878=LINE('',#6028,#1239);
#879=LINE('',#6029,#1240);
#880=LINE('',#6035,#1241);
#881=LINE('',#6038,#1242);
#882=LINE('',#6040,#1243);
#883=LINE('',#6041,#1244);
#884=LINE('',#6050,#1245);
#885=LINE('',#6053,#1246);
#886=LINE('',#6056,#1247);
#887=LINE('',#6058,#1248);
#888=LINE('',#6059,#1249);
#889=LINE('',#6065,#1250);
#890=LINE('',#6067,#1251);
#891=LINE('',#6068,#1252);
#892=LINE('',#6072,#1253);
#893=LINE('',#6074,#1254);
#894=LINE('',#6076,#1255);
#895=LINE('',#6077,#1256);
#896=LINE('',#6083,#1257);
#897=LINE('',#6086,#1258);
#898=LINE('',#6088,#1259);
#899=LINE('',#6089,#1260);
#900=LINE('',#6096,#1261);
#901=LINE('',#6098,#1262);
#902=LINE('',#6100,#1263);
#903=LINE('',#6101,#1264);
#904=LINE('',#6107,#1265);
#905=LINE('',#6110,#1266);
#906=LINE('',#6112,#1267);
#907=LINE('',#6113,#1268);
#908=LINE('',#6120,#1269);
#909=LINE('',#6122,#1270);
#910=LINE('',#6124,#1271);
#911=LINE('',#6125,#1272);
#912=LINE('',#6131,#1273);
#913=LINE('',#6134,#1274);
#914=LINE('',#6136,#1275);
#915=LINE('',#6137,#1276);
#916=LINE('',#6144,#1277);
#917=LINE('',#6146,#1278);
#918=LINE('',#6148,#1279);
#919=LINE('',#6149,#1280);
#920=LINE('',#6155,#1281);
#921=LINE('',#6158,#1282);
#922=LINE('',#6160,#1283);
#923=LINE('',#6161,#1284);
#924=LINE('',#6168,#1285);
#925=LINE('',#6170,#1286);
#926=LINE('',#6172,#1287);
#927=LINE('',#6173,#1288);
#928=LINE('',#6179,#1289);
#929=LINE('',#6182,#1290);
#930=LINE('',#6184,#1291);
#931=LINE('',#6185,#1292);
#932=LINE('',#6192,#1293);
#933=LINE('',#6194,#1294);
#934=LINE('',#6196,#1295);
#935=LINE('',#6197,#1296);
#936=LINE('',#6203,#1297);
#937=LINE('',#6206,#1298);
#938=LINE('',#6208,#1299);
#939=LINE('',#6209,#1300);
#940=LINE('',#6218,#1301);
#941=LINE('',#6221,#1302);
#942=LINE('',#6224,#1303);
#943=LINE('',#6226,#1304);
#944=LINE('',#6227,#1305);
#945=LINE('',#6233,#1306);
#946=LINE('',#6235,#1307);
#947=LINE('',#6236,#1308);
#948=LINE('',#6240,#1309);
#949=LINE('',#6242,#1310);
#950=LINE('',#6244,#1311);
#951=LINE('',#6245,#1312);
#952=LINE('',#6251,#1313);
#953=LINE('',#6254,#1314);
#954=LINE('',#6256,#1315);
#955=LINE('',#6257,#1316);
#956=LINE('',#6264,#1317);
#957=LINE('',#6266,#1318);
#958=LINE('',#6268,#1319);
#959=LINE('',#6269,#1320);
#960=LINE('',#6275,#1321);
#961=LINE('',#6278,#1322);
#962=LINE('',#6280,#1323);
#963=LINE('',#6281,#1324);
#964=LINE('',#6288,#1325);
#965=LINE('',#6290,#1326);
#966=LINE('',#6292,#1327);
#967=LINE('',#6293,#1328);
#968=LINE('',#6299,#1329);
#969=LINE('',#6302,#1330);
#970=LINE('',#6304,#1331);
#971=LINE('',#6305,#1332);
#972=LINE('',#6312,#1333);
#973=LINE('',#6314,#1334);
#974=LINE('',#6316,#1335);
#975=LINE('',#6317,#1336);
#976=LINE('',#6323,#1337);
#977=LINE('',#6326,#1338);
#978=LINE('',#6328,#1339);
#979=LINE('',#6329,#1340);
#980=LINE('',#6336,#1341);
#981=LINE('',#6338,#1342);
#982=LINE('',#6340,#1343);
#983=LINE('',#6341,#1344);
#984=LINE('',#6347,#1345);
#985=LINE('',#6350,#1346);
#986=LINE('',#6352,#1347);
#987=LINE('',#6353,#1348);
#988=LINE('',#6360,#1349);
#989=LINE('',#6362,#1350);
#990=LINE('',#6364,#1351);
#991=LINE('',#6365,#1352);
#992=LINE('',#6371,#1353);
#993=LINE('',#6374,#1354);
#994=LINE('',#6376,#1355);
#995=LINE('',#6377,#1356);
#996=LINE('',#6386,#1357);
#997=LINE('',#6389,#1358);
#998=LINE('',#6392,#1359);
#999=LINE('',#6394,#1360);
#1000=LINE('',#6395,#1361);
#1001=LINE('',#6401,#1362);
#1002=LINE('',#6403,#1363);
#1003=LINE('',#6404,#1364);
#1004=LINE('',#6408,#1365);
#1005=LINE('',#6410,#1366);
#1006=LINE('',#6412,#1367);
#1007=LINE('',#6413,#1368);
#1008=LINE('',#6419,#1369);
#1009=LINE('',#6422,#1370);
#1010=LINE('',#6424,#1371);
#1011=LINE('',#6425,#1372);
#1012=LINE('',#6432,#1373);
#1013=LINE('',#6434,#1374);
#1014=LINE('',#6436,#1375);
#1015=LINE('',#6437,#1376);
#1016=LINE('',#6443,#1377);
#1017=LINE('',#6446,#1378);
#1018=LINE('',#6448,#1379);
#1019=LINE('',#6449,#1380);
#1020=LINE('',#6458,#1381);
#1021=LINE('',#6462,#1382);
#1022=LINE('',#6466,#1383);
#1023=LINE('',#6469,#1384);
#1024=LINE('',#6488,#1385);
#1025=LINE('',#6492,#1386);
#1026=LINE('',#6496,#1387);
#1027=LINE('',#6500,#1388);
#1028=LINE('',#6504,#1389);
#1029=LINE('',#6508,#1390);
#1030=LINE('',#6512,#1391);
#1031=LINE('',#6516,#1392);
#1032=LINE('',#6521,#1393);
#1033=LINE('',#6522,#1394);
#1034=LINE('',#6523,#1395);
#1035=LINE('',#6527,#1396);
#1036=LINE('',#6530,#1397);
#1037=LINE('',#6531,#1398);
#1038=LINE('',#6535,#1399);
#1039=LINE('',#6538,#1400);
#1040=LINE('',#6539,#1401);
#1041=LINE('',#6543,#1402);
#1042=LINE('',#6546,#1403);
#1043=LINE('',#6547,#1404);
#1044=VECTOR('',#4319,45.0997512422418);
#1045=VECTOR('',#4324,10.);
#1046=VECTOR('',#4325,10.);
#1047=VECTOR('',#4326,10.);
#1048=VECTOR('',#4327,10.);
#1049=VECTOR('',#4334,10.);
#1050=VECTOR('',#4337,10.);
#1051=VECTOR('',#4338,10.);
#1052=VECTOR('',#4339,10.);
#1053=VECTOR('',#4348,10.);
#1054=VECTOR('',#4349,10.);
#1055=VECTOR('',#4350,10.);
#1056=VECTOR('',#4351,10.);
#1057=VECTOR('',#4358,10.);
#1058=VECTOR('',#4361,10.);
#1059=VECTOR('',#4362,10.);
#1060=VECTOR('',#4363,10.);
#1061=VECTOR('',#4372,10.);
#1062=VECTOR('',#4373,10.);
#1063=VECTOR('',#4374,10.);
#1064=VECTOR('',#4375,10.);
#1065=VECTOR('',#4382,10.);
#1066=VECTOR('',#4385,10.);
#1067=VECTOR('',#4386,10.);
#1068=VECTOR('',#4387,10.);
#1069=VECTOR('',#4396,10.);
#1070=VECTOR('',#4397,10.);
#1071=VECTOR('',#4398,10.);
#1072=VECTOR('',#4399,10.);
#1073=VECTOR('',#4406,10.);
#1074=VECTOR('',#4409,10.);
#1075=VECTOR('',#4410,10.);
#1076=VECTOR('',#4411,10.);
#1077=VECTOR('',#4422,10.);
#1078=VECTOR('',#4425,10.);
#1079=VECTOR('',#4428,10.);
#1080=VECTOR('',#4429,10.);
#1081=VECTOR('',#4430,10.);
#1082=VECTOR('',#4437,10.);
#1083=VECTOR('',#4440,10.);
#1084=VECTOR('',#4441,10.);
#1085=VECTOR('',#4444,10.);
#1086=VECTOR('',#4445,10.);
#1087=VECTOR('',#4446,10.);
#1088=VECTOR('',#4447,10.);
#1089=VECTOR('',#4454,10.);
#1090=VECTOR('',#4457,10.);
#1091=VECTOR('',#4458,10.);
#1092=VECTOR('',#4459,10.);
#1093=VECTOR('',#4468,10.);
#1094=VECTOR('',#4469,10.);
#1095=VECTOR('',#4470,10.);
#1096=VECTOR('',#4471,10.);
#1097=VECTOR('',#4478,10.);
#1098=VECTOR('',#4481,10.);
#1099=VECTOR('',#4482,10.);
#1100=VECTOR('',#4483,10.);
#1101=VECTOR('',#4492,10.);
#1102=VECTOR('',#4493,10.);
#1103=VECTOR('',#4494,10.);
#1104=VECTOR('',#4495,10.);
#1105=VECTOR('',#4502,10.);
#1106=VECTOR('',#4505,10.);
#1107=VECTOR('',#4506,10.);
#1108=VECTOR('',#4507,10.);
#1109=VECTOR('',#4516,10.);
#1110=VECTOR('',#4517,10.);
#1111=VECTOR('',#4518,10.);
#1112=VECTOR('',#4519,10.);
#1113=VECTOR('',#4526,10.);
#1114=VECTOR('',#4529,10.);
#1115=VECTOR('',#4530,10.);
#1116=VECTOR('',#4531,10.);
#1117=VECTOR('',#4540,10.);
#1118=VECTOR('',#4541,10.);
#1119=VECTOR('',#4542,10.);
#1120=VECTOR('',#4543,10.);
#1121=VECTOR('',#4550,10.);
#1122=VECTOR('',#4553,10.);
#1123=VECTOR('',#4554,10.);
#1124=VECTOR('',#4555,10.);
#1125=VECTOR('',#4564,10.);
#1126=VECTOR('',#4565,10.);
#1127=VECTOR('',#4566,10.);
#1128=VECTOR('',#4567,10.);
#1129=VECTOR('',#4574,10.);
#1130=VECTOR('',#4577,10.);
#1131=VECTOR('',#4578,10.);
#1132=VECTOR('',#4579,10.);
#1133=VECTOR('',#4590,10.);
#1134=VECTOR('',#4593,10.);
#1135=VECTOR('',#4596,10.);
#1136=VECTOR('',#4597,10.);
#1137=VECTOR('',#4598,10.);
#1138=VECTOR('',#4605,10.);
#1139=VECTOR('',#4608,10.);
#1140=VECTOR('',#4609,10.);
#1141=VECTOR('',#4612,10.);
#1142=VECTOR('',#4613,10.);
#1143=VECTOR('',#4614,10.);
#1144=VECTOR('',#4615,10.);
#1145=VECTOR('',#4622,10.);
#1146=VECTOR('',#4625,10.);
#1147=VECTOR('',#4626,10.);
#1148=VECTOR('',#4627,10.);
#1149=VECTOR('',#4636,10.);
#1150=VECTOR('',#4637,10.);
#1151=VECTOR('',#4638,10.);
#1152=VECTOR('',#4639,10.);
#1153=VECTOR('',#4646,10.);
#1154=VECTOR('',#4649,10.);
#1155=VECTOR('',#4650,10.);
#1156=VECTOR('',#4651,10.);
#1157=VECTOR('',#4660,10.);
#1158=VECTOR('',#4661,10.);
#1159=VECTOR('',#4662,10.);
#1160=VECTOR('',#4663,10.);
#1161=VECTOR('',#4670,10.);
#1162=VECTOR('',#4673,10.);
#1163=VECTOR('',#4674,10.);
#1164=VECTOR('',#4675,10.);
#1165=VECTOR('',#4684,10.);
#1166=VECTOR('',#4685,10.);
#1167=VECTOR('',#4686,10.);
#1168=VECTOR('',#4687,10.);
#1169=VECTOR('',#4694,10.);
#1170=VECTOR('',#4697,10.);
#1171=VECTOR('',#4698,10.);
#1172=VECTOR('',#4699,10.);
#1173=VECTOR('',#4708,10.);
#1174=VECTOR('',#4709,10.);
#1175=VECTOR('',#4710,10.);
#1176=VECTOR('',#4711,10.);
#1177=VECTOR('',#4718,10.);
#1178=VECTOR('',#4721,10.);
#1179=VECTOR('',#4722,10.);
#1180=VECTOR('',#4723,10.);
#1181=VECTOR('',#4732,10.);
#1182=VECTOR('',#4733,10.);
#1183=VECTOR('',#4734,10.);
#1184=VECTOR('',#4735,10.);
#1185=VECTOR('',#4742,10.);
#1186=VECTOR('',#4745,10.);
#1187=VECTOR('',#4746,10.);
#1188=VECTOR('',#4747,10.);
#1189=VECTOR('',#4758,10.);
#1190=VECTOR('',#4761,10.);
#1191=VECTOR('',#4764,10.);
#1192=VECTOR('',#4765,10.);
#1193=VECTOR('',#4766,10.);
#1194=VECTOR('',#4773,10.);
#1195=VECTOR('',#4776,10.);
#1196=VECTOR('',#4777,10.);
#1197=VECTOR('',#4780,10.);
#1198=VECTOR('',#4781,10.);
#1199=VECTOR('',#4782,10.);
#1200=VECTOR('',#4783,10.);
#1201=VECTOR('',#4790,10.);
#1202=VECTOR('',#4793,10.);
#1203=VECTOR('',#4794,10.);
#1204=VECTOR('',#4795,10.);
#1205=VECTOR('',#4804,10.);
#1206=VECTOR('',#4805,10.);
#1207=VECTOR('',#4806,10.);
#1208=VECTOR('',#4807,10.);
#1209=VECTOR('',#4814,10.);
#1210=VECTOR('',#4817,10.);
#1211=VECTOR('',#4818,10.);
#1212=VECTOR('',#4819,10.);
#1213=VECTOR('',#4828,10.);
#1214=VECTOR('',#4829,10.);
#1215=VECTOR('',#4830,10.);
#1216=VECTOR('',#4831,10.);
#1217=VECTOR('',#4838,10.);
#1218=VECTOR('',#4841,10.);
#1219=VECTOR('',#4842,10.);
#1220=VECTOR('',#4843,10.);
#1221=VECTOR('',#4852,10.);
#1222=VECTOR('',#4853,10.);
#1223=VECTOR('',#4854,10.);
#1224=VECTOR('',#4855,10.);
#1225=VECTOR('',#4862,10.);
#1226=VECTOR('',#4865,10.);
#1227=VECTOR('',#4866,10.);
#1228=VECTOR('',#4867,10.);
#1229=VECTOR('',#4876,10.);
#1230=VECTOR('',#4877,10.);
#1231=VECTOR('',#4878,10.);
#1232=VECTOR('',#4879,10.);
#1233=VECTOR('',#4886,10.);
#1234=VECTOR('',#4889,10.);
#1235=VECTOR('',#4890,10.);
#1236=VECTOR('',#4891,10.);
#1237=VECTOR('',#4900,10.);
#1238=VECTOR('',#4901,10.);
#1239=VECTOR('',#4902,10.);
#1240=VECTOR('',#4903,10.);
#1241=VECTOR('',#4910,10.);
#1242=VECTOR('',#4913,10.);
#1243=VECTOR('',#4914,10.);
#1244=VECTOR('',#4915,10.);
#1245=VECTOR('',#4926,10.);
#1246=VECTOR('',#4929,10.);
#1247=VECTOR('',#4932,10.);
#1248=VECTOR('',#4933,10.);
#1249=VECTOR('',#4934,10.);
#1250=VECTOR('',#4941,10.);
#1251=VECTOR('',#4944,10.);
#1252=VECTOR('',#4945,10.);
#1253=VECTOR('',#4948,10.);
#1254=VECTOR('',#4949,10.);
#1255=VECTOR('',#4950,10.);
#1256=VECTOR('',#4951,10.);
#1257=VECTOR('',#4958,10.);
#1258=VECTOR('',#4961,10.);
#1259=VECTOR('',#4962,10.);
#1260=VECTOR('',#4963,10.);
#1261=VECTOR('',#4972,10.);
#1262=VECTOR('',#4973,10.);
#1263=VECTOR('',#4974,10.);
#1264=VECTOR('',#4975,10.);
#1265=VECTOR('',#4982,10.);
#1266=VECTOR('',#4985,10.);
#1267=VECTOR('',#4986,10.);
#1268=VECTOR('',#4987,10.);
#1269=VECTOR('',#4996,10.);
#1270=VECTOR('',#4997,10.);
#1271=VECTOR('',#4998,10.);
#1272=VECTOR('',#4999,10.);
#1273=VECTOR('',#5006,10.);
#1274=VECTOR('',#5009,10.);
#1275=VECTOR('',#5010,10.);
#1276=VECTOR('',#5011,10.);
#1277=VECTOR('',#5020,10.);
#1278=VECTOR('',#5021,10.);
#1279=VECTOR('',#5022,10.);
#1280=VECTOR('',#5023,10.);
#1281=VECTOR('',#5030,10.);
#1282=VECTOR('',#5033,10.);
#1283=VECTOR('',#5034,10.);
#1284=VECTOR('',#5035,10.);
#1285=VECTOR('',#5044,10.);
#1286=VECTOR('',#5045,10.);
#1287=VECTOR('',#5046,10.);
#1288=VECTOR('',#5047,10.);
#1289=VECTOR('',#5054,10.);
#1290=VECTOR('',#5057,10.);
#1291=VECTOR('',#5058,10.);
#1292=VECTOR('',#5059,10.);
#1293=VECTOR('',#5068,10.);
#1294=VECTOR('',#5069,10.);
#1295=VECTOR('',#5070,10.);
#1296=VECTOR('',#5071,10.);
#1297=VECTOR('',#5078,10.);
#1298=VECTOR('',#5081,10.);
#1299=VECTOR('',#5082,10.);
#1300=VECTOR('',#5083,10.);
#1301=VECTOR('',#5094,10.);
#1302=VECTOR('',#5097,10.);
#1303=VECTOR('',#5100,10.);
#1304=VECTOR('',#5101,10.);
#1305=VECTOR('',#5102,10.);
#1306=VECTOR('',#5109,10.);
#1307=VECTOR('',#5112,10.);
#1308=VECTOR('',#5113,10.);
#1309=VECTOR('',#5116,10.);
#1310=VECTOR('',#5117,10.);
#1311=VECTOR('',#5118,10.);
#1312=VECTOR('',#5119,10.);
#1313=VECTOR('',#5126,10.);
#1314=VECTOR('',#5129,10.);
#1315=VECTOR('',#5130,10.);
#1316=VECTOR('',#5131,10.);
#1317=VECTOR('',#5140,10.);
#1318=VECTOR('',#5141,10.);
#1319=VECTOR('',#5142,10.);
#1320=VECTOR('',#5143,10.);
#1321=VECTOR('',#5150,10.);
#1322=VECTOR('',#5153,10.);
#1323=VECTOR('',#5154,10.);
#1324=VECTOR('',#5155,10.);
#1325=VECTOR('',#5164,10.);
#1326=VECTOR('',#5165,10.);
#1327=VECTOR('',#5166,10.);
#1328=VECTOR('',#5167,10.);
#1329=VECTOR('',#5174,10.);
#1330=VECTOR('',#5177,10.);
#1331=VECTOR('',#5178,10.);
#1332=VECTOR('',#5179,10.);
#1333=VECTOR('',#5188,10.);
#1334=VECTOR('',#5189,10.);
#1335=VECTOR('',#5190,10.);
#1336=VECTOR('',#5191,10.);
#1337=VECTOR('',#5198,10.);
#1338=VECTOR('',#5201,10.);
#1339=VECTOR('',#5202,10.);
#1340=VECTOR('',#5203,10.);
#1341=VECTOR('',#5212,10.);
#1342=VECTOR('',#5213,10.);
#1343=VECTOR('',#5214,10.);
#1344=VECTOR('',#5215,10.);
#1345=VECTOR('',#5222,10.);
#1346=VECTOR('',#5225,10.);
#1347=VECTOR('',#5226,10.);
#1348=VECTOR('',#5227,10.);
#1349=VECTOR('',#5236,10.);
#1350=VECTOR('',#5237,10.);
#1351=VECTOR('',#5238,10.);
#1352=VECTOR('',#5239,10.);
#1353=VECTOR('',#5246,10.);
#1354=VECTOR('',#5249,10.);
#1355=VECTOR('',#5250,10.);
#1356=VECTOR('',#5251,10.);
#1357=VECTOR('',#5262,10.);
#1358=VECTOR('',#5265,10.);
#1359=VECTOR('',#5268,10.);
#1360=VECTOR('',#5269,10.);
#1361=VECTOR('',#5270,10.);
#1362=VECTOR('',#5277,10.);
#1363=VECTOR('',#5280,10.);
#1364=VECTOR('',#5281,10.);
#1365=VECTOR('',#5284,10.);
#1366=VECTOR('',#5285,10.);
#1367=VECTOR('',#5286,10.);
#1368=VECTOR('',#5287,10.);
#1369=VECTOR('',#5294,10.);
#1370=VECTOR('',#5297,10.);
#1371=VECTOR('',#5298,10.);
#1372=VECTOR('',#5299,10.);
#1373=VECTOR('',#5308,10.);
#1374=VECTOR('',#5309,10.);
#1375=VECTOR('',#5310,10.);
#1376=VECTOR('',#5311,10.);
#1377=VECTOR('',#5318,10.);
#1378=VECTOR('',#5321,10.);
#1379=VECTOR('',#5322,10.);
#1380=VECTOR('',#5323,10.);
#1381=VECTOR('',#5334,10.);
#1382=VECTOR('',#5337,10.);
#1383=VECTOR('',#5340,10.);
#1384=VECTOR('',#5343,10.);
#1385=VECTOR('',#5362,2.25);
#1386=VECTOR('',#5367,2.25);
#1387=VECTOR('',#5372,2.25);
#1388=VECTOR('',#5377,2.25);
#1389=VECTOR('',#5382,2.25);
#1390=VECTOR('',#5387,2.25);
#1391=VECTOR('',#5392,2.25);
#1392=VECTOR('',#5397,2.25);
#1393=VECTOR('',#5402,10.);
#1394=VECTOR('',#5403,10.);
#1395=VECTOR('',#5404,10.);
#1396=VECTOR('',#5409,10.);
#1397=VECTOR('',#5412,10.);
#1398=VECTOR('',#5413,10.);
#1399=VECTOR('',#5418,10.);
#1400=VECTOR('',#5421,10.);
#1401=VECTOR('',#5422,10.);
#1402=VECTOR('',#5427,10.);
#1403=VECTOR('',#5430,10.);
#1404=VECTOR('',#5431,10.);
#1405=CIRCLE('',#3933,45.0997512422418);
#1406=CIRCLE('',#3934,45.0997512422418);
#1407=CIRCLE('',#3937,205.);
#1408=CIRCLE('',#3938,205.);
#1409=CIRCLE('',#3941,200.);
#1410=CIRCLE('',#3942,200.);
#1411=CIRCLE('',#3945,140.);
#1412=CIRCLE('',#3946,140.);
#1413=CIRCLE('',#3949,135.);
#1414=CIRCLE('',#3950,135.);
#1415=CIRCLE('',#3953,190.);
#1416=CIRCLE('',#3954,190.);
#1417=CIRCLE('',#3957,185.);
#1418=CIRCLE('',#3958,185.);
#1419=CIRCLE('',#3961,220.);
#1420=CIRCLE('',#3962,220.);
#1421=CIRCLE('',#3965,215.);
#1422=CIRCLE('',#3966,215.);
#1423=CIRCLE('',#3968,150.);
#1424=CIRCLE('',#3969,150.);
#1425=CIRCLE('',#3972,155.);
#1426=CIRCLE('',#3973,155.);
#1427=CIRCLE('',#3977,175.);
#1428=CIRCLE('',#3978,175.);
#1429=CIRCLE('',#3981,170.);
#1430=CIRCLE('',#3982,170.);
#1431=CIRCLE('',#3985,235.);
#1432=CIRCLE('',#3986,235.);
#1433=CIRCLE('',#3989,230.);
#1434=CIRCLE('',#3990,230.);
#1435=CIRCLE('',#3993,205.);
#1436=CIRCLE('',#3994,205.);
#1437=CIRCLE('',#3997,200.);
#1438=CIRCLE('',#3998,200.);
#1439=CIRCLE('',#4001,140.);
#1440=CIRCLE('',#4002,140.);
#1441=CIRCLE('',#4005,135.);
#1442=CIRCLE('',#4006,135.);
#1443=CIRCLE('',#4009,190.);
#1444=CIRCLE('',#4010,190.);
#1445=CIRCLE('',#4013,185.);
#1446=CIRCLE('',#4014,185.);
#1447=CIRCLE('',#4017,220.);
#1448=CIRCLE('',#4018,220.);
#1449=CIRCLE('',#4021,215.);
#1450=CIRCLE('',#4022,215.);
#1451=CIRCLE('',#4024,150.);
#1452=CIRCLE('',#4025,150.);
#1453=CIRCLE('',#4028,155.);
#1454=CIRCLE('',#4029,155.);
#1455=CIRCLE('',#4033,175.);
#1456=CIRCLE('',#4034,175.);
#1457=CIRCLE('',#4037,170.);
#1458=CIRCLE('',#4038,170.);
#1459=CIRCLE('',#4041,235.);
#1460=CIRCLE('',#4042,235.);
#1461=CIRCLE('',#4045,230.);
#1462=CIRCLE('',#4046,230.);
#1463=CIRCLE('',#4049,205.);
#1464=CIRCLE('',#4050,205.);
#1465=CIRCLE('',#4053,200.);
#1466=CIRCLE('',#4054,200.);
#1467=CIRCLE('',#4057,140.);
#1468=CIRCLE('',#4058,140.);
#1469=CIRCLE('',#4061,135.);
#1470=CIRCLE('',#4062,135.);
#1471=CIRCLE('',#4065,190.);
#1472=CIRCLE('',#4066,190.);
#1473=CIRCLE('',#4069,185.);
#1474=CIRCLE('',#4070,185.);
#1475=CIRCLE('',#4073,220.);
#1476=CIRCLE('',#4074,220.);
#1477=CIRCLE('',#4077,215.);
#1478=CIRCLE('',#4078,215.);
#1479=CIRCLE('',#4080,150.);
#1480=CIRCLE('',#4081,150.);
#1481=CIRCLE('',#4084,155.);
#1482=CIRCLE('',#4085,155.);
#1483=CIRCLE('',#4089,175.);
#1484=CIRCLE('',#4090,175.);
#1485=CIRCLE('',#4093,170.);
#1486=CIRCLE('',#4094,170.);
#1487=CIRCLE('',#4097,235.);
#1488=CIRCLE('',#4098,235.);
#1489=CIRCLE('',#4101,230.);
#1490=CIRCLE('',#4102,230.);
#1491=CIRCLE('',#4105,205.);
#1492=CIRCLE('',#4106,205.);
#1493=CIRCLE('',#4109,200.);
#1494=CIRCLE('',#4110,200.);
#1495=CIRCLE('',#4113,140.);
#1496=CIRCLE('',#4114,140.);
#1497=CIRCLE('',#4117,135.);
#1498=CIRCLE('',#4118,135.);
#1499=CIRCLE('',#4121,190.);
#1500=CIRCLE('',#4122,190.);
#1501=CIRCLE('',#4125,185.);
#1502=CIRCLE('',#4126,185.);
#1503=CIRCLE('',#4129,220.);
#1504=CIRCLE('',#4130,220.);
#1505=CIRCLE('',#4133,215.);
#1506=CIRCLE('',#4134,215.);
#1507=CIRCLE('',#4136,150.);
#1508=CIRCLE('',#4137,150.);
#1509=CIRCLE('',#4140,155.);
#1510=CIRCLE('',#4141,155.);
#1511=CIRCLE('',#4145,175.);
#1512=CIRCLE('',#4146,175.);
#1513=CIRCLE('',#4149,170.);
#1514=CIRCLE('',#4150,170.);
#1515=CIRCLE('',#4153,235.);
#1516=CIRCLE('',#4154,235.);
#1517=CIRCLE('',#4157,230.);
#1518=CIRCLE('',#4158,230.);
#1519=CIRCLE('',#4161,205.);
#1520=CIRCLE('',#4162,205.);
#1521=CIRCLE('',#4165,200.);
#1522=CIRCLE('',#4166,200.);
#1523=CIRCLE('',#4169,140.);
#1524=CIRCLE('',#4170,140.);
#1525=CIRCLE('',#4173,135.);
#1526=CIRCLE('',#4174,135.);
#1527=CIRCLE('',#4177,190.);
#1528=CIRCLE('',#4178,190.);
#1529=CIRCLE('',#4181,185.);
#1530=CIRCLE('',#4182,185.);
#1531=CIRCLE('',#4185,220.);
#1532=CIRCLE('',#4186,220.);
#1533=CIRCLE('',#4189,215.);
#1534=CIRCLE('',#4190,215.);
#1535=CIRCLE('',#4192,150.);
#1536=CIRCLE('',#4193,150.);
#1537=CIRCLE('',#4196,155.);
#1538=CIRCLE('',#4197,155.);
#1539=CIRCLE('',#4201,175.);
#1540=CIRCLE('',#4202,175.);
#1541=CIRCLE('',#4205,170.);
#1542=CIRCLE('',#4206,170.);
#1543=CIRCLE('',#4209,235.);
#1544=CIRCLE('',#4210,235.);
#1545=CIRCLE('',#4213,230.);
#1546=CIRCLE('',#4214,230.);
#1547=CIRCLE('',#4217,205.);
#1548=CIRCLE('',#4218,205.);
#1549=CIRCLE('',#4221,200.);
#1550=CIRCLE('',#4222,200.);
#1551=CIRCLE('',#4225,140.);
#1552=CIRCLE('',#4226,140.);
#1553=CIRCLE('',#4229,135.);
#1554=CIRCLE('',#4230,135.);
#1555=CIRCLE('',#4233,190.);
#1556=CIRCLE('',#4234,190.);
#1557=CIRCLE('',#4237,185.);
#1558=CIRCLE('',#4238,185.);
#1559=CIRCLE('',#4241,220.);
#1560=CIRCLE('',#4242,220.);
#1561=CIRCLE('',#4245,215.);
#1562=CIRCLE('',#4246,215.);
#1563=CIRCLE('',#4248,150.);
#1564=CIRCLE('',#4249,150.);
#1565=CIRCLE('',#4252,155.);
#1566=CIRCLE('',#4253,155.);
#1567=CIRCLE('',#4257,175.);
#1568=CIRCLE('',#4258,175.);
#1569=CIRCLE('',#4261,170.);
#1570=CIRCLE('',#4262,170.);
#1571=CIRCLE('',#4265,235.);
#1572=CIRCLE('',#4266,235.);
#1573=CIRCLE('',#4269,230.);
#1574=CIRCLE('',#4270,230.);
#1575=CIRCLE('',#4272,100.);
#1576=CIRCLE('',#4273,99.9999999999999);
#1577=CIRCLE('',#4274,100.);
#1578=CIRCLE('',#4275,100.);
#1579=CIRCLE('',#4276,2.25);
#1580=CIRCLE('',#4277,2.25);
#1581=CIRCLE('',#4278,2.25);
#1582=CIRCLE('',#4279,2.25);
#1583=CIRCLE('',#4280,2.25);
#1584=CIRCLE('',#4281,2.25);
#1585=CIRCLE('',#4282,2.25);
#1586=CIRCLE('',#4283,2.25);
#1587=CIRCLE('',#4285,2.25);
#1588=CIRCLE('',#4287,2.25);
#1589=CIRCLE('',#4289,2.25);
#1590=CIRCLE('',#4291,2.25);
#1591=CIRCLE('',#4293,2.25);
#1592=CIRCLE('',#4295,2.25);
#1593=CIRCLE('',#4297,2.25);
#1594=CIRCLE('',#4299,2.25);
#1595=CIRCLE('',#4302,100.);
#1596=CIRCLE('',#4305,100.);
#1597=CIRCLE('',#4308,99.9999999999999);
#1598=CIRCLE('',#4311,100.);
#1599=VERTEX_POINT('',#5440);
#1600=VERTEX_POINT('',#5442);
#1601=VERTEX_POINT('',#5446);
#1602=VERTEX_POINT('',#5447);
#1603=VERTEX_POINT('',#5449);
#1604=VERTEX_POINT('',#5451);
#1605=VERTEX_POINT('',#5455);
#1606=VERTEX_POINT('',#5457);
#1607=VERTEX_POINT('',#5461);
#1608=VERTEX_POINT('',#5463);
#1609=VERTEX_POINT('',#5470);
#1610=VERTEX_POINT('',#5471);
#1611=VERTEX_POINT('',#5473);
#1612=VERTEX_POINT('',#5475);
#1613=VERTEX_POINT('',#5479);
#1614=VERTEX_POINT('',#5481);
#1615=VERTEX_POINT('',#5485);
#1616=VERTEX_POINT('',#5487);
#1617=VERTEX_POINT('',#5494);
#1618=VERTEX_POINT('',#5495);
#1619=VERTEX_POINT('',#5497);
#1620=VERTEX_POINT('',#5499);
#1621=VERTEX_POINT('',#5503);
#1622=VERTEX_POINT('',#5505);
#1623=VERTEX_POINT('',#5509);
#1624=VERTEX_POINT('',#5511);
#1625=VERTEX_POINT('',#5518);
#1626=VERTEX_POINT('',#5519);
#1627=VERTEX_POINT('',#5521);
#1628=VERTEX_POINT('',#5523);
#1629=VERTEX_POINT('',#5527);
#1630=VERTEX_POINT('',#5529);
#1631=VERTEX_POINT('',#5533);
#1632=VERTEX_POINT('',#5535);
#1633=VERTEX_POINT('',#5542);
#1634=VERTEX_POINT('',#5543);
#1635=VERTEX_POINT('',#5545);
#1636=VERTEX_POINT('',#5547);
#1637=VERTEX_POINT('',#5551);
#1638=VERTEX_POINT('',#5553);
#1639=VERTEX_POINT('',#5557);
#1640=VERTEX_POINT('',#5559);
#1641=VERTEX_POINT('',#5566);
#1642=VERTEX_POINT('',#5567);
#1643=VERTEX_POINT('',#5569);
#1644=VERTEX_POINT('',#5571);
#1645=VERTEX_POINT('',#5575);
#1646=VERTEX_POINT('',#5577);
#1647=VERTEX_POINT('',#5581);
#1648=VERTEX_POINT('',#5583);
#1649=VERTEX_POINT('',#5590);
#1650=VERTEX_POINT('',#5591);
#1651=VERTEX_POINT('',#5593);
#1652=VERTEX_POINT('',#5595);
#1653=VERTEX_POINT('',#5599);
#1654=VERTEX_POINT('',#5601);
#1655=VERTEX_POINT('',#5605);
#1656=VERTEX_POINT('',#5607);
#1657=VERTEX_POINT('',#5614);
#1658=VERTEX_POINT('',#5615);
#1659=VERTEX_POINT('',#5617);
#1660=VERTEX_POINT('',#5619);
#1661=VERTEX_POINT('',#5623);
#1662=VERTEX_POINT('',#5625);
#1663=VERTEX_POINT('',#5629);
#1664=VERTEX_POINT('',#5631);
#1665=VERTEX_POINT('',#5638);
#1666=VERTEX_POINT('',#5639);
#1667=VERTEX_POINT('',#5641);
#1668=VERTEX_POINT('',#5643);
#1669=VERTEX_POINT('',#5647);
#1670=VERTEX_POINT('',#5649);
#1671=VERTEX_POINT('',#5653);
#1672=VERTEX_POINT('',#5655);
#1673=VERTEX_POINT('',#5662);
#1674=VERTEX_POINT('',#5663);
#1675=VERTEX_POINT('',#5665);
#1676=VERTEX_POINT('',#5667);
#1677=VERTEX_POINT('',#5671);
#1678=VERTEX_POINT('',#5673);
#1679=VERTEX_POINT('',#5677);
#1680=VERTEX_POINT('',#5679);
#1681=VERTEX_POINT('',#5686);
#1682=VERTEX_POINT('',#5687);
#1683=VERTEX_POINT('',#5689);
#1684=VERTEX_POINT('',#5691);
#1685=VERTEX_POINT('',#5695);
#1686=VERTEX_POINT('',#5697);
#1687=VERTEX_POINT('',#5701);
#1688=VERTEX_POINT('',#5703);
#1689=VERTEX_POINT('',#5710);
#1690=VERTEX_POINT('',#5711);
#1691=VERTEX_POINT('',#5713);
#1692=VERTEX_POINT('',#5715);
#1693=VERTEX_POINT('',#5719);
#1694=VERTEX_POINT('',#5721);
#1695=VERTEX_POINT('',#5725);
#1696=VERTEX_POINT('',#5727);
#1697=VERTEX_POINT('',#5734);
#1698=VERTEX_POINT('',#5735);
#1699=VERTEX_POINT('',#5737);
#1700=VERTEX_POINT('',#5739);
#1701=VERTEX_POINT('',#5743);
#1702=VERTEX_POINT('',#5745);
#1703=VERTEX_POINT('',#5749);
#1704=VERTEX_POINT('',#5751);
#1705=VERTEX_POINT('',#5758);
#1706=VERTEX_POINT('',#5759);
#1707=VERTEX_POINT('',#5761);
#1708=VERTEX_POINT('',#5763);
#1709=VERTEX_POINT('',#5767);
#1710=VERTEX_POINT('',#5769);
#1711=VERTEX_POINT('',#5773);
#1712=VERTEX_POINT('',#5775);
#1713=VERTEX_POINT('',#5782);
#1714=VERTEX_POINT('',#5783);
#1715=VERTEX_POINT('',#5785);
#1716=VERTEX_POINT('',#5787);
#1717=VERTEX_POINT('',#5791);
#1718=VERTEX_POINT('',#5793);
#1719=VERTEX_POINT('',#5797);
#1720=VERTEX_POINT('',#5799);
#1721=VERTEX_POINT('',#5806);
#1722=VERTEX_POINT('',#5807);
#1723=VERTEX_POINT('',#5809);
#1724=VERTEX_POINT('',#5811);
#1725=VERTEX_POINT('',#5815);
#1726=VERTEX_POINT('',#5817);
#1727=VERTEX_POINT('',#5821);
#1728=VERTEX_POINT('',#5823);
#1729=VERTEX_POINT('',#5830);
#1730=VERTEX_POINT('',#5831);
#1731=VERTEX_POINT('',#5833);
#1732=VERTEX_POINT('',#5835);
#1733=VERTEX_POINT('',#5839);
#1734=VERTEX_POINT('',#5841);
#1735=VERTEX_POINT('',#5845);
#1736=VERTEX_POINT('',#5847);
#1737=VERTEX_POINT('',#5854);
#1738=VERTEX_POINT('',#5855);
#1739=VERTEX_POINT('',#5857);
#1740=VERTEX_POINT('',#5859);
#1741=VERTEX_POINT('',#5863);
#1742=VERTEX_POINT('',#5865);
#1743=VERTEX_POINT('',#5869);
#1744=VERTEX_POINT('',#5871);
#1745=VERTEX_POINT('',#5878);
#1746=VERTEX_POINT('',#5879);
#1747=VERTEX_POINT('',#5881);
#1748=VERTEX_POINT('',#5883);
#1749=VERTEX_POINT('',#5887);
#1750=VERTEX_POINT('',#5889);
#1751=VERTEX_POINT('',#5893);
#1752=VERTEX_POINT('',#5895);
#1753=VERTEX_POINT('',#5902);
#1754=VERTEX_POINT('',#5903);
#1755=VERTEX_POINT('',#5905);
#1756=VERTEX_POINT('',#5907);
#1757=VERTEX_POINT('',#5911);
#1758=VERTEX_POINT('',#5913);
#1759=VERTEX_POINT('',#5917);
#1760=VERTEX_POINT('',#5919);
#1761=VERTEX_POINT('',#5926);
#1762=VERTEX_POINT('',#5927);
#1763=VERTEX_POINT('',#5929);
#1764=VERTEX_POINT('',#5931);
#1765=VERTEX_POINT('',#5935);
#1766=VERTEX_POINT('',#5937);
#1767=VERTEX_POINT('',#5941);
#1768=VERTEX_POINT('',#5943);
#1769=VERTEX_POINT('',#5950);
#1770=VERTEX_POINT('',#5951);
#1771=VERTEX_POINT('',#5953);
#1772=VERTEX_POINT('',#5955);
#1773=VERTEX_POINT('',#5959);
#1774=VERTEX_POINT('',#5961);
#1775=VERTEX_POINT('',#5965);
#1776=VERTEX_POINT('',#5967);
#1777=VERTEX_POINT('',#5974);
#1778=VERTEX_POINT('',#5975);
#1779=VERTEX_POINT('',#5977);
#1780=VERTEX_POINT('',#5979);
#1781=VERTEX_POINT('',#5983);
#1782=VERTEX_POINT('',#5985);
#1783=VERTEX_POINT('',#5989);
#1784=VERTEX_POINT('',#5991);
#1785=VERTEX_POINT('',#5998);
#1786=VERTEX_POINT('',#5999);
#1787=VERTEX_POINT('',#6001);
#1788=VERTEX_POINT('',#6003);
#1789=VERTEX_POINT('',#6007);
#1790=VERTEX_POINT('',#6009);
#1791=VERTEX_POINT('',#6013);
#1792=VERTEX_POINT('',#6015);
#1793=VERTEX_POINT('',#6022);
#1794=VERTEX_POINT('',#6023);
#1795=VERTEX_POINT('',#6025);
#1796=VERTEX_POINT('',#6027);
#1797=VERTEX_POINT('',#6031);
#1798=VERTEX_POINT('',#6033);
#1799=VERTEX_POINT('',#6037);
#1800=VERTEX_POINT('',#6039);
#1801=VERTEX_POINT('',#6046);
#1802=VERTEX_POINT('',#6047);
#1803=VERTEX_POINT('',#6049);
#1804=VERTEX_POINT('',#6051);
#1805=VERTEX_POINT('',#6055);
#1806=VERTEX_POINT('',#6057);
#1807=VERTEX_POINT('',#6061);
#1808=VERTEX_POINT('',#6063);
#1809=VERTEX_POINT('',#6070);
#1810=VERTEX_POINT('',#6071);
#1811=VERTEX_POINT('',#6073);
#1812=VERTEX_POINT('',#6075);
#1813=VERTEX_POINT('',#6079);
#1814=VERTEX_POINT('',#6081);
#1815=VERTEX_POINT('',#6085);
#1816=VERTEX_POINT('',#6087);
#1817=VERTEX_POINT('',#6094);
#1818=VERTEX_POINT('',#6095);
#1819=VERTEX_POINT('',#6097);
#1820=VERTEX_POINT('',#6099);
#1821=VERTEX_POINT('',#6103);
#1822=VERTEX_POINT('',#6105);
#1823=VERTEX_POINT('',#6109);
#1824=VERTEX_POINT('',#6111);
#1825=VERTEX_POINT('',#6118);
#1826=VERTEX_POINT('',#6119);
#1827=VERTEX_POINT('',#6121);
#1828=VERTEX_POINT('',#6123);
#1829=VERTEX_POINT('',#6127);
#1830=VERTEX_POINT('',#6129);
#1831=VERTEX_POINT('',#6133);
#1832=VERTEX_POINT('',#6135);
#1833=VERTEX_POINT('',#6142);
#1834=VERTEX_POINT('',#6143);
#1835=VERTEX_POINT('',#6145);
#1836=VERTEX_POINT('',#6147);
#1837=VERTEX_POINT('',#6151);
#1838=VERTEX_POINT('',#6153);
#1839=VERTEX_POINT('',#6157);
#1840=VERTEX_POINT('',#6159);
#1841=VERTEX_POINT('',#6166);
#1842=VERTEX_POINT('',#6167);
#1843=VERTEX_POINT('',#6169);
#1844=VERTEX_POINT('',#6171);
#1845=VERTEX_POINT('',#6175);
#1846=VERTEX_POINT('',#6177);
#1847=VERTEX_POINT('',#6181);
#1848=VERTEX_POINT('',#6183);
#1849=VERTEX_POINT('',#6190);
#1850=VERTEX_POINT('',#6191);
#1851=VERTEX_POINT('',#6193);
#1852=VERTEX_POINT('',#6195);
#1853=VERTEX_POINT('',#6199);
#1854=VERTEX_POINT('',#6201);
#1855=VERTEX_POINT('',#6205);
#1856=VERTEX_POINT('',#6207);
#1857=VERTEX_POINT('',#6214);
#1858=VERTEX_POINT('',#6215);
#1859=VERTEX_POINT('',#6217);
#1860=VERTEX_POINT('',#6219);
#1861=VERTEX_POINT('',#6223);
#1862=VERTEX_POINT('',#6225);
#1863=VERTEX_POINT('',#6229);
#1864=VERTEX_POINT('',#6231);
#1865=VERTEX_POINT('',#6238);
#1866=VERTEX_POINT('',#6239);
#1867=VERTEX_POINT('',#6241);
#1868=VERTEX_POINT('',#6243);
#1869=VERTEX_POINT('',#6247);
#1870=VERTEX_POINT('',#6249);
#1871=VERTEX_POINT('',#6253);
#1872=VERTEX_POINT('',#6255);
#1873=VERTEX_POINT('',#6262);
#1874=VERTEX_POINT('',#6263);
#1875=VERTEX_POINT('',#6265);
#1876=VERTEX_POINT('',#6267);
#1877=VERTEX_POINT('',#6271);
#1878=VERTEX_POINT('',#6273);
#1879=VERTEX_POINT('',#6277);
#1880=VERTEX_POINT('',#6279);
#1881=VERTEX_POINT('',#6286);
#1882=VERTEX_POINT('',#6287);
#1883=VERTEX_POINT('',#6289);
#1884=VERTEX_POINT('',#6291);
#1885=VERTEX_POINT('',#6295);
#1886=VERTEX_POINT('',#6297);
#1887=VERTEX_POINT('',#6301);
#1888=VERTEX_POINT('',#6303);
#1889=VERTEX_POINT('',#6310);
#1890=VERTEX_POINT('',#6311);
#1891=VERTEX_POINT('',#6313);
#1892=VERTEX_POINT('',#6315);
#1893=VERTEX_POINT('',#6319);
#1894=VERTEX_POINT('',#6321);
#1895=VERTEX_POINT('',#6325);
#1896=VERTEX_POINT('',#6327);
#1897=VERTEX_POINT('',#6334);
#1898=VERTEX_POINT('',#6335);
#1899=VERTEX_POINT('',#6337);
#1900=VERTEX_POINT('',#6339);
#1901=VERTEX_POINT('',#6343);
#1902=VERTEX_POINT('',#6345);
#1903=VERTEX_POINT('',#6349);
#1904=VERTEX_POINT('',#6351);
#1905=VERTEX_POINT('',#6358);
#1906=VERTEX_POINT('',#6359);
#1907=VERTEX_POINT('',#6361);
#1908=VERTEX_POINT('',#6363);
#1909=VERTEX_POINT('',#6367);
#1910=VERTEX_POINT('',#6369);
#1911=VERTEX_POINT('',#6373);
#1912=VERTEX_POINT('',#6375);
#1913=VERTEX_POINT('',#6382);
#1914=VERTEX_POINT('',#6383);
#1915=VERTEX_POINT('',#6385);
#1916=VERTEX_POINT('',#6387);
#1917=VERTEX_POINT('',#6391);
#1918=VERTEX_POINT('',#6393);
#1919=VERTEX_POINT('',#6397);
#1920=VERTEX_POINT('',#6399);
#1921=VERTEX_POINT('',#6406);
#1922=VERTEX_POINT('',#6407);
#1923=VERTEX_POINT('',#6409);
#1924=VERTEX_POINT('',#6411);
#1925=VERTEX_POINT('',#6415);
#1926=VERTEX_POINT('',#6417);
#1927=VERTEX_POINT('',#6421);
#1928=VERTEX_POINT('',#6423);
#1929=VERTEX_POINT('',#6430);
#1930=VERTEX_POINT('',#6431);
#1931=VERTEX_POINT('',#6433);
#1932=VERTEX_POINT('',#6435);
#1933=VERTEX_POINT('',#6439);
#1934=VERTEX_POINT('',#6441);
#1935=VERTEX_POINT('',#6445);
#1936=VERTEX_POINT('',#6447);
#1937=VERTEX_POINT('',#6454);
#1938=VERTEX_POINT('',#6455);
#1939=VERTEX_POINT('',#6457);
#1940=VERTEX_POINT('',#6459);
#1941=VERTEX_POINT('',#6461);
#1942=VERTEX_POINT('',#6463);
#1943=VERTEX_POINT('',#6465);
#1944=VERTEX_POINT('',#6467);
#1945=VERTEX_POINT('',#6470);
#1946=VERTEX_POINT('',#6472);
#1947=VERTEX_POINT('',#6474);
#1948=VERTEX_POINT('',#6476);
#1949=VERTEX_POINT('',#6478);
#1950=VERTEX_POINT('',#6480);
#1951=VERTEX_POINT('',#6482);
#1952=VERTEX_POINT('',#6484);
#1953=VERTEX_POINT('',#6487);
#1954=VERTEX_POINT('',#6491);
#1955=VERTEX_POINT('',#6495);
#1956=VERTEX_POINT('',#6499);
#1957=VERTEX_POINT('',#6503);
#1958=VERTEX_POINT('',#6507);
#1959=VERTEX_POINT('',#6511);
#1960=VERTEX_POINT('',#6515);
#1961=VERTEX_POINT('',#6519);
#1962=VERTEX_POINT('',#6520);
#1963=VERTEX_POINT('',#6525);
#1964=VERTEX_POINT('',#6529);
#1965=VERTEX_POINT('',#6533);
#1966=VERTEX_POINT('',#6537);
#1967=VERTEX_POINT('',#6541);
#1968=VERTEX_POINT('',#6545);
#1969=EDGE_CURVE('',#1599,#1599,#1405,.T.);
#1970=EDGE_CURVE('',#1599,#1600,#683,.T.);
#1971=EDGE_CURVE('',#1600,#1600,#1406,.T.);
#1972=EDGE_CURVE('',#1601,#1602,#684,.T.);
#1973=EDGE_CURVE('',#1603,#1601,#685,.T.);
#1974=EDGE_CURVE('',#1604,#1603,#686,.T.);
#1975=EDGE_CURVE('',#1604,#1602,#687,.T.);
#1976=EDGE_CURVE('',#1602,#1605,#1407,.T.);
#1977=EDGE_CURVE('',#1606,#1604,#1408,.T.);
#1978=EDGE_CURVE('',#1606,#1605,#688,.T.);
#1979=EDGE_CURVE('',#1605,#1607,#689,.T.);
#1980=EDGE_CURVE('',#1608,#1606,#690,.T.);
#1981=EDGE_CURVE('',#1608,#1607,#691,.T.);
#1982=EDGE_CURVE('',#1607,#1601,#1409,.T.);
#1983=EDGE_CURVE('',#1603,#1608,#1410,.T.);
#1984=EDGE_CURVE('',#1609,#1610,#692,.T.);
#1985=EDGE_CURVE('',#1611,#1609,#693,.T.);
#1986=EDGE_CURVE('',#1612,#1611,#694,.T.);
#1987=EDGE_CURVE('',#1612,#1610,#695,.T.);
#1988=EDGE_CURVE('',#1610,#1613,#1411,.T.);
#1989=EDGE_CURVE('',#1614,#1612,#1412,.T.);
#1990=EDGE_CURVE('',#1614,#1613,#696,.T.);
#1991=EDGE_CURVE('',#1613,#1615,#697,.T.);
#1992=EDGE_CURVE('',#1616,#1614,#698,.T.);
#1993=EDGE_CURVE('',#1616,#1615,#699,.T.);
#1994=EDGE_CURVE('',#1615,#1609,#1413,.T.);
#1995=EDGE_CURVE('',#1611,#1616,#1414,.T.);
#1996=EDGE_CURVE('',#1617,#1618,#700,.T.);
#1997=EDGE_CURVE('',#1619,#1617,#701,.T.);
#1998=EDGE_CURVE('',#1620,#1619,#702,.T.);
#1999=EDGE_CURVE('',#1620,#1618,#703,.T.);
#2000=EDGE_CURVE('',#1618,#1621,#1415,.T.);
#2001=EDGE_CURVE('',#1622,#1620,#1416,.T.);
#2002=EDGE_CURVE('',#1622,#1621,#704,.T.);
#2003=EDGE_CURVE('',#1621,#1623,#705,.T.);
#2004=EDGE_CURVE('',#1624,#1622,#706,.T.);
#2005=EDGE_CURVE('',#1624,#1623,#707,.T.);
#2006=EDGE_CURVE('',#1623,#1617,#1417,.T.);
#2007=EDGE_CURVE('',#1619,#1624,#1418,.T.);
#2008=EDGE_CURVE('',#1625,#1626,#708,.T.);
#2009=EDGE_CURVE('',#1627,#1625,#709,.T.);
#2010=EDGE_CURVE('',#1628,#1627,#710,.T.);
#2011=EDGE_CURVE('',#1628,#1626,#711,.T.);
#2012=EDGE_CURVE('',#1626,#1629,#1419,.T.);
#2013=EDGE_CURVE('',#1630,#1628,#1420,.T.);
#2014=EDGE_CURVE('',#1630,#1629,#712,.T.);
#2015=EDGE_CURVE('',#1629,#1631,#713,.T.);
#2016=EDGE_CURVE('',#1632,#1630,#714,.T.);
#2017=EDGE_CURVE('',#1632,#1631,#715,.T.);
#2018=EDGE_CURVE('',#1631,#1625,#1421,.T.);
#2019=EDGE_CURVE('',#1627,#1632,#1422,.T.);
#2020=EDGE_CURVE('',#1633,#1634,#1423,.T.);
#2021=EDGE_CURVE('',#1635,#1633,#716,.T.);
#2022=EDGE_CURVE('',#1636,#1635,#1424,.T.);
#2023=EDGE_CURVE('',#1636,#1634,#717,.T.);
#2024=EDGE_CURVE('',#1634,#1637,#718,.T.);
#2025=EDGE_CURVE('',#1638,#1636,#719,.T.);
#2026=EDGE_CURVE('',#1638,#1637,#720,.T.);
#2027=EDGE_CURVE('',#1637,#1639,#1425,.T.);
#2028=EDGE_CURVE('',#1640,#1638,#1426,.T.);
#2029=EDGE_CURVE('',#1640,#1639,#721,.T.);
#2030=EDGE_CURVE('',#1639,#1633,#722,.T.);
#2031=EDGE_CURVE('',#1635,#1640,#723,.T.);
#2032=EDGE_CURVE('',#1641,#1642,#724,.T.);
#2033=EDGE_CURVE('',#1643,#1641,#725,.T.);
#2034=EDGE_CURVE('',#1644,#1643,#726,.T.);
#2035=EDGE_CURVE('',#1644,#1642,#727,.T.);
#2036=EDGE_CURVE('',#1642,#1645,#1427,.T.);
#2037=EDGE_CURVE('',#1646,#1644,#1428,.T.);
#2038=EDGE_CURVE('',#1646,#1645,#728,.T.);
#2039=EDGE_CURVE('',#1645,#1647,#729,.T.);
#2040=EDGE_CURVE('',#1648,#1646,#730,.T.);
#2041=EDGE_CURVE('',#1648,#1647,#731,.T.);
#2042=EDGE_CURVE('',#1647,#1641,#1429,.T.);
#2043=EDGE_CURVE('',#1643,#1648,#1430,.T.);
#2044=EDGE_CURVE('',#1649,#1650,#732,.T.);
#2045=EDGE_CURVE('',#1651,#1649,#733,.T.);
#2046=EDGE_CURVE('',#1652,#1651,#734,.T.);
#2047=EDGE_CURVE('',#1652,#1650,#735,.T.);
#2048=EDGE_CURVE('',#1650,#1653,#1431,.T.);
#2049=EDGE_CURVE('',#1654,#1652,#1432,.T.);
#2050=EDGE_CURVE('',#1654,#1653,#736,.T.);
#2051=EDGE_CURVE('',#1653,#1655,#737,.T.);
#2052=EDGE_CURVE('',#1656,#1654,#738,.T.);
#2053=EDGE_CURVE('',#1656,#1655,#739,.T.);
#2054=EDGE_CURVE('',#1655,#1649,#1433,.T.);
#2055=EDGE_CURVE('',#1651,#1656,#1434,.T.);
#2056=EDGE_CURVE('',#1657,#1658,#740,.T.);
#2057=EDGE_CURVE('',#1659,#1657,#741,.T.);
#2058=EDGE_CURVE('',#1660,#1659,#742,.T.);
#2059=EDGE_CURVE('',#1660,#1658,#743,.T.);
#2060=EDGE_CURVE('',#1658,#1661,#1435,.T.);
#2061=EDGE_CURVE('',#1662,#1660,#1436,.T.);
#2062=EDGE_CURVE('',#1662,#1661,#744,.T.);
#2063=EDGE_CURVE('',#1661,#1663,#745,.T.);
#2064=EDGE_CURVE('',#1664,#1662,#746,.T.);
#2065=EDGE_CURVE('',#1664,#1663,#747,.T.);
#2066=EDGE_CURVE('',#1663,#1657,#1437,.T.);
#2067=EDGE_CURVE('',#1659,#1664,#1438,.T.);
#2068=EDGE_CURVE('',#1665,#1666,#748,.T.);
#2069=EDGE_CURVE('',#1667,#1665,#749,.T.);
#2070=EDGE_CURVE('',#1668,#1667,#750,.T.);
#2071=EDGE_CURVE('',#1668,#1666,#751,.T.);
#2072=EDGE_CURVE('',#1666,#1669,#1439,.T.);
#2073=EDGE_CURVE('',#1670,#1668,#1440,.T.);
#2074=EDGE_CURVE('',#1670,#1669,#752,.T.);
#2075=EDGE_CURVE('',#1669,#1671,#753,.T.);
#2076=EDGE_CURVE('',#1672,#1670,#754,.T.);
#2077=EDGE_CURVE('',#1672,#1671,#755,.T.);
#2078=EDGE_CURVE('',#1671,#1665,#1441,.T.);
#2079=EDGE_CURVE('',#1667,#1672,#1442,.T.);
#2080=EDGE_CURVE('',#1673,#1674,#756,.T.);
#2081=EDGE_CURVE('',#1675,#1673,#757,.T.);
#2082=EDGE_CURVE('',#1676,#1675,#758,.T.);
#2083=EDGE_CURVE('',#1676,#1674,#759,.T.);
#2084=EDGE_CURVE('',#1674,#1677,#1443,.T.);
#2085=EDGE_CURVE('',#1678,#1676,#1444,.T.);
#2086=EDGE_CURVE('',#1678,#1677,#760,.T.);
#2087=EDGE_CURVE('',#1677,#1679,#761,.T.);
#2088=EDGE_CURVE('',#1680,#1678,#762,.T.);
#2089=EDGE_CURVE('',#1680,#1679,#763,.T.);
#2090=EDGE_CURVE('',#1679,#1673,#1445,.T.);
#2091=EDGE_CURVE('',#1675,#1680,#1446,.T.);
#2092=EDGE_CURVE('',#1681,#1682,#764,.T.);
#2093=EDGE_CURVE('',#1683,#1681,#765,.T.);
#2094=EDGE_CURVE('',#1684,#1683,#766,.T.);
#2095=EDGE_CURVE('',#1684,#1682,#767,.T.);
#2096=EDGE_CURVE('',#1682,#1685,#1447,.T.);
#2097=EDGE_CURVE('',#1686,#1684,#1448,.T.);
#2098=EDGE_CURVE('',#1686,#1685,#768,.T.);
#2099=EDGE_CURVE('',#1685,#1687,#769,.T.);
#2100=EDGE_CURVE('',#1688,#1686,#770,.T.);
#2101=EDGE_CURVE('',#1688,#1687,#771,.T.);
#2102=EDGE_CURVE('',#1687,#1681,#1449,.T.);
#2103=EDGE_CURVE('',#1683,#1688,#1450,.T.);
#2104=EDGE_CURVE('',#1689,#1690,#1451,.T.);
#2105=EDGE_CURVE('',#1691,#1689,#772,.T.);
#2106=EDGE_CURVE('',#1692,#1691,#1452,.T.);
#2107=EDGE_CURVE('',#1692,#1690,#773,.T.);
#2108=EDGE_CURVE('',#1690,#1693,#774,.T.);
#2109=EDGE_CURVE('',#1694,#1692,#775,.T.);
#2110=EDGE_CURVE('',#1694,#1693,#776,.T.);
#2111=EDGE_CURVE('',#1693,#1695,#1453,.T.);
#2112=EDGE_CURVE('',#1696,#1694,#1454,.T.);
#2113=EDGE_CURVE('',#1696,#1695,#777,.T.);
#2114=EDGE_CURVE('',#1695,#1689,#778,.T.);
#2115=EDGE_CURVE('',#1691,#1696,#779,.T.);
#2116=EDGE_CURVE('',#1697,#1698,#780,.T.);
#2117=EDGE_CURVE('',#1699,#1697,#781,.T.);
#2118=EDGE_CURVE('',#1700,#1699,#782,.T.);
#2119=EDGE_CURVE('',#1700,#1698,#783,.T.);
#2120=EDGE_CURVE('',#1698,#1701,#1455,.T.);
#2121=EDGE_CURVE('',#1702,#1700,#1456,.T.);
#2122=EDGE_CURVE('',#1702,#1701,#784,.T.);
#2123=EDGE_CURVE('',#1701,#1703,#785,.T.);
#2124=EDGE_CURVE('',#1704,#1702,#786,.T.);
#2125=EDGE_CURVE('',#1704,#1703,#787,.T.);
#2126=EDGE_CURVE('',#1703,#1697,#1457,.T.);
#2127=EDGE_CURVE('',#1699,#1704,#1458,.T.);
#2128=EDGE_CURVE('',#1705,#1706,#788,.T.);
#2129=EDGE_CURVE('',#1707,#1705,#789,.T.);
#2130=EDGE_CURVE('',#1708,#1707,#790,.T.);
#2131=EDGE_CURVE('',#1708,#1706,#791,.T.);
#2132=EDGE_CURVE('',#1706,#1709,#1459,.T.);
#2133=EDGE_CURVE('',#1710,#1708,#1460,.T.);
#2134=EDGE_CURVE('',#1710,#1709,#792,.T.);
#2135=EDGE_CURVE('',#1709,#1711,#793,.T.);
#2136=EDGE_CURVE('',#1712,#1710,#794,.T.);
#2137=EDGE_CURVE('',#1712,#1711,#795,.T.);
#2138=EDGE_CURVE('',#1711,#1705,#1461,.T.);
#2139=EDGE_CURVE('',#1707,#1712,#1462,.T.);
#2140=EDGE_CURVE('',#1713,#1714,#796,.T.);
#2141=EDGE_CURVE('',#1715,#1713,#797,.T.);
#2142=EDGE_CURVE('',#1716,#1715,#798,.T.);
#2143=EDGE_CURVE('',#1716,#1714,#799,.T.);
#2144=EDGE_CURVE('',#1714,#1717,#1463,.T.);
#2145=EDGE_CURVE('',#1718,#1716,#1464,.T.);
#2146=EDGE_CURVE('',#1718,#1717,#800,.T.);
#2147=EDGE_CURVE('',#1717,#1719,#801,.T.);
#2148=EDGE_CURVE('',#1720,#1718,#802,.T.);
#2149=EDGE_CURVE('',#1720,#1719,#803,.T.);
#2150=EDGE_CURVE('',#1719,#1713,#1465,.T.);
#2151=EDGE_CURVE('',#1715,#1720,#1466,.T.);
#2152=EDGE_CURVE('',#1721,#1722,#804,.T.);
#2153=EDGE_CURVE('',#1723,#1721,#805,.T.);
#2154=EDGE_CURVE('',#1724,#1723,#806,.T.);
#2155=EDGE_CURVE('',#1724,#1722,#807,.T.);
#2156=EDGE_CURVE('',#1722,#1725,#1467,.T.);
#2157=EDGE_CURVE('',#1726,#1724,#1468,.T.);
#2158=EDGE_CURVE('',#1726,#1725,#808,.T.);
#2159=EDGE_CURVE('',#1725,#1727,#809,.T.);
#2160=EDGE_CURVE('',#1728,#1726,#810,.T.);
#2161=EDGE_CURVE('',#1728,#1727,#811,.T.);
#2162=EDGE_CURVE('',#1727,#1721,#1469,.T.);
#2163=EDGE_CURVE('',#1723,#1728,#1470,.T.);
#2164=EDGE_CURVE('',#1729,#1730,#812,.T.);
#2165=EDGE_CURVE('',#1731,#1729,#813,.T.);
#2166=EDGE_CURVE('',#1732,#1731,#814,.T.);
#2167=EDGE_CURVE('',#1732,#1730,#815,.T.);
#2168=EDGE_CURVE('',#1730,#1733,#1471,.T.);
#2169=EDGE_CURVE('',#1734,#1732,#1472,.T.);
#2170=EDGE_CURVE('',#1734,#1733,#816,.T.);
#2171=EDGE_CURVE('',#1733,#1735,#817,.T.);
#2172=EDGE_CURVE('',#1736,#1734,#818,.T.);
#2173=EDGE_CURVE('',#1736,#1735,#819,.T.);
#2174=EDGE_CURVE('',#1735,#1729,#1473,.T.);
#2175=EDGE_CURVE('',#1731,#1736,#1474,.T.);
#2176=EDGE_CURVE('',#1737,#1738,#820,.T.);
#2177=EDGE_CURVE('',#1739,#1737,#821,.T.);
#2178=EDGE_CURVE('',#1740,#1739,#822,.T.);
#2179=EDGE_CURVE('',#1740,#1738,#823,.T.);
#2180=EDGE_CURVE('',#1738,#1741,#1475,.T.);
#2181=EDGE_CURVE('',#1742,#1740,#1476,.T.);
#2182=EDGE_CURVE('',#1742,#1741,#824,.T.);
#2183=EDGE_CURVE('',#1741,#1743,#825,.T.);
#2184=EDGE_CURVE('',#1744,#1742,#826,.T.);
#2185=EDGE_CURVE('',#1744,#1743,#827,.T.);
#2186=EDGE_CURVE('',#1743,#1737,#1477,.T.);
#2187=EDGE_CURVE('',#1739,#1744,#1478,.T.);
#2188=EDGE_CURVE('',#1745,#1746,#1479,.T.);
#2189=EDGE_CURVE('',#1747,#1745,#828,.T.);
#2190=EDGE_CURVE('',#1748,#1747,#1480,.T.);
#2191=EDGE_CURVE('',#1748,#1746,#829,.T.);
#2192=EDGE_CURVE('',#1746,#1749,#830,.T.);
#2193=EDGE_CURVE('',#1750,#1748,#831,.T.);
#2194=EDGE_CURVE('',#1750,#1749,#832,.T.);
#2195=EDGE_CURVE('',#1749,#1751,#1481,.T.);
#2196=EDGE_CURVE('',#1752,#1750,#1482,.T.);
#2197=EDGE_CURVE('',#1752,#1751,#833,.T.);
#2198=EDGE_CURVE('',#1751,#1745,#834,.T.);
#2199=EDGE_CURVE('',#1747,#1752,#835,.T.);
#2200=EDGE_CURVE('',#1753,#1754,#836,.T.);
#2201=EDGE_CURVE('',#1755,#1753,#837,.T.);
#2202=EDGE_CURVE('',#1756,#1755,#838,.T.);
#2203=EDGE_CURVE('',#1756,#1754,#839,.T.);
#2204=EDGE_CURVE('',#1754,#1757,#1483,.T.);
#2205=EDGE_CURVE('',#1758,#1756,#1484,.T.);
#2206=EDGE_CURVE('',#1758,#1757,#840,.T.);
#2207=EDGE_CURVE('',#1757,#1759,#841,.T.);
#2208=EDGE_CURVE('',#1760,#1758,#842,.T.);
#2209=EDGE_CURVE('',#1760,#1759,#843,.T.);
#2210=EDGE_CURVE('',#1759,#1753,#1485,.T.);
#2211=EDGE_CURVE('',#1755,#1760,#1486,.T.);
#2212=EDGE_CURVE('',#1761,#1762,#844,.T.);
#2213=EDGE_CURVE('',#1763,#1761,#845,.T.);
#2214=EDGE_CURVE('',#1764,#1763,#846,.T.);
#2215=EDGE_CURVE('',#1764,#1762,#847,.T.);
#2216=EDGE_CURVE('',#1762,#1765,#1487,.T.);
#2217=EDGE_CURVE('',#1766,#1764,#1488,.T.);
#2218=EDGE_CURVE('',#1766,#1765,#848,.T.);
#2219=EDGE_CURVE('',#1765,#1767,#849,.T.);
#2220=EDGE_CURVE('',#1768,#1766,#850,.T.);
#2221=EDGE_CURVE('',#1768,#1767,#851,.T.);
#2222=EDGE_CURVE('',#1767,#1761,#1489,.T.);
#2223=EDGE_CURVE('',#1763,#1768,#1490,.T.);
#2224=EDGE_CURVE('',#1769,#1770,#852,.T.);
#2225=EDGE_CURVE('',#1771,#1769,#853,.T.);
#2226=EDGE_CURVE('',#1772,#1771,#854,.T.);
#2227=EDGE_CURVE('',#1772,#1770,#855,.T.);
#2228=EDGE_CURVE('',#1770,#1773,#1491,.T.);
#2229=EDGE_CURVE('',#1774,#1772,#1492,.T.);
#2230=EDGE_CURVE('',#1774,#1773,#856,.T.);
#2231=EDGE_CURVE('',#1773,#1775,#857,.T.);
#2232=EDGE_CURVE('',#1776,#1774,#858,.T.);
#2233=EDGE_CURVE('',#1776,#1775,#859,.T.);
#2234=EDGE_CURVE('',#1775,#1769,#1493,.T.);
#2235=EDGE_CURVE('',#1771,#1776,#1494,.T.);
#2236=EDGE_CURVE('',#1777,#1778,#860,.T.);
#2237=EDGE_CURVE('',#1779,#1777,#861,.T.);
#2238=EDGE_CURVE('',#1780,#1779,#862,.T.);
#2239=EDGE_CURVE('',#1780,#1778,#863,.T.);
#2240=EDGE_CURVE('',#1778,#1781,#1495,.T.);
#2241=EDGE_CURVE('',#1782,#1780,#1496,.T.);
#2242=EDGE_CURVE('',#1782,#1781,#864,.T.);
#2243=EDGE_CURVE('',#1781,#1783,#865,.T.);
#2244=EDGE_CURVE('',#1784,#1782,#866,.T.);
#2245=EDGE_CURVE('',#1784,#1783,#867,.T.);
#2246=EDGE_CURVE('',#1783,#1777,#1497,.T.);
#2247=EDGE_CURVE('',#1779,#1784,#1498,.T.);
#2248=EDGE_CURVE('',#1785,#1786,#868,.T.);
#2249=EDGE_CURVE('',#1787,#1785,#869,.T.);
#2250=EDGE_CURVE('',#1788,#1787,#870,.T.);
#2251=EDGE_CURVE('',#1788,#1786,#871,.T.);
#2252=EDGE_CURVE('',#1786,#1789,#1499,.T.);
#2253=EDGE_CURVE('',#1790,#1788,#1500,.T.);
#2254=EDGE_CURVE('',#1790,#1789,#872,.T.);
#2255=EDGE_CURVE('',#1789,#1791,#873,.T.);
#2256=EDGE_CURVE('',#1792,#1790,#874,.T.);
#2257=EDGE_CURVE('',#1792,#1791,#875,.T.);
#2258=EDGE_CURVE('',#1791,#1785,#1501,.T.);
#2259=EDGE_CURVE('',#1787,#1792,#1502,.T.);
#2260=EDGE_CURVE('',#1793,#1794,#876,.T.);
#2261=EDGE_CURVE('',#1795,#1793,#877,.T.);
#2262=EDGE_CURVE('',#1796,#1795,#878,.T.);
#2263=EDGE_CURVE('',#1796,#1794,#879,.T.);
#2264=EDGE_CURVE('',#1794,#1797,#1503,.T.);
#2265=EDGE_CURVE('',#1798,#1796,#1504,.T.);
#2266=EDGE_CURVE('',#1798,#1797,#880,.T.);
#2267=EDGE_CURVE('',#1797,#1799,#881,.T.);
#2268=EDGE_CURVE('',#1800,#1798,#882,.T.);
#2269=EDGE_CURVE('',#1800,#1799,#883,.T.);
#2270=EDGE_CURVE('',#1799,#1793,#1505,.T.);
#2271=EDGE_CURVE('',#1795,#1800,#1506,.T.);
#2272=EDGE_CURVE('',#1801,#1802,#1507,.T.);
#2273=EDGE_CURVE('',#1803,#1801,#884,.T.);
#2274=EDGE_CURVE('',#1804,#1803,#1508,.T.);
#2275=EDGE_CURVE('',#1804,#1802,#885,.T.);
#2276=EDGE_CURVE('',#1802,#1805,#886,.T.);
#2277=EDGE_CURVE('',#1806,#1804,#887,.T.);
#2278=EDGE_CURVE('',#1806,#1805,#888,.T.);
#2279=EDGE_CURVE('',#1805,#1807,#1509,.T.);
#2280=EDGE_CURVE('',#1808,#1806,#1510,.T.);
#2281=EDGE_CURVE('',#1808,#1807,#889,.T.);
#2282=EDGE_CURVE('',#1807,#1801,#890,.T.);
#2283=EDGE_CURVE('',#1803,#1808,#891,.T.);
#2284=EDGE_CURVE('',#1809,#1810,#892,.T.);
#2285=EDGE_CURVE('',#1811,#1809,#893,.T.);
#2286=EDGE_CURVE('',#1812,#1811,#894,.T.);
#2287=EDGE_CURVE('',#1812,#1810,#895,.T.);
#2288=EDGE_CURVE('',#1810,#1813,#1511,.T.);
#2289=EDGE_CURVE('',#1814,#1812,#1512,.T.);
#2290=EDGE_CURVE('',#1814,#1813,#896,.T.);
#2291=EDGE_CURVE('',#1813,#1815,#897,.T.);
#2292=EDGE_CURVE('',#1816,#1814,#898,.T.);
#2293=EDGE_CURVE('',#1816,#1815,#899,.T.);
#2294=EDGE_CURVE('',#1815,#1809,#1513,.T.);
#2295=EDGE_CURVE('',#1811,#1816,#1514,.T.);
#2296=EDGE_CURVE('',#1817,#1818,#900,.T.);
#2297=EDGE_CURVE('',#1819,#1817,#901,.T.);
#2298=EDGE_CURVE('',#1820,#1819,#902,.T.);
#2299=EDGE_CURVE('',#1820,#1818,#903,.T.);
#2300=EDGE_CURVE('',#1818,#1821,#1515,.T.);
#2301=EDGE_CURVE('',#1822,#1820,#1516,.T.);
#2302=EDGE_CURVE('',#1822,#1821,#904,.T.);
#2303=EDGE_CURVE('',#1821,#1823,#905,.T.);
#2304=EDGE_CURVE('',#1824,#1822,#906,.T.);
#2305=EDGE_CURVE('',#1824,#1823,#907,.T.);
#2306=EDGE_CURVE('',#1823,#1817,#1517,.T.);
#2307=EDGE_CURVE('',#1819,#1824,#1518,.T.);
#2308=EDGE_CURVE('',#1825,#1826,#908,.T.);
#2309=EDGE_CURVE('',#1827,#1825,#909,.T.);
#2310=EDGE_CURVE('',#1828,#1827,#910,.T.);
#2311=EDGE_CURVE('',#1828,#1826,#911,.T.);
#2312=EDGE_CURVE('',#1826,#1829,#1519,.T.);
#2313=EDGE_CURVE('',#1830,#1828,#1520,.T.);
#2314=EDGE_CURVE('',#1830,#1829,#912,.T.);
#2315=EDGE_CURVE('',#1829,#1831,#913,.T.);
#2316=EDGE_CURVE('',#1832,#1830,#914,.T.);
#2317=EDGE_CURVE('',#1832,#1831,#915,.T.);
#2318=EDGE_CURVE('',#1831,#1825,#1521,.T.);
#2319=EDGE_CURVE('',#1827,#1832,#1522,.T.);
#2320=EDGE_CURVE('',#1833,#1834,#916,.T.);
#2321=EDGE_CURVE('',#1835,#1833,#917,.T.);
#2322=EDGE_CURVE('',#1836,#1835,#918,.T.);
#2323=EDGE_CURVE('',#1836,#1834,#919,.T.);
#2324=EDGE_CURVE('',#1834,#1837,#1523,.T.);
#2325=EDGE_CURVE('',#1838,#1836,#1524,.T.);
#2326=EDGE_CURVE('',#1838,#1837,#920,.T.);
#2327=EDGE_CURVE('',#1837,#1839,#921,.T.);
#2328=EDGE_CURVE('',#1840,#1838,#922,.T.);
#2329=EDGE_CURVE('',#1840,#1839,#923,.T.);
#2330=EDGE_CURVE('',#1839,#1833,#1525,.T.);
#2331=EDGE_CURVE('',#1835,#1840,#1526,.T.);
#2332=EDGE_CURVE('',#1841,#1842,#924,.T.);
#2333=EDGE_CURVE('',#1843,#1841,#925,.T.);
#2334=EDGE_CURVE('',#1844,#1843,#926,.T.);
#2335=EDGE_CURVE('',#1844,#1842,#927,.T.);
#2336=EDGE_CURVE('',#1842,#1845,#1527,.T.);
#2337=EDGE_CURVE('',#1846,#1844,#1528,.T.);
#2338=EDGE_CURVE('',#1846,#1845,#928,.T.);
#2339=EDGE_CURVE('',#1845,#1847,#929,.T.);
#2340=EDGE_CURVE('',#1848,#1846,#930,.T.);
#2341=EDGE_CURVE('',#1848,#1847,#931,.T.);
#2342=EDGE_CURVE('',#1847,#1841,#1529,.T.);
#2343=EDGE_CURVE('',#1843,#1848,#1530,.T.);
#2344=EDGE_CURVE('',#1849,#1850,#932,.T.);
#2345=EDGE_CURVE('',#1851,#1849,#933,.T.);
#2346=EDGE_CURVE('',#1852,#1851,#934,.T.);
#2347=EDGE_CURVE('',#1852,#1850,#935,.T.);
#2348=EDGE_CURVE('',#1850,#1853,#1531,.T.);
#2349=EDGE_CURVE('',#1854,#1852,#1532,.T.);
#2350=EDGE_CURVE('',#1854,#1853,#936,.T.);
#2351=EDGE_CURVE('',#1853,#1855,#937,.T.);
#2352=EDGE_CURVE('',#1856,#1854,#938,.T.);
#2353=EDGE_CURVE('',#1856,#1855,#939,.T.);
#2354=EDGE_CURVE('',#1855,#1849,#1533,.T.);
#2355=EDGE_CURVE('',#1851,#1856,#1534,.T.);
#2356=EDGE_CURVE('',#1857,#1858,#1535,.T.);
#2357=EDGE_CURVE('',#1859,#1857,#940,.T.);
#2358=EDGE_CURVE('',#1860,#1859,#1536,.T.);
#2359=EDGE_CURVE('',#1860,#1858,#941,.T.);
#2360=EDGE_CURVE('',#1858,#1861,#942,.T.);
#2361=EDGE_CURVE('',#1862,#1860,#943,.T.);
#2362=EDGE_CURVE('',#1862,#1861,#944,.T.);
#2363=EDGE_CURVE('',#1861,#1863,#1537,.T.);
#2364=EDGE_CURVE('',#1864,#1862,#1538,.T.);
#2365=EDGE_CURVE('',#1864,#1863,#945,.T.);
#2366=EDGE_CURVE('',#1863,#1857,#946,.T.);
#2367=EDGE_CURVE('',#1859,#1864,#947,.T.);
#2368=EDGE_CURVE('',#1865,#1866,#948,.T.);
#2369=EDGE_CURVE('',#1867,#1865,#949,.T.);
#2370=EDGE_CURVE('',#1868,#1867,#950,.T.);
#2371=EDGE_CURVE('',#1868,#1866,#951,.T.);
#2372=EDGE_CURVE('',#1866,#1869,#1539,.T.);
#2373=EDGE_CURVE('',#1870,#1868,#1540,.T.);
#2374=EDGE_CURVE('',#1870,#1869,#952,.T.);
#2375=EDGE_CURVE('',#1869,#1871,#953,.T.);
#2376=EDGE_CURVE('',#1872,#1870,#954,.T.);
#2377=EDGE_CURVE('',#1872,#1871,#955,.T.);
#2378=EDGE_CURVE('',#1871,#1865,#1541,.T.);
#2379=EDGE_CURVE('',#1867,#1872,#1542,.T.);
#2380=EDGE_CURVE('',#1873,#1874,#956,.T.);
#2381=EDGE_CURVE('',#1875,#1873,#957,.T.);
#2382=EDGE_CURVE('',#1876,#1875,#958,.T.);
#2383=EDGE_CURVE('',#1876,#1874,#959,.T.);
#2384=EDGE_CURVE('',#1874,#1877,#1543,.T.);
#2385=EDGE_CURVE('',#1878,#1876,#1544,.T.);
#2386=EDGE_CURVE('',#1878,#1877,#960,.T.);
#2387=EDGE_CURVE('',#1877,#1879,#961,.T.);
#2388=EDGE_CURVE('',#1880,#1878,#962,.T.);
#2389=EDGE_CURVE('',#1880,#1879,#963,.T.);
#2390=EDGE_CURVE('',#1879,#1873,#1545,.T.);
#2391=EDGE_CURVE('',#1875,#1880,#1546,.T.);
#2392=EDGE_CURVE('',#1881,#1882,#964,.T.);
#2393=EDGE_CURVE('',#1883,#1881,#965,.T.);
#2394=EDGE_CURVE('',#1884,#1883,#966,.T.);
#2395=EDGE_CURVE('',#1884,#1882,#967,.T.);
#2396=EDGE_CURVE('',#1882,#1885,#1547,.T.);
#2397=EDGE_CURVE('',#1886,#1884,#1548,.T.);
#2398=EDGE_CURVE('',#1886,#1885,#968,.T.);
#2399=EDGE_CURVE('',#1885,#1887,#969,.T.);
#2400=EDGE_CURVE('',#1888,#1886,#970,.T.);
#2401=EDGE_CURVE('',#1888,#1887,#971,.T.);
#2402=EDGE_CURVE('',#1887,#1881,#1549,.T.);
#2403=EDGE_CURVE('',#1883,#1888,#1550,.T.);
#2404=EDGE_CURVE('',#1889,#1890,#972,.T.);
#2405=EDGE_CURVE('',#1891,#1889,#973,.T.);
#2406=EDGE_CURVE('',#1892,#1891,#974,.T.);
#2407=EDGE_CURVE('',#1892,#1890,#975,.T.);
#2408=EDGE_CURVE('',#1890,#1893,#1551,.T.);
#2409=EDGE_CURVE('',#1894,#1892,#1552,.T.);
#2410=EDGE_CURVE('',#1894,#1893,#976,.T.);
#2411=EDGE_CURVE('',#1893,#1895,#977,.T.);
#2412=EDGE_CURVE('',#1896,#1894,#978,.T.);
#2413=EDGE_CURVE('',#1896,#1895,#979,.T.);
#2414=EDGE_CURVE('',#1895,#1889,#1553,.T.);
#2415=EDGE_CURVE('',#1891,#1896,#1554,.T.);
#2416=EDGE_CURVE('',#1897,#1898,#980,.T.);
#2417=EDGE_CURVE('',#1899,#1897,#981,.T.);
#2418=EDGE_CURVE('',#1900,#1899,#982,.T.);
#2419=EDGE_CURVE('',#1900,#1898,#983,.T.);
#2420=EDGE_CURVE('',#1898,#1901,#1555,.T.);
#2421=EDGE_CURVE('',#1902,#1900,#1556,.T.);
#2422=EDGE_CURVE('',#1902,#1901,#984,.T.);
#2423=EDGE_CURVE('',#1901,#1903,#985,.T.);
#2424=EDGE_CURVE('',#1904,#1902,#986,.T.);
#2425=EDGE_CURVE('',#1904,#1903,#987,.T.);
#2426=EDGE_CURVE('',#1903,#1897,#1557,.T.);
#2427=EDGE_CURVE('',#1899,#1904,#1558,.T.);
#2428=EDGE_CURVE('',#1905,#1906,#988,.T.);
#2429=EDGE_CURVE('',#1907,#1905,#989,.T.);
#2430=EDGE_CURVE('',#1908,#1907,#990,.T.);
#2431=EDGE_CURVE('',#1908,#1906,#991,.T.);
#2432=EDGE_CURVE('',#1906,#1909,#1559,.T.);
#2433=EDGE_CURVE('',#1910,#1908,#1560,.T.);
#2434=EDGE_CURVE('',#1910,#1909,#992,.T.);
#2435=EDGE_CURVE('',#1909,#1911,#993,.T.);
#2436=EDGE_CURVE('',#1912,#1910,#994,.T.);
#2437=EDGE_CURVE('',#1912,#1911,#995,.T.);
#2438=EDGE_CURVE('',#1911,#1905,#1561,.T.);
#2439=EDGE_CURVE('',#1907,#1912,#1562,.T.);
#2440=EDGE_CURVE('',#1913,#1914,#1563,.T.);
#2441=EDGE_CURVE('',#1915,#1913,#996,.T.);
#2442=EDGE_CURVE('',#1916,#1915,#1564,.T.);
#2443=EDGE_CURVE('',#1916,#1914,#997,.T.);
#2444=EDGE_CURVE('',#1914,#1917,#998,.T.);
#2445=EDGE_CURVE('',#1918,#1916,#999,.T.);
#2446=EDGE_CURVE('',#1918,#1917,#1000,.T.);
#2447=EDGE_CURVE('',#1917,#1919,#1565,.T.);
#2448=EDGE_CURVE('',#1920,#1918,#1566,.T.);
#2449=EDGE_CURVE('',#1920,#1919,#1001,.T.);
#2450=EDGE_CURVE('',#1919,#1913,#1002,.T.);
#2451=EDGE_CURVE('',#1915,#1920,#1003,.T.);
#2452=EDGE_CURVE('',#1921,#1922,#1004,.T.);
#2453=EDGE_CURVE('',#1923,#1921,#1005,.T.);
#2454=EDGE_CURVE('',#1924,#1923,#1006,.T.);
#2455=EDGE_CURVE('',#1924,#1922,#1007,.T.);
#2456=EDGE_CURVE('',#1922,#1925,#1567,.T.);
#2457=EDGE_CURVE('',#1926,#1924,#1568,.T.);
#2458=EDGE_CURVE('',#1926,#1925,#1008,.T.);
#2459=EDGE_CURVE('',#1925,#1927,#1009,.T.);
#2460=EDGE_CURVE('',#1928,#1926,#1010,.T.);
#2461=EDGE_CURVE('',#1928,#1927,#1011,.T.);
#2462=EDGE_CURVE('',#1927,#1921,#1569,.T.);
#2463=EDGE_CURVE('',#1923,#1928,#1570,.T.);
#2464=EDGE_CURVE('',#1929,#1930,#1012,.T.);
#2465=EDGE_CURVE('',#1931,#1929,#1013,.T.);
#2466=EDGE_CURVE('',#1932,#1931,#1014,.T.);
#2467=EDGE_CURVE('',#1932,#1930,#1015,.T.);
#2468=EDGE_CURVE('',#1930,#1933,#1571,.T.);
#2469=EDGE_CURVE('',#1934,#1932,#1572,.T.);
#2470=EDGE_CURVE('',#1934,#1933,#1016,.T.);
#2471=EDGE_CURVE('',#1933,#1935,#1017,.T.);
#2472=EDGE_CURVE('',#1936,#1934,#1018,.T.);
#2473=EDGE_CURVE('',#1936,#1935,#1019,.T.);
#2474=EDGE_CURVE('',#1935,#1929,#1573,.T.);
#2475=EDGE_CURVE('',#1931,#1936,#1574,.T.);
#2476=EDGE_CURVE('',#1937,#1938,#1575,.T.);
#2477=EDGE_CURVE('',#1938,#1939,#1020,.T.);
#2478=EDGE_CURVE('',#1939,#1940,#1576,.T.);
#2479=EDGE_CURVE('',#1940,#1941,#1021,.T.);
#2480=EDGE_CURVE('',#1941,#1942,#1577,.T.);
#2481=EDGE_CURVE('',#1942,#1943,#1022,.T.);
#2482=EDGE_CURVE('',#1943,#1944,#1578,.T.);
#2483=EDGE_CURVE('',#1944,#1937,#1023,.T.);
#2484=EDGE_CURVE('',#1945,#1945,#1579,.T.);
#2485=EDGE_CURVE('',#1946,#1946,#1580,.T.);
#2486=EDGE_CURVE('',#1947,#1947,#1581,.T.);
#2487=EDGE_CURVE('',#1948,#1948,#1582,.T.);
#2488=EDGE_CURVE('',#1949,#1949,#1583,.T.);
#2489=EDGE_CURVE('',#1950,#1950,#1584,.T.);
#2490=EDGE_CURVE('',#1951,#1951,#1585,.T.);
#2491=EDGE_CURVE('',#1952,#1952,#1586,.T.);
#2492=EDGE_CURVE('',#1951,#1953,#1024,.T.);
#2493=EDGE_CURVE('',#1953,#1953,#1587,.T.);
#2494=EDGE_CURVE('',#1950,#1954,#1025,.T.);
#2495=EDGE_CURVE('',#1954,#1954,#1588,.T.);
#2496=EDGE_CURVE('',#1949,#1955,#1026,.T.);
#2497=EDGE_CURVE('',#1955,#1955,#1589,.T.);
#2498=EDGE_CURVE('',#1948,#1956,#1027,.T.);
#2499=EDGE_CURVE('',#1956,#1956,#1590,.T.);
#2500=EDGE_CURVE('',#1947,#1957,#1028,.T.);
#2501=EDGE_CURVE('',#1957,#1957,#1591,.T.);
#2502=EDGE_CURVE('',#1946,#1958,#1029,.T.);
#2503=EDGE_CURVE('',#1958,#1958,#1592,.T.);
#2504=EDGE_CURVE('',#1945,#1959,#1030,.T.);
#2505=EDGE_CURVE('',#1959,#1959,#1593,.T.);
#2506=EDGE_CURVE('',#1952,#1960,#1031,.T.);
#2507=EDGE_CURVE('',#1960,#1960,#1594,.T.);
#2508=EDGE_CURVE('',#1961,#1962,#1032,.T.);
#2509=EDGE_CURVE('',#1961,#1937,#1033,.T.);
#2510=EDGE_CURVE('',#1962,#1944,#1034,.T.);
#2511=EDGE_CURVE('',#1963,#1962,#1595,.T.);
#2512=EDGE_CURVE('',#1963,#1943,#1035,.T.);
#2513=EDGE_CURVE('',#1963,#1964,#1036,.T.);
#2514=EDGE_CURVE('',#1964,#1942,#1037,.T.);
#2515=EDGE_CURVE('',#1965,#1964,#1596,.T.);
#2516=EDGE_CURVE('',#1965,#1941,#1038,.T.);
#2517=EDGE_CURVE('',#1965,#1966,#1039,.T.);
#2518=EDGE_CURVE('',#1966,#1940,#1040,.T.);
#2519=EDGE_CURVE('',#1967,#1966,#1597,.T.);
#2520=EDGE_CURVE('',#1967,#1939,#1041,.T.);
#2521=EDGE_CURVE('',#1967,#1968,#1042,.T.);
#2522=EDGE_CURVE('',#1968,#1938,#1043,.T.);
#2523=EDGE_CURVE('',#1961,#1968,#1598,.T.);
#2524=ORIENTED_EDGE('',*,*,#1969,.F.);
#2525=ORIENTED_EDGE('',*,*,#1970,.T.);
#2526=ORIENTED_EDGE('',*,*,#1971,.F.);
#2527=ORIENTED_EDGE('',*,*,#1970,.F.);
#2528=ORIENTED_EDGE('',*,*,#1972,.F.);
#2529=ORIENTED_EDGE('',*,*,#1973,.F.);
#2530=ORIENTED_EDGE('',*,*,#1974,.F.);
#2531=ORIENTED_EDGE('',*,*,#1975,.T.);
#2532=ORIENTED_EDGE('',*,*,#1976,.F.);
#2533=ORIENTED_EDGE('',*,*,#1975,.F.);
#2534=ORIENTED_EDGE('',*,*,#1977,.F.);
#2535=ORIENTED_EDGE('',*,*,#1978,.T.);
#2536=ORIENTED_EDGE('',*,*,#1979,.F.);
#2537=ORIENTED_EDGE('',*,*,#1978,.F.);
#2538=ORIENTED_EDGE('',*,*,#1980,.F.);
#2539=ORIENTED_EDGE('',*,*,#1981,.T.);
#2540=ORIENTED_EDGE('',*,*,#1982,.F.);
#2541=ORIENTED_EDGE('',*,*,#1981,.F.);
#2542=ORIENTED_EDGE('',*,*,#1983,.F.);
#2543=ORIENTED_EDGE('',*,*,#1973,.T.);
#2544=ORIENTED_EDGE('',*,*,#1984,.F.);
#2545=ORIENTED_EDGE('',*,*,#1985,.F.);
#2546=ORIENTED_EDGE('',*,*,#1986,.F.);
#2547=ORIENTED_EDGE('',*,*,#1987,.T.);
#2548=ORIENTED_EDGE('',*,*,#1988,.F.);
#2549=ORIENTED_EDGE('',*,*,#1987,.F.);
#2550=ORIENTED_EDGE('',*,*,#1989,.F.);
#2551=ORIENTED_EDGE('',*,*,#1990,.T.);
#2552=ORIENTED_EDGE('',*,*,#1991,.F.);
#2553=ORIENTED_EDGE('',*,*,#1990,.F.);
#2554=ORIENTED_EDGE('',*,*,#1992,.F.);
#2555=ORIENTED_EDGE('',*,*,#1993,.T.);
#2556=ORIENTED_EDGE('',*,*,#1994,.F.);
#2557=ORIENTED_EDGE('',*,*,#1993,.F.);
#2558=ORIENTED_EDGE('',*,*,#1995,.F.);
#2559=ORIENTED_EDGE('',*,*,#1985,.T.);
#2560=ORIENTED_EDGE('',*,*,#1996,.F.);
#2561=ORIENTED_EDGE('',*,*,#1997,.F.);
#2562=ORIENTED_EDGE('',*,*,#1998,.F.);
#2563=ORIENTED_EDGE('',*,*,#1999,.T.);
#2564=ORIENTED_EDGE('',*,*,#2000,.F.);
#2565=ORIENTED_EDGE('',*,*,#1999,.F.);
#2566=ORIENTED_EDGE('',*,*,#2001,.F.);
#2567=ORIENTED_EDGE('',*,*,#2002,.T.);
#2568=ORIENTED_EDGE('',*,*,#2003,.F.);
#2569=ORIENTED_EDGE('',*,*,#2002,.F.);
#2570=ORIENTED_EDGE('',*,*,#2004,.F.);
#2571=ORIENTED_EDGE('',*,*,#2005,.T.);
#2572=ORIENTED_EDGE('',*,*,#2006,.F.);
#2573=ORIENTED_EDGE('',*,*,#2005,.F.);
#2574=ORIENTED_EDGE('',*,*,#2007,.F.);
#2575=ORIENTED_EDGE('',*,*,#1997,.T.);
#2576=ORIENTED_EDGE('',*,*,#2008,.F.);
#2577=ORIENTED_EDGE('',*,*,#2009,.F.);
#2578=ORIENTED_EDGE('',*,*,#2010,.F.);
#2579=ORIENTED_EDGE('',*,*,#2011,.T.);
#2580=ORIENTED_EDGE('',*,*,#2012,.F.);
#2581=ORIENTED_EDGE('',*,*,#2011,.F.);
#2582=ORIENTED_EDGE('',*,*,#2013,.F.);
#2583=ORIENTED_EDGE('',*,*,#2014,.T.);
#2584=ORIENTED_EDGE('',*,*,#2015,.F.);
#2585=ORIENTED_EDGE('',*,*,#2014,.F.);
#2586=ORIENTED_EDGE('',*,*,#2016,.F.);
#2587=ORIENTED_EDGE('',*,*,#2017,.T.);
#2588=ORIENTED_EDGE('',*,*,#2018,.F.);
#2589=ORIENTED_EDGE('',*,*,#2017,.F.);
#2590=ORIENTED_EDGE('',*,*,#2019,.F.);
#2591=ORIENTED_EDGE('',*,*,#2009,.T.);
#2592=ORIENTED_EDGE('',*,*,#2020,.F.);
#2593=ORIENTED_EDGE('',*,*,#2021,.F.);
#2594=ORIENTED_EDGE('',*,*,#2022,.F.);
#2595=ORIENTED_EDGE('',*,*,#2023,.T.);
#2596=ORIENTED_EDGE('',*,*,#2024,.F.);
#2597=ORIENTED_EDGE('',*,*,#2023,.F.);
#2598=ORIENTED_EDGE('',*,*,#2025,.F.);
#2599=ORIENTED_EDGE('',*,*,#2026,.T.);
#2600=ORIENTED_EDGE('',*,*,#2027,.F.);
#2601=ORIENTED_EDGE('',*,*,#2026,.F.);
#2602=ORIENTED_EDGE('',*,*,#2028,.F.);
#2603=ORIENTED_EDGE('',*,*,#2029,.T.);
#2604=ORIENTED_EDGE('',*,*,#2030,.F.);
#2605=ORIENTED_EDGE('',*,*,#2029,.F.);
#2606=ORIENTED_EDGE('',*,*,#2031,.F.);
#2607=ORIENTED_EDGE('',*,*,#2021,.T.);
#2608=ORIENTED_EDGE('',*,*,#2032,.F.);
#2609=ORIENTED_EDGE('',*,*,#2033,.F.);
#2610=ORIENTED_EDGE('',*,*,#2034,.F.);
#2611=ORIENTED_EDGE('',*,*,#2035,.T.);
#2612=ORIENTED_EDGE('',*,*,#2036,.F.);
#2613=ORIENTED_EDGE('',*,*,#2035,.F.);
#2614=ORIENTED_EDGE('',*,*,#2037,.F.);
#2615=ORIENTED_EDGE('',*,*,#2038,.T.);
#2616=ORIENTED_EDGE('',*,*,#2039,.F.);
#2617=ORIENTED_EDGE('',*,*,#2038,.F.);
#2618=ORIENTED_EDGE('',*,*,#2040,.F.);
#2619=ORIENTED_EDGE('',*,*,#2041,.T.);
#2620=ORIENTED_EDGE('',*,*,#2042,.F.);
#2621=ORIENTED_EDGE('',*,*,#2041,.F.);
#2622=ORIENTED_EDGE('',*,*,#2043,.F.);
#2623=ORIENTED_EDGE('',*,*,#2033,.T.);
#2624=ORIENTED_EDGE('',*,*,#2044,.F.);
#2625=ORIENTED_EDGE('',*,*,#2045,.F.);
#2626=ORIENTED_EDGE('',*,*,#2046,.F.);
#2627=ORIENTED_EDGE('',*,*,#2047,.T.);
#2628=ORIENTED_EDGE('',*,*,#2048,.F.);
#2629=ORIENTED_EDGE('',*,*,#2047,.F.);
#2630=ORIENTED_EDGE('',*,*,#2049,.F.);
#2631=ORIENTED_EDGE('',*,*,#2050,.T.);
#2632=ORIENTED_EDGE('',*,*,#2051,.F.);
#2633=ORIENTED_EDGE('',*,*,#2050,.F.);
#2634=ORIENTED_EDGE('',*,*,#2052,.F.);
#2635=ORIENTED_EDGE('',*,*,#2053,.T.);
#2636=ORIENTED_EDGE('',*,*,#2054,.F.);
#2637=ORIENTED_EDGE('',*,*,#2053,.F.);
#2638=ORIENTED_EDGE('',*,*,#2055,.F.);
#2639=ORIENTED_EDGE('',*,*,#2045,.T.);
#2640=ORIENTED_EDGE('',*,*,#2056,.F.);
#2641=ORIENTED_EDGE('',*,*,#2057,.F.);
#2642=ORIENTED_EDGE('',*,*,#2058,.F.);
#2643=ORIENTED_EDGE('',*,*,#2059,.T.);
#2644=ORIENTED_EDGE('',*,*,#2060,.F.);
#2645=ORIENTED_EDGE('',*,*,#2059,.F.);
#2646=ORIENTED_EDGE('',*,*,#2061,.F.);
#2647=ORIENTED_EDGE('',*,*,#2062,.T.);
#2648=ORIENTED_EDGE('',*,*,#2063,.F.);
#2649=ORIENTED_EDGE('',*,*,#2062,.F.);
#2650=ORIENTED_EDGE('',*,*,#2064,.F.);
#2651=ORIENTED_EDGE('',*,*,#2065,.T.);
#2652=ORIENTED_EDGE('',*,*,#2066,.F.);
#2653=ORIENTED_EDGE('',*,*,#2065,.F.);
#2654=ORIENTED_EDGE('',*,*,#2067,.F.);
#2655=ORIENTED_EDGE('',*,*,#2057,.T.);
#2656=ORIENTED_EDGE('',*,*,#2068,.F.);
#2657=ORIENTED_EDGE('',*,*,#2069,.F.);
#2658=ORIENTED_EDGE('',*,*,#2070,.F.);
#2659=ORIENTED_EDGE('',*,*,#2071,.T.);
#2660=ORIENTED_EDGE('',*,*,#2072,.F.);
#2661=ORIENTED_EDGE('',*,*,#2071,.F.);
#2662=ORIENTED_EDGE('',*,*,#2073,.F.);
#2663=ORIENTED_EDGE('',*,*,#2074,.T.);
#2664=ORIENTED_EDGE('',*,*,#2075,.F.);
#2665=ORIENTED_EDGE('',*,*,#2074,.F.);
#2666=ORIENTED_EDGE('',*,*,#2076,.F.);
#2667=ORIENTED_EDGE('',*,*,#2077,.T.);
#2668=ORIENTED_EDGE('',*,*,#2078,.F.);
#2669=ORIENTED_EDGE('',*,*,#2077,.F.);
#2670=ORIENTED_EDGE('',*,*,#2079,.F.);
#2671=ORIENTED_EDGE('',*,*,#2069,.T.);
#2672=ORIENTED_EDGE('',*,*,#2080,.F.);
#2673=ORIENTED_EDGE('',*,*,#2081,.F.);
#2674=ORIENTED_EDGE('',*,*,#2082,.F.);
#2675=ORIENTED_EDGE('',*,*,#2083,.T.);
#2676=ORIENTED_EDGE('',*,*,#2084,.F.);
#2677=ORIENTED_EDGE('',*,*,#2083,.F.);
#2678=ORIENTED_EDGE('',*,*,#2085,.F.);
#2679=ORIENTED_EDGE('',*,*,#2086,.T.);
#2680=ORIENTED_EDGE('',*,*,#2087,.F.);
#2681=ORIENTED_EDGE('',*,*,#2086,.F.);
#2682=ORIENTED_EDGE('',*,*,#2088,.F.);
#2683=ORIENTED_EDGE('',*,*,#2089,.T.);
#2684=ORIENTED_EDGE('',*,*,#2090,.F.);
#2685=ORIENTED_EDGE('',*,*,#2089,.F.);
#2686=ORIENTED_EDGE('',*,*,#2091,.F.);
#2687=ORIENTED_EDGE('',*,*,#2081,.T.);
#2688=ORIENTED_EDGE('',*,*,#2092,.F.);
#2689=ORIENTED_EDGE('',*,*,#2093,.F.);
#2690=ORIENTED_EDGE('',*,*,#2094,.F.);
#2691=ORIENTED_EDGE('',*,*,#2095,.T.);
#2692=ORIENTED_EDGE('',*,*,#2096,.F.);
#2693=ORIENTED_EDGE('',*,*,#2095,.F.);
#2694=ORIENTED_EDGE('',*,*,#2097,.F.);
#2695=ORIENTED_EDGE('',*,*,#2098,.T.);
#2696=ORIENTED_EDGE('',*,*,#2099,.F.);
#2697=ORIENTED_EDGE('',*,*,#2098,.F.);
#2698=ORIENTED_EDGE('',*,*,#2100,.F.);
#2699=ORIENTED_EDGE('',*,*,#2101,.T.);
#2700=ORIENTED_EDGE('',*,*,#2102,.F.);
#2701=ORIENTED_EDGE('',*,*,#2101,.F.);
#2702=ORIENTED_EDGE('',*,*,#2103,.F.);
#2703=ORIENTED_EDGE('',*,*,#2093,.T.);
#2704=ORIENTED_EDGE('',*,*,#2104,.F.);
#2705=ORIENTED_EDGE('',*,*,#2105,.F.);
#2706=ORIENTED_EDGE('',*,*,#2106,.F.);
#2707=ORIENTED_EDGE('',*,*,#2107,.T.);
#2708=ORIENTED_EDGE('',*,*,#2108,.F.);
#2709=ORIENTED_EDGE('',*,*,#2107,.F.);
#2710=ORIENTED_EDGE('',*,*,#2109,.F.);
#2711=ORIENTED_EDGE('',*,*,#2110,.T.);
#2712=ORIENTED_EDGE('',*,*,#2111,.F.);
#2713=ORIENTED_EDGE('',*,*,#2110,.F.);
#2714=ORIENTED_EDGE('',*,*,#2112,.F.);
#2715=ORIENTED_EDGE('',*,*,#2113,.T.);
#2716=ORIENTED_EDGE('',*,*,#2114,.F.);
#2717=ORIENTED_EDGE('',*,*,#2113,.F.);
#2718=ORIENTED_EDGE('',*,*,#2115,.F.);
#2719=ORIENTED_EDGE('',*,*,#2105,.T.);
#2720=ORIENTED_EDGE('',*,*,#2116,.F.);
#2721=ORIENTED_EDGE('',*,*,#2117,.F.);
#2722=ORIENTED_EDGE('',*,*,#2118,.F.);
#2723=ORIENTED_EDGE('',*,*,#2119,.T.);
#2724=ORIENTED_EDGE('',*,*,#2120,.F.);
#2725=ORIENTED_EDGE('',*,*,#2119,.F.);
#2726=ORIENTED_EDGE('',*,*,#2121,.F.);
#2727=ORIENTED_EDGE('',*,*,#2122,.T.);
#2728=ORIENTED_EDGE('',*,*,#2123,.F.);
#2729=ORIENTED_EDGE('',*,*,#2122,.F.);
#2730=ORIENTED_EDGE('',*,*,#2124,.F.);
#2731=ORIENTED_EDGE('',*,*,#2125,.T.);
#2732=ORIENTED_EDGE('',*,*,#2126,.F.);
#2733=ORIENTED_EDGE('',*,*,#2125,.F.);
#2734=ORIENTED_EDGE('',*,*,#2127,.F.);
#2735=ORIENTED_EDGE('',*,*,#2117,.T.);
#2736=ORIENTED_EDGE('',*,*,#2128,.F.);
#2737=ORIENTED_EDGE('',*,*,#2129,.F.);
#2738=ORIENTED_EDGE('',*,*,#2130,.F.);
#2739=ORIENTED_EDGE('',*,*,#2131,.T.);
#2740=ORIENTED_EDGE('',*,*,#2132,.F.);
#2741=ORIENTED_EDGE('',*,*,#2131,.F.);
#2742=ORIENTED_EDGE('',*,*,#2133,.F.);
#2743=ORIENTED_EDGE('',*,*,#2134,.T.);
#2744=ORIENTED_EDGE('',*,*,#2135,.F.);
#2745=ORIENTED_EDGE('',*,*,#2134,.F.);
#2746=ORIENTED_EDGE('',*,*,#2136,.F.);
#2747=ORIENTED_EDGE('',*,*,#2137,.T.);
#2748=ORIENTED_EDGE('',*,*,#2138,.F.);
#2749=ORIENTED_EDGE('',*,*,#2137,.F.);
#2750=ORIENTED_EDGE('',*,*,#2139,.F.);
#2751=ORIENTED_EDGE('',*,*,#2129,.T.);
#2752=ORIENTED_EDGE('',*,*,#2140,.F.);
#2753=ORIENTED_EDGE('',*,*,#2141,.F.);
#2754=ORIENTED_EDGE('',*,*,#2142,.F.);
#2755=ORIENTED_EDGE('',*,*,#2143,.T.);
#2756=ORIENTED_EDGE('',*,*,#2144,.F.);
#2757=ORIENTED_EDGE('',*,*,#2143,.F.);
#2758=ORIENTED_EDGE('',*,*,#2145,.F.);
#2759=ORIENTED_EDGE('',*,*,#2146,.T.);
#2760=ORIENTED_EDGE('',*,*,#2147,.F.);
#2761=ORIENTED_EDGE('',*,*,#2146,.F.);
#2762=ORIENTED_EDGE('',*,*,#2148,.F.);
#2763=ORIENTED_EDGE('',*,*,#2149,.T.);
#2764=ORIENTED_EDGE('',*,*,#2150,.F.);
#2765=ORIENTED_EDGE('',*,*,#2149,.F.);
#2766=ORIENTED_EDGE('',*,*,#2151,.F.);
#2767=ORIENTED_EDGE('',*,*,#2141,.T.);
#2768=ORIENTED_EDGE('',*,*,#2152,.F.);
#2769=ORIENTED_EDGE('',*,*,#2153,.F.);
#2770=ORIENTED_EDGE('',*,*,#2154,.F.);
#2771=ORIENTED_EDGE('',*,*,#2155,.T.);
#2772=ORIENTED_EDGE('',*,*,#2156,.F.);
#2773=ORIENTED_EDGE('',*,*,#2155,.F.);
#2774=ORIENTED_EDGE('',*,*,#2157,.F.);
#2775=ORIENTED_EDGE('',*,*,#2158,.T.);
#2776=ORIENTED_EDGE('',*,*,#2159,.F.);
#2777=ORIENTED_EDGE('',*,*,#2158,.F.);
#2778=ORIENTED_EDGE('',*,*,#2160,.F.);
#2779=ORIENTED_EDGE('',*,*,#2161,.T.);
#2780=ORIENTED_EDGE('',*,*,#2162,.F.);
#2781=ORIENTED_EDGE('',*,*,#2161,.F.);
#2782=ORIENTED_EDGE('',*,*,#2163,.F.);
#2783=ORIENTED_EDGE('',*,*,#2153,.T.);
#2784=ORIENTED_EDGE('',*,*,#2164,.F.);
#2785=ORIENTED_EDGE('',*,*,#2165,.F.);
#2786=ORIENTED_EDGE('',*,*,#2166,.F.);
#2787=ORIENTED_EDGE('',*,*,#2167,.T.);
#2788=ORIENTED_EDGE('',*,*,#2168,.F.);
#2789=ORIENTED_EDGE('',*,*,#2167,.F.);
#2790=ORIENTED_EDGE('',*,*,#2169,.F.);
#2791=ORIENTED_EDGE('',*,*,#2170,.T.);
#2792=ORIENTED_EDGE('',*,*,#2171,.F.);
#2793=ORIENTED_EDGE('',*,*,#2170,.F.);
#2794=ORIENTED_EDGE('',*,*,#2172,.F.);
#2795=ORIENTED_EDGE('',*,*,#2173,.T.);
#2796=ORIENTED_EDGE('',*,*,#2174,.F.);
#2797=ORIENTED_EDGE('',*,*,#2173,.F.);
#2798=ORIENTED_EDGE('',*,*,#2175,.F.);
#2799=ORIENTED_EDGE('',*,*,#2165,.T.);
#2800=ORIENTED_EDGE('',*,*,#2176,.F.);
#2801=ORIENTED_EDGE('',*,*,#2177,.F.);
#2802=ORIENTED_EDGE('',*,*,#2178,.F.);
#2803=ORIENTED_EDGE('',*,*,#2179,.T.);
#2804=ORIENTED_EDGE('',*,*,#2180,.F.);
#2805=ORIENTED_EDGE('',*,*,#2179,.F.);
#2806=ORIENTED_EDGE('',*,*,#2181,.F.);
#2807=ORIENTED_EDGE('',*,*,#2182,.T.);
#2808=ORIENTED_EDGE('',*,*,#2183,.F.);
#2809=ORIENTED_EDGE('',*,*,#2182,.F.);
#2810=ORIENTED_EDGE('',*,*,#2184,.F.);
#2811=ORIENTED_EDGE('',*,*,#2185,.T.);
#2812=ORIENTED_EDGE('',*,*,#2186,.F.);
#2813=ORIENTED_EDGE('',*,*,#2185,.F.);
#2814=ORIENTED_EDGE('',*,*,#2187,.F.);
#2815=ORIENTED_EDGE('',*,*,#2177,.T.);
#2816=ORIENTED_EDGE('',*,*,#2188,.F.);
#2817=ORIENTED_EDGE('',*,*,#2189,.F.);
#2818=ORIENTED_EDGE('',*,*,#2190,.F.);
#2819=ORIENTED_EDGE('',*,*,#2191,.T.);
#2820=ORIENTED_EDGE('',*,*,#2192,.F.);
#2821=ORIENTED_EDGE('',*,*,#2191,.F.);
#2822=ORIENTED_EDGE('',*,*,#2193,.F.);
#2823=ORIENTED_EDGE('',*,*,#2194,.T.);
#2824=ORIENTED_EDGE('',*,*,#2195,.F.);
#2825=ORIENTED_EDGE('',*,*,#2194,.F.);
#2826=ORIENTED_EDGE('',*,*,#2196,.F.);
#2827=ORIENTED_EDGE('',*,*,#2197,.T.);
#2828=ORIENTED_EDGE('',*,*,#2198,.F.);
#2829=ORIENTED_EDGE('',*,*,#2197,.F.);
#2830=ORIENTED_EDGE('',*,*,#2199,.F.);
#2831=ORIENTED_EDGE('',*,*,#2189,.T.);
#2832=ORIENTED_EDGE('',*,*,#2200,.F.);
#2833=ORIENTED_EDGE('',*,*,#2201,.F.);
#2834=ORIENTED_EDGE('',*,*,#2202,.F.);
#2835=ORIENTED_EDGE('',*,*,#2203,.T.);
#2836=ORIENTED_EDGE('',*,*,#2204,.F.);
#2837=ORIENTED_EDGE('',*,*,#2203,.F.);
#2838=ORIENTED_EDGE('',*,*,#2205,.F.);
#2839=ORIENTED_EDGE('',*,*,#2206,.T.);
#2840=ORIENTED_EDGE('',*,*,#2207,.F.);
#2841=ORIENTED_EDGE('',*,*,#2206,.F.);
#2842=ORIENTED_EDGE('',*,*,#2208,.F.);
#2843=ORIENTED_EDGE('',*,*,#2209,.T.);
#2844=ORIENTED_EDGE('',*,*,#2210,.F.);
#2845=ORIENTED_EDGE('',*,*,#2209,.F.);
#2846=ORIENTED_EDGE('',*,*,#2211,.F.);
#2847=ORIENTED_EDGE('',*,*,#2201,.T.);
#2848=ORIENTED_EDGE('',*,*,#2212,.F.);
#2849=ORIENTED_EDGE('',*,*,#2213,.F.);
#2850=ORIENTED_EDGE('',*,*,#2214,.F.);
#2851=ORIENTED_EDGE('',*,*,#2215,.T.);
#2852=ORIENTED_EDGE('',*,*,#2216,.F.);
#2853=ORIENTED_EDGE('',*,*,#2215,.F.);
#2854=ORIENTED_EDGE('',*,*,#2217,.F.);
#2855=ORIENTED_EDGE('',*,*,#2218,.T.);
#2856=ORIENTED_EDGE('',*,*,#2219,.F.);
#2857=ORIENTED_EDGE('',*,*,#2218,.F.);
#2858=ORIENTED_EDGE('',*,*,#2220,.F.);
#2859=ORIENTED_EDGE('',*,*,#2221,.T.);
#2860=ORIENTED_EDGE('',*,*,#2222,.F.);
#2861=ORIENTED_EDGE('',*,*,#2221,.F.);
#2862=ORIENTED_EDGE('',*,*,#2223,.F.);
#2863=ORIENTED_EDGE('',*,*,#2213,.T.);
#2864=ORIENTED_EDGE('',*,*,#2224,.F.);
#2865=ORIENTED_EDGE('',*,*,#2225,.F.);
#2866=ORIENTED_EDGE('',*,*,#2226,.F.);
#2867=ORIENTED_EDGE('',*,*,#2227,.T.);
#2868=ORIENTED_EDGE('',*,*,#2228,.F.);
#2869=ORIENTED_EDGE('',*,*,#2227,.F.);
#2870=ORIENTED_EDGE('',*,*,#2229,.F.);
#2871=ORIENTED_EDGE('',*,*,#2230,.T.);
#2872=ORIENTED_EDGE('',*,*,#2231,.F.);
#2873=ORIENTED_EDGE('',*,*,#2230,.F.);
#2874=ORIENTED_EDGE('',*,*,#2232,.F.);
#2875=ORIENTED_EDGE('',*,*,#2233,.T.);
#2876=ORIENTED_EDGE('',*,*,#2234,.F.);
#2877=ORIENTED_EDGE('',*,*,#2233,.F.);
#2878=ORIENTED_EDGE('',*,*,#2235,.F.);
#2879=ORIENTED_EDGE('',*,*,#2225,.T.);
#2880=ORIENTED_EDGE('',*,*,#2236,.F.);
#2881=ORIENTED_EDGE('',*,*,#2237,.F.);
#2882=ORIENTED_EDGE('',*,*,#2238,.F.);
#2883=ORIENTED_EDGE('',*,*,#2239,.T.);
#2884=ORIENTED_EDGE('',*,*,#2240,.F.);
#2885=ORIENTED_EDGE('',*,*,#2239,.F.);
#2886=ORIENTED_EDGE('',*,*,#2241,.F.);
#2887=ORIENTED_EDGE('',*,*,#2242,.T.);
#2888=ORIENTED_EDGE('',*,*,#2243,.F.);
#2889=ORIENTED_EDGE('',*,*,#2242,.F.);
#2890=ORIENTED_EDGE('',*,*,#2244,.F.);
#2891=ORIENTED_EDGE('',*,*,#2245,.T.);
#2892=ORIENTED_EDGE('',*,*,#2246,.F.);
#2893=ORIENTED_EDGE('',*,*,#2245,.F.);
#2894=ORIENTED_EDGE('',*,*,#2247,.F.);
#2895=ORIENTED_EDGE('',*,*,#2237,.T.);
#2896=ORIENTED_EDGE('',*,*,#2248,.F.);
#2897=ORIENTED_EDGE('',*,*,#2249,.F.);
#2898=ORIENTED_EDGE('',*,*,#2250,.F.);
#2899=ORIENTED_EDGE('',*,*,#2251,.T.);
#2900=ORIENTED_EDGE('',*,*,#2252,.F.);
#2901=ORIENTED_EDGE('',*,*,#2251,.F.);
#2902=ORIENTED_EDGE('',*,*,#2253,.F.);
#2903=ORIENTED_EDGE('',*,*,#2254,.T.);
#2904=ORIENTED_EDGE('',*,*,#2255,.F.);
#2905=ORIENTED_EDGE('',*,*,#2254,.F.);
#2906=ORIENTED_EDGE('',*,*,#2256,.F.);
#2907=ORIENTED_EDGE('',*,*,#2257,.T.);
#2908=ORIENTED_EDGE('',*,*,#2258,.F.);
#2909=ORIENTED_EDGE('',*,*,#2257,.F.);
#2910=ORIENTED_EDGE('',*,*,#2259,.F.);
#2911=ORIENTED_EDGE('',*,*,#2249,.T.);
#2912=ORIENTED_EDGE('',*,*,#2260,.F.);
#2913=ORIENTED_EDGE('',*,*,#2261,.F.);
#2914=ORIENTED_EDGE('',*,*,#2262,.F.);
#2915=ORIENTED_EDGE('',*,*,#2263,.T.);
#2916=ORIENTED_EDGE('',*,*,#2264,.F.);
#2917=ORIENTED_EDGE('',*,*,#2263,.F.);
#2918=ORIENTED_EDGE('',*,*,#2265,.F.);
#2919=ORIENTED_EDGE('',*,*,#2266,.T.);
#2920=ORIENTED_EDGE('',*,*,#2267,.F.);
#2921=ORIENTED_EDGE('',*,*,#2266,.F.);
#2922=ORIENTED_EDGE('',*,*,#2268,.F.);
#2923=ORIENTED_EDGE('',*,*,#2269,.T.);
#2924=ORIENTED_EDGE('',*,*,#2270,.F.);
#2925=ORIENTED_EDGE('',*,*,#2269,.F.);
#2926=ORIENTED_EDGE('',*,*,#2271,.F.);
#2927=ORIENTED_EDGE('',*,*,#2261,.T.);
#2928=ORIENTED_EDGE('',*,*,#2272,.F.);
#2929=ORIENTED_EDGE('',*,*,#2273,.F.);
#2930=ORIENTED_EDGE('',*,*,#2274,.F.);
#2931=ORIENTED_EDGE('',*,*,#2275,.T.);
#2932=ORIENTED_EDGE('',*,*,#2276,.F.);
#2933=ORIENTED_EDGE('',*,*,#2275,.F.);
#2934=ORIENTED_EDGE('',*,*,#2277,.F.);
#2935=ORIENTED_EDGE('',*,*,#2278,.T.);
#2936=ORIENTED_EDGE('',*,*,#2279,.F.);
#2937=ORIENTED_EDGE('',*,*,#2278,.F.);
#2938=ORIENTED_EDGE('',*,*,#2280,.F.);
#2939=ORIENTED_EDGE('',*,*,#2281,.T.);
#2940=ORIENTED_EDGE('',*,*,#2282,.F.);
#2941=ORIENTED_EDGE('',*,*,#2281,.F.);
#2942=ORIENTED_EDGE('',*,*,#2283,.F.);
#2943=ORIENTED_EDGE('',*,*,#2273,.T.);
#2944=ORIENTED_EDGE('',*,*,#2284,.F.);
#2945=ORIENTED_EDGE('',*,*,#2285,.F.);
#2946=ORIENTED_EDGE('',*,*,#2286,.F.);
#2947=ORIENTED_EDGE('',*,*,#2287,.T.);
#2948=ORIENTED_EDGE('',*,*,#2288,.F.);
#2949=ORIENTED_EDGE('',*,*,#2287,.F.);
#2950=ORIENTED_EDGE('',*,*,#2289,.F.);
#2951=ORIENTED_EDGE('',*,*,#2290,.T.);
#2952=ORIENTED_EDGE('',*,*,#2291,.F.);
#2953=ORIENTED_EDGE('',*,*,#2290,.F.);
#2954=ORIENTED_EDGE('',*,*,#2292,.F.);
#2955=ORIENTED_EDGE('',*,*,#2293,.T.);
#2956=ORIENTED_EDGE('',*,*,#2294,.F.);
#2957=ORIENTED_EDGE('',*,*,#2293,.F.);
#2958=ORIENTED_EDGE('',*,*,#2295,.F.);
#2959=ORIENTED_EDGE('',*,*,#2285,.T.);
#2960=ORIENTED_EDGE('',*,*,#2296,.F.);
#2961=ORIENTED_EDGE('',*,*,#2297,.F.);
#2962=ORIENTED_EDGE('',*,*,#2298,.F.);
#2963=ORIENTED_EDGE('',*,*,#2299,.T.);
#2964=ORIENTED_EDGE('',*,*,#2300,.F.);
#2965=ORIENTED_EDGE('',*,*,#2299,.F.);
#2966=ORIENTED_EDGE('',*,*,#2301,.F.);
#2967=ORIENTED_EDGE('',*,*,#2302,.T.);
#2968=ORIENTED_EDGE('',*,*,#2303,.F.);
#2969=ORIENTED_EDGE('',*,*,#2302,.F.);
#2970=ORIENTED_EDGE('',*,*,#2304,.F.);
#2971=ORIENTED_EDGE('',*,*,#2305,.T.);
#2972=ORIENTED_EDGE('',*,*,#2306,.F.);
#2973=ORIENTED_EDGE('',*,*,#2305,.F.);
#2974=ORIENTED_EDGE('',*,*,#2307,.F.);
#2975=ORIENTED_EDGE('',*,*,#2297,.T.);
#2976=ORIENTED_EDGE('',*,*,#2308,.F.);
#2977=ORIENTED_EDGE('',*,*,#2309,.F.);
#2978=ORIENTED_EDGE('',*,*,#2310,.F.);
#2979=ORIENTED_EDGE('',*,*,#2311,.T.);
#2980=ORIENTED_EDGE('',*,*,#2312,.F.);
#2981=ORIENTED_EDGE('',*,*,#2311,.F.);
#2982=ORIENTED_EDGE('',*,*,#2313,.F.);
#2983=ORIENTED_EDGE('',*,*,#2314,.T.);
#2984=ORIENTED_EDGE('',*,*,#2315,.F.);
#2985=ORIENTED_EDGE('',*,*,#2314,.F.);
#2986=ORIENTED_EDGE('',*,*,#2316,.F.);
#2987=ORIENTED_EDGE('',*,*,#2317,.T.);
#2988=ORIENTED_EDGE('',*,*,#2318,.F.);
#2989=ORIENTED_EDGE('',*,*,#2317,.F.);
#2990=ORIENTED_EDGE('',*,*,#2319,.F.);
#2991=ORIENTED_EDGE('',*,*,#2309,.T.);
#2992=ORIENTED_EDGE('',*,*,#2320,.F.);
#2993=ORIENTED_EDGE('',*,*,#2321,.F.);
#2994=ORIENTED_EDGE('',*,*,#2322,.F.);
#2995=ORIENTED_EDGE('',*,*,#2323,.T.);
#2996=ORIENTED_EDGE('',*,*,#2324,.F.);
#2997=ORIENTED_EDGE('',*,*,#2323,.F.);
#2998=ORIENTED_EDGE('',*,*,#2325,.F.);
#2999=ORIENTED_EDGE('',*,*,#2326,.T.);
#3000=ORIENTED_EDGE('',*,*,#2327,.F.);
#3001=ORIENTED_EDGE('',*,*,#2326,.F.);
#3002=ORIENTED_EDGE('',*,*,#2328,.F.);
#3003=ORIENTED_EDGE('',*,*,#2329,.T.);
#3004=ORIENTED_EDGE('',*,*,#2330,.F.);
#3005=ORIENTED_EDGE('',*,*,#2329,.F.);
#3006=ORIENTED_EDGE('',*,*,#2331,.F.);
#3007=ORIENTED_EDGE('',*,*,#2321,.T.);
#3008=ORIENTED_EDGE('',*,*,#2332,.F.);
#3009=ORIENTED_EDGE('',*,*,#2333,.F.);
#3010=ORIENTED_EDGE('',*,*,#2334,.F.);
#3011=ORIENTED_EDGE('',*,*,#2335,.T.);
#3012=ORIENTED_EDGE('',*,*,#2336,.F.);
#3013=ORIENTED_EDGE('',*,*,#2335,.F.);
#3014=ORIENTED_EDGE('',*,*,#2337,.F.);
#3015=ORIENTED_EDGE('',*,*,#2338,.T.);
#3016=ORIENTED_EDGE('',*,*,#2339,.F.);
#3017=ORIENTED_EDGE('',*,*,#2338,.F.);
#3018=ORIENTED_EDGE('',*,*,#2340,.F.);
#3019=ORIENTED_EDGE('',*,*,#2341,.T.);
#3020=ORIENTED_EDGE('',*,*,#2342,.F.);
#3021=ORIENTED_EDGE('',*,*,#2341,.F.);
#3022=ORIENTED_EDGE('',*,*,#2343,.F.);
#3023=ORIENTED_EDGE('',*,*,#2333,.T.);
#3024=ORIENTED_EDGE('',*,*,#2344,.F.);
#3025=ORIENTED_EDGE('',*,*,#2345,.F.);
#3026=ORIENTED_EDGE('',*,*,#2346,.F.);
#3027=ORIENTED_EDGE('',*,*,#2347,.T.);
#3028=ORIENTED_EDGE('',*,*,#2348,.F.);
#3029=ORIENTED_EDGE('',*,*,#2347,.F.);
#3030=ORIENTED_EDGE('',*,*,#2349,.F.);
#3031=ORIENTED_EDGE('',*,*,#2350,.T.);
#3032=ORIENTED_EDGE('',*,*,#2351,.F.);
#3033=ORIENTED_EDGE('',*,*,#2350,.F.);
#3034=ORIENTED_EDGE('',*,*,#2352,.F.);
#3035=ORIENTED_EDGE('',*,*,#2353,.T.);
#3036=ORIENTED_EDGE('',*,*,#2354,.F.);
#3037=ORIENTED_EDGE('',*,*,#2353,.F.);
#3038=ORIENTED_EDGE('',*,*,#2355,.F.);
#3039=ORIENTED_EDGE('',*,*,#2345,.T.);
#3040=ORIENTED_EDGE('',*,*,#2356,.F.);
#3041=ORIENTED_EDGE('',*,*,#2357,.F.);
#3042=ORIENTED_EDGE('',*,*,#2358,.F.);
#3043=ORIENTED_EDGE('',*,*,#2359,.T.);
#3044=ORIENTED_EDGE('',*,*,#2360,.F.);
#3045=ORIENTED_EDGE('',*,*,#2359,.F.);
#3046=ORIENTED_EDGE('',*,*,#2361,.F.);
#3047=ORIENTED_EDGE('',*,*,#2362,.T.);
#3048=ORIENTED_EDGE('',*,*,#2363,.F.);
#3049=ORIENTED_EDGE('',*,*,#2362,.F.);
#3050=ORIENTED_EDGE('',*,*,#2364,.F.);
#3051=ORIENTED_EDGE('',*,*,#2365,.T.);
#3052=ORIENTED_EDGE('',*,*,#2366,.F.);
#3053=ORIENTED_EDGE('',*,*,#2365,.F.);
#3054=ORIENTED_EDGE('',*,*,#2367,.F.);
#3055=ORIENTED_EDGE('',*,*,#2357,.T.);
#3056=ORIENTED_EDGE('',*,*,#2368,.F.);
#3057=ORIENTED_EDGE('',*,*,#2369,.F.);
#3058=ORIENTED_EDGE('',*,*,#2370,.F.);
#3059=ORIENTED_EDGE('',*,*,#2371,.T.);
#3060=ORIENTED_EDGE('',*,*,#2372,.F.);
#3061=ORIENTED_EDGE('',*,*,#2371,.F.);
#3062=ORIENTED_EDGE('',*,*,#2373,.F.);
#3063=ORIENTED_EDGE('',*,*,#2374,.T.);
#3064=ORIENTED_EDGE('',*,*,#2375,.F.);
#3065=ORIENTED_EDGE('',*,*,#2374,.F.);
#3066=ORIENTED_EDGE('',*,*,#2376,.F.);
#3067=ORIENTED_EDGE('',*,*,#2377,.T.);
#3068=ORIENTED_EDGE('',*,*,#2378,.F.);
#3069=ORIENTED_EDGE('',*,*,#2377,.F.);
#3070=ORIENTED_EDGE('',*,*,#2379,.F.);
#3071=ORIENTED_EDGE('',*,*,#2369,.T.);
#3072=ORIENTED_EDGE('',*,*,#2380,.F.);
#3073=ORIENTED_EDGE('',*,*,#2381,.F.);
#3074=ORIENTED_EDGE('',*,*,#2382,.F.);
#3075=ORIENTED_EDGE('',*,*,#2383,.T.);
#3076=ORIENTED_EDGE('',*,*,#2384,.F.);
#3077=ORIENTED_EDGE('',*,*,#2383,.F.);
#3078=ORIENTED_EDGE('',*,*,#2385,.F.);
#3079=ORIENTED_EDGE('',*,*,#2386,.T.);
#3080=ORIENTED_EDGE('',*,*,#2387,.F.);
#3081=ORIENTED_EDGE('',*,*,#2386,.F.);
#3082=ORIENTED_EDGE('',*,*,#2388,.F.);
#3083=ORIENTED_EDGE('',*,*,#2389,.T.);
#3084=ORIENTED_EDGE('',*,*,#2390,.F.);
#3085=ORIENTED_EDGE('',*,*,#2389,.F.);
#3086=ORIENTED_EDGE('',*,*,#2391,.F.);
#3087=ORIENTED_EDGE('',*,*,#2381,.T.);
#3088=ORIENTED_EDGE('',*,*,#2392,.F.);
#3089=ORIENTED_EDGE('',*,*,#2393,.F.);
#3090=ORIENTED_EDGE('',*,*,#2394,.F.);
#3091=ORIENTED_EDGE('',*,*,#2395,.T.);
#3092=ORIENTED_EDGE('',*,*,#2396,.F.);
#3093=ORIENTED_EDGE('',*,*,#2395,.F.);
#3094=ORIENTED_EDGE('',*,*,#2397,.F.);
#3095=ORIENTED_EDGE('',*,*,#2398,.T.);
#3096=ORIENTED_EDGE('',*,*,#2399,.F.);
#3097=ORIENTED_EDGE('',*,*,#2398,.F.);
#3098=ORIENTED_EDGE('',*,*,#2400,.F.);
#3099=ORIENTED_EDGE('',*,*,#2401,.T.);
#3100=ORIENTED_EDGE('',*,*,#2402,.F.);
#3101=ORIENTED_EDGE('',*,*,#2401,.F.);
#3102=ORIENTED_EDGE('',*,*,#2403,.F.);
#3103=ORIENTED_EDGE('',*,*,#2393,.T.);
#3104=ORIENTED_EDGE('',*,*,#2404,.F.);
#3105=ORIENTED_EDGE('',*,*,#2405,.F.);
#3106=ORIENTED_EDGE('',*,*,#2406,.F.);
#3107=ORIENTED_EDGE('',*,*,#2407,.T.);
#3108=ORIENTED_EDGE('',*,*,#2408,.F.);
#3109=ORIENTED_EDGE('',*,*,#2407,.F.);
#3110=ORIENTED_EDGE('',*,*,#2409,.F.);
#3111=ORIENTED_EDGE('',*,*,#2410,.T.);
#3112=ORIENTED_EDGE('',*,*,#2411,.F.);
#3113=ORIENTED_EDGE('',*,*,#2410,.F.);
#3114=ORIENTED_EDGE('',*,*,#2412,.F.);
#3115=ORIENTED_EDGE('',*,*,#2413,.T.);
#3116=ORIENTED_EDGE('',*,*,#2414,.F.);
#3117=ORIENTED_EDGE('',*,*,#2413,.F.);
#3118=ORIENTED_EDGE('',*,*,#2415,.F.);
#3119=ORIENTED_EDGE('',*,*,#2405,.T.);
#3120=ORIENTED_EDGE('',*,*,#2416,.F.);
#3121=ORIENTED_EDGE('',*,*,#2417,.F.);
#3122=ORIENTED_EDGE('',*,*,#2418,.F.);
#3123=ORIENTED_EDGE('',*,*,#2419,.T.);
#3124=ORIENTED_EDGE('',*,*,#2420,.F.);
#3125=ORIENTED_EDGE('',*,*,#2419,.F.);
#3126=ORIENTED_EDGE('',*,*,#2421,.F.);
#3127=ORIENTED_EDGE('',*,*,#2422,.T.);
#3128=ORIENTED_EDGE('',*,*,#2423,.F.);
#3129=ORIENTED_EDGE('',*,*,#2422,.F.);
#3130=ORIENTED_EDGE('',*,*,#2424,.F.);
#3131=ORIENTED_EDGE('',*,*,#2425,.T.);
#3132=ORIENTED_EDGE('',*,*,#2426,.F.);
#3133=ORIENTED_EDGE('',*,*,#2425,.F.);
#3134=ORIENTED_EDGE('',*,*,#2427,.F.);
#3135=ORIENTED_EDGE('',*,*,#2417,.T.);
#3136=ORIENTED_EDGE('',*,*,#2428,.F.);
#3137=ORIENTED_EDGE('',*,*,#2429,.F.);
#3138=ORIENTED_EDGE('',*,*,#2430,.F.);
#3139=ORIENTED_EDGE('',*,*,#2431,.T.);
#3140=ORIENTED_EDGE('',*,*,#2432,.F.);
#3141=ORIENTED_EDGE('',*,*,#2431,.F.);
#3142=ORIENTED_EDGE('',*,*,#2433,.F.);
#3143=ORIENTED_EDGE('',*,*,#2434,.T.);
#3144=ORIENTED_EDGE('',*,*,#2435,.F.);
#3145=ORIENTED_EDGE('',*,*,#2434,.F.);
#3146=ORIENTED_EDGE('',*,*,#2436,.F.);
#3147=ORIENTED_EDGE('',*,*,#2437,.T.);
#3148=ORIENTED_EDGE('',*,*,#2438,.F.);
#3149=ORIENTED_EDGE('',*,*,#2437,.F.);
#3150=ORIENTED_EDGE('',*,*,#2439,.F.);
#3151=ORIENTED_EDGE('',*,*,#2429,.T.);
#3152=ORIENTED_EDGE('',*,*,#2440,.F.);
#3153=ORIENTED_EDGE('',*,*,#2441,.F.);
#3154=ORIENTED_EDGE('',*,*,#2442,.F.);
#3155=ORIENTED_EDGE('',*,*,#2443,.T.);
#3156=ORIENTED_EDGE('',*,*,#2444,.F.);
#3157=ORIENTED_EDGE('',*,*,#2443,.F.);
#3158=ORIENTED_EDGE('',*,*,#2445,.F.);
#3159=ORIENTED_EDGE('',*,*,#2446,.T.);
#3160=ORIENTED_EDGE('',*,*,#2447,.F.);
#3161=ORIENTED_EDGE('',*,*,#2446,.F.);
#3162=ORIENTED_EDGE('',*,*,#2448,.F.);
#3163=ORIENTED_EDGE('',*,*,#2449,.T.);
#3164=ORIENTED_EDGE('',*,*,#2450,.F.);
#3165=ORIENTED_EDGE('',*,*,#2449,.F.);
#3166=ORIENTED_EDGE('',*,*,#2451,.F.);
#3167=ORIENTED_EDGE('',*,*,#2441,.T.);
#3168=ORIENTED_EDGE('',*,*,#2452,.F.);
#3169=ORIENTED_EDGE('',*,*,#2453,.F.);
#3170=ORIENTED_EDGE('',*,*,#2454,.F.);
#3171=ORIENTED_EDGE('',*,*,#2455,.T.);
#3172=ORIENTED_EDGE('',*,*,#2456,.F.);
#3173=ORIENTED_EDGE('',*,*,#2455,.F.);
#3174=ORIENTED_EDGE('',*,*,#2457,.F.);
#3175=ORIENTED_EDGE('',*,*,#2458,.T.);
#3176=ORIENTED_EDGE('',*,*,#2459,.F.);
#3177=ORIENTED_EDGE('',*,*,#2458,.F.);
#3178=ORIENTED_EDGE('',*,*,#2460,.F.);
#3179=ORIENTED_EDGE('',*,*,#2461,.T.);
#3180=ORIENTED_EDGE('',*,*,#2462,.F.);
#3181=ORIENTED_EDGE('',*,*,#2461,.F.);
#3182=ORIENTED_EDGE('',*,*,#2463,.F.);
#3183=ORIENTED_EDGE('',*,*,#2453,.T.);
#3184=ORIENTED_EDGE('',*,*,#2464,.F.);
#3185=ORIENTED_EDGE('',*,*,#2465,.F.);
#3186=ORIENTED_EDGE('',*,*,#2466,.F.);
#3187=ORIENTED_EDGE('',*,*,#2467,.T.);
#3188=ORIENTED_EDGE('',*,*,#2468,.F.);
#3189=ORIENTED_EDGE('',*,*,#2467,.F.);
#3190=ORIENTED_EDGE('',*,*,#2469,.F.);
#3191=ORIENTED_EDGE('',*,*,#2470,.T.);
#3192=ORIENTED_EDGE('',*,*,#2471,.F.);
#3193=ORIENTED_EDGE('',*,*,#2470,.F.);
#3194=ORIENTED_EDGE('',*,*,#2472,.F.);
#3195=ORIENTED_EDGE('',*,*,#2473,.T.);
#3196=ORIENTED_EDGE('',*,*,#2474,.F.);
#3197=ORIENTED_EDGE('',*,*,#2473,.F.);
#3198=ORIENTED_EDGE('',*,*,#2475,.F.);
#3199=ORIENTED_EDGE('',*,*,#2465,.T.);
#3200=ORIENTED_EDGE('',*,*,#2476,.T.);
#3201=ORIENTED_EDGE('',*,*,#2477,.T.);
#3202=ORIENTED_EDGE('',*,*,#2478,.T.);
#3203=ORIENTED_EDGE('',*,*,#2479,.T.);
#3204=ORIENTED_EDGE('',*,*,#2480,.T.);
#3205=ORIENTED_EDGE('',*,*,#2481,.T.);
#3206=ORIENTED_EDGE('',*,*,#2482,.T.);
#3207=ORIENTED_EDGE('',*,*,#2483,.T.);
#3208=ORIENTED_EDGE('',*,*,#1969,.T.);
#3209=ORIENTED_EDGE('',*,*,#1980,.T.);
#3210=ORIENTED_EDGE('',*,*,#1977,.T.);
#3211=ORIENTED_EDGE('',*,*,#1974,.T.);
#3212=ORIENTED_EDGE('',*,*,#1983,.T.);
#3213=ORIENTED_EDGE('',*,*,#1992,.T.);
#3214=ORIENTED_EDGE('',*,*,#1989,.T.);
#3215=ORIENTED_EDGE('',*,*,#1986,.T.);
#3216=ORIENTED_EDGE('',*,*,#1995,.T.);
#3217=ORIENTED_EDGE('',*,*,#2004,.T.);
#3218=ORIENTED_EDGE('',*,*,#2001,.T.);
#3219=ORIENTED_EDGE('',*,*,#1998,.T.);
#3220=ORIENTED_EDGE('',*,*,#2007,.T.);
#3221=ORIENTED_EDGE('',*,*,#2016,.T.);
#3222=ORIENTED_EDGE('',*,*,#2013,.T.);
#3223=ORIENTED_EDGE('',*,*,#2010,.T.);
#3224=ORIENTED_EDGE('',*,*,#2019,.T.);
#3225=ORIENTED_EDGE('',*,*,#2028,.T.);
#3226=ORIENTED_EDGE('',*,*,#2025,.T.);
#3227=ORIENTED_EDGE('',*,*,#2022,.T.);
#3228=ORIENTED_EDGE('',*,*,#2031,.T.);
#3229=ORIENTED_EDGE('',*,*,#2040,.T.);
#3230=ORIENTED_EDGE('',*,*,#2037,.T.);
#3231=ORIENTED_EDGE('',*,*,#2034,.T.);
#3232=ORIENTED_EDGE('',*,*,#2043,.T.);
#3233=ORIENTED_EDGE('',*,*,#2052,.T.);
#3234=ORIENTED_EDGE('',*,*,#2049,.T.);
#3235=ORIENTED_EDGE('',*,*,#2046,.T.);
#3236=ORIENTED_EDGE('',*,*,#2055,.T.);
#3237=ORIENTED_EDGE('',*,*,#2064,.T.);
#3238=ORIENTED_EDGE('',*,*,#2061,.T.);
#3239=ORIENTED_EDGE('',*,*,#2058,.T.);
#3240=ORIENTED_EDGE('',*,*,#2067,.T.);
#3241=ORIENTED_EDGE('',*,*,#2076,.T.);
#3242=ORIENTED_EDGE('',*,*,#2073,.T.);
#3243=ORIENTED_EDGE('',*,*,#2070,.T.);
#3244=ORIENTED_EDGE('',*,*,#2079,.T.);
#3245=ORIENTED_EDGE('',*,*,#2088,.T.);
#3246=ORIENTED_EDGE('',*,*,#2085,.T.);
#3247=ORIENTED_EDGE('',*,*,#2082,.T.);
#3248=ORIENTED_EDGE('',*,*,#2091,.T.);
#3249=ORIENTED_EDGE('',*,*,#2100,.T.);
#3250=ORIENTED_EDGE('',*,*,#2097,.T.);
#3251=ORIENTED_EDGE('',*,*,#2094,.T.);
#3252=ORIENTED_EDGE('',*,*,#2103,.T.);
#3253=ORIENTED_EDGE('',*,*,#2112,.T.);
#3254=ORIENTED_EDGE('',*,*,#2109,.T.);
#3255=ORIENTED_EDGE('',*,*,#2106,.T.);
#3256=ORIENTED_EDGE('',*,*,#2115,.T.);
#3257=ORIENTED_EDGE('',*,*,#2124,.T.);
#3258=ORIENTED_EDGE('',*,*,#2121,.T.);
#3259=ORIENTED_EDGE('',*,*,#2118,.T.);
#3260=ORIENTED_EDGE('',*,*,#2127,.T.);
#3261=ORIENTED_EDGE('',*,*,#2136,.T.);
#3262=ORIENTED_EDGE('',*,*,#2133,.T.);
#3263=ORIENTED_EDGE('',*,*,#2130,.T.);
#3264=ORIENTED_EDGE('',*,*,#2139,.T.);
#3265=ORIENTED_EDGE('',*,*,#2148,.T.);
#3266=ORIENTED_EDGE('',*,*,#2145,.T.);
#3267=ORIENTED_EDGE('',*,*,#2142,.T.);
#3268=ORIENTED_EDGE('',*,*,#2151,.T.);
#3269=ORIENTED_EDGE('',*,*,#2160,.T.);
#3270=ORIENTED_EDGE('',*,*,#2157,.T.);
#3271=ORIENTED_EDGE('',*,*,#2154,.T.);
#3272=ORIENTED_EDGE('',*,*,#2163,.T.);
#3273=ORIENTED_EDGE('',*,*,#2172,.T.);
#3274=ORIENTED_EDGE('',*,*,#2169,.T.);
#3275=ORIENTED_EDGE('',*,*,#2166,.T.);
#3276=ORIENTED_EDGE('',*,*,#2175,.T.);
#3277=ORIENTED_EDGE('',*,*,#2184,.T.);
#3278=ORIENTED_EDGE('',*,*,#2181,.T.);
#3279=ORIENTED_EDGE('',*,*,#2178,.T.);
#3280=ORIENTED_EDGE('',*,*,#2187,.T.);
#3281=ORIENTED_EDGE('',*,*,#2196,.T.);
#3282=ORIENTED_EDGE('',*,*,#2193,.T.);
#3283=ORIENTED_EDGE('',*,*,#2190,.T.);
#3284=ORIENTED_EDGE('',*,*,#2199,.T.);
#3285=ORIENTED_EDGE('',*,*,#2208,.T.);
#3286=ORIENTED_EDGE('',*,*,#2205,.T.);
#3287=ORIENTED_EDGE('',*,*,#2202,.T.);
#3288=ORIENTED_EDGE('',*,*,#2211,.T.);
#3289=ORIENTED_EDGE('',*,*,#2220,.T.);
#3290=ORIENTED_EDGE('',*,*,#2217,.T.);
#3291=ORIENTED_EDGE('',*,*,#2214,.T.);
#3292=ORIENTED_EDGE('',*,*,#2223,.T.);
#3293=ORIENTED_EDGE('',*,*,#2232,.T.);
#3294=ORIENTED_EDGE('',*,*,#2229,.T.);
#3295=ORIENTED_EDGE('',*,*,#2226,.T.);
#3296=ORIENTED_EDGE('',*,*,#2235,.T.);
#3297=ORIENTED_EDGE('',*,*,#2244,.T.);
#3298=ORIENTED_EDGE('',*,*,#2241,.T.);
#3299=ORIENTED_EDGE('',*,*,#2238,.T.);
#3300=ORIENTED_EDGE('',*,*,#2247,.T.);
#3301=ORIENTED_EDGE('',*,*,#2256,.T.);
#3302=ORIENTED_EDGE('',*,*,#2253,.T.);
#3303=ORIENTED_EDGE('',*,*,#2250,.T.);
#3304=ORIENTED_EDGE('',*,*,#2259,.T.);
#3305=ORIENTED_EDGE('',*,*,#2268,.T.);
#3306=ORIENTED_EDGE('',*,*,#2265,.T.);
#3307=ORIENTED_EDGE('',*,*,#2262,.T.);
#3308=ORIENTED_EDGE('',*,*,#2271,.T.);
#3309=ORIENTED_EDGE('',*,*,#2280,.T.);
#3310=ORIENTED_EDGE('',*,*,#2277,.T.);
#3311=ORIENTED_EDGE('',*,*,#2274,.T.);
#3312=ORIENTED_EDGE('',*,*,#2283,.T.);
#3313=ORIENTED_EDGE('',*,*,#2292,.T.);
#3314=ORIENTED_EDGE('',*,*,#2289,.T.);
#3315=ORIENTED_EDGE('',*,*,#2286,.T.);
#3316=ORIENTED_EDGE('',*,*,#2295,.T.);
#3317=ORIENTED_EDGE('',*,*,#2304,.T.);
#3318=ORIENTED_EDGE('',*,*,#2301,.T.);
#3319=ORIENTED_EDGE('',*,*,#2298,.T.);
#3320=ORIENTED_EDGE('',*,*,#2307,.T.);
#3321=ORIENTED_EDGE('',*,*,#2316,.T.);
#3322=ORIENTED_EDGE('',*,*,#2313,.T.);
#3323=ORIENTED_EDGE('',*,*,#2310,.T.);
#3324=ORIENTED_EDGE('',*,*,#2319,.T.);
#3325=ORIENTED_EDGE('',*,*,#2328,.T.);
#3326=ORIENTED_EDGE('',*,*,#2325,.T.);
#3327=ORIENTED_EDGE('',*,*,#2322,.T.);
#3328=ORIENTED_EDGE('',*,*,#2331,.T.);
#3329=ORIENTED_EDGE('',*,*,#2340,.T.);
#3330=ORIENTED_EDGE('',*,*,#2337,.T.);
#3331=ORIENTED_EDGE('',*,*,#2334,.T.);
#3332=ORIENTED_EDGE('',*,*,#2343,.T.);
#3333=ORIENTED_EDGE('',*,*,#2352,.T.);
#3334=ORIENTED_EDGE('',*,*,#2349,.T.);
#3335=ORIENTED_EDGE('',*,*,#2346,.T.);
#3336=ORIENTED_EDGE('',*,*,#2355,.T.);
#3337=ORIENTED_EDGE('',*,*,#2364,.T.);
#3338=ORIENTED_EDGE('',*,*,#2361,.T.);
#3339=ORIENTED_EDGE('',*,*,#2358,.T.);
#3340=ORIENTED_EDGE('',*,*,#2367,.T.);
#3341=ORIENTED_EDGE('',*,*,#2376,.T.);
#3342=ORIENTED_EDGE('',*,*,#2373,.T.);
#3343=ORIENTED_EDGE('',*,*,#2370,.T.);
#3344=ORIENTED_EDGE('',*,*,#2379,.T.);
#3345=ORIENTED_EDGE('',*,*,#2388,.T.);
#3346=ORIENTED_EDGE('',*,*,#2385,.T.);
#3347=ORIENTED_EDGE('',*,*,#2382,.T.);
#3348=ORIENTED_EDGE('',*,*,#2391,.T.);
#3349=ORIENTED_EDGE('',*,*,#2400,.T.);
#3350=ORIENTED_EDGE('',*,*,#2397,.T.);
#3351=ORIENTED_EDGE('',*,*,#2394,.T.);
#3352=ORIENTED_EDGE('',*,*,#2403,.T.);
#3353=ORIENTED_EDGE('',*,*,#2412,.T.);
#3354=ORIENTED_EDGE('',*,*,#2409,.T.);
#3355=ORIENTED_EDGE('',*,*,#2406,.T.);
#3356=ORIENTED_EDGE('',*,*,#2415,.T.);
#3357=ORIENTED_EDGE('',*,*,#2424,.T.);
#3358=ORIENTED_EDGE('',*,*,#2421,.T.);
#3359=ORIENTED_EDGE('',*,*,#2418,.T.);
#3360=ORIENTED_EDGE('',*,*,#2427,.T.);
#3361=ORIENTED_EDGE('',*,*,#2436,.T.);
#3362=ORIENTED_EDGE('',*,*,#2433,.T.);
#3363=ORIENTED_EDGE('',*,*,#2430,.T.);
#3364=ORIENTED_EDGE('',*,*,#2439,.T.);
#3365=ORIENTED_EDGE('',*,*,#2448,.T.);
#3366=ORIENTED_EDGE('',*,*,#2445,.T.);
#3367=ORIENTED_EDGE('',*,*,#2442,.T.);
#3368=ORIENTED_EDGE('',*,*,#2451,.T.);
#3369=ORIENTED_EDGE('',*,*,#2460,.T.);
#3370=ORIENTED_EDGE('',*,*,#2457,.T.);
#3371=ORIENTED_EDGE('',*,*,#2454,.T.);
#3372=ORIENTED_EDGE('',*,*,#2463,.T.);
#3373=ORIENTED_EDGE('',*,*,#2472,.T.);
#3374=ORIENTED_EDGE('',*,*,#2469,.T.);
#3375=ORIENTED_EDGE('',*,*,#2466,.T.);
#3376=ORIENTED_EDGE('',*,*,#2475,.T.);
#3377=ORIENTED_EDGE('',*,*,#2484,.T.);
#3378=ORIENTED_EDGE('',*,*,#2485,.T.);
#3379=ORIENTED_EDGE('',*,*,#2486,.T.);
#3380=ORIENTED_EDGE('',*,*,#2487,.T.);
#3381=ORIENTED_EDGE('',*,*,#2488,.T.);
#3382=ORIENTED_EDGE('',*,*,#2489,.T.);
#3383=ORIENTED_EDGE('',*,*,#2490,.T.);
#3384=ORIENTED_EDGE('',*,*,#2491,.F.);
#3385=ORIENTED_EDGE('',*,*,#2490,.F.);
#3386=ORIENTED_EDGE('',*,*,#2492,.T.);
#3387=ORIENTED_EDGE('',*,*,#2493,.F.);
#3388=ORIENTED_EDGE('',*,*,#2492,.F.);
#3389=ORIENTED_EDGE('',*,*,#2489,.F.);
#3390=ORIENTED_EDGE('',*,*,#2494,.T.);
#3391=ORIENTED_EDGE('',*,*,#2495,.F.);
#3392=ORIENTED_EDGE('',*,*,#2494,.F.);
#3393=ORIENTED_EDGE('',*,*,#2488,.F.);
#3394=ORIENTED_EDGE('',*,*,#2496,.T.);
#3395=ORIENTED_EDGE('',*,*,#2497,.F.);
#3396=ORIENTED_EDGE('',*,*,#2496,.F.);
#3397=ORIENTED_EDGE('',*,*,#2487,.F.);
#3398=ORIENTED_EDGE('',*,*,#2498,.T.);
#3399=ORIENTED_EDGE('',*,*,#2499,.F.);
#3400=ORIENTED_EDGE('',*,*,#2498,.F.);
#3401=ORIENTED_EDGE('',*,*,#2486,.F.);
#3402=ORIENTED_EDGE('',*,*,#2500,.T.);
#3403=ORIENTED_EDGE('',*,*,#2501,.F.);
#3404=ORIENTED_EDGE('',*,*,#2500,.F.);
#3405=ORIENTED_EDGE('',*,*,#2485,.F.);
#3406=ORIENTED_EDGE('',*,*,#2502,.T.);
#3407=ORIENTED_EDGE('',*,*,#2503,.F.);
#3408=ORIENTED_EDGE('',*,*,#2502,.F.);
#3409=ORIENTED_EDGE('',*,*,#2484,.F.);
#3410=ORIENTED_EDGE('',*,*,#2504,.T.);
#3411=ORIENTED_EDGE('',*,*,#2505,.F.);
#3412=ORIENTED_EDGE('',*,*,#2504,.F.);
#3413=ORIENTED_EDGE('',*,*,#2491,.T.);
#3414=ORIENTED_EDGE('',*,*,#2506,.T.);
#3415=ORIENTED_EDGE('',*,*,#2507,.F.);
#3416=ORIENTED_EDGE('',*,*,#2506,.F.);
#3417=ORIENTED_EDGE('',*,*,#2508,.F.);
#3418=ORIENTED_EDGE('',*,*,#2509,.T.);
#3419=ORIENTED_EDGE('',*,*,#2483,.F.);
#3420=ORIENTED_EDGE('',*,*,#2510,.F.);
#3421=ORIENTED_EDGE('',*,*,#2511,.T.);
#3422=ORIENTED_EDGE('',*,*,#2510,.T.);
#3423=ORIENTED_EDGE('',*,*,#2482,.F.);
#3424=ORIENTED_EDGE('',*,*,#2512,.F.);
#3425=ORIENTED_EDGE('',*,*,#2513,.F.);
#3426=ORIENTED_EDGE('',*,*,#2512,.T.);
#3427=ORIENTED_EDGE('',*,*,#2481,.F.);
#3428=ORIENTED_EDGE('',*,*,#2514,.F.);
#3429=ORIENTED_EDGE('',*,*,#2515,.T.);
#3430=ORIENTED_EDGE('',*,*,#2514,.T.);
#3431=ORIENTED_EDGE('',*,*,#2480,.F.);
#3432=ORIENTED_EDGE('',*,*,#2516,.F.);
#3433=ORIENTED_EDGE('',*,*,#2517,.F.);
#3434=ORIENTED_EDGE('',*,*,#2516,.T.);
#3435=ORIENTED_EDGE('',*,*,#2479,.F.);
#3436=ORIENTED_EDGE('',*,*,#2518,.F.);
#3437=ORIENTED_EDGE('',*,*,#2519,.T.);
#3438=ORIENTED_EDGE('',*,*,#2518,.T.);
#3439=ORIENTED_EDGE('',*,*,#2478,.F.);
#3440=ORIENTED_EDGE('',*,*,#2520,.F.);
#3441=ORIENTED_EDGE('',*,*,#2521,.F.);
#3442=ORIENTED_EDGE('',*,*,#2520,.T.);
#3443=ORIENTED_EDGE('',*,*,#2477,.F.);
#3444=ORIENTED_EDGE('',*,*,#2522,.F.);
#3445=ORIENTED_EDGE('',*,*,#2523,.T.);
#3446=ORIENTED_EDGE('',*,*,#2522,.T.);
#3447=ORIENTED_EDGE('',*,*,#2476,.F.);
#3448=ORIENTED_EDGE('',*,*,#2509,.F.);
#3449=ORIENTED_EDGE('',*,*,#2523,.F.);
#3450=ORIENTED_EDGE('',*,*,#2508,.T.);
#3451=ORIENTED_EDGE('',*,*,#2511,.F.);
#3452=ORIENTED_EDGE('',*,*,#2513,.T.);
#3453=ORIENTED_EDGE('',*,*,#2515,.F.);
#3454=ORIENTED_EDGE('',*,*,#2517,.T.);
#3455=ORIENTED_EDGE('',*,*,#2519,.F.);
#3456=ORIENTED_EDGE('',*,*,#2521,.T.);
#3457=ORIENTED_EDGE('',*,*,#1971,.T.);
#3458=ORIENTED_EDGE('',*,*,#1979,.T.);
#3459=ORIENTED_EDGE('',*,*,#1982,.T.);
#3460=ORIENTED_EDGE('',*,*,#1972,.T.);
#3461=ORIENTED_EDGE('',*,*,#1976,.T.);
#3462=ORIENTED_EDGE('',*,*,#1991,.T.);
#3463=ORIENTED_EDGE('',*,*,#1994,.T.);
#3464=ORIENTED_EDGE('',*,*,#1984,.T.);
#3465=ORIENTED_EDGE('',*,*,#1988,.T.);
#3466=ORIENTED_EDGE('',*,*,#2003,.T.);
#3467=ORIENTED_EDGE('',*,*,#2006,.T.);
#3468=ORIENTED_EDGE('',*,*,#1996,.T.);
#3469=ORIENTED_EDGE('',*,*,#2000,.T.);
#3470=ORIENTED_EDGE('',*,*,#2015,.T.);
#3471=ORIENTED_EDGE('',*,*,#2018,.T.);
#3472=ORIENTED_EDGE('',*,*,#2008,.T.);
#3473=ORIENTED_EDGE('',*,*,#2012,.T.);
#3474=ORIENTED_EDGE('',*,*,#2027,.T.);
#3475=ORIENTED_EDGE('',*,*,#2030,.T.);
#3476=ORIENTED_EDGE('',*,*,#2020,.T.);
#3477=ORIENTED_EDGE('',*,*,#2024,.T.);
#3478=ORIENTED_EDGE('',*,*,#2039,.T.);
#3479=ORIENTED_EDGE('',*,*,#2042,.T.);
#3480=ORIENTED_EDGE('',*,*,#2032,.T.);
#3481=ORIENTED_EDGE('',*,*,#2036,.T.);
#3482=ORIENTED_EDGE('',*,*,#2051,.T.);
#3483=ORIENTED_EDGE('',*,*,#2054,.T.);
#3484=ORIENTED_EDGE('',*,*,#2044,.T.);
#3485=ORIENTED_EDGE('',*,*,#2048,.T.);
#3486=ORIENTED_EDGE('',*,*,#2063,.T.);
#3487=ORIENTED_EDGE('',*,*,#2066,.T.);
#3488=ORIENTED_EDGE('',*,*,#2056,.T.);
#3489=ORIENTED_EDGE('',*,*,#2060,.T.);
#3490=ORIENTED_EDGE('',*,*,#2075,.T.);
#3491=ORIENTED_EDGE('',*,*,#2078,.T.);
#3492=ORIENTED_EDGE('',*,*,#2068,.T.);
#3493=ORIENTED_EDGE('',*,*,#2072,.T.);
#3494=ORIENTED_EDGE('',*,*,#2087,.T.);
#3495=ORIENTED_EDGE('',*,*,#2090,.T.);
#3496=ORIENTED_EDGE('',*,*,#2080,.T.);
#3497=ORIENTED_EDGE('',*,*,#2084,.T.);
#3498=ORIENTED_EDGE('',*,*,#2099,.T.);
#3499=ORIENTED_EDGE('',*,*,#2102,.T.);
#3500=ORIENTED_EDGE('',*,*,#2092,.T.);
#3501=ORIENTED_EDGE('',*,*,#2096,.T.);
#3502=ORIENTED_EDGE('',*,*,#2111,.T.);
#3503=ORIENTED_EDGE('',*,*,#2114,.T.);
#3504=ORIENTED_EDGE('',*,*,#2104,.T.);
#3505=ORIENTED_EDGE('',*,*,#2108,.T.);
#3506=ORIENTED_EDGE('',*,*,#2123,.T.);
#3507=ORIENTED_EDGE('',*,*,#2126,.T.);
#3508=ORIENTED_EDGE('',*,*,#2116,.T.);
#3509=ORIENTED_EDGE('',*,*,#2120,.T.);
#3510=ORIENTED_EDGE('',*,*,#2135,.T.);
#3511=ORIENTED_EDGE('',*,*,#2138,.T.);
#3512=ORIENTED_EDGE('',*,*,#2128,.T.);
#3513=ORIENTED_EDGE('',*,*,#2132,.T.);
#3514=ORIENTED_EDGE('',*,*,#2147,.T.);
#3515=ORIENTED_EDGE('',*,*,#2150,.T.);
#3516=ORIENTED_EDGE('',*,*,#2140,.T.);
#3517=ORIENTED_EDGE('',*,*,#2144,.T.);
#3518=ORIENTED_EDGE('',*,*,#2159,.T.);
#3519=ORIENTED_EDGE('',*,*,#2162,.T.);
#3520=ORIENTED_EDGE('',*,*,#2152,.T.);
#3521=ORIENTED_EDGE('',*,*,#2156,.T.);
#3522=ORIENTED_EDGE('',*,*,#2171,.T.);
#3523=ORIENTED_EDGE('',*,*,#2174,.T.);
#3524=ORIENTED_EDGE('',*,*,#2164,.T.);
#3525=ORIENTED_EDGE('',*,*,#2168,.T.);
#3526=ORIENTED_EDGE('',*,*,#2183,.T.);
#3527=ORIENTED_EDGE('',*,*,#2186,.T.);
#3528=ORIENTED_EDGE('',*,*,#2176,.T.);
#3529=ORIENTED_EDGE('',*,*,#2180,.T.);
#3530=ORIENTED_EDGE('',*,*,#2195,.T.);
#3531=ORIENTED_EDGE('',*,*,#2198,.T.);
#3532=ORIENTED_EDGE('',*,*,#2188,.T.);
#3533=ORIENTED_EDGE('',*,*,#2192,.T.);
#3534=ORIENTED_EDGE('',*,*,#2207,.T.);
#3535=ORIENTED_EDGE('',*,*,#2210,.T.);
#3536=ORIENTED_EDGE('',*,*,#2200,.T.);
#3537=ORIENTED_EDGE('',*,*,#2204,.T.);
#3538=ORIENTED_EDGE('',*,*,#2219,.T.);
#3539=ORIENTED_EDGE('',*,*,#2222,.T.);
#3540=ORIENTED_EDGE('',*,*,#2212,.T.);
#3541=ORIENTED_EDGE('',*,*,#2216,.T.);
#3542=ORIENTED_EDGE('',*,*,#2231,.T.);
#3543=ORIENTED_EDGE('',*,*,#2234,.T.);
#3544=ORIENTED_EDGE('',*,*,#2224,.T.);
#3545=ORIENTED_EDGE('',*,*,#2228,.T.);
#3546=ORIENTED_EDGE('',*,*,#2243,.T.);
#3547=ORIENTED_EDGE('',*,*,#2246,.T.);
#3548=ORIENTED_EDGE('',*,*,#2236,.T.);
#3549=ORIENTED_EDGE('',*,*,#2240,.T.);
#3550=ORIENTED_EDGE('',*,*,#2255,.T.);
#3551=ORIENTED_EDGE('',*,*,#2258,.T.);
#3552=ORIENTED_EDGE('',*,*,#2248,.T.);
#3553=ORIENTED_EDGE('',*,*,#2252,.T.);
#3554=ORIENTED_EDGE('',*,*,#2267,.T.);
#3555=ORIENTED_EDGE('',*,*,#2270,.T.);
#3556=ORIENTED_EDGE('',*,*,#2260,.T.);
#3557=ORIENTED_EDGE('',*,*,#2264,.T.);
#3558=ORIENTED_EDGE('',*,*,#2279,.T.);
#3559=ORIENTED_EDGE('',*,*,#2282,.T.);
#3560=ORIENTED_EDGE('',*,*,#2272,.T.);
#3561=ORIENTED_EDGE('',*,*,#2276,.T.);
#3562=ORIENTED_EDGE('',*,*,#2291,.T.);
#3563=ORIENTED_EDGE('',*,*,#2294,.T.);
#3564=ORIENTED_EDGE('',*,*,#2284,.T.);
#3565=ORIENTED_EDGE('',*,*,#2288,.T.);
#3566=ORIENTED_EDGE('',*,*,#2303,.T.);
#3567=ORIENTED_EDGE('',*,*,#2306,.T.);
#3568=ORIENTED_EDGE('',*,*,#2296,.T.);
#3569=ORIENTED_EDGE('',*,*,#2300,.T.);
#3570=ORIENTED_EDGE('',*,*,#2315,.T.);
#3571=ORIENTED_EDGE('',*,*,#2318,.T.);
#3572=ORIENTED_EDGE('',*,*,#2308,.T.);
#3573=ORIENTED_EDGE('',*,*,#2312,.T.);
#3574=ORIENTED_EDGE('',*,*,#2327,.T.);
#3575=ORIENTED_EDGE('',*,*,#2330,.T.);
#3576=ORIENTED_EDGE('',*,*,#2320,.T.);
#3577=ORIENTED_EDGE('',*,*,#2324,.T.);
#3578=ORIENTED_EDGE('',*,*,#2339,.T.);
#3579=ORIENTED_EDGE('',*,*,#2342,.T.);
#3580=ORIENTED_EDGE('',*,*,#2332,.T.);
#3581=ORIENTED_EDGE('',*,*,#2336,.T.);
#3582=ORIENTED_EDGE('',*,*,#2351,.T.);
#3583=ORIENTED_EDGE('',*,*,#2354,.T.);
#3584=ORIENTED_EDGE('',*,*,#2344,.T.);
#3585=ORIENTED_EDGE('',*,*,#2348,.T.);
#3586=ORIENTED_EDGE('',*,*,#2363,.T.);
#3587=ORIENTED_EDGE('',*,*,#2366,.T.);
#3588=ORIENTED_EDGE('',*,*,#2356,.T.);
#3589=ORIENTED_EDGE('',*,*,#2360,.T.);
#3590=ORIENTED_EDGE('',*,*,#2375,.T.);
#3591=ORIENTED_EDGE('',*,*,#2378,.T.);
#3592=ORIENTED_EDGE('',*,*,#2368,.T.);
#3593=ORIENTED_EDGE('',*,*,#2372,.T.);
#3594=ORIENTED_EDGE('',*,*,#2387,.T.);
#3595=ORIENTED_EDGE('',*,*,#2390,.T.);
#3596=ORIENTED_EDGE('',*,*,#2380,.T.);
#3597=ORIENTED_EDGE('',*,*,#2384,.T.);
#3598=ORIENTED_EDGE('',*,*,#2399,.T.);
#3599=ORIENTED_EDGE('',*,*,#2402,.T.);
#3600=ORIENTED_EDGE('',*,*,#2392,.T.);
#3601=ORIENTED_EDGE('',*,*,#2396,.T.);
#3602=ORIENTED_EDGE('',*,*,#2411,.T.);
#3603=ORIENTED_EDGE('',*,*,#2414,.T.);
#3604=ORIENTED_EDGE('',*,*,#2404,.T.);
#3605=ORIENTED_EDGE('',*,*,#2408,.T.);
#3606=ORIENTED_EDGE('',*,*,#2423,.T.);
#3607=ORIENTED_EDGE('',*,*,#2426,.T.);
#3608=ORIENTED_EDGE('',*,*,#2416,.T.);
#3609=ORIENTED_EDGE('',*,*,#2420,.T.);
#3610=ORIENTED_EDGE('',*,*,#2435,.T.);
#3611=ORIENTED_EDGE('',*,*,#2438,.T.);
#3612=ORIENTED_EDGE('',*,*,#2428,.T.);
#3613=ORIENTED_EDGE('',*,*,#2432,.T.);
#3614=ORIENTED_EDGE('',*,*,#2447,.T.);
#3615=ORIENTED_EDGE('',*,*,#2450,.T.);
#3616=ORIENTED_EDGE('',*,*,#2440,.T.);
#3617=ORIENTED_EDGE('',*,*,#2444,.T.);
#3618=ORIENTED_EDGE('',*,*,#2459,.T.);
#3619=ORIENTED_EDGE('',*,*,#2462,.T.);
#3620=ORIENTED_EDGE('',*,*,#2452,.T.);
#3621=ORIENTED_EDGE('',*,*,#2456,.T.);
#3622=ORIENTED_EDGE('',*,*,#2471,.T.);
#3623=ORIENTED_EDGE('',*,*,#2474,.T.);
#3624=ORIENTED_EDGE('',*,*,#2464,.T.);
#3625=ORIENTED_EDGE('',*,*,#2468,.T.);
#3626=ORIENTED_EDGE('',*,*,#2493,.T.);
#3627=ORIENTED_EDGE('',*,*,#2495,.T.);
#3628=ORIENTED_EDGE('',*,*,#2497,.T.);
#3629=ORIENTED_EDGE('',*,*,#2499,.T.);
#3630=ORIENTED_EDGE('',*,*,#2501,.T.);
#3631=ORIENTED_EDGE('',*,*,#2503,.T.);
#3632=ORIENTED_EDGE('',*,*,#2505,.T.);
#3633=ORIENTED_EDGE('',*,*,#2507,.T.);
#3634=CYLINDRICAL_SURFACE('',#3932,45.0997512422418);
#3635=CYLINDRICAL_SURFACE('',#3936,205.);
#3636=CYLINDRICAL_SURFACE('',#3940,200.);
#3637=CYLINDRICAL_SURFACE('',#3944,140.);
#3638=CYLINDRICAL_SURFACE('',#3948,135.);
#3639=CYLINDRICAL_SURFACE('',#3952,190.);
#3640=CYLINDRICAL_SURFACE('',#3956,185.);
#3641=CYLINDRICAL_SURFACE('',#3960,220.);
#3642=CYLINDRICAL_SURFACE('',#3964,215.);
#3643=CYLINDRICAL_SURFACE('',#3967,150.);
#3644=CYLINDRICAL_SURFACE('',#3971,155.);
#3645=CYLINDRICAL_SURFACE('',#3976,175.);
#3646=CYLINDRICAL_SURFACE('',#3980,170.);
#3647=CYLINDRICAL_SURFACE('',#3984,235.);
#3648=CYLINDRICAL_SURFACE('',#3988,230.);
#3649=CYLINDRICAL_SURFACE('',#3992,205.);
#3650=CYLINDRICAL_SURFACE('',#3996,200.);
#3651=CYLINDRICAL_SURFACE('',#4000,140.);
#3652=CYLINDRICAL_SURFACE('',#4004,135.);
#3653=CYLINDRICAL_SURFACE('',#4008,190.);
#3654=CYLINDRICAL_SURFACE('',#4012,185.);
#3655=CYLINDRICAL_SURFACE('',#4016,220.);
#3656=CYLINDRICAL_SURFACE('',#4020,215.);
#3657=CYLINDRICAL_SURFACE('',#4023,150.);
#3658=CYLINDRICAL_SURFACE('',#4027,155.);
#3659=CYLINDRICAL_SURFACE('',#4032,175.);
#3660=CYLINDRICAL_SURFACE('',#4036,170.);
#3661=CYLINDRICAL_SURFACE('',#4040,235.);
#3662=CYLINDRICAL_SURFACE('',#4044,230.);
#3663=CYLINDRICAL_SURFACE('',#4048,205.);
#3664=CYLINDRICAL_SURFACE('',#4052,200.);
#3665=CYLINDRICAL_SURFACE('',#4056,140.);
#3666=CYLINDRICAL_SURFACE('',#4060,135.);
#3667=CYLINDRICAL_SURFACE('',#4064,190.);
#3668=CYLINDRICAL_SURFACE('',#4068,185.);
#3669=CYLINDRICAL_SURFACE('',#4072,220.);
#3670=CYLINDRICAL_SURFACE('',#4076,215.);
#3671=CYLINDRICAL_SURFACE('',#4079,150.);
#3672=CYLINDRICAL_SURFACE('',#4083,155.);
#3673=CYLINDRICAL_SURFACE('',#4088,175.);
#3674=CYLINDRICAL_SURFACE('',#4092,170.);
#3675=CYLINDRICAL_SURFACE('',#4096,235.);
#3676=CYLINDRICAL_SURFACE('',#4100,230.);
#3677=CYLINDRICAL_SURFACE('',#4104,205.);
#3678=CYLINDRICAL_SURFACE('',#4108,200.);
#3679=CYLINDRICAL_SURFACE('',#4112,140.);
#3680=CYLINDRICAL_SURFACE('',#4116,135.);
#3681=CYLINDRICAL_SURFACE('',#4120,190.);
#3682=CYLINDRICAL_SURFACE('',#4124,185.);
#3683=CYLINDRICAL_SURFACE('',#4128,220.);
#3684=CYLINDRICAL_SURFACE('',#4132,215.);
#3685=CYLINDRICAL_SURFACE('',#4135,150.);
#3686=CYLINDRICAL_SURFACE('',#4139,155.);
#3687=CYLINDRICAL_SURFACE('',#4144,175.);
#3688=CYLINDRICAL_SURFACE('',#4148,170.);
#3689=CYLINDRICAL_SURFACE('',#4152,235.);
#3690=CYLINDRICAL_SURFACE('',#4156,230.);
#3691=CYLINDRICAL_SURFACE('',#4160,205.);
#3692=CYLINDRICAL_SURFACE('',#4164,200.);
#3693=CYLINDRICAL_SURFACE('',#4168,140.);
#3694=CYLINDRICAL_SURFACE('',#4172,135.);
#3695=CYLINDRICAL_SURFACE('',#4176,190.);
#3696=CYLINDRICAL_SURFACE('',#4180,185.);
#3697=CYLINDRICAL_SURFACE('',#4184,220.);
#3698=CYLINDRICAL_SURFACE('',#4188,215.);
#3699=CYLINDRICAL_SURFACE('',#4191,150.);
#3700=CYLINDRICAL_SURFACE('',#4195,155.);
#3701=CYLINDRICAL_SURFACE('',#4200,175.);
#3702=CYLINDRICAL_SURFACE('',#4204,170.);
#3703=CYLINDRICAL_SURFACE('',#4208,235.);
#3704=CYLINDRICAL_SURFACE('',#4212,230.);
#3705=CYLINDRICAL_SURFACE('',#4216,205.);
#3706=CYLINDRICAL_SURFACE('',#4220,200.);
#3707=CYLINDRICAL_SURFACE('',#4224,140.);
#3708=CYLINDRICAL_SURFACE('',#4228,135.);
#3709=CYLINDRICAL_SURFACE('',#4232,190.);
#3710=CYLINDRICAL_SURFACE('',#4236,185.);
#3711=CYLINDRICAL_SURFACE('',#4240,220.);
#3712=CYLINDRICAL_SURFACE('',#4244,215.);
#3713=CYLINDRICAL_SURFACE('',#4247,150.);
#3714=CYLINDRICAL_SURFACE('',#4251,155.);
#3715=CYLINDRICAL_SURFACE('',#4256,175.);
#3716=CYLINDRICAL_SURFACE('',#4260,170.);
#3717=CYLINDRICAL_SURFACE('',#4264,235.);
#3718=CYLINDRICAL_SURFACE('',#4268,230.);
#3719=CYLINDRICAL_SURFACE('',#4284,2.25);
#3720=CYLINDRICAL_SURFACE('',#4286,2.25);
#3721=CYLINDRICAL_SURFACE('',#4288,2.25);
#3722=CYLINDRICAL_SURFACE('',#4290,2.25);
#3723=CYLINDRICAL_SURFACE('',#4292,2.25);
#3724=CYLINDRICAL_SURFACE('',#4294,2.25);
#3725=CYLINDRICAL_SURFACE('',#4296,2.25);
#3726=CYLINDRICAL_SURFACE('',#4298,2.25);
#3727=CYLINDRICAL_SURFACE('',#4301,100.);
#3728=CYLINDRICAL_SURFACE('',#4304,100.);
#3729=CYLINDRICAL_SURFACE('',#4307,99.9999999999999);
#3730=CYLINDRICAL_SURFACE('',#4310,100.);
#3731=ADVANCED_FACE('',(#207),#3634,.F.);
#3732=ADVANCED_FACE('',(#208),#117,.F.);
#3733=ADVANCED_FACE('',(#209),#3635,.F.);
#3734=ADVANCED_FACE('',(#210),#118,.F.);
#3735=ADVANCED_FACE('',(#211),#3636,.T.);
#3736=ADVANCED_FACE('',(#212),#119,.F.);
#3737=ADVANCED_FACE('',(#213),#3637,.F.);
#3738=ADVANCED_FACE('',(#214),#120,.F.);
#3739=ADVANCED_FACE('',(#215),#3638,.T.);
#3740=ADVANCED_FACE('',(#216),#121,.F.);
#3741=ADVANCED_FACE('',(#217),#3639,.F.);
#3742=ADVANCED_FACE('',(#218),#122,.F.);
#3743=ADVANCED_FACE('',(#219),#3640,.T.);
#3744=ADVANCED_FACE('',(#220),#123,.F.);
#3745=ADVANCED_FACE('',(#221),#3641,.F.);
#3746=ADVANCED_FACE('',(#222),#124,.F.);
#3747=ADVANCED_FACE('',(#223),#3642,.T.);
#3748=ADVANCED_FACE('',(#224),#3643,.T.);
#3749=ADVANCED_FACE('',(#225),#125,.F.);
#3750=ADVANCED_FACE('',(#226),#3644,.F.);
#3751=ADVANCED_FACE('',(#227),#126,.F.);
#3752=ADVANCED_FACE('',(#228),#127,.F.);
#3753=ADVANCED_FACE('',(#229),#3645,.F.);
#3754=ADVANCED_FACE('',(#230),#128,.F.);
#3755=ADVANCED_FACE('',(#231),#3646,.T.);
#3756=ADVANCED_FACE('',(#232),#129,.F.);
#3757=ADVANCED_FACE('',(#233),#3647,.F.);
#3758=ADVANCED_FACE('',(#234),#130,.F.);
#3759=ADVANCED_FACE('',(#235),#3648,.T.);
#3760=ADVANCED_FACE('',(#236),#131,.F.);
#3761=ADVANCED_FACE('',(#237),#3649,.F.);
#3762=ADVANCED_FACE('',(#238),#132,.F.);
#3763=ADVANCED_FACE('',(#239),#3650,.T.);
#3764=ADVANCED_FACE('',(#240),#133,.F.);
#3765=ADVANCED_FACE('',(#241),#3651,.F.);
#3766=ADVANCED_FACE('',(#242),#134,.F.);
#3767=ADVANCED_FACE('',(#243),#3652,.T.);
#3768=ADVANCED_FACE('',(#244),#135,.F.);
#3769=ADVANCED_FACE('',(#245),#3653,.F.);
#3770=ADVANCED_FACE('',(#246),#136,.F.);
#3771=ADVANCED_FACE('',(#247),#3654,.T.);
#3772=ADVANCED_FACE('',(#248),#137,.F.);
#3773=ADVANCED_FACE('',(#249),#3655,.F.);
#3774=ADVANCED_FACE('',(#250),#138,.F.);
#3775=ADVANCED_FACE('',(#251),#3656,.T.);
#3776=ADVANCED_FACE('',(#252),#3657,.T.);
#3777=ADVANCED_FACE('',(#253),#139,.F.);
#3778=ADVANCED_FACE('',(#254),#3658,.F.);
#3779=ADVANCED_FACE('',(#255),#140,.F.);
#3780=ADVANCED_FACE('',(#256),#141,.F.);
#3781=ADVANCED_FACE('',(#257),#3659,.F.);
#3782=ADVANCED_FACE('',(#258),#142,.F.);
#3783=ADVANCED_FACE('',(#259),#3660,.T.);
#3784=ADVANCED_FACE('',(#260),#143,.F.);
#3785=ADVANCED_FACE('',(#261),#3661,.F.);
#3786=ADVANCED_FACE('',(#262),#144,.F.);
#3787=ADVANCED_FACE('',(#263),#3662,.T.);
#3788=ADVANCED_FACE('',(#264),#145,.F.);
#3789=ADVANCED_FACE('',(#265),#3663,.F.);
#3790=ADVANCED_FACE('',(#266),#146,.F.);
#3791=ADVANCED_FACE('',(#267),#3664,.T.);
#3792=ADVANCED_FACE('',(#268),#147,.F.);
#3793=ADVANCED_FACE('',(#269),#3665,.F.);
#3794=ADVANCED_FACE('',(#270),#148,.F.);
#3795=ADVANCED_FACE('',(#271),#3666,.T.);
#3796=ADVANCED_FACE('',(#272),#149,.F.);
#3797=ADVANCED_FACE('',(#273),#3667,.F.);
#3798=ADVANCED_FACE('',(#274),#150,.F.);
#3799=ADVANCED_FACE('',(#275),#3668,.T.);
#3800=ADVANCED_FACE('',(#276),#151,.F.);
#3801=ADVANCED_FACE('',(#277),#3669,.F.);
#3802=ADVANCED_FACE('',(#278),#152,.F.);
#3803=ADVANCED_FACE('',(#279),#3670,.T.);
#3804=ADVANCED_FACE('',(#280),#3671,.T.);
#3805=ADVANCED_FACE('',(#281),#153,.F.);
#3806=ADVANCED_FACE('',(#282),#3672,.F.);
#3807=ADVANCED_FACE('',(#283),#154,.F.);
#3808=ADVANCED_FACE('',(#284),#155,.F.);
#3809=ADVANCED_FACE('',(#285),#3673,.F.);
#3810=ADVANCED_FACE('',(#286),#156,.F.);
#3811=ADVANCED_FACE('',(#287),#3674,.T.);
#3812=ADVANCED_FACE('',(#288),#157,.F.);
#3813=ADVANCED_FACE('',(#289),#3675,.F.);
#3814=ADVANCED_FACE('',(#290),#158,.F.);
#3815=ADVANCED_FACE('',(#291),#3676,.T.);
#3816=ADVANCED_FACE('',(#292),#159,.F.);
#3817=ADVANCED_FACE('',(#293),#3677,.F.);
#3818=ADVANCED_FACE('',(#294),#160,.F.);
#3819=ADVANCED_FACE('',(#295),#3678,.T.);
#3820=ADVANCED_FACE('',(#296),#161,.F.);
#3821=ADVANCED_FACE('',(#297),#3679,.F.);
#3822=ADVANCED_FACE('',(#298),#162,.F.);
#3823=ADVANCED_FACE('',(#299),#3680,.T.);
#3824=ADVANCED_FACE('',(#300),#163,.F.);
#3825=ADVANCED_FACE('',(#301),#3681,.F.);
#3826=ADVANCED_FACE('',(#302),#164,.F.);
#3827=ADVANCED_FACE('',(#303),#3682,.T.);
#3828=ADVANCED_FACE('',(#304),#165,.F.);
#3829=ADVANCED_FACE('',(#305),#3683,.F.);
#3830=ADVANCED_FACE('',(#306),#166,.F.);
#3831=ADVANCED_FACE('',(#307),#3684,.T.);
#3832=ADVANCED_FACE('',(#308),#3685,.T.);
#3833=ADVANCED_FACE('',(#309),#167,.F.);
#3834=ADVANCED_FACE('',(#310),#3686,.F.);
#3835=ADVANCED_FACE('',(#311),#168,.F.);
#3836=ADVANCED_FACE('',(#312),#169,.F.);
#3837=ADVANCED_FACE('',(#313),#3687,.F.);
#3838=ADVANCED_FACE('',(#314),#170,.F.);
#3839=ADVANCED_FACE('',(#315),#3688,.T.);
#3840=ADVANCED_FACE('',(#316),#171,.F.);
#3841=ADVANCED_FACE('',(#317),#3689,.F.);
#3842=ADVANCED_FACE('',(#318),#172,.F.);
#3843=ADVANCED_FACE('',(#319),#3690,.T.);
#3844=ADVANCED_FACE('',(#320),#173,.F.);
#3845=ADVANCED_FACE('',(#321),#3691,.F.);
#3846=ADVANCED_FACE('',(#322),#174,.F.);
#3847=ADVANCED_FACE('',(#323),#3692,.T.);
#3848=ADVANCED_FACE('',(#324),#175,.F.);
#3849=ADVANCED_FACE('',(#325),#3693,.F.);
#3850=ADVANCED_FACE('',(#326),#176,.F.);
#3851=ADVANCED_FACE('',(#327),#3694,.T.);
#3852=ADVANCED_FACE('',(#328),#177,.F.);
#3853=ADVANCED_FACE('',(#329),#3695,.F.);
#3854=ADVANCED_FACE('',(#330),#178,.F.);
#3855=ADVANCED_FACE('',(#331),#3696,.T.);
#3856=ADVANCED_FACE('',(#332),#179,.F.);
#3857=ADVANCED_FACE('',(#333),#3697,.F.);
#3858=ADVANCED_FACE('',(#334),#180,.F.);
#3859=ADVANCED_FACE('',(#335),#3698,.T.);
#3860=ADVANCED_FACE('',(#336),#3699,.T.);
#3861=ADVANCED_FACE('',(#337),#181,.F.);
#3862=ADVANCED_FACE('',(#338),#3700,.F.);
#3863=ADVANCED_FACE('',(#339),#182,.F.);
#3864=ADVANCED_FACE('',(#340),#183,.F.);
#3865=ADVANCED_FACE('',(#341),#3701,.F.);
#3866=ADVANCED_FACE('',(#342),#184,.F.);
#3867=ADVANCED_FACE('',(#343),#3702,.T.);
#3868=ADVANCED_FACE('',(#344),#185,.F.);
#3869=ADVANCED_FACE('',(#345),#3703,.F.);
#3870=ADVANCED_FACE('',(#346),#186,.F.);
#3871=ADVANCED_FACE('',(#347),#3704,.T.);
#3872=ADVANCED_FACE('',(#348),#187,.F.);
#3873=ADVANCED_FACE('',(#349),#3705,.F.);
#3874=ADVANCED_FACE('',(#350),#188,.F.);
#3875=ADVANCED_FACE('',(#351),#3706,.T.);
#3876=ADVANCED_FACE('',(#352),#189,.F.);
#3877=ADVANCED_FACE('',(#353),#3707,.F.);
#3878=ADVANCED_FACE('',(#354),#190,.F.);
#3879=ADVANCED_FACE('',(#355),#3708,.T.);
#3880=ADVANCED_FACE('',(#356),#191,.F.);
#3881=ADVANCED_FACE('',(#357),#3709,.F.);
#3882=ADVANCED_FACE('',(#358),#192,.F.);
#3883=ADVANCED_FACE('',(#359),#3710,.T.);
#3884=ADVANCED_FACE('',(#360),#193,.F.);
#3885=ADVANCED_FACE('',(#361),#3711,.F.);
#3886=ADVANCED_FACE('',(#362),#194,.F.);
#3887=ADVANCED_FACE('',(#363),#3712,.T.);
#3888=ADVANCED_FACE('',(#364),#3713,.T.);
#3889=ADVANCED_FACE('',(#365),#195,.F.);
#3890=ADVANCED_FACE('',(#366),#3714,.F.);
#3891=ADVANCED_FACE('',(#367),#196,.F.);
#3892=ADVANCED_FACE('',(#368),#197,.F.);
#3893=ADVANCED_FACE('',(#369),#3715,.F.);
#3894=ADVANCED_FACE('',(#370),#198,.F.);
#3895=ADVANCED_FACE('',(#371),#3716,.T.);
#3896=ADVANCED_FACE('',(#372),#199,.F.);
#3897=ADVANCED_FACE('',(#373),#3717,.F.);
#3898=ADVANCED_FACE('',(#374),#200,.F.);
#3899=ADVANCED_FACE('',(#375),#3718,.T.);
#3900=ADVANCED_FACE('',(#376,#15,#16,#17,#18,#19,#20,#21,#22,#23,#24,#25,
#26,#27,#28,#29,#30,#31,#32,#33,#34,#35,#36,#37,#38,#39,#40,#41,#42,#43,
#44,#45,#46,#47,#48,#49,#50,#51,#52,#53,#54,#55,#56,#57,#58,#59,#60,#61,
#62,#63,#64,#65),#201,.T.);
#3901=ADVANCED_FACE('',(#377),#3719,.F.);
#3902=ADVANCED_FACE('',(#378),#3720,.F.);
#3903=ADVANCED_FACE('',(#379),#3721,.F.);
#3904=ADVANCED_FACE('',(#380),#3722,.F.);
#3905=ADVANCED_FACE('',(#381),#3723,.F.);
#3906=ADVANCED_FACE('',(#382),#3724,.F.);
#3907=ADVANCED_FACE('',(#383),#3725,.F.);
#3908=ADVANCED_FACE('',(#384),#3726,.F.);
#3909=ADVANCED_FACE('',(#385),#202,.T.);
#3910=ADVANCED_FACE('',(#386),#3727,.T.);
#3911=ADVANCED_FACE('',(#387),#203,.T.);
#3912=ADVANCED_FACE('',(#388),#3728,.T.);
#3913=ADVANCED_FACE('',(#389),#204,.T.);
#3914=ADVANCED_FACE('',(#390),#3729,.T.);
#3915=ADVANCED_FACE('',(#391),#205,.T.);
#3916=ADVANCED_FACE('',(#392),#3730,.T.);
#3917=ADVANCED_FACE('',(#393,#66,#67,#68,#69,#70,#71,#72,#73,#74,#75,#76,
#77,#78,#79,#80,#81,#82,#83,#84,#85,#86,#87,#88,#89,#90,#91,#92,#93,#94,
#95,#96,#97,#98,#99,#100,#101,#102,#103,#104,#105,#106,#107,#108,#109,#110,
#111,#112,#113,#114,#115,#116),#206,.F.);
#3918=CLOSED_SHELL('',(#3731,#3732,#3733,#3734,#3735,#3736,#3737,#3738,
#3739,#3740,#3741,#3742,#3743,#3744,#3745,#3746,#3747,#3748,#3749,#3750,
#3751,#3752,#3753,#3754,#3755,#3756,#3757,#3758,#3759,#3760,#3761,#3762,
#3763,#3764,#3765,#3766,#3767,#3768,#3769,#3770,#3771,#3772,#3773,#3774,
#3775,#3776,#3777,#3778,#3779,#3780,#3781,#3782,#3783,#3784,#3785,#3786,
#3787,#3788,#3789,#3790,#3791,#3792,#3793,#3794,#3795,#3796,#3797,#3798,
#3799,#3800,#3801,#3802,#3803,#3804,#3805,#3806,#3807,#3808,#3809,#3810,
#3811,#3812,#3813,#3814,#3815,#3816,#3817,#3818,#3819,#3820,#3821,#3822,
#3823,#3824,#3825,#3826,#3827,#3828,#3829,#3830,#3831,#3832,#3833,#3834,
#3835,#3836,#3837,#3838,#3839,#3840,#3841,#3842,#3843,#3844,#3845,#3846,
#3847,#3848,#3849,#3850,#3851,#3852,#3853,#3854,#3855,#3856,#3857,#3858,
#3859,#3860,#3861,#3862,#3863,#3864,#3865,#3866,#3867,#3868,#3869,#3870,
#3871,#3872,#3873,#3874,#3875,#3876,#3877,#3878,#3879,#3880,#3881,#3882,
#3883,#3884,#3885,#3886,#3887,#3888,#3889,#3890,#3891,#3892,#3893,#3894,
#3895,#3896,#3897,#3898,#3899,#3900,#3901,#3902,#3903,#3904,#3905,#3906,
#3907,#3908,#3909,#3910,#3911,#3912,#3913,#3914,#3915,#3916,#3917));
#3919=DERIVED_UNIT_ELEMENT(#3921,1.);
#3920=DERIVED_UNIT_ELEMENT(#6556,-3.);
#3921=(
MASS_UNIT()
NAMED_UNIT(*)
SI_UNIT(.KILO.,.GRAM.)
);
#3922=DERIVED_UNIT((#3919,#3920));
#3923=MEASURE_REPRESENTATION_ITEM('density measure',
POSITIVE_RATIO_MEASURE(7850.),#3922);
#3924=PROPERTY_DEFINITION_REPRESENTATION(#3929,#3926);
#3925=PROPERTY_DEFINITION_REPRESENTATION(#3930,#3927);
#3926=REPRESENTATION('material name',(#3928),#6553);
#3927=REPRESENTATION('density',(#3923),#6553);
#3928=DESCRIPTIVE_REPRESENTATION_ITEM('\X2\94A2\X0\','\X2\94A2\X0\');
#3929=PROPERTY_DEFINITION('material property','material name',#6563);
#3930=PROPERTY_DEFINITION('material property','density of part',#6563);
#3931=AXIS2_PLACEMENT_3D('',#5438,#4313,#4314);
#3932=AXIS2_PLACEMENT_3D('',#5439,#4315,#4316);
#3933=AXIS2_PLACEMENT_3D('',#5441,#4317,#4318);
#3934=AXIS2_PLACEMENT_3D('',#5444,#4320,#4321);
#3935=AXIS2_PLACEMENT_3D('',#5445,#4322,#4323);
#3936=AXIS2_PLACEMENT_3D('',#5454,#4328,#4329);
#3937=AXIS2_PLACEMENT_3D('',#5456,#4330,#4331);
#3938=AXIS2_PLACEMENT_3D('',#5458,#4332,#4333);
#3939=AXIS2_PLACEMENT_3D('',#5460,#4335,#4336);
#3940=AXIS2_PLACEMENT_3D('',#5466,#4340,#4341);
#3941=AXIS2_PLACEMENT_3D('',#5467,#4342,#4343);
#3942=AXIS2_PLACEMENT_3D('',#5468,#4344,#4345);
#3943=AXIS2_PLACEMENT_3D('',#5469,#4346,#4347);
#3944=AXIS2_PLACEMENT_3D('',#5478,#4352,#4353);
#3945=AXIS2_PLACEMENT_3D('',#5480,#4354,#4355);
#3946=AXIS2_PLACEMENT_3D('',#5482,#4356,#4357);
#3947=AXIS2_PLACEMENT_3D('',#5484,#4359,#4360);
#3948=AXIS2_PLACEMENT_3D('',#5490,#4364,#4365);
#3949=AXIS2_PLACEMENT_3D('',#5491,#4366,#4367);
#3950=AXIS2_PLACEMENT_3D('',#5492,#4368,#4369);
#3951=AXIS2_PLACEMENT_3D('',#5493,#4370,#4371);
#3952=AXIS2_PLACEMENT_3D('',#5502,#4376,#4377);
#3953=AXIS2_PLACEMENT_3D('',#5504,#4378,#4379);
#3954=AXIS2_PLACEMENT_3D('',#5506,#4380,#4381);
#3955=AXIS2_PLACEMENT_3D('',#5508,#4383,#4384);
#3956=AXIS2_PLACEMENT_3D('',#5514,#4388,#4389);
#3957=AXIS2_PLACEMENT_3D('',#5515,#4390,#4391);
#3958=AXIS2_PLACEMENT_3D('',#5516,#4392,#4393);
#3959=AXIS2_PLACEMENT_3D('',#5517,#4394,#4395);
#3960=AXIS2_PLACEMENT_3D('',#5526,#4400,#4401);
#3961=AXIS2_PLACEMENT_3D('',#5528,#4402,#4403);
#3962=AXIS2_PLACEMENT_3D('',#5530,#4404,#4405);
#3963=AXIS2_PLACEMENT_3D('',#5532,#4407,#4408);
#3964=AXIS2_PLACEMENT_3D('',#5538,#4412,#4413);
#3965=AXIS2_PLACEMENT_3D('',#5539,#4414,#4415);
#3966=AXIS2_PLACEMENT_3D('',#5540,#4416,#4417);
#3967=AXIS2_PLACEMENT_3D('',#5541,#4418,#4419);
#3968=AXIS2_PLACEMENT_3D('',#5544,#4420,#4421);
#3969=AXIS2_PLACEMENT_3D('',#5548,#4423,#4424);
#3970=AXIS2_PLACEMENT_3D('',#5550,#4426,#4427);
#3971=AXIS2_PLACEMENT_3D('',#5556,#4431,#4432);
#3972=AXIS2_PLACEMENT_3D('',#5558,#4433,#4434);
#3973=AXIS2_PLACEMENT_3D('',#5560,#4435,#4436);
#3974=AXIS2_PLACEMENT_3D('',#5562,#4438,#4439);
#3975=AXIS2_PLACEMENT_3D('',#5565,#4442,#4443);
#3976=AXIS2_PLACEMENT_3D('',#5574,#4448,#4449);
#3977=AXIS2_PLACEMENT_3D('',#5576,#4450,#4451);
#3978=AXIS2_PLACEMENT_3D('',#5578,#4452,#4453);
#3979=AXIS2_PLACEMENT_3D('',#5580,#4455,#4456);
#3980=AXIS2_PLACEMENT_3D('',#5586,#4460,#4461);
#3981=AXIS2_PLACEMENT_3D('',#5587,#4462,#4463);
#3982=AXIS2_PLACEMENT_3D('',#5588,#4464,#4465);
#3983=AXIS2_PLACEMENT_3D('',#5589,#4466,#4467);
#3984=AXIS2_PLACEMENT_3D('',#5598,#4472,#4473);
#3985=AXIS2_PLACEMENT_3D('',#5600,#4474,#4475);
#3986=AXIS2_PLACEMENT_3D('',#5602,#4476,#4477);
#3987=AXIS2_PLACEMENT_3D('',#5604,#4479,#4480);
#3988=AXIS2_PLACEMENT_3D('',#5610,#4484,#4485);
#3989=AXIS2_PLACEMENT_3D('',#5611,#4486,#4487);
#3990=AXIS2_PLACEMENT_3D('',#5612,#4488,#4489);
#3991=AXIS2_PLACEMENT_3D('',#5613,#4490,#4491);
#3992=AXIS2_PLACEMENT_3D('',#5622,#4496,#4497);
#3993=AXIS2_PLACEMENT_3D('',#5624,#4498,#4499);
#3994=AXIS2_PLACEMENT_3D('',#5626,#4500,#4501);
#3995=AXIS2_PLACEMENT_3D('',#5628,#4503,#4504);
#3996=AXIS2_PLACEMENT_3D('',#5634,#4508,#4509);
#3997=AXIS2_PLACEMENT_3D('',#5635,#4510,#4511);
#3998=AXIS2_PLACEMENT_3D('',#5636,#4512,#4513);
#3999=AXIS2_PLACEMENT_3D('',#5637,#4514,#4515);
#4000=AXIS2_PLACEMENT_3D('',#5646,#4520,#4521);
#4001=AXIS2_PLACEMENT_3D('',#5648,#4522,#4523);
#4002=AXIS2_PLACEMENT_3D('',#5650,#4524,#4525);
#4003=AXIS2_PLACEMENT_3D('',#5652,#4527,#4528);
#4004=AXIS2_PLACEMENT_3D('',#5658,#4532,#4533);
#4005=AXIS2_PLACEMENT_3D('',#5659,#4534,#4535);
#4006=AXIS2_PLACEMENT_3D('',#5660,#4536,#4537);
#4007=AXIS2_PLACEMENT_3D('',#5661,#4538,#4539);
#4008=AXIS2_PLACEMENT_3D('',#5670,#4544,#4545);
#4009=AXIS2_PLACEMENT_3D('',#5672,#4546,#4547);
#4010=AXIS2_PLACEMENT_3D('',#5674,#4548,#4549);
#4011=AXIS2_PLACEMENT_3D('',#5676,#4551,#4552);
#4012=AXIS2_PLACEMENT_3D('',#5682,#4556,#4557);
#4013=AXIS2_PLACEMENT_3D('',#5683,#4558,#4559);
#4014=AXIS2_PLACEMENT_3D('',#5684,#4560,#4561);
#4015=AXIS2_PLACEMENT_3D('',#5685,#4562,#4563);
#4016=AXIS2_PLACEMENT_3D('',#5694,#4568,#4569);
#4017=AXIS2_PLACEMENT_3D('',#5696,#4570,#4571);
#4018=AXIS2_PLACEMENT_3D('',#5698,#4572,#4573);
#4019=AXIS2_PLACEMENT_3D('',#5700,#4575,#4576);
#4020=AXIS2_PLACEMENT_3D('',#5706,#4580,#4581);
#4021=AXIS2_PLACEMENT_3D('',#5707,#4582,#4583);
#4022=AXIS2_PLACEMENT_3D('',#5708,#4584,#4585);
#4023=AXIS2_PLACEMENT_3D('',#5709,#4586,#4587);
#4024=AXIS2_PLACEMENT_3D('',#5712,#4588,#4589);
#4025=AXIS2_PLACEMENT_3D('',#5716,#4591,#4592);
#4026=AXIS2_PLACEMENT_3D('',#5718,#4594,#4595);
#4027=AXIS2_PLACEMENT_3D('',#5724,#4599,#4600);
#4028=AXIS2_PLACEMENT_3D('',#5726,#4601,#4602);
#4029=AXIS2_PLACEMENT_3D('',#5728,#4603,#4604);
#4030=AXIS2_PLACEMENT_3D('',#5730,#4606,#4607);
#4031=AXIS2_PLACEMENT_3D('',#5733,#4610,#4611);
#4032=AXIS2_PLACEMENT_3D('',#5742,#4616,#4617);
#4033=AXIS2_PLACEMENT_3D('',#5744,#4618,#4619);
#4034=AXIS2_PLACEMENT_3D('',#5746,#4620,#4621);
#4035=AXIS2_PLACEMENT_3D('',#5748,#4623,#4624);
#4036=AXIS2_PLACEMENT_3D('',#5754,#4628,#4629);
#4037=AXIS2_PLACEMENT_3D('',#5755,#4630,#4631);
#4038=AXIS2_PLACEMENT_3D('',#5756,#4632,#4633);
#4039=AXIS2_PLACEMENT_3D('',#5757,#4634,#4635);
#4040=AXIS2_PLACEMENT_3D('',#5766,#4640,#4641);
#4041=AXIS2_PLACEMENT_3D('',#5768,#4642,#4643);
#4042=AXIS2_PLACEMENT_3D('',#5770,#4644,#4645);
#4043=AXIS2_PLACEMENT_3D('',#5772,#4647,#4648);
#4044=AXIS2_PLACEMENT_3D('',#5778,#4652,#4653);
#4045=AXIS2_PLACEMENT_3D('',#5779,#4654,#4655);
#4046=AXIS2_PLACEMENT_3D('',#5780,#4656,#4657);
#4047=AXIS2_PLACEMENT_3D('',#5781,#4658,#4659);
#4048=AXIS2_PLACEMENT_3D('',#5790,#4664,#4665);
#4049=AXIS2_PLACEMENT_3D('',#5792,#4666,#4667);
#4050=AXIS2_PLACEMENT_3D('',#5794,#4668,#4669);
#4051=AXIS2_PLACEMENT_3D('',#5796,#4671,#4672);
#4052=AXIS2_PLACEMENT_3D('',#5802,#4676,#4677);
#4053=AXIS2_PLACEMENT_3D('',#5803,#4678,#4679);
#4054=AXIS2_PLACEMENT_3D('',#5804,#4680,#4681);
#4055=AXIS2_PLACEMENT_3D('',#5805,#4682,#4683);
#4056=AXIS2_PLACEMENT_3D('',#5814,#4688,#4689);
#4057=AXIS2_PLACEMENT_3D('',#5816,#4690,#4691);
#4058=AXIS2_PLACEMENT_3D('',#5818,#4692,#4693);
#4059=AXIS2_PLACEMENT_3D('',#5820,#4695,#4696);
#4060=AXIS2_PLACEMENT_3D('',#5826,#4700,#4701);
#4061=AXIS2_PLACEMENT_3D('',#5827,#4702,#4703);
#4062=AXIS2_PLACEMENT_3D('',#5828,#4704,#4705);
#4063=AXIS2_PLACEMENT_3D('',#5829,#4706,#4707);
#4064=AXIS2_PLACEMENT_3D('',#5838,#4712,#4713);
#4065=AXIS2_PLACEMENT_3D('',#5840,#4714,#4715);
#4066=AXIS2_PLACEMENT_3D('',#5842,#4716,#4717);
#4067=AXIS2_PLACEMENT_3D('',#5844,#4719,#4720);
#4068=AXIS2_PLACEMENT_3D('',#5850,#4724,#4725);
#4069=AXIS2_PLACEMENT_3D('',#5851,#4726,#4727);
#4070=AXIS2_PLACEMENT_3D('',#5852,#4728,#4729);
#4071=AXIS2_PLACEMENT_3D('',#5853,#4730,#4731);
#4072=AXIS2_PLACEMENT_3D('',#5862,#4736,#4737);
#4073=AXIS2_PLACEMENT_3D('',#5864,#4738,#4739);
#4074=AXIS2_PLACEMENT_3D('',#5866,#4740,#4741);
#4075=AXIS2_PLACEMENT_3D('',#5868,#4743,#4744);
#4076=AXIS2_PLACEMENT_3D('',#5874,#4748,#4749);
#4077=AXIS2_PLACEMENT_3D('',#5875,#4750,#4751);
#4078=AXIS2_PLACEMENT_3D('',#5876,#4752,#4753);
#4079=AXIS2_PLACEMENT_3D('',#5877,#4754,#4755);
#4080=AXIS2_PLACEMENT_3D('',#5880,#4756,#4757);
#4081=AXIS2_PLACEMENT_3D('',#5884,#4759,#4760);
#4082=AXIS2_PLACEMENT_3D('',#5886,#4762,#4763);
#4083=AXIS2_PLACEMENT_3D('',#5892,#4767,#4768);
#4084=AXIS2_PLACEMENT_3D('',#5894,#4769,#4770);
#4085=AXIS2_PLACEMENT_3D('',#5896,#4771,#4772);
#4086=AXIS2_PLACEMENT_3D('',#5898,#4774,#4775);
#4087=AXIS2_PLACEMENT_3D('',#5901,#4778,#4779);
#4088=AXIS2_PLACEMENT_3D('',#5910,#4784,#4785);
#4089=AXIS2_PLACEMENT_3D('',#5912,#4786,#4787);
#4090=AXIS2_PLACEMENT_3D('',#5914,#4788,#4789);
#4091=AXIS2_PLACEMENT_3D('',#5916,#4791,#4792);
#4092=AXIS2_PLACEMENT_3D('',#5922,#4796,#4797);
#4093=AXIS2_PLACEMENT_3D('',#5923,#4798,#4799);
#4094=AXIS2_PLACEMENT_3D('',#5924,#4800,#4801);
#4095=AXIS2_PLACEMENT_3D('',#5925,#4802,#4803);
#4096=AXIS2_PLACEMENT_3D('',#5934,#4808,#4809);
#4097=AXIS2_PLACEMENT_3D('',#5936,#4810,#4811);
#4098=AXIS2_PLACEMENT_3D('',#5938,#4812,#4813);
#4099=AXIS2_PLACEMENT_3D('',#5940,#4815,#4816);
#4100=AXIS2_PLACEMENT_3D('',#5946,#4820,#4821);
#4101=AXIS2_PLACEMENT_3D('',#5947,#4822,#4823);
#4102=AXIS2_PLACEMENT_3D('',#5948,#4824,#4825);
#4103=AXIS2_PLACEMENT_3D('',#5949,#4826,#4827);
#4104=AXIS2_PLACEMENT_3D('',#5958,#4832,#4833);
#4105=AXIS2_PLACEMENT_3D('',#5960,#4834,#4835);
#4106=AXIS2_PLACEMENT_3D('',#5962,#4836,#4837);
#4107=AXIS2_PLACEMENT_3D('',#5964,#4839,#4840);
#4108=AXIS2_PLACEMENT_3D('',#5970,#4844,#4845);
#4109=AXIS2_PLACEMENT_3D('',#5971,#4846,#4847);
#4110=AXIS2_PLACEMENT_3D('',#5972,#4848,#4849);
#4111=AXIS2_PLACEMENT_3D('',#5973,#4850,#4851);
#4112=AXIS2_PLACEMENT_3D('',#5982,#4856,#4857);
#4113=AXIS2_PLACEMENT_3D('',#5984,#4858,#4859);
#4114=AXIS2_PLACEMENT_3D('',#5986,#4860,#4861);
#4115=AXIS2_PLACEMENT_3D('',#5988,#4863,#4864);
#4116=AXIS2_PLACEMENT_3D('',#5994,#4868,#4869);
#4117=AXIS2_PLACEMENT_3D('',#5995,#4870,#4871);
#4118=AXIS2_PLACEMENT_3D('',#5996,#4872,#4873);
#4119=AXIS2_PLACEMENT_3D('',#5997,#4874,#4875);
#4120=AXIS2_PLACEMENT_3D('',#6006,#4880,#4881);
#4121=AXIS2_PLACEMENT_3D('',#6008,#4882,#4883);
#4122=AXIS2_PLACEMENT_3D('',#6010,#4884,#4885);
#4123=AXIS2_PLACEMENT_3D('',#6012,#4887,#4888);
#4124=AXIS2_PLACEMENT_3D('',#6018,#4892,#4893);
#4125=AXIS2_PLACEMENT_3D('',#6019,#4894,#4895);
#4126=AXIS2_PLACEMENT_3D('',#6020,#4896,#4897);
#4127=AXIS2_PLACEMENT_3D('',#6021,#4898,#4899);
#4128=AXIS2_PLACEMENT_3D('',#6030,#4904,#4905);
#4129=AXIS2_PLACEMENT_3D('',#6032,#4906,#4907);
#4130=AXIS2_PLACEMENT_3D('',#6034,#4908,#4909);
#4131=AXIS2_PLACEMENT_3D('',#6036,#4911,#4912);
#4132=AXIS2_PLACEMENT_3D('',#6042,#4916,#4917);
#4133=AXIS2_PLACEMENT_3D('',#6043,#4918,#4919);
#4134=AXIS2_PLACEMENT_3D('',#6044,#4920,#4921);
#4135=AXIS2_PLACEMENT_3D('',#6045,#4922,#4923);
#4136=AXIS2_PLACEMENT_3D('',#6048,#4924,#4925);
#4137=AXIS2_PLACEMENT_3D('',#6052,#4927,#4928);
#4138=AXIS2_PLACEMENT_3D('',#6054,#4930,#4931);
#4139=AXIS2_PLACEMENT_3D('',#6060,#4935,#4936);
#4140=AXIS2_PLACEMENT_3D('',#6062,#4937,#4938);
#4141=AXIS2_PLACEMENT_3D('',#6064,#4939,#4940);
#4142=AXIS2_PLACEMENT_3D('',#6066,#4942,#4943);
#4143=AXIS2_PLACEMENT_3D('',#6069,#4946,#4947);
#4144=AXIS2_PLACEMENT_3D('',#6078,#4952,#4953);
#4145=AXIS2_PLACEMENT_3D('',#6080,#4954,#4955);
#4146=AXIS2_PLACEMENT_3D('',#6082,#4956,#4957);
#4147=AXIS2_PLACEMENT_3D('',#6084,#4959,#4960);
#4148=AXIS2_PLACEMENT_3D('',#6090,#4964,#4965);
#4149=AXIS2_PLACEMENT_3D('',#6091,#4966,#4967);
#4150=AXIS2_PLACEMENT_3D('',#6092,#4968,#4969);
#4151=AXIS2_PLACEMENT_3D('',#6093,#4970,#4971);
#4152=AXIS2_PLACEMENT_3D('',#6102,#4976,#4977);
#4153=AXIS2_PLACEMENT_3D('',#6104,#4978,#4979);
#4154=AXIS2_PLACEMENT_3D('',#6106,#4980,#4981);
#4155=AXIS2_PLACEMENT_3D('',#6108,#4983,#4984);
#4156=AXIS2_PLACEMENT_3D('',#6114,#4988,#4989);
#4157=AXIS2_PLACEMENT_3D('',#6115,#4990,#4991);
#4158=AXIS2_PLACEMENT_3D('',#6116,#4992,#4993);
#4159=AXIS2_PLACEMENT_3D('',#6117,#4994,#4995);
#4160=AXIS2_PLACEMENT_3D('',#6126,#5000,#5001);
#4161=AXIS2_PLACEMENT_3D('',#6128,#5002,#5003);
#4162=AXIS2_PLACEMENT_3D('',#6130,#5004,#5005);
#4163=AXIS2_PLACEMENT_3D('',#6132,#5007,#5008);
#4164=AXIS2_PLACEMENT_3D('',#6138,#5012,#5013);
#4165=AXIS2_PLACEMENT_3D('',#6139,#5014,#5015);
#4166=AXIS2_PLACEMENT_3D('',#6140,#5016,#5017);
#4167=AXIS2_PLACEMENT_3D('',#6141,#5018,#5019);
#4168=AXIS2_PLACEMENT_3D('',#6150,#5024,#5025);
#4169=AXIS2_PLACEMENT_3D('',#6152,#5026,#5027);
#4170=AXIS2_PLACEMENT_3D('',#6154,#5028,#5029);
#4171=AXIS2_PLACEMENT_3D('',#6156,#5031,#5032);
#4172=AXIS2_PLACEMENT_3D('',#6162,#5036,#5037);
#4173=AXIS2_PLACEMENT_3D('',#6163,#5038,#5039);
#4174=AXIS2_PLACEMENT_3D('',#6164,#5040,#5041);
#4175=AXIS2_PLACEMENT_3D('',#6165,#5042,#5043);
#4176=AXIS2_PLACEMENT_3D('',#6174,#5048,#5049);
#4177=AXIS2_PLACEMENT_3D('',#6176,#5050,#5051);
#4178=AXIS2_PLACEMENT_3D('',#6178,#5052,#5053);
#4179=AXIS2_PLACEMENT_3D('',#6180,#5055,#5056);
#4180=AXIS2_PLACEMENT_3D('',#6186,#5060,#5061);
#4181=AXIS2_PLACEMENT_3D('',#6187,#5062,#5063);
#4182=AXIS2_PLACEMENT_3D('',#6188,#5064,#5065);
#4183=AXIS2_PLACEMENT_3D('',#6189,#5066,#5067);
#4184=AXIS2_PLACEMENT_3D('',#6198,#5072,#5073);
#4185=AXIS2_PLACEMENT_3D('',#6200,#5074,#5075);
#4186=AXIS2_PLACEMENT_3D('',#6202,#5076,#5077);
#4187=AXIS2_PLACEMENT_3D('',#6204,#5079,#5080);
#4188=AXIS2_PLACEMENT_3D('',#6210,#5084,#5085);
#4189=AXIS2_PLACEMENT_3D('',#6211,#5086,#5087);
#4190=AXIS2_PLACEMENT_3D('',#6212,#5088,#5089);
#4191=AXIS2_PLACEMENT_3D('',#6213,#5090,#5091);
#4192=AXIS2_PLACEMENT_3D('',#6216,#5092,#5093);
#4193=AXIS2_PLACEMENT_3D('',#6220,#5095,#5096);
#4194=AXIS2_PLACEMENT_3D('',#6222,#5098,#5099);
#4195=AXIS2_PLACEMENT_3D('',#6228,#5103,#5104);
#4196=AXIS2_PLACEMENT_3D('',#6230,#5105,#5106);
#4197=AXIS2_PLACEMENT_3D('',#6232,#5107,#5108);
#4198=AXIS2_PLACEMENT_3D('',#6234,#5110,#5111);
#4199=AXIS2_PLACEMENT_3D('',#6237,#5114,#5115);
#4200=AXIS2_PLACEMENT_3D('',#6246,#5120,#5121);
#4201=AXIS2_PLACEMENT_3D('',#6248,#5122,#5123);
#4202=AXIS2_PLACEMENT_3D('',#6250,#5124,#5125);
#4203=AXIS2_PLACEMENT_3D('',#6252,#5127,#5128);
#4204=AXIS2_PLACEMENT_3D('',#6258,#5132,#5133);
#4205=AXIS2_PLACEMENT_3D('',#6259,#5134,#5135);
#4206=AXIS2_PLACEMENT_3D('',#6260,#5136,#5137);
#4207=AXIS2_PLACEMENT_3D('',#6261,#5138,#5139);
#4208=AXIS2_PLACEMENT_3D('',#6270,#5144,#5145);
#4209=AXIS2_PLACEMENT_3D('',#6272,#5146,#5147);
#4210=AXIS2_PLACEMENT_3D('',#6274,#5148,#5149);
#4211=AXIS2_PLACEMENT_3D('',#6276,#5151,#5152);
#4212=AXIS2_PLACEMENT_3D('',#6282,#5156,#5157);
#4213=AXIS2_PLACEMENT_3D('',#6283,#5158,#5159);
#4214=AXIS2_PLACEMENT_3D('',#6284,#5160,#5161);
#4215=AXIS2_PLACEMENT_3D('',#6285,#5162,#5163);
#4216=AXIS2_PLACEMENT_3D('',#6294,#5168,#5169);
#4217=AXIS2_PLACEMENT_3D('',#6296,#5170,#5171);
#4218=AXIS2_PLACEMENT_3D('',#6298,#5172,#5173);
#4219=AXIS2_PLACEMENT_3D('',#6300,#5175,#5176);
#4220=AXIS2_PLACEMENT_3D('',#6306,#5180,#5181);
#4221=AXIS2_PLACEMENT_3D('',#6307,#5182,#5183);
#4222=AXIS2_PLACEMENT_3D('',#6308,#5184,#5185);
#4223=AXIS2_PLACEMENT_3D('',#6309,#5186,#5187);
#4224=AXIS2_PLACEMENT_3D('',#6318,#5192,#5193);
#4225=AXIS2_PLACEMENT_3D('',#6320,#5194,#5195);
#4226=AXIS2_PLACEMENT_3D('',#6322,#5196,#5197);
#4227=AXIS2_PLACEMENT_3D('',#6324,#5199,#5200);
#4228=AXIS2_PLACEMENT_3D('',#6330,#5204,#5205);
#4229=AXIS2_PLACEMENT_3D('',#6331,#5206,#5207);
#4230=AXIS2_PLACEMENT_3D('',#6332,#5208,#5209);
#4231=AXIS2_PLACEMENT_3D('',#6333,#5210,#5211);
#4232=AXIS2_PLACEMENT_3D('',#6342,#5216,#5217);
#4233=AXIS2_PLACEMENT_3D('',#6344,#5218,#5219);
#4234=AXIS2_PLACEMENT_3D('',#6346,#5220,#5221);
#4235=AXIS2_PLACEMENT_3D('',#6348,#5223,#5224);
#4236=AXIS2_PLACEMENT_3D('',#6354,#5228,#5229);
#4237=AXIS2_PLACEMENT_3D('',#6355,#5230,#5231);
#4238=AXIS2_PLACEMENT_3D('',#6356,#5232,#5233);
#4239=AXIS2_PLACEMENT_3D('',#6357,#5234,#5235);
#4240=AXIS2_PLACEMENT_3D('',#6366,#5240,#5241);
#4241=AXIS2_PLACEMENT_3D('',#6368,#5242,#5243);
#4242=AXIS2_PLACEMENT_3D('',#6370,#5244,#5245);
#4243=AXIS2_PLACEMENT_3D('',#6372,#5247,#5248);
#4244=AXIS2_PLACEMENT_3D('',#6378,#5252,#5253);
#4245=AXIS2_PLACEMENT_3D('',#6379,#5254,#5255);
#4246=AXIS2_PLACEMENT_3D('',#6380,#5256,#5257);
#4247=AXIS2_PLACEMENT_3D('',#6381,#5258,#5259);
#4248=AXIS2_PLACEMENT_3D('',#6384,#5260,#5261);
#4249=AXIS2_PLACEMENT_3D('',#6388,#5263,#5264);
#4250=AXIS2_PLACEMENT_3D('',#6390,#5266,#5267);
#4251=AXIS2_PLACEMENT_3D('',#6396,#5271,#5272);
#4252=AXIS2_PLACEMENT_3D('',#6398,#5273,#5274);
#4253=AXIS2_PLACEMENT_3D('',#6400,#5275,#5276);
#4254=AXIS2_PLACEMENT_3D('',#6402,#5278,#5279);
#4255=AXIS2_PLACEMENT_3D('',#6405,#5282,#5283);
#4256=AXIS2_PLACEMENT_3D('',#6414,#5288,#5289);
#4257=AXIS2_PLACEMENT_3D('',#6416,#5290,#5291);
#4258=AXIS2_PLACEMENT_3D('',#6418,#5292,#5293);
#4259=AXIS2_PLACEMENT_3D('',#6420,#5295,#5296);
#4260=AXIS2_PLACEMENT_3D('',#6426,#5300,#5301);
#4261=AXIS2_PLACEMENT_3D('',#6427,#5302,#5303);
#4262=AXIS2_PLACEMENT_3D('',#6428,#5304,#5305);
#4263=AXIS2_PLACEMENT_3D('',#6429,#5306,#5307);
#4264=AXIS2_PLACEMENT_3D('',#6438,#5312,#5313);
#4265=AXIS2_PLACEMENT_3D('',#6440,#5314,#5315);
#4266=AXIS2_PLACEMENT_3D('',#6442,#5316,#5317);
#4267=AXIS2_PLACEMENT_3D('',#6444,#5319,#5320);
#4268=AXIS2_PLACEMENT_3D('',#6450,#5324,#5325);
#4269=AXIS2_PLACEMENT_3D('',#6451,#5326,#5327);
#4270=AXIS2_PLACEMENT_3D('',#6452,#5328,#5329);
#4271=AXIS2_PLACEMENT_3D('',#6453,#5330,#5331);
#4272=AXIS2_PLACEMENT_3D('',#6456,#5332,#5333);
#4273=AXIS2_PLACEMENT_3D('',#6460,#5335,#5336);
#4274=AXIS2_PLACEMENT_3D('',#6464,#5338,#5339);
#4275=AXIS2_PLACEMENT_3D('',#6468,#5341,#5342);
#4276=AXIS2_PLACEMENT_3D('',#6471,#5344,#5345);
#4277=AXIS2_PLACEMENT_3D('',#6473,#5346,#5347);
#4278=AXIS2_PLACEMENT_3D('',#6475,#5348,#5349);
#4279=AXIS2_PLACEMENT_3D('',#6477,#5350,#5351);
#4280=AXIS2_PLACEMENT_3D('',#6479,#5352,#5353);
#4281=AXIS2_PLACEMENT_3D('',#6481,#5354,#5355);
#4282=AXIS2_PLACEMENT_3D('',#6483,#5356,#5357);
#4283=AXIS2_PLACEMENT_3D('',#6485,#5358,#5359);
#4284=AXIS2_PLACEMENT_3D('',#6486,#5360,#5361);
#4285=AXIS2_PLACEMENT_3D('',#6489,#5363,#5364);
#4286=AXIS2_PLACEMENT_3D('',#6490,#5365,#5366);
#4287=AXIS2_PLACEMENT_3D('',#6493,#5368,#5369);
#4288=AXIS2_PLACEMENT_3D('',#6494,#5370,#5371);
#4289=AXIS2_PLACEMENT_3D('',#6497,#5373,#5374);
#4290=AXIS2_PLACEMENT_3D('',#6498,#5375,#5376);
#4291=AXIS2_PLACEMENT_3D('',#6501,#5378,#5379);
#4292=AXIS2_PLACEMENT_3D('',#6502,#5380,#5381);
#4293=AXIS2_PLACEMENT_3D('',#6505,#5383,#5384);
#4294=AXIS2_PLACEMENT_3D('',#6506,#5385,#5386);
#4295=AXIS2_PLACEMENT_3D('',#6509,#5388,#5389);
#4296=AXIS2_PLACEMENT_3D('',#6510,#5390,#5391);
#4297=AXIS2_PLACEMENT_3D('',#6513,#5393,#5394);
#4298=AXIS2_PLACEMENT_3D('',#6514,#5395,#5396);
#4299=AXIS2_PLACEMENT_3D('',#6517,#5398,#5399);
#4300=AXIS2_PLACEMENT_3D('',#6518,#5400,#5401);
#4301=AXIS2_PLACEMENT_3D('',#6524,#5405,#5406);
#4302=AXIS2_PLACEMENT_3D('',#6526,#5407,#5408);
#4303=AXIS2_PLACEMENT_3D('',#6528,#5410,#5411);
#4304=AXIS2_PLACEMENT_3D('',#6532,#5414,#5415);
#4305=AXIS2_PLACEMENT_3D('',#6534,#5416,#5417);
#4306=AXIS2_PLACEMENT_3D('',#6536,#5419,#5420);
#4307=AXIS2_PLACEMENT_3D('',#6540,#5423,#5424);
#4308=AXIS2_PLACEMENT_3D('',#6542,#5425,#5426);
#4309=AXIS2_PLACEMENT_3D('',#6544,#5428,#5429);
#4310=AXIS2_PLACEMENT_3D('',#6548,#5432,#5433);
#4311=AXIS2_PLACEMENT_3D('',#6549,#5434,#5435);
#4312=AXIS2_PLACEMENT_3D('',#6550,#5436,#5437);
#4313=DIRECTION('axis',(0.,0.,1.));
#4314=DIRECTION('refdir',(1.,0.,0.));
#4315=DIRECTION('center_axis',(0.,-1.,0.));
#4316=DIRECTION('ref_axis',(-1.,0.,0.));
#4317=DIRECTION('center_axis',(0.,-1.,0.));
#4318=DIRECTION('ref_axis',(-1.,0.,0.));
#4319=DIRECTION('',(0.,-1.,0.));
#4320=DIRECTION('center_axis',(0.,1.,0.));
#4321=DIRECTION('ref_axis',(-1.,0.,0.));
#4322=DIRECTION('center_axis',(5.55111512312578E-16,0.,1.));
#4323=DIRECTION('ref_axis',(-1.,0.,5.55111512312578E-16));
#4324=DIRECTION('',(1.,0.,-5.55111512312578E-16));
#4325=DIRECTION('',(0.,-1.,0.));
#4326=DIRECTION('',(-1.,0.,5.55111512312578E-16));
#4327=DIRECTION('',(0.,-1.,0.));
#4328=DIRECTION('center_axis',(0.,-1.,0.));
#4329=DIRECTION('ref_axis',(0.995229549419667,0.,-0.0975609756097566));
#4330=DIRECTION('center_axis',(0.,1.,0.));
#4331=DIRECTION('ref_axis',(0.995229549419667,0.,-0.0975609756097566));
#4332=DIRECTION('center_axis',(0.,-1.,0.));
#4333=DIRECTION('ref_axis',(0.995229549419667,0.,-0.0975609756097566));
#4334=DIRECTION('',(0.,-1.,0.));
#4335=DIRECTION('center_axis',(-0.866025403784439,0.,-0.499999999999999));
#4336=DIRECTION('ref_axis',(0.499999999999999,0.,-0.866025403784439));
#4337=DIRECTION('',(-0.499999999999999,0.,0.866025403784439));
#4338=DIRECTION('',(0.499999999999999,0.,-0.866025403784439));
#4339=DIRECTION('',(0.,-1.,0.));
#4340=DIRECTION('center_axis',(0.,-1.,0.));
#4341=DIRECTION('ref_axis',(0.99498743710662,0.,-0.100000000000001));
#4342=DIRECTION('center_axis',(0.,-1.,0.));
#4343=DIRECTION('ref_axis',(0.99498743710662,0.,-0.100000000000001));
#4344=DIRECTION('center_axis',(0.,1.,0.));
#4345=DIRECTION('ref_axis',(0.99498743710662,0.,-0.100000000000001));
#4346=DIRECTION('center_axis',(5.55111512312578E-16,0.,1.));
#4347=DIRECTION('ref_axis',(-1.,0.,5.55111512312578E-16));
#4348=DIRECTION('',(1.,0.,-5.55111512312578E-16));
#4349=DIRECTION('',(0.,-1.,0.));
#4350=DIRECTION('',(-1.,0.,5.55111512312578E-16));
#4351=DIRECTION('',(0.,-1.,0.));
#4352=DIRECTION('center_axis',(0.,-1.,0.));
#4353=DIRECTION('ref_axis',(0.989743318610787,0.,-0.142857142857143));
#4354=DIRECTION('center_axis',(0.,1.,0.));
#4355=DIRECTION('ref_axis',(0.989743318610787,0.,-0.142857142857143));
#4356=DIRECTION('center_axis',(0.,-1.,0.));
#4357=DIRECTION('ref_axis',(0.989743318610787,0.,-0.142857142857143));
#4358=DIRECTION('',(0.,-1.,0.));
#4359=DIRECTION('center_axis',(-0.866025403784439,0.,-0.499999999999999));
#4360=DIRECTION('ref_axis',(0.499999999999999,0.,-0.866025403784439));
#4361=DIRECTION('',(-0.499999999999999,0.,0.866025403784439));
#4362=DIRECTION('',(0.499999999999999,0.,-0.866025403784439));
#4363=DIRECTION('',(0.,-1.,0.));
#4364=DIRECTION('center_axis',(0.,-1.,0.));
#4365=DIRECTION('ref_axis',(0.988965179468051,0.,-0.148148148148149));
#4366=DIRECTION('center_axis',(0.,-1.,0.));
#4367=DIRECTION('ref_axis',(0.988965179468051,0.,-0.148148148148149));
#4368=DIRECTION('center_axis',(0.,1.,0.));
#4369=DIRECTION('ref_axis',(0.988965179468051,0.,-0.148148148148149));
#4370=DIRECTION('center_axis',(5.55111512312578E-16,0.,1.));
#4371=DIRECTION('ref_axis',(-1.,0.,5.55111512312578E-16));
#4372=DIRECTION('',(1.,0.,-5.55111512312578E-16));
#4373=DIRECTION('',(0.,-1.,0.));
#4374=DIRECTION('',(-1.,0.,5.55111512312578E-16));
#4375=DIRECTION('',(0.,-1.,0.));
#4376=DIRECTION('center_axis',(0.,-1.,0.));
#4377=DIRECTION('ref_axis',(0.994444401457431,0.,-0.105263157894737));
#4378=DIRECTION('center_axis',(0.,1.,0.));
#4379=DIRECTION('ref_axis',(0.994444401457431,0.,-0.105263157894737));
#4380=DIRECTION('center_axis',(0.,-1.,0.));
#4381=DIRECTION('ref_axis',(0.994444401457431,0.,-0.105263157894737));
#4382=DIRECTION('',(0.,-1.,0.));
#4383=DIRECTION('center_axis',(-0.866025403784439,0.,-0.499999999999999));
#4384=DIRECTION('ref_axis',(0.499999999999999,0.,-0.866025403784439));
#4385=DIRECTION('',(-0.499999999999999,0.,0.866025403784439));
#4386=DIRECTION('',(0.499999999999999,0.,-0.866025403784439));
#4387=DIRECTION('',(0.,-1.,0.));
#4388=DIRECTION('center_axis',(0.,-1.,0.));
#4389=DIRECTION('ref_axis',(0.994139143662136,0.,-0.108108108108109));
#4390=DIRECTION('center_axis',(0.,-1.,0.));
#4391=DIRECTION('ref_axis',(0.994139143662136,0.,-0.108108108108109));
#4392=DIRECTION('center_axis',(0.,1.,0.));
#4393=DIRECTION('ref_axis',(0.994139143662136,0.,-0.108108108108109));
#4394=DIRECTION('center_axis',(5.55111512312578E-16,0.,1.));
#4395=DIRECTION('ref_axis',(-1.,0.,5.55111512312578E-16));
#4396=DIRECTION('',(1.,0.,-5.55111512312578E-16));
#4397=DIRECTION('',(0.,-1.,0.));
#4398=DIRECTION('',(-1.,0.,5.55111512312578E-16));
#4399=DIRECTION('',(0.,-1.,0.));
#4400=DIRECTION('center_axis',(0.,-1.,0.));
#4401=DIRECTION('ref_axis',(0.995859195463938,0.,-0.0909090909090915));
#4402=DIRECTION('center_axis',(0.,1.,0.));
#4403=DIRECTION('ref_axis',(0.995859195463938,0.,-0.0909090909090915));
#4404=DIRECTION('center_axis',(0.,-1.,0.));
#4405=DIRECTION('ref_axis',(0.995859195463938,0.,-0.0909090909090915));
#4406=DIRECTION('',(0.,-1.,0.));
#4407=DIRECTION('center_axis',(-0.866025403784439,0.,-0.499999999999999));
#4408=DIRECTION('ref_axis',(0.499999999999999,0.,-0.866025403784439));
#4409=DIRECTION('',(-0.499999999999999,0.,0.866025403784439));
#4410=DIRECTION('',(0.499999999999999,0.,-0.866025403784439));
#4411=DIRECTION('',(0.,-1.,0.));
#4412=DIRECTION('center_axis',(0.,-1.,0.));
#4413=DIRECTION('ref_axis',(0.995663936214309,0.,-0.0930232558139539));
#4414=DIRECTION('center_axis',(0.,-1.,0.));
#4415=DIRECTION('ref_axis',(0.995663936214309,0.,-0.0930232558139539));
#4416=DIRECTION('center_axis',(0.,1.,0.));
#4417=DIRECTION('ref_axis',(0.995663936214309,0.,-0.0930232558139539));
#4418=DIRECTION('center_axis',(0.,-1.,0.));
#4419=DIRECTION('ref_axis',(0.991071249821234,0.,-0.133333333333334));
#4420=DIRECTION('center_axis',(0.,-1.,0.));
#4421=DIRECTION('ref_axis',(0.991071249821234,0.,-0.133333333333334));
#4422=DIRECTION('',(0.,-1.,0.));
#4423=DIRECTION('center_axis',(0.,1.,0.));
#4424=DIRECTION('ref_axis',(0.991071249821234,0.,-0.133333333333334));
#4425=DIRECTION('',(0.,-1.,0.));
#4426=DIRECTION('center_axis',(5.55111512312578E-16,0.,1.));
#4427=DIRECTION('ref_axis',(-1.,0.,5.55111512312578E-16));
#4428=DIRECTION('',(1.,0.,-5.55111512312578E-16));
#4429=DIRECTION('',(-1.,0.,5.55111512312578E-16));
#4430=DIRECTION('',(0.,-1.,0.));
#4431=DIRECTION('center_axis',(0.,-1.,0.));
#4432=DIRECTION('ref_axis',(0.991640396705767,0.,-0.129032258064517));
#4433=DIRECTION('center_axis',(0.,1.,0.));
#4434=DIRECTION('ref_axis',(0.991640396705767,0.,-0.129032258064517));
#4435=DIRECTION('center_axis',(0.,-1.,0.));
#4436=DIRECTION('ref_axis',(0.991640396705767,0.,-0.129032258064517));
#4437=DIRECTION('',(0.,-1.,0.));
#4438=DIRECTION('center_axis',(-0.866025403784439,0.,-0.499999999999999));
#4439=DIRECTION('ref_axis',(0.499999999999999,0.,-0.866025403784439));
#4440=DIRECTION('',(-0.499999999999999,0.,0.866025403784439));
#4441=DIRECTION('',(0.499999999999999,0.,-0.866025403784439));
#4442=DIRECTION('center_axis',(5.55111512312578E-16,0.,1.));
#4443=DIRECTION('ref_axis',(-1.,0.,5.55111512312578E-16));
#4444=DIRECTION('',(1.,0.,-5.55111512312578E-16));
#4445=DIRECTION('',(0.,-1.,0.));
#4446=DIRECTION('',(-1.,0.,5.55111512312578E-16));
#4447=DIRECTION('',(0.,-1.,0.));
#4448=DIRECTION('center_axis',(0.,-1.,0.));
#4449=DIRECTION('ref_axis',(0.993447922897926,0.,-0.114285714285715));
#4450=DIRECTION('center_axis',(0.,1.,0.));
#4451=DIRECTION('ref_axis',(0.993447922897926,0.,-0.114285714285715));
#4452=DIRECTION('center_axis',(0.,-1.,0.));
#4453=DIRECTION('ref_axis',(0.993447922897926,0.,-0.114285714285715));
#4454=DIRECTION('',(0.,-1.,0.));
#4455=DIRECTION('center_axis',(-0.866025403784439,0.,-0.499999999999999));
#4456=DIRECTION('ref_axis',(0.499999999999999,0.,-0.866025403784439));
#4457=DIRECTION('',(-0.499999999999999,0.,0.866025403784439));
#4458=DIRECTION('',(0.499999999999999,0.,-0.866025403784439));
#4459=DIRECTION('',(0.,-1.,0.));
#4460=DIRECTION('center_axis',(0.,-1.,0.));
#4461=DIRECTION('ref_axis',(0.993055471537302,0.,-0.11764705882353));
#4462=DIRECTION('center_axis',(0.,-1.,0.));
#4463=DIRECTION('ref_axis',(0.993055471537302,0.,-0.11764705882353));
#4464=DIRECTION('center_axis',(0.,1.,0.));
#4465=DIRECTION('ref_axis',(0.993055471537302,0.,-0.11764705882353));
#4466=DIRECTION('center_axis',(5.55111512312578E-16,0.,1.));
#4467=DIRECTION('ref_axis',(-1.,0.,5.55111512312578E-16));
#4468=DIRECTION('',(1.,0.,-5.55111512312578E-16));
#4469=DIRECTION('',(0.,-1.,0.));
#4470=DIRECTION('',(-1.,0.,5.55111512312578E-16));
#4471=DIRECTION('',(0.,-1.,0.));
#4472=DIRECTION('center_axis',(0.,-1.,0.));
#4473=DIRECTION('ref_axis',(0.996371870124944,0.,-0.0851063829787239));
#4474=DIRECTION('center_axis',(0.,1.,0.));
#4475=DIRECTION('ref_axis',(0.996371870124944,0.,-0.0851063829787239));
#4476=DIRECTION('center_axis',(0.,-1.,0.));
#4477=DIRECTION('ref_axis',(0.996371870124944,0.,-0.0851063829787239));
#4478=DIRECTION('',(0.,-1.,0.));
#4479=DIRECTION('center_axis',(-0.866025403784439,0.,-0.499999999999999));
#4480=DIRECTION('ref_axis',(0.499999999999999,0.,-0.866025403784439));
#4481=DIRECTION('',(-0.499999999999999,0.,0.866025403784439));
#4482=DIRECTION('',(0.499999999999999,0.,-0.866025403784439));
#4483=DIRECTION('',(0.,-1.,0.));
#4484=DIRECTION('center_axis',(0.,-1.,0.));
#4485=DIRECTION('ref_axis',(0.996212107599096,0.,-0.0869565217391309));
#4486=DIRECTION('center_axis',(0.,-1.,0.));
#4487=DIRECTION('ref_axis',(0.996212107599096,0.,-0.0869565217391309));
#4488=DIRECTION('center_axis',(0.,1.,0.));
#4489=DIRECTION('ref_axis',(0.996212107599096,0.,-0.0869565217391309));
#4490=DIRECTION('center_axis',(0.866025403784439,0.,0.5));
#4491=DIRECTION('ref_axis',(-0.5,0.,0.866025403784439));
#4492=DIRECTION('',(0.5,0.,-0.866025403784439));
#4493=DIRECTION('',(0.,-1.,0.));
#4494=DIRECTION('',(-0.5,0.,0.866025403784439));
#4495=DIRECTION('',(0.,-1.,0.));
#4496=DIRECTION('center_axis',(0.,-1.,0.));
#4497=DIRECTION('ref_axis',(0.41312449141379,0.,-0.91067456019925));
#4498=DIRECTION('center_axis',(0.,1.,0.));
#4499=DIRECTION('ref_axis',(0.41312449141379,0.,-0.91067456019925));
#4500=DIRECTION('center_axis',(0.,-1.,0.));
#4501=DIRECTION('ref_axis',(0.41312449141379,0.,-0.91067456019925));
#4502=DIRECTION('',(0.,-1.,0.));
#4503=DIRECTION('center_axis',(-0.866025403784438,0.,0.5));
#4504=DIRECTION('ref_axis',(-0.5,0.,-0.866025403784438));
#4505=DIRECTION('',(0.5,0.,0.866025403784438));
#4506=DIRECTION('',(-0.5,0.,-0.866025403784438));
#4507=DIRECTION('',(0.,-1.,0.));
#4508=DIRECTION('center_axis',(0.,-1.,0.));
#4509=DIRECTION('ref_axis',(0.410891178174866,0.,-0.911684396980704));
#4510=DIRECTION('center_axis',(0.,-1.,0.));
#4511=DIRECTION('ref_axis',(0.410891178174866,0.,-0.911684396980704));
#4512=DIRECTION('center_axis',(0.,1.,0.));
#4513=DIRECTION('ref_axis',(0.410891178174866,0.,-0.911684396980704));
#4514=DIRECTION('center_axis',(0.866025403784439,0.,0.5));
#4515=DIRECTION('ref_axis',(-0.5,0.,0.866025403784439));
#4516=DIRECTION('',(0.5,0.,-0.866025403784439));
#4517=DIRECTION('',(0.,-1.,0.));
#4518=DIRECTION('',(-0.5,0.,0.866025403784439));
#4519=DIRECTION('',(0.,-1.,0.));
#4520=DIRECTION('center_axis',(0.,-1.,0.));
#4521=DIRECTION('ref_axis',(0.371153744479045,0.,-0.928571428571429));
#4522=DIRECTION('center_axis',(0.,1.,0.));
#4523=DIRECTION('ref_axis',(0.371153744479045,0.,-0.928571428571429));
#4524=DIRECTION('center_axis',(0.,-1.,0.));
#4525=DIRECTION('ref_axis',(0.371153744479045,0.,-0.928571428571429));
#4526=DIRECTION('',(0.,-1.,0.));
#4527=DIRECTION('center_axis',(-0.866025403784438,0.,0.5));
#4528=DIRECTION('ref_axis',(-0.5,0.,-0.866025403784438));
#4529=DIRECTION('',(0.5,0.,0.866025403784438));
#4530=DIRECTION('',(-0.5,0.,-0.866025403784438));
#4531=DIRECTION('',(0.,-1.,0.));
#4532=DIRECTION('center_axis',(0.,-1.,0.));
#4533=DIRECTION('ref_axis',(0.366182529914108,0.,-0.930543042951643));
#4534=DIRECTION('center_axis',(0.,-1.,0.));
#4535=DIRECTION('ref_axis',(0.366182529914108,0.,-0.930543042951643));
#4536=DIRECTION('center_axis',(0.,1.,0.));
#4537=DIRECTION('ref_axis',(0.366182529914108,0.,-0.930543042951643));
#4538=DIRECTION('center_axis',(0.866025403784439,0.,0.5));
#4539=DIRECTION('ref_axis',(-0.5,0.,0.866025403784439));
#4540=DIRECTION('',(0.5,0.,-0.866025403784439));
#4541=DIRECTION('',(0.,-1.,0.));
#4542=DIRECTION('',(-0.5,0.,0.866025403784439));
#4543=DIRECTION('',(0.,-1.,0.));
#4544=DIRECTION('center_axis',(0.,-1.,0.));
#4545=DIRECTION('ref_axis',(0.4060616319093,0.,-0.913845693260714));
#4546=DIRECTION('center_axis',(0.,1.,0.));
#4547=DIRECTION('ref_axis',(0.4060616319093,0.,-0.913845693260714));
#4548=DIRECTION('center_axis',(0.,-1.,0.));
#4549=DIRECTION('ref_axis',(0.4060616319093,0.,-0.913845693260714));
#4550=DIRECTION('',(0.,-1.,0.));
#4551=DIRECTION('center_axis',(-0.866025403784438,0.,0.5));
#4552=DIRECTION('ref_axis',(-0.5,0.,-0.866025403784438));
#4553=DIRECTION('',(0.5,0.,0.866025403784438));
#4554=DIRECTION('',(-0.5,0.,-0.866025403784438));
#4555=DIRECTION('',(0.,-1.,0.));
#4556=DIRECTION('center_axis',(0.,-1.,0.));
#4557=DIRECTION('ref_axis',(0.403445203854372,0.,-0.915003807361972));
#4558=DIRECTION('center_axis',(0.,-1.,0.));
#4559=DIRECTION('ref_axis',(0.403445203854372,0.,-0.915003807361972));
#4560=DIRECTION('center_axis',(0.,1.,0.));
#4561=DIRECTION('ref_axis',(0.403445203854372,0.,-0.915003807361972));
#4562=DIRECTION('center_axis',(0.866025403784439,0.,0.5));
#4563=DIRECTION('ref_axis',(-0.5,0.,0.866025403784439));
#4564=DIRECTION('',(0.5,0.,-0.866025403784439));
#4565=DIRECTION('',(0.,-1.,0.));
#4566=DIRECTION('',(-0.5,0.,0.866025403784439));
#4567=DIRECTION('',(0.,-1.,0.));
#4568=DIRECTION('center_axis',(0.,-1.,0.));
#4569=DIRECTION('ref_axis',(0.419200015569747,0.,-0.907893907318649));
#4570=DIRECTION('center_axis',(0.,1.,0.));
#4571=DIRECTION('ref_axis',(0.419200015569747,0.,-0.907893907318649));
#4572=DIRECTION('center_axis',(0.,-1.,0.));
#4573=DIRECTION('ref_axis',(0.419200015569747,0.,-0.907893907318649));
#4574=DIRECTION('',(0.,-1.,0.));
#4575=DIRECTION('center_axis',(-0.866025403784438,0.,0.5));
#4576=DIRECTION('ref_axis',(-0.5,0.,-0.866025403784438));
#4577=DIRECTION('',(0.5,0.,0.866025403784438));
#4578=DIRECTION('',(-0.5,0.,-0.866025403784438));
#4579=DIRECTION('',(0.,-1.,0.));
#4580=DIRECTION('center_axis',(0.,-1.,0.));
#4581=DIRECTION('ref_axis',(0.417271465429532,0.,-0.908781890300577));
#4582=DIRECTION('center_axis',(0.,-1.,0.));
#4583=DIRECTION('ref_axis',(0.417271465429532,0.,-0.908781890300577));
#4584=DIRECTION('center_axis',(0.,1.,0.));
#4585=DIRECTION('ref_axis',(0.417271465429532,0.,-0.908781890300577));
#4586=DIRECTION('center_axis',(0.,-1.,0.));
#4587=DIRECTION('ref_axis',(0.380065571072692,0.,-0.924959545972249));
#4588=DIRECTION('center_axis',(0.,-1.,0.));
#4589=DIRECTION('ref_axis',(0.380065571072692,0.,-0.924959545972249));
#4590=DIRECTION('',(0.,-1.,0.));
#4591=DIRECTION('center_axis',(0.,1.,0.));
#4592=DIRECTION('ref_axis',(0.380065571072692,0.,-0.924959545972249));
#4593=DIRECTION('',(0.,-1.,0.));
#4594=DIRECTION('center_axis',(0.866025403784439,0.,0.5));
#4595=DIRECTION('ref_axis',(-0.5,0.,0.866025403784439));
#4596=DIRECTION('',(0.5,0.,-0.866025403784439));
#4597=DIRECTION('',(-0.5,0.,0.866025403784439));
#4598=DIRECTION('',(0.,-1.,0.));
#4599=DIRECTION('center_axis',(0.,-1.,0.));
#4600=DIRECTION('ref_axis',(0.384074984961343,0.,-0.923301903998331));
#4601=DIRECTION('center_axis',(0.,1.,0.));
#4602=DIRECTION('ref_axis',(0.384074984961343,0.,-0.923301903998331));
#4603=DIRECTION('center_axis',(0.,-1.,0.));
#4604=DIRECTION('ref_axis',(0.384074984961343,0.,-0.923301903998331));
#4605=DIRECTION('',(0.,-1.,0.));
#4606=DIRECTION('center_axis',(-0.866025403784438,0.,0.5));
#4607=DIRECTION('ref_axis',(-0.5,0.,-0.866025403784438));
#4608=DIRECTION('',(0.5,0.,0.866025403784438));
#4609=DIRECTION('',(-0.5,0.,-0.866025403784438));
#4610=DIRECTION('center_axis',(0.866025403784439,0.,0.5));
#4611=DIRECTION('ref_axis',(-0.5,0.,0.866025403784439));
#4612=DIRECTION('',(0.5,0.,-0.866025403784439));
#4613=DIRECTION('',(0.,-1.,0.));
#4614=DIRECTION('',(-0.5,0.,0.866025403784439));
#4615=DIRECTION('',(0.,-1.,0.));
#4616=DIRECTION('center_axis',(0.,-1.,0.));
#4617=DIRECTION('ref_axis',(0.397749629587884,0.,-0.917493995709346));
#4618=DIRECTION('center_axis',(0.,1.,0.));
#4619=DIRECTION('ref_axis',(0.397749629587884,0.,-0.917493995709346));
#4620=DIRECTION('center_axis',(0.,-1.,0.));
#4621=DIRECTION('ref_axis',(0.397749629587884,0.,-0.917493995709346));
#4622=DIRECTION('',(0.,-1.,0.));
#4623=DIRECTION('center_axis',(-0.866025403784438,0.,0.5));
#4624=DIRECTION('ref_axis',(-0.5,0.,-0.866025403784438));
#4625=DIRECTION('',(0.5,0.,0.866025403784438));
#4626=DIRECTION('',(-0.5,0.,-0.866025403784438));
#4627=DIRECTION('',(0.,-1.,0.));
#4628=DIRECTION('center_axis',(0.,-1.,0.));
#4629=DIRECTION('ref_axis',(0.394642394146952,0.,-0.918834795130203));
#4630=DIRECTION('center_axis',(0.,-1.,0.));
#4631=DIRECTION('ref_axis',(0.394642394146952,0.,-0.918834795130203));
#4632=DIRECTION('center_axis',(0.,1.,0.));
#4633=DIRECTION('ref_axis',(0.394642394146952,0.,-0.918834795130203));
#4634=DIRECTION('center_axis',(0.866025403784439,0.,0.5));
#4635=DIRECTION('ref_axis',(-0.5,0.,0.866025403784439));
#4636=DIRECTION('',(0.5,0.,-0.866025403784439));
#4637=DIRECTION('',(0.,-1.,0.));
#4638=DIRECTION('',(-0.5,0.,0.866025403784439));
#4639=DIRECTION('',(0.,-1.,0.));
#4640=DIRECTION('center_axis',(0.,-1.,0.));
#4641=DIRECTION('ref_axis',(0.42448164537869,0.,-0.905436542633773));
#4642=DIRECTION('center_axis',(0.,1.,0.));
#4643=DIRECTION('ref_axis',(0.42448164537869,0.,-0.905436542633773));
#4644=DIRECTION('center_axis',(0.,-1.,0.));
#4645=DIRECTION('ref_axis',(0.42448164537869,0.,-0.905436542633773));
#4646=DIRECTION('',(0.,-1.,0.));
#4647=DIRECTION('center_axis',(-0.866025403784438,0.,0.5));
#4648=DIRECTION('ref_axis',(-0.5,0.,-0.866025403784438));
#4649=DIRECTION('',(0.5,0.,0.866025403784438));
#4650=DIRECTION('',(-0.5,0.,-0.866025403784438));
#4651=DIRECTION('',(0.,-1.,0.));
#4652=DIRECTION('center_axis',(0.,-1.,0.));
#4653=DIRECTION('ref_axis',(0.422799496948727,0.,-0.906223253608019));
#4654=DIRECTION('center_axis',(0.,-1.,0.));
#4655=DIRECTION('ref_axis',(0.422799496948727,0.,-0.906223253608019));
#4656=DIRECTION('center_axis',(0.,1.,0.));
#4657=DIRECTION('ref_axis',(0.422799496948727,0.,-0.906223253608019));
#4658=DIRECTION('center_axis',(0.866025403784439,0.,-0.5));
#4659=DIRECTION('ref_axis',(0.5,0.,0.866025403784439));
#4660=DIRECTION('',(-0.5,0.,-0.866025403784439));
#4661=DIRECTION('',(0.,-1.,0.));
#4662=DIRECTION('',(0.5,0.,0.866025403784439));
#4663=DIRECTION('',(0.,-1.,0.));
#4664=DIRECTION('center_axis',(0.,-1.,0.));
#4665=DIRECTION('ref_axis',(-0.582105058005876,0.,-0.813113584589494));
#4666=DIRECTION('center_axis',(0.,1.,0.));
#4667=DIRECTION('ref_axis',(-0.582105058005876,0.,-0.813113584589494));
#4668=DIRECTION('center_axis',(0.,-1.,0.));
#4669=DIRECTION('ref_axis',(-0.582105058005876,0.,-0.813113584589494));
#4670=DIRECTION('',(0.,-1.,0.));
#4671=DIRECTION('center_axis',(1.22464679914735E-16,0.,1.));
#4672=DIRECTION('ref_axis',(-1.,0.,1.22464679914735E-16));
#4673=DIRECTION('',(1.,0.,-1.22464679914735E-16));
#4674=DIRECTION('',(-1.,0.,1.22464679914735E-16));
#4675=DIRECTION('',(0.,-1.,0.));
#4676=DIRECTION('center_axis',(0.,-1.,0.));
#4677=DIRECTION('ref_axis',(-0.584096258931754,0.,-0.811684396980704));
#4678=DIRECTION('center_axis',(0.,-1.,0.));
#4679=DIRECTION('ref_axis',(-0.584096258931754,0.,-0.811684396980704));
#4680=DIRECTION('center_axis',(0.,1.,0.));
#4681=DIRECTION('ref_axis',(-0.584096258931754,0.,-0.811684396980704));
#4682=DIRECTION('center_axis',(0.866025403784439,0.,-0.5));
#4683=DIRECTION('ref_axis',(0.5,0.,0.866025403784439));
#4684=DIRECTION('',(-0.5,0.,-0.866025403784439));
#4685=DIRECTION('',(0.,-1.,0.));
#4686=DIRECTION('',(0.5,0.,0.866025403784439));
#4687=DIRECTION('',(0.,-1.,0.));
#4688=DIRECTION('center_axis',(0.,-1.,0.));
#4689=DIRECTION('ref_axis',(-0.618589574131742,0.,-0.785714285714286));
#4690=DIRECTION('center_axis',(0.,1.,0.));
#4691=DIRECTION('ref_axis',(-0.618589574131742,0.,-0.785714285714286));
#4692=DIRECTION('center_axis',(0.,-1.,0.));
#4693=DIRECTION('ref_axis',(-0.618589574131742,0.,-0.785714285714286));
#4694=DIRECTION('',(0.,-1.,0.));
#4695=DIRECTION('center_axis',(1.22464679914735E-16,0.,1.));
#4696=DIRECTION('ref_axis',(-1.,0.,1.22464679914735E-16));
#4697=DIRECTION('',(1.,0.,-1.22464679914735E-16));
#4698=DIRECTION('',(-1.,0.,1.22464679914735E-16));
#4699=DIRECTION('',(0.,-1.,0.));
#4700=DIRECTION('center_axis',(0.,-1.,0.));
#4701=DIRECTION('ref_axis',(-0.622782649553942,0.,-0.782394894803495));
#4702=DIRECTION('center_axis',(0.,-1.,0.));
#4703=DIRECTION('ref_axis',(-0.622782649553942,0.,-0.782394894803495));
#4704=DIRECTION('center_axis',(0.,1.,0.));
#4705=DIRECTION('ref_axis',(-0.622782649553942,0.,-0.782394894803495));
#4706=DIRECTION('center_axis',(0.866025403784439,0.,-0.5));
#4707=DIRECTION('ref_axis',(0.5,0.,0.866025403784439));
#4708=DIRECTION('',(-0.5,0.,-0.866025403784439));
#4709=DIRECTION('',(0.,-1.,0.));
#4710=DIRECTION('',(0.5,0.,0.866025403784439));
#4711=DIRECTION('',(0.,-1.,0.));
#4712=DIRECTION('center_axis',(0.,-1.,0.));
#4713=DIRECTION('ref_axis',(-0.58838276954813,0.,-0.808582535365977));
#4714=DIRECTION('center_axis',(0.,1.,0.));
#4715=DIRECTION('ref_axis',(-0.58838276954813,0.,-0.808582535365977));
#4716=DIRECTION('center_axis',(0.,-1.,0.));
#4717=DIRECTION('ref_axis',(-0.58838276954813,0.,-0.808582535365977));
#4718=DIRECTION('',(0.,-1.,0.));
#4719=DIRECTION('center_axis',(1.22464679914735E-16,0.,1.));
#4720=DIRECTION('ref_axis',(-1.,0.,1.22464679914735E-16));
#4721=DIRECTION('',(1.,0.,-1.22464679914735E-16));
#4722=DIRECTION('',(-1.,0.,1.22464679914735E-16));
#4723=DIRECTION('',(0.,-1.,0.));
#4724=DIRECTION('center_axis',(0.,-1.,0.));
#4725=DIRECTION('ref_axis',(-0.590693939807764,0.,-0.806895699253864));
#4726=DIRECTION('center_axis',(0.,-1.,0.));
#4727=DIRECTION('ref_axis',(-0.590693939807764,0.,-0.806895699253864));
#4728=DIRECTION('center_axis',(0.,1.,0.));
#4729=DIRECTION('ref_axis',(-0.590693939807764,0.,-0.806895699253864));
#4730=DIRECTION('center_axis',(0.866025403784439,0.,-0.5));
#4731=DIRECTION('ref_axis',(0.5,0.,0.866025403784439));
#4732=DIRECTION('',(-0.5,0.,-0.866025403784439));
#4733=DIRECTION('',(0.,-1.,0.));
#4734=DIRECTION('',(0.5,0.,0.866025403784439));
#4735=DIRECTION('',(0.,-1.,0.));
#4736=DIRECTION('center_axis',(0.,-1.,0.));
#4737=DIRECTION('ref_axis',(-0.576659179894191,0.,-0.816984816409558));
#4738=DIRECTION('center_axis',(0.,1.,0.));
#4739=DIRECTION('ref_axis',(-0.576659179894191,0.,-0.816984816409558));
#4740=DIRECTION('center_axis',(0.,-1.,0.));
#4741=DIRECTION('ref_axis',(-0.576659179894191,0.,-0.816984816409558));
#4742=DIRECTION('',(0.,-1.,0.));
#4743=DIRECTION('center_axis',(1.22464679914735E-16,0.,1.));
#4744=DIRECTION('ref_axis',(-1.,0.,1.22464679914735E-16));
#4745=DIRECTION('',(1.,0.,-1.22464679914735E-16));
#4746=DIRECTION('',(-1.,0.,1.22464679914735E-16));
#4747=DIRECTION('',(0.,-1.,0.));
#4748=DIRECTION('center_axis',(0.,-1.,0.));
#4749=DIRECTION('ref_axis',(-0.578392470784777,0.,-0.815758634486624));
#4750=DIRECTION('center_axis',(0.,-1.,0.));
#4751=DIRECTION('ref_axis',(-0.578392470784777,0.,-0.815758634486624));
#4752=DIRECTION('center_axis',(0.,1.,0.));
#4753=DIRECTION('ref_axis',(-0.578392470784777,0.,-0.815758634486624));
#4754=DIRECTION('center_axis',(0.,-1.,0.));
#4755=DIRECTION('ref_axis',(-0.611005678748542,0.,-0.791626212638916));
#4756=DIRECTION('center_axis',(0.,-1.,0.));
#4757=DIRECTION('ref_axis',(-0.611005678748542,0.,-0.791626212638916));
#4758=DIRECTION('',(0.,-1.,0.));
#4759=DIRECTION('center_axis',(0.,1.,0.));
#4760=DIRECTION('ref_axis',(-0.611005678748542,0.,-0.791626212638916));
#4761=DIRECTION('',(0.,-1.,0.));
#4762=DIRECTION('center_axis',(0.866025403784439,0.,-0.5));
#4763=DIRECTION('ref_axis',(0.5,0.,0.866025403784439));
#4764=DIRECTION('',(-0.5,0.,-0.866025403784439));
#4765=DIRECTION('',(0.5,0.,0.866025403784439));
#4766=DIRECTION('',(0.,-1.,0.));
#4767=DIRECTION('center_axis',(0.,-1.,0.));
#4768=DIRECTION('ref_axis',(-0.607565411744424,0.,-0.794269645933815));
#4769=DIRECTION('center_axis',(0.,1.,0.));
#4770=DIRECTION('ref_axis',(-0.607565411744424,0.,-0.794269645933815));
#4771=DIRECTION('center_axis',(0.,-1.,0.));
#4772=DIRECTION('ref_axis',(-0.607565411744424,0.,-0.794269645933815));
#4773=DIRECTION('',(0.,-1.,0.));
#4774=DIRECTION('center_axis',(1.22464679914735E-16,0.,1.));
#4775=DIRECTION('ref_axis',(-1.,0.,1.22464679914735E-16));
#4776=DIRECTION('',(1.,0.,-1.22464679914735E-16));
#4777=DIRECTION('',(-1.,0.,1.22464679914735E-16));
#4778=DIRECTION('center_axis',(0.866025403784439,0.,-0.5));
#4779=DIRECTION('ref_axis',(0.5,0.,0.866025403784439));
#4780=DIRECTION('',(-0.5,0.,-0.866025403784439));
#4781=DIRECTION('',(0.,-1.,0.));
#4782=DIRECTION('',(0.5,0.,0.866025403784439));
#4783=DIRECTION('',(0.,-1.,0.));
#4784=DIRECTION('center_axis',(0.,-1.,0.));
#4785=DIRECTION('ref_axis',(-0.595698293310042,0.,-0.803208281423632));
#4786=DIRECTION('center_axis',(0.,1.,0.));
#4787=DIRECTION('ref_axis',(-0.595698293310042,0.,-0.803208281423632));
#4788=DIRECTION('center_axis',(0.,-1.,0.));
#4789=DIRECTION('ref_axis',(-0.595698293310042,0.,-0.803208281423632));
#4790=DIRECTION('',(0.,-1.,0.));
#4791=DIRECTION('center_axis',(1.22464679914735E-16,0.,1.));
#4792=DIRECTION('ref_axis',(-1.,0.,1.22464679914735E-16));
#4793=DIRECTION('',(1.,0.,-1.22464679914735E-16));
#4794=DIRECTION('',(-1.,0.,1.22464679914735E-16));
#4795=DIRECTION('',(0.,-1.,0.));
#4796=DIRECTION('center_axis',(0.,-1.,0.));
#4797=DIRECTION('ref_axis',(-0.598413077390349,0.,-0.801187736306673));
#4798=DIRECTION('center_axis',(0.,-1.,0.));
#4799=DIRECTION('ref_axis',(-0.598413077390349,0.,-0.801187736306673));
#4800=DIRECTION('center_axis',(0.,1.,0.));
#4801=DIRECTION('ref_axis',(-0.598413077390349,0.,-0.801187736306673));
#4802=DIRECTION('center_axis',(0.866025403784439,0.,-0.5));
#4803=DIRECTION('ref_axis',(0.5,0.,0.866025403784439));
#4804=DIRECTION('',(-0.5,0.,-0.866025403784439));
#4805=DIRECTION('',(0.,-1.,0.));
#4806=DIRECTION('',(0.5,0.,0.866025403784439));
#4807=DIRECTION('',(0.,-1.,0.));
#4808=DIRECTION('center_axis',(0.,-1.,0.));
#4809=DIRECTION('ref_axis',(-0.571890224746254,0.,-0.82033015965505));
#4810=DIRECTION('center_axis',(0.,1.,0.));
#4811=DIRECTION('ref_axis',(-0.571890224746254,0.,-0.82033015965505));
#4812=DIRECTION('center_axis',(0.,-1.,0.));
#4813=DIRECTION('ref_axis',(-0.571890224746254,0.,-0.82033015965505));
#4814=DIRECTION('',(0.,-1.,0.));
#4815=DIRECTION('center_axis',(1.22464679914735E-16,0.,1.));
#4816=DIRECTION('ref_axis',(-1.,0.,1.22464679914735E-16));
#4817=DIRECTION('',(1.,0.,-1.22464679914735E-16));
#4818=DIRECTION('',(-1.,0.,1.22464679914735E-16));
#4819=DIRECTION('',(0.,-1.,0.));
#4820=DIRECTION('center_axis',(0.,-1.,0.));
#4821=DIRECTION('ref_axis',(-0.573412610650368,0.,-0.819266731868888));
#4822=DIRECTION('center_axis',(0.,-1.,0.));
#4823=DIRECTION('ref_axis',(-0.573412610650368,0.,-0.819266731868888));
#4824=DIRECTION('center_axis',(0.,1.,0.));
#4825=DIRECTION('ref_axis',(-0.573412610650368,0.,-0.819266731868888));
#4826=DIRECTION('center_axis',(0.,0.,-1.));
#4827=DIRECTION('ref_axis',(1.,0.,0.));
#4828=DIRECTION('',(-1.,0.,0.));
#4829=DIRECTION('',(0.,-1.,0.));
#4830=DIRECTION('',(1.,0.,0.));
#4831=DIRECTION('',(0.,-1.,0.));
#4832=DIRECTION('center_axis',(0.,-1.,0.));
#4833=DIRECTION('ref_axis',(-0.995229549419667,0.,0.0975609756097559));
#4834=DIRECTION('center_axis',(0.,1.,0.));
#4835=DIRECTION('ref_axis',(-0.995229549419667,0.,0.0975609756097559));
#4836=DIRECTION('center_axis',(0.,-1.,0.));
#4837=DIRECTION('ref_axis',(-0.995229549419667,0.,0.0975609756097559));
#4838=DIRECTION('',(0.,-1.,0.));
#4839=DIRECTION('center_axis',(0.866025403784439,0.,0.5));
#4840=DIRECTION('ref_axis',(-0.5,0.,0.866025403784439));
#4841=DIRECTION('',(0.5,0.,-0.866025403784439));
#4842=DIRECTION('',(-0.5,0.,0.866025403784439));
#4843=DIRECTION('',(0.,-1.,0.));
#4844=DIRECTION('center_axis',(0.,-1.,0.));
#4845=DIRECTION('ref_axis',(-0.99498743710662,0.,0.1));
#4846=DIRECTION('center_axis',(0.,-1.,0.));
#4847=DIRECTION('ref_axis',(-0.99498743710662,0.,0.1));
#4848=DIRECTION('center_axis',(0.,1.,0.));
#4849=DIRECTION('ref_axis',(-0.99498743710662,0.,0.1));
#4850=DIRECTION('center_axis',(0.,0.,-1.));
#4851=DIRECTION('ref_axis',(1.,0.,0.));
#4852=DIRECTION('',(-1.,0.,0.));
#4853=DIRECTION('',(0.,-1.,0.));
#4854=DIRECTION('',(1.,0.,0.));
#4855=DIRECTION('',(0.,-1.,0.));
#4856=DIRECTION('center_axis',(0.,-1.,0.));
#4857=DIRECTION('ref_axis',(-0.989743318610787,0.,0.142857142857143));
#4858=DIRECTION('center_axis',(0.,1.,0.));
#4859=DIRECTION('ref_axis',(-0.989743318610787,0.,0.142857142857143));
#4860=DIRECTION('center_axis',(0.,-1.,0.));
#4861=DIRECTION('ref_axis',(-0.989743318610787,0.,0.142857142857143));
#4862=DIRECTION('',(0.,-1.,0.));
#4863=DIRECTION('center_axis',(0.866025403784439,0.,0.5));
#4864=DIRECTION('ref_axis',(-0.5,0.,0.866025403784439));
#4865=DIRECTION('',(0.5,0.,-0.866025403784439));
#4866=DIRECTION('',(-0.5,0.,0.866025403784439));
#4867=DIRECTION('',(0.,-1.,0.));
#4868=DIRECTION('center_axis',(0.,-1.,0.));
#4869=DIRECTION('ref_axis',(-0.988965179468051,0.,0.148148148148148));
#4870=DIRECTION('center_axis',(0.,-1.,0.));
#4871=DIRECTION('ref_axis',(-0.988965179468051,0.,0.148148148148148));
#4872=DIRECTION('center_axis',(0.,1.,0.));
#4873=DIRECTION('ref_axis',(-0.988965179468051,0.,0.148148148148148));
#4874=DIRECTION('center_axis',(0.,0.,-1.));
#4875=DIRECTION('ref_axis',(1.,0.,0.));
#4876=DIRECTION('',(-1.,0.,0.));
#4877=DIRECTION('',(0.,-1.,0.));
#4878=DIRECTION('',(1.,0.,0.));
#4879=DIRECTION('',(0.,-1.,0.));
#4880=DIRECTION('center_axis',(0.,-1.,0.));
#4881=DIRECTION('ref_axis',(-0.994444401457431,0.,0.105263157894737));
#4882=DIRECTION('center_axis',(0.,1.,0.));
#4883=DIRECTION('ref_axis',(-0.994444401457431,0.,0.105263157894737));
#4884=DIRECTION('center_axis',(0.,-1.,0.));
#4885=DIRECTION('ref_axis',(-0.994444401457431,0.,0.105263157894737));
#4886=DIRECTION('',(0.,-1.,0.));
#4887=DIRECTION('center_axis',(0.866025403784439,0.,0.5));
#4888=DIRECTION('ref_axis',(-0.5,0.,0.866025403784439));
#4889=DIRECTION('',(0.5,0.,-0.866025403784439));
#4890=DIRECTION('',(-0.5,0.,0.866025403784439));
#4891=DIRECTION('',(0.,-1.,0.));
#4892=DIRECTION('center_axis',(0.,-1.,0.));
#4893=DIRECTION('ref_axis',(-0.994139143662136,0.,0.108108108108108));
#4894=DIRECTION('center_axis',(0.,-1.,0.));
#4895=DIRECTION('ref_axis',(-0.994139143662136,0.,0.108108108108108));
#4896=DIRECTION('center_axis',(0.,1.,0.));
#4897=DIRECTION('ref_axis',(-0.994139143662136,0.,0.108108108108108));
#4898=DIRECTION('center_axis',(0.,0.,-1.));
#4899=DIRECTION('ref_axis',(1.,0.,0.));
#4900=DIRECTION('',(-1.,0.,0.));
#4901=DIRECTION('',(0.,-1.,0.));
#4902=DIRECTION('',(1.,0.,0.));
#4903=DIRECTION('',(0.,-1.,0.));
#4904=DIRECTION('center_axis',(0.,-1.,0.));
#4905=DIRECTION('ref_axis',(-0.995859195463938,0.,0.0909090909090909));
#4906=DIRECTION('center_axis',(0.,1.,0.));
#4907=DIRECTION('ref_axis',(-0.995859195463938,0.,0.0909090909090909));
#4908=DIRECTION('center_axis',(0.,-1.,0.));
#4909=DIRECTION('ref_axis',(-0.995859195463938,0.,0.0909090909090909));
#4910=DIRECTION('',(0.,-1.,0.));
#4911=DIRECTION('center_axis',(0.866025403784439,0.,0.5));
#4912=DIRECTION('ref_axis',(-0.5,0.,0.866025403784439));
#4913=DIRECTION('',(0.5,0.,-0.866025403784439));
#4914=DIRECTION('',(-0.5,0.,0.866025403784439));
#4915=DIRECTION('',(0.,-1.,0.));
#4916=DIRECTION('center_axis',(0.,-1.,0.));
#4917=DIRECTION('ref_axis',(-0.995663936214309,0.,0.0930232558139534));
#4918=DIRECTION('center_axis',(0.,-1.,0.));
#4919=DIRECTION('ref_axis',(-0.995663936214309,0.,0.0930232558139534));
#4920=DIRECTION('center_axis',(0.,1.,0.));
#4921=DIRECTION('ref_axis',(-0.995663936214309,0.,0.0930232558139534));
#4922=DIRECTION('center_axis',(0.,-1.,0.));
#4923=DIRECTION('ref_axis',(-0.991071249821234,0.,0.133333333333333));
#4924=DIRECTION('center_axis',(0.,-1.,0.));
#4925=DIRECTION('ref_axis',(-0.991071249821234,0.,0.133333333333333));
#4926=DIRECTION('',(0.,-1.,0.));
#4927=DIRECTION('center_axis',(0.,1.,0.));
#4928=DIRECTION('ref_axis',(-0.991071249821234,0.,0.133333333333333));
#4929=DIRECTION('',(0.,-1.,0.));
#4930=DIRECTION('center_axis',(0.,0.,-1.));
#4931=DIRECTION('ref_axis',(1.,0.,0.));
#4932=DIRECTION('',(-1.,0.,0.));
#4933=DIRECTION('',(1.,0.,0.));
#4934=DIRECTION('',(0.,-1.,0.));
#4935=DIRECTION('center_axis',(0.,-1.,0.));
#4936=DIRECTION('ref_axis',(-0.991640396705768,0.,0.129032258064516));
#4937=DIRECTION('center_axis',(0.,1.,0.));
#4938=DIRECTION('ref_axis',(-0.991640396705768,0.,0.129032258064516));
#4939=DIRECTION('center_axis',(0.,-1.,0.));
#4940=DIRECTION('ref_axis',(-0.991640396705768,0.,0.129032258064516));
#4941=DIRECTION('',(0.,-1.,0.));
#4942=DIRECTION('center_axis',(0.866025403784439,0.,0.5));
#4943=DIRECTION('ref_axis',(-0.5,0.,0.866025403784439));
#4944=DIRECTION('',(0.5,0.,-0.866025403784439));
#4945=DIRECTION('',(-0.5,0.,0.866025403784439));
#4946=DIRECTION('center_axis',(0.,0.,-1.));
#4947=DIRECTION('ref_axis',(1.,0.,0.));
#4948=DIRECTION('',(-1.,0.,0.));
#4949=DIRECTION('',(0.,-1.,0.));
#4950=DIRECTION('',(1.,0.,0.));
#4951=DIRECTION('',(0.,-1.,0.));
#4952=DIRECTION('center_axis',(0.,-1.,0.));
#4953=DIRECTION('ref_axis',(-0.993447922897926,0.,0.114285714285714));
#4954=DIRECTION('center_axis',(0.,1.,0.));
#4955=DIRECTION('ref_axis',(-0.993447922897926,0.,0.114285714285714));
#4956=DIRECTION('center_axis',(0.,-1.,0.));
#4957=DIRECTION('ref_axis',(-0.993447922897926,0.,0.114285714285714));
#4958=DIRECTION('',(0.,-1.,0.));
#4959=DIRECTION('center_axis',(0.866025403784439,0.,0.5));
#4960=DIRECTION('ref_axis',(-0.5,0.,0.866025403784439));
#4961=DIRECTION('',(0.5,0.,-0.866025403784439));
#4962=DIRECTION('',(-0.5,0.,0.866025403784439));
#4963=DIRECTION('',(0.,-1.,0.));
#4964=DIRECTION('center_axis',(0.,-1.,0.));
#4965=DIRECTION('ref_axis',(-0.993055471537302,0.,0.117647058823529));
#4966=DIRECTION('center_axis',(0.,-1.,0.));
#4967=DIRECTION('ref_axis',(-0.993055471537302,0.,0.117647058823529));
#4968=DIRECTION('center_axis',(0.,1.,0.));
#4969=DIRECTION('ref_axis',(-0.993055471537302,0.,0.117647058823529));
#4970=DIRECTION('center_axis',(0.,0.,-1.));
#4971=DIRECTION('ref_axis',(1.,0.,0.));
#4972=DIRECTION('',(-1.,0.,0.));
#4973=DIRECTION('',(0.,-1.,0.));
#4974=DIRECTION('',(1.,0.,0.));
#4975=DIRECTION('',(0.,-1.,0.));
#4976=DIRECTION('center_axis',(0.,-1.,0.));
#4977=DIRECTION('ref_axis',(-0.996371870124944,0.,0.0851063829787233));
#4978=DIRECTION('center_axis',(0.,1.,0.));
#4979=DIRECTION('ref_axis',(-0.996371870124944,0.,0.0851063829787233));
#4980=DIRECTION('center_axis',(0.,-1.,0.));
#4981=DIRECTION('ref_axis',(-0.996371870124944,0.,0.0851063829787233));
#4982=DIRECTION('',(0.,-1.,0.));
#4983=DIRECTION('center_axis',(0.866025403784439,0.,0.5));
#4984=DIRECTION('ref_axis',(-0.5,0.,0.866025403784439));
#4985=DIRECTION('',(0.5,0.,-0.866025403784439));
#4986=DIRECTION('',(-0.5,0.,0.866025403784439));
#4987=DIRECTION('',(0.,-1.,0.));
#4988=DIRECTION('center_axis',(0.,-1.,0.));
#4989=DIRECTION('ref_axis',(-0.996212107599096,0.,0.0869565217391303));
#4990=DIRECTION('center_axis',(0.,-1.,0.));
#4991=DIRECTION('ref_axis',(-0.996212107599096,0.,0.0869565217391303));
#4992=DIRECTION('center_axis',(0.,1.,0.));
#4993=DIRECTION('ref_axis',(-0.996212107599096,0.,0.0869565217391303));
#4994=DIRECTION('center_axis',(-0.866025403784439,0.,-0.5));
#4995=DIRECTION('ref_axis',(0.5,0.,-0.866025403784439));
#4996=DIRECTION('',(-0.5,0.,0.866025403784439));
#4997=DIRECTION('',(0.,-1.,0.));
#4998=DIRECTION('',(0.5,0.,-0.866025403784439));
#4999=DIRECTION('',(0.,-1.,0.));
#5000=DIRECTION('center_axis',(0.,-1.,0.));
#5001=DIRECTION('ref_axis',(-0.413124491413791,0.,0.91067456019925));
#5002=DIRECTION('center_axis',(0.,1.,0.));
#5003=DIRECTION('ref_axis',(-0.413124491413791,0.,0.91067456019925));
#5004=DIRECTION('center_axis',(0.,-1.,0.));
#5005=DIRECTION('ref_axis',(-0.413124491413791,0.,0.91067456019925));
#5006=DIRECTION('',(0.,-1.,0.));
#5007=DIRECTION('center_axis',(0.866025403784439,0.,-0.5));
#5008=DIRECTION('ref_axis',(0.5,0.,0.866025403784439));
#5009=DIRECTION('',(-0.5,0.,-0.866025403784439));
#5010=DIRECTION('',(0.5,0.,0.866025403784439));
#5011=DIRECTION('',(0.,-1.,0.));
#5012=DIRECTION('center_axis',(0.,-1.,0.));
#5013=DIRECTION('ref_axis',(-0.410891178174866,0.,0.911684396980704));
#5014=DIRECTION('center_axis',(0.,-1.,0.));
#5015=DIRECTION('ref_axis',(-0.410891178174866,0.,0.911684396980704));
#5016=DIRECTION('center_axis',(0.,1.,0.));
#5017=DIRECTION('ref_axis',(-0.410891178174866,0.,0.911684396980704));
#5018=DIRECTION('center_axis',(-0.866025403784439,0.,-0.5));
#5019=DIRECTION('ref_axis',(0.5,0.,-0.866025403784439));
#5020=DIRECTION('',(-0.5,0.,0.866025403784439));
#5021=DIRECTION('',(0.,-1.,0.));
#5022=DIRECTION('',(0.5,0.,-0.866025403784439));
#5023=DIRECTION('',(0.,-1.,0.));
#5024=DIRECTION('center_axis',(0.,-1.,0.));
#5025=DIRECTION('ref_axis',(-0.371153744479045,0.,0.928571428571429));
#5026=DIRECTION('center_axis',(0.,1.,0.));
#5027=DIRECTION('ref_axis',(-0.371153744479045,0.,0.928571428571429));
#5028=DIRECTION('center_axis',(0.,-1.,0.));
#5029=DIRECTION('ref_axis',(-0.371153744479045,0.,0.928571428571429));
#5030=DIRECTION('',(0.,-1.,0.));
#5031=DIRECTION('center_axis',(0.866025403784439,0.,-0.5));
#5032=DIRECTION('ref_axis',(0.5,0.,0.866025403784439));
#5033=DIRECTION('',(-0.5,0.,-0.866025403784439));
#5034=DIRECTION('',(0.5,0.,0.866025403784439));
#5035=DIRECTION('',(0.,-1.,0.));
#5036=DIRECTION('center_axis',(0.,-1.,0.));
#5037=DIRECTION('ref_axis',(-0.366182529914109,0.,0.930543042951643));
#5038=DIRECTION('center_axis',(0.,-1.,0.));
#5039=DIRECTION('ref_axis',(-0.366182529914109,0.,0.930543042951643));
#5040=DIRECTION('center_axis',(0.,1.,0.));
#5041=DIRECTION('ref_axis',(-0.366182529914109,0.,0.930543042951643));
#5042=DIRECTION('center_axis',(-0.866025403784439,0.,-0.5));
#5043=DIRECTION('ref_axis',(0.5,0.,-0.866025403784439));
#5044=DIRECTION('',(-0.5,0.,0.866025403784439));
#5045=DIRECTION('',(0.,-1.,0.));
#5046=DIRECTION('',(0.5,0.,-0.866025403784439));
#5047=DIRECTION('',(0.,-1.,0.));
#5048=DIRECTION('center_axis',(0.,-1.,0.));
#5049=DIRECTION('ref_axis',(-0.406061631909301,0.,0.913845693260714));
#5050=DIRECTION('center_axis',(0.,1.,0.));
#5051=DIRECTION('ref_axis',(-0.406061631909301,0.,0.913845693260714));
#5052=DIRECTION('center_axis',(0.,-1.,0.));
#5053=DIRECTION('ref_axis',(-0.406061631909301,0.,0.913845693260714));
#5054=DIRECTION('',(0.,-1.,0.));
#5055=DIRECTION('center_axis',(0.866025403784439,0.,-0.5));
#5056=DIRECTION('ref_axis',(0.5,0.,0.866025403784439));
#5057=DIRECTION('',(-0.5,0.,-0.866025403784439));
#5058=DIRECTION('',(0.5,0.,0.866025403784439));
#5059=DIRECTION('',(0.,-1.,0.));
#5060=DIRECTION('center_axis',(0.,-1.,0.));
#5061=DIRECTION('ref_axis',(-0.403445203854372,0.,0.915003807361972));
#5062=DIRECTION('center_axis',(0.,-1.,0.));
#5063=DIRECTION('ref_axis',(-0.403445203854372,0.,0.915003807361972));
#5064=DIRECTION('center_axis',(0.,1.,0.));
#5065=DIRECTION('ref_axis',(-0.403445203854372,0.,0.915003807361972));
#5066=DIRECTION('center_axis',(-0.866025403784439,0.,-0.5));
#5067=DIRECTION('ref_axis',(0.5,0.,-0.866025403784439));
#5068=DIRECTION('',(-0.5,0.,0.866025403784439));
#5069=DIRECTION('',(0.,-1.,0.));
#5070=DIRECTION('',(0.5,0.,-0.866025403784439));
#5071=DIRECTION('',(0.,-1.,0.));
#5072=DIRECTION('center_axis',(0.,-1.,0.));
#5073=DIRECTION('ref_axis',(-0.419200015569748,0.,0.907893907318649));
#5074=DIRECTION('center_axis',(0.,1.,0.));
#5075=DIRECTION('ref_axis',(-0.419200015569748,0.,0.907893907318649));
#5076=DIRECTION('center_axis',(0.,-1.,0.));
#5077=DIRECTION('ref_axis',(-0.419200015569748,0.,0.907893907318649));
#5078=DIRECTION('',(0.,-1.,0.));
#5079=DIRECTION('center_axis',(0.866025403784439,0.,-0.5));
#5080=DIRECTION('ref_axis',(0.5,0.,0.866025403784439));
#5081=DIRECTION('',(-0.5,0.,-0.866025403784439));
#5082=DIRECTION('',(0.5,0.,0.866025403784439));
#5083=DIRECTION('',(0.,-1.,0.));
#5084=DIRECTION('center_axis',(0.,-1.,0.));
#5085=DIRECTION('ref_axis',(-0.417271465429533,0.,0.908781890300577));
#5086=DIRECTION('center_axis',(0.,-1.,0.));
#5087=DIRECTION('ref_axis',(-0.417271465429533,0.,0.908781890300577));
#5088=DIRECTION('center_axis',(0.,1.,0.));
#5089=DIRECTION('ref_axis',(-0.417271465429533,0.,0.908781890300577));
#5090=DIRECTION('center_axis',(0.,-1.,0.));
#5091=DIRECTION('ref_axis',(-0.380065571072692,0.,0.924959545972249));
#5092=DIRECTION('center_axis',(0.,-1.,0.));
#5093=DIRECTION('ref_axis',(-0.380065571072692,0.,0.924959545972249));
#5094=DIRECTION('',(0.,-1.,0.));
#5095=DIRECTION('center_axis',(0.,1.,0.));
#5096=DIRECTION('ref_axis',(-0.380065571072692,0.,0.924959545972249));
#5097=DIRECTION('',(0.,-1.,0.));
#5098=DIRECTION('center_axis',(-0.866025403784439,0.,-0.5));
#5099=DIRECTION('ref_axis',(0.5,0.,-0.866025403784439));
#5100=DIRECTION('',(-0.5,0.,0.866025403784439));
#5101=DIRECTION('',(0.5,0.,-0.866025403784439));
#5102=DIRECTION('',(0.,-1.,0.));
#5103=DIRECTION('center_axis',(0.,-1.,0.));
#5104=DIRECTION('ref_axis',(-0.384074984961344,0.,0.923301903998331));
#5105=DIRECTION('center_axis',(0.,1.,0.));
#5106=DIRECTION('ref_axis',(-0.384074984961344,0.,0.923301903998331));
#5107=DIRECTION('center_axis',(0.,-1.,0.));
#5108=DIRECTION('ref_axis',(-0.384074984961344,0.,0.923301903998331));
#5109=DIRECTION('',(0.,-1.,0.));
#5110=DIRECTION('center_axis',(0.866025403784439,0.,-0.5));
#5111=DIRECTION('ref_axis',(0.5,0.,0.866025403784439));
#5112=DIRECTION('',(-0.5,0.,-0.866025403784439));
#5113=DIRECTION('',(0.5,0.,0.866025403784439));
#5114=DIRECTION('center_axis',(-0.866025403784439,0.,-0.5));
#5115=DIRECTION('ref_axis',(0.5,0.,-0.866025403784439));
#5116=DIRECTION('',(-0.5,0.,0.866025403784439));
#5117=DIRECTION('',(0.,-1.,0.));
#5118=DIRECTION('',(0.5,0.,-0.866025403784439));
#5119=DIRECTION('',(0.,-1.,0.));
#5120=DIRECTION('center_axis',(0.,-1.,0.));
#5121=DIRECTION('ref_axis',(-0.397749629587885,0.,0.917493995709345));
#5122=DIRECTION('center_axis',(0.,1.,0.));
#5123=DIRECTION('ref_axis',(-0.397749629587885,0.,0.917493995709345));
#5124=DIRECTION('center_axis',(0.,-1.,0.));
#5125=DIRECTION('ref_axis',(-0.397749629587885,0.,0.917493995709345));
#5126=DIRECTION('',(0.,-1.,0.));
#5127=DIRECTION('center_axis',(0.866025403784439,0.,-0.5));
#5128=DIRECTION('ref_axis',(0.5,0.,0.866025403784439));
#5129=DIRECTION('',(-0.5,0.,-0.866025403784439));
#5130=DIRECTION('',(0.5,0.,0.866025403784439));
#5131=DIRECTION('',(0.,-1.,0.));
#5132=DIRECTION('center_axis',(0.,-1.,0.));
#5133=DIRECTION('ref_axis',(-0.394642394146952,0.,0.918834795130203));
#5134=DIRECTION('center_axis',(0.,-1.,0.));
#5135=DIRECTION('ref_axis',(-0.394642394146952,0.,0.918834795130203));
#5136=DIRECTION('center_axis',(0.,1.,0.));
#5137=DIRECTION('ref_axis',(-0.394642394146952,0.,0.918834795130203));
#5138=DIRECTION('center_axis',(-0.866025403784439,0.,-0.5));
#5139=DIRECTION('ref_axis',(0.5,0.,-0.866025403784439));
#5140=DIRECTION('',(-0.5,0.,0.866025403784439));
#5141=DIRECTION('',(0.,-1.,0.));
#5142=DIRECTION('',(0.5,0.,-0.866025403784439));
#5143=DIRECTION('',(0.,-1.,0.));
#5144=DIRECTION('center_axis',(0.,-1.,0.));
#5145=DIRECTION('ref_axis',(-0.42448164537869,0.,0.905436542633773));
#5146=DIRECTION('center_axis',(0.,1.,0.));
#5147=DIRECTION('ref_axis',(-0.42448164537869,0.,0.905436542633773));
#5148=DIRECTION('center_axis',(0.,-1.,0.));
#5149=DIRECTION('ref_axis',(-0.42448164537869,0.,0.905436542633773));
#5150=DIRECTION('',(0.,-1.,0.));
#5151=DIRECTION('center_axis',(0.866025403784439,0.,-0.5));
#5152=DIRECTION('ref_axis',(0.5,0.,0.866025403784439));
#5153=DIRECTION('',(-0.5,0.,-0.866025403784439));
#5154=DIRECTION('',(0.5,0.,0.866025403784439));
#5155=DIRECTION('',(0.,-1.,0.));
#5156=DIRECTION('center_axis',(0.,-1.,0.));
#5157=DIRECTION('ref_axis',(-0.422799496948727,0.,0.906223253608019));
#5158=DIRECTION('center_axis',(0.,-1.,0.));
#5159=DIRECTION('ref_axis',(-0.422799496948727,0.,0.906223253608019));
#5160=DIRECTION('center_axis',(0.,1.,0.));
#5161=DIRECTION('ref_axis',(-0.422799496948727,0.,0.906223253608019));
#5162=DIRECTION('center_axis',(-0.866025403784439,0.,0.5));
#5163=DIRECTION('ref_axis',(-0.5,0.,-0.866025403784439));
#5164=DIRECTION('',(0.5,0.,0.866025403784439));
#5165=DIRECTION('',(0.,-1.,0.));
#5166=DIRECTION('',(-0.5,0.,-0.866025403784439));
#5167=DIRECTION('',(0.,-1.,0.));
#5168=DIRECTION('center_axis',(0.,-1.,0.));
#5169=DIRECTION('ref_axis',(0.582105058005876,0.,0.813113584589494));
#5170=DIRECTION('center_axis',(0.,1.,0.));
#5171=DIRECTION('ref_axis',(0.582105058005876,0.,0.813113584589494));
#5172=DIRECTION('center_axis',(0.,-1.,0.));
#5173=DIRECTION('ref_axis',(0.582105058005876,0.,0.813113584589494));
#5174=DIRECTION('',(0.,-1.,0.));
#5175=DIRECTION('center_axis',(0.,0.,-1.));
#5176=DIRECTION('ref_axis',(1.,0.,0.));
#5177=DIRECTION('',(-1.,0.,0.));
#5178=DIRECTION('',(1.,0.,0.));
#5179=DIRECTION('',(0.,-1.,0.));
#5180=DIRECTION('center_axis',(0.,-1.,0.));
#5181=DIRECTION('ref_axis',(0.584096258931754,0.,0.811684396980704));
#5182=DIRECTION('center_axis',(0.,-1.,0.));
#5183=DIRECTION('ref_axis',(0.584096258931754,0.,0.811684396980704));
#5184=DIRECTION('center_axis',(0.,1.,0.));
#5185=DIRECTION('ref_axis',(0.584096258931754,0.,0.811684396980704));
#5186=DIRECTION('center_axis',(-0.866025403784439,0.,0.5));
#5187=DIRECTION('ref_axis',(-0.5,0.,-0.866025403784439));
#5188=DIRECTION('',(0.5,0.,0.866025403784439));
#5189=DIRECTION('',(0.,-1.,0.));
#5190=DIRECTION('',(-0.5,0.,-0.866025403784439));
#5191=DIRECTION('',(0.,-1.,0.));
#5192=DIRECTION('center_axis',(0.,-1.,0.));
#5193=DIRECTION('ref_axis',(0.618589574131742,0.,0.785714285714286));
#5194=DIRECTION('center_axis',(0.,1.,0.));
#5195=DIRECTION('ref_axis',(0.618589574131742,0.,0.785714285714286));
#5196=DIRECTION('center_axis',(0.,-1.,0.));
#5197=DIRECTION('ref_axis',(0.618589574131742,0.,0.785714285714286));
#5198=DIRECTION('',(0.,-1.,0.));
#5199=DIRECTION('center_axis',(0.,0.,-1.));
#5200=DIRECTION('ref_axis',(1.,0.,0.));
#5201=DIRECTION('',(-1.,0.,0.));
#5202=DIRECTION('',(1.,0.,0.));
#5203=DIRECTION('',(0.,-1.,0.));
#5204=DIRECTION('center_axis',(0.,-1.,0.));
#5205=DIRECTION('ref_axis',(0.622782649553942,0.,0.782394894803495));
#5206=DIRECTION('center_axis',(0.,-1.,0.));
#5207=DIRECTION('ref_axis',(0.622782649553942,0.,0.782394894803495));
#5208=DIRECTION('center_axis',(0.,1.,0.));
#5209=DIRECTION('ref_axis',(0.622782649553942,0.,0.782394894803495));
#5210=DIRECTION('center_axis',(-0.866025403784439,0.,0.5));
#5211=DIRECTION('ref_axis',(-0.5,0.,-0.866025403784439));
#5212=DIRECTION('',(0.5,0.,0.866025403784439));
#5213=DIRECTION('',(0.,-1.,0.));
#5214=DIRECTION('',(-0.5,0.,-0.866025403784439));
#5215=DIRECTION('',(0.,-1.,0.));
#5216=DIRECTION('center_axis',(0.,-1.,0.));
#5217=DIRECTION('ref_axis',(0.58838276954813,0.,0.808582535365978));
#5218=DIRECTION('center_axis',(0.,1.,0.));
#5219=DIRECTION('ref_axis',(0.58838276954813,0.,0.808582535365978));
#5220=DIRECTION('center_axis',(0.,-1.,0.));
#5221=DIRECTION('ref_axis',(0.58838276954813,0.,0.808582535365978));
#5222=DIRECTION('',(0.,-1.,0.));
#5223=DIRECTION('center_axis',(0.,0.,-1.));
#5224=DIRECTION('ref_axis',(1.,0.,0.));
#5225=DIRECTION('',(-1.,0.,0.));
#5226=DIRECTION('',(1.,0.,0.));
#5227=DIRECTION('',(0.,-1.,0.));
#5228=DIRECTION('center_axis',(0.,-1.,0.));
#5229=DIRECTION('ref_axis',(0.590693939807764,0.,0.806895699253864));
#5230=DIRECTION('center_axis',(0.,-1.,0.));
#5231=DIRECTION('ref_axis',(0.590693939807764,0.,0.806895699253864));
#5232=DIRECTION('center_axis',(0.,1.,0.));
#5233=DIRECTION('ref_axis',(0.590693939807764,0.,0.806895699253864));
#5234=DIRECTION('center_axis',(-0.866025403784439,0.,0.5));
#5235=DIRECTION('ref_axis',(-0.5,0.,-0.866025403784439));
#5236=DIRECTION('',(0.5,0.,0.866025403784439));
#5237=DIRECTION('',(0.,-1.,0.));
#5238=DIRECTION('',(-0.5,0.,-0.866025403784439));
#5239=DIRECTION('',(0.,-1.,0.));
#5240=DIRECTION('center_axis',(0.,-1.,0.));
#5241=DIRECTION('ref_axis',(0.576659179894191,0.,0.816984816409558));
#5242=DIRECTION('center_axis',(0.,1.,0.));
#5243=DIRECTION('ref_axis',(0.576659179894191,0.,0.816984816409558));
#5244=DIRECTION('center_axis',(0.,-1.,0.));
#5245=DIRECTION('ref_axis',(0.576659179894191,0.,0.816984816409558));
#5246=DIRECTION('',(0.,-1.,0.));
#5247=DIRECTION('center_axis',(0.,0.,-1.));
#5248=DIRECTION('ref_axis',(1.,0.,0.));
#5249=DIRECTION('',(-1.,0.,0.));
#5250=DIRECTION('',(1.,0.,0.));
#5251=DIRECTION('',(0.,-1.,0.));
#5252=DIRECTION('center_axis',(0.,-1.,0.));
#5253=DIRECTION('ref_axis',(0.578392470784776,0.,0.815758634486624));
#5254=DIRECTION('center_axis',(0.,-1.,0.));
#5255=DIRECTION('ref_axis',(0.578392470784776,0.,0.815758634486624));
#5256=DIRECTION('center_axis',(0.,1.,0.));
#5257=DIRECTION('ref_axis',(0.578392470784776,0.,0.815758634486624));
#5258=DIRECTION('center_axis',(0.,-1.,0.));
#5259=DIRECTION('ref_axis',(0.611005678748542,0.,0.791626212638916));
#5260=DIRECTION('center_axis',(0.,-1.,0.));
#5261=DIRECTION('ref_axis',(0.611005678748542,0.,0.791626212638916));
#5262=DIRECTION('',(0.,-1.,0.));
#5263=DIRECTION('center_axis',(0.,1.,0.));
#5264=DIRECTION('ref_axis',(0.611005678748542,0.,0.791626212638916));
#5265=DIRECTION('',(0.,-1.,0.));
#5266=DIRECTION('center_axis',(-0.866025403784439,0.,0.5));
#5267=DIRECTION('ref_axis',(-0.5,0.,-0.866025403784439));
#5268=DIRECTION('',(0.5,0.,0.866025403784439));
#5269=DIRECTION('',(-0.5,0.,-0.866025403784439));
#5270=DIRECTION('',(0.,-1.,0.));
#5271=DIRECTION('center_axis',(0.,-1.,0.));
#5272=DIRECTION('ref_axis',(0.607565411744424,0.,0.794269645933815));
#5273=DIRECTION('center_axis',(0.,1.,0.));
#5274=DIRECTION('ref_axis',(0.607565411744424,0.,0.794269645933815));
#5275=DIRECTION('center_axis',(0.,-1.,0.));
#5276=DIRECTION('ref_axis',(0.607565411744424,0.,0.794269645933815));
#5277=DIRECTION('',(0.,-1.,0.));
#5278=DIRECTION('center_axis',(0.,0.,-1.));
#5279=DIRECTION('ref_axis',(1.,0.,0.));
#5280=DIRECTION('',(-1.,0.,0.));
#5281=DIRECTION('',(1.,0.,0.));
#5282=DIRECTION('center_axis',(-0.866025403784439,0.,0.5));
#5283=DIRECTION('ref_axis',(-0.5,0.,-0.866025403784439));
#5284=DIRECTION('',(0.5,0.,0.866025403784439));
#5285=DIRECTION('',(0.,-1.,0.));
#5286=DIRECTION('',(-0.5,0.,-0.866025403784439));
#5287=DIRECTION('',(0.,-1.,0.));
#5288=DIRECTION('center_axis',(0.,-1.,0.));
#5289=DIRECTION('ref_axis',(0.595698293310041,0.,0.803208281423632));
#5290=DIRECTION('center_axis',(0.,1.,0.));
#5291=DIRECTION('ref_axis',(0.595698293310041,0.,0.803208281423632));
#5292=DIRECTION('center_axis',(0.,-1.,0.));
#5293=DIRECTION('ref_axis',(0.595698293310041,0.,0.803208281423632));
#5294=DIRECTION('',(0.,-1.,0.));
#5295=DIRECTION('center_axis',(0.,0.,-1.));
#5296=DIRECTION('ref_axis',(1.,0.,0.));
#5297=DIRECTION('',(-1.,0.,0.));
#5298=DIRECTION('',(1.,0.,0.));
#5299=DIRECTION('',(0.,-1.,0.));
#5300=DIRECTION('center_axis',(0.,-1.,0.));
#5301=DIRECTION('ref_axis',(0.598413077390349,0.,0.801187736306674));
#5302=DIRECTION('center_axis',(0.,-1.,0.));
#5303=DIRECTION('ref_axis',(0.598413077390349,0.,0.801187736306674));
#5304=DIRECTION('center_axis',(0.,1.,0.));
#5305=DIRECTION('ref_axis',(0.598413077390349,0.,0.801187736306674));
#5306=DIRECTION('center_axis',(-0.866025403784439,0.,0.5));
#5307=DIRECTION('ref_axis',(-0.5,0.,-0.866025403784439));
#5308=DIRECTION('',(0.5,0.,0.866025403784439));
#5309=DIRECTION('',(0.,-1.,0.));
#5310=DIRECTION('',(-0.5,0.,-0.866025403784439));
#5311=DIRECTION('',(0.,-1.,0.));
#5312=DIRECTION('center_axis',(0.,-1.,0.));
#5313=DIRECTION('ref_axis',(0.571890224746254,0.,0.82033015965505));
#5314=DIRECTION('center_axis',(0.,1.,0.));
#5315=DIRECTION('ref_axis',(0.571890224746254,0.,0.82033015965505));
#5316=DIRECTION('center_axis',(0.,-1.,0.));
#5317=DIRECTION('ref_axis',(0.571890224746254,0.,0.82033015965505));
#5318=DIRECTION('',(0.,-1.,0.));
#5319=DIRECTION('center_axis',(0.,0.,-1.));
#5320=DIRECTION('ref_axis',(1.,0.,0.));
#5321=DIRECTION('',(-1.,0.,0.));
#5322=DIRECTION('',(1.,0.,0.));
#5323=DIRECTION('',(0.,-1.,0.));
#5324=DIRECTION('center_axis',(0.,-1.,0.));
#5325=DIRECTION('ref_axis',(0.573412610650368,0.,0.819266731868888));
#5326=DIRECTION('center_axis',(0.,-1.,0.));
#5327=DIRECTION('ref_axis',(0.573412610650368,0.,0.819266731868888));
#5328=DIRECTION('center_axis',(0.,1.,0.));
#5329=DIRECTION('ref_axis',(0.573412610650368,0.,0.819266731868888));
#5330=DIRECTION('center_axis',(0.,1.,0.));
#5331=DIRECTION('ref_axis',(-1.,0.,0.));
#5332=DIRECTION('center_axis',(0.,1.,0.));
#5333=DIRECTION('ref_axis',(1.,0.,1.77635683940025E-16));
#5334=DIRECTION('',(-1.,0.,1.1842378929335E-16));
#5335=DIRECTION('center_axis',(0.,1.,0.));
#5336=DIRECTION('ref_axis',(1.06581410364015E-15,0.,-1.));
#5337=DIRECTION('',(2.368475785867E-16,0.,1.));
#5338=DIRECTION('center_axis',(0.,1.,0.));
#5339=DIRECTION('ref_axis',(-1.,0.,1.77635683940025E-16));
#5340=DIRECTION('',(1.,0.,0.));
#5341=DIRECTION('center_axis',(0.,1.,0.));
#5342=DIRECTION('ref_axis',(0.,0.,1.));
#5343=DIRECTION('',(-1.1842378929335E-16,0.,-1.));
#5344=DIRECTION('center_axis',(0.,-1.,0.));
#5345=DIRECTION('ref_axis',(-0.707106781186548,0.,-0.707106781186548));
#5346=DIRECTION('center_axis',(0.,-1.,0.));
#5347=DIRECTION('ref_axis',(-6.12323399573677E-17,0.,-1.));
#5348=DIRECTION('center_axis',(0.,-1.,0.));
#5349=DIRECTION('ref_axis',(0.707106781186547,0.,-0.707106781186548));
#5350=DIRECTION('center_axis',(0.,-1.,0.));
#5351=DIRECTION('ref_axis',(1.,0.,-1.22464679914735E-16));
#5352=DIRECTION('center_axis',(0.,-1.,0.));
#5353=DIRECTION('ref_axis',(0.707106781186548,0.,0.707106781186547));
#5354=DIRECTION('center_axis',(0.,-1.,0.));
#5355=DIRECTION('ref_axis',(1.83697019872103E-16,0.,1.));
#5356=DIRECTION('center_axis',(0.,-1.,0.));
#5357=DIRECTION('ref_axis',(-0.707106781186547,0.,0.707106781186548));
#5358=DIRECTION('center_axis',(0.,1.,0.));
#5359=DIRECTION('ref_axis',(-1.,0.,0.));
#5360=DIRECTION('center_axis',(0.,-1.,0.));
#5361=DIRECTION('ref_axis',(-0.707106781186547,0.,0.707106781186548));
#5362=DIRECTION('',(0.,-1.,0.));
#5363=DIRECTION('center_axis',(0.,1.,0.));
#5364=DIRECTION('ref_axis',(-0.707106781186547,0.,0.707106781186548));
#5365=DIRECTION('center_axis',(0.,-1.,0.));
#5366=DIRECTION('ref_axis',(1.83697019872103E-16,0.,1.));
#5367=DIRECTION('',(0.,-1.,0.));
#5368=DIRECTION('center_axis',(0.,1.,0.));
#5369=DIRECTION('ref_axis',(1.83697019872103E-16,0.,1.));
#5370=DIRECTION('center_axis',(0.,-1.,0.));
#5371=DIRECTION('ref_axis',(0.707106781186548,0.,0.707106781186547));
#5372=DIRECTION('',(0.,-1.,0.));
#5373=DIRECTION('center_axis',(0.,1.,0.));
#5374=DIRECTION('ref_axis',(0.707106781186548,0.,0.707106781186547));
#5375=DIRECTION('center_axis',(0.,-1.,0.));
#5376=DIRECTION('ref_axis',(1.,0.,-1.22464679914735E-16));
#5377=DIRECTION('',(0.,-1.,0.));
#5378=DIRECTION('center_axis',(0.,1.,0.));
#5379=DIRECTION('ref_axis',(1.,0.,-1.22464679914735E-16));
#5380=DIRECTION('center_axis',(0.,-1.,0.));
#5381=DIRECTION('ref_axis',(0.707106781186547,0.,-0.707106781186548));
#5382=DIRECTION('',(0.,-1.,0.));
#5383=DIRECTION('center_axis',(0.,1.,0.));
#5384=DIRECTION('ref_axis',(0.707106781186547,0.,-0.707106781186548));
#5385=DIRECTION('center_axis',(0.,-1.,0.));
#5386=DIRECTION('ref_axis',(-6.12323399573677E-17,0.,-1.));
#5387=DIRECTION('',(0.,-1.,0.));
#5388=DIRECTION('center_axis',(0.,1.,0.));
#5389=DIRECTION('ref_axis',(-6.12323399573677E-17,0.,-1.));
#5390=DIRECTION('center_axis',(0.,-1.,0.));
#5391=DIRECTION('ref_axis',(-0.707106781186548,0.,-0.707106781186548));
#5392=DIRECTION('',(0.,-1.,0.));
#5393=DIRECTION('center_axis',(0.,1.,0.));
#5394=DIRECTION('ref_axis',(-0.707106781186548,0.,-0.707106781186548));
#5395=DIRECTION('center_axis',(0.,-1.,0.));
#5396=DIRECTION('ref_axis',(-1.,0.,0.));
#5397=DIRECTION('',(0.,-1.,0.));
#5398=DIRECTION('center_axis',(0.,1.,0.));
#5399=DIRECTION('ref_axis',(-1.,0.,0.));
#5400=DIRECTION('center_axis',(1.,0.,-1.1842378929335E-16));
#5401=DIRECTION('ref_axis',(-1.1842378929335E-16,0.,-1.));
#5402=DIRECTION('',(1.1842378929335E-16,0.,1.));
#5403=DIRECTION('',(0.,1.,0.));
#5404=DIRECTION('',(0.,1.,0.));
#5405=DIRECTION('center_axis',(0.,1.,0.));
#5406=DIRECTION('ref_axis',(0.,0.,1.));
#5407=DIRECTION('center_axis',(0.,1.,0.));
#5408=DIRECTION('ref_axis',(0.,0.,1.));
#5409=DIRECTION('',(0.,1.,0.));
#5410=DIRECTION('center_axis',(0.,0.,1.));
#5411=DIRECTION('ref_axis',(1.,0.,0.));
#5412=DIRECTION('',(-1.,0.,0.));
#5413=DIRECTION('',(0.,1.,0.));
#5414=DIRECTION('center_axis',(0.,1.,0.));
#5415=DIRECTION('ref_axis',(-1.,0.,1.77635683940025E-16));
#5416=DIRECTION('center_axis',(0.,1.,0.));
#5417=DIRECTION('ref_axis',(-1.,0.,1.77635683940025E-16));
#5418=DIRECTION('',(0.,1.,0.));
#5419=DIRECTION('center_axis',(-1.,0.,2.368475785867E-16));
#5420=DIRECTION('ref_axis',(2.368475785867E-16,0.,1.));
#5421=DIRECTION('',(-2.368475785867E-16,0.,-1.));
#5422=DIRECTION('',(0.,1.,0.));
#5423=DIRECTION('center_axis',(0.,1.,0.));
#5424=DIRECTION('ref_axis',(1.06581410364015E-15,0.,-1.));
#5425=DIRECTION('center_axis',(0.,1.,0.));
#5426=DIRECTION('ref_axis',(1.06581410364015E-15,0.,-1.));
#5427=DIRECTION('',(0.,1.,0.));
#5428=DIRECTION('center_axis',(-1.1842378929335E-16,0.,-1.));
#5429=DIRECTION('ref_axis',(-1.,0.,1.1842378929335E-16));
#5430=DIRECTION('',(1.,0.,-1.1842378929335E-16));
#5431=DIRECTION('',(0.,1.,0.));
#5432=DIRECTION('center_axis',(0.,1.,0.));
#5433=DIRECTION('ref_axis',(1.,0.,1.77635683940025E-16));
#5434=DIRECTION('center_axis',(0.,1.,0.));
#5435=DIRECTION('ref_axis',(1.,0.,1.77635683940025E-16));
#5436=DIRECTION('center_axis',(0.,1.,0.));
#5437=DIRECTION('ref_axis',(-1.,0.,0.));
#5438=CARTESIAN_POINT('',(0.,0.,0.));
#5439=CARTESIAN_POINT('Origin',(0.,155.,0.));
#5440=CARTESIAN_POINT('',(45.0997512422418,155.,-5.52312660011532E-15));
#5441=CARTESIAN_POINT('Origin',(0.,155.,0.));
#5442=CARTESIAN_POINT('',(45.0997512422418,150.,-5.52312660011532E-15));
#5443=CARTESIAN_POINT('',(45.0997512422418,155.,5.52312660011532E-15));
#5444=CARTESIAN_POINT('Origin',(0.,150.,0.));
#5445=CARTESIAN_POINT('Origin',(204.022057631032,155.,-20.0000000000001));
#5446=CARTESIAN_POINT('',(198.997487421324,150.,-20.0000000000001));
#5447=CARTESIAN_POINT('',(204.022057631032,150.,-20.0000000000001));
#5448=CARTESIAN_POINT('',(102.011028815516,150.,-20.));
#5449=CARTESIAN_POINT('',(198.997487421324,155.,-20.0000000000001));
#5450=CARTESIAN_POINT('',(198.997487421324,155.,-20.0000000000001));
#5451=CARTESIAN_POINT('',(204.022057631032,155.,-20.0000000000001));
#5452=CARTESIAN_POINT('',(102.011028815516,155.,-20.));
#5453=CARTESIAN_POINT('',(204.022057631032,155.,-20.0000000000001));
#5454=CARTESIAN_POINT('Origin',(0.,155.,0.));
#5455=CARTESIAN_POINT('',(119.331536891204,150.,-166.688284840846));
#5456=CARTESIAN_POINT('Origin',(0.,150.,0.));
#5457=CARTESIAN_POINT('',(119.331536891204,155.,-166.688284840846));
#5458=CARTESIAN_POINT('Origin',(0.,155.,0.));
#5459=CARTESIAN_POINT('',(119.331536891204,155.,-166.688284840846));
#5460=CARTESIAN_POINT('Origin',(116.819251786351,155.,-162.336879396141));
#5461=CARTESIAN_POINT('',(116.819251786351,150.,-162.336879396141));
#5462=CARTESIAN_POINT('',(67.0698799310197,150.,-76.1684396980704));
#5463=CARTESIAN_POINT('',(116.819251786351,155.,-162.336879396141));
#5464=CARTESIAN_POINT('',(67.0698799310197,155.,-76.1684396980704));
#5465=CARTESIAN_POINT('',(116.819251786351,155.,-162.336879396141));
#5466=CARTESIAN_POINT('Origin',(0.,155.,0.));
#5467=CARTESIAN_POINT('Origin',(0.,150.,0.));
#5468=CARTESIAN_POINT('Origin',(0.,155.,0.));
#5469=CARTESIAN_POINT('Origin',(138.56406460551,155.,-20.0000000000001));
#5470=CARTESIAN_POINT('',(133.510299228187,150.,-20.0000000000001));
#5471=CARTESIAN_POINT('',(138.56406460551,150.,-20.0000000000001));
#5472=CARTESIAN_POINT('',(69.2820323027552,150.,-20.));
#5473=CARTESIAN_POINT('',(133.510299228187,155.,-20.0000000000001));
#5474=CARTESIAN_POINT('',(133.510299228187,155.,-20.0000000000001));
#5475=CARTESIAN_POINT('',(138.56406460551,155.,-20.0000000000001));
#5476=CARTESIAN_POINT('',(69.2820323027552,155.,-20.));
#5477=CARTESIAN_POINT('',(138.56406460551,155.,-20.0000000000001));
#5478=CARTESIAN_POINT('Origin',(0.,155.,0.));
#5479=CARTESIAN_POINT('',(86.6025403784438,150.,-110.));
#5480=CARTESIAN_POINT('Origin',(0.,150.,0.));
#5481=CARTESIAN_POINT('',(86.6025403784438,155.,-110.));
#5482=CARTESIAN_POINT('Origin',(0.,155.,0.));
#5483=CARTESIAN_POINT('',(86.6025403784438,155.,-110.));
#5484=CARTESIAN_POINT('Origin',(84.0756576897821,155.,-105.623310798472));
#5485=CARTESIAN_POINT('',(84.0756576897821,150.,-105.623310798472));
#5486=CARTESIAN_POINT('',(50.6980828827355,150.,-47.8116553992359));
#5487=CARTESIAN_POINT('',(84.0756576897821,155.,-105.623310798472));
#5488=CARTESIAN_POINT('',(50.6980828827355,155.,-47.8116553992359));
#5489=CARTESIAN_POINT('',(84.0756576897821,155.,-105.623310798472));
#5490=CARTESIAN_POINT('Origin',(0.,155.,0.));
#5491=CARTESIAN_POINT('Origin',(0.,150.,0.));
#5492=CARTESIAN_POINT('Origin',(0.,155.,0.));
#5493=CARTESIAN_POINT('Origin',(188.944436276912,155.,-20.0000000000001));
#5494=CARTESIAN_POINT('',(183.915741577495,150.,-20.0000000000001));
#5495=CARTESIAN_POINT('',(188.944436276912,150.,-20.0000000000001));
#5496=CARTESIAN_POINT('',(94.4722181384559,150.,-20.));
#5497=CARTESIAN_POINT('',(183.915741577495,155.,-20.0000000000001));
#5498=CARTESIAN_POINT('',(183.915741577495,155.,-20.0000000000001));
#5499=CARTESIAN_POINT('',(188.944436276912,155.,-20.0000000000001));
#5500=CARTESIAN_POINT('',(94.4722181384559,155.,-20.));
#5501=CARTESIAN_POINT('',(188.944436276912,155.,-20.0000000000001));
#5502=CARTESIAN_POINT('Origin',(0.,155.,0.));
#5503=CARTESIAN_POINT('',(111.792726214145,150.,-153.630681719536));
#5504=CARTESIAN_POINT('Origin',(0.,150.,0.));
#5505=CARTESIAN_POINT('',(111.792726214145,155.,-153.630681719536));
#5506=CARTESIAN_POINT('Origin',(0.,155.,0.));
#5507=CARTESIAN_POINT('',(111.792726214145,155.,-153.630681719536));
#5508=CARTESIAN_POINT('Origin',(109.278378864436,155.,-149.275704361965));
#5509=CARTESIAN_POINT('',(109.278378864436,150.,-149.275704361965));
#5510=CARTESIAN_POINT('',(63.2994434700625,150.,-69.6378521809824));
#5511=CARTESIAN_POINT('',(109.278378864436,155.,-149.275704361965));
#5512=CARTESIAN_POINT('',(63.2994434700625,155.,-69.6378521809824));
#5513=CARTESIAN_POINT('',(109.278378864436,155.,-149.275704361965));
#5514=CARTESIAN_POINT('Origin',(0.,155.,0.));
#5515=CARTESIAN_POINT('Origin',(0.,150.,0.));
#5516=CARTESIAN_POINT('Origin',(0.,155.,0.));
#5517=CARTESIAN_POINT('Origin',(219.089023002066,155.,-20.0000000000001));
#5518=CARTESIAN_POINT('',(214.067746286076,150.,-20.0000000000001));
#5519=CARTESIAN_POINT('',(219.089023002066,150.,-20.0000000000001));
#5520=CARTESIAN_POINT('',(109.544511501033,150.,-20.));
#5521=CARTESIAN_POINT('',(214.067746286076,155.,-20.0000000000001));
#5522=CARTESIAN_POINT('',(214.067746286076,155.,-20.0000000000001));
#5523=CARTESIAN_POINT('',(219.089023002066,155.,-20.0000000000001));
#5524=CARTESIAN_POINT('',(109.544511501033,155.,-20.));
#5525=CARTESIAN_POINT('',(219.089023002066,155.,-20.0000000000001));
#5526=CARTESIAN_POINT('Origin',(0.,155.,0.));
#5527=CARTESIAN_POINT('',(126.865019576722,150.,-179.736659610103));
#5528=CARTESIAN_POINT('Origin',(0.,150.,0.));
#5529=CARTESIAN_POINT('',(126.865019576722,155.,-179.736659610103));
#5530=CARTESIAN_POINT('Origin',(0.,155.,0.));
#5531=CARTESIAN_POINT('',(126.865019576722,155.,-179.736659610103));
#5532=CARTESIAN_POINT('Origin',(124.354381218727,155.,-175.388106414624));
#5533=CARTESIAN_POINT('',(124.354381218727,150.,-175.388106414624));
#5534=CARTESIAN_POINT('',(70.8374446472078,150.,-82.6940532073121));
#5535=CARTESIAN_POINT('',(124.354381218727,155.,-175.388106414624));
#5536=CARTESIAN_POINT('',(70.8374446472078,155.,-82.6940532073121));
#5537=CARTESIAN_POINT('',(124.354381218727,155.,-175.388106414624));
#5538=CARTESIAN_POINT('Origin',(0.,155.,0.));
#5539=CARTESIAN_POINT('Origin',(0.,150.,0.));
#5540=CARTESIAN_POINT('Origin',(0.,155.,0.));
#5541=CARTESIAN_POINT('Origin',(0.,155.,0.));
#5542=CARTESIAN_POINT('',(91.6508518122812,150.,-118.743931895837));
#5543=CARTESIAN_POINT('',(148.660687473185,150.,-20.));
#5544=CARTESIAN_POINT('Origin',(0.,150.,0.));
#5545=CARTESIAN_POINT('',(91.6508518122812,155.,-118.743931895837));
#5546=CARTESIAN_POINT('',(91.6508518122812,155.,-118.743931895837));
#5547=CARTESIAN_POINT('',(148.660687473185,155.,-20.));
#5548=CARTESIAN_POINT('Origin',(0.,155.,0.));
#5549=CARTESIAN_POINT('',(148.660687473185,155.,-20.));
#5550=CARTESIAN_POINT('Origin',(153.704261489394,155.,-20.));
#5551=CARTESIAN_POINT('',(153.704261489394,150.,-20.0000000000001));
#5552=CARTESIAN_POINT('',(76.852130744697,150.,-20.));
#5553=CARTESIAN_POINT('',(153.704261489394,155.,-20.0000000000001));
#5554=CARTESIAN_POINT('',(76.852130744697,155.,-20.));
#5555=CARTESIAN_POINT('',(153.704261489394,155.,-20.0000000000001));
#5556=CARTESIAN_POINT('Origin',(0.,155.,0.));
#5557=CARTESIAN_POINT('',(94.1726388203857,150.,-123.111795119741));
#5558=CARTESIAN_POINT('Origin',(0.,150.,0.));
#5559=CARTESIAN_POINT('',(94.1726388203857,155.,-123.111795119741));
#5560=CARTESIAN_POINT('Origin',(0.,155.,0.));
#5561=CARTESIAN_POINT('',(94.1726388203857,155.,-123.111795119741));
#5562=CARTESIAN_POINT('Origin',(91.6508518122812,155.,-118.743931895837));
#5563=CARTESIAN_POINT('',(54.485679943985,150.,-54.3719659479187));
#5564=CARTESIAN_POINT('',(54.485679943985,155.,-54.3719659479187));
#5565=CARTESIAN_POINT('Origin',(173.853386507137,155.,-20.0000000000001));
#5566=CARTESIAN_POINT('',(168.819430161341,150.,-20.0000000000001));
#5567=CARTESIAN_POINT('',(173.853386507137,150.,-20.0000000000001));
#5568=CARTESIAN_POINT('',(86.9266932535686,150.,-20.));
#5569=CARTESIAN_POINT('',(168.819430161341,155.,-20.0000000000001));
#5570=CARTESIAN_POINT('',(168.819430161341,155.,-20.0000000000001));
#5571=CARTESIAN_POINT('',(173.853386507137,155.,-20.0000000000001));
#5572=CARTESIAN_POINT('',(86.9266932535686,155.,-20.));
#5573=CARTESIAN_POINT('',(173.853386507137,155.,-20.0000000000001));
#5574=CARTESIAN_POINT('Origin',(0.,155.,0.));
#5575=CARTESIAN_POINT('',(104.247201329257,150.,-140.561449249136));
#5576=CARTESIAN_POINT('Origin',(0.,150.,0.));
#5577=CARTESIAN_POINT('',(104.247201329257,155.,-140.561449249136));
#5578=CARTESIAN_POINT('Origin',(0.,155.,0.));
#5579=CARTESIAN_POINT('',(104.247201329257,155.,-140.561449249136));
#5580=CARTESIAN_POINT('Origin',(101.730223156359,155.,-136.201915172135));
#5581=CARTESIAN_POINT('',(101.730223156359,150.,-136.201915172135));
#5582=CARTESIAN_POINT('',(59.525365616024,150.,-63.1009575860673));
#5583=CARTESIAN_POINT('',(101.730223156359,155.,-136.201915172135));
#5584=CARTESIAN_POINT('',(59.525365616024,155.,-63.1009575860673));
#5585=CARTESIAN_POINT('',(101.730223156359,155.,-136.201915172135));
#5586=CARTESIAN_POINT('Origin',(0.,155.,0.));
#5587=CARTESIAN_POINT('Origin',(0.,150.,0.));
#5588=CARTESIAN_POINT('Origin',(0.,155.,0.));
#5589=CARTESIAN_POINT('Origin',(234.147389479362,155.,-20.0000000000001));
#5590=CARTESIAN_POINT('',(229.128784747792,150.,-20.0000000000001));
#5591=CARTESIAN_POINT('',(234.147389479362,150.,-20.0000000000001));
#5592=CARTESIAN_POINT('',(117.073694739681,150.,-20.));
#5593=CARTESIAN_POINT('',(229.128784747792,155.,-20.0000000000001));
#5594=CARTESIAN_POINT('',(229.128784747792,155.,-20.0000000000001));
#5595=CARTESIAN_POINT('',(234.147389479362,155.,-20.0000000000001));
#5596=CARTESIAN_POINT('',(117.073694739681,155.,-20.));
#5597=CARTESIAN_POINT('',(234.147389479362,155.,-20.0000000000001));
#5598=CARTESIAN_POINT('Origin',(0.,155.,0.));
#5599=CARTESIAN_POINT('',(134.39420281537,150.,-192.777587518937));
#5600=CARTESIAN_POINT('Origin',(0.,150.,0.));
#5601=CARTESIAN_POINT('',(134.39420281537,155.,-192.777587518937));
#5602=CARTESIAN_POINT('Origin',(0.,155.,0.));
#5603=CARTESIAN_POINT('',(134.39420281537,155.,-192.777587518937));
#5604=CARTESIAN_POINT('Origin',(131.884900449585,155.,-188.431348329844));
#5605=CARTESIAN_POINT('',(131.884900449585,150.,-188.431348329844));
#5606=CARTESIAN_POINT('',(74.6027042626367,150.,-89.2156741649222));
#5607=CARTESIAN_POINT('',(131.884900449585,155.,-188.431348329844));
#5608=CARTESIAN_POINT('',(74.6027042626367,155.,-89.2156741649222));
#5609=CARTESIAN_POINT('',(131.884900449585,155.,-188.431348329844));
#5610=CARTESIAN_POINT('Origin',(0.,155.,0.));
#5611=CARTESIAN_POINT('Origin',(0.,150.,0.));
#5612=CARTESIAN_POINT('Origin',(0.,155.,0.));
#5613=CARTESIAN_POINT('Origin',(84.690520739827,155.,-186.688284840846));
#5614=CARTESIAN_POINT('',(82.1782356349732,150.,-182.336879396141));
#5615=CARTESIAN_POINT('',(84.690520739827,150.,-186.688284840846));
#5616=CARTESIAN_POINT('',(33.6850063320691,150.,-98.3441424204231));
#5617=CARTESIAN_POINT('',(82.1782356349732,155.,-182.336879396141));
#5618=CARTESIAN_POINT('',(82.1782356349732,155.,-182.336879396141));
#5619=CARTESIAN_POINT('',(84.690520739827,155.,-186.688284840846));
#5620=CARTESIAN_POINT('',(33.6850063320691,155.,-98.3441424204231));
#5621=CARTESIAN_POINT('',(84.690520739827,155.,-186.688284840846));
#5622=CARTESIAN_POINT('Origin',(0.,155.,0.));
#5623=CARTESIAN_POINT('',(-84.6905207398272,150.,-186.688284840846));
#5624=CARTESIAN_POINT('Origin',(0.,150.,0.));
#5625=CARTESIAN_POINT('',(-84.6905207398272,155.,-186.688284840846));
#5626=CARTESIAN_POINT('Origin',(0.,155.,0.));
#5627=CARTESIAN_POINT('',(-84.6905207398272,155.,-186.688284840846));
#5628=CARTESIAN_POINT('Origin',(-82.1782356349733,155.,-182.336879396141));
#5629=CARTESIAN_POINT('',(-82.1782356349733,150.,-182.336879396141));
#5630=CARTESIAN_POINT('',(-32.4288637796423,150.,-96.1684396980704));
#5631=CARTESIAN_POINT('',(-82.1782356349733,155.,-182.336879396141));
#5632=CARTESIAN_POINT('',(-32.4288637796423,155.,-96.1684396980704));
#5633=CARTESIAN_POINT('',(-82.1782356349733,155.,-182.336879396141));
#5634=CARTESIAN_POINT('Origin',(0.,155.,0.));
#5635=CARTESIAN_POINT('Origin',(0.,150.,0.));
#5636=CARTESIAN_POINT('Origin',(0.,155.,0.));
#5637=CARTESIAN_POINT('Origin',(51.9615242270664,155.,-130.));
#5638=CARTESIAN_POINT('',(49.4346415384047,150.,-125.623310798472));
#5639=CARTESIAN_POINT('',(51.9615242270663,150.,-130.));
#5640=CARTESIAN_POINT('',(17.3205080756888,150.,-70.0000000000001));
#5641=CARTESIAN_POINT('',(49.4346415384047,155.,-125.623310798472));
#5642=CARTESIAN_POINT('',(49.4346415384047,155.,-125.623310798472));
#5643=CARTESIAN_POINT('',(51.9615242270663,155.,-130.));
#5644=CARTESIAN_POINT('',(17.3205080756888,155.,-70.0000000000001));
#5645=CARTESIAN_POINT('',(51.9615242270663,155.,-130.));
#5646=CARTESIAN_POINT('Origin',(0.,155.,0.));
#5647=CARTESIAN_POINT('',(-51.9615242270664,150.,-130.));
#5648=CARTESIAN_POINT('Origin',(0.,150.,0.));
#5649=CARTESIAN_POINT('',(-51.9615242270664,155.,-130.));
#5650=CARTESIAN_POINT('Origin',(0.,155.,0.));
#5651=CARTESIAN_POINT('',(-51.9615242270664,155.,-130.));
#5652=CARTESIAN_POINT('Origin',(-49.4346415384047,155.,-125.623310798472));
#5653=CARTESIAN_POINT('',(-49.4346415384047,150.,-125.623310798472));
#5654=CARTESIAN_POINT('',(-16.057066731358,150.,-67.8116553992359));
#5655=CARTESIAN_POINT('',(-49.4346415384047,155.,-125.623310798472));
#5656=CARTESIAN_POINT('',(-16.057066731358,155.,-67.8116553992359));
#5657=CARTESIAN_POINT('',(-49.4346415384047,155.,-125.623310798472));
#5658=CARTESIAN_POINT('Origin',(0.,155.,0.));
#5659=CARTESIAN_POINT('Origin',(0.,150.,0.));
#5660=CARTESIAN_POINT('Origin',(0.,155.,0.));
#5661=CARTESIAN_POINT('Origin',(77.1517100627671,155.,-173.630681719536));
#5662=CARTESIAN_POINT('',(74.6373627130588,150.,-169.275704361965));
#5663=CARTESIAN_POINT('',(77.1517100627671,150.,-173.630681719536));
#5664=CARTESIAN_POINT('',(29.9156009935392,150.,-91.8153408597679));
#5665=CARTESIAN_POINT('',(74.6373627130588,155.,-169.275704361965));
#5666=CARTESIAN_POINT('',(74.6373627130588,155.,-169.275704361965));
#5667=CARTESIAN_POINT('',(77.1517100627671,155.,-173.630681719536));
#5668=CARTESIAN_POINT('',(29.9156009935392,155.,-91.8153408597679));
#5669=CARTESIAN_POINT('',(77.1517100627671,155.,-173.630681719536));
#5670=CARTESIAN_POINT('Origin',(0.,155.,0.));
#5671=CARTESIAN_POINT('',(-77.1517100627673,150.,-173.630681719536));
#5672=CARTESIAN_POINT('Origin',(0.,150.,0.));
#5673=CARTESIAN_POINT('',(-77.1517100627673,155.,-173.630681719536));
#5674=CARTESIAN_POINT('Origin',(0.,155.,0.));
#5675=CARTESIAN_POINT('',(-77.1517100627673,155.,-173.630681719536));
#5676=CARTESIAN_POINT('Origin',(-74.6373627130589,155.,-169.275704361965));
#5677=CARTESIAN_POINT('',(-74.6373627130589,150.,-169.275704361965));
#5678=CARTESIAN_POINT('',(-28.6584273186851,150.,-89.6378521809824));
#5679=CARTESIAN_POINT('',(-74.6373627130589,155.,-169.275704361965));
#5680=CARTESIAN_POINT('',(-28.6584273186851,155.,-89.6378521809824));
#5681=CARTESIAN_POINT('',(-74.6373627130589,155.,-169.275704361965));
#5682=CARTESIAN_POINT('Origin',(0.,155.,0.));
#5683=CARTESIAN_POINT('Origin',(0.,150.,0.));
#5684=CARTESIAN_POINT('Origin',(0.,155.,0.));
#5685=CARTESIAN_POINT('Origin',(92.2240034253444,155.,-199.736659610103));
#5686=CARTESIAN_POINT('',(89.7133650673495,150.,-195.388106414624));
#5687=CARTESIAN_POINT('',(92.2240034253444,150.,-199.736659610103));
#5688=CARTESIAN_POINT('',(37.4517476748278,150.,-104.868329805051));
#5689=CARTESIAN_POINT('',(89.7133650673495,155.,-195.388106414624));
#5690=CARTESIAN_POINT('',(89.7133650673495,155.,-195.388106414624));
#5691=CARTESIAN_POINT('',(92.2240034253444,155.,-199.736659610103));
#5692=CARTESIAN_POINT('',(37.4517476748278,155.,-104.868329805051));
#5693=CARTESIAN_POINT('',(92.2240034253444,155.,-199.736659610103));
#5694=CARTESIAN_POINT('Origin',(0.,155.,0.));
#5695=CARTESIAN_POINT('',(-92.2240034253446,150.,-199.736659610103));
#5696=CARTESIAN_POINT('Origin',(0.,150.,0.));
#5697=CARTESIAN_POINT('',(-92.2240034253446,155.,-199.736659610103));
#5698=CARTESIAN_POINT('Origin',(0.,155.,0.));
#5699=CARTESIAN_POINT('',(-92.2240034253446,155.,-199.736659610103));
#5700=CARTESIAN_POINT('Origin',(-89.7133650673496,155.,-195.388106414624));
#5701=CARTESIAN_POINT('',(-89.7133650673496,150.,-195.388106414624));
#5702=CARTESIAN_POINT('',(-36.1964284958304,150.,-102.694053207312));
#5703=CARTESIAN_POINT('',(-89.7133650673496,155.,-195.388106414624));
#5704=CARTESIAN_POINT('',(-36.1964284958304,155.,-102.694053207312));
#5705=CARTESIAN_POINT('',(-89.7133650673496,155.,-195.388106414624));
#5706=CARTESIAN_POINT('Origin',(0.,155.,0.));
#5707=CARTESIAN_POINT('Origin',(0.,150.,0.));
#5708=CARTESIAN_POINT('Origin',(0.,155.,0.));
#5709=CARTESIAN_POINT('Origin',(0.,155.,0.));
#5710=CARTESIAN_POINT('',(-57.0098356609038,150.,-138.743931895837));
#5711=CARTESIAN_POINT('',(57.0098356609038,150.,-138.743931895837));
#5712=CARTESIAN_POINT('Origin',(0.,150.,0.));
#5713=CARTESIAN_POINT('',(-57.0098356609038,155.,-138.743931895837));
#5714=CARTESIAN_POINT('',(-57.0098356609038,155.,-138.743931895837));
#5715=CARTESIAN_POINT('',(57.0098356609038,155.,-138.743931895837));
#5716=CARTESIAN_POINT('Origin',(0.,155.,0.));
#5717=CARTESIAN_POINT('',(57.0098356609038,155.,-138.743931895837));
#5718=CARTESIAN_POINT('Origin',(59.5316226690083,155.,-143.111795119741));
#5719=CARTESIAN_POINT('',(59.5316226690082,150.,-143.111795119741));
#5720=CARTESIAN_POINT('',(21.1055572966598,150.,-76.5558975598707));
#5721=CARTESIAN_POINT('',(59.5316226690082,155.,-143.111795119741));
#5722=CARTESIAN_POINT('',(21.1055572966598,155.,-76.5558975598707));
#5723=CARTESIAN_POINT('',(59.5316226690082,155.,-143.111795119741));
#5724=CARTESIAN_POINT('Origin',(0.,155.,0.));
#5725=CARTESIAN_POINT('',(-59.5316226690083,150.,-143.111795119741));
#5726=CARTESIAN_POINT('Origin',(0.,150.,0.));
#5727=CARTESIAN_POINT('',(-59.5316226690083,155.,-143.111795119741));
#5728=CARTESIAN_POINT('Origin',(0.,155.,0.));
#5729=CARTESIAN_POINT('',(-59.5316226690083,155.,-143.111795119741));
#5730=CARTESIAN_POINT('Origin',(-57.0098356609038,155.,-138.743931895837));
#5731=CARTESIAN_POINT('',(-19.8446637926075,150.,-74.3719659479186));
#5732=CARTESIAN_POINT('',(-19.8446637926075,155.,-74.3719659479186));
#5733=CARTESIAN_POINT('Origin',(69.6061851778798,155.,-160.561449249136));
#5734=CARTESIAN_POINT('',(67.0892070049819,150.,-156.201915172134));
#5735=CARTESIAN_POINT('',(69.6061851778798,150.,-160.561449249136));
#5736=CARTESIAN_POINT('',(26.1428385510955,150.,-85.2807246245678));
#5737=CARTESIAN_POINT('',(67.0892070049819,155.,-156.201915172134));
#5738=CARTESIAN_POINT('',(67.0892070049819,155.,-156.201915172134));
#5739=CARTESIAN_POINT('',(69.6061851778798,155.,-160.561449249136));
#5740=CARTESIAN_POINT('',(26.1428385510955,155.,-85.2807246245678));
#5741=CARTESIAN_POINT('',(69.6061851778798,155.,-160.561449249136));
#5742=CARTESIAN_POINT('Origin',(0.,155.,0.));
#5743=CARTESIAN_POINT('',(-69.6061851778799,150.,-160.561449249135));
#5744=CARTESIAN_POINT('Origin',(0.,150.,0.));
#5745=CARTESIAN_POINT('',(-69.6061851778799,155.,-160.561449249135));
#5746=CARTESIAN_POINT('Origin',(0.,155.,0.));
#5747=CARTESIAN_POINT('',(-69.6061851778799,155.,-160.561449249135));
#5748=CARTESIAN_POINT('Origin',(-67.089207004982,155.,-156.201915172134));
#5749=CARTESIAN_POINT('',(-67.089207004982,150.,-156.201915172134));
#5750=CARTESIAN_POINT('',(-24.8843494646466,150.,-83.1009575860672));
#5751=CARTESIAN_POINT('',(-67.089207004982,155.,-156.201915172134));
#5752=CARTESIAN_POINT('',(-24.8843494646466,155.,-83.1009575860672));
#5753=CARTESIAN_POINT('',(-67.089207004982,155.,-156.201915172134));
#5754=CARTESIAN_POINT('Origin',(0.,155.,0.));
#5755=CARTESIAN_POINT('Origin',(0.,150.,0.));
#5756=CARTESIAN_POINT('Origin',(0.,155.,0.));
#5757=CARTESIAN_POINT('Origin',(99.7531866639922,155.,-212.777587518937));
#5758=CARTESIAN_POINT('',(97.2438842982072,150.,-208.431348329844));
#5759=CARTESIAN_POINT('',(99.7531866639922,150.,-212.777587518937));
#5760=CARTESIAN_POINT('',(41.2163392941517,150.,-111.388793759468));
#5761=CARTESIAN_POINT('',(97.2438842982072,155.,-208.431348329844));
#5762=CARTESIAN_POINT('',(97.2438842982072,155.,-208.431348329844));
#5763=CARTESIAN_POINT('',(99.7531866639922,155.,-212.777587518937));
#5764=CARTESIAN_POINT('',(41.2163392941517,155.,-111.388793759468));
#5765=CARTESIAN_POINT('',(99.7531866639922,155.,-212.777587518937));
#5766=CARTESIAN_POINT('Origin',(0.,155.,0.));
#5767=CARTESIAN_POINT('',(-99.7531866639923,150.,-212.777587518937));
#5768=CARTESIAN_POINT('Origin',(0.,150.,0.));
#5769=CARTESIAN_POINT('',(-99.7531866639923,155.,-212.777587518937));
#5770=CARTESIAN_POINT('Origin',(0.,155.,0.));
#5771=CARTESIAN_POINT('',(-99.7531866639923,155.,-212.777587518937));
#5772=CARTESIAN_POINT('Origin',(-97.2438842982073,155.,-208.431348329844));
#5773=CARTESIAN_POINT('',(-97.2438842982073,150.,-208.431348329844));
#5774=CARTESIAN_POINT('',(-39.9616881112593,150.,-109.215674164922));
#5775=CARTESIAN_POINT('',(-97.2438842982073,155.,-208.431348329844));
#5776=CARTESIAN_POINT('',(-39.9616881112593,155.,-109.215674164922));
#5777=CARTESIAN_POINT('',(-97.2438842982073,155.,-208.431348329844));
#5778=CARTESIAN_POINT('Origin',(0.,155.,0.));
#5779=CARTESIAN_POINT('Origin',(0.,150.,0.));
#5780=CARTESIAN_POINT('Origin',(0.,155.,0.));
#5781=CARTESIAN_POINT('Origin',(-119.331536891205,155.,-166.688284840846));
#5782=CARTESIAN_POINT('',(-116.819251786351,150.,-162.336879396141));
#5783=CARTESIAN_POINT('',(-119.331536891205,150.,-166.688284840846));
#5784=CARTESIAN_POINT('',(-68.3260224834467,150.,-78.3441424204232));
#5785=CARTESIAN_POINT('',(-116.819251786351,155.,-162.336879396141));
#5786=CARTESIAN_POINT('',(-116.819251786351,155.,-162.336879396141));
#5787=CARTESIAN_POINT('',(-119.331536891205,155.,-166.688284840846));
#5788=CARTESIAN_POINT('',(-68.3260224834467,155.,-78.3441424204232));
#5789=CARTESIAN_POINT('',(-119.331536891205,155.,-166.688284840846));
#5790=CARTESIAN_POINT('Origin',(0.,155.,0.));
#5791=CARTESIAN_POINT('',(-204.022057631032,150.,-19.9999999999999));
#5792=CARTESIAN_POINT('Origin',(0.,150.,0.));
#5793=CARTESIAN_POINT('',(-204.022057631032,155.,-19.9999999999999));
#5794=CARTESIAN_POINT('Origin',(0.,155.,0.));
#5795=CARTESIAN_POINT('',(-204.022057631032,155.,-19.9999999999999));
#5796=CARTESIAN_POINT('Origin',(-198.997487421324,155.,-20.));
#5797=CARTESIAN_POINT('',(-198.997487421324,150.,-19.9999999999999));
#5798=CARTESIAN_POINT('',(-99.498743710662,150.,-20.));
#5799=CARTESIAN_POINT('',(-198.997487421324,155.,-19.9999999999999));
#5800=CARTESIAN_POINT('',(-99.498743710662,155.,-20.));
#5801=CARTESIAN_POINT('',(-198.997487421324,155.,-19.9999999999999));
#5802=CARTESIAN_POINT('Origin',(0.,155.,0.));
#5803=CARTESIAN_POINT('Origin',(0.,150.,0.));
#5804=CARTESIAN_POINT('Origin',(0.,155.,0.));
#5805=CARTESIAN_POINT('Origin',(-86.6025403784439,155.,-110.));
#5806=CARTESIAN_POINT('',(-84.0756576897822,150.,-105.623310798472));
#5807=CARTESIAN_POINT('',(-86.6025403784438,150.,-110.));
#5808=CARTESIAN_POINT('',(-51.9615242270663,150.,-50.0000000000001));
#5809=CARTESIAN_POINT('',(-84.0756576897822,155.,-105.623310798472));
#5810=CARTESIAN_POINT('',(-84.0756576897822,155.,-105.623310798472));
#5811=CARTESIAN_POINT('',(-86.6025403784438,155.,-110.));
#5812=CARTESIAN_POINT('',(-51.9615242270663,155.,-50.0000000000001));
#5813=CARTESIAN_POINT('',(-86.6025403784438,155.,-110.));
#5814=CARTESIAN_POINT('Origin',(0.,155.,0.));
#5815=CARTESIAN_POINT('',(-138.56406460551,150.,-20.));
#5816=CARTESIAN_POINT('Origin',(0.,150.,0.));
#5817=CARTESIAN_POINT('',(-138.56406460551,155.,-20.));
#5818=CARTESIAN_POINT('Origin',(0.,155.,0.));
#5819=CARTESIAN_POINT('',(-138.56406460551,155.,-20.));
#5820=CARTESIAN_POINT('Origin',(-133.510299228187,155.,-20.));
#5821=CARTESIAN_POINT('',(-133.510299228187,150.,-20.));
#5822=CARTESIAN_POINT('',(-66.7551496140935,150.,-20.));
#5823=CARTESIAN_POINT('',(-133.510299228187,155.,-20.));
#5824=CARTESIAN_POINT('',(-66.7551496140935,155.,-20.));
#5825=CARTESIAN_POINT('',(-133.510299228187,155.,-20.));
#5826=CARTESIAN_POINT('Origin',(0.,155.,0.));
#5827=CARTESIAN_POINT('Origin',(0.,150.,0.));
#5828=CARTESIAN_POINT('Origin',(0.,155.,0.));
#5829=CARTESIAN_POINT('Origin',(-111.792726214145,155.,-153.630681719536));
#5830=CARTESIAN_POINT('',(-109.278378864436,150.,-149.275704361965));
#5831=CARTESIAN_POINT('',(-111.792726214145,150.,-153.630681719536));
#5832=CARTESIAN_POINT('',(-64.5566171449167,150.,-71.8153408597678));
#5833=CARTESIAN_POINT('',(-109.278378864436,155.,-149.275704361965));
#5834=CARTESIAN_POINT('',(-109.278378864436,155.,-149.275704361965));
#5835=CARTESIAN_POINT('',(-111.792726214145,155.,-153.630681719536));
#5836=CARTESIAN_POINT('',(-64.5566171449167,155.,-71.8153408597678));
#5837=CARTESIAN_POINT('',(-111.792726214145,155.,-153.630681719536));
#5838=CARTESIAN_POINT('Origin',(0.,155.,0.));
#5839=CARTESIAN_POINT('',(-188.944436276912,150.,-20.));
#5840=CARTESIAN_POINT('Origin',(0.,150.,0.));
#5841=CARTESIAN_POINT('',(-188.944436276912,155.,-20.));
#5842=CARTESIAN_POINT('Origin',(0.,155.,0.));
#5843=CARTESIAN_POINT('',(-188.944436276912,155.,-20.));
#5844=CARTESIAN_POINT('Origin',(-183.915741577495,155.,-20.));
#5845=CARTESIAN_POINT('',(-183.915741577495,150.,-20.));
#5846=CARTESIAN_POINT('',(-91.9578707887476,150.,-20.));
#5847=CARTESIAN_POINT('',(-183.915741577495,155.,-20.));
#5848=CARTESIAN_POINT('',(-91.9578707887476,155.,-20.));
#5849=CARTESIAN_POINT('',(-183.915741577495,155.,-20.));
#5850=CARTESIAN_POINT('Origin',(0.,155.,0.));
#5851=CARTESIAN_POINT('Origin',(0.,150.,0.));
#5852=CARTESIAN_POINT('Origin',(0.,155.,0.));
#5853=CARTESIAN_POINT('Origin',(-126.865019576722,155.,-179.736659610103));
#5854=CARTESIAN_POINT('',(-124.354381218727,150.,-175.388106414624));
#5855=CARTESIAN_POINT('',(-126.865019576722,150.,-179.736659610103));
#5856=CARTESIAN_POINT('',(-72.0927638262054,150.,-84.8683298050514));
#5857=CARTESIAN_POINT('',(-124.354381218727,155.,-175.388106414624));
#5858=CARTESIAN_POINT('',(-124.354381218727,155.,-175.388106414624));
#5859=CARTESIAN_POINT('',(-126.865019576722,155.,-179.736659610103));
#5860=CARTESIAN_POINT('',(-72.0927638262054,155.,-84.8683298050514));
#5861=CARTESIAN_POINT('',(-126.865019576722,155.,-179.736659610103));
#5862=CARTESIAN_POINT('Origin',(0.,155.,0.));
#5863=CARTESIAN_POINT('',(-219.089023002066,150.,-20.));
#5864=CARTESIAN_POINT('Origin',(0.,150.,0.));
#5865=CARTESIAN_POINT('',(-219.089023002066,155.,-20.));
#5866=CARTESIAN_POINT('Origin',(0.,155.,0.));
#5867=CARTESIAN_POINT('',(-219.089023002066,155.,-20.));
#5868=CARTESIAN_POINT('Origin',(-214.067746286076,155.,-20.));
#5869=CARTESIAN_POINT('',(-214.067746286076,150.,-20.));
#5870=CARTESIAN_POINT('',(-107.033873143038,150.,-20.));
#5871=CARTESIAN_POINT('',(-214.067746286076,155.,-20.));
#5872=CARTESIAN_POINT('',(-107.033873143038,155.,-20.));
#5873=CARTESIAN_POINT('',(-214.067746286076,155.,-20.));
#5874=CARTESIAN_POINT('Origin',(0.,155.,0.));
#5875=CARTESIAN_POINT('Origin',(0.,150.,0.));
#5876=CARTESIAN_POINT('Origin',(0.,155.,0.));
#5877=CARTESIAN_POINT('Origin',(0.,155.,0.));
#5878=CARTESIAN_POINT('',(-148.660687473185,150.,-20.));
#5879=CARTESIAN_POINT('',(-91.6508518122812,150.,-118.743931895837));
#5880=CARTESIAN_POINT('Origin',(0.,150.,0.));
#5881=CARTESIAN_POINT('',(-148.660687473185,155.,-20.));
#5882=CARTESIAN_POINT('',(-148.660687473185,155.,-20.));
#5883=CARTESIAN_POINT('',(-91.6508518122812,155.,-118.743931895837));
#5884=CARTESIAN_POINT('Origin',(0.,155.,0.));
#5885=CARTESIAN_POINT('',(-91.6508518122812,155.,-118.743931895837));
#5886=CARTESIAN_POINT('Origin',(-94.1726388203857,155.,-123.111795119741));
#5887=CARTESIAN_POINT('',(-94.1726388203857,150.,-123.111795119741));
#5888=CARTESIAN_POINT('',(-55.7465734480372,150.,-56.5558975598707));
#5889=CARTESIAN_POINT('',(-94.1726388203857,155.,-123.111795119741));
#5890=CARTESIAN_POINT('',(-55.7465734480372,155.,-56.5558975598707));
#5891=CARTESIAN_POINT('',(-94.1726388203857,155.,-123.111795119741));
#5892=CARTESIAN_POINT('Origin',(0.,155.,0.));
#5893=CARTESIAN_POINT('',(-153.704261489394,150.,-20.));
#5894=CARTESIAN_POINT('Origin',(0.,150.,0.));
#5895=CARTESIAN_POINT('',(-153.704261489394,155.,-20.));
#5896=CARTESIAN_POINT('Origin',(0.,155.,0.));
#5897=CARTESIAN_POINT('',(-153.704261489394,155.,-20.));
#5898=CARTESIAN_POINT('Origin',(-148.660687473185,155.,-20.));
#5899=CARTESIAN_POINT('',(-74.3303437365925,150.,-20.));
#5900=CARTESIAN_POINT('',(-74.3303437365925,155.,-20.));
#5901=CARTESIAN_POINT('Origin',(-104.247201329257,155.,-140.561449249136));
#5902=CARTESIAN_POINT('',(-101.730223156359,150.,-136.201915172134));
#5903=CARTESIAN_POINT('',(-104.247201329257,150.,-140.561449249136));
#5904=CARTESIAN_POINT('',(-60.783854702473,150.,-65.2807246245678));
#5905=CARTESIAN_POINT('',(-101.730223156359,155.,-136.201915172134));
#5906=CARTESIAN_POINT('',(-101.730223156359,155.,-136.201915172134));
#5907=CARTESIAN_POINT('',(-104.247201329257,155.,-140.561449249136));
#5908=CARTESIAN_POINT('',(-60.783854702473,155.,-65.2807246245678));
#5909=CARTESIAN_POINT('',(-104.247201329257,155.,-140.561449249136));
#5910=CARTESIAN_POINT('Origin',(0.,155.,0.));
#5911=CARTESIAN_POINT('',(-173.853386507137,150.,-20.));
#5912=CARTESIAN_POINT('Origin',(0.,150.,0.));
#5913=CARTESIAN_POINT('',(-173.853386507137,155.,-20.));
#5914=CARTESIAN_POINT('Origin',(0.,155.,0.));
#5915=CARTESIAN_POINT('',(-173.853386507137,155.,-20.));
#5916=CARTESIAN_POINT('Origin',(-168.819430161341,155.,-20.));
#5917=CARTESIAN_POINT('',(-168.819430161341,150.,-20.));
#5918=CARTESIAN_POINT('',(-84.4097150806707,150.,-20.));
#5919=CARTESIAN_POINT('',(-168.819430161341,155.,-20.));
#5920=CARTESIAN_POINT('',(-84.4097150806707,155.,-20.));
#5921=CARTESIAN_POINT('',(-168.819430161341,155.,-20.));
#5922=CARTESIAN_POINT('Origin',(0.,155.,0.));
#5923=CARTESIAN_POINT('Origin',(0.,150.,0.));
#5924=CARTESIAN_POINT('Origin',(0.,155.,0.));
#5925=CARTESIAN_POINT('Origin',(-134.39420281537,155.,-192.777587518937));
#5926=CARTESIAN_POINT('',(-131.884900449585,150.,-188.431348329844));
#5927=CARTESIAN_POINT('',(-134.39420281537,150.,-192.777587518937));
#5928=CARTESIAN_POINT('',(-75.8573554455292,150.,-91.3887937594684));
#5929=CARTESIAN_POINT('',(-131.884900449585,155.,-188.431348329844));
#5930=CARTESIAN_POINT('',(-131.884900449585,155.,-188.431348329844));
#5931=CARTESIAN_POINT('',(-134.39420281537,155.,-192.777587518937));
#5932=CARTESIAN_POINT('',(-75.8573554455292,155.,-91.3887937594684));
#5933=CARTESIAN_POINT('',(-134.39420281537,155.,-192.777587518937));
#5934=CARTESIAN_POINT('Origin',(0.,155.,0.));
#5935=CARTESIAN_POINT('',(-234.147389479362,150.,-20.));
#5936=CARTESIAN_POINT('Origin',(0.,150.,0.));
#5937=CARTESIAN_POINT('',(-234.147389479362,155.,-20.));
#5938=CARTESIAN_POINT('Origin',(0.,155.,0.));
#5939=CARTESIAN_POINT('',(-234.147389479362,155.,-20.));
#5940=CARTESIAN_POINT('Origin',(-229.128784747792,155.,-20.));
#5941=CARTESIAN_POINT('',(-229.128784747792,150.,-20.));
#5942=CARTESIAN_POINT('',(-114.564392373896,150.,-20.));
#5943=CARTESIAN_POINT('',(-229.128784747792,155.,-20.));
#5944=CARTESIAN_POINT('',(-114.564392373896,155.,-20.));
#5945=CARTESIAN_POINT('',(-229.128784747792,155.,-20.));
#5946=CARTESIAN_POINT('Origin',(0.,155.,0.));
#5947=CARTESIAN_POINT('Origin',(0.,150.,0.));
#5948=CARTESIAN_POINT('Origin',(0.,155.,0.));
#5949=CARTESIAN_POINT('Origin',(-204.022057631032,155.,20.));
#5950=CARTESIAN_POINT('',(-198.997487421324,150.,20.));
#5951=CARTESIAN_POINT('',(-204.022057631032,150.,20.));
#5952=CARTESIAN_POINT('',(-102.011028815516,150.,20.));
#5953=CARTESIAN_POINT('',(-198.997487421324,155.,20.));
#5954=CARTESIAN_POINT('',(-198.997487421324,155.,20.));
#5955=CARTESIAN_POINT('',(-204.022057631032,155.,20.));
#5956=CARTESIAN_POINT('',(-102.011028815516,155.,20.));
#5957=CARTESIAN_POINT('',(-204.022057631032,155.,20.));
#5958=CARTESIAN_POINT('Origin',(0.,155.,0.));
#5959=CARTESIAN_POINT('',(-119.331536891205,150.,166.688284840846));
#5960=CARTESIAN_POINT('Origin',(0.,150.,0.));
#5961=CARTESIAN_POINT('',(-119.331536891205,155.,166.688284840846));
#5962=CARTESIAN_POINT('Origin',(0.,155.,0.));
#5963=CARTESIAN_POINT('',(-119.331536891205,155.,166.688284840846));
#5964=CARTESIAN_POINT('Origin',(-116.819251786351,155.,162.336879396141));
#5965=CARTESIAN_POINT('',(-116.819251786351,150.,162.336879396141));
#5966=CARTESIAN_POINT('',(-67.0698799310198,150.,76.1684396980704));
#5967=CARTESIAN_POINT('',(-116.819251786351,155.,162.336879396141));
#5968=CARTESIAN_POINT('',(-67.0698799310198,155.,76.1684396980704));
#5969=CARTESIAN_POINT('',(-116.819251786351,155.,162.336879396141));
#5970=CARTESIAN_POINT('Origin',(0.,155.,0.));
#5971=CARTESIAN_POINT('Origin',(0.,150.,0.));
#5972=CARTESIAN_POINT('Origin',(0.,155.,0.));
#5973=CARTESIAN_POINT('Origin',(-138.56406460551,155.,20.));
#5974=CARTESIAN_POINT('',(-133.510299228187,150.,20.));
#5975=CARTESIAN_POINT('',(-138.56406460551,150.,20.));
#5976=CARTESIAN_POINT('',(-69.2820323027552,150.,20.));
#5977=CARTESIAN_POINT('',(-133.510299228187,155.,20.));
#5978=CARTESIAN_POINT('',(-133.510299228187,155.,20.));
#5979=CARTESIAN_POINT('',(-138.56406460551,155.,20.));
#5980=CARTESIAN_POINT('',(-69.2820323027552,155.,20.));
#5981=CARTESIAN_POINT('',(-138.56406460551,155.,20.));
#5982=CARTESIAN_POINT('Origin',(0.,155.,0.));
#5983=CARTESIAN_POINT('',(-86.6025403784438,150.,110.));
#5984=CARTESIAN_POINT('Origin',(0.,150.,0.));
#5985=CARTESIAN_POINT('',(-86.6025403784438,155.,110.));
#5986=CARTESIAN_POINT('Origin',(0.,155.,0.));
#5987=CARTESIAN_POINT('',(-86.6025403784438,155.,110.));
#5988=CARTESIAN_POINT('Origin',(-84.0756576897822,155.,105.623310798472));
#5989=CARTESIAN_POINT('',(-84.0756576897822,150.,105.623310798472));
#5990=CARTESIAN_POINT('',(-50.6980828827355,150.,47.8116553992359));
#5991=CARTESIAN_POINT('',(-84.0756576897822,155.,105.623310798472));
#5992=CARTESIAN_POINT('',(-50.6980828827355,155.,47.8116553992359));
#5993=CARTESIAN_POINT('',(-84.0756576897822,155.,105.623310798472));
#5994=CARTESIAN_POINT('Origin',(0.,155.,0.));
#5995=CARTESIAN_POINT('Origin',(0.,150.,0.));
#5996=CARTESIAN_POINT('Origin',(0.,155.,0.));
#5997=CARTESIAN_POINT('Origin',(-188.944436276912,155.,20.));
#5998=CARTESIAN_POINT('',(-183.915741577495,150.,20.));
#5999=CARTESIAN_POINT('',(-188.944436276912,150.,20.));
#6000=CARTESIAN_POINT('',(-94.4722181384559,150.,20.));
#6001=CARTESIAN_POINT('',(-183.915741577495,155.,20.));
#6002=CARTESIAN_POINT('',(-183.915741577495,155.,20.));
#6003=CARTESIAN_POINT('',(-188.944436276912,155.,20.));
#6004=CARTESIAN_POINT('',(-94.4722181384559,155.,20.));
#6005=CARTESIAN_POINT('',(-188.944436276912,155.,20.));
#6006=CARTESIAN_POINT('Origin',(0.,155.,0.));
#6007=CARTESIAN_POINT('',(-111.792726214145,150.,153.630681719536));
#6008=CARTESIAN_POINT('Origin',(0.,150.,0.));
#6009=CARTESIAN_POINT('',(-111.792726214145,155.,153.630681719536));
#6010=CARTESIAN_POINT('Origin',(0.,155.,0.));
#6011=CARTESIAN_POINT('',(-111.792726214145,155.,153.630681719536));
#6012=CARTESIAN_POINT('Origin',(-109.278378864436,155.,149.275704361965));
#6013=CARTESIAN_POINT('',(-109.278378864436,150.,149.275704361965));
#6014=CARTESIAN_POINT('',(-63.2994434700625,150.,69.6378521809824));
#6015=CARTESIAN_POINT('',(-109.278378864436,155.,149.275704361965));
#6016=CARTESIAN_POINT('',(-63.2994434700625,155.,69.6378521809824));
#6017=CARTESIAN_POINT('',(-109.278378864436,155.,149.275704361965));
#6018=CARTESIAN_POINT('Origin',(0.,155.,0.));
#6019=CARTESIAN_POINT('Origin',(0.,150.,0.));
#6020=CARTESIAN_POINT('Origin',(0.,155.,0.));
#6021=CARTESIAN_POINT('Origin',(-219.089023002066,155.,20.));
#6022=CARTESIAN_POINT('',(-214.067746286077,150.,20.));
#6023=CARTESIAN_POINT('',(-219.089023002066,150.,20.));
#6024=CARTESIAN_POINT('',(-109.544511501033,150.,20.));
#6025=CARTESIAN_POINT('',(-214.067746286077,155.,20.));
#6026=CARTESIAN_POINT('',(-214.067746286077,155.,20.));
#6027=CARTESIAN_POINT('',(-219.089023002066,155.,20.));
#6028=CARTESIAN_POINT('',(-109.544511501033,155.,20.));
#6029=CARTESIAN_POINT('',(-219.089023002066,155.,20.));
#6030=CARTESIAN_POINT('Origin',(0.,155.,0.));
#6031=CARTESIAN_POINT('',(-126.865019576722,150.,179.736659610103));
#6032=CARTESIAN_POINT('Origin',(0.,150.,0.));
#6033=CARTESIAN_POINT('',(-126.865019576722,155.,179.736659610103));
#6034=CARTESIAN_POINT('Origin',(0.,155.,0.));
#6035=CARTESIAN_POINT('',(-126.865019576722,155.,179.736659610103));
#6036=CARTESIAN_POINT('Origin',(-124.354381218727,155.,175.388106414624));
#6037=CARTESIAN_POINT('',(-124.354381218727,150.,175.388106414624));
#6038=CARTESIAN_POINT('',(-70.8374446472079,150.,82.6940532073121));
#6039=CARTESIAN_POINT('',(-124.354381218727,155.,175.388106414624));
#6040=CARTESIAN_POINT('',(-70.8374446472079,155.,82.6940532073121));
#6041=CARTESIAN_POINT('',(-124.354381218727,155.,175.388106414624));
#6042=CARTESIAN_POINT('Origin',(0.,155.,0.));
#6043=CARTESIAN_POINT('Origin',(0.,150.,0.));
#6044=CARTESIAN_POINT('Origin',(0.,155.,0.));
#6045=CARTESIAN_POINT('Origin',(0.,155.,0.));
#6046=CARTESIAN_POINT('',(-91.6508518122813,150.,118.743931895837));
#6047=CARTESIAN_POINT('',(-148.660687473185,150.,19.9999999999999));
#6048=CARTESIAN_POINT('Origin',(0.,150.,0.));
#6049=CARTESIAN_POINT('',(-91.6508518122813,155.,118.743931895837));
#6050=CARTESIAN_POINT('',(-91.6508518122813,155.,118.743931895837));
#6051=CARTESIAN_POINT('',(-148.660687473185,155.,19.9999999999999));
#6052=CARTESIAN_POINT('Origin',(0.,155.,0.));
#6053=CARTESIAN_POINT('',(-148.660687473185,155.,19.9999999999999));
#6054=CARTESIAN_POINT('Origin',(-153.704261489394,155.,19.9999999999999));
#6055=CARTESIAN_POINT('',(-153.704261489394,150.,20.));
#6056=CARTESIAN_POINT('',(-76.852130744697,150.,20.));
#6057=CARTESIAN_POINT('',(-153.704261489394,155.,20.));
#6058=CARTESIAN_POINT('',(-76.852130744697,155.,20.));
#6059=CARTESIAN_POINT('',(-153.704261489394,155.,20.));
#6060=CARTESIAN_POINT('Origin',(0.,155.,0.));
#6061=CARTESIAN_POINT('',(-94.1726388203857,150.,123.111795119741));
#6062=CARTESIAN_POINT('Origin',(0.,150.,0.));
#6063=CARTESIAN_POINT('',(-94.1726388203857,155.,123.111795119741));
#6064=CARTESIAN_POINT('Origin',(0.,155.,0.));
#6065=CARTESIAN_POINT('',(-94.1726388203857,155.,123.111795119741));
#6066=CARTESIAN_POINT('Origin',(-91.6508518122813,155.,118.743931895837));
#6067=CARTESIAN_POINT('',(-54.485679943985,150.,54.3719659479187));
#6068=CARTESIAN_POINT('',(-54.485679943985,155.,54.3719659479187));
#6069=CARTESIAN_POINT('Origin',(-173.853386507137,155.,20.));
#6070=CARTESIAN_POINT('',(-168.819430161341,150.,20.));
#6071=CARTESIAN_POINT('',(-173.853386507137,150.,20.));
#6072=CARTESIAN_POINT('',(-86.9266932535686,150.,20.));
#6073=CARTESIAN_POINT('',(-168.819430161341,155.,20.));
#6074=CARTESIAN_POINT('',(-168.819430161341,155.,20.));
#6075=CARTESIAN_POINT('',(-173.853386507137,155.,20.));
#6076=CARTESIAN_POINT('',(-86.9266932535686,155.,20.));
#6077=CARTESIAN_POINT('',(-173.853386507137,155.,20.));
#6078=CARTESIAN_POINT('Origin',(0.,155.,0.));
#6079=CARTESIAN_POINT('',(-104.247201329257,150.,140.561449249136));
#6080=CARTESIAN_POINT('Origin',(0.,150.,0.));
#6081=CARTESIAN_POINT('',(-104.247201329257,155.,140.561449249136));
#6082=CARTESIAN_POINT('Origin',(0.,155.,0.));
#6083=CARTESIAN_POINT('',(-104.247201329257,155.,140.561449249136));
#6084=CARTESIAN_POINT('Origin',(-101.730223156359,155.,136.201915172134));
#6085=CARTESIAN_POINT('',(-101.730223156359,150.,136.201915172134));
#6086=CARTESIAN_POINT('',(-59.5253656160241,150.,63.1009575860672));
#6087=CARTESIAN_POINT('',(-101.730223156359,155.,136.201915172134));
#6088=CARTESIAN_POINT('',(-59.5253656160241,155.,63.1009575860672));
#6089=CARTESIAN_POINT('',(-101.730223156359,155.,136.201915172134));
#6090=CARTESIAN_POINT('Origin',(0.,155.,0.));
#6091=CARTESIAN_POINT('Origin',(0.,150.,0.));
#6092=CARTESIAN_POINT('Origin',(0.,155.,0.));
#6093=CARTESIAN_POINT('Origin',(-234.147389479362,155.,20.));
#6094=CARTESIAN_POINT('',(-229.128784747792,150.,20.));
#6095=CARTESIAN_POINT('',(-234.147389479362,150.,20.));
#6096=CARTESIAN_POINT('',(-117.073694739681,150.,20.));
#6097=CARTESIAN_POINT('',(-229.128784747792,155.,20.));
#6098=CARTESIAN_POINT('',(-229.128784747792,155.,20.));
#6099=CARTESIAN_POINT('',(-234.147389479362,155.,20.));
#6100=CARTESIAN_POINT('',(-117.073694739681,155.,20.));
#6101=CARTESIAN_POINT('',(-234.147389479362,155.,20.));
#6102=CARTESIAN_POINT('Origin',(0.,155.,0.));
#6103=CARTESIAN_POINT('',(-134.39420281537,150.,192.777587518937));
#6104=CARTESIAN_POINT('Origin',(0.,150.,0.));
#6105=CARTESIAN_POINT('',(-134.39420281537,155.,192.777587518937));
#6106=CARTESIAN_POINT('Origin',(0.,155.,0.));
#6107=CARTESIAN_POINT('',(-134.39420281537,155.,192.777587518937));
#6108=CARTESIAN_POINT('Origin',(-131.884900449585,155.,188.431348329844));
#6109=CARTESIAN_POINT('',(-131.884900449585,150.,188.431348329844));
#6110=CARTESIAN_POINT('',(-74.6027042626368,150.,89.2156741649222));
#6111=CARTESIAN_POINT('',(-131.884900449585,155.,188.431348329844));
#6112=CARTESIAN_POINT('',(-74.6027042626368,155.,89.2156741649222));
#6113=CARTESIAN_POINT('',(-131.884900449585,155.,188.431348329844));
#6114=CARTESIAN_POINT('Origin',(0.,155.,0.));
#6115=CARTESIAN_POINT('Origin',(0.,150.,0.));
#6116=CARTESIAN_POINT('Origin',(0.,155.,0.));
#6117=CARTESIAN_POINT('Origin',(-84.6905207398271,155.,186.688284840846));
#6118=CARTESIAN_POINT('',(-82.1782356349732,150.,182.336879396141));
#6119=CARTESIAN_POINT('',(-84.6905207398271,150.,186.688284840846));
#6120=CARTESIAN_POINT('',(-33.6850063320692,150.,98.3441424204231));
#6121=CARTESIAN_POINT('',(-82.1782356349732,155.,182.336879396141));
#6122=CARTESIAN_POINT('',(-82.1782356349732,155.,182.336879396141));
#6123=CARTESIAN_POINT('',(-84.6905207398271,155.,186.688284840846));
#6124=CARTESIAN_POINT('',(-33.6850063320692,155.,98.3441424204231));
#6125=CARTESIAN_POINT('',(-84.6905207398271,155.,186.688284840846));
#6126=CARTESIAN_POINT('Origin',(0.,155.,0.));
#6127=CARTESIAN_POINT('',(84.6905207398271,150.,186.688284840846));
#6128=CARTESIAN_POINT('Origin',(0.,150.,0.));
#6129=CARTESIAN_POINT('',(84.6905207398271,155.,186.688284840846));
#6130=CARTESIAN_POINT('Origin',(0.,155.,0.));
#6131=CARTESIAN_POINT('',(84.6905207398271,155.,186.688284840846));
#6132=CARTESIAN_POINT('Origin',(82.1782356349732,155.,182.336879396141));
#6133=CARTESIAN_POINT('',(82.1782356349733,150.,182.336879396141));
#6134=CARTESIAN_POINT('',(32.4288637796422,150.,96.1684396980704));
#6135=CARTESIAN_POINT('',(82.1782356349733,155.,182.336879396141));
#6136=CARTESIAN_POINT('',(32.4288637796422,155.,96.1684396980704));
#6137=CARTESIAN_POINT('',(82.1782356349733,155.,182.336879396141));
#6138=CARTESIAN_POINT('Origin',(0.,155.,0.));
#6139=CARTESIAN_POINT('Origin',(0.,150.,0.));
#6140=CARTESIAN_POINT('Origin',(0.,155.,0.));
#6141=CARTESIAN_POINT('Origin',(-51.9615242270664,155.,130.));
#6142=CARTESIAN_POINT('',(-49.4346415384047,150.,125.623310798472));
#6143=CARTESIAN_POINT('',(-51.9615242270664,150.,130.));
#6144=CARTESIAN_POINT('',(-17.3205080756888,150.,70.0000000000001));
#6145=CARTESIAN_POINT('',(-49.4346415384047,155.,125.623310798472));
#6146=CARTESIAN_POINT('',(-49.4346415384047,155.,125.623310798472));
#6147=CARTESIAN_POINT('',(-51.9615242270664,155.,130.));
#6148=CARTESIAN_POINT('',(-17.3205080756888,155.,70.0000000000001));
#6149=CARTESIAN_POINT('',(-51.9615242270664,155.,130.));
#6150=CARTESIAN_POINT('Origin',(0.,155.,0.));
#6151=CARTESIAN_POINT('',(51.9615242270664,150.,130.));
#6152=CARTESIAN_POINT('Origin',(0.,150.,0.));
#6153=CARTESIAN_POINT('',(51.9615242270664,155.,130.));
#6154=CARTESIAN_POINT('Origin',(0.,155.,0.));
#6155=CARTESIAN_POINT('',(51.9615242270664,155.,130.));
#6156=CARTESIAN_POINT('Origin',(49.4346415384047,155.,125.623310798472));
#6157=CARTESIAN_POINT('',(49.4346415384047,150.,125.623310798472));
#6158=CARTESIAN_POINT('',(16.057066731358,150.,67.8116553992359));
#6159=CARTESIAN_POINT('',(49.4346415384047,155.,125.623310798472));
#6160=CARTESIAN_POINT('',(16.057066731358,155.,67.8116553992359));
#6161=CARTESIAN_POINT('',(49.4346415384047,155.,125.623310798472));
#6162=CARTESIAN_POINT('Origin',(0.,155.,0.));
#6163=CARTESIAN_POINT('Origin',(0.,150.,0.));
#6164=CARTESIAN_POINT('Origin',(0.,155.,0.));
#6165=CARTESIAN_POINT('Origin',(-77.1517100627672,155.,173.630681719536));
#6166=CARTESIAN_POINT('',(-74.6373627130589,150.,169.275704361965));
#6167=CARTESIAN_POINT('',(-77.1517100627672,150.,173.630681719536));
#6168=CARTESIAN_POINT('',(-29.9156009935392,150.,91.8153408597678));
#6169=CARTESIAN_POINT('',(-74.6373627130589,155.,169.275704361965));
#6170=CARTESIAN_POINT('',(-74.6373627130589,155.,169.275704361965));
#6171=CARTESIAN_POINT('',(-77.1517100627672,155.,173.630681719536));
#6172=CARTESIAN_POINT('',(-29.9156009935392,155.,91.8153408597678));
#6173=CARTESIAN_POINT('',(-77.1517100627672,155.,173.630681719536));
#6174=CARTESIAN_POINT('Origin',(0.,155.,0.));
#6175=CARTESIAN_POINT('',(77.1517100627672,150.,173.630681719536));
#6176=CARTESIAN_POINT('Origin',(0.,150.,0.));
#6177=CARTESIAN_POINT('',(77.1517100627672,155.,173.630681719536));
#6178=CARTESIAN_POINT('Origin',(0.,155.,0.));
#6179=CARTESIAN_POINT('',(77.1517100627672,155.,173.630681719536));
#6180=CARTESIAN_POINT('Origin',(74.6373627130588,155.,169.275704361965));
#6181=CARTESIAN_POINT('',(74.6373627130588,150.,169.275704361965));
#6182=CARTESIAN_POINT('',(28.658427318685,150.,89.6378521809824));
#6183=CARTESIAN_POINT('',(74.6373627130588,155.,169.275704361965));
#6184=CARTESIAN_POINT('',(28.658427318685,155.,89.6378521809824));
#6185=CARTESIAN_POINT('',(74.6373627130588,155.,169.275704361965));
#6186=CARTESIAN_POINT('Origin',(0.,155.,0.));
#6187=CARTESIAN_POINT('Origin',(0.,150.,0.));
#6188=CARTESIAN_POINT('Origin',(0.,155.,0.));
#6189=CARTESIAN_POINT('Origin',(-92.2240034253445,155.,199.736659610103));
#6190=CARTESIAN_POINT('',(-89.7133650673495,150.,195.388106414624));
#6191=CARTESIAN_POINT('',(-92.2240034253445,150.,199.736659610103));
#6192=CARTESIAN_POINT('',(-37.4517476748279,150.,104.868329805051));
#6193=CARTESIAN_POINT('',(-89.7133650673495,155.,195.388106414624));
#6194=CARTESIAN_POINT('',(-89.7133650673495,155.,195.388106414624));
#6195=CARTESIAN_POINT('',(-92.2240034253445,155.,199.736659610103));
#6196=CARTESIAN_POINT('',(-37.4517476748279,155.,104.868329805051));
#6197=CARTESIAN_POINT('',(-92.2240034253445,155.,199.736659610103));
#6198=CARTESIAN_POINT('Origin',(0.,155.,0.));
#6199=CARTESIAN_POINT('',(92.2240034253445,150.,199.736659610103));
#6200=CARTESIAN_POINT('Origin',(0.,150.,0.));
#6201=CARTESIAN_POINT('',(92.2240034253445,155.,199.736659610103));
#6202=CARTESIAN_POINT('Origin',(0.,155.,0.));
#6203=CARTESIAN_POINT('',(92.2240034253445,155.,199.736659610103));
#6204=CARTESIAN_POINT('Origin',(89.7133650673495,155.,195.388106414624));
#6205=CARTESIAN_POINT('',(89.7133650673495,150.,195.388106414624));
#6206=CARTESIAN_POINT('',(36.1964284958304,150.,102.694053207312));
#6207=CARTESIAN_POINT('',(89.7133650673495,155.,195.388106414624));
#6208=CARTESIAN_POINT('',(36.1964284958304,155.,102.694053207312));
#6209=CARTESIAN_POINT('',(89.7133650673495,155.,195.388106414624));
#6210=CARTESIAN_POINT('Origin',(0.,155.,0.));
#6211=CARTESIAN_POINT('Origin',(0.,150.,0.));
#6212=CARTESIAN_POINT('Origin',(0.,155.,0.));
#6213=CARTESIAN_POINT('Origin',(0.,155.,0.));
#6214=CARTESIAN_POINT('',(57.0098356609038,150.,138.743931895837));
#6215=CARTESIAN_POINT('',(-57.0098356609038,150.,138.743931895837));
#6216=CARTESIAN_POINT('Origin',(0.,150.,0.));
#6217=CARTESIAN_POINT('',(57.0098356609038,155.,138.743931895837));
#6218=CARTESIAN_POINT('',(57.0098356609038,155.,138.743931895837));
#6219=CARTESIAN_POINT('',(-57.0098356609038,155.,138.743931895837));
#6220=CARTESIAN_POINT('Origin',(0.,155.,0.));
#6221=CARTESIAN_POINT('',(-57.0098356609038,155.,138.743931895837));
#6222=CARTESIAN_POINT('Origin',(-59.5316226690083,155.,143.111795119741));
#6223=CARTESIAN_POINT('',(-59.5316226690083,150.,143.111795119741));
#6224=CARTESIAN_POINT('',(-21.1055572966598,150.,76.5558975598707));
#6225=CARTESIAN_POINT('',(-59.5316226690083,155.,143.111795119741));
#6226=CARTESIAN_POINT('',(-21.1055572966598,155.,76.5558975598707));
#6227=CARTESIAN_POINT('',(-59.5316226690083,155.,143.111795119741));
#6228=CARTESIAN_POINT('Origin',(0.,155.,0.));
#6229=CARTESIAN_POINT('',(59.5316226690082,150.,143.111795119741));
#6230=CARTESIAN_POINT('Origin',(0.,150.,0.));
#6231=CARTESIAN_POINT('',(59.5316226690082,155.,143.111795119741));
#6232=CARTESIAN_POINT('Origin',(0.,155.,0.));
#6233=CARTESIAN_POINT('',(59.5316226690082,155.,143.111795119741));
#6234=CARTESIAN_POINT('Origin',(57.0098356609038,155.,138.743931895837));
#6235=CARTESIAN_POINT('',(19.8446637926075,150.,74.3719659479187));
#6236=CARTESIAN_POINT('',(19.8446637926075,155.,74.3719659479187));
#6237=CARTESIAN_POINT('Origin',(-69.6061851778798,155.,160.561449249135));
#6238=CARTESIAN_POINT('',(-67.0892070049819,150.,156.201915172134));
#6239=CARTESIAN_POINT('',(-69.6061851778799,150.,160.561449249135));
#6240=CARTESIAN_POINT('',(-26.1428385510955,150.,85.2807246245677));
#6241=CARTESIAN_POINT('',(-67.0892070049819,155.,156.201915172134));
#6242=CARTESIAN_POINT('',(-67.0892070049819,155.,156.201915172134));
#6243=CARTESIAN_POINT('',(-69.6061851778799,155.,160.561449249135));
#6244=CARTESIAN_POINT('',(-26.1428385510955,155.,85.2807246245677));
#6245=CARTESIAN_POINT('',(-69.6061851778799,155.,160.561449249135));
#6246=CARTESIAN_POINT('Origin',(0.,155.,0.));
#6247=CARTESIAN_POINT('',(69.6061851778798,150.,160.561449249136));
#6248=CARTESIAN_POINT('Origin',(0.,150.,0.));
#6249=CARTESIAN_POINT('',(69.6061851778798,155.,160.561449249136));
#6250=CARTESIAN_POINT('Origin',(0.,155.,0.));
#6251=CARTESIAN_POINT('',(69.6061851778798,155.,160.561449249136));
#6252=CARTESIAN_POINT('Origin',(67.0892070049819,155.,156.201915172134));
#6253=CARTESIAN_POINT('',(67.0892070049819,150.,156.201915172134));
#6254=CARTESIAN_POINT('',(24.8843494646466,150.,83.1009575860672));
#6255=CARTESIAN_POINT('',(67.0892070049819,155.,156.201915172134));
#6256=CARTESIAN_POINT('',(24.8843494646466,155.,83.1009575860672));
#6257=CARTESIAN_POINT('',(67.0892070049819,155.,156.201915172134));
#6258=CARTESIAN_POINT('Origin',(0.,155.,0.));
#6259=CARTESIAN_POINT('Origin',(0.,150.,0.));
#6260=CARTESIAN_POINT('Origin',(0.,155.,0.));
#6261=CARTESIAN_POINT('Origin',(-99.7531866639923,155.,212.777587518937));
#6262=CARTESIAN_POINT('',(-97.2438842982073,150.,208.431348329844));
#6263=CARTESIAN_POINT('',(-99.7531866639923,150.,212.777587518937));
#6264=CARTESIAN_POINT('',(-41.2163392941518,150.,111.388793759468));
#6265=CARTESIAN_POINT('',(-97.2438842982073,155.,208.431348329844));
#6266=CARTESIAN_POINT('',(-97.2438842982073,155.,208.431348329844));
#6267=CARTESIAN_POINT('',(-99.7531866639923,155.,212.777587518937));
#6268=CARTESIAN_POINT('',(-41.2163392941518,155.,111.388793759468));
#6269=CARTESIAN_POINT('',(-99.7531866639923,155.,212.777587518937));
#6270=CARTESIAN_POINT('Origin',(0.,155.,0.));
#6271=CARTESIAN_POINT('',(99.7531866639923,150.,212.777587518937));
#6272=CARTESIAN_POINT('Origin',(0.,150.,0.));
#6273=CARTESIAN_POINT('',(99.7531866639923,155.,212.777587518937));
#6274=CARTESIAN_POINT('Origin',(0.,155.,0.));
#6275=CARTESIAN_POINT('',(99.7531866639923,155.,212.777587518937));
#6276=CARTESIAN_POINT('Origin',(97.2438842982072,155.,208.431348329844));
#6277=CARTESIAN_POINT('',(97.2438842982072,150.,208.431348329844));
#6278=CARTESIAN_POINT('',(39.9616881112592,150.,109.215674164922));
#6279=CARTESIAN_POINT('',(97.2438842982072,155.,208.431348329844));
#6280=CARTESIAN_POINT('',(39.9616881112592,155.,109.215674164922));
#6281=CARTESIAN_POINT('',(97.2438842982072,155.,208.431348329844));
#6282=CARTESIAN_POINT('Origin',(0.,155.,0.));
#6283=CARTESIAN_POINT('Origin',(0.,150.,0.));
#6284=CARTESIAN_POINT('Origin',(0.,155.,0.));
#6285=CARTESIAN_POINT('Origin',(119.331536891205,155.,166.688284840846));
#6286=CARTESIAN_POINT('',(116.819251786351,150.,162.336879396141));
#6287=CARTESIAN_POINT('',(119.331536891205,150.,166.688284840846));
#6288=CARTESIAN_POINT('',(68.3260224834467,150.,78.3441424204232));
#6289=CARTESIAN_POINT('',(116.819251786351,155.,162.336879396141));
#6290=CARTESIAN_POINT('',(116.819251786351,155.,162.336879396141));
#6291=CARTESIAN_POINT('',(119.331536891205,155.,166.688284840846));
#6292=CARTESIAN_POINT('',(68.3260224834467,155.,78.3441424204232));
#6293=CARTESIAN_POINT('',(119.331536891205,155.,166.688284840846));
#6294=CARTESIAN_POINT('Origin',(0.,155.,0.));
#6295=CARTESIAN_POINT('',(204.022057631032,150.,19.9999999999999));
#6296=CARTESIAN_POINT('Origin',(0.,150.,0.));
#6297=CARTESIAN_POINT('',(204.022057631032,155.,19.9999999999999));
#6298=CARTESIAN_POINT('Origin',(0.,155.,0.));
#6299=CARTESIAN_POINT('',(204.022057631032,155.,19.9999999999999));
#6300=CARTESIAN_POINT('Origin',(198.997487421324,155.,20.));
#6301=CARTESIAN_POINT('',(198.997487421324,150.,20.));
#6302=CARTESIAN_POINT('',(99.498743710662,150.,20.));
#6303=CARTESIAN_POINT('',(198.997487421324,155.,20.));
#6304=CARTESIAN_POINT('',(99.498743710662,155.,20.));
#6305=CARTESIAN_POINT('',(198.997487421324,155.,20.));
#6306=CARTESIAN_POINT('Origin',(0.,155.,0.));
#6307=CARTESIAN_POINT('Origin',(0.,150.,0.));
#6308=CARTESIAN_POINT('Origin',(0.,155.,0.));
#6309=CARTESIAN_POINT('Origin',(86.6025403784439,155.,110.));
#6310=CARTESIAN_POINT('',(84.0756576897822,150.,105.623310798472));
#6311=CARTESIAN_POINT('',(86.6025403784438,150.,110.));
#6312=CARTESIAN_POINT('',(51.9615242270663,150.,50.0000000000001));
#6313=CARTESIAN_POINT('',(84.0756576897822,155.,105.623310798472));
#6314=CARTESIAN_POINT('',(84.0756576897822,155.,105.623310798472));
#6315=CARTESIAN_POINT('',(86.6025403784438,155.,110.));
#6316=CARTESIAN_POINT('',(51.9615242270663,155.,50.0000000000001));
#6317=CARTESIAN_POINT('',(86.6025403784438,155.,110.));
#6318=CARTESIAN_POINT('Origin',(0.,155.,0.));
#6319=CARTESIAN_POINT('',(138.56406460551,150.,20.));
#6320=CARTESIAN_POINT('Origin',(0.,150.,0.));
#6321=CARTESIAN_POINT('',(138.56406460551,155.,20.));
#6322=CARTESIAN_POINT('Origin',(0.,155.,0.));
#6323=CARTESIAN_POINT('',(138.56406460551,155.,20.));
#6324=CARTESIAN_POINT('Origin',(133.510299228187,155.,20.));
#6325=CARTESIAN_POINT('',(133.510299228187,150.,20.));
#6326=CARTESIAN_POINT('',(66.7551496140935,150.,20.));
#6327=CARTESIAN_POINT('',(133.510299228187,155.,20.));
#6328=CARTESIAN_POINT('',(66.7551496140935,155.,20.));
#6329=CARTESIAN_POINT('',(133.510299228187,155.,20.));
#6330=CARTESIAN_POINT('Origin',(0.,155.,0.));
#6331=CARTESIAN_POINT('Origin',(0.,150.,0.));
#6332=CARTESIAN_POINT('Origin',(0.,155.,0.));
#6333=CARTESIAN_POINT('Origin',(111.792726214145,155.,153.630681719536));
#6334=CARTESIAN_POINT('',(109.278378864436,150.,149.275704361965));
#6335=CARTESIAN_POINT('',(111.792726214145,150.,153.630681719536));
#6336=CARTESIAN_POINT('',(64.5566171449167,150.,71.8153408597679));
#6337=CARTESIAN_POINT('',(109.278378864436,155.,149.275704361965));
#6338=CARTESIAN_POINT('',(109.278378864436,155.,149.275704361965));
#6339=CARTESIAN_POINT('',(111.792726214145,155.,153.630681719536));
#6340=CARTESIAN_POINT('',(64.5566171449167,155.,71.8153408597679));
#6341=CARTESIAN_POINT('',(111.792726214145,155.,153.630681719536));
#6342=CARTESIAN_POINT('Origin',(0.,155.,0.));
#6343=CARTESIAN_POINT('',(188.944436276912,150.,20.));
#6344=CARTESIAN_POINT('Origin',(0.,150.,0.));
#6345=CARTESIAN_POINT('',(188.944436276912,155.,20.));
#6346=CARTESIAN_POINT('Origin',(0.,155.,0.));
#6347=CARTESIAN_POINT('',(188.944436276912,155.,20.));
#6348=CARTESIAN_POINT('Origin',(183.915741577495,155.,20.));
#6349=CARTESIAN_POINT('',(183.915741577495,150.,20.));
#6350=CARTESIAN_POINT('',(91.9578707887476,150.,20.));
#6351=CARTESIAN_POINT('',(183.915741577495,155.,20.));
#6352=CARTESIAN_POINT('',(91.9578707887476,155.,20.));
#6353=CARTESIAN_POINT('',(183.915741577495,155.,20.));
#6354=CARTESIAN_POINT('Origin',(0.,155.,0.));
#6355=CARTESIAN_POINT('Origin',(0.,150.,0.));
#6356=CARTESIAN_POINT('Origin',(0.,155.,0.));
#6357=CARTESIAN_POINT('Origin',(126.865019576722,155.,179.736659610103));
#6358=CARTESIAN_POINT('',(124.354381218727,150.,175.388106414624));
#6359=CARTESIAN_POINT('',(126.865019576722,150.,179.736659610103));
#6360=CARTESIAN_POINT('',(72.0927638262054,150.,84.8683298050514));
#6361=CARTESIAN_POINT('',(124.354381218727,155.,175.388106414624));
#6362=CARTESIAN_POINT('',(124.354381218727,155.,175.388106414624));
#6363=CARTESIAN_POINT('',(126.865019576722,155.,179.736659610103));
#6364=CARTESIAN_POINT('',(72.0927638262054,155.,84.8683298050514));
#6365=CARTESIAN_POINT('',(126.865019576722,155.,179.736659610103));
#6366=CARTESIAN_POINT('Origin',(0.,155.,0.));
#6367=CARTESIAN_POINT('',(219.089023002066,150.,20.));
#6368=CARTESIAN_POINT('Origin',(0.,150.,0.));
#6369=CARTESIAN_POINT('',(219.089023002066,155.,20.));
#6370=CARTESIAN_POINT('Origin',(0.,155.,0.));
#6371=CARTESIAN_POINT('',(219.089023002066,155.,20.));
#6372=CARTESIAN_POINT('Origin',(214.067746286076,155.,20.));
#6373=CARTESIAN_POINT('',(214.067746286076,150.,20.));
#6374=CARTESIAN_POINT('',(107.033873143038,150.,20.));
#6375=CARTESIAN_POINT('',(214.067746286076,155.,20.));
#6376=CARTESIAN_POINT('',(107.033873143038,155.,20.));
#6377=CARTESIAN_POINT('',(214.067746286076,155.,20.));
#6378=CARTESIAN_POINT('Origin',(0.,155.,0.));
#6379=CARTESIAN_POINT('Origin',(0.,150.,0.));
#6380=CARTESIAN_POINT('Origin',(0.,155.,0.));
#6381=CARTESIAN_POINT('Origin',(0.,155.,0.));
#6382=CARTESIAN_POINT('',(148.660687473185,150.,20.));
#6383=CARTESIAN_POINT('',(91.6508518122812,150.,118.743931895837));
#6384=CARTESIAN_POINT('Origin',(0.,150.,0.));
#6385=CARTESIAN_POINT('',(148.660687473185,155.,20.));
#6386=CARTESIAN_POINT('',(148.660687473185,155.,20.));
#6387=CARTESIAN_POINT('',(91.6508518122812,155.,118.743931895837));
#6388=CARTESIAN_POINT('Origin',(0.,155.,0.));
#6389=CARTESIAN_POINT('',(91.6508518122812,155.,118.743931895837));
#6390=CARTESIAN_POINT('Origin',(94.1726388203857,155.,123.111795119741));
#6391=CARTESIAN_POINT('',(94.1726388203857,150.,123.111795119741));
#6392=CARTESIAN_POINT('',(55.7465734480372,150.,56.5558975598707));
#6393=CARTESIAN_POINT('',(94.1726388203857,155.,123.111795119741));
#6394=CARTESIAN_POINT('',(55.7465734480372,155.,56.5558975598707));
#6395=CARTESIAN_POINT('',(94.1726388203857,155.,123.111795119741));
#6396=CARTESIAN_POINT('Origin',(0.,155.,0.));
#6397=CARTESIAN_POINT('',(153.704261489394,150.,20.));
#6398=CARTESIAN_POINT('Origin',(0.,150.,0.));
#6399=CARTESIAN_POINT('',(153.704261489394,155.,20.));
#6400=CARTESIAN_POINT('Origin',(0.,155.,0.));
#6401=CARTESIAN_POINT('',(153.704261489394,155.,20.));
#6402=CARTESIAN_POINT('Origin',(148.660687473185,155.,20.));
#6403=CARTESIAN_POINT('',(74.3303437365925,150.,20.));
#6404=CARTESIAN_POINT('',(74.3303437365925,155.,20.));
#6405=CARTESIAN_POINT('Origin',(104.247201329257,155.,140.561449249136));
#6406=CARTESIAN_POINT('',(101.730223156359,150.,136.201915172134));
#6407=CARTESIAN_POINT('',(104.247201329257,150.,140.561449249136));
#6408=CARTESIAN_POINT('',(60.783854702473,150.,65.2807246245678));
#6409=CARTESIAN_POINT('',(101.730223156359,155.,136.201915172134));
#6410=CARTESIAN_POINT('',(101.730223156359,155.,136.201915172134));
#6411=CARTESIAN_POINT('',(104.247201329257,155.,140.561449249136));
#6412=CARTESIAN_POINT('',(60.783854702473,155.,65.2807246245678));
#6413=CARTESIAN_POINT('',(104.247201329257,155.,140.561449249136));
#6414=CARTESIAN_POINT('Origin',(0.,155.,0.));
#6415=CARTESIAN_POINT('',(173.853386507137,150.,20.));
#6416=CARTESIAN_POINT('Origin',(0.,150.,0.));
#6417=CARTESIAN_POINT('',(173.853386507137,155.,20.));
#6418=CARTESIAN_POINT('Origin',(0.,155.,0.));
#6419=CARTESIAN_POINT('',(173.853386507137,155.,20.));
#6420=CARTESIAN_POINT('Origin',(168.819430161341,155.,20.));
#6421=CARTESIAN_POINT('',(168.819430161341,150.,20.));
#6422=CARTESIAN_POINT('',(84.4097150806707,150.,20.));
#6423=CARTESIAN_POINT('',(168.819430161341,155.,20.));
#6424=CARTESIAN_POINT('',(84.4097150806707,155.,20.));
#6425=CARTESIAN_POINT('',(168.819430161341,155.,20.));
#6426=CARTESIAN_POINT('Origin',(0.,155.,0.));
#6427=CARTESIAN_POINT('Origin',(0.,150.,0.));
#6428=CARTESIAN_POINT('Origin',(0.,155.,0.));
#6429=CARTESIAN_POINT('Origin',(134.39420281537,155.,192.777587518937));
#6430=CARTESIAN_POINT('',(131.884900449585,150.,188.431348329844));
#6431=CARTESIAN_POINT('',(134.39420281537,150.,192.777587518937));
#6432=CARTESIAN_POINT('',(75.8573554455292,150.,91.3887937594684));
#6433=CARTESIAN_POINT('',(131.884900449585,155.,188.431348329844));
#6434=CARTESIAN_POINT('',(131.884900449585,155.,188.431348329844));
#6435=CARTESIAN_POINT('',(134.39420281537,155.,192.777587518937));
#6436=CARTESIAN_POINT('',(75.8573554455292,155.,91.3887937594684));
#6437=CARTESIAN_POINT('',(134.39420281537,155.,192.777587518937));
#6438=CARTESIAN_POINT('Origin',(0.,155.,0.));
#6439=CARTESIAN_POINT('',(234.147389479362,150.,20.));
#6440=CARTESIAN_POINT('Origin',(0.,150.,0.));
#6441=CARTESIAN_POINT('',(234.147389479362,155.,20.));
#6442=CARTESIAN_POINT('Origin',(0.,155.,0.));
#6443=CARTESIAN_POINT('',(234.147389479362,155.,20.));
#6444=CARTESIAN_POINT('Origin',(229.128784747792,155.,20.));
#6445=CARTESIAN_POINT('',(229.128784747792,150.,20.));
#6446=CARTESIAN_POINT('',(114.564392373896,150.,20.));
#6447=CARTESIAN_POINT('',(229.128784747792,155.,20.));
#6448=CARTESIAN_POINT('',(114.564392373896,155.,20.));
#6449=CARTESIAN_POINT('',(229.128784747792,155.,20.));
#6450=CARTESIAN_POINT('Origin',(0.,155.,0.));
#6451=CARTESIAN_POINT('Origin',(0.,150.,0.));
#6452=CARTESIAN_POINT('Origin',(0.,155.,0.));
#6453=CARTESIAN_POINT('Origin',(0.,155.,0.));
#6454=CARTESIAN_POINT('',(250.,155.,-150.));
#6455=CARTESIAN_POINT('',(150.,155.,-250.));
#6456=CARTESIAN_POINT('Origin',(150.,155.,-150.));
#6457=CARTESIAN_POINT('',(-150.,155.,-250.));
#6458=CARTESIAN_POINT('',(-150.,155.,-250.));
#6459=CARTESIAN_POINT('',(-250.,155.,-150.));
#6460=CARTESIAN_POINT('Origin',(-150.,155.,-150.));
#6461=CARTESIAN_POINT('',(-250.,155.,150.));
#6462=CARTESIAN_POINT('',(-250.,155.,150.));
#6463=CARTESIAN_POINT('',(-150.,155.,250.));
#6464=CARTESIAN_POINT('Origin',(-150.,155.,150.));
#6465=CARTESIAN_POINT('',(150.,155.,250.));
#6466=CARTESIAN_POINT('',(150.,155.,250.));
#6467=CARTESIAN_POINT('',(250.,155.,150.));
#6468=CARTESIAN_POINT('Origin',(150.,155.,150.));
#6469=CARTESIAN_POINT('',(250.,155.,-150.));
#6470=CARTESIAN_POINT('',(-69.119687860985,155.,72.3016683763245));
#6471=CARTESIAN_POINT('Origin',(-70.7106781186548,155.,70.7106781186548));
#6472=CARTESIAN_POINT('',(-100.,155.,2.25000000000001));
#6473=CARTESIAN_POINT('Origin',(-100.,155.,6.12323399573677E-15));
#6474=CARTESIAN_POINT('',(-72.3016683763245,155.,-69.119687860985));
#6475=CARTESIAN_POINT('Origin',(-70.7106781186548,155.,-70.7106781186547));
#6476=CARTESIAN_POINT('',(-2.25000000000001,155.,-100.));
#6477=CARTESIAN_POINT('Origin',(-1.22464679914735E-14,155.,-100.));
#6478=CARTESIAN_POINT('',(69.119687860985,155.,-72.3016683763245));
#6479=CARTESIAN_POINT('Origin',(70.7106781186547,155.,-70.7106781186548));
#6480=CARTESIAN_POINT('',(100.,155.,-2.25000000000002));
#6481=CARTESIAN_POINT('Origin',(100.,155.,-1.83697019872103E-14));
#6482=CARTESIAN_POINT('',(72.3016683763245,155.,69.119687860985));
#6483=CARTESIAN_POINT('Origin',(70.7106781186548,155.,70.7106781186547));
#6484=CARTESIAN_POINT('',(2.25,155.,100.));
#6485=CARTESIAN_POINT('Origin',(0.,155.,100.));
#6486=CARTESIAN_POINT('Origin',(70.7106781186548,155.,70.7106781186547));
#6487=CARTESIAN_POINT('',(72.3016683763245,150.,69.119687860985));
#6488=CARTESIAN_POINT('',(72.3016683763245,155.,69.119687860985));
#6489=CARTESIAN_POINT('Origin',(70.7106781186548,150.,70.7106781186547));
#6490=CARTESIAN_POINT('Origin',(100.,155.,-1.83697019872103E-14));
#6491=CARTESIAN_POINT('',(100.,150.,-2.25000000000002));
#6492=CARTESIAN_POINT('',(100.,155.,-2.25000000000002));
#6493=CARTESIAN_POINT('Origin',(100.,150.,-1.83697019872103E-14));
#6494=CARTESIAN_POINT('Origin',(70.7106781186547,155.,-70.7106781186548));
#6495=CARTESIAN_POINT('',(69.119687860985,150.,-72.3016683763245));
#6496=CARTESIAN_POINT('',(69.119687860985,155.,-72.3016683763245));
#6497=CARTESIAN_POINT('Origin',(70.7106781186547,150.,-70.7106781186548));
#6498=CARTESIAN_POINT('Origin',(-1.22464679914735E-14,155.,-100.));
#6499=CARTESIAN_POINT('',(-2.25000000000001,150.,-100.));
#6500=CARTESIAN_POINT('',(-2.25000000000001,155.,-100.));
#6501=CARTESIAN_POINT('Origin',(-1.22464679914735E-14,150.,-100.));
#6502=CARTESIAN_POINT('Origin',(-70.7106781186548,155.,-70.7106781186547));
#6503=CARTESIAN_POINT('',(-72.3016683763245,150.,-69.119687860985));
#6504=CARTESIAN_POINT('',(-72.3016683763245,155.,-69.119687860985));
#6505=CARTESIAN_POINT('Origin',(-70.7106781186548,150.,-70.7106781186547));
#6506=CARTESIAN_POINT('Origin',(-100.,155.,6.12323399573677E-15));
#6507=CARTESIAN_POINT('',(-100.,150.,2.25000000000001));
#6508=CARTESIAN_POINT('',(-100.,155.,2.25000000000001));
#6509=CARTESIAN_POINT('Origin',(-100.,150.,6.12323399573677E-15));
#6510=CARTESIAN_POINT('Origin',(-70.7106781186548,155.,70.7106781186548));
#6511=CARTESIAN_POINT('',(-69.119687860985,150.,72.3016683763245));
#6512=CARTESIAN_POINT('',(-69.119687860985,155.,72.3016683763245));
#6513=CARTESIAN_POINT('Origin',(-70.7106781186548,150.,70.7106781186548));
#6514=CARTESIAN_POINT('Origin',(0.,155.,100.));
#6515=CARTESIAN_POINT('',(2.25,150.,100.));
#6516=CARTESIAN_POINT('',(2.25,155.,100.));
#6517=CARTESIAN_POINT('Origin',(0.,150.,100.));
#6518=CARTESIAN_POINT('Origin',(250.,150.,150.));
#6519=CARTESIAN_POINT('',(250.,150.,-150.));
#6520=CARTESIAN_POINT('',(250.,150.,150.));
#6521=CARTESIAN_POINT('',(250.,150.,-150.));
#6522=CARTESIAN_POINT('',(250.,150.,-150.));
#6523=CARTESIAN_POINT('',(250.,150.,150.));
#6524=CARTESIAN_POINT('Origin',(150.,150.,150.));
#6525=CARTESIAN_POINT('',(150.,150.,250.));
#6526=CARTESIAN_POINT('Origin',(150.,150.,150.));
#6527=CARTESIAN_POINT('',(150.,150.,250.));
#6528=CARTESIAN_POINT('Origin',(-150.,150.,250.));
#6529=CARTESIAN_POINT('',(-150.,150.,250.));
#6530=CARTESIAN_POINT('',(150.,150.,250.));
#6531=CARTESIAN_POINT('',(-150.,150.,250.));
#6532=CARTESIAN_POINT('Origin',(-150.,150.,150.));
#6533=CARTESIAN_POINT('',(-250.,150.,150.));
#6534=CARTESIAN_POINT('Origin',(-150.,150.,150.));
#6535=CARTESIAN_POINT('',(-250.,150.,150.));
#6536=CARTESIAN_POINT('Origin',(-250.,150.,-150.));
#6537=CARTESIAN_POINT('',(-250.,150.,-150.));
#6538=CARTESIAN_POINT('',(-250.,150.,150.));
#6539=CARTESIAN_POINT('',(-250.,150.,-150.));
#6540=CARTESIAN_POINT('Origin',(-150.,150.,-150.));
#6541=CARTESIAN_POINT('',(-150.,150.,-250.));
#6542=CARTESIAN_POINT('Origin',(-150.,150.,-150.));
#6543=CARTESIAN_POINT('',(-150.,150.,-250.));
#6544=CARTESIAN_POINT('Origin',(150.,150.,-250.));
#6545=CARTESIAN_POINT('',(150.,150.,-250.));
#6546=CARTESIAN_POINT('',(-150.,150.,-250.));
#6547=CARTESIAN_POINT('',(150.,150.,-250.));
#6548=CARTESIAN_POINT('Origin',(150.,150.,-150.));
#6549=CARTESIAN_POINT('Origin',(150.,150.,-150.));
#6550=CARTESIAN_POINT('Origin',(0.,150.,0.));
#6551=UNCERTAINTY_MEASURE_WITH_UNIT(LENGTH_MEASURE(0.01),#6555,
'DISTANCE_ACCURACY_VALUE',
'Maximum model space distance between geometric entities at asserted c
onnectivities');
#6552=UNCERTAINTY_MEASURE_WITH_UNIT(LENGTH_MEASURE(0.01),#6555,
'DISTANCE_ACCURACY_VALUE',
'Maximum model space distance between geometric entities at asserted c
onnectivities');
#6553=(
GEOMETRIC_REPRESENTATION_CONTEXT(3)
GLOBAL_UNCERTAINTY_ASSIGNED_CONTEXT((#6551))
GLOBAL_UNIT_ASSIGNED_CONTEXT((#6555,#6557,#6558))
REPRESENTATION_CONTEXT('','3D')
);
#6554=(
GEOMETRIC_REPRESENTATION_CONTEXT(3)
GLOBAL_UNCERTAINTY_ASSIGNED_CONTEXT((#6552))
GLOBAL_UNIT_ASSIGNED_CONTEXT((#6555,#6557,#6558))
REPRESENTATION_CONTEXT('','3D')
);
#6555=(
LENGTH_UNIT()
NAMED_UNIT(*)
SI_UNIT(.MILLI.,.METRE.)
);
#6556=(
LENGTH_UNIT()
NAMED_UNIT(*)
SI_UNIT($,.METRE.)
);
#6557=(
NAMED_UNIT(*)
PLANE_ANGLE_UNIT()
SI_UNIT($,.RADIAN.)
);
#6558=(
NAMED_UNIT(*)
SI_UNIT($,.STERADIAN.)
SOLID_ANGLE_UNIT()
);
#6559=SHAPE_DEFINITION_REPRESENTATION(#6560,#6561);
#6560=PRODUCT_DEFINITION_SHAPE('',$,#6563);
#6561=SHAPE_REPRESENTATION('',(#3931),#6553);
#6562=PRODUCT_DEFINITION_CONTEXT('part definition',#6567,'design');
#6563=PRODUCT_DEFINITION('\X2\4E0A677F\X0\','\X2\4E0A677F\X0\',#6564,#6562);
#6564=PRODUCT_DEFINITION_FORMATION('',$,#6569);
#6565=PRODUCT_RELATED_PRODUCT_CATEGORY('\X2\4E0A677F\X0\','\X2\4E0A677F\X0\',
(#6569));
#6566=APPLICATION_PROTOCOL_DEFINITION('international standard',
'ap242_managed_model_based_3d_engineering',2011,#6567);
#6567=APPLICATION_CONTEXT('Managed model based 3d engineering');
#6568=PRODUCT_CONTEXT('part definition',#6567,'mechanical');
#6569=PRODUCT('\X2\4E0A677F\X0\','\X2\4E0A677F\X0\',$,(#6568));
#6570=PRESENTATION_STYLE_ASSIGNMENT((#6571));
#6571=SURFACE_STYLE_USAGE(.BOTH.,#6572);
#6572=SURFACE_SIDE_STYLE('',(#6573));
#6573=SURFACE_STYLE_FILL_AREA(#6574);
#6574=FILL_AREA_STYLE('\X2\94A2\X0\ - \X2\7F0E5149\X0\',(#6575));
#6575=FILL_AREA_STYLE_COLOUR('\X2\94A2\X0\ - \X2\7F0E5149\X0\',#6576);
#6576=COLOUR_RGB('\X2\94A2\X0\ - \X2\7F0E5149\X0\',0.627450980392157,0.627450980392157,
0.627450980392157);
ENDSEC;
END-ISO-10303-21;
