ISO-10303-21;
HEADER;
/* Generated by software containing ST-Developer
 * from STEP Tools, Inc. (www.steptools.com) 
 */

FILE_DESCRIPTION(
/* description */ ('',
'CAx-IF Rec.Pracs.---Representation and Presentation of Product Manufa
cturing Information (PMI)---4.0---2014-10-13'),
/* implementation_level */ '2;1');

FILE_NAME(
/* name */ '',
/* time_stamp */ '2025-03-03T20:47:10+08:00',
/* author */ (''),
/* organization */ (''),
/* preprocessor_version */ 'ST-DEVELOPER v20',
/* originating_system */ 'Autodesk Translation Framework v13.20.0.188',

/* authorisation */ '');

FILE_SCHEMA (('AP242_MANAGED_MODEL_BASED_3D_ENGINEERING_MIM_LF { 1 0 10303 442 1 1 4 }'));
ENDSEC;

DATA;
#10=MECHANICAL_DESIGN_GEOMETRIC_PRESENTATION_REPRESENTATION('',(#17),#7024);
#11=ITEM_DEFINED_TRANSFORMATION($,$,#3112,#3407);
#12=(
REPRESENTATION_RELATIONSHIP($,$,#7035,#7034)
REPRESENTATION_RELATIONSHIP_WITH_TRANSFORMATION(#11)
SHAPE_REPRESENTATION_RELATIONSHIP()
);
#13=CONTEXT_DEPENDENT_SHAPE_REPRESENTATION(#12,#7033);
#14=NEXT_ASSEMBLY_USAGE_OCCURRENCE('\X2\540E90E85E9576D8\X0\:1',
'\X2\540E90E85E9576D8\X0\:1','\X2\540E90E85E9576D8\X0\:1',#7037,#7038,
'\X2\540E90E85E9576D8\X0\:1');
#15=SHAPE_REPRESENTATION_RELATIONSHIP('SRR','None',#7035,#16);
#16=ADVANCED_BREP_SHAPE_REPRESENTATION('',(#18),#7023);
#17=STYLED_ITEM('',(#7048),#18);
#18=MANIFOLD_SOLID_BREP('\X2\540E90E85E9576D8\X0\',#3098);
#19=(
BOUNDED_CURVE()
B_SPLINE_CURVE(2,(#5358,#5359,#5360),.UNSPECIFIED.,.F.,.F.)
B_SPLINE_CURVE_WITH_KNOTS((3,3),(0.,0.28595277304579),.UNSPECIFIED.)
CURVE()
GEOMETRIC_REPRESENTATION_ITEM()
RATIONAL_B_SPLINE_CURVE((1.,1.00015795407798,1.))
REPRESENTATION_ITEM('')
);
#20=(
BOUNDED_CURVE()
B_SPLINE_CURVE(2,(#5368,#5369,#5370),.UNSPECIFIED.,.F.,.F.)
B_SPLINE_CURVE_WITH_KNOTS((3,3),(0.,0.285952773028675),.UNSPECIFIED.)
CURVE()
GEOMETRIC_REPRESENTATION_ITEM()
RATIONAL_B_SPLINE_CURVE((1.,1.00015795429613,1.))
REPRESENTATION_ITEM('')
);
#21=(
BOUNDED_CURVE()
B_SPLINE_CURVE(2,(#6485,#6486,#6487),.UNSPECIFIED.,.F.,.F.)
B_SPLINE_CURVE_WITH_KNOTS((3,3),(0.48540969246859,1.10919245222731),
 .UNSPECIFIED.)
CURVE()
GEOMETRIC_REPRESENTATION_ITEM()
RATIONAL_B_SPLINE_CURVE((1.61130323297059,1.83826718831069,1.6390572803196))
REPRESENTATION_ITEM('')
);
#22=TOROIDAL_SURFACE('',#3147,164.950193023603,13.);
#23=TOROIDAL_SURFACE('',#3150,10.5,3.);
#24=TOROIDAL_SURFACE('',#3186,164.950193023603,13.);
#25=TOROIDAL_SURFACE('',#3187,10.5,3.);
#26=TOROIDAL_SURFACE('',#3203,35.1696597378813,6.);
#27=TOROIDAL_SURFACE('',#3292,2.00000000000001,1.);
#28=TOROIDAL_SURFACE('',#3340,2.00000000000001,1.);
#29=TOROIDAL_SURFACE('',#3389,89.3655239359761,5.);
#30=B_SPLINE_CURVE_WITH_KNOTS('',3,(#4355,#4356,#4357,#4358,#4359,#4360,
#4361,#4362,#4363,#4364,#4365,#4366),.UNSPECIFIED.,.F.,.F.,(4,2,2,2,2,4),
(0.,0.383119887320747,0.80377471609358,1.32435853436933,1.85481604046689,
2.42926925903826),.UNSPECIFIED.);
#31=B_SPLINE_CURVE_WITH_KNOTS('',3,(#4370,#4371,#4372,#4373,#4374,#4375,
#4376,#4377,#4378,#4379,#4380,#4381,#4382,#4383,#4384,#4385,#4386,#4387,
#4388,#4389,#4390,#4391,#4392,#4393,#4394,#4395,#4396,#4397,#4398,#4399),
 .UNSPECIFIED.,.F.,.F.,(4,2,2,2,2,2,2,2,2,2,2,2,2,2,4),(-7.36136823447533E-6,
0.,2.36181880661187E-5,0.000162823127090996,0.000457735000223879,0.00110001192717818,
0.00241732453516094,0.00507090187607361,0.0104050910106739,0.021186911927859,
0.0398999640069964,0.0592991788601763,0.124980864140027,0.261674547460201,
0.431608917818441),.UNSPECIFIED.);
#32=B_SPLINE_CURVE_WITH_KNOTS('',3,(#4400,#4401,#4402,#4403,#4404,#4405,
#4406,#4407,#4408),.UNSPECIFIED.,.F.,.F.,(4,1,1,1,1,1,4),(8.87515716693234,
9.30073851963385,9.80048999155095,10.300241463468,11.2997444073022,13.2987502949706,
15.297756182639),.UNSPECIFIED.);
#33=B_SPLINE_CURVE_WITH_KNOTS('',3,(#4508,#4509,#4510,#4511,#4512,#4513,
#4514,#4515,#4516,#4517,#4518,#4519,#4520,#4521,#4522,#4523,#4524,#4525,
#4526,#4527,#4528,#4529,#4530,#4531,#4532,#4533,#4534,#4535,#4536,#4537),
 .UNSPECIFIED.,.F.,.F.,(4,2,2,2,2,2,2,2,2,2,2,2,2,2,4),(0.,0.319046230620769,
0.575684156909142,0.698999375990218,0.735420768336962,0.770553912484221,
0.790796429145399,0.800811195038559,0.805793199828236,0.808266411230291,
0.809472265195567,0.810025952500674,0.810287305078611,0.81033164685441,
0.810348330643315),.UNSPECIFIED.);
#34=B_SPLINE_CURVE_WITH_KNOTS('',3,(#4541,#4542,#4543,#4544,#4545,#4546,
#4547,#4548,#4549,#4550,#4551,#4552),.UNSPECIFIED.,.F.,.F.,(4,2,2,2,2,4),
(0.,0.553929992171892,1.07447791179518,1.70950415731485,2.19478416996108,
2.65404808879137),.UNSPECIFIED.);
#35=B_SPLINE_CURVE_WITH_KNOTS('',3,(#4553,#4554,#4555,#4556,#4557,#4558,
#4559,#4560,#4561,#4562),.UNSPECIFIED.,.F.,.F.,(4,1,1,1,1,1,1,4),(1.30511633401452,
3.30412222214148,4.30362516620495,4.96996046224727,6.30263105433191,6.92732039437158,
7.30213399839539,7.72752468349579),.UNSPECIFIED.);
#36=B_SPLINE_CURVE_WITH_KNOTS('',3,(#4571,#4572,#4573,#4574,#4575,#4576,
#4577,#4578,#4579,#4580,#4581,#4582,#4583,#4584,#4585,#4586,#4587,#4588,
#4589,#4590),.UNSPECIFIED.,.F.,.F.,(4,2,2,2,2,2,2,2,2,4),(2.67823461481946,
3.73285154623083,4.26016001193652,4.78746847764221,5.09904327457201,5.41061807150182,
5.50924723694203,5.60787640238225,5.69075207620954,5.77362775003682),
 .UNSPECIFIED.);
#37=B_SPLINE_CURVE_WITH_KNOTS('',3,(#4597,#4598,#4599,#4600,#4601,#4602,
#4603,#4604,#4605,#4606,#4607,#4608),.UNSPECIFIED.,.F.,.F.,(4,2,2,2,2,4),
(8.8236593729178,9.45831670339044,10.1079502123057,10.6114926073713,11.0225896932343,
11.0772153107667),.UNSPECIFIED.);
#38=B_SPLINE_CURVE_WITH_KNOTS('',3,(#4611,#4612,#4613,#4614,#4615,#4616,
#4617,#4618,#4619,#4620,#4621,#4622),.UNSPECIFIED.,.F.,.F.,(4,2,2,2,2,4),
(4.39102584967597,4.62132594850793,5.0846567043465,5.57409824387175,6.19769945414723,
6.63523810517494),.UNSPECIFIED.);
#39=B_SPLINE_CURVE_WITH_KNOTS('',3,(#4626,#4627,#4628,#4629,#4630,#4631,
#4632,#4633,#4634),.UNSPECIFIED.,.F.,.F.,(4,1,1,1,1,1,4),(0.468227827545427,
0.603561211300697,0.738894595055967,0.874227978811237,1.00956136256651,
1.28022813007705,1.41556151383232),.UNSPECIFIED.);
#40=B_SPLINE_CURVE_WITH_KNOTS('',3,(#4636,#4637,#4638,#4639),
 .UNSPECIFIED.,.F.,.F.,(4,4),(1.55271512271794,1.55340292763052),
 .UNSPECIFIED.);
#41=B_SPLINE_CURVE_WITH_KNOTS('',3,(#4643,#4644,#4645,#4646,#4647,#4648,
#4649,#4650),.UNSPECIFIED.,.F.,.F.,(4,1,1,1,1,4),(1.32116539930394E-14,
0.448798950512839,0.897597901025665,1.79519580205132,2.69279370307697,3.14159265358979),
 .UNSPECIFIED.);
#42=B_SPLINE_CURVE_WITH_KNOTS('',3,(#4653,#4654,#4655,#4656),
 .UNSPECIFIED.,.F.,.F.,(4,4),(-1.55340292763052,-1.55271512271794),
 .UNSPECIFIED.);
#43=B_SPLINE_CURVE_WITH_KNOTS('',3,(#4660,#4661,#4662,#4663,#4664,#4665,
#4666,#4667,#4668,#4669,#4670,#4671,#4672,#4673,#4674,#4675,#4676,#4677),
 .UNSPECIFIED.,.F.,.F.,(4,2,2,2,2,2,2,2,4),(-1.90152413195985,-1.89927575035443,
-1.3662775309934,-1.11758356711831,-0.949637862989303,-0.781692158860308,
-0.53299819498523,0.,0.00224838185363269),.UNSPECIFIED.);
#44=B_SPLINE_CURVE_WITH_KNOTS('',3,(#4682,#4683,#4684,#4685),
 .UNSPECIFIED.,.F.,.F.,(4,4),(0.,0.0204442209516774),.UNSPECIFIED.);
#45=B_SPLINE_CURVE_WITH_KNOTS('',3,(#4686,#4687,#4688,#4689,#4690,#4691,
#4692,#4693,#4694,#4695,#4696,#4697,#4698,#4699,#4700,#4701,#4702,#4703,
#4704,#4705,#4706,#4707,#4708,#4709,#4710,#4711,#4712,#4713,#4714,#4715,
#4716,#4717,#4718,#4719,#4720,#4721,#4722,#4723,#4724,#4725,#4726,#4727,
#4728,#4729,#4730,#4731),.UNSPECIFIED.,.F.,.F.,(4,2,2,2,2,2,2,2,2,2,2,2,
2,2,2,2,2,2,2,2,2,2,4),(0.0204442209516774,0.0508711527022674,0.109990976890012,
0.178799074021352,0.217780571651178,0.243673898072049,0.267145883480226,
0.295708979449707,0.344540810702024,0.396974226651117,0.449937122631447,
0.504551741842303,0.561756690049864,0.62030277402718,0.682135899842498,
0.71538280209872,0.739730683585963,0.763885241249989,0.796181434707426,
0.85678999744103,0.914574038231632,0.954614418826634,0.991744204999877),
 .UNSPECIFIED.);
#46=B_SPLINE_CURVE_WITH_KNOTS('',3,(#4743,#4744,#4745,#4746,#4747,#4748,
#4749,#4750,#4751,#4752,#4753,#4754,#4755,#4756,#4757,#4758,#4759,#4760,
#4761,#4762,#4763,#4764,#4765,#4766,#4767,#4768,#4769,#4770,#4771,#4772,
#4773,#4774,#4775,#4776),.UNSPECIFIED.,.F.,.F.,(4,2,2,2,2,2,2,2,2,2,2,2,
2,2,2,2,4),(0.165773822001211,0.166091860662319,0.21827762612365,0.267076493038358,
0.298550433458162,0.32059312737937,0.342330600327706,0.372758708547161,
0.443876085388072,0.515171647381583,0.553349393721399,0.58715285212466,
0.619989844455484,0.670343645545046,0.776019226469429,0.861609244409352,
0.888169498049513),.UNSPECIFIED.);
#47=B_SPLINE_CURVE_WITH_KNOTS('',3,(#4778,#4779,#4780,#4781,#4782,#4783,
#4784,#4785,#4786,#4787,#4788,#4789,#4790,#4791),.UNSPECIFIED.,.F.,.F.,
(4,2,2,2,2,2,4),(0.888169498049513,0.902542842156594,0.931516853886025,
0.960427152106519,1.00130278009238,1.05830364435546,1.10911567540928),
 .UNSPECIFIED.);
#48=B_SPLINE_CURVE_WITH_KNOTS('',3,(#4875,#4876,#4877,#4878),
 .UNSPECIFIED.,.F.,.F.,(4,4),(-2.12684062135577,-1.7989845629531),
 .UNSPECIFIED.);
#49=B_SPLINE_CURVE_WITH_KNOTS('',3,(#4880,#4881,#4882,#4883,#4884,#4885,
#4886,#4887,#4888,#4889,#4890,#4891,#4892,#4893,#4894,#4895,#4896,#4897,
#4898,#4899,#4900,#4901,#4902,#4903,#4904,#4905,#4906,#4907),
 .UNSPECIFIED.,.F.,.F.,(4,3,3,3,3,3,3,3,3,4),(0.916789468480876,0.945148858138115,
0.968983440948787,0.973508247795354,0.973517251221438,1.00766052988093,
1.03024078419372,1.030245033962,1.04995793778753,1.06332422018771),
 .UNSPECIFIED.);
#50=B_SPLINE_CURVE_WITH_KNOTS('',3,(#4910,#4911,#4912,#4913,#4914,#4915,
#4916,#4917),.UNSPECIFIED.,.F.,.F.,(4,2,2,4),(0.77026790686013,0.803668122094805,
0.86022879528784,0.916789468480875),.UNSPECIFIED.);
#51=B_SPLINE_CURVE_WITH_KNOTS('',3,(#4918,#4919,#4920,#4921),
 .UNSPECIFIED.,.F.,.F.,(4,4),(1.79898456295313,2.12684062135565),
 .UNSPECIFIED.);
#52=B_SPLINE_CURVE_WITH_KNOTS('',3,(#4926,#4927,#4928,#4929,#4930,#4931,
#4932,#4933,#4934,#4935,#4936,#4937,#4938,#4939,#4940,#4941,#4942,#4943),
 .UNSPECIFIED.,.F.,.F.,(4,2,2,2,2,2,2,2,4),(-1.90152367148186,-1.89927529078156,
-1.36627720337103,-1.11758331250059,-0.949637657672585,-0.781692002844575,
-0.532998111974094,0.,0.00224838045439999),.UNSPECIFIED.);
#53=B_SPLINE_CURVE_WITH_KNOTS('',3,(#4944,#4945,#4946,#4947,#4948,#4949,
#4950,#4951,#4952,#4953,#4954,#4955,#4956,#4957,#4958,#4959,#4960,#4961,
#4962,#4963),.UNSPECIFIED.,.F.,.F.,(4,2,2,2,2,2,2,2,2,4),(5.77362775003683,
5.85650342386412,5.9393790976914,6.03800826313162,6.13663742857184,6.44821222550164,
6.75978702243144,7.28709548813713,7.81440395384282,8.8690208852542),
 .UNSPECIFIED.);
#54=B_SPLINE_CURVE_WITH_KNOTS('',3,(#4966,#4967,#4968,#4969,#4970,#4971,
#4972,#4973,#4974,#4975,#4976,#4977,#4978,#4979,#4980,#4981,#4982,#4983,
#4984,#4985,#4986,#4987,#4988,#4989,#4990,#4991,#4992,#4993,#4994,#4995,
#4996,#4997,#4998,#4999,#5000,#5001,#5002,#5003,#5004,#5005,#5006,#5007,
#5008,#5009,#5010,#5011),.UNSPECIFIED.,.F.,.F.,(4,2,2,2,2,2,2,2,2,2,2,2,
2,2,2,2,2,2,2,2,2,2,4),(0.,0.0508711527074342,0.10999097693937,0.178799074022616,
0.21778057155766,0.243673897604012,0.267145882492214,0.295708977660037,
0.344540807367469,0.396974223225621,0.449937119106883,0.504551738157743,
0.56175668631917,0.620302770170335,0.682135898590215,0.715382801181685,
0.739730682384012,0.763885239348782,0.796181431347387,0.856789990675458,
0.9145740317072,0.954614415980982,0.97133784209271),.UNSPECIFIED.);
#55=B_SPLINE_CURVE_WITH_KNOTS('',3,(#5012,#5013,#5014,#5015),
 .UNSPECIFIED.,.F.,.F.,(4,4),(0.97133784209271,0.99174420510119),
 .UNSPECIFIED.);
#56=B_SPLINE_CURVE_WITH_KNOTS('',3,(#5018,#5019,#5020,#5021,#5022,#5023,
#5024,#5025,#5026,#5027,#5028,#5029,#5030,#5031),.UNSPECIFIED.,.F.,.F.,
(4,2,2,2,2,2,4),(0.,0.0567596203235372,0.109840632458458,0.144198936791964,
0.168210184895333,0.191845390678568,0.200038026467157),.UNSPECIFIED.);
#57=B_SPLINE_CURVE_WITH_KNOTS('',3,(#5032,#5033,#5034,#5035,#5036,#5037,
#5038,#5039,#5040,#5041,#5042,#5043,#5044,#5045,#5046,#5047,#5048,#5049,
#5050,#5051,#5052,#5053,#5054,#5055,#5056,#5057,#5058,#5059,#5060,#5061,
#5062,#5063),.UNSPECIFIED.,.F.,.F.,(4,2,2,2,2,2,2,2,2,2,2,2,2,2,2,4),(0.200038026467157,
0.224855225701082,0.301703358884197,0.380212044651992,0.421632078781383,
0.458242921609104,0.493859520294797,0.548580655700562,0.663580373103208,
0.756051296076587,0.800361693947295,0.8317825266395,0.863184648172824,0.907665142508296,
0.969576634587941,1.02379757448167),.UNSPECIFIED.);
#58=B_SPLINE_CURVE_WITH_KNOTS('',3,(#5074,#5075,#5076,#5077),
 .UNSPECIFIED.,.F.,.F.,(4,4),(-2.12684062135551,-1.79898456295311),
 .UNSPECIFIED.);
#59=B_SPLINE_CURVE_WITH_KNOTS('',3,(#5079,#5080,#5081,#5082,#5083,#5084,
#5085,#5086),.UNSPECIFIED.,.F.,.F.,(4,2,2,4),(0.458392170566478,0.515119953307041,
0.571847736047605,0.604926922273315),.UNSPECIFIED.);
#60=B_SPLINE_CURVE_WITH_KNOTS('',3,(#5089,#5090,#5091,#5092,#5093,#5094,
#5095,#5096),.UNSPECIFIED.,.F.,.F.,(4,2,2,4),(0.31185741885964,0.344936605085351,
0.401664387825914,0.458392170566478),.UNSPECIFIED.);
#61=B_SPLINE_CURVE_WITH_KNOTS('',3,(#5097,#5098,#5099,#5100),
 .UNSPECIFIED.,.F.,.F.,(4,4),(1.7989845629531,2.12684062135554),
 .UNSPECIFIED.);
#62=B_SPLINE_CURVE_WITH_KNOTS('',3,(#5126,#5127,#5128,#5129,#5130,#5131,
#5132,#5133,#5134,#5135),.UNSPECIFIED.,.F.,.F.,(4,2,2,2,4),(0.41069299374637,
0.463071162485109,0.556050721835873,0.649335076943895,0.742619432051917),
 .UNSPECIFIED.);
#63=B_SPLINE_CURVE_WITH_KNOTS('',3,(#5146,#5147,#5148,#5149,#5150,#5151,
#5152,#5153,#5154,#5155,#5156,#5157,#5158,#5159,#5160,#5161,#5162,#5163,
#5164,#5165),.UNSPECIFIED.,.F.,.F.,(4,2,2,2,2,2,2,2,2,4),(0.803131436213818,
1.69684419429838,1.98034998981117,2.12213779914227,2.23339814227254,2.35635400376737,
2.55577475812333,2.78880088508189,3.22095767165196,3.49514933758014),
 .UNSPECIFIED.);
#64=B_SPLINE_CURVE_WITH_KNOTS('',3,(#5167,#5168,#5169,#5170,#5171,#5172,
#5173,#5174,#5175,#5176,#5177,#5178),.UNSPECIFIED.,.F.,.F.,(4,2,2,2,2,4),
(1.0777088474776,1.27947846835146,1.48124808922533,1.67892605022137,1.87660401121742,
1.99660912865726),.UNSPECIFIED.);
#65=B_SPLINE_CURVE_WITH_KNOTS('',3,(#5182,#5183,#5184,#5185),
 .UNSPECIFIED.,.F.,.F.,(4,4),(2.537007352448,3.1781418240948),
 .UNSPECIFIED.);
#66=B_SPLINE_CURVE_WITH_KNOTS('',3,(#5187,#5188,#5189,#5190),
 .UNSPECIFIED.,.F.,.F.,(4,4),(0.,0.103333817603569),.UNSPECIFIED.);
#67=B_SPLINE_CURVE_WITH_KNOTS('',3,(#5194,#5195,#5196,#5197),
 .UNSPECIFIED.,.F.,.F.,(4,4),(0.,0.103389613823667),.UNSPECIFIED.);
#68=B_SPLINE_CURVE_WITH_KNOTS('',3,(#5199,#5200,#5201,#5202),
 .UNSPECIFIED.,.F.,.F.,(4,4),(0.,0.520708173236278),.UNSPECIFIED.);
#69=B_SPLINE_CURVE_WITH_KNOTS('',3,(#5205,#5206,#5207,#5208,#5209,#5210,
#5211,#5212,#5213,#5214,#5215,#5216),.UNSPECIFIED.,.F.,.F.,(4,2,2,2,2,4),
(2.67913533483698,2.79914044501702,2.99681844397349,3.19449644292997,3.39626609012731,
3.59803573732465),.UNSPECIFIED.);
#70=B_SPLINE_CURVE_WITH_KNOTS('',3,(#5331,#5332,#5333,#5334),
 .UNSPECIFIED.,.F.,.F.,(4,4),(0.,0.282874869260378),.UNSPECIFIED.);
#71=B_SPLINE_CURVE_WITH_KNOTS('',3,(#5351,#5352,#5353,#5354),
 .UNSPECIFIED.,.F.,.F.,(4,4),(0.,0.282874869578361),.UNSPECIFIED.);
#72=B_SPLINE_CURVE_WITH_KNOTS('',3,(#5418,#5419,#5420,#5421,#5422,#5423,
#5424,#5425),.UNSPECIFIED.,.F.,.F.,(4,1,1,1,1,4),(-1.69770184822379,-1.47529296032512,
-1.03047518452778,-0.58565740873044,-0.36324852083177,-0.140839632933099),
 .UNSPECIFIED.);
#73=B_SPLINE_CURVE_WITH_KNOTS('',3,(#5440,#5441,#5442,#5443,#5444,#5445,
#5446,#5447,#5448,#5449),.UNSPECIFIED.,.F.,.F.,(4,2,2,2,4),(0.,0.0374011948146876,
0.0748023896293752,0.1209972117903,0.167192033951225),.UNSPECIFIED.);
#74=B_SPLINE_CURVE_WITH_KNOTS('',3,(#5543,#5544,#5545,#5546,#5547,#5548,
#5549,#5550,#5551,#5552),.UNSPECIFIED.,.F.,.F.,(4,2,2,2,4),(0.247508640697757,
0.284900707607042,0.341556762362002,0.398409970572821,0.455263178783641),
 .UNSPECIFIED.);
#75=B_SPLINE_CURVE_WITH_KNOTS('',3,(#5554,#5555,#5556,#5557,#5558,#5559,
#5560,#5561,#5562,#5563,#5564,#5565,#5566,#5567,#5568,#5569,#5570,#5571,
#5572,#5573,#5574,#5575,#5576,#5577,#5578,#5579,#5580,#5581,#5582,#5583,
#5584,#5585,#5586,#5587,#5588,#5589,#5590,#5591,#5592,#5593,#5594,#5595,
#5596),.UNSPECIFIED.,.F.,.F.,(4,3,3,3,3,3,3,3,3,3,3,3,3,3,4),(0.455263178783641,
0.483679320460577,0.506903994722337,0.512095462137514,0.51211638699446,
0.538488903923009,0.564476905647934,0.568946052870966,0.568969595205279,
0.593280895649152,0.615195177419249,0.625618551588705,0.625625649960239,
0.644321683414882,0.663017716869525),.UNSPECIFIED.);
#76=B_SPLINE_CURVE_WITH_KNOTS('',3,(#5599,#5600,#5601,#5602,#5603,#5604,
#5605,#5606,#5607,#5608,#5609,#5610,#5611,#5612,#5613,#5614,#5615,#5616),
 .UNSPECIFIED.,.F.,.F.,(4,2,2,2,2,2,2,2,4),(-0.663017716869525,-0.625625649960239,
-0.568969595205279,-0.51211638699446,-0.455263178783641,-0.398409970572821,
-0.341556762362002,-0.284900707607042,-0.247508640697757),.UNSPECIFIED.);
#77=B_SPLINE_CURVE_WITH_KNOTS('',3,(#5633,#5634,#5635,#5636),
 .UNSPECIFIED.,.F.,.F.,(4,4),(-1.70162343524525,-1.62673444925002),
 .UNSPECIFIED.);
#78=B_SPLINE_CURVE_WITH_KNOTS('',3,(#5639,#5640,#5641,#5642),
 .UNSPECIFIED.,.F.,.F.,(4,4),(1.62673444925002,1.70162343524525),
 .UNSPECIFIED.);
#79=B_SPLINE_CURVE_WITH_KNOTS('',3,(#5662,#5663,#5664,#5665),
 .UNSPECIFIED.,.F.,.F.,(4,4),(1.79898456295311,2.12684062135551),
 .UNSPECIFIED.);
#80=B_SPLINE_CURVE_WITH_KNOTS('',3,(#5724,#5725,#5726,#5727,#5728,#5729,
#5730,#5731,#5732,#5733,#5734,#5735,#5736,#5737),.UNSPECIFIED.,.F.,.F.,
(4,2,2,2,2,2,4),(-0.604926922273315,-0.571847736047605,-0.515119953307041,
-0.458392170566478,-0.401664387825914,-0.344936605085351,-0.31185741885964),
 .UNSPECIFIED.);
#81=B_SPLINE_CURVE_WITH_KNOTS('',3,(#5755,#5756,#5757,#5758),
 .UNSPECIFIED.,.F.,.F.,(4,4),(-2.12684062135554,-1.7989845629531),
 .UNSPECIFIED.);
#82=B_SPLINE_CURVE_WITH_KNOTS('',3,(#5777,#5778,#5779,#5780),
 .UNSPECIFIED.,.F.,.F.,(4,4),(1.62673444925003,1.70162343524525),
 .UNSPECIFIED.);
#83=B_SPLINE_CURVE_WITH_KNOTS('',3,(#5781,#5782,#5783,#5784),
 .UNSPECIFIED.,.F.,.F.,(4,4),(-1.70162343524525,-1.62673444925003),
 .UNSPECIFIED.);
#84=B_SPLINE_CURVE_WITH_KNOTS('',3,(#5823,#5824,#5825,#5826),
 .UNSPECIFIED.,.F.,.F.,(4,4),(-1.55340292763052,-1.55271512271794),
 .UNSPECIFIED.);
#85=B_SPLINE_CURVE_WITH_KNOTS('',3,(#5828,#5829,#5830,#5831,#5832,#5833,
#5834,#5835,#5836),.UNSPECIFIED.,.F.,.F.,(4,1,1,1,1,1,4),(-1.41556151383232,
-1.28022813007705,-1.00956136256651,-0.874227978811237,-0.738894595055967,
-0.603561211300697,-0.468227827545427),.UNSPECIFIED.);
#86=B_SPLINE_CURVE_WITH_KNOTS('',3,(#5837,#5838,#5839,#5840),
 .UNSPECIFIED.,.F.,.F.,(4,4),(1.55271512271794,1.55340292763052),
 .UNSPECIFIED.);
#87=B_SPLINE_CURVE_WITH_KNOTS('',3,(#5842,#5843,#5844,#5845),
 .UNSPECIFIED.,.F.,.F.,(4,4),(-1.69912273993922,-1.69770184822379),
 .UNSPECIFIED.);
#88=B_SPLINE_CURVE_WITH_KNOTS('',3,(#5847,#5848,#5849,#5850,#5851,#5852,
#5853,#5854),.UNSPECIFIED.,.F.,.F.,(4,2,2,4),(0.704774868967211,0.768586256961817,
0.811097194775133,0.853040014754644),.UNSPECIFIED.);
#89=B_SPLINE_CURVE_WITH_KNOTS('',3,(#5856,#5857,#5858,#5859,#5860,#5861,
#5862,#5863,#5864,#5865,#5866,#5867,#5868,#5869,#5870),.UNSPECIFIED.,.F.,
 .F.,(4,2,2,2,1,1,1,2,4),(-1.49989274500765E-15,0.0585557271477782,0.118587522165011,
0.18125057339428,0.305872129669386,0.430493685944493,0.555115242219599,
0.679736798494706,0.704774868967839),.UNSPECIFIED.);
#90=B_SPLINE_CURVE_WITH_KNOTS('',3,(#5872,#5873,#5874,#5875),
 .UNSPECIFIED.,.F.,.F.,(4,4),(1.69770184822379,1.69912273993922),
 .UNSPECIFIED.);
#91=B_SPLINE_CURVE_WITH_KNOTS('',3,(#5911,#5912,#5913,#5914,#5915,#5916,
#5917,#5918),.UNSPECIFIED.,.F.,.F.,(4,1,1,1,1,4),(-3.14159265358979,-2.69279370307697,
-1.79519580205132,-0.897597901025665,-0.448798950512839,-1.32116539930394E-14),
 .UNSPECIFIED.);
#92=B_SPLINE_CURVE_WITH_KNOTS('',3,(#5920,#5921,#5922,#5923),
 .UNSPECIFIED.,.F.,.F.,(4,4),(0.138520336809338,0.140839632933099),
 .UNSPECIFIED.);
#93=B_SPLINE_CURVE_WITH_KNOTS('',3,(#5925,#5926,#5927,#5928,#5929,#5930,
#5931,#5932,#5933,#5934),.UNSPECIFIED.,.F.,.F.,(4,2,2,2,4),(0.173675933585509,
0.204280543960249,0.614908928372498,0.819409047381414,0.906971224721356),
 .UNSPECIFIED.);
#94=B_SPLINE_CURVE_WITH_KNOTS('',3,(#5936,#5937,#5938,#5939,#5940,#5941),
 .UNSPECIFIED.,.F.,.F.,(4,2,4),(-4.9203882987706E-15,0.100227605617026,
0.17367593358551),.UNSPECIFIED.);
#95=B_SPLINE_CURVE_WITH_KNOTS('',3,(#5942,#5943,#5944,#5945),
 .UNSPECIFIED.,.F.,.F.,(4,4),(-0.140839632933099,-0.138520336809339),
 .UNSPECIFIED.);
#96=B_SPLINE_CURVE_WITH_KNOTS('',3,(#5974,#5975,#5976,#5977,#5978,#5979),
 .UNSPECIFIED.,.F.,.F.,(4,2,4),(-0.17367593358551,-0.100227605617026,4.9203882987706E-15),
 .UNSPECIFIED.);
#97=B_SPLINE_CURVE_WITH_KNOTS('',3,(#5997,#5998,#5999,#6000),
 .UNSPECIFIED.,.F.,.F.,(4,4),(0.138520336809339,0.140839632933099),
 .UNSPECIFIED.);
#98=B_SPLINE_CURVE_WITH_KNOTS('',3,(#6035,#6036,#6037,#6038,#6039,#6040,
#6041,#6042),.UNSPECIFIED.,.F.,.F.,(4,1,1,1,1,4),(0.140839632933099,0.36324852083177,
0.58565740873044,1.03047518452778,1.47529296032512,1.69770184822379),
 .UNSPECIFIED.);
#99=B_SPLINE_CURVE_WITH_KNOTS('',3,(#6061,#6062,#6063,#6064),
 .UNSPECIFIED.,.F.,.F.,(4,4),(1.69770184822379,1.69912273993922),
 .UNSPECIFIED.);
#100=B_SPLINE_CURVE_WITH_KNOTS('',3,(#6099,#6100,#6101,#6102,#6103,#6104,
#6105,#6106),.UNSPECIFIED.,.F.,.F.,(4,2,2,4),(-0.853040014754644,-0.811097194775133,
-0.768586256961817,-0.704774868967211),.UNSPECIFIED.);
#101=B_SPLINE_CURVE_WITH_KNOTS('',3,(#6111,#6112,#6113,#6114,#6115,#6116,
#6117,#6118,#6119,#6120,#6121,#6122,#6123),.UNSPECIFIED.,.F.,.F.,(4,2,2,
2,3,4),(3.25145987629661,3.33558509398543,4.11606229973748,4.89653950548953,
4.94093751714764,5.03266529366173),.UNSPECIFIED.);
#102=B_SPLINE_CURVE_WITH_KNOTS('',3,(#6185,#6186,#6187,#6188,#6189,#6190,
#6191,#6192,#6193,#6194,#6195,#6196,#6197,#6198),.UNSPECIFIED.,.F.,.F.,
(4,2,2,2,2,2,4),(-1.06332422018771,-1.030245033962,-0.973517251221438,-0.916789468480875,
-0.86022879528784,-0.803668122094805,-0.77026790686013),.UNSPECIFIED.);
#103=B_SPLINE_CURVE_WITH_KNOTS('',3,(#6215,#6216,#6217,#6218),
 .UNSPECIFIED.,.F.,.F.,(4,4),(-2.12684062135565,-1.79898456295313),
 .UNSPECIFIED.);
#104=B_SPLINE_CURVE_WITH_KNOTS('',3,(#6240,#6241,#6242,#6243),
 .UNSPECIFIED.,.F.,.F.,(4,4),(-1.70162343524524,-1.62673444925001),
 .UNSPECIFIED.);
#105=B_SPLINE_CURVE_WITH_KNOTS('',3,(#6245,#6246,#6247,#6248),
 .UNSPECIFIED.,.F.,.F.,(4,4),(1.62673444925001,1.70162343524524),
 .UNSPECIFIED.);
#106=B_SPLINE_CURVE_WITH_KNOTS('',3,(#6325,#6326,#6327,#6328,#6329,#6330,
#6331,#6332,#6333,#6334),.UNSPECIFIED.,.F.,.F.,(4,2,2,2,4),(0.702772990003967,
0.740241182307785,0.796974343161566,0.853750465323679,0.910526086591206),
 .UNSPECIFIED.);
#107=B_SPLINE_CURVE_WITH_KNOTS('',3,(#6335,#6336,#6337,#6338,#6339,#6340,
#6341,#6342,#6343,#6344),.UNSPECIFIED.,.F.,.F.,(4,2,2,2,4),(0.910526587485792,
0.967379795696611,1.02423300390743,1.08088905866239,1.11828112557168),
 .UNSPECIFIED.);
#108=B_SPLINE_CURVE_WITH_KNOTS('',3,(#6345,#6346,#6347,#6348,#6349,#6350,
#6351,#6352,#6353,#6354,#6355,#6356,#6357,#6358,#6359,#6360,#6361,#6362),
 .UNSPECIFIED.,.F.,.F.,(4,2,2,2,2,2,2,2,4),(-1.11828112557168,-1.08088905866239,
-1.02423300390743,-0.967379795696611,-0.910526587485792,-0.853750465323679,
-0.796974343161566,-0.740241182307785,-0.702772990003967),.UNSPECIFIED.);
#109=B_SPLINE_CURVE_WITH_KNOTS('',3,(#6381,#6382,#6383,#6384),
 .UNSPECIFIED.,.F.,.F.,(4,4),(1.62673444925001,1.70162343524522),
 .UNSPECIFIED.);
#110=B_SPLINE_CURVE_WITH_KNOTS('',3,(#6385,#6386,#6387,#6388),
 .UNSPECIFIED.,.F.,.F.,(4,4),(-1.70162343524522,-1.62673444925001),
 .UNSPECIFIED.);
#111=B_SPLINE_CURVE_WITH_KNOTS('',3,(#6406,#6407,#6408,#6409),
 .UNSPECIFIED.,.F.,.F.,(4,4),(1.7989845629531,2.12684062135577),
 .UNSPECIFIED.);
#112=B_SPLINE_CURVE_WITH_KNOTS('',3,(#6412,#6413,#6414,#6415,#6416,#6417,
#6418,#6419,#6420,#6421,#6422,#6423,#6424,#6425,#6426,#6427),
 .UNSPECIFIED.,.F.,.F.,(4,2,2,2,2,2,2,4),(1.56168089575355,1.57937699894135,
1.84260649876491,1.97422124867669,2.10583599858847,2.23745074850024,2.36906549841202,
2.47133826335408),.UNSPECIFIED.);
#113=B_SPLINE_CURVE_WITH_KNOTS('',3,(#6428,#6429,#6430,#6431,#6432,#6433),
 .UNSPECIFIED.,.F.,.F.,(4,2,4),(2.47133826335408,2.63229499823558,2.64999110142336),
 .UNSPECIFIED.);
#114=B_SPLINE_CURVE_WITH_KNOTS('',3,(#6441,#6442,#6443,#6444,#6445,#6446),
 .UNSPECIFIED.,.F.,.F.,(4,2,4),(1.56168089575355,1.57937699894135,1.74033373382285),
 .UNSPECIFIED.);
#115=B_SPLINE_CURVE_WITH_KNOTS('',3,(#6447,#6448,#6449,#6450,#6451,#6452,
#6453,#6454,#6455,#6456,#6457,#6458,#6459,#6460,#6461,#6462),
 .UNSPECIFIED.,.F.,.F.,(4,2,2,2,2,2,2,4),(1.74033373382285,1.84260649876491,
1.97422124867669,2.10583599858847,2.23745074850025,2.36906549841202,2.63229499823558,
2.64999110142336),.UNSPECIFIED.);
#116=B_SPLINE_CURVE_WITH_KNOTS('',3,(#6491,#6492,#6493,#6494,#6495,#6496),
 .UNSPECIFIED.,.F.,.F.,(4,2,4),(-0.74080044859572,-0.731754002542698,-0.716737082478242),
 .UNSPECIFIED.);
#117=B_SPLINE_CURVE_WITH_KNOTS('',3,(#6520,#6521,#6522,#6523,#6524,#6525,
#6526,#6527,#6528,#6529),.UNSPECIFIED.,.F.,.F.,(4,2,2,2,4),(2.22751198142806,
2.32071408854472,2.41391619566138,2.50684819396063,2.55211974386975),
 .UNSPECIFIED.);
#118=B_SPLINE_CURVE_WITH_KNOTS('',3,(#6563,#6564,#6565,#6566,#6567,#6568,
#6569,#6570,#6571,#6572),.UNSPECIFIED.,.F.,.F.,(4,2,2,2,4),(-0.167192034074115,
-0.120997211850658,-0.0748023896272009,-0.0374011948136004,0.),
 .UNSPECIFIED.);
#119=B_SPLINE_CURVE_WITH_KNOTS('',3,(#6775,#6776,#6777,#6778,#6779,#6780,
#6781,#6782,#6783,#6784,#6785,#6786,#6787,#6788),.UNSPECIFIED.,.F.,.F.,
(4,2,2,2,2,2,4),(-0.80719491142005,-0.80613790818498,-0.657872871850325,
-0.510706216737007,-0.313450506159737,-0.124464718106606,-0.000454797563674114),
 .UNSPECIFIED.);
#120=B_SPLINE_CURVE_WITH_KNOTS('',3,(#6850,#6851,#6852,#6853,#6854,#6855,
#6856,#6857,#6858,#6859,#6860,#6861,#6862,#6863,#6864),.UNSPECIFIED.,.F.,
 .F.,(4,2,1,1,1,2,2,2,4),(-0.704774868967839,-0.679736798494706,-0.555115242219599,
-0.430493685944493,-0.305872129669386,-0.18125057339428,-0.118587522165011,
-0.0585557271477782,1.49989274500765E-15),.UNSPECIFIED.);
#121=B_SPLINE_CURVE_WITH_KNOTS('',3,(#6883,#6884,#6885,#6886),
 .UNSPECIFIED.,.F.,.F.,(4,4),(-1.69912273993922,-1.69770184822379),
 .UNSPECIFIED.);
#122=B_SPLINE_CURVE_WITH_KNOTS('',3,(#6909,#6910,#6911,#6912),
 .UNSPECIFIED.,.F.,.F.,(4,4),(-0.140839632933099,-0.138520336809338),
 .UNSPECIFIED.);
#123=B_SPLINE_CURVE_WITH_KNOTS('',3,(#6954,#6955,#6956,#6957,#6958,#6959,
#6960,#6961,#6962,#6963),.UNSPECIFIED.,.F.,.F.,(4,2,2,2,4),(-0.906971224721356,
-0.819409047381414,-0.614908928372498,-0.204280543960249,-0.173675933585509),
 .UNSPECIFIED.);
#124=B_SPLINE_CURVE_WITH_KNOTS('',3,(#6968,#6969,#6970,#6971,#6972,#6973,
#6974,#6975,#6976,#6977,#6978,#6979,#6980,#6981),.UNSPECIFIED.,.F.,.F.,
(4,2,2,2,2,2,4),(-0.807297260920787,-0.620763729330483,-0.429249093900761,
-0.228161216454627,-0.114353992554409,0.,0.00105884144740998),
 .UNSPECIFIED.);
#125=B_SPLINE_SURFACE_WITH_KNOTS('',3,3,((#4276,#4277,#4278,#4279,#4280,
#4281,#4282,#4283,#4284,#4285,#4286),(#4287,#4288,#4289,#4290,#4291,#4292,
#4293,#4294,#4295,#4296,#4297),(#4298,#4299,#4300,#4301,#4302,#4303,#4304,
#4305,#4306,#4307,#4308),(#4309,#4310,#4311,#4312,#4313,#4314,#4315,#4316,
#4317,#4318,#4319),(#4320,#4321,#4322,#4323,#4324,#4325,#4326,#4327,#4328,
#4329,#4330),(#4331,#4332,#4333,#4334,#4335,#4336,#4337,#4338,#4339,#4340,
#4341),(#4342,#4343,#4344,#4345,#4346,#4347,#4348,#4349,#4350,#4351,#4352)),
 .UNSPECIFIED.,.F.,.F.,.F.,(4,1,1,1,4),(4,1,1,1,1,1,1,1,4),(0.,0.285714285714286,
0.571428571428571,0.785714285714286,1.),(8.30123557579967,8.55111131175821,
8.80098704771676,9.30073851963385,9.80048999155095,10.300241463468,11.2997444073022,
13.2987502949706,15.297756182639),.UNSPECIFIED.);
#126=B_SPLINE_SURFACE_WITH_KNOTS('',3,3,((#4415,#4416,#4417,#4418,#4419,
#4420,#4421,#4422,#4423,#4424,#4425,#4426,#4427),(#4428,#4429,#4430,#4431,
#4432,#4433,#4434,#4435,#4436,#4437,#4438,#4439,#4440),(#4441,#4442,#4443,
#4444,#4445,#4446,#4447,#4448,#4449,#4450,#4451,#4452,#4453),(#4454,#4455,
#4456,#4457,#4458,#4459,#4460,#4461,#4462,#4463,#4464,#4465,#4466),(#4467,
#4468,#4469,#4470,#4471,#4472,#4473,#4474,#4475,#4476,#4477,#4478,#4479),
(#4480,#4481,#4482,#4483,#4484,#4485,#4486,#4487,#4488,#4489,#4490,#4491,
#4492),(#4493,#4494,#4495,#4496,#4497,#4498,#4499,#4500,#4501,#4502,#4503,
#4504,#4505)),.UNSPECIFIED.,.F.,.F.,.F.,(4,1,1,1,4),(4,1,1,1,1,1,1,1,1,
1,4),(0.,0.285714285714286,0.571428571428571,0.785714285714286,1.),(1.30511633401452,
3.30412222214148,4.30362516620495,4.96996046224727,6.30263105433191,6.92732039437158,
7.30213399839539,7.80188547042713,8.051761206443,8.2391680084549,8.30163694245886),
 .UNSPECIFIED.);
#127=B_SPLINE_SURFACE_WITH_KNOTS('',3,3,((#5467,#5468,#5469,#5470,#5471,
#5472,#5473,#5474,#5475,#5476,#5477,#5478,#5479,#5480,#5481,#5482,#5483,
#5484),(#5485,#5486,#5487,#5488,#5489,#5490,#5491,#5492,#5493,#5494,#5495,
#5496,#5497,#5498,#5499,#5500,#5501,#5502),(#5503,#5504,#5505,#5506,#5507,
#5508,#5509,#5510,#5511,#5512,#5513,#5514,#5515,#5516,#5517,#5518,#5519,
#5520),(#5521,#5522,#5523,#5524,#5525,#5526,#5527,#5528,#5529,#5530,#5531,
#5532,#5533,#5534,#5535,#5536,#5537,#5538)),.UNSPECIFIED.,.F.,.F.,.F.,(4,
4),(4,2,2,2,2,2,2,2,4),(0.,1.),(-0.663017716869525,-0.625625649960239,-0.568969595205279,
-0.51211638699446,-0.455263178783641,-0.398409970572821,-0.341556762362002,
-0.284900707607042,-0.247508640697757),.UNSPECIFIED.);
#128=B_SPLINE_SURFACE_WITH_KNOTS('',3,3,((#5617,#5618,#5619,#5620),(#5621,
#5622,#5623,#5624),(#5625,#5626,#5627,#5628),(#5629,#5630,#5631,#5632)),
 .UNSPECIFIED.,.F.,.F.,.F.,(4,4),(4,4),(0.,1.),(1.62673444925002,1.70162343524525),
 .UNSPECIFIED.);
#129=B_SPLINE_SURFACE_WITH_KNOTS('',3,3,((#5643,#5644,#5645,#5646),(#5647,
#5648,#5649,#5650),(#5651,#5652,#5653,#5654),(#5655,#5656,#5657,#5658)),
 .UNSPECIFIED.,.F.,.F.,.F.,(4,4),(4,4),(0.,1.),(1.79898456295311,2.12684062135551),
 .UNSPECIFIED.);
#130=B_SPLINE_SURFACE_WITH_KNOTS('',3,3,((#5666,#5667,#5668,#5669,#5670,
#5671,#5672,#5673,#5674,#5675,#5676,#5677,#5678,#5679),(#5680,#5681,#5682,
#5683,#5684,#5685,#5686,#5687,#5688,#5689,#5690,#5691,#5692,#5693),(#5694,
#5695,#5696,#5697,#5698,#5699,#5700,#5701,#5702,#5703,#5704,#5705,#5706,
#5707),(#5708,#5709,#5710,#5711,#5712,#5713,#5714,#5715,#5716,#5717,#5718,
#5719,#5720,#5721)),.UNSPECIFIED.,.F.,.F.,.F.,(4,4),(4,2,2,2,2,2,4),(0.,
1.),(-0.604926922273315,-0.571847736047605,-0.515119953307041,-0.458392170566478,
-0.401664387825914,-0.344936605085351,-0.31185741885964),.UNSPECIFIED.);
#131=B_SPLINE_SURFACE_WITH_KNOTS('',3,3,((#5738,#5739,#5740,#5741),(#5742,
#5743,#5744,#5745),(#5746,#5747,#5748,#5749),(#5750,#5751,#5752,#5753)),
 .UNSPECIFIED.,.F.,.F.,.F.,(4,4),(4,4),(0.,1.),(-2.12684062135554,-1.7989845629531),
 .UNSPECIFIED.);
#132=B_SPLINE_SURFACE_WITH_KNOTS('',3,3,((#5759,#5760,#5761,#5762),(#5763,
#5764,#5765,#5766),(#5767,#5768,#5769,#5770),(#5771,#5772,#5773,#5774)),
 .UNSPECIFIED.,.F.,.F.,.F.,(4,4),(4,4),(0.,1.),(-1.70162343524525,-1.62673444925003),
 .UNSPECIFIED.);
#133=B_SPLINE_SURFACE_WITH_KNOTS('',3,3,((#5785,#5786,#5787,#5788),(#5789,
#5790,#5791,#5792),(#5793,#5794,#5795,#5796),(#5797,#5798,#5799,#5800),
(#5801,#5802,#5803,#5804),(#5805,#5806,#5807,#5808),(#5809,#5810,#5811,
#5812),(#5813,#5814,#5815,#5816),(#5817,#5818,#5819,#5820)),
 .UNSPECIFIED.,.F.,.F.,.F.,(4,1,1,1,1,1,4),(4,4),(-1.26714689977804E-9,
0.448798949426706,0.897597900120558,1.34639685081441,2.24399475220212,2.69279370289597,
3.14159265358982),(-0.772661199070459,-0.176160000853257),.UNSPECIFIED.);
#134=B_SPLINE_SURFACE_WITH_KNOTS('',3,3,((#5883,#5884,#5885,#5886),(#5887,
#5888,#5889,#5890),(#5891,#5892,#5893,#5894),(#5895,#5896,#5897,#5898),
(#5899,#5900,#5901,#5902),(#5903,#5904,#5905,#5906),(#5907,#5908,#5909,
#5910)),.UNSPECIFIED.,.F.,.F.,.F.,(4,1,1,1,4),(4,4),(5.39513236668976E-15,
0.448798950512832,1.34639685153849,2.24399475256414,3.14159265358979),(-0.797096529219202,
-0.199999999999992),.UNSPECIFIED.);
#135=B_SPLINE_SURFACE_WITH_KNOTS('',3,3,((#5946,#5947,#5948,#5949,#5950,
#5951),(#5952,#5953,#5954,#5955,#5956,#5957),(#5958,#5959,#5960,#5961,#5962,
#5963),(#5964,#5965,#5966,#5967,#5968,#5969)),.UNSPECIFIED.,.F.,.F.,.F.,
(4,4),(4,2,4),(0.,1.),(-4.9203882987706E-15,0.100227605617026,0.17367593358551),
 .UNSPECIFIED.);
#136=B_SPLINE_SURFACE_WITH_KNOTS('',3,3,((#5980,#5981,#5982,#5983),(#5984,
#5985,#5986,#5987),(#5988,#5989,#5990,#5991),(#5992,#5993,#5994,#5995)),
 .UNSPECIFIED.,.F.,.F.,.F.,(4,4),(4,4),(0.,1.),(-0.140839632933099,-0.138520336809339),
 .UNSPECIFIED.);
#137=B_SPLINE_SURFACE_WITH_KNOTS('',3,3,((#6002,#6003,#6004,#6005,#6006,
#6007,#6008,#6009),(#6010,#6011,#6012,#6013,#6014,#6015,#6016,#6017),(#6018,
#6019,#6020,#6021,#6022,#6023,#6024,#6025),(#6026,#6027,#6028,#6029,#6030,
#6031,#6032,#6033)),.UNSPECIFIED.,.F.,.F.,.F.,(4,4),(4,1,1,1,1,4),(0.,1.),
(-1.69770184822379,-1.47529296032512,-1.03047518452778,-0.58565740873044,
-0.36324852083177,-0.140839632933099),.UNSPECIFIED.);
#138=B_SPLINE_SURFACE_WITH_KNOTS('',3,3,((#6044,#6045,#6046,#6047),(#6048,
#6049,#6050,#6051),(#6052,#6053,#6054,#6055),(#6056,#6057,#6058,#6059)),
 .UNSPECIFIED.,.F.,.F.,.F.,(4,4),(4,4),(0.,1.),(-1.69912273993922,-1.69770184822379),
 .UNSPECIFIED.);
#139=B_SPLINE_SURFACE_WITH_KNOTS('',3,3,((#6066,#6067,#6068,#6069,#6070,
#6071,#6072,#6073),(#6074,#6075,#6076,#6077,#6078,#6079,#6080,#6081),(#6082,
#6083,#6084,#6085,#6086,#6087,#6088,#6089),(#6090,#6091,#6092,#6093,#6094,
#6095,#6096,#6097)),.UNSPECIFIED.,.F.,.F.,.F.,(4,4),(4,2,2,4),(0.,1.),(0.704774868967211,
0.768586256961817,0.811097194775133,0.853040014754644),.UNSPECIFIED.);
#140=B_SPLINE_SURFACE_WITH_KNOTS('',3,3,((#6125,#6126,#6127,#6128,#6129,
#6130,#6131,#6132,#6133,#6134,#6135,#6136,#6137,#6138),(#6139,#6140,#6141,
#6142,#6143,#6144,#6145,#6146,#6147,#6148,#6149,#6150,#6151,#6152),(#6153,
#6154,#6155,#6156,#6157,#6158,#6159,#6160,#6161,#6162,#6163,#6164,#6165,
#6166),(#6167,#6168,#6169,#6170,#6171,#6172,#6173,#6174,#6175,#6176,#6177,
#6178,#6179,#6180)),.UNSPECIFIED.,.F.,.F.,.F.,(4,4),(4,2,2,2,2,2,4),(0.,
1.),(-1.06332422018771,-1.030245033962,-0.973517251221438,-0.916789468480875,
-0.86022879528784,-0.803668122094805,-0.77026790686013),.UNSPECIFIED.);
#141=B_SPLINE_SURFACE_WITH_KNOTS('',3,3,((#6199,#6200,#6201,#6202),(#6203,
#6204,#6205,#6206),(#6207,#6208,#6209,#6210),(#6211,#6212,#6213,#6214)),
 .UNSPECIFIED.,.F.,.F.,.F.,(4,4),(4,4),(0.,1.),(1.79898456295313,2.12684062135565),
 .UNSPECIFIED.);
#142=B_SPLINE_SURFACE_WITH_KNOTS('',3,3,((#6220,#6221,#6222,#6223),(#6224,
#6225,#6226,#6227),(#6228,#6229,#6230,#6231),(#6232,#6233,#6234,#6235)),
 .UNSPECIFIED.,.F.,.F.,.F.,(4,4),(4,4),(0.,1.),(1.62673444925001,1.70162343524524),
 .UNSPECIFIED.);
#143=B_SPLINE_SURFACE_WITH_KNOTS('',3,3,((#6249,#6250,#6251,#6252,#6253,
#6254,#6255,#6256,#6257,#6258,#6259,#6260,#6261,#6262,#6263,#6264,#6265,
#6266),(#6267,#6268,#6269,#6270,#6271,#6272,#6273,#6274,#6275,#6276,#6277,
#6278,#6279,#6280,#6281,#6282,#6283,#6284),(#6285,#6286,#6287,#6288,#6289,
#6290,#6291,#6292,#6293,#6294,#6295,#6296,#6297,#6298,#6299,#6300,#6301,
#6302),(#6303,#6304,#6305,#6306,#6307,#6308,#6309,#6310,#6311,#6312,#6313,
#6314,#6315,#6316,#6317,#6318,#6319,#6320)),.UNSPECIFIED.,.F.,.F.,.F.,(4,
4),(4,2,2,2,2,2,2,2,4),(0.,1.),(-1.11828112557168,-1.08088905866239,-1.02423300390743,
-0.967379795696611,-0.910526587485792,-0.853750465323679,-0.796974343161566,
-0.740241182307785,-0.702772990003967),.UNSPECIFIED.);
#144=B_SPLINE_SURFACE_WITH_KNOTS('',3,3,((#6363,#6364,#6365,#6366),(#6367,
#6368,#6369,#6370),(#6371,#6372,#6373,#6374),(#6375,#6376,#6377,#6378)),
 .UNSPECIFIED.,.F.,.F.,.F.,(4,4),(4,4),(0.,1.),(-1.70162343524522,-1.62673444925001),
 .UNSPECIFIED.);
#145=B_SPLINE_SURFACE_WITH_KNOTS('',3,3,((#6389,#6390,#6391,#6392),(#6393,
#6394,#6395,#6396),(#6397,#6398,#6399,#6400),(#6401,#6402,#6403,#6404)),
 .UNSPECIFIED.,.F.,.F.,.F.,(4,4),(4,4),(0.,1.),(-2.12684062135577,-1.7989845629531),
 .UNSPECIFIED.);
#146=B_SPLINE_SURFACE_WITH_KNOTS('',3,3,((#6640,#6641,#6642,#6643),(#6644,
#6645,#6646,#6647),(#6648,#6649,#6650,#6651),(#6652,#6653,#6654,#6655)),
 .UNSPECIFIED.,.F.,.F.,.F.,(4,4),(4,4),(0.,1.),(1.55271512271794,1.55340292763052),
 .UNSPECIFIED.);
#147=B_SPLINE_SURFACE_WITH_KNOTS('',3,3,((#6660,#6661,#6662,#6663,#6664,
#6665,#6666,#6667),(#6668,#6669,#6670,#6671,#6672,#6673,#6674,#6675),(#6676,
#6677,#6678,#6679,#6680,#6681,#6682,#6683),(#6684,#6685,#6686,#6687,#6688,
#6689,#6690,#6691)),.UNSPECIFIED.,.F.,.F.,.F.,(4,4),(4,1,1,1,1,4),(0.,1.),
(-3.14159265358979,-2.69279370307697,-1.79519580205132,-0.897597901025665,
-0.448798950512839,-1.32116539930394E-14),.UNSPECIFIED.);
#148=B_SPLINE_SURFACE_WITH_KNOTS('',3,3,((#6695,#6696,#6697,#6698),(#6699,
#6700,#6701,#6702),(#6703,#6704,#6705,#6706),(#6707,#6708,#6709,#6710)),
 .UNSPECIFIED.,.F.,.F.,.F.,(4,4),(4,4),(0.,1.),(-1.55340292763052,-1.55271512271794),
 .UNSPECIFIED.);
#149=B_SPLINE_SURFACE_WITH_KNOTS('',3,3,((#6712,#6713,#6714,#6715,#6716,
#6717,#6718,#6719,#6720),(#6721,#6722,#6723,#6724,#6725,#6726,#6727,#6728,
#6729),(#6730,#6731,#6732,#6733,#6734,#6735,#6736,#6737,#6738),(#6739,#6740,
#6741,#6742,#6743,#6744,#6745,#6746,#6747)),.UNSPECIFIED.,.F.,.F.,.F.,(4,
4),(4,1,1,1,1,1,4),(0.,1.),(-1.41556151383232,-1.28022813007705,-1.00956136256651,
-0.874227978811237,-0.738894595055967,-0.603561211300697,-0.468227827545427),
 .UNSPECIFIED.);
#150=B_SPLINE_SURFACE_WITH_KNOTS('',3,3,((#6789,#6790,#6791,#6792,#6793,
#6794,#6795,#6796,#6797,#6798,#6799,#6800,#6801,#6802,#6803),(#6804,#6805,
#6806,#6807,#6808,#6809,#6810,#6811,#6812,#6813,#6814,#6815,#6816,#6817,
#6818),(#6819,#6820,#6821,#6822,#6823,#6824,#6825,#6826,#6827,#6828,#6829,
#6830,#6831,#6832,#6833),(#6834,#6835,#6836,#6837,#6838,#6839,#6840,#6841,
#6842,#6843,#6844,#6845,#6846,#6847,#6848)),.UNSPECIFIED.,.F.,.F.,.F.,(4,
4),(4,2,2,2,1,1,1,2,4),(0.,1.),(-1.49989274500765E-15,0.0585557271477782,
0.118587522165011,0.18125057339428,0.305872129669386,0.430493685944493,
0.555115242219599,0.679736798494706,0.704774868967839),.UNSPECIFIED.);
#151=B_SPLINE_SURFACE_WITH_KNOTS('',3,3,((#6866,#6867,#6868,#6869),(#6870,
#6871,#6872,#6873),(#6874,#6875,#6876,#6877),(#6878,#6879,#6880,#6881)),
 .UNSPECIFIED.,.F.,.F.,.F.,(4,4),(4,4),(0.,1.),(1.69770184822379,1.69912273993922),
 .UNSPECIFIED.);
#152=B_SPLINE_SURFACE_WITH_KNOTS('',3,3,((#6892,#6893,#6894,#6895),(#6896,
#6897,#6898,#6899),(#6900,#6901,#6902,#6903),(#6904,#6905,#6906,#6907)),
 .UNSPECIFIED.,.F.,.F.,.F.,(4,4),(4,4),(0.,1.),(0.138520336809338,0.140839632933099),
 .UNSPECIFIED.);
#153=B_SPLINE_SURFACE_WITH_KNOTS('',3,3,((#6914,#6915,#6916,#6917,#6918,
#6919,#6920,#6921,#6922,#6923),(#6924,#6925,#6926,#6927,#6928,#6929,#6930,
#6931,#6932,#6933),(#6934,#6935,#6936,#6937,#6938,#6939,#6940,#6941,#6942,
#6943),(#6944,#6945,#6946,#6947,#6948,#6949,#6950,#6951,#6952,#6953)),
 .UNSPECIFIED.,.F.,.F.,.F.,(4,4),(4,2,2,2,4),(0.,1.),(0.173675933585509,
0.204280543960249,0.614908928372498,0.819409047381414,0.906971224721356),
 .UNSPECIFIED.);
#154=CYLINDRICAL_SURFACE('',#3124,2.20000000000001);
#155=CYLINDRICAL_SURFACE('',#3128,2.19999999999997);
#156=CYLINDRICAL_SURFACE('',#3132,2.19999999999997);
#157=CYLINDRICAL_SURFACE('',#3136,2.20000000000001);
#158=CYLINDRICAL_SURFACE('',#3138,151.950193023603);
#159=CYLINDRICAL_SURFACE('',#3140,151.950193023603);
#160=CYLINDRICAL_SURFACE('',#3143,116.702338850613);
#161=CYLINDRICAL_SURFACE('',#3182,1.5);
#162=CYLINDRICAL_SURFACE('',#3191,1.5);
#163=CYLINDRICAL_SURFACE('',#3195,1.50000000000002);
#164=CYLINDRICAL_SURFACE('',#3196,1.50000000000001);
#165=CYLINDRICAL_SURFACE('',#3207,56.4999999999993);
#166=CYLINDRICAL_SURFACE('',#3267,1.6);
#167=CYLINDRICAL_SURFACE('',#3270,52.1869271369762);
#168=CYLINDRICAL_SURFACE('',#3273,1.60000000000001);
#169=CYLINDRICAL_SURFACE('',#3276,48.9869271369762);
#170=CYLINDRICAL_SURFACE('',#3280,7.5);
#171=CYLINDRICAL_SURFACE('',#3283,7.5);
#172=CYLINDRICAL_SURFACE('',#3288,56.4999999999999);
#173=CYLINDRICAL_SURFACE('',#3290,1.);
#174=CYLINDRICAL_SURFACE('',#3296,3.00000000000001);
#175=CYLINDRICAL_SURFACE('',#3320,6.00000000000001);
#176=CYLINDRICAL_SURFACE('',#3323,56.5000001528307);
#177=CYLINDRICAL_SURFACE('',#3326,9.30681971806855);
#178=CYLINDRICAL_SURFACE('',#3327,56.4999999999996);
#179=CYLINDRICAL_SURFACE('',#3328,9.3068197180686);
#180=CYLINDRICAL_SURFACE('',#3333,6.00000000000001);
#181=CYLINDRICAL_SURFACE('',#3337,3.00000000000001);
#182=CYLINDRICAL_SURFACE('',#3344,1.);
#183=CYLINDRICAL_SURFACE('',#3345,56.4999999999997);
#184=CYLINDRICAL_SURFACE('',#3348,56.4999998476909);
#185=CYLINDRICAL_SURFACE('',#3351,51.5000001528307);
#186=CYLINDRICAL_SURFACE('',#3353,51.4999999999999);
#187=CYLINDRICAL_SURFACE('',#3358,51.4999999999999);
#188=CYLINDRICAL_SURFACE('',#3360,51.5000001528307);
#189=CYLINDRICAL_SURFACE('',#3367,1.99999999999999);
#190=CYLINDRICAL_SURFACE('',#3368,1.99999999999999);
#191=CYLINDRICAL_SURFACE('',#3369,1.5);
#192=CYLINDRICAL_SURFACE('',#3370,1.5);
#193=CYLINDRICAL_SURFACE('',#3371,1.5);
#194=CYLINDRICAL_SURFACE('',#3372,1.5);
#195=CYLINDRICAL_SURFACE('',#3373,1.5);
#196=CYLINDRICAL_SURFACE('',#3374,1.5);
#197=CYLINDRICAL_SURFACE('',#3380,1.);
#198=CYLINDRICAL_SURFACE('',#3385,5.);
#199=CYLINDRICAL_SURFACE('',#3392,5.);
#200=CYLINDRICAL_SURFACE('',#3397,1.);
#201=CYLINDRICAL_SURFACE('',#3403,94.3655239359761);
#202=FACE_BOUND('',#438,.T.);
#203=FACE_BOUND('',#439,.T.);
#204=FACE_BOUND('',#440,.T.);
#205=FACE_BOUND('',#441,.T.);
#206=FACE_BOUND('',#442,.T.);
#207=FACE_BOUND('',#443,.T.);
#208=FACE_BOUND('',#457,.T.);
#209=FACE_BOUND('',#459,.T.);
#210=FACE_BOUND('',#462,.T.);
#211=FACE_BOUND('',#463,.T.);
#212=FACE_BOUND('',#464,.T.);
#213=FACE_BOUND('',#465,.T.);
#214=FACE_BOUND('',#466,.T.);
#215=FACE_BOUND('',#467,.T.);
#216=FACE_BOUND('',#468,.T.);
#217=FACE_BOUND('',#472,.T.);
#218=FACE_BOUND('',#488,.T.);
#219=FACE_BOUND('',#492,.T.);
#220=FACE_BOUND('',#493,.T.);
#221=FACE_BOUND('',#494,.T.);
#222=FACE_BOUND('',#495,.T.);
#223=FACE_BOUND('',#510,.T.);
#224=PLANE('',#3116);
#225=PLANE('',#3142);
#226=PLANE('',#3157);
#227=PLANE('',#3184);
#228=PLANE('',#3193);
#229=PLANE('',#3197);
#230=PLANE('',#3198);
#231=PLANE('',#3199);
#232=PLANE('',#3200);
#233=PLANE('',#3201);
#234=PLANE('',#3202);
#235=PLANE('',#3212);
#236=PLANE('',#3217);
#237=PLANE('',#3220);
#238=PLANE('',#3247);
#239=PLANE('',#3248);
#240=PLANE('',#3278);
#241=PLANE('',#3286);
#242=PLANE('',#3298);
#243=PLANE('',#3299);
#244=PLANE('',#3302);
#245=PLANE('',#3322);
#246=PLANE('',#3332);
#247=PLANE('',#3335);
#248=PLANE('',#3336);
#249=PLANE('',#3350);
#250=PLANE('',#3355);
#251=PLANE('',#3356);
#252=PLANE('',#3357);
#253=PLANE('',#3362);
#254=PLANE('',#3363);
#255=PLANE('',#3375);
#256=PLANE('',#3378);
#257=PLANE('',#3379);
#258=PLANE('',#3382);
#259=PLANE('',#3383);
#260=PLANE('',#3384);
#261=PLANE('',#3394);
#262=PLANE('',#3395);
#263=PLANE('',#3396);
#264=PLANE('',#3399);
#265=PLANE('',#3400);
#266=PLANE('',#3401);
#267=PLANE('',#3402);
#268=PLANE('',#3404);
#269=PLANE('',#3405);
#270=PLANE('',#3406);
#271=FACE_OUTER_BOUND('',#436,.T.);
#272=FACE_OUTER_BOUND('',#437,.T.);
#273=FACE_OUTER_BOUND('',#444,.T.);
#274=FACE_OUTER_BOUND('',#445,.T.);
#275=FACE_OUTER_BOUND('',#446,.T.);
#276=FACE_OUTER_BOUND('',#447,.T.);
#277=FACE_OUTER_BOUND('',#448,.T.);
#278=FACE_OUTER_BOUND('',#449,.T.);
#279=FACE_OUTER_BOUND('',#450,.T.);
#280=FACE_OUTER_BOUND('',#451,.T.);
#281=FACE_OUTER_BOUND('',#452,.T.);
#282=FACE_OUTER_BOUND('',#453,.T.);
#283=FACE_OUTER_BOUND('',#454,.T.);
#284=FACE_OUTER_BOUND('',#455,.T.);
#285=FACE_OUTER_BOUND('',#456,.T.);
#286=FACE_OUTER_BOUND('',#458,.T.);
#287=FACE_OUTER_BOUND('',#460,.T.);
#288=FACE_OUTER_BOUND('',#461,.T.);
#289=FACE_OUTER_BOUND('',#469,.T.);
#290=FACE_OUTER_BOUND('',#470,.T.);
#291=FACE_OUTER_BOUND('',#471,.T.);
#292=FACE_OUTER_BOUND('',#473,.T.);
#293=FACE_OUTER_BOUND('',#474,.T.);
#294=FACE_OUTER_BOUND('',#475,.T.);
#295=FACE_OUTER_BOUND('',#476,.T.);
#296=FACE_OUTER_BOUND('',#477,.T.);
#297=FACE_OUTER_BOUND('',#478,.T.);
#298=FACE_OUTER_BOUND('',#479,.T.);
#299=FACE_OUTER_BOUND('',#480,.T.);
#300=FACE_OUTER_BOUND('',#481,.T.);
#301=FACE_OUTER_BOUND('',#482,.T.);
#302=FACE_OUTER_BOUND('',#483,.T.);
#303=FACE_OUTER_BOUND('',#484,.T.);
#304=FACE_OUTER_BOUND('',#485,.T.);
#305=FACE_OUTER_BOUND('',#486,.T.);
#306=FACE_OUTER_BOUND('',#487,.T.);
#307=FACE_OUTER_BOUND('',#489,.T.);
#308=FACE_OUTER_BOUND('',#490,.T.);
#309=FACE_OUTER_BOUND('',#491,.T.);
#310=FACE_OUTER_BOUND('',#496,.T.);
#311=FACE_OUTER_BOUND('',#497,.T.);
#312=FACE_OUTER_BOUND('',#498,.T.);
#313=FACE_OUTER_BOUND('',#499,.T.);
#314=FACE_OUTER_BOUND('',#500,.T.);
#315=FACE_OUTER_BOUND('',#501,.T.);
#316=FACE_OUTER_BOUND('',#502,.T.);
#317=FACE_OUTER_BOUND('',#503,.T.);
#318=FACE_OUTER_BOUND('',#504,.T.);
#319=FACE_OUTER_BOUND('',#505,.T.);
#320=FACE_OUTER_BOUND('',#506,.T.);
#321=FACE_OUTER_BOUND('',#507,.T.);
#322=FACE_OUTER_BOUND('',#508,.T.);
#323=FACE_OUTER_BOUND('',#509,.T.);
#324=FACE_OUTER_BOUND('',#511,.T.);
#325=FACE_OUTER_BOUND('',#512,.T.);
#326=FACE_OUTER_BOUND('',#513,.T.);
#327=FACE_OUTER_BOUND('',#514,.T.);
#328=FACE_OUTER_BOUND('',#515,.T.);
#329=FACE_OUTER_BOUND('',#516,.T.);
#330=FACE_OUTER_BOUND('',#517,.T.);
#331=FACE_OUTER_BOUND('',#518,.T.);
#332=FACE_OUTER_BOUND('',#519,.T.);
#333=FACE_OUTER_BOUND('',#520,.T.);
#334=FACE_OUTER_BOUND('',#521,.T.);
#335=FACE_OUTER_BOUND('',#522,.T.);
#336=FACE_OUTER_BOUND('',#523,.T.);
#337=FACE_OUTER_BOUND('',#524,.T.);
#338=FACE_OUTER_BOUND('',#525,.T.);
#339=FACE_OUTER_BOUND('',#526,.T.);
#340=FACE_OUTER_BOUND('',#527,.T.);
#341=FACE_OUTER_BOUND('',#528,.T.);
#342=FACE_OUTER_BOUND('',#529,.T.);
#343=FACE_OUTER_BOUND('',#530,.T.);
#344=FACE_OUTER_BOUND('',#531,.T.);
#345=FACE_OUTER_BOUND('',#532,.T.);
#346=FACE_OUTER_BOUND('',#533,.T.);
#347=FACE_OUTER_BOUND('',#534,.T.);
#348=FACE_OUTER_BOUND('',#535,.T.);
#349=FACE_OUTER_BOUND('',#536,.T.);
#350=FACE_OUTER_BOUND('',#537,.T.);
#351=FACE_OUTER_BOUND('',#538,.T.);
#352=FACE_OUTER_BOUND('',#539,.T.);
#353=FACE_OUTER_BOUND('',#540,.T.);
#354=FACE_OUTER_BOUND('',#541,.T.);
#355=FACE_OUTER_BOUND('',#542,.T.);
#356=FACE_OUTER_BOUND('',#543,.T.);
#357=FACE_OUTER_BOUND('',#544,.T.);
#358=FACE_OUTER_BOUND('',#545,.T.);
#359=FACE_OUTER_BOUND('',#546,.T.);
#360=FACE_OUTER_BOUND('',#547,.T.);
#361=FACE_OUTER_BOUND('',#548,.T.);
#362=FACE_OUTER_BOUND('',#549,.T.);
#363=FACE_OUTER_BOUND('',#550,.T.);
#364=FACE_OUTER_BOUND('',#551,.T.);
#365=FACE_OUTER_BOUND('',#552,.T.);
#366=FACE_OUTER_BOUND('',#553,.T.);
#367=FACE_OUTER_BOUND('',#554,.T.);
#368=FACE_OUTER_BOUND('',#555,.T.);
#369=FACE_OUTER_BOUND('',#556,.T.);
#370=FACE_OUTER_BOUND('',#557,.T.);
#371=FACE_OUTER_BOUND('',#558,.T.);
#372=FACE_OUTER_BOUND('',#559,.T.);
#373=FACE_OUTER_BOUND('',#560,.T.);
#374=FACE_OUTER_BOUND('',#561,.T.);
#375=FACE_OUTER_BOUND('',#562,.T.);
#376=FACE_OUTER_BOUND('',#563,.T.);
#377=FACE_OUTER_BOUND('',#564,.T.);
#378=FACE_OUTER_BOUND('',#565,.T.);
#379=FACE_OUTER_BOUND('',#566,.T.);
#380=FACE_OUTER_BOUND('',#567,.T.);
#381=FACE_OUTER_BOUND('',#568,.T.);
#382=FACE_OUTER_BOUND('',#569,.T.);
#383=FACE_OUTER_BOUND('',#570,.T.);
#384=FACE_OUTER_BOUND('',#571,.T.);
#385=FACE_OUTER_BOUND('',#572,.T.);
#386=FACE_OUTER_BOUND('',#573,.T.);
#387=FACE_OUTER_BOUND('',#574,.T.);
#388=FACE_OUTER_BOUND('',#575,.T.);
#389=FACE_OUTER_BOUND('',#576,.T.);
#390=FACE_OUTER_BOUND('',#577,.T.);
#391=FACE_OUTER_BOUND('',#578,.T.);
#392=FACE_OUTER_BOUND('',#579,.T.);
#393=FACE_OUTER_BOUND('',#580,.T.);
#394=FACE_OUTER_BOUND('',#581,.T.);
#395=FACE_OUTER_BOUND('',#582,.T.);
#396=FACE_OUTER_BOUND('',#583,.T.);
#397=FACE_OUTER_BOUND('',#584,.T.);
#398=FACE_OUTER_BOUND('',#585,.T.);
#399=FACE_OUTER_BOUND('',#586,.T.);
#400=FACE_OUTER_BOUND('',#587,.T.);
#401=FACE_OUTER_BOUND('',#588,.T.);
#402=FACE_OUTER_BOUND('',#589,.T.);
#403=FACE_OUTER_BOUND('',#590,.T.);
#404=FACE_OUTER_BOUND('',#591,.T.);
#405=FACE_OUTER_BOUND('',#592,.T.);
#406=FACE_OUTER_BOUND('',#593,.T.);
#407=FACE_OUTER_BOUND('',#594,.T.);
#408=FACE_OUTER_BOUND('',#595,.T.);
#409=FACE_OUTER_BOUND('',#596,.T.);
#410=FACE_OUTER_BOUND('',#597,.T.);
#411=FACE_OUTER_BOUND('',#598,.T.);
#412=FACE_OUTER_BOUND('',#599,.T.);
#413=FACE_OUTER_BOUND('',#600,.T.);
#414=FACE_OUTER_BOUND('',#601,.T.);
#415=FACE_OUTER_BOUND('',#602,.T.);
#416=FACE_OUTER_BOUND('',#603,.T.);
#417=FACE_OUTER_BOUND('',#604,.T.);
#418=FACE_OUTER_BOUND('',#605,.T.);
#419=FACE_OUTER_BOUND('',#606,.T.);
#420=FACE_OUTER_BOUND('',#607,.T.);
#421=FACE_OUTER_BOUND('',#608,.T.);
#422=FACE_OUTER_BOUND('',#609,.T.);
#423=FACE_OUTER_BOUND('',#610,.T.);
#424=FACE_OUTER_BOUND('',#611,.T.);
#425=FACE_OUTER_BOUND('',#612,.T.);
#426=FACE_OUTER_BOUND('',#613,.T.);
#427=FACE_OUTER_BOUND('',#614,.T.);
#428=FACE_OUTER_BOUND('',#615,.T.);
#429=FACE_OUTER_BOUND('',#616,.T.);
#430=FACE_OUTER_BOUND('',#617,.T.);
#431=FACE_OUTER_BOUND('',#618,.T.);
#432=FACE_OUTER_BOUND('',#619,.T.);
#433=FACE_OUTER_BOUND('',#620,.T.);
#434=FACE_OUTER_BOUND('',#621,.T.);
#435=FACE_OUTER_BOUND('',#622,.T.);
#436=EDGE_LOOP('',(#1966,#1967,#1968,#1969));
#437=EDGE_LOOP('',(#1970,#1971,#1972,#1973,#1974,#1975,#1976,#1977));
#438=EDGE_LOOP('',(#1978));
#439=EDGE_LOOP('',(#1979));
#440=EDGE_LOOP('',(#1980));
#441=EDGE_LOOP('',(#1981));
#442=EDGE_LOOP('',(#1982));
#443=EDGE_LOOP('',(#1983));
#444=EDGE_LOOP('',(#1984,#1985,#1986,#1987));
#445=EDGE_LOOP('',(#1988,#1989,#1990,#1991));
#446=EDGE_LOOP('',(#1992,#1993,#1994,#1995));
#447=EDGE_LOOP('',(#1996,#1997,#1998,#1999));
#448=EDGE_LOOP('',(#2000,#2001,#2002,#2003));
#449=EDGE_LOOP('',(#2004,#2005,#2006,#2007));
#450=EDGE_LOOP('',(#2008,#2009,#2010,#2011));
#451=EDGE_LOOP('',(#2012,#2013,#2014,#2015));
#452=EDGE_LOOP('',(#2016,#2017,#2018,#2019));
#453=EDGE_LOOP('',(#2020,#2021,#2022,#2023));
#454=EDGE_LOOP('',(#2024,#2025,#2026,#2027));
#455=EDGE_LOOP('',(#2028,#2029,#2030,#2031,#2032,#2033,#2034,#2035));
#456=EDGE_LOOP('',(#2036,#2037,#2038,#2039,#2040,#2041,#2042,#2043,#2044,
#2045));
#457=EDGE_LOOP('',(#2046,#2047,#2048,#2049,#2050,#2051));
#458=EDGE_LOOP('',(#2052,#2053,#2054,#2055,#2056,#2057));
#459=EDGE_LOOP('',(#2058,#2059));
#460=EDGE_LOOP('',(#2060,#2061,#2062,#2063,#2064,#2065,#2066,#2067,#2068,
#2069));
#461=EDGE_LOOP('',(#2070,#2071,#2072,#2073,#2074,#2075,#2076,#2077,#2078,
#2079,#2080,#2081,#2082,#2083,#2084,#2085,#2086,#2087,#2088,#2089,#2090,
#2091,#2092,#2093,#2094,#2095,#2096,#2097,#2098,#2099,#2100,#2101,#2102,
#2103,#2104,#2105));
#462=EDGE_LOOP('',(#2106,#2107,#2108,#2109));
#463=EDGE_LOOP('',(#2110));
#464=EDGE_LOOP('',(#2111));
#465=EDGE_LOOP('',(#2112));
#466=EDGE_LOOP('',(#2113));
#467=EDGE_LOOP('',(#2114));
#468=EDGE_LOOP('',(#2115));
#469=EDGE_LOOP('',(#2116,#2117,#2118,#2119,#2120,#2121,#2122,#2123,#2124));
#470=EDGE_LOOP('',(#2125));
#471=EDGE_LOOP('',(#2126,#2127,#2128,#2129,#2130,#2131));
#472=EDGE_LOOP('',(#2132,#2133));
#473=EDGE_LOOP('',(#2134,#2135,#2136,#2137,#2138,#2139,#2140,#2141,#2142,
#2143));
#474=EDGE_LOOP('',(#2144,#2145,#2146,#2147,#2148,#2149,#2150,#2151,#2152));
#475=EDGE_LOOP('',(#2153));
#476=EDGE_LOOP('',(#2154,#2155,#2156,#2157));
#477=EDGE_LOOP('',(#2158,#2159,#2160,#2161));
#478=EDGE_LOOP('',(#2162,#2163,#2164,#2165,#2166,#2167,#2168,#2169));
#479=EDGE_LOOP('',(#2170,#2171,#2172,#2173));
#480=EDGE_LOOP('',(#2174,#2175,#2176,#2177));
#481=EDGE_LOOP('',(#2178,#2179,#2180,#2181,#2182));
#482=EDGE_LOOP('',(#2183,#2184,#2185,#2186));
#483=EDGE_LOOP('',(#2187,#2188,#2189,#2190));
#484=EDGE_LOOP('',(#2191,#2192,#2193,#2194,#2195,#2196,#2197,#2198,#2199,
#2200,#2201,#2202));
#485=EDGE_LOOP('',(#2203,#2204,#2205,#2206));
#486=EDGE_LOOP('',(#2207,#2208,#2209,#2210));
#487=EDGE_LOOP('',(#2211,#2212,#2213,#2214,#2215,#2216,#2217));
#488=EDGE_LOOP('',(#2218));
#489=EDGE_LOOP('',(#2219,#2220,#2221,#2222));
#490=EDGE_LOOP('',(#2223,#2224,#2225,#2226,#2227,#2228));
#491=EDGE_LOOP('',(#2229,#2230,#2231,#2232,#2233,#2234,#2235,#2236,#2237,
#2238,#2239,#2240,#2241,#2242,#2243,#2244,#2245,#2246,#2247,#2248,#2249,
#2250,#2251,#2252,#2253,#2254,#2255,#2256,#2257,#2258,#2259,#2260));
#492=EDGE_LOOP('',(#2261,#2262,#2263));
#493=EDGE_LOOP('',(#2264,#2265,#2266));
#494=EDGE_LOOP('',(#2267,#2268,#2269,#2270));
#495=EDGE_LOOP('',(#2271));
#496=EDGE_LOOP('',(#2272));
#497=EDGE_LOOP('',(#2273));
#498=EDGE_LOOP('',(#2274,#2275,#2276,#2277));
#499=EDGE_LOOP('',(#2278,#2279,#2280,#2281));
#500=EDGE_LOOP('',(#2282,#2283,#2284,#2285));
#501=EDGE_LOOP('',(#2286,#2287,#2288,#2289));
#502=EDGE_LOOP('',(#2290,#2291,#2292,#2293));
#503=EDGE_LOOP('',(#2294,#2295,#2296,#2297));
#504=EDGE_LOOP('',(#2298,#2299,#2300,#2301));
#505=EDGE_LOOP('',(#2302,#2303,#2304,#2305));
#506=EDGE_LOOP('',(#2306,#2307,#2308,#2309));
#507=EDGE_LOOP('',(#2310,#2311,#2312,#2313));
#508=EDGE_LOOP('',(#2314,#2315,#2316,#2317));
#509=EDGE_LOOP('',(#2318,#2319,#2320,#2321,#2322,#2323,#2324));
#510=EDGE_LOOP('',(#2325));
#511=EDGE_LOOP('',(#2326,#2327,#2328,#2329,#2330,#2331));
#512=EDGE_LOOP('',(#2332,#2333,#2334,#2335,#2336,#2337));
#513=EDGE_LOOP('',(#2338,#2339,#2340,#2341));
#514=EDGE_LOOP('',(#2342,#2343,#2344,#2345));
#515=EDGE_LOOP('',(#2346,#2347,#2348,#2349));
#516=EDGE_LOOP('',(#2350,#2351,#2352,#2353));
#517=EDGE_LOOP('',(#2354,#2355,#2356,#2357));
#518=EDGE_LOOP('',(#2358,#2359,#2360,#2361));
#519=EDGE_LOOP('',(#2362,#2363,#2364,#2365,#2366));
#520=EDGE_LOOP('',(#2367,#2368,#2369,#2370));
#521=EDGE_LOOP('',(#2371,#2372,#2373,#2374));
#522=EDGE_LOOP('',(#2375,#2376,#2377,#2378,#2379));
#523=EDGE_LOOP('',(#2380,#2381,#2382,#2383));
#524=EDGE_LOOP('',(#2384,#2385,#2386,#2387));
#525=EDGE_LOOP('',(#2388,#2389,#2390,#2391,#2392,#2393,#2394,#2395,#2396));
#526=EDGE_LOOP('',(#2397,#2398,#2399,#2400));
#527=EDGE_LOOP('',(#2401,#2402,#2403,#2404,#2405,#2406,#2407));
#528=EDGE_LOOP('',(#2408,#2409,#2410,#2411));
#529=EDGE_LOOP('',(#2412,#2413,#2414,#2415));
#530=EDGE_LOOP('',(#2416,#2417,#2418,#2419));
#531=EDGE_LOOP('',(#2420,#2421,#2422,#2423));
#532=EDGE_LOOP('',(#2424,#2425,#2426,#2427));
#533=EDGE_LOOP('',(#2428,#2429,#2430,#2431));
#534=EDGE_LOOP('',(#2432,#2433,#2434,#2435,#2436));
#535=EDGE_LOOP('',(#2437,#2438,#2439,#2440));
#536=EDGE_LOOP('',(#2441,#2442,#2443,#2444));
#537=EDGE_LOOP('',(#2445,#2446,#2447,#2448,#2449));
#538=EDGE_LOOP('',(#2450,#2451,#2452,#2453));
#539=EDGE_LOOP('',(#2454,#2455,#2456,#2457));
#540=EDGE_LOOP('',(#2458,#2459,#2460,#2461,#2462,#2463));
#541=EDGE_LOOP('',(#2464,#2465,#2466,#2467,#2468,#2469,#2470,#2471));
#542=EDGE_LOOP('',(#2472,#2473,#2474,#2475,#2476,#2477));
#543=EDGE_LOOP('',(#2478,#2479,#2480,#2481,#2482,#2483,#2484,#2485));
#544=EDGE_LOOP('',(#2486,#2487,#2488,#2489));
#545=EDGE_LOOP('',(#2490,#2491,#2492,#2493));
#546=EDGE_LOOP('',(#2494,#2495,#2496,#2497));
#547=EDGE_LOOP('',(#2498,#2499,#2500,#2501));
#548=EDGE_LOOP('',(#2502,#2503,#2504,#2505));
#549=EDGE_LOOP('',(#2506,#2507,#2508,#2509));
#550=EDGE_LOOP('',(#2510,#2511,#2512,#2513));
#551=EDGE_LOOP('',(#2514,#2515,#2516,#2517,#2518,#2519,#2520));
#552=EDGE_LOOP('',(#2521,#2522,#2523,#2524,#2525));
#553=EDGE_LOOP('',(#2526,#2527,#2528,#2529));
#554=EDGE_LOOP('',(#2530,#2531,#2532,#2533,#2534,#2535,#2536,#2537,#2538));
#555=EDGE_LOOP('',(#2539,#2540,#2541,#2542));
#556=EDGE_LOOP('',(#2543,#2544,#2545,#2546));
#557=EDGE_LOOP('',(#2547,#2548,#2549,#2550));
#558=EDGE_LOOP('',(#2551,#2552,#2553,#2554));
#559=EDGE_LOOP('',(#2555,#2556,#2557,#2558));
#560=EDGE_LOOP('',(#2559,#2560,#2561,#2562,#2563));
#561=EDGE_LOOP('',(#2564,#2565,#2566,#2567));
#562=EDGE_LOOP('',(#2568,#2569,#2570,#2571));
#563=EDGE_LOOP('',(#2572,#2573,#2574,#2575));
#564=EDGE_LOOP('',(#2576,#2577,#2578,#2579));
#565=EDGE_LOOP('',(#2580,#2581,#2582,#2583));
#566=EDGE_LOOP('',(#2584,#2585,#2586,#2587));
#567=EDGE_LOOP('',(#2588,#2589,#2590,#2591,#2592,#2593,#2594,#2595,#2596));
#568=EDGE_LOOP('',(#2597,#2598,#2599,#2600));
#569=EDGE_LOOP('',(#2601,#2602,#2603,#2604));
#570=EDGE_LOOP('',(#2605,#2606,#2607,#2608));
#571=EDGE_LOOP('',(#2609,#2610,#2611,#2612));
#572=EDGE_LOOP('',(#2613,#2614,#2615,#2616,#2617,#2618,#2619));
#573=EDGE_LOOP('',(#2620,#2621,#2622,#2623));
#574=EDGE_LOOP('',(#2624,#2625,#2626,#2627,#2628,#2629,#2630));
#575=EDGE_LOOP('',(#2631,#2632,#2633,#2634));
#576=EDGE_LOOP('',(#2635,#2636,#2637,#2638));
#577=EDGE_LOOP('',(#2639,#2640,#2641,#2642));
#578=EDGE_LOOP('',(#2643,#2644,#2645,#2646));
#579=EDGE_LOOP('',(#2647,#2648,#2649,#2650));
#580=EDGE_LOOP('',(#2651,#2652,#2653,#2654));
#581=EDGE_LOOP('',(#2655,#2656,#2657,#2658));
#582=EDGE_LOOP('',(#2659,#2660,#2661,#2662));
#583=EDGE_LOOP('',(#2663,#2664,#2665,#2666));
#584=EDGE_LOOP('',(#2667,#2668,#2669,#2670));
#585=EDGE_LOOP('',(#2671,#2672,#2673,#2674,#2675,#2676,#2677,#2678));
#586=EDGE_LOOP('',(#2679,#2680,#2681,#2682));
#587=EDGE_LOOP('',(#2683,#2684,#2685,#2686,#2687,#2688,#2689,#2690));
#588=EDGE_LOOP('',(#2691,#2692,#2693,#2694,#2695,#2696));
#589=EDGE_LOOP('',(#2697,#2698,#2699,#2700,#2701,#2702));
#590=EDGE_LOOP('',(#2703));
#591=EDGE_LOOP('',(#2704,#2705,#2706,#2707));
#592=EDGE_LOOP('',(#2708,#2709,#2710,#2711));
#593=EDGE_LOOP('',(#2712,#2713,#2714,#2715));
#594=EDGE_LOOP('',(#2716,#2717,#2718,#2719));
#595=EDGE_LOOP('',(#2720,#2721,#2722,#2723));
#596=EDGE_LOOP('',(#2724,#2725,#2726,#2727));
#597=EDGE_LOOP('',(#2728,#2729,#2730,#2731));
#598=EDGE_LOOP('',(#2732,#2733,#2734,#2735,#2736,#2737,#2738,#2739,#2740,
#2741,#2742));
#599=EDGE_LOOP('',(#2743,#2744,#2745,#2746));
#600=EDGE_LOOP('',(#2747,#2748,#2749,#2750));
#601=EDGE_LOOP('',(#2751,#2752,#2753,#2754,#2755,#2756,#2757,#2758));
#602=EDGE_LOOP('',(#2759,#2760,#2761,#2762,#2763));
#603=EDGE_LOOP('',(#2764,#2765,#2766,#2767,#2768,#2769,#2770,#2771,#2772,
#2773,#2774,#2775));
#604=EDGE_LOOP('',(#2776,#2777,#2778,#2779));
#605=EDGE_LOOP('',(#2780,#2781,#2782,#2783));
#606=EDGE_LOOP('',(#2784,#2785,#2786,#2787));
#607=EDGE_LOOP('',(#2788,#2789,#2790,#2791));
#608=EDGE_LOOP('',(#2792,#2793,#2794,#2795));
#609=EDGE_LOOP('',(#2796,#2797,#2798,#2799,#2800,#2801,#2802,#2803,#2804,
#2805,#2806,#2807,#2808,#2809));
#610=EDGE_LOOP('',(#2810,#2811,#2812,#2813,#2814,#2815,#2816,#2817,#2818,
#2819,#2820,#2821));
#611=EDGE_LOOP('',(#2822,#2823,#2824,#2825));
#612=EDGE_LOOP('',(#2826,#2827,#2828,#2829,#2830,#2831,#2832,#2833));
#613=EDGE_LOOP('',(#2834,#2835,#2836,#2837));
#614=EDGE_LOOP('',(#2838,#2839,#2840,#2841));
#615=EDGE_LOOP('',(#2842,#2843,#2844,#2845,#2846,#2847,#2848,#2849,#2850,
#2851,#2852));
#616=EDGE_LOOP('',(#2853,#2854,#2855,#2856));
#617=EDGE_LOOP('',(#2857,#2858,#2859,#2860,#2861,#2862,#2863,#2864,#2865,
#2866,#2867,#2868));
#618=EDGE_LOOP('',(#2869,#2870,#2871,#2872));
#619=EDGE_LOOP('',(#2873,#2874,#2875,#2876,#2877,#2878,#2879,#2880,#2881,
#2882));
#620=EDGE_LOOP('',(#2883,#2884,#2885,#2886));
#621=EDGE_LOOP('',(#2887,#2888,#2889,#2890,#2891,#2892,#2893,#2894,#2895,
#2896,#2897,#2898));
#622=EDGE_LOOP('',(#2899));
#623=LINE('',#4219,#834);
#624=LINE('',#4224,#835);
#625=LINE('',#4226,#836);
#626=LINE('',#4230,#837);
#627=LINE('',#4232,#838);
#628=LINE('',#4234,#839);
#629=LINE('',#4237,#840);
#630=LINE('',#4250,#841);
#631=LINE('',#4254,#842);
#632=LINE('',#4258,#843);
#633=LINE('',#4262,#844);
#634=LINE('',#4266,#845);
#635=LINE('',#4270,#846);
#636=LINE('',#4274,#847);
#637=LINE('',#4368,#848);
#638=LINE('',#4411,#849);
#639=LINE('',#4414,#850);
#640=LINE('',#4539,#851);
#641=LINE('',#4565,#852);
#642=LINE('',#4568,#853);
#643=LINE('',#4592,#854);
#644=LINE('',#4593,#855);
#645=LINE('',#4594,#856);
#646=LINE('',#4623,#857);
#647=LINE('',#4808,#858);
#648=LINE('',#4810,#859);
#649=LINE('',#4812,#860);
#650=LINE('',#4814,#861);
#651=LINE('',#4820,#862);
#652=LINE('',#4822,#863);
#653=LINE('',#4838,#864);
#654=LINE('',#4840,#865);
#655=LINE('',#4846,#866);
#656=LINE('',#4848,#867);
#657=LINE('',#4849,#868);
#658=LINE('',#4852,#869);
#659=LINE('',#4854,#870);
#660=LINE('',#4856,#871);
#661=LINE('',#4857,#872);
#662=LINE('',#4908,#873);
#663=LINE('',#5087,#874);
#664=LINE('',#5105,#875);
#665=LINE('',#5107,#876);
#666=LINE('',#5109,#877);
#667=LINE('',#5112,#878);
#668=LINE('',#5114,#879);
#669=LINE('',#5115,#880);
#670=LINE('',#5118,#881);
#671=LINE('',#5119,#882);
#672=LINE('',#5122,#883);
#673=LINE('',#5124,#884);
#674=LINE('',#5136,#885);
#675=LINE('',#5139,#886);
#676=LINE('',#5140,#887);
#677=LINE('',#5143,#888);
#678=LINE('',#5144,#889);
#679=LINE('',#5221,#890);
#680=LINE('',#5226,#891);
#681=LINE('',#5229,#892);
#682=LINE('',#5231,#893);
#683=LINE('',#5240,#894);
#684=LINE('',#5243,#895);
#685=LINE('',#5246,#896);
#686=LINE('',#5253,#897);
#687=LINE('',#5261,#898);
#688=LINE('',#5263,#899);
#689=LINE('',#5265,#900);
#690=LINE('',#5269,#901);
#691=LINE('',#5273,#902);
#692=LINE('',#5276,#903);
#693=LINE('',#5280,#904);
#694=LINE('',#5284,#905);
#695=LINE('',#5288,#906);
#696=LINE('',#5290,#907);
#697=LINE('',#5292,#908);
#698=LINE('',#5296,#909);
#699=LINE('',#5330,#910);
#700=LINE('',#5340,#911);
#701=LINE('',#5344,#912);
#702=LINE('',#5376,#913);
#703=LINE('',#5379,#914);
#704=LINE('',#5385,#915);
#705=LINE('',#5390,#916);
#706=LINE('',#5395,#917);
#707=LINE('',#5396,#918);
#708=LINE('',#5404,#919);
#709=LINE('',#5410,#920);
#710=LINE('',#5416,#921);
#711=LINE('',#5426,#922);
#712=LINE('',#5429,#923);
#713=LINE('',#5432,#924);
#714=LINE('',#5438,#925);
#715=LINE('',#5450,#926);
#716=LINE('',#5459,#927);
#717=LINE('',#5462,#928);
#718=LINE('',#5465,#929);
#719=LINE('',#5466,#930);
#720=LINE('',#5541,#931);
#721=LINE('',#5598,#932);
#722=LINE('',#5638,#933);
#723=LINE('',#5660,#934);
#724=LINE('',#5661,#935);
#725=LINE('',#5723,#936);
#726=LINE('',#5754,#937);
#727=LINE('',#5776,#938);
#728=LINE('',#5876,#939);
#729=LINE('',#5882,#940);
#730=LINE('',#5971,#941);
#731=LINE('',#5973,#942);
#732=LINE('',#6001,#943);
#733=LINE('',#6043,#944);
#734=LINE('',#6065,#945);
#735=LINE('',#6107,#946);
#736=LINE('',#6109,#947);
#737=LINE('',#6124,#948);
#738=LINE('',#6182,#949);
#739=LINE('',#6184,#950);
#740=LINE('',#6219,#951);
#741=LINE('',#6238,#952);
#742=LINE('',#6244,#953);
#743=LINE('',#6323,#954);
#744=LINE('',#6380,#955);
#745=LINE('',#6405,#956);
#746=LINE('',#6435,#957);
#747=LINE('',#6438,#958);
#748=LINE('',#6464,#959);
#749=LINE('',#6467,#960);
#750=LINE('',#6469,#961);
#751=LINE('',#6470,#962);
#752=LINE('',#6472,#963);
#753=LINE('',#6474,#964);
#754=LINE('',#6478,#965);
#755=LINE('',#6489,#966);
#756=LINE('',#6499,#967);
#757=LINE('',#6502,#968);
#758=LINE('',#6505,#969);
#759=LINE('',#6506,#970);
#760=LINE('',#6510,#971);
#761=LINE('',#6513,#972);
#762=LINE('',#6515,#973);
#763=LINE('',#6532,#974);
#764=LINE('',#6535,#975);
#765=LINE('',#6538,#976);
#766=LINE('',#6539,#977);
#767=LINE('',#6543,#978);
#768=LINE('',#6545,#979);
#769=LINE('',#6547,#980);
#770=LINE('',#6548,#981);
#771=LINE('',#6554,#982);
#772=LINE('',#6573,#983);
#773=LINE('',#6578,#984);
#774=LINE('',#6581,#985);
#775=LINE('',#6585,#986);
#776=LINE('',#6587,#987);
#777=LINE('',#6588,#988);
#778=LINE('',#6591,#989);
#779=LINE('',#6595,#990);
#780=LINE('',#6598,#991);
#781=LINE('',#6599,#992);
#782=LINE('',#6603,#993);
#783=LINE('',#6604,#994);
#784=LINE('',#6607,#995);
#785=LINE('',#6611,#996);
#786=LINE('',#6615,#997);
#787=LINE('',#6616,#998);
#788=LINE('',#6619,#999);
#789=LINE('',#6621,#1000);
#790=LINE('',#6624,#1001);
#791=LINE('',#6626,#1002);
#792=LINE('',#6628,#1003);
#793=LINE('',#6630,#1004);
#794=LINE('',#6632,#1005);
#795=LINE('',#6634,#1006);
#796=LINE('',#6636,#1007);
#797=LINE('',#6638,#1008);
#798=LINE('',#6656,#1009);
#799=LINE('',#6657,#1010);
#800=LINE('',#6659,#1011);
#801=LINE('',#6692,#1012);
#802=LINE('',#6694,#1013);
#803=LINE('',#6711,#1014);
#804=LINE('',#6750,#1015);
#805=LINE('',#6751,#1016);
#806=LINE('',#6754,#1017);
#807=LINE('',#6755,#1018);
#808=LINE('',#6759,#1019);
#809=LINE('',#6762,#1020);
#810=LINE('',#6763,#1021);
#811=LINE('',#6766,#1022);
#812=LINE('',#6767,#1023);
#813=LINE('',#6769,#1024);
#814=LINE('',#6774,#1025);
#815=LINE('',#6865,#1026);
#816=LINE('',#6887,#1027);
#817=LINE('',#6890,#1028);
#818=LINE('',#6913,#1029);
#819=LINE('',#6984,#1030);
#820=LINE('',#6988,#1031);
#821=LINE('',#6989,#1032);
#822=LINE('',#6992,#1033);
#823=LINE('',#6993,#1034);
#824=LINE('',#6996,#1035);
#825=LINE('',#6997,#1036);
#826=LINE('',#7001,#1037);
#827=LINE('',#7004,#1038);
#828=LINE('',#7005,#1039);
#829=LINE('',#7007,#1040);
#830=LINE('',#7009,#1041);
#831=LINE('',#7011,#1042);
#832=LINE('',#7013,#1043);
#833=LINE('',#7015,#1044);
#834=VECTOR('',#3416,3.2);
#835=VECTOR('',#3421,10.);
#836=VECTOR('',#3422,10.);
#837=VECTOR('',#3425,10.);
#838=VECTOR('',#3426,10.);
#839=VECTOR('',#3427,10.);
#840=VECTOR('',#3430,10.);
#841=VECTOR('',#3443,3.00000000000001);
#842=VECTOR('',#3448,3.19999999999997);
#843=VECTOR('',#3453,2.99999999999997);
#844=VECTOR('',#3458,3.19999999999997);
#845=VECTOR('',#3463,2.99999999999997);
#846=VECTOR('',#3468,3.20000000000001);
#847=VECTOR('',#3473,3.00000000000001);
#848=VECTOR('',#3476,10.);
#849=VECTOR('',#3479,10.);
#850=VECTOR('',#3482,10.);
#851=VECTOR('',#3483,10.);
#852=VECTOR('',#3486,10.);
#853=VECTOR('',#3489,10.);
#854=VECTOR('',#3492,10.);
#855=VECTOR('',#3493,10.);
#856=VECTOR('',#3494,10.);
#857=VECTOR('',#3499,10.);
#858=VECTOR('',#3540,10.);
#859=VECTOR('',#3541,10.);
#860=VECTOR('',#3542,10.);
#861=VECTOR('',#3543,10.);
#862=VECTOR('',#3548,10.);
#863=VECTOR('',#3549,10.);
#864=VECTOR('',#3564,10.);
#865=VECTOR('',#3565,10.);
#866=VECTOR('',#3570,10.);
#867=VECTOR('',#3571,10.);
#868=VECTOR('',#3572,10.);
#869=VECTOR('',#3573,10.);
#870=VECTOR('',#3574,10.);
#871=VECTOR('',#3575,10.);
#872=VECTOR('',#3576,10.);
#873=VECTOR('',#3593,1.5);
#874=VECTOR('',#3612,1.5);
#875=VECTOR('',#3619,1.50000000000002);
#876=VECTOR('',#3622,1.50000000000001);
#877=VECTOR('',#3625,10.);
#878=VECTOR('',#3628,10.);
#879=VECTOR('',#3629,10.);
#880=VECTOR('',#3630,10.);
#881=VECTOR('',#3633,10.);
#882=VECTOR('',#3634,10.);
#883=VECTOR('',#3637,10.);
#884=VECTOR('',#3638,10.);
#885=VECTOR('',#3639,10.);
#886=VECTOR('',#3642,10.);
#887=VECTOR('',#3643,10.);
#888=VECTOR('',#3646,10.);
#889=VECTOR('',#3647,10.);
#890=VECTOR('',#3660,10.);
#891=VECTOR('',#3667,10.);
#892=VECTOR('',#3670,10.);
#893=VECTOR('',#3671,10.);
#894=VECTOR('',#3682,10.);
#895=VECTOR('',#3685,10.);
#896=VECTOR('',#3688,10.);
#897=VECTOR('',#3695,10.);
#898=VECTOR('',#3702,10.);
#899=VECTOR('',#3703,10.);
#900=VECTOR('',#3704,10.);
#901=VECTOR('',#3707,10.);
#902=VECTOR('',#3710,10.);
#903=VECTOR('',#3713,10.);
#904=VECTOR('',#3716,10.);
#905=VECTOR('',#3719,10.);
#906=VECTOR('',#3722,10.);
#907=VECTOR('',#3723,10.);
#908=VECTOR('',#3724,10.);
#909=VECTOR('',#3727,10.);
#910=VECTOR('',#3764,10.);
#911=VECTOR('',#3771,10.);
#912=VECTOR('',#3774,10.);
#913=VECTOR('',#3803,10.);
#914=VECTOR('',#3806,10.);
#915=VECTOR('',#3813,10.);
#916=VECTOR('',#3820,10.);
#917=VECTOR('',#3827,10.);
#918=VECTOR('',#3828,10.);
#919=VECTOR('',#3837,7.5);
#920=VECTOR('',#3844,7.5);
#921=VECTOR('',#3849,10.);
#922=VECTOR('',#3850,10.);
#923=VECTOR('',#3853,10.);
#924=VECTOR('',#3856,10.);
#925=VECTOR('',#3861,10.);
#926=VECTOR('',#3862,10.);
#927=VECTOR('',#3873,10.);
#928=VECTOR('',#3876,10.);
#929=VECTOR('',#3879,10.);
#930=VECTOR('',#3880,10.);
#931=VECTOR('',#3881,10.);
#932=VECTOR('',#3882,10.);
#933=VECTOR('',#3883,10.);
#934=VECTOR('',#3884,10.);
#935=VECTOR('',#3885,10.);
#936=VECTOR('',#3886,10.);
#937=VECTOR('',#3887,10.);
#938=VECTOR('',#3888,10.);
#939=VECTOR('',#3889,10.);
#940=VECTOR('',#3896,10.);
#941=VECTOR('',#3897,10.);
#942=VECTOR('',#3898,10.);
#943=VECTOR('',#3899,10.);
#944=VECTOR('',#3900,10.);
#945=VECTOR('',#3901,10.);
#946=VECTOR('',#3902,10.);
#947=VECTOR('',#3905,10.);
#948=VECTOR('',#3906,10.);
#949=VECTOR('',#3907,10.);
#950=VECTOR('',#3908,10.);
#951=VECTOR('',#3909,10.);
#952=VECTOR('',#3910,10.);
#953=VECTOR('',#3911,10.);
#954=VECTOR('',#3912,10.);
#955=VECTOR('',#3913,10.);
#956=VECTOR('',#3914,10.);
#957=VECTOR('',#3917,2.5);
#958=VECTOR('',#3922,8.5);
#959=VECTOR('',#3925,2.5);
#960=VECTOR('',#3930,8.5);
#961=VECTOR('',#3933,10.);
#962=VECTOR('',#3934,10.);
#963=VECTOR('',#3937,10.);
#964=VECTOR('',#3940,10.);
#965=VECTOR('',#3945,2.5);
#966=VECTOR('',#3956,2.5);
#967=VECTOR('',#3961,10.);
#968=VECTOR('',#3964,10.);
#969=VECTOR('',#3967,10.);
#970=VECTOR('',#3968,10.);
#971=VECTOR('',#3975,10.);
#972=VECTOR('',#3980,10.);
#973=VECTOR('',#3983,10.);
#974=VECTOR('',#3994,10.);
#975=VECTOR('',#3997,10.);
#976=VECTOR('',#4000,10.);
#977=VECTOR('',#4001,10.);
#978=VECTOR('',#4004,10.);
#979=VECTOR('',#4005,10.);
#980=VECTOR('',#4006,10.);
#981=VECTOR('',#4007,10.);
#982=VECTOR('',#4014,10.);
#983=VECTOR('',#4025,10.);
#984=VECTOR('',#4032,10.);
#985=VECTOR('',#4035,10.);
#986=VECTOR('',#4040,10.);
#987=VECTOR('',#4041,10.);
#988=VECTOR('',#4042,10.);
#989=VECTOR('',#4045,10.);
#990=VECTOR('',#4050,10.);
#991=VECTOR('',#4055,10.);
#992=VECTOR('',#4056,10.);
#993=VECTOR('',#4061,10.);
#994=VECTOR('',#4062,10.);
#995=VECTOR('',#4065,10.);
#996=VECTOR('',#4070,10.);
#997=VECTOR('',#4075,10.);
#998=VECTOR('',#4076,10.);
#999=VECTOR('',#4081,10.);
#1000=VECTOR('',#4084,10.);
#1001=VECTOR('',#4089,1.99999999999999);
#1002=VECTOR('',#4092,1.99999999999999);
#1003=VECTOR('',#4095,1.5);
#1004=VECTOR('',#4098,1.5);
#1005=VECTOR('',#4101,1.5);
#1006=VECTOR('',#4104,1.5);
#1007=VECTOR('',#4107,1.5);
#1008=VECTOR('',#4110,1.5);
#1009=VECTOR('',#4113,10.);
#1010=VECTOR('',#4114,10.);
#1011=VECTOR('',#4117,10.);
#1012=VECTOR('',#4118,10.);
#1013=VECTOR('',#4121,10.);
#1014=VECTOR('',#4122,10.);
#1015=VECTOR('',#4125,10.);
#1016=VECTOR('',#4126,10.);
#1017=VECTOR('',#4129,10.);
#1018=VECTOR('',#4130,10.);
#1019=VECTOR('',#4135,10.);
#1020=VECTOR('',#4138,10.);
#1021=VECTOR('',#4139,10.);
#1022=VECTOR('',#4142,10.);
#1023=VECTOR('',#4143,10.);
#1024=VECTOR('',#4146,10.);
#1025=VECTOR('',#4151,10.);
#1026=VECTOR('',#4152,10.);
#1027=VECTOR('',#4153,10.);
#1028=VECTOR('',#4156,10.);
#1029=VECTOR('',#4159,10.);
#1030=VECTOR('',#4168,10.);
#1031=VECTOR('',#4173,10.);
#1032=VECTOR('',#4174,10.);
#1033=VECTOR('',#4177,10.);
#1034=VECTOR('',#4178,10.);
#1035=VECTOR('',#4181,10.);
#1036=VECTOR('',#4182,10.);
#1037=VECTOR('',#4187,10.);
#1038=VECTOR('',#4190,10.);
#1039=VECTOR('',#4191,10.);
#1040=VECTOR('',#4194,10.);
#1041=VECTOR('',#4197,10.);
#1042=VECTOR('',#4200,10.);
#1043=VECTOR('',#4203,10.);
#1044=VECTOR('',#4206,10.);
#1045=CIRCLE('',#3114,4.2);
#1046=CIRCLE('',#3115,2.20000000000001);
#1047=CIRCLE('',#3117,94.3655239359761);
#1048=CIRCLE('',#3118,116.702338850613);
#1049=CIRCLE('',#3119,4.19999999999998);
#1050=CIRCLE('',#3120,4.20000000000001);
#1051=CIRCLE('',#3121,1.50000000000002);
#1052=CIRCLE('',#3122,1.50000000000001);
#1053=CIRCLE('',#3123,4.19999999999997);
#1054=CIRCLE('',#3125,2.20000000000001);
#1055=CIRCLE('',#3127,2.19999999999997);
#1056=CIRCLE('',#3129,2.19999999999997);
#1057=CIRCLE('',#3131,2.19999999999997);
#1058=CIRCLE('',#3133,2.19999999999997);
#1059=CIRCLE('',#3135,2.20000000000001);
#1060=CIRCLE('',#3137,2.20000000000001);
#1061=CIRCLE('',#3139,151.950193023603);
#1062=CIRCLE('',#3141,151.950193023603);
#1063=CIRCLE('',#3144,116.702338850613);
#1064=CIRCLE('',#3145,116.702338850613);
#1065=CIRCLE('',#3146,116.702338850613);
#1066=CIRCLE('',#3148,164.950193023603);
#1067=CIRCLE('',#3149,164.950193023603);
#1068=CIRCLE('',#3151,10.5);
#1069=CIRCLE('',#3152,3.);
#1070=CIRCLE('',#3153,7.5);
#1071=CIRCLE('',#3154,7.5);
#1072=CIRCLE('',#3155,10.5);
#1073=CIRCLE('',#3156,10.5);
#1074=CIRCLE('',#3158,1.5);
#1075=CIRCLE('',#3159,164.950193023603);
#1076=CIRCLE('',#3160,10.5);
#1077=CIRCLE('',#3161,10.5);
#1078=CIRCLE('',#3162,1.5);
#1079=CIRCLE('',#3163,10.5);
#1080=CIRCLE('',#3164,164.950193023603);
#1081=CIRCLE('',#3165,51.5000001528307);
#1082=CIRCLE('',#3166,51.4999999999999);
#1083=CIRCLE('',#3167,35.1696597378813);
#1084=CIRCLE('',#3168,46.9869271369761);
#1085=CIRCLE('',#3169,3.60000000000002);
#1086=CIRCLE('',#3170,54.1869271369762);
#1087=CIRCLE('',#3171,3.60000000000001);
#1088=CIRCLE('',#3172,46.9869271369761);
#1089=CIRCLE('',#3173,35.1696597378813);
#1090=CIRCLE('',#3174,51.4999999999999);
#1091=CIRCLE('',#3175,51.5000001528307);
#1092=CIRCLE('',#3176,1.99999999999999);
#1093=CIRCLE('',#3177,1.5);
#1094=CIRCLE('',#3178,1.5);
#1095=CIRCLE('',#3179,1.99999999999999);
#1096=CIRCLE('',#3180,1.5);
#1097=CIRCLE('',#3181,1.5);
#1098=CIRCLE('',#3183,1.5);
#1099=CIRCLE('',#3185,1.50000000000002);
#1100=CIRCLE('',#3188,3.);
#1101=CIRCLE('',#3189,7.5);
#1102=CIRCLE('',#3190,7.5);
#1103=CIRCLE('',#3192,1.5);
#1104=CIRCLE('',#3194,1.50000000000001);
#1105=CIRCLE('',#3204,29.9735073151746);
#1106=CIRCLE('',#3205,29.1696597378813);
#1107=CIRCLE('',#3206,29.9735073151746);
#1108=CIRCLE('',#3208,56.4999999999993);
#1109=CIRCLE('',#3209,56.4999999999993);
#1110=CIRCLE('',#3211,58.4999999999993);
#1111=CIRCLE('',#3213,58.4999999999999);
#1112=CIRCLE('',#3214,58.5000001528307);
#1113=CIRCLE('',#3215,7.30681971806855);
#1114=CIRCLE('',#3216,1.99999999999999);
#1115=CIRCLE('',#3219,48.9869271369761);
#1116=CIRCLE('',#3221,9.30681971806855);
#1117=CIRCLE('',#3222,56.5000001528307);
#1118=CIRCLE('',#3223,6.00000000000001);
#1119=CIRCLE('',#3224,3.50000000000001);
#1120=CIRCLE('',#3225,3.50000000000001);
#1121=CIRCLE('',#3226,3.50000000000001);
#1122=CIRCLE('',#3227,3.50000000000001);
#1123=CIRCLE('',#3228,89.3655239359761);
#1124=CIRCLE('',#3229,89.3655239359761);
#1125=CIRCLE('',#3230,3.5);
#1126=CIRCLE('',#3231,3.5);
#1127=CIRCLE('',#3232,6.00000000000001);
#1128=CIRCLE('',#3233,56.4999999999997);
#1129=CIRCLE('',#3234,9.3068197180686);
#1130=CIRCLE('',#3235,56.4999999999996);
#1131=CIRCLE('',#3236,9.49999999999999);
#1132=CIRCLE('',#3237,3.50000000000001);
#1133=CIRCLE('',#3238,9.49999999999999);
#1134=CIRCLE('',#3239,9.49999999999999);
#1135=CIRCLE('',#3240,3.5);
#1136=CIRCLE('',#3241,9.49999999999999);
#1137=CIRCLE('',#3242,47.9869271369762);
#1138=CIRCLE('',#3243,2.59999999999998);
#1139=CIRCLE('',#3244,53.1869271369762);
#1140=CIRCLE('',#3245,2.60000000000001);
#1141=CIRCLE('',#3246,3.5);
#1142=CIRCLE('',#3250,56.5000001528307);
#1143=CIRCLE('',#3252,9.30681971806855);
#1144=CIRCLE('',#3254,9.3068197180686);
#1145=CIRCLE('',#3255,7.3068197180686);
#1146=CIRCLE('',#3257,58.4999999999998);
#1147=CIRCLE('',#3258,56.4999999999998);
#1148=CIRCLE('',#3260,58.4999998476909);
#1149=CIRCLE('',#3261,56.4999998476909);
#1150=CIRCLE('',#3263,56.4999999999996);
#1151=CIRCLE('',#3264,58.4999999999996);
#1152=CIRCLE('',#3266,56.4999999999999);
#1153=CIRCLE('',#3268,1.6);
#1154=CIRCLE('',#3269,1.6);
#1155=CIRCLE('',#3271,52.1869271369762);
#1156=CIRCLE('',#3272,52.1869271369762);
#1157=CIRCLE('',#3274,1.60000000000001);
#1158=CIRCLE('',#3275,1.60000000000001);
#1159=CIRCLE('',#3277,48.9869271369762);
#1160=CIRCLE('',#3279,1.99999999999999);
#1161=CIRCLE('',#3281,7.5);
#1162=CIRCLE('',#3282,7.5);
#1163=CIRCLE('',#3284,7.5);
#1164=CIRCLE('',#3285,7.5);
#1165=CIRCLE('',#3287,114.702338850613);
#1166=CIRCLE('',#3289,56.4999999999999);
#1167=CIRCLE('',#3291,0.999999999999996);
#1168=CIRCLE('',#3293,0.999999999999988);
#1169=CIRCLE('',#3294,3.00000000000001);
#1170=CIRCLE('',#3295,2.00000000000001);
#1171=CIRCLE('',#3297,3.00000000000001);
#1172=CIRCLE('',#3300,114.702338850613);
#1173=CIRCLE('',#3301,96.3655239359761);
#1174=CIRCLE('',#3304,1.5);
#1175=CIRCLE('',#3307,1.5);
#1176=CIRCLE('',#3314,1.5);
#1177=CIRCLE('',#3317,1.5);
#1178=CIRCLE('',#3319,1.5);
#1179=CIRCLE('',#3321,6.00000000000001);
#1180=CIRCLE('',#3324,56.5000001528307);
#1181=CIRCLE('',#3325,56.5000001528307);
#1182=CIRCLE('',#3330,1.5);
#1183=CIRCLE('',#3334,6.00000000000001);
#1184=CIRCLE('',#3338,3.00000000000001);
#1185=CIRCLE('',#3339,3.00000000000001);
#1186=CIRCLE('',#3341,0.999999999999988);
#1187=CIRCLE('',#3342,0.999999999999996);
#1188=CIRCLE('',#3343,2.00000000000001);
#1189=CIRCLE('',#3346,56.4999999999998);
#1190=CIRCLE('',#3347,56.4999999999997);
#1191=CIRCLE('',#3349,56.4999998476909);
#1192=CIRCLE('',#3352,51.5000001528307);
#1193=CIRCLE('',#3354,51.4999999999999);
#1194=CIRCLE('',#3359,51.4999999999999);
#1195=CIRCLE('',#3361,51.5000001528307);
#1196=CIRCLE('',#3381,1.);
#1197=CIRCLE('',#3386,5.);
#1198=CIRCLE('',#3388,94.3655239359761);
#1199=CIRCLE('',#3390,94.3655239359761);
#1200=CIRCLE('',#3391,94.3655239359761);
#1201=CIRCLE('',#3393,5.);
#1202=CIRCLE('',#3398,1.);
#1203=VERTEX_POINT('',#4216);
#1204=VERTEX_POINT('',#4218);
#1205=VERTEX_POINT('',#4222);
#1206=VERTEX_POINT('',#4223);
#1207=VERTEX_POINT('',#4225);
#1208=VERTEX_POINT('',#4227);
#1209=VERTEX_POINT('',#4229);
#1210=VERTEX_POINT('',#4231);
#1211=VERTEX_POINT('',#4233);
#1212=VERTEX_POINT('',#4235);
#1213=VERTEX_POINT('',#4238);
#1214=VERTEX_POINT('',#4240);
#1215=VERTEX_POINT('',#4242);
#1216=VERTEX_POINT('',#4244);
#1217=VERTEX_POINT('',#4246);
#1218=VERTEX_POINT('',#4249);
#1219=VERTEX_POINT('',#4253);
#1220=VERTEX_POINT('',#4257);
#1221=VERTEX_POINT('',#4261);
#1222=VERTEX_POINT('',#4265);
#1223=VERTEX_POINT('',#4269);
#1224=VERTEX_POINT('',#4273);
#1225=VERTEX_POINT('',#4353);
#1226=VERTEX_POINT('',#4354);
#1227=VERTEX_POINT('',#4367);
#1228=VERTEX_POINT('',#4369);
#1229=VERTEX_POINT('',#4410);
#1230=VERTEX_POINT('',#4412);
#1231=VERTEX_POINT('',#4506);
#1232=VERTEX_POINT('',#4507);
#1233=VERTEX_POINT('',#4538);
#1234=VERTEX_POINT('',#4540);
#1235=VERTEX_POINT('',#4564);
#1236=VERTEX_POINT('',#4566);
#1237=VERTEX_POINT('',#4570);
#1238=VERTEX_POINT('',#4591);
#1239=VERTEX_POINT('',#4596);
#1240=VERTEX_POINT('',#4609);
#1241=VERTEX_POINT('',#4624);
#1242=VERTEX_POINT('',#4625);
#1243=VERTEX_POINT('',#4635);
#1244=VERTEX_POINT('',#4640);
#1245=VERTEX_POINT('',#4642);
#1246=VERTEX_POINT('',#4651);
#1247=VERTEX_POINT('',#4658);
#1248=VERTEX_POINT('',#4659);
#1249=VERTEX_POINT('',#4680);
#1250=VERTEX_POINT('',#4681);
#1251=VERTEX_POINT('',#4733);
#1252=VERTEX_POINT('',#4735);
#1253=VERTEX_POINT('',#4737);
#1254=VERTEX_POINT('',#4740);
#1255=VERTEX_POINT('',#4742);
#1256=VERTEX_POINT('',#4777);
#1257=VERTEX_POINT('',#4795);
#1258=VERTEX_POINT('',#4797);
#1259=VERTEX_POINT('',#4799);
#1260=VERTEX_POINT('',#4801);
#1261=VERTEX_POINT('',#4803);
#1262=VERTEX_POINT('',#4805);
#1263=VERTEX_POINT('',#4807);
#1264=VERTEX_POINT('',#4809);
#1265=VERTEX_POINT('',#4811);
#1266=VERTEX_POINT('',#4813);
#1267=VERTEX_POINT('',#4815);
#1268=VERTEX_POINT('',#4817);
#1269=VERTEX_POINT('',#4819);
#1270=VERTEX_POINT('',#4821);
#1271=VERTEX_POINT('',#4823);
#1272=VERTEX_POINT('',#4825);
#1273=VERTEX_POINT('',#4827);
#1274=VERTEX_POINT('',#4829);
#1275=VERTEX_POINT('',#4831);
#1276=VERTEX_POINT('',#4833);
#1277=VERTEX_POINT('',#4835);
#1278=VERTEX_POINT('',#4837);
#1279=VERTEX_POINT('',#4839);
#1280=VERTEX_POINT('',#4841);
#1281=VERTEX_POINT('',#4843);
#1282=VERTEX_POINT('',#4845);
#1283=VERTEX_POINT('',#4847);
#1284=VERTEX_POINT('',#4850);
#1285=VERTEX_POINT('',#4851);
#1286=VERTEX_POINT('',#4853);
#1287=VERTEX_POINT('',#4855);
#1288=VERTEX_POINT('',#4858);
#1289=VERTEX_POINT('',#4860);
#1290=VERTEX_POINT('',#4862);
#1291=VERTEX_POINT('',#4864);
#1292=VERTEX_POINT('',#4866);
#1293=VERTEX_POINT('',#4868);
#1294=VERTEX_POINT('',#4871);
#1295=VERTEX_POINT('',#4872);
#1296=VERTEX_POINT('',#4874);
#1297=VERTEX_POINT('',#4879);
#1298=VERTEX_POINT('',#4909);
#1299=VERTEX_POINT('',#4923);
#1300=VERTEX_POINT('',#4964);
#1301=VERTEX_POINT('',#4965);
#1302=VERTEX_POINT('',#5017);
#1303=VERTEX_POINT('',#5064);
#1304=VERTEX_POINT('',#5066);
#1305=VERTEX_POINT('',#5070);
#1306=VERTEX_POINT('',#5071);
#1307=VERTEX_POINT('',#5073);
#1308=VERTEX_POINT('',#5078);
#1309=VERTEX_POINT('',#5088);
#1310=VERTEX_POINT('',#5102);
#1311=VERTEX_POINT('',#5111);
#1312=VERTEX_POINT('',#5113);
#1313=VERTEX_POINT('',#5117);
#1314=VERTEX_POINT('',#5121);
#1315=VERTEX_POINT('',#5123);
#1316=VERTEX_POINT('',#5125);
#1317=VERTEX_POINT('',#5138);
#1318=VERTEX_POINT('',#5142);
#1319=VERTEX_POINT('',#5166);
#1320=VERTEX_POINT('',#5179);
#1321=VERTEX_POINT('',#5181);
#1322=VERTEX_POINT('',#5186);
#1323=VERTEX_POINT('',#5191);
#1324=VERTEX_POINT('',#5193);
#1325=VERTEX_POINT('',#5198);
#1326=VERTEX_POINT('',#5203);
#1327=VERTEX_POINT('',#5218);
#1328=VERTEX_POINT('',#5220);
#1329=VERTEX_POINT('',#5224);
#1330=VERTEX_POINT('',#5228);
#1331=VERTEX_POINT('',#5230);
#1332=VERTEX_POINT('',#5232);
#1333=VERTEX_POINT('',#5234);
#1334=VERTEX_POINT('',#5237);
#1335=VERTEX_POINT('',#5242);
#1336=VERTEX_POINT('',#5244);
#1337=VERTEX_POINT('',#5248);
#1338=VERTEX_POINT('',#5250);
#1339=VERTEX_POINT('',#5252);
#1340=VERTEX_POINT('',#5254);
#1341=VERTEX_POINT('',#5256);
#1342=VERTEX_POINT('',#5258);
#1343=VERTEX_POINT('',#5260);
#1344=VERTEX_POINT('',#5262);
#1345=VERTEX_POINT('',#5264);
#1346=VERTEX_POINT('',#5266);
#1347=VERTEX_POINT('',#5268);
#1348=VERTEX_POINT('',#5270);
#1349=VERTEX_POINT('',#5272);
#1350=VERTEX_POINT('',#5275);
#1351=VERTEX_POINT('',#5277);
#1352=VERTEX_POINT('',#5279);
#1353=VERTEX_POINT('',#5281);
#1354=VERTEX_POINT('',#5283);
#1355=VERTEX_POINT('',#5285);
#1356=VERTEX_POINT('',#5287);
#1357=VERTEX_POINT('',#5289);
#1358=VERTEX_POINT('',#5291);
#1359=VERTEX_POINT('',#5293);
#1360=VERTEX_POINT('',#5295);
#1361=VERTEX_POINT('',#5297);
#1362=VERTEX_POINT('',#5299);
#1363=VERTEX_POINT('',#5302);
#1364=VERTEX_POINT('',#5303);
#1365=VERTEX_POINT('',#5305);
#1366=VERTEX_POINT('',#5308);
#1367=VERTEX_POINT('',#5309);
#1368=VERTEX_POINT('',#5311);
#1369=VERTEX_POINT('',#5314);
#1370=VERTEX_POINT('',#5315);
#1371=VERTEX_POINT('',#5317);
#1372=VERTEX_POINT('',#5319);
#1373=VERTEX_POINT('',#5322);
#1374=VERTEX_POINT('',#5327);
#1375=VERTEX_POINT('',#5328);
#1376=VERTEX_POINT('',#5338);
#1377=VERTEX_POINT('',#5339);
#1378=VERTEX_POINT('',#5341);
#1379=VERTEX_POINT('',#5343);
#1380=VERTEX_POINT('',#5347);
#1381=VERTEX_POINT('',#5349);
#1382=VERTEX_POINT('',#5356);
#1383=VERTEX_POINT('',#5357);
#1384=VERTEX_POINT('',#5367);
#1385=VERTEX_POINT('',#5373);
#1386=VERTEX_POINT('',#5374);
#1387=VERTEX_POINT('',#5377);
#1388=VERTEX_POINT('',#5381);
#1389=VERTEX_POINT('',#5383);
#1390=VERTEX_POINT('',#5387);
#1391=VERTEX_POINT('',#5394);
#1392=VERTEX_POINT('',#5397);
#1393=VERTEX_POINT('',#5400);
#1394=VERTEX_POINT('',#5401);
#1395=VERTEX_POINT('',#5406);
#1396=VERTEX_POINT('',#5407);
#1397=VERTEX_POINT('',#5412);
#1398=VERTEX_POINT('',#5413);
#1399=VERTEX_POINT('',#5415);
#1400=VERTEX_POINT('',#5417);
#1401=VERTEX_POINT('',#5428);
#1402=VERTEX_POINT('',#5430);
#1403=VERTEX_POINT('',#5434);
#1404=VERTEX_POINT('',#5435);
#1405=VERTEX_POINT('',#5437);
#1406=VERTEX_POINT('',#5439);
#1407=VERTEX_POINT('',#5452);
#1408=VERTEX_POINT('',#5453);
#1409=VERTEX_POINT('',#5458);
#1410=VERTEX_POINT('',#5460);
#1411=VERTEX_POINT('',#5464);
#1412=VERTEX_POINT('',#5539);
#1413=VERTEX_POINT('',#5540);
#1414=VERTEX_POINT('',#5542);
#1415=VERTEX_POINT('',#5553);
#1416=VERTEX_POINT('',#5597);
#1417=VERTEX_POINT('',#5637);
#1418=VERTEX_POINT('',#5659);
#1419=VERTEX_POINT('',#5722);
#1420=VERTEX_POINT('',#5775);
#1421=VERTEX_POINT('',#5821);
#1422=VERTEX_POINT('',#5822);
#1423=VERTEX_POINT('',#5827);
#1424=VERTEX_POINT('',#5841);
#1425=VERTEX_POINT('',#5846);
#1426=VERTEX_POINT('',#5855);
#1427=VERTEX_POINT('',#5871);
#1428=VERTEX_POINT('',#5878);
#1429=VERTEX_POINT('',#5880);
#1430=VERTEX_POINT('',#5919);
#1431=VERTEX_POINT('',#5924);
#1432=VERTEX_POINT('',#5935);
#1433=VERTEX_POINT('',#5970);
#1434=VERTEX_POINT('',#5972);
#1435=VERTEX_POINT('',#5996);
#1436=VERTEX_POINT('',#6034);
#1437=VERTEX_POINT('',#6060);
#1438=VERTEX_POINT('',#6098);
#1439=VERTEX_POINT('',#6110);
#1440=VERTEX_POINT('',#6181);
#1441=VERTEX_POINT('',#6183);
#1442=VERTEX_POINT('',#6236);
#1443=VERTEX_POINT('',#6237);
#1444=VERTEX_POINT('',#6239);
#1445=VERTEX_POINT('',#6321);
#1446=VERTEX_POINT('',#6322);
#1447=VERTEX_POINT('',#6324);
#1448=VERTEX_POINT('',#6379);
#1449=VERTEX_POINT('',#6411);
#1450=VERTEX_POINT('',#6434);
#1451=VERTEX_POINT('',#6440);
#1452=VERTEX_POINT('',#6463);
#1453=VERTEX_POINT('',#6477);
#1454=VERTEX_POINT('',#6484);
#1455=VERTEX_POINT('',#6488);
#1456=VERTEX_POINT('',#6498);
#1457=VERTEX_POINT('',#6500);
#1458=VERTEX_POINT('',#6504);
#1459=VERTEX_POINT('',#6531);
#1460=VERTEX_POINT('',#6533);
#1461=VERTEX_POINT('',#6537);
#1462=VERTEX_POINT('',#6541);
#1463=VERTEX_POINT('',#6542);
#1464=VERTEX_POINT('',#6544);
#1465=VERTEX_POINT('',#6546);
#1466=VERTEX_POINT('',#6550);
#1467=VERTEX_POINT('',#6552);
#1468=VERTEX_POINT('',#6556);
#1469=VERTEX_POINT('',#6558);
#1470=VERTEX_POINT('',#6562);
#1471=VERTEX_POINT('',#6576);
#1472=VERTEX_POINT('',#6580);
#1473=VERTEX_POINT('',#6584);
#1474=VERTEX_POINT('',#6586);
#1475=VERTEX_POINT('',#6590);
#1476=VERTEX_POINT('',#6594);
#1477=VERTEX_POINT('',#6602);
#1478=VERTEX_POINT('',#6606);
#1479=VERTEX_POINT('',#6610);
#1480=VERTEX_POINT('',#6614);
#1481=VERTEX_POINT('',#6749);
#1482=VERTEX_POINT('',#6753);
#1483=VERTEX_POINT('',#6757);
#1484=VERTEX_POINT('',#6761);
#1485=VERTEX_POINT('',#6765);
#1486=VERTEX_POINT('',#6771);
#1487=VERTEX_POINT('',#6773);
#1488=VERTEX_POINT('',#6849);
#1489=VERTEX_POINT('',#6882);
#1490=VERTEX_POINT('',#6889);
#1491=VERTEX_POINT('',#6908);
#1492=VERTEX_POINT('',#6966);
#1493=VERTEX_POINT('',#6983);
#1494=VERTEX_POINT('',#6987);
#1495=VERTEX_POINT('',#6991);
#1496=VERTEX_POINT('',#6995);
#1497=VERTEX_POINT('',#6999);
#1498=VERTEX_POINT('',#7003);
#1499=EDGE_CURVE('',#1203,#1203,#1045,.T.);
#1500=EDGE_CURVE('',#1203,#1204,#623,.T.);
#1501=EDGE_CURVE('',#1204,#1204,#1046,.T.);
#1502=EDGE_CURVE('',#1205,#1206,#624,.T.);
#1503=EDGE_CURVE('',#1206,#1207,#625,.T.);
#1504=EDGE_CURVE('',#1207,#1208,#1047,.T.);
#1505=EDGE_CURVE('',#1208,#1209,#626,.T.);
#1506=EDGE_CURVE('',#1209,#1210,#627,.T.);
#1507=EDGE_CURVE('',#1210,#1211,#628,.T.);
#1508=EDGE_CURVE('',#1211,#1212,#1048,.T.);
#1509=EDGE_CURVE('',#1212,#1205,#629,.T.);
#1510=EDGE_CURVE('',#1213,#1213,#1049,.T.);
#1511=EDGE_CURVE('',#1214,#1214,#1050,.T.);
#1512=EDGE_CURVE('',#1215,#1215,#1051,.T.);
#1513=EDGE_CURVE('',#1216,#1216,#1052,.T.);
#1514=EDGE_CURVE('',#1217,#1217,#1053,.T.);
#1515=EDGE_CURVE('',#1204,#1218,#630,.T.);
#1516=EDGE_CURVE('',#1218,#1218,#1054,.T.);
#1517=EDGE_CURVE('',#1213,#1219,#631,.T.);
#1518=EDGE_CURVE('',#1219,#1219,#1055,.T.);
#1519=EDGE_CURVE('',#1219,#1220,#632,.T.);
#1520=EDGE_CURVE('',#1220,#1220,#1056,.T.);
#1521=EDGE_CURVE('',#1217,#1221,#633,.T.);
#1522=EDGE_CURVE('',#1221,#1221,#1057,.T.);
#1523=EDGE_CURVE('',#1221,#1222,#634,.T.);
#1524=EDGE_CURVE('',#1222,#1222,#1058,.T.);
#1525=EDGE_CURVE('',#1214,#1223,#635,.T.);
#1526=EDGE_CURVE('',#1223,#1223,#1059,.T.);
#1527=EDGE_CURVE('',#1223,#1224,#636,.T.);
#1528=EDGE_CURVE('',#1224,#1224,#1060,.T.);
#1529=EDGE_CURVE('',#1225,#1226,#30,.T.);
#1530=EDGE_CURVE('',#1227,#1226,#637,.T.);
#1531=EDGE_CURVE('',#1227,#1228,#31,.T.);
#1532=EDGE_CURVE('',#1228,#1225,#32,.T.);
#1533=EDGE_CURVE('',#1229,#1228,#638,.T.);
#1534=EDGE_CURVE('',#1230,#1229,#1061,.T.);
#1535=EDGE_CURVE('',#1225,#1230,#639,.T.);
#1536=EDGE_CURVE('',#1231,#1232,#33,.F.);
#1537=EDGE_CURVE('',#1233,#1231,#640,.T.);
#1538=EDGE_CURVE('',#1234,#1233,#34,.F.);
#1539=EDGE_CURVE('',#1234,#1232,#35,.T.);
#1540=EDGE_CURVE('',#1235,#1234,#641,.T.);
#1541=EDGE_CURVE('',#1236,#1235,#1062,.T.);
#1542=EDGE_CURVE('',#1232,#1236,#642,.T.);
#1543=EDGE_CURVE('',#1237,#1236,#36,.T.);
#1544=EDGE_CURVE('',#1238,#1237,#643,.T.);
#1545=EDGE_CURVE('',#1238,#1205,#644,.T.);
#1546=EDGE_CURVE('',#1212,#1233,#645,.T.);
#1547=EDGE_CURVE('',#1239,#1230,#37,.T.);
#1548=EDGE_CURVE('',#1240,#1239,#1063,.T.);
#1549=EDGE_CURVE('',#1235,#1240,#38,.T.);
#1550=EDGE_CURVE('',#1211,#1226,#646,.T.);
#1551=EDGE_CURVE('',#1241,#1242,#39,.T.);
#1552=EDGE_CURVE('',#1243,#1241,#40,.T.);
#1553=EDGE_CURVE('',#1244,#1243,#1064,.T.);
#1554=EDGE_CURVE('',#1245,#1244,#41,.T.);
#1555=EDGE_CURVE('',#1246,#1245,#1065,.T.);
#1556=EDGE_CURVE('',#1242,#1246,#42,.T.);
#1557=EDGE_CURVE('',#1247,#1248,#43,.T.);
#1558=EDGE_CURVE('',#1248,#1237,#1066,.T.);
#1559=EDGE_CURVE('',#1240,#1247,#1067,.T.);
#1560=EDGE_CURVE('',#1249,#1250,#44,.T.);
#1561=EDGE_CURVE('',#1250,#1249,#45,.T.);
#1562=EDGE_CURVE('',#1247,#1251,#1068,.T.);
#1563=EDGE_CURVE('',#1251,#1252,#1069,.T.);
#1564=EDGE_CURVE('',#1252,#1253,#1070,.T.);
#1565=EDGE_CURVE('',#1253,#1252,#1071,.T.);
#1566=EDGE_CURVE('',#1251,#1254,#1072,.T.);
#1567=EDGE_CURVE('',#1254,#1255,#46,.T.);
#1568=EDGE_CURVE('',#1255,#1256,#47,.T.);
#1569=EDGE_CURVE('',#1256,#1248,#1073,.T.);
#1570=EDGE_CURVE('',#1256,#1254,#1074,.T.);
#1571=EDGE_CURVE('',#1257,#1239,#1075,.T.);
#1572=EDGE_CURVE('',#1258,#1257,#1076,.T.);
#1573=EDGE_CURVE('',#1259,#1258,#1077,.T.);
#1574=EDGE_CURVE('',#1259,#1260,#1078,.T.);
#1575=EDGE_CURVE('',#1261,#1260,#1079,.T.);
#1576=EDGE_CURVE('',#1262,#1261,#1080,.T.);
#1577=EDGE_CURVE('',#1262,#1263,#647,.T.);
#1578=EDGE_CURVE('',#1263,#1264,#648,.T.);
#1579=EDGE_CURVE('',#1264,#1265,#649,.T.);
#1580=EDGE_CURVE('',#1265,#1266,#650,.T.);
#1581=EDGE_CURVE('',#1266,#1267,#1081,.T.);
#1582=EDGE_CURVE('',#1267,#1268,#1082,.T.);
#1583=EDGE_CURVE('',#1268,#1269,#651,.T.);
#1584=EDGE_CURVE('',#1269,#1270,#652,.T.);
#1585=EDGE_CURVE('',#1271,#1270,#1083,.T.);
#1586=EDGE_CURVE('',#1272,#1271,#1084,.T.);
#1587=EDGE_CURVE('',#1273,#1272,#1085,.T.);
#1588=EDGE_CURVE('',#1274,#1273,#1086,.T.);
#1589=EDGE_CURVE('',#1275,#1274,#1087,.T.);
#1590=EDGE_CURVE('',#1276,#1275,#1088,.T.);
#1591=EDGE_CURVE('',#1277,#1276,#1089,.T.);
#1592=EDGE_CURVE('',#1277,#1278,#653,.T.);
#1593=EDGE_CURVE('',#1278,#1279,#654,.T.);
#1594=EDGE_CURVE('',#1279,#1280,#1090,.T.);
#1595=EDGE_CURVE('',#1280,#1281,#1091,.T.);
#1596=EDGE_CURVE('',#1281,#1282,#655,.T.);
#1597=EDGE_CURVE('',#1282,#1283,#656,.T.);
#1598=EDGE_CURVE('',#1283,#1238,#657,.T.);
#1599=EDGE_CURVE('',#1284,#1285,#658,.T.);
#1600=EDGE_CURVE('',#1286,#1284,#659,.T.);
#1601=EDGE_CURVE('',#1287,#1286,#660,.T.);
#1602=EDGE_CURVE('',#1285,#1287,#661,.T.);
#1603=EDGE_CURVE('',#1288,#1288,#1092,.T.);
#1604=EDGE_CURVE('',#1289,#1289,#1093,.T.);
#1605=EDGE_CURVE('',#1290,#1290,#1094,.T.);
#1606=EDGE_CURVE('',#1291,#1291,#1095,.T.);
#1607=EDGE_CURVE('',#1292,#1292,#1096,.T.);
#1608=EDGE_CURVE('',#1293,#1293,#1097,.T.);
#1609=EDGE_CURVE('',#1294,#1295,#1098,.T.);
#1610=EDGE_CURVE('',#1296,#1294,#48,.T.);
#1611=EDGE_CURVE('',#1297,#1296,#49,.T.);
#1612=EDGE_CURVE('',#1297,#1250,#662,.T.);
#1613=EDGE_CURVE('',#1298,#1297,#50,.T.);
#1614=EDGE_CURVE('',#1295,#1298,#51,.T.);
#1615=EDGE_CURVE('',#1299,#1299,#1099,.T.);
#1616=EDGE_CURVE('',#1261,#1257,#52,.T.);
#1617=EDGE_CURVE('',#1229,#1262,#53,.T.);
#1618=EDGE_CURVE('',#1300,#1301,#54,.T.);
#1619=EDGE_CURVE('',#1301,#1300,#55,.T.);
#1620=EDGE_CURVE('',#1260,#1302,#56,.T.);
#1621=EDGE_CURVE('',#1302,#1259,#57,.T.);
#1622=EDGE_CURVE('',#1258,#1303,#1100,.T.);
#1623=EDGE_CURVE('',#1303,#1304,#1101,.T.);
#1624=EDGE_CURVE('',#1304,#1303,#1102,.T.);
#1625=EDGE_CURVE('',#1305,#1306,#1103,.T.);
#1626=EDGE_CURVE('',#1307,#1305,#58,.T.);
#1627=EDGE_CURVE('',#1308,#1307,#59,.T.);
#1628=EDGE_CURVE('',#1308,#1301,#663,.T.);
#1629=EDGE_CURVE('',#1309,#1308,#60,.T.);
#1630=EDGE_CURVE('',#1306,#1309,#61,.T.);
#1631=EDGE_CURVE('',#1310,#1310,#1104,.T.);
#1632=EDGE_CURVE('',#1299,#1215,#664,.T.);
#1633=EDGE_CURVE('',#1310,#1216,#665,.T.);
#1634=EDGE_CURVE('',#1210,#1263,#666,.T.);
#1635=EDGE_CURVE('',#1311,#1286,#667,.F.);
#1636=EDGE_CURVE('',#1284,#1312,#668,.F.);
#1637=EDGE_CURVE('',#1312,#1311,#669,.T.);
#1638=EDGE_CURVE('',#1285,#1313,#670,.F.);
#1639=EDGE_CURVE('',#1313,#1312,#671,.T.);
#1640=EDGE_CURVE('',#1312,#1314,#672,.F.);
#1641=EDGE_CURVE('',#1315,#1314,#673,.F.);
#1642=EDGE_CURVE('',#1316,#1315,#62,.T.);
#1643=EDGE_CURVE('',#1311,#1316,#674,.T.);
#1644=EDGE_CURVE('',#1313,#1317,#675,.F.);
#1645=EDGE_CURVE('',#1314,#1317,#676,.F.);
#1646=EDGE_CURVE('',#1318,#1287,#677,.T.);
#1647=EDGE_CURVE('',#1318,#1313,#678,.T.);
#1648=EDGE_CURVE('',#1276,#1271,#63,.T.);
#1649=EDGE_CURVE('',#1270,#1319,#64,.T.);
#1650=EDGE_CURVE('',#1319,#1320,#1105,.T.);
#1651=EDGE_CURVE('',#1320,#1321,#65,.T.);
#1652=EDGE_CURVE('',#1321,#1322,#66,.T.);
#1653=EDGE_CURVE('',#1323,#1322,#1106,.T.);
#1654=EDGE_CURVE('',#1323,#1324,#67,.T.);
#1655=EDGE_CURVE('',#1324,#1325,#68,.T.);
#1656=EDGE_CURVE('',#1325,#1326,#1107,.T.);
#1657=EDGE_CURVE('',#1326,#1277,#69,.T.);
#1658=EDGE_CURVE('',#1327,#1321,#1108,.T.);
#1659=EDGE_CURVE('',#1328,#1327,#679,.T.);
#1660=EDGE_CURVE('',#1322,#1328,#1109,.T.);
#1661=EDGE_CURVE('',#1320,#1329,#1110,.T.);
#1662=EDGE_CURVE('',#1329,#1327,#680,.T.);
#1663=EDGE_CURVE('',#1330,#1319,#681,.T.);
#1664=EDGE_CURVE('',#1330,#1331,#682,.T.);
#1665=EDGE_CURVE('',#1332,#1331,#1111,.T.);
#1666=EDGE_CURVE('',#1333,#1332,#1112,.T.);
#1667=EDGE_CURVE('',#1329,#1333,#1113,.T.);
#1668=EDGE_CURVE('',#1334,#1334,#1114,.T.);
#1669=EDGE_CURVE('',#1269,#1330,#683,.T.);
#1670=EDGE_CURVE('',#1275,#1335,#684,.T.);
#1671=EDGE_CURVE('',#1335,#1336,#1115,.T.);
#1672=EDGE_CURVE('',#1336,#1272,#685,.T.);
#1673=EDGE_CURVE('',#1328,#1337,#1116,.T.);
#1674=EDGE_CURVE('',#1337,#1338,#1117,.T.);
#1675=EDGE_CURVE('',#1338,#1339,#686,.T.);
#1676=EDGE_CURVE('',#1339,#1340,#1118,.T.);
#1677=EDGE_CURVE('',#1341,#1340,#1119,.T.);
#1678=EDGE_CURVE('',#1342,#1341,#1120,.T.);
#1679=EDGE_CURVE('',#1342,#1343,#687,.T.);
#1680=EDGE_CURVE('',#1343,#1344,#688,.T.);
#1681=EDGE_CURVE('',#1345,#1344,#689,.T.);
#1682=EDGE_CURVE('',#1346,#1345,#1121,.T.);
#1683=EDGE_CURVE('',#1347,#1346,#690,.T.);
#1684=EDGE_CURVE('',#1348,#1347,#1122,.T.);
#1685=EDGE_CURVE('',#1349,#1348,#691,.T.);
#1686=EDGE_CURVE('',#1315,#1349,#1123,.T.);
#1687=EDGE_CURVE('',#1317,#1350,#692,.T.);
#1688=EDGE_CURVE('',#1351,#1350,#1124,.T.);
#1689=EDGE_CURVE('',#1352,#1351,#693,.T.);
#1690=EDGE_CURVE('',#1353,#1352,#1125,.T.);
#1691=EDGE_CURVE('',#1354,#1353,#694,.T.);
#1692=EDGE_CURVE('',#1355,#1354,#1126,.T.);
#1693=EDGE_CURVE('',#1356,#1355,#695,.T.);
#1694=EDGE_CURVE('',#1356,#1357,#696,.T.);
#1695=EDGE_CURVE('',#1357,#1358,#697,.T.);
#1696=EDGE_CURVE('',#1358,#1359,#1127,.T.);
#1697=EDGE_CURVE('',#1359,#1360,#698,.T.);
#1698=EDGE_CURVE('',#1360,#1361,#1128,.T.);
#1699=EDGE_CURVE('',#1361,#1362,#1129,.T.);
#1700=EDGE_CURVE('',#1362,#1323,#1130,.T.);
#1701=EDGE_CURVE('',#1363,#1364,#1131,.T.);
#1702=EDGE_CURVE('',#1365,#1363,#1132,.T.);
#1703=EDGE_CURVE('',#1364,#1365,#1133,.T.);
#1704=EDGE_CURVE('',#1366,#1367,#1134,.T.);
#1705=EDGE_CURVE('',#1368,#1366,#1135,.T.);
#1706=EDGE_CURVE('',#1367,#1368,#1136,.T.);
#1707=EDGE_CURVE('',#1369,#1370,#1137,.T.);
#1708=EDGE_CURVE('',#1371,#1369,#1138,.T.);
#1709=EDGE_CURVE('',#1372,#1371,#1139,.T.);
#1710=EDGE_CURVE('',#1370,#1372,#1140,.T.);
#1711=EDGE_CURVE('',#1373,#1373,#1141,.T.);
#1712=EDGE_CURVE('',#1374,#1375,#1142,.T.);
#1713=EDGE_CURVE('',#1333,#1375,#699,.T.);
#1714=EDGE_CURVE('',#1332,#1374,#70,.T.);
#1715=EDGE_CURVE('',#1375,#1327,#1143,.T.);
#1716=EDGE_CURVE('',#1376,#1377,#700,.T.);
#1717=EDGE_CURVE('',#1377,#1378,#1144,.T.);
#1718=EDGE_CURVE('',#1379,#1378,#701,.T.);
#1719=EDGE_CURVE('',#1379,#1376,#1145,.T.);
#1720=EDGE_CURVE('',#1380,#1379,#1146,.T.);
#1721=EDGE_CURVE('',#1378,#1381,#1147,.T.);
#1722=EDGE_CURVE('',#1380,#1381,#71,.T.);
#1723=EDGE_CURVE('',#1382,#1383,#19,.T.);
#1724=EDGE_CURVE('',#1383,#1380,#1148,.T.);
#1725=EDGE_CURVE('',#1381,#1382,#1149,.T.);
#1726=EDGE_CURVE('',#1324,#1377,#1150,.T.);
#1727=EDGE_CURVE('',#1376,#1325,#1151,.T.);
#1728=EDGE_CURVE('',#1331,#1384,#20,.T.);
#1729=EDGE_CURVE('',#1384,#1374,#1152,.T.);
#1730=EDGE_CURVE('',#1385,#1386,#1153,.T.);
#1731=EDGE_CURVE('',#1385,#1335,#702,.T.);
#1732=EDGE_CURVE('',#1387,#1335,#1154,.T.);
#1733=EDGE_CURVE('',#1386,#1387,#703,.T.);
#1734=EDGE_CURVE('',#1386,#1388,#1155,.T.);
#1735=EDGE_CURVE('',#1389,#1387,#1156,.T.);
#1736=EDGE_CURVE('',#1388,#1389,#704,.T.);
#1737=EDGE_CURVE('',#1388,#1390,#1157,.T.);
#1738=EDGE_CURVE('',#1336,#1389,#1158,.T.);
#1739=EDGE_CURVE('',#1390,#1336,#705,.T.);
#1740=EDGE_CURVE('',#1390,#1385,#1159,.T.);
#1741=EDGE_CURVE('',#1383,#1391,#706,.T.);
#1742=EDGE_CURVE('',#1326,#1391,#707,.T.);
#1743=EDGE_CURVE('',#1392,#1392,#1160,.T.);
#1744=EDGE_CURVE('',#1393,#1394,#1161,.T.);
#1745=EDGE_CURVE('',#1394,#1393,#1162,.T.);
#1746=EDGE_CURVE('',#1394,#1253,#708,.T.);
#1747=EDGE_CURVE('',#1395,#1396,#1163,.T.);
#1748=EDGE_CURVE('',#1396,#1395,#1164,.T.);
#1749=EDGE_CURVE('',#1396,#1304,#709,.T.);
#1750=EDGE_CURVE('',#1397,#1398,#1165,.T.);
#1751=EDGE_CURVE('',#1399,#1397,#710,.T.);
#1752=EDGE_CURVE('',#1400,#1399,#72,.T.);
#1753=EDGE_CURVE('',#1400,#1398,#711,.T.);
#1754=EDGE_CURVE('',#1384,#1401,#712,.T.);
#1755=EDGE_CURVE('',#1402,#1401,#1166,.T.);
#1756=EDGE_CURVE('',#1402,#1374,#713,.T.);
#1757=EDGE_CURVE('',#1403,#1404,#1167,.T.);
#1758=EDGE_CURVE('',#1404,#1405,#714,.T.);
#1759=EDGE_CURVE('',#1405,#1406,#73,.T.);
#1760=EDGE_CURVE('',#1406,#1403,#715,.T.);
#1761=EDGE_CURVE('',#1407,#1408,#1168,.T.);
#1762=EDGE_CURVE('',#1408,#1404,#1169,.T.);
#1763=EDGE_CURVE('',#1403,#1407,#1170,.T.);
#1764=EDGE_CURVE('',#1409,#1408,#716,.T.);
#1765=EDGE_CURVE('',#1409,#1410,#1171,.T.);
#1766=EDGE_CURVE('',#1410,#1404,#717,.T.);
#1767=EDGE_CURVE('',#1410,#1411,#718,.T.);
#1768=EDGE_CURVE('',#1411,#1405,#719,.T.);
#1769=EDGE_CURVE('',#1412,#1413,#720,.T.);
#1770=EDGE_CURVE('',#1413,#1414,#74,.T.);
#1771=EDGE_CURVE('',#1414,#1415,#75,.T.);
#1772=EDGE_CURVE('',#1415,#1416,#721,.T.);
#1773=EDGE_CURVE('',#1416,#1412,#76,.T.);
#1774=EDGE_CURVE('',#1412,#1346,#77,.T.);
#1775=EDGE_CURVE('',#1417,#1346,#722,.T.);
#1776=EDGE_CURVE('',#1417,#1413,#78,.T.);
#1777=EDGE_CURVE('',#1307,#1418,#723,.T.);
#1778=EDGE_CURVE('',#1347,#1305,#724,.T.);
#1779=EDGE_CURVE('',#1347,#1418,#79,.T.);
#1780=EDGE_CURVE('',#1419,#1309,#725,.T.);
#1781=EDGE_CURVE('',#1418,#1419,#80,.T.);
#1782=EDGE_CURVE('',#1306,#1348,#726,.T.);
#1783=EDGE_CURVE('',#1419,#1348,#81,.T.);
#1784=EDGE_CURVE('',#1345,#1420,#727,.T.);
#1785=EDGE_CURVE('',#1345,#1416,#82,.T.);
#1786=EDGE_CURVE('',#1415,#1420,#83,.T.);
#1787=EDGE_CURVE('',#1421,#1422,#84,.T.);
#1788=EDGE_CURVE('',#1423,#1421,#85,.T.);
#1789=EDGE_CURVE('',#1398,#1423,#86,.T.);
#1790=EDGE_CURVE('',#1424,#1400,#87,.T.);
#1791=EDGE_CURVE('',#1425,#1424,#88,.T.);
#1792=EDGE_CURVE('',#1426,#1425,#89,.T.);
#1793=EDGE_CURVE('',#1427,#1426,#90,.T.);
#1794=EDGE_CURVE('',#1427,#1422,#728,.T.);
#1795=EDGE_CURVE('',#1422,#1428,#1172,.T.);
#1796=EDGE_CURVE('',#1429,#1427,#1173,.T.);
#1797=EDGE_CURVE('',#1429,#1428,#729,.T.);
#1798=EDGE_CURVE('',#1428,#1397,#91,.T.);
#1799=EDGE_CURVE('',#1430,#1429,#92,.T.);
#1800=EDGE_CURVE('',#1431,#1430,#93,.T.);
#1801=EDGE_CURVE('',#1432,#1431,#94,.T.);
#1802=EDGE_CURVE('',#1399,#1432,#95,.T.);
#1803=EDGE_CURVE('',#1433,#1432,#730,.T.);
#1804=EDGE_CURVE('',#1434,#1431,#731,.T.);
#1805=EDGE_CURVE('',#1434,#1433,#96,.T.);
#1806=EDGE_CURVE('',#1433,#1435,#97,.T.);
#1807=EDGE_CURVE('',#1399,#1435,#732,.T.);
#1808=EDGE_CURVE('',#1435,#1436,#98,.T.);
#1809=EDGE_CURVE('',#1400,#1436,#733,.T.);
#1810=EDGE_CURVE('',#1436,#1437,#99,.T.);
#1811=EDGE_CURVE('',#1424,#1437,#734,.T.);
#1812=EDGE_CURVE('',#1437,#1438,#100,.T.);
#1813=EDGE_CURVE('',#1425,#1438,#735,.T.);
#1814=EDGE_CURVE('',#1311,#1318,#736,.T.);
#1815=EDGE_CURVE('',#1439,#1316,#101,.T.);
#1816=EDGE_CURVE('',#1318,#1439,#737,.T.);
#1817=EDGE_CURVE('',#1440,#1298,#738,.T.);
#1818=EDGE_CURVE('',#1296,#1441,#739,.T.);
#1819=EDGE_CURVE('',#1441,#1440,#102,.T.);
#1820=EDGE_CURVE('',#1440,#1353,#103,.T.);
#1821=EDGE_CURVE('',#1295,#1353,#740,.T.);
#1822=EDGE_CURVE('',#1442,#1443,#741,.T.);
#1823=EDGE_CURVE('',#1442,#1444,#104,.T.);
#1824=EDGE_CURVE('',#1354,#1444,#742,.T.);
#1825=EDGE_CURVE('',#1354,#1443,#105,.T.);
#1826=EDGE_CURVE('',#1445,#1446,#743,.T.);
#1827=EDGE_CURVE('',#1446,#1447,#106,.T.);
#1828=EDGE_CURVE('',#1447,#1442,#107,.T.);
#1829=EDGE_CURVE('',#1443,#1445,#108,.T.);
#1830=EDGE_CURVE('',#1448,#1355,#744,.T.);
#1831=EDGE_CURVE('',#1448,#1446,#109,.T.);
#1832=EDGE_CURVE('',#1445,#1355,#110,.T.);
#1833=EDGE_CURVE('',#1352,#1294,#745,.T.);
#1834=EDGE_CURVE('',#1352,#1441,#111,.T.);
#1835=EDGE_CURVE('',#1365,#1449,#112,.T.);
#1836=EDGE_CURVE('',#1449,#1363,#113,.T.);
#1837=EDGE_CURVE('',#1449,#1450,#746,.T.);
#1838=EDGE_CURVE('',#1450,#1450,#1174,.T.);
#1839=EDGE_CURVE('',#1364,#1395,#747,.T.);
#1840=EDGE_CURVE('',#1368,#1451,#114,.T.);
#1841=EDGE_CURVE('',#1451,#1366,#115,.T.);
#1842=EDGE_CURVE('',#1451,#1452,#748,.T.);
#1843=EDGE_CURVE('',#1452,#1452,#1175,.T.);
#1844=EDGE_CURVE('',#1367,#1393,#749,.T.);
#1845=EDGE_CURVE('',#1370,#1390,#750,.T.);
#1846=EDGE_CURVE('',#1388,#1372,#751,.T.);
#1847=EDGE_CURVE('',#1386,#1371,#752,.T.);
#1848=EDGE_CURVE('',#1385,#1369,#753,.T.);
#1849=EDGE_CURVE('',#1373,#1453,#754,.T.);
#1850=EDGE_CURVE('',#1453,#1453,#1176,.T.);
#1851=EDGE_CURVE('',#1420,#1417,#1177,.T.);
#1852=EDGE_CURVE('',#1342,#1454,#21,.T.);
#1853=EDGE_CURVE('',#1341,#1455,#755,.T.);
#1854=EDGE_CURVE('',#1455,#1455,#1178,.T.);
#1855=EDGE_CURVE('',#1340,#1454,#116,.T.);
#1856=EDGE_CURVE('',#1456,#1339,#756,.T.);
#1857=EDGE_CURVE('',#1457,#1456,#1179,.T.);
#1858=EDGE_CURVE('',#1457,#1454,#757,.T.);
#1859=EDGE_CURVE('',#1458,#1338,#758,.T.);
#1860=EDGE_CURVE('',#1456,#1458,#759,.T.);
#1861=EDGE_CURVE('',#1406,#1402,#1180,.T.);
#1862=EDGE_CURVE('',#1458,#1411,#1181,.T.);
#1863=EDGE_CURVE('',#1337,#1375,#760,.T.);
#1864=EDGE_CURVE('',#1362,#1377,#761,.T.);
#1865=EDGE_CURVE('',#1378,#1361,#762,.T.);
#1866=EDGE_CURVE('',#1444,#1448,#1182,.T.);
#1867=EDGE_CURVE('',#1350,#1439,#117,.T.);
#1868=EDGE_CURVE('',#1459,#1358,#763,.T.);
#1869=EDGE_CURVE('',#1460,#1459,#1183,.T.);
#1870=EDGE_CURVE('',#1460,#1359,#764,.T.);
#1871=EDGE_CURVE('',#1461,#1460,#765,.T.);
#1872=EDGE_CURVE('',#1461,#1360,#766,.T.);
#1873=EDGE_CURVE('',#1462,#1463,#767,.T.);
#1874=EDGE_CURVE('',#1464,#1462,#768,.T.);
#1875=EDGE_CURVE('',#1464,#1465,#769,.T.);
#1876=EDGE_CURVE('',#1465,#1463,#770,.T.);
#1877=EDGE_CURVE('',#1463,#1466,#1184,.T.);
#1878=EDGE_CURVE('',#1465,#1467,#1185,.T.);
#1879=EDGE_CURVE('',#1467,#1466,#771,.T.);
#1880=EDGE_CURVE('',#1468,#1463,#1186,.T.);
#1881=EDGE_CURVE('',#1469,#1466,#1187,.T.);
#1882=EDGE_CURVE('',#1469,#1468,#1188,.T.);
#1883=EDGE_CURVE('',#1470,#1462,#118,.T.);
#1884=EDGE_CURVE('',#1468,#1470,#772,.T.);
#1885=EDGE_CURVE('',#1464,#1461,#1189,.T.);
#1886=EDGE_CURVE('',#1471,#1470,#1190,.T.);
#1887=EDGE_CURVE('',#1471,#1381,#773,.T.);
#1888=EDGE_CURVE('',#1472,#1382,#774,.T.);
#1889=EDGE_CURVE('',#1472,#1471,#1191,.T.);
#1890=EDGE_CURVE('',#1473,#1281,#775,.T.);
#1891=EDGE_CURVE('',#1474,#1473,#776,.T.);
#1892=EDGE_CURVE('',#1474,#1282,#777,.T.);
#1893=EDGE_CURVE('',#1475,#1280,#778,.T.);
#1894=EDGE_CURVE('',#1473,#1475,#1192,.T.);
#1895=EDGE_CURVE('',#1279,#1476,#779,.T.);
#1896=EDGE_CURVE('',#1475,#1476,#1193,.T.);
#1897=EDGE_CURVE('',#1391,#1278,#780,.T.);
#1898=EDGE_CURVE('',#1476,#1472,#781,.T.);
#1899=EDGE_CURVE('',#1477,#1268,#782,.T.);
#1900=EDGE_CURVE('',#1401,#1477,#783,.T.);
#1901=EDGE_CURVE('',#1478,#1267,#784,.T.);
#1902=EDGE_CURVE('',#1477,#1478,#1194,.T.);
#1903=EDGE_CURVE('',#1479,#1266,#785,.T.);
#1904=EDGE_CURVE('',#1478,#1479,#1195,.T.);
#1905=EDGE_CURVE('',#1480,#1265,#786,.T.);
#1906=EDGE_CURVE('',#1479,#1480,#787,.T.);
#1907=EDGE_CURVE('',#1387,#1274,#788,.T.);
#1908=EDGE_CURVE('',#1389,#1273,#789,.T.);
#1909=EDGE_CURVE('',#1291,#1392,#790,.T.);
#1910=EDGE_CURVE('',#1288,#1334,#791,.T.);
#1911=EDGE_CURVE('',#1455,#1289,#792,.T.);
#1912=EDGE_CURVE('',#1414,#1290,#793,.T.);
#1913=EDGE_CURVE('',#1453,#1292,#794,.T.);
#1914=EDGE_CURVE('',#1447,#1293,#795,.T.);
#1915=EDGE_CURVE('',#1452,#1255,#796,.T.);
#1916=EDGE_CURVE('',#1450,#1302,#797,.T.);
#1917=EDGE_CURVE('',#1242,#1423,#798,.T.);
#1918=EDGE_CURVE('',#1398,#1246,#799,.T.);
#1919=EDGE_CURVE('',#1397,#1245,#800,.T.);
#1920=EDGE_CURVE('',#1244,#1428,#801,.T.);
#1921=EDGE_CURVE('',#1243,#1422,#802,.T.);
#1922=EDGE_CURVE('',#1421,#1241,#803,.T.);
#1923=EDGE_CURVE('',#1264,#1481,#804,.T.);
#1924=EDGE_CURVE('',#1480,#1481,#805,.T.);
#1925=EDGE_CURVE('',#1481,#1482,#806,.T.);
#1926=EDGE_CURVE('',#1407,#1482,#807,.T.);
#1927=EDGE_CURVE('',#1482,#1483,#1196,.T.);
#1928=EDGE_CURVE('',#1483,#1408,#808,.T.);
#1929=EDGE_CURVE('',#1483,#1484,#809,.T.);
#1930=EDGE_CURVE('',#1484,#1409,#810,.T.);
#1931=EDGE_CURVE('',#1484,#1485,#811,.T.);
#1932=EDGE_CURVE('',#1485,#1457,#812,.T.);
#1933=EDGE_CURVE('',#1485,#1343,#813,.T.);
#1934=EDGE_CURVE('',#1344,#1486,#1197,.T.);
#1935=EDGE_CURVE('',#1486,#1487,#814,.T.);
#1936=EDGE_CURVE('',#1349,#1487,#119,.T.);
#1937=EDGE_CURVE('',#1438,#1488,#120,.T.);
#1938=EDGE_CURVE('',#1488,#1426,#815,.T.);
#1939=EDGE_CURVE('',#1488,#1489,#121,.T.);
#1940=EDGE_CURVE('',#1427,#1489,#816,.T.);
#1941=EDGE_CURVE('',#1490,#1429,#817,.T.);
#1942=EDGE_CURVE('',#1489,#1490,#1198,.T.);
#1943=EDGE_CURVE('',#1490,#1491,#122,.T.);
#1944=EDGE_CURVE('',#1430,#1491,#818,.T.);
#1945=EDGE_CURVE('',#1491,#1434,#123,.T.);
#1946=EDGE_CURVE('',#1487,#1438,#1199,.T.);
#1947=EDGE_CURVE('',#1434,#1492,#1200,.T.);
#1948=EDGE_CURVE('',#1492,#1351,#124,.T.);
#1949=EDGE_CURVE('',#1492,#1493,#819,.T.);
#1950=EDGE_CURVE('',#1493,#1356,#1201,.T.);
#1951=EDGE_CURVE('',#1357,#1494,#820,.T.);
#1952=EDGE_CURVE('',#1459,#1494,#821,.T.);
#1953=EDGE_CURVE('',#1494,#1495,#822,.T.);
#1954=EDGE_CURVE('',#1467,#1495,#823,.T.);
#1955=EDGE_CURVE('',#1495,#1496,#824,.T.);
#1956=EDGE_CURVE('',#1466,#1496,#825,.T.);
#1957=EDGE_CURVE('',#1496,#1497,#1202,.T.);
#1958=EDGE_CURVE('',#1497,#1469,#826,.T.);
#1959=EDGE_CURVE('',#1497,#1498,#827,.T.);
#1960=EDGE_CURVE('',#1498,#1474,#828,.T.);
#1961=EDGE_CURVE('',#1498,#1283,#829,.T.);
#1962=EDGE_CURVE('',#1486,#1209,#830,.T.);
#1963=EDGE_CURVE('',#1487,#1208,#831,.T.);
#1964=EDGE_CURVE('',#1492,#1207,#832,.T.);
#1965=EDGE_CURVE('',#1206,#1493,#833,.F.);
#1966=ORIENTED_EDGE('',*,*,#1499,.T.);
#1967=ORIENTED_EDGE('',*,*,#1500,.T.);
#1968=ORIENTED_EDGE('',*,*,#1501,.T.);
#1969=ORIENTED_EDGE('',*,*,#1500,.F.);
#1970=ORIENTED_EDGE('',*,*,#1502,.T.);
#1971=ORIENTED_EDGE('',*,*,#1503,.T.);
#1972=ORIENTED_EDGE('',*,*,#1504,.T.);
#1973=ORIENTED_EDGE('',*,*,#1505,.T.);
#1974=ORIENTED_EDGE('',*,*,#1506,.T.);
#1975=ORIENTED_EDGE('',*,*,#1507,.T.);
#1976=ORIENTED_EDGE('',*,*,#1508,.T.);
#1977=ORIENTED_EDGE('',*,*,#1509,.T.);
#1978=ORIENTED_EDGE('',*,*,#1510,.F.);
#1979=ORIENTED_EDGE('',*,*,#1511,.F.);
#1980=ORIENTED_EDGE('',*,*,#1512,.T.);
#1981=ORIENTED_EDGE('',*,*,#1513,.T.);
#1982=ORIENTED_EDGE('',*,*,#1514,.F.);
#1983=ORIENTED_EDGE('',*,*,#1499,.F.);
#1984=ORIENTED_EDGE('',*,*,#1501,.F.);
#1985=ORIENTED_EDGE('',*,*,#1515,.T.);
#1986=ORIENTED_EDGE('',*,*,#1516,.T.);
#1987=ORIENTED_EDGE('',*,*,#1515,.F.);
#1988=ORIENTED_EDGE('',*,*,#1510,.T.);
#1989=ORIENTED_EDGE('',*,*,#1517,.T.);
#1990=ORIENTED_EDGE('',*,*,#1518,.T.);
#1991=ORIENTED_EDGE('',*,*,#1517,.F.);
#1992=ORIENTED_EDGE('',*,*,#1518,.F.);
#1993=ORIENTED_EDGE('',*,*,#1519,.T.);
#1994=ORIENTED_EDGE('',*,*,#1520,.T.);
#1995=ORIENTED_EDGE('',*,*,#1519,.F.);
#1996=ORIENTED_EDGE('',*,*,#1514,.T.);
#1997=ORIENTED_EDGE('',*,*,#1521,.T.);
#1998=ORIENTED_EDGE('',*,*,#1522,.T.);
#1999=ORIENTED_EDGE('',*,*,#1521,.F.);
#2000=ORIENTED_EDGE('',*,*,#1522,.F.);
#2001=ORIENTED_EDGE('',*,*,#1523,.T.);
#2002=ORIENTED_EDGE('',*,*,#1524,.T.);
#2003=ORIENTED_EDGE('',*,*,#1523,.F.);
#2004=ORIENTED_EDGE('',*,*,#1511,.T.);
#2005=ORIENTED_EDGE('',*,*,#1525,.T.);
#2006=ORIENTED_EDGE('',*,*,#1526,.T.);
#2007=ORIENTED_EDGE('',*,*,#1525,.F.);
#2008=ORIENTED_EDGE('',*,*,#1526,.F.);
#2009=ORIENTED_EDGE('',*,*,#1527,.T.);
#2010=ORIENTED_EDGE('',*,*,#1528,.T.);
#2011=ORIENTED_EDGE('',*,*,#1527,.F.);
#2012=ORIENTED_EDGE('',*,*,#1529,.T.);
#2013=ORIENTED_EDGE('',*,*,#1530,.F.);
#2014=ORIENTED_EDGE('',*,*,#1531,.T.);
#2015=ORIENTED_EDGE('',*,*,#1532,.T.);
#2016=ORIENTED_EDGE('',*,*,#1532,.F.);
#2017=ORIENTED_EDGE('',*,*,#1533,.F.);
#2018=ORIENTED_EDGE('',*,*,#1534,.F.);
#2019=ORIENTED_EDGE('',*,*,#1535,.F.);
#2020=ORIENTED_EDGE('',*,*,#1536,.F.);
#2021=ORIENTED_EDGE('',*,*,#1537,.F.);
#2022=ORIENTED_EDGE('',*,*,#1538,.F.);
#2023=ORIENTED_EDGE('',*,*,#1539,.T.);
#2024=ORIENTED_EDGE('',*,*,#1539,.F.);
#2025=ORIENTED_EDGE('',*,*,#1540,.F.);
#2026=ORIENTED_EDGE('',*,*,#1541,.F.);
#2027=ORIENTED_EDGE('',*,*,#1542,.F.);
#2028=ORIENTED_EDGE('',*,*,#1537,.T.);
#2029=ORIENTED_EDGE('',*,*,#1536,.T.);
#2030=ORIENTED_EDGE('',*,*,#1542,.T.);
#2031=ORIENTED_EDGE('',*,*,#1543,.F.);
#2032=ORIENTED_EDGE('',*,*,#1544,.F.);
#2033=ORIENTED_EDGE('',*,*,#1545,.T.);
#2034=ORIENTED_EDGE('',*,*,#1509,.F.);
#2035=ORIENTED_EDGE('',*,*,#1546,.T.);
#2036=ORIENTED_EDGE('',*,*,#1535,.T.);
#2037=ORIENTED_EDGE('',*,*,#1547,.F.);
#2038=ORIENTED_EDGE('',*,*,#1548,.F.);
#2039=ORIENTED_EDGE('',*,*,#1549,.F.);
#2040=ORIENTED_EDGE('',*,*,#1540,.T.);
#2041=ORIENTED_EDGE('',*,*,#1538,.T.);
#2042=ORIENTED_EDGE('',*,*,#1546,.F.);
#2043=ORIENTED_EDGE('',*,*,#1508,.F.);
#2044=ORIENTED_EDGE('',*,*,#1550,.T.);
#2045=ORIENTED_EDGE('',*,*,#1529,.F.);
#2046=ORIENTED_EDGE('',*,*,#1551,.F.);
#2047=ORIENTED_EDGE('',*,*,#1552,.F.);
#2048=ORIENTED_EDGE('',*,*,#1553,.F.);
#2049=ORIENTED_EDGE('',*,*,#1554,.F.);
#2050=ORIENTED_EDGE('',*,*,#1555,.F.);
#2051=ORIENTED_EDGE('',*,*,#1556,.F.);
#2052=ORIENTED_EDGE('',*,*,#1557,.T.);
#2053=ORIENTED_EDGE('',*,*,#1558,.T.);
#2054=ORIENTED_EDGE('',*,*,#1543,.T.);
#2055=ORIENTED_EDGE('',*,*,#1541,.T.);
#2056=ORIENTED_EDGE('',*,*,#1549,.T.);
#2057=ORIENTED_EDGE('',*,*,#1559,.T.);
#2058=ORIENTED_EDGE('',*,*,#1560,.T.);
#2059=ORIENTED_EDGE('',*,*,#1561,.T.);
#2060=ORIENTED_EDGE('',*,*,#1557,.F.);
#2061=ORIENTED_EDGE('',*,*,#1562,.T.);
#2062=ORIENTED_EDGE('',*,*,#1563,.T.);
#2063=ORIENTED_EDGE('',*,*,#1564,.T.);
#2064=ORIENTED_EDGE('',*,*,#1565,.T.);
#2065=ORIENTED_EDGE('',*,*,#1563,.F.);
#2066=ORIENTED_EDGE('',*,*,#1566,.T.);
#2067=ORIENTED_EDGE('',*,*,#1567,.T.);
#2068=ORIENTED_EDGE('',*,*,#1568,.T.);
#2069=ORIENTED_EDGE('',*,*,#1569,.T.);
#2070=ORIENTED_EDGE('',*,*,#1558,.F.);
#2071=ORIENTED_EDGE('',*,*,#1569,.F.);
#2072=ORIENTED_EDGE('',*,*,#1570,.T.);
#2073=ORIENTED_EDGE('',*,*,#1566,.F.);
#2074=ORIENTED_EDGE('',*,*,#1562,.F.);
#2075=ORIENTED_EDGE('',*,*,#1559,.F.);
#2076=ORIENTED_EDGE('',*,*,#1548,.T.);
#2077=ORIENTED_EDGE('',*,*,#1571,.F.);
#2078=ORIENTED_EDGE('',*,*,#1572,.F.);
#2079=ORIENTED_EDGE('',*,*,#1573,.F.);
#2080=ORIENTED_EDGE('',*,*,#1574,.T.);
#2081=ORIENTED_EDGE('',*,*,#1575,.F.);
#2082=ORIENTED_EDGE('',*,*,#1576,.F.);
#2083=ORIENTED_EDGE('',*,*,#1577,.T.);
#2084=ORIENTED_EDGE('',*,*,#1578,.T.);
#2085=ORIENTED_EDGE('',*,*,#1579,.T.);
#2086=ORIENTED_EDGE('',*,*,#1580,.T.);
#2087=ORIENTED_EDGE('',*,*,#1581,.T.);
#2088=ORIENTED_EDGE('',*,*,#1582,.T.);
#2089=ORIENTED_EDGE('',*,*,#1583,.T.);
#2090=ORIENTED_EDGE('',*,*,#1584,.T.);
#2091=ORIENTED_EDGE('',*,*,#1585,.F.);
#2092=ORIENTED_EDGE('',*,*,#1586,.F.);
#2093=ORIENTED_EDGE('',*,*,#1587,.F.);
#2094=ORIENTED_EDGE('',*,*,#1588,.F.);
#2095=ORIENTED_EDGE('',*,*,#1589,.F.);
#2096=ORIENTED_EDGE('',*,*,#1590,.F.);
#2097=ORIENTED_EDGE('',*,*,#1591,.F.);
#2098=ORIENTED_EDGE('',*,*,#1592,.T.);
#2099=ORIENTED_EDGE('',*,*,#1593,.T.);
#2100=ORIENTED_EDGE('',*,*,#1594,.T.);
#2101=ORIENTED_EDGE('',*,*,#1595,.T.);
#2102=ORIENTED_EDGE('',*,*,#1596,.T.);
#2103=ORIENTED_EDGE('',*,*,#1597,.T.);
#2104=ORIENTED_EDGE('',*,*,#1598,.T.);
#2105=ORIENTED_EDGE('',*,*,#1544,.T.);
#2106=ORIENTED_EDGE('',*,*,#1599,.F.);
#2107=ORIENTED_EDGE('',*,*,#1600,.F.);
#2108=ORIENTED_EDGE('',*,*,#1601,.F.);
#2109=ORIENTED_EDGE('',*,*,#1602,.F.);
#2110=ORIENTED_EDGE('',*,*,#1603,.T.);
#2111=ORIENTED_EDGE('',*,*,#1604,.T.);
#2112=ORIENTED_EDGE('',*,*,#1605,.T.);
#2113=ORIENTED_EDGE('',*,*,#1606,.T.);
#2114=ORIENTED_EDGE('',*,*,#1607,.T.);
#2115=ORIENTED_EDGE('',*,*,#1608,.T.);
#2116=ORIENTED_EDGE('',*,*,#1609,.F.);
#2117=ORIENTED_EDGE('',*,*,#1610,.F.);
#2118=ORIENTED_EDGE('',*,*,#1611,.F.);
#2119=ORIENTED_EDGE('',*,*,#1612,.T.);
#2120=ORIENTED_EDGE('',*,*,#1560,.F.);
#2121=ORIENTED_EDGE('',*,*,#1561,.F.);
#2122=ORIENTED_EDGE('',*,*,#1612,.F.);
#2123=ORIENTED_EDGE('',*,*,#1613,.F.);
#2124=ORIENTED_EDGE('',*,*,#1614,.F.);
#2125=ORIENTED_EDGE('',*,*,#1615,.F.);
#2126=ORIENTED_EDGE('',*,*,#1616,.T.);
#2127=ORIENTED_EDGE('',*,*,#1571,.T.);
#2128=ORIENTED_EDGE('',*,*,#1547,.T.);
#2129=ORIENTED_EDGE('',*,*,#1534,.T.);
#2130=ORIENTED_EDGE('',*,*,#1617,.T.);
#2131=ORIENTED_EDGE('',*,*,#1576,.T.);
#2132=ORIENTED_EDGE('',*,*,#1618,.T.);
#2133=ORIENTED_EDGE('',*,*,#1619,.T.);
#2134=ORIENTED_EDGE('',*,*,#1616,.F.);
#2135=ORIENTED_EDGE('',*,*,#1575,.T.);
#2136=ORIENTED_EDGE('',*,*,#1620,.T.);
#2137=ORIENTED_EDGE('',*,*,#1621,.T.);
#2138=ORIENTED_EDGE('',*,*,#1573,.T.);
#2139=ORIENTED_EDGE('',*,*,#1622,.T.);
#2140=ORIENTED_EDGE('',*,*,#1623,.T.);
#2141=ORIENTED_EDGE('',*,*,#1624,.T.);
#2142=ORIENTED_EDGE('',*,*,#1622,.F.);
#2143=ORIENTED_EDGE('',*,*,#1572,.T.);
#2144=ORIENTED_EDGE('',*,*,#1625,.F.);
#2145=ORIENTED_EDGE('',*,*,#1626,.F.);
#2146=ORIENTED_EDGE('',*,*,#1627,.F.);
#2147=ORIENTED_EDGE('',*,*,#1628,.T.);
#2148=ORIENTED_EDGE('',*,*,#1618,.F.);
#2149=ORIENTED_EDGE('',*,*,#1619,.F.);
#2150=ORIENTED_EDGE('',*,*,#1628,.F.);
#2151=ORIENTED_EDGE('',*,*,#1629,.F.);
#2152=ORIENTED_EDGE('',*,*,#1630,.F.);
#2153=ORIENTED_EDGE('',*,*,#1631,.F.);
#2154=ORIENTED_EDGE('',*,*,#1615,.T.);
#2155=ORIENTED_EDGE('',*,*,#1632,.T.);
#2156=ORIENTED_EDGE('',*,*,#1512,.F.);
#2157=ORIENTED_EDGE('',*,*,#1632,.F.);
#2158=ORIENTED_EDGE('',*,*,#1631,.T.);
#2159=ORIENTED_EDGE('',*,*,#1633,.T.);
#2160=ORIENTED_EDGE('',*,*,#1513,.F.);
#2161=ORIENTED_EDGE('',*,*,#1633,.F.);
#2162=ORIENTED_EDGE('',*,*,#1530,.T.);
#2163=ORIENTED_EDGE('',*,*,#1550,.F.);
#2164=ORIENTED_EDGE('',*,*,#1507,.F.);
#2165=ORIENTED_EDGE('',*,*,#1634,.T.);
#2166=ORIENTED_EDGE('',*,*,#1577,.F.);
#2167=ORIENTED_EDGE('',*,*,#1617,.F.);
#2168=ORIENTED_EDGE('',*,*,#1533,.T.);
#2169=ORIENTED_EDGE('',*,*,#1531,.F.);
#2170=ORIENTED_EDGE('',*,*,#1635,.T.);
#2171=ORIENTED_EDGE('',*,*,#1600,.T.);
#2172=ORIENTED_EDGE('',*,*,#1636,.T.);
#2173=ORIENTED_EDGE('',*,*,#1637,.T.);
#2174=ORIENTED_EDGE('',*,*,#1599,.T.);
#2175=ORIENTED_EDGE('',*,*,#1638,.T.);
#2176=ORIENTED_EDGE('',*,*,#1639,.T.);
#2177=ORIENTED_EDGE('',*,*,#1636,.F.);
#2178=ORIENTED_EDGE('',*,*,#1637,.F.);
#2179=ORIENTED_EDGE('',*,*,#1640,.T.);
#2180=ORIENTED_EDGE('',*,*,#1641,.F.);
#2181=ORIENTED_EDGE('',*,*,#1642,.F.);
#2182=ORIENTED_EDGE('',*,*,#1643,.F.);
#2183=ORIENTED_EDGE('',*,*,#1639,.F.);
#2184=ORIENTED_EDGE('',*,*,#1644,.T.);
#2185=ORIENTED_EDGE('',*,*,#1645,.F.);
#2186=ORIENTED_EDGE('',*,*,#1640,.F.);
#2187=ORIENTED_EDGE('',*,*,#1602,.T.);
#2188=ORIENTED_EDGE('',*,*,#1646,.F.);
#2189=ORIENTED_EDGE('',*,*,#1647,.T.);
#2190=ORIENTED_EDGE('',*,*,#1638,.F.);
#2191=ORIENTED_EDGE('',*,*,#1648,.T.);
#2192=ORIENTED_EDGE('',*,*,#1585,.T.);
#2193=ORIENTED_EDGE('',*,*,#1649,.T.);
#2194=ORIENTED_EDGE('',*,*,#1650,.T.);
#2195=ORIENTED_EDGE('',*,*,#1651,.T.);
#2196=ORIENTED_EDGE('',*,*,#1652,.T.);
#2197=ORIENTED_EDGE('',*,*,#1653,.F.);
#2198=ORIENTED_EDGE('',*,*,#1654,.T.);
#2199=ORIENTED_EDGE('',*,*,#1655,.T.);
#2200=ORIENTED_EDGE('',*,*,#1656,.T.);
#2201=ORIENTED_EDGE('',*,*,#1657,.T.);
#2202=ORIENTED_EDGE('',*,*,#1591,.T.);
#2203=ORIENTED_EDGE('',*,*,#1652,.F.);
#2204=ORIENTED_EDGE('',*,*,#1658,.F.);
#2205=ORIENTED_EDGE('',*,*,#1659,.F.);
#2206=ORIENTED_EDGE('',*,*,#1660,.F.);
#2207=ORIENTED_EDGE('',*,*,#1651,.F.);
#2208=ORIENTED_EDGE('',*,*,#1661,.T.);
#2209=ORIENTED_EDGE('',*,*,#1662,.T.);
#2210=ORIENTED_EDGE('',*,*,#1658,.T.);
#2211=ORIENTED_EDGE('',*,*,#1650,.F.);
#2212=ORIENTED_EDGE('',*,*,#1663,.F.);
#2213=ORIENTED_EDGE('',*,*,#1664,.T.);
#2214=ORIENTED_EDGE('',*,*,#1665,.F.);
#2215=ORIENTED_EDGE('',*,*,#1666,.F.);
#2216=ORIENTED_EDGE('',*,*,#1667,.F.);
#2217=ORIENTED_EDGE('',*,*,#1661,.F.);
#2218=ORIENTED_EDGE('',*,*,#1668,.F.);
#2219=ORIENTED_EDGE('',*,*,#1649,.F.);
#2220=ORIENTED_EDGE('',*,*,#1584,.F.);
#2221=ORIENTED_EDGE('',*,*,#1669,.T.);
#2222=ORIENTED_EDGE('',*,*,#1663,.T.);
#2223=ORIENTED_EDGE('',*,*,#1648,.F.);
#2224=ORIENTED_EDGE('',*,*,#1590,.T.);
#2225=ORIENTED_EDGE('',*,*,#1670,.T.);
#2226=ORIENTED_EDGE('',*,*,#1671,.T.);
#2227=ORIENTED_EDGE('',*,*,#1672,.T.);
#2228=ORIENTED_EDGE('',*,*,#1586,.T.);
#2229=ORIENTED_EDGE('',*,*,#1653,.T.);
#2230=ORIENTED_EDGE('',*,*,#1660,.T.);
#2231=ORIENTED_EDGE('',*,*,#1673,.T.);
#2232=ORIENTED_EDGE('',*,*,#1674,.T.);
#2233=ORIENTED_EDGE('',*,*,#1675,.T.);
#2234=ORIENTED_EDGE('',*,*,#1676,.T.);
#2235=ORIENTED_EDGE('',*,*,#1677,.F.);
#2236=ORIENTED_EDGE('',*,*,#1678,.F.);
#2237=ORIENTED_EDGE('',*,*,#1679,.T.);
#2238=ORIENTED_EDGE('',*,*,#1680,.T.);
#2239=ORIENTED_EDGE('',*,*,#1681,.F.);
#2240=ORIENTED_EDGE('',*,*,#1682,.F.);
#2241=ORIENTED_EDGE('',*,*,#1683,.F.);
#2242=ORIENTED_EDGE('',*,*,#1684,.F.);
#2243=ORIENTED_EDGE('',*,*,#1685,.F.);
#2244=ORIENTED_EDGE('',*,*,#1686,.F.);
#2245=ORIENTED_EDGE('',*,*,#1641,.T.);
#2246=ORIENTED_EDGE('',*,*,#1645,.T.);
#2247=ORIENTED_EDGE('',*,*,#1687,.T.);
#2248=ORIENTED_EDGE('',*,*,#1688,.F.);
#2249=ORIENTED_EDGE('',*,*,#1689,.F.);
#2250=ORIENTED_EDGE('',*,*,#1690,.F.);
#2251=ORIENTED_EDGE('',*,*,#1691,.F.);
#2252=ORIENTED_EDGE('',*,*,#1692,.F.);
#2253=ORIENTED_EDGE('',*,*,#1693,.F.);
#2254=ORIENTED_EDGE('',*,*,#1694,.T.);
#2255=ORIENTED_EDGE('',*,*,#1695,.T.);
#2256=ORIENTED_EDGE('',*,*,#1696,.T.);
#2257=ORIENTED_EDGE('',*,*,#1697,.T.);
#2258=ORIENTED_EDGE('',*,*,#1698,.T.);
#2259=ORIENTED_EDGE('',*,*,#1699,.T.);
#2260=ORIENTED_EDGE('',*,*,#1700,.T.);
#2261=ORIENTED_EDGE('',*,*,#1701,.F.);
#2262=ORIENTED_EDGE('',*,*,#1702,.F.);
#2263=ORIENTED_EDGE('',*,*,#1703,.F.);
#2264=ORIENTED_EDGE('',*,*,#1704,.F.);
#2265=ORIENTED_EDGE('',*,*,#1705,.F.);
#2266=ORIENTED_EDGE('',*,*,#1706,.F.);
#2267=ORIENTED_EDGE('',*,*,#1707,.F.);
#2268=ORIENTED_EDGE('',*,*,#1708,.F.);
#2269=ORIENTED_EDGE('',*,*,#1709,.F.);
#2270=ORIENTED_EDGE('',*,*,#1710,.F.);
#2271=ORIENTED_EDGE('',*,*,#1711,.F.);
#2272=ORIENTED_EDGE('',*,*,#1528,.F.);
#2273=ORIENTED_EDGE('',*,*,#1524,.F.);
#2274=ORIENTED_EDGE('',*,*,#1712,.T.);
#2275=ORIENTED_EDGE('',*,*,#1713,.F.);
#2276=ORIENTED_EDGE('',*,*,#1666,.T.);
#2277=ORIENTED_EDGE('',*,*,#1714,.T.);
#2278=ORIENTED_EDGE('',*,*,#1713,.T.);
#2279=ORIENTED_EDGE('',*,*,#1715,.T.);
#2280=ORIENTED_EDGE('',*,*,#1662,.F.);
#2281=ORIENTED_EDGE('',*,*,#1667,.T.);
#2282=ORIENTED_EDGE('',*,*,#1716,.T.);
#2283=ORIENTED_EDGE('',*,*,#1717,.T.);
#2284=ORIENTED_EDGE('',*,*,#1718,.F.);
#2285=ORIENTED_EDGE('',*,*,#1719,.T.);
#2286=ORIENTED_EDGE('',*,*,#1720,.T.);
#2287=ORIENTED_EDGE('',*,*,#1718,.T.);
#2288=ORIENTED_EDGE('',*,*,#1721,.T.);
#2289=ORIENTED_EDGE('',*,*,#1722,.F.);
#2290=ORIENTED_EDGE('',*,*,#1723,.T.);
#2291=ORIENTED_EDGE('',*,*,#1724,.T.);
#2292=ORIENTED_EDGE('',*,*,#1722,.T.);
#2293=ORIENTED_EDGE('',*,*,#1725,.T.);
#2294=ORIENTED_EDGE('',*,*,#1655,.F.);
#2295=ORIENTED_EDGE('',*,*,#1726,.T.);
#2296=ORIENTED_EDGE('',*,*,#1716,.F.);
#2297=ORIENTED_EDGE('',*,*,#1727,.T.);
#2298=ORIENTED_EDGE('',*,*,#1728,.T.);
#2299=ORIENTED_EDGE('',*,*,#1729,.T.);
#2300=ORIENTED_EDGE('',*,*,#1714,.F.);
#2301=ORIENTED_EDGE('',*,*,#1665,.T.);
#2302=ORIENTED_EDGE('',*,*,#1730,.F.);
#2303=ORIENTED_EDGE('',*,*,#1731,.T.);
#2304=ORIENTED_EDGE('',*,*,#1732,.F.);
#2305=ORIENTED_EDGE('',*,*,#1733,.F.);
#2306=ORIENTED_EDGE('',*,*,#1734,.F.);
#2307=ORIENTED_EDGE('',*,*,#1733,.T.);
#2308=ORIENTED_EDGE('',*,*,#1735,.F.);
#2309=ORIENTED_EDGE('',*,*,#1736,.F.);
#2310=ORIENTED_EDGE('',*,*,#1737,.F.);
#2311=ORIENTED_EDGE('',*,*,#1736,.T.);
#2312=ORIENTED_EDGE('',*,*,#1738,.F.);
#2313=ORIENTED_EDGE('',*,*,#1739,.F.);
#2314=ORIENTED_EDGE('',*,*,#1740,.F.);
#2315=ORIENTED_EDGE('',*,*,#1739,.T.);
#2316=ORIENTED_EDGE('',*,*,#1671,.F.);
#2317=ORIENTED_EDGE('',*,*,#1731,.F.);
#2318=ORIENTED_EDGE('',*,*,#1656,.F.);
#2319=ORIENTED_EDGE('',*,*,#1727,.F.);
#2320=ORIENTED_EDGE('',*,*,#1719,.F.);
#2321=ORIENTED_EDGE('',*,*,#1720,.F.);
#2322=ORIENTED_EDGE('',*,*,#1724,.F.);
#2323=ORIENTED_EDGE('',*,*,#1741,.T.);
#2324=ORIENTED_EDGE('',*,*,#1742,.F.);
#2325=ORIENTED_EDGE('',*,*,#1743,.F.);
#2326=ORIENTED_EDGE('',*,*,#1744,.F.);
#2327=ORIENTED_EDGE('',*,*,#1745,.F.);
#2328=ORIENTED_EDGE('',*,*,#1746,.T.);
#2329=ORIENTED_EDGE('',*,*,#1564,.F.);
#2330=ORIENTED_EDGE('',*,*,#1565,.F.);
#2331=ORIENTED_EDGE('',*,*,#1746,.F.);
#2332=ORIENTED_EDGE('',*,*,#1747,.F.);
#2333=ORIENTED_EDGE('',*,*,#1748,.F.);
#2334=ORIENTED_EDGE('',*,*,#1749,.T.);
#2335=ORIENTED_EDGE('',*,*,#1623,.F.);
#2336=ORIENTED_EDGE('',*,*,#1624,.F.);
#2337=ORIENTED_EDGE('',*,*,#1749,.F.);
#2338=ORIENTED_EDGE('',*,*,#1750,.F.);
#2339=ORIENTED_EDGE('',*,*,#1751,.F.);
#2340=ORIENTED_EDGE('',*,*,#1752,.F.);
#2341=ORIENTED_EDGE('',*,*,#1753,.T.);
#2342=ORIENTED_EDGE('',*,*,#1754,.T.);
#2343=ORIENTED_EDGE('',*,*,#1755,.F.);
#2344=ORIENTED_EDGE('',*,*,#1756,.T.);
#2345=ORIENTED_EDGE('',*,*,#1729,.F.);
#2346=ORIENTED_EDGE('',*,*,#1757,.T.);
#2347=ORIENTED_EDGE('',*,*,#1758,.T.);
#2348=ORIENTED_EDGE('',*,*,#1759,.T.);
#2349=ORIENTED_EDGE('',*,*,#1760,.T.);
#2350=ORIENTED_EDGE('',*,*,#1761,.T.);
#2351=ORIENTED_EDGE('',*,*,#1762,.T.);
#2352=ORIENTED_EDGE('',*,*,#1757,.F.);
#2353=ORIENTED_EDGE('',*,*,#1763,.T.);
#2354=ORIENTED_EDGE('',*,*,#1762,.F.);
#2355=ORIENTED_EDGE('',*,*,#1764,.F.);
#2356=ORIENTED_EDGE('',*,*,#1765,.T.);
#2357=ORIENTED_EDGE('',*,*,#1766,.T.);
#2358=ORIENTED_EDGE('',*,*,#1758,.F.);
#2359=ORIENTED_EDGE('',*,*,#1766,.F.);
#2360=ORIENTED_EDGE('',*,*,#1767,.T.);
#2361=ORIENTED_EDGE('',*,*,#1768,.T.);
#2362=ORIENTED_EDGE('',*,*,#1769,.T.);
#2363=ORIENTED_EDGE('',*,*,#1770,.T.);
#2364=ORIENTED_EDGE('',*,*,#1771,.T.);
#2365=ORIENTED_EDGE('',*,*,#1772,.T.);
#2366=ORIENTED_EDGE('',*,*,#1773,.T.);
#2367=ORIENTED_EDGE('',*,*,#1769,.F.);
#2368=ORIENTED_EDGE('',*,*,#1774,.T.);
#2369=ORIENTED_EDGE('',*,*,#1775,.F.);
#2370=ORIENTED_EDGE('',*,*,#1776,.T.);
#2371=ORIENTED_EDGE('',*,*,#1777,.F.);
#2372=ORIENTED_EDGE('',*,*,#1626,.T.);
#2373=ORIENTED_EDGE('',*,*,#1778,.F.);
#2374=ORIENTED_EDGE('',*,*,#1779,.T.);
#2375=ORIENTED_EDGE('',*,*,#1780,.T.);
#2376=ORIENTED_EDGE('',*,*,#1629,.T.);
#2377=ORIENTED_EDGE('',*,*,#1627,.T.);
#2378=ORIENTED_EDGE('',*,*,#1777,.T.);
#2379=ORIENTED_EDGE('',*,*,#1781,.T.);
#2380=ORIENTED_EDGE('',*,*,#1782,.F.);
#2381=ORIENTED_EDGE('',*,*,#1630,.T.);
#2382=ORIENTED_EDGE('',*,*,#1780,.F.);
#2383=ORIENTED_EDGE('',*,*,#1783,.T.);
#2384=ORIENTED_EDGE('',*,*,#1784,.F.);
#2385=ORIENTED_EDGE('',*,*,#1785,.T.);
#2386=ORIENTED_EDGE('',*,*,#1772,.F.);
#2387=ORIENTED_EDGE('',*,*,#1786,.T.);
#2388=ORIENTED_EDGE('',*,*,#1787,.F.);
#2389=ORIENTED_EDGE('',*,*,#1788,.F.);
#2390=ORIENTED_EDGE('',*,*,#1789,.F.);
#2391=ORIENTED_EDGE('',*,*,#1753,.F.);
#2392=ORIENTED_EDGE('',*,*,#1790,.F.);
#2393=ORIENTED_EDGE('',*,*,#1791,.F.);
#2394=ORIENTED_EDGE('',*,*,#1792,.F.);
#2395=ORIENTED_EDGE('',*,*,#1793,.F.);
#2396=ORIENTED_EDGE('',*,*,#1794,.T.);
#2397=ORIENTED_EDGE('',*,*,#1795,.F.);
#2398=ORIENTED_EDGE('',*,*,#1794,.F.);
#2399=ORIENTED_EDGE('',*,*,#1796,.F.);
#2400=ORIENTED_EDGE('',*,*,#1797,.T.);
#2401=ORIENTED_EDGE('',*,*,#1798,.F.);
#2402=ORIENTED_EDGE('',*,*,#1797,.F.);
#2403=ORIENTED_EDGE('',*,*,#1799,.F.);
#2404=ORIENTED_EDGE('',*,*,#1800,.F.);
#2405=ORIENTED_EDGE('',*,*,#1801,.F.);
#2406=ORIENTED_EDGE('',*,*,#1802,.F.);
#2407=ORIENTED_EDGE('',*,*,#1751,.T.);
#2408=ORIENTED_EDGE('',*,*,#1803,.T.);
#2409=ORIENTED_EDGE('',*,*,#1801,.T.);
#2410=ORIENTED_EDGE('',*,*,#1804,.F.);
#2411=ORIENTED_EDGE('',*,*,#1805,.T.);
#2412=ORIENTED_EDGE('',*,*,#1803,.F.);
#2413=ORIENTED_EDGE('',*,*,#1806,.T.);
#2414=ORIENTED_EDGE('',*,*,#1807,.F.);
#2415=ORIENTED_EDGE('',*,*,#1802,.T.);
#2416=ORIENTED_EDGE('',*,*,#1807,.T.);
#2417=ORIENTED_EDGE('',*,*,#1808,.T.);
#2418=ORIENTED_EDGE('',*,*,#1809,.F.);
#2419=ORIENTED_EDGE('',*,*,#1752,.T.);
#2420=ORIENTED_EDGE('',*,*,#1809,.T.);
#2421=ORIENTED_EDGE('',*,*,#1810,.T.);
#2422=ORIENTED_EDGE('',*,*,#1811,.F.);
#2423=ORIENTED_EDGE('',*,*,#1790,.T.);
#2424=ORIENTED_EDGE('',*,*,#1811,.T.);
#2425=ORIENTED_EDGE('',*,*,#1812,.T.);
#2426=ORIENTED_EDGE('',*,*,#1813,.F.);
#2427=ORIENTED_EDGE('',*,*,#1791,.T.);
#2428=ORIENTED_EDGE('',*,*,#1814,.F.);
#2429=ORIENTED_EDGE('',*,*,#1643,.T.);
#2430=ORIENTED_EDGE('',*,*,#1815,.F.);
#2431=ORIENTED_EDGE('',*,*,#1816,.F.);
#2432=ORIENTED_EDGE('',*,*,#1817,.T.);
#2433=ORIENTED_EDGE('',*,*,#1613,.T.);
#2434=ORIENTED_EDGE('',*,*,#1611,.T.);
#2435=ORIENTED_EDGE('',*,*,#1818,.T.);
#2436=ORIENTED_EDGE('',*,*,#1819,.T.);
#2437=ORIENTED_EDGE('',*,*,#1817,.F.);
#2438=ORIENTED_EDGE('',*,*,#1820,.T.);
#2439=ORIENTED_EDGE('',*,*,#1821,.F.);
#2440=ORIENTED_EDGE('',*,*,#1614,.T.);
#2441=ORIENTED_EDGE('',*,*,#1822,.F.);
#2442=ORIENTED_EDGE('',*,*,#1823,.T.);
#2443=ORIENTED_EDGE('',*,*,#1824,.F.);
#2444=ORIENTED_EDGE('',*,*,#1825,.T.);
#2445=ORIENTED_EDGE('',*,*,#1826,.T.);
#2446=ORIENTED_EDGE('',*,*,#1827,.T.);
#2447=ORIENTED_EDGE('',*,*,#1828,.T.);
#2448=ORIENTED_EDGE('',*,*,#1822,.T.);
#2449=ORIENTED_EDGE('',*,*,#1829,.T.);
#2450=ORIENTED_EDGE('',*,*,#1830,.F.);
#2451=ORIENTED_EDGE('',*,*,#1831,.T.);
#2452=ORIENTED_EDGE('',*,*,#1826,.F.);
#2453=ORIENTED_EDGE('',*,*,#1832,.T.);
#2454=ORIENTED_EDGE('',*,*,#1833,.F.);
#2455=ORIENTED_EDGE('',*,*,#1834,.T.);
#2456=ORIENTED_EDGE('',*,*,#1818,.F.);
#2457=ORIENTED_EDGE('',*,*,#1610,.T.);
#2458=ORIENTED_EDGE('',*,*,#1835,.F.);
#2459=ORIENTED_EDGE('',*,*,#1702,.T.);
#2460=ORIENTED_EDGE('',*,*,#1836,.F.);
#2461=ORIENTED_EDGE('',*,*,#1837,.T.);
#2462=ORIENTED_EDGE('',*,*,#1838,.T.);
#2463=ORIENTED_EDGE('',*,*,#1837,.F.);
#2464=ORIENTED_EDGE('',*,*,#1835,.T.);
#2465=ORIENTED_EDGE('',*,*,#1836,.T.);
#2466=ORIENTED_EDGE('',*,*,#1701,.T.);
#2467=ORIENTED_EDGE('',*,*,#1839,.T.);
#2468=ORIENTED_EDGE('',*,*,#1747,.T.);
#2469=ORIENTED_EDGE('',*,*,#1748,.T.);
#2470=ORIENTED_EDGE('',*,*,#1839,.F.);
#2471=ORIENTED_EDGE('',*,*,#1703,.T.);
#2472=ORIENTED_EDGE('',*,*,#1840,.F.);
#2473=ORIENTED_EDGE('',*,*,#1705,.T.);
#2474=ORIENTED_EDGE('',*,*,#1841,.F.);
#2475=ORIENTED_EDGE('',*,*,#1842,.T.);
#2476=ORIENTED_EDGE('',*,*,#1843,.T.);
#2477=ORIENTED_EDGE('',*,*,#1842,.F.);
#2478=ORIENTED_EDGE('',*,*,#1840,.T.);
#2479=ORIENTED_EDGE('',*,*,#1841,.T.);
#2480=ORIENTED_EDGE('',*,*,#1704,.T.);
#2481=ORIENTED_EDGE('',*,*,#1844,.T.);
#2482=ORIENTED_EDGE('',*,*,#1744,.T.);
#2483=ORIENTED_EDGE('',*,*,#1745,.T.);
#2484=ORIENTED_EDGE('',*,*,#1844,.F.);
#2485=ORIENTED_EDGE('',*,*,#1706,.T.);
#2486=ORIENTED_EDGE('',*,*,#1845,.F.);
#2487=ORIENTED_EDGE('',*,*,#1710,.T.);
#2488=ORIENTED_EDGE('',*,*,#1846,.F.);
#2489=ORIENTED_EDGE('',*,*,#1737,.T.);
#2490=ORIENTED_EDGE('',*,*,#1846,.T.);
#2491=ORIENTED_EDGE('',*,*,#1709,.T.);
#2492=ORIENTED_EDGE('',*,*,#1847,.F.);
#2493=ORIENTED_EDGE('',*,*,#1734,.T.);
#2494=ORIENTED_EDGE('',*,*,#1847,.T.);
#2495=ORIENTED_EDGE('',*,*,#1708,.T.);
#2496=ORIENTED_EDGE('',*,*,#1848,.F.);
#2497=ORIENTED_EDGE('',*,*,#1730,.T.);
#2498=ORIENTED_EDGE('',*,*,#1848,.T.);
#2499=ORIENTED_EDGE('',*,*,#1707,.T.);
#2500=ORIENTED_EDGE('',*,*,#1845,.T.);
#2501=ORIENTED_EDGE('',*,*,#1740,.T.);
#2502=ORIENTED_EDGE('',*,*,#1711,.T.);
#2503=ORIENTED_EDGE('',*,*,#1849,.T.);
#2504=ORIENTED_EDGE('',*,*,#1850,.T.);
#2505=ORIENTED_EDGE('',*,*,#1849,.F.);
#2506=ORIENTED_EDGE('',*,*,#1782,.T.);
#2507=ORIENTED_EDGE('',*,*,#1684,.T.);
#2508=ORIENTED_EDGE('',*,*,#1778,.T.);
#2509=ORIENTED_EDGE('',*,*,#1625,.T.);
#2510=ORIENTED_EDGE('',*,*,#1784,.T.);
#2511=ORIENTED_EDGE('',*,*,#1851,.T.);
#2512=ORIENTED_EDGE('',*,*,#1775,.T.);
#2513=ORIENTED_EDGE('',*,*,#1682,.T.);
#2514=ORIENTED_EDGE('',*,*,#1852,.F.);
#2515=ORIENTED_EDGE('',*,*,#1678,.T.);
#2516=ORIENTED_EDGE('',*,*,#1853,.T.);
#2517=ORIENTED_EDGE('',*,*,#1854,.T.);
#2518=ORIENTED_EDGE('',*,*,#1853,.F.);
#2519=ORIENTED_EDGE('',*,*,#1677,.T.);
#2520=ORIENTED_EDGE('',*,*,#1855,.T.);
#2521=ORIENTED_EDGE('',*,*,#1676,.F.);
#2522=ORIENTED_EDGE('',*,*,#1856,.F.);
#2523=ORIENTED_EDGE('',*,*,#1857,.F.);
#2524=ORIENTED_EDGE('',*,*,#1858,.T.);
#2525=ORIENTED_EDGE('',*,*,#1855,.F.);
#2526=ORIENTED_EDGE('',*,*,#1675,.F.);
#2527=ORIENTED_EDGE('',*,*,#1859,.F.);
#2528=ORIENTED_EDGE('',*,*,#1860,.F.);
#2529=ORIENTED_EDGE('',*,*,#1856,.T.);
#2530=ORIENTED_EDGE('',*,*,#1712,.F.);
#2531=ORIENTED_EDGE('',*,*,#1756,.F.);
#2532=ORIENTED_EDGE('',*,*,#1861,.F.);
#2533=ORIENTED_EDGE('',*,*,#1759,.F.);
#2534=ORIENTED_EDGE('',*,*,#1768,.F.);
#2535=ORIENTED_EDGE('',*,*,#1862,.F.);
#2536=ORIENTED_EDGE('',*,*,#1859,.T.);
#2537=ORIENTED_EDGE('',*,*,#1674,.F.);
#2538=ORIENTED_EDGE('',*,*,#1863,.T.);
#2539=ORIENTED_EDGE('',*,*,#1715,.F.);
#2540=ORIENTED_EDGE('',*,*,#1863,.F.);
#2541=ORIENTED_EDGE('',*,*,#1673,.F.);
#2542=ORIENTED_EDGE('',*,*,#1659,.T.);
#2543=ORIENTED_EDGE('',*,*,#1654,.F.);
#2544=ORIENTED_EDGE('',*,*,#1700,.F.);
#2545=ORIENTED_EDGE('',*,*,#1864,.T.);
#2546=ORIENTED_EDGE('',*,*,#1726,.F.);
#2547=ORIENTED_EDGE('',*,*,#1717,.F.);
#2548=ORIENTED_EDGE('',*,*,#1864,.F.);
#2549=ORIENTED_EDGE('',*,*,#1699,.F.);
#2550=ORIENTED_EDGE('',*,*,#1865,.F.);
#2551=ORIENTED_EDGE('',*,*,#1830,.T.);
#2552=ORIENTED_EDGE('',*,*,#1692,.T.);
#2553=ORIENTED_EDGE('',*,*,#1824,.T.);
#2554=ORIENTED_EDGE('',*,*,#1866,.T.);
#2555=ORIENTED_EDGE('',*,*,#1833,.T.);
#2556=ORIENTED_EDGE('',*,*,#1609,.T.);
#2557=ORIENTED_EDGE('',*,*,#1821,.T.);
#2558=ORIENTED_EDGE('',*,*,#1690,.T.);
#2559=ORIENTED_EDGE('',*,*,#1647,.F.);
#2560=ORIENTED_EDGE('',*,*,#1816,.T.);
#2561=ORIENTED_EDGE('',*,*,#1867,.F.);
#2562=ORIENTED_EDGE('',*,*,#1687,.F.);
#2563=ORIENTED_EDGE('',*,*,#1644,.F.);
#2564=ORIENTED_EDGE('',*,*,#1696,.F.);
#2565=ORIENTED_EDGE('',*,*,#1868,.F.);
#2566=ORIENTED_EDGE('',*,*,#1869,.F.);
#2567=ORIENTED_EDGE('',*,*,#1870,.T.);
#2568=ORIENTED_EDGE('',*,*,#1697,.F.);
#2569=ORIENTED_EDGE('',*,*,#1870,.F.);
#2570=ORIENTED_EDGE('',*,*,#1871,.F.);
#2571=ORIENTED_EDGE('',*,*,#1872,.T.);
#2572=ORIENTED_EDGE('',*,*,#1873,.F.);
#2573=ORIENTED_EDGE('',*,*,#1874,.F.);
#2574=ORIENTED_EDGE('',*,*,#1875,.T.);
#2575=ORIENTED_EDGE('',*,*,#1876,.T.);
#2576=ORIENTED_EDGE('',*,*,#1877,.F.);
#2577=ORIENTED_EDGE('',*,*,#1876,.F.);
#2578=ORIENTED_EDGE('',*,*,#1878,.T.);
#2579=ORIENTED_EDGE('',*,*,#1879,.T.);
#2580=ORIENTED_EDGE('',*,*,#1880,.T.);
#2581=ORIENTED_EDGE('',*,*,#1877,.T.);
#2582=ORIENTED_EDGE('',*,*,#1881,.F.);
#2583=ORIENTED_EDGE('',*,*,#1882,.T.);
#2584=ORIENTED_EDGE('',*,*,#1883,.T.);
#2585=ORIENTED_EDGE('',*,*,#1873,.T.);
#2586=ORIENTED_EDGE('',*,*,#1880,.F.);
#2587=ORIENTED_EDGE('',*,*,#1884,.T.);
#2588=ORIENTED_EDGE('',*,*,#1721,.F.);
#2589=ORIENTED_EDGE('',*,*,#1865,.T.);
#2590=ORIENTED_EDGE('',*,*,#1698,.F.);
#2591=ORIENTED_EDGE('',*,*,#1872,.F.);
#2592=ORIENTED_EDGE('',*,*,#1885,.F.);
#2593=ORIENTED_EDGE('',*,*,#1874,.T.);
#2594=ORIENTED_EDGE('',*,*,#1883,.F.);
#2595=ORIENTED_EDGE('',*,*,#1886,.F.);
#2596=ORIENTED_EDGE('',*,*,#1887,.T.);
#2597=ORIENTED_EDGE('',*,*,#1888,.T.);
#2598=ORIENTED_EDGE('',*,*,#1725,.F.);
#2599=ORIENTED_EDGE('',*,*,#1887,.F.);
#2600=ORIENTED_EDGE('',*,*,#1889,.F.);
#2601=ORIENTED_EDGE('',*,*,#1596,.F.);
#2602=ORIENTED_EDGE('',*,*,#1890,.F.);
#2603=ORIENTED_EDGE('',*,*,#1891,.F.);
#2604=ORIENTED_EDGE('',*,*,#1892,.T.);
#2605=ORIENTED_EDGE('',*,*,#1595,.F.);
#2606=ORIENTED_EDGE('',*,*,#1893,.F.);
#2607=ORIENTED_EDGE('',*,*,#1894,.F.);
#2608=ORIENTED_EDGE('',*,*,#1890,.T.);
#2609=ORIENTED_EDGE('',*,*,#1895,.T.);
#2610=ORIENTED_EDGE('',*,*,#1896,.F.);
#2611=ORIENTED_EDGE('',*,*,#1893,.T.);
#2612=ORIENTED_EDGE('',*,*,#1594,.F.);
#2613=ORIENTED_EDGE('',*,*,#1593,.F.);
#2614=ORIENTED_EDGE('',*,*,#1897,.F.);
#2615=ORIENTED_EDGE('',*,*,#1741,.F.);
#2616=ORIENTED_EDGE('',*,*,#1723,.F.);
#2617=ORIENTED_EDGE('',*,*,#1888,.F.);
#2618=ORIENTED_EDGE('',*,*,#1898,.F.);
#2619=ORIENTED_EDGE('',*,*,#1895,.F.);
#2620=ORIENTED_EDGE('',*,*,#1657,.F.);
#2621=ORIENTED_EDGE('',*,*,#1742,.T.);
#2622=ORIENTED_EDGE('',*,*,#1897,.T.);
#2623=ORIENTED_EDGE('',*,*,#1592,.F.);
#2624=ORIENTED_EDGE('',*,*,#1669,.F.);
#2625=ORIENTED_EDGE('',*,*,#1583,.F.);
#2626=ORIENTED_EDGE('',*,*,#1899,.F.);
#2627=ORIENTED_EDGE('',*,*,#1900,.F.);
#2628=ORIENTED_EDGE('',*,*,#1754,.F.);
#2629=ORIENTED_EDGE('',*,*,#1728,.F.);
#2630=ORIENTED_EDGE('',*,*,#1664,.F.);
#2631=ORIENTED_EDGE('',*,*,#1899,.T.);
#2632=ORIENTED_EDGE('',*,*,#1582,.F.);
#2633=ORIENTED_EDGE('',*,*,#1901,.F.);
#2634=ORIENTED_EDGE('',*,*,#1902,.F.);
#2635=ORIENTED_EDGE('',*,*,#1581,.F.);
#2636=ORIENTED_EDGE('',*,*,#1903,.F.);
#2637=ORIENTED_EDGE('',*,*,#1904,.F.);
#2638=ORIENTED_EDGE('',*,*,#1901,.T.);
#2639=ORIENTED_EDGE('',*,*,#1580,.F.);
#2640=ORIENTED_EDGE('',*,*,#1905,.F.);
#2641=ORIENTED_EDGE('',*,*,#1906,.F.);
#2642=ORIENTED_EDGE('',*,*,#1903,.T.);
#2643=ORIENTED_EDGE('',*,*,#1814,.T.);
#2644=ORIENTED_EDGE('',*,*,#1646,.T.);
#2645=ORIENTED_EDGE('',*,*,#1601,.T.);
#2646=ORIENTED_EDGE('',*,*,#1635,.F.);
#2647=ORIENTED_EDGE('',*,*,#1670,.F.);
#2648=ORIENTED_EDGE('',*,*,#1589,.T.);
#2649=ORIENTED_EDGE('',*,*,#1907,.F.);
#2650=ORIENTED_EDGE('',*,*,#1732,.T.);
#2651=ORIENTED_EDGE('',*,*,#1907,.T.);
#2652=ORIENTED_EDGE('',*,*,#1588,.T.);
#2653=ORIENTED_EDGE('',*,*,#1908,.F.);
#2654=ORIENTED_EDGE('',*,*,#1735,.T.);
#2655=ORIENTED_EDGE('',*,*,#1908,.T.);
#2656=ORIENTED_EDGE('',*,*,#1587,.T.);
#2657=ORIENTED_EDGE('',*,*,#1672,.F.);
#2658=ORIENTED_EDGE('',*,*,#1738,.T.);
#2659=ORIENTED_EDGE('',*,*,#1606,.F.);
#2660=ORIENTED_EDGE('',*,*,#1909,.T.);
#2661=ORIENTED_EDGE('',*,*,#1743,.T.);
#2662=ORIENTED_EDGE('',*,*,#1909,.F.);
#2663=ORIENTED_EDGE('',*,*,#1603,.F.);
#2664=ORIENTED_EDGE('',*,*,#1910,.T.);
#2665=ORIENTED_EDGE('',*,*,#1668,.T.);
#2666=ORIENTED_EDGE('',*,*,#1910,.F.);
#2667=ORIENTED_EDGE('',*,*,#1854,.F.);
#2668=ORIENTED_EDGE('',*,*,#1911,.T.);
#2669=ORIENTED_EDGE('',*,*,#1604,.F.);
#2670=ORIENTED_EDGE('',*,*,#1911,.F.);
#2671=ORIENTED_EDGE('',*,*,#1851,.F.);
#2672=ORIENTED_EDGE('',*,*,#1786,.F.);
#2673=ORIENTED_EDGE('',*,*,#1771,.F.);
#2674=ORIENTED_EDGE('',*,*,#1912,.T.);
#2675=ORIENTED_EDGE('',*,*,#1605,.F.);
#2676=ORIENTED_EDGE('',*,*,#1912,.F.);
#2677=ORIENTED_EDGE('',*,*,#1770,.F.);
#2678=ORIENTED_EDGE('',*,*,#1776,.F.);
#2679=ORIENTED_EDGE('',*,*,#1850,.F.);
#2680=ORIENTED_EDGE('',*,*,#1913,.T.);
#2681=ORIENTED_EDGE('',*,*,#1607,.F.);
#2682=ORIENTED_EDGE('',*,*,#1913,.F.);
#2683=ORIENTED_EDGE('',*,*,#1866,.F.);
#2684=ORIENTED_EDGE('',*,*,#1823,.F.);
#2685=ORIENTED_EDGE('',*,*,#1828,.F.);
#2686=ORIENTED_EDGE('',*,*,#1914,.T.);
#2687=ORIENTED_EDGE('',*,*,#1608,.F.);
#2688=ORIENTED_EDGE('',*,*,#1914,.F.);
#2689=ORIENTED_EDGE('',*,*,#1827,.F.);
#2690=ORIENTED_EDGE('',*,*,#1831,.F.);
#2691=ORIENTED_EDGE('',*,*,#1843,.F.);
#2692=ORIENTED_EDGE('',*,*,#1915,.T.);
#2693=ORIENTED_EDGE('',*,*,#1567,.F.);
#2694=ORIENTED_EDGE('',*,*,#1570,.F.);
#2695=ORIENTED_EDGE('',*,*,#1568,.F.);
#2696=ORIENTED_EDGE('',*,*,#1915,.F.);
#2697=ORIENTED_EDGE('',*,*,#1838,.F.);
#2698=ORIENTED_EDGE('',*,*,#1916,.T.);
#2699=ORIENTED_EDGE('',*,*,#1620,.F.);
#2700=ORIENTED_EDGE('',*,*,#1574,.F.);
#2701=ORIENTED_EDGE('',*,*,#1621,.F.);
#2702=ORIENTED_EDGE('',*,*,#1916,.F.);
#2703=ORIENTED_EDGE('',*,*,#1516,.F.);
#2704=ORIENTED_EDGE('',*,*,#1917,.F.);
#2705=ORIENTED_EDGE('',*,*,#1556,.T.);
#2706=ORIENTED_EDGE('',*,*,#1918,.F.);
#2707=ORIENTED_EDGE('',*,*,#1789,.T.);
#2708=ORIENTED_EDGE('',*,*,#1918,.T.);
#2709=ORIENTED_EDGE('',*,*,#1555,.T.);
#2710=ORIENTED_EDGE('',*,*,#1919,.F.);
#2711=ORIENTED_EDGE('',*,*,#1750,.T.);
#2712=ORIENTED_EDGE('',*,*,#1919,.T.);
#2713=ORIENTED_EDGE('',*,*,#1554,.T.);
#2714=ORIENTED_EDGE('',*,*,#1920,.T.);
#2715=ORIENTED_EDGE('',*,*,#1798,.T.);
#2716=ORIENTED_EDGE('',*,*,#1921,.T.);
#2717=ORIENTED_EDGE('',*,*,#1795,.T.);
#2718=ORIENTED_EDGE('',*,*,#1920,.F.);
#2719=ORIENTED_EDGE('',*,*,#1553,.T.);
#2720=ORIENTED_EDGE('',*,*,#1921,.F.);
#2721=ORIENTED_EDGE('',*,*,#1552,.T.);
#2722=ORIENTED_EDGE('',*,*,#1922,.F.);
#2723=ORIENTED_EDGE('',*,*,#1787,.T.);
#2724=ORIENTED_EDGE('',*,*,#1922,.T.);
#2725=ORIENTED_EDGE('',*,*,#1551,.T.);
#2726=ORIENTED_EDGE('',*,*,#1917,.T.);
#2727=ORIENTED_EDGE('',*,*,#1788,.T.);
#2728=ORIENTED_EDGE('',*,*,#1923,.T.);
#2729=ORIENTED_EDGE('',*,*,#1924,.F.);
#2730=ORIENTED_EDGE('',*,*,#1905,.T.);
#2731=ORIENTED_EDGE('',*,*,#1579,.F.);
#2732=ORIENTED_EDGE('',*,*,#1900,.T.);
#2733=ORIENTED_EDGE('',*,*,#1902,.T.);
#2734=ORIENTED_EDGE('',*,*,#1904,.T.);
#2735=ORIENTED_EDGE('',*,*,#1906,.T.);
#2736=ORIENTED_EDGE('',*,*,#1924,.T.);
#2737=ORIENTED_EDGE('',*,*,#1925,.T.);
#2738=ORIENTED_EDGE('',*,*,#1926,.F.);
#2739=ORIENTED_EDGE('',*,*,#1763,.F.);
#2740=ORIENTED_EDGE('',*,*,#1760,.F.);
#2741=ORIENTED_EDGE('',*,*,#1861,.T.);
#2742=ORIENTED_EDGE('',*,*,#1755,.T.);
#2743=ORIENTED_EDGE('',*,*,#1927,.T.);
#2744=ORIENTED_EDGE('',*,*,#1928,.T.);
#2745=ORIENTED_EDGE('',*,*,#1761,.F.);
#2746=ORIENTED_EDGE('',*,*,#1926,.T.);
#2747=ORIENTED_EDGE('',*,*,#1929,.T.);
#2748=ORIENTED_EDGE('',*,*,#1930,.T.);
#2749=ORIENTED_EDGE('',*,*,#1764,.T.);
#2750=ORIENTED_EDGE('',*,*,#1928,.F.);
#2751=ORIENTED_EDGE('',*,*,#1931,.T.);
#2752=ORIENTED_EDGE('',*,*,#1932,.T.);
#2753=ORIENTED_EDGE('',*,*,#1857,.T.);
#2754=ORIENTED_EDGE('',*,*,#1860,.T.);
#2755=ORIENTED_EDGE('',*,*,#1862,.T.);
#2756=ORIENTED_EDGE('',*,*,#1767,.F.);
#2757=ORIENTED_EDGE('',*,*,#1765,.F.);
#2758=ORIENTED_EDGE('',*,*,#1930,.F.);
#2759=ORIENTED_EDGE('',*,*,#1933,.T.);
#2760=ORIENTED_EDGE('',*,*,#1679,.F.);
#2761=ORIENTED_EDGE('',*,*,#1852,.T.);
#2762=ORIENTED_EDGE('',*,*,#1858,.F.);
#2763=ORIENTED_EDGE('',*,*,#1932,.F.);
#2764=ORIENTED_EDGE('',*,*,#1785,.F.);
#2765=ORIENTED_EDGE('',*,*,#1681,.T.);
#2766=ORIENTED_EDGE('',*,*,#1934,.T.);
#2767=ORIENTED_EDGE('',*,*,#1935,.T.);
#2768=ORIENTED_EDGE('',*,*,#1936,.F.);
#2769=ORIENTED_EDGE('',*,*,#1685,.T.);
#2770=ORIENTED_EDGE('',*,*,#1783,.F.);
#2771=ORIENTED_EDGE('',*,*,#1781,.F.);
#2772=ORIENTED_EDGE('',*,*,#1779,.F.);
#2773=ORIENTED_EDGE('',*,*,#1683,.T.);
#2774=ORIENTED_EDGE('',*,*,#1774,.F.);
#2775=ORIENTED_EDGE('',*,*,#1773,.F.);
#2776=ORIENTED_EDGE('',*,*,#1813,.T.);
#2777=ORIENTED_EDGE('',*,*,#1937,.T.);
#2778=ORIENTED_EDGE('',*,*,#1938,.T.);
#2779=ORIENTED_EDGE('',*,*,#1792,.T.);
#2780=ORIENTED_EDGE('',*,*,#1938,.F.);
#2781=ORIENTED_EDGE('',*,*,#1939,.T.);
#2782=ORIENTED_EDGE('',*,*,#1940,.F.);
#2783=ORIENTED_EDGE('',*,*,#1793,.T.);
#2784=ORIENTED_EDGE('',*,*,#1941,.T.);
#2785=ORIENTED_EDGE('',*,*,#1796,.T.);
#2786=ORIENTED_EDGE('',*,*,#1940,.T.);
#2787=ORIENTED_EDGE('',*,*,#1942,.T.);
#2788=ORIENTED_EDGE('',*,*,#1941,.F.);
#2789=ORIENTED_EDGE('',*,*,#1943,.T.);
#2790=ORIENTED_EDGE('',*,*,#1944,.F.);
#2791=ORIENTED_EDGE('',*,*,#1799,.T.);
#2792=ORIENTED_EDGE('',*,*,#1804,.T.);
#2793=ORIENTED_EDGE('',*,*,#1800,.T.);
#2794=ORIENTED_EDGE('',*,*,#1944,.T.);
#2795=ORIENTED_EDGE('',*,*,#1945,.T.);
#2796=ORIENTED_EDGE('',*,*,#1867,.T.);
#2797=ORIENTED_EDGE('',*,*,#1815,.T.);
#2798=ORIENTED_EDGE('',*,*,#1642,.T.);
#2799=ORIENTED_EDGE('',*,*,#1686,.T.);
#2800=ORIENTED_EDGE('',*,*,#1936,.T.);
#2801=ORIENTED_EDGE('',*,*,#1946,.T.);
#2802=ORIENTED_EDGE('',*,*,#1812,.F.);
#2803=ORIENTED_EDGE('',*,*,#1810,.F.);
#2804=ORIENTED_EDGE('',*,*,#1808,.F.);
#2805=ORIENTED_EDGE('',*,*,#1806,.F.);
#2806=ORIENTED_EDGE('',*,*,#1805,.F.);
#2807=ORIENTED_EDGE('',*,*,#1947,.T.);
#2808=ORIENTED_EDGE('',*,*,#1948,.T.);
#2809=ORIENTED_EDGE('',*,*,#1688,.T.);
#2810=ORIENTED_EDGE('',*,*,#1834,.F.);
#2811=ORIENTED_EDGE('',*,*,#1689,.T.);
#2812=ORIENTED_EDGE('',*,*,#1948,.F.);
#2813=ORIENTED_EDGE('',*,*,#1949,.T.);
#2814=ORIENTED_EDGE('',*,*,#1950,.T.);
#2815=ORIENTED_EDGE('',*,*,#1693,.T.);
#2816=ORIENTED_EDGE('',*,*,#1832,.F.);
#2817=ORIENTED_EDGE('',*,*,#1829,.F.);
#2818=ORIENTED_EDGE('',*,*,#1825,.F.);
#2819=ORIENTED_EDGE('',*,*,#1691,.T.);
#2820=ORIENTED_EDGE('',*,*,#1820,.F.);
#2821=ORIENTED_EDGE('',*,*,#1819,.F.);
#2822=ORIENTED_EDGE('',*,*,#1951,.T.);
#2823=ORIENTED_EDGE('',*,*,#1952,.F.);
#2824=ORIENTED_EDGE('',*,*,#1868,.T.);
#2825=ORIENTED_EDGE('',*,*,#1695,.F.);
#2826=ORIENTED_EDGE('',*,*,#1953,.T.);
#2827=ORIENTED_EDGE('',*,*,#1954,.F.);
#2828=ORIENTED_EDGE('',*,*,#1878,.F.);
#2829=ORIENTED_EDGE('',*,*,#1875,.F.);
#2830=ORIENTED_EDGE('',*,*,#1885,.T.);
#2831=ORIENTED_EDGE('',*,*,#1871,.T.);
#2832=ORIENTED_EDGE('',*,*,#1869,.T.);
#2833=ORIENTED_EDGE('',*,*,#1952,.T.);
#2834=ORIENTED_EDGE('',*,*,#1955,.T.);
#2835=ORIENTED_EDGE('',*,*,#1956,.F.);
#2836=ORIENTED_EDGE('',*,*,#1879,.F.);
#2837=ORIENTED_EDGE('',*,*,#1954,.T.);
#2838=ORIENTED_EDGE('',*,*,#1957,.T.);
#2839=ORIENTED_EDGE('',*,*,#1958,.T.);
#2840=ORIENTED_EDGE('',*,*,#1881,.T.);
#2841=ORIENTED_EDGE('',*,*,#1956,.T.);
#2842=ORIENTED_EDGE('',*,*,#1959,.T.);
#2843=ORIENTED_EDGE('',*,*,#1960,.T.);
#2844=ORIENTED_EDGE('',*,*,#1891,.T.);
#2845=ORIENTED_EDGE('',*,*,#1894,.T.);
#2846=ORIENTED_EDGE('',*,*,#1896,.T.);
#2847=ORIENTED_EDGE('',*,*,#1898,.T.);
#2848=ORIENTED_EDGE('',*,*,#1889,.T.);
#2849=ORIENTED_EDGE('',*,*,#1886,.T.);
#2850=ORIENTED_EDGE('',*,*,#1884,.F.);
#2851=ORIENTED_EDGE('',*,*,#1882,.F.);
#2852=ORIENTED_EDGE('',*,*,#1958,.F.);
#2853=ORIENTED_EDGE('',*,*,#1961,.T.);
#2854=ORIENTED_EDGE('',*,*,#1597,.F.);
#2855=ORIENTED_EDGE('',*,*,#1892,.F.);
#2856=ORIENTED_EDGE('',*,*,#1960,.F.);
#2857=ORIENTED_EDGE('',*,*,#1634,.F.);
#2858=ORIENTED_EDGE('',*,*,#1506,.F.);
#2859=ORIENTED_EDGE('',*,*,#1962,.F.);
#2860=ORIENTED_EDGE('',*,*,#1934,.F.);
#2861=ORIENTED_EDGE('',*,*,#1680,.F.);
#2862=ORIENTED_EDGE('',*,*,#1933,.F.);
#2863=ORIENTED_EDGE('',*,*,#1931,.F.);
#2864=ORIENTED_EDGE('',*,*,#1929,.F.);
#2865=ORIENTED_EDGE('',*,*,#1927,.F.);
#2866=ORIENTED_EDGE('',*,*,#1925,.F.);
#2867=ORIENTED_EDGE('',*,*,#1923,.F.);
#2868=ORIENTED_EDGE('',*,*,#1578,.F.);
#2869=ORIENTED_EDGE('',*,*,#1963,.F.);
#2870=ORIENTED_EDGE('',*,*,#1935,.F.);
#2871=ORIENTED_EDGE('',*,*,#1962,.T.);
#2872=ORIENTED_EDGE('',*,*,#1505,.F.);
#2873=ORIENTED_EDGE('',*,*,#1964,.F.);
#2874=ORIENTED_EDGE('',*,*,#1947,.F.);
#2875=ORIENTED_EDGE('',*,*,#1945,.F.);
#2876=ORIENTED_EDGE('',*,*,#1943,.F.);
#2877=ORIENTED_EDGE('',*,*,#1942,.F.);
#2878=ORIENTED_EDGE('',*,*,#1939,.F.);
#2879=ORIENTED_EDGE('',*,*,#1937,.F.);
#2880=ORIENTED_EDGE('',*,*,#1946,.F.);
#2881=ORIENTED_EDGE('',*,*,#1963,.T.);
#2882=ORIENTED_EDGE('',*,*,#1504,.F.);
#2883=ORIENTED_EDGE('',*,*,#1965,.T.);
#2884=ORIENTED_EDGE('',*,*,#1949,.F.);
#2885=ORIENTED_EDGE('',*,*,#1964,.T.);
#2886=ORIENTED_EDGE('',*,*,#1503,.F.);
#2887=ORIENTED_EDGE('',*,*,#1545,.F.);
#2888=ORIENTED_EDGE('',*,*,#1598,.F.);
#2889=ORIENTED_EDGE('',*,*,#1961,.F.);
#2890=ORIENTED_EDGE('',*,*,#1959,.F.);
#2891=ORIENTED_EDGE('',*,*,#1957,.F.);
#2892=ORIENTED_EDGE('',*,*,#1955,.F.);
#2893=ORIENTED_EDGE('',*,*,#1953,.F.);
#2894=ORIENTED_EDGE('',*,*,#1951,.F.);
#2895=ORIENTED_EDGE('',*,*,#1694,.F.);
#2896=ORIENTED_EDGE('',*,*,#1950,.F.);
#2897=ORIENTED_EDGE('',*,*,#1965,.F.);
#2898=ORIENTED_EDGE('',*,*,#1502,.F.);
#2899=ORIENTED_EDGE('',*,*,#1520,.F.);
#2900=CONICAL_SURFACE('',#3113,3.20000000000001,0.785398163397377);
#2901=CONICAL_SURFACE('',#3126,3.19999999999997,0.785398163397377);
#2902=CONICAL_SURFACE('',#3130,3.19999999999997,0.785398163397486);
#2903=CONICAL_SURFACE('',#3134,3.20000000000001,0.785398163397486);
#2904=CONICAL_SURFACE('',#3210,57.4999999999993,0.785398163397463);
#2905=CONICAL_SURFACE('',#3218,47.9869271369761,0.785398163397444);
#2906=CONICAL_SURFACE('',#3249,57.5000001528307,0.785398163397444);
#2907=CONICAL_SURFACE('',#3251,8.30681971806855,0.785398163397451);
#2908=CONICAL_SURFACE('',#3253,8.3068197180686,0.785398163397457);
#2909=CONICAL_SURFACE('',#3256,57.4999999999998,0.785398163397456);
#2910=CONICAL_SURFACE('',#3259,57.4999998476909,0.78539816339745);
#2911=CONICAL_SURFACE('',#3262,57.4999999999996,0.78539816339747);
#2912=CONICAL_SURFACE('',#3265,57.4999999999999,0.785398163397451);
#2913=CONICAL_SURFACE('',#3303,2.5,0.785398163397457);
#2914=CONICAL_SURFACE('',#3305,8.5,0.785398163397457);
#2915=CONICAL_SURFACE('',#3306,2.5,0.785398163397455);
#2916=CONICAL_SURFACE('',#3308,8.5,0.785398163397458);
#2917=CONICAL_SURFACE('',#3309,2.10000000000001,0.78539816339746);
#2918=CONICAL_SURFACE('',#3310,52.6869271369762,0.785398163397474);
#2919=CONICAL_SURFACE('',#3311,2.09999999999999,0.785398163397457);
#2920=CONICAL_SURFACE('',#3312,48.4869271369761,0.785398163397456);
#2921=CONICAL_SURFACE('',#3313,2.5,0.785398163397451);
#2922=CONICAL_SURFACE('',#3315,2.5,0.785398163397457);
#2923=CONICAL_SURFACE('',#3316,2.5,0.785398163397453);
#2924=CONICAL_SURFACE('',#3318,2.5,0.785398163397453);
#2925=CONICAL_SURFACE('',#3329,2.5,0.785398163397451);
#2926=CONICAL_SURFACE('',#3331,2.5,0.785398163397455);
#2927=CONICAL_SURFACE('',#3364,2.60000000000001,0.785398163397445);
#2928=CONICAL_SURFACE('',#3365,53.1869271369762,0.785398163397453);
#2929=CONICAL_SURFACE('',#3366,2.60000000000001,0.785398163397445);
#2930=CONICAL_SURFACE('',#3376,115.702338850613,0.785398163397454);
#2931=CONICAL_SURFACE('',#3377,115.702338850613,0.785398163397454);
#2932=CONICAL_SURFACE('',#3387,95.3655239359761,0.785398163397446);
#2933=ADVANCED_FACE('',(#271),#2900,.F.);
#2934=ADVANCED_FACE('',(#272,#202,#203,#204,#205,#206,#207),#224,.F.);
#2935=ADVANCED_FACE('',(#273),#154,.F.);
#2936=ADVANCED_FACE('',(#274),#2901,.F.);
#2937=ADVANCED_FACE('',(#275),#155,.F.);
#2938=ADVANCED_FACE('',(#276),#2902,.F.);
#2939=ADVANCED_FACE('',(#277),#156,.F.);
#2940=ADVANCED_FACE('',(#278),#2903,.F.);
#2941=ADVANCED_FACE('',(#279),#157,.F.);
#2942=ADVANCED_FACE('',(#280),#125,.T.);
#2943=ADVANCED_FACE('',(#281),#158,.F.);
#2944=ADVANCED_FACE('',(#282),#126,.T.);
#2945=ADVANCED_FACE('',(#283),#159,.F.);
#2946=ADVANCED_FACE('',(#284),#225,.T.);
#2947=ADVANCED_FACE('',(#285,#208),#160,.T.);
#2948=ADVANCED_FACE('',(#286,#209),#22,.T.);
#2949=ADVANCED_FACE('',(#287),#23,.T.);
#2950=ADVANCED_FACE('',(#288,#210,#211,#212,#213,#214,#215,#216),#226,.T.);
#2951=ADVANCED_FACE('',(#289),#161,.F.);
#2952=ADVANCED_FACE('',(#290),#227,.T.);
#2953=ADVANCED_FACE('',(#291,#217),#24,.T.);
#2954=ADVANCED_FACE('',(#292),#25,.T.);
#2955=ADVANCED_FACE('',(#293),#162,.F.);
#2956=ADVANCED_FACE('',(#294),#228,.F.);
#2957=ADVANCED_FACE('',(#295),#163,.F.);
#2958=ADVANCED_FACE('',(#296),#164,.F.);
#2959=ADVANCED_FACE('',(#297),#229,.T.);
#2960=ADVANCED_FACE('',(#298),#230,.T.);
#2961=ADVANCED_FACE('',(#299),#231,.T.);
#2962=ADVANCED_FACE('',(#300),#232,.F.);
#2963=ADVANCED_FACE('',(#301),#233,.F.);
#2964=ADVANCED_FACE('',(#302),#234,.T.);
#2965=ADVANCED_FACE('',(#303),#26,.T.);
#2966=ADVANCED_FACE('',(#304),#165,.T.);
#2967=ADVANCED_FACE('',(#305),#2904,.T.);
#2968=ADVANCED_FACE('',(#306,#218),#235,.F.);
#2969=ADVANCED_FACE('',(#307),#236,.F.);
#2970=ADVANCED_FACE('',(#308),#2905,.T.);
#2971=ADVANCED_FACE('',(#309,#219,#220,#221,#222),#237,.F.);
#2972=ADVANCED_FACE('',(#310),#238,.T.);
#2973=ADVANCED_FACE('',(#311),#239,.T.);
#2974=ADVANCED_FACE('',(#312),#2906,.T.);
#2975=ADVANCED_FACE('',(#313),#2907,.F.);
#2976=ADVANCED_FACE('',(#314),#2908,.F.);
#2977=ADVANCED_FACE('',(#315),#2909,.T.);
#2978=ADVANCED_FACE('',(#316),#2910,.T.);
#2979=ADVANCED_FACE('',(#317),#2911,.T.);
#2980=ADVANCED_FACE('',(#318),#2912,.T.);
#2981=ADVANCED_FACE('',(#319),#166,.F.);
#2982=ADVANCED_FACE('',(#320),#167,.F.);
#2983=ADVANCED_FACE('',(#321),#168,.F.);
#2984=ADVANCED_FACE('',(#322),#169,.T.);
#2985=ADVANCED_FACE('',(#323,#223),#240,.F.);
#2986=ADVANCED_FACE('',(#324),#170,.F.);
#2987=ADVANCED_FACE('',(#325),#171,.F.);
#2988=ADVANCED_FACE('',(#326),#241,.T.);
#2989=ADVANCED_FACE('',(#327),#172,.T.);
#2990=ADVANCED_FACE('',(#328),#173,.F.);
#2991=ADVANCED_FACE('',(#329),#27,.F.);
#2992=ADVANCED_FACE('',(#330),#174,.F.);
#2993=ADVANCED_FACE('',(#331),#242,.T.);
#2994=ADVANCED_FACE('',(#332),#127,.T.);
#2995=ADVANCED_FACE('',(#333),#128,.T.);
#2996=ADVANCED_FACE('',(#334),#129,.T.);
#2997=ADVANCED_FACE('',(#335),#130,.T.);
#2998=ADVANCED_FACE('',(#336),#131,.T.);
#2999=ADVANCED_FACE('',(#337),#132,.T.);
#3000=ADVANCED_FACE('',(#338),#133,.F.);
#3001=ADVANCED_FACE('',(#339),#243,.T.);
#3002=ADVANCED_FACE('',(#340),#134,.F.);
#3003=ADVANCED_FACE('',(#341),#135,.T.);
#3004=ADVANCED_FACE('',(#342),#136,.T.);
#3005=ADVANCED_FACE('',(#343),#137,.T.);
#3006=ADVANCED_FACE('',(#344),#138,.T.);
#3007=ADVANCED_FACE('',(#345),#139,.T.);
#3008=ADVANCED_FACE('',(#346),#244,.F.);
#3009=ADVANCED_FACE('',(#347),#140,.T.);
#3010=ADVANCED_FACE('',(#348),#141,.T.);
#3011=ADVANCED_FACE('',(#349),#142,.T.);
#3012=ADVANCED_FACE('',(#350),#143,.T.);
#3013=ADVANCED_FACE('',(#351),#144,.T.);
#3014=ADVANCED_FACE('',(#352),#145,.T.);
#3015=ADVANCED_FACE('',(#353),#2913,.F.);
#3016=ADVANCED_FACE('',(#354),#2914,.F.);
#3017=ADVANCED_FACE('',(#355),#2915,.F.);
#3018=ADVANCED_FACE('',(#356),#2916,.F.);
#3019=ADVANCED_FACE('',(#357),#2917,.F.);
#3020=ADVANCED_FACE('',(#358),#2918,.F.);
#3021=ADVANCED_FACE('',(#359),#2919,.F.);
#3022=ADVANCED_FACE('',(#360),#2920,.T.);
#3023=ADVANCED_FACE('',(#361),#2921,.F.);
#3024=ADVANCED_FACE('',(#362),#2922,.F.);
#3025=ADVANCED_FACE('',(#363),#2923,.F.);
#3026=ADVANCED_FACE('',(#364),#2924,.F.);
#3027=ADVANCED_FACE('',(#365),#175,.T.);
#3028=ADVANCED_FACE('',(#366),#245,.T.);
#3029=ADVANCED_FACE('',(#367),#176,.T.);
#3030=ADVANCED_FACE('',(#368),#177,.F.);
#3031=ADVANCED_FACE('',(#369),#178,.T.);
#3032=ADVANCED_FACE('',(#370),#179,.F.);
#3033=ADVANCED_FACE('',(#371),#2925,.F.);
#3034=ADVANCED_FACE('',(#372),#2926,.F.);
#3035=ADVANCED_FACE('',(#373),#246,.F.);
#3036=ADVANCED_FACE('',(#374),#180,.T.);
#3037=ADVANCED_FACE('',(#375),#247,.T.);
#3038=ADVANCED_FACE('',(#376),#248,.T.);
#3039=ADVANCED_FACE('',(#377),#181,.F.);
#3040=ADVANCED_FACE('',(#378),#28,.F.);
#3041=ADVANCED_FACE('',(#379),#182,.F.);
#3042=ADVANCED_FACE('',(#380),#183,.T.);
#3043=ADVANCED_FACE('',(#381),#184,.T.);
#3044=ADVANCED_FACE('',(#382),#249,.T.);
#3045=ADVANCED_FACE('',(#383),#185,.F.);
#3046=ADVANCED_FACE('',(#384),#186,.F.);
#3047=ADVANCED_FACE('',(#385),#250,.F.);
#3048=ADVANCED_FACE('',(#386),#251,.F.);
#3049=ADVANCED_FACE('',(#387),#252,.F.);
#3050=ADVANCED_FACE('',(#388),#187,.F.);
#3051=ADVANCED_FACE('',(#389),#188,.F.);
#3052=ADVANCED_FACE('',(#390),#253,.F.);
#3053=ADVANCED_FACE('',(#391),#254,.T.);
#3054=ADVANCED_FACE('',(#392),#2927,.F.);
#3055=ADVANCED_FACE('',(#393),#2928,.F.);
#3056=ADVANCED_FACE('',(#394),#2929,.F.);
#3057=ADVANCED_FACE('',(#395),#189,.F.);
#3058=ADVANCED_FACE('',(#396),#190,.F.);
#3059=ADVANCED_FACE('',(#397),#191,.F.);
#3060=ADVANCED_FACE('',(#398),#192,.F.);
#3061=ADVANCED_FACE('',(#399),#193,.F.);
#3062=ADVANCED_FACE('',(#400),#194,.F.);
#3063=ADVANCED_FACE('',(#401),#195,.F.);
#3064=ADVANCED_FACE('',(#402),#196,.F.);
#3065=ADVANCED_FACE('',(#403),#255,.T.);
#3066=ADVANCED_FACE('',(#404),#146,.T.);
#3067=ADVANCED_FACE('',(#405),#2930,.T.);
#3068=ADVANCED_FACE('',(#406),#147,.T.);
#3069=ADVANCED_FACE('',(#407),#2931,.T.);
#3070=ADVANCED_FACE('',(#408),#148,.T.);
#3071=ADVANCED_FACE('',(#409),#149,.T.);
#3072=ADVANCED_FACE('',(#410),#256,.F.);
#3073=ADVANCED_FACE('',(#411),#257,.F.);
#3074=ADVANCED_FACE('',(#412),#197,.F.);
#3075=ADVANCED_FACE('',(#413),#258,.T.);
#3076=ADVANCED_FACE('',(#414),#259,.T.);
#3077=ADVANCED_FACE('',(#415),#260,.T.);
#3078=ADVANCED_FACE('',(#416),#198,.F.);
#3079=ADVANCED_FACE('',(#417),#150,.T.);
#3080=ADVANCED_FACE('',(#418),#151,.T.);
#3081=ADVANCED_FACE('',(#419),#2932,.F.);
#3082=ADVANCED_FACE('',(#420),#152,.T.);
#3083=ADVANCED_FACE('',(#421),#153,.T.);
#3084=ADVANCED_FACE('',(#422),#29,.F.);
#3085=ADVANCED_FACE('',(#423),#199,.F.);
#3086=ADVANCED_FACE('',(#424),#261,.T.);
#3087=ADVANCED_FACE('',(#425),#262,.T.);
#3088=ADVANCED_FACE('',(#426),#263,.T.);
#3089=ADVANCED_FACE('',(#427),#200,.F.);
#3090=ADVANCED_FACE('',(#428),#264,.F.);
#3091=ADVANCED_FACE('',(#429),#265,.T.);
#3092=ADVANCED_FACE('',(#430),#266,.F.);
#3093=ADVANCED_FACE('',(#431),#267,.F.);
#3094=ADVANCED_FACE('',(#432),#201,.F.);
#3095=ADVANCED_FACE('',(#433),#268,.T.);
#3096=ADVANCED_FACE('',(#434),#269,.F.);
#3097=ADVANCED_FACE('',(#435),#270,.T.);
#3098=CLOSED_SHELL('',(#2933,#2934,#2935,#2936,#2937,#2938,#2939,#2940,
#2941,#2942,#2943,#2944,#2945,#2946,#2947,#2948,#2949,#2950,#2951,#2952,
#2953,#2954,#2955,#2956,#2957,#2958,#2959,#2960,#2961,#2962,#2963,#2964,
#2965,#2966,#2967,#2968,#2969,#2970,#2971,#2972,#2973,#2974,#2975,#2976,
#2977,#2978,#2979,#2980,#2981,#2982,#2983,#2984,#2985,#2986,#2987,#2988,
#2989,#2990,#2991,#2992,#2993,#2994,#2995,#2996,#2997,#2998,#2999,#3000,
#3001,#3002,#3003,#3004,#3005,#3006,#3007,#3008,#3009,#3010,#3011,#3012,
#3013,#3014,#3015,#3016,#3017,#3018,#3019,#3020,#3021,#3022,#3023,#3024,
#3025,#3026,#3027,#3028,#3029,#3030,#3031,#3032,#3033,#3034,#3035,#3036,
#3037,#3038,#3039,#3040,#3041,#3042,#3043,#3044,#3045,#3046,#3047,#3048,
#3049,#3050,#3051,#3052,#3053,#3054,#3055,#3056,#3057,#3058,#3059,#3060,
#3061,#3062,#3063,#3064,#3065,#3066,#3067,#3068,#3069,#3070,#3071,#3072,
#3073,#3074,#3075,#3076,#3077,#3078,#3079,#3080,#3081,#3082,#3083,#3084,
#3085,#3086,#3087,#3088,#3089,#3090,#3091,#3092,#3093,#3094,#3095,#3096,
#3097));
#3099=DERIVED_UNIT_ELEMENT(#3101,1.);
#3100=DERIVED_UNIT_ELEMENT(#7026,-3.);
#3101=(
MASS_UNIT()
NAMED_UNIT(*)
SI_UNIT(.KILO.,.GRAM.)
);
#3102=DERIVED_UNIT((#3099,#3100));
#3103=MEASURE_REPRESENTATION_ITEM('density measure',
POSITIVE_RATIO_MEASURE(7850.),#3102);
#3104=PROPERTY_DEFINITION_REPRESENTATION(#3109,#3106);
#3105=PROPERTY_DEFINITION_REPRESENTATION(#3110,#3107);
#3106=REPRESENTATION('material name',(#3108),#7023);
#3107=REPRESENTATION('density',(#3103),#7023);
#3108=DESCRIPTIVE_REPRESENTATION_ITEM('\X2\94A2\X0\','\X2\94A2\X0\');
#3109=PROPERTY_DEFINITION('material property','material name',#7038);
#3110=PROPERTY_DEFINITION('material property','density of part',#7038);
#3111=AXIS2_PLACEMENT_3D('',#4213,#3408,#3409);
#3112=AXIS2_PLACEMENT_3D('',#4214,#3410,#3411);
#3113=AXIS2_PLACEMENT_3D('',#4215,#3412,#3413);
#3114=AXIS2_PLACEMENT_3D('',#4217,#3414,#3415);
#3115=AXIS2_PLACEMENT_3D('',#4220,#3417,#3418);
#3116=AXIS2_PLACEMENT_3D('',#4221,#3419,#3420);
#3117=AXIS2_PLACEMENT_3D('',#4228,#3423,#3424);
#3118=AXIS2_PLACEMENT_3D('',#4236,#3428,#3429);
#3119=AXIS2_PLACEMENT_3D('',#4239,#3431,#3432);
#3120=AXIS2_PLACEMENT_3D('',#4241,#3433,#3434);
#3121=AXIS2_PLACEMENT_3D('',#4243,#3435,#3436);
#3122=AXIS2_PLACEMENT_3D('',#4245,#3437,#3438);
#3123=AXIS2_PLACEMENT_3D('',#4247,#3439,#3440);
#3124=AXIS2_PLACEMENT_3D('',#4248,#3441,#3442);
#3125=AXIS2_PLACEMENT_3D('',#4251,#3444,#3445);
#3126=AXIS2_PLACEMENT_3D('',#4252,#3446,#3447);
#3127=AXIS2_PLACEMENT_3D('',#4255,#3449,#3450);
#3128=AXIS2_PLACEMENT_3D('',#4256,#3451,#3452);
#3129=AXIS2_PLACEMENT_3D('',#4259,#3454,#3455);
#3130=AXIS2_PLACEMENT_3D('',#4260,#3456,#3457);
#3131=AXIS2_PLACEMENT_3D('',#4263,#3459,#3460);
#3132=AXIS2_PLACEMENT_3D('',#4264,#3461,#3462);
#3133=AXIS2_PLACEMENT_3D('',#4267,#3464,#3465);
#3134=AXIS2_PLACEMENT_3D('',#4268,#3466,#3467);
#3135=AXIS2_PLACEMENT_3D('',#4271,#3469,#3470);
#3136=AXIS2_PLACEMENT_3D('',#4272,#3471,#3472);
#3137=AXIS2_PLACEMENT_3D('',#4275,#3474,#3475);
#3138=AXIS2_PLACEMENT_3D('',#4409,#3477,#3478);
#3139=AXIS2_PLACEMENT_3D('',#4413,#3480,#3481);
#3140=AXIS2_PLACEMENT_3D('',#4563,#3484,#3485);
#3141=AXIS2_PLACEMENT_3D('',#4567,#3487,#3488);
#3142=AXIS2_PLACEMENT_3D('',#4569,#3490,#3491);
#3143=AXIS2_PLACEMENT_3D('',#4595,#3495,#3496);
#3144=AXIS2_PLACEMENT_3D('',#4610,#3497,#3498);
#3145=AXIS2_PLACEMENT_3D('',#4641,#3500,#3501);
#3146=AXIS2_PLACEMENT_3D('',#4652,#3502,#3503);
#3147=AXIS2_PLACEMENT_3D('',#4657,#3504,#3505);
#3148=AXIS2_PLACEMENT_3D('',#4678,#3506,#3507);
#3149=AXIS2_PLACEMENT_3D('',#4679,#3508,#3509);
#3150=AXIS2_PLACEMENT_3D('',#4732,#3510,#3511);
#3151=AXIS2_PLACEMENT_3D('',#4734,#3512,#3513);
#3152=AXIS2_PLACEMENT_3D('',#4736,#3514,#3515);
#3153=AXIS2_PLACEMENT_3D('',#4738,#3516,#3517);
#3154=AXIS2_PLACEMENT_3D('',#4739,#3518,#3519);
#3155=AXIS2_PLACEMENT_3D('',#4741,#3520,#3521);
#3156=AXIS2_PLACEMENT_3D('',#4792,#3522,#3523);
#3157=AXIS2_PLACEMENT_3D('',#4793,#3524,#3525);
#3158=AXIS2_PLACEMENT_3D('',#4794,#3526,#3527);
#3159=AXIS2_PLACEMENT_3D('',#4796,#3528,#3529);
#3160=AXIS2_PLACEMENT_3D('',#4798,#3530,#3531);
#3161=AXIS2_PLACEMENT_3D('',#4800,#3532,#3533);
#3162=AXIS2_PLACEMENT_3D('',#4802,#3534,#3535);
#3163=AXIS2_PLACEMENT_3D('',#4804,#3536,#3537);
#3164=AXIS2_PLACEMENT_3D('',#4806,#3538,#3539);
#3165=AXIS2_PLACEMENT_3D('',#4816,#3544,#3545);
#3166=AXIS2_PLACEMENT_3D('',#4818,#3546,#3547);
#3167=AXIS2_PLACEMENT_3D('',#4824,#3550,#3551);
#3168=AXIS2_PLACEMENT_3D('',#4826,#3552,#3553);
#3169=AXIS2_PLACEMENT_3D('',#4828,#3554,#3555);
#3170=AXIS2_PLACEMENT_3D('',#4830,#3556,#3557);
#3171=AXIS2_PLACEMENT_3D('',#4832,#3558,#3559);
#3172=AXIS2_PLACEMENT_3D('',#4834,#3560,#3561);
#3173=AXIS2_PLACEMENT_3D('',#4836,#3562,#3563);
#3174=AXIS2_PLACEMENT_3D('',#4842,#3566,#3567);
#3175=AXIS2_PLACEMENT_3D('',#4844,#3568,#3569);
#3176=AXIS2_PLACEMENT_3D('',#4859,#3577,#3578);
#3177=AXIS2_PLACEMENT_3D('',#4861,#3579,#3580);
#3178=AXIS2_PLACEMENT_3D('',#4863,#3581,#3582);
#3179=AXIS2_PLACEMENT_3D('',#4865,#3583,#3584);
#3180=AXIS2_PLACEMENT_3D('',#4867,#3585,#3586);
#3181=AXIS2_PLACEMENT_3D('',#4869,#3587,#3588);
#3182=AXIS2_PLACEMENT_3D('',#4870,#3589,#3590);
#3183=AXIS2_PLACEMENT_3D('',#4873,#3591,#3592);
#3184=AXIS2_PLACEMENT_3D('',#4922,#3594,#3595);
#3185=AXIS2_PLACEMENT_3D('',#4924,#3596,#3597);
#3186=AXIS2_PLACEMENT_3D('',#4925,#3598,#3599);
#3187=AXIS2_PLACEMENT_3D('',#5016,#3600,#3601);
#3188=AXIS2_PLACEMENT_3D('',#5065,#3602,#3603);
#3189=AXIS2_PLACEMENT_3D('',#5067,#3604,#3605);
#3190=AXIS2_PLACEMENT_3D('',#5068,#3606,#3607);
#3191=AXIS2_PLACEMENT_3D('',#5069,#3608,#3609);
#3192=AXIS2_PLACEMENT_3D('',#5072,#3610,#3611);
#3193=AXIS2_PLACEMENT_3D('',#5101,#3613,#3614);
#3194=AXIS2_PLACEMENT_3D('',#5103,#3615,#3616);
#3195=AXIS2_PLACEMENT_3D('',#5104,#3617,#3618);
#3196=AXIS2_PLACEMENT_3D('',#5106,#3620,#3621);
#3197=AXIS2_PLACEMENT_3D('',#5108,#3623,#3624);
#3198=AXIS2_PLACEMENT_3D('',#5110,#3626,#3627);
#3199=AXIS2_PLACEMENT_3D('',#5116,#3631,#3632);
#3200=AXIS2_PLACEMENT_3D('',#5120,#3635,#3636);
#3201=AXIS2_PLACEMENT_3D('',#5137,#3640,#3641);
#3202=AXIS2_PLACEMENT_3D('',#5141,#3644,#3645);
#3203=AXIS2_PLACEMENT_3D('',#5145,#3648,#3649);
#3204=AXIS2_PLACEMENT_3D('',#5180,#3650,#3651);
#3205=AXIS2_PLACEMENT_3D('',#5192,#3652,#3653);
#3206=AXIS2_PLACEMENT_3D('',#5204,#3654,#3655);
#3207=AXIS2_PLACEMENT_3D('',#5217,#3656,#3657);
#3208=AXIS2_PLACEMENT_3D('',#5219,#3658,#3659);
#3209=AXIS2_PLACEMENT_3D('',#5222,#3661,#3662);
#3210=AXIS2_PLACEMENT_3D('',#5223,#3663,#3664);
#3211=AXIS2_PLACEMENT_3D('',#5225,#3665,#3666);
#3212=AXIS2_PLACEMENT_3D('',#5227,#3668,#3669);
#3213=AXIS2_PLACEMENT_3D('',#5233,#3672,#3673);
#3214=AXIS2_PLACEMENT_3D('',#5235,#3674,#3675);
#3215=AXIS2_PLACEMENT_3D('',#5236,#3676,#3677);
#3216=AXIS2_PLACEMENT_3D('',#5238,#3678,#3679);
#3217=AXIS2_PLACEMENT_3D('',#5239,#3680,#3681);
#3218=AXIS2_PLACEMENT_3D('',#5241,#3683,#3684);
#3219=AXIS2_PLACEMENT_3D('',#5245,#3686,#3687);
#3220=AXIS2_PLACEMENT_3D('',#5247,#3689,#3690);
#3221=AXIS2_PLACEMENT_3D('',#5249,#3691,#3692);
#3222=AXIS2_PLACEMENT_3D('',#5251,#3693,#3694);
#3223=AXIS2_PLACEMENT_3D('',#5255,#3696,#3697);
#3224=AXIS2_PLACEMENT_3D('',#5257,#3698,#3699);
#3225=AXIS2_PLACEMENT_3D('',#5259,#3700,#3701);
#3226=AXIS2_PLACEMENT_3D('',#5267,#3705,#3706);
#3227=AXIS2_PLACEMENT_3D('',#5271,#3708,#3709);
#3228=AXIS2_PLACEMENT_3D('',#5274,#3711,#3712);
#3229=AXIS2_PLACEMENT_3D('',#5278,#3714,#3715);
#3230=AXIS2_PLACEMENT_3D('',#5282,#3717,#3718);
#3231=AXIS2_PLACEMENT_3D('',#5286,#3720,#3721);
#3232=AXIS2_PLACEMENT_3D('',#5294,#3725,#3726);
#3233=AXIS2_PLACEMENT_3D('',#5298,#3728,#3729);
#3234=AXIS2_PLACEMENT_3D('',#5300,#3730,#3731);
#3235=AXIS2_PLACEMENT_3D('',#5301,#3732,#3733);
#3236=AXIS2_PLACEMENT_3D('',#5304,#3734,#3735);
#3237=AXIS2_PLACEMENT_3D('',#5306,#3736,#3737);
#3238=AXIS2_PLACEMENT_3D('',#5307,#3738,#3739);
#3239=AXIS2_PLACEMENT_3D('',#5310,#3740,#3741);
#3240=AXIS2_PLACEMENT_3D('',#5312,#3742,#3743);
#3241=AXIS2_PLACEMENT_3D('',#5313,#3744,#3745);
#3242=AXIS2_PLACEMENT_3D('',#5316,#3746,#3747);
#3243=AXIS2_PLACEMENT_3D('',#5318,#3748,#3749);
#3244=AXIS2_PLACEMENT_3D('',#5320,#3750,#3751);
#3245=AXIS2_PLACEMENT_3D('',#5321,#3752,#3753);
#3246=AXIS2_PLACEMENT_3D('',#5323,#3754,#3755);
#3247=AXIS2_PLACEMENT_3D('',#5324,#3756,#3757);
#3248=AXIS2_PLACEMENT_3D('',#5325,#3758,#3759);
#3249=AXIS2_PLACEMENT_3D('',#5326,#3760,#3761);
#3250=AXIS2_PLACEMENT_3D('',#5329,#3762,#3763);
#3251=AXIS2_PLACEMENT_3D('',#5335,#3765,#3766);
#3252=AXIS2_PLACEMENT_3D('',#5336,#3767,#3768);
#3253=AXIS2_PLACEMENT_3D('',#5337,#3769,#3770);
#3254=AXIS2_PLACEMENT_3D('',#5342,#3772,#3773);
#3255=AXIS2_PLACEMENT_3D('',#5345,#3775,#3776);
#3256=AXIS2_PLACEMENT_3D('',#5346,#3777,#3778);
#3257=AXIS2_PLACEMENT_3D('',#5348,#3779,#3780);
#3258=AXIS2_PLACEMENT_3D('',#5350,#3781,#3782);
#3259=AXIS2_PLACEMENT_3D('',#5355,#3783,#3784);
#3260=AXIS2_PLACEMENT_3D('',#5361,#3785,#3786);
#3261=AXIS2_PLACEMENT_3D('',#5362,#3787,#3788);
#3262=AXIS2_PLACEMENT_3D('',#5363,#3789,#3790);
#3263=AXIS2_PLACEMENT_3D('',#5364,#3791,#3792);
#3264=AXIS2_PLACEMENT_3D('',#5365,#3793,#3794);
#3265=AXIS2_PLACEMENT_3D('',#5366,#3795,#3796);
#3266=AXIS2_PLACEMENT_3D('',#5371,#3797,#3798);
#3267=AXIS2_PLACEMENT_3D('',#5372,#3799,#3800);
#3268=AXIS2_PLACEMENT_3D('',#5375,#3801,#3802);
#3269=AXIS2_PLACEMENT_3D('',#5378,#3804,#3805);
#3270=AXIS2_PLACEMENT_3D('',#5380,#3807,#3808);
#3271=AXIS2_PLACEMENT_3D('',#5382,#3809,#3810);
#3272=AXIS2_PLACEMENT_3D('',#5384,#3811,#3812);
#3273=AXIS2_PLACEMENT_3D('',#5386,#3814,#3815);
#3274=AXIS2_PLACEMENT_3D('',#5388,#3816,#3817);
#3275=AXIS2_PLACEMENT_3D('',#5389,#3818,#3819);
#3276=AXIS2_PLACEMENT_3D('',#5391,#3821,#3822);
#3277=AXIS2_PLACEMENT_3D('',#5392,#3823,#3824);
#3278=AXIS2_PLACEMENT_3D('',#5393,#3825,#3826);
#3279=AXIS2_PLACEMENT_3D('',#5398,#3829,#3830);
#3280=AXIS2_PLACEMENT_3D('',#5399,#3831,#3832);
#3281=AXIS2_PLACEMENT_3D('',#5402,#3833,#3834);
#3282=AXIS2_PLACEMENT_3D('',#5403,#3835,#3836);
#3283=AXIS2_PLACEMENT_3D('',#5405,#3838,#3839);
#3284=AXIS2_PLACEMENT_3D('',#5408,#3840,#3841);
#3285=AXIS2_PLACEMENT_3D('',#5409,#3842,#3843);
#3286=AXIS2_PLACEMENT_3D('',#5411,#3845,#3846);
#3287=AXIS2_PLACEMENT_3D('',#5414,#3847,#3848);
#3288=AXIS2_PLACEMENT_3D('',#5427,#3851,#3852);
#3289=AXIS2_PLACEMENT_3D('',#5431,#3854,#3855);
#3290=AXIS2_PLACEMENT_3D('',#5433,#3857,#3858);
#3291=AXIS2_PLACEMENT_3D('',#5436,#3859,#3860);
#3292=AXIS2_PLACEMENT_3D('',#5451,#3863,#3864);
#3293=AXIS2_PLACEMENT_3D('',#5454,#3865,#3866);
#3294=AXIS2_PLACEMENT_3D('',#5455,#3867,#3868);
#3295=AXIS2_PLACEMENT_3D('',#5456,#3869,#3870);
#3296=AXIS2_PLACEMENT_3D('',#5457,#3871,#3872);
#3297=AXIS2_PLACEMENT_3D('',#5461,#3874,#3875);
#3298=AXIS2_PLACEMENT_3D('',#5463,#3877,#3878);
#3299=AXIS2_PLACEMENT_3D('',#5877,#3890,#3891);
#3300=AXIS2_PLACEMENT_3D('',#5879,#3892,#3893);
#3301=AXIS2_PLACEMENT_3D('',#5881,#3894,#3895);
#3302=AXIS2_PLACEMENT_3D('',#6108,#3903,#3904);
#3303=AXIS2_PLACEMENT_3D('',#6410,#3915,#3916);
#3304=AXIS2_PLACEMENT_3D('',#6436,#3918,#3919);
#3305=AXIS2_PLACEMENT_3D('',#6437,#3920,#3921);
#3306=AXIS2_PLACEMENT_3D('',#6439,#3923,#3924);
#3307=AXIS2_PLACEMENT_3D('',#6465,#3926,#3927);
#3308=AXIS2_PLACEMENT_3D('',#6466,#3928,#3929);
#3309=AXIS2_PLACEMENT_3D('',#6468,#3931,#3932);
#3310=AXIS2_PLACEMENT_3D('',#6471,#3935,#3936);
#3311=AXIS2_PLACEMENT_3D('',#6473,#3938,#3939);
#3312=AXIS2_PLACEMENT_3D('',#6475,#3941,#3942);
#3313=AXIS2_PLACEMENT_3D('',#6476,#3943,#3944);
#3314=AXIS2_PLACEMENT_3D('',#6479,#3946,#3947);
#3315=AXIS2_PLACEMENT_3D('',#6480,#3948,#3949);
#3316=AXIS2_PLACEMENT_3D('',#6481,#3950,#3951);
#3317=AXIS2_PLACEMENT_3D('',#6482,#3952,#3953);
#3318=AXIS2_PLACEMENT_3D('',#6483,#3954,#3955);
#3319=AXIS2_PLACEMENT_3D('',#6490,#3957,#3958);
#3320=AXIS2_PLACEMENT_3D('',#6497,#3959,#3960);
#3321=AXIS2_PLACEMENT_3D('',#6501,#3962,#3963);
#3322=AXIS2_PLACEMENT_3D('',#6503,#3965,#3966);
#3323=AXIS2_PLACEMENT_3D('',#6507,#3969,#3970);
#3324=AXIS2_PLACEMENT_3D('',#6508,#3971,#3972);
#3325=AXIS2_PLACEMENT_3D('',#6509,#3973,#3974);
#3326=AXIS2_PLACEMENT_3D('',#6511,#3976,#3977);
#3327=AXIS2_PLACEMENT_3D('',#6512,#3978,#3979);
#3328=AXIS2_PLACEMENT_3D('',#6514,#3981,#3982);
#3329=AXIS2_PLACEMENT_3D('',#6516,#3984,#3985);
#3330=AXIS2_PLACEMENT_3D('',#6517,#3986,#3987);
#3331=AXIS2_PLACEMENT_3D('',#6518,#3988,#3989);
#3332=AXIS2_PLACEMENT_3D('',#6519,#3990,#3991);
#3333=AXIS2_PLACEMENT_3D('',#6530,#3992,#3993);
#3334=AXIS2_PLACEMENT_3D('',#6534,#3995,#3996);
#3335=AXIS2_PLACEMENT_3D('',#6536,#3998,#3999);
#3336=AXIS2_PLACEMENT_3D('',#6540,#4002,#4003);
#3337=AXIS2_PLACEMENT_3D('',#6549,#4008,#4009);
#3338=AXIS2_PLACEMENT_3D('',#6551,#4010,#4011);
#3339=AXIS2_PLACEMENT_3D('',#6553,#4012,#4013);
#3340=AXIS2_PLACEMENT_3D('',#6555,#4015,#4016);
#3341=AXIS2_PLACEMENT_3D('',#6557,#4017,#4018);
#3342=AXIS2_PLACEMENT_3D('',#6559,#4019,#4020);
#3343=AXIS2_PLACEMENT_3D('',#6560,#4021,#4022);
#3344=AXIS2_PLACEMENT_3D('',#6561,#4023,#4024);
#3345=AXIS2_PLACEMENT_3D('',#6574,#4026,#4027);
#3346=AXIS2_PLACEMENT_3D('',#6575,#4028,#4029);
#3347=AXIS2_PLACEMENT_3D('',#6577,#4030,#4031);
#3348=AXIS2_PLACEMENT_3D('',#6579,#4033,#4034);
#3349=AXIS2_PLACEMENT_3D('',#6582,#4036,#4037);
#3350=AXIS2_PLACEMENT_3D('',#6583,#4038,#4039);
#3351=AXIS2_PLACEMENT_3D('',#6589,#4043,#4044);
#3352=AXIS2_PLACEMENT_3D('',#6592,#4046,#4047);
#3353=AXIS2_PLACEMENT_3D('',#6593,#4048,#4049);
#3354=AXIS2_PLACEMENT_3D('',#6596,#4051,#4052);
#3355=AXIS2_PLACEMENT_3D('',#6597,#4053,#4054);
#3356=AXIS2_PLACEMENT_3D('',#6600,#4057,#4058);
#3357=AXIS2_PLACEMENT_3D('',#6601,#4059,#4060);
#3358=AXIS2_PLACEMENT_3D('',#6605,#4063,#4064);
#3359=AXIS2_PLACEMENT_3D('',#6608,#4066,#4067);
#3360=AXIS2_PLACEMENT_3D('',#6609,#4068,#4069);
#3361=AXIS2_PLACEMENT_3D('',#6612,#4071,#4072);
#3362=AXIS2_PLACEMENT_3D('',#6613,#4073,#4074);
#3363=AXIS2_PLACEMENT_3D('',#6617,#4077,#4078);
#3364=AXIS2_PLACEMENT_3D('',#6618,#4079,#4080);
#3365=AXIS2_PLACEMENT_3D('',#6620,#4082,#4083);
#3366=AXIS2_PLACEMENT_3D('',#6622,#4085,#4086);
#3367=AXIS2_PLACEMENT_3D('',#6623,#4087,#4088);
#3368=AXIS2_PLACEMENT_3D('',#6625,#4090,#4091);
#3369=AXIS2_PLACEMENT_3D('',#6627,#4093,#4094);
#3370=AXIS2_PLACEMENT_3D('',#6629,#4096,#4097);
#3371=AXIS2_PLACEMENT_3D('',#6631,#4099,#4100);
#3372=AXIS2_PLACEMENT_3D('',#6633,#4102,#4103);
#3373=AXIS2_PLACEMENT_3D('',#6635,#4105,#4106);
#3374=AXIS2_PLACEMENT_3D('',#6637,#4108,#4109);
#3375=AXIS2_PLACEMENT_3D('',#6639,#4111,#4112);
#3376=AXIS2_PLACEMENT_3D('',#6658,#4115,#4116);
#3377=AXIS2_PLACEMENT_3D('',#6693,#4119,#4120);
#3378=AXIS2_PLACEMENT_3D('',#6748,#4123,#4124);
#3379=AXIS2_PLACEMENT_3D('',#6752,#4127,#4128);
#3380=AXIS2_PLACEMENT_3D('',#6756,#4131,#4132);
#3381=AXIS2_PLACEMENT_3D('',#6758,#4133,#4134);
#3382=AXIS2_PLACEMENT_3D('',#6760,#4136,#4137);
#3383=AXIS2_PLACEMENT_3D('',#6764,#4140,#4141);
#3384=AXIS2_PLACEMENT_3D('',#6768,#4144,#4145);
#3385=AXIS2_PLACEMENT_3D('',#6770,#4147,#4148);
#3386=AXIS2_PLACEMENT_3D('',#6772,#4149,#4150);
#3387=AXIS2_PLACEMENT_3D('',#6888,#4154,#4155);
#3388=AXIS2_PLACEMENT_3D('',#6891,#4157,#4158);
#3389=AXIS2_PLACEMENT_3D('',#6964,#4160,#4161);
#3390=AXIS2_PLACEMENT_3D('',#6965,#4162,#4163);
#3391=AXIS2_PLACEMENT_3D('',#6967,#4164,#4165);
#3392=AXIS2_PLACEMENT_3D('',#6982,#4166,#4167);
#3393=AXIS2_PLACEMENT_3D('',#6985,#4169,#4170);
#3394=AXIS2_PLACEMENT_3D('',#6986,#4171,#4172);
#3395=AXIS2_PLACEMENT_3D('',#6990,#4175,#4176);
#3396=AXIS2_PLACEMENT_3D('',#6994,#4179,#4180);
#3397=AXIS2_PLACEMENT_3D('',#6998,#4183,#4184);
#3398=AXIS2_PLACEMENT_3D('',#7000,#4185,#4186);
#3399=AXIS2_PLACEMENT_3D('',#7002,#4188,#4189);
#3400=AXIS2_PLACEMENT_3D('',#7006,#4192,#4193);
#3401=AXIS2_PLACEMENT_3D('',#7008,#4195,#4196);
#3402=AXIS2_PLACEMENT_3D('',#7010,#4198,#4199);
#3403=AXIS2_PLACEMENT_3D('',#7012,#4201,#4202);
#3404=AXIS2_PLACEMENT_3D('',#7014,#4204,#4205);
#3405=AXIS2_PLACEMENT_3D('',#7016,#4207,#4208);
#3406=AXIS2_PLACEMENT_3D('',#7017,#4209,#4210);
#3407=AXIS2_PLACEMENT_3D('',#7018,#4211,#4212);
#3408=DIRECTION('axis',(0.,0.,1.));
#3409=DIRECTION('refdir',(1.,0.,0.));
#3410=DIRECTION('axis',(0.,0.,1.));
#3411=DIRECTION('refdir',(1.,0.,0.));
#3412=DIRECTION('center_axis',(0.,1.,0.));
#3413=DIRECTION('ref_axis',(0.503525022658355,4.26872578193276E-16,-0.863980643045261));
#3414=DIRECTION('center_axis',(-3.28692043842089E-32,1.,2.10602227472808E-16));
#3415=DIRECTION('ref_axis',(0.503525022658355,1.81956247918721E-16,-0.863980643045261));
#3416=DIRECTION('',(0.356045958018807,-0.707106781186598,-0.610926571511175));
#3417=DIRECTION('center_axis',(3.28692043842089E-32,-1.,-2.10602227472808E-16));
#3418=DIRECTION('ref_axis',(0.503525022658355,8.94440117808334E-16,-0.863980643045262));
#3419=DIRECTION('center_axis',(3.28692043842089E-32,-1.,-2.10602227472808E-16));
#3420=DIRECTION('ref_axis',(0.,2.10602227472808E-16,-1.));
#3421=DIRECTION('',(1.,3.28692043842089E-32,-2.14774176617296E-48));
#3422=DIRECTION('',(1.59872116618049E-15,2.10602227472808E-16,-1.));
#3423=DIRECTION('center_axis',(3.28692043842089E-32,-1.,-2.10602227472808E-16));
#3424=DIRECTION('ref_axis',(-0.794781789701976,0.,-0.606895301314917));
#3425=DIRECTION('',(1.77635683940025E-15,-2.10602227472808E-16,1.));
#3426=DIRECTION('',(1.,3.28692043842089E-32,-2.14774176617296E-48));
#3427=DIRECTION('',(-4.44089209850063E-17,2.10602227472808E-16,-1.));
#3428=DIRECTION('center_axis',(-3.28692043842089E-32,1.,2.10602227472808E-16));
#3429=DIRECTION('ref_axis',(-0.771192770311193,0.,-0.636601689457189));
#3430=DIRECTION('',(1.77635683940025E-16,-2.10602227472808E-16,1.));
#3431=DIRECTION('center_axis',(-3.28692043842089E-32,1.,2.10602227472808E-16));
#3432=DIRECTION('ref_axis',(0.503525022658374,1.81956247918719E-16,-0.86398064304525));
#3433=DIRECTION('center_axis',(-3.28692043842089E-32,1.,2.10602227472808E-16));
#3434=DIRECTION('ref_axis',(-1.,0.,1.87052353582125E-31));
#3435=DIRECTION('center_axis',(3.28692043842089E-32,-1.,-2.10602227472808E-16));
#3436=DIRECTION('ref_axis',(-1.,0.,4.83442436082234E-63));
#3437=DIRECTION('center_axis',(3.28692043842089E-32,-1.,-2.10602227472808E-16));
#3438=DIRECTION('ref_axis',(-1.,0.,-1.27806621033235E-63));
#3439=DIRECTION('center_axis',(-3.28692043842089E-32,1.,2.10602227472808E-16));
#3440=DIRECTION('ref_axis',(-1.,0.,1.87052353582125E-31));
#3441=DIRECTION('center_axis',(1.77635683940025E-15,-1.,0.));
#3442=DIRECTION('ref_axis',(0.503525022658355,8.94440117808334E-16,-0.863980643045261));
#3443=DIRECTION('',(1.77635683940025E-15,-1.,0.));
#3444=DIRECTION('center_axis',(1.0547118733939E-15,-1.,-2.10602244022985E-16));
#3445=DIRECTION('ref_axis',(0.503525022658355,8.94440117808334E-16,-0.863980643045261));
#3446=DIRECTION('center_axis',(0.,1.,0.));
#3447=DIRECTION('ref_axis',(0.503525022658374,4.26872578193284E-16,-0.86398064304525));
#3448=DIRECTION('',(0.356045958018821,-0.707106781186598,-0.610926571511167));
#3449=DIRECTION('center_axis',(3.28692043842089E-32,-1.,-2.10602227472808E-16));
#3450=DIRECTION('ref_axis',(0.503525022658374,8.94440117808368E-16,-0.86398064304525));
#3451=DIRECTION('center_axis',(1.77635683940025E-15,-1.,0.));
#3452=DIRECTION('ref_axis',(0.503525022658374,8.94440117808368E-16,-0.86398064304525));
#3453=DIRECTION('',(1.77635683940025E-15,-1.,0.));
#3454=DIRECTION('center_axis',(1.0547118733939E-15,-1.,-2.10602244022984E-16));
#3455=DIRECTION('ref_axis',(0.503525022658374,8.94440117808368E-16,-0.86398064304525));
#3456=DIRECTION('center_axis',(0.,1.,0.));
#3457=DIRECTION('ref_axis',(-1.,-3.05311331771917E-16,1.2275310703827E-31));
#3458=DIRECTION('',(-0.707106781186574,-0.707106781186521,8.65956056235527E-17));
#3459=DIRECTION('center_axis',(3.28692043842089E-32,-1.,-2.10602227472808E-16));
#3460=DIRECTION('ref_axis',(-1.,-8.88178419700125E-16,-2.84638750565979E-46));
#3461=DIRECTION('center_axis',(8.88178419700125E-16,-1.,0.));
#3462=DIRECTION('ref_axis',(-1.,-8.88178419700125E-16,-2.84638750565979E-46));
#3463=DIRECTION('',(8.88178419700125E-16,-1.,0.));
#3464=DIRECTION('center_axis',(1.0547118733939E-15,-1.,-2.10602244022985E-16));
#3465=DIRECTION('ref_axis',(-1.,-8.88178419700125E-16,-2.84638750565979E-46));
#3466=DIRECTION('center_axis',(0.,1.,0.));
#3467=DIRECTION('ref_axis',(-1.,-3.05311331771918E-16,1.22753107038269E-31));
#3468=DIRECTION('',(-0.707106781186574,-0.707106781186521,8.65956056235527E-17));
#3469=DIRECTION('center_axis',(3.28692043842089E-32,-1.,-2.10602227472808E-16));
#3470=DIRECTION('ref_axis',(-1.,-8.88178419700125E-16,-2.84638750565979E-46));
#3471=DIRECTION('center_axis',(8.88178419700125E-16,-1.,0.));
#3472=DIRECTION('ref_axis',(-1.,-8.88178419700125E-16,-2.84638750565979E-46));
#3473=DIRECTION('',(8.88178419700125E-16,-1.,0.));
#3474=DIRECTION('center_axis',(1.0547118733939E-15,-1.,-2.10602244022985E-16));
#3475=DIRECTION('ref_axis',(-1.,-8.88178419700125E-16,-2.84638750565979E-46));
#3476=DIRECTION('',(-4.44089209850063E-17,2.82372509897905E-16,-1.));
#3477=DIRECTION('center_axis',(-4.44089209850063E-16,1.,0.));
#3478=DIRECTION('ref_axis',(-0.916716142456813,-4.07103747360444E-16,0.399539127194195));
#3479=DIRECTION('',(-4.44089209850063E-16,1.,0.));
#3480=DIRECTION('center_axis',(5.59140671047588E-17,1.,2.82372521976441E-16));
#3481=DIRECTION('ref_axis',(-0.982962210337866,0.,0.183807761119317));
#3482=DIRECTION('',(4.44089209850063E-16,-1.,0.));
#3483=DIRECTION('',(1.77635683940025E-16,-2.82372509897905E-16,1.));
#3484=DIRECTION('center_axis',(-4.44089209850063E-16,-1.,3.94430452610506E-32));
#3485=DIRECTION('ref_axis',(0.916716142456813,-4.07103747360444E-16,0.399539127194195));
#3486=DIRECTION('',(4.44089209850063E-16,1.,-3.94430452610506E-32));
#3487=DIRECTION('center_axis',(5.59140671047588E-17,1.,2.82372521976441E-16));
#3488=DIRECTION('ref_axis',(0.982962210337866,-1.16903888310581E-16,0.183807761119317));
#3489=DIRECTION('',(-4.44089209850063E-16,-1.,3.94430452610506E-32));
#3490=DIRECTION('center_axis',(-1.,0.,1.77635683940025E-16));
#3491=DIRECTION('ref_axis',(-1.77635683940025E-16,2.33486982377254E-16,
-1.));
#3492=DIRECTION('',(-1.77635683940025E-16,2.82372521976441E-16,-1.));
#3493=DIRECTION('',(3.94430452610506E-32,1.,2.22044604925031E-16));
#3494=DIRECTION('',(0.,-1.,0.));
#3495=DIRECTION('center_axis',(0.,-1.,0.));
#3496=DIRECTION('ref_axis',(-0.771192770311193,0.,-0.636601689457189));
#3497=DIRECTION('center_axis',(-5.59140671047588E-17,-1.,-2.82372521976441E-16));
#3498=DIRECTION('ref_axis',(-0.771192770311193,0.,-0.636601689457189));
#3499=DIRECTION('',(0.,-1.,0.));
#3500=DIRECTION('center_axis',(0.,-1.,0.));
#3501=DIRECTION('ref_axis',(-0.771192770311193,0.,-0.636601689457189));
#3502=DIRECTION('center_axis',(0.,1.,0.));
#3503=DIRECTION('ref_axis',(-0.771192770311193,0.,-0.636601689457189));
#3504=DIRECTION('center_axis',(5.59140671047588E-17,1.,2.82372521976441E-16));
#3505=DIRECTION('ref_axis',(0.,-2.39575824118108E-16,1.));
#3506=DIRECTION('center_axis',(-5.59140671047588E-17,-1.,-2.82372521976441E-16));
#3507=DIRECTION('ref_axis',(0.982962210337866,-1.06863676056378E-16,0.183807761119317));
#3508=DIRECTION('center_axis',(-5.59140671047588E-17,-1.,-2.82372521976441E-16));
#3509=DIRECTION('ref_axis',(0.982962210337866,-1.06863676056378E-16,0.183807761119317));
#3510=DIRECTION('center_axis',(5.59140671047588E-17,1.,2.82372521976441E-16));
#3511=DIRECTION('ref_axis',(0.,0.,1.));
#3512=DIRECTION('center_axis',(-5.59140671047588E-17,-1.,-2.82372521976441E-16));
#3513=DIRECTION('ref_axis',(1.,-5.59140671047588E-17,1.12949008790576E-16));
#3514=DIRECTION('center_axis',(-1.,5.59140671047588E-17,0.));
#3515=DIRECTION('ref_axis',(0.,0.,-1.));
#3516=DIRECTION('center_axis',(5.59140671047588E-17,1.,2.82372521976441E-16));
#3517=DIRECTION('ref_axis',(1.,-7.40148683083438E-17,1.12949008790576E-16));
#3518=DIRECTION('center_axis',(5.59140671047588E-17,1.,2.82372521976441E-16));
#3519=DIRECTION('ref_axis',(1.,-7.40148683083438E-17,1.12949008790576E-16));
#3520=DIRECTION('center_axis',(-5.59140671047588E-17,-1.,-2.82372521976441E-16));
#3521=DIRECTION('ref_axis',(1.,-5.59140671047588E-17,1.12949008790576E-16));
#3522=DIRECTION('center_axis',(-5.59140671047588E-17,-1.,-2.82372521976441E-16));
#3523=DIRECTION('ref_axis',(1.,-5.59140671047588E-17,1.12949008790576E-16));
#3524=DIRECTION('center_axis',(-5.59140671047588E-17,-1.,-2.82372521976441E-16));
#3525=DIRECTION('ref_axis',(-1.,5.59140671047588E-17,1.30552068007294E-32));
#3526=DIRECTION('center_axis',(5.59140671047588E-17,1.,2.82372521976441E-16));
#3527=DIRECTION('ref_axis',(1.,-4.19494273445441E-63,-8.88178419700125E-17));
#3528=DIRECTION('center_axis',(-5.59140671047588E-17,-1.,-2.82372521976441E-16));
#3529=DIRECTION('ref_axis',(-0.982962210337866,3.05915392416862E-18,0.183807761119317));
#3530=DIRECTION('center_axis',(-5.59140671047588E-17,-1.,-2.82372521976441E-16));
#3531=DIRECTION('ref_axis',(-1.,5.59140671047588E-17,1.12949008790576E-16));
#3532=DIRECTION('center_axis',(-5.59140671047588E-17,-1.,-2.82372521976441E-16));
#3533=DIRECTION('ref_axis',(-1.,5.59140671047588E-17,1.12949008790576E-16));
#3534=DIRECTION('center_axis',(5.59140671047588E-17,1.,2.82372521976441E-16));
#3535=DIRECTION('ref_axis',(-1.,-4.19494273445441E-63,1.88923425357294E-47));
#3536=DIRECTION('center_axis',(-5.59140671047588E-17,-1.,-2.82372521976441E-16));
#3537=DIRECTION('ref_axis',(-1.,5.59140671047588E-17,1.12949008790576E-16));
#3538=DIRECTION('center_axis',(-5.59140671047588E-17,-1.,-2.82372521976441E-16));
#3539=DIRECTION('ref_axis',(-0.982962210337866,3.05915392416862E-18,0.183807761119317));
#3540=DIRECTION('',(4.44089209850063E-17,-2.82372521976441E-16,1.));
#3541=DIRECTION('',(-1.,5.59140671047588E-17,1.24154169400279E-32));
#3542=DIRECTION('',(-9.93295029661773E-48,2.82372521976441E-16,-1.));
#3543=DIRECTION('',(-1.,5.59140671047588E-17,-3.14879473076236E-76));
#3544=DIRECTION('center_axis',(5.59140671047588E-17,1.,2.82372521976441E-16));
#3545=DIRECTION('ref_axis',(-0.856507138675006,0.,-0.516135177447492));
#3546=DIRECTION('center_axis',(5.59140671047588E-17,1.,2.82372521976441E-16));
#3547=DIRECTION('ref_axis',(-0.99617745362934,0.,0.0873526237760752));
#3548=DIRECTION('',(-1.,5.59140671047588E-17,1.24154169400279E-32));
#3549=DIRECTION('',(-9.93295029661773E-48,2.82372521976441E-16,-1.));
#3550=DIRECTION('center_axis',(-5.59140671047588E-17,-1.,-2.82372521976441E-16));
#3551=DIRECTION('ref_axis',(6.33824917216228E-8,2.82372518432467E-16,-0.999999999999998));
#3552=DIRECTION('center_axis',(5.59140671047588E-17,1.,2.82372521976441E-16));
#3553=DIRECTION('ref_axis',(0.975443190256936,7.65188535386429E-18,-0.220251180658292));
#3554=DIRECTION('center_axis',(-5.59140671047588E-17,-1.,-2.82372521976441E-16));
#3555=DIRECTION('ref_axis',(-0.975443190256936,-7.65188535386419E-18,0.220251180658292));
#3556=DIRECTION('center_axis',(-5.59140671047588E-17,-1.,-2.82372521976441E-16));
#3557=DIRECTION('ref_axis',(0.975443190256936,7.65188535386425E-18,-0.220251180658292));
#3558=DIRECTION('center_axis',(-5.59140671047588E-17,-1.,-2.82372521976441E-16));
#3559=DIRECTION('ref_axis',(-0.943143324378946,1.46591744258093E-16,-0.332386325951339));
#3560=DIRECTION('center_axis',(5.59140671047588E-17,1.,2.82372521976441E-16));
#3561=DIRECTION('ref_axis',(0.975443190256936,7.65188535386429E-18,-0.220251180658292));
#3562=DIRECTION('center_axis',(-5.59140671047588E-17,-1.,-2.82372521976441E-16));
#3563=DIRECTION('ref_axis',(6.33824917216228E-8,2.82372518432467E-16,-0.999999999999998));
#3564=DIRECTION('',(9.93295029661773E-48,-2.82372521976441E-16,1.));
#3565=DIRECTION('',(-1.,5.59140671047588E-17,1.24154169400279E-32));
#3566=DIRECTION('center_axis',(5.59140671047588E-17,1.,2.82372521976441E-16));
#3567=DIRECTION('ref_axis',(0.99617745362934,0.,0.0873526237760751));
#3568=DIRECTION('center_axis',(5.59140671047588E-17,1.,2.82372521976441E-16));
#3569=DIRECTION('ref_axis',(0.856507138675006,0.,-0.516135177447492));
#3570=DIRECTION('',(-1.,5.59140671047588E-17,8.88178419700125E-17));
#3571=DIRECTION('',(8.88178419700125E-17,-2.82372521976441E-16,1.));
#3572=DIRECTION('',(-1.,5.59140671047588E-17,1.24154169400279E-32));
#3573=DIRECTION('',(-1.,5.59140671047621E-17,-1.1842378929335E-14));
#3574=DIRECTION('',(-8.88178419700128E-15,-2.8237252197644E-16,1.));
#3575=DIRECTION('',(1.,-5.59140671047621E-17,1.1842378929335E-14));
#3576=DIRECTION('',(8.88178419700128E-15,2.8237252197644E-16,-1.));
#3577=DIRECTION('center_axis',(-4.25417734020334E-32,1.,2.33486982377254E-16));
#3578=DIRECTION('ref_axis',(-1.,-4.25417734020334E-32,0.));
#3579=DIRECTION('center_axis',(5.59140671047588E-17,1.,2.82372521976441E-16));
#3580=DIRECTION('ref_axis',(-1.,-4.19494273445441E-63,1.88923425357294E-47));
#3581=DIRECTION('center_axis',(5.59140671047588E-17,1.,2.82372521976441E-16));
#3582=DIRECTION('ref_axis',(-1.,-4.19494273445441E-63,1.88923425357294E-47));
#3583=DIRECTION('center_axis',(-4.25417734020334E-32,1.,2.33486982377254E-16));
#3584=DIRECTION('ref_axis',(-1.,-4.25417734020334E-32,0.));
#3585=DIRECTION('center_axis',(5.59140671047588E-17,1.,2.82372521976441E-16));
#3586=DIRECTION('ref_axis',(1.,-4.19494273445441E-63,-8.88178419700125E-17));
#3587=DIRECTION('center_axis',(5.59140671047588E-17,1.,2.82372521976441E-16));
#3588=DIRECTION('ref_axis',(1.,-4.19494273445441E-63,-8.88178419700125E-17));
#3589=DIRECTION('center_axis',(-3.94430452610506E-32,-1.,-4.44089209850063E-16));
#3590=DIRECTION('ref_axis',(1.,-4.19494273445441E-63,-8.88178419700125E-17));
#3591=DIRECTION('center_axis',(4.25417734020334E-32,-1.,-2.33486982377254E-16));
#3592=DIRECTION('ref_axis',(1.,-4.19494273445441E-63,-8.88178419700125E-17));
#3593=DIRECTION('',(-3.94430452610506E-32,-1.,-4.44089209850063E-16));
#3594=DIRECTION('center_axis',(8.32264352595367E-16,1.,2.82372497819368E-16));
#3595=DIRECTION('ref_axis',(-1.,8.32264352595367E-16,8.88178419700125E-17));
#3596=DIRECTION('center_axis',(-8.32264352595367E-16,-1.,-2.82372497819368E-16));
#3597=DIRECTION('ref_axis',(-1.,0.,4.83442436082234E-63));
#3598=DIRECTION('center_axis',(5.59140671047588E-17,1.,2.82372521976441E-16));
#3599=DIRECTION('ref_axis',(0.,-2.39575824118108E-16,1.));
#3600=DIRECTION('center_axis',(5.59140671047588E-17,1.,2.82372521976441E-16));
#3601=DIRECTION('ref_axis',(0.,0.,1.));
#3602=DIRECTION('center_axis',(-1.,5.59140671047588E-17,0.));
#3603=DIRECTION('ref_axis',(0.,0.,-1.));
#3604=DIRECTION('center_axis',(5.59140671047588E-17,1.,2.82372521976441E-16));
#3605=DIRECTION('ref_axis',(-1.,7.40148683083438E-17,1.12949008790576E-16));
#3606=DIRECTION('center_axis',(5.59140671047588E-17,1.,2.82372521976441E-16));
#3607=DIRECTION('ref_axis',(-1.,7.40148683083438E-17,1.12949008790576E-16));
#3608=DIRECTION('center_axis',(4.19494273445441E-63,1.,4.44089209850063E-16));
#3609=DIRECTION('ref_axis',(-1.,-4.19494273445441E-63,1.88923425357294E-47));
#3610=DIRECTION('center_axis',(4.25417734020334E-32,-1.,-2.33486982377254E-16));
#3611=DIRECTION('ref_axis',(-1.,-4.19494273445441E-63,1.88923425357294E-47));
#3612=DIRECTION('',(-4.19494273445441E-63,-1.,-4.44089209850063E-16));
#3613=DIRECTION('center_axis',(8.32264352595367E-16,-1.,-2.82372497819368E-16));
#3614=DIRECTION('ref_axis',(1.,8.32264352595367E-16,5.56881560598263E-47));
#3615=DIRECTION('center_axis',(8.32264352595367E-16,-1.,-2.82372497819368E-16));
#3616=DIRECTION('ref_axis',(-1.,0.,-1.27806621033235E-63));
#3617=DIRECTION('center_axis',(0.,-1.,0.));
#3618=DIRECTION('ref_axis',(-1.,0.,4.83442436082234E-63));
#3619=DIRECTION('',(0.,1.,0.));
#3620=DIRECTION('center_axis',(0.,-1.,0.));
#3621=DIRECTION('ref_axis',(-1.,0.,-1.27806621033235E-63));
#3622=DIRECTION('',(0.,1.,0.));
#3623=DIRECTION('center_axis',(1.,0.,-4.44089209850063E-17));
#3624=DIRECTION('ref_axis',(4.44089209850063E-17,-2.33486982377254E-16,
1.));
#3625=DIRECTION('',(-9.86076131526265E-33,-1.,-2.22044604925031E-16));
#3626=DIRECTION('center_axis',(-0.707106781186552,-0.707106781186543,-6.48003735984545E-15));
#3627=DIRECTION('ref_axis',(-9.16415671897772E-15,0.,1.));
#3628=DIRECTION('',(-0.577350269189617,0.577350269189619,0.577350269189641));
#3629=DIRECTION('',(0.577350269189619,-0.577350269189632,0.577350269189626));
#3630=DIRECTION('',(8.88178419700128E-15,2.8237252197644E-16,-1.));
#3631=DIRECTION('center_axis',(8.33428923030008E-15,-0.70710678118654,-0.707106781186555));
#3632=DIRECTION('ref_axis',(-1.,0.,-1.17864648622303E-14));
#3633=DIRECTION('',(-0.577350269189634,-0.577350269189632,0.577350269189612));
#3634=DIRECTION('',(1.,-5.59140671047621E-17,1.1842378929335E-14));
#3635=DIRECTION('center_axis',(1.,0.,8.88178419700128E-15));
#3636=DIRECTION('ref_axis',(8.88178419700128E-15,1.57885968965488E-16,-1.));
#3637=DIRECTION('',(0.,-1.,0.));
#3638=DIRECTION('',(8.88178419700128E-15,2.33486982377254E-16,-1.));
#3639=DIRECTION('',(0.,1.,0.));
#3640=DIRECTION('center_axis',(-1.1842378929335E-14,0.,1.));
#3641=DIRECTION('ref_axis',(1.,6.81680795320898E-16,1.1842378929335E-14));
#3642=DIRECTION('',(0.,-1.,0.));
#3643=DIRECTION('',(1.,-2.72249954697638E-30,1.1842378929335E-14));
#3644=DIRECTION('center_axis',(0.707106781186549,-0.707106781186546,6.08070230962485E-15));
#3645=DIRECTION('ref_axis',(8.59941167502484E-15,0.,-1.));
#3646=DIRECTION('',(-0.577350269189604,-0.577350269189612,-0.577350269189661));
#3647=DIRECTION('',(-8.88178419700128E-15,-2.8237252197644E-16,1.));
#3648=DIRECTION('center_axis',(5.59140671047588E-17,1.,2.82372521976441E-16));
#3649=DIRECTION('ref_axis',(4.06450572691918E-8,1.72588925991611E-16,-0.999999999999999));
#3650=DIRECTION('center_axis',(5.59140671047588E-17,1.,2.82372521976441E-16));
#3651=DIRECTION('ref_axis',(0.,-2.82372521976441E-16,1.));
#3652=DIRECTION('center_axis',(4.25417734020334E-32,-1.,-2.33486982377254E-16));
#3653=DIRECTION('ref_axis',(0.996424266299595,8.85002530192831E-16,-0.0844907185986323));
#3654=DIRECTION('center_axis',(5.59140671047588E-17,1.,2.82372521976441E-16));
#3655=DIRECTION('ref_axis',(0.,-2.82372521976441E-16,1.));
#3656=DIRECTION('center_axis',(0.,1.,0.));
#3657=DIRECTION('ref_axis',(-0.525848150467051,0.,0.850578463547239));
#3658=DIRECTION('center_axis',(-5.59140671047588E-17,-1.,-2.82372521976441E-16));
#3659=DIRECTION('ref_axis',(-0.525848150467051,0.,0.850578463547239));
#3660=DIRECTION('',(0.,-1.,0.));
#3661=DIRECTION('center_axis',(8.26631821741708E-17,1.,9.97762858136513E-17));
#3662=DIRECTION('ref_axis',(-0.525848150467051,-4.13992784278171E-17,0.850578463547239));
#3663=DIRECTION('center_axis',(0.,-1.,0.));
#3664=DIRECTION('ref_axis',(-0.525848150467051,-1.07221687925524E-16,0.850578463547239));
#3665=DIRECTION('center_axis',(5.59140671047588E-17,1.,2.82372521976441E-16));
#3666=DIRECTION('ref_axis',(-0.525848150467051,-2.10777677118552E-16,0.850578463547239));
#3667=DIRECTION('',(0.37183079306966,0.707106781186539,-0.601449799505494));
#3668=DIRECTION('center_axis',(-5.59140671047588E-17,-1.,-2.82372521976441E-16));
#3669=DIRECTION('ref_axis',(-1.,5.59140671047588E-17,1.30552068007294E-32));
#3670=DIRECTION('',(-9.93295029661772E-48,2.82372521976441E-16,-1.));
#3671=DIRECTION('',(1.,-5.59140671047588E-17,-1.24154169400279E-32));
#3672=DIRECTION('center_axis',(5.59140671047588E-17,1.,2.82372521976441E-16));
#3673=DIRECTION('ref_axis',(-0.650228584500773,-1.78172388657486E-16,0.75973863130561));
#3674=DIRECTION('center_axis',(5.59140671047588E-17,1.,2.82372521976441E-16));
#3675=DIRECTION('ref_axis',(-0.999999732225493,5.61206957591219E-17,-0.000731812094457678));
#3676=DIRECTION('center_axis',(-5.59140671047588E-17,-1.,-2.82372521976441E-16));
#3677=DIRECTION('ref_axis',(0.525848150467052,2.10777677118552E-16,-0.850578463547238));
#3678=DIRECTION('center_axis',(5.59140671047588E-17,1.,2.82372521976441E-16));
#3679=DIRECTION('ref_axis',(-1.,0.,0.));
#3680=DIRECTION('center_axis',(1.,3.92099204329325E-63,-9.93295029661772E-48));
#3681=DIRECTION('ref_axis',(9.93295029661773E-48,-2.33486982377254E-16,
1.));
#3682=DIRECTION('',(-1.7154340189408E-63,1.,2.22044604925031E-16));
#3683=DIRECTION('center_axis',(0.,1.,0.));
#3684=DIRECTION('ref_axis',(0.975443190256936,4.81237519052901E-17,-0.220251180658292));
#3685=DIRECTION('',(-0.666903040299173,0.70710678118655,-0.235032625053876));
#3686=DIRECTION('center_axis',(-5.59140671047588E-17,-1.,-2.82372521976441E-16));
#3687=DIRECTION('ref_axis',(0.975443190256936,8.69432646996304E-17,-0.220251180658292));
#3688=DIRECTION('',(-0.689742494492917,-0.70710678118655,0.155741103407815));
#3689=DIRECTION('center_axis',(4.25417734020334E-32,-1.,-2.33486982377254E-16));
#3690=DIRECTION('ref_axis',(-1.,-4.25417734020334E-32,0.));
#3691=DIRECTION('center_axis',(4.25417734020334E-32,-1.,-2.33486982377254E-16));
#3692=DIRECTION('ref_axis',(0.525848150467052,1.98598998728726E-16,-0.850578463547238));
#3693=DIRECTION('center_axis',(-3.94739477387202E-32,1.,2.33486982377254E-16));
#3694=DIRECTION('ref_axis',(-0.999999732225493,1.70868597602062E-19,-0.000731812094457678));
#3695=DIRECTION('',(1.,4.25417734020334E-32,0.));
#3696=DIRECTION('center_axis',(4.25417734020334E-32,-1.,-2.33486982377254E-16));
#3697=DIRECTION('ref_axis',(1.,0.,0.));
#3698=DIRECTION('center_axis',(-4.25417734020334E-32,1.,2.33486982377254E-16));
#3699=DIRECTION('ref_axis',(-1.,-4.25417734020334E-32,8.95939223911172E-48));
#3700=DIRECTION('center_axis',(-4.25417734020334E-32,1.,2.33486982377254E-16));
#3701=DIRECTION('ref_axis',(-1.,-4.25417734020334E-32,8.95939223911172E-48));
#3702=DIRECTION('',(0.,-2.33486982377254E-16,1.));
#3703=DIRECTION('',(1.,4.25417734020334E-32,-3.64629801437176E-63));
#3704=DIRECTION('',(1.77635683940025E-15,-2.33486982377254E-16,1.));
#3705=DIRECTION('center_axis',(-4.25417734020334E-32,1.,2.33486982377254E-16));
#3706=DIRECTION('ref_axis',(-1.,-4.25417734020334E-32,8.95939223911172E-48));
#3707=DIRECTION('',(1.77635683940025E-15,-2.33486982377254E-16,1.));
#3708=DIRECTION('center_axis',(-4.25417734020334E-32,1.,2.33486982377254E-16));
#3709=DIRECTION('ref_axis',(-1.,-4.25417734020334E-32,8.95939223911172E-48));
#3710=DIRECTION('',(1.77635683940025E-15,-2.33486982377254E-16,1.));
#3711=DIRECTION('center_axis',(4.25417734020334E-32,-1.,-2.33486982377254E-16));
#3712=DIRECTION('ref_axis',(-1.12945285437431E-15,2.33486982377254E-16,
-1.));
#3713=DIRECTION('',(8.88178419700128E-15,2.33486982377254E-16,-1.));
#3714=DIRECTION('center_axis',(4.25417734020334E-32,-1.,-2.33486982377254E-16));
#3715=DIRECTION('ref_axis',(-1.12945285437431E-15,2.33486982377254E-16,
-1.));
#3716=DIRECTION('',(1.59872116618049E-15,2.33486982377254E-16,-1.));
#3717=DIRECTION('center_axis',(-4.25417734020334E-32,1.,2.33486982377254E-16));
#3718=DIRECTION('ref_axis',(1.,6.32795833048715E-32,-8.88178419700125E-17));
#3719=DIRECTION('',(1.59872116618049E-15,2.33486982377254E-16,-1.));
#3720=DIRECTION('center_axis',(-4.25417734020334E-32,1.,2.33486982377254E-16));
#3721=DIRECTION('ref_axis',(1.,6.32795833048715E-32,-8.88178419700125E-17));
#3722=DIRECTION('',(1.59872116618049E-15,2.33486982377254E-16,-1.));
#3723=DIRECTION('',(1.,4.25417734020334E-32,-3.64629801437176E-63));
#3724=DIRECTION('',(6.23283101543948E-16,2.33486982377254E-16,-1.));
#3725=DIRECTION('center_axis',(4.25417734020334E-32,-1.,-2.33486982377254E-16));
#3726=DIRECTION('ref_axis',(-1.1842378929335E-14,0.,-1.));
#3727=DIRECTION('',(1.,4.25417734020334E-32,0.));
#3728=DIRECTION('center_axis',(-1.00891769604446E-16,1.,3.50450814139551E-16));
#3729=DIRECTION('ref_axis',(0.653165695493285,3.31265660258591E-16,-0.757215011889472));
#3730=DIRECTION('center_axis',(1.0840627911656E-17,-1.,-2.46054522665503E-16));
#3731=DIRECTION('ref_axis',(-0.653165695493289,-1.93396904575117E-16,0.757215011889469));
#3732=DIRECTION('center_axis',(-4.24465155594488E-32,1.,2.33486982377254E-16));
#3733=DIRECTION('ref_axis',(0.859403216234072,-1.19381533772486E-16,0.51129845680046));
#3734=DIRECTION('center_axis',(-4.25417734020334E-32,1.,2.33486982377254E-16));
#3735=DIRECTION('ref_axis',(1.,4.25417734020334E-32,-8.95939223911172E-48));
#3736=DIRECTION('center_axis',(-4.25417734020334E-32,1.,2.33486982377254E-16));
#3737=DIRECTION('ref_axis',(-1.,-4.25417734020334E-32,8.95939223911172E-48));
#3738=DIRECTION('center_axis',(-4.25417734020334E-32,1.,2.33486982377254E-16));
#3739=DIRECTION('ref_axis',(1.,4.25417734020334E-32,-8.95939223911172E-48));
#3740=DIRECTION('center_axis',(-4.25417734020334E-32,1.,2.33486982377254E-16));
#3741=DIRECTION('ref_axis',(-1.,-2.18039634991954E-32,-8.88178419700126E-17));
#3742=DIRECTION('center_axis',(-4.25417734020334E-32,1.,2.33486982377254E-16));
#3743=DIRECTION('ref_axis',(1.,6.32795833048715E-32,-8.88178419700125E-17));
#3744=DIRECTION('center_axis',(-4.25417734020334E-32,1.,2.33486982377254E-16));
#3745=DIRECTION('ref_axis',(-1.,-2.18039634991954E-32,-8.88178419700126E-17));
#3746=DIRECTION('center_axis',(4.25417734020334E-32,-1.,-2.33486982377254E-16));
#3747=DIRECTION('ref_axis',(0.975443190256936,5.14257835369321E-17,-0.220251180658292));
#3748=DIRECTION('center_axis',(-4.25417734020334E-32,1.,2.33486982377254E-16));
#3749=DIRECTION('ref_axis',(-0.943143324378946,7.76078802298405E-17,-0.332386325951339));
#3750=DIRECTION('center_axis',(-4.25417734020334E-32,1.,2.33486982377254E-16));
#3751=DIRECTION('ref_axis',(0.975443190256936,5.14257835369321E-17,-0.220251180658292));
#3752=DIRECTION('center_axis',(-4.25417734020334E-32,1.,2.33486982377254E-16));
#3753=DIRECTION('ref_axis',(-0.975443190256936,-5.1425783536932E-17,0.220251180658292));
#3754=DIRECTION('center_axis',(-4.25417734020334E-32,1.,2.33486982377254E-16));
#3755=DIRECTION('ref_axis',(1.,6.32795833048715E-32,-8.88178419700125E-17));
#3756=DIRECTION('center_axis',(-1.0547118733939E-15,1.,2.10602244022985E-16));
#3757=DIRECTION('ref_axis',(-1.,-1.0547118733939E-15,-2.84638750565979E-46));
#3758=DIRECTION('center_axis',(-1.0547118733939E-15,1.,2.10602244022985E-16));
#3759=DIRECTION('ref_axis',(-1.,-1.0547118733939E-15,-2.84638750565979E-46));
#3760=DIRECTION('center_axis',(0.,-1.,0.));
#3761=DIRECTION('ref_axis',(-0.999999732225493,2.85483539283432E-17,-0.000731812094457678));
#3762=DIRECTION('center_axis',(-5.59140671047588E-17,-1.,-2.82372521976441E-16));
#3763=DIRECTION('ref_axis',(-0.999999732225493,0.,-0.000731812094457678));
#3764=DIRECTION('',(0.461857874875223,0.707106808203446,0.535431849265691));
#3765=DIRECTION('center_axis',(0.,1.,0.));
#3766=DIRECTION('ref_axis',(0.525848150467053,9.2701812460703E-17,-0.850578463547238));
#3767=DIRECTION('center_axis',(5.59140671047588E-17,1.,2.82372521976441E-16));
#3768=DIRECTION('ref_axis',(0.525848150467052,0.,-0.850578463547238));
#3769=DIRECTION('center_axis',(0.,1.,0.));
#3770=DIRECTION('ref_axis',(-0.653165695493289,-7.79760939044206E-17,0.757215011889469));
#3771=DIRECTION('',(-0.371830793069673,0.707106781186543,-0.601449799505482));
#3772=DIRECTION('center_axis',(5.59140671047588E-17,1.,2.82372521976441E-16));
#3773=DIRECTION('ref_axis',(-0.653165695493289,0.,0.757215011889469));
#3774=DIRECTION('',(-0.461857892521737,0.707106781186539,0.535431869723302));
#3775=DIRECTION('center_axis',(-5.59140671047588E-17,-1.,-2.82372521976441E-16));
#3776=DIRECTION('ref_axis',(-0.653165695493289,-1.77295562057312E-16,0.757215011889469));
#3777=DIRECTION('center_axis',(0.,-1.,0.));
#3778=DIRECTION('ref_axis',(0.653165695493285,9.01894815682853E-17,-0.757215011889472));
#3779=DIRECTION('center_axis',(5.59140671047588E-17,1.,2.82372521976441E-16));
#3780=DIRECTION('ref_axis',(0.653165695493285,1.77295562057313E-16,-0.757215011889472));
#3781=DIRECTION('center_axis',(-5.59140671047588E-17,-1.,-2.82372521976441E-16));
#3782=DIRECTION('ref_axis',(0.653165695493285,0.,-0.757215011889472));
#3783=DIRECTION('center_axis',(0.,-1.,0.));
#3784=DIRECTION('ref_axis',(0.9965260419283,-4.03071603705585E-17,0.0832817372460246));
#3785=DIRECTION('center_axis',(5.59140671047588E-17,1.,2.82372521976441E-16));
#3786=DIRECTION('ref_axis',(0.9965260419283,-7.92362981607579E-17,0.0832817372460246));
#3787=DIRECTION('center_axis',(-5.59140671047588E-17,-1.,-2.82372521976441E-16));
#3788=DIRECTION('ref_axis',(0.9965260419283,0.,0.0832817372460246));
#3789=DIRECTION('center_axis',(0.,-1.,0.));
#3790=DIRECTION('ref_axis',(0.859403216234072,-9.78879807319131E-17,0.51129845680046));
#3791=DIRECTION('center_axis',(-5.59140671047588E-17,-1.,-2.82372521976441E-16));
#3792=DIRECTION('ref_axis',(0.859403216234072,0.,0.51129845680046));
#3793=DIRECTION('center_axis',(5.59140671047588E-17,1.,2.82372521976441E-16));
#3794=DIRECTION('ref_axis',(0.859403216234072,-1.92429363831966E-16,0.51129845680046));
#3795=DIRECTION('center_axis',(0.,-1.,0.));
#3796=DIRECTION('ref_axis',(-0.650228584500773,-9.06355194475037E-17,0.75973863130561));
#3797=DIRECTION('center_axis',(-5.59140671047588E-17,-1.,-2.82372521976441E-16));
#3798=DIRECTION('ref_axis',(-0.650228584500773,0.,0.75973863130561));
#3799=DIRECTION('center_axis',(0.,-1.,-3.94745964311167E-16));
#3800=DIRECTION('ref_axis',(-0.943143324378946,1.31208160761507E-16,-0.332386325951339));
#3801=DIRECTION('center_axis',(4.25417734020334E-32,-1.,-2.33486982377254E-16));
#3802=DIRECTION('ref_axis',(-0.943143324378946,1.31208160761507E-16,-0.332386325951339));
#3803=DIRECTION('',(0.,-1.,-3.94745964311167E-16));
#3804=DIRECTION('center_axis',(5.59140671047588E-17,1.,2.82372521976441E-16));
#3805=DIRECTION('ref_axis',(-0.943143324378946,1.31208160761507E-16,-0.332386325951339));
#3806=DIRECTION('',(0.,-1.,-3.94745964311167E-16));
#3807=DIRECTION('center_axis',(0.,-1.,-3.94745964311167E-16));
#3808=DIRECTION('ref_axis',(0.975443190256936,8.69432646996304E-17,-0.220251180658292));
#3809=DIRECTION('center_axis',(4.25417734020334E-32,-1.,-2.33486982377254E-16));
#3810=DIRECTION('ref_axis',(0.975443190256936,8.69432646996304E-17,-0.220251180658292));
#3811=DIRECTION('center_axis',(5.59140671047588E-17,1.,2.82372521976441E-16));
#3812=DIRECTION('ref_axis',(0.975443190256936,8.69432646996304E-17,-0.220251180658292));
#3813=DIRECTION('',(0.,-1.,-3.94745964311167E-16));
#3814=DIRECTION('center_axis',(0.,-1.,-3.94745964311167E-16));
#3815=DIRECTION('ref_axis',(-0.975443190256936,-8.69432646996303E-17,0.220251180658292));
#3816=DIRECTION('center_axis',(4.25417734020334E-32,-1.,-2.33486982377254E-16));
#3817=DIRECTION('ref_axis',(-0.975443190256936,-8.69432646996303E-17,0.220251180658292));
#3818=DIRECTION('center_axis',(5.59140671047588E-17,1.,2.82372521976441E-16));
#3819=DIRECTION('ref_axis',(-0.975443190256936,-8.69432646996303E-17,0.220251180658292));
#3820=DIRECTION('',(0.,-1.,-3.94745964311167E-16));
#3821=DIRECTION('center_axis',(0.,-1.,-3.94745964311167E-16));
#3822=DIRECTION('ref_axis',(0.975443190256936,8.69432646996304E-17,-0.220251180658292));
#3823=DIRECTION('center_axis',(-4.25417734020334E-32,1.,2.33486982377254E-16));
#3824=DIRECTION('ref_axis',(0.975443190256936,8.69432646996304E-17,-0.220251180658292));
#3825=DIRECTION('center_axis',(-5.59140671047588E-17,-1.,-2.82372521976441E-16));
#3826=DIRECTION('ref_axis',(-1.,5.59140671047588E-17,1.30552068007294E-32));
#3827=DIRECTION('',(1.,-5.59140671047588E-17,-1.24154169400279E-32));
#3828=DIRECTION('',(9.93295029661773E-48,-2.82372521976441E-16,1.));
#3829=DIRECTION('center_axis',(5.59140671047588E-17,1.,2.82372521976441E-16));
#3830=DIRECTION('ref_axis',(-1.,0.,0.));
#3831=DIRECTION('center_axis',(-4.19494273445441E-63,-1.,-4.44089209850063E-16));
#3832=DIRECTION('ref_axis',(1.,-3.94430452610506E-32,8.88178419700125E-17));
#3833=DIRECTION('center_axis',(4.25417734020334E-32,-1.,-2.33486982377254E-16));
#3834=DIRECTION('ref_axis',(-1.,3.94430452610506E-32,-8.88178419700125E-17));
#3835=DIRECTION('center_axis',(4.25417734020334E-32,-1.,-2.33486982377254E-16));
#3836=DIRECTION('ref_axis',(-1.,3.94430452610506E-32,-8.88178419700125E-17));
#3837=DIRECTION('',(-4.19494273445441E-63,-1.,-4.44089209850063E-16));
#3838=DIRECTION('center_axis',(4.19494273445441E-63,1.,4.44089209850063E-16));
#3839=DIRECTION('ref_axis',(-1.,-4.19494273445441E-63,1.88923425357294E-47));
#3840=DIRECTION('center_axis',(4.25417734020334E-32,-1.,-2.33486982377254E-16));
#3841=DIRECTION('ref_axis',(1.,4.19494273445441E-63,-1.88923425357294E-47));
#3842=DIRECTION('center_axis',(4.25417734020334E-32,-1.,-2.33486982377254E-16));
#3843=DIRECTION('ref_axis',(1.,4.19494273445441E-63,-1.88923425357294E-47));
#3844=DIRECTION('',(-4.19494273445441E-63,-1.,-4.44089209850063E-16));
#3845=DIRECTION('center_axis',(0.,1.,0.));
#3846=DIRECTION('ref_axis',(0.,0.,1.));
#3847=DIRECTION('center_axis',(0.,-1.,0.));
#3848=DIRECTION('ref_axis',(-0.771192770311193,0.,-0.636601689457189));
#3849=DIRECTION('',(-0.620064594676867,0.,-0.78455076217426));
#3850=DIRECTION('',(0.65343676353533,0.,-0.756981106805495));
#3851=DIRECTION('center_axis',(0.,1.,0.));
#3852=DIRECTION('ref_axis',(-0.650228584500773,0.,0.75973863130561));
#3853=DIRECTION('',(0.,1.,0.));
#3854=DIRECTION('center_axis',(-4.48562012250367E-32,1.,2.33486982377254E-16));
#3855=DIRECTION('ref_axis',(-0.650228584500773,-1.77389080418972E-16,0.75973863130561));
#3856=DIRECTION('',(0.,-1.,0.));
#3857=DIRECTION('center_axis',(1.,4.25417734020334E-32,0.));
#3858=DIRECTION('ref_axis',(0.,-0.707106781186541,-0.707106781186554));
#3859=DIRECTION('center_axis',(1.,0.,0.));
#3860=DIRECTION('ref_axis',(0.,-1.,0.));
#3861=DIRECTION('',(-1.,-4.25417734020334E-32,0.));
#3862=DIRECTION('',(1.,4.25417734020334E-32,0.));
#3863=DIRECTION('center_axis',(4.25417734020334E-32,-1.,-2.33486982377254E-16));
#3864=DIRECTION('ref_axis',(0.,0.,-1.));
#3865=DIRECTION('center_axis',(0.,0.,1.));
#3866=DIRECTION('ref_axis',(0.,-1.,0.));
#3867=DIRECTION('center_axis',(-4.25417734020334E-32,1.,2.33486982377254E-16));
#3868=DIRECTION('ref_axis',(0.707106781186551,1.85037170770859E-16,-0.707106781186545));
#3869=DIRECTION('center_axis',(4.25417734020334E-32,-1.,-2.33486982377254E-16));
#3870=DIRECTION('ref_axis',(0.707106781186551,1.6510022855774E-16,-0.707106781186545));
#3871=DIRECTION('center_axis',(0.,-1.,0.));
#3872=DIRECTION('ref_axis',(1.,0.,0.));
#3873=DIRECTION('',(0.,-1.,0.));
#3874=DIRECTION('center_axis',(0.,1.,4.88855387945468E-17));
#3875=DIRECTION('ref_axis',(1.,0.,0.));
#3876=DIRECTION('',(0.,-1.,0.));
#3877=DIRECTION('center_axis',(0.,0.,1.));
#3878=DIRECTION('ref_axis',(-1.,0.,0.));
#3879=DIRECTION('',(-1.,0.,0.));
#3880=DIRECTION('',(0.,-1.,0.));
#3881=DIRECTION('',(-0.0920878441813035,-0.708309939819213,0.699869172136724));
#3882=DIRECTION('',(0.0920878441812982,0.708309939819218,0.699869172136719));
#3883=DIRECTION('',(0.0395336009284138,0.707106781186546,-0.706000775068721));
#3884=DIRECTION('',(0.362597632664285,0.726696749888809,0.583467900134445));
#3885=DIRECTION('',(-0.159956814715863,-0.70710678118654,-0.688777044787328));
#3886=DIRECTION('',(-0.362597632664291,-0.726696749888821,0.583467900134425));
#3887=DIRECTION('',(0.15995681471586,0.707106781186541,-0.688777044787328));
#3888=DIRECTION('',(-0.039533600928417,-0.707106781186545,-0.706000775068722));
#3889=DIRECTION('',(0.65343676353533,0.,-0.756981106805495));
#3890=DIRECTION('center_axis',(0.,-1.,0.));
#3891=DIRECTION('ref_axis',(0.,0.,-1.));
#3892=DIRECTION('center_axis',(0.,1.,0.));
#3893=DIRECTION('ref_axis',(-0.771192770311193,0.,-0.636601689457189));
#3894=DIRECTION('center_axis',(0.,-1.,0.));
#3895=DIRECTION('ref_axis',(-0.794781789701976,0.,-0.606895301314917));
#3896=DIRECTION('',(-0.620064594676867,0.,-0.78455076217426));
#3897=DIRECTION('',(-0.507924111441683,0.691758205394886,-0.513306616249024));
#3898=DIRECTION('',(-0.176284333462575,0.57809927105026,-0.796696345282701));
#3899=DIRECTION('',(0.507876115213174,-0.690052505370161,0.515644636768714));
#3900=DIRECTION('',(-0.508518005518433,-0.690052505370158,0.515011628893875));
#3901=DIRECTION('',(-0.508723377503046,-0.690835574675923,0.513757466071376));
#3902=DIRECTION('',(-0.176661643081711,-0.550548887756333,0.815896185831221));
#3903=DIRECTION('center_axis',(1.1842378929335E-14,0.,-1.));
#3904=DIRECTION('ref_axis',(-1.,-4.93432455388959E-16,-1.1842378929335E-14));
#3905=DIRECTION('',(-1.,5.59140671047621E-17,-1.1842378929335E-14));
#3906=DIRECTION('',(0.,1.,0.));
#3907=DIRECTION('',(0.362597632664249,-0.726696749888793,-0.583467900134487));
#3908=DIRECTION('',(-0.362597632664284,0.726696749888807,-0.583467900134448));
#3909=DIRECTION('',(-0.159956814715859,0.707106781186546,0.688777044787324));
#3910=DIRECTION('',(-0.0920878441813285,0.70830993981921,-0.699869172136723));
#3911=DIRECTION('',(0.0395336009284139,-0.707106781186545,0.706000775068722));
#3912=DIRECTION('',(0.0920878441813037,-0.708309939819212,-0.699869172136725));
#3913=DIRECTION('',(-0.0395336009284139,0.707106781186545,0.706000775068722));
#3914=DIRECTION('',(0.159956814715871,-0.707106781186546,0.688777044787321));
#3915=DIRECTION('center_axis',(0.,1.,0.));
#3916=DIRECTION('ref_axis',(-1.,-2.97792413814234E-32,1.1939277328097E-47));
#3917=DIRECTION('',(-0.707106781186554,-0.707106781186541,8.65956056235501E-17));
#3918=DIRECTION('center_axis',(4.25417734020334E-32,-1.,-2.33486982377254E-16));
#3919=DIRECTION('ref_axis',(-1.,-4.19494273445441E-63,1.88923425357294E-47));
#3920=DIRECTION('center_axis',(0.,1.,0.));
#3921=DIRECTION('ref_axis',(1.,2.37733439599599E-32,-1.33415761935019E-47));
#3922=DIRECTION('',(0.707106781186554,-0.707106781186541,-8.65956056235501E-17));
#3923=DIRECTION('center_axis',(0.,1.,0.));
#3924=DIRECTION('ref_axis',(1.,4.429570831341E-32,-8.88178419700125E-17));
#3925=DIRECTION('',(0.707106781186552,-0.707106781186543,-1.49399303970901E-16));
#3926=DIRECTION('center_axis',(4.25417734020334E-32,-1.,-2.33486982377254E-16));
#3927=DIRECTION('ref_axis',(1.,-4.19494273445441E-63,-8.88178419700125E-17));
#3928=DIRECTION('center_axis',(0.,1.,0.));
#3929=DIRECTION('ref_axis',(-1.,5.21677565973669E-33,-8.88178419700125E-17));
#3930=DIRECTION('',(-0.707106781186554,-0.707106781186541,2.37919072761985E-17));
#3931=DIRECTION('center_axis',(0.,1.,0.));
#3932=DIRECTION('ref_axis',(-0.975443190256936,-6.49562525512933E-17,0.220251180658292));
#3933=DIRECTION('',(0.68974249449292,-0.707106781186544,-0.155741103407831));
#3934=DIRECTION('',(0.689742494492933,0.707106781186532,-0.155741103407828));
#3935=DIRECTION('center_axis',(0.,1.,0.));
#3936=DIRECTION('ref_axis',(0.975443190256936,6.90159933123834E-17,-0.220251180658292));
#3937=DIRECTION('',(-0.666903040299185,0.707106781186541,-0.235032625053872));
#3938=DIRECTION('center_axis',(0.,1.,0.));
#3939=DIRECTION('ref_axis',(-0.943143324378946,9.80270347180945E-17,-0.332386325951339));
#3940=DIRECTION('',(0.666903040299186,0.707106781186534,0.235032625053888));
#3941=DIRECTION('center_axis',(0.,-1.,0.));
#3942=DIRECTION('ref_axis',(0.975443190256936,6.93676532793764E-17,-0.220251180658292));
#3943=DIRECTION('center_axis',(0.,1.,0.));
#3944=DIRECTION('ref_axis',(1.,4.429570831341E-32,-8.88178419700125E-17));
#3945=DIRECTION('',(0.707106781186549,-0.707106781186546,-1.49399303970901E-16));
#3946=DIRECTION('center_axis',(4.25417734020334E-32,-1.,-2.33486982377254E-16));
#3947=DIRECTION('ref_axis',(1.,-4.19494273445441E-63,-8.88178419700125E-17));
#3948=DIRECTION('center_axis',(0.,1.,0.));
#3949=DIRECTION('ref_axis',(-1.,-2.97792413814234E-32,1.1939277328097E-47));
#3950=DIRECTION('center_axis',(0.,1.,0.));
#3951=DIRECTION('ref_axis',(-1.,-2.97792413814234E-32,1.1939277328097E-47));
#3952=DIRECTION('center_axis',(4.25417734020334E-32,-1.,-2.33486982377254E-16));
#3953=DIRECTION('ref_axis',(-1.,-4.19494273445441E-63,1.88923425357294E-47));
#3954=DIRECTION('center_axis',(0.,1.,0.));
#3955=DIRECTION('ref_axis',(-1.,-2.97792413814234E-32,1.1939277328097E-47));
#3956=DIRECTION('',(-0.707106781186551,-0.707106781186544,8.65956056235497E-17));
#3957=DIRECTION('center_axis',(4.25417734020334E-32,-1.,-2.33486982377254E-16));
#3958=DIRECTION('ref_axis',(-1.,-4.19494273445441E-63,1.88923425357294E-47));
#3959=DIRECTION('center_axis',(0.,-1.,0.));
#3960=DIRECTION('ref_axis',(1.,0.,0.));
#3961=DIRECTION('',(0.,-1.,0.));
#3962=DIRECTION('center_axis',(0.,1.,4.88855387945468E-17));
#3963=DIRECTION('ref_axis',(1.,0.,0.));
#3964=DIRECTION('',(0.,-1.,0.));
#3965=DIRECTION('center_axis',(0.,0.,-1.));
#3966=DIRECTION('ref_axis',(1.,0.,0.));
#3967=DIRECTION('',(0.,-1.,0.));
#3968=DIRECTION('',(-1.,0.,0.));
#3969=DIRECTION('center_axis',(0.,1.,0.));
#3970=DIRECTION('ref_axis',(-0.999999732225493,0.,-0.000731812094457678));
#3971=DIRECTION('center_axis',(-3.94739477387202E-32,1.,2.33486982377254E-16));
#3972=DIRECTION('ref_axis',(-0.999999732225493,1.70868597602062E-19,-0.000731812094457678));
#3973=DIRECTION('center_axis',(-8.69214219947041E-33,1.,4.88855387945468E-17));
#3974=DIRECTION('ref_axis',(-0.653165695493288,3.70168638395359E-17,-0.75721501188947));
#3975=DIRECTION('',(0.,-1.,0.));
#3976=DIRECTION('center_axis',(0.,1.,0.));
#3977=DIRECTION('ref_axis',(0.525848150467052,0.,-0.850578463547238));
#3978=DIRECTION('center_axis',(0.,1.,0.));
#3979=DIRECTION('ref_axis',(0.859403216234072,0.,0.51129845680046));
#3980=DIRECTION('',(0.,-1.,0.));
#3981=DIRECTION('center_axis',(0.,1.,0.));
#3982=DIRECTION('ref_axis',(-0.653165695493289,0.,0.757215011889469));
#3983=DIRECTION('',(0.,1.,0.));
#3984=DIRECTION('center_axis',(0.,1.,0.));
#3985=DIRECTION('ref_axis',(1.,4.429570831341E-32,-8.88178419700125E-17));
#3986=DIRECTION('center_axis',(4.25417734020334E-32,-1.,-2.33486982377254E-16));
#3987=DIRECTION('ref_axis',(1.,-4.19494273445441E-63,-8.88178419700125E-17));
#3988=DIRECTION('center_axis',(0.,1.,0.));
#3989=DIRECTION('ref_axis',(1.,4.429570831341E-32,-8.88178419700125E-17));
#3990=DIRECTION('center_axis',(-1.,0.,-8.88178419700128E-15));
#3991=DIRECTION('ref_axis',(-8.88178419700128E-15,-4.40258478863396E-16,
1.));
#3992=DIRECTION('center_axis',(0.,-1.,0.));
#3993=DIRECTION('ref_axis',(-1.1842378929335E-14,0.,-1.));
#3994=DIRECTION('',(0.,-1.,0.));
#3995=DIRECTION('center_axis',(0.,1.,4.88855387945468E-17));
#3996=DIRECTION('ref_axis',(-1.1842378929335E-14,4.88855387945468E-17,-1.));
#3997=DIRECTION('',(0.,-1.,0.));
#3998=DIRECTION('center_axis',(0.,0.,-1.));
#3999=DIRECTION('ref_axis',(1.,0.,0.));
#4000=DIRECTION('',(-1.,0.,0.));
#4001=DIRECTION('',(0.,-1.,0.));
#4002=DIRECTION('center_axis',(0.,0.,1.));
#4003=DIRECTION('ref_axis',(-1.,0.,0.));
#4004=DIRECTION('',(-1.,-4.25417734020334E-32,0.));
#4005=DIRECTION('',(0.,-1.,0.));
#4006=DIRECTION('',(-1.,0.,0.));
#4007=DIRECTION('',(0.,-1.,0.));
#4008=DIRECTION('center_axis',(0.,-1.,0.));
#4009=DIRECTION('ref_axis',(-2.368475785867E-14,0.,-1.));
#4010=DIRECTION('center_axis',(-4.25417734020334E-32,1.,2.33486982377254E-16));
#4011=DIRECTION('ref_axis',(-0.707106781186554,1.85037170770858E-16,-0.707106781186542));
#4012=DIRECTION('center_axis',(0.,1.,4.88855387945468E-17));
#4013=DIRECTION('ref_axis',(-2.368475785867E-14,4.88855387945468E-17,-1.));
#4014=DIRECTION('',(0.,-1.,0.));
#4015=DIRECTION('center_axis',(4.25417734020334E-32,-1.,-2.33486982377254E-16));
#4016=DIRECTION('ref_axis',(0.,0.,-1.));
#4017=DIRECTION('center_axis',(1.,0.,-3.55271367880058E-14));
#4018=DIRECTION('ref_axis',(0.,-1.,0.));
#4019=DIRECTION('center_axis',(0.,0.,-1.));
#4020=DIRECTION('ref_axis',(0.,-1.,0.));
#4021=DIRECTION('center_axis',(4.25417734020334E-32,-1.,-2.33486982377254E-16));
#4022=DIRECTION('ref_axis',(-0.707106781186554,1.65100228557739E-16,-0.707106781186541));
#4023=DIRECTION('center_axis',(1.,4.25417734020334E-32,0.));
#4024=DIRECTION('ref_axis',(0.,-0.707106781186541,-0.707106781186554));
#4025=DIRECTION('',(1.,4.25417734020334E-32,0.));
#4026=DIRECTION('center_axis',(0.,1.,0.));
#4027=DIRECTION('ref_axis',(0.653165695493285,0.,-0.757215011889472));
#4028=DIRECTION('center_axis',(4.06243225200871E-34,1.,4.88855387945468E-17));
#4029=DIRECTION('ref_axis',(0.999999732225491,3.57750287257757E-20,-0.000731812098382084));
#4030=DIRECTION('center_axis',(-1.00891769604446E-16,1.,3.50450814139551E-16));
#4031=DIRECTION('ref_axis',(0.653165695493285,3.31265660258591E-16,-0.757215011889472));
#4032=DIRECTION('',(0.,-1.,0.));
#4033=DIRECTION('center_axis',(0.,1.,0.));
#4034=DIRECTION('ref_axis',(0.9965260419283,0.,0.0832817372460246));
#4035=DIRECTION('',(0.,-1.,0.));
#4036=DIRECTION('center_axis',(-4.25544202936258E-32,1.,2.33486982377254E-16));
#4037=DIRECTION('ref_axis',(0.9965260419283,-1.94452015167096E-17,0.0832817372460246));
#4038=DIRECTION('center_axis',(8.88178419700125E-17,0.,1.));
#4039=DIRECTION('ref_axis',(-1.,4.25417734020334E-32,8.88178419700125E-17));
#4040=DIRECTION('',(0.,-1.,0.));
#4041=DIRECTION('',(1.,6.32795833048715E-32,-8.88178419700125E-17));
#4042=DIRECTION('',(0.,-1.,0.));
#4043=DIRECTION('center_axis',(0.,1.,0.));
#4044=DIRECTION('ref_axis',(0.856507138675006,0.,-0.516135177447492));
#4045=DIRECTION('',(0.,-1.,0.));
#4046=DIRECTION('center_axis',(4.25417734020334E-32,-1.,-2.33486982377254E-16));
#4047=DIRECTION('ref_axis',(0.856507138675006,0.,-0.516135177447492));
#4048=DIRECTION('center_axis',(0.,1.,0.));
#4049=DIRECTION('ref_axis',(0.99617745362934,0.,0.0873526237760751));
#4050=DIRECTION('',(0.,1.,0.));
#4051=DIRECTION('center_axis',(4.25417734020334E-32,-1.,-2.33486982377254E-16));
#4052=DIRECTION('ref_axis',(0.99617745362934,0.,0.0873526237760751));
#4053=DIRECTION('center_axis',(-9.44617126786472E-48,2.22044604925031E-16,
-1.));
#4054=DIRECTION('ref_axis',(-1.,0.,9.44617126786472E-48));
#4055=DIRECTION('',(1.7154340189408E-63,-1.,-2.22044604925031E-16));
#4056=DIRECTION('',(1.,4.25417734020334E-32,-3.64629801437176E-63));
#4057=DIRECTION('center_axis',(-1.,-3.92099204329325E-63,9.93295029661772E-48));
#4058=DIRECTION('ref_axis',(-9.93295029661773E-48,2.33486982377254E-16,
-1.));
#4059=DIRECTION('center_axis',(-9.44617126786472E-48,2.22044604925031E-16,
-1.));
#4060=DIRECTION('ref_axis',(-1.,0.,9.44617126786472E-48));
#4061=DIRECTION('',(0.,-1.,0.));
#4062=DIRECTION('',(1.,4.25417734020334E-32,-3.64629801437176E-63));
#4063=DIRECTION('center_axis',(0.,-1.,0.));
#4064=DIRECTION('ref_axis',(-0.99617745362934,0.,0.0873526237760752));
#4065=DIRECTION('',(0.,-1.,0.));
#4066=DIRECTION('center_axis',(4.25417734020334E-32,-1.,-2.33486982377254E-16));
#4067=DIRECTION('ref_axis',(-0.99617745362934,0.,0.0873526237760752));
#4068=DIRECTION('center_axis',(0.,-1.,0.));
#4069=DIRECTION('ref_axis',(-0.856507138675006,0.,-0.516135177447492));
#4070=DIRECTION('',(0.,-1.,0.));
#4071=DIRECTION('center_axis',(4.25417734020334E-32,-1.,-2.33486982377254E-16));
#4072=DIRECTION('ref_axis',(-0.856507138675006,0.,-0.516135177447492));
#4073=DIRECTION('center_axis',(3.14879473076236E-76,0.,-1.));
#4074=DIRECTION('ref_axis',(1.,4.25417734020334E-32,3.14879473076236E-76));
#4075=DIRECTION('',(0.,-1.,0.));
#4076=DIRECTION('',(1.,4.25417734020334E-32,3.14879473076236E-76));
#4077=DIRECTION('center_axis',(-8.41336366232678E-15,-0.707106781186565,
0.70710678118653));
#4078=DIRECTION('ref_axis',(1.,0.,1.18982929964398E-14));
#4079=DIRECTION('center_axis',(0.,-1.,0.));
#4080=DIRECTION('ref_axis',(-0.943143324378946,1.41858333951451E-16,-0.332386325951339));
#4081=DIRECTION('',(-0.66690304029918,-0.707106781186544,-0.235032625053874));
#4082=DIRECTION('center_axis',(0.,-1.,0.));
#4083=DIRECTION('ref_axis',(0.975443190256936,4.6552172127821E-17,-0.220251180658292));
#4084=DIRECTION('',(0.689742494492917,-0.70710678118655,-0.155741103407815));
#4085=DIRECTION('center_axis',(0.,-1.,0.));
#4086=DIRECTION('ref_axis',(-0.975443190256936,-3.20492328448692E-17,0.220251180658292));
#4087=DIRECTION('center_axis',(0.,-1.,0.));
#4088=DIRECTION('ref_axis',(-1.,0.,0.));
#4089=DIRECTION('',(0.,1.,0.));
#4090=DIRECTION('center_axis',(0.,-1.,0.));
#4091=DIRECTION('ref_axis',(-1.,0.,0.));
#4092=DIRECTION('',(0.,1.,0.));
#4093=DIRECTION('center_axis',(4.19494273445441E-63,1.,4.44089209850063E-16));
#4094=DIRECTION('ref_axis',(-1.,-4.19494273445441E-63,1.88923425357294E-47));
#4095=DIRECTION('',(-4.19494273445441E-63,-1.,-4.44089209850063E-16));
#4096=DIRECTION('center_axis',(4.19494273445441E-63,1.,4.44089209850063E-16));
#4097=DIRECTION('ref_axis',(-1.,-4.19494273445441E-63,1.88923425357294E-47));
#4098=DIRECTION('',(-4.19494273445441E-63,-1.,-4.44089209850063E-16));
#4099=DIRECTION('center_axis',(-3.94430452610506E-32,-1.,-4.44089209850063E-16));
#4100=DIRECTION('ref_axis',(1.,-4.19494273445441E-63,-8.88178419700125E-17));
#4101=DIRECTION('',(-3.94430452610506E-32,-1.,-4.44089209850063E-16));
#4102=DIRECTION('center_axis',(-3.94430452610506E-32,-1.,-4.44089209850063E-16));
#4103=DIRECTION('ref_axis',(1.,-4.19494273445441E-63,-8.88178419700125E-17));
#4104=DIRECTION('',(-3.94430452610506E-32,-1.,-4.44089209850063E-16));
#4105=DIRECTION('center_axis',(-3.94430452610506E-32,-1.,-4.44089209850063E-16));
#4106=DIRECTION('ref_axis',(1.,-4.19494273445441E-63,-8.88178419700125E-17));
#4107=DIRECTION('',(-3.94430452610506E-32,-1.,-4.44089209850063E-16));
#4108=DIRECTION('center_axis',(4.19494273445441E-63,1.,4.44089209850063E-16));
#4109=DIRECTION('ref_axis',(-1.,-4.19494273445441E-63,1.88923425357294E-47));
#4110=DIRECTION('',(-4.19494273445441E-63,-1.,-4.44089209850063E-16));
#4111=DIRECTION('center_axis',(-1.0547118733939E-15,1.,2.10602244022985E-16));
#4112=DIRECTION('ref_axis',(-1.,-1.0547118733939E-15,-2.77539008288328E-46));
#4113=DIRECTION('',(-0.440469399960835,0.707304878713204,0.552907330613948));
#4114=DIRECTION('',(0.440212364451123,-0.707106781186534,-0.553365226757491));
#4115=DIRECTION('center_axis',(0.,-1.,0.));
#4116=DIRECTION('ref_axis',(-0.771192770311193,0.,-0.636601689457189));
#4117=DIRECTION('',(-0.438451879669722,-0.707106781186536,-0.554761164118491));
#4118=DIRECTION('',(0.438451879669728,-0.707106781186546,0.554761164118474));
#4119=DIRECTION('center_axis',(0.,1.,0.));
#4120=DIRECTION('ref_axis',(-0.771192770311193,0.,-0.636601689457189));
#4121=DIRECTION('',(-0.440212364451121,-0.707106781186538,0.553365226757489));
#4122=DIRECTION('',(0.44046939996087,0.707304878713209,-0.552907330613914));
#4123=DIRECTION('center_axis',(1.,0.,-9.93295029661772E-48));
#4124=DIRECTION('ref_axis',(9.93295029661773E-48,-2.33486982377254E-16,
1.));
#4125=DIRECTION('',(2.20555802435246E-63,1.,2.22044604925031E-16));
#4126=DIRECTION('',(9.93295029661773E-48,-2.33486982377254E-16,1.));
#4127=DIRECTION('center_axis',(4.25417734020334E-32,-1.,-2.33486982377254E-16));
#4128=DIRECTION('ref_axis',(-1.,-4.25417734020334E-32,0.));
#4129=DIRECTION('',(1.,4.25417734020334E-32,-3.64629801437176E-63));
#4130=DIRECTION('',(-3.11641550771974E-16,-2.33486982377254E-16,1.));
#4131=DIRECTION('center_axis',(-3.11641550771974E-16,-2.33486982377254E-16,
1.));
#4132=DIRECTION('ref_axis',(0.707106781186541,-0.707106781186554,0.));
#4133=DIRECTION('center_axis',(9.44617126786472E-48,-2.22044604925031E-16,
1.));
#4134=DIRECTION('ref_axis',(0.707106781186541,-0.707106781186554,0.));
#4135=DIRECTION('',(3.11641550771974E-16,2.33486982377254E-16,-1.));
#4136=DIRECTION('center_axis',(-1.,0.,-3.11641550771974E-16));
#4137=DIRECTION('ref_axis',(3.11641550771974E-16,4.88855387945468E-17,-1.));
#4138=DIRECTION('',(-6.91983250193871E-32,1.,2.22044604925031E-16));
#4139=DIRECTION('',(3.11641550771974E-16,4.88855387945468E-17,-1.));
#4140=DIRECTION('center_axis',(0.,1.,4.88855387945468E-17));
#4141=DIRECTION('ref_axis',(-1.,0.,0.));
#4142=DIRECTION('',(1.,4.61781171975134E-64,-9.44617126786472E-48));
#4143=DIRECTION('',(0.,4.88855387945468E-17,-1.));
#4144=DIRECTION('center_axis',(1.,0.,0.));
#4145=DIRECTION('ref_axis',(0.,-4.88855387945468E-17,1.));
#4146=DIRECTION('',(0.,-1.,-2.22044604925031E-16));
#4147=DIRECTION('center_axis',(1.77635683940025E-15,-2.33486982377254E-16,
1.));
#4148=DIRECTION('ref_axis',(0.707106781186547,-0.707106781186547,0.));
#4149=DIRECTION('center_axis',(9.44617126786472E-48,-2.22044604925031E-16,
1.));
#4150=DIRECTION('ref_axis',(0.707106781186547,-0.707106781186547,0.));
#4151=DIRECTION('',(-1.77635683940025E-15,2.33486982377254E-16,-1.));
#4152=DIRECTION('',(0.496993393794129,-0.707871814041126,-0.501911407930841));
#4153=DIRECTION('',(-0.496817829821383,0.70710678118655,0.503162045440202));
#4154=DIRECTION('center_axis',(0.,-1.,0.));
#4155=DIRECTION('ref_axis',(-0.794781789701976,0.,-0.606895301314917));
#4156=DIRECTION('',(-0.496190708372428,-0.707106781186551,-0.503780488829076));
#4157=DIRECTION('center_axis',(0.,1.,0.));
#4158=DIRECTION('ref_axis',(-0.794781789701976,0.,-0.606895301314917));
#4159=DIRECTION('',(0.49618295035768,0.708773144157639,0.501441033318218));
#4160=DIRECTION('center_axis',(4.25417734020334E-32,-1.,-2.33486982377254E-16));
#4161=DIRECTION('ref_axis',(0.,1.50593713916574E-16,-1.));
#4162=DIRECTION('center_axis',(-4.25417734020334E-32,1.,2.33486982377254E-16));
#4163=DIRECTION('ref_axis',(-1.12945285437431E-15,2.35302677994647E-16,
-1.));
#4164=DIRECTION('center_axis',(-4.25417734020334E-32,1.,2.33486982377254E-16));
#4165=DIRECTION('ref_axis',(-1.12945285437431E-15,2.35302677994647E-16,
-1.));
#4166=DIRECTION('center_axis',(1.59872116618049E-15,2.33486982377254E-16,
-1.));
#4167=DIRECTION('ref_axis',(-0.707106781186547,-0.707106781186547,0.));
#4168=DIRECTION('',(-1.59872116618049E-15,-2.33486982377254E-16,1.));
#4169=DIRECTION('center_axis',(9.44617126786472E-48,-2.22044604925031E-16,
1.));
#4170=DIRECTION('ref_axis',(-0.707106781186547,-0.707106781186547,0.));
#4171=DIRECTION('center_axis',(-1.,0.,-6.23283101543948E-16));
#4172=DIRECTION('ref_axis',(6.23283101543948E-16,4.88855387945468E-17,-1.));
#4173=DIRECTION('',(-1.38396650038774E-31,1.,2.22044604925031E-16));
#4174=DIRECTION('',(-6.23283101543948E-16,-4.88855387945468E-17,1.));
#4175=DIRECTION('center_axis',(0.,1.,4.88855387945468E-17));
#4176=DIRECTION('ref_axis',(-1.,0.,0.));
#4177=DIRECTION('',(1.,4.61781171975134E-64,-9.44617126786472E-48));
#4178=DIRECTION('',(-6.23283101543948E-16,-4.88855387945468E-17,1.));
#4179=DIRECTION('center_axis',(1.,0.,6.23283101543948E-16));
#4180=DIRECTION('ref_axis',(-6.23283101543948E-16,-4.88855387945468E-17,
1.));
#4181=DIRECTION('',(1.38396650038774E-31,-1.,-2.22044604925031E-16));
#4182=DIRECTION('',(-6.23283101543948E-16,-2.33486982377254E-16,1.));
#4183=DIRECTION('center_axis',(6.23283101543948E-16,2.33486982377254E-16,
-1.));
#4184=DIRECTION('ref_axis',(-0.707106781186554,-0.707106781186541,0.));
#4185=DIRECTION('center_axis',(9.44617126786472E-48,-2.22044604925031E-16,
1.));
#4186=DIRECTION('ref_axis',(-0.707106781186554,-0.707106781186541,0.));
#4187=DIRECTION('',(6.23283101543948E-16,2.33486982377254E-16,-1.));
#4188=DIRECTION('center_axis',(4.25417734020334E-32,-1.,-2.33486982377254E-16));
#4189=DIRECTION('ref_axis',(-1.,-4.25417734020334E-32,0.));
#4190=DIRECTION('',(1.,4.25417734020334E-32,-3.64629801437176E-63));
#4191=DIRECTION('',(-8.88178419700125E-17,2.33486982377254E-16,-1.));
#4192=DIRECTION('center_axis',(1.,0.,-8.88178419700125E-17));
#4193=DIRECTION('ref_axis',(8.88178419700125E-17,-2.33486982377254E-16,
1.));
#4194=DIRECTION('',(-1.97215226305253E-32,-1.,-2.22044604925031E-16));
#4195=DIRECTION('center_axis',(-9.44617126786472E-48,2.22044604925031E-16,
-1.));
#4196=DIRECTION('ref_axis',(-1.,0.,9.44617126786472E-48));
#4197=DIRECTION('',(0.,1.,0.));
#4198=DIRECTION('center_axis',(1.,3.94430452610505E-31,-1.77635683940025E-15));
#4199=DIRECTION('ref_axis',(1.77635683940025E-15,-2.33486982377254E-16,
1.));
#4200=DIRECTION('',(0.,1.,0.));
#4201=DIRECTION('center_axis',(0.,1.,0.));
#4202=DIRECTION('ref_axis',(-0.794781789701976,0.,-0.606895301314917));
#4203=DIRECTION('',(0.,1.,0.));
#4204=DIRECTION('center_axis',(1.,0.,1.59872116618049E-15));
#4205=DIRECTION('ref_axis',(1.59872116618049E-15,2.33486982377254E-16,-1.));
#4206=DIRECTION('',(-3.54987409729832E-31,1.,2.22044604925031E-16));
#4207=DIRECTION('center_axis',(-9.44617126786472E-48,2.22044604925031E-16,
-1.));
#4208=DIRECTION('ref_axis',(-1.,0.,9.44617126786472E-48));
#4209=DIRECTION('center_axis',(-1.0547118733939E-15,1.,2.10602244022984E-16));
#4210=DIRECTION('ref_axis',(-1.,-1.0547118733939E-15,-2.69325095982627E-46));
#4211=DIRECTION('',(-0.999999999999994,2.7156928303501E-15,6.10483885665757E-14));
#4212=DIRECTION('',(5.85585528297194E-14,1.85387136115967E-15,1.));
#4213=CARTESIAN_POINT('',(0.,0.,0.));
#4214=CARTESIAN_POINT('',(0.,0.,0.));
#4215=CARTESIAN_POINT('Origin',(-215.499999999996,103.71651336671,-212.67378516849));
#4216=CARTESIAN_POINT('',(-217.614805095161,104.71651336671,-209.0450664677));
#4217=CARTESIAN_POINT('Origin',(-215.499999999996,104.71651336671,-212.67378516849));
#4218=CARTESIAN_POINT('',(-216.607755049844,102.716513366709,-210.773027753791));
#4219=CARTESIAN_POINT('',(-217.111280072503,103.71651336671,-209.909047110746));
#4220=CARTESIAN_POINT('Origin',(-215.499999999996,102.716513366709,-212.67378516849));
#4221=CARTESIAN_POINT('Origin',(-132.,104.71651336671,-190.784384435591));
#4222=CARTESIAN_POINT('',(-222.,104.71651336671,-190.));
#4223=CARTESIAN_POINT('',(-209.,104.71651336671,-190.));
#4224=CARTESIAN_POINT('',(-132.000000000012,104.71651336671,-190.));
#4225=CARTESIAN_POINT('',(-209.,104.71651336671,-287.162273541717));
#4226=CARTESIAN_POINT('',(-209.,104.71651336671,-140.45174454176));
#4227=CARTESIAN_POINT('',(-55.0000000000004,104.71651336671,-287.162273541718));
#4228=CARTESIAN_POINT('Origin',(-132.,104.71651336671,-232.610902269207));
#4229=CARTESIAN_POINT('',(-55.0000000000002,104.71651336671,-190.));
#4230=CARTESIAN_POINT('',(-55.0000000000003,104.71651336671,-247.892192217795));
#4231=CARTESIAN_POINT('',(-42.,104.71651336671,-190.));
#4232=CARTESIAN_POINT('',(-132.000000000012,104.71651336671,-190.));
#4233=CARTESIAN_POINT('',(-42.,104.71651336671,-290.));
#4234=CARTESIAN_POINT('',(-42.,104.71651336671,-240.392192217795));
#4235=CARTESIAN_POINT('',(-222.,104.71651336671,-290.));
#4236=CARTESIAN_POINT('Origin',(-132.,104.71651336671,-215.707093924094));
#4237=CARTESIAN_POINT('',(-222.,104.71651336671,-140.392192217795));
#4238=CARTESIAN_POINT('',(-217.614805095161,104.71651336671,-226.5450664677));
#4239=CARTESIAN_POINT('Origin',(-215.499999999996,104.71651336671,-230.17378516849));
#4240=CARTESIAN_POINT('',(-44.3000000000039,104.71651336671,-212.67378516849));
#4241=CARTESIAN_POINT('Origin',(-48.5000000000039,104.71651336671,-212.67378516849));
#4242=CARTESIAN_POINT('',(-210.839788843281,104.71651336671,-295.661795881838));
#4243=CARTESIAN_POINT('Origin',(-212.339788843281,104.71651336671,-295.661795881838));
#4244=CARTESIAN_POINT('',(-50.1602111567191,104.71651336671,-295.661795881838));
#4245=CARTESIAN_POINT('Origin',(-51.6602111567192,104.71651336671,-295.661795881838));
#4246=CARTESIAN_POINT('',(-44.3000000000039,104.71651336671,-230.17378516849));
#4247=CARTESIAN_POINT('Origin',(-48.5000000000039,104.71651336671,-230.17378516849));
#4248=CARTESIAN_POINT('Origin',(-215.499999999996,104.71651336671,-212.67378516849));
#4249=CARTESIAN_POINT('',(-216.607755049844,84.7165133667095,-210.773027753791));
#4250=CARTESIAN_POINT('',(-216.607755049844,104.71651336671,-210.773027753791));
#4251=CARTESIAN_POINT('Origin',(-215.499999999996,84.7165133667095,-212.67378516849));
#4252=CARTESIAN_POINT('Origin',(-215.499999999996,103.71651336671,-230.17378516849));
#4253=CARTESIAN_POINT('',(-216.607755049844,102.716513366709,-228.273027753791));
#4254=CARTESIAN_POINT('',(-217.111280072503,103.71651336671,-227.409047110746));
#4255=CARTESIAN_POINT('Origin',(-215.499999999996,102.716513366709,-230.17378516849));
#4256=CARTESIAN_POINT('Origin',(-215.499999999996,104.71651336671,-230.17378516849));
#4257=CARTESIAN_POINT('',(-216.607755049844,84.7165133667095,-228.273027753791));
#4258=CARTESIAN_POINT('',(-216.607755049844,104.71651336671,-228.273027753791));
#4259=CARTESIAN_POINT('Origin',(-215.499999999996,84.7165133667095,-230.17378516849));
#4260=CARTESIAN_POINT('Origin',(-48.5000000000039,103.71651336671,-230.17378516849));
#4261=CARTESIAN_POINT('',(-46.3000000000039,102.71651336671,-230.17378516849));
#4262=CARTESIAN_POINT('',(-45.3000000000039,103.71651336671,-230.17378516849));
#4263=CARTESIAN_POINT('Origin',(-48.5000000000039,102.71651336671,-230.17378516849));
#4264=CARTESIAN_POINT('Origin',(-48.5000000000039,104.71651336671,-230.17378516849));
#4265=CARTESIAN_POINT('',(-46.3000000000039,84.7165133667097,-230.17378516849));
#4266=CARTESIAN_POINT('',(-46.3000000000039,104.71651336671,-230.17378516849));
#4267=CARTESIAN_POINT('Origin',(-48.5000000000039,84.7165133667097,-230.17378516849));
#4268=CARTESIAN_POINT('Origin',(-48.5000000000039,103.71651336671,-212.67378516849));
#4269=CARTESIAN_POINT('',(-46.3000000000039,102.71651336671,-212.67378516849));
#4270=CARTESIAN_POINT('',(-45.3000000000039,103.71651336671,-212.67378516849));
#4271=CARTESIAN_POINT('Origin',(-48.5000000000039,102.71651336671,-212.67378516849));
#4272=CARTESIAN_POINT('Origin',(-48.5000000000039,104.71651336671,-212.67378516849));
#4273=CARTESIAN_POINT('',(-46.3000000000039,84.7165133667097,-212.67378516849));
#4274=CARTESIAN_POINT('',(-46.3000000000039,104.71651336671,-212.67378516849));
#4275=CARTESIAN_POINT('Origin',(-48.5000000000039,84.7165133667097,-212.67378516849));
#4276=CARTESIAN_POINT('Ctrl Pts',(-41.9999992489502,87.7165141162302,-238.664073394233));
#4277=CARTESIAN_POINT('Ctrl Pts',(-42.,87.7165133667095,-238.664077250934));
#4278=CARTESIAN_POINT('Ctrl Pts',(-42.,87.7165133667095,-239.053644309067));
#4279=CARTESIAN_POINT('Ctrl Pts',(-42.,87.7165133667096,-240.910673484542));
#4280=CARTESIAN_POINT('Ctrl Pts',(-42.,87.7165133667096,-244.175326135102));
#4281=CARTESIAN_POINT('Ctrl Pts',(-42.,87.7165133667096,-248.545454889627));
#4282=CARTESIAN_POINT('Ctrl Pts',(-42.,87.7165133667096,-254.683284716473));
#4283=CARTESIAN_POINT('Ctrl Pts',(-42.,87.7165133667095,-265.854663689183));
#4284=CARTESIAN_POINT('Ctrl Pts',(-42.,87.7165133667096,-282.342182710896));
#4285=CARTESIAN_POINT('Ctrl Pts',(-42.,87.7165133667096,-295.782739627345));
#4286=CARTESIAN_POINT('Ctrl Pts',(-42.,87.7165133667096,-302.467206257044));
#4287=CARTESIAN_POINT('Ctrl Pts',(-42.,87.7165133667095,-238.152987016809));
#4288=CARTESIAN_POINT('Ctrl Pts',(-42.,87.6416911401967,-238.152987016809));
#4289=CARTESIAN_POINT('Ctrl Pts',(-42.0320723396656,87.4930685417449,-238.543893102542));
#4290=CARTESIAN_POINT('Ctrl Pts',(-42.1801278852611,87.2690921154965,-240.407540032801));
#4291=CARTESIAN_POINT('Ctrl Pts',(-42.4220391890095,87.1208744291491,-243.684843024364));
#4292=CARTESIAN_POINT('Ctrl Pts',(-42.7038589019418,87.0676701383378,-248.074543280916));
#4293=CARTESIAN_POINT('Ctrl Pts',(-43.0443838322533,87.0956644689233,-254.244670776389));
#4294=CARTESIAN_POINT('Ctrl Pts',(-43.5190350163282,87.3029433119177,-265.48865688924));
#4295=CARTESIAN_POINT('Ctrl Pts',(-43.8621606715281,87.6943295416924,-282.141226081682));
#4296=CARTESIAN_POINT('Ctrl Pts',(-43.9015799754526,87.7634485426257,-295.771416568798));
#4297=CARTESIAN_POINT('Ctrl Pts',(-43.871826402207,87.7219202788966,-302.544550579589));
#4298=CARTESIAN_POINT('Ctrl Pts',(-41.9372250724107,87.7165133667096,-237.130807952941));
#4299=CARTESIAN_POINT('Ctrl Pts',(-41.9372250724107,87.4878380951646,-237.130807952941));
#4300=CARTESIAN_POINT('Ctrl Pts',(-42.0259599715159,87.0333777229371,-237.524401412863));
#4301=CARTESIAN_POINT('Ctrl Pts',(-42.4375667206544,86.3322514674227,-239.401285896518));
#4302=CARTESIAN_POINT('Ctrl Pts',(-43.1175727528575,85.8272752093866,-242.703916423759));
#4303=CARTESIAN_POINT('Ctrl Pts',(-43.9267261575045,85.5726955208337,-247.13276223045));
#4304=CARTESIAN_POINT('Ctrl Pts',(-44.927567169282,85.5168650597253,-253.367461767087));
#4305=CARTESIAN_POINT('Ctrl Pts',(-46.3836820521306,85.888579126433,-264.756616184124));
#4306=CARTESIAN_POINT('Ctrl Pts',(-47.5713283985245,86.8028703138629,-281.739380628088));
#4307=CARTESIAN_POINT('Ctrl Pts',(-47.7254867246365,86.9748666090541,-295.748604460033));
#4308=CARTESIAN_POINT('Ctrl Pts',(-47.6169391632759,86.8749256948804,-302.699197165659));
#4309=CARTESIAN_POINT('Ctrl Pts',(-41.6795969827822,87.7165133667095,-235.746433639879));
#4310=CARTESIAN_POINT('Ctrl Pts',(-41.6795969827822,87.2679012623012,-235.746433639879));
#4311=CARTESIAN_POINT('Ctrl Pts',(-41.8249178146544,86.3756961867393,-236.146427619103));
#4312=CARTESIAN_POINT('Ctrl Pts',(-42.501700064849,84.9595885240758,-238.054220911683));
#4313=CARTESIAN_POINT('Ctrl Pts',(-43.6306435166102,83.8395493111798,-241.412873941221));
#4314=CARTESIAN_POINT('Ctrl Pts',(-44.9985673369183,83.1043602807136,-245.920974083907));
#4315=CARTESIAN_POINT('Ctrl Pts',(-46.7241561332963,82.6199464643406,-252.274131724011));
#4316=CARTESIAN_POINT('Ctrl Pts',(-49.323675286051,82.6178745197792,-263.899110100982));
#4317=CARTESIAN_POINT('Ctrl Pts',(-51.6417282010108,83.5034685147709,-281.30513489943));
#4318=CARTESIAN_POINT('Ctrl Pts',(-51.9681419665864,83.6919313989257,-295.722421625928));
#4319=CARTESIAN_POINT('Ctrl Pts',(-51.7490401832681,83.5882351620213,-302.869542875855));
#4320=CARTESIAN_POINT('Ctrl Pts',(-41.312207965054,87.7165133667095,-234.521252660123));
#4321=CARTESIAN_POINT('Ctrl Pts',(-41.312207965054,87.0639135637493,-234.521252660123));
#4322=CARTESIAN_POINT('Ctrl Pts',(-41.4918199863186,85.7654676714472,-234.931318860383));
#4323=CARTESIAN_POINT('Ctrl Pts',(-42.3292687224821,83.6707835380916,-236.887011783663));
#4324=CARTESIAN_POINT('Ctrl Pts',(-43.7302281638183,81.9302855117893,-240.329221510456));
#4325=CARTESIAN_POINT('Ctrl Pts',(-45.4368572694677,80.6552526057654,-244.947422973503));
#4326=CARTESIAN_POINT('Ctrl Pts',(-47.6020062884711,79.6182331833431,-251.451416003443));
#4327=CARTESIAN_POINT('Ctrl Pts',(-50.8961219620221,78.9523035017264,-263.339636954044));
#4328=CARTESIAN_POINT('Ctrl Pts',(-53.9022312219953,79.3676292693811,-281.078132242709));
#4329=CARTESIAN_POINT('Ctrl Pts',(-54.3332016800298,79.4903960905365,-295.706019905487));
#4330=CARTESIAN_POINT('Ctrl Pts',(-54.0468740967241,79.4305465984235,-302.963992896602));
#4331=CARTESIAN_POINT('Ctrl Pts',(-41.0251900337814,87.7165133667095,-233.809499295473));
#4332=CARTESIAN_POINT('Ctrl Pts',(-41.0251900337814,86.9404780869306,-233.809499295473));
#4333=CARTESIAN_POINT('Ctrl Pts',(-41.2166393250089,85.3961313400856,-234.228568687572));
#4334=CARTESIAN_POINT('Ctrl Pts',(-42.1090801683592,82.8868978167217,-236.226653182924));
#4335=CARTESIAN_POINT('Ctrl Pts',(-43.6009361448727,80.7581469899033,-239.741135932599));
#4336=CARTESIAN_POINT('Ctrl Pts',(-45.4160948261361,79.1322514615779,-244.450317346552));
#4337=CARTESIAN_POINT('Ctrl Pts',(-47.7159732390239,77.7207405474428,-251.072015213214));
#4338=CARTESIAN_POINT('Ctrl Pts',(-51.2074896307579,76.5700557293077,-263.14572636933));
#4339=CARTESIAN_POINT('Ctrl Pts',(-54.3752822611436,76.5816780321468,-281.044334963227));
#4340=CARTESIAN_POINT('Ctrl Pts',(-54.8264161728568,76.6422002613466,-295.700826785452));
#4341=CARTESIAN_POINT('Ctrl Pts',(-54.5254429344031,76.6216391053017,-302.983432053475));
#4342=CARTESIAN_POINT('Ctrl Pts',(-40.8656345160863,87.7165133667095,-233.460967407124));
#4343=CARTESIAN_POINT('Ctrl Pts',(-40.8656345160863,86.8787598512903,-233.460967407124));
#4344=CARTESIAN_POINT('Ctrl Pts',(-41.0609003026595,85.2114726616247,-233.885454375523));
#4345=CARTESIAN_POINT('Ctrl Pts',(-41.9706730569859,82.4949696420261,-235.908943447468));
#4346=CARTESIAN_POINT('Ctrl Pts',(-43.4899618536843,80.1721184693112,-239.466232180109));
#4347=CARTESIAN_POINT('Ctrl Pts',(-45.3350623278077,78.3707848719053,-244.228089395148));
#4348=CARTESIAN_POINT('Ctrl Pts',(-47.6682709553987,76.7719213401905,-250.916100409786));
#4349=CARTESIAN_POINT('Ctrl Pts',(-51.1990689473857,75.3786876493668,-263.088856534662));
#4350=CARTESIAN_POINT('Ctrl Pts',(-54.3770325237745,75.187936054044,-281.05427948252));
#4351=CARTESIAN_POINT('Ctrl Pts',(-54.8264094121304,75.2173633444496,-295.699617531307));
#4352=CARTESIAN_POINT('Ctrl Pts',(-54.5254498520829,75.2165655155666,-302.983264635837));
#4353=CARTESIAN_POINT('',(-54.525449852083,75.2165655155657,-302.983264635837));
#4354=CARTESIAN_POINT('',(-42.,87.7165133667096,-290.));
#4355=CARTESIAN_POINT('Ctrl Pts',(-54.5254498524309,75.2165655155676,-302.983264627415));
#4356=CARTESIAN_POINT('Ctrl Pts',(-54.5254498524309,76.4936318066367,-302.983264627415));
#4357=CARTESIAN_POINT('Ctrl Pts',(-54.3362616011392,77.7473677284014,-302.816277471428));
#4358=CARTESIAN_POINT('Ctrl Pts',(-53.5876439440341,80.2330297959654,-302.143289233043));
#4359=CARTESIAN_POINT('Ctrl Pts',(-53.0082290911109,81.4065543106238,-301.61790524604));
#4360=CARTESIAN_POINT('Ctrl Pts',(-51.4306750920275,83.6977187221702,-300.14314297992));
#4361=CARTESIAN_POINT('Ctrl Pts',(-50.3891638138458,84.7057801500033,-299.143077403902));
#4362=CARTESIAN_POINT('Ctrl Pts',(-48.1571384772646,86.2715238811006,-296.900446745074));
#4363=CARTESIAN_POINT('Ctrl Pts',(-46.9697975495771,86.8173382418196,-295.659368538987));
#4364=CARTESIAN_POINT('Ctrl Pts',(-44.5116608783105,87.5546260744836,-292.965243502072));
#4365=CARTESIAN_POINT('Ctrl Pts',(-43.2336358894338,87.7158687678262,-291.494452645796));
#4366=CARTESIAN_POINT('Ctrl Pts',(-42.,87.7165133667096,-290.));
#4367=CARTESIAN_POINT('',(-42.,87.7165133667095,-238.664077250934));
#4368=CARTESIAN_POINT('',(-42.,87.7165133667096,-279.745817036022));
#4369=CARTESIAN_POINT('',(-42.0000000013083,82.7222741531444,-236.000002083707));
#4370=CARTESIAN_POINT('Ctrl Pts',(-42.,87.7165133667095,-238.664077250934));
#4371=CARTESIAN_POINT('Ctrl Pts',(-42.,87.7165133667095,-238.66405271304));
#4372=CARTESIAN_POINT('Ctrl Pts',(-42.,87.7165131433984,-238.664012928884));
#4373=CARTESIAN_POINT('Ctrl Pts',(-42.,87.716512478893,-238.663909665834));
#4374=CARTESIAN_POINT('Ctrl Pts',(-42.,87.7165116072693,-238.663825031531));
#4375=CARTESIAN_POINT('Ctrl Pts',(-42.,87.7165046829707,-238.663269099985));
#4376=CARTESIAN_POINT('Ctrl Pts',(-42.,87.7164920731322,-238.66273680268));
#4377=CARTESIAN_POINT('Ctrl Pts',(-42.,87.7164464246626,-238.661178522193));
#4378=CARTESIAN_POINT('Ctrl Pts',(-42.,87.7164008032599,-238.660071912058));
#4379=CARTESIAN_POINT('Ctrl Pts',(-42.,87.7162353067771,-238.656672331112));
#4380=CARTESIAN_POINT('Ctrl Pts',(-42.,87.7160793152974,-238.654264453799));
#4381=CARTESIAN_POINT('Ctrl Pts',(-42.,87.715539960773,-238.647115903287));
#4382=CARTESIAN_POINT('Ctrl Pts',(-42.,87.7150605270781,-238.642183558907));
#4383=CARTESIAN_POINT('Ctrl Pts',(-42.,87.7134323439756,-238.627668358072));
#4384=CARTESIAN_POINT('Ctrl Pts',(-42.,87.7120230815591,-238.617759965743));
#4385=CARTESIAN_POINT('Ctrl Pts',(-42.,87.7072630545213,-238.588627896674));
#4386=CARTESIAN_POINT('Ctrl Pts',(-42.,87.7031895677051,-238.568855178183));
#4387=CARTESIAN_POINT('Ctrl Pts',(-42.,87.6894219667062,-238.510643843796));
#4388=CARTESIAN_POINT('Ctrl Pts',(-42.,87.6776860501673,-238.471379386027));
#4389=CARTESIAN_POINT('Ctrl Pts',(-42.,87.6418888613749,-238.367401992613));
#4390=CARTESIAN_POINT('Ctrl Pts',(-42.,87.6140103999255,-238.301948217387));
#4391=CARTESIAN_POINT('Ctrl Pts',(-42.,87.551400823449,-238.173837192479));
#4392=CARTESIAN_POINT('Ctrl Pts',(-42.,87.5157609712536,-238.109937073643));
#4393=CARTESIAN_POINT('Ctrl Pts',(-42.,87.3484023178647,-237.838801265324));
#4394=CARTESIAN_POINT('Ctrl Pts',(-42.,87.1854328252167,-237.644718934121));
#4395=CARTESIAN_POINT('Ctrl Pts',(-42.,86.6385290432653,-237.111625731904));
#4396=CARTESIAN_POINT('Ctrl Pts',(-42.,86.1372009704762,-236.77553530232));
#4397=CARTESIAN_POINT('Ctrl Pts',(-42.,84.7279298271483,-236.191782015219));
#4398=CARTESIAN_POINT('Ctrl Pts',(-42.,83.7857615940581,-236.000002080705));
#4399=CARTESIAN_POINT('Ctrl Pts',(-42.,82.7222741586538,-236.000002080705));
#4400=CARTESIAN_POINT('Ctrl Pts',(-42.0003294466298,82.7230552241607,-236.000580452704));
#4401=CARTESIAN_POINT('Ctrl Pts',(-42.454998404131,81.7582245308156,-237.044572646756));
#4402=CARTESIAN_POINT('Ctrl Pts',(-43.5812414395189,80.0830040893481,-239.701807619218));
#4403=CARTESIAN_POINT('Ctrl Pts',(-45.3350623278077,78.3707848719053,-244.228089395148));
#4404=CARTESIAN_POINT('Ctrl Pts',(-47.6682709553987,76.7719213401905,-250.916100409786));
#4405=CARTESIAN_POINT('Ctrl Pts',(-51.1990689473857,75.3786876493668,-263.088856534662));
#4406=CARTESIAN_POINT('Ctrl Pts',(-54.3770325237745,75.187936054044,-281.05427948252));
#4407=CARTESIAN_POINT('Ctrl Pts',(-54.8264094121304,75.2173633444496,-295.699617531307));
#4408=CARTESIAN_POINT('Ctrl Pts',(-54.5254498520829,75.2165655155666,-302.983264635837));
#4409=CARTESIAN_POINT('Origin',(97.2951941683164,57.7165133667096,-296.710051014314));
#4410=CARTESIAN_POINT('',(-42.,70.7165133667097,-236.000002080705));
#4411=CARTESIAN_POINT('',(-42.,57.7165133667096,-236.000002080705));
#4412=CARTESIAN_POINT('',(-54.5254498524309,70.7165133667098,-302.983264627415));
#4413=CARTESIAN_POINT('Origin',(97.2951941683164,70.7165133667097,-296.710051014314));
#4414=CARTESIAN_POINT('',(-54.5254498524309,57.7165133667096,-302.983264627415));
#4415=CARTESIAN_POINT('Ctrl Pts',(-222.,87.7165133667096,-302.467206257043));
#4416=CARTESIAN_POINT('Ctrl Pts',(-222.,87.7165133667096,-295.782739634322));
#4417=CARTESIAN_POINT('Ctrl Pts',(-222.,87.7165133667095,-285.692378746225));
#4418=CARTESIAN_POINT('Ctrl Pts',(-222.,87.7165133667096,-273.559470847674));
#4419=CARTESIAN_POINT('Ctrl Pts',(-222.,87.7165133667095,-263.74577188067));
#4420=CARTESIAN_POINT('Ctrl Pts',(-222.,87.7165133667096,-255.309047936607));
#4421=CARTESIAN_POINT('Ctrl Pts',(-222.,87.7165133667096,-248.16225127422));
#4422=CARTESIAN_POINT('Ctrl Pts',(-222.,87.7165133667096,-243.84912370235));
#4423=CARTESIAN_POINT('Ctrl Pts',(-222.,87.7165133667095,-240.906717797439));
#4424=CARTESIAN_POINT('Ctrl Pts',(-222.,87.7165133667096,-239.168699467611));
#4425=CARTESIAN_POINT('Ctrl Pts',(-222.,87.7165133667095,-238.710084912481));
#4426=CARTESIAN_POINT('Ctrl Pts',(-222.,87.7165133667096,-238.664077250934));
#4427=CARTESIAN_POINT('Ctrl Pts',(-222.00000075105,87.7165141162303,-238.664073394233));
#4428=CARTESIAN_POINT('Ctrl Pts',(-220.128173597793,87.7219202788966,-302.544550579589));
#4429=CARTESIAN_POINT('Ctrl Pts',(-220.098422791772,87.7634455200694,-295.771419063162));
#4430=CARTESIAN_POINT('Ctrl Pts',(-220.128615155168,87.7104490107293,-285.539244196482));
#4431=CARTESIAN_POINT('Ctrl Pts',(-220.325400833354,87.4811044549169,-273.271398847667));
#4432=CARTESIAN_POINT('Ctrl Pts',(-220.579943666869,87.2696590197791,-263.36745115786));
#4433=CARTESIAN_POINT('Ctrl Pts',(-220.914028762555,87.0932371023247,-254.872885017703));
#4434=CARTESIAN_POINT('Ctrl Pts',(-221.319287867075,87.0671432146156,-247.689573071296));
#4435=CARTESIAN_POINT('Ctrl Pts',(-221.602186676379,87.1356885996937,-243.357350485491));
#4436=CARTESIAN_POINT('Ctrl Pts',(-221.820191630004,87.2689372191539,-240.40357824775));
#4437=CARTESIAN_POINT('Ctrl Pts',(-221.958767770742,87.479171381612,-238.65935700063));
#4438=CARTESIAN_POINT('Ctrl Pts',(-221.996240902095,87.6225127657085,-238.199154225407));
#4439=CARTESIAN_POINT('Ctrl Pts',(-222.,87.6978078071882,-238.152987016809));
#4440=CARTESIAN_POINT('Ctrl Pts',(-222.,87.7165133667096,-238.152987016809));
#4441=CARTESIAN_POINT('Ctrl Pts',(-216.382731831614,86.8753267891206,-302.699210807989));
#4442=CARTESIAN_POINT('Ctrl Pts',(-216.274179664494,86.97527273403,-295.748613969627));
#4443=CARTESIAN_POINT('Ctrl Pts',(-216.391189704263,86.843844789035,-285.233078717443));
#4444=CARTESIAN_POINT('Ctrl Pts',(-217.07777848609,86.3051378107662,-272.69522437967));
#4445=CARTESIAN_POINT('Ctrl Pts',(-217.914540571371,85.8382137403838,-262.610859441664));
#4446=CARTESIAN_POINT('Ctrl Pts',(-218.953332831998,85.4948161248141,-254.000567448775));
#4447=CARTESIAN_POINT('Ctrl Pts',(-220.140285528463,85.579848121152,-246.744216271112));
#4448=CARTESIAN_POINT('Ctrl Pts',(-220.950485312983,85.8776865571353,-242.373832824424));
#4449=CARTESIAN_POINT('Ctrl Pts',(-221.563288570458,86.3318155701687,-239.397304840877));
#4450=CARTESIAN_POINT('Ctrl Pts',(-221.948559378775,86.9898448264376,-237.640678565241));
#4451=CARTESIAN_POINT('Ctrl Pts',(-222.05235943394,87.4292424461447,-237.177294493442));
#4452=CARTESIAN_POINT('Ctrl Pts',(-222.062772192983,87.6593445535888,-237.130807431988));
#4453=CARTESIAN_POINT('Ctrl Pts',(-222.062772192983,87.7165133667096,-237.130807431988));
#4454=CARTESIAN_POINT('Ctrl Pts',(-212.251015576425,83.5881504930911,-302.869540561765));
#4455=CARTESIAN_POINT('Ctrl Pts',(-212.03192063449,83.6918392575237,-295.722425468474));
#4456=CARTESIAN_POINT('Ctrl Pts',(-212.278057573044,83.5467310916382,-284.901221239632));
#4457=CARTESIAN_POINT('Ctrl Pts',(-213.625843548959,83.0223702877128,-272.036482189053));
#4458=CARTESIAN_POINT('Ctrl Pts',(-215.200797586976,82.6557847870012,-261.710766403177));
#4459=CARTESIAN_POINT('Ctrl Pts',(-217.075255772771,82.5399425957293,-252.918163360943));
#4460=CARTESIAN_POINT('Ctrl Pts',(-219.115846137165,83.1412743201312,-245.525375700922));
#4461=CARTESIAN_POINT('Ctrl Pts',(-220.482408758634,83.9512808241753,-241.077169887836));
#4462=CARTESIAN_POINT('Ctrl Pts',(-221.499721924101,84.9588639476784,-238.050183914217));
#4463=CARTESIAN_POINT('Ctrl Pts',(-222.133197113867,86.2877324797441,-236.264619261896));
#4464=CARTESIAN_POINT('Ctrl Pts',(-222.303335756567,87.1529846027587,-235.793679158031));
#4465=CARTESIAN_POINT('Ctrl Pts',(-222.320403585688,87.6043603334174,-235.746433731693));
#4466=CARTESIAN_POINT('Ctrl Pts',(-222.320403585688,87.7165133667096,-235.746433731693));
#4467=CARTESIAN_POINT('Ctrl Pts',(-209.953314734448,79.4302834023992,-302.963985062703));
#4468=CARTESIAN_POINT('Ctrl Pts',(-209.666982894657,79.4901375439924,-295.706008252951));
#4469=CARTESIAN_POINT('Ctrl Pts',(-209.991551046462,79.3924064348767,-284.726046114654));
#4470=CARTESIAN_POINT('Ctrl Pts',(-211.741652301827,79.1448786705973,-271.631519176087));
#4471=CARTESIAN_POINT('Ctrl Pts',(-213.765700632781,79.1295222876538,-261.100284110096));
#4472=CARTESIAN_POINT('Ctrl Pts',(-216.147985273589,79.4705753109061,-252.111571153276));
#4473=CARTESIAN_POINT('Ctrl Pts',(-218.706310510807,80.7289215520521,-244.542198033823));
#4474=CARTESIAN_POINT('Ctrl Pts',(-220.410088052299,82.1039159352703,-239.985204790059));
#4475=CARTESIAN_POINT('Ctrl Pts',(-221.67250049311,83.6698303175693,-236.882866845636));
#4476=CARTESIAN_POINT('Ctrl Pts',(-222.456358519502,85.6353266718392,-235.052482252248));
#4477=CARTESIAN_POINT('Ctrl Pts',(-222.666693329596,86.8967736228601,-234.569687338521));
#4478=CARTESIAN_POINT('Ctrl Pts',(-222.687793810551,87.5533634203112,-234.521252965913));
#4479=CARTESIAN_POINT('Ctrl Pts',(-222.687793810551,87.7165133667096,-234.521252965913));
#4480=CARTESIAN_POINT('Ctrl Pts',(-209.474557065597,76.6216391053017,-302.983432053475));
#4481=CARTESIAN_POINT('Ctrl Pts',(-209.173586434461,76.6421974137818,-295.700829136361));
#4482=CARTESIAN_POINT('Ctrl Pts',(-209.513648878161,76.5896835532696,-284.698323578489));
#4483=CARTESIAN_POINT('Ctrl Pts',(-211.356832004425,76.5806232849343,-271.510925394774));
#4484=CARTESIAN_POINT('Ctrl Pts',(-213.494786119017,76.8464636086721,-260.868541023442));
#4485=CARTESIAN_POINT('Ctrl Pts',(-216.018010093299,77.5286168964315,-251.745870452748));
#4486=CARTESIAN_POINT('Ctrl Pts',(-218.736001934478,79.2306321234866,-244.037243697443));
#4487=CARTESIAN_POINT('Ctrl Pts',(-220.54844396119,80.9705582610527,-239.389940406076));
#4488=CARTESIAN_POINT('Ctrl Pts',(-221.89278887239,82.8858367321118,-236.222402832105));
#4489=CARTESIAN_POINT('Ctrl Pts',(-222.728124437041,85.2402325199676,-234.35236003148));
#4490=CARTESIAN_POINT('Ctrl Pts',(-222.952319337973,86.7417395385569,-233.858993681394));
#4491=CARTESIAN_POINT('Ctrl Pts',(-222.974809966219,87.522504543939,-233.809499295473));
#4492=CARTESIAN_POINT('Ctrl Pts',(-222.974809966219,87.7165133667096,-233.809499295473));
#4493=CARTESIAN_POINT('Ctrl Pts',(-209.474550147917,75.2165655155667,-302.983264635836));
#4494=CARTESIAN_POINT('Ctrl Pts',(-209.173590588184,75.2173633444488,-295.699617538909));
#4495=CARTESIAN_POINT('Ctrl Pts',(-209.512556951455,75.1874608047136,-284.704779515525));
#4496=CARTESIAN_POINT('Ctrl Pts',(-211.360541368619,75.2979814196478,-271.484305185952));
#4497=CARTESIAN_POINT('Ctrl Pts',(-213.512075794343,75.704748060769,-260.790928432724));
#4498=CARTESIAN_POINT('Ctrl Pts',(-216.061185984611,76.5575814419589,-251.597955630096));
#4499=CARTESIAN_POINT('Ctrl Pts',(-218.819479688717,78.4814549291179,-243.810536274095));
#4500=CARTESIAN_POINT('Ctrl Pts',(-220.662164431913,80.4039035672655,-239.110789698842));
#4501=CARTESIAN_POINT('Ctrl Pts',(-222.031245558303,82.4938428461478,-235.904633181516));
#4502=CARTESIAN_POINT('Ctrl Pts',(-222.88279633344,85.0426898337865,-234.010822818333));
#4503=CARTESIAN_POINT('Ctrl Pts',(-223.111429400411,86.6642225290802,-233.511099091428));
#4504=CARTESIAN_POINT('Ctrl Pts',(-223.134365483914,87.5070749877359,-233.460967407124));
#4505=CARTESIAN_POINT('Ctrl Pts',(-223.134365483914,87.7165133667096,-233.460967407124));
#4506=CARTESIAN_POINT('',(-222.,87.7165133667096,-238.664077250934));
#4507=CARTESIAN_POINT('',(-221.999999998692,82.7222741531445,-236.000002083707));
#4508=CARTESIAN_POINT('Ctrl Pts',(-222.,82.722274158654,-236.000002080705));
#4509=CARTESIAN_POINT('Ctrl Pts',(-222.,83.7857615940565,-236.000002080705));
#4510=CARTESIAN_POINT('Ctrl Pts',(-222.,84.7279298271449,-236.191782015219));
#4511=CARTESIAN_POINT('Ctrl Pts',(-222.,86.1372009704831,-236.775535302322));
#4512=CARTESIAN_POINT('Ctrl Pts',(-222.,86.6385290432697,-237.111625731909));
#4513=CARTESIAN_POINT('Ctrl Pts',(-222.,87.185432825214,-237.644718934118));
#4514=CARTESIAN_POINT('Ctrl Pts',(-222.,87.348402317863,-237.838801265321));
#4515=CARTESIAN_POINT('Ctrl Pts',(-222.,87.5157609712519,-238.109937073639));
#4516=CARTESIAN_POINT('Ctrl Pts',(-222.,87.5514008234477,-238.173837192476));
#4517=CARTESIAN_POINT('Ctrl Pts',(-222.,87.6140103999249,-238.301948217384));
#4518=CARTESIAN_POINT('Ctrl Pts',(-222.,87.6418888613742,-238.367401992611));
#4519=CARTESIAN_POINT('Ctrl Pts',(-222.,87.6776860501682,-238.471379386028));
#4520=CARTESIAN_POINT('Ctrl Pts',(-222.,87.6894219667059,-238.510643843794));
#4521=CARTESIAN_POINT('Ctrl Pts',(-222.,87.7031895677027,-238.568855178171));
#4522=CARTESIAN_POINT('Ctrl Pts',(-222.,87.7072630545206,-238.588627896666));
#4523=CARTESIAN_POINT('Ctrl Pts',(-222.,87.7120230815574,-238.617759965727));
#4524=CARTESIAN_POINT('Ctrl Pts',(-222.,87.7134323439752,-238.62766835806));
#4525=CARTESIAN_POINT('Ctrl Pts',(-222.,87.7150605270797,-238.642183558907));
#4526=CARTESIAN_POINT('Ctrl Pts',(-222.,87.7155399607731,-238.647115903275));
#4527=CARTESIAN_POINT('Ctrl Pts',(-222.,87.7160793152992,-238.654264453796));
#4528=CARTESIAN_POINT('Ctrl Pts',(-222.,87.7162353067768,-238.656672331081));
#4529=CARTESIAN_POINT('Ctrl Pts',(-222.,87.7164008032497,-238.660071911795));
#4530=CARTESIAN_POINT('Ctrl Pts',(-222.,87.7164464246573,-238.661178521947));
#4531=CARTESIAN_POINT('Ctrl Pts',(-222.,87.7164920731268,-238.662736802245));
#4532=CARTESIAN_POINT('Ctrl Pts',(-222.,87.7165046829387,-238.663269098481));
#4533=CARTESIAN_POINT('Ctrl Pts',(-222.,87.7165116072446,-238.663825028748));
#4534=CARTESIAN_POINT('Ctrl Pts',(-222.,87.7165124788641,-238.663909661972));
#4535=CARTESIAN_POINT('Ctrl Pts',(-222.,87.7165131761047,-238.664018008282));
#4536=CARTESIAN_POINT('Ctrl Pts',(-222.,87.7165133667096,-238.664106872362));
#4537=CARTESIAN_POINT('Ctrl Pts',(-222.,87.7165133667096,-238.664077250934));
#4538=CARTESIAN_POINT('',(-222.,87.7165133667096,-290.));
#4539=CARTESIAN_POINT('',(-222.,87.7165133667095,-179.745817036022));
#4540=CARTESIAN_POINT('',(-209.474550147917,75.2165655155657,-302.983264635836));
#4541=CARTESIAN_POINT('Ctrl Pts',(-222.,87.7165133667096,-290.));
#4542=CARTESIAN_POINT('Ctrl Pts',(-220.824557502171,87.7158991750117,-291.423955938626));
#4543=CARTESIAN_POINT('Ctrl Pts',(-219.609111188249,87.5694528387208,-292.826219441199));
#4544=CARTESIAN_POINT('Ctrl Pts',(-217.247292151358,86.89967755616,-295.426800682157));
#4545=CARTESIAN_POINT('Ctrl Pts',(-216.094184092487,86.3973785029513,-296.63954639585));
#4546=CARTESIAN_POINT('Ctrl Pts',(-213.647418149284,84.7804302421,-299.114483634447));
#4547=CARTESIAN_POINT('Ctrl Pts',(-212.514822128974,83.6432141855213,-300.19528643546));
#4548=CARTESIAN_POINT('Ctrl Pts',(-210.959006342033,81.3385062896547,-301.647544937816));
#4549=CARTESIAN_POINT('Ctrl Pts',(-210.404211653668,80.2011045933177,-302.150579543329));
#4550=CARTESIAN_POINT('Ctrl Pts',(-209.665151880261,77.7566331388309,-302.815036095633));
#4551=CARTESIAN_POINT('Ctrl Pts',(-209.474550147569,76.4983940196677,-302.983264627415));
#4552=CARTESIAN_POINT('Ctrl Pts',(-209.474550147569,75.2165655155676,-302.983264627415));
#4553=CARTESIAN_POINT('Ctrl Pts',(-209.474550147917,75.2165655155667,-302.983264635836));
#4554=CARTESIAN_POINT('Ctrl Pts',(-209.173590588184,75.2173633444488,-295.699617538909));
#4555=CARTESIAN_POINT('Ctrl Pts',(-209.512556951455,75.1874608047136,-284.704779515525));
#4556=CARTESIAN_POINT('Ctrl Pts',(-211.360541368619,75.2979814196478,-271.484305185952));
#4557=CARTESIAN_POINT('Ctrl Pts',(-213.512075794343,75.704748060769,-260.790928432724));
#4558=CARTESIAN_POINT('Ctrl Pts',(-216.061185984611,76.5575814419589,-251.597955630096));
#4559=CARTESIAN_POINT('Ctrl Pts',(-218.819479688717,78.4814549291179,-243.810536274095));
#4560=CARTESIAN_POINT('Ctrl Pts',(-220.57077001206,80.3085529769767,-239.343890131938));
#4561=CARTESIAN_POINT('Ctrl Pts',(-221.54585422891,81.7566350984311,-237.042959065574));
#4562=CARTESIAN_POINT('Ctrl Pts',(-222.000407262808,82.7211982564584,-235.999103829176));
#4563=CARTESIAN_POINT('Origin',(-361.295194168316,57.7165133667096,-296.710051014314));
#4564=CARTESIAN_POINT('',(-209.474550147569,70.7165133667097,-302.983264627415));
#4565=CARTESIAN_POINT('',(-209.474550147569,57.7165133667096,-302.983264627415));
#4566=CARTESIAN_POINT('',(-222.,70.7165133667097,-236.000002080705));
#4567=CARTESIAN_POINT('Origin',(-361.295194168316,70.7165133667097,-296.710051014314));
#4568=CARTESIAN_POINT('',(-222.,57.7165133667096,-236.000002080705));
#4569=CARTESIAN_POINT('Origin',(-222.,62.7165133667096,-89.9999999999999));
#4570=CARTESIAN_POINT('',(-222.,57.7165133667097,-208.361790928816));
#4571=CARTESIAN_POINT('Ctrl Pts',(-222.,57.7165133667097,-208.361790928816));
#4572=CARTESIAN_POINT('Ctrl Pts',(-222.,57.7165133667097,-211.877180700187));
#4573=CARTESIAN_POINT('Ctrl Pts',(-222.,58.1386169071409,-215.7013809246));
#4574=CARTESIAN_POINT('Ctrl Pts',(-222.,59.4380107070461,-221.259487465747));
#4575=CARTESIAN_POINT('Ctrl Pts',(-222.,59.979411553253,-223.08258411328));
#4576=CARTESIAN_POINT('Ctrl Pts',(-222.,61.2779868467095,-226.566195917975));
#4577=CARTESIAN_POINT('Ctrl Pts',(-222.,62.0333012150183,-228.227404168289));
#4578=CARTESIAN_POINT('Ctrl Pts',(-222.,63.4310441717279,-230.64928003619));
#4579=CARTESIAN_POINT('Ctrl Pts',(-222.,64.0561548061894,-231.604171327166));
#4580=CARTESIAN_POINT('Ctrl Pts',(-222.,65.4812762633163,-233.3553289434));
#4581=CARTESIAN_POINT('Ctrl Pts',(-222.,66.2830313444947,-234.150175039499));
#4582=CARTESIAN_POINT('Ctrl Pts',(-222.,67.4001004131396,-234.938713725741));
#4583=CARTESIAN_POINT('Ctrl Pts',(-222.,67.7059812317461,-235.131022565207));
#4584=CARTESIAN_POINT('Ctrl Pts',(-222.,68.3433188677365,-235.465409233793));
#4585=CARTESIAN_POINT('Ctrl Pts',(-222.,68.6750586219772,-235.606947510601));
#4586=CARTESIAN_POINT('Ctrl Pts',(-222.,69.2487973137824,-235.79895905235));
#4587=CARTESIAN_POINT('Ctrl Pts',(-222.,69.5423211541184,-235.875710308628));
#4588=CARTESIAN_POINT('Ctrl Pts',(-222.,70.138033882686,-235.976345394882));
#4589=CARTESIAN_POINT('Ctrl Pts',(-222.,70.4402611206188,-236.000002080705));
#4590=CARTESIAN_POINT('Ctrl Pts',(-222.,70.7165133667097,-236.000002080705));
#4591=CARTESIAN_POINT('',(-222.,57.7165133667097,-190.));
#4592=CARTESIAN_POINT('',(-222.,57.7165133667096,-140.392192217795));
#4593=CARTESIAN_POINT('',(-222.,66.9664261753451,-190.));
#4594=CARTESIAN_POINT('',(-222.,62.7165133667097,-290.));
#4595=CARTESIAN_POINT('Origin',(-132.,62.7165133667095,-215.707093924094));
#4596=CARTESIAN_POINT('',(-66.8917915990737,57.7165133667097,-312.559337532721));
#4597=CARTESIAN_POINT('Ctrl Pts',(-66.8917915990736,57.7165133667098,-312.559337532721));
#4598=CARTESIAN_POINT('Ctrl Pts',(-65.1361002397765,57.7165133667098,-311.379086929847));
#4599=CARTESIAN_POINT('Ctrl Pts',(-63.4139012892053,58.1160864198648,-310.149079081568));
#4600=CARTESIAN_POINT('Ctrl Pts',(-60.2182814228329,59.6379411675731,-307.74465621724));
#4601=CARTESIAN_POINT('Ctrl Pts',(-58.7377865559213,60.7836878720124,-306.561659139537));
#4602=CARTESIAN_POINT('Ctrl Pts',(-56.5906868032704,63.4053774657714,-304.782085906212));
#4603=CARTESIAN_POINT('Ctrl Pts',(-55.813568575436,64.7532422780703,-304.112746362909));
#4604=CARTESIAN_POINT('Ctrl Pts',(-54.8497443179873,67.5002958931974,-303.271952287063));
#4605=CARTESIAN_POINT('Ctrl Pts',(-54.5910015075644,68.8158296621751,-303.041441060652));
#4606=CARTESIAN_POINT('Ctrl Pts',(-54.5290592278066,70.3561203809989,-302.986469056102));
#4607=CARTESIAN_POINT('Ctrl Pts',(-54.5254498524309,70.5365036520952,-302.983264627415));
#4608=CARTESIAN_POINT('Ctrl Pts',(-54.5254498524309,70.7165133667098,-302.983264627415));
#4609=CARTESIAN_POINT('',(-197.108208400926,57.7165133667097,-312.559337532721));
#4610=CARTESIAN_POINT('Origin',(-132.,57.7165133667096,-215.707093924094));
#4611=CARTESIAN_POINT('Ctrl Pts',(-209.474550147569,70.7165133667097,-302.983264627415));
#4612=CARTESIAN_POINT('Ctrl Pts',(-209.474550147569,69.9574038090791,-302.983264627415));
#4613=CARTESIAN_POINT('Ctrl Pts',(-209.410417023554,69.2006123400767,-303.040318750475));
#4614=CARTESIAN_POINT('Ctrl Pts',(-209.026566904189,66.9500436871102,-303.379558111842));
#4615=CARTESIAN_POINT('Ctrl Pts',(-208.525335491963,65.5494582201831,-303.821331085779));
#4616=CARTESIAN_POINT('Ctrl Pts',(-207.118818301182,62.9705652278522,-305.023961040054));
#4617=CARTESIAN_POINT('Ctrl Pts',(-206.200532076153,61.8239124999291,-305.793154805936));
#4618=CARTESIAN_POINT('Ctrl Pts',(-203.835762302881,59.6798501115847,-307.695957578235));
#4619=CARTESIAN_POINT('Ctrl Pts',(-202.301766204337,58.7976018743328,-308.879959505507));
#4620=CARTESIAN_POINT('Ctrl Pts',(-199.520792306147,57.9075230695674,-310.903678167583));
#4621=CARTESIAN_POINT('Ctrl Pts',(-198.322227161117,57.7165133667097,-311.743222350501));
#4622=CARTESIAN_POINT('Ctrl Pts',(-197.108208400926,57.7165133667097,-312.559337532721));
#4623=CARTESIAN_POINT('',(-42.,62.7165133667095,-290.));
#4624=CARTESIAN_POINT('',(-59.2836585651666,77.7426354049974,-306.98562141844));
#4625=CARTESIAN_POINT('',(-59.2836585651667,67.7426354049974,-306.98562141844));
#4626=CARTESIAN_POINT('Ctrl Pts',(-59.2836585651666,77.7426354049974,-306.98562141844));
#4627=CARTESIAN_POINT('Ctrl Pts',(-58.696610706018,77.7426354049974,-306.517954227303));
#4628=CARTESIAN_POINT('Ctrl Pts',(-57.5400364461075,77.4019432976527,-305.576942863173));
#4629=CARTESIAN_POINT('Ctrl Pts',(-56.1613545306867,75.9750738558839,-304.412238622565));
#4630=CARTESIAN_POINT('Ctrl Pts',(-55.4015744270401,73.9031528554721,-303.753397126965));
#4631=CARTESIAN_POINT('Ctrl Pts',(-55.39141549467,70.8029893387089,-303.744371852959));
#4632=CARTESIAN_POINT('Ctrl Pts',(-56.9491242252239,68.2388582987486,-305.095513456465));
#4633=CARTESIAN_POINT('Ctrl Pts',(-58.6972224555031,67.7426354049973,-306.518441572855));
#4634=CARTESIAN_POINT('Ctrl Pts',(-59.2836585651667,67.7426354049974,-306.98562141844));
#4635=CARTESIAN_POINT('',(-59.346457580003,77.7426354049974,-307.035614480539));
#4636=CARTESIAN_POINT('Ctrl Pts',(-59.346457580003,77.7426354049974,-307.035614480539));
#4637=CARTESIAN_POINT('Ctrl Pts',(-59.3255188449705,77.7426354049974,-307.018957326075));
#4638=CARTESIAN_POINT('Ctrl Pts',(-59.3045858383745,77.7426354049974,-307.002292970728));
#4639=CARTESIAN_POINT('Ctrl Pts',(-59.2836585651666,77.7426354049974,-306.98562141844));
#4640=CARTESIAN_POINT('',(-204.362988437248,77.7426354049974,-307.266002816861));
#4641=CARTESIAN_POINT('Origin',(-132.,77.7426354049974,-215.707093924094));
#4642=CARTESIAN_POINT('',(-204.362988437248,67.7426354049974,-307.266002816861));
#4643=CARTESIAN_POINT('Ctrl Pts',(-204.362988437248,67.7426354049974,-307.266002816861));
#4644=CARTESIAN_POINT('Ctrl Pts',(-204.949831035061,67.7426354049974,-306.802195584626));
#4645=CARTESIAN_POINT('Ctrl Pts',(-206.109812448466,68.0878554095735,-305.867324533125));
#4646=CARTESIAN_POINT('Ctrl Pts',(-207.960637947257,69.9894379440526,-304.311912784456));
#4647=CARTESIAN_POINT('Ctrl Pts',(-208.655916051521,74.0162249052082,-303.702466366978));
#4648=CARTESIAN_POINT('Ctrl Pts',(-206.704468262662,77.2499568008157,-305.386878206265));
#4649=CARTESIAN_POINT('Ctrl Pts',(-204.949831035061,77.7426354049974,-306.802195584626));
#4650=CARTESIAN_POINT('Ctrl Pts',(-204.362988437248,77.7426354049974,-307.266002816861));
#4651=CARTESIAN_POINT('',(-59.346457580003,67.7426354049974,-307.035614480539));
#4652=CARTESIAN_POINT('Origin',(-132.,67.7426354049974,-215.707093924094));
#4653=CARTESIAN_POINT('Ctrl Pts',(-59.2836585651667,67.7426354049974,-306.98562141844));
#4654=CARTESIAN_POINT('Ctrl Pts',(-59.3045858383746,67.7426354049974,-307.002292970728));
#4655=CARTESIAN_POINT('Ctrl Pts',(-59.3255188449705,67.7426354049974,-307.018957326075));
#4656=CARTESIAN_POINT('Ctrl Pts',(-59.346457580003,67.7426354049974,-307.035614480539));
#4657=CARTESIAN_POINT('Origin',(-361.295194168316,70.7165133667097,-296.710051014314));
#4658=CARTESIAN_POINT('',(-196.385755780044,57.7165133667097,-293.04353918582));
#4659=CARTESIAN_POINT('',(-197.715892400088,57.7165133667097,-275.487934919476));
#4660=CARTESIAN_POINT('Ctrl Pts',(-196.385755780044,57.7165133667097,-293.04353918582));
#4661=CARTESIAN_POINT('Ctrl Pts',(-196.39084313042,57.7165133667097,-293.038035735576));
#4662=CARTESIAN_POINT('Ctrl Pts',(-196.395926528061,57.7165162096783,-293.032528593487));
#4663=CARTESIAN_POINT('Ctrl Pts',(-197.605121549777,57.7178662416103,-291.720638650837));
#4664=CARTESIAN_POINT('Ctrl Pts',(-198.590173054823,57.8770424437104,-290.20589326616));
#4665=CARTESIAN_POINT('Ctrl Pts',(-199.577043906026,58.0614373393175,-287.787553687703));
#4666=CARTESIAN_POINT('Ctrl Pts',(-199.821731342245,58.112574526078,-286.992192528345));
#4667=CARTESIAN_POINT('Ctrl Pts',(-200.104503628211,58.1632734115256,-285.62477138132));
#4668=CARTESIAN_POINT('Ctrl Pts',(-200.183089263309,58.1741639703409,-285.067992639827));
#4669=CARTESIAN_POINT('Ctrl Pts',(-200.268207269138,58.1741639703409,-283.944575688698));
#4670=CARTESIAN_POINT('Ctrl Pts',(-200.274408152297,58.1632734115256,-283.382312566956));
#4671=CARTESIAN_POINT('Ctrl Pts',(-200.200892167454,58.112574526078,-281.987896503145));
#4672=CARTESIAN_POINT('Ctrl Pts',(-200.07883444843,58.0614373393175,-281.164748139553));
#4673=CARTESIAN_POINT('Ctrl Pts',(-199.467598770765,57.8770424494605,-278.625324796636));
#4674=CARTESIAN_POINT('Ctrl Pts',(-198.722017875684,57.7178662416802,-276.979454468008));
#4675=CARTESIAN_POINT('Ctrl Pts',(-197.724288083342,57.7165162096772,-275.500352234603));
#4676=CARTESIAN_POINT('Ctrl Pts',(-197.720092474949,57.7165133667097,-275.494142051901));
#4677=CARTESIAN_POINT('Ctrl Pts',(-197.715892400088,57.7165133667097,-275.487934919476));
#4678=CARTESIAN_POINT('Origin',(-361.295194168316,57.7165133667097,-296.710051014314));
#4679=CARTESIAN_POINT('Origin',(-361.295194168316,57.7165133667097,-296.710051014314));
#4680=CARTESIAN_POINT('',(-204.694526285313,59.7007368224466,-275.376574127672));
#4681=CARTESIAN_POINT('',(-204.708254161322,59.6920650445963,-275.174101479036));
#4682=CARTESIAN_POINT('Ctrl Pts',(-204.694526285313,59.7007368224466,-275.376574127672));
#4683=CARTESIAN_POINT('Ctrl Pts',(-204.703724942125,59.7007368224466,-275.3090504039));
#4684=CARTESIAN_POINT('Ctrl Pts',(-204.708254161322,59.6977967791901,-275.241419698118));
#4685=CARTESIAN_POINT('Ctrl Pts',(-204.708254161322,59.6920650445963,-275.174101479036));
#4686=CARTESIAN_POINT('Ctrl Pts',(-204.708254161322,59.6920650445963,-275.174101479036));
#4687=CARTESIAN_POINT('Ctrl Pts',(-204.708254161322,59.6835345607147,-275.073912439678));
#4688=CARTESIAN_POINT('Ctrl Pts',(-204.698222693624,59.6688133837671,-274.974416162623));
#4689=CARTESIAN_POINT('Ctrl Pts',(-204.640277779586,59.6090636088792,-274.687675844108));
#4690=CARTESIAN_POINT('Ctrl Pts',(-204.566826937088,59.5498382042804,-274.512075004486));
#4691=CARTESIAN_POINT('Ctrl Pts',(-204.349591340029,59.3972710312456,-274.177404569024));
#4692=CARTESIAN_POINT('Ctrl Pts',(-204.197491615546,59.3009921513512,-274.027527481119));
#4693=CARTESIAN_POINT('Ctrl Pts',(-203.924030340603,59.1458625874507,-273.850645096568));
#4694=CARTESIAN_POINT('Ctrl Pts',(-203.817991540084,59.088869805828,-273.798575744996));
#4695=CARTESIAN_POINT('Ctrl Pts',(-203.633271655332,58.9951242318858,-273.733451836882));
#4696=CARTESIAN_POINT('Ctrl Pts',(-203.557409128999,58.9580192715066,-273.71318577411));
#4697=CARTESIAN_POINT('Ctrl Pts',(-203.40996942403,58.8885877941122,-273.686018020781));
#4698=CARTESIAN_POINT('Ctrl Pts',(-203.338724608153,58.8561709312204,-273.678056719691));
#4699=CARTESIAN_POINT('Ctrl Pts',(-203.179407200093,58.786150122092,-273.671827374048));
#4700=CARTESIAN_POINT('Ctrl Pts',(-203.091216725417,58.749028072465,-273.676043217013));
#4701=CARTESIAN_POINT('Ctrl Pts',(-202.852997660582,58.6529339684702,-273.708900630107));
#4702=CARTESIAN_POINT('Ctrl Pts',(-202.704714130871,58.5976758635527,-273.752579325714));
#4703=CARTESIAN_POINT('Ctrl Pts',(-202.412916370976,58.4964881358388,-273.891358765065));
#4704=CARTESIAN_POINT('Ctrl Pts',(-202.272998246722,58.4523561139726,-273.988892551626));
#4705=CARTESIAN_POINT('Ctrl Pts',(-202.028342574715,58.3811458090641,-274.23185431001));
#4706=CARTESIAN_POINT('Ctrl Pts',(-201.926460465395,58.3548976374366,-274.375364278105));
#4707=CARTESIAN_POINT('Ctrl Pts',(-201.774042249,58.3207520355251,-274.69873363595));
#4708=CARTESIAN_POINT('Ctrl Pts',(-201.726902999379,58.3137733915805,-274.876091172273));
#4709=CARTESIAN_POINT('Ctrl Pts',(-201.697968743708,58.320496123542,-275.248091059164));
#4710=CARTESIAN_POINT('Ctrl Pts',(-201.719710605531,58.3351126420752,-275.438744690608));
#4711=CARTESIAN_POINT('Ctrl Pts',(-201.833368050702,58.3876591279387,-275.804327096263));
#4712=CARTESIAN_POINT('Ctrl Pts',(-201.925416978325,58.4255457572665,-275.974221941297));
#4713=CARTESIAN_POINT('Ctrl Pts',(-202.171247344469,58.5265026536896,-276.276199949259));
#4714=CARTESIAN_POINT('Ctrl Pts',(-202.324959455611,58.5896776309935,-276.401812667553));
#4715=CARTESIAN_POINT('Ctrl Pts',(-202.586891049274,58.7018442694906,-276.543314716769));
#4716=CARTESIAN_POINT('Ctrl Pts',(-202.682558363808,58.7435579083808,-276.582685837252));
#4717=CARTESIAN_POINT('Ctrl Pts',(-202.852427235453,58.8192963859072,-276.633210883356));
#4718=CARTESIAN_POINT('Ctrl Pts',(-202.92535587999,58.8523137569223,-276.649047519229));
#4719=CARTESIAN_POINT('Ctrl Pts',(-203.071606787254,58.919586178764,-276.669674213335));
#4720=CARTESIAN_POINT('Ctrl Pts',(-203.144832463596,58.9537883434966,-276.674538494767));
#4721=CARTESIAN_POINT('Ctrl Pts',(-203.315507462574,59.0346884027111,-276.673445246486));
#4722=CARTESIAN_POINT('Ctrl Pts',(-203.412709604008,59.0816743290638,-276.663287628473));
#4723=CARTESIAN_POINT('Ctrl Pts',(-203.68710491224,59.2164935923282,-276.607307524086));
#4724=CARTESIAN_POINT('Ctrl Pts',(-203.859562006844,59.3040546514419,-276.538056634732));
#4725=CARTESIAN_POINT('Ctrl Pts',(-204.165589944033,59.4606089035978,-276.342406335453));
#4726=CARTESIAN_POINT('Ctrl Pts',(-204.300152808803,59.5299806188723,-276.219059450406));
#4727=CARTESIAN_POINT('Ctrl Pts',(-204.487267393822,59.622130682333,-275.968164907574));
#4728=CARTESIAN_POINT('Ctrl Pts',(-204.551530407272,59.6522461451435,-275.854558575327));
#4729=CARTESIAN_POINT('Ctrl Pts',(-204.646133508183,59.6910173271457,-275.61848462891));
#4730=CARTESIAN_POINT('Ctrl Pts',(-204.677820138314,59.7007368224466,-275.499207385803));
#4731=CARTESIAN_POINT('Ctrl Pts',(-204.694526285313,59.7007368224466,-275.376574127672));
#4732=CARTESIAN_POINT('Origin',(-191.343732378994,60.7165133667097,-283.833327460607));
#4733=CARTESIAN_POINT('',(-191.343732378994,57.7165133667097,-294.333327460607));
#4734=CARTESIAN_POINT('Origin',(-191.343732378994,57.7165133667097,-283.833327460607));
#4735=CARTESIAN_POINT('',(-191.343732378994,60.7165133667097,-291.333327460607));
#4736=CARTESIAN_POINT('Origin',(-191.343732378994,60.7165133667097,-294.333327460607));
#4737=CARTESIAN_POINT('',(-198.843732378994,60.7165133667097,-283.833327460607));
#4738=CARTESIAN_POINT('Origin',(-191.343732378994,60.7165133667097,-283.833327460607));
#4739=CARTESIAN_POINT('Origin',(-191.343732378994,60.7165133667097,-283.833327460607));
#4740=CARTESIAN_POINT('',(-187.01273447066,57.7165133667097,-274.268158506636));
#4741=CARTESIAN_POINT('Origin',(-191.343732378994,57.7165133667097,-283.833327460607));
#4742=CARTESIAN_POINT('',(-189.708254161322,58.2362439896564,-275.174101479035));
#4743=CARTESIAN_POINT('Ctrl Pts',(-187.01273447066,57.7165133667097,-274.268158506636));
#4744=CARTESIAN_POINT('Ctrl Pts',(-187.012038634735,57.7165133667097,-274.269076760406));
#4745=CARTESIAN_POINT('Ctrl Pts',(-187.011343759855,57.7165135176757,-274.269995943725));
#4746=CARTESIAN_POINT('Ctrl Pts',(-186.896788484231,57.71656366162,-274.421893758548));
#4747=CARTESIAN_POINT('Ctrl Pts',(-186.811081008369,57.7204013740581,-274.594988746193));
#4748=CARTESIAN_POINT('Ctrl Pts',(-186.713125051197,57.7534920020776,-274.956505091009));
#4749=CARTESIAN_POINT('Ctrl Pts',(-186.697775979283,57.7808995846968,-275.138480432182));
#4750=CARTESIAN_POINT('Ctrl Pts',(-186.726516576772,57.8576897046278,-275.435068313005));
#4751=CARTESIAN_POINT('Ctrl Pts',(-186.751219385329,57.8953374767487,-275.548662628585));
#4752=CARTESIAN_POINT('Ctrl Pts',(-186.814300811207,57.9744996469458,-275.733915051059));
#4753=CARTESIAN_POINT('Ctrl Pts',(-186.846188898799,58.011251658335,-275.807415712863));
#4754=CARTESIAN_POINT('Ctrl Pts',(-186.920172252991,58.0929002166968,-275.946746413326));
#4755=CARTESIAN_POINT('Ctrl Pts',(-186.961879813821,58.1374162599377,-276.012216619306));
#4756=CARTESIAN_POINT('Ctrl Pts',(-187.072287682325,58.2535828731738,-276.159552351797));
#4757=CARTESIAN_POINT('Ctrl Pts',(-187.144362350425,58.3282286562057,-276.236528930069));
#4758=CARTESIAN_POINT('Ctrl Pts',(-187.403458072717,58.5962390340129,-276.462629609097));
#4759=CARTESIAN_POINT('Ctrl Pts',(-187.603339877926,58.8044986867945,-276.560728303901));
#4760=CARTESIAN_POINT('Ctrl Pts',(-187.981606044535,59.1820169140357,-276.669922262934));
#4761=CARTESIAN_POINT('Ctrl Pts',(-188.170641685674,59.3618735605526,-276.683826510047));
#4762=CARTESIAN_POINT('Ctrl Pts',(-188.438490642527,59.5400508919696,-276.659291617104));
#4763=CARTESIAN_POINT('Ctrl Pts',(-188.516663771697,59.5761443142086,-276.643753544756));
#4764=CARTESIAN_POINT('Ctrl Pts',(-188.645626676742,59.6129939303317,-276.610283988311));
#4765=CARTESIAN_POINT('Ctrl Pts',(-188.706240555565,59.6195410416624,-276.590584805159));
#4766=CARTESIAN_POINT('Ctrl Pts',(-188.827779839463,59.6057350070813,-276.541710532381));
#4767=CARTESIAN_POINT('Ctrl Pts',(-188.884208664081,59.5865463138385,-276.51453457306));
#4768=CARTESIAN_POINT('Ctrl Pts',(-189.01844327447,59.5168365259037,-276.439896126123));
#4769=CARTESIAN_POINT('Ctrl Pts',(-189.092756442124,59.4543746825185,-276.38835257907));
#4770=CARTESIAN_POINT('Ctrl Pts',(-189.290026093454,59.2531926557323,-276.227429126617));
#4771=CARTESIAN_POINT('Ctrl Pts',(-189.422293409649,59.0597544801621,-276.081276277437));
#4772=CARTESIAN_POINT('Ctrl Pts',(-189.609579513143,58.6887043796293,-275.737151416741));
#4773=CARTESIAN_POINT('Ctrl Pts',(-189.671188701142,58.5221370470569,-275.560260625646));
#4774=CARTESIAN_POINT('Ctrl Pts',(-189.704006142853,58.3252468967501,-275.302593417343));
#4775=CARTESIAN_POINT('Ctrl Pts',(-189.708254161322,58.2798746118683,-275.239356109753));
#4776=CARTESIAN_POINT('Ctrl Pts',(-189.708254161322,58.2362439896565,-275.174101479035));
#4777=CARTESIAN_POINT('',(-188.546586115586,57.7165133667097,-273.712755699036));
#4778=CARTESIAN_POINT('Ctrl Pts',(-189.708254161322,58.2362439896565,-275.174101479035));
#4779=CARTESIAN_POINT('Ctrl Pts',(-189.708254161322,58.2126328466624,-275.138788289838));
#4780=CARTESIAN_POINT('Ctrl Pts',(-189.707008385229,58.1895306726171,-275.102885043923));
#4781=CARTESIAN_POINT('Ctrl Pts',(-189.699095653569,58.1216033117081,-274.992937146378));
#4782=CARTESIAN_POINT('Ctrl Pts',(-189.688225481437,58.0785697462265,-274.917206614283));
#4783=CARTESIAN_POINT('Ctrl Pts',(-189.652853686362,57.9985109752153,-274.762501465572));
#4784=CARTESIAN_POINT('Ctrl Pts',(-189.628503882031,57.9617611611416,-274.68407874882));
#4785=CARTESIAN_POINT('Ctrl Pts',(-189.550676562647,57.8818280280174,-274.494132127094));
#4786=CARTESIAN_POINT('Ctrl Pts',(-189.490367295159,57.8434027733202,-274.38490171211));
#4787=CARTESIAN_POINT('Ctrl Pts',(-189.306446834426,57.770666772731,-274.13662790319));
#4788=CARTESIAN_POINT('Ctrl Pts',(-189.171307392113,57.7456672447857,-274.008597484911));
#4789=CARTESIAN_POINT('Ctrl Pts',(-188.86874532652,57.7196413373057,-273.816804161766));
#4790=CARTESIAN_POINT('Ctrl Pts',(-188.711594887039,57.7165133667097,-273.750958662962));
#4791=CARTESIAN_POINT('Ctrl Pts',(-188.546586115586,57.7165133667097,-273.712755699036));
#4792=CARTESIAN_POINT('Origin',(-191.343732378994,57.7165133667097,-283.833327460607));
#4793=CARTESIAN_POINT('Origin',(-132.,57.7165133667096,-190.784384435591));
#4794=CARTESIAN_POINT('Origin',(-188.208254161322,57.7165133667097,-275.174101479036));
#4795=CARTESIAN_POINT('',(-67.6142442199555,57.7165133667097,-293.04353918582));
#4796=CARTESIAN_POINT('Origin',(97.2951941683164,57.7165133667097,-296.710051014314));
#4797=CARTESIAN_POINT('',(-72.6562676210063,57.7165133667097,-294.333327460607));
#4798=CARTESIAN_POINT('Origin',(-72.6562676210063,57.7165133667097,-283.833327460607));
#4799=CARTESIAN_POINT('',(-76.9872655293399,57.7165133667097,-274.268158506636));
#4800=CARTESIAN_POINT('Origin',(-72.6562676210063,57.7165133667097,-283.833327460607));
#4801=CARTESIAN_POINT('',(-75.4534138844136,57.7165133667097,-273.712755699036));
#4802=CARTESIAN_POINT('Origin',(-75.7917458386784,57.7165133667097,-275.174101479036));
#4803=CARTESIAN_POINT('',(-66.2841075999116,57.7165133667097,-275.487934919476));
#4804=CARTESIAN_POINT('Origin',(-72.6562676210063,57.7165133667097,-283.833327460607));
#4805=CARTESIAN_POINT('',(-42.,57.7165133667096,-208.361790928816));
#4806=CARTESIAN_POINT('Origin',(97.2951941683164,57.7165133667097,-296.710051014314));
#4807=CARTESIAN_POINT('',(-42.,57.7165133667096,-190.));
#4808=CARTESIAN_POINT('',(-42.,57.7165133667097,-240.392192217795));
#4809=CARTESIAN_POINT('',(-87.2390787652709,57.7165133667096,-190.));
#4810=CARTESIAN_POINT('',(-132.000000000012,57.7165133667096,-190.));
#4811=CARTESIAN_POINT('',(-87.2390787652709,57.7165133667097,-223.665549144703));
#4812=CARTESIAN_POINT('',(-87.2390787652709,57.7165133667096,-207.224966790147));
#4813=CARTESIAN_POINT('',(-90.1101177726633,57.7165133667097,-223.665549144703));
#4814=CARTESIAN_POINT('',(-111.055058886332,57.7165133667097,-223.665549144703));
#4815=CARTESIAN_POINT('',(-97.4994025154821,57.7165133667096,-197.332692828082));
#4816=CARTESIAN_POINT('Origin',(-45.9999999999999,57.7165133667096,-197.084587427276));
#4817=CARTESIAN_POINT('',(-96.3188043644347,57.7165133667096,-190.));
#4818=CARTESIAN_POINT('Origin',(-46.1962636535711,57.7165133667096,-201.83135295255));
#4819=CARTESIAN_POINT('',(-105.5,57.7165133667096,-190.));
#4820=CARTESIAN_POINT('',(-132.000000000012,57.7165133667096,-190.));
#4821=CARTESIAN_POINT('',(-105.5,57.7165133667097,-248.412822475027));
#4822=CARTESIAN_POINT('',(-105.5,57.7165133667097,-232.392193394675));
#4823=CARTESIAN_POINT('',(-103.136997392413,57.7165133667097,-291.63100496262));
#4824=CARTESIAN_POINT('Origin',(-131.99999906018,57.7165133667097,-271.535430802999));
#4825=CARTESIAN_POINT('',(-86.8162270089867,57.7165133667097,-265.417723676425));
#4826=CARTESIAN_POINT('Origin',(-132.649305115849,57.7165133667097,-255.068797499001));
#4827=CARTESIAN_POINT('',(-79.7930360391368,57.7165133667097,-267.003532177165));
#4828=CARTESIAN_POINT('Origin',(-83.3046315240617,57.7165133667097,-266.210627926795));
#4829=CARTESIAN_POINT('',(-183.755343713696,57.7165133667097,-273.079791124653));
#4830=CARTESIAN_POINT('Origin',(-132.649305115849,57.7165133667097,-255.068797499001));
#4831=CARTESIAN_POINT('',(-176.964711778168,57.7165133667097,-270.686609577804));
#4832=CARTESIAN_POINT('Origin',(-180.360027745932,57.7165133667097,-271.883200351228));
#4833=CARTESIAN_POINT('',(-159.191042781379,57.7165133667097,-293.841306877035));
#4834=CARTESIAN_POINT('Origin',(-132.649305115849,57.7165133667097,-255.068797499001));
#4835=CARTESIAN_POINT('',(-158.5,57.7165133667097,-248.412824629215));
#4836=CARTESIAN_POINT('Origin',(-131.99999906018,57.7165133667097,-271.535430802999));
#4837=CARTESIAN_POINT('',(-158.5,57.7165133667096,-190.));
#4838=CARTESIAN_POINT('',(-158.5,57.7165133667096,-152.392192217795));
#4839=CARTESIAN_POINT('',(-167.681195635565,57.7165133667096,-190.));
#4840=CARTESIAN_POINT('',(-132.000000000012,57.7165133667096,-190.));
#4841=CARTESIAN_POINT('',(-166.500597484518,57.7165133667096,-197.332692828082));
#4842=CARTESIAN_POINT('Origin',(-217.803736346429,57.7165133667096,-201.83135295255));
#4843=CARTESIAN_POINT('',(-173.889882227337,57.7165133667097,-223.665549144703));
#4844=CARTESIAN_POINT('Origin',(-218.,57.7165133667096,-197.084587427276));
#4845=CARTESIAN_POINT('',(-176.760921234729,57.7165133667097,-223.665549144703));
#4846=CARTESIAN_POINT('',(-152.944941113668,57.7165133667097,-223.665549144703));
#4847=CARTESIAN_POINT('',(-176.760921234729,57.7165133667096,-190.));
#4848=CARTESIAN_POINT('',(-176.760921234729,57.7165133667097,-207.224966790147));
#4849=CARTESIAN_POINT('',(-132.000000000012,57.7165133667096,-190.));
#4850=CARTESIAN_POINT('',(-120.216346771244,57.7165133667097,-309.689871907034));
#4851=CARTESIAN_POINT('',(-143.216346771244,57.7165133667097,-309.689871907034));
#4852=CARTESIAN_POINT('',(-136.608173385621,57.7165133667097,-309.689871907034));
#4853=CARTESIAN_POINT('',(-120.216346771244,57.7165133667097,-326.689871907034));
#4854=CARTESIAN_POINT('',(-120.216346771244,57.7165133667097,-251.737128171312));
#4855=CARTESIAN_POINT('',(-143.216346771244,57.7165133667097,-326.689871907034));
#4856=CARTESIAN_POINT('',(-127.608173385621,57.7165133667097,-326.689871907034));
#4857=CARTESIAN_POINT('',(-143.216346771244,57.7165133667097,-257.737128171312));
#4858=CARTESIAN_POINT('',(-86.9827571693535,57.7165133667097,-246.914499202501));
#4859=CARTESIAN_POINT('Origin',(-88.9827571693535,57.7165133667097,-246.914499202501));
#4860=CARTESIAN_POINT('',(-73.6956813411087,57.7165133667097,-225.174101479036));
#4861=CARTESIAN_POINT('Origin',(-75.1956813411087,57.7165133667097,-225.174101479036));
#4862=CARTESIAN_POINT('',(-58.6956813411087,57.7165133667097,-225.174101479036));
#4863=CARTESIAN_POINT('Origin',(-60.1956813411087,57.7165133667097,-225.174101479036));
#4864=CARTESIAN_POINT('',(-173.017242830646,57.7165133667097,-246.914499202501));
#4865=CARTESIAN_POINT('Origin',(-175.017242830646,57.7165133667097,-246.914499202501));
#4866=CARTESIAN_POINT('',(-190.304318658891,57.7165133667097,-225.174101479036));
#4867=CARTESIAN_POINT('Origin',(-188.804318658891,57.7165133667097,-225.174101479036));
#4868=CARTESIAN_POINT('',(-205.304318658891,57.7165133667097,-225.174101479036));
#4869=CARTESIAN_POINT('Origin',(-203.804318658891,57.7165133667097,-225.174101479036));
#4870=CARTESIAN_POINT('Origin',(-203.208254161322,63.7165133667097,-275.174101479036));
#4871=CARTESIAN_POINT('',(-203.547573806469,61.7165133667097,-276.63521823632));
#4872=CARTESIAN_POINT('',(-203.547573806469,61.7165133667097,-273.712984721752));
#4873=CARTESIAN_POINT('Origin',(-203.208254161322,61.7165133667097,-275.174101479036));
#4874=CARTESIAN_POINT('',(-204.000000000001,61.7165133667097,-276.448126018412));
#4875=CARTESIAN_POINT('Ctrl Pts',(-204.000000000001,61.7165133667097,-276.448126018412));
#4876=CARTESIAN_POINT('Ctrl Pts',(-203.860767778738,61.7165133667097,-276.534652241721));
#4877=CARTESIAN_POINT('Ctrl Pts',(-203.707252466772,61.7165133667097,-276.598135569188));
#4878=CARTESIAN_POINT('Ctrl Pts',(-203.547573806469,61.7165133667097,-276.63521823632));
#4879=CARTESIAN_POINT('',(-204.708082562163,61.7669946128592,-275.17410147793));
#4880=CARTESIAN_POINT('Ctrl Pts',(-204.708123252982,61.7670221582995,-275.174101478201));
#4881=CARTESIAN_POINT('Ctrl Pts',(-204.708122927047,61.7670223879553,-275.250591435969));
#4882=CARTESIAN_POINT('Ctrl Pts',(-204.70245725942,61.7658979266363,-275.329803786725));
#4883=CARTESIAN_POINT('Ctrl Pts',(-204.689361530415,61.763715494892,-275.411523531));
#4884=CARTESIAN_POINT('Ctrl Pts',(-204.678355255554,61.7618812752292,-275.480204699237));
#4885=CARTESIAN_POINT('Ctrl Pts',(-204.662100938336,61.759299271464,-275.550657378035));
#4886=CARTESIAN_POINT('Ctrl Pts',(-204.639507135116,61.75600429778,-275.622759909539));
#4887=CARTESIAN_POINT('Ctrl Pts',(-204.635217880451,61.7553787731126,-275.636448004304));
#4888=CARTESIAN_POINT('Ctrl Pts',(-204.63070000106,61.7547275471316,-275.650195572464));
#4889=CARTESIAN_POINT('Ctrl Pts',(-204.625945805963,61.7540508522009,-275.66400179971));
#4890=CARTESIAN_POINT('Ctrl Pts',(-204.625936346102,61.7540495057185,-275.664029271236));
#4891=CARTESIAN_POINT('Ctrl Pts',(-204.625926885181,61.7540481591345,-275.664056743058));
#4892=CARTESIAN_POINT('Ctrl Pts',(-204.625917423201,61.754046812449,-275.664084215178));
#4893=CARTESIAN_POINT('Ctrl Pts',(-204.590035190242,61.7489398387046,-275.768265471088));
#4894=CARTESIAN_POINT('Ctrl Pts',(-204.539066104062,61.7424671120915,-275.876461368303));
#4895=CARTESIAN_POINT('Ctrl Pts',(-204.472286853321,61.7363268337925,-275.981210853543));
#4896=CARTESIAN_POINT('Ctrl Pts',(-204.428123184109,61.7322660332195,-276.050485689138));
#4897=CARTESIAN_POINT('Ctrl Pts',(-204.377044118762,61.7283502057518,-276.118254615696));
#4898=CARTESIAN_POINT('Ctrl Pts',(-204.318834448708,61.7250680460211,-276.182369574914));
#4899=CARTESIAN_POINT('Ctrl Pts',(-204.318823493225,61.7250674282948,-276.182381641816));
#4900=CARTESIAN_POINT('Ctrl Pts',(-204.318812537393,61.7250668105863,-276.182393708698));
#4901=CARTESIAN_POINT('Ctrl Pts',(-204.318801581213,61.7250661928959,-276.18240577556));
#4902=CARTESIAN_POINT('Ctrl Pts',(-204.267980430641,61.722200984215,-276.238378920414));
#4903=CARTESIAN_POINT('Ctrl Pts',(-204.209599170826,61.7197126289405,-276.29399377801));
#4904=CARTESIAN_POINT('Ctrl Pts',(-204.143845509395,61.7181701621259,-276.346492443355));
#4905=CARTESIAN_POINT('Ctrl Pts',(-204.09926141284,61.717124296574,-276.382089024805));
#4906=CARTESIAN_POINT('Ctrl Pts',(-204.051288974489,61.7165133667097,-276.416252352823));
#4907=CARTESIAN_POINT('Ctrl Pts',(-204.000000000001,61.7165133667097,-276.448126018412));
#4908=CARTESIAN_POINT('',(-204.708254161322,63.7165133667097,-275.174101479036));
#4909=CARTESIAN_POINT('',(-204.000000000001,61.7165133667097,-273.900076939659));
#4910=CARTESIAN_POINT('Ctrl Pts',(-204.000000000001,61.7165133667097,-273.900076939659));
#4911=CARTESIAN_POINT('Ctrl Pts',(-204.12816350987,61.7165133667097,-273.9797244837));
#4912=CARTESIAN_POINT('Ctrl Pts',(-204.235550685705,61.7203176102714,-274.073634745324));
#4913=CARTESIAN_POINT('Ctrl Pts',(-204.466768642726,61.7334869347696,-274.329607492555));
#4914=CARTESIAN_POINT('Ctrl Pts',(-204.567277924598,61.7456894520689,-274.513267879228));
#4915=CARTESIAN_POINT('Ctrl Pts',(-204.685504802988,61.7624088357439,-274.85804451327));
#4916=CARTESIAN_POINT('Ctrl Pts',(-204.708077645013,61.7669560845293,-275.021722849958));
#4917=CARTESIAN_POINT('Ctrl Pts',(-204.708076866602,61.7669563066179,-275.174101043766));
#4918=CARTESIAN_POINT('Ctrl Pts',(-203.547573806469,61.7165133667097,-273.712984721752));
#4919=CARTESIAN_POINT('Ctrl Pts',(-203.707252466772,61.7165133667097,-273.750067388884));
#4920=CARTESIAN_POINT('Ctrl Pts',(-203.860767778738,61.7165133667097,-273.813550716351));
#4921=CARTESIAN_POINT('Ctrl Pts',(-204.000000000001,61.7165133667097,-273.900076939659));
#4922=CARTESIAN_POINT('Origin',(-212.339788843281,97.7165133667093,-295.661795881838));
#4923=CARTESIAN_POINT('',(-210.839788843281,97.7165133667093,-295.661795881838));
#4924=CARTESIAN_POINT('Origin',(-212.339788843281,97.7165133667093,-295.661795881838));
#4925=CARTESIAN_POINT('Origin',(97.2951941683164,70.7165133667097,-296.710051014314));
#4926=CARTESIAN_POINT('Ctrl Pts',(-66.2841075999115,57.7165133667097,-275.487934919476));
#4927=CARTESIAN_POINT('Ctrl Pts',(-66.2799075267931,57.7165133667097,-275.494142049327));
#4928=CARTESIAN_POINT('Ctrl Pts',(-66.2757119149336,57.7165162096795,-275.500352237173));
#4929=CARTESIAN_POINT('Ctrl Pts',(-65.2779822269451,57.7178662415401,-276.979454315068));
#4930=CARTESIAN_POINT('Ctrl Pts',(-64.5324012674624,57.8770424379282,-278.625324637817));
#4931=CARTESIAN_POINT('Ctrl Pts',(-63.9211655515704,58.0614373393175,-281.164748139553));
#4932=CARTESIAN_POINT('Ctrl Pts',(-63.7991078325461,58.112574526078,-281.987896503145));
#4933=CARTESIAN_POINT('Ctrl Pts',(-63.7255918477027,58.1632734115256,-283.382312566956));
#4934=CARTESIAN_POINT('Ctrl Pts',(-63.7317927308619,58.1741639703409,-283.944575688698));
#4935=CARTESIAN_POINT('Ctrl Pts',(-63.816910736691,58.1741639703409,-285.067992639827));
#4936=CARTESIAN_POINT('Ctrl Pts',(-63.8954963717893,58.1632734115256,-285.62477138132));
#4937=CARTESIAN_POINT('Ctrl Pts',(-64.1782686577545,58.112574526078,-286.992192528345));
#4938=CARTESIAN_POINT('Ctrl Pts',(-64.4229560939737,58.0614373393175,-287.787553687703));
#4939=CARTESIAN_POINT('Ctrl Pts',(-65.4098270071338,57.8770424321339,-290.205893417986));
#4940=CARTESIAN_POINT('Ctrl Pts',(-66.3948785752032,57.7178662414696,-291.720638787092));
#4941=CARTESIAN_POINT('Ctrl Pts',(-67.6040734698487,57.7165162096807,-293.032528591208));
#4942=CARTESIAN_POINT('Ctrl Pts',(-67.6091568716891,57.7165133667097,-293.038035737858));
#4943=CARTESIAN_POINT('Ctrl Pts',(-67.6142442199555,57.7165133667097,-293.04353918582));
#4944=CARTESIAN_POINT('Ctrl Pts',(-42.,70.7165133667097,-236.000002080705));
#4945=CARTESIAN_POINT('Ctrl Pts',(-42.,70.4402611206188,-236.000002080705));
#4946=CARTESIAN_POINT('Ctrl Pts',(-42.,70.138033882686,-235.976345394883));
#4947=CARTESIAN_POINT('Ctrl Pts',(-42.,69.5423211541184,-235.875710308628));
#4948=CARTESIAN_POINT('Ctrl Pts',(-42.,69.2487973137824,-235.79895905235));
#4949=CARTESIAN_POINT('Ctrl Pts',(-42.,68.6750586219772,-235.606947510601));
#4950=CARTESIAN_POINT('Ctrl Pts',(-42.,68.3433188677365,-235.465409233793));
#4951=CARTESIAN_POINT('Ctrl Pts',(-42.,67.7059812317462,-235.131022565207));
#4952=CARTESIAN_POINT('Ctrl Pts',(-42.,67.4001004131396,-234.938713725741));
#4953=CARTESIAN_POINT('Ctrl Pts',(-42.,66.2830313444947,-234.150175039499));
#4954=CARTESIAN_POINT('Ctrl Pts',(-42.,65.4812762633162,-233.3553289434));
#4955=CARTESIAN_POINT('Ctrl Pts',(-42.,64.0561548061894,-231.604171327167));
#4956=CARTESIAN_POINT('Ctrl Pts',(-42.,63.4310441717279,-230.649280036191));
#4957=CARTESIAN_POINT('Ctrl Pts',(-42.,62.0333012150183,-228.227404168289));
#4958=CARTESIAN_POINT('Ctrl Pts',(-42.,61.2779868467095,-226.566195917975));
#4959=CARTESIAN_POINT('Ctrl Pts',(-42.,59.979411553253,-223.08258411328));
#4960=CARTESIAN_POINT('Ctrl Pts',(-42.,59.4380107070461,-221.259487465747));
#4961=CARTESIAN_POINT('Ctrl Pts',(-42.,58.1386169071409,-215.7013809246));
#4962=CARTESIAN_POINT('Ctrl Pts',(-42.,57.7165133667097,-211.877180700187));
#4963=CARTESIAN_POINT('Ctrl Pts',(-42.,57.7165133667097,-208.361790928816));
#4964=CARTESIAN_POINT('',(-59.3054737146869,59.7007368224466,-275.376574127672));
#4965=CARTESIAN_POINT('',(-59.2917458386784,59.6920650445963,-275.174101479036));
#4966=CARTESIAN_POINT('Ctrl Pts',(-59.3054737146869,59.7007368224466,-275.376574127672));
#4967=CARTESIAN_POINT('Ctrl Pts',(-59.3283626414154,59.7007368224466,-275.544592741415));
#4968=CARTESIAN_POINT('Ctrl Pts',(-59.3792277541488,59.6824547221549,-275.705525404742));
#4969=CARTESIAN_POINT('Ctrl Pts',(-59.5420207601621,59.6090636088375,-276.025857764463));
#4970=CARTESIAN_POINT('Ctrl Pts',(-59.6597670113768,59.5498382041786,-276.175412107486));
#4971=CARTESIAN_POINT('Ctrl Pts',(-59.9586084576242,59.3972710311146,-276.439778132114));
#4972=CARTESIAN_POINT('Ctrl Pts',(-60.1452566935995,59.3009921512895,-276.543508087305));
#4973=CARTESIAN_POINT('Ctrl Pts',(-60.4560677698284,59.1458625876014,-276.640795915224));
#4974=CARTESIAN_POINT('Ctrl Pts',(-60.5721706789355,59.0888698061221,-276.662603230873));
#4975=CARTESIAN_POINT('Ctrl Pts',(-60.7675795208,58.9951242328577,-276.675942765776));
#4976=CARTESIAN_POINT('Ctrl Pts',(-60.8460986306677,58.9580192730094,-276.675177647048));
#4977=CARTESIAN_POINT('Ctrl Pts',(-60.9954327870542,58.8885877968301,-276.661916337402));
#4978=CARTESIAN_POINT('Ctrl Pts',(-61.066211020408,58.8561709346157,-276.650530049351));
#4979=CARTESIAN_POINT('Ctrl Pts',(-61.2213891791624,58.7861501271117,-276.613916131423));
#4980=CARTESIAN_POINT('Ctrl Pts',(-61.3052382693151,58.7490280783857,-276.586263594744));
#4981=CARTESIAN_POINT('Ctrl Pts',(-61.5259874658508,58.6529339767305,-276.490881620306));
#4982=CARTESIAN_POINT('Ctrl Pts',(-61.6571837791301,58.5976758729339,-276.409129804319));
#4983=CARTESIAN_POINT('Ctrl Pts',(-61.9012258763592,58.4964881449462,-276.197353704435));
#4984=CARTESIAN_POINT('Ctrl Pts',(-62.0099557747933,58.4523561220468,-276.065946969448));
#4985=CARTESIAN_POINT('Ctrl Pts',(-62.1807056299529,58.3811458148904,-275.766395137425));
#4986=CARTESIAN_POINT('Ctrl Pts',(-62.2404872531148,58.354897642061,-275.600861961042));
#4987=CARTESIAN_POINT('Ctrl Pts',(-62.300852343936,58.3207520376097,-275.248505452263));
#4988=CARTESIAN_POINT('Ctrl Pts',(-62.2988319640524,58.3137733923263,-275.065001440367));
#4989=CARTESIAN_POINT('Ctrl Pts',(-62.2272045511077,58.3204961214023,-274.698817579164));
#4990=CARTESIAN_POINT('Ctrl Pts',(-62.1552564877576,58.3351126384584,-274.52092718624));
#4991=CARTESIAN_POINT('Ctrl Pts',(-61.9479500668034,58.3876591212685,-274.199069208516));
#4992=CARTESIAN_POINT('Ctrl Pts',(-61.8138097640085,58.4255457490246,-274.059987784338));
#4993=CARTESIAN_POINT('Ctrl Pts',(-61.4961605356246,58.5265026445965,-273.834771753203));
#4994=CARTESIAN_POINT('Ctrl Pts',(-61.3144492070909,58.5896776236395,-273.754853265578));
#4995=CARTESIAN_POINT('Ctrl Pts',(-61.0242116463762,58.701844265015,-273.688572396224));
#4996=CARTESIAN_POINT('Ctrl Pts',(-60.9214989693929,58.7435579041669,-273.676226286965));
#4997=CARTESIAN_POINT('Ctrl Pts',(-60.7443050569573,58.8192963815579,-273.672981088445));
#4998=CARTESIAN_POINT('Ctrl Pts',(-60.6697977574605,58.8523137521007,-273.677229432258));
#4999=CARTESIAN_POINT('Ctrl Pts',(-60.5233587654281,58.919586172421,-273.696475448194));
#5000=CARTESIAN_POINT('Ctrl Pts',(-60.4515002854425,58.9537883360807,-273.711375765474));
#5001=CARTESIAN_POINT('Ctrl Pts',(-60.2873371514983,59.0346883920447,-273.758083513379));
#5002=CARTESIAN_POINT('Ctrl Pts',(-60.1963941647912,59.0816743161988,-273.793871860727));
#5003=CARTESIAN_POINT('Ctrl Pts',(-59.946972151903,59.2164935724801,-273.921210811983));
#5004=CARTESIAN_POINT('Ctrl Pts',(-59.799323543292,59.304054627073,-274.034069216395));
#5005=CARTESIAN_POINT('Ctrl Pts',(-59.5567823630458,59.46060887843,-274.304450254541));
#5006=CARTESIAN_POINT('Ctrl Pts',(-59.460117392908,59.5299805965442,-274.459296959861));
#5007=CARTESIAN_POINT('Ctrl Pts',(-59.3469337717052,59.6221306696205,-274.751100685397));
#5008=CARTESIAN_POINT('Ctrl Pts',(-59.3154013868916,59.6522461374158,-274.877757092137));
#5009=CARTESIAN_POINT('Ctrl Pts',(-59.2947998814089,59.6807649326659,-275.063691473887));
#5010=CARTESIAN_POINT('Ctrl Pts',(-59.2917458386784,59.6873591967273,-275.118832119888));
#5011=CARTESIAN_POINT('Ctrl Pts',(-59.2917458386784,59.6920650445963,-275.174101479036));
#5012=CARTESIAN_POINT('Ctrl Pts',(-59.2917458386784,59.6920650445963,-275.174101479036));
#5013=CARTESIAN_POINT('Ctrl Pts',(-59.2917458386784,59.6978072435474,-275.241542600161));
#5014=CARTESIAN_POINT('Ctrl Pts',(-59.2962920916483,59.7007368224466,-275.309175442135));
#5015=CARTESIAN_POINT('Ctrl Pts',(-59.3054737146869,59.7007368224466,-275.376574127672));
#5016=CARTESIAN_POINT('Origin',(-72.6562676210063,60.7165133667097,-283.833327460607));
#5017=CARTESIAN_POINT('',(-74.2917458386784,58.2362439896568,-275.174101479036));
#5018=CARTESIAN_POINT('Ctrl Pts',(-75.4534138844136,57.7165133667097,-273.712755699036));
#5019=CARTESIAN_POINT('Ctrl Pts',(-75.2690907030043,57.7165133667097,-273.755430350741));
#5020=CARTESIAN_POINT('Ctrl Pts',(-75.0921868086564,57.7202596246934,-273.833168039881));
#5021=CARTESIAN_POINT('Ctrl Pts',(-74.7849177046185,57.7530764541425,-274.047566519469));
#5022=CARTESIAN_POINT('Ctrl Pts',(-74.6563046658111,57.780314527899,-274.177304123595));
#5023=CARTESIAN_POINT('Ctrl Pts',(-74.487708510344,57.8568838592025,-274.423606855773));
#5024=CARTESIAN_POINT('Ctrl Pts',(-74.4335937629145,57.8945509943594,-274.52698184517));
#5025=CARTESIAN_POINT('Ctrl Pts',(-74.3630401080105,57.9737671735642,-274.710080491163));
#5026=CARTESIAN_POINT('Ctrl Pts',(-74.340367368459,58.0105053739444,-274.787031220808));
#5027=CARTESIAN_POINT('Ctrl Pts',(-74.307835576981,58.0920592059973,-274.941428555708));
#5028=CARTESIAN_POINT('Ctrl Pts',(-74.2978863888884,58.1364796714853,-275.018349083345));
#5029=CARTESIAN_POINT('Ctrl Pts',(-74.2924357842636,58.2015205649541,-275.121420994865));
#5030=CARTESIAN_POINT('Ctrl Pts',(-74.2917458386784,58.2186806589089,-275.147833491002));
#5031=CARTESIAN_POINT('Ctrl Pts',(-74.2917458386784,58.2362439896568,-275.174101479035));
#5032=CARTESIAN_POINT('Ctrl Pts',(-74.2917458386784,58.2362439896568,-275.174101479035));
#5033=CARTESIAN_POINT('Ctrl Pts',(-74.2917458386784,58.2894469745848,-275.253672682896));
#5034=CARTESIAN_POINT('Ctrl Pts',(-74.2980728429913,58.3463647065455,-275.33190810236));
#5035=CARTESIAN_POINT('Ctrl Pts',(-74.3474330295712,58.592514907838,-275.644343996885));
#5036=CARTESIAN_POINT('Ctrl Pts',(-74.4368011146324,58.7990237983454,-275.846755923914));
#5037=CARTESIAN_POINT('Ctrl Pts',(-74.6572281318985,59.1785794292492,-276.175542224608));
#5038=CARTESIAN_POINT('Ctrl Pts',(-74.7952750501573,59.3613447781776,-276.309204135919));
#5039=CARTESIAN_POINT('Ctrl Pts',(-75.0182918735475,59.5403763192227,-276.462710185805));
#5040=CARTESIAN_POINT('Ctrl Pts',(-75.0882147855779,59.576394209703,-276.500772487004));
#5041=CARTESIAN_POINT('Ctrl Pts',(-75.2088569120374,59.6131057467208,-276.557631792261));
#5042=CARTESIAN_POINT('Ctrl Pts',(-75.2680235162591,59.6195531498619,-276.581270358567));
#5043=CARTESIAN_POINT('Ctrl Pts',(-75.3926988210838,59.6055800258317,-276.621490358081));
#5044=CARTESIAN_POINT('Ctrl Pts',(-75.4534856357368,59.5862918500557,-276.636721210742));
#5045=CARTESIAN_POINT('Ctrl Pts',(-75.6045990516448,59.5163052531826,-276.665293738091));
#5046=CARTESIAN_POINT('Ctrl Pts',(-75.6948695617873,59.4535946419038,-276.673230734258));
#5047=CARTESIAN_POINT('Ctrl Pts',(-75.9501204973569,59.2515953764754,-276.675711663223));
#5048=CARTESIAN_POINT('Ctrl Pts',(-76.1460065362737,59.0572827083997,-276.647782935796));
#5049=CARTESIAN_POINT('Ctrl Pts',(-76.5101698768309,58.686141563749,-276.502412232361));
#5050=CARTESIAN_POINT('Ctrl Pts',(-76.6700338659548,58.520334419306,-276.406023263675));
#5051=CARTESIAN_POINT('Ctrl Pts',(-76.8837699294616,58.2990501526781,-276.206788865583));
#5052=CARTESIAN_POINT('Ctrl Pts',(-76.9499744138819,58.2303732071012,-276.132902384458));
#5053=CARTESIAN_POINT('Ctrl Pts',(-77.0534758494462,58.1210450508787,-275.988634635869));
#5054=CARTESIAN_POINT('Ctrl Pts',(-77.0935558285357,58.0780627791368,-275.92349738487));
#5055=CARTESIAN_POINT('Ctrl Pts',(-77.1653695028492,57.9980501692877,-275.781928754979));
#5056=CARTESIAN_POINT('Ctrl Pts',(-77.1968518288313,57.9613062836997,-275.706003685922));
#5057=CARTESIAN_POINT('Ctrl Pts',(-77.2586481135752,57.8813287686896,-275.509854061321));
#5058=CARTESIAN_POINT('Ctrl Pts',(-77.282182080578,57.8428955085572,-275.387003354903));
#5059=CARTESIAN_POINT('Ctrl Pts',(-77.2994582315529,57.7703046992232,-275.078133704672));
#5060=CARTESIAN_POINT('Ctrl Pts',(-77.277341522346,57.7454228011795,-274.893251450109));
#5061=CARTESIAN_POINT('Ctrl Pts',(-77.1681375685918,57.7197771444285,-274.55518401208));
#5062=CARTESIAN_POINT('Ctrl Pts',(-77.0904947041841,57.7165133667097,-274.404383981017));
#5063=CARTESIAN_POINT('Ctrl Pts',(-76.9872655293399,57.7165133667097,-274.268158506636));
#5064=CARTESIAN_POINT('',(-72.6562676210063,60.7165133667097,-291.333327460607));
#5065=CARTESIAN_POINT('Origin',(-72.6562676210063,60.7165133667097,-294.333327460607));
#5066=CARTESIAN_POINT('',(-65.1562676210063,60.7165133667097,-283.833327460607));
#5067=CARTESIAN_POINT('Origin',(-72.6562676210063,60.7165133667097,-283.833327460607));
#5068=CARTESIAN_POINT('Origin',(-72.6562676210063,60.7165133667097,-283.833327460607));
#5069=CARTESIAN_POINT('Origin',(-60.7917458386784,63.7165133667097,-275.174101479036));
#5070=CARTESIAN_POINT('',(-60.4524261935307,61.7165133667097,-273.712984721752));
#5071=CARTESIAN_POINT('',(-60.4524261935307,61.7165133667097,-276.63521823632));
#5072=CARTESIAN_POINT('Origin',(-60.7917458386784,61.7165133667097,-275.174101479036));
#5073=CARTESIAN_POINT('',(-59.9999999999988,61.7165133667097,-273.900076939659));
#5074=CARTESIAN_POINT('Ctrl Pts',(-59.9999999999991,61.7165133667097,-273.900076939659));
#5075=CARTESIAN_POINT('Ctrl Pts',(-60.1392322212618,61.7165133667097,-273.813550716351));
#5076=CARTESIAN_POINT('Ctrl Pts',(-60.2927475332277,61.7165133667097,-273.750067388884));
#5077=CARTESIAN_POINT('Ctrl Pts',(-60.4524261935307,61.7165133667097,-273.712984721752));
#5078=CARTESIAN_POINT('',(-59.2919225914921,61.7669565348146,-275.174101479036));
#5079=CARTESIAN_POINT('Ctrl Pts',(-59.2919225914921,61.7669565348146,-275.174101479036));
#5080=CARTESIAN_POINT('Ctrl Pts',(-59.2919225914922,61.7669565348146,-275.021274333678));
#5081=CARTESIAN_POINT('Ctrl Pts',(-59.3146178937655,61.7623809984655,-274.857129859613));
#5082=CARTESIAN_POINT('Ctrl Pts',(-59.4335853178121,61.7455789860522,-274.511319740368));
#5083=CARTESIAN_POINT('Ctrl Pts',(-59.5347686519033,61.7333224549069,-274.327081715014));
#5084=CARTESIAN_POINT('Ctrl Pts',(-59.7665380361667,61.7202450033159,-274.07181244498));
#5085=CARTESIAN_POINT('Ctrl Pts',(-59.8730688543272,61.7165133667097,-273.978958627789));
#5086=CARTESIAN_POINT('Ctrl Pts',(-59.9999999999988,61.7165133667097,-273.900076939659));
#5087=CARTESIAN_POINT('',(-59.2917458386784,63.7165133667097,-275.174101479036));
#5088=CARTESIAN_POINT('',(-59.9999999999987,61.7165133667097,-276.448126018412));
#5089=CARTESIAN_POINT('Ctrl Pts',(-59.9999999999987,61.7165133667097,-276.448126018412));
#5090=CARTESIAN_POINT('Ctrl Pts',(-59.8730688543272,61.7165133667097,-276.369244330283));
#5091=CARTESIAN_POINT('Ctrl Pts',(-59.7665380361668,61.720245003316,-276.276390513092));
#5092=CARTESIAN_POINT('Ctrl Pts',(-59.534768651903,61.7333224549069,-276.021121243058));
#5093=CARTESIAN_POINT('Ctrl Pts',(-59.4335853178119,61.7455789860522,-275.836883217703));
#5094=CARTESIAN_POINT('Ctrl Pts',(-59.3146178937655,61.7623809984655,-275.491073098459));
#5095=CARTESIAN_POINT('Ctrl Pts',(-59.2919225914921,61.7669565348145,-275.326928624394));
#5096=CARTESIAN_POINT('Ctrl Pts',(-59.2919225914922,61.7669565348146,-275.174101479036));
#5097=CARTESIAN_POINT('Ctrl Pts',(-60.4524261935307,61.7165133667097,-276.63521823632));
#5098=CARTESIAN_POINT('Ctrl Pts',(-60.2927475332277,61.7165133667097,-276.598135569188));
#5099=CARTESIAN_POINT('Ctrl Pts',(-60.1392322212618,61.7165133667097,-276.534652241721));
#5100=CARTESIAN_POINT('Ctrl Pts',(-59.9999999999991,61.7165133667097,-276.448126018413));
#5101=CARTESIAN_POINT('Origin',(-51.6602111567192,97.7165133667093,-295.661795881838));
#5102=CARTESIAN_POINT('',(-50.1602111567192,97.7165133667093,-295.661795881838));
#5103=CARTESIAN_POINT('Origin',(-51.6602111567192,97.7165133667093,-295.661795881838));
#5104=CARTESIAN_POINT('Origin',(-212.339788843281,62.7165133667097,-295.661795881838));
#5105=CARTESIAN_POINT('',(-210.839788843281,62.7165133667097,-295.661795881838));
#5106=CARTESIAN_POINT('Origin',(-51.6602111567192,62.7165133667097,-295.661795881838));
#5107=CARTESIAN_POINT('',(-50.1602111567192,62.7165133667097,-295.661795881838));
#5108=CARTESIAN_POINT('Origin',(-42.,62.7165133667097,-290.));
#5109=CARTESIAN_POINT('',(-42.,66.9664261753451,-190.));
#5110=CARTESIAN_POINT('Origin',(-121.216346771244,58.7165133667097,-251.737128171312));
#5111=CARTESIAN_POINT('',(-122.216346771244,59.7165133667097,-324.689871907034));
#5112=CARTESIAN_POINT('',(-134.60710849626,72.1072750917264,-312.299110182016));
#5113=CARTESIAN_POINT('',(-122.216346771244,59.7165133667097,-311.689871907034));
#5114=CARTESIAN_POINT('',(-113.956193917687,51.4563605131523,-303.429719053476));
#5115=CARTESIAN_POINT('',(-122.216346771244,59.7165133667097,-251.737128171312));
#5116=CARTESIAN_POINT('Origin',(-136.608173385621,58.7165133667097,-310.689871907034));
#5117=CARTESIAN_POINT('',(-141.216346771244,59.7165133667097,-311.689871907034));
#5118=CARTESIAN_POINT('',(-150.10710849626,50.8257516416932,-302.799110182018));
#5119=CARTESIAN_POINT('',(-136.608173385621,59.7165133667097,-311.689871907034));
#5120=CARTESIAN_POINT('Origin',(-122.216346771244,57.7165133667095,-312.689871907034));
#5121=CARTESIAN_POINT('',(-122.216346771244,63.7165133667097,-311.689871907034));
#5122=CARTESIAN_POINT('',(-122.216346771244,57.7165133667095,-311.689871907034));
#5123=CARTESIAN_POINT('',(-122.216346771244,63.7165133667097,-321.43925921591));
#5124=CARTESIAN_POINT('',(-122.216346771244,63.7165133667097,-251.523164003917));
#5125=CARTESIAN_POINT('',(-122.216346771244,64.9013143175523,-324.689871907034));
#5126=CARTESIAN_POINT('Ctrl Pts',(-122.216346771244,64.9013143175522,-324.689871907033));
#5127=CARTESIAN_POINT('Ctrl Pts',(-122.216346771244,64.7818265318367,-324.548018509868));
#5128=CARTESIAN_POINT('Ctrl Pts',(-122.216346771244,64.6671417476736,-324.395604793103));
#5129=CARTESIAN_POINT('Ctrl Pts',(-122.216346771244,64.3743729001097,-323.955804479173));
#5130=CARTESIAN_POINT('Ctrl Pts',(-122.216346771244,64.2170557494925,-323.654529628853));
#5131=CARTESIAN_POINT('Ctrl Pts',(-122.216346771244,63.9801268236768,-323.080633902749));
#5132=CARTESIAN_POINT('Ctrl Pts',(-122.216346771244,63.8788623086103,-322.755038523719));
#5133=CARTESIAN_POINT('Ctrl Pts',(-122.216346771244,63.7470583231785,-322.089824561972));
#5134=CARTESIAN_POINT('Ctrl Pts',(-122.216346771244,63.7165133667097,-321.75020706627));
#5135=CARTESIAN_POINT('Ctrl Pts',(-122.216346771244,63.7165133667097,-321.43925921591));
#5136=CARTESIAN_POINT('',(-122.216346771244,57.7165133667095,-324.689871907034));
#5137=CARTESIAN_POINT('Origin',(-141.216346771244,57.7165133667095,-311.689871907034));
#5138=CARTESIAN_POINT('',(-141.216346771244,63.7165133667097,-311.689871907034));
#5139=CARTESIAN_POINT('',(-141.216346771244,57.7165133667095,-311.689871907034));
#5140=CARTESIAN_POINT('',(-136.608173385621,63.7165133667097,-311.689871907034));
#5141=CARTESIAN_POINT('Origin',(-142.216346771244,58.7165133667097,-257.737128171312));
#5142=CARTESIAN_POINT('',(-141.216346771244,59.7165133667097,-324.689871907034));
#5143=CARTESIAN_POINT('',(-141.216346771244,59.7165133667097,-324.689871907034));
#5144=CARTESIAN_POINT('',(-141.216346771244,59.7165133667097,-257.737128171312));
#5145=CARTESIAN_POINT('Origin',(-131.99999906018,63.7165133667096,-271.535430802999));
#5146=CARTESIAN_POINT('Ctrl Pts',(-159.191042781379,57.7165133667096,-293.841306877035));
#5147=CARTESIAN_POINT('Ctrl Pts',(-155.059213333362,57.7165133667097,-296.669752470244));
#5148=CARTESIAN_POINT('Ctrl Pts',(-149.645159693128,58.2080984211094,-299.973497181144));
#5149=CARTESIAN_POINT('Ctrl Pts',(-140.536725205299,58.6558320733326,-302.395893682433));
#5150=CARTESIAN_POINT('Ctrl Pts',(-138.306339595851,58.7417826515778,-302.800591875873));
#5151=CARTESIAN_POINT('Ctrl Pts',(-134.914448456973,58.8216918593687,-303.120948247067));
#5152=CARTESIAN_POINT('Ctrl Pts',(-133.780346025992,58.8401617392844,-303.179491341264));
#5153=CARTESIAN_POINT('Ctrl Pts',(-131.752816588516,58.8575391916626,-303.196657137765));
#5154=CARTESIAN_POINT('Ctrl Pts',(-130.861762196828,58.8597964621839,-303.174063648862));
#5155=CARTESIAN_POINT('Ctrl Pts',(-128.988289252846,58.8531274631982,-303.062993683546));
#5156=CARTESIAN_POINT('Ctrl Pts',(-128.007942570687,58.8430037596913,-302.967950650285));
#5157=CARTESIAN_POINT('Ctrl Pts',(-125.448185159472,58.7997013878897,-302.623312578802));
#5158=CARTESIAN_POINT('Ctrl Pts',(-123.881904877809,58.7561280394384,-302.315263635013));
#5159=CARTESIAN_POINT('Ctrl Pts',(-120.528844797982,58.6309994898027,-301.44894177597));
#5160=CARTESIAN_POINT('Ctrl Pts',(-118.761017459244,58.5446196249499,-300.860307485885));
#5161=CARTESIAN_POINT('Ctrl Pts',(-113.827835014933,58.2663886684212,-298.857296007079));
#5162=CARTESIAN_POINT('Ctrl Pts',(-110.837285011952,58.0461595693056,-297.20062469741));
#5163=CARTESIAN_POINT('Ctrl Pts',(-106.151729056862,57.7815510690776,-294.012286117429));
#5164=CARTESIAN_POINT('Ctrl Pts',(-104.549238787635,57.7165133667096,-292.770938941634));
#5165=CARTESIAN_POINT('Ctrl Pts',(-103.136997392413,57.7165133667096,-291.63100496262));
#5166=CARTESIAN_POINT('',(-105.5,60.7165133667097,-257.529675179568));
#5167=CARTESIAN_POINT('Ctrl Pts',(-105.5,57.7165133667096,-248.412822475027));
#5168=CARTESIAN_POINT('Ctrl Pts',(-105.5,57.7165133667096,-249.08538787794));
#5169=CARTESIAN_POINT('Ctrl Pts',(-105.5,57.7684629374475,-249.821894859602));
#5170=CARTESIAN_POINT('Ctrl Pts',(-105.5,57.9802853255771,-251.279832888738));
#5171=CARTESIAN_POINT('Ctrl Pts',(-105.5,58.1396196657628,-252.00134212027));
#5172=CARTESIAN_POINT('Ctrl Pts',(-105.5,58.5019168145066,-253.282596022173));
#5173=CARTESIAN_POINT('Ctrl Pts',(-105.5,58.7381346197686,-253.966925839952));
#5174=CARTESIAN_POINT('Ctrl Pts',(-105.5,59.3060500485497,-255.293561857427));
#5175=CARTESIAN_POINT('Ctrl Pts',(-105.5,59.6379047492903,-255.93580080893));
#5176=CARTESIAN_POINT('Ctrl Pts',(-105.5,60.197023170589,-256.835105055502));
#5177=CARTESIAN_POINT('Ctrl Pts',(-105.5,60.442818859123,-257.191504091491));
#5178=CARTESIAN_POINT('Ctrl Pts',(-105.5,60.7165133667097,-257.529675179568));
#5179=CARTESIAN_POINT('',(-102.126463191068,60.7165133667097,-269.089414562315));
#5180=CARTESIAN_POINT('Origin',(-131.99999906018,60.7165133667097,-271.535430802999));
#5181=CARTESIAN_POINT('',(-102.837069377807,62.7165133667096,-273.836620171942));
#5182=CARTESIAN_POINT('Ctrl Pts',(-102.126463191068,60.7165133667096,-269.089414562315));
#5183=CARTESIAN_POINT('Ctrl Pts',(-102.391223022424,61.3915798275748,-270.631863948749));
#5184=CARTESIAN_POINT('Ctrl Pts',(-102.6046868634,62.0917897233516,-272.234036721918));
#5185=CARTESIAN_POINT('Ctrl Pts',(-102.837069377807,62.7165133667096,-273.836620171942));
#5186=CARTESIAN_POINT('',(-102.934642257653,63.7165133667097,-273.99999631553));
#5187=CARTESIAN_POINT('Ctrl Pts',(-102.837069377807,62.7165133667096,-273.836620171942));
#5188=CARTESIAN_POINT('Ctrl Pts',(-102.899943862585,63.0385242589398,-273.941495678082));
#5189=CARTESIAN_POINT('Ctrl Pts',(-102.934642257653,63.3718813295289,-273.99999631553));
#5190=CARTESIAN_POINT('Ctrl Pts',(-102.934642257653,63.7165133667096,-273.99999631553));
#5191=CARTESIAN_POINT('',(-161.065355550287,63.7165133667097,-274.));
#5192=CARTESIAN_POINT('Origin',(-131.99999906018,63.7165133667096,-271.535430802999));
#5193=CARTESIAN_POINT('',(-161.162928457658,62.7165133667096,-273.836623782417));
#5194=CARTESIAN_POINT('Ctrl Pts',(-161.065355550287,63.7165133667096,-274.));
#5195=CARTESIAN_POINT('Ctrl Pts',(-161.065355550287,63.3718813206307,-274.));
#5196=CARTESIAN_POINT('Ctrl Pts',(-161.100053957228,63.038524250656,-273.941499332383));
#5197=CARTESIAN_POINT('Ctrl Pts',(-161.162928457658,62.7165133667096,-273.836623782417));
#5198=CARTESIAN_POINT('',(-161.873535124171,60.7165133667097,-269.089416942393));
#5199=CARTESIAN_POINT('Ctrl Pts',(-161.162928457658,62.7165133667096,-273.836623782417));
#5200=CARTESIAN_POINT('Ctrl Pts',(-161.395314162658,62.0917818200935,-272.234019423656));
#5201=CARTESIAN_POINT('Ctrl Pts',(-161.608777730172,61.3915733588646,-270.631851811171));
#5202=CARTESIAN_POINT('Ctrl Pts',(-161.873535124171,60.7165133667097,-269.089416942393));
#5203=CARTESIAN_POINT('',(-158.5,60.7165133667097,-257.529678735995));
#5204=CARTESIAN_POINT('Origin',(-131.99999906018,60.7165133667097,-271.535430802999));
#5205=CARTESIAN_POINT('Ctrl Pts',(-158.5,60.7165133667097,-257.529678735995));
#5206=CARTESIAN_POINT('Ctrl Pts',(-158.5,60.4428189183314,-257.191507635204));
#5207=CARTESIAN_POINT('Ctrl Pts',(-158.5,60.1970232815709,-256.835108602621));
#5208=CARTESIAN_POINT('Ctrl Pts',(-158.5,59.6379048736095,-255.935804227255));
#5209=CARTESIAN_POINT('Ctrl Pts',(-158.5,59.3060501492348,-255.293565131053));
#5210=CARTESIAN_POINT('Ctrl Pts',(-158.5,58.7381346771378,-253.966928828455));
#5211=CARTESIAN_POINT('Ctrl Pts',(-158.5,58.5019168525764,-253.282598870079));
#5212=CARTESIAN_POINT('Ctrl Pts',(-158.5,58.1396196857226,-252.001344750615));
#5213=CARTESIAN_POINT('Ctrl Pts',(-158.5,57.9802853396213,-251.279835421281));
#5214=CARTESIAN_POINT('Ctrl Pts',(-158.5,57.7684629413549,-249.821897197958));
#5215=CARTESIAN_POINT('Ctrl Pts',(-158.5,57.7165133667096,-249.085390119873));
#5216=CARTESIAN_POINT('Ctrl Pts',(-158.5,57.7165133667096,-248.412824629215));
#5217=CARTESIAN_POINT('Origin',(-54.3783627324888,62.7165133667097,-302.888362809225));
#5218=CARTESIAN_POINT('',(-84.0887832338769,62.7165133667096,-254.830679618807));
#5219=CARTESIAN_POINT('Origin',(-54.3783627324888,62.7165133667096,-302.888362809225));
#5220=CARTESIAN_POINT('',(-84.0887832338769,63.7165133667097,-254.830679618807));
#5221=CARTESIAN_POINT('',(-84.0887832338769,62.7165133667097,-254.830679618807));
#5222=CARTESIAN_POINT('Origin',(-54.3783627324888,63.7165133667097,-302.888362809225));
#5223=CARTESIAN_POINT('Origin',(-54.3783627324888,61.7165133667097,-302.888362809225));
#5224=CARTESIAN_POINT('',(-85.140479534811,60.7165133667097,-253.129522691713));
#5225=CARTESIAN_POINT('Origin',(-54.3783627324888,60.7165133667097,-302.888362809225));
#5226=CARTESIAN_POINT('',(-85.140479534811,60.7165133667097,-253.129522691713));
#5227=CARTESIAN_POINT('Origin',(-132.,60.7165133667096,-190.784384435591));
#5228=CARTESIAN_POINT('',(-105.5,60.7165133667096,-190.));
#5229=CARTESIAN_POINT('',(-105.5,60.7165133667097,-232.392193394675));
#5230=CARTESIAN_POINT('',(-103.48735447328,60.7165133667096,-190.));
#5231=CARTESIAN_POINT('',(-132.000000000012,60.7165133667096,-190.));
#5232=CARTESIAN_POINT('',(-104.499985541639,60.7165133667096,-197.043241216305));
#5233=CARTESIAN_POINT('Origin',(-46.1962636535711,60.7165133667096,-201.83135295255));
#5234=CARTESIAN_POINT('',(-84.2101931863572,60.7165133667097,-241.38166562281));
#5235=CARTESIAN_POINT('Origin',(-45.9999999999999,60.7165133667096,-197.084587427276));
#5236=CARTESIAN_POINT('Origin',(-88.9827571693535,60.7165133667097,-246.914499202501));
#5237=CARTESIAN_POINT('',(-86.9827571693535,60.7165133667097,-246.914499202501));
#5238=CARTESIAN_POINT('Origin',(-88.9827571693535,60.7165133667096,-246.914499202501));
#5239=CARTESIAN_POINT('Origin',(-105.5,62.7165133667097,-274.00000235376));
#5240=CARTESIAN_POINT('',(-105.5,66.9664261753451,-190.));
#5241=CARTESIAN_POINT('Origin',(-132.649305115849,58.7165133667097,-255.068797499001));
#5242=CARTESIAN_POINT('',(-178.850998426926,59.7165133667097,-271.351382229706));
#5243=CARTESIAN_POINT('',(-176.964711778168,57.7165133667097,-270.686609577804));
#5244=CARTESIAN_POINT('',(-84.8653406284729,59.7165133667097,-265.858226037742));
#5245=CARTESIAN_POINT('Origin',(-132.649305115849,59.7165133667097,-255.068797499001));
#5246=CARTESIAN_POINT('',(-84.8653406284729,59.7165133667097,-265.858226037742));
#5247=CARTESIAN_POINT('Origin',(-132.,63.7165133667096,-190.356456100801));
#5248=CARTESIAN_POINT('',(-82.9038618951944,63.7165133667097,-239.867235714756));
#5249=CARTESIAN_POINT('Origin',(-88.9827571693535,63.7165133667097,-246.914499202501));
#5250=CARTESIAN_POINT('',(-89.8890097921205,63.7165133667097,-232.665549144703));
#5251=CARTESIAN_POINT('Origin',(-45.9999999999999,63.7165133667096,-197.084587427276));
#5252=CARTESIAN_POINT('',(-84.2390787652709,63.7165133667097,-232.665549144703));
#5253=CARTESIAN_POINT('',(-110.94450489606,63.7165133667097,-232.665549144703));
#5254=CARTESIAN_POINT('',(-78.2434625429564,63.7165133667096,-226.894865770176));
#5255=CARTESIAN_POINT('Origin',(-84.2390787652709,63.7165133667096,-226.665549144703));
#5256=CARTESIAN_POINT('',(-71.6956813411087,63.7165133667097,-225.174101479036));
#5257=CARTESIAN_POINT('Origin',(-75.1956813411087,63.7165133667097,-225.174101479036));
#5258=CARTESIAN_POINT('',(-78.2390787652709,63.7165133667096,-223.445595731692));
#5259=CARTESIAN_POINT('Origin',(-75.1956813411087,63.7165133667097,-225.174101479036));
#5260=CARTESIAN_POINT('',(-78.2390787652709,63.7165133667096,-190.));
#5261=CARTESIAN_POINT('',(-78.2390787652709,63.7165133667096,-208.511002622752));
#5262=CARTESIAN_POINT('',(-60.0000000000002,63.7165133667096,-190.));
#5263=CARTESIAN_POINT('',(-132.000000000012,63.7165133667096,-190.));
#5264=CARTESIAN_POINT('',(-60.0000000000002,63.7165133667097,-221.679575930018));
#5265=CARTESIAN_POINT('',(-60.0000000000003,63.7165133667097,-247.678228050401));
#5266=CARTESIAN_POINT('',(-60.0000000000003,63.7165133667097,-228.668627028054));
#5267=CARTESIAN_POINT('Origin',(-60.1956813411087,63.7165133667097,-225.174101479036));
#5268=CARTESIAN_POINT('',(-60.0000000000003,63.7165133667097,-271.764829045373));
#5269=CARTESIAN_POINT('',(-60.0000000000003,63.7165133667097,-247.678228050401));
#5270=CARTESIAN_POINT('',(-60.0000000000003,63.7165133667097,-278.583373912699));
#5271=CARTESIAN_POINT('Origin',(-60.7917458386784,63.7165133667097,-275.174101479036));
#5272=CARTESIAN_POINT('',(-60.0000000000003,63.7165133667097,-285.546682875065));
#5273=CARTESIAN_POINT('',(-60.0000000000003,63.7165133667097,-247.678228050401));
#5274=CARTESIAN_POINT('Origin',(-132.,63.7165133667097,-232.610902269207));
#5275=CARTESIAN_POINT('',(-141.216346771244,63.7165133667097,-321.499910704129));
#5276=CARTESIAN_POINT('',(-141.216346771244,63.7165133667097,-257.523164003918));
#5277=CARTESIAN_POINT('',(-204.,63.7165133667097,-285.546682875065));
#5278=CARTESIAN_POINT('Origin',(-132.,63.7165133667097,-232.610902269207));
#5279=CARTESIAN_POINT('',(-204.,63.7165133667097,-278.583373912699));
#5280=CARTESIAN_POINT('',(-204.,63.7165133667096,-140.237780374365));
#5281=CARTESIAN_POINT('',(-204.,63.7165133667097,-271.764829045373));
#5282=CARTESIAN_POINT('Origin',(-203.208254161322,63.7165133667097,-275.174101479036));
#5283=CARTESIAN_POINT('',(-204.,63.7165133667097,-228.668627028054));
#5284=CARTESIAN_POINT('',(-204.,63.7165133667096,-140.237780374365));
#5285=CARTESIAN_POINT('',(-204.,63.7165133667097,-221.679575930018));
#5286=CARTESIAN_POINT('Origin',(-203.804318658891,63.7165133667097,-225.174101479036));
#5287=CARTESIAN_POINT('',(-204.,63.7165133667096,-190.));
#5288=CARTESIAN_POINT('',(-204.,63.7165133667096,-140.237780374365));
#5289=CARTESIAN_POINT('',(-183.239078765271,63.7165133667096,-190.));
#5290=CARTESIAN_POINT('',(-132.000000000012,63.7165133667096,-190.));
#5291=CARTESIAN_POINT('',(-183.239078765271,63.7165133667097,-226.665549144703));
#5292=CARTESIAN_POINT('',(-183.239078765271,63.7165133667096,-180.011002622752));
#5293=CARTESIAN_POINT('',(-177.239078765271,63.7165133667097,-232.665549144703));
#5294=CARTESIAN_POINT('Origin',(-177.239078765271,63.7165133667096,-226.665549144703));
#5295=CARTESIAN_POINT('',(-174.110990404624,63.7165133667097,-232.665549144703));
#5296=CARTESIAN_POINT('',(-154.619539382635,63.7165133667097,-232.665549144703));
#5297=CARTESIAN_POINT('',(-181.096138204629,63.7165133667097,-239.867235599031));
#5298=CARTESIAN_POINT('Origin',(-218.,63.7165133667096,-197.084587427276));
#5299=CARTESIAN_POINT('',(-179.911216766123,63.7165133667097,-254.830679618807));
#5300=CARTESIAN_POINT('Origin',(-175.017242830646,63.7165133667097,-246.914499202501));
#5301=CARTESIAN_POINT('Origin',(-209.621637267511,63.7165133667097,-302.888362809226));
#5302=CARTESIAN_POINT('',(-72.3933336305764,63.7165133667097,-274.336966804194));
#5303=CARTESIAN_POINT('',(-82.1562676210063,63.7165133667097,-283.833327460607));
#5304=CARTESIAN_POINT('Origin',(-72.6562676210063,63.7165133667097,-283.833327460607));
#5305=CARTESIAN_POINT('',(-78.9382719070469,63.7165133667097,-276.706868160915));
#5306=CARTESIAN_POINT('Origin',(-75.7917458386784,63.7165133667097,-275.174101479036));
#5307=CARTESIAN_POINT('Origin',(-72.6562676210063,63.7165133667097,-283.833327460607));
#5308=CARTESIAN_POINT('',(-185.061728092953,63.7165133667097,-276.706868160915));
#5309=CARTESIAN_POINT('',(-181.843732378994,63.7165133667097,-283.833327460607));
#5310=CARTESIAN_POINT('Origin',(-191.343732378994,63.7165133667097,-283.833327460607));
#5311=CARTESIAN_POINT('',(-191.606666369423,63.7165133667097,-274.336966804194));
#5312=CARTESIAN_POINT('Origin',(-188.208254161322,63.7165133667097,-275.174101479036));
#5313=CARTESIAN_POINT('Origin',(-191.343732378994,63.7165133667097,-283.833327460607));
#5314=CARTESIAN_POINT('',(-177.907855102547,63.7165133667097,-271.018995903755));
#5315=CARTESIAN_POINT('',(-85.8407838187298,63.7165133667097,-265.637974857083));
#5316=CARTESIAN_POINT('Origin',(-132.649305115849,63.7165133667097,-255.068797499001));
#5317=CARTESIAN_POINT('',(-182.812200389317,63.7165133667097,-272.747404798702));
#5318=CARTESIAN_POINT('Origin',(-180.360027745932,63.7165133667097,-271.883200351228));
#5319=CARTESIAN_POINT('',(-80.7684792293937,63.7165133667097,-266.783280996506));
#5320=CARTESIAN_POINT('Origin',(-132.649305115849,63.7165133667097,-255.068797499001));
#5321=CARTESIAN_POINT('Origin',(-83.3046315240617,63.7165133667097,-266.210627926795));
#5322=CARTESIAN_POINT('',(-192.304318658891,63.7165133667097,-225.174101479036));
#5323=CARTESIAN_POINT('Origin',(-188.804318658891,63.7165133667097,-225.174101479036));
#5324=CARTESIAN_POINT('Origin',(-48.5000000000039,84.7165133667097,-212.67378516849));
#5325=CARTESIAN_POINT('Origin',(-48.5000000000039,84.7165133667097,-230.17378516849));
#5326=CARTESIAN_POINT('Origin',(-45.9999999999999,61.7165133667097,-197.084587427276));
#5327=CARTESIAN_POINT('',(-102.499985023571,62.7165133667096,-197.125934810724));
#5328=CARTESIAN_POINT('',(-82.9038618951944,62.7165133667096,-239.867235714756));
#5329=CARTESIAN_POINT('Origin',(-45.9999999999999,62.7165133667096,-197.084587427276));
#5330=CARTESIAN_POINT('',(-84.2101931863572,60.7165133667097,-241.38166562281));
#5331=CARTESIAN_POINT('Ctrl Pts',(-104.499985541639,60.7165133667097,-197.043241216305));
#5332=CARTESIAN_POINT('Ctrl Pts',(-103.833537503,61.3829807143624,-197.070796701071));
#5333=CARTESIAN_POINT('Ctrl Pts',(-103.16646325372,62.0500554813771,-197.098378077635));
#5334=CARTESIAN_POINT('Ctrl Pts',(-102.499985023571,62.7165133667097,-197.125934810724));
#5335=CARTESIAN_POINT('Origin',(-88.9827571693535,61.7165133667097,-246.914499202501));
#5336=CARTESIAN_POINT('Origin',(-88.9827571693535,62.7165133667096,-246.914499202501));
#5337=CARTESIAN_POINT('Origin',(-175.017242830646,61.7165133667097,-246.914499202501));
#5338=CARTESIAN_POINT('',(-178.859520465189,60.7165133667097,-253.129522691713));
#5339=CARTESIAN_POINT('',(-179.911216766123,62.7165133667096,-254.830679618807));
#5340=CARTESIAN_POINT('',(-178.859520465189,60.7165133667097,-253.129522691713));
#5341=CARTESIAN_POINT('',(-181.096138204629,62.7165133667096,-239.867235599031));
#5342=CARTESIAN_POINT('Origin',(-175.017242830646,62.7165133667096,-246.914499202501));
#5343=CARTESIAN_POINT('',(-179.789806813643,60.7165133667097,-241.38166562281));
#5344=CARTESIAN_POINT('',(-179.789806813643,60.7165133667097,-241.38166562281));
#5345=CARTESIAN_POINT('Origin',(-175.017242830646,60.7165133667097,-246.914499202501));
#5346=CARTESIAN_POINT('Origin',(-218.,61.7165133667096,-197.084587427276));
#5347=CARTESIAN_POINT('',(-159.500014611191,60.7165133667097,-197.043241216193));
#5348=CARTESIAN_POINT('Origin',(-218.,60.7165133667097,-197.084587427276));
#5349=CARTESIAN_POINT('',(-161.50001512926,62.7165133667096,-197.125934810834));
#5350=CARTESIAN_POINT('Origin',(-218.,62.7165133667096,-197.084587427276));
#5351=CARTESIAN_POINT('Ctrl Pts',(-159.500014611191,60.7165133667096,-197.043241216193));
#5352=CARTESIAN_POINT('Ctrl Pts',(-160.166462650578,61.3829807151101,-197.070796701064));
#5353=CARTESIAN_POINT('Ctrl Pts',(-160.833536899449,62.0500554817152,-197.098378077685));
#5354=CARTESIAN_POINT('Ctrl Pts',(-161.50001512926,62.7165133667096,-197.125934810834));
#5355=CARTESIAN_POINT('Origin',(-217.803736346429,61.7165133667097,-201.83135295255));
#5356=CARTESIAN_POINT('',(-162.556391884443,62.7165133667096,-190.));
#5357=CARTESIAN_POINT('',(-160.512645682242,60.7165133667097,-190.));
#5358=CARTESIAN_POINT('Ctrl Pts',(-162.556391884443,62.7165133667097,-190.));
#5359=CARTESIAN_POINT('Ctrl Pts',(-161.552290489584,61.7346737952746,-190.));
#5360=CARTESIAN_POINT('Ctrl Pts',(-160.512645682242,60.7165133667096,-190.));
#5361=CARTESIAN_POINT('Origin',(-217.803736346429,60.7165133667097,-201.83135295255));
#5362=CARTESIAN_POINT('Origin',(-217.803736346429,62.7165133667096,-201.83135295255));
#5363=CARTESIAN_POINT('Origin',(-209.621637267511,61.7165133667097,-302.888362809226));
#5364=CARTESIAN_POINT('Origin',(-209.621637267511,62.7165133667096,-302.888362809226));
#5365=CARTESIAN_POINT('Origin',(-209.621637267511,60.7165133667097,-302.888362809226));
#5366=CARTESIAN_POINT('Origin',(-46.1962636535711,61.7165133667097,-201.83135295255));
#5367=CARTESIAN_POINT('',(-101.443608271319,62.7165133667097,-190.));
#5368=CARTESIAN_POINT('Ctrl Pts',(-103.48735447328,60.7165133667096,-190.));
#5369=CARTESIAN_POINT('Ctrl Pts',(-102.447709666022,61.7346737953053,-190.));
#5370=CARTESIAN_POINT('Ctrl Pts',(-101.443608271319,62.7165133667097,-190.));
#5371=CARTESIAN_POINT('Origin',(-46.1962636535711,62.7165133667097,-201.83135295255));
#5372=CARTESIAN_POINT('Origin',(-180.360027745932,63.7165133667097,-271.883200351228));
#5373=CARTESIAN_POINT('',(-178.850998426926,62.7165133667097,-271.351382229706));
#5374=CARTESIAN_POINT('',(-181.869057064939,62.7165133667097,-272.41501847275));
#5375=CARTESIAN_POINT('Origin',(-180.360027745932,62.7165133667097,-271.883200351228));
#5376=CARTESIAN_POINT('',(-178.850998426926,63.7165133667097,-271.351382229706));
#5377=CARTESIAN_POINT('',(-181.869057064939,59.7165133667097,-272.41501847275));
#5378=CARTESIAN_POINT('Origin',(-180.360027745932,59.7165133667097,-271.883200351228));
#5379=CARTESIAN_POINT('',(-181.869057064939,63.7165133667097,-272.41501847275));
#5380=CARTESIAN_POINT('Origin',(-132.649305115849,63.7165133667097,-255.068797499001));
#5381=CARTESIAN_POINT('',(-81.7439224196506,62.7165133667097,-266.563029815848));
#5382=CARTESIAN_POINT('Origin',(-132.649305115849,62.7165133667097,-255.068797499001));
#5383=CARTESIAN_POINT('',(-81.7439224196506,59.7165133667097,-266.563029815848));
#5384=CARTESIAN_POINT('Origin',(-132.649305115849,59.7165133667097,-255.068797499001));
#5385=CARTESIAN_POINT('',(-81.7439224196506,63.7165133667097,-266.563029815848));
#5386=CARTESIAN_POINT('Origin',(-83.3046315240617,63.7165133667097,-266.210627926795));
#5387=CARTESIAN_POINT('',(-84.8653406284729,62.7165133667097,-265.858226037742));
#5388=CARTESIAN_POINT('Origin',(-83.3046315240617,62.7165133667097,-266.210627926795));
#5389=CARTESIAN_POINT('Origin',(-83.3046315240617,59.7165133667097,-266.210627926795));
#5390=CARTESIAN_POINT('',(-84.8653406284729,63.7165133667097,-265.858226037742));
#5391=CARTESIAN_POINT('Origin',(-132.649305115849,63.7165133667097,-255.068797499001));
#5392=CARTESIAN_POINT('Origin',(-132.649305115849,62.7165133667097,-255.068797499001));
#5393=CARTESIAN_POINT('Origin',(-132.,60.7165133667096,-190.784384435591));
#5394=CARTESIAN_POINT('',(-158.5,60.7165133667096,-190.));
#5395=CARTESIAN_POINT('',(-132.000000000012,60.7165133667096,-190.));
#5396=CARTESIAN_POINT('',(-158.5,60.7165133667096,-152.392192217795));
#5397=CARTESIAN_POINT('',(-173.017242830646,60.7165133667097,-246.914499202501));
#5398=CARTESIAN_POINT('Origin',(-175.017242830646,60.7165133667096,-246.914499202501));
#5399=CARTESIAN_POINT('Origin',(-191.343732378994,63.7165133667097,-283.833327460607));
#5400=CARTESIAN_POINT('',(-183.843732378994,61.7165133667097,-283.833327460607));
#5401=CARTESIAN_POINT('',(-198.843732378994,61.7165133667097,-283.833327460607));
#5402=CARTESIAN_POINT('Origin',(-191.343732378994,61.7165133667097,-283.833327460607));
#5403=CARTESIAN_POINT('Origin',(-191.343732378994,61.7165133667097,-283.833327460607));
#5404=CARTESIAN_POINT('',(-198.843732378994,63.7165133667097,-283.833327460607));
#5405=CARTESIAN_POINT('Origin',(-72.6562676210063,63.7165133667097,-283.833327460607));
#5406=CARTESIAN_POINT('',(-80.1562676210063,61.7165133667097,-283.833327460607));
#5407=CARTESIAN_POINT('',(-65.1562676210063,61.7165133667097,-283.833327460607));
#5408=CARTESIAN_POINT('Origin',(-72.6562676210063,61.7165133667097,-283.833327460607));
#5409=CARTESIAN_POINT('Origin',(-72.6562676210063,61.7165133667097,-283.833327460607));
#5410=CARTESIAN_POINT('',(-65.1562676210063,63.7165133667097,-283.833327460607));
#5411=CARTESIAN_POINT('Origin',(-133.501040237975,69.7426354049974,-332.399779090763));
#5412=CARTESIAN_POINT('',(-203.122859247894,69.7426354049974,-305.696901292513));
#5413=CARTESIAN_POINT('',(-60.5915661722652,69.7426354049974,-305.470461263287));
#5414=CARTESIAN_POINT('Origin',(-132.,69.7426354049974,-215.707093924094));
#5415=CARTESIAN_POINT('',(-199.621579734019,69.7426354049974,-301.266828144042));
#5416=CARTESIAN_POINT('',(-204.362988437248,69.7426354049974,-307.266002816861));
#5417=CARTESIAN_POINT('',(-64.2929552575719,69.7426354049974,-301.182545794078));
#5418=CARTESIAN_POINT('Ctrl Pts',(-64.2929552575719,69.7426354049974,-301.182545794078));
#5419=CARTESIAN_POINT('Ctrl Pts',(-69.3766029168221,69.7426354049974,-306.202095302101));
#5420=CARTESIAN_POINT('Ctrl Pts',(-86.2971546340346,69.7426354049974,-319.57490319846));
#5421=CARTESIAN_POINT('Ctrl Pts',(-120.884746789134,69.7426354049974,-331.596127406851));
#5422=CARTESIAN_POINT('Ctrl Pts',(-157.273763604011,69.7426354049974,-327.540973182141));
#5423=CARTESIAN_POINT('Ctrl Pts',(-183.230389974289,69.7426354049974,-315.163443947551));
#5424=CARTESIAN_POINT('Ctrl Pts',(-194.531683693527,69.7426354049974,-306.280041592907));
#5425=CARTESIAN_POINT('Ctrl Pts',(-199.621579734019,69.7426354049974,-301.266828144042));
#5426=CARTESIAN_POINT('',(-59.3281618232336,69.7426354049974,-306.934066122767));
#5427=CARTESIAN_POINT('Origin',(-46.1962636535711,62.7165133667096,-201.83135295255));
#5428=CARTESIAN_POINT('',(-101.443608271319,65.7165133667096,-190.));
#5429=CARTESIAN_POINT('',(-101.443608271319,62.7165133667096,-190.));
#5430=CARTESIAN_POINT('',(-102.499985023571,65.7165133667096,-197.125934810724));
#5431=CARTESIAN_POINT('Origin',(-46.1962636535711,65.7165133667096,-201.83135295255));
#5432=CARTESIAN_POINT('',(-102.499985023571,62.7165133667096,-197.125934810724));
#5433=CARTESIAN_POINT('Origin',(-108.119539382635,66.7165133667096,-228.665549144703));
#5434=CARTESIAN_POINT('',(-84.2390787652709,65.7165133667097,-228.665549144703));
#5435=CARTESIAN_POINT('',(-84.2390787652709,66.7165133667096,-229.665549144703));
#5436=CARTESIAN_POINT('Origin',(-84.2390787652709,66.7165133667096,-228.665549144703));
#5437=CARTESIAN_POINT('',(-92.1598413216229,66.7165133667096,-229.665549144703));
#5438=CARTESIAN_POINT('',(-108.119539382635,66.7165133667096,-229.665549144703));
#5439=CARTESIAN_POINT('',(-92.8496838225431,65.7165133667097,-228.665549144703));
#5440=CARTESIAN_POINT('Ctrl Pts',(-92.1598413216229,66.7165133667096,-229.665549144703));
#5441=CARTESIAN_POINT('Ctrl Pts',(-92.1598413216229,66.5918427173274,-229.665549144703));
#5442=CARTESIAN_POINT('Ctrl Pts',(-92.1773872772906,66.461126437086,-229.640728140653));
#5443=CARTESIAN_POINT('Ctrl Pts',(-92.2442560113732,66.2250097927723,-229.545674591611));
#5444=CARTESIAN_POINT('Ctrl Pts',(-92.2933971037952,66.1194794420275,-229.475637356714));
#5445=CARTESIAN_POINT('Ctrl Pts',(-92.4127270333344,65.9347730892156,-229.304489342235));
#5446=CARTESIAN_POINT('Ctrl Pts',(-92.4948780502107,65.8513838456937,-229.185994935963));
#5447=CARTESIAN_POINT('Ctrl Pts',(-92.6703327856261,65.7422541592372,-228.930373437878));
#5448=CARTESIAN_POINT('Ctrl Pts',(-92.7636143885454,65.7165133667097,-228.793231316185));
#5449=CARTESIAN_POINT('Ctrl Pts',(-92.8496838225431,65.7165133667097,-228.665549144703));
#5450=CARTESIAN_POINT('',(-108.119539382635,65.7165133667097,-228.665549144703));
#5451=CARTESIAN_POINT('Origin',(-84.2390787652709,66.7165133667096,-226.665549144703));
#5452=CARTESIAN_POINT('',(-82.2390787652709,65.7165133667097,-226.665549144703));
#5453=CARTESIAN_POINT('',(-81.2390787652709,66.7165133667096,-226.665549144703));
#5454=CARTESIAN_POINT('Origin',(-82.2390787652709,66.7165133667096,-226.665549144703));
#5455=CARTESIAN_POINT('Origin',(-84.2390787652709,66.7165133667096,-226.665549144703));
#5456=CARTESIAN_POINT('Origin',(-84.2390787652709,65.7165133667097,-226.665549144703));
#5457=CARTESIAN_POINT('Origin',(-84.2390787652709,68.7165133667096,-226.665549144703));
#5458=CARTESIAN_POINT('',(-81.2390787652709,68.7165133667096,-226.665549144703));
#5459=CARTESIAN_POINT('',(-81.2390787652709,68.7165133667096,-226.665549144703));
#5460=CARTESIAN_POINT('',(-84.2390787652709,68.7165133667096,-229.665549144703));
#5461=CARTESIAN_POINT('Origin',(-84.2390787652709,68.7165133667096,-226.665549144703));
#5462=CARTESIAN_POINT('',(-84.2390787652709,68.7165133667096,-229.665549144703));
#5463=CARTESIAN_POINT('Origin',(-84.2390787652709,68.7165133667096,-229.665549144703));
#5464=CARTESIAN_POINT('',(-92.1598413216229,68.7165133667096,-229.665549144703));
#5465=CARTESIAN_POINT('',(-84.2390787652709,68.7165133667096,-229.665549144703));
#5466=CARTESIAN_POINT('',(-92.1598413216229,68.7165133667096,-229.665549144703));
#5467=CARTESIAN_POINT('Ctrl Pts',(-60.0000000000002,61.7165133667097,-223.686919979439));
#5468=CARTESIAN_POINT('Ctrl Pts',(-59.8217548727279,61.7165133667097,-223.710373233504));
#5469=CARTESIAN_POINT('Ctrl Pts',(-59.6467714985292,61.7236902198476,-223.76752044062));
#5470=CARTESIAN_POINT('Ctrl Pts',(-59.2638041950423,61.7541463265659,-223.970128682291));
#5471=CARTESIAN_POINT('Ctrl Pts',(-59.0896525584984,61.7827907097994,-224.141843955582));
#5472=CARTESIAN_POINT('Ctrl Pts',(-58.8619015888205,61.8315536080678,-224.460890839338));
#5473=CARTESIAN_POINT('Ctrl Pts',(-58.7900055524032,61.8546050425189,-224.628615899026));
#5474=CARTESIAN_POINT('Ctrl Pts',(-58.7094058392428,61.883262494742,-224.923094961258));
#5475=CARTESIAN_POINT('Ctrl Pts',(-58.695924594201,61.8896915419295,-225.053095147701));
#5476=CARTESIAN_POINT('Ctrl Pts',(-58.695924594201,61.8896915419295,-225.29510781037));
#5477=CARTESIAN_POINT('Ctrl Pts',(-58.7094058392427,61.883262494742,-225.425107996813));
#5478=CARTESIAN_POINT('Ctrl Pts',(-58.7900055524033,61.8546050425188,-225.719587059046));
#5479=CARTESIAN_POINT('Ctrl Pts',(-58.8619015888205,61.8315536080678,-225.887312118734));
#5480=CARTESIAN_POINT('Ctrl Pts',(-59.0896525584984,61.7827907097993,-226.20635900249));
#5481=CARTESIAN_POINT('Ctrl Pts',(-59.2638041950423,61.7541463265659,-226.378074275781));
#5482=CARTESIAN_POINT('Ctrl Pts',(-59.6467714985292,61.7236902198476,-226.580682517452));
#5483=CARTESIAN_POINT('Ctrl Pts',(-59.821754872728,61.7165133667097,-226.637829724568));
#5484=CARTESIAN_POINT('Ctrl Pts',(-60.0000000000002,61.7165133667097,-226.661282978632));
#5485=CARTESIAN_POINT('Ctrl Pts',(-59.9130310195067,62.3854506611719,-223.025954257843));
#5486=CARTESIAN_POINT('Ctrl Pts',(-59.6947970579887,62.3905540891099,-223.054580657072));
#5487=CARTESIAN_POINT('Ctrl Pts',(-59.4784305432917,62.4099659116189,-223.119617959889));
#5488=CARTESIAN_POINT('Ctrl Pts',(-58.9906380072007,62.4844342758101,-223.352692178156));
#5489=CARTESIAN_POINT('Ctrl Pts',(-58.7519941248819,62.5520144150711,-223.556641486814));
#5490=CARTESIAN_POINT('Ctrl Pts',(-58.4128173574017,62.676656738981,-223.974130536192));
#5491=CARTESIAN_POINT('Ctrl Pts',(-58.2876656176857,62.7412818327748,-224.215885263443));
#5492=CARTESIAN_POINT('Ctrl Pts',(-58.1328836443474,62.8316101675757,-224.700313494779));
#5493=CARTESIAN_POINT('Ctrl Pts',(-58.1000039092147,62.8556049736918,-224.944453010318));
#5494=CARTESIAN_POINT('Ctrl Pts',(-58.1000039092146,62.8556049736918,-225.403749947753));
#5495=CARTESIAN_POINT('Ctrl Pts',(-58.1328836443473,62.8316101675757,-225.647889463291));
#5496=CARTESIAN_POINT('Ctrl Pts',(-58.2876656176858,62.7412818327747,-226.132317694629));
#5497=CARTESIAN_POINT('Ctrl Pts',(-58.4128173574018,62.6766567389809,-226.37407242188));
#5498=CARTESIAN_POINT('Ctrl Pts',(-58.7519941248818,62.552014415071,-226.791561471258));
#5499=CARTESIAN_POINT('Ctrl Pts',(-58.9906380072006,62.4844342758101,-226.995510779916));
#5500=CARTESIAN_POINT('Ctrl Pts',(-59.4784305432918,62.4099659116189,-227.228584998183));
#5501=CARTESIAN_POINT('Ctrl Pts',(-59.6947970579888,62.3905540891099,-227.293622301));
#5502=CARTESIAN_POINT('Ctrl Pts',(-59.9130310195067,62.3854506611719,-227.322248700229));
#5503=CARTESIAN_POINT('Ctrl Pts',(-59.8260620390132,63.0543879556342,-222.364988536246));
#5504=CARTESIAN_POINT('Ctrl Pts',(-59.567703365045,63.0648739535397,-222.399125109509));
#5505=CARTESIAN_POINT('Ctrl Pts',(-59.3101193330602,63.0962223470049,-222.471146637421));
#5506=CARTESIAN_POINT('Ctrl Pts',(-58.71736143246,63.2148862189472,-222.736200017098));
#5507=CARTESIAN_POINT('Ctrl Pts',(-58.4139958454014,63.3215243765884,-222.971244435271));
#5508=CARTESIAN_POINT('Ctrl Pts',(-57.963996643831,63.5216106482355,-223.487700302678));
#5509=CARTESIAN_POINT('Ctrl Pts',(-57.7849413188503,63.6285279762267,-223.803664415962));
#5510=CARTESIAN_POINT('Ctrl Pts',(-57.5566828341143,63.7795065199146,-224.477109286912));
#5511=CARTESIAN_POINT('Ctrl Pts',(-57.504059287374,63.8215715874565,-224.836566412105));
#5512=CARTESIAN_POINT('Ctrl Pts',(-57.5040592873741,63.8215715874564,-225.511636545967));
#5513=CARTESIAN_POINT('Ctrl Pts',(-57.5566828341143,63.7795065199146,-225.87109367116));
#5514=CARTESIAN_POINT('Ctrl Pts',(-57.7849413188504,63.6285279762265,-226.544538542111));
#5515=CARTESIAN_POINT('Ctrl Pts',(-57.9639966438314,63.5216106482353,-226.860502655394));
#5516=CARTESIAN_POINT('Ctrl Pts',(-58.4139958454011,63.3215243765885,-227.376958522801));
#5517=CARTESIAN_POINT('Ctrl Pts',(-58.7173614324598,63.2148862189473,-227.612002940974));
#5518=CARTESIAN_POINT('Ctrl Pts',(-59.3101193330603,63.0962223470049,-227.877056320651));
#5519=CARTESIAN_POINT('Ctrl Pts',(-59.567703365045,63.0648739535397,-227.949077848563));
#5520=CARTESIAN_POINT('Ctrl Pts',(-59.8260620390132,63.0543879556342,-227.983214421826));
#5521=CARTESIAN_POINT('Ctrl Pts',(-59.7390930585197,63.7233252500965,-221.70402281465));
#5522=CARTESIAN_POINT('Ctrl Pts',(-59.4407455503058,63.7389146759399,-221.743332533076));
#5523=CARTESIAN_POINT('Ctrl Pts',(-59.1417783778228,63.7824980387762,-221.82324415669));
#5524=CARTESIAN_POINT('Ctrl Pts',(-58.4441952446183,63.9451741681914,-222.118763512963));
#5525=CARTESIAN_POINT('Ctrl Pts',(-58.0763374117848,64.09074808186,-222.386041966503));
#5526=CARTESIAN_POINT('Ctrl Pts',(-57.5149124124123,64.3667137791487,-223.000939999532));
#5527=CARTESIAN_POINT('Ctrl Pts',(-57.2826013841327,64.5152047664825,-223.390933780379));
#5528=CARTESIAN_POINT('Ctrl Pts',(-56.9801606392189,64.7278541927483,-224.254327820434));
#5529=CARTESIAN_POINT('Ctrl Pts',(-56.9081386023876,64.7874850192188,-224.727924274722));
#5530=CARTESIAN_POINT('Ctrl Pts',(-56.9081386023877,64.7874850192187,-225.62027868335));
#5531=CARTESIAN_POINT('Ctrl Pts',(-56.9801606392189,64.7278541927483,-226.093875137638));
#5532=CARTESIAN_POINT('Ctrl Pts',(-57.2826013841329,64.5152047664824,-226.957269177693));
#5533=CARTESIAN_POINT('Ctrl Pts',(-57.5149124124126,64.3667137791485,-227.347262958541));
#5534=CARTESIAN_POINT('Ctrl Pts',(-58.0763374117846,64.0907480818601,-227.962160991569));
#5535=CARTESIAN_POINT('Ctrl Pts',(-58.4441952446182,63.9451741681915,-228.229439445109));
#5536=CARTESIAN_POINT('Ctrl Pts',(-59.1417783778229,63.7824980387762,-228.524958801382));
#5537=CARTESIAN_POINT('Ctrl Pts',(-59.4407455503058,63.7389146759399,-228.604870424996));
#5538=CARTESIAN_POINT('Ctrl Pts',(-59.7390930585197,63.7233252500965,-228.644180143422));
#5539=CARTESIAN_POINT('',(-59.7390930585197,63.7233252500965,-228.644180143422));
#5540=CARTESIAN_POINT('',(-60.0000000000002,61.7165133667097,-226.661282978632));
#5541=CARTESIAN_POINT('',(-59.7390930585197,63.7233252500965,-228.644180143422));
#5542=CARTESIAN_POINT('',(-58.6959171723279,61.889723585458,-225.174101479036));
#5543=CARTESIAN_POINT('Ctrl Pts',(-60.0000000000002,61.7165133667097,-226.661282978632));
#5544=CARTESIAN_POINT('Ctrl Pts',(-59.821754872728,61.7165133667097,-226.637829724568));
#5545=CARTESIAN_POINT('Ctrl Pts',(-59.6467714985292,61.7236902198476,-226.580682517452));
#5546=CARTESIAN_POINT('Ctrl Pts',(-59.2638041950423,61.7541463265659,-226.378074275781));
#5547=CARTESIAN_POINT('Ctrl Pts',(-59.0896525584984,61.7827907097993,-226.20635900249));
#5548=CARTESIAN_POINT('Ctrl Pts',(-58.8619015888205,61.8315536080678,-225.887312118734));
#5549=CARTESIAN_POINT('Ctrl Pts',(-58.7900055524033,61.8546050425188,-225.719587059046));
#5550=CARTESIAN_POINT('Ctrl Pts',(-58.7094058392427,61.883262494742,-225.425107996813));
#5551=CARTESIAN_POINT('Ctrl Pts',(-58.695924594201,61.8896915419295,-225.29510781037));
#5552=CARTESIAN_POINT('Ctrl Pts',(-58.695924594201,61.8896915419295,-225.174101479036));
#5553=CARTESIAN_POINT('',(-60.0000000000002,61.7165133667097,-223.686919979439));
#5554=CARTESIAN_POINT('Ctrl Pts',(-58.695882708382,61.889759433641,-225.174101479036));
#5555=CARTESIAN_POINT('Ctrl Pts',(-58.695882708382,61.889759433641,-225.113513437033));
#5556=CARTESIAN_POINT('Ctrl Pts',(-58.699243653363,61.8881745222565,-225.050791226056));
#5557=CARTESIAN_POINT('Ctrl Pts',(-58.7076383555273,61.8847917546924,-224.984795374833));
#5558=CARTESIAN_POINT('Ctrl Pts',(-58.7144993933665,61.8820269995165,-224.930856590156));
#5559=CARTESIAN_POINT('Ctrl Pts',(-58.7247223636459,61.8780608330644,-224.874732088068));
#5560=CARTESIAN_POINT('Ctrl Pts',(-58.7392554225558,61.8727654767217,-224.815786760733));
#5561=CARTESIAN_POINT('Ctrl Pts',(-58.7425040322423,61.8715817929553,-224.802610569641));
#5562=CARTESIAN_POINT('Ctrl Pts',(-58.745968178882,61.8703316534507,-224.78929334038));
#5563=CARTESIAN_POINT('Ctrl Pts',(-58.7496587837448,61.8690135608566,-224.775827796218));
#5564=CARTESIAN_POINT('Ctrl Pts',(-58.7496736591881,61.86900824812,-224.775773521663));
#5565=CARTESIAN_POINT('Ctrl Pts',(-58.7496885389598,61.8690029341675,-224.775719244257));
#5566=CARTESIAN_POINT('Ctrl Pts',(-58.7497034230607,61.8689976189996,-224.775664964001));
#5567=CARTESIAN_POINT('Ctrl Pts',(-58.7684625095886,61.8622986792552,-224.707253172129));
#5568=CARTESIAN_POINT('Ctrl Pts',(-58.7939897796718,61.8537677926665,-224.634514492077));
#5569=CARTESIAN_POINT('Ctrl Pts',(-58.8273475854521,61.8441060280529,-224.560243359039));
#5570=CARTESIAN_POINT('Ctrl Pts',(-58.8602190294825,61.8345851333986,-224.487055110123));
#5571=CARTESIAN_POINT('Ctrl Pts',(-58.9006934957352,61.8239650477749,-224.412375982881));
#5572=CARTESIAN_POINT('Ctrl Pts',(-58.9498297098412,61.8129108708156,-224.338867749734));
#5573=CARTESIAN_POINT('Ctrl Pts',(-58.9582796467446,61.8110098880165,-224.326226565563));
#5574=CARTESIAN_POINT('Ctrl Pts',(-58.9669858635278,61.8090960737277,-224.313620036533));
#5575=CARTESIAN_POINT('Ctrl Pts',(-58.9759539044079,61.8071728236401,-224.301061753663));
#5576=CARTESIAN_POINT('Ctrl Pts',(-58.9760011457732,61.8071626924463,-224.300995599813));
#5577=CARTESIAN_POINT('Ctrl Pts',(-58.976048397613,61.8071525604827,-224.300929443791));
#5578=CARTESIAN_POINT('Ctrl Pts',(-58.9760956599272,61.8071424277504,-224.300863285601));
#5579=CARTESIAN_POINT('Ctrl Pts',(-59.0249017087686,61.7966787287115,-224.232544162839));
#5580=CARTESIAN_POINT('Ctrl Pts',(-59.0848565542562,61.7854295805787,-224.161903647034));
#5581=CARTESIAN_POINT('Ctrl Pts',(-59.1556250563468,61.7745491946545,-224.093892720641));
#5582=CARTESIAN_POINT('Ctrl Pts',(-59.219416004052,61.7647415809706,-224.032587460239));
#5583=CARTESIAN_POINT('Ctrl Pts',(-59.2919925576682,61.7552341754246,-223.973421236005));
#5584=CARTESIAN_POINT('Ctrl Pts',(-59.3730738012181,61.7468702484657,-223.920005641466));
#5585=CARTESIAN_POINT('Ctrl Pts',(-59.4116395250923,61.7428920053668,-223.894598889185));
#5586=CARTESIAN_POINT('Ctrl Pts',(-59.4521288397863,61.7391723767049,-223.870492705174));
#5587=CARTESIAN_POINT('Ctrl Pts',(-59.4945089842288,61.7358013888856,-223.848072244672));
#5588=CARTESIAN_POINT('Ctrl Pts',(-59.4945378453256,61.7357990932256,-223.848056976223));
#5589=CARTESIAN_POINT('Ctrl Pts',(-59.4945667072305,61.7357967977432,-223.848041708619));
#5590=CARTESIAN_POINT('Ctrl Pts',(-59.4945955699435,61.7357945024386,-223.848026441861));
#5591=CARTESIAN_POINT('Ctrl Pts',(-59.5706155760162,61.7297490183465,-223.807816117522));
#5592=CARTESIAN_POINT('Ctrl Pts',(-59.6523963662153,61.7249265607299,-223.773392460302));
#5593=CARTESIAN_POINT('Ctrl Pts',(-59.7374625230087,61.7216175670903,-223.746099714542));
#5594=CARTESIAN_POINT('Ctrl Pts',(-59.8225286798022,61.7183085734508,-223.718806968783));
#5595=CARTESIAN_POINT('Ctrl Pts',(-59.9108774363641,61.7165133667097,-223.698646606472));
#5596=CARTESIAN_POINT('Ctrl Pts',(-60.0000000000002,61.7165133667097,-223.686919979439));
#5597=CARTESIAN_POINT('',(-59.7390930585197,63.7233252500965,-221.70402281465));
#5598=CARTESIAN_POINT('',(-60.0000000000002,61.7165133667097,-223.686919979439));
#5599=CARTESIAN_POINT('Ctrl Pts',(-59.7390930585197,63.7233252500965,-221.70402281465));
#5600=CARTESIAN_POINT('Ctrl Pts',(-59.4407455503058,63.7389146759399,-221.743332533076));
#5601=CARTESIAN_POINT('Ctrl Pts',(-59.1417783778228,63.7824980387762,-221.82324415669));
#5602=CARTESIAN_POINT('Ctrl Pts',(-58.4441952446183,63.9451741681914,-222.118763512963));
#5603=CARTESIAN_POINT('Ctrl Pts',(-58.0763374117848,64.09074808186,-222.386041966503));
#5604=CARTESIAN_POINT('Ctrl Pts',(-57.5149124124123,64.3667137791487,-223.000939999532));
#5605=CARTESIAN_POINT('Ctrl Pts',(-57.2826013841327,64.5152047664825,-223.390933780379));
#5606=CARTESIAN_POINT('Ctrl Pts',(-56.9801606392189,64.7278541927483,-224.254327820434));
#5607=CARTESIAN_POINT('Ctrl Pts',(-56.9081386023876,64.7874850192188,-224.727924274722));
#5608=CARTESIAN_POINT('Ctrl Pts',(-56.9081386023877,64.7874850192187,-225.62027868335));
#5609=CARTESIAN_POINT('Ctrl Pts',(-56.9801606392189,64.7278541927483,-226.093875137638));
#5610=CARTESIAN_POINT('Ctrl Pts',(-57.2826013841329,64.5152047664824,-226.957269177693));
#5611=CARTESIAN_POINT('Ctrl Pts',(-57.5149124124126,64.3667137791485,-227.347262958541));
#5612=CARTESIAN_POINT('Ctrl Pts',(-58.0763374117846,64.0907480818601,-227.962160991569));
#5613=CARTESIAN_POINT('Ctrl Pts',(-58.4441952446182,63.9451741681915,-228.229439445109));
#5614=CARTESIAN_POINT('Ctrl Pts',(-59.1417783778229,63.7824980387762,-228.524958801382));
#5615=CARTESIAN_POINT('Ctrl Pts',(-59.4407455503058,63.7389146759399,-228.604870424996));
#5616=CARTESIAN_POINT('Ctrl Pts',(-59.7390930585197,63.7233252500965,-228.644180143422));
#5617=CARTESIAN_POINT('Ctrl Pts',(-60.0000000000003,63.7165133667097,-228.668627028054));
#5618=CARTESIAN_POINT('Ctrl Pts',(-59.9127661750335,63.7165133667097,-228.66374223565));
#5619=CARTESIAN_POINT('Ctrl Pts',(-59.8257146049295,63.7187990511606,-228.655593238908));
#5620=CARTESIAN_POINT('Ctrl Pts',(-59.7390930585197,63.7233252500965,-228.644180143422));
#5621=CARTESIAN_POINT('Ctrl Pts',(-60.0372726364019,63.049846700043,-228.003003113956));
#5622=CARTESIAN_POINT('Ctrl Pts',(-59.9666547780954,63.049846700043,-227.999048758199));
#5623=CARTESIAN_POINT('Ctrl Pts',(-59.8961845715637,63.0513704896769,-227.992451416284));
#5624=CARTESIAN_POINT('Ctrl Pts',(-59.8260620390132,63.0543879556342,-227.983214421826));
#5625=CARTESIAN_POINT('Ctrl Pts',(-60.0745452728035,62.3831800333763,-227.337379199857));
#5626=CARTESIAN_POINT('Ctrl Pts',(-60.0205433811574,62.3831800333763,-227.334355280749));
#5627=CARTESIAN_POINT('Ctrl Pts',(-59.9666545381979,62.3839419281933,-227.329309593661));
#5628=CARTESIAN_POINT('Ctrl Pts',(-59.9130310195067,62.3854506611719,-227.322248700229));
#5629=CARTESIAN_POINT('Ctrl Pts',(-60.1118179092051,61.7165133667097,-226.671755285758));
#5630=CARTESIAN_POINT('Ctrl Pts',(-60.0744319842193,61.7165133667097,-226.669661803299));
#5631=CARTESIAN_POINT('Ctrl Pts',(-60.0371245048321,61.7165133667097,-226.666167771037));
#5632=CARTESIAN_POINT('Ctrl Pts',(-60.0000000000002,61.7165133667097,-226.661282978632));
#5633=CARTESIAN_POINT('Ctrl Pts',(-59.7390930585197,63.7233252500965,-228.644180143422));
#5634=CARTESIAN_POINT('Ctrl Pts',(-59.8257146049295,63.7187990511606,-228.655593238908));
#5635=CARTESIAN_POINT('Ctrl Pts',(-59.9127661750335,63.7165133667097,-228.66374223565));
#5636=CARTESIAN_POINT('Ctrl Pts',(-60.0000000000003,63.7165133667097,-228.668627028054));
#5637=CARTESIAN_POINT('',(-60.1118179092051,61.7165133667097,-226.671755285758));
#5638=CARTESIAN_POINT('',(-60.1118179092051,61.7165133667097,-226.671755285758));
#5639=CARTESIAN_POINT('Ctrl Pts',(-60.1118179092051,61.7165133667097,-226.671755285758));
#5640=CARTESIAN_POINT('Ctrl Pts',(-60.0744319842193,61.7165133667097,-226.669661803299));
#5641=CARTESIAN_POINT('Ctrl Pts',(-60.0371245048321,61.7165133667097,-226.666167771037));
#5642=CARTESIAN_POINT('Ctrl Pts',(-60.0000000000002,61.7165133667097,-226.661282978632));
#5643=CARTESIAN_POINT('Ctrl Pts',(-60.4524261935307,61.7165133667097,-273.712984721752));
#5644=CARTESIAN_POINT('Ctrl Pts',(-60.2927475332277,61.7165133667097,-273.750067388884));
#5645=CARTESIAN_POINT('Ctrl Pts',(-60.1392322212618,61.7165133667097,-273.813550716351));
#5646=CARTESIAN_POINT('Ctrl Pts',(-59.9999999999991,61.7165133667097,-273.900076939659));
#5647=CARTESIAN_POINT('Ctrl Pts',(-60.3016174623539,62.3831800333763,-273.063599496292));
#5648=CARTESIAN_POINT('Ctrl Pts',(-60.0709705085829,62.3831800333763,-273.117163348816));
#5649=CARTESIAN_POINT('Ctrl Pts',(-59.8489956293851,62.3974479537809,-273.208708489039));
#5650=CARTESIAN_POINT('Ctrl Pts',(-59.648668638433,62.420630921775,-273.334737970736));
#5651=CARTESIAN_POINT('Ctrl Pts',(-60.1508087311771,63.049846700043,-272.414214270832));
#5652=CARTESIAN_POINT('Ctrl Pts',(-59.8491934839382,63.049846700043,-272.484259308749));
#5653=CARTESIAN_POINT('Ctrl Pts',(-59.5587590375085,63.0783825408521,-272.603866261727));
#5654=CARTESIAN_POINT('Ctrl Pts',(-59.2973372768669,63.1247484768402,-272.769399001814));
#5655=CARTESIAN_POINT('Ctrl Pts',(-60.0000000000004,63.7165133667097,-271.764829045373));
#5656=CARTESIAN_POINT('Ctrl Pts',(-59.6274164592934,63.7165133667097,-271.851355268681));
#5657=CARTESIAN_POINT('Ctrl Pts',(-59.2685224456319,63.7593171279234,-271.999024034416));
#5658=CARTESIAN_POINT('Ctrl Pts',(-58.9460059153007,63.8288660319055,-272.204060032891));
#5659=CARTESIAN_POINT('',(-58.9460059153007,63.8288660319055,-272.204060032891));
#5660=CARTESIAN_POINT('',(-59.9999999999988,61.7165133667097,-273.900076939659));
#5661=CARTESIAN_POINT('',(-60.0000000000003,63.7165133667097,-271.764829045373));
#5662=CARTESIAN_POINT('Ctrl Pts',(-60.0000000000004,63.7165133667097,-271.764829045373));
#5663=CARTESIAN_POINT('Ctrl Pts',(-59.6274164592934,63.7165133667097,-271.851355268681));
#5664=CARTESIAN_POINT('Ctrl Pts',(-59.2685224456319,63.7593171279234,-271.999024034416));
#5665=CARTESIAN_POINT('Ctrl Pts',(-58.9460059153007,63.8288660319055,-272.204060032891));
#5666=CARTESIAN_POINT('Ctrl Pts',(-59.9999999999988,61.7165133667097,-273.900076939659));
#5667=CARTESIAN_POINT('Ctrl Pts',(-59.8730688543272,61.7165133667097,-273.978958627789));
#5668=CARTESIAN_POINT('Ctrl Pts',(-59.7665380361667,61.7202450033159,-274.07181244498));
#5669=CARTESIAN_POINT('Ctrl Pts',(-59.5347686519033,61.7333224549069,-274.327081715014));
#5670=CARTESIAN_POINT('Ctrl Pts',(-59.4335853178121,61.7455789860522,-274.511319740368));
#5671=CARTESIAN_POINT('Ctrl Pts',(-59.3146178937655,61.7623809984655,-274.857129859613));
#5672=CARTESIAN_POINT('Ctrl Pts',(-59.2919225914922,61.7669565348146,-275.021274333678));
#5673=CARTESIAN_POINT('Ctrl Pts',(-59.2919225914921,61.7669565348145,-275.326928624394));
#5674=CARTESIAN_POINT('Ctrl Pts',(-59.3146178937655,61.7623809984655,-275.491073098459));
#5675=CARTESIAN_POINT('Ctrl Pts',(-59.4335853178119,61.7455789860522,-275.836883217703));
#5676=CARTESIAN_POINT('Ctrl Pts',(-59.534768651903,61.7333224549069,-276.021121243058));
#5677=CARTESIAN_POINT('Ctrl Pts',(-59.7665380361668,61.720245003316,-276.276390513092));
#5678=CARTESIAN_POINT('Ctrl Pts',(-59.8730688543272,61.7165133667097,-276.369244330283));
#5679=CARTESIAN_POINT('Ctrl Pts',(-59.9999999999987,61.7165133667097,-276.448126018412));
#5680=CARTESIAN_POINT('Ctrl Pts',(-59.6486686384328,62.420630921775,-273.334737970737));
#5681=CARTESIAN_POINT('Ctrl Pts',(-59.4884625519266,62.4369610617603,-273.435158139216));
#5682=CARTESIAN_POINT('Ctrl Pts',(-59.3498690728905,62.4595104991253,-273.553892508175));
#5683=CARTESIAN_POINT('Ctrl Pts',(-59.0384321295681,62.5234197598629,-273.888558891204));
#5684=CARTESIAN_POINT('Ctrl Pts',(-58.8895163308997,62.5710014617365,-274.143068673375));
#5685=CARTESIAN_POINT('Ctrl Pts',(-58.7040858872877,62.6393055126563,-274.660834878389));
#5686=CARTESIAN_POINT('Ctrl Pts',(-58.6640901548678,62.658248689483,-274.925805391871));
#5687=CARTESIAN_POINT('Ctrl Pts',(-58.6640901548677,62.658248689483,-275.422397566201));
#5688=CARTESIAN_POINT('Ctrl Pts',(-58.7040858872877,62.6393055126563,-275.687368079683));
#5689=CARTESIAN_POINT('Ctrl Pts',(-58.8895163308996,62.5710014617365,-276.205134284696));
#5690=CARTESIAN_POINT('Ctrl Pts',(-59.0384321295678,62.5234197598629,-276.459644066868));
#5691=CARTESIAN_POINT('Ctrl Pts',(-59.3498690728906,62.4595104991253,-276.794310449897));
#5692=CARTESIAN_POINT('Ctrl Pts',(-59.4884625519265,62.4369610617603,-276.913044818856));
#5693=CARTESIAN_POINT('Ctrl Pts',(-59.6486686384327,62.420630921775,-277.013464987335));
#5694=CARTESIAN_POINT('Ctrl Pts',(-59.2973372768668,63.1247484768402,-272.769399001814));
#5695=CARTESIAN_POINT('Ctrl Pts',(-59.1040194385054,63.1572818150375,-272.891914150846));
#5696=CARTESIAN_POINT('Ctrl Pts',(-58.9329978201472,63.1989320158067,-273.03556140042));
#5697=CARTESIAN_POINT('Ctrl Pts',(-58.5424984561323,63.3132069721231,-273.450906512781));
#5698=CARTESIAN_POINT('Ctrl Pts',(-58.3451625220135,63.396769852651,-273.77503359723));
#5699=CARTESIAN_POINT('Ctrl Pts',(-58.0939493376177,63.5157978172974,-274.464442581979));
#5700=CARTESIAN_POINT('Ctrl Pts',(-58.0363231811075,63.5494893646329,-274.830807660393));
#5701=CARTESIAN_POINT('Ctrl Pts',(-58.0363231811073,63.5494893646329,-275.517395297679));
#5702=CARTESIAN_POINT('Ctrl Pts',(-58.0939493376177,63.5157978172973,-275.883760376093));
#5703=CARTESIAN_POINT('Ctrl Pts',(-58.3451625220126,63.3967698526514,-276.57316936084));
#5704=CARTESIAN_POINT('Ctrl Pts',(-58.5424984561311,63.3132069721236,-276.897296445289));
#5705=CARTESIAN_POINT('Ctrl Pts',(-58.9329978201475,63.1989320158067,-277.312641557652));
#5706=CARTESIAN_POINT('Ctrl Pts',(-59.1040194385054,63.1572818150375,-277.456288807226));
#5707=CARTESIAN_POINT('Ctrl Pts',(-59.2973372768667,63.1247484768402,-277.578803956258));
#5708=CARTESIAN_POINT('Ctrl Pts',(-58.9460059153007,63.8288660319055,-272.204060032891));
#5709=CARTESIAN_POINT('Ctrl Pts',(-58.7194131361048,63.8777295100881,-272.348113662272));
#5710=CARTESIAN_POINT('Ctrl Pts',(-58.5163288568709,63.9381975116161,-272.517641463614));
#5711=CARTESIAN_POINT('Ctrl Pts',(-58.0461619337972,64.1033042770791,-273.012383688971));
#5712=CARTESIAN_POINT('Ctrl Pts',(-57.8010935351011,64.2221923283353,-273.406782530237));
#5713=CARTESIAN_POINT('Ctrl Pts',(-57.48341733114,64.3927223314881,-274.268147600755));
#5714=CARTESIAN_POINT('Ctrl Pts',(-57.4084907444831,64.4407815193014,-274.735338718585));
#5715=CARTESIAN_POINT('Ctrl Pts',(-57.408490744483,64.4407815193014,-275.612864239487));
#5716=CARTESIAN_POINT('Ctrl Pts',(-57.4834173311399,64.3927223314881,-276.080055357317));
#5717=CARTESIAN_POINT('Ctrl Pts',(-57.8010935351002,64.2221923283358,-276.941420427833));
#5718=CARTESIAN_POINT('Ctrl Pts',(-58.0461619337959,64.1033042770795,-277.3358192691));
#5719=CARTESIAN_POINT('Ctrl Pts',(-58.5163288568713,63.938197511616,-277.830561494458));
#5720=CARTESIAN_POINT('Ctrl Pts',(-58.7194131361047,63.8777295100881,-278.000089295799));
#5721=CARTESIAN_POINT('Ctrl Pts',(-58.9460059153007,63.8288660319055,-278.144142925181));
#5722=CARTESIAN_POINT('',(-58.9460059153007,63.8288660319055,-278.144142925181));
#5723=CARTESIAN_POINT('',(-58.9460059153007,63.8288660319055,-278.144142925181));
#5724=CARTESIAN_POINT('Ctrl Pts',(-58.9460059153007,63.8288660319055,-272.204060032891));
#5725=CARTESIAN_POINT('Ctrl Pts',(-58.7194131361048,63.8777295100881,-272.348113662272));
#5726=CARTESIAN_POINT('Ctrl Pts',(-58.5163288568709,63.9381975116161,-272.517641463614));
#5727=CARTESIAN_POINT('Ctrl Pts',(-58.0461619337972,64.1033042770791,-273.012383688971));
#5728=CARTESIAN_POINT('Ctrl Pts',(-57.8010935351011,64.2221923283353,-273.406782530237));
#5729=CARTESIAN_POINT('Ctrl Pts',(-57.48341733114,64.3927223314881,-274.268147600755));
#5730=CARTESIAN_POINT('Ctrl Pts',(-57.4084907444831,64.4407815193014,-274.735338718585));
#5731=CARTESIAN_POINT('Ctrl Pts',(-57.408490744483,64.4407815193014,-275.612864239487));
#5732=CARTESIAN_POINT('Ctrl Pts',(-57.4834173311399,64.3927223314881,-276.080055357317));
#5733=CARTESIAN_POINT('Ctrl Pts',(-57.8010935351002,64.2221923283358,-276.941420427833));
#5734=CARTESIAN_POINT('Ctrl Pts',(-58.0461619337959,64.1033042770795,-277.3358192691));
#5735=CARTESIAN_POINT('Ctrl Pts',(-58.5163288568713,63.938197511616,-277.830561494458));
#5736=CARTESIAN_POINT('Ctrl Pts',(-58.7194131361047,63.8777295100881,-278.000089295799));
#5737=CARTESIAN_POINT('Ctrl Pts',(-58.9460059153007,63.8288660319055,-278.144142925181));
#5738=CARTESIAN_POINT('Ctrl Pts',(-59.9999999999991,61.7165133667097,-276.448126018413));
#5739=CARTESIAN_POINT('Ctrl Pts',(-60.1392322212618,61.7165133667097,-276.534652241721));
#5740=CARTESIAN_POINT('Ctrl Pts',(-60.2927475332277,61.7165133667097,-276.598135569188));
#5741=CARTESIAN_POINT('Ctrl Pts',(-60.4524261935307,61.7165133667097,-276.63521823632));
#5742=CARTESIAN_POINT('Ctrl Pts',(-59.648668638433,62.420630921775,-277.013464987335));
#5743=CARTESIAN_POINT('Ctrl Pts',(-59.8489956293851,62.3974479537809,-277.139494469033));
#5744=CARTESIAN_POINT('Ctrl Pts',(-60.0709705085829,62.3831800333763,-277.231039609256));
#5745=CARTESIAN_POINT('Ctrl Pts',(-60.3016174623539,62.3831800333763,-277.28460346178));
#5746=CARTESIAN_POINT('Ctrl Pts',(-59.2973372768668,63.1247484768402,-277.578803956258));
#5747=CARTESIAN_POINT('Ctrl Pts',(-59.5587590375085,63.0783825408521,-277.744336696345));
#5748=CARTESIAN_POINT('Ctrl Pts',(-59.8491934839382,63.049846700043,-277.863943649323));
#5749=CARTESIAN_POINT('Ctrl Pts',(-60.1508087311771,63.049846700043,-277.933988687239));
#5750=CARTESIAN_POINT('Ctrl Pts',(-58.9460059153007,63.8288660319055,-278.144142925181));
#5751=CARTESIAN_POINT('Ctrl Pts',(-59.2685224456318,63.7593171279234,-278.349178923656));
#5752=CARTESIAN_POINT('Ctrl Pts',(-59.6274164592934,63.7165133667097,-278.496847689391));
#5753=CARTESIAN_POINT('Ctrl Pts',(-60.0000000000004,63.7165133667097,-278.583373912699));
#5754=CARTESIAN_POINT('',(-60.4524261935307,61.7165133667097,-276.63521823632));
#5755=CARTESIAN_POINT('Ctrl Pts',(-58.9460059153007,63.8288660319055,-278.144142925181));
#5756=CARTESIAN_POINT('Ctrl Pts',(-59.2685224456318,63.7593171279234,-278.349178923656));
#5757=CARTESIAN_POINT('Ctrl Pts',(-59.6274164592934,63.7165133667097,-278.496847689391));
#5758=CARTESIAN_POINT('Ctrl Pts',(-60.0000000000004,63.7165133667097,-278.583373912699));
#5759=CARTESIAN_POINT('Ctrl Pts',(-59.7390930585197,63.7233252500965,-221.70402281465));
#5760=CARTESIAN_POINT('Ctrl Pts',(-59.8257146049294,63.7187990511606,-221.692609719164));
#5761=CARTESIAN_POINT('Ctrl Pts',(-59.9127661750334,63.7165133667097,-221.684460722422));
#5762=CARTESIAN_POINT('Ctrl Pts',(-60.0000000000002,63.7165133667097,-221.679575930018));
#5763=CARTESIAN_POINT('Ctrl Pts',(-59.8260620390132,63.0543879556342,-222.364988536246));
#5764=CARTESIAN_POINT('Ctrl Pts',(-59.8961845715637,63.0513704896769,-222.355751541788));
#5765=CARTESIAN_POINT('Ctrl Pts',(-59.9666547780954,63.049846700043,-222.349154199872));
#5766=CARTESIAN_POINT('Ctrl Pts',(-60.0372726364019,63.049846700043,-222.345199844116));
#5767=CARTESIAN_POINT('Ctrl Pts',(-59.9130310195067,62.3854506611719,-223.025954257843));
#5768=CARTESIAN_POINT('Ctrl Pts',(-59.9666545381979,62.3839419281933,-223.018893364411));
#5769=CARTESIAN_POINT('Ctrl Pts',(-60.0205433811573,62.3831800333763,-223.013847677323));
#5770=CARTESIAN_POINT('Ctrl Pts',(-60.0745452728035,62.3831800333763,-223.010823758215));
#5771=CARTESIAN_POINT('Ctrl Pts',(-60.0000000000002,61.7165133667097,-223.68691997944));
#5772=CARTESIAN_POINT('Ctrl Pts',(-60.0371245048321,61.7165133667097,-223.682035187035));
#5773=CARTESIAN_POINT('Ctrl Pts',(-60.0744319842193,61.7165133667097,-223.678541154773));
#5774=CARTESIAN_POINT('Ctrl Pts',(-60.1118179092051,61.7165133667097,-223.676447672314));
#5775=CARTESIAN_POINT('',(-60.1118179092051,61.7165133667097,-223.676447672314));
#5776=CARTESIAN_POINT('',(-60.0000000000002,63.7165133667097,-221.679575930018));
#5777=CARTESIAN_POINT('Ctrl Pts',(-60.0000000000002,63.7165133667097,-221.679575930018));
#5778=CARTESIAN_POINT('Ctrl Pts',(-59.9127661750334,63.7165133667097,-221.684460722422));
#5779=CARTESIAN_POINT('Ctrl Pts',(-59.8257146049294,63.7187990511606,-221.692609719164));
#5780=CARTESIAN_POINT('Ctrl Pts',(-59.7390930585197,63.7233252500965,-221.70402281465));
#5781=CARTESIAN_POINT('Ctrl Pts',(-60.0000000000002,61.7165133667097,-223.68691997944));
#5782=CARTESIAN_POINT('Ctrl Pts',(-60.0371245048321,61.7165133667097,-223.682035187035));
#5783=CARTESIAN_POINT('Ctrl Pts',(-60.0744319842193,61.7165133667097,-223.678541154773));
#5784=CARTESIAN_POINT('Ctrl Pts',(-60.1118179092051,61.7165133667097,-223.676447672314));
#5785=CARTESIAN_POINT('Ctrl Pts',(-64.3770141579658,75.7426354049974,-301.085166828287));
#5786=CARTESIAN_POINT('Ctrl Pts',(-63.0777614500536,75.7426354049974,-302.590300619176));
#5787=CARTESIAN_POINT('Ctrl Pts',(-61.7785087421414,75.7426354049974,-304.095434410066));
#5788=CARTESIAN_POINT('Ctrl Pts',(-60.4792560342292,75.7426354049974,-305.600568200956));
#5789=CARTESIAN_POINT('Ctrl Pts',(-64.089781428858,75.7426354055661,-300.837223487068));
#5790=CARTESIAN_POINT('Ctrl Pts',(-62.7770741185581,75.7426354055661,-302.330777713973));
#5791=CARTESIAN_POINT('Ctrl Pts',(-61.464200467461,75.7426354055661,-303.824084437711));
#5792=CARTESIAN_POINT('Ctrl Pts',(-60.151493157161,75.7426354055661,-305.317638664617));
#5793=CARTESIAN_POINT('Ctrl Pts',(-63.5216632754514,75.5372156919509,-300.331821327938));
#5794=CARTESIAN_POINT('Ctrl Pts',(-62.18214170921,75.5372156919509,-301.801474171773));
#5795=CARTESIAN_POINT('Ctrl Pts',(-60.8427319143592,75.5372156919509,-303.27126858432));
#5796=CARTESIAN_POINT('Ctrl Pts',(-59.5032103481178,75.5372156919509,-304.740921428154));
#5797=CARTESIAN_POINT('Ctrl Pts',(-62.8579115138339,74.6777551039416,-299.711609163973));
#5798=CARTESIAN_POINT('Ctrl Pts',(-61.4872405189853,74.6777551039416,-301.152183254573));
#5799=CARTESIAN_POINT('Ctrl Pts',(-60.1164704875859,74.6777551039416,-302.592619761086));
#5800=CARTESIAN_POINT('Ctrl Pts',(-58.7457994927374,74.6777551039416,-304.033193851685));
#5801=CARTESIAN_POINT('Ctrl Pts',(-62.3660917280422,73.0159821861893,-299.231460339649));
#5802=CARTESIAN_POINT('Ctrl Pts',(-60.9722396600523,73.0159821861893,-300.649386308951));
#5803=CARTESIAN_POINT('Ctrl Pts',(-59.5784332466069,73.0159821861893,-302.067367367807));
#5804=CARTESIAN_POINT('Ctrl Pts',(-58.184581178617,73.0159821861893,-303.485293337109));
#5805=CARTESIAN_POINT('Ctrl Pts',(-62.6290733120156,71.0928993380201,-299.494610068555));
#5806=CARTESIAN_POINT('Ctrl Pts',(-61.2475585696965,71.0928993380201,-300.924869253119));
#5807=CARTESIAN_POINT('Ctrl Pts',(-59.8661856803684,71.0928993380201,-302.355315783103));
#5808=CARTESIAN_POINT('Ctrl Pts',(-58.4846709380493,71.0928993380201,-303.785574967667));
#5809=CARTESIAN_POINT('Ctrl Pts',(-63.5249299489824,69.9486225580711,-300.336235999608));
#5810=CARTESIAN_POINT('Ctrl Pts',(-62.1856425871508,69.9486225580711,-301.806205075101));
#5811=CARTESIAN_POINT('Ctrl Pts',(-60.8462253294248,69.9486225580711,-303.275989959246));
#5812=CARTESIAN_POINT('Ctrl Pts',(-59.5069379675931,69.9486225580711,-304.74595903474));
#5813=CARTESIAN_POINT('Ctrl Pts',(-64.089781426444,69.7426354049974,-300.837223484946));
#5814=CARTESIAN_POINT('Ctrl Pts',(-62.7769076777393,69.7426354049974,-302.330552992207));
#5815=CARTESIAN_POINT('Ctrl Pts',(-61.464366903111,69.7426354049974,-303.824309154935));
#5816=CARTESIAN_POINT('Ctrl Pts',(-60.1514931544064,69.7426354049974,-305.317638662196));
#5817=CARTESIAN_POINT('Ctrl Pts',(-64.377014155533,69.7426354049974,-301.085166826186));
#5818=CARTESIAN_POINT('Ctrl Pts',(-63.0777614475063,69.7426354049974,-302.590300616977));
#5819=CARTESIAN_POINT('Ctrl Pts',(-61.7785087394797,69.7426354049974,-304.095434407768));
#5820=CARTESIAN_POINT('Ctrl Pts',(-60.479256031453,69.7426354049974,-305.600568198559));
#5821=CARTESIAN_POINT('',(-60.5298431872314,75.7415146391914,-305.421325208762));
#5822=CARTESIAN_POINT('',(-60.5915661722652,75.7426354049974,-305.470461263287));
#5823=CARTESIAN_POINT('Ctrl Pts',(-60.5298431872314,75.7415146391914,-305.421325208762));
#5824=CARTESIAN_POINT('Ctrl Pts',(-60.550412077827,75.7422619161603,-305.437710722882));
#5825=CARTESIAN_POINT('Ctrl Pts',(-60.5709862772566,75.7426354049974,-305.454089572758));
#5826=CARTESIAN_POINT('Ctrl Pts',(-60.5915661722652,75.7426354049974,-305.470461263287));
#5827=CARTESIAN_POINT('',(-60.5298431872314,69.7437561708034,-305.421325208762));
#5828=CARTESIAN_POINT('Ctrl Pts',(-60.5298431872314,69.7437561708034,-305.421325208762));
#5829=CARTESIAN_POINT('Ctrl Pts',(-60.1835468936896,69.7563372695932,-305.145459926628));
#5830=CARTESIAN_POINT('Ctrl Pts',(-59.1598625025162,70.1174952857471,-304.319058247074));
#5831=CARTESIAN_POINT('Ctrl Pts',(-58.3241767135612,71.652136623673,-303.625973738057));
#5832=CARTESIAN_POINT('Ctrl Pts',(-58.3309908792059,73.3971874136596,-303.632108908238));
#5833=CARTESIAN_POINT('Ctrl Pts',(-58.735444560276,74.6016697631016,-303.96658155877));
#5834=CARTESIAN_POINT('Ctrl Pts',(-59.5069742774368,75.488046652378,-304.599811989517));
#5835=CARTESIAN_POINT('Ctrl Pts',(-60.1831856495988,75.7289204162427,-305.145172153686));
#5836=CARTESIAN_POINT('Ctrl Pts',(-60.5298431872314,75.7415146391914,-305.421325208762));
#5837=CARTESIAN_POINT('Ctrl Pts',(-60.5915661722652,69.7426354049974,-305.470461263287));
#5838=CARTESIAN_POINT('Ctrl Pts',(-60.5709862772566,69.7426354049974,-305.454089572758));
#5839=CARTESIAN_POINT('Ctrl Pts',(-60.5504120778271,69.7430088938345,-305.437710722882));
#5840=CARTESIAN_POINT('Ctrl Pts',(-60.5298431872314,69.7437561708034,-305.421325208762));
#5841=CARTESIAN_POINT('',(-64.195594056196,69.7469654254529,-301.086268896043));
#5842=CARTESIAN_POINT('Ctrl Pts',(-64.195594056196,69.7469654254529,-301.086268896043));
#5843=CARTESIAN_POINT('Ctrl Pts',(-64.2280216819703,69.7440762003179,-301.11838758043));
#5844=CARTESIAN_POINT('Ctrl Pts',(-64.2604776308393,69.7426354049974,-301.150477667761));
#5845=CARTESIAN_POINT('Ctrl Pts',(-64.2929552575719,69.7426354049974,-301.182545794078));
#5846=CARTESIAN_POINT('',(-63.2490357900031,70.3011086455073,-300.13447878031));
#5847=CARTESIAN_POINT('Ctrl Pts',(-63.2490357900031,70.3011086455073,-300.13447878031));
#5848=CARTESIAN_POINT('Ctrl Pts',(-63.3610487665893,70.1663134504969,-300.24867535732));
#5849=CARTESIAN_POINT('Ctrl Pts',(-63.4844520877508,70.0510671681553,-300.373969827491));
#5850=CARTESIAN_POINT('Ctrl Pts',(-63.7085750186636,69.8997249955244,-300.600091625991));
#5851=CARTESIAN_POINT('Ctrl Pts',(-63.8022169884433,69.8507211060952,-300.694212393968));
#5852=CARTESIAN_POINT('Ctrl Pts',(-63.9957441855312,69.7788247067787,-300.887795975619));
#5853=CARTESIAN_POINT('Ctrl Pts',(-64.0945609369938,69.7559672385826,-300.986198329949));
#5854=CARTESIAN_POINT('Ctrl Pts',(-64.195594056196,69.7469654254529,-301.086268896043));
#5855=CARTESIAN_POINT('',(-64.195594056196,75.7383053845419,-301.086268896043));
#5856=CARTESIAN_POINT('Ctrl Pts',(-64.195594056196,75.7383053845419,-301.086268896043));
#5857=CARTESIAN_POINT('Ctrl Pts',(-64.0542839418244,75.7257149859384,-300.946305057931));
#5858=CARTESIAN_POINT('Ctrl Pts',(-63.9177552322623,75.6861497430072,-300.810046352213));
#5859=CARTESIAN_POINT('Ctrl Pts',(-63.6532565829359,75.5572681292262,-300.544535365855));
#5860=CARTESIAN_POINT('Ctrl Pts',(-63.5280197874415,75.4679129159871,-300.417997119942));
#5861=CARTESIAN_POINT('Ctrl Pts',(-63.2908183953077,75.2440216778474,-300.177258480766));
#5862=CARTESIAN_POINT('Ctrl Pts',(-63.1810803877299,75.1088856480275,-300.065266065264));
#5863=CARTESIAN_POINT('Ctrl Pts',(-62.8885221114855,74.6573877410601,-299.765660856337));
#5864=CARTESIAN_POINT('Ctrl Pts',(-62.5968675171282,73.9361260061579,-299.464022510769));
#5865=CARTESIAN_POINT('Ctrl Pts',(-62.4585665875188,72.7003621770671,-299.319780232058));
#5866=CARTESIAN_POINT('Ctrl Pts',(-62.6168963012438,71.4694220990763,-299.484857883594));
#5867=CARTESIAN_POINT('Ctrl Pts',(-62.9217372295452,70.7603311368952,-299.799872697756));
#5868=CARTESIAN_POINT('Ctrl Pts',(-63.1629043555393,70.409906994011,-300.046587644284));
#5869=CARTESIAN_POINT('Ctrl Pts',(-63.2050845629634,70.3539990730299,-300.089670760416));
#5870=CARTESIAN_POINT('Ctrl Pts',(-63.2490357900064,70.3011086455033,-300.134478780314));
#5871=CARTESIAN_POINT('',(-64.2929552575719,75.7426354049974,-301.182545794078));
#5872=CARTESIAN_POINT('Ctrl Pts',(-64.2929552575719,75.7426354049974,-301.182545794078));
#5873=CARTESIAN_POINT('Ctrl Pts',(-64.2604776308393,75.7426354049974,-301.150477667761));
#5874=CARTESIAN_POINT('Ctrl Pts',(-64.2280216819702,75.7411946096769,-301.11838758043));
#5875=CARTESIAN_POINT('Ctrl Pts',(-64.1955940561959,75.7383053845419,-301.086268896043));
#5876=CARTESIAN_POINT('',(-59.3281618232336,75.7426354049974,-306.934066122767));
#5877=CARTESIAN_POINT('Origin',(-133.501040237975,75.7426354049974,-332.399779090763));
#5878=CARTESIAN_POINT('',(-203.122859247894,75.7426354049974,-305.696901292513));
#5879=CARTESIAN_POINT('Origin',(-132.,75.7426354049974,-215.707093924094));
#5880=CARTESIAN_POINT('',(-199.621579734019,75.7426354049974,-301.266828144042));
#5881=CARTESIAN_POINT('Origin',(-132.,75.7426354049974,-232.610902269207));
#5882=CARTESIAN_POINT('',(-204.362988437248,75.7426354049974,-307.266002816861));
#5883=CARTESIAN_POINT('Ctrl Pts',(-199.420475074161,69.7426354049974,-301.012375921607));
#5884=CARTESIAN_POINT('Ctrl Pts',(-200.654603132072,69.7426354049974,-302.573884378576));
#5885=CARTESIAN_POINT('Ctrl Pts',(-201.888731189983,69.7426354049974,-304.135392835544));
#5886=CARTESIAN_POINT('Ctrl Pts',(-203.122859247894,69.7426354049974,-305.696901292513));
#5887=CARTESIAN_POINT('Ctrl Pts',(-199.748531233196,69.7426354049974,-300.753098868942));
#5888=CARTESIAN_POINT('Ctrl Pts',(-200.988632575959,69.7426354049974,-302.309879529846));
#5889=CARTESIAN_POINT('Ctrl Pts',(-202.228829213569,69.7426354049974,-303.866605422725));
#5890=CARTESIAN_POINT('Ctrl Pts',(-203.468930556332,69.7426354049974,-305.423386083629));
#5891=CARTESIAN_POINT('Ctrl Pts',(-200.732359961501,70.0382895329761,-299.966214319703));
#5892=CARTESIAN_POINT('Ctrl Pts',(-201.990511581455,70.0382895329761,-301.508567845673));
#5893=CARTESIAN_POINT('Ctrl Pts',(-203.248634455644,70.0382895329761,-303.050936374292));
#5894=CARTESIAN_POINT('Ctrl Pts',(-204.506786075598,70.0382895329761,-304.593289900262));
#5895=CARTESIAN_POINT('Ctrl Pts',(-201.839948422179,71.9761280075418,-299.041704257522));
#5896=CARTESIAN_POINT('Ctrl Pts',(-203.118339205073,71.9761280075418,-300.567174436569));
#5897=CARTESIAN_POINT('Ctrl Pts',(-204.396806789461,71.9761280075418,-302.092540342756));
#5898=CARTESIAN_POINT('Ctrl Pts',(-205.675197572354,71.9761280075418,-303.618010521803));
#5899=CARTESIAN_POINT('Ctrl Pts',(-201.36600411874,74.8806107831394,-299.441960152323));
#5900=CARTESIAN_POINT('Ctrl Pts',(-202.635769858294,74.8806107831394,-300.974697325331));
#5901=CARTESIAN_POINT('Ctrl Pts',(-203.905460956776,74.8806107831394,-302.507509229478));
#5902=CARTESIAN_POINT('Ctrl Pts',(-205.17522669633,74.8806107831394,-304.040246402486));
#5903=CARTESIAN_POINT('Ctrl Pts',(-200.07658739223,75.7426354049974,-300.493821816276));
#5904=CARTESIAN_POINT('Ctrl Pts',(-201.322706549183,75.7426354049974,-302.045894827748));
#5905=CARTESIAN_POINT('Ctrl Pts',(-202.568882707817,75.7426354049974,-303.597797863274));
#5906=CARTESIAN_POINT('Ctrl Pts',(-203.81500186477,75.7426354049974,-305.149870874746));
#5907=CARTESIAN_POINT('Ctrl Pts',(-199.420475074161,75.7426354049974,-301.012375921607));
#5908=CARTESIAN_POINT('Ctrl Pts',(-200.654603132072,75.7426354049974,-302.573884378576));
#5909=CARTESIAN_POINT('Ctrl Pts',(-201.888731189983,75.7426354049974,-304.135392835544));
#5910=CARTESIAN_POINT('Ctrl Pts',(-203.122859247894,75.7426354049974,-305.696901292513));
#5911=CARTESIAN_POINT('Ctrl Pts',(-203.122859247894,75.7426354049974,-305.696901292513));
#5912=CARTESIAN_POINT('Ctrl Pts',(-203.468930556332,75.7426354049974,-305.423386083629));
#5913=CARTESIAN_POINT('Ctrl Pts',(-204.506904797548,75.4470315744271,-304.592928956818));
#5914=CARTESIAN_POINT('Ctrl Pts',(-205.674646506302,73.5068107817553,-303.619726087337));
#5915=CARTESIAN_POINT('Ctrl Pts',(-205.25744656143,71.0906939553209,-303.970669147729));
#5916=CARTESIAN_POINT('Ctrl Pts',(-204.155052537972,69.949772374013,-304.874714650831));
#5917=CARTESIAN_POINT('Ctrl Pts',(-203.468930556332,69.7426354049974,-305.423386083629));
#5918=CARTESIAN_POINT('Ctrl Pts',(-203.122859247894,69.7426354049974,-305.696901292513));
#5919=CARTESIAN_POINT('',(-199.780615479631,75.733197925481,-301.109793334591));
#5920=CARTESIAN_POINT('Ctrl Pts',(-199.780615479631,75.733197925481,-301.109793334591));
#5921=CARTESIAN_POINT('Ctrl Pts',(-199.727679992087,75.7394999050299,-301.162215579128));
#5922=CARTESIAN_POINT('Ctrl Pts',(-199.674657541604,75.7426354049974,-301.214549988122));
#5923=CARTESIAN_POINT('Ctrl Pts',(-199.621579734019,75.7426354049974,-301.266828144042));
#5924=CARTESIAN_POINT('',(-200.871114700335,70.41219686665,-300.006040232141));
#5925=CARTESIAN_POINT('Ctrl Pts',(-200.871114700335,70.4121968666499,-300.006040232141));
#5926=CARTESIAN_POINT('Ctrl Pts',(-200.92265011887,70.4761918126444,-299.952736571115));
#5927=CARTESIAN_POINT('Ctrl Pts',(-200.971613565695,70.5437700466804,-299.902029167552));
#5928=CARTESIAN_POINT('Ctrl Pts',(-201.642774038158,71.5677783906444,-299.20179412403));
#5929=CARTESIAN_POINT('Ctrl Pts',(-201.758967846947,73.0503493413374,-299.073521741515));
#5930=CARTESIAN_POINT('Ctrl Pts',(-201.146837465881,74.7617640205455,-299.720427048714));
#5931=CARTESIAN_POINT('Ctrl Pts',(-200.814030563346,75.2471348162366,-300.068694024506));
#5932=CARTESIAN_POINT('Ctrl Pts',(-200.192854243517,75.6337263926402,-300.698928204961));
#5933=CARTESIAN_POINT('Ctrl Pts',(-199.991735439308,75.7080640553688,-300.900720316349));
#5934=CARTESIAN_POINT('Ctrl Pts',(-199.780615479631,75.733197925481,-301.109793334591));
#5935=CARTESIAN_POINT('',(-199.780615479631,69.7520728845138,-301.109793334591));
#5936=CARTESIAN_POINT('Ctrl Pts',(-199.780615479631,69.7520728845138,-301.109793334591));
#5937=CARTESIAN_POINT('Ctrl Pts',(-200.022156722047,69.7808284139432,-300.870593987172));
#5938=CARTESIAN_POINT('Ctrl Pts',(-200.250306827592,69.873932068531,-300.641173544622));
#5939=CARTESIAN_POINT('Ctrl Pts',(-200.609320072747,70.1258443763229,-300.275887429615));
#5940=CARTESIAN_POINT('Ctrl Pts',(-200.747434304598,70.2586147192489,-300.133964251728));
#5941=CARTESIAN_POINT('Ctrl Pts',(-200.871114700335,70.41219686665,-300.006040232141));
#5942=CARTESIAN_POINT('Ctrl Pts',(-199.621579734019,69.7426354049974,-301.266828144042));
#5943=CARTESIAN_POINT('Ctrl Pts',(-199.674657541604,69.7426354049974,-301.214549988122));
#5944=CARTESIAN_POINT('Ctrl Pts',(-199.727679992087,69.7457709049649,-301.162215579128));
#5945=CARTESIAN_POINT('Ctrl Pts',(-199.780615479631,69.7520728845138,-301.109793334591));
#5946=CARTESIAN_POINT('Ctrl Pts',(-198.306852561221,67.7449077024492,-299.620412854788));
#5947=CARTESIAN_POINT('Ctrl Pts',(-198.729741237538,67.7449077024492,-299.201958565758));
#5948=CARTESIAN_POINT('Ctrl Pts',(-199.161442525503,67.8610095995774,-298.803674202648));
#5949=CARTESIAN_POINT('Ctrl Pts',(-199.855274433642,68.2445676213255,-298.162415581273));
#5950=CARTESIAN_POINT('Ctrl Pts',(-200.125017435421,68.4598058874238,-297.909787829669));
#5951=CARTESIAN_POINT('Ctrl Pts',(-200.354036664573,68.7165133667097,-297.669166766267));
#5952=CARTESIAN_POINT('Ctrl Pts',(-198.798106867358,68.4139627631374,-300.116873014722));
#5953=CARTESIAN_POINT('Ctrl Pts',(-199.160777894178,68.4236260131295,-299.758364120965));
#5954=CARTESIAN_POINT('Ctrl Pts',(-199.524449491935,68.5320083281998,-299.416223987787));
#5955=CARTESIAN_POINT('Ctrl Pts',(-200.106613087135,68.8716529242019,-298.866898958777));
#5956=CARTESIAN_POINT('Ctrl Pts',(-200.332524174333,69.0594313415202,-298.651238268587));
#5957=CARTESIAN_POINT('Ctrl Pts',(-200.526396009827,69.2817412000231,-298.448124588225));
#5958=CARTESIAN_POINT('Ctrl Pts',(-199.289361173494,69.0830178238256,-300.613333174657));
#5959=CARTESIAN_POINT('Ctrl Pts',(-199.591120065407,69.1021101032629,-300.314188431966));
#5960=CARTESIAN_POINT('Ctrl Pts',(-199.887299861161,69.2029333399086,-300.028623759483));
#5961=CARTESIAN_POINT('Ctrl Pts',(-200.357981419254,69.4987590734465,-299.571404052112));
#5962=CARTESIAN_POINT('Ctrl Pts',(-200.539927565686,69.6589892651525,-299.39251381281));
#5963=CARTESIAN_POINT('Ctrl Pts',(-200.698755355081,69.8469690333365,-299.227082410183));
#5964=CARTESIAN_POINT('Ctrl Pts',(-199.780615479631,69.7520728845138,-301.109793334591));
#5965=CARTESIAN_POINT('Ctrl Pts',(-200.022156722047,69.7808284139432,-300.870593987172));
#5966=CARTESIAN_POINT('Ctrl Pts',(-200.250306827592,69.873932068531,-300.641173544622));
#5967=CARTESIAN_POINT('Ctrl Pts',(-200.609320072747,70.1258443763229,-300.275887429615));
#5968=CARTESIAN_POINT('Ctrl Pts',(-200.747434304598,70.2586147192489,-300.133964251728));
#5969=CARTESIAN_POINT('Ctrl Pts',(-200.871114700335,70.41219686665,-300.006040232141));
#5970=CARTESIAN_POINT('',(-198.306852561221,67.7449077024492,-299.620412854788));
#5971=CARTESIAN_POINT('',(-198.306852561221,67.7449077024492,-299.620412854788));
#5972=CARTESIAN_POINT('',(-200.354036664573,68.7165133667097,-297.669166766267));
#5973=CARTESIAN_POINT('',(-200.354036664573,68.7165133667097,-297.669166766267));
#5974=CARTESIAN_POINT('Ctrl Pts',(-200.354036664573,68.7165133667097,-297.669166766267));
#5975=CARTESIAN_POINT('Ctrl Pts',(-200.125017435421,68.4598058874238,-297.909787829669));
#5976=CARTESIAN_POINT('Ctrl Pts',(-199.855274433642,68.2445676213255,-298.162415581273));
#5977=CARTESIAN_POINT('Ctrl Pts',(-199.161442525503,67.8610095995774,-298.803674202648));
#5978=CARTESIAN_POINT('Ctrl Pts',(-198.729741237538,67.7449077024492,-299.201958565758));
#5979=CARTESIAN_POINT('Ctrl Pts',(-198.306852561221,67.7449077024492,-299.620412854788));
#5980=CARTESIAN_POINT('Ctrl Pts',(-198.151259465738,67.7449077024492,-299.774017716536));
#5981=CARTESIAN_POINT('Ctrl Pts',(-198.20318318351,67.7449077024492,-299.722876263315));
#5982=CARTESIAN_POINT('Ctrl Pts',(-198.255047595169,67.7449077024492,-299.671674596829));
#5983=CARTESIAN_POINT('Ctrl Pts',(-198.306852561221,67.7449077024492,-299.620412854788));
#5984=CARTESIAN_POINT('Ctrl Pts',(-198.641366221832,68.4108169366319,-300.271621192371));
#5985=CARTESIAN_POINT('Ctrl Pts',(-198.693674636208,68.4108169366319,-300.220100838251));
#5986=CARTESIAN_POINT('Ctrl Pts',(-198.745925060808,68.4118621032877,-300.168521590929));
#5987=CARTESIAN_POINT('Ctrl Pts',(-198.798106867358,68.4139627631374,-300.116873014722));
#5988=CARTESIAN_POINT('Ctrl Pts',(-199.131472977925,69.0767261708146,-300.769224668206));
#5989=CARTESIAN_POINT('Ctrl Pts',(-199.184166088906,69.0767261708146,-300.717325413186));
#5990=CARTESIAN_POINT('Ctrl Pts',(-199.236802526448,69.0788165041263,-300.665368585028));
#5991=CARTESIAN_POINT('Ctrl Pts',(-199.289361173494,69.0830178238256,-300.613333174657));
#5992=CARTESIAN_POINT('Ctrl Pts',(-199.621579734019,69.7426354049974,-301.266828144042));
#5993=CARTESIAN_POINT('Ctrl Pts',(-199.674657541604,69.7426354049974,-301.214549988122));
#5994=CARTESIAN_POINT('Ctrl Pts',(-199.727679992087,69.7457709049649,-301.162215579128));
#5995=CARTESIAN_POINT('Ctrl Pts',(-199.780615479631,69.7520728845138,-301.109793334591));
#5996=CARTESIAN_POINT('',(-198.151259465738,67.7449077024492,-299.774017716536));
#5997=CARTESIAN_POINT('Ctrl Pts',(-198.306852561221,67.7449077024492,-299.620412854788));
#5998=CARTESIAN_POINT('Ctrl Pts',(-198.255047595169,67.7449077024492,-299.671674596829));
#5999=CARTESIAN_POINT('Ctrl Pts',(-198.20318318351,67.7449077024492,-299.722876263315));
#6000=CARTESIAN_POINT('Ctrl Pts',(-198.151259465738,67.7449077024492,-299.774017716536));
#6001=CARTESIAN_POINT('',(-199.621579734019,69.7426354049974,-301.266828144042));
#6002=CARTESIAN_POINT('Ctrl Pts',(-65.7651338221926,67.7449077024492,-299.691567947944));
#6003=CARTESIAN_POINT('Ctrl Pts',(-70.7382459065628,67.7449077024492,-304.601975590186));
#6004=CARTESIAN_POINT('Ctrl Pts',(-87.2908879973191,67.7449077024492,-317.684013726785));
#6005=CARTESIAN_POINT('Ctrl Pts',(-121.12642972744,67.7449077024492,-329.443856144442));
#6006=CARTESIAN_POINT('Ctrl Pts',(-156.724227094677,67.7449077024492,-325.476874592879));
#6007=CARTESIAN_POINT('Ctrl Pts',(-182.116469225507,67.7449077024492,-313.368474417037));
#6008=CARTESIAN_POINT('Ctrl Pts',(-193.172034860921,67.7449077024492,-304.678227066826));
#6009=CARTESIAN_POINT('Ctrl Pts',(-198.151259465738,67.7449077024492,-299.774017716536));
#6010=CARTESIAN_POINT('Ctrl Pts',(-65.2744076339857,68.4108169366319,-300.188560563322));
#6011=CARTESIAN_POINT('Ctrl Pts',(-70.2843649099826,68.4108169366319,-305.135348827491));
#6012=CARTESIAN_POINT('Ctrl Pts',(-86.9596435428909,68.4108169366319,-318.314310217343));
#6013=CARTESIAN_POINT('Ctrl Pts',(-121.045868748004,68.4108169366319,-330.161279898579));
#6014=CARTESIAN_POINT('Ctrl Pts',(-156.907405931122,68.4108169366319,-326.164907455966));
#6015=CARTESIAN_POINT('Ctrl Pts',(-182.487776141768,68.4108169366319,-313.966797593875));
#6016=CARTESIAN_POINT('Ctrl Pts',(-193.625251138457,68.4108169366319,-305.212165242186));
#6017=CARTESIAN_POINT('Ctrl Pts',(-198.641366221832,68.4108169366319,-300.271621192371));
#6018=CARTESIAN_POINT('Ctrl Pts',(-64.7836814457788,69.0767261708147,-300.6855531787));
#6019=CARTESIAN_POINT('Ctrl Pts',(-69.8304839134023,69.0767261708147,-305.668722064796));
#6020=CARTESIAN_POINT('Ctrl Pts',(-86.6283990884628,69.0767261708147,-318.944606707902));
#6021=CARTESIAN_POINT('Ctrl Pts',(-120.965307768569,69.0767261708147,-330.878703652715));
#6022=CARTESIAN_POINT('Ctrl Pts',(-157.090584767567,69.0767261708147,-326.852940319054));
#6023=CARTESIAN_POINT('Ctrl Pts',(-182.859083058029,69.0767261708147,-314.565120770713));
#6024=CARTESIAN_POINT('Ctrl Pts',(-194.078467415992,69.0767261708147,-305.746103417546));
#6025=CARTESIAN_POINT('Ctrl Pts',(-199.131472977925,69.0767261708147,-300.769224668206));
#6026=CARTESIAN_POINT('Ctrl Pts',(-64.2929552575719,69.7426354049974,-301.182545794078));
#6027=CARTESIAN_POINT('Ctrl Pts',(-69.3766029168221,69.7426354049974,-306.202095302101));
#6028=CARTESIAN_POINT('Ctrl Pts',(-86.2971546340346,69.7426354049974,-319.57490319846));
#6029=CARTESIAN_POINT('Ctrl Pts',(-120.884746789134,69.7426354049974,-331.596127406851));
#6030=CARTESIAN_POINT('Ctrl Pts',(-157.273763604011,69.7426354049974,-327.540973182141));
#6031=CARTESIAN_POINT('Ctrl Pts',(-183.230389974289,69.7426354049974,-315.163443947551));
#6032=CARTESIAN_POINT('Ctrl Pts',(-194.531683693527,69.7426354049974,-306.280041592907));
#6033=CARTESIAN_POINT('Ctrl Pts',(-199.621579734019,69.7426354049974,-301.266828144042));
#6034=CARTESIAN_POINT('',(-65.7651338221926,67.7449077024492,-299.691567947944));
#6035=CARTESIAN_POINT('Ctrl Pts',(-198.151259465738,67.7449077024492,-299.774017716536));
#6036=CARTESIAN_POINT('Ctrl Pts',(-193.172034860921,67.7449077024492,-304.678227066826));
#6037=CARTESIAN_POINT('Ctrl Pts',(-182.116469225507,67.7449077024492,-313.368474417037));
#6038=CARTESIAN_POINT('Ctrl Pts',(-156.724227094677,67.7449077024492,-325.476874592879));
#6039=CARTESIAN_POINT('Ctrl Pts',(-121.12642972744,67.7449077024492,-329.443856144442));
#6040=CARTESIAN_POINT('Ctrl Pts',(-87.2908879973191,67.7449077024492,-317.684013726785));
#6041=CARTESIAN_POINT('Ctrl Pts',(-70.7382459065628,67.7449077024492,-304.601975590186));
#6042=CARTESIAN_POINT('Ctrl Pts',(-65.7651338221926,67.7449077024492,-299.691567947944));
#6043=CARTESIAN_POINT('',(-64.2929552575719,69.7426354049974,-301.182545794078));
#6044=CARTESIAN_POINT('Ctrl Pts',(-65.6698863540127,67.7449077024492,-299.597387691306));
#6045=CARTESIAN_POINT('Ctrl Pts',(-65.7016132014066,67.7449077024492,-299.62880366096));
#6046=CARTESIAN_POINT('Ctrl Pts',(-65.7333623681498,67.7449077024492,-299.660197090403));
#6047=CARTESIAN_POINT('Ctrl Pts',(-65.7651338221926,67.7449077024492,-299.691567947944));
#6048=CARTESIAN_POINT('Ctrl Pts',(-65.1784555880738,68.4122602767837,-300.093681426218));
#6049=CARTESIAN_POINT('Ctrl Pts',(-65.2104160282612,68.4112972017387,-300.125331634117));
#6050=CARTESIAN_POINT('Ctrl Pts',(-65.2424007890463,68.4108169366319,-300.156957282856));
#6051=CARTESIAN_POINT('Ctrl Pts',(-65.2744076339857,68.4108169366319,-300.188560563322));
#6052=CARTESIAN_POINT('Ctrl Pts',(-64.6870248221349,69.0796128511183,-300.589975161131));
#6053=CARTESIAN_POINT('Ctrl Pts',(-64.7192188551157,69.0776867010283,-300.621859607274));
#6054=CARTESIAN_POINT('Ctrl Pts',(-64.7514392099428,69.0767261708146,-300.653717475308));
#6055=CARTESIAN_POINT('Ctrl Pts',(-64.7836814457788,69.0767261708146,-300.6855531787));
#6056=CARTESIAN_POINT('Ctrl Pts',(-64.195594056196,69.7469654254529,-301.086268896043));
#6057=CARTESIAN_POINT('Ctrl Pts',(-64.2280216819703,69.7440762003179,-301.11838758043));
#6058=CARTESIAN_POINT('Ctrl Pts',(-64.2604776308393,69.7426354049974,-301.150477667761));
#6059=CARTESIAN_POINT('Ctrl Pts',(-64.2929552575719,69.7426354049974,-301.182545794078));
#6060=CARTESIAN_POINT('',(-65.6698863540127,67.7449077024492,-299.597387691306));
#6061=CARTESIAN_POINT('Ctrl Pts',(-65.7651338221926,67.7449077024492,-299.691567947944));
#6062=CARTESIAN_POINT('Ctrl Pts',(-65.7333623681498,67.7449077024492,-299.660197090403));
#6063=CARTESIAN_POINT('Ctrl Pts',(-65.7016132014066,67.7449077024492,-299.62880366096));
#6064=CARTESIAN_POINT('Ctrl Pts',(-65.6698863540127,67.7449077024492,-299.597387691306));
#6065=CARTESIAN_POINT('',(-64.195594056196,69.7469654254529,-301.086268896043));
#6066=CARTESIAN_POINT('Ctrl Pts',(-63.7575050864211,68.7165133712124,-297.786158277));
#6067=CARTESIAN_POINT('Ctrl Pts',(-63.9614330461098,68.4705647956684,-297.999683372644));
#6068=CARTESIAN_POINT('Ctrl Pts',(-64.2079381172084,68.255016554295,-298.229040592093));
#6069=CARTESIAN_POINT('Ctrl Pts',(-64.6705164943654,67.9784530752331,-298.652963240895));
#6070=CARTESIAN_POINT('Ctrl Pts',(-64.8669217315234,67.8914402655692,-298.831869921121));
#6071=CARTESIAN_POINT('Ctrl Pts',(-65.267972767577,67.7746836700127,-299.206263319547));
#6072=CARTESIAN_POINT('Ctrl Pts',(-65.4701374789129,67.7449077024492,-299.39959606957));
#6073=CARTESIAN_POINT('Ctrl Pts',(-65.6698863540127,67.7449077024492,-299.597387691306));
#6074=CARTESIAN_POINT('Ctrl Pts',(-63.5880153209484,69.2447117959773,-298.568931778104));
#6075=CARTESIAN_POINT('Ctrl Pts',(-63.7613655573329,69.0357815292519,-298.749369934936));
#6076=CARTESIAN_POINT('Ctrl Pts',(-63.9667923533858,68.853692540916,-298.944023828472));
#6077=CARTESIAN_POINT('Ctrl Pts',(-64.3498647471874,68.6188804533358,-299.302009377963));
#6078=CARTESIAN_POINT('Ctrl Pts',(-64.5120279647794,68.5445344422054,-299.452661747729));
#6079=CARTESIAN_POINT('Ctrl Pts',(-64.8438909285031,68.4427315104388,-299.766772107322));
#6080=CARTESIAN_POINT('Ctrl Pts',(-65.0116006983607,68.4152781875933,-299.928488544983));
#6081=CARTESIAN_POINT('Ctrl Pts',(-65.1784555880738,68.4122602767837,-300.093681426218));
#6082=CARTESIAN_POINT('Ctrl Pts',(-63.4185255554757,69.7729102207423,-299.351705279207));
#6083=CARTESIAN_POINT('Ctrl Pts',(-63.5611162553663,69.6010967169134,-299.498988795029));
#6084=CARTESIAN_POINT('Ctrl Pts',(-63.7255978515734,69.4523911815344,-299.658986591111));
#6085=CARTESIAN_POINT('Ctrl Pts',(-64.0292267658416,69.2592976174217,-299.951045488923));
#6086=CARTESIAN_POINT('Ctrl Pts',(-64.1571107551874,69.197626929459,-300.073420567359));
#6087=CARTESIAN_POINT('Ctrl Pts',(-64.4198260246051,69.1107768663526,-300.327287187844));
#6088=CARTESIAN_POINT('Ctrl Pts',(-64.5530977175461,69.0855967534385,-300.457305854536));
#6089=CARTESIAN_POINT('Ctrl Pts',(-64.6870248221349,69.0796128511183,-300.58997516113));
#6090=CARTESIAN_POINT('Ctrl Pts',(-63.2490357900031,70.3011086455073,-300.13447878031));
#6091=CARTESIAN_POINT('Ctrl Pts',(-63.3610487665893,70.1663134504969,-300.24867535732));
#6092=CARTESIAN_POINT('Ctrl Pts',(-63.4844520877508,70.0510671681553,-300.373969827491));
#6093=CARTESIAN_POINT('Ctrl Pts',(-63.7085750186636,69.8997249955244,-300.600091625991));
#6094=CARTESIAN_POINT('Ctrl Pts',(-63.8022169884433,69.8507211060952,-300.694212393968));
#6095=CARTESIAN_POINT('Ctrl Pts',(-63.9957441855312,69.7788247067787,-300.887795975619));
#6096=CARTESIAN_POINT('Ctrl Pts',(-64.0945609369938,69.7559672385826,-300.986198329949));
#6097=CARTESIAN_POINT('Ctrl Pts',(-64.195594056196,69.7469654254529,-301.086268896043));
#6098=CARTESIAN_POINT('',(-63.7575050854594,68.7165133695409,-297.786158275993));
#6099=CARTESIAN_POINT('Ctrl Pts',(-65.6698863540127,67.7449077024492,-299.597387691306));
#6100=CARTESIAN_POINT('Ctrl Pts',(-65.4701374789129,67.7449077024492,-299.39959606957));
#6101=CARTESIAN_POINT('Ctrl Pts',(-65.267972767577,67.7746836700127,-299.206263319547));
#6102=CARTESIAN_POINT('Ctrl Pts',(-64.8669217315234,67.8914402655692,-298.831869921121));
#6103=CARTESIAN_POINT('Ctrl Pts',(-64.6705164943654,67.9784530752331,-298.652963240895));
#6104=CARTESIAN_POINT('Ctrl Pts',(-64.2079381172084,68.255016554295,-298.229040592093));
#6105=CARTESIAN_POINT('Ctrl Pts',(-63.9614330461098,68.4705647956684,-297.999683372644));
#6106=CARTESIAN_POINT('Ctrl Pts',(-63.7575050864211,68.7165133712124,-297.786158277));
#6107=CARTESIAN_POINT('',(-63.2490357900031,70.3011086455073,-300.13447878031));
#6108=CARTESIAN_POINT('Origin',(-123.216346771244,57.7165133667095,-324.689871907034));
#6109=CARTESIAN_POINT('',(-127.608173385621,59.7165133667097,-324.689871907034));
#6110=CARTESIAN_POINT('',(-141.216346771244,64.852750124498,-324.689871907034));
#6111=CARTESIAN_POINT('Ctrl Pts',(-141.216346771244,64.852750124498,-324.689871907034));
#6112=CARTESIAN_POINT('Ctrl Pts',(-140.911183108663,64.8277869665483,-324.689871907034));
#6113=CARTESIAN_POINT('Ctrl Pts',(-140.605422731526,64.8046009862493,-324.689871907034));
#6114=CARTESIAN_POINT('Ctrl Pts',(-137.460337959989,64.5830504391743,-324.689871907034));
#6115=CARTESIAN_POINT('Ctrl Pts',(-134.601590685839,64.5168452342132,-324.689871907034));
#6116=CARTESIAN_POINT('Ctrl Pts',(-129.398409314159,64.5168452342132,-324.689871907034));
#6117=CARTESIAN_POINT('Ctrl Pts',(-126.539662040009,64.5830504391743,-324.689871907034));
#6118=CARTESIAN_POINT('Ctrl Pts',(-123.539089274586,64.794421065408,-324.689871907034));
#6119=CARTESIAN_POINT('Ctrl Pts',(-123.377657486513,64.8062522254136,-324.689871907034));
#6120=CARTESIAN_POINT('Ctrl Pts',(-123.216346771244,64.8185582794989,-324.689871907034));
#6121=CARTESIAN_POINT('Ctrl Pts',(-122.883073440143,64.8439829986867,-324.689871907033));
#6122=CARTESIAN_POINT('Ctrl Pts',(-122.549370433434,64.8715086080184,-324.689871907034));
#6123=CARTESIAN_POINT('Ctrl Pts',(-122.216346771244,64.9013143175523,-324.689871907034));
#6124=CARTESIAN_POINT('',(-141.216346771244,57.7165133667095,-324.689871907034));
#6125=CARTESIAN_POINT('Ctrl Pts',(-204.000000000001,61.7165133667097,-276.448126018412));
#6126=CARTESIAN_POINT('Ctrl Pts',(-204.126931145673,61.7165133667097,-276.369244330283));
#6127=CARTESIAN_POINT('Ctrl Pts',(-204.233461782731,61.720244983575,-276.276390562919));
#6128=CARTESIAN_POINT('Ctrl Pts',(-204.465230910768,61.7333223978758,-276.021121363926));
#6129=CARTESIAN_POINT('Ctrl Pts',(-204.566413921214,61.7455789042199,-275.836883454057));
#6130=CARTESIAN_POINT('Ctrl Pts',(-204.685381413758,61.7623808491613,-275.491073070405));
#6131=CARTESIAN_POINT('Ctrl Pts',(-204.708076085892,61.7669565293627,-275.326929441745));
#6132=CARTESIAN_POINT('Ctrl Pts',(-204.708077645013,61.7669560845293,-275.021722849958));
#6133=CARTESIAN_POINT('Ctrl Pts',(-204.685504802988,61.7624088357439,-274.85804451327));
#6134=CARTESIAN_POINT('Ctrl Pts',(-204.567277924598,61.7456894520689,-274.513267879228));
#6135=CARTESIAN_POINT('Ctrl Pts',(-204.466768642726,61.7334869347696,-274.329607492555));
#6136=CARTESIAN_POINT('Ctrl Pts',(-204.235550685705,61.7203176102714,-274.073634745324));
#6137=CARTESIAN_POINT('Ctrl Pts',(-204.12816350987,61.7165133667097,-273.9797244837));
#6138=CARTESIAN_POINT('Ctrl Pts',(-204.000000000001,61.7165133667097,-273.900076939659));
#6139=CARTESIAN_POINT('Ctrl Pts',(-204.351331361567,62.420630921775,-277.013464987335));
#6140=CARTESIAN_POINT('Ctrl Pts',(-204.511537378073,62.436960980875,-276.913044860322));
#6141=CARTESIAN_POINT('Ctrl Pts',(-204.650130844299,62.459510592961,-276.794310441499));
#6142=CARTESIAN_POINT('Ctrl Pts',(-204.961567221265,62.5234194580423,-276.459644313236));
#6143=CARTESIAN_POINT('Ctrl Pts',(-205.110483265914,62.5710017934459,-276.205134308939));
#6144=CARTESIAN_POINT('Ctrl Pts',(-205.295912871571,62.6393047287815,-275.687368377487));
#6145=CARTESIAN_POINT('Ctrl Pts',(-205.335909616044,62.6582499563663,-275.422397723161));
#6146=CARTESIAN_POINT('Ctrl Pts',(-205.335908397742,62.6582462486715,-274.926536203975));
#6147=CARTESIAN_POINT('Ctrl Pts',(-205.296138800038,62.6394193078098,-274.662304552585));
#6148=CARTESIAN_POINT('Ctrl Pts',(-205.111791360237,62.5714479832093,-274.145885844754));
#6149=CARTESIAN_POINT('Ctrl Pts',(-204.963776495617,62.5240687023847,-273.891999608399));
#6150=CARTESIAN_POINT('Ctrl Pts',(-204.652853157094,62.4599547037746,-273.556218109002));
#6151=CARTESIAN_POINT('Ctrl Pts',(-204.513092535479,62.4371194264872,-273.436133316796));
#6152=CARTESIAN_POINT('Ctrl Pts',(-204.351331361567,62.4206309217749,-273.334737970737));
#6153=CARTESIAN_POINT('Ctrl Pts',(-204.702662723133,63.1247484768402,-277.578803956258));
#6154=CARTESIAN_POINT('Ctrl Pts',(-204.895980631495,63.1572818959227,-277.45628876576));
#6155=CARTESIAN_POINT('Ctrl Pts',(-205.067001792538,63.1989317802628,-277.312641555821));
#6156=CARTESIAN_POINT('Ctrl Pts',(-205.457501012163,63.3132068702874,-276.897296161432));
#6157=CARTESIAN_POINT('Ctrl Pts',(-205.654835865001,63.3967688961295,-276.573169333228));
#6158=CARTESIAN_POINT('Ctrl Pts',(-205.906049605593,63.5157973396867,-275.883759871708));
#6159=CARTESIAN_POINT('Ctrl Pts',(-205.963674000127,63.5494878271594,-275.517395580939));
#6160=CARTESIAN_POINT('Ctrl Pts',(-205.963676464307,63.5494881655217,-274.831818156543));
#6161=CARTESIAN_POINT('Ctrl Pts',(-205.906379046371,63.5159994767564,-274.466464879271));
#6162=CARTESIAN_POINT('Ctrl Pts',(-205.656587361566,63.3975500250348,-273.778722141139));
#6163=CARTESIAN_POINT('Ctrl Pts',(-205.460383451581,63.3143419395089,-273.455249825913));
#6164=CARTESIAN_POINT('Ctrl Pts',(-205.070358965202,63.1997485102603,-273.038393156822));
#6165=CARTESIAN_POINT('Ctrl Pts',(-204.897857809199,63.1575978618566,-272.893103434179));
#6166=CARTESIAN_POINT('Ctrl Pts',(-204.702662723133,63.1247484768402,-272.769399001814));
#6167=CARTESIAN_POINT('Ctrl Pts',(-205.053994084699,63.8288660319055,-278.144142925181));
#6168=CARTESIAN_POINT('Ctrl Pts',(-205.280586863895,63.8777295100881,-278.0000892958));
#6169=CARTESIAN_POINT('Ctrl Pts',(-205.483670854105,63.9381973896487,-277.830561434401));
#6170=CARTESIAN_POINT('Ctrl Pts',(-205.95383732266,64.1033039304539,-277.335819110742));
#6171=CARTESIAN_POINT('Ctrl Pts',(-206.198905209702,64.2221917853555,-276.94142018811));
#6172=CARTESIAN_POINT('Ctrl Pts',(-206.516581063406,64.392721219307,-276.08005517879));
#6173=CARTESIAN_POINT('Ctrl Pts',(-206.591507530279,64.4407812541629,-275.612863862354));
#6174=CARTESIAN_POINT('Ctrl Pts',(-206.591507217035,64.4407783296639,-274.73663151056));
#6175=CARTESIAN_POINT('Ctrl Pts',(-206.51701304342,64.3930099488223,-274.270724918586));
#6176=CARTESIAN_POINT('Ctrl Pts',(-206.201100797204,64.2233085561751,-273.411340106664));
#6177=CARTESIAN_POINT('Ctrl Pts',(-205.957391304473,64.104923707124,-273.017641941756));
#6178=CARTESIAN_POINT('Ctrl Pts',(-205.487661436591,63.9393856037634,-272.5209765205));
#6179=CARTESIAN_POINT('Ctrl Pts',(-205.282786834808,63.8782039216341,-272.349512267275));
#6180=CARTESIAN_POINT('Ctrl Pts',(-205.053994084699,63.8288660319054,-272.204060032891));
#6181=CARTESIAN_POINT('',(-205.053994084699,63.8288660319054,-272.204060032891));
#6182=CARTESIAN_POINT('',(-205.053994084699,63.8288660319054,-272.204060032891));
#6183=CARTESIAN_POINT('',(-205.053994084699,63.8288660319055,-278.144142925181));
#6184=CARTESIAN_POINT('',(-204.000000000001,61.7165133667097,-276.448126018412));
#6185=CARTESIAN_POINT('Ctrl Pts',(-205.053994084699,63.8288660319055,-278.144142925181));
#6186=CARTESIAN_POINT('Ctrl Pts',(-205.280586863895,63.8777295100881,-278.0000892958));
#6187=CARTESIAN_POINT('Ctrl Pts',(-205.483670854105,63.9381973896487,-277.830561434401));
#6188=CARTESIAN_POINT('Ctrl Pts',(-205.95383732266,64.1033039304539,-277.335819110742));
#6189=CARTESIAN_POINT('Ctrl Pts',(-206.198905209702,64.2221917853555,-276.94142018811));
#6190=CARTESIAN_POINT('Ctrl Pts',(-206.516581063406,64.392721219307,-276.08005517879));
#6191=CARTESIAN_POINT('Ctrl Pts',(-206.591507530279,64.4407812541629,-275.612863862354));
#6192=CARTESIAN_POINT('Ctrl Pts',(-206.591507217035,64.4407783296639,-274.73663151056));
#6193=CARTESIAN_POINT('Ctrl Pts',(-206.51701304342,64.3930099488223,-274.270724918586));
#6194=CARTESIAN_POINT('Ctrl Pts',(-206.201100797204,64.2233085561751,-273.411340106664));
#6195=CARTESIAN_POINT('Ctrl Pts',(-205.957391304473,64.104923707124,-273.017641941756));
#6196=CARTESIAN_POINT('Ctrl Pts',(-205.487661436591,63.9393856037634,-272.5209765205));
#6197=CARTESIAN_POINT('Ctrl Pts',(-205.282786834808,63.8782039216341,-272.349512267275));
#6198=CARTESIAN_POINT('Ctrl Pts',(-205.053994084699,63.8288660319054,-272.204060032891));
#6199=CARTESIAN_POINT('Ctrl Pts',(-204.,63.7165133667097,-271.764829045373));
#6200=CARTESIAN_POINT('Ctrl Pts',(-204.372583540707,63.7165133667097,-271.851355268681));
#6201=CARTESIAN_POINT('Ctrl Pts',(-204.731477554368,63.7593171279234,-271.999024034416));
#6202=CARTESIAN_POINT('Ctrl Pts',(-205.0539940847,63.8288660319056,-272.204060032891));
#6203=CARTESIAN_POINT('Ctrl Pts',(-203.849191268823,63.049846700043,-272.414214270832));
#6204=CARTESIAN_POINT('Ctrl Pts',(-204.150806516062,63.049846700043,-272.484259308749));
#6205=CARTESIAN_POINT('Ctrl Pts',(-204.441240962492,63.0783825408522,-272.603866261727));
#6206=CARTESIAN_POINT('Ctrl Pts',(-204.702662723133,63.1247484768403,-272.769399001814));
#6207=CARTESIAN_POINT('Ctrl Pts',(-203.698382537646,62.3831800333763,-273.063599496292));
#6208=CARTESIAN_POINT('Ctrl Pts',(-203.929029491417,62.3831800333763,-273.117163348816));
#6209=CARTESIAN_POINT('Ctrl Pts',(-204.151004370615,62.3974479537809,-273.208708489039));
#6210=CARTESIAN_POINT('Ctrl Pts',(-204.351331361567,62.420630921775,-273.334737970737));
#6211=CARTESIAN_POINT('Ctrl Pts',(-203.547573806469,61.7165133667097,-273.712984721752));
#6212=CARTESIAN_POINT('Ctrl Pts',(-203.707252466772,61.7165133667097,-273.750067388884));
#6213=CARTESIAN_POINT('Ctrl Pts',(-203.860767778738,61.7165133667097,-273.813550716351));
#6214=CARTESIAN_POINT('Ctrl Pts',(-204.000000000001,61.7165133667097,-273.900076939659));
#6215=CARTESIAN_POINT('Ctrl Pts',(-205.0539940847,63.8288660319056,-272.204060032891));
#6216=CARTESIAN_POINT('Ctrl Pts',(-204.731477554368,63.7593171279234,-271.999024034416));
#6217=CARTESIAN_POINT('Ctrl Pts',(-204.372583540707,63.7165133667097,-271.851355268681));
#6218=CARTESIAN_POINT('Ctrl Pts',(-204.,63.7165133667097,-271.764829045373));
#6219=CARTESIAN_POINT('',(-203.547573806469,61.7165133667097,-273.712984721752));
#6220=CARTESIAN_POINT('Ctrl Pts',(-203.888182090795,61.7165133667097,-226.671755285758));
#6221=CARTESIAN_POINT('Ctrl Pts',(-203.925568015781,61.7165133667097,-226.669661803299));
#6222=CARTESIAN_POINT('Ctrl Pts',(-203.962875495168,61.7165133667097,-226.666167771037));
#6223=CARTESIAN_POINT('Ctrl Pts',(-204.,61.7165133667097,-226.661282978632));
#6224=CARTESIAN_POINT('Ctrl Pts',(-203.925454727196,62.3831800333763,-227.337379199857));
#6225=CARTESIAN_POINT('Ctrl Pts',(-203.979456618843,62.3831800333763,-227.334355280749));
#6226=CARTESIAN_POINT('Ctrl Pts',(-204.033345461802,62.3839419281933,-227.329309593661));
#6227=CARTESIAN_POINT('Ctrl Pts',(-204.086968980493,62.3854506611719,-227.322248700229));
#6228=CARTESIAN_POINT('Ctrl Pts',(-203.962727363598,63.049846700043,-228.003003113956));
#6229=CARTESIAN_POINT('Ctrl Pts',(-204.033345221904,63.049846700043,-227.9990487582));
#6230=CARTESIAN_POINT('Ctrl Pts',(-204.103815428436,63.0513704896769,-227.992451416284));
#6231=CARTESIAN_POINT('Ctrl Pts',(-204.173937960987,63.0543879556342,-227.983214421826));
#6232=CARTESIAN_POINT('Ctrl Pts',(-204.,63.7165133667097,-228.668627028054));
#6233=CARTESIAN_POINT('Ctrl Pts',(-204.087233824966,63.7165133667097,-228.66374223565));
#6234=CARTESIAN_POINT('Ctrl Pts',(-204.17428539507,63.7187990511606,-228.655593238908));
#6235=CARTESIAN_POINT('Ctrl Pts',(-204.26090694148,63.7233252500965,-228.644180143422));
#6236=CARTESIAN_POINT('',(-204.,61.7165133667097,-226.661282978632));
#6237=CARTESIAN_POINT('',(-204.26090694148,63.7233252500965,-228.644180143422));
#6238=CARTESIAN_POINT('',(-204.,61.7165133667097,-226.661282978632));
#6239=CARTESIAN_POINT('',(-203.888182090795,61.7165133667097,-226.671755285758));
#6240=CARTESIAN_POINT('Ctrl Pts',(-204.,61.7165133667097,-226.661282978632));
#6241=CARTESIAN_POINT('Ctrl Pts',(-203.962875495168,61.7165133667097,-226.666167771037));
#6242=CARTESIAN_POINT('Ctrl Pts',(-203.925568015781,61.7165133667097,-226.669661803299));
#6243=CARTESIAN_POINT('Ctrl Pts',(-203.888182090795,61.7165133667097,-226.671755285758));
#6244=CARTESIAN_POINT('',(-204.,63.7165133667097,-228.668627028054));
#6245=CARTESIAN_POINT('Ctrl Pts',(-204.,63.7165133667097,-228.668627028054));
#6246=CARTESIAN_POINT('Ctrl Pts',(-204.087233824966,63.7165133667097,-228.66374223565));
#6247=CARTESIAN_POINT('Ctrl Pts',(-204.17428539507,63.7187990511606,-228.655593238908));
#6248=CARTESIAN_POINT('Ctrl Pts',(-204.26090694148,63.7233252500965,-228.644180143422));
#6249=CARTESIAN_POINT('Ctrl Pts',(-204.,61.7165133667097,-226.661282978632));
#6250=CARTESIAN_POINT('Ctrl Pts',(-204.178245127272,61.7165133667097,-226.637829724568));
#6251=CARTESIAN_POINT('Ctrl Pts',(-204.353227720848,61.72369029009,-226.580682484882));
#6252=CARTESIAN_POINT('Ctrl Pts',(-204.73619403251,61.7541464483779,-226.378074350121));
#6253=CARTESIAN_POINT('Ctrl Pts',(-204.910344620554,61.7827909220438,-226.206359166801));
#6254=CARTESIAN_POINT('Ctrl Pts',(-205.138094942282,61.8315538798454,-225.88731244956));
#6255=CARTESIAN_POINT('Ctrl Pts',(-205.209990479791,61.8546053782602,-225.719587510035));
#6256=CARTESIAN_POINT('Ctrl Pts',(-205.290590125626,61.8832628993826,-225.425108321563));
#6257=CARTESIAN_POINT('Ctrl Pts',(-205.304070943544,61.8896920159064,-225.295108624137));
#6258=CARTESIAN_POINT('Ctrl Pts',(-205.304071798942,61.8896919308853,-225.053258783645));
#6259=CARTESIAN_POINT('Ctrl Pts',(-205.290622026593,61.8832802345123,-224.923429411617));
#6260=CARTESIAN_POINT('Ctrl Pts',(-205.210267197075,61.8546972820769,-224.62940301971));
#6261=CARTESIAN_POINT('Ctrl Pts',(-205.138608542079,61.8317060981713,-224.461966323087));
#6262=CARTESIAN_POINT('Ctrl Pts',(-204.911368033925,61.7829672312697,-224.142919612036));
#6263=CARTESIAN_POINT('Ctrl Pts',(-204.737238021861,61.7542667791055,-223.970879082963));
#6264=CARTESIAN_POINT('Ctrl Pts',(-204.353896736791,61.7237188948761,-223.767744334387));
#6265=CARTESIAN_POINT('Ctrl Pts',(-204.178592093339,61.7165133667097,-223.710418886833));
#6266=CARTESIAN_POINT('Ctrl Pts',(-204.,61.7165133667097,-223.68691997944));
#6267=CARTESIAN_POINT('Ctrl Pts',(-204.086968980493,62.3854506611719,-227.322248700229));
#6268=CARTESIAN_POINT('Ctrl Pts',(-204.30520293046,62.3905540753509,-227.293622308675));
#6269=CARTESIAN_POINT('Ctrl Pts',(-204.521568692441,62.4099660013428,-227.228584954748));
#6270=CARTESIAN_POINT('Ctrl Pts',(-205.009360188167,62.484434359287,-226.995510875638));
#6271=CARTESIAN_POINT('Ctrl Pts',(-205.248003110147,62.5520146939923,-226.791561598378));
#6272=CARTESIAN_POINT('Ctrl Pts',(-205.587179086977,62.6766569074533,-226.374072810329));
#6273=CARTESIAN_POINT('Ctrl Pts',(-205.712330589853,62.7412823774515,-226.132318029038));
#6274=CARTESIAN_POINT('Ctrl Pts',(-205.867112040987,62.8316102388619,-225.64788997419));
#6275=CARTESIAN_POINT('Ctrl Pts',(-205.899992196283,62.8556061298078,-225.403750377816));
#6276=CARTESIAN_POINT('Ctrl Pts',(-205.899991607042,62.8556042881028,-224.944764567691));
#6277=CARTESIAN_POINT('Ctrl Pts',(-205.867196862033,62.8316762491969,-224.70093683514));
#6278=CARTESIAN_POINT('Ctrl Pts',(-205.712835073249,62.7415579557488,-224.217105679762));
#6279=CARTESIAN_POINT('Ctrl Pts',(-205.588037046768,62.6770709371789,-223.975645389157));
#6280=CARTESIAN_POINT('Ctrl Pts',(-205.249431155928,62.5524397673031,-223.55794488547));
#6281=CARTESIAN_POINT('Ctrl Pts',(-205.010727161055,62.4847202188538,-223.353566623418));
#6282=CARTESIAN_POINT('Ctrl Pts',(-204.522397031975,62.4100419251286,-223.119870877619));
#6283=CARTESIAN_POINT('Ctrl Pts',(-204.305627511082,62.3905638118407,-223.054636616393));
#6284=CARTESIAN_POINT('Ctrl Pts',(-204.086968980493,62.3854506611719,-223.025954257843));
#6285=CARTESIAN_POINT('Ctrl Pts',(-204.173937960987,63.0543879556342,-227.983214421826));
#6286=CARTESIAN_POINT('Ctrl Pts',(-204.432296646506,63.0648739672986,-227.949077840888));
#6287=CARTESIAN_POINT('Ctrl Pts',(-204.689879984956,63.0962226175584,-227.877056068884));
#6288=CARTESIAN_POINT('Ctrl Pts',(-205.28263707991,63.214886826897,-227.612002335515));
#6289=CARTESIAN_POINT('Ctrl Pts',(-205.586001645278,63.3215252099125,-227.376957756832));
#6290=CARTESIAN_POINT('Ctrl Pts',(-206.03600027707,63.5216117791193,-226.86050175979));
#6291=CARTESIAN_POINT('Ctrl Pts',(-206.215054866785,63.6285289419601,-226.544537861595));
#6292=CARTESIAN_POINT('Ctrl Pts',(-206.443313513828,63.7795077873682,-225.871092965654));
#6293=CARTESIAN_POINT('Ctrl Pts',(-206.495936086725,63.8215723254992,-225.511636385674));
#6294=CARTESIAN_POINT('Ctrl Pts',(-206.495937486155,63.8215727541307,-224.83702389705));
#6295=CARTESIAN_POINT('Ctrl Pts',(-206.443451703881,63.7796231963098,-224.478020257237));
#6296=CARTESIAN_POINT('Ctrl Pts',(-206.215787151912,63.6289880181127,-223.805319478669));
#6297=CARTESIAN_POINT('Ctrl Pts',(-206.037203374038,63.5222878872028,-223.489648875237));
#6298=CARTESIAN_POINT('Ctrl Pts',(-205.587834976323,63.3222000437722,-222.972781412361));
#6299=CARTESIAN_POINT('Ctrl Pts',(-205.284327466026,63.2153382149888,-222.737199532871));
#6300=CARTESIAN_POINT('Ctrl Pts',(-204.690867686354,63.0963462748474,-222.471427889392));
#6301=CARTESIAN_POINT('Ctrl Pts',(-204.432799785338,63.0648945766694,-222.399191322513));
#6302=CARTESIAN_POINT('Ctrl Pts',(-204.173937960987,63.0543879556342,-222.364988536246));
#6303=CARTESIAN_POINT('Ctrl Pts',(-204.26090694148,63.7233252500965,-228.644180143422));
#6304=CARTESIAN_POINT('Ctrl Pts',(-204.559254449694,63.7389146759399,-228.604870424996));
#6305=CARTESIAN_POINT('Ctrl Pts',(-204.858220956548,63.7824983288113,-228.524958538749));
#6306=CARTESIAN_POINT('Ctrl Pts',(-205.555803235568,63.945174737806,-228.229438861032));
#6307=CARTESIAN_POINT('Ctrl Pts',(-205.923660134871,64.0907489818611,-227.962160188409));
#6308=CARTESIAN_POINT('Ctrl Pts',(-206.485084421764,64.3667148067272,-227.34726212056));
#6309=CARTESIAN_POINT('Ctrl Pts',(-206.717394976847,64.5152059411514,-226.957268380598));
#6310=CARTESIAN_POINT('Ctrl Pts',(-207.019835429188,64.7278551268474,-226.093874618282));
#6311=CARTESIAN_POINT('Ctrl Pts',(-207.091857339464,64.7874864394006,-225.620278139352));
#6312=CARTESIAN_POINT('Ctrl Pts',(-207.091857294255,64.7874851113482,-224.728529681096));
#6313=CARTESIAN_POINT('Ctrl Pts',(-207.020026539321,64.7280192109945,-224.25552768076));
#6314=CARTESIAN_POINT('Ctrl Pts',(-206.718355028086,64.5158486917846,-223.393022138721));
#6315=CARTESIAN_POINT('Ctrl Pts',(-206.486631878727,64.3676527262104,-223.003327941307));
#6316=CARTESIAN_POINT('Ctrl Pts',(-205.925898098327,64.0916725798055,-222.387806685794));
#6317=CARTESIAN_POINT('Ctrl Pts',(-205.557816605221,63.945791654737,-222.119887073327));
#6318=CARTESIAN_POINT('Ctrl Pts',(-204.859367981538,63.7826693050998,-221.823554432623));
#6319=CARTESIAN_POINT('Ctrl Pts',(-204.559835203082,63.7389450218004,-221.743409052074));
#6320=CARTESIAN_POINT('Ctrl Pts',(-204.26090694148,63.7233252500965,-221.70402281465));
#6321=CARTESIAN_POINT('',(-204.26090694148,63.7233252500965,-221.70402281465));
#6322=CARTESIAN_POINT('',(-204.,61.7165133667097,-223.68691997944));
#6323=CARTESIAN_POINT('',(-204.26090694148,63.7233252500965,-221.70402281465));
#6324=CARTESIAN_POINT('',(-205.304071371541,61.8896919733644,-225.17409847019));
#6325=CARTESIAN_POINT('Ctrl Pts',(-204.,61.7165133667097,-223.68691997944));
#6326=CARTESIAN_POINT('Ctrl Pts',(-204.178592093339,61.7165133667097,-223.710418886833));
#6327=CARTESIAN_POINT('Ctrl Pts',(-204.353896736791,61.7237188948761,-223.767744334387));
#6328=CARTESIAN_POINT('Ctrl Pts',(-204.737238021861,61.7542667791055,-223.970879082963));
#6329=CARTESIAN_POINT('Ctrl Pts',(-204.911368033925,61.7829672312697,-224.142919612036));
#6330=CARTESIAN_POINT('Ctrl Pts',(-205.138608542079,61.8317060981713,-224.461966323087));
#6331=CARTESIAN_POINT('Ctrl Pts',(-205.210267197075,61.8546972820769,-224.62940301971));
#6332=CARTESIAN_POINT('Ctrl Pts',(-205.290621672137,61.8832801084289,-224.923428114626));
#6333=CARTESIAN_POINT('Ctrl Pts',(-205.304071561625,61.8896918177532,-225.053256492863));
#6334=CARTESIAN_POINT('Ctrl Pts',(-205.304071371541,61.8896919733644,-225.17409847019));
#6335=CARTESIAN_POINT('Ctrl Pts',(-205.304071371533,61.889691973367,-225.17410166852));
#6336=CARTESIAN_POINT('Ctrl Pts',(-205.304070943544,61.8896920159064,-225.295108624137));
#6337=CARTESIAN_POINT('Ctrl Pts',(-205.290590125626,61.8832628993826,-225.425108321563));
#6338=CARTESIAN_POINT('Ctrl Pts',(-205.209990479791,61.8546053782602,-225.719587510035));
#6339=CARTESIAN_POINT('Ctrl Pts',(-205.138094942282,61.8315538798454,-225.88731244956));
#6340=CARTESIAN_POINT('Ctrl Pts',(-204.910344620554,61.7827909220438,-226.206359166801));
#6341=CARTESIAN_POINT('Ctrl Pts',(-204.73619403251,61.7541464483779,-226.378074350121));
#6342=CARTESIAN_POINT('Ctrl Pts',(-204.353227720848,61.72369029009,-226.580682484882));
#6343=CARTESIAN_POINT('Ctrl Pts',(-204.178245127272,61.7165133667097,-226.637829724568));
#6344=CARTESIAN_POINT('Ctrl Pts',(-204.,61.7165133667097,-226.661282978632));
#6345=CARTESIAN_POINT('Ctrl Pts',(-204.26090694148,63.7233252500965,-228.644180143422));
#6346=CARTESIAN_POINT('Ctrl Pts',(-204.559254449694,63.7389146759399,-228.604870424996));
#6347=CARTESIAN_POINT('Ctrl Pts',(-204.858220956548,63.7824983288113,-228.524958538749));
#6348=CARTESIAN_POINT('Ctrl Pts',(-205.555803235568,63.945174737806,-228.229438861032));
#6349=CARTESIAN_POINT('Ctrl Pts',(-205.923660134871,64.0907489818611,-227.962160188409));
#6350=CARTESIAN_POINT('Ctrl Pts',(-206.485084421764,64.3667148067272,-227.34726212056));
#6351=CARTESIAN_POINT('Ctrl Pts',(-206.717394976847,64.5152059411514,-226.957268380598));
#6352=CARTESIAN_POINT('Ctrl Pts',(-207.019835429188,64.7278551268474,-226.093874618282));
#6353=CARTESIAN_POINT('Ctrl Pts',(-207.091857339464,64.7874864394006,-225.620278139352));
#6354=CARTESIAN_POINT('Ctrl Pts',(-207.091857294255,64.7874851113482,-224.728529681096));
#6355=CARTESIAN_POINT('Ctrl Pts',(-207.020026539321,64.7280192109945,-224.25552768076));
#6356=CARTESIAN_POINT('Ctrl Pts',(-206.718355028086,64.5158486917846,-223.393022138721));
#6357=CARTESIAN_POINT('Ctrl Pts',(-206.486631878727,64.3676527262104,-223.003327941307));
#6358=CARTESIAN_POINT('Ctrl Pts',(-205.925898098327,64.0916725798055,-222.387806685794));
#6359=CARTESIAN_POINT('Ctrl Pts',(-205.557816605221,63.945791654737,-222.119887073327));
#6360=CARTESIAN_POINT('Ctrl Pts',(-204.859367981538,63.7826693050998,-221.823554432623));
#6361=CARTESIAN_POINT('Ctrl Pts',(-204.559835203082,63.7389450218004,-221.743409052074));
#6362=CARTESIAN_POINT('Ctrl Pts',(-204.26090694148,63.7233252500965,-221.70402281465));
#6363=CARTESIAN_POINT('Ctrl Pts',(-204.,61.7165133667097,-223.68691997944));
#6364=CARTESIAN_POINT('Ctrl Pts',(-203.962875495168,61.7165133667097,-223.682035187035));
#6365=CARTESIAN_POINT('Ctrl Pts',(-203.925568015781,61.7165133667097,-223.678541154773));
#6366=CARTESIAN_POINT('Ctrl Pts',(-203.888182090795,61.7165133667097,-223.676447672314));
#6367=CARTESIAN_POINT('Ctrl Pts',(-204.086968980493,62.3854506611719,-223.025954257843));
#6368=CARTESIAN_POINT('Ctrl Pts',(-204.033345461802,62.3839419281933,-223.018893364411));
#6369=CARTESIAN_POINT('Ctrl Pts',(-203.979456618843,62.3831800333763,-223.013847677323));
#6370=CARTESIAN_POINT('Ctrl Pts',(-203.925454727196,62.3831800333763,-223.010823758215));
#6371=CARTESIAN_POINT('Ctrl Pts',(-204.173937960987,63.0543879556342,-222.364988536246));
#6372=CARTESIAN_POINT('Ctrl Pts',(-204.103815428436,63.0513704896769,-222.355751541788));
#6373=CARTESIAN_POINT('Ctrl Pts',(-204.033345221904,63.049846700043,-222.349154199872));
#6374=CARTESIAN_POINT('Ctrl Pts',(-203.962727363598,63.049846700043,-222.345199844116));
#6375=CARTESIAN_POINT('Ctrl Pts',(-204.26090694148,63.7233252500965,-221.70402281465));
#6376=CARTESIAN_POINT('Ctrl Pts',(-204.17428539507,63.7187990511606,-221.692609719164));
#6377=CARTESIAN_POINT('Ctrl Pts',(-204.087233824966,63.7165133667097,-221.684460722422));
#6378=CARTESIAN_POINT('Ctrl Pts',(-204.,63.7165133667097,-221.679575930018));
#6379=CARTESIAN_POINT('',(-203.888182090795,61.7165133667097,-223.676447672314));
#6380=CARTESIAN_POINT('',(-203.888182090795,61.7165133667097,-223.676447672314));
#6381=CARTESIAN_POINT('Ctrl Pts',(-203.888182090795,61.7165133667097,-223.676447672314));
#6382=CARTESIAN_POINT('Ctrl Pts',(-203.925568015781,61.7165133667097,-223.678541154773));
#6383=CARTESIAN_POINT('Ctrl Pts',(-203.962875495168,61.7165133667097,-223.682035187035));
#6384=CARTESIAN_POINT('Ctrl Pts',(-204.,61.7165133667097,-223.68691997944));
#6385=CARTESIAN_POINT('Ctrl Pts',(-204.26090694148,63.7233252500965,-221.70402281465));
#6386=CARTESIAN_POINT('Ctrl Pts',(-204.17428539507,63.7187990511606,-221.692609719164));
#6387=CARTESIAN_POINT('Ctrl Pts',(-204.087233824966,63.7165133667097,-221.684460722422));
#6388=CARTESIAN_POINT('Ctrl Pts',(-204.,63.7165133667097,-221.679575930018));
#6389=CARTESIAN_POINT('Ctrl Pts',(-205.0539940847,63.8288660319057,-278.144142925181));
#6390=CARTESIAN_POINT('Ctrl Pts',(-204.731477554369,63.7593171279234,-278.349178923656));
#6391=CARTESIAN_POINT('Ctrl Pts',(-204.372583540707,63.7165133667097,-278.496847689391));
#6392=CARTESIAN_POINT('Ctrl Pts',(-204.,63.7165133667097,-278.583373912699));
#6393=CARTESIAN_POINT('Ctrl Pts',(-204.702662723134,63.1247484768404,-277.578803956258));
#6394=CARTESIAN_POINT('Ctrl Pts',(-204.441240962492,63.0783825408522,-277.744336696345));
#6395=CARTESIAN_POINT('Ctrl Pts',(-204.150806516062,63.049846700043,-277.863943649323));
#6396=CARTESIAN_POINT('Ctrl Pts',(-203.849191268823,63.049846700043,-277.93398868724));
#6397=CARTESIAN_POINT('Ctrl Pts',(-204.351331361567,62.420630921775,-277.013464987335));
#6398=CARTESIAN_POINT('Ctrl Pts',(-204.151004370615,62.3974479537809,-277.139494469033));
#6399=CARTESIAN_POINT('Ctrl Pts',(-203.929029491417,62.3831800333763,-277.231039609256));
#6400=CARTESIAN_POINT('Ctrl Pts',(-203.698382537646,62.3831800333763,-277.28460346178));
#6401=CARTESIAN_POINT('Ctrl Pts',(-204.000000000001,61.7165133667097,-276.448126018412));
#6402=CARTESIAN_POINT('Ctrl Pts',(-203.860767778738,61.7165133667097,-276.534652241721));
#6403=CARTESIAN_POINT('Ctrl Pts',(-203.707252466772,61.7165133667097,-276.598135569188));
#6404=CARTESIAN_POINT('Ctrl Pts',(-203.547573806469,61.7165133667097,-276.63521823632));
#6405=CARTESIAN_POINT('',(-204.,63.7165133667097,-278.583373912699));
#6406=CARTESIAN_POINT('Ctrl Pts',(-204.,63.7165133667097,-278.583373912699));
#6407=CARTESIAN_POINT('Ctrl Pts',(-204.372583540707,63.7165133667097,-278.496847689391));
#6408=CARTESIAN_POINT('Ctrl Pts',(-204.731477554369,63.7593171279234,-278.349178923656));
#6409=CARTESIAN_POINT('Ctrl Pts',(-205.0539940847,63.8288660319057,-278.144142925181));
#6410=CARTESIAN_POINT('Origin',(-75.7917458386784,62.7165133667097,-275.174101479036));
#6411=CARTESIAN_POINT('',(-73.1201058257553,62.8881533796328,-275.174101478065));
#6412=CARTESIAN_POINT('Ctrl Pts',(-78.9382719070469,63.7165133667097,-276.706868160915));
#6413=CARTESIAN_POINT('Ctrl Pts',(-78.9019870756204,63.687072791697,-276.714128989035));
#6414=CARTESIAN_POINT('Ctrl Pts',(-78.865694007815,63.6577907138044,-276.721277019993));
#6415=CARTESIAN_POINT('Ctrl Pts',(-78.2893214622731,63.1955169602822,-276.832884896359));
#6416=CARTESIAN_POINT('Ctrl Pts',(-77.7661514331819,62.8073764250921,-276.912376420863));
#6417=CARTESIAN_POINT('Ctrl Pts',(-76.9220784750193,62.3102666290522,-276.951209901667));
#6418=CARTESIAN_POINT('Ctrl Pts',(-76.6345191278857,62.1607415042781,-276.950684845044));
#6419=CARTESIAN_POINT('Ctrl Pts',(-76.0015796547793,61.9189933659985,-276.889007554125));
#6420=CARTESIAN_POINT('Ctrl Pts',(-75.6579052896754,61.8212234078907,-276.832309127634));
#6421=CARTESIAN_POINT('Ctrl Pts',(-74.8328936155406,61.8212234078907,-276.533575021482));
#6422=CARTESIAN_POINT('Ctrl Pts',(-74.5325928374959,61.9189933659985,-276.35709209454));
#6423=CARTESIAN_POINT('Ctrl Pts',(-74.0069000933047,62.1607415042781,-275.999232340536));
#6424=CARTESIAN_POINT('Ctrl Pts',(-73.7856699803489,62.3102666290522,-275.815526350078));
#6425=CARTESIAN_POINT('Ctrl Pts',(-73.4163213890478,62.6047315348554,-275.477738491599));
#6426=CARTESIAN_POINT('Ctrl Pts',(-73.2654793244864,62.7427798807902,-275.327470431153));
#6427=CARTESIAN_POINT('Ctrl Pts',(-73.1201058257553,62.8881533796328,-275.174101477094));
#6428=CARTESIAN_POINT('Ctrl Pts',(-73.1201058257553,62.8881533796328,-275.174101477094));
#6429=CARTESIAN_POINT('Ctrl Pts',(-72.8913172161258,63.1169419894377,-274.932729631017));
#6430=CARTESIAN_POINT('Ctrl Pts',(-72.6759826729888,63.3638106808477,-274.683701649329));
#6431=CARTESIAN_POINT('Ctrl Pts',(-72.4398604204052,63.6577907138044,-274.394503092787));
#6432=CARTESIAN_POINT('Ctrl Pts',(-72.416557752945,63.6870727916971,-274.365775635424));
#6433=CARTESIAN_POINT('Ctrl Pts',(-72.3933336305764,63.7165133667097,-274.336966804194));
#6434=CARTESIAN_POINT('',(-74.2917458386784,61.7165133667097,-275.174101479036));
#6435=CARTESIAN_POINT('',(-73.2917458386784,62.7165133667097,-275.174101479036));
#6436=CARTESIAN_POINT('Origin',(-75.7917458386784,61.7165133667097,-275.174101479036));
#6437=CARTESIAN_POINT('Origin',(-72.6562676210063,62.7165133667097,-283.833327460607));
#6438=CARTESIAN_POINT('',(-81.1562676210063,62.7165133667097,-283.833327460607));
#6439=CARTESIAN_POINT('Origin',(-188.208254161322,62.7165133667097,-275.174101479036));
#6440=CARTESIAN_POINT('',(-190.879894174245,62.8881533796328,-275.174101478065));
#6441=CARTESIAN_POINT('Ctrl Pts',(-191.606666369423,63.7165133667097,-274.336966804194));
#6442=CARTESIAN_POINT('Ctrl Pts',(-191.583442247055,63.687072791697,-274.365775635424));
#6443=CARTESIAN_POINT('Ctrl Pts',(-191.560139579595,63.6577907138044,-274.394503092787));
#6444=CARTESIAN_POINT('Ctrl Pts',(-191.324017327011,63.3638106808476,-274.683701649329));
#6445=CARTESIAN_POINT('Ctrl Pts',(-191.108682783874,63.1169419894377,-274.932729631017));
#6446=CARTESIAN_POINT('Ctrl Pts',(-190.879894174245,62.8881533796327,-275.174101477094));
#6447=CARTESIAN_POINT('Ctrl Pts',(-190.879894174245,62.8881533796327,-275.174101477094));
#6448=CARTESIAN_POINT('Ctrl Pts',(-190.734520675514,62.7427798807902,-275.327470431153));
#6449=CARTESIAN_POINT('Ctrl Pts',(-190.583678610952,62.6047315348554,-275.477738491599));
#6450=CARTESIAN_POINT('Ctrl Pts',(-190.214330019651,62.3102666290522,-275.815526350078));
#6451=CARTESIAN_POINT('Ctrl Pts',(-189.993099906695,62.1607415042781,-275.999232340536));
#6452=CARTESIAN_POINT('Ctrl Pts',(-189.467407162504,61.9189933659984,-276.35709209454));
#6453=CARTESIAN_POINT('Ctrl Pts',(-189.167106384459,61.8212234078907,-276.533575021482));
#6454=CARTESIAN_POINT('Ctrl Pts',(-188.342094710324,61.8212234078907,-276.832309127634));
#6455=CARTESIAN_POINT('Ctrl Pts',(-187.998420345221,61.9189933659985,-276.889007554125));
#6456=CARTESIAN_POINT('Ctrl Pts',(-187.365480872114,62.1607415042782,-276.950684845044));
#6457=CARTESIAN_POINT('Ctrl Pts',(-187.077921524981,62.3102666290522,-276.951209901667));
#6458=CARTESIAN_POINT('Ctrl Pts',(-186.233848566818,62.8073764250921,-276.912376420863));
#6459=CARTESIAN_POINT('Ctrl Pts',(-185.710678537727,63.1955169602823,-276.832884896359));
#6460=CARTESIAN_POINT('Ctrl Pts',(-185.134305992185,63.6577907138044,-276.721277019993));
#6461=CARTESIAN_POINT('Ctrl Pts',(-185.09801292438,63.687072791697,-276.714128989035));
#6462=CARTESIAN_POINT('Ctrl Pts',(-185.061728092953,63.7165133667097,-276.706868160915));
#6463=CARTESIAN_POINT('',(-189.708254161322,61.7165133667097,-275.174101479036));
#6464=CARTESIAN_POINT('',(-190.708254161322,62.7165133667097,-275.174101479036));
#6465=CARTESIAN_POINT('Origin',(-188.208254161322,61.7165133667097,-275.174101479036));
#6466=CARTESIAN_POINT('Origin',(-191.343732378994,62.7165133667097,-283.833327460607));
#6467=CARTESIAN_POINT('',(-182.843732378994,62.7165133667097,-283.833327460607));
#6468=CARTESIAN_POINT('Origin',(-83.3046315240617,63.2165133667097,-266.210627926795));
#6469=CARTESIAN_POINT('',(-85.8407838187298,63.7165133667097,-265.637974857083));
#6470=CARTESIAN_POINT('',(-81.7439224196506,62.7165133667097,-266.563029815848));
#6471=CARTESIAN_POINT('Origin',(-132.649305115849,63.2165133667097,-255.068797499001));
#6472=CARTESIAN_POINT('',(-181.869057064939,62.7165133667097,-272.41501847275));
#6473=CARTESIAN_POINT('Origin',(-180.360027745932,63.2165133667097,-271.883200351228));
#6474=CARTESIAN_POINT('',(-178.850998426926,62.7165133667097,-271.351382229706));
#6475=CARTESIAN_POINT('Origin',(-132.649305115849,63.2165133667097,-255.068797499001));
#6476=CARTESIAN_POINT('Origin',(-188.804318658891,62.7165133667097,-225.174101479036));
#6477=CARTESIAN_POINT('',(-190.304318658891,61.7165133667097,-225.174101479036));
#6478=CARTESIAN_POINT('',(-191.304318658891,62.7165133667097,-225.174101479036));
#6479=CARTESIAN_POINT('Origin',(-188.804318658891,61.7165133667097,-225.174101479036));
#6480=CARTESIAN_POINT('Origin',(-60.7917458386784,62.7165133667097,-275.174101479036));
#6481=CARTESIAN_POINT('Origin',(-60.1956813411087,62.7165133667097,-225.174101479036));
#6482=CARTESIAN_POINT('Origin',(-60.1956813411087,61.7165133667097,-225.174101479036));
#6483=CARTESIAN_POINT('Origin',(-75.1956813411087,62.7165133667097,-225.174101479036));
#6484=CARTESIAN_POINT('',(-78.2390787652709,63.6057144555821,-226.665549144701));
#6485=CARTESIAN_POINT('Ctrl Pts',(-78.2390787652709,63.7165133667086,-223.445595731694));
#6486=CARTESIAN_POINT('Ctrl Pts',(-78.2390787652709,62.9086246276867,-225.081465667865));
#6487=CARTESIAN_POINT('Ctrl Pts',(-78.2390787652709,63.605714455582,-226.665549144701));
#6488=CARTESIAN_POINT('',(-73.6956813411087,61.7165133667097,-225.174101479036));
#6489=CARTESIAN_POINT('',(-72.6956813411087,62.7165133667097,-225.174101479036));
#6490=CARTESIAN_POINT('Origin',(-75.1956813411087,61.7165133667097,-225.174101479036));
#6491=CARTESIAN_POINT('Ctrl Pts',(-78.2434625429564,63.7165133667097,-226.894865770176));
#6492=CARTESIAN_POINT('Ctrl Pts',(-78.2423773467478,63.7016188434957,-226.866492685672));
#6493=CARTESIAN_POINT('Ctrl Pts',(-78.2414883001834,63.6870736318706,-226.837973306672));
#6494=CARTESIAN_POINT('Ctrl Pts',(-78.2396614098246,63.649404612127,-226.761753491124));
#6495=CARTESIAN_POINT('Ctrl Pts',(-78.2390787652709,63.6269527346795,-226.71381151441));
#6496=CARTESIAN_POINT('Ctrl Pts',(-78.2390787652709,63.6057144555819,-226.6655491447));
#6497=CARTESIAN_POINT('Origin',(-84.2390787652709,68.7165133667096,-226.665549144703));
#6498=CARTESIAN_POINT('',(-84.2390787652709,68.7165133667096,-232.665549144703));
#6499=CARTESIAN_POINT('',(-84.2390787652709,68.7165133667096,-232.665549144703));
#6500=CARTESIAN_POINT('',(-78.2390787652709,68.7165133667096,-226.665549144703));
#6501=CARTESIAN_POINT('Origin',(-84.2390787652709,68.7165133667096,-226.665549144703));
#6502=CARTESIAN_POINT('',(-78.2390787652709,68.7165133667096,-226.665549144703));
#6503=CARTESIAN_POINT('Origin',(-89.8890097921205,68.7165133667096,-232.665549144703));
#6504=CARTESIAN_POINT('',(-89.8890097921205,68.7165133667096,-232.665549144703));
#6505=CARTESIAN_POINT('',(-89.8890097921205,68.7165133667096,-232.665549144703));
#6506=CARTESIAN_POINT('',(-84.2390787652709,68.7165133667096,-232.665549144703));
#6507=CARTESIAN_POINT('Origin',(-45.9999999999999,62.7165133667096,-197.084587427276));
#6508=CARTESIAN_POINT('Origin',(-45.9999999999999,65.7165133667096,-197.084587427276));
#6509=CARTESIAN_POINT('Origin',(-45.9999999999999,68.7165133667096,-197.084587427276));
#6510=CARTESIAN_POINT('',(-82.9038618951944,62.7165133667097,-239.867235714756));
#6511=CARTESIAN_POINT('Origin',(-88.9827571693535,62.7165133667097,-246.914499202501));
#6512=CARTESIAN_POINT('Origin',(-209.621637267511,62.7165133667097,-302.888362809226));
#6513=CARTESIAN_POINT('',(-179.911216766123,62.7165133667097,-254.830679618807));
#6514=CARTESIAN_POINT('Origin',(-175.017242830646,62.7165133667097,-246.914499202501));
#6515=CARTESIAN_POINT('',(-181.096138204629,62.7165133667097,-239.867235599031));
#6516=CARTESIAN_POINT('Origin',(-203.804318658891,62.7165133667097,-225.174101479036));
#6517=CARTESIAN_POINT('Origin',(-203.804318658891,61.7165133667097,-225.174101479036));
#6518=CARTESIAN_POINT('Origin',(-203.208254161322,62.7165133667097,-275.174101479036));
#6519=CARTESIAN_POINT('Origin',(-141.216346771244,57.7165133667095,-324.689871907034));
#6520=CARTESIAN_POINT('Ctrl Pts',(-141.216346771244,63.7165133667097,-321.499910704129));
#6521=CARTESIAN_POINT('Ctrl Pts',(-141.216346771244,63.7165133667097,-321.810584394518));
#6522=CARTESIAN_POINT('Ctrl Pts',(-141.216346771244,63.7470465192997,-322.149899953282));
#6523=CARTESIAN_POINT('Ctrl Pts',(-141.216346771244,63.8787895187413,-322.814512381614));
#6524=CARTESIAN_POINT('Ctrl Pts',(-141.216346771244,63.9800042286926,-323.139808287183));
#6525=CARTESIAN_POINT('Ctrl Pts',(-141.216346771244,64.216843930402,-323.713272721917));
#6526=CARTESIAN_POINT('Ctrl Pts',(-141.216346771244,64.3741333724877,-324.014364490035));
#6527=CARTESIAN_POINT('Ctrl Pts',(-141.216346771244,64.6525736892504,-324.432463450104));
#6528=CARTESIAN_POINT('Ctrl Pts',(-141.216346771244,64.7506191451139,-324.564906690311));
#6529=CARTESIAN_POINT('Ctrl Pts',(-141.216346771244,64.852750124498,-324.689871907034));
#6530=CARTESIAN_POINT('Origin',(-177.239078765271,68.7165133667096,-226.665549144703));
#6531=CARTESIAN_POINT('',(-183.239078765271,68.7165133667096,-226.665549144703));
#6532=CARTESIAN_POINT('',(-183.239078765271,68.7165133667096,-226.665549144703));
#6533=CARTESIAN_POINT('',(-177.239078765271,68.7165133667096,-232.665549144703));
#6534=CARTESIAN_POINT('Origin',(-177.239078765271,68.7165133667096,-226.665549144703));
#6535=CARTESIAN_POINT('',(-177.239078765271,68.7165133667096,-232.665549144703));
#6536=CARTESIAN_POINT('Origin',(-177.239078765271,68.7165133667096,-232.665549144703));
#6537=CARTESIAN_POINT('',(-174.110990404624,68.7165133667096,-232.665549144703));
#6538=CARTESIAN_POINT('',(-84.2390787652709,68.7165133667096,-232.665549144703));
#6539=CARTESIAN_POINT('',(-174.110990404624,68.7165133667096,-232.665549144703));
#6540=CARTESIAN_POINT('Origin',(-171.840158865443,68.7165133667096,-229.665549144703));
#6541=CARTESIAN_POINT('',(-171.840158865443,66.7165133667096,-229.665549144703));
#6542=CARTESIAN_POINT('',(-177.239078765271,66.7165133667096,-229.665549144703));
#6543=CARTESIAN_POINT('',(-151.920079432721,66.7165133667096,-229.665549144703));
#6544=CARTESIAN_POINT('',(-171.840158865443,68.7165133667096,-229.665549144703));
#6545=CARTESIAN_POINT('',(-171.840158865443,68.7165133667096,-229.665549144703));
#6546=CARTESIAN_POINT('',(-177.239078765271,68.7165133667096,-229.665549144703));
#6547=CARTESIAN_POINT('',(-84.2390787652709,68.7165133667096,-229.665549144703));
#6548=CARTESIAN_POINT('',(-177.239078765271,68.7165133667096,-229.665549144703));
#6549=CARTESIAN_POINT('Origin',(-177.239078765271,68.7165133667096,-226.665549144703));
#6550=CARTESIAN_POINT('',(-180.239078765271,66.7165133667096,-226.665549144703));
#6551=CARTESIAN_POINT('Origin',(-177.239078765271,66.7165133667096,-226.665549144703));
#6552=CARTESIAN_POINT('',(-180.239078765271,68.7165133667096,-226.665549144703));
#6553=CARTESIAN_POINT('Origin',(-177.239078765271,68.7165133667096,-226.665549144703));
#6554=CARTESIAN_POINT('',(-180.239078765271,68.7165133667096,-226.665549144703));
#6555=CARTESIAN_POINT('Origin',(-177.239078765271,66.7165133667096,-226.665549144703));
#6556=CARTESIAN_POINT('',(-177.239078765271,65.7165133667097,-228.665549144703));
#6557=CARTESIAN_POINT('Origin',(-177.239078765271,66.7165133667096,-228.665549144703));
#6558=CARTESIAN_POINT('',(-179.239078765271,65.7165133667096,-226.665549144703));
#6559=CARTESIAN_POINT('Origin',(-179.239078765271,66.7165133667096,-226.665549144703));
#6560=CARTESIAN_POINT('Origin',(-177.239078765271,65.7165133667097,-226.665549144703));
#6561=CARTESIAN_POINT('Origin',(-151.920079432721,66.7165133667096,-228.665549144703));
#6562=CARTESIAN_POINT('',(-171.150316361768,65.7165133667097,-228.665549144703));
#6563=CARTESIAN_POINT('Ctrl Pts',(-171.150316361768,65.7165133667097,-228.665549144703));
#6564=CARTESIAN_POINT('Ctrl Pts',(-171.236385796115,65.7165133667097,-228.793231316201));
#6565=CARTESIAN_POINT('Ctrl Pts',(-171.329667399418,65.7422541592421,-228.930373437915));
#6566=CARTESIAN_POINT('Ctrl Pts',(-171.505122135572,65.8513838457452,-229.185994936058));
#6567=CARTESIAN_POINT('Ctrl Pts',(-171.587273152804,65.9347730893077,-229.304489342368));
#6568=CARTESIAN_POINT('Ctrl Pts',(-171.706603082797,66.1194794421709,-229.475637356809));
#6569=CARTESIAN_POINT('Ctrl Pts',(-171.755744175385,66.2250097928689,-229.545674591659));
#6570=CARTESIAN_POINT('Ctrl Pts',(-171.822612909705,66.4611264371121,-229.640728140654));
#6571=CARTESIAN_POINT('Ctrl Pts',(-171.840158865443,66.591842717331,-229.665549144703));
#6572=CARTESIAN_POINT('Ctrl Pts',(-171.840158865443,66.7165133667096,-229.665549144703));
#6573=CARTESIAN_POINT('',(-151.920079432721,65.7165133667097,-228.665549144703));
#6574=CARTESIAN_POINT('Origin',(-218.,62.7165133667096,-197.084587427276));
#6575=CARTESIAN_POINT('Origin',(-218.,68.7165133667096,-197.084587427276));
#6576=CARTESIAN_POINT('',(-161.50001512926,65.7165133667097,-197.125934810834));
#6577=CARTESIAN_POINT('Origin',(-218.,65.7165133667096,-197.084587427276));
#6578=CARTESIAN_POINT('',(-161.50001512926,62.7165133667097,-197.125934810834));
#6579=CARTESIAN_POINT('Origin',(-217.803736346429,62.7165133667096,-201.83135295255));
#6580=CARTESIAN_POINT('',(-162.556391884443,65.7165133667096,-190.));
#6581=CARTESIAN_POINT('',(-162.556391884443,62.7165133667096,-190.));
#6582=CARTESIAN_POINT('Origin',(-217.803736346429,65.7165133667096,-201.83135295255));
#6583=CARTESIAN_POINT('Origin',(-173.889882227337,65.7165133667097,-223.665549144703));
#6584=CARTESIAN_POINT('',(-173.889882227337,65.7165133667097,-223.665549144703));
#6585=CARTESIAN_POINT('',(-173.889882227337,65.7165133667097,-223.665549144703));
#6586=CARTESIAN_POINT('',(-176.760921234729,65.7165133667097,-223.665549144703));
#6587=CARTESIAN_POINT('',(-152.944941113668,65.7165133667097,-223.665549144703));
#6588=CARTESIAN_POINT('',(-176.760921234729,65.7165133667097,-223.665549144703));
#6589=CARTESIAN_POINT('Origin',(-218.,65.7165133667096,-197.084587427276));
#6590=CARTESIAN_POINT('',(-166.500597484518,65.7165133667096,-197.332692828082));
#6591=CARTESIAN_POINT('',(-166.500597484518,65.7165133667096,-197.332692828082));
#6592=CARTESIAN_POINT('Origin',(-218.,65.7165133667096,-197.084587427276));
#6593=CARTESIAN_POINT('Origin',(-217.803736346429,65.7165133667096,-201.83135295255));
#6594=CARTESIAN_POINT('',(-167.681195635565,65.7165133667096,-190.));
#6595=CARTESIAN_POINT('',(-167.681195635565,65.7165133667096,-190.));
#6596=CARTESIAN_POINT('Origin',(-217.803736346429,65.7165133667096,-201.83135295255));
#6597=CARTESIAN_POINT('Origin',(-132.000000000023,71.2163389839805,-190.));
#6598=CARTESIAN_POINT('',(-158.5,66.9664261753451,-190.));
#6599=CARTESIAN_POINT('',(-132.000000000012,65.7165133667096,-190.));
#6600=CARTESIAN_POINT('Origin',(-158.5,62.7165133667096,-114.));
#6601=CARTESIAN_POINT('Origin',(-132.000000000023,71.2163389839805,-190.));
#6602=CARTESIAN_POINT('',(-96.3188043644347,65.7165133667096,-190.));
#6603=CARTESIAN_POINT('',(-96.3188043644347,65.7165133667096,-190.));
#6604=CARTESIAN_POINT('',(-132.000000000012,65.7165133667096,-190.));
#6605=CARTESIAN_POINT('Origin',(-46.1962636535711,65.7165133667096,-201.83135295255));
#6606=CARTESIAN_POINT('',(-97.4994025154821,65.7165133667096,-197.332692828082));
#6607=CARTESIAN_POINT('',(-97.4994025154821,65.7165133667096,-197.332692828082));
#6608=CARTESIAN_POINT('Origin',(-46.1962636535711,65.7165133667096,-201.83135295255));
#6609=CARTESIAN_POINT('Origin',(-45.9999999999999,65.7165133667096,-197.084587427276));
#6610=CARTESIAN_POINT('',(-90.1101177726633,65.7165133667097,-223.665549144703));
#6611=CARTESIAN_POINT('',(-90.1101177726633,65.7165133667097,-223.665549144703));
#6612=CARTESIAN_POINT('Origin',(-45.9999999999999,65.7165133667096,-197.084587427276));
#6613=CARTESIAN_POINT('Origin',(-90.1101177726633,65.7165133667097,-223.665549144703));
#6614=CARTESIAN_POINT('',(-87.2390787652709,65.7165133667097,-223.665549144703));
#6615=CARTESIAN_POINT('',(-87.2390787652709,65.7165133667097,-223.665549144703));
#6616=CARTESIAN_POINT('',(-111.055058886332,65.7165133667097,-223.665549144703));
#6617=CARTESIAN_POINT('Origin',(-127.608173385621,58.7165133667097,-325.689871907034));
#6618=CARTESIAN_POINT('Origin',(-180.360027745932,58.7165133667097,-271.883200351228));
#6619=CARTESIAN_POINT('',(-181.869057064939,59.7165133667097,-272.41501847275));
#6620=CARTESIAN_POINT('Origin',(-132.649305115849,58.7165133667097,-255.068797499001));
#6621=CARTESIAN_POINT('',(-81.7439224196506,59.7165133667097,-266.563029815848));
#6622=CARTESIAN_POINT('Origin',(-83.3046315240617,58.7165133667097,-266.210627926795));
#6623=CARTESIAN_POINT('Origin',(-175.017242830646,62.7165133667097,-246.914499202501));
#6624=CARTESIAN_POINT('',(-173.017242830646,62.7165133667097,-246.914499202501));
#6625=CARTESIAN_POINT('Origin',(-88.9827571693535,62.7165133667097,-246.914499202501));
#6626=CARTESIAN_POINT('',(-86.9827571693535,62.7165133667097,-246.914499202501));
#6627=CARTESIAN_POINT('Origin',(-75.1956813411087,63.7165133667096,-225.174101479036));
#6628=CARTESIAN_POINT('',(-73.6956813411087,63.7165133667096,-225.174101479036));
#6629=CARTESIAN_POINT('Origin',(-60.1956813411087,63.7165133667096,-225.174101479036));
#6630=CARTESIAN_POINT('',(-58.6956813411087,63.7165133667096,-225.174101479036));
#6631=CARTESIAN_POINT('Origin',(-188.804318658891,63.7165133667096,-225.174101479036));
#6632=CARTESIAN_POINT('',(-190.304318658891,63.7165133667096,-225.174101479036));
#6633=CARTESIAN_POINT('Origin',(-203.804318658891,63.7165133667096,-225.174101479036));
#6634=CARTESIAN_POINT('',(-205.304318658891,63.7165133667096,-225.174101479036));
#6635=CARTESIAN_POINT('Origin',(-188.208254161322,63.7165133667097,-275.174101479036));
#6636=CARTESIAN_POINT('',(-189.708254161322,63.7165133667097,-275.174101479036));
#6637=CARTESIAN_POINT('Origin',(-75.7917458386784,63.7165133667097,-275.174101479036));
#6638=CARTESIAN_POINT('',(-74.2917458386784,63.7165133667097,-275.174101479036));
#6639=CARTESIAN_POINT('Origin',(-216.244712466008,84.7165133667095,-212.67378516849));
#6640=CARTESIAN_POINT('Ctrl Pts',(-59.346457580003,67.7426354049974,-307.035614480539));
#6641=CARTESIAN_POINT('Ctrl Pts',(-59.3255188449705,67.7426354049974,-307.018957326075));
#6642=CARTESIAN_POINT('Ctrl Pts',(-59.3045858383746,67.7426354049974,-307.002292970728));
#6643=CARTESIAN_POINT('Ctrl Pts',(-59.2836585651667,67.7426354049974,-306.98562141844));
#6644=CARTESIAN_POINT('Ctrl Pts',(-59.7614937774237,68.4093020716641,-306.513896741455));
#6645=CARTESIAN_POINT('Ctrl Pts',(-59.7406746557326,68.4093020716641,-306.497334741636));
#6646=CARTESIAN_POINT('Ctrl Pts',(-59.7198612515254,68.4094265679431,-306.480765554779));
#6647=CARTESIAN_POINT('Ctrl Pts',(-59.6990534391883,68.4096756602661,-306.464189348548));
#6648=CARTESIAN_POINT('Ctrl Pts',(-60.1765299748445,69.0759687383307,-305.992179002371));
#6649=CARTESIAN_POINT('Ctrl Pts',(-60.1558304664946,69.0759687383307,-305.975712157197));
#6650=CARTESIAN_POINT('Ctrl Pts',(-60.1351366646763,69.0762177308888,-305.95923813883));
#6651=CARTESIAN_POINT('Ctrl Pts',(-60.1144483132099,69.0767159155347,-305.942757278655));
#6652=CARTESIAN_POINT('Ctrl Pts',(-60.5915661722652,69.7426354049974,-305.470461263287));
#6653=CARTESIAN_POINT('Ctrl Pts',(-60.5709862772566,69.7426354049974,-305.454089572758));
#6654=CARTESIAN_POINT('Ctrl Pts',(-60.5504120778271,69.7430088938345,-305.437710722882));
#6655=CARTESIAN_POINT('Ctrl Pts',(-60.5298431872314,69.7437561708034,-305.421325208762));
#6656=CARTESIAN_POINT('',(-59.2836585651667,67.7426354049974,-306.98562141844));
#6657=CARTESIAN_POINT('',(-60.5915661722652,69.7426354049974,-305.470461263287));
#6658=CARTESIAN_POINT('Origin',(-132.,68.7426354049974,-215.707093924094));
#6659=CARTESIAN_POINT('',(-203.122859247894,69.7426354049974,-305.696901292513));
#6660=CARTESIAN_POINT('Ctrl Pts',(-204.362988437248,77.7426354049974,-307.266002816861));
#6661=CARTESIAN_POINT('Ctrl Pts',(-204.949831035061,77.7426354049974,-306.802195584626));
#6662=CARTESIAN_POINT('Ctrl Pts',(-206.704468262662,77.2499568008157,-305.386878206265));
#6663=CARTESIAN_POINT('Ctrl Pts',(-208.655916051521,74.0162249052082,-303.702466366978));
#6664=CARTESIAN_POINT('Ctrl Pts',(-207.960637947257,69.9894379440526,-304.311912784456));
#6665=CARTESIAN_POINT('Ctrl Pts',(-206.109812448466,68.0878554095735,-305.867324533125));
#6666=CARTESIAN_POINT('Ctrl Pts',(-204.949831035061,67.7426354049974,-306.802195584626));
#6667=CARTESIAN_POINT('Ctrl Pts',(-204.362988437248,67.7426354049974,-307.266002816861));
#6668=CARTESIAN_POINT('Ctrl Pts',(-203.949612040796,77.0759687383308,-306.742968975412));
#6669=CARTESIAN_POINT('Ctrl Pts',(-204.456197542151,77.0759687383308,-306.342592417627));
#6670=CARTESIAN_POINT('Ctrl Pts',(-205.971947107624,76.6489817253528,-305.122228456449));
#6671=CARTESIAN_POINT('Ctrl Pts',(-207.662159536448,73.8464201973906,-303.674886273764));
#6672=CARTESIAN_POINT('Ctrl Pts',(-207.059574151981,70.356523281142,-304.198164905547));
#6673=CARTESIAN_POINT('Ctrl Pts',(-205.458225811635,68.70849439772,-305.536454572361));
#6674=CARTESIAN_POINT('Ctrl Pts',(-204.456197542151,68.4093020716641,-306.342592417627));
#6675=CARTESIAN_POINT('Ctrl Pts',(-203.949612040797,68.409302071664,-306.742968975412));
#6676=CARTESIAN_POINT('Ctrl Pts',(-203.536235644345,76.4093020716641,-306.219935133962));
#6677=CARTESIAN_POINT('Ctrl Pts',(-203.962564049242,76.4093020716641,-305.882989250628));
#6678=CARTESIAN_POINT('Ctrl Pts',(-205.239425952586,76.0480066498899,-304.857578706634));
#6679=CARTESIAN_POINT('Ctrl Pts',(-206.668403021375,73.6766154895729,-303.64730618055));
#6680=CARTESIAN_POINT('Ctrl Pts',(-206.158510356705,70.7236086182315,-304.084417026638));
#6681=CARTESIAN_POINT('Ctrl Pts',(-204.806639174804,69.3291333858665,-305.205584611596));
#6682=CARTESIAN_POINT('Ctrl Pts',(-203.962564049242,69.0759687383307,-305.882989250628));
#6683=CARTESIAN_POINT('Ctrl Pts',(-203.536235644345,69.0759687383307,-306.219935133962));
#6684=CARTESIAN_POINT('Ctrl Pts',(-203.122859247894,75.7426354049974,-305.696901292513));
#6685=CARTESIAN_POINT('Ctrl Pts',(-203.468930556332,75.7426354049974,-305.423386083629));
#6686=CARTESIAN_POINT('Ctrl Pts',(-204.506904797548,75.4470315744271,-304.592928956818));
#6687=CARTESIAN_POINT('Ctrl Pts',(-205.674646506302,73.5068107817553,-303.619726087337));
#6688=CARTESIAN_POINT('Ctrl Pts',(-205.25744656143,71.0906939553209,-303.970669147729));
#6689=CARTESIAN_POINT('Ctrl Pts',(-204.155052537972,69.949772374013,-304.874714650831));
#6690=CARTESIAN_POINT('Ctrl Pts',(-203.468930556332,69.7426354049974,-305.423386083629));
#6691=CARTESIAN_POINT('Ctrl Pts',(-203.122859247894,69.7426354049974,-305.696901292513));
#6692=CARTESIAN_POINT('',(-204.362988437248,77.7426354049974,-307.266002816861));
#6693=CARTESIAN_POINT('Origin',(-132.,76.7426354049974,-215.707093924094));
#6694=CARTESIAN_POINT('',(-59.346457580003,77.7426354049974,-307.035614480539));
#6695=CARTESIAN_POINT('Ctrl Pts',(-59.2836585651666,77.7426354049974,-306.98562141844));
#6696=CARTESIAN_POINT('Ctrl Pts',(-59.3045858383745,77.7426354049974,-307.002292970728));
#6697=CARTESIAN_POINT('Ctrl Pts',(-59.3255188449705,77.7426354049974,-307.018957326075));
#6698=CARTESIAN_POINT('Ctrl Pts',(-59.346457580003,77.7426354049974,-307.035614480539));
#6699=CARTESIAN_POINT('Ctrl Pts',(-59.6990534391882,77.0755951497287,-306.464189348547));
#6700=CARTESIAN_POINT('Ctrl Pts',(-59.7198612515254,77.0758442420517,-306.480765554779));
#6701=CARTESIAN_POINT('Ctrl Pts',(-59.7406746557325,77.0759687383307,-306.497334741636));
#6702=CARTESIAN_POINT('Ctrl Pts',(-59.7614937774237,77.0759687383307,-306.513896741455));
#6703=CARTESIAN_POINT('Ctrl Pts',(-60.1144483132098,76.4085548944601,-305.942757278655));
#6704=CARTESIAN_POINT('Ctrl Pts',(-60.1351366646762,76.409053079106,-305.95923813883));
#6705=CARTESIAN_POINT('Ctrl Pts',(-60.1558304664946,76.4093020716641,-305.975712157197));
#6706=CARTESIAN_POINT('Ctrl Pts',(-60.1765299748445,76.4093020716641,-305.992179002371));
#6707=CARTESIAN_POINT('Ctrl Pts',(-60.5298431872314,75.7415146391914,-305.421325208762));
#6708=CARTESIAN_POINT('Ctrl Pts',(-60.550412077827,75.7422619161603,-305.437710722882));
#6709=CARTESIAN_POINT('Ctrl Pts',(-60.5709862772566,75.7426354049974,-305.454089572758));
#6710=CARTESIAN_POINT('Ctrl Pts',(-60.5915661722652,75.7426354049974,-305.470461263287));
#6711=CARTESIAN_POINT('',(-60.5298431872314,75.7415146391914,-305.421325208762));
#6712=CARTESIAN_POINT('Ctrl Pts',(-59.2836585651667,67.7426354049974,-306.98562141844));
#6713=CARTESIAN_POINT('Ctrl Pts',(-58.6972224555031,67.7426354049973,-306.518441572855));
#6714=CARTESIAN_POINT('Ctrl Pts',(-56.9491242252239,68.2388582987486,-305.095513456465));
#6715=CARTESIAN_POINT('Ctrl Pts',(-55.39141549467,70.8029893387089,-303.744371852959));
#6716=CARTESIAN_POINT('Ctrl Pts',(-55.4015744270401,73.9031528554721,-303.753397126965));
#6717=CARTESIAN_POINT('Ctrl Pts',(-56.1613545306867,75.9750738558839,-304.412238622565));
#6718=CARTESIAN_POINT('Ctrl Pts',(-57.5400364461075,77.4019432976527,-305.576942863173));
#6719=CARTESIAN_POINT('Ctrl Pts',(-58.696610706018,77.7426354049974,-306.517954227303));
#6720=CARTESIAN_POINT('Ctrl Pts',(-59.2836585651666,77.7426354049974,-306.98562141844));
#6721=CARTESIAN_POINT('Ctrl Pts',(-59.6990534391883,68.409675660266,-306.464189348548));
#6722=CARTESIAN_POINT('Ctrl Pts',(-59.1926639348986,68.4138693598626,-306.060781024113));
#6723=CARTESIAN_POINT('Ctrl Pts',(-57.6860369843213,68.8650706277481,-304.836695053335));
#6724=CARTESIAN_POINT('Ctrl Pts',(-56.3690025676337,71.0860384336969,-303.704905814659));
#6725=CARTESIAN_POINT('Ctrl Pts',(-56.378046577762,73.7344977082012,-303.712967720723));
#6726=CARTESIAN_POINT('Ctrl Pts',(-57.0193845405498,75.5172724916231,-304.263686267967));
#6727=CARTESIAN_POINT('Ctrl Pts',(-58.1956823898839,76.7639777492277,-305.251232571954));
#6728=CARTESIAN_POINT('Ctrl Pts',(-59.1921356872116,77.0713970754125,-306.060360202764));
#6729=CARTESIAN_POINT('Ctrl Pts',(-59.6990534391882,77.0755951497287,-306.464189348547));
#6730=CARTESIAN_POINT('Ctrl Pts',(-60.1144483132099,69.0767159155347,-305.942757278655));
#6731=CARTESIAN_POINT('Ctrl Pts',(-59.6881054142941,69.0851033147279,-305.60312047537));
#6732=CARTESIAN_POINT('Ctrl Pts',(-58.4229497434188,69.4912829567476,-304.577876650204));
#6733=CARTESIAN_POINT('Ctrl Pts',(-57.3465896405975,71.369087528685,-303.665439776358));
#6734=CARTESIAN_POINT('Ctrl Pts',(-57.354518728484,73.5658425609304,-303.67253831448));
#6735=CARTESIAN_POINT('Ctrl Pts',(-57.8774145504129,75.0594711273624,-304.115133913368));
#6736=CARTESIAN_POINT('Ctrl Pts',(-58.8513283336603,76.1260122008029,-304.925522280736));
#6737=CARTESIAN_POINT('Ctrl Pts',(-59.6876606684052,76.4001587458276,-305.602766178225));
#6738=CARTESIAN_POINT('Ctrl Pts',(-60.1144483132098,76.4085548944601,-305.942757278655));
#6739=CARTESIAN_POINT('Ctrl Pts',(-60.5298431872314,69.7437561708034,-305.421325208762));
#6740=CARTESIAN_POINT('Ctrl Pts',(-60.1835468936896,69.7563372695932,-305.145459926628));
#6741=CARTESIAN_POINT('Ctrl Pts',(-59.1598625025162,70.1174952857471,-304.319058247074));
#6742=CARTESIAN_POINT('Ctrl Pts',(-58.3241767135612,71.652136623673,-303.625973738057));
#6743=CARTESIAN_POINT('Ctrl Pts',(-58.3309908792059,73.3971874136596,-303.632108908238));
#6744=CARTESIAN_POINT('Ctrl Pts',(-58.735444560276,74.6016697631016,-303.96658155877));
#6745=CARTESIAN_POINT('Ctrl Pts',(-59.5069742774368,75.488046652378,-304.599811989517));
#6746=CARTESIAN_POINT('Ctrl Pts',(-60.1831856495988,75.7289204162427,-305.145172153686));
#6747=CARTESIAN_POINT('Ctrl Pts',(-60.5298431872314,75.7415146391914,-305.421325208762));
#6748=CARTESIAN_POINT('Origin',(-87.2390787652709,65.7165133667097,-223.665549144703));
#6749=CARTESIAN_POINT('',(-87.2390787652709,65.7165133667096,-190.));
#6750=CARTESIAN_POINT('',(-87.2390787652709,68.4664261753451,-190.));
#6751=CARTESIAN_POINT('',(-87.2390787652709,65.7165133667096,-207.011002622752));
#6752=CARTESIAN_POINT('Origin',(-132.,65.7165133667096,-190.356456100801));
#6753=CARTESIAN_POINT('',(-82.2390787652709,65.7165133667096,-190.));
#6754=CARTESIAN_POINT('',(-132.000000000012,65.7165133667096,-190.));
#6755=CARTESIAN_POINT('',(-82.2390787652709,65.7165133667096,-180.011002622752));
#6756=CARTESIAN_POINT('Origin',(-82.2390787652709,66.7165133667096,-180.011002622752));
#6757=CARTESIAN_POINT('',(-81.2390787652709,66.7165133667096,-190.));
#6758=CARTESIAN_POINT('Origin',(-82.2390787652709,66.7165133667096,-190.));
#6759=CARTESIAN_POINT('',(-81.2390787652709,66.7165133667096,-180.011002622752));
#6760=CARTESIAN_POINT('Origin',(-81.2390787652709,68.7165133667096,-169.665549144703));
#6761=CARTESIAN_POINT('',(-81.2390787652709,68.7165133667096,-190.));
#6762=CARTESIAN_POINT('',(-81.2390787652709,69.9664261753451,-190.));
#6763=CARTESIAN_POINT('',(-81.2390787652709,68.7165133667096,-169.665549144703));
#6764=CARTESIAN_POINT('Origin',(-85.1994600434469,68.7165133667096,-198.165549144703));
#6765=CARTESIAN_POINT('',(-78.2390787652709,68.7165133667096,-190.));
#6766=CARTESIAN_POINT('',(-108.599730021735,68.7165133667096,-190.));
#6767=CARTESIAN_POINT('',(-78.2390787652709,68.7165133667096,-169.665549144703));
#6768=CARTESIAN_POINT('Origin',(-78.2390787652709,68.7165133667096,-226.665549144703));
#6769=CARTESIAN_POINT('',(-78.2390787652709,69.9664261753451,-190.));
#6770=CARTESIAN_POINT('Origin',(-60.0000000000003,68.7165133667097,-247.678228050401));
#6771=CARTESIAN_POINT('',(-55.0000000000002,68.7165133667096,-190.));
#6772=CARTESIAN_POINT('Origin',(-60.0000000000002,68.7165133667096,-190.));
#6773=CARTESIAN_POINT('',(-55.0000000000132,68.7165133667097,-287.162273541763));
#6774=CARTESIAN_POINT('',(-55.0000000000003,68.7165133667097,-247.678228050401));
#6775=CARTESIAN_POINT('Ctrl Pts',(-60.0000000000003,63.7165133667097,-285.546682875065));
#6776=CARTESIAN_POINT('Ctrl Pts',(-59.9966465815933,63.7165133667097,-285.547782960243));
#6777=CARTESIAN_POINT('Ctrl Pts',(-59.9932931537343,63.7165167403339,-285.548883014247));
#6778=CARTESIAN_POINT('Ctrl Pts',(-59.5195562933709,63.7174699272473,-285.704282175603));
#6779=CARTESIAN_POINT('Ctrl Pts',(-59.050583292604,63.7847919780761,-285.857431384392));
#6780=CARTESIAN_POINT('Ctrl Pts',(-58.146882055108,64.0489737540917,-286.151345230803));
#6781=CARTESIAN_POINT('Ctrl Pts',(-57.7150688982406,64.2439597926954,-286.291173983347));
#6782=CARTESIAN_POINT('Ctrl Pts',(-56.7792904426929,64.8395792712891,-286.5931715902));
#6783=CARTESIAN_POINT('Ctrl Pts',(-56.3083361618348,65.2828601013969,-286.744318145049));
#6784=CARTESIAN_POINT('Ctrl Pts',(-55.5718853450777,66.3132211496052,-286.980040879589));
#6785=CARTESIAN_POINT('Ctrl Pts',(-55.3059190801413,66.8834594085601,-287.064824237295));
#6786=CARTESIAN_POINT('Ctrl Pts',(-55.0512560364622,67.892019743181,-287.145964067471));
#6787=CARTESIAN_POINT('Ctrl Pts',(-55.0000000000004,68.3031632132828,-287.162273541718));
#6788=CARTESIAN_POINT('Ctrl Pts',(-55.0000000000004,68.7165133667097,-287.162273541718));
#6789=CARTESIAN_POINT('Ctrl Pts',(-65.602824517122,77.7426354049974,-299.665113140763));
#6790=CARTESIAN_POINT('Ctrl Pts',(-65.323145209291,77.7426354049974,-299.388174290248));
#6791=CARTESIAN_POINT('Ctrl Pts',(-65.0482231804742,77.6835101544936,-299.112396683668));
#6792=CARTESIAN_POINT('Ctrl Pts',(-64.5229189784076,77.4577443115216,-298.579364109885));
#6793=CARTESIAN_POINT('Ctrl Pts',(-64.2785471397211,77.2913869014657,-298.328146716573));
#6794=CARTESIAN_POINT('Ctrl Pts',(-63.8311022801548,76.8773689514744,-297.863950355553));
#6795=CARTESIAN_POINT('Ctrl Pts',(-63.6325807830962,76.6294069969714,-297.655569673729));
#6796=CARTESIAN_POINT('Ctrl Pts',(-63.1219018017172,75.8257697219,-297.115961330581));
#6797=CARTESIAN_POINT('Ctrl Pts',(-62.6627870796494,74.6097155034349,-296.621127163865));
#6798=CARTESIAN_POINT('Ctrl Pts',(-62.4630926136556,72.6771269689451,-296.403137066683));
#6799=CARTESIAN_POINT('Ctrl Pts',(-62.6924253025791,70.7472922511663,-296.653376214513));
#6800=CARTESIAN_POINT('Ctrl Pts',(-63.1765297461626,69.5422777504142,-297.174405297989));
#6801=CARTESIAN_POINT('Ctrl Pts',(-63.6019553688964,68.9142387223706,-297.622981335949));
#6802=CARTESIAN_POINT('Ctrl Pts',(-63.6774886067582,68.8130177407344,-297.702376109643));
#6803=CARTESIAN_POINT('Ctrl Pts',(-63.7575050864271,68.7165133712051,-297.786158277007));
#6804=CARTESIAN_POINT('Ctrl Pts',(-65.1337476968133,77.0745253981789,-300.138831725857));
#6805=CARTESIAN_POINT('Ctrl Pts',(-64.9002265945773,77.0702815135691,-299.907580126441));
#6806=CARTESIAN_POINT('Ctrl Pts',(-64.6713956772646,77.0176680260037,-299.678270128347));
#6807=CARTESIAN_POINT('Ctrl Pts',(-64.233048645082,76.8242683537702,-299.234441451713));
#6808=CARTESIAN_POINT('Ctrl Pts',(-64.0283949849461,76.6834396232972,-299.024776076006));
#6809=CARTESIAN_POINT('Ctrl Pts',(-63.6509949893365,76.333001139203,-298.635052757355));
#6810=CARTESIAN_POINT('Ctrl Pts',(-63.4821295936986,76.1223000522036,-298.458825200124));
#6811=CARTESIAN_POINT('Ctrl Pts',(-63.04400084477,75.4368578602161,-297.999154482622));
#6812=CARTESIAN_POINT('Ctrl Pts',(-62.64079219317,74.3850297147292,-297.568720952192));
#6813=CARTESIAN_POINT('Ctrl Pts',(-62.4616899530161,72.6847696143428,-297.375502337736));
#6814=CARTESIAN_POINT('Ctrl Pts',(-62.6672169039068,70.9881773604852,-297.597153071247));
#6815=CARTESIAN_POINT('Ctrl Pts',(-63.0914953862992,69.9475674734778,-298.049535788153));
#6816=CARTESIAN_POINT('Ctrl Pts',(-63.4556197848127,69.4129122120214,-298.430852535578));
#6817=CARTESIAN_POINT('Ctrl Pts',(-63.520011719929,69.3265932171786,-298.498140969946));
#6818=CARTESIAN_POINT('Ctrl Pts',(-63.5880153209535,69.2447117959712,-298.568931778109));
#6819=CARTESIAN_POINT('Ctrl Pts',(-64.6646708765047,76.4064153913604,-300.61255031095));
#6820=CARTESIAN_POINT('Ctrl Pts',(-64.4772025565381,76.3980688773666,-300.426899221738));
#6821=CARTESIAN_POINT('Ctrl Pts',(-64.2945827354719,76.3519918714971,-300.244172907534));
#6822=CARTESIAN_POINT('Ctrl Pts',(-63.9431269162616,76.1907440869776,-299.889458024026));
#6823=CARTESIAN_POINT('Ctrl Pts',(-63.7781719422164,76.0758601941556,-299.721367760509));
#6824=CARTESIAN_POINT('Ctrl Pts',(-63.4709256861259,75.7883894901189,-299.406156078964));
#6825=CARTESIAN_POINT('Ctrl Pts',(-63.3315315771275,75.6159925927953,-299.26201053887));
#6826=CARTESIAN_POINT('Ctrl Pts',(-62.9664230684326,75.046299602744,-298.882467704295));
#6827=CARTESIAN_POINT('Ctrl Pts',(-62.6188624036076,74.1608117948636,-298.516428722442));
#6828=CARTESIAN_POINT('Ctrl Pts',(-62.4599692481582,72.6927195316694,-298.347414961005));
#6829=CARTESIAN_POINT('Ctrl Pts',(-62.642104699916,71.2285369897574,-298.54108102686));
#6830=CARTESIAN_POINT('Ctrl Pts',(-63.0067715894086,70.3550414138316,-298.924742207592));
#6831=CARTESIAN_POINT('Ctrl Pts',(-63.3092399396231,69.9112335043602,-299.238716444655));
#6832=CARTESIAN_POINT('Ctrl Pts',(-63.3625614497927,69.8404235965858,-299.293905900113));
#6833=CARTESIAN_POINT('Ctrl Pts',(-63.41852555548,69.7729102207373,-299.351705279211));
#6834=CARTESIAN_POINT('Ctrl Pts',(-64.195594056196,75.7383053845419,-301.086268896043));
#6835=CARTESIAN_POINT('Ctrl Pts',(-64.0542839418244,75.7257149859384,-300.946305057931));
#6836=CARTESIAN_POINT('Ctrl Pts',(-63.9177552322623,75.6861497430072,-300.810046352213));
#6837=CARTESIAN_POINT('Ctrl Pts',(-63.6532565829359,75.5572681292262,-300.544535365855));
#6838=CARTESIAN_POINT('Ctrl Pts',(-63.5280197874415,75.4679129159871,-300.417997119942));
#6839=CARTESIAN_POINT('Ctrl Pts',(-63.2908183953077,75.2440216778474,-300.177258480766));
#6840=CARTESIAN_POINT('Ctrl Pts',(-63.1810803877299,75.1088856480275,-300.065266065264));
#6841=CARTESIAN_POINT('Ctrl Pts',(-62.8885221114855,74.6573877410601,-299.765660856337));
#6842=CARTESIAN_POINT('Ctrl Pts',(-62.5968675171282,73.9361260061579,-299.464022510769));
#6843=CARTESIAN_POINT('Ctrl Pts',(-62.4585665875188,72.7003621770671,-299.319780232058));
#6844=CARTESIAN_POINT('Ctrl Pts',(-62.6168963012438,71.4694220990763,-299.484857883594));
#6845=CARTESIAN_POINT('Ctrl Pts',(-62.9217372295452,70.7603311368952,-299.799872697756));
#6846=CARTESIAN_POINT('Ctrl Pts',(-63.1629043555393,70.409906994011,-300.046587644284));
#6847=CARTESIAN_POINT('Ctrl Pts',(-63.2050845629634,70.3539990730299,-300.089670760416));
#6848=CARTESIAN_POINT('Ctrl Pts',(-63.2490357900064,70.3011086455033,-300.134478780314));
#6849=CARTESIAN_POINT('',(-65.602824517122,77.7426354049974,-299.665113140763));
#6850=CARTESIAN_POINT('Ctrl Pts',(-63.7575050864271,68.7165133712051,-297.786158277007));
#6851=CARTESIAN_POINT('Ctrl Pts',(-63.6774886067582,68.8130177407344,-297.702376109643));
#6852=CARTESIAN_POINT('Ctrl Pts',(-63.6019553688964,68.9142387223706,-297.622981335949));
#6853=CARTESIAN_POINT('Ctrl Pts',(-63.1765297461626,69.5422777504142,-297.174405297989));
#6854=CARTESIAN_POINT('Ctrl Pts',(-62.6924253025791,70.7472922511663,-296.653376214513));
#6855=CARTESIAN_POINT('Ctrl Pts',(-62.4630926136556,72.6771269689451,-296.403137066683));
#6856=CARTESIAN_POINT('Ctrl Pts',(-62.6627870796494,74.6097155034349,-296.621127163865));
#6857=CARTESIAN_POINT('Ctrl Pts',(-63.1219018017172,75.8257697219,-297.115961330581));
#6858=CARTESIAN_POINT('Ctrl Pts',(-63.6325807830962,76.6294069969714,-297.655569673729));
#6859=CARTESIAN_POINT('Ctrl Pts',(-63.8311022801548,76.8773689514744,-297.863950355553));
#6860=CARTESIAN_POINT('Ctrl Pts',(-64.2785471397211,77.2913869014657,-298.328146716573));
#6861=CARTESIAN_POINT('Ctrl Pts',(-64.5229189784076,77.4577443115216,-298.579364109885));
#6862=CARTESIAN_POINT('Ctrl Pts',(-65.0482231804742,77.6835101544936,-299.112396683668));
#6863=CARTESIAN_POINT('Ctrl Pts',(-65.323145209291,77.7426354049974,-299.388174290248));
#6864=CARTESIAN_POINT('Ctrl Pts',(-65.602824517122,77.7426354049974,-299.665113140763));
#6865=CARTESIAN_POINT('',(-65.602824517122,77.7426354049974,-299.665113140763));
#6866=CARTESIAN_POINT('Ctrl Pts',(-65.6981682834962,77.7426354049974,-299.759388616612));
#6867=CARTESIAN_POINT('Ctrl Pts',(-65.6663647075114,77.7426354049974,-299.727986042144));
#6868=CARTESIAN_POINT('Ctrl Pts',(-65.6345834413593,77.7426354049974,-299.696560872954));
#6869=CARTESIAN_POINT('Ctrl Pts',(-65.602824517122,77.7426354049974,-299.665113140763));
#6870=CARTESIAN_POINT('Ctrl Pts',(-65.2297639415214,77.0759687383307,-300.233774342434));
#6871=CARTESIAN_POINT('Ctrl Pts',(-65.197735681954,77.0759687383307,-300.20214991735));
#6872=CARTESIAN_POINT('Ctrl Pts',(-65.1657295215629,77.0754884732239,-300.170503108779));
#6873=CARTESIAN_POINT('Ctrl Pts',(-65.1337476968133,77.0745253981789,-300.138831725857));
#6874=CARTESIAN_POINT('Ctrl Pts',(-64.7613595995466,76.4093020716641,-300.708160068256));
#6875=CARTESIAN_POINT('Ctrl Pts',(-64.7291066563967,76.4093020716641,-300.676313792555));
#6876=CARTESIAN_POINT('Ctrl Pts',(-64.6968756017666,76.4083415414504,-300.644445344605));
#6877=CARTESIAN_POINT('Ctrl Pts',(-64.6646708765046,76.4064153913604,-300.61255031095));
#6878=CARTESIAN_POINT('Ctrl Pts',(-64.2929552575719,75.7426354049974,-301.182545794078));
#6879=CARTESIAN_POINT('Ctrl Pts',(-64.2604776308393,75.7426354049974,-301.150477667761));
#6880=CARTESIAN_POINT('Ctrl Pts',(-64.2280216819702,75.7411946096769,-301.11838758043));
#6881=CARTESIAN_POINT('Ctrl Pts',(-64.1955940561959,75.7383053845419,-301.086268896043));
#6882=CARTESIAN_POINT('',(-65.6981682834962,77.7426354049974,-299.759388616612));
#6883=CARTESIAN_POINT('Ctrl Pts',(-65.602824517122,77.7426354049974,-299.665113140763));
#6884=CARTESIAN_POINT('Ctrl Pts',(-65.6345834413593,77.7426354049974,-299.696560872954));
#6885=CARTESIAN_POINT('Ctrl Pts',(-65.6663647075114,77.7426354049974,-299.727986042144));
#6886=CARTESIAN_POINT('Ctrl Pts',(-65.6981682834962,77.7426354049974,-299.759388616612));
#6887=CARTESIAN_POINT('',(-64.2929552575719,75.7426354049974,-301.182545794078));
#6888=CARTESIAN_POINT('Origin',(-132.,76.7426354049974,-232.610902269207));
#6889=CARTESIAN_POINT('',(-198.218140475412,77.7426354049974,-299.84192174452));
#6890=CARTESIAN_POINT('',(-198.218140475412,77.7426354049974,-299.84192174452));
#6891=CARTESIAN_POINT('Origin',(-132.,77.7426354049974,-232.610902269207));
#6892=CARTESIAN_POINT('Ctrl Pts',(-198.373890880421,77.7426354049974,-299.688161583412));
#6893=CARTESIAN_POINT('Ctrl Pts',(-198.322033537915,77.7426354049974,-299.739475152692));
#6894=CARTESIAN_POINT('Ctrl Pts',(-198.2701166897,77.7426354049974,-299.790728585677));
#6895=CARTESIAN_POINT('Ctrl Pts',(-198.218140475412,77.7426354049974,-299.84192174452));
#6896=CARTESIAN_POINT('Ctrl Pts',(-198.842799080158,77.0728229118253,-300.162038833805));
#6897=CARTESIAN_POINT('Ctrl Pts',(-198.790582355972,77.0749235716749,-300.213721961504));
#6898=CARTESIAN_POINT('Ctrl Pts',(-198.738296973668,77.0759687383307,-300.265335719825));
#6899=CARTESIAN_POINT('Ctrl Pts',(-198.685953561614,77.0759687383307,-300.31689054436));
#6900=CARTESIAN_POINT('Ctrl Pts',(-199.311707279894,76.4030104186531,-300.635916084198));
#6901=CARTESIAN_POINT('Ctrl Pts',(-199.25913117403,76.4072117383524,-300.687968770316));
#6902=CARTESIAN_POINT('Ctrl Pts',(-199.206477257636,76.4093020716641,-300.739942853974));
#6903=CARTESIAN_POINT('Ctrl Pts',(-199.153766647817,76.4093020716641,-300.791859344201));
#6904=CARTESIAN_POINT('Ctrl Pts',(-199.780615479631,75.733197925481,-301.109793334591));
#6905=CARTESIAN_POINT('Ctrl Pts',(-199.727679992087,75.7394999050299,-301.162215579128));
#6906=CARTESIAN_POINT('Ctrl Pts',(-199.674657541604,75.7426354049974,-301.214549988122));
#6907=CARTESIAN_POINT('Ctrl Pts',(-199.621579734019,75.7426354049974,-301.266828144042));
#6908=CARTESIAN_POINT('',(-198.373890880421,77.7426354049974,-299.688161583412));
#6909=CARTESIAN_POINT('Ctrl Pts',(-198.218140475412,77.7426354049974,-299.84192174452));
#6910=CARTESIAN_POINT('Ctrl Pts',(-198.2701166897,77.7426354049974,-299.790728585677));
#6911=CARTESIAN_POINT('Ctrl Pts',(-198.322033537915,77.7426354049974,-299.739475152692));
#6912=CARTESIAN_POINT('Ctrl Pts',(-198.373890880421,77.7426354049974,-299.688161583412));
#6913=CARTESIAN_POINT('',(-199.780615479631,75.733197925481,-301.109793334591));
#6914=CARTESIAN_POINT('Ctrl Pts',(-200.354036664573,68.7165133667097,-297.669166766267));
#6915=CARTESIAN_POINT('Ctrl Pts',(-200.449464899229,68.8234788021543,-297.568904253872));
#6916=CARTESIAN_POINT('Ctrl Pts',(-200.540260765558,68.9372334705898,-297.473339586058));
#6917=CARTESIAN_POINT('Ctrl Pts',(-201.77941536885,70.6850761669305,-296.154653978306));
#6918=CARTESIAN_POINT('Ctrl Pts',(-201.980756786725,73.2818894373768,-295.920233642186));
#6919=CARTESIAN_POINT('Ctrl Pts',(-200.867257484153,76.2453839283488,-297.128913434797));
#6920=CARTESIAN_POINT('Ctrl Pts',(-200.242816940452,77.0804395794641,-297.795341756335));
#6921=CARTESIAN_POINT('Ctrl Pts',(-199.106517276285,77.652975817515,-298.95706002015));
#6922=CARTESIAN_POINT('Ctrl Pts',(-198.743912409786,77.7426354049974,-299.322020079353));
#6923=CARTESIAN_POINT('Ctrl Pts',(-198.373890880421,77.7426354049974,-299.688161583412));
#6924=CARTESIAN_POINT('Ctrl Pts',(-200.526396009827,69.2817412000231,-298.448124588225));
#6925=CARTESIAN_POINT('Ctrl Pts',(-200.607266606099,69.3739233320572,-298.363666673888));
#6926=CARTESIAN_POINT('Ctrl Pts',(-200.683988360979,69.4731578200017,-298.282762191056));
#6927=CARTESIAN_POINT('Ctrl Pts',(-201.733890026996,70.9769691434731,-297.171316005921));
#6928=CARTESIAN_POINT('Ctrl Pts',(-201.907678101883,73.204386297734,-296.971288691921));
#6929=CARTESIAN_POINT('Ctrl Pts',(-200.959924132964,75.7507905951846,-297.992840244339));
#6930=CARTESIAN_POINT('Ctrl Pts',(-200.432871741907,76.4687739983528,-298.553837231834));
#6931=CARTESIAN_POINT('Ctrl Pts',(-199.468776784185,76.9800264879837,-299.537374160798));
#6932=CARTESIAN_POINT('Ctrl Pts',(-199.159671071342,77.0642604199319,-299.848550410319));
#6933=CARTESIAN_POINT('Ctrl Pts',(-198.842799080158,77.0728229118253,-300.162038833805));
#6934=CARTESIAN_POINT('Ctrl Pts',(-200.698755355081,69.8469690333365,-299.227082410183));
#6935=CARTESIAN_POINT('Ctrl Pts',(-200.764848412001,69.9257472827414,-299.157974151098));
#6936=CARTESIAN_POINT('Ctrl Pts',(-200.827885970274,70.0078456972685,-299.092606562554));
#6937=CARTESIAN_POINT('Ctrl Pts',(-201.688299380012,71.2758854141019,-298.185132096415));
#6938=CARTESIAN_POINT('Ctrl Pts',(-201.832046531788,73.1278524809802,-298.02246669178));
#6939=CARTESIAN_POINT('Ctrl Pts',(-201.05417081707,75.2563573537097,-298.856500239173));
#6940=CARTESIAN_POINT('Ctrl Pts',(-200.623975761892,75.8588003973478,-299.310198549007));
#6941=CARTESIAN_POINT('Ctrl Pts',(-199.830594735618,76.3066757221715,-300.118614064313));
#6942=CARTESIAN_POINT('Ctrl Pts',(-199.575976777752,76.3864390404344,-300.374189985383));
#6943=CARTESIAN_POINT('Ctrl Pts',(-199.311707279894,76.4030104186532,-300.635916084198));
#6944=CARTESIAN_POINT('Ctrl Pts',(-200.871114700335,70.4121968666499,-300.006040232141));
#6945=CARTESIAN_POINT('Ctrl Pts',(-200.92265011887,70.4761918126444,-299.952736571115));
#6946=CARTESIAN_POINT('Ctrl Pts',(-200.971613565695,70.5437700466804,-299.902029167552));
#6947=CARTESIAN_POINT('Ctrl Pts',(-201.642774038158,71.5677783906444,-299.20179412403));
#6948=CARTESIAN_POINT('Ctrl Pts',(-201.758967846947,73.0503493413374,-299.073521741515));
#6949=CARTESIAN_POINT('Ctrl Pts',(-201.146837465881,74.7617640205455,-299.720427048714));
#6950=CARTESIAN_POINT('Ctrl Pts',(-200.814030563346,75.2471348162366,-300.068694024506));
#6951=CARTESIAN_POINT('Ctrl Pts',(-200.192854243517,75.6337263926402,-300.698928204961));
#6952=CARTESIAN_POINT('Ctrl Pts',(-199.991735439308,75.7080640553688,-300.900720316349));
#6953=CARTESIAN_POINT('Ctrl Pts',(-199.780615479631,75.733197925481,-301.109793334591));
#6954=CARTESIAN_POINT('Ctrl Pts',(-198.373890880421,77.7426354049974,-299.688161583412));
#6955=CARTESIAN_POINT('Ctrl Pts',(-198.743912409786,77.7426354049974,-299.322020079353));
#6956=CARTESIAN_POINT('Ctrl Pts',(-199.106517276285,77.652975817515,-298.95706002015));
#6957=CARTESIAN_POINT('Ctrl Pts',(-200.242816940452,77.0804395794641,-297.795341756335));
#6958=CARTESIAN_POINT('Ctrl Pts',(-200.867257484153,76.2453839283488,-297.128913434797));
#6959=CARTESIAN_POINT('Ctrl Pts',(-201.980756786725,73.2818894373768,-295.920233642186));
#6960=CARTESIAN_POINT('Ctrl Pts',(-201.77941536885,70.6850761669305,-296.154653978306));
#6961=CARTESIAN_POINT('Ctrl Pts',(-200.540260765558,68.9372334705898,-297.473339586058));
#6962=CARTESIAN_POINT('Ctrl Pts',(-200.449464899229,68.8234788021543,-297.568904253872));
#6963=CARTESIAN_POINT('Ctrl Pts',(-200.354036664573,68.7165133667097,-297.669166766267));
#6964=CARTESIAN_POINT('Origin',(-132.,68.7165133667096,-232.610902269207));
#6965=CARTESIAN_POINT('Origin',(-132.,68.7165133667096,-232.610902269207));
#6966=CARTESIAN_POINT('',(-208.999999999987,68.7165133667097,-287.162273541763));
#6967=CARTESIAN_POINT('Origin',(-132.,68.7165133667096,-232.610902269207));
#6968=CARTESIAN_POINT('Ctrl Pts',(-209.,68.7165133667097,-287.162273541717));
#6969=CARTESIAN_POINT('Ctrl Pts',(-209.,68.0958699919878,-287.162273541717));
#6970=CARTESIAN_POINT('Ctrl Pts',(-208.884468376253,67.4826796076592,-287.125530012074));
#6971=CARTESIAN_POINT('Ctrl Pts',(-208.432279278967,66.3173752888685,-286.98129780625));
#6972=CARTESIAN_POINT('Ctrl Pts',(-208.09516429827,65.7808627345467,-286.873639303821));
#6973=CARTESIAN_POINT('Ctrl Pts',(-207.228080512285,64.8425343488334,-286.595453661556));
#6974=CARTESIAN_POINT('Ctrl Pts',(-206.698141550687,64.4581557236328,-286.424857324994));
#6975=CARTESIAN_POINT('Ctrl Pts',(-205.785648849417,64.0320784548848,-286.129363843163));
#6976=CARTESIAN_POINT('Ctrl Pts',(-205.441180619353,63.9150883797329,-286.017491754384));
#6977=CARTESIAN_POINT('Ctrl Pts',(-204.73381784019,63.757334647115,-285.786991606643));
#6978=CARTESIAN_POINT('Ctrl Pts',(-204.372251607422,63.7172522840998,-285.668792090146));
#6979=CARTESIAN_POINT('Ctrl Pts',(-204.006707268067,63.7165167407583,-285.54888315261));
#6980=CARTESIAN_POINT('Ctrl Pts',(-204.003353629287,63.7165133667097,-285.547783029422));
#6981=CARTESIAN_POINT('Ctrl Pts',(-204.,63.7165133667097,-285.546682875065));
#6982=CARTESIAN_POINT('Origin',(-204.,68.7165133667096,-140.237780374365));
#6983=CARTESIAN_POINT('',(-209.,68.7165133667096,-190.));
#6984=CARTESIAN_POINT('',(-209.,68.7165133667096,-140.237780374365));
#6985=CARTESIAN_POINT('Origin',(-204.,68.7165133667096,-190.));
#6986=CARTESIAN_POINT('Origin',(-183.239078765271,68.7165133667096,-169.665549144703));
#6987=CARTESIAN_POINT('',(-183.239078765271,68.7165133667096,-190.));
#6988=CARTESIAN_POINT('',(-183.239078765271,69.9664261753451,-190.));
#6989=CARTESIAN_POINT('',(-183.239078765271,68.7165133667096,-226.665549144703));
#6990=CARTESIAN_POINT('Origin',(-177.539618815357,68.7165133667096,-198.165549144703));
#6991=CARTESIAN_POINT('',(-180.239078765271,68.7165133667096,-190.));
#6992=CARTESIAN_POINT('',(-154.76980940769,68.7165133667096,-190.));
#6993=CARTESIAN_POINT('',(-180.239078765271,68.7165133667096,-226.665549144703));
#6994=CARTESIAN_POINT('Origin',(-180.239078765271,68.7165133667096,-226.665549144703));
#6995=CARTESIAN_POINT('',(-180.239078765271,66.7165133667096,-190.));
#6996=CARTESIAN_POINT('',(-180.239078765271,69.9664261753451,-190.));
#6997=CARTESIAN_POINT('',(-180.239078765271,66.7165133667096,-208.511002622752));
#6998=CARTESIAN_POINT('Origin',(-179.239078765271,66.7165133667096,-208.511002622752));
#6999=CARTESIAN_POINT('',(-179.239078765271,65.7165133667096,-190.));
#7000=CARTESIAN_POINT('Origin',(-179.239078765271,66.7165133667096,-190.));
#7001=CARTESIAN_POINT('',(-179.239078765271,65.7165133667096,-208.511002622752));
#7002=CARTESIAN_POINT('Origin',(-132.,65.7165133667096,-190.356456100801));
#7003=CARTESIAN_POINT('',(-176.760921234729,65.7165133667096,-190.));
#7004=CARTESIAN_POINT('',(-132.000000000012,65.7165133667096,-190.));
#7005=CARTESIAN_POINT('',(-176.760921234729,65.7165133667096,-207.011002622752));
#7006=CARTESIAN_POINT('Origin',(-176.760921234729,65.7165133667097,-223.665549144703));
#7007=CARTESIAN_POINT('',(-176.760921234729,68.4664261753451,-190.));
#7008=CARTESIAN_POINT('Origin',(-132.000000000023,71.2163389839805,-190.));
#7009=CARTESIAN_POINT('',(-55.0000000000002,94.7165133667097,-190.));
#7010=CARTESIAN_POINT('Origin',(-55.0000000000004,104.71651336671,-305.));
#7011=CARTESIAN_POINT('',(-55.0000000000004,94.7165133667097,-287.162273541718));
#7012=CARTESIAN_POINT('Origin',(-132.,62.7165133667097,-232.610902269207));
#7013=CARTESIAN_POINT('',(-209.,94.7165133667097,-287.162273541717));
#7014=CARTESIAN_POINT('Origin',(-209.,62.7165133667096,-90.1191046479288));
#7015=CARTESIAN_POINT('',(-209.,66.9664261753451,-190.));
#7016=CARTESIAN_POINT('Origin',(-132.000000000023,71.2163389839805,-190.));
#7017=CARTESIAN_POINT('Origin',(-216.244712466008,84.7165133667095,-230.17378516849));
#7018=CARTESIAN_POINT('',(-176.259108056418,-1.15933993708911,141.944774845908));
#7019=UNCERTAINTY_MEASURE_WITH_UNIT(LENGTH_MEASURE(0.01),#7025,
'DISTANCE_ACCURACY_VALUE',
'Maximum model space distance between geometric entities at asserted c
onnectivities');
#7020=UNCERTAINTY_MEASURE_WITH_UNIT(LENGTH_MEASURE(0.01),#7025,
'DISTANCE_ACCURACY_VALUE',
'Maximum model space distance between geometric entities at asserted c
onnectivities');
#7021=UNCERTAINTY_MEASURE_WITH_UNIT(LENGTH_MEASURE(0.01),#7025,
'DISTANCE_ACCURACY_VALUE',
'Maximum model space distance between geometric entities at asserted c
onnectivities');
#7022=(
GEOMETRIC_REPRESENTATION_CONTEXT(3)
GLOBAL_UNCERTAINTY_ASSIGNED_CONTEXT((#7019))
GLOBAL_UNIT_ASSIGNED_CONTEXT((#7025,#7027,#7028))
REPRESENTATION_CONTEXT('','3D')
);
#7023=(
GEOMETRIC_REPRESENTATION_CONTEXT(3)
GLOBAL_UNCERTAINTY_ASSIGNED_CONTEXT((#7020))
GLOBAL_UNIT_ASSIGNED_CONTEXT((#7025,#7027,#7028))
REPRESENTATION_CONTEXT('','3D')
);
#7024=(
GEOMETRIC_REPRESENTATION_CONTEXT(3)
GLOBAL_UNCERTAINTY_ASSIGNED_CONTEXT((#7021))
GLOBAL_UNIT_ASSIGNED_CONTEXT((#7025,#7027,#7028))
REPRESENTATION_CONTEXT('','3D')
);
#7025=(
LENGTH_UNIT()
NAMED_UNIT(*)
SI_UNIT(.MILLI.,.METRE.)
);
#7026=(
LENGTH_UNIT()
NAMED_UNIT(*)
SI_UNIT($,.METRE.)
);
#7027=(
NAMED_UNIT(*)
PLANE_ANGLE_UNIT()
SI_UNIT($,.RADIAN.)
);
#7028=(
NAMED_UNIT(*)
SI_UNIT($,.STERADIAN.)
SOLID_ANGLE_UNIT()
);
#7029=SHAPE_DEFINITION_REPRESENTATION(#7031,#7034);
#7030=SHAPE_DEFINITION_REPRESENTATION(#7032,#7035);
#7031=PRODUCT_DEFINITION_SHAPE('',$,#7037);
#7032=PRODUCT_DEFINITION_SHAPE('',$,#7038);
#7033=PRODUCT_DEFINITION_SHAPE($,$,#14);
#7034=SHAPE_REPRESENTATION('',(#3111,#3407),#7022);
#7035=SHAPE_REPRESENTATION('',(#3112),#7023);
#7036=PRODUCT_DEFINITION_CONTEXT('part definition',#7044,'design');
#7037=PRODUCT_DEFINITION('\X2\540E90E85E9576D8\X0\','\X2\540E90E85E9576D8\X0\ 
v2',#7039,#7036);
#7038=PRODUCT_DEFINITION('\X2\540E90E85E9576D8\X0\_1','\X2\540E90E85E9576D8\X0\',
#7040,#7036);
#7039=PRODUCT_DEFINITION_FORMATION('',$,#7046);
#7040=PRODUCT_DEFINITION_FORMATION('',$,#7047);
#7041=PRODUCT_RELATED_PRODUCT_CATEGORY('\X2\540E90E85E9576D8\X0\ v2',
'\X2\540E90E85E9576D8\X0\ v2',(#7046));
#7042=PRODUCT_RELATED_PRODUCT_CATEGORY('\X2\540E90E85E9576D8\X0\',
'\X2\540E90E85E9576D8\X0\',(#7047));
#7043=APPLICATION_PROTOCOL_DEFINITION('international standard',
'ap242_managed_model_based_3d_engineering',2011,#7044);
#7044=APPLICATION_CONTEXT('Managed model based 3d engineering');
#7045=PRODUCT_CONTEXT('part definition',#7044,'mechanical');
#7046=PRODUCT('\X2\540E90E85E9576D8\X0\','\X2\540E90E85E9576D8\X0\ v2',
$,(#7045));
#7047=PRODUCT('\X2\540E90E85E9576D8\X0\_1','\X2\540E90E85E9576D8\X0\',$,
(#7045));
#7048=PRESENTATION_STYLE_ASSIGNMENT((#7049));
#7049=SURFACE_STYLE_USAGE(.BOTH.,#7050);
#7050=SURFACE_SIDE_STYLE('',(#7051));
#7051=SURFACE_STYLE_FILL_AREA(#7052);
#7052=FILL_AREA_STYLE('\X2\94A2\X0\ - \X2\7F0E5149\X0\',(#7053));
#7053=FILL_AREA_STYLE_COLOUR('\X2\94A2\X0\ - \X2\7F0E5149\X0\',#7054);
#7054=COLOUR_RGB('\X2\94A2\X0\ - \X2\7F0E5149\X0\',0.627450980392157,0.627450980392157,
0.627450980392157);
ENDSEC;
END-ISO-10303-21;
