ISO-10303-21;
HEADER;
/* Generated by software containing ST-Developer
 * from STEP Tools, Inc. (www.steptools.com) 
 */

FILE_DESCRIPTION(
/* description */ ('',
'CAx-IF Rec.Pracs.---Representation and Presentation of Product Manufa
cturing Information (PMI)---4.0---2014-10-13'),
/* implementation_level */ '2;1');

FILE_NAME(
/* name */ '',
/* time_stamp */ '2025-01-11T01:12:18+08:00',
/* author */ (''),
/* organization */ (''),
/* preprocessor_version */ 'ST-DEVELOPER v20',
/* originating_system */ 'Autodesk Translation Framework v13.20.0.188',

/* authorisation */ '');

FILE_SCHEMA (('AP242_MANAGED_MODEL_BASED_3D_ENGINEERING_MIM_LF { 1 0 10303 442 1 1 4 }'));
ENDSEC;

DATA;
#10=MECHANICAL_DESIGN_GEOMETRIC_PRESENTATION_REPRESENTATION('',(#13),#5899);
#11=SHAPE_REPRESENTATION_RELATIONSHIP('SRR','None',#5906,#12);
#12=ADVANCED_BREP_SHAPE_REPRESENTATION('',(#14),#5898);
#13=STYLED_ITEM('',(#5915),#14);
#14=MANIFOLD_SOLID_BREP('\X2\53F35185\X0\',#2119);
#15=(
BOUNDED_CURVE()
B_SPLINE_CURVE(2,(#5040,#5041,#5042),.UNSPECIFIED.,.F.,.F.)
B_SPLINE_CURVE_WITH_KNOTS((3,3),(0.,0.738946034166202),.UNSPECIFIED.)
CURVE()
GEOMETRIC_REPRESENTATION_ITEM()
RATIONAL_B_SPLINE_CURVE((1.,1.0171950903159,1.))
REPRESENTATION_ITEM('')
);
#16=(
BOUNDED_CURVE()
B_SPLINE_CURVE(2,(#5058,#5059,#5060,#5061,#5062,#5063,#5064),
 .UNSPECIFIED.,.F.,.F.)
B_SPLINE_CURVE_WITH_KNOTS((3,2,2,3),(0.,0.490846093496343,1.03973202023244,
1.16332762790325),.UNSPECIFIED.)
CURVE()
GEOMETRIC_REPRESENTATION_ITEM()
RATIONAL_B_SPLINE_CURVE((1.,1.07494604503946,1.07912967685171,1.08380799996525,
1.,0.963035825291233,0.922595260265739))
REPRESENTATION_ITEM('')
);
#17=(
BOUNDED_SURFACE()
B_SPLINE_SURFACE(2,2,((#3477,#3478,#3479,#3480,#3481),(#3482,#3483,#3484,
#3485,#3486),(#3487,#3488,#3489,#3490,#3491)),.UNSPECIFIED.,.F.,.F.,.F.)
B_SPLINE_SURFACE_WITH_KNOTS((3,3),(3,2,3),(-0.252359501487176,0.),(0.,1.5707963267949,
3.14159265358979),.UNSPECIFIED.)
GEOMETRIC_REPRESENTATION_ITEM()
RATIONAL_B_SPLINE_SURFACE(((1.,0.707106781186548,1.,0.707106781186548,1.),
(0.992049891677907,0.701485205680828,0.992049891677907,0.701485205680828,
0.992049891677907),(1.,0.707106781186548,1.,0.707106781186548,1.)))
REPRESENTATION_ITEM('')
SURFACE()
);
#18=(
BOUNDED_SURFACE()
B_SPLINE_SURFACE(2,1,((#5087,#5088),(#5089,#5090),(#5091,#5092),(#5093,
#5094),(#5095,#5096),(#5097,#5098),(#5099,#5100)),.UNSPECIFIED.,.F.,.F.,
 .F.)
B_SPLINE_SURFACE_WITH_KNOTS((3,2,2,3),(2,2),(-0.914203820354094,0.,0.921346623120368,
1.37130573053114),(3.16106851962963,5.11316447567379),.UNSPECIFIED.)
GEOMETRIC_REPRESENTATION_ITEM()
RATIONAL_B_SPLINE_SURFACE(((1.,1.),(1.,1.),(1.,1.),(1.0355822577051,1.0355822577051),
(1.,1.),(1.,1.),(1.,1.)))
REPRESENTATION_ITEM('')
SURFACE()
);
#19=(
BOUNDED_SURFACE()
B_SPLINE_SURFACE(2,1,((#5139,#5140),(#5141,#5142),(#5143,#5144),(#5145,
#5146),(#5147,#5148),(#5149,#5150),(#5151,#5152)),.UNSPECIFIED.,.F.,.F.,
 .F.)
B_SPLINE_SURFACE_WITH_KNOTS((3,2,2,3),(2,2),(-0.914203820354094,0.,0.921346623120368,
1.37130573053114),(-1.09580600057654,2.37607253394937),.UNSPECIFIED.)
GEOMETRIC_REPRESENTATION_ITEM()
RATIONAL_B_SPLINE_SURFACE(((1.,1.),(1.,1.),(1.,1.),(1.0355822577051,1.0355822577051),
(1.,1.),(1.,1.),(1.,1.)))
REPRESENTATION_ITEM('')
SURFACE()
);
#20=(
BOUNDED_SURFACE()
B_SPLINE_SURFACE(2,2,((#5844,#5845,#5846,#5847,#5848,#5849,#5850,#5851,
#5852),(#5853,#5854,#5855,#5856,#5857,#5858,#5859,#5860,#5861),(#5862,#5863,
#5864,#5865,#5866,#5867,#5868,#5869,#5870)),.UNSPECIFIED.,.F.,.T.,.F.)
B_SPLINE_SURFACE_WITH_KNOTS((3,3),(3,2,2,2,3),(2.53441040993343,2.57276969015104),
(-3.14159265358979,-1.5707963267949,0.,1.5707963267949,3.14159265358979),
 .UNSPECIFIED.)
GEOMETRIC_REPRESENTATION_ITEM()
RATIONAL_B_SPLINE_SURFACE(((1.,0.707106781186548,1.,0.707106781186548,1.,
0.707106781186548,1.,0.707106781186548,1.),(0.99981607634091,0.706976727519985,
0.99981607634091,0.706976727519985,0.99981607634091,0.706976727519985,0.99981607634091,
0.706976727519985,0.99981607634091),(1.,0.707106781186548,1.,0.707106781186548,
1.,0.707106781186548,1.,0.707106781186548,1.)))
REPRESENTATION_ITEM('')
SURFACE()
);
#21=B_SPLINE_SURFACE_WITH_KNOTS('',3,3,((#3231,#3232,#3233,#3234),(#3235,
#3236,#3237,#3238),(#3239,#3240,#3241,#3242),(#3243,#3244,#3245,#3246)),
 .UNSPECIFIED.,.F.,.F.,.F.,(4,4),(4,4),(0.721929897745329,1.),(0.,1.),
 .UNSPECIFIED.);
#22=B_SPLINE_SURFACE_WITH_KNOTS('',3,3,((#3767,#3768,#3769,#3770),(#3771,
#3772,#3773,#3774),(#3775,#3776,#3777,#3778),(#3779,#3780,#3781,#3782)),
 .UNSPECIFIED.,.F.,.F.,.F.,(4,4),(4,4),(-4.42214881874641E-19,0.271771861391868),
(0.,1.),.UNSPECIFIED.);
#23=B_SPLINE_SURFACE_WITH_KNOTS('',3,3,((#3849,#3850,#3851,#3852,#3853,
#3854,#3855,#3856),(#3857,#3858,#3859,#3860,#3861,#3862,#3863,#3864),(#3865,
#3866,#3867,#3868,#3869,#3870,#3871,#3872),(#3873,#3874,#3875,#3876,#3877,
#3878,#3879,#3880),(#3881,#3882,#3883,#3884,#3885,#3886,#3887,#3888),(#3889,
#3890,#3891,#3892,#3893,#3894,#3895,#3896)),.UNSPECIFIED.,.F.,.F.,.F.,(4,
1,1,4),(4,1,1,1,1,4),(0.,0.285714285714286,0.571428571428571,1.),(2.6571877249261,
2.95523535387885,3.2532829828316,3.40230679730797,3.55133061178434,3.70035442626072),
 .UNSPECIFIED.);
#24=B_SPLINE_SURFACE_WITH_KNOTS('',3,3,((#4015,#4016,#4017,#4018,#4019,
#4020,#4021,#4022,#4023,#4024,#4025,#4026),(#4027,#4028,#4029,#4030,#4031,
#4032,#4033,#4034,#4035,#4036,#4037,#4038),(#4039,#4040,#4041,#4042,#4043,
#4044,#4045,#4046,#4047,#4048,#4049,#4050),(#4051,#4052,#4053,#4054,#4055,
#4056,#4057,#4058,#4059,#4060,#4061,#4062),(#4063,#4064,#4065,#4066,#4067,
#4068,#4069,#4070,#4071,#4072,#4073,#4074),(#4075,#4076,#4077,#4078,#4079,
#4080,#4081,#4082,#4083,#4084,#4085,#4086)),.UNSPECIFIED.,.F.,.F.,.F.,(4,
1,1,4),(4,1,1,1,1,1,1,1,1,4),(0.,0.285714285714286,0.571428571428571,1.),
(0.00200396188768751,0.261617857549917,0.521231753212146,0.65103870104326,
0.780845648874375,1.0404595445366,1.17026649236772,1.30007344019883,1.55968733586106,
1.81930123152329),.UNSPECIFIED.);
#25=B_SPLINE_SURFACE_WITH_KNOTS('',3,3,((#4099,#4100,#4101,#4102),(#4103,
#4104,#4105,#4106),(#4107,#4108,#4109,#4110),(#4111,#4112,#4113,#4114),
(#4115,#4116,#4117,#4118),(#4119,#4120,#4121,#4122),(#4123,#4124,#4125,
#4126),(#4127,#4128,#4129,#4130),(#4131,#4132,#4133,#4134),(#4135,#4136,
#4137,#4138),(#4139,#4140,#4141,#4142),(#4143,#4144,#4145,#4146),(#4147,
#4148,#4149,#4150),(#4151,#4152,#4153,#4154),(#4155,#4156,#4157,#4158),
(#4159,#4160,#4161,#4162)),.UNSPECIFIED.,.F.,.F.,.F.,(4,1,1,1,2,1,1,2,1,
1,1,4),(4,4),(-9.53182093473518E-17,0.074329084632666,0.148658169265332,
0.222987253897998,0.37164542316333,0.474329084632665,0.525670915367332,
0.628354576836667,0.777012746102,0.851341830734667,0.925670915367333,1.),
(-0.0468005757850758,1.),.UNSPECIFIED.);
#26=B_SPLINE_SURFACE_WITH_KNOTS('',3,3,((#4361,#4362,#4363,#4364,#4365,
#4366,#4367,#4368,#4369,#4370,#4371,#4372,#4373,#4374,#4375),(#4376,#4377,
#4378,#4379,#4380,#4381,#4382,#4383,#4384,#4385,#4386,#4387,#4388,#4389,
#4390),(#4391,#4392,#4393,#4394,#4395,#4396,#4397,#4398,#4399,#4400,#4401,
#4402,#4403,#4404,#4405),(#4406,#4407,#4408,#4409,#4410,#4411,#4412,#4413,
#4414,#4415,#4416,#4417,#4418,#4419,#4420),(#4421,#4422,#4423,#4424,#4425,
#4426,#4427,#4428,#4429,#4430,#4431,#4432,#4433,#4434,#4435)),
 .UNSPECIFIED.,.F.,.T.,.F.,(4,1,4),(4,1,1,1,1,1,1,1,1,1,1,1,4),(0.,0.571428571428571,
1.),(-1.5756978889495,-1.46314803973882,-1.35059819052814,-1.23804834131746,
-1.12549849210679,-0.900398793685429,-0.862882177281869,-0.675299095264072,
-0.450199396842714,-0.393924472237375,-0.225099698421357,-0.112549849210679,
0.),.UNSPECIFIED.);
#27=B_SPLINE_SURFACE_WITH_KNOTS('',3,3,((#4512,#4513,#4514,#4515,#4516,
#4517,#4518,#4519,#4520,#4521),(#4522,#4523,#4524,#4525,#4526,#4527,#4528,
#4529,#4530,#4531),(#4532,#4533,#4534,#4535,#4536,#4537,#4538,#4539,#4540,
#4541),(#4542,#4543,#4544,#4545,#4546,#4547,#4548,#4549,#4550,#4551),(#4552,
#4553,#4554,#4555,#4556,#4557,#4558,#4559,#4560,#4561)),.UNSPECIFIED.,.F.,
 .F.,.F.,(4,1,4),(4,2,1,1,1,1,4),(0.,0.571428571428571,1.),(-2.84281831376711,
-2.84081853121573,-2.66280544945061,-2.4847923676855,-2.30677928592038,
-2.12876620415527,-1.95075312239015),.UNSPECIFIED.);
#28=B_SPLINE_SURFACE_WITH_KNOTS('',3,3,((#4597,#4598,#4599,#4600,#4601,
#4602),(#4603,#4604,#4605,#4606,#4607,#4608),(#4609,#4610,#4611,#4612,#4613,
#4614),(#4615,#4616,#4617,#4618,#4619,#4620),(#4621,#4622,#4623,#4624,#4625,
#4626),(#4627,#4628,#4629,#4630,#4631,#4632)),.UNSPECIFIED.,.F.,.F.,.F.,
(4,1,1,4),(4,1,1,4),(0.,0.285714285714286,0.571428571428571,1.),(-2.23251786613303E-15,
0.548945519617964,0.914909199363275,1.28087287910859),.UNSPECIFIED.);
#29=B_SPLINE_SURFACE_WITH_KNOTS('',3,3,((#4639,#4640,#4641,#4642),(#4643,
#4644,#4645,#4646),(#4647,#4648,#4649,#4650),(#4651,#4652,#4653,#4654),
(#4655,#4656,#4657,#4658),(#4659,#4660,#4661,#4662)),.UNSPECIFIED.,.F.,
 .F.,.F.,(4,1,1,4),(4,4),(0.,0.285714285714286,0.571428571428571,1.),(-0.743632328752748,
-0.135164530365908),.UNSPECIFIED.);
#30=B_SPLINE_SURFACE_WITH_KNOTS('',3,1,((#4675,#4676),(#4677,#4678),(#4679,
#4680),(#4681,#4682),(#4683,#4684),(#4685,#4686),(#4687,#4688),(#4689,#4690),
(#4691,#4692),(#4693,#4694),(#4695,#4696),(#4697,#4698),(#4699,#4700),(#4701,
#4702),(#4703,#4704),(#4705,#4706),(#4707,#4708),(#4709,#4710),(#4711,#4712),
(#4713,#4714),(#4715,#4716),(#4717,#4718),(#4719,#4720),(#4721,#4722),(#4723,
#4724),(#4725,#4726),(#4727,#4728),(#4729,#4730),(#4731,#4732),(#4733,#4734),
(#4735,#4736),(#4737,#4738),(#4739,#4740),(#4741,#4742),(#4743,#4744),(#4745,
#4746),(#4747,#4748)),.UNSPECIFIED.,.F.,.F.,.F.,(4,3,3,3,3,3,3,3,3,3,3,
3,4),(2,2),(-0.288711936592296,-0.203105474165068,-0.0558861984196186,0.0536236709521143,
0.13508319063179,0.254809038030386,0.37164542316333,0.437400058530906,0.534043513718538,
0.628354576836667,0.723549504389699,0.863463088635622,1.),(-0.471398449493961,
1.1),.UNSPECIFIED.);
#31=B_SPLINE_SURFACE_WITH_KNOTS('',3,3,((#4793,#4794,#4795,#4796,#4797,
#4798,#4799,#4800,#4801,#4802,#4803,#4804,#4805,#4806,#4807,#4808,#4809,
#4810,#4811,#4812,#4813,#4814,#4815,#4816),(#4817,#4818,#4819,#4820,#4821,
#4822,#4823,#4824,#4825,#4826,#4827,#4828,#4829,#4830,#4831,#4832,#4833,
#4834,#4835,#4836,#4837,#4838,#4839,#4840),(#4841,#4842,#4843,#4844,#4845,
#4846,#4847,#4848,#4849,#4850,#4851,#4852,#4853,#4854,#4855,#4856,#4857,
#4858,#4859,#4860,#4861,#4862,#4863,#4864),(#4865,#4866,#4867,#4868,#4869,
#4870,#4871,#4872,#4873,#4874,#4875,#4876,#4877,#4878,#4879,#4880,#4881,
#4882,#4883,#4884,#4885,#4886,#4887,#4888),(#4889,#4890,#4891,#4892,#4893,
#4894,#4895,#4896,#4897,#4898,#4899,#4900,#4901,#4902,#4903,#4904,#4905,
#4906,#4907,#4908,#4909,#4910,#4911,#4912)),.UNSPECIFIED.,.F.,.F.,.F.,(4,
1,4),(4,1,1,1,1,1,1,2,1,1,1,1,1,1,2,1,1,1,1,4),(0.,0.571428571428571,1.),
(-7.62910906650075E-17,0.861080326223714,1.72216065244743,2.58324097867114,
3.44432130489486,3.87486146800671,4.09013154956264,4.30540163111857,4.88120006569826,
5.45699850027795,6.03279693485764,6.60859536943733,6.89649458672718,7.0404441953721,
7.18439380401702,7.53619223866612,7.88799067331523,8.59158754261343,9.29518441191163,
10.702378150508),.UNSPECIFIED.);
#32=B_SPLINE_SURFACE_WITH_KNOTS('',3,3,((#5195,#5196,#5197,#5198,#5199,
#5200,#5201,#5202,#5203,#5204,#5205,#5206),(#5207,#5208,#5209,#5210,#5211,
#5212,#5213,#5214,#5215,#5216,#5217,#5218),(#5219,#5220,#5221,#5222,#5223,
#5224,#5225,#5226,#5227,#5228,#5229,#5230),(#5231,#5232,#5233,#5234,#5235,
#5236,#5237,#5238,#5239,#5240,#5241,#5242),(#5243,#5244,#5245,#5246,#5247,
#5248,#5249,#5250,#5251,#5252,#5253,#5254)),.UNSPECIFIED.,.F.,.F.,.F.,(4,
1,4),(4,1,1,1,1,1,1,2,4),(0.,0.571428571428571,1.),(-3.95750831249756,-3.16600664999805,
-2.37450498749854,-1.58300332499902,-1.18725249374927,-0.791501662499512,
-0.395750831249756,0.,0.00279771388010049),.UNSPECIFIED.);
#33=B_SPLINE_SURFACE_WITH_KNOTS('',3,3,((#5284,#5285,#5286,#5287,#5288,
#5289,#5290,#5291,#5292,#5293,#5294,#5295,#5296,#5297,#5298,#5299,#5300,
#5301,#5302),(#5303,#5304,#5305,#5306,#5307,#5308,#5309,#5310,#5311,#5312,
#5313,#5314,#5315,#5316,#5317,#5318,#5319,#5320,#5321),(#5322,#5323,#5324,
#5325,#5326,#5327,#5328,#5329,#5330,#5331,#5332,#5333,#5334,#5335,#5336,
#5337,#5338,#5339,#5340),(#5341,#5342,#5343,#5344,#5345,#5346,#5347,#5348,
#5349,#5350,#5351,#5352,#5353,#5354,#5355,#5356,#5357,#5358,#5359),(#5360,
#5361,#5362,#5363,#5364,#5365,#5366,#5367,#5368,#5369,#5370,#5371,#5372,
#5373,#5374,#5375,#5376,#5377,#5378)),.UNSPECIFIED.,.F.,.F.,.F.,(4,1,4),
(4,2,1,1,1,1,1,1,1,1,1,1,1,1,1,4),(0.,0.571428571428571,1.),(-7.91388089218744,
-7.91247727042764,-7.39484568575964,-6.87721410109163,-6.61839830875762,
-6.35958251642362,-6.10076672408962,-5.84195093175561,-5.58313513942161,
-5.3243193470876,-5.0655035547536,-4.8066877624196,-4.28905617775159,-3.77142459308358,
-3.25379300841557,-2.73616142374757),.UNSPECIFIED.);
#34=B_SPLINE_SURFACE_WITH_KNOTS('',3,3,((#5425,#5426,#5427,#5428),(#5429,
#5430,#5431,#5432),(#5433,#5434,#5435,#5436),(#5437,#5438,#5439,#5440),
(#5441,#5442,#5443,#5444)),.UNSPECIFIED.,.F.,.F.,.F.,(4,1,4),(4,4),(0.,
0.571428571428571,1.),(0.548496041471216,0.834883898040882),
 .UNSPECIFIED.);
#35=B_SPLINE_SURFACE_WITH_KNOTS('',3,3,((#5455,#5456,#5457,#5458),(#5459,
#5460,#5461,#5462),(#5463,#5464,#5465,#5466),(#5467,#5468,#5469,#5470),
(#5471,#5472,#5473,#5474)),.UNSPECIFIED.,.F.,.F.,.F.,(4,1,4),(4,4),(0.,
0.571428571428571,1.),(-0.0326909889552545,0.548496473162391),
 .UNSPECIFIED.);
#36=B_SPLINE_SURFACE_WITH_KNOTS('',3,3,((#5479,#5480,#5481,#5482,#5483,
#5484,#5485,#5486,#5487,#5488,#5489,#5490),(#5491,#5492,#5493,#5494,#5495,
#5496,#5497,#5498,#5499,#5500,#5501,#5502),(#5503,#5504,#5505,#5506,#5507,
#5508,#5509,#5510,#5511,#5512,#5513,#5514),(#5515,#5516,#5517,#5518,#5519,
#5520,#5521,#5522,#5523,#5524,#5525,#5526)),.UNSPECIFIED.,.F.,.F.,.F.,(4,
4),(4,2,1,1,1,1,1,1,4),(0.,1.),(-4.06420621041137,-4.06198895612402,-3.79300324987218,
-3.65851039674625,-3.52401754362033,-3.38952469049441,-3.25503183736849,
-2.98604613111665,-2.7170604248648),.UNSPECIFIED.);
#37=B_SPLINE_SURFACE_WITH_KNOTS('',3,3,((#5553,#5554,#5555,#5556),(#5557,
#5558,#5559,#5560),(#5561,#5562,#5563,#5564),(#5565,#5566,#5567,#5568),
(#5569,#5570,#5571,#5572)),.UNSPECIFIED.,.F.,.F.,.F.,(4,1,4),(4,4),(0.,
0.571428571428571,1.),(3.49397469592195E-16,0.295234658463211),
 .UNSPECIFIED.);
#38=B_SPLINE_SURFACE_WITH_KNOTS('',3,3,((#5579,#5580,#5581,#5582),(#5583,
#5584,#5585,#5586),(#5587,#5588,#5589,#5590),(#5591,#5592,#5593,#5594),
(#5595,#5596,#5597,#5598)),.UNSPECIFIED.,.F.,.F.,.F.,(4,1,4),(4,4),(0.,
0.571428571428571,1.),(0.,0.575503586274007),.UNSPECIFIED.);
#39=B_SPLINE_SURFACE_WITH_KNOTS('',3,3,((#5603,#5604,#5605,#5606,#5607,
#5608,#5609,#5610,#5611,#5612,#5613),(#5614,#5615,#5616,#5617,#5618,#5619,
#5620,#5621,#5622,#5623,#5624),(#5625,#5626,#5627,#5628,#5629,#5630,#5631,
#5632,#5633,#5634,#5635),(#5636,#5637,#5638,#5639,#5640,#5641,#5642,#5643,
#5644,#5645,#5646)),.UNSPECIFIED.,.F.,.F.,.F.,(4,4),(4,1,1,1,1,1,2,4),(0.,
1.),(-1.34785480474521,-1.07828384379616,-0.808712882847123,-0.673927402372603,
-0.539141921898082,-0.269570960949041,0.,0.00221725428734993),
 .UNSPECIFIED.);
#40=B_SPLINE_SURFACE_WITH_KNOTS('',3,3,((#5665,#5666,#5667,#5668,#5669,
#5670),(#5671,#5672,#5673,#5674,#5675,#5676),(#5677,#5678,#5679,#5680,#5681,
#5682),(#5683,#5684,#5685,#5686,#5687,#5688),(#5689,#5690,#5691,#5692,#5693,
#5694),(#5695,#5696,#5697,#5698,#5699,#5700)),.UNSPECIFIED.,.F.,.F.,.F.,
(4,1,1,4),(4,1,1,4),(0.,0.285714285714286,0.571428571428571,1.),(0.,0.114585617619891,
0.190976029366484,0.267366441113078),.UNSPECIFIED.);
#41=B_SPLINE_SURFACE_WITH_KNOTS('',3,3,((#5712,#5713,#5714,#5715,#5716),
(#5717,#5718,#5719,#5720,#5721),(#5722,#5723,#5724,#5725,#5726),(#5727,
#5728,#5729,#5730,#5731),(#5732,#5733,#5734,#5735,#5736),(#5737,#5738,#5739,
#5740,#5741)),.UNSPECIFIED.,.F.,.F.,.F.,(4,1,1,4),(4,1,4),(0.,0.285714285714286,
0.571428571428571,1.),(0.0375041259945261,0.147639761070751,0.294487274505717),
 .UNSPECIFIED.);
#42=TOROIDAL_SURFACE('',#2185,96.318614458846,3.);
#43=TOROIDAL_SURFACE('',#2204,46.3226684348779,2.);
#44=TOROIDAL_SURFACE('',#2217,4.,1.5);
#45=TOROIDAL_SURFACE('',#2227,4.,1.5);
#46=TOROIDAL_SURFACE('',#2239,38.6932098531776,3.);
#47=TOROIDAL_SURFACE('',#2246,31.247921556713,3.);
#48=TOROIDAL_SURFACE('',#2282,46.3226684348778,2.);
#49=TOROIDAL_SURFACE('',#2293,14.3972802612006,3.);
#50=TOROIDAL_SURFACE('',#2302,20.3576368212685,3.);
#51=TOROIDAL_SURFACE('',#2305,29.7000000000002,1.);
#52=TOROIDAL_SURFACE('',#2310,35.7913371278324,1.);
#53=TOROIDAL_SURFACE('',#2332,9.50000000000002,0.5);
#54=ELLIPSE('',#2159,5.0000510132604,5.);
#55=ELLIPSE('',#2163,5.00005101326035,5.);
#56=B_SPLINE_CURVE_WITH_KNOTS('',3,(#2937,#2938,#2939,#2940,#2941,#2942),
 .UNSPECIFIED.,.F.,.F.,(4,2,4),(-0.171060679500749,-0.149581179003485,0.),
 .UNSPECIFIED.);
#57=B_SPLINE_CURVE_WITH_KNOTS('',3,(#2948,#2949,#2950,#2951,#2952,#2953,
#2954,#2955,#2956,#2957,#2958,#2959,#2960,#2961),.UNSPECIFIED.,.F.,.F.,
(4,2,2,2,2,2,4),(-0.281499571113987,-0.244195201955497,-0.1975388932961,
-0.157030343137822,-0.121792359436467,-0.0924434209414744,-0.0699980384279284),
 .UNSPECIFIED.);
#58=B_SPLINE_CURVE_WITH_KNOTS('',3,(#2963,#2964,#2965,#2966,#2967,#2968,
#2969,#2970,#2971,#2972),.UNSPECIFIED.,.F.,.F.,(4,2,2,2,4),(-0.150538430578311,
-0.139739697454983,-0.102412702207769,-0.0556955264567464,-0.0218083736305309),
 .UNSPECIFIED.);
#59=B_SPLINE_CURVE_WITH_KNOTS('',3,(#2974,#2975,#2976,#2977,#2978,#2979,
#2980),.UNSPECIFIED.,.F.,.F.,(4,3,4),(-0.0209274126182424,-0.0096060594051406,
-0.00020800393834678),.UNSPECIFIED.);
#60=B_SPLINE_CURVE_WITH_KNOTS('',3,(#2984,#2985,#2986,#2987),
 .UNSPECIFIED.,.F.,.F.,(4,4),(-0.0443641808388901,0.),.UNSPECIFIED.);
#61=B_SPLINE_CURVE_WITH_KNOTS('',3,(#2991,#2992,#2993,#2994,#2995,#2996,
#2997,#2998,#2999,#3000),.UNSPECIFIED.,.F.,.F.,(4,2,2,2,4),(-0.313924225280066,
-0.308641257047443,-0.272667329146819,-0.239140300694625,-0.22124486571406),
 .UNSPECIFIED.);
#62=B_SPLINE_CURVE_WITH_KNOTS('',3,(#3004,#3005,#3006,#3007,#3008,#3009,
#3010,#3011,#3012,#3013,#3014,#3015,#3016,#3017),.UNSPECIFIED.,.F.,.F.,
(4,2,2,2,2,2,4),(-0.298529182273838,-0.28431115683354,-0.215899803339987,
-0.153173889542981,-0.0968134405669417,-0.0449312063164205,0.),
 .UNSPECIFIED.);
#63=B_SPLINE_CURVE_WITH_KNOTS('',3,(#3025,#3026,#3027,#3028),
 .UNSPECIFIED.,.F.,.F.,(4,4),(21.531503745317,22.0638455121235),
 .UNSPECIFIED.);
#64=B_SPLINE_CURVE_WITH_KNOTS('',3,(#3034,#3035,#3036,#3037,#3038,#3039,
#3040,#3041,#3042,#3043,#3044,#3045,#3046,#3047,#3048,#3049,#3050,#3051),
 .UNSPECIFIED.,.F.,.F.,(4,2,2,2,2,2,2,2,4),(-0.58071257544252,-0.5638076574799,
-0.530742316137321,-0.501142828001029,-0.47749002615105,-0.451761307030986,
-0.413351189634752,-0.353499620631028,-0.294574211153062),.UNSPECIFIED.);
#65=B_SPLINE_CURVE_WITH_KNOTS('',3,(#3055,#3056,#3057,#3058,#3059,#3060,
#3061,#3062,#3063,#3064,#3065,#3066,#3067,#3068,#3069,#3070,#3071,#3072,
#3073,#3074,#3075,#3076,#3077,#3078,#3079),.UNSPECIFIED.,.F.,.F.,(4,3,3,
3,3,3,3,3,4),(-0.129997575056197,-0.114135791942745,-0.0932730247729227,
-0.0856243475362015,-0.0553832426188367,-0.0508076428614446,-0.0217210744217991,
0.,0.0172823744425097),.UNSPECIFIED.);
#66=B_SPLINE_CURVE_WITH_KNOTS('',3,(#3084,#3085,#3086,#3087),
 .UNSPECIFIED.,.F.,.F.,(4,4),(-0.687833639064169,-0.0440205407281121),
 .UNSPECIFIED.);
#67=B_SPLINE_CURVE_WITH_KNOTS('',3,(#3089,#3090,#3091,#3092),
 .UNSPECIFIED.,.F.,.F.,(4,4),(-0.0867524275160732,0.),.UNSPECIFIED.);
#68=B_SPLINE_CURVE_WITH_KNOTS('',3,(#3096,#3097,#3098,#3099,#3100,#3101,
#3102,#3103,#3104,#3105,#3106,#3107,#3108,#3109,#3110,#3111,#3112,#3113,
#3114),.UNSPECIFIED.,.F.,.F.,(4,3,3,3,3,3,4),(5.2293710096998,5.36742923115885,
5.55613054550443,5.74483185985001,5.93353317419559,6.12223448854117,6.12435434171207),
 .UNSPECIFIED.);
#69=B_SPLINE_CURVE_WITH_KNOTS('',3,(#3122,#3123,#3124,#3125,#3126,#3127,
#3128,#3129,#3130,#3131),.UNSPECIFIED.,.F.,.F.,(4,2,2,2,4),(5.06189574802883,
5.27169711830165,5.69783459285014,6.12397206739863,6.33377343767145),
 .UNSPECIFIED.);
#70=B_SPLINE_CURVE_WITH_KNOTS('',3,(#3137,#3138,#3139,#3140,#3141,#3142),
 .UNSPECIFIED.,.F.,.F.,(4,2,4),(0.,0.146262443793191,0.153197251740409),
 .UNSPECIFIED.);
#71=B_SPLINE_CURVE_WITH_KNOTS('',3,(#3158,#3159,#3160,#3161,#3162,#3163,
#3164,#3165,#3166,#3167,#3168,#3169,#3170,#3171,#3172,#3173,#3174,#3175,
#3176,#3177,#3178,#3179,#3180,#3181),.UNSPECIFIED.,.F.,.F.,(4,1,1,1,1,1,
1,2,1,1,1,1,1,1,2,1,1,1,1,4),(0.0350061415024334,0.861080326223714,1.72216065244743,
2.58324097867114,3.44432130489486,3.87486146800671,4.09013154956264,4.30540163111857,
4.88120006569826,5.45699850027795,6.03279693485764,6.60859536943733,6.89649458672718,
7.0404441953721,7.18439380401702,7.53619223866612,7.88799067331523,8.59158754261343,
9.29518441191163,10.702378150508),.UNSPECIFIED.);
#72=B_SPLINE_CURVE_WITH_KNOTS('',3,(#3209,#3210,#3211,#3212),
 .UNSPECIFIED.,.F.,.F.,(4,4),(-0.940334401093881,-0.526076232309103),
 .UNSPECIFIED.);
#73=B_SPLINE_CURVE_WITH_KNOTS('',3,(#3216,#3217,#3218,#3219,#3220,#3221,
#3222,#3223,#3224,#3225,#3226,#3227),.UNSPECIFIED.,.F.,.F.,(4,2,2,2,2,4),
(-1.30096476331281,-1.29043534727878,-1.20492818375957,-1.08244461165211,
-0.953433818934424,-0.875705210699404),.UNSPECIFIED.);
#74=B_SPLINE_CURVE_WITH_KNOTS('',3,(#3248,#3249,#3250,#3251,#3252,#3253),
 .UNSPECIFIED.,.F.,.F.,(4,2,4),(-1.2709223699674,-1.16658197348179,-0.853360372913563),
 .UNSPECIFIED.);
#75=B_SPLINE_CURVE_WITH_KNOTS('',3,(#3255,#3256,#3257,#3258,#3259,#3260,
#3261,#3262,#3263,#3264,#3265,#3266,#3267,#3268,#3269,#3270),
 .UNSPECIFIED.,.F.,.F.,(4,2,2,2,2,2,2,4),(0.,0.478622287770515,0.673630337948683,
0.713990885380439,0.739195382503044,0.760417889646744,0.783431808605457,
0.823642331349643),.UNSPECIFIED.);
#76=B_SPLINE_CURVE_WITH_KNOTS('',3,(#3276,#3277,#3278,#3279,#3280,#3281,
#3282,#3283,#3284,#3285),.UNSPECIFIED.,.F.,.F.,(4,3,3,4),(0.,0.012574996095283,
0.017941306084742,0.0226870632400377),.UNSPECIFIED.);
#77=B_SPLINE_CURVE_WITH_KNOTS('',3,(#3287,#3288,#3289,#3290,#3291,#3292,
#3293,#3294,#3295,#3296,#3297,#3298,#3299,#3300,#3301,#3302,#3303,#3304,
#3305,#3306,#3307,#3308,#3309,#3310,#3311,#3312,#3313,#3314,#3315,#3316,
#3317,#3318,#3319,#3320,#3321,#3322,#3323,#3324,#3325,#3326,#3327,#3328,
#3329,#3330,#3331,#3332,#3333,#3334,#3335,#3336,#3337,#3338,#3339,#3340,
#3341,#3342,#3343,#3344,#3345,#3346,#3347,#3348,#3349,#3350,#3351,#3352,
#3353,#3354,#3355,#3356,#3357,#3358,#3359,#3360,#3361,#3362,#3363,#3364,
#3365,#3366,#3367,#3368,#3369,#3370,#3371,#3372,#3373,#3374,#3375,#3376,
#3377,#3378,#3379,#3380,#3381,#3382,#3383,#3384,#3385,#3386,#3387,#3388,
#3389,#3390,#3391,#3392,#3393,#3394,#3395,#3396,#3397,#3398,#3399,#3400,
#3401,#3402,#3403,#3404,#3405,#3406,#3407,#3408,#3409,#3410,#3411,#3412,
#3413,#3414,#3415,#3416,#3417,#3418,#3419,#3420,#3421,#3422,#3423,#3424,
#3425,#3426,#3427,#3428,#3429,#3430,#3431,#3432,#3433,#3434,#3435,#3436,
#3437,#3438,#3439,#3440,#3441,#3442,#3443,#3444,#3445,#3446,#3447,#3448,
#3449,#3450,#3451,#3452,#3453,#3454,#3455),.UNSPECIFIED.,.F.,.F.,(4,3,3,
3,3,3,3,3,3,3,3,3,3,3,3,3,3,3,3,3,3,3,3,3,3,3,3,3,3,3,3,3,3,3,3,3,3,3,3,
3,3,3,3,3,3,3,3,3,3,3,3,3,3,3,3,3,4),(-1.81930123152328,-1.76676965035997,
-1.74586342323738,-1.72742439370184,-1.6885806583484,-1.64887778260922,
-1.61127235090683,-1.60917490687003,-1.57583439166499,-1.55942629526903,
-1.5261132000117,-1.49127748564116,-1.46410431067229,-1.42966758480705,
-1.39327841424331,-1.35600652069463,-1.31838228671041,-1.29944250001978,
-1.28573452321541,-1.23883284986993,-1.19031179832154,-1.16980530883476,
-1.12121717781099,-1.10326620568502,-1.05096245055785,-1.04013801327578,
-0.988523511726847,-0.957452180478634,-0.892867943783201,-0.846878564809898,
-0.805858856013976,-0.780453247117197,-0.755058480701375,-0.715207300827097,
-0.676496862775268,-0.661905976543139,-0.650741017329338,-0.617103560023264,
-0.583477032688722,-0.550600128807357,-0.534673451054387,-0.52082130407403,
-0.491434922903793,-0.461882401227909,-0.431947117387295,-0.417514325979394,
-0.376611423355029,-0.334459146486733,-0.291201101256184,-0.285898641963323,
-0.261648787612885,-0.216304252212258,-0.16933048144859,-0.127708621361769,
-0.074804726022533,-0.0218811144972031,-0.010123682677852),
 .UNSPECIFIED.);
#78=B_SPLINE_CURVE_WITH_KNOTS('',3,(#3457,#3458,#3459,#3460,#3461,#3462,
#3463,#3464,#3465,#3466),.UNSPECIFIED.,.F.,.F.,(4,3,3,4),(0.559433743364827,
0.585066957372879,0.616469963732135,0.625454528267581),.UNSPECIFIED.);
#79=B_SPLINE_CURVE_WITH_KNOTS('',3,(#3471,#3472,#3473,#3474,#3475,#3476),
 .UNSPECIFIED.,.F.,.F.,(4,2,4),(2.73017452596296E-7,1.47569312031875,1.66460492810742),
 .UNSPECIFIED.);
#80=B_SPLINE_CURVE_WITH_KNOTS('',3,(#3493,#3494,#3495,#3496),
 .UNSPECIFIED.,.F.,.F.,(4,4),(-4.52724140863994,-4.02405668612678),
 .UNSPECIFIED.);
#81=B_SPLINE_CURVE_WITH_KNOTS('',3,(#3498,#3499,#3500,#3501,#3502,#3503,
#3504,#3505,#3506,#3507,#3508,#3509,#3510),.UNSPECIFIED.,.F.,.F.,(4,1,1,
1,1,1,1,1,1,1,4),(0.183864412200245,0.225099698421357,0.393924472237375,
0.450199396842714,0.675299095264072,0.862882177281869,0.900398793685429,
1.12549849210679,1.23804834131746,1.35059819052814,1.45256410246167),
 .UNSPECIFIED.);
#82=B_SPLINE_CURVE_WITH_KNOTS('',3,(#3512,#3513,#3514,#3515,#3516,#3517),
 .UNSPECIFIED.,.F.,.F.,(4,2,4),(-3.56721138107301,-2.66446127160877,-1.96205384421658),
 .UNSPECIFIED.);
#83=B_SPLINE_CURVE_WITH_KNOTS('',3,(#3519,#3520,#3521,#3522,#3523,#3524,
#3525,#3526,#3527,#3528,#3529,#3530,#3531,#3532,#3533,#3534,#3535,#3536,
#3537),.UNSPECIFIED.,.F.,.F.,(4,2,1,1,1,1,1,1,1,1,1,1,1,1,1,4),(-7.91388089218744,
-7.91247727042764,-7.39484568575964,-6.87721410109163,-6.61839830875762,
-6.35958251642362,-6.10076672408962,-5.84195093175561,-5.58313513942161,
-5.3243193470876,-5.0655035547536,-4.8066877624196,-4.28905617775159,-3.77142459308358,
-3.25379300841557,-2.73616142374757),.UNSPECIFIED.);
#84=B_SPLINE_CURVE_WITH_KNOTS('',3,(#3541,#3542,#3543,#3544,#3545,#3546,
#3547,#3548,#3549,#3550,#3551,#3552),.UNSPECIFIED.,.F.,.F.,(4,1,1,1,1,1,
1,2,4),(-3.95750831249756,-3.16600664999805,-2.37450498749854,-1.58300332499902,
-1.18725249374927,-0.791501662499512,-0.395750831249756,0.,0.00279771388010049),
 .UNSPECIFIED.);
#85=B_SPLINE_CURVE_WITH_KNOTS('',3,(#3554,#3555,#3556,#3557,#3558,#3559,
#3560,#3561),.UNSPECIFIED.,.F.,.F.,(4,2,2,4),(-3.93882119847268,-2.6701632940621,
-1.29298996982129,0.),.UNSPECIFIED.);
#86=B_SPLINE_CURVE_WITH_KNOTS('',3,(#3563,#3564,#3565,#3566),
 .UNSPECIFIED.,.F.,.F.,(4,4),(4.3212345405388,5.96107132591815),
 .UNSPECIFIED.);
#87=B_SPLINE_CURVE_WITH_KNOTS('',3,(#3568,#3569,#3570,#3571,#3572,#3573,
#3574,#3575,#3576,#3577,#3578,#3579),.UNSPECIFIED.,.F.,.F.,(4,2,2,2,2,4),
(0.187832357569549,0.20159473041429,0.241021976005783,0.280004830354738,
0.319749449754789,0.321903706713059),.UNSPECIFIED.);
#88=B_SPLINE_CURVE_WITH_KNOTS('',3,(#3581,#3582,#3583,#3584),
 .UNSPECIFIED.,.F.,.F.,(4,4),(-1.94907901977368,-1.34805902095434),
 .UNSPECIFIED.);
#89=B_SPLINE_CURVE_WITH_KNOTS('',3,(#3586,#3587,#3588,#3589,#3590,#3591,
#3592,#3593,#3594,#3595,#3596,#3597,#3598,#3599,#3600,#3601,#3602,#3603,
#3604),.UNSPECIFIED.,.F.,.F.,(4,2,2,3,2,2,2,2,4),(-0.590188716634292,-0.289981023662806,
-0.0748696019922847,0.,0.0304692288301485,0.0472619353226316,0.0575203971915808,
0.0666012415395467,0.0700251789712425),.UNSPECIFIED.);
#90=B_SPLINE_CURVE_WITH_KNOTS('',3,(#3606,#3607,#3608,#3609),
 .UNSPECIFIED.,.F.,.F.,(4,4),(-2.2652071280659,-0.199126997631835),
 .UNSPECIFIED.);
#91=B_SPLINE_CURVE_WITH_KNOTS('',3,(#3611,#3612,#3613,#3614,#3615,#3616,
#3617,#3618,#3619,#3620,#3621,#3622,#3623,#3624,#3625,#3626,#3627,#3628,
#3629,#3630),.UNSPECIFIED.,.F.,.F.,(4,2,2,2,2,2,2,2,2,4),(-3.31666234734284,
-3.31162899666284,-3.30257577175863,-3.28661033625391,-3.25260850686425,
-3.201792340337,-3.11648223831136,-2.96866640117142,-2.23888531770294,-2.13919695105975),
 .UNSPECIFIED.);
#92=B_SPLINE_CURVE_WITH_KNOTS('',3,(#3631,#3632,#3633,#3634),
 .UNSPECIFIED.,.F.,.F.,(4,4),(-1.180172503172,-0.560118614184882),
 .UNSPECIFIED.);
#93=B_SPLINE_CURVE_WITH_KNOTS('',3,(#3646,#3647,#3648,#3649),
 .UNSPECIFIED.,.F.,.F.,(4,4),(-0.714983115127469,-0.0627202115136428),
 .UNSPECIFIED.);
#94=B_SPLINE_CURVE_WITH_KNOTS('',3,(#3655,#3656,#3657,#3658,#3659,#3660,
#3661,#3662,#3663,#3664,#3665,#3666,#3667,#3668,#3669,#3670,#3671,#3672,
#3673,#3674,#3675,#3676,#3677,#3678,#3679,#3680,#3681,#3682,#3683,#3684,
#3685),.UNSPECIFIED.,.F.,.F.,(4,3,3,3,3,3,3,3,3,3,4),(-0.0245269578006048,
0.,0.0154995930571763,0.0590456187094015,0.0831368240794253,0.0904488018191533,
0.109964538582398,0.118888425581137,0.13638557783928,0.150582736277899,
0.164744256770794),.UNSPECIFIED.);
#95=B_SPLINE_CURVE_WITH_KNOTS('',3,(#3689,#3690,#3691,#3692,#3693,#3694,
#3695,#3696,#3697,#3698,#3699,#3700,#3701,#3702,#3703,#3704,#3705,#3706),
 .UNSPECIFIED.,.F.,.F.,(4,2,2,2,2,2,2,2,4),(-0.282324001907241,-0.258383034438402,
-0.195196381717163,-0.152770594124834,-0.123017182720227,-0.0985684194095268,
-0.0728894622090902,-0.041171097288374,-0.00343601451635448),
 .UNSPECIFIED.);
#96=B_SPLINE_CURVE_WITH_KNOTS('',3,(#3712,#3713,#3714,#3715,#3716,#3717,
#3718,#3719,#3720,#3721,#3722,#3723,#3724,#3725),.UNSPECIFIED.,.F.,.F.,
(4,2,2,2,2,2,4),(-0.531291345664237,-0.509787685535132,-0.481608001768311,
-0.427294197281891,-0.35822065871444,-0.286270172261449,-0.27084947678932),
 .UNSPECIFIED.);
#97=B_SPLINE_CURVE_WITH_KNOTS('',3,(#3729,#3730,#3731,#3732,#3733,#3734,
#3735),.UNSPECIFIED.,.F.,.F.,(4,3,4),(-0.28701417003245,-0.262600987042296,
-0.254793854493621),.UNSPECIFIED.);
#98=B_SPLINE_CURVE_WITH_KNOTS('',3,(#3736,#3737,#3738,#3739,#3740,#3741),
 .UNSPECIFIED.,.F.,.F.,(4,2,4),(0.636162945761687,0.642730777714194,0.788993221507384),
 .UNSPECIFIED.);
#99=B_SPLINE_CURVE_WITH_KNOTS('',3,(#3744,#3745,#3746,#3747),
 .UNSPECIFIED.,.F.,.F.,(4,4),(17.5295173844212,18.0612929031484),
 .UNSPECIFIED.);
#100=B_SPLINE_CURVE_WITH_KNOTS('',3,(#3755,#3756,#3757,#3758,#3759,#3760,
#3761,#3762,#3763,#3764,#3765,#3766),.UNSPECIFIED.,.F.,.F.,(4,2,2,2,2,4),
(-1.67446350759916,-1.42070417330491,-1.16694483901067,-0.985091576884877,
-0.803238314759086,-0.752856011545426),.UNSPECIFIED.);
#101=B_SPLINE_CURVE_WITH_KNOTS('',3,(#3785,#3786,#3787,#3788),
 .UNSPECIFIED.,.F.,.F.,(4,4),(-4.42214881874641E-19,0.161391352794825),
 .UNSPECIFIED.);
#102=B_SPLINE_CURVE_WITH_KNOTS('',3,(#3794,#3795,#3796,#3797,#3798,#3799,
#3800,#3801,#3802,#3803,#3804,#3805,#3806,#3807,#3808,#3809,#3810,#3811,
#3812,#3813,#3814,#3815,#3816,#3817,#3818,#3819,#3820,#3821,#3822,#3823,
#3824,#3825,#3826,#3827,#3828,#3829,#3830,#3831),.UNSPECIFIED.,.F.,.F.,
(4,2,2,2,2,2,2,2,2,2,2,2,2,2,2,2,2,2,4),(-0.901308972581266,-0.848090053271203,
-0.810281540124687,-0.776836608706935,-0.741348022408589,-0.687228208286131,
-0.56811171364435,-0.350323397349979,-0.34669628441225,-0.342497139053689,
-0.337631217423119,-0.331987444767857,-0.325435784905602,-0.317824426288407,
-0.308976951055675,-0.298689783655974,-0.28673039727648,-0.272836986971496,
0.),.UNSPECIFIED.);
#103=B_SPLINE_CURVE_WITH_KNOTS('',3,(#3832,#3833,#3834,#3835),
 .UNSPECIFIED.,.F.,.F.,(4,4),(-1.24044172925908,-0.801513897080909),
 .UNSPECIFIED.);
#104=B_SPLINE_CURVE_WITH_KNOTS('',3,(#3845,#3846,#3847,#3848),
 .UNSPECIFIED.,.F.,.F.,(4,4),(3.49397469592195E-16,0.295234658463211),
 .UNSPECIFIED.);
#105=B_SPLINE_CURVE_WITH_KNOTS('',3,(#3899,#3900,#3901,#3902,#3903,#3904,
#3905),.UNSPECIFIED.,.F.,.F.,(4,1,1,1,4),(2.6823173179569,2.95523535387885,
3.2532829828316,3.40230679730797,3.52216807396169),.UNSPECIFIED.);
#106=B_SPLINE_CURVE_WITH_KNOTS('',3,(#3906,#3907,#3908,#3909,#3910,#3911,
#3912,#3913,#3914,#3915),.UNSPECIFIED.,.F.,.F.,(4,2,2,2,4),(-0.000559311373107754,
0.,0.0578212520652422,0.116269299489484,0.174448633202937),
 .UNSPECIFIED.);
#107=B_SPLINE_CURVE_WITH_KNOTS('',3,(#3916,#3917,#3918,#3919,#3920,#3921,
#3922,#3923,#3924,#3925,#3926,#3927,#3928,#3929,#3930,#3931,#3932,#3933,
#3934,#3935,#3936,#3937,#3938,#3939,#3940,#3941,#3942,#3943,#3944,#3945,
#3946,#3947,#3948,#3949,#3950,#3951,#3952,#3953,#3954,#3955,#3956,#3957,
#3958,#3959,#3960,#3961,#3962,#3963,#3964,#3965,#3966,#3967,#3968,#3969,
#3970,#3971,#3972,#3973,#3974,#3975,#3976,#3977,#3978,#3979,#3980,#3981,
#3982,#3983,#3984,#3985,#3986,#3987,#3988,#3989,#3990,#3991,#3992,#3993,
#3994),.UNSPECIFIED.,.F.,.F.,(4,3,3,3,3,3,3,3,3,3,3,3,3,3,3,3,3,3,3,3,3,
3,3,3,3,3,4),(-3.69197061023716,-3.63970581329899,-3.60958982977996,-3.571044948739,
-3.55131967746335,-3.52161371642462,-3.49104567572737,-3.43944516883377,
-3.40224175559589,-3.35398813930608,-3.32343539484978,-3.2635130001271,
-3.25306024146602,-3.18564409730828,-3.17675559233857,-3.10786713114637,
-3.02523349946402,-2.98060029462412,-2.95482095465869,-2.89817291140308,
-2.84287990180042,-2.78994410276944,-2.77725836545793,-2.74042932007779,
-2.70410793798551,-2.6685607966507,-2.6571877249261),.UNSPECIFIED.);
#108=B_SPLINE_CURVE_WITH_KNOTS('',3,(#3996,#3997,#3998,#3999,#4000,#4001,
#4002,#4003,#4004,#4005,#4006,#4007,#4008,#4009),.UNSPECIFIED.,.F.,.F.,
(4,2,2,2,2,2,4),(-0.00058356503306657,0.,0.0543794599305815,0.107726674804965,
0.164350735683933,0.220590356102332,0.278389799902169),.UNSPECIFIED.);
#109=B_SPLINE_CURVE_WITH_KNOTS('',3,(#4010,#4011,#4012,#4013,#4014),
 .UNSPECIFIED.,.F.,.F.,(4,1,4),(3.52216807396169,3.55133061178434,3.64976213129931),
 .UNSPECIFIED.);
#110=B_SPLINE_CURVE_WITH_KNOTS('',3,(#4087,#4088,#4089,#4090,#4091,#4092,
#4093,#4094,#4095,#4096,#4097,#4098),.UNSPECIFIED.,.F.,.F.,(4,1,1,1,1,1,
1,1,1,4),(0.0484100280440393,0.261617857549917,0.521231753212146,0.65103870104326,
0.780845648874375,1.0404595445366,1.17026649236772,1.30007344019883,1.55968733586106,
1.79971381005394),.UNSPECIFIED.);
#111=B_SPLINE_CURVE_WITH_KNOTS('',3,(#4169,#4170,#4171,#4172,#4173,#4174,
#4175,#4176,#4177,#4178,#4179,#4180,#4181,#4182,#4183,#4184,#4185,#4186,
#4187,#4188,#4189,#4190,#4191,#4192,#4193,#4194,#4195,#4196,#4197,#4198,
#4199,#4200,#4201,#4202),.UNSPECIFIED.,.F.,.F.,(4,3,3,3,3,3,3,3,3,3,3,4),
(1.11758689413932E-7,1.34021296413147,2.68042598622503,4.02063900831859,
6.7010650525057,8.55253384076746,9.47826823489834,11.3297370231601,14.0101630673472,
15.3503760894407,16.6905891115343,16.7854547001404),.UNSPECIFIED.);
#112=B_SPLINE_CURVE_WITH_KNOTS('',3,(#4204,#4205,#4206,#4207),
 .UNSPECIFIED.,.F.,.F.,(4,4),(16.7854547001404,18.0693197321745),
 .UNSPECIFIED.);
#113=B_SPLINE_CURVE_WITH_KNOTS('',3,(#4209,#4210,#4211,#4212,#4213,#4214,
#4215,#4216),.UNSPECIFIED.,.F.,.F.,(4,2,2,4),(0.,0.0952857489845944,0.2046285240238,
0.225414046577711),.UNSPECIFIED.);
#114=B_SPLINE_CURVE_WITH_KNOTS('',3,(#4217,#4218,#4219,#4220,#4221,#4222,
#4223),.UNSPECIFIED.,.F.,.F.,(4,3,4),(-1.24282303739694,-1.12255877366554,
-1.05928405118797),.UNSPECIFIED.);
#115=B_SPLINE_CURVE_WITH_KNOTS('',3,(#4233,#4234,#4235,#4236,#4237,#4238,
#4239,#4240,#4241,#4242,#4243,#4244),.UNSPECIFIED.,.F.,.F.,(4,2,2,2,2,4),
(0.564032690046492,0.570354855693365,0.654509289411723,0.732195796971914,
0.812837786480643,0.853663494813533),.UNSPECIFIED.);
#116=B_SPLINE_CURVE_WITH_KNOTS('',3,(#4254,#4255,#4256,#4257,#4258,#4259,
#4260,#4261,#4262,#4263,#4264,#4265),.UNSPECIFIED.,.F.,.F.,(4,2,2,2,2,4),
(3.93937137439758,4.1984492125332,4.45752705066883,4.97568272694007,5.70144773240384,
6.28916714405803),.UNSPECIFIED.);
#117=B_SPLINE_CURVE_WITH_KNOTS('',3,(#4268,#4269,#4270,#4271,#4272,#4273,
#4274,#4275,#4276,#4277,#4278,#4279),.UNSPECIFIED.,.F.,.F.,(4,2,2,2,2,4),
(1.54698178780134,2.14763436561481,2.86351248748642,3.35727083877018,3.60415001441207,
3.85102919005395),.UNSPECIFIED.);
#118=B_SPLINE_CURVE_WITH_KNOTS('',3,(#4284,#4285,#4286,#4287,#4288,#4289,
#4290,#4291,#4292,#4293,#4294,#4295,#4296,#4297),.UNSPECIFIED.,.F.,.F.,
(4,2,2,2,2,2,4),(1.25971747714839,1.35616837838981,1.43009707021229,1.48063923573051,
1.53209891316977,1.61035430477634,1.68479592957214),.UNSPECIFIED.);
#119=B_SPLINE_CURVE_WITH_KNOTS('',3,(#4304,#4305,#4306,#4307,#4308,#4309,
#4310,#4311,#4312,#4313,#4314,#4315),.UNSPECIFIED.,.F.,.F.,(4,2,2,2,2,4),
(0.250042058347539,0.295406999003959,0.374922115368515,0.446962835842225,
0.528998443730536,0.556280619482423),.UNSPECIFIED.);
#120=B_SPLINE_CURVE_WITH_KNOTS('',3,(#4325,#4326,#4327,#4328,#4329),
 .UNSPECIFIED.,.F.,.F.,(4,1,4),(0.81177365096462,0.914909199363275,1.28087287910859),
 .UNSPECIFIED.);
#121=B_SPLINE_CURVE_WITH_KNOTS('',3,(#4332,#4333,#4334,#4335,#4336,#4337),
 .UNSPECIFIED.,.F.,.F.,(4,2,4),(-0.326383371906592,-0.269506626550849,0.),
 .UNSPECIFIED.);
#122=B_SPLINE_CURVE_WITH_KNOTS('',3,(#4342,#4343,#4344,#4345),
 .UNSPECIFIED.,.F.,.F.,(4,4),(-0.103455666051703,0.),.UNSPECIFIED.);
#123=B_SPLINE_CURVE_WITH_KNOTS('',3,(#4346,#4347,#4348,#4349,#4350,#4351,
#4352,#4353,#4354,#4355,#4356,#4357,#4358,#4359,#4360),.UNSPECIFIED.,.F.,
 .F.,(4,1,1,1,1,1,1,1,1,1,1,1,4),(-1.5756978889495,-1.46314803973882,-1.35059819052814,
-1.23804834131746,-1.12549849210679,-0.900398793685429,-0.862882177281869,
-0.675299095264072,-0.450199396842714,-0.393924472237375,-0.225099698421357,
-0.112549849210679,-0.103455666051703),.UNSPECIFIED.);
#124=B_SPLINE_CURVE_WITH_KNOTS('',3,(#4437,#4438,#4439,#4440,#4441,#4442,
#4443,#4444,#4445,#4446,#4447,#4448,#4449,#4450,#4451,#4452),
 .UNSPECIFIED.,.F.,.F.,(4,2,2,2,2,2,2,4),(0.189775849080879,0.206036213142478,
0.220298001540268,0.232383034889668,0.246873109337862,0.273720857163781,
0.332590673352632,0.451009827932513),.UNSPECIFIED.);
#125=B_SPLINE_CURVE_WITH_KNOTS('',3,(#4453,#4454,#4455,#4456,#4457),
 .UNSPECIFIED.,.F.,.F.,(4,1,4),(-0.666882755694661,-0.571428571428571,0.),
 .UNSPECIFIED.);
#126=B_SPLINE_CURVE_WITH_KNOTS('',3,(#4458,#4459,#4460,#4461,#4462,#4463,
#4464,#4465),.UNSPECIFIED.,.F.,.F.,(4,2,2,4),(0.,0.0838048469529371,0.180961487754026,
0.189775849080879),.UNSPECIFIED.);
#127=B_SPLINE_CURVE_WITH_KNOTS('',3,(#4468,#4469,#4470,#4471,#4472,#4473,
#4474,#4475,#4476,#4477,#4478,#4479),.UNSPECIFIED.,.F.,.F.,(4,2,2,2,2,4),
(1.17122969411669,1.19008749398208,1.20894529384746,1.24666089357823,1.34910913157512,
1.45155736957202),.UNSPECIFIED.);
#128=B_SPLINE_CURVE_WITH_KNOTS('',3,(#4482,#4483,#4484,#4485,#4486,#4487,
#4488,#4489,#4490,#4491,#4492,#4493,#4494,#4495,#4496,#4497),
 .UNSPECIFIED.,.F.,.F.,(4,2,2,2,2,2,2,4),(0.,0.305544441423039,0.911024657636345,
1.76445442887406,2.07729301250773,2.21694281293163,2.29717078714974,2.37516488151778),
 .UNSPECIFIED.);
#129=B_SPLINE_CURVE_WITH_KNOTS('',3,(#4498,#4499,#4500,#4501,#4502,#4503,
#4504,#4505,#4506,#4507),.UNSPECIFIED.,.F.,.F.,(4,2,2,2,4),(0.708652872877058,
0.747565815121618,0.857003974761125,1.02097964829565,1.3418691452363),
 .UNSPECIFIED.);
#130=B_SPLINE_CURVE_WITH_KNOTS('',3,(#4562,#4563,#4564,#4565,#4566,#4567,
#4568,#4569,#4570,#4571),.UNSPECIFIED.,.F.,.F.,(4,2,1,1,1,1,4),(-2.84281831376711,
-2.84081853121573,-2.66280544945061,-2.4847923676855,-2.30677928592038,
-2.12876620415527,-1.95075312239015),.UNSPECIFIED.);
#131=B_SPLINE_CURVE_WITH_KNOTS('',3,(#4578,#4579,#4580,#4581),
 .UNSPECIFIED.,.F.,.F.,(4,4),(0.135164530365908,0.68006603745784),
 .UNSPECIFIED.);
#132=B_SPLINE_CURVE_WITH_KNOTS('',3,(#4586,#4587,#4588,#4589,#4590,#4591,
#4592,#4593,#4594,#4595),.UNSPECIFIED.,.F.,.F.,(4,2,2,2,4),(-2.51043110483501,
-2.23728861000847,-1.81532653904553,-1.67364111739724,-1.64988766310075),
 .UNSPECIFIED.);
#133=B_SPLINE_CURVE_WITH_KNOTS('',3,(#4633,#4634,#4635,#4636,#4637,#4638),
 .UNSPECIFIED.,.F.,.F.,(4,1,1,4),(-1.28087287910859,-0.914909199363275,
-0.548945519617964,2.23251786613303E-15),.UNSPECIFIED.);
#134=B_SPLINE_CURVE_WITH_KNOTS('',3,(#4663,#4664,#4665,#4666,#4667,#4668,
#4669,#4670,#4671,#4672,#4673,#4674),.UNSPECIFIED.,.F.,.F.,(4,2,2,2,2,4),
(0.,0.194916890044253,0.389837195137368,0.584981153819039,0.688046035125591,
0.79168607919178),.UNSPECIFIED.);
#135=B_SPLINE_CURVE_WITH_KNOTS('',3,(#4750,#4751,#4752,#4753,#4754,#4755),
 .UNSPECIFIED.,.F.,.F.,(4,2,4),(-0.500000000000004,-0.450000000000006,0.),
 .UNSPECIFIED.);
#136=B_SPLINE_CURVE_WITH_KNOTS('',3,(#4759,#4760,#4761,#4762,#4763,#4764,
#4765,#4766,#4767,#4768,#4769,#4770,#4771,#4772,#4773,#4774,#4775,#4776,
#4777,#4778,#4779,#4780,#4781,#4782,#4783,#4784,#4785,#4786),
 .UNSPECIFIED.,.F.,.F.,(4,3,3,3,3,3,3,3,3,4),(-10.6945399930708,-9.93615559274755,
-8.56074626396485,-7.21853104858119,-6.46314245989846,-5.35290342030057,
-4.26945887730033,-3.17586050857608,-1.56853466226495,0.),.UNSPECIFIED.);
#137=B_SPLINE_CURVE_WITH_KNOTS('',3,(#4787,#4788,#4789,#4790,#4791,#4792),
 .UNSPECIFIED.,.F.,.F.,(4,2,4),(-1.37139844949397,-1.08569922474699,-0.971398449493962),
 .UNSPECIFIED.);
#138=B_SPLINE_CURVE_WITH_KNOTS('',3,(#4913,#4914,#4915,#4916,#4917,#4918,
#4919,#4920,#4921,#4922,#4923,#4924,#4925,#4926,#4927,#4928,#4929,#4930,
#4931,#4932,#4933,#4934,#4935,#4936,#4937,#4938,#4939,#4940,#4941,#4942,
#4943,#4944,#4945,#4946,#4947,#4948,#4949,#4950,#4951,#4952,#4953,#4954,
#4955),.UNSPECIFIED.,.F.,.F.,(4,3,3,3,3,3,3,3,3,3,3,3,3,3,4),(-0.157735562879597,
-0.14446131957208,-0.137419323640449,-0.123989071164359,-0.117117162403949,
-0.103645819935711,-0.0903286595398374,-0.078004395638705,-0.0675670479115132,
-0.0543037025420801,-0.040903472732466,-0.0389834095340151,-0.0255902072821231,
-0.0123296916229853,0.),.UNSPECIFIED.);
#139=B_SPLINE_CURVE_WITH_KNOTS('',3,(#4956,#4957,#4958,#4959,#4960,#4961,
#4962,#4963,#4964,#4965,#4966,#4967,#4968,#4969,#4970,#4971,#4972,#4973,
#4974,#4975,#4976,#4977,#4978,#4979,#4980,#4981,#4982,#4983,#4984,#4985,
#4986,#4987,#4988,#4989,#4990,#4991,#4992,#4993,#4994,#4995,#4996,#4997,
#4998,#4999,#5000,#5001),.UNSPECIFIED.,.F.,.F.,(4,3,3,3,3,3,3,3,3,3,3,3,
3,3,3,4),(-0.162108068269978,-0.161634823148874,-0.147595818359938,-0.138459527083915,
-0.124377835679652,-0.115398553396417,-0.101610134683907,-0.0883112138086523,
-0.0750122929333976,-0.0681464154046565,-0.0546425327730421,-0.0413769049896201,
-0.0369513081322496,-0.0235719009790666,-0.0105256582775342,0.),
 .UNSPECIFIED.);
#140=B_SPLINE_CURVE_WITH_KNOTS('',3,(#5010,#5011,#5012,#5013,#5014,#5015,
#5016,#5017),.UNSPECIFIED.,.F.,.F.,(4,2,2,4),(2.89135996180894,3.15263988144143,
3.42638157463548,3.53384134798495),.UNSPECIFIED.);
#141=B_SPLINE_CURVE_WITH_KNOTS('',3,(#5019,#5020,#5021,#5022),
 .UNSPECIFIED.,.F.,.F.,(4,4),(0.,0.089049063999715),.UNSPECIFIED.);
#142=B_SPLINE_CURVE_WITH_KNOTS('',3,(#5026,#5027,#5028,#5029),
 .UNSPECIFIED.,.F.,.F.,(4,4),(0.203109976757618,0.294487274505717),
 .UNSPECIFIED.);
#143=B_SPLINE_CURVE_WITH_KNOTS('',3,(#5030,#5031,#5032,#5033,#5034,#5035,
#5036,#5037),.UNSPECIFIED.,.F.,.F.,(4,2,2,4),(0.99771860582642,1.04773170388905,
1.45079663534898,1.81684012241069),.UNSPECIFIED.);
#144=B_SPLINE_CURVE_WITH_KNOTS('',3,(#5051,#5052,#5053,#5054,#5055,#5056),
 .UNSPECIFIED.,.F.,.F.,(4,2,4),(1.41556092110922,1.78508097138049,2.08418826486844),
 .UNSPECIFIED.);
#145=B_SPLINE_CURVE_WITH_KNOTS('',3,(#5069,#5070,#5071,#5072,#5073,#5074,
#5075,#5076,#5077,#5078,#5079,#5080,#5081,#5082,#5083,#5084,#5085,#5086),
 .UNSPECIFIED.,.F.,.F.,(4,2,2,2,2,2,2,2,4),(0.,0.148560501792579,0.27711218701506,
0.390590282414918,0.490406782080382,0.575703236072534,0.649920232249582,
0.700239709274483,0.737663509870394),.UNSPECIFIED.);
#146=B_SPLINE_CURVE_WITH_KNOTS('',3,(#5101,#5102,#5103,#5104,#5105,#5106,
#5107,#5108,#5109,#5110,#5111,#5112,#5113,#5114,#5115,#5116,#5117,#5118,
#5119,#5120,#5121,#5122,#5123,#5124,#5125,#5126,#5127,#5128,#5129,#5130,
#5131,#5132,#5133,#5134),.UNSPECIFIED.,.F.,.F.,(4,3,3,3,3,3,3,3,3,3,3,4),
(0.384802270121867,0.593741503029993,0.80024221671969,1.0012400567524,1.19732959189538,
1.38876568332816,1.5754357621785,1.75732911909683,1.93200935322901,2.1027871825621,
2.26739474245534,2.40822493698135),.UNSPECIFIED.);
#147=B_SPLINE_CURVE_WITH_KNOTS('',3,(#5153,#5154,#5155,#5156,#5157,#5158),
 .UNSPECIFIED.,.F.,.F.,(4,2,4),(-1.00753390474485,-0.648323633287639,0.),
 .UNSPECIFIED.);
#148=B_SPLINE_CURVE_WITH_KNOTS('',3,(#5160,#5161,#5162,#5163),
 .UNSPECIFIED.,.F.,.F.,(4,4),(9.44929558216576,10.1122190576168),
 .UNSPECIFIED.);
#149=B_SPLINE_CURVE_WITH_KNOTS('',3,(#5170,#5171,#5172,#5173,#5174,#5175,
#5176,#5177,#5178,#5179,#5180,#5181,#5182,#5183,#5184,#5185,#5186,#5187),
 .UNSPECIFIED.,.F.,.F.,(4,2,2,2,2,2,2,2,4),(0.,0.0689406087290783,0.123731489600014,
0.182174143069126,0.249695973929766,0.327493882066083,0.415890401055853,
0.479391044793768,0.546927578551156),.UNSPECIFIED.);
#150=B_SPLINE_CURVE_WITH_KNOTS('',3,(#5256,#5257,#5258,#5259,#5260,#5261,
#5262,#5263,#5264,#5265,#5266,#5267),.UNSPECIFIED.,.F.,.F.,(4,2,2,2,2,4),
(0.,0.124028210998117,0.248721176517459,0.404432721154488,0.620661087777391,
0.869265233680032),.UNSPECIFIED.);
#151=B_SPLINE_CURVE_WITH_KNOTS('',3,(#5268,#5269,#5270,#5271,#5272,#5273,
#5274,#5275,#5276,#5277,#5278,#5279),.UNSPECIFIED.,.F.,.F.,(4,2,1,1,1,1,
1,1,4),(-0.00279771388010049,0.,0.395750831249756,0.791501662499512,1.18725249374927,
1.58300332499902,2.37450498749854,3.16600664999805,3.32660375533564),
 .UNSPECIFIED.);
#152=B_SPLINE_CURVE_WITH_KNOTS('',3,(#5379,#5380,#5381,#5382,#5383,#5384,
#5385,#5386,#5387,#5388,#5389,#5390,#5391,#5392,#5393,#5394),
 .UNSPECIFIED.,.F.,.F.,(4,1,1,1,1,1,1,1,1,1,1,2,4),(4.58464583184831,4.8066877624196,
5.0655035547536,5.3243193470876,5.58313513942161,5.84195093175561,6.10076672408962,
6.35958251642362,6.61839830875762,6.87721410109163,7.39484568575964,7.91247727042764,
7.91388089218744),.UNSPECIFIED.);
#153=B_SPLINE_CURVE_WITH_KNOTS('',3,(#5447,#5448,#5449,#5450),
 .UNSPECIFIED.,.F.,.F.,(4,4),(0.548496041471216,0.834883898040882),
 .UNSPECIFIED.);
#154=B_SPLINE_CURVE_WITH_KNOTS('',3,(#5451,#5452,#5453,#5454),
 .UNSPECIFIED.,.F.,.F.,(4,4),(-0.834883898040882,-0.548496041471216),
 .UNSPECIFIED.);
#155=B_SPLINE_CURVE_WITH_KNOTS('',3,(#5475,#5476,#5477,#5478),
 .UNSPECIFIED.,.F.,.F.,(4,4),(-0.548496473162391,-7.22601268671464E-7),
 .UNSPECIFIED.);
#156=B_SPLINE_CURVE_WITH_KNOTS('',3,(#5529,#5530,#5531,#5532,#5533,#5534,
#5535,#5536,#5537,#5538,#5539,#5540),.UNSPECIFIED.,.F.,.F.,(4,1,1,1,1,1,
1,2,4),(2.7170604248648,2.98604613111665,3.25503183736849,3.38952469049441,
3.52401754362033,3.65851039674625,3.79300324987218,4.06198895612402,4.06420621041137),
 .UNSPECIFIED.);
#157=B_SPLINE_CURVE_WITH_KNOTS('',3,(#5542,#5543,#5544,#5545,#5546,#5547,
#5548,#5549,#5550,#5551,#5552),.UNSPECIFIED.,.F.,.F.,(4,2,1,1,1,1,1,4),
(-0.00221725428734993,0.,0.269570960949041,0.539141921898082,0.673927402372603,
0.808712882847123,1.07828384379616,1.34785480474521),.UNSPECIFIED.);
#158=B_SPLINE_CURVE_WITH_KNOTS('',3,(#5575,#5576,#5577,#5578),
 .UNSPECIFIED.,.F.,.F.,(4,4),(-0.295234658463211,-3.49397469592195E-16),
 .UNSPECIFIED.);
#159=B_SPLINE_CURVE_WITH_KNOTS('',3,(#5599,#5600,#5601,#5602),
 .UNSPECIFIED.,.F.,.F.,(4,4),(-0.542195722231568,0.),.UNSPECIFIED.);
#160=B_SPLINE_CURVE_WITH_KNOTS('',3,(#5656,#5657,#5658,#5659,#5660,#5661,
#5662,#5663),.UNSPECIFIED.,.F.,.F.,(4,2,2,4),(-0.00133828634047821,0.,0.579424965852336,
0.875711136979334),.UNSPECIFIED.);
#161=B_SPLINE_CURVE_WITH_KNOTS('',3,(#5701,#5702,#5703,#5704,#5705,#5706),
 .UNSPECIFIED.,.F.,.F.,(4,1,1,4),(-0.237080104209289,-0.190976029366484,
-0.114585617619891,0.),.UNSPECIFIED.);
#162=B_SPLINE_CURVE_WITH_KNOTS('',3,(#5744,#5745,#5746,#5747,#5748),
 .UNSPECIFIED.,.F.,.F.,(4,1,4),(-0.294487274505717,-0.147639761070751,-0.0659801033496124),
 .UNSPECIFIED.);
#163=B_SPLINE_CURVE_WITH_KNOTS('',3,(#5751,#5752,#5753,#5754,#5755,#5756,
#5757,#5758),.UNSPECIFIED.,.F.,.F.,(4,2,2,4),(2.92344846370725,3.20830396828438,
3.72111421811814,3.72235810201054),.UNSPECIFIED.);
#164=B_SPLINE_CURVE_WITH_KNOTS('',3,(#5770,#5771,#5772,#5773,#5774,#5775,
#5776,#5777,#5778,#5779,#5780,#5781,#5782,#5783),.UNSPECIFIED.,.F.,.F.,
(4,2,2,2,2,2,4),(-0.162054156575645,-0.161579851178181,-0.138437915470068,
-0.115402827181759,-0.075015276942086,-0.0369510919881082,0.),
 .UNSPECIFIED.);
#165=FACE_BOUND('',#377,.T.);
#166=FACE_BOUND('',#378,.T.);
#167=FACE_BOUND('',#379,.T.);
#168=FACE_BOUND('',#380,.T.);
#169=FACE_BOUND('',#381,.T.);
#170=FACE_BOUND('',#479,.T.);
#171=FACE_BOUND('',#480,.T.);
#172=FACE_BOUND('',#481,.T.);
#173=FACE_BOUND('',#482,.T.);
#174=FACE_BOUND('',#483,.T.);
#175=FACE_BOUND('',#484,.T.);
#176=FACE_BOUND('',#485,.T.);
#177=FACE_BOUND('',#486,.T.);
#178=FACE_BOUND('',#487,.T.);
#179=FACE_BOUND('',#492,.T.);
#180=FACE_BOUND('',#493,.T.);
#181=FACE_BOUND('',#494,.T.);
#182=FACE_BOUND('',#495,.T.);
#183=FACE_BOUND('',#496,.T.);
#184=FACE_BOUND('',#497,.T.);
#185=FACE_BOUND('',#498,.T.);
#186=FACE_BOUND('',#499,.T.);
#187=FACE_BOUND('',#500,.T.);
#188=FACE_BOUND('',#512,.T.);
#189=FACE_BOUND('',#513,.T.);
#190=FACE_BOUND('',#514,.T.);
#191=FACE_BOUND('',#515,.T.);
#192=FACE_BOUND('',#516,.T.);
#193=PLANE('',#2138);
#194=PLANE('',#2158);
#195=PLANE('',#2162);
#196=PLANE('',#2167);
#197=PLANE('',#2189);
#198=PLANE('',#2191);
#199=PLANE('',#2193);
#200=PLANE('',#2198);
#201=PLANE('',#2199);
#202=PLANE('',#2209);
#203=PLANE('',#2210);
#204=PLANE('',#2226);
#205=PLANE('',#2232);
#206=PLANE('',#2242);
#207=PLANE('',#2250);
#208=PLANE('',#2251);
#209=PLANE('',#2269);
#210=PLANE('',#2291);
#211=PLANE('',#2292);
#212=PLANE('',#2297);
#213=PLANE('',#2298);
#214=PLANE('',#2320);
#215=PLANE('',#2335);
#216=PLANE('',#2355);
#217=PLANE('',#2356);
#218=CYLINDRICAL_SURFACE('',#2136,2.15);
#219=CYLINDRICAL_SURFACE('',#2146,2.15);
#220=CYLINDRICAL_SURFACE('',#2150,2.15);
#221=CYLINDRICAL_SURFACE('',#2154,2.15);
#222=CYLINDRICAL_SURFACE('',#2156,0.999999999995567);
#223=CYLINDRICAL_SURFACE('',#2160,1.00000000000034);
#224=CYLINDRICAL_SURFACE('',#2164,5.);
#225=CYLINDRICAL_SURFACE('',#2165,5.);
#226=CYLINDRICAL_SURFACE('',#2183,99.3186144588461);
#227=CYLINDRICAL_SURFACE('',#2195,1.00000000000034);
#228=CYLINDRICAL_SURFACE('',#2197,0.999999999995567);
#229=CYLINDRICAL_SURFACE('',#2202,5.);
#230=CYLINDRICAL_SURFACE('',#2214,2.5);
#231=CYLINDRICAL_SURFACE('',#2235,28.247921556713);
#232=CYLINDRICAL_SURFACE('',#2237,2.5);
#233=CYLINDRICAL_SURFACE('',#2238,52.5674376644238);
#234=CYLINDRICAL_SURFACE('',#2248,5.);
#235=CYLINDRICAL_SURFACE('',#2254,28.247921556713);
#236=CYLINDRICAL_SURFACE('',#2259,41.6932098531776);
#237=CYLINDRICAL_SURFACE('',#2260,1.);
#238=CYLINDRICAL_SURFACE('',#2264,1.2);
#239=CYLINDRICAL_SURFACE('',#2267,34.7913371278324);
#240=CYLINDRICAL_SURFACE('',#2277,39.0869301423625);
#241=CYLINDRICAL_SURFACE('',#2278,10.);
#242=CYLINDRICAL_SURFACE('',#2281,44.3557316537574);
#243=CYLINDRICAL_SURFACE('',#2288,44.3226684348778);
#244=CYLINDRICAL_SURFACE('',#2304,17.3576368212685);
#245=CYLINDRICAL_SURFACE('',#2309,1.);
#246=CYLINDRICAL_SURFACE('',#2314,11.3972802612006);
#247=CYLINDRICAL_SURFACE('',#2318,5.5);
#248=CYLINDRICAL_SURFACE('',#2331,30.7000000000002);
#249=CYLINDRICAL_SURFACE('',#2344,1.2);
#250=CYLINDRICAL_SURFACE('',#2345,1.2);
#251=CYLINDRICAL_SURFACE('',#2346,1.2);
#252=CYLINDRICAL_SURFACE('',#2347,1.2);
#253=CYLINDRICAL_SURFACE('',#2348,1.2);
#254=CYLINDRICAL_SURFACE('',#2349,1.2);
#255=CYLINDRICAL_SURFACE('',#2350,1.2);
#256=CYLINDRICAL_SURFACE('',#2351,22.0000000149012);
#257=CYLINDRICAL_SURFACE('',#2353,13.0000000000001);
#258=FACE_OUTER_BOUND('',#374,.T.);
#259=FACE_OUTER_BOUND('',#375,.T.);
#260=FACE_OUTER_BOUND('',#376,.T.);
#261=FACE_OUTER_BOUND('',#382,.T.);
#262=FACE_OUTER_BOUND('',#383,.T.);
#263=FACE_OUTER_BOUND('',#384,.T.);
#264=FACE_OUTER_BOUND('',#385,.T.);
#265=FACE_OUTER_BOUND('',#386,.T.);
#266=FACE_OUTER_BOUND('',#387,.T.);
#267=FACE_OUTER_BOUND('',#388,.T.);
#268=FACE_OUTER_BOUND('',#389,.T.);
#269=FACE_OUTER_BOUND('',#390,.T.);
#270=FACE_OUTER_BOUND('',#391,.T.);
#271=FACE_OUTER_BOUND('',#392,.T.);
#272=FACE_OUTER_BOUND('',#393,.T.);
#273=FACE_OUTER_BOUND('',#394,.T.);
#274=FACE_OUTER_BOUND('',#395,.T.);
#275=FACE_OUTER_BOUND('',#396,.T.);
#276=FACE_OUTER_BOUND('',#397,.T.);
#277=FACE_OUTER_BOUND('',#398,.T.);
#278=FACE_OUTER_BOUND('',#399,.T.);
#279=FACE_OUTER_BOUND('',#400,.T.);
#280=FACE_OUTER_BOUND('',#401,.T.);
#281=FACE_OUTER_BOUND('',#402,.T.);
#282=FACE_OUTER_BOUND('',#403,.T.);
#283=FACE_OUTER_BOUND('',#404,.T.);
#284=FACE_OUTER_BOUND('',#405,.T.);
#285=FACE_OUTER_BOUND('',#406,.T.);
#286=FACE_OUTER_BOUND('',#407,.T.);
#287=FACE_OUTER_BOUND('',#408,.T.);
#288=FACE_OUTER_BOUND('',#409,.T.);
#289=FACE_OUTER_BOUND('',#410,.T.);
#290=FACE_OUTER_BOUND('',#411,.T.);
#291=FACE_OUTER_BOUND('',#412,.T.);
#292=FACE_OUTER_BOUND('',#413,.T.);
#293=FACE_OUTER_BOUND('',#414,.T.);
#294=FACE_OUTER_BOUND('',#415,.T.);
#295=FACE_OUTER_BOUND('',#416,.T.);
#296=FACE_OUTER_BOUND('',#417,.T.);
#297=FACE_OUTER_BOUND('',#418,.T.);
#298=FACE_OUTER_BOUND('',#419,.T.);
#299=FACE_OUTER_BOUND('',#420,.T.);
#300=FACE_OUTER_BOUND('',#421,.T.);
#301=FACE_OUTER_BOUND('',#422,.T.);
#302=FACE_OUTER_BOUND('',#423,.T.);
#303=FACE_OUTER_BOUND('',#424,.T.);
#304=FACE_OUTER_BOUND('',#425,.T.);
#305=FACE_OUTER_BOUND('',#426,.T.);
#306=FACE_OUTER_BOUND('',#427,.T.);
#307=FACE_OUTER_BOUND('',#428,.T.);
#308=FACE_OUTER_BOUND('',#429,.T.);
#309=FACE_OUTER_BOUND('',#430,.T.);
#310=FACE_OUTER_BOUND('',#431,.T.);
#311=FACE_OUTER_BOUND('',#432,.T.);
#312=FACE_OUTER_BOUND('',#433,.T.);
#313=FACE_OUTER_BOUND('',#434,.T.);
#314=FACE_OUTER_BOUND('',#435,.T.);
#315=FACE_OUTER_BOUND('',#436,.T.);
#316=FACE_OUTER_BOUND('',#437,.T.);
#317=FACE_OUTER_BOUND('',#438,.T.);
#318=FACE_OUTER_BOUND('',#439,.T.);
#319=FACE_OUTER_BOUND('',#440,.T.);
#320=FACE_OUTER_BOUND('',#441,.T.);
#321=FACE_OUTER_BOUND('',#442,.T.);
#322=FACE_OUTER_BOUND('',#443,.T.);
#323=FACE_OUTER_BOUND('',#444,.T.);
#324=FACE_OUTER_BOUND('',#445,.T.);
#325=FACE_OUTER_BOUND('',#446,.T.);
#326=FACE_OUTER_BOUND('',#447,.T.);
#327=FACE_OUTER_BOUND('',#448,.T.);
#328=FACE_OUTER_BOUND('',#449,.T.);
#329=FACE_OUTER_BOUND('',#450,.T.);
#330=FACE_OUTER_BOUND('',#451,.T.);
#331=FACE_OUTER_BOUND('',#452,.T.);
#332=FACE_OUTER_BOUND('',#453,.T.);
#333=FACE_OUTER_BOUND('',#454,.T.);
#334=FACE_OUTER_BOUND('',#455,.T.);
#335=FACE_OUTER_BOUND('',#456,.T.);
#336=FACE_OUTER_BOUND('',#457,.T.);
#337=FACE_OUTER_BOUND('',#458,.T.);
#338=FACE_OUTER_BOUND('',#459,.T.);
#339=FACE_OUTER_BOUND('',#460,.T.);
#340=FACE_OUTER_BOUND('',#461,.T.);
#341=FACE_OUTER_BOUND('',#462,.T.);
#342=FACE_OUTER_BOUND('',#463,.T.);
#343=FACE_OUTER_BOUND('',#464,.T.);
#344=FACE_OUTER_BOUND('',#465,.T.);
#345=FACE_OUTER_BOUND('',#466,.T.);
#346=FACE_OUTER_BOUND('',#467,.T.);
#347=FACE_OUTER_BOUND('',#468,.T.);
#348=FACE_OUTER_BOUND('',#469,.T.);
#349=FACE_OUTER_BOUND('',#470,.T.);
#350=FACE_OUTER_BOUND('',#471,.T.);
#351=FACE_OUTER_BOUND('',#472,.T.);
#352=FACE_OUTER_BOUND('',#473,.T.);
#353=FACE_OUTER_BOUND('',#474,.T.);
#354=FACE_OUTER_BOUND('',#475,.T.);
#355=FACE_OUTER_BOUND('',#476,.T.);
#356=FACE_OUTER_BOUND('',#477,.T.);
#357=FACE_OUTER_BOUND('',#478,.T.);
#358=FACE_OUTER_BOUND('',#488,.T.);
#359=FACE_OUTER_BOUND('',#489,.T.);
#360=FACE_OUTER_BOUND('',#490,.T.);
#361=FACE_OUTER_BOUND('',#491,.T.);
#362=FACE_OUTER_BOUND('',#501,.T.);
#363=FACE_OUTER_BOUND('',#502,.T.);
#364=FACE_OUTER_BOUND('',#503,.T.);
#365=FACE_OUTER_BOUND('',#504,.T.);
#366=FACE_OUTER_BOUND('',#505,.T.);
#367=FACE_OUTER_BOUND('',#506,.T.);
#368=FACE_OUTER_BOUND('',#507,.T.);
#369=FACE_OUTER_BOUND('',#508,.T.);
#370=FACE_OUTER_BOUND('',#509,.T.);
#371=FACE_OUTER_BOUND('',#510,.T.);
#372=FACE_OUTER_BOUND('',#511,.T.);
#373=FACE_OUTER_BOUND('',#517,.T.);
#374=EDGE_LOOP('',(#1339,#1340,#1341,#1342));
#375=EDGE_LOOP('',(#1343,#1344,#1345,#1346));
#376=EDGE_LOOP('',(#1347));
#377=EDGE_LOOP('',(#1348));
#378=EDGE_LOOP('',(#1349));
#379=EDGE_LOOP('',(#1350));
#380=EDGE_LOOP('',(#1351));
#381=EDGE_LOOP('',(#1352));
#382=EDGE_LOOP('',(#1353,#1354,#1355,#1356));
#383=EDGE_LOOP('',(#1357,#1358,#1359,#1360));
#384=EDGE_LOOP('',(#1361,#1362,#1363,#1364));
#385=EDGE_LOOP('',(#1365,#1366,#1367,#1368));
#386=EDGE_LOOP('',(#1369,#1370,#1371,#1372));
#387=EDGE_LOOP('',(#1373,#1374,#1375,#1376));
#388=EDGE_LOOP('',(#1377,#1378,#1379,#1380,#1381,#1382,#1383,#1384,#1385,
#1386,#1387,#1388,#1389));
#389=EDGE_LOOP('',(#1390,#1391,#1392,#1393,#1394));
#390=EDGE_LOOP('',(#1395,#1396,#1397,#1398,#1399,#1400));
#391=EDGE_LOOP('',(#1401,#1402,#1403,#1404,#1405,#1406));
#392=EDGE_LOOP('',(#1407,#1408,#1409,#1410));
#393=EDGE_LOOP('',(#1411,#1412,#1413,#1414,#1415,#1416,#1417,#1418));
#394=EDGE_LOOP('',(#1419,#1420,#1421,#1422,#1423,#1424,#1425,#1426,#1427,
#1428,#1429,#1430,#1431,#1432,#1433,#1434,#1435,#1436,#1437,#1438,#1439,
#1440));
#395=EDGE_LOOP('',(#1441,#1442,#1443,#1444));
#396=EDGE_LOOP('',(#1445,#1446,#1447,#1448,#1449));
#397=EDGE_LOOP('',(#1450,#1451,#1452,#1453,#1454,#1455,#1456,#1457,#1458,
#1459,#1460,#1461));
#398=EDGE_LOOP('',(#1462,#1463,#1464));
#399=EDGE_LOOP('',(#1465,#1466,#1467,#1468,#1469,#1470,#1471,#1472,#1473,
#1474,#1475,#1476,#1477,#1478,#1479,#1480));
#400=EDGE_LOOP('',(#1481,#1482,#1483));
#401=EDGE_LOOP('',(#1484,#1485,#1486,#1487,#1488));
#402=EDGE_LOOP('',(#1489,#1490,#1491,#1492,#1493,#1494));
#403=EDGE_LOOP('',(#1495,#1496,#1497,#1498,#1499,#1500,#1501,#1502,#1503,
#1504));
#404=EDGE_LOOP('',(#1505,#1506,#1507,#1508,#1509));
#405=EDGE_LOOP('',(#1510,#1511,#1512,#1513,#1514,#1515,#1516));
#406=EDGE_LOOP('',(#1517,#1518,#1519,#1520,#1521));
#407=EDGE_LOOP('',(#1522,#1523,#1524,#1525,#1526,#1527,#1528,#1529,#1530));
#408=EDGE_LOOP('',(#1531,#1532,#1533,#1534,#1535,#1536,#1537,#1538));
#409=EDGE_LOOP('',(#1539,#1540,#1541));
#410=EDGE_LOOP('',(#1542,#1543,#1544,#1545));
#411=EDGE_LOOP('',(#1546,#1547,#1548,#1549,#1550,#1551,#1552));
#412=EDGE_LOOP('',(#1553,#1554,#1555,#1556));
#413=EDGE_LOOP('',(#1557,#1558,#1559,#1560,#1561,#1562,#1563,#1564,#1565,
#1566,#1567));
#414=EDGE_LOOP('',(#1568,#1569,#1570,#1571,#1572,#1573,#1574));
#415=EDGE_LOOP('',(#1575,#1576,#1577,#1578,#1579,#1580,#1581,#1582));
#416=EDGE_LOOP('',(#1583,#1584,#1585,#1586,#1587,#1588,#1589,#1590));
#417=EDGE_LOOP('',(#1591,#1592,#1593,#1594,#1595,#1596,#1597,#1598));
#418=EDGE_LOOP('',(#1599,#1600,#1601,#1602,#1603,#1604,#1605,#1606,#1607));
#419=EDGE_LOOP('',(#1608,#1609,#1610));
#420=EDGE_LOOP('',(#1611,#1612,#1613,#1614,#1615,#1616,#1617));
#421=EDGE_LOOP('',(#1618,#1619,#1620,#1621,#1622,#1623));
#422=EDGE_LOOP('',(#1624,#1625,#1626,#1627,#1628,#1629,#1630));
#423=EDGE_LOOP('',(#1631,#1632,#1633,#1634,#1635,#1636,#1637,#1638,#1639,
#1640,#1641,#1642,#1643));
#424=EDGE_LOOP('',(#1644,#1645,#1646,#1647));
#425=EDGE_LOOP('',(#1648,#1649,#1650,#1651,#1652));
#426=EDGE_LOOP('',(#1653,#1654,#1655,#1656,#1657,#1658,#1659,#1660,#1661,
#1662,#1663));
#427=EDGE_LOOP('',(#1664,#1665,#1666,#1667));
#428=EDGE_LOOP('',(#1668,#1669,#1670,#1671,#1672));
#429=EDGE_LOOP('',(#1673,#1674,#1675,#1676));
#430=EDGE_LOOP('',(#1677,#1678,#1679,#1680,#1681));
#431=EDGE_LOOP('',(#1682,#1683,#1684,#1685));
#432=EDGE_LOOP('',(#1686,#1687,#1688,#1689,#1690,#1691,#1692,#1693,#1694));
#433=EDGE_LOOP('',(#1695,#1696,#1697));
#434=EDGE_LOOP('',(#1698,#1699,#1700));
#435=EDGE_LOOP('',(#1701,#1702,#1703));
#436=EDGE_LOOP('',(#1704,#1705,#1706,#1707,#1708,#1709));
#437=EDGE_LOOP('',(#1710,#1711,#1712,#1713));
#438=EDGE_LOOP('',(#1714,#1715,#1716,#1717));
#439=EDGE_LOOP('',(#1718,#1719,#1720,#1721));
#440=EDGE_LOOP('',(#1722,#1723,#1724,#1725,#1726,#1727,#1728));
#441=EDGE_LOOP('',(#1729,#1730,#1731,#1732));
#442=EDGE_LOOP('',(#1733,#1734,#1735,#1736,#1737));
#443=EDGE_LOOP('',(#1738,#1739,#1740,#1741));
#444=EDGE_LOOP('',(#1742,#1743,#1744));
#445=EDGE_LOOP('',(#1745,#1746,#1747,#1748,#1749));
#446=EDGE_LOOP('',(#1750,#1751,#1752));
#447=EDGE_LOOP('',(#1753,#1754,#1755,#1756));
#448=EDGE_LOOP('',(#1757,#1758,#1759,#1760,#1761));
#449=EDGE_LOOP('',(#1762,#1763,#1764,#1765,#1766));
#450=EDGE_LOOP('',(#1767,#1768,#1769,#1770,#1771));
#451=EDGE_LOOP('',(#1772,#1773,#1774));
#452=EDGE_LOOP('',(#1775,#1776,#1777,#1778,#1779,#1780,#1781,#1782,#1783));
#453=EDGE_LOOP('',(#1784,#1785,#1786));
#454=EDGE_LOOP('',(#1787,#1788,#1789,#1790,#1791,#1792,#1793,#1794));
#455=EDGE_LOOP('',(#1795,#1796,#1797,#1798));
#456=EDGE_LOOP('',(#1799,#1800,#1801));
#457=EDGE_LOOP('',(#1802,#1803,#1804,#1805));
#458=EDGE_LOOP('',(#1806,#1807,#1808,#1809,#1810));
#459=EDGE_LOOP('',(#1811,#1812,#1813,#1814));
#460=EDGE_LOOP('',(#1815,#1816,#1817));
#461=EDGE_LOOP('',(#1818,#1819,#1820,#1821));
#462=EDGE_LOOP('',(#1822,#1823,#1824,#1825));
#463=EDGE_LOOP('',(#1826,#1827,#1828,#1829));
#464=EDGE_LOOP('',(#1830,#1831,#1832,#1833));
#465=EDGE_LOOP('',(#1834,#1835,#1836,#1837));
#466=EDGE_LOOP('',(#1838,#1839,#1840,#1841));
#467=EDGE_LOOP('',(#1842,#1843,#1844,#1845));
#468=EDGE_LOOP('',(#1846,#1847,#1848,#1849));
#469=EDGE_LOOP('',(#1850,#1851,#1852,#1853));
#470=EDGE_LOOP('',(#1854,#1855,#1856,#1857,#1858,#1859));
#471=EDGE_LOOP('',(#1860,#1861,#1862,#1863,#1864));
#472=EDGE_LOOP('',(#1865,#1866,#1867,#1868));
#473=EDGE_LOOP('',(#1869,#1870,#1871,#1872));
#474=EDGE_LOOP('',(#1873,#1874,#1875,#1876,#1877));
#475=EDGE_LOOP('',(#1878,#1879,#1880,#1881));
#476=EDGE_LOOP('',(#1882,#1883,#1884,#1885));
#477=EDGE_LOOP('',(#1886,#1887,#1888,#1889));
#478=EDGE_LOOP('',(#1890));
#479=EDGE_LOOP('',(#1891));
#480=EDGE_LOOP('',(#1892));
#481=EDGE_LOOP('',(#1893));
#482=EDGE_LOOP('',(#1894));
#483=EDGE_LOOP('',(#1895));
#484=EDGE_LOOP('',(#1896));
#485=EDGE_LOOP('',(#1897));
#486=EDGE_LOOP('',(#1898));
#487=EDGE_LOOP('',(#1899));
#488=EDGE_LOOP('',(#1900,#1901,#1902,#1903));
#489=EDGE_LOOP('',(#1904,#1905,#1906,#1907,#1908,#1909,#1910,#1911));
#490=EDGE_LOOP('',(#1912,#1913,#1914,#1915,#1916));
#491=EDGE_LOOP('',(#1917));
#492=EDGE_LOOP('',(#1918));
#493=EDGE_LOOP('',(#1919));
#494=EDGE_LOOP('',(#1920));
#495=EDGE_LOOP('',(#1921));
#496=EDGE_LOOP('',(#1922));
#497=EDGE_LOOP('',(#1923));
#498=EDGE_LOOP('',(#1924));
#499=EDGE_LOOP('',(#1925));
#500=EDGE_LOOP('',(#1926));
#501=EDGE_LOOP('',(#1927,#1928,#1929,#1930,#1931,#1932,#1933,#1934,#1935,
#1936));
#502=EDGE_LOOP('',(#1937,#1938,#1939,#1940));
#503=EDGE_LOOP('',(#1941,#1942,#1943,#1944));
#504=EDGE_LOOP('',(#1945,#1946,#1947,#1948));
#505=EDGE_LOOP('',(#1949,#1950,#1951,#1952));
#506=EDGE_LOOP('',(#1953,#1954,#1955,#1956));
#507=EDGE_LOOP('',(#1957,#1958,#1959,#1960));
#508=EDGE_LOOP('',(#1961,#1962,#1963,#1964));
#509=EDGE_LOOP('',(#1965,#1966,#1967,#1968,#1969,#1970,#1971,#1972,#1973,
#1974));
#510=EDGE_LOOP('',(#1975,#1976,#1977,#1978));
#511=EDGE_LOOP('',(#1979));
#512=EDGE_LOOP('',(#1980));
#513=EDGE_LOOP('',(#1981));
#514=EDGE_LOOP('',(#1982));
#515=EDGE_LOOP('',(#1983));
#516=EDGE_LOOP('',(#1984));
#517=EDGE_LOOP('',(#1985,#1986,#1987,#1988));
#518=LINE('',#2893,#599);
#519=LINE('',#2897,#600);
#520=LINE('',#2912,#601);
#521=LINE('',#2916,#602);
#522=LINE('',#2920,#603);
#523=LINE('',#2924,#604);
#524=LINE('',#2928,#605);
#525=LINE('',#2932,#606);
#526=LINE('',#2946,#607);
#527=LINE('',#2982,#608);
#528=LINE('',#2989,#609);
#529=LINE('',#3002,#610);
#530=LINE('',#3018,#611);
#531=LINE('',#3022,#612);
#532=LINE('',#3029,#613);
#533=LINE('',#3053,#614);
#534=LINE('',#3080,#615);
#535=LINE('',#3083,#616);
#536=LINE('',#3116,#617);
#537=LINE('',#3117,#618);
#538=LINE('',#3120,#619);
#539=LINE('',#3133,#620);
#540=LINE('',#3143,#621);
#541=LINE('',#3148,#622);
#542=LINE('',#3185,#623);
#543=LINE('',#3189,#624);
#544=LINE('',#3205,#625);
#545=LINE('',#3274,#626);
#546=LINE('',#3468,#627);
#547=LINE('',#3469,#628);
#548=LINE('',#3640,#629);
#549=LINE('',#3644,#630);
#550=LINE('',#3650,#631);
#551=LINE('',#3687,#632);
#552=LINE('',#3707,#633);
#553=LINE('',#3710,#634);
#554=LINE('',#3726,#635);
#555=LINE('',#3728,#636);
#556=LINE('',#3743,#637);
#557=LINE('',#3753,#638);
#558=LINE('',#3784,#639);
#559=LINE('',#3790,#640);
#560=LINE('',#4229,#641);
#561=LINE('',#4323,#642);
#562=LINE('',#4340,#643);
#563=LINE('',#4481,#644);
#564=LINE('',#4574,#645);
#565=LINE('',#4757,#646);
#566=LINE('',#5004,#647);
#567=LINE('',#5006,#648);
#568=LINE('',#5024,#649);
#569=LINE('',#5044,#650);
#570=LINE('',#5045,#651);
#571=LINE('',#5066,#652);
#572=LINE('',#5138,#653);
#573=LINE('',#5167,#654);
#574=LINE('',#5193,#655);
#575=LINE('',#5282,#656);
#576=LINE('',#5396,#657);
#577=LINE('',#5399,#658);
#578=LINE('',#5404,#659);
#579=LINE('',#5410,#660);
#580=LINE('',#5415,#661);
#581=LINE('',#5416,#662);
#582=LINE('',#5761,#663);
#583=LINE('',#5769,#664);
#584=LINE('',#5790,#665);
#585=LINE('',#5795,#666);
#586=LINE('',#5800,#667);
#587=LINE('',#5820,#668);
#588=LINE('',#5823,#669);
#589=LINE('',#5824,#670);
#590=LINE('',#5873,#671);
#591=LINE('',#5875,#672);
#592=LINE('',#5877,#673);
#593=LINE('',#5879,#674);
#594=LINE('',#5881,#675);
#595=LINE('',#5883,#676);
#596=LINE('',#5885,#677);
#597=LINE('',#5888,#678);
#598=LINE('',#5892,#679);
#599=VECTOR('',#2363,2.65);
#600=VECTOR('',#2368,2.15);
#601=VECTOR('',#2385,2.65);
#602=VECTOR('',#2390,2.15);
#603=VECTOR('',#2395,2.65);
#604=VECTOR('',#2400,2.15);
#605=VECTOR('',#2405,2.65);
#606=VECTOR('',#2410,2.15);
#607=VECTOR('',#2417,10.);
#608=VECTOR('',#2418,10.);
#609=VECTOR('',#2419,10.);
#610=VECTOR('',#2420,10.);
#611=VECTOR('',#2421,10.);
#612=VECTOR('',#2424,10.);
#613=VECTOR('',#2427,10.);
#614=VECTOR('',#2432,10.);
#615=VECTOR('',#2433,10.);
#616=VECTOR('',#2436,10.);
#617=VECTOR('',#2441,10.);
#618=VECTOR('',#2442,10.);
#619=VECTOR('',#2445,10.);
#620=VECTOR('',#2446,10.);
#621=VECTOR('',#2449,10.);
#622=VECTOR('',#2454,10.);
#623=VECTOR('',#2465,10.);
#624=VECTOR('',#2468,10.);
#625=VECTOR('',#2483,10.);
#626=VECTOR('',#2498,27.2221218213398);
#627=VECTOR('',#2499,27.2221218213398);
#628=VECTOR('',#2500,10.);
#629=VECTOR('',#2511,10.);
#630=VECTOR('',#2514,10.);
#631=VECTOR('',#2515,10.);
#632=VECTOR('',#2520,10.);
#633=VECTOR('',#2521,10.);
#634=VECTOR('',#2524,10.);
#635=VECTOR('',#2525,10.);
#636=VECTOR('',#2526,10.);
#637=VECTOR('',#2529,10.);
#638=VECTOR('',#2536,10.);
#639=VECTOR('',#2539,10.);
#640=VECTOR('',#2540,27.2360230310445);
#641=VECTOR('',#2569,2.5);
#642=VECTOR('',#2608,10.);
#643=VECTOR('',#2613,2.5);
#644=VECTOR('',#2616,10.);
#645=VECTOR('',#2625,10.);
#646=VECTOR('',#2636,10.);
#647=VECTOR('',#2639,10.);
#648=VECTOR('',#2640,10.);
#649=VECTOR('',#2643,5.);
#650=VECTOR('',#2646,10.);
#651=VECTOR('',#2647,10.);
#652=VECTOR('',#2658,10.);
#653=VECTOR('',#2665,10.);
#654=VECTOR('',#2672,10.);
#655=VECTOR('',#2681,0.9);
#656=VECTOR('',#2686,10.);
#657=VECTOR('',#2691,10.);
#658=VECTOR('',#2694,10.);
#659=VECTOR('',#2701,10.);
#660=VECTOR('',#2710,10.);
#661=VECTOR('',#2715,10.);
#662=VECTOR('',#2716,10.);
#663=VECTOR('',#2767,10.);
#664=VECTOR('',#2778,10.);
#665=VECTOR('',#2789,10.);
#666=VECTOR('',#2794,5.74999999999997);
#667=VECTOR('',#2801,5.);
#668=VECTOR('',#2822,27.2000000000002);
#669=VECTOR('',#2827,20.7000000000002);
#670=VECTOR('',#2828,10.);
#671=VECTOR('',#2855,0.9);
#672=VECTOR('',#2858,0.9);
#673=VECTOR('',#2861,0.9);
#674=VECTOR('',#2864,0.9);
#675=VECTOR('',#2867,0.9);
#676=VECTOR('',#2870,0.9);
#677=VECTOR('',#2873,0.9);
#678=VECTOR('',#2876,22.0000000149012);
#679=VECTOR('',#2881,13.0000000000001);
#680=CIRCLE('',#2134,3.15);
#681=CIRCLE('',#2135,2.15);
#682=CIRCLE('',#2137,2.15);
#683=CIRCLE('',#2139,23.7000000000002);
#684=CIRCLE('',#2140,3.15);
#685=CIRCLE('',#2141,3.15);
#686=CIRCLE('',#2142,13.0000000000001);
#687=CIRCLE('',#2143,3.15);
#688=CIRCLE('',#2145,2.15);
#689=CIRCLE('',#2147,2.15);
#690=CIRCLE('',#2149,2.15);
#691=CIRCLE('',#2151,2.15);
#692=CIRCLE('',#2153,2.15);
#693=CIRCLE('',#2155,2.15);
#694=CIRCLE('',#2157,0.999999999995567);
#695=CIRCLE('',#2161,1.00000000000034);
#696=CIRCLE('',#2166,5.00000090129362);
#697=CIRCLE('',#2168,0.999999999995567);
#698=CIRCLE('',#2169,49.3557316537574);
#699=CIRCLE('',#2170,15.);
#700=CIRCLE('',#2171,44.0869301423625);
#701=CIRCLE('',#2172,41.6932098531776);
#702=CIRCLE('',#2173,35.7913371278324);
#703=CIRCLE('',#2174,29.7000000000002);
#704=CIRCLE('',#2175,52.5674376644238);
#705=CIRCLE('',#2176,4.);
#706=CIRCLE('',#2177,4.);
#707=CIRCLE('',#2178,28.247921556713);
#708=CIRCLE('',#2179,12.3576368212685);
#709=CIRCLE('',#2180,27.0000000149012);
#710=CIRCLE('',#2181,6.39728026120059);
#711=CIRCLE('',#2182,99.3186144588461);
#712=CIRCLE('',#2184,99.318614458846);
#713=CIRCLE('',#2186,96.318614458846);
#714=CIRCLE('',#2187,3.00000000000001);
#715=CIRCLE('',#2188,15.);
#716=CIRCLE('',#2190,30.7000000000002);
#717=CIRCLE('',#2192,46.3226684348779);
#718=CIRCLE('',#2194,5.00000090129363);
#719=CIRCLE('',#2196,1.00000000000034);
#720=CIRCLE('',#2200,21.);
#721=CIRCLE('',#2201,44.3557316537574);
#722=CIRCLE('',#2203,15.);
#723=CIRCLE('',#2205,46.3226684348779);
#724=CIRCLE('',#2206,2.);
#725=CIRCLE('',#2207,44.3226684348778);
#726=CIRCLE('',#2208,46.3226684348779);
#727=CIRCLE('',#2211,15.);
#728=CIRCLE('',#2212,15.);
#729=CIRCLE('',#2213,15.);
#730=CIRCLE('',#2215,2.5);
#731=CIRCLE('',#2216,2.5);
#732=CIRCLE('',#2218,4.);
#733=CIRCLE('',#2219,1.5);
#734=CIRCLE('',#2220,4.);
#735=CIRCLE('',#2221,4.);
#736=CIRCLE('',#2223,21.);
#737=CIRCLE('',#2224,10.);
#738=CIRCLE('',#2225,21.);
#739=CIRCLE('',#2228,1.5);
#740=CIRCLE('',#2229,2.5);
#741=CIRCLE('',#2230,2.5);
#742=CIRCLE('',#2231,4.);
#743=CIRCLE('',#2233,52.5674376644238);
#744=CIRCLE('',#2234,28.247921556713);
#745=CIRCLE('',#2236,28.247921556713);
#746=CIRCLE('',#2240,38.6932098531776);
#747=CIRCLE('',#2241,3.);
#748=CIRCLE('',#2243,31.247921556713);
#749=CIRCLE('',#2244,41.6932098531776);
#750=CIRCLE('',#2245,39.0869301423625);
#751=CIRCLE('',#2247,3.00000000000001);
#752=CIRCLE('',#2249,5.);
#753=CIRCLE('',#2252,17.3576368212685);
#754=CIRCLE('',#2253,28.247921556713);
#755=CIRCLE('',#2256,11.3972802612006);
#756=CIRCLE('',#2258,17.3576368212685);
#757=CIRCLE('',#2261,0.999999999999996);
#758=CIRCLE('',#2263,17.3576368212685);
#759=CIRCLE('',#2265,1.2);
#760=CIRCLE('',#2266,1.2);
#761=CIRCLE('',#2268,34.7913371278324);
#762=CIRCLE('',#2271,39.0869301423625);
#763=CIRCLE('',#2273,44.3557316537574);
#764=CIRCLE('',#2275,10.);
#765=CIRCLE('',#2276,10.);
#766=CIRCLE('',#2279,10.);
#767=CIRCLE('',#2280,10.);
#768=CIRCLE('',#2283,44.3226684348778);
#769=CIRCLE('',#2284,2.);
#770=CIRCLE('',#2285,46.3226684348779);
#771=CIRCLE('',#2286,2.00000000000001);
#772=CIRCLE('',#2287,15.);
#773=CIRCLE('',#2289,2.);
#774=CIRCLE('',#2290,15.);
#775=CIRCLE('',#2294,3.00000000000011);
#776=CIRCLE('',#2295,11.3972802612006);
#777=CIRCLE('',#2296,14.3972802612006);
#778=CIRCLE('',#2299,22.0000000149012);
#779=CIRCLE('',#2300,20.3576368212685);
#780=CIRCLE('',#2301,3.00000000000001);
#781=CIRCLE('',#2303,17.3576368212685);
#782=CIRCLE('',#2306,0.999999999999863);
#783=CIRCLE('',#2307,30.7000000000002);
#784=CIRCLE('',#2308,30.7000000000002);
#785=CIRCLE('',#2312,22.0000000149012);
#786=CIRCLE('',#2313,22.0000000149012);
#787=CIRCLE('',#2316,5.99999999999994);
#788=CIRCLE('',#2317,5.5);
#789=CIRCLE('',#2319,5.49999999999999);
#790=CIRCLE('',#2321,13.);
#791=CIRCLE('',#2322,1.2);
#792=CIRCLE('',#2323,1.2);
#793=CIRCLE('',#2324,1.2);
#794=CIRCLE('',#2325,1.2);
#795=CIRCLE('',#2326,1.2);
#796=CIRCLE('',#2327,1.2);
#797=CIRCLE('',#2328,1.2);
#798=CIRCLE('',#2330,30.7000000000002);
#799=CIRCLE('',#2333,9.50000000000002);
#800=CIRCLE('',#2334,0.5);
#801=CIRCLE('',#2336,1.2);
#802=CIRCLE('',#2337,1.2);
#803=CIRCLE('',#2338,1.2);
#804=CIRCLE('',#2339,1.2);
#805=CIRCLE('',#2340,1.2);
#806=CIRCLE('',#2341,1.2);
#807=CIRCLE('',#2342,1.2);
#808=CIRCLE('',#2343,94.);
#809=CIRCLE('',#2352,22.0000000149012);
#810=CIRCLE('',#2354,13.0000000000001);
#811=VERTEX_POINT('',#2890);
#812=VERTEX_POINT('',#2892);
#813=VERTEX_POINT('',#2896);
#814=VERTEX_POINT('',#2900);
#815=VERTEX_POINT('',#2902);
#816=VERTEX_POINT('',#2904);
#817=VERTEX_POINT('',#2906);
#818=VERTEX_POINT('',#2908);
#819=VERTEX_POINT('',#2911);
#820=VERTEX_POINT('',#2915);
#821=VERTEX_POINT('',#2919);
#822=VERTEX_POINT('',#2923);
#823=VERTEX_POINT('',#2927);
#824=VERTEX_POINT('',#2931);
#825=VERTEX_POINT('',#2935);
#826=VERTEX_POINT('',#2936);
#827=VERTEX_POINT('',#2943);
#828=VERTEX_POINT('',#2945);
#829=VERTEX_POINT('',#2947);
#830=VERTEX_POINT('',#2962);
#831=VERTEX_POINT('',#2973);
#832=VERTEX_POINT('',#2981);
#833=VERTEX_POINT('',#2983);
#834=VERTEX_POINT('',#2988);
#835=VERTEX_POINT('',#2990);
#836=VERTEX_POINT('',#3001);
#837=VERTEX_POINT('',#3003);
#838=VERTEX_POINT('',#3020);
#839=VERTEX_POINT('',#3021);
#840=VERTEX_POINT('',#3024);
#841=VERTEX_POINT('',#3031);
#842=VERTEX_POINT('',#3033);
#843=VERTEX_POINT('',#3052);
#844=VERTEX_POINT('',#3054);
#845=VERTEX_POINT('',#3082);
#846=VERTEX_POINT('',#3088);
#847=VERTEX_POINT('',#3095);
#848=VERTEX_POINT('',#3115);
#849=VERTEX_POINT('',#3119);
#850=VERTEX_POINT('',#3121);
#851=VERTEX_POINT('',#3132);
#852=VERTEX_POINT('',#3134);
#853=VERTEX_POINT('',#3136);
#854=VERTEX_POINT('',#3145);
#855=VERTEX_POINT('',#3147);
#856=VERTEX_POINT('',#3149);
#857=VERTEX_POINT('',#3151);
#858=VERTEX_POINT('',#3153);
#859=VERTEX_POINT('',#3155);
#860=VERTEX_POINT('',#3157);
#861=VERTEX_POINT('',#3182);
#862=VERTEX_POINT('',#3184);
#863=VERTEX_POINT('',#3186);
#864=VERTEX_POINT('',#3188);
#865=VERTEX_POINT('',#3190);
#866=VERTEX_POINT('',#3192);
#867=VERTEX_POINT('',#3194);
#868=VERTEX_POINT('',#3196);
#869=VERTEX_POINT('',#3198);
#870=VERTEX_POINT('',#3200);
#871=VERTEX_POINT('',#3202);
#872=VERTEX_POINT('',#3204);
#873=VERTEX_POINT('',#3208);
#874=VERTEX_POINT('',#3215);
#875=VERTEX_POINT('',#3228);
#876=VERTEX_POINT('',#3247);
#877=VERTEX_POINT('',#3254);
#878=VERTEX_POINT('',#3271);
#879=VERTEX_POINT('',#3273);
#880=VERTEX_POINT('',#3275);
#881=VERTEX_POINT('',#3286);
#882=VERTEX_POINT('',#3456);
#883=VERTEX_POINT('',#3467);
#884=VERTEX_POINT('',#3492);
#885=VERTEX_POINT('',#3497);
#886=VERTEX_POINT('',#3511);
#887=VERTEX_POINT('',#3518);
#888=VERTEX_POINT('',#3538);
#889=VERTEX_POINT('',#3540);
#890=VERTEX_POINT('',#3553);
#891=VERTEX_POINT('',#3562);
#892=VERTEX_POINT('',#3567);
#893=VERTEX_POINT('',#3580);
#894=VERTEX_POINT('',#3585);
#895=VERTEX_POINT('',#3605);
#896=VERTEX_POINT('',#3610);
#897=VERTEX_POINT('',#3638);
#898=VERTEX_POINT('',#3639);
#899=VERTEX_POINT('',#3641);
#900=VERTEX_POINT('',#3643);
#901=VERTEX_POINT('',#3645);
#902=VERTEX_POINT('',#3652);
#903=VERTEX_POINT('',#3654);
#904=VERTEX_POINT('',#3686);
#905=VERTEX_POINT('',#3688);
#906=VERTEX_POINT('',#3709);
#907=VERTEX_POINT('',#3711);
#908=VERTEX_POINT('',#3727);
#909=VERTEX_POINT('',#3749);
#910=VERTEX_POINT('',#3751);
#911=VERTEX_POINT('',#3783);
#912=VERTEX_POINT('',#3789);
#913=VERTEX_POINT('',#3791);
#914=VERTEX_POINT('',#3793);
#915=VERTEX_POINT('',#3837);
#916=VERTEX_POINT('',#3839);
#917=VERTEX_POINT('',#3897);
#918=VERTEX_POINT('',#3898);
#919=VERTEX_POINT('',#3995);
#920=VERTEX_POINT('',#4163);
#921=VERTEX_POINT('',#4165);
#922=VERTEX_POINT('',#4168);
#923=VERTEX_POINT('',#4203);
#924=VERTEX_POINT('',#4208);
#925=VERTEX_POINT('',#4225);
#926=VERTEX_POINT('',#4226);
#927=VERTEX_POINT('',#4231);
#928=VERTEX_POINT('',#4232);
#929=VERTEX_POINT('',#4245);
#930=VERTEX_POINT('',#4251);
#931=VERTEX_POINT('',#4253);
#932=VERTEX_POINT('',#4266);
#933=VERTEX_POINT('',#4283);
#934=VERTEX_POINT('',#4298);
#935=VERTEX_POINT('',#4300);
#936=VERTEX_POINT('',#4303);
#937=VERTEX_POINT('',#4318);
#938=VERTEX_POINT('',#4322);
#939=VERTEX_POINT('',#4324);
#940=VERTEX_POINT('',#4330);
#941=VERTEX_POINT('',#4339);
#942=VERTEX_POINT('',#4341);
#943=VERTEX_POINT('',#4436);
#944=VERTEX_POINT('',#4467);
#945=VERTEX_POINT('',#4480);
#946=VERTEX_POINT('',#4509);
#947=VERTEX_POINT('',#4573);
#948=VERTEX_POINT('',#4575);
#949=VERTEX_POINT('',#4577);
#950=VERTEX_POINT('',#4582);
#951=VERTEX_POINT('',#4749);
#952=VERTEX_POINT('',#4756);
#953=VERTEX_POINT('',#4758);
#954=VERTEX_POINT('',#5003);
#955=VERTEX_POINT('',#5005);
#956=VERTEX_POINT('',#5007);
#957=VERTEX_POINT('',#5009);
#958=VERTEX_POINT('',#5018);
#959=VERTEX_POINT('',#5023);
#960=VERTEX_POINT('',#5025);
#961=VERTEX_POINT('',#5039);
#962=VERTEX_POINT('',#5043);
#963=VERTEX_POINT('',#5047);
#964=VERTEX_POINT('',#5065);
#965=VERTEX_POINT('',#5067);
#966=VERTEX_POINT('',#5136);
#967=VERTEX_POINT('',#5165);
#968=VERTEX_POINT('',#5169);
#969=VERTEX_POINT('',#5190);
#970=VERTEX_POINT('',#5192);
#971=VERTEX_POINT('',#5255);
#972=VERTEX_POINT('',#5281);
#973=VERTEX_POINT('',#5398);
#974=VERTEX_POINT('',#5402);
#975=VERTEX_POINT('',#5406);
#976=VERTEX_POINT('',#5412);
#977=VERTEX_POINT('',#5413);
#978=VERTEX_POINT('',#5420);
#979=VERTEX_POINT('',#5422);
#980=VERTEX_POINT('',#5445);
#981=VERTEX_POINT('',#5527);
#982=VERTEX_POINT('',#5573);
#983=VERTEX_POINT('',#5651);
#984=VERTEX_POINT('',#5653);
#985=VERTEX_POINT('',#5655);
#986=VERTEX_POINT('',#5709);
#987=VERTEX_POINT('',#5742);
#988=VERTEX_POINT('',#5750);
#989=VERTEX_POINT('',#5763);
#990=VERTEX_POINT('',#5765);
#991=VERTEX_POINT('',#5786);
#992=VERTEX_POINT('',#5792);
#993=VERTEX_POINT('',#5794);
#994=VERTEX_POINT('',#5798);
#995=VERTEX_POINT('',#5802);
#996=VERTEX_POINT('',#5804);
#997=VERTEX_POINT('',#5806);
#998=VERTEX_POINT('',#5808);
#999=VERTEX_POINT('',#5810);
#1000=VERTEX_POINT('',#5812);
#1001=VERTEX_POINT('',#5814);
#1002=VERTEX_POINT('',#5816);
#1003=VERTEX_POINT('',#5819);
#1004=VERTEX_POINT('',#5826);
#1005=VERTEX_POINT('',#5830);
#1006=VERTEX_POINT('',#5832);
#1007=VERTEX_POINT('',#5834);
#1008=VERTEX_POINT('',#5836);
#1009=VERTEX_POINT('',#5838);
#1010=VERTEX_POINT('',#5840);
#1011=VERTEX_POINT('',#5842);
#1012=VERTEX_POINT('',#5887);
#1013=VERTEX_POINT('',#5891);
#1014=EDGE_CURVE('',#811,#811,#680,.T.);
#1015=EDGE_CURVE('',#811,#812,#518,.T.);
#1016=EDGE_CURVE('',#812,#812,#681,.T.);
#1017=EDGE_CURVE('',#812,#813,#519,.T.);
#1018=EDGE_CURVE('',#813,#813,#682,.T.);
#1019=EDGE_CURVE('',#814,#814,#683,.T.);
#1020=EDGE_CURVE('',#815,#815,#684,.T.);
#1021=EDGE_CURVE('',#816,#816,#685,.T.);
#1022=EDGE_CURVE('',#817,#817,#686,.T.);
#1023=EDGE_CURVE('',#818,#818,#687,.T.);
#1024=EDGE_CURVE('',#815,#819,#520,.T.);
#1025=EDGE_CURVE('',#819,#819,#688,.T.);
#1026=EDGE_CURVE('',#819,#820,#521,.T.);
#1027=EDGE_CURVE('',#820,#820,#689,.T.);
#1028=EDGE_CURVE('',#818,#821,#522,.T.);
#1029=EDGE_CURVE('',#821,#821,#690,.T.);
#1030=EDGE_CURVE('',#821,#822,#523,.T.);
#1031=EDGE_CURVE('',#822,#822,#691,.T.);
#1032=EDGE_CURVE('',#816,#823,#524,.T.);
#1033=EDGE_CURVE('',#823,#823,#692,.T.);
#1034=EDGE_CURVE('',#823,#824,#525,.T.);
#1035=EDGE_CURVE('',#824,#824,#693,.T.);
#1036=EDGE_CURVE('',#825,#826,#56,.T.);
#1037=EDGE_CURVE('',#826,#827,#694,.T.);
#1038=EDGE_CURVE('',#827,#828,#526,.T.);
#1039=EDGE_CURVE('',#828,#829,#57,.T.);
#1040=EDGE_CURVE('',#829,#830,#58,.T.);
#1041=EDGE_CURVE('',#830,#831,#59,.T.);
#1042=EDGE_CURVE('',#832,#831,#527,.T.);
#1043=EDGE_CURVE('',#832,#833,#60,.T.);
#1044=EDGE_CURVE('',#833,#834,#528,.T.);
#1045=EDGE_CURVE('',#834,#835,#61,.T.);
#1046=EDGE_CURVE('',#835,#836,#529,.T.);
#1047=EDGE_CURVE('',#836,#837,#62,.T.);
#1048=EDGE_CURVE('',#837,#825,#530,.T.);
#1049=EDGE_CURVE('',#838,#839,#531,.T.);
#1050=EDGE_CURVE('',#839,#825,#54,.T.);
#1051=EDGE_CURVE('',#837,#840,#63,.T.);
#1052=EDGE_CURVE('',#840,#838,#532,.T.);
#1053=EDGE_CURVE('',#841,#838,#695,.T.);
#1054=EDGE_CURVE('',#840,#842,#64,.T.);
#1055=EDGE_CURVE('',#842,#843,#533,.T.);
#1056=EDGE_CURVE('',#843,#844,#65,.T.);
#1057=EDGE_CURVE('',#844,#841,#534,.T.);
#1058=EDGE_CURVE('',#845,#841,#535,.T.);
#1059=EDGE_CURVE('',#844,#832,#66,.T.);
#1060=EDGE_CURVE('',#831,#846,#67,.T.);
#1061=EDGE_CURVE('',#846,#845,#55,.T.);
#1062=EDGE_CURVE('',#847,#846,#68,.F.);
#1063=EDGE_CURVE('',#847,#848,#536,.T.);
#1064=EDGE_CURVE('',#848,#845,#537,.T.);
#1065=EDGE_CURVE('',#839,#849,#538,.T.);
#1066=EDGE_CURVE('',#850,#849,#69,.F.);
#1067=EDGE_CURVE('',#850,#851,#539,.T.);
#1068=EDGE_CURVE('',#852,#851,#696,.T.);
#1069=EDGE_CURVE('',#853,#852,#70,.T.);
#1070=EDGE_CURVE('',#826,#853,#540,.T.);
#1071=EDGE_CURVE('',#854,#853,#697,.T.);
#1072=EDGE_CURVE('',#854,#855,#541,.T.);
#1073=EDGE_CURVE('',#856,#855,#698,.T.);
#1074=EDGE_CURVE('',#857,#856,#699,.T.);
#1075=EDGE_CURVE('',#858,#857,#700,.T.);
#1076=EDGE_CURVE('',#858,#859,#701,.T.);
#1077=EDGE_CURVE('',#860,#859,#71,.T.);
#1078=EDGE_CURVE('',#861,#860,#702,.T.);
#1079=EDGE_CURVE('',#862,#861,#542,.T.);
#1080=EDGE_CURVE('',#863,#862,#703,.T.);
#1081=EDGE_CURVE('',#864,#863,#543,.T.);
#1082=EDGE_CURVE('',#864,#865,#704,.T.);
#1083=EDGE_CURVE('',#865,#866,#705,.T.);
#1084=EDGE_CURVE('',#866,#867,#706,.T.);
#1085=EDGE_CURVE('',#868,#867,#707,.T.);
#1086=EDGE_CURVE('',#869,#868,#708,.T.);
#1087=EDGE_CURVE('',#870,#869,#709,.T.);
#1088=EDGE_CURVE('',#871,#870,#710,.T.);
#1089=EDGE_CURVE('',#872,#871,#544,.T.);
#1090=EDGE_CURVE('',#827,#872,#711,.T.);
#1091=EDGE_CURVE('',#872,#873,#72,.T.);
#1092=EDGE_CURVE('',#873,#828,#712,.T.);
#1093=EDGE_CURVE('',#873,#874,#73,.F.);
#1094=EDGE_CURVE('',#875,#874,#713,.T.);
#1095=EDGE_CURVE('',#875,#829,#714,.T.);
#1096=EDGE_CURVE('',#843,#876,#74,.T.);
#1097=EDGE_CURVE('',#877,#876,#75,.F.);
#1098=EDGE_CURVE('',#877,#878,#715,.T.);
#1099=EDGE_CURVE('',#879,#878,#545,.T.);
#1100=EDGE_CURVE('',#879,#880,#76,.T.);
#1101=EDGE_CURVE('',#880,#881,#77,.T.);
#1102=EDGE_CURVE('',#881,#882,#78,.T.);
#1103=EDGE_CURVE('',#883,#882,#546,.T.);
#1104=EDGE_CURVE('',#833,#883,#547,.F.);
#1105=EDGE_CURVE('',#883,#834,#79,.T.);
#1106=EDGE_CURVE('',#883,#884,#80,.T.);
#1107=EDGE_CURVE('',#884,#885,#81,.T.);
#1108=EDGE_CURVE('',#885,#886,#82,.T.);
#1109=EDGE_CURVE('',#887,#886,#83,.T.);
#1110=EDGE_CURVE('',#888,#887,#716,.T.);
#1111=EDGE_CURVE('',#889,#888,#84,.T.);
#1112=EDGE_CURVE('',#889,#890,#85,.T.);
#1113=EDGE_CURVE('',#891,#890,#86,.T.);
#1114=EDGE_CURVE('',#892,#891,#87,.T.);
#1115=EDGE_CURVE('',#892,#893,#88,.T.);
#1116=EDGE_CURVE('',#894,#893,#89,.F.);
#1117=EDGE_CURVE('',#894,#895,#90,.T.);
#1118=EDGE_CURVE('',#896,#895,#91,.F.);
#1119=EDGE_CURVE('',#896,#835,#92,.T.);
#1120=EDGE_CURVE('',#836,#896,#717,.T.);
#1121=EDGE_CURVE('',#897,#898,#548,.T.);
#1122=EDGE_CURVE('',#898,#899,#718,.T.);
#1123=EDGE_CURVE('',#900,#899,#549,.T.);
#1124=EDGE_CURVE('',#900,#901,#93,.T.);
#1125=EDGE_CURVE('',#901,#897,#550,.T.);
#1126=EDGE_CURVE('',#902,#897,#719,.T.);
#1127=EDGE_CURVE('',#901,#903,#94,.T.);
#1128=EDGE_CURVE('',#903,#904,#551,.T.);
#1129=EDGE_CURVE('',#904,#905,#95,.T.);
#1130=EDGE_CURVE('',#905,#902,#552,.T.);
#1131=EDGE_CURVE('',#906,#852,#553,.T.);
#1132=EDGE_CURVE('',#906,#907,#96,.T.);
#1133=EDGE_CURVE('',#907,#892,#554,.T.);
#1134=EDGE_CURVE('',#891,#908,#555,.T.);
#1135=EDGE_CURVE('',#908,#900,#97,.T.);
#1136=EDGE_CURVE('',#899,#854,#98,.T.);
#1137=EDGE_CURVE('',#851,#902,#556,.T.);
#1138=EDGE_CURVE('',#905,#906,#99,.T.);
#1139=EDGE_CURVE('',#909,#850,#720,.T.);
#1140=EDGE_CURVE('',#910,#909,#721,.T.);
#1141=EDGE_CURVE('',#898,#910,#557,.T.);
#1142=EDGE_CURVE('',#855,#910,#100,.T.);
#1143=EDGE_CURVE('',#908,#911,#558,.T.);
#1144=EDGE_CURVE('',#890,#911,#101,.T.);
#1145=EDGE_CURVE('',#890,#912,#559,.T.);
#1146=EDGE_CURVE('',#912,#913,#722,.T.);
#1147=EDGE_CURVE('',#913,#914,#102,.T.);
#1148=EDGE_CURVE('',#914,#903,#103,.T.);
#1149=EDGE_CURVE('',#904,#915,#723,.T.);
#1150=EDGE_CURVE('',#915,#916,#724,.T.);
#1151=EDGE_CURVE('',#916,#894,#725,.T.);
#1152=EDGE_CURVE('',#893,#907,#726,.T.);
#1153=EDGE_CURVE('',#915,#914,#104,.T.);
#1154=EDGE_CURVE('',#917,#918,#105,.T.);
#1155=EDGE_CURVE('',#917,#880,#106,.T.);
#1156=EDGE_CURVE('',#882,#879,#107,.T.);
#1157=EDGE_CURVE('',#919,#881,#108,.T.);
#1158=EDGE_CURVE('',#918,#919,#109,.T.);
#1159=EDGE_CURVE('',#919,#917,#110,.T.);
#1160=EDGE_CURVE('',#878,#920,#727,.T.);
#1161=EDGE_CURVE('',#920,#921,#728,.T.);
#1162=EDGE_CURVE('',#921,#912,#729,.T.);
#1163=EDGE_CURVE('',#922,#890,#111,.F.);
#1164=EDGE_CURVE('',#923,#922,#112,.F.);
#1165=EDGE_CURVE('',#923,#924,#113,.T.);
#1166=EDGE_CURVE('',#924,#883,#114,.T.);
#1167=EDGE_CURVE('',#925,#926,#730,.T.);
#1168=EDGE_CURVE('',#926,#925,#731,.T.);
#1169=EDGE_CURVE('',#925,#918,#560,.T.);
#1170=EDGE_CURVE('',#927,#928,#115,.T.);
#1171=EDGE_CURVE('',#929,#927,#732,.T.);
#1172=EDGE_CURVE('',#929,#926,#733,.T.);
#1173=EDGE_CURVE('',#848,#929,#734,.T.);
#1174=EDGE_CURVE('',#928,#848,#735,.T.);
#1175=EDGE_CURVE('',#928,#930,#736,.T.);
#1176=EDGE_CURVE('',#930,#931,#116,.F.);
#1177=EDGE_CURVE('',#931,#932,#737,.T.);
#1178=EDGE_CURVE('',#932,#909,#117,.F.);
#1179=EDGE_CURVE('',#849,#927,#738,.T.);
#1180=EDGE_CURVE('',#867,#933,#118,.T.);
#1181=EDGE_CURVE('',#866,#934,#739,.T.);
#1182=EDGE_CURVE('',#935,#934,#740,.T.);
#1183=EDGE_CURVE('',#934,#935,#741,.T.);
#1184=EDGE_CURVE('',#936,#865,#119,.T.);
#1185=EDGE_CURVE('',#933,#936,#742,.T.);
#1186=EDGE_CURVE('',#936,#937,#743,.T.);
#1187=EDGE_CURVE('',#933,#937,#744,.T.);
#1188=EDGE_CURVE('',#938,#937,#561,.T.);
#1189=EDGE_CURVE('',#938,#939,#120,.T.);
#1190=EDGE_CURVE('',#939,#940,#745,.T.);
#1191=EDGE_CURVE('',#940,#868,#121,.T.);
#1192=EDGE_CURVE('',#935,#941,#562,.T.);
#1193=EDGE_CURVE('',#941,#942,#122,.T.);
#1194=EDGE_CURVE('',#942,#941,#123,.T.);
#1195=EDGE_CURVE('',#943,#884,#124,.T.);
#1196=EDGE_CURVE('',#943,#942,#125,.T.);
#1197=EDGE_CURVE('',#885,#943,#126,.T.);
#1198=EDGE_CURVE('',#944,#864,#127,.T.);
#1199=EDGE_CURVE('',#945,#944,#563,.T.);
#1200=EDGE_CURVE('',#886,#945,#128,.T.);
#1201=EDGE_CURVE('',#938,#924,#129,.F.);
#1202=EDGE_CURVE('',#946,#875,#746,.T.);
#1203=EDGE_CURVE('',#830,#946,#747,.T.);
#1204=EDGE_CURVE('',#847,#946,#130,.T.);
#1205=EDGE_CURVE('',#947,#874,#564,.T.);
#1206=EDGE_CURVE('',#947,#948,#748,.T.);
#1207=EDGE_CURVE('',#948,#949,#131,.T.);
#1208=EDGE_CURVE('',#949,#950,#749,.T.);
#1209=EDGE_CURVE('',#930,#950,#750,.T.);
#1210=EDGE_CURVE('',#940,#947,#132,.T.);
#1211=EDGE_CURVE('',#948,#939,#751,.T.);
#1212=EDGE_CURVE('',#948,#923,#133,.T.);
#1213=EDGE_CURVE('',#949,#922,#134,.F.);
#1214=EDGE_CURVE('',#951,#922,#135,.T.);
#1215=EDGE_CURVE('',#952,#890,#565,.T.);
#1216=EDGE_CURVE('',#953,#952,#136,.T.);
#1217=EDGE_CURVE('',#953,#951,#137,.T.);
#1218=EDGE_CURVE('',#859,#953,#138,.T.);
#1219=EDGE_CURVE('',#860,#952,#139,.T.);
#1220=EDGE_CURVE('',#954,#947,#566,.T.);
#1221=EDGE_CURVE('',#874,#955,#567,.T.);
#1222=EDGE_CURVE('',#956,#955,#752,.T.);
#1223=EDGE_CURVE('',#956,#957,#140,.T.);
#1224=EDGE_CURVE('',#958,#957,#141,.T.);
#1225=EDGE_CURVE('',#958,#959,#568,.T.);
#1226=EDGE_CURVE('',#960,#959,#142,.T.);
#1227=EDGE_CURVE('',#960,#954,#143,.T.);
#1228=EDGE_CURVE('',#961,#868,#15,.T.);
#1229=EDGE_CURVE('',#868,#962,#569,.T.);
#1230=EDGE_CURVE('',#961,#962,#570,.T.);
#1231=EDGE_CURVE('',#963,#961,#753,.T.);
#1232=EDGE_CURVE('',#962,#963,#754,.T.);
#1233=EDGE_CURVE('',#868,#963,#144,.T.);
#1234=EDGE_CURVE('',#956,#871,#16,.F.);
#1235=EDGE_CURVE('',#964,#870,#571,.T.);
#1236=EDGE_CURVE('',#964,#965,#755,.T.);
#1237=EDGE_CURVE('',#957,#965,#145,.T.);
#1238=EDGE_CURVE('',#955,#872,#146,.F.);
#1239=EDGE_CURVE('',#961,#966,#756,.T.);
#1240=EDGE_CURVE('',#966,#869,#572,.T.);
#1241=EDGE_CURVE('',#868,#954,#147,.T.);
#1242=EDGE_CURVE('',#858,#950,#148,.F.);
#1243=EDGE_CURVE('',#863,#967,#757,.T.);
#1244=EDGE_CURVE('',#967,#944,#573,.T.);
#1245=EDGE_CURVE('',#960,#968,#149,.F.);
#1246=EDGE_CURVE('',#968,#963,#758,.T.);
#1247=EDGE_CURVE('',#969,#969,#759,.T.);
#1248=EDGE_CURVE('',#969,#970,#574,.T.);
#1249=EDGE_CURVE('',#970,#970,#760,.T.);
#1250=EDGE_CURVE('',#971,#889,#150,.T.);
#1251=EDGE_CURVE('',#888,#971,#151,.T.);
#1252=EDGE_CURVE('',#972,#971,#575,.T.);
#1253=EDGE_CURVE('',#952,#972,#761,.T.);
#1254=EDGE_CURVE('',#945,#887,#152,.T.);
#1255=EDGE_CURVE('',#967,#887,#576,.T.);
#1256=EDGE_CURVE('',#973,#857,#577,.T.);
#1257=EDGE_CURVE('',#973,#930,#762,.T.);
#1258=EDGE_CURVE('',#909,#974,#763,.T.);
#1259=EDGE_CURVE('',#974,#856,#578,.T.);
#1260=EDGE_CURVE('',#974,#975,#764,.T.);
#1261=EDGE_CURVE('',#975,#973,#765,.T.);
#1262=EDGE_CURVE('',#973,#931,#579,.T.);
#1263=EDGE_CURVE('',#976,#977,#766,.T.);
#1264=EDGE_CURVE('',#976,#975,#580,.T.);
#1265=EDGE_CURVE('',#974,#932,#581,.T.);
#1266=EDGE_CURVE('',#977,#976,#767,.T.);
#1267=EDGE_CURVE('',#895,#978,#768,.T.);
#1268=EDGE_CURVE('',#978,#979,#769,.T.);
#1269=EDGE_CURVE('',#979,#842,#770,.T.);
#1270=EDGE_CURVE('',#980,#876,#771,.T.);
#1271=EDGE_CURVE('',#876,#979,#153,.T.);
#1272=EDGE_CURVE('',#978,#980,#154,.T.);
#1273=EDGE_CURVE('',#980,#877,#155,.T.);
#1274=EDGE_CURVE('',#981,#877,#772,.T.);
#1275=EDGE_CURVE('',#978,#981,#156,.T.);
#1276=EDGE_CURVE('',#981,#916,#157,.T.);
#1277=EDGE_CURVE('',#914,#982,#773,.T.);
#1278=EDGE_CURVE('',#982,#916,#158,.T.);
#1279=EDGE_CURVE('',#913,#982,#159,.T.);
#1280=EDGE_CURVE('',#913,#981,#774,.T.);
#1281=EDGE_CURVE('',#958,#983,#775,.T.);
#1282=EDGE_CURVE('',#983,#984,#776,.T.);
#1283=EDGE_CURVE('',#984,#985,#160,.T.);
#1284=EDGE_CURVE('',#985,#958,#777,.T.);
#1285=EDGE_CURVE('',#965,#983,#161,.T.);
#1286=EDGE_CURVE('',#985,#986,#778,.T.);
#1287=EDGE_CURVE('',#959,#986,#779,.T.);
#1288=EDGE_CURVE('',#959,#987,#780,.T.);
#1289=EDGE_CURVE('',#987,#968,#162,.T.);
#1290=EDGE_CURVE('',#986,#988,#163,.T.);
#1291=EDGE_CURVE('',#988,#987,#781,.T.);
#1292=EDGE_CURVE('',#966,#988,#582,.T.);
#1293=EDGE_CURVE('',#862,#989,#782,.T.);
#1294=EDGE_CURVE('',#989,#990,#783,.T.);
#1295=EDGE_CURVE('',#990,#967,#784,.T.);
#1296=EDGE_CURVE('',#972,#989,#583,.T.);
#1297=EDGE_CURVE('',#861,#972,#164,.T.);
#1298=EDGE_CURVE('',#966,#991,#785,.T.);
#1299=EDGE_CURVE('',#991,#964,#786,.T.);
#1300=EDGE_CURVE('',#964,#984,#584,.T.);
#1301=EDGE_CURVE('',#992,#992,#787,.T.);
#1302=EDGE_CURVE('',#992,#993,#585,.T.);
#1303=EDGE_CURVE('',#993,#993,#788,.T.);
#1304=EDGE_CURVE('',#994,#994,#789,.T.);
#1305=EDGE_CURVE('',#994,#993,#586,.T.);
#1306=EDGE_CURVE('',#995,#995,#790,.T.);
#1307=EDGE_CURVE('',#996,#996,#791,.T.);
#1308=EDGE_CURVE('',#997,#997,#792,.T.);
#1309=EDGE_CURVE('',#998,#998,#793,.T.);
#1310=EDGE_CURVE('',#999,#999,#794,.T.);
#1311=EDGE_CURVE('',#1000,#1000,#795,.T.);
#1312=EDGE_CURVE('',#1001,#1001,#796,.T.);
#1313=EDGE_CURVE('',#1002,#1002,#797,.T.);
#1314=EDGE_CURVE('',#814,#1003,#587,.T.);
#1315=EDGE_CURVE('',#1003,#1003,#798,.T.);
#1316=EDGE_CURVE('',#1003,#990,#588,.T.);
#1317=EDGE_CURVE('',#989,#888,#589,.T.);
#1318=EDGE_CURVE('',#1004,#1004,#799,.T.);
#1319=EDGE_CURVE('',#1004,#977,#800,.T.);
#1320=EDGE_CURVE('',#1005,#1005,#801,.T.);
#1321=EDGE_CURVE('',#1006,#1006,#802,.T.);
#1322=EDGE_CURVE('',#1007,#1007,#803,.T.);
#1323=EDGE_CURVE('',#1008,#1008,#804,.T.);
#1324=EDGE_CURVE('',#1009,#1009,#805,.T.);
#1325=EDGE_CURVE('',#1010,#1010,#806,.T.);
#1326=EDGE_CURVE('',#1011,#1011,#807,.T.);
#1327=EDGE_CURVE('',#995,#981,#808,.T.);
#1328=EDGE_CURVE('',#1008,#999,#590,.T.);
#1329=EDGE_CURVE('',#1011,#996,#591,.T.);
#1330=EDGE_CURVE('',#1007,#1000,#592,.T.);
#1331=EDGE_CURVE('',#1005,#1002,#593,.T.);
#1332=EDGE_CURVE('',#1010,#997,#594,.T.);
#1333=EDGE_CURVE('',#1006,#1001,#595,.T.);
#1334=EDGE_CURVE('',#1009,#998,#596,.T.);
#1335=EDGE_CURVE('',#991,#1012,#597,.T.);
#1336=EDGE_CURVE('',#1012,#1012,#809,.T.);
#1337=EDGE_CURVE('',#817,#1013,#598,.T.);
#1338=EDGE_CURVE('',#1013,#1013,#810,.T.);
#1339=ORIENTED_EDGE('',*,*,#1014,.T.);
#1340=ORIENTED_EDGE('',*,*,#1015,.T.);
#1341=ORIENTED_EDGE('',*,*,#1016,.T.);
#1342=ORIENTED_EDGE('',*,*,#1015,.F.);
#1343=ORIENTED_EDGE('',*,*,#1016,.F.);
#1344=ORIENTED_EDGE('',*,*,#1017,.T.);
#1345=ORIENTED_EDGE('',*,*,#1018,.F.);
#1346=ORIENTED_EDGE('',*,*,#1017,.F.);
#1347=ORIENTED_EDGE('',*,*,#1019,.F.);
#1348=ORIENTED_EDGE('',*,*,#1020,.F.);
#1349=ORIENTED_EDGE('',*,*,#1021,.F.);
#1350=ORIENTED_EDGE('',*,*,#1022,.T.);
#1351=ORIENTED_EDGE('',*,*,#1023,.F.);
#1352=ORIENTED_EDGE('',*,*,#1014,.F.);
#1353=ORIENTED_EDGE('',*,*,#1020,.T.);
#1354=ORIENTED_EDGE('',*,*,#1024,.T.);
#1355=ORIENTED_EDGE('',*,*,#1025,.T.);
#1356=ORIENTED_EDGE('',*,*,#1024,.F.);
#1357=ORIENTED_EDGE('',*,*,#1025,.F.);
#1358=ORIENTED_EDGE('',*,*,#1026,.T.);
#1359=ORIENTED_EDGE('',*,*,#1027,.F.);
#1360=ORIENTED_EDGE('',*,*,#1026,.F.);
#1361=ORIENTED_EDGE('',*,*,#1023,.T.);
#1362=ORIENTED_EDGE('',*,*,#1028,.T.);
#1363=ORIENTED_EDGE('',*,*,#1029,.T.);
#1364=ORIENTED_EDGE('',*,*,#1028,.F.);
#1365=ORIENTED_EDGE('',*,*,#1029,.F.);
#1366=ORIENTED_EDGE('',*,*,#1030,.T.);
#1367=ORIENTED_EDGE('',*,*,#1031,.F.);
#1368=ORIENTED_EDGE('',*,*,#1030,.F.);
#1369=ORIENTED_EDGE('',*,*,#1021,.T.);
#1370=ORIENTED_EDGE('',*,*,#1032,.T.);
#1371=ORIENTED_EDGE('',*,*,#1033,.T.);
#1372=ORIENTED_EDGE('',*,*,#1032,.F.);
#1373=ORIENTED_EDGE('',*,*,#1033,.F.);
#1374=ORIENTED_EDGE('',*,*,#1034,.T.);
#1375=ORIENTED_EDGE('',*,*,#1035,.F.);
#1376=ORIENTED_EDGE('',*,*,#1034,.F.);
#1377=ORIENTED_EDGE('',*,*,#1036,.T.);
#1378=ORIENTED_EDGE('',*,*,#1037,.T.);
#1379=ORIENTED_EDGE('',*,*,#1038,.T.);
#1380=ORIENTED_EDGE('',*,*,#1039,.T.);
#1381=ORIENTED_EDGE('',*,*,#1040,.T.);
#1382=ORIENTED_EDGE('',*,*,#1041,.T.);
#1383=ORIENTED_EDGE('',*,*,#1042,.F.);
#1384=ORIENTED_EDGE('',*,*,#1043,.T.);
#1385=ORIENTED_EDGE('',*,*,#1044,.T.);
#1386=ORIENTED_EDGE('',*,*,#1045,.T.);
#1387=ORIENTED_EDGE('',*,*,#1046,.T.);
#1388=ORIENTED_EDGE('',*,*,#1047,.T.);
#1389=ORIENTED_EDGE('',*,*,#1048,.T.);
#1390=ORIENTED_EDGE('',*,*,#1049,.T.);
#1391=ORIENTED_EDGE('',*,*,#1050,.T.);
#1392=ORIENTED_EDGE('',*,*,#1048,.F.);
#1393=ORIENTED_EDGE('',*,*,#1051,.T.);
#1394=ORIENTED_EDGE('',*,*,#1052,.T.);
#1395=ORIENTED_EDGE('',*,*,#1053,.T.);
#1396=ORIENTED_EDGE('',*,*,#1052,.F.);
#1397=ORIENTED_EDGE('',*,*,#1054,.T.);
#1398=ORIENTED_EDGE('',*,*,#1055,.T.);
#1399=ORIENTED_EDGE('',*,*,#1056,.T.);
#1400=ORIENTED_EDGE('',*,*,#1057,.T.);
#1401=ORIENTED_EDGE('',*,*,#1058,.T.);
#1402=ORIENTED_EDGE('',*,*,#1057,.F.);
#1403=ORIENTED_EDGE('',*,*,#1059,.T.);
#1404=ORIENTED_EDGE('',*,*,#1042,.T.);
#1405=ORIENTED_EDGE('',*,*,#1060,.T.);
#1406=ORIENTED_EDGE('',*,*,#1061,.T.);
#1407=ORIENTED_EDGE('',*,*,#1061,.F.);
#1408=ORIENTED_EDGE('',*,*,#1062,.F.);
#1409=ORIENTED_EDGE('',*,*,#1063,.T.);
#1410=ORIENTED_EDGE('',*,*,#1064,.T.);
#1411=ORIENTED_EDGE('',*,*,#1050,.F.);
#1412=ORIENTED_EDGE('',*,*,#1065,.T.);
#1413=ORIENTED_EDGE('',*,*,#1066,.F.);
#1414=ORIENTED_EDGE('',*,*,#1067,.T.);
#1415=ORIENTED_EDGE('',*,*,#1068,.F.);
#1416=ORIENTED_EDGE('',*,*,#1069,.F.);
#1417=ORIENTED_EDGE('',*,*,#1070,.F.);
#1418=ORIENTED_EDGE('',*,*,#1036,.F.);
#1419=ORIENTED_EDGE('',*,*,#1037,.F.);
#1420=ORIENTED_EDGE('',*,*,#1070,.T.);
#1421=ORIENTED_EDGE('',*,*,#1071,.F.);
#1422=ORIENTED_EDGE('',*,*,#1072,.T.);
#1423=ORIENTED_EDGE('',*,*,#1073,.F.);
#1424=ORIENTED_EDGE('',*,*,#1074,.F.);
#1425=ORIENTED_EDGE('',*,*,#1075,.F.);
#1426=ORIENTED_EDGE('',*,*,#1076,.T.);
#1427=ORIENTED_EDGE('',*,*,#1077,.F.);
#1428=ORIENTED_EDGE('',*,*,#1078,.F.);
#1429=ORIENTED_EDGE('',*,*,#1079,.F.);
#1430=ORIENTED_EDGE('',*,*,#1080,.F.);
#1431=ORIENTED_EDGE('',*,*,#1081,.F.);
#1432=ORIENTED_EDGE('',*,*,#1082,.T.);
#1433=ORIENTED_EDGE('',*,*,#1083,.T.);
#1434=ORIENTED_EDGE('',*,*,#1084,.T.);
#1435=ORIENTED_EDGE('',*,*,#1085,.F.);
#1436=ORIENTED_EDGE('',*,*,#1086,.F.);
#1437=ORIENTED_EDGE('',*,*,#1087,.F.);
#1438=ORIENTED_EDGE('',*,*,#1088,.F.);
#1439=ORIENTED_EDGE('',*,*,#1089,.F.);
#1440=ORIENTED_EDGE('',*,*,#1090,.F.);
#1441=ORIENTED_EDGE('',*,*,#1038,.F.);
#1442=ORIENTED_EDGE('',*,*,#1090,.T.);
#1443=ORIENTED_EDGE('',*,*,#1091,.T.);
#1444=ORIENTED_EDGE('',*,*,#1092,.T.);
#1445=ORIENTED_EDGE('',*,*,#1039,.F.);
#1446=ORIENTED_EDGE('',*,*,#1092,.F.);
#1447=ORIENTED_EDGE('',*,*,#1093,.T.);
#1448=ORIENTED_EDGE('',*,*,#1094,.F.);
#1449=ORIENTED_EDGE('',*,*,#1095,.T.);
#1450=ORIENTED_EDGE('',*,*,#1056,.F.);
#1451=ORIENTED_EDGE('',*,*,#1096,.T.);
#1452=ORIENTED_EDGE('',*,*,#1097,.F.);
#1453=ORIENTED_EDGE('',*,*,#1098,.T.);
#1454=ORIENTED_EDGE('',*,*,#1099,.F.);
#1455=ORIENTED_EDGE('',*,*,#1100,.T.);
#1456=ORIENTED_EDGE('',*,*,#1101,.T.);
#1457=ORIENTED_EDGE('',*,*,#1102,.T.);
#1458=ORIENTED_EDGE('',*,*,#1103,.F.);
#1459=ORIENTED_EDGE('',*,*,#1104,.F.);
#1460=ORIENTED_EDGE('',*,*,#1043,.F.);
#1461=ORIENTED_EDGE('',*,*,#1059,.F.);
#1462=ORIENTED_EDGE('',*,*,#1044,.F.);
#1463=ORIENTED_EDGE('',*,*,#1104,.T.);
#1464=ORIENTED_EDGE('',*,*,#1105,.T.);
#1465=ORIENTED_EDGE('',*,*,#1045,.F.);
#1466=ORIENTED_EDGE('',*,*,#1105,.F.);
#1467=ORIENTED_EDGE('',*,*,#1106,.T.);
#1468=ORIENTED_EDGE('',*,*,#1107,.T.);
#1469=ORIENTED_EDGE('',*,*,#1108,.T.);
#1470=ORIENTED_EDGE('',*,*,#1109,.F.);
#1471=ORIENTED_EDGE('',*,*,#1110,.F.);
#1472=ORIENTED_EDGE('',*,*,#1111,.F.);
#1473=ORIENTED_EDGE('',*,*,#1112,.T.);
#1474=ORIENTED_EDGE('',*,*,#1113,.F.);
#1475=ORIENTED_EDGE('',*,*,#1114,.F.);
#1476=ORIENTED_EDGE('',*,*,#1115,.T.);
#1477=ORIENTED_EDGE('',*,*,#1116,.F.);
#1478=ORIENTED_EDGE('',*,*,#1117,.T.);
#1479=ORIENTED_EDGE('',*,*,#1118,.F.);
#1480=ORIENTED_EDGE('',*,*,#1119,.T.);
#1481=ORIENTED_EDGE('',*,*,#1046,.F.);
#1482=ORIENTED_EDGE('',*,*,#1119,.F.);
#1483=ORIENTED_EDGE('',*,*,#1120,.F.);
#1484=ORIENTED_EDGE('',*,*,#1121,.T.);
#1485=ORIENTED_EDGE('',*,*,#1122,.T.);
#1486=ORIENTED_EDGE('',*,*,#1123,.F.);
#1487=ORIENTED_EDGE('',*,*,#1124,.T.);
#1488=ORIENTED_EDGE('',*,*,#1125,.T.);
#1489=ORIENTED_EDGE('',*,*,#1126,.T.);
#1490=ORIENTED_EDGE('',*,*,#1125,.F.);
#1491=ORIENTED_EDGE('',*,*,#1127,.T.);
#1492=ORIENTED_EDGE('',*,*,#1128,.T.);
#1493=ORIENTED_EDGE('',*,*,#1129,.T.);
#1494=ORIENTED_EDGE('',*,*,#1130,.T.);
#1495=ORIENTED_EDGE('',*,*,#1069,.T.);
#1496=ORIENTED_EDGE('',*,*,#1131,.F.);
#1497=ORIENTED_EDGE('',*,*,#1132,.T.);
#1498=ORIENTED_EDGE('',*,*,#1133,.T.);
#1499=ORIENTED_EDGE('',*,*,#1114,.T.);
#1500=ORIENTED_EDGE('',*,*,#1134,.T.);
#1501=ORIENTED_EDGE('',*,*,#1135,.T.);
#1502=ORIENTED_EDGE('',*,*,#1123,.T.);
#1503=ORIENTED_EDGE('',*,*,#1136,.T.);
#1504=ORIENTED_EDGE('',*,*,#1071,.T.);
#1505=ORIENTED_EDGE('',*,*,#1137,.T.);
#1506=ORIENTED_EDGE('',*,*,#1130,.F.);
#1507=ORIENTED_EDGE('',*,*,#1138,.T.);
#1508=ORIENTED_EDGE('',*,*,#1131,.T.);
#1509=ORIENTED_EDGE('',*,*,#1068,.T.);
#1510=ORIENTED_EDGE('',*,*,#1137,.F.);
#1511=ORIENTED_EDGE('',*,*,#1067,.F.);
#1512=ORIENTED_EDGE('',*,*,#1139,.F.);
#1513=ORIENTED_EDGE('',*,*,#1140,.F.);
#1514=ORIENTED_EDGE('',*,*,#1141,.F.);
#1515=ORIENTED_EDGE('',*,*,#1121,.F.);
#1516=ORIENTED_EDGE('',*,*,#1126,.F.);
#1517=ORIENTED_EDGE('',*,*,#1122,.F.);
#1518=ORIENTED_EDGE('',*,*,#1141,.T.);
#1519=ORIENTED_EDGE('',*,*,#1142,.F.);
#1520=ORIENTED_EDGE('',*,*,#1072,.F.);
#1521=ORIENTED_EDGE('',*,*,#1136,.F.);
#1522=ORIENTED_EDGE('',*,*,#1135,.F.);
#1523=ORIENTED_EDGE('',*,*,#1143,.T.);
#1524=ORIENTED_EDGE('',*,*,#1144,.F.);
#1525=ORIENTED_EDGE('',*,*,#1145,.T.);
#1526=ORIENTED_EDGE('',*,*,#1146,.T.);
#1527=ORIENTED_EDGE('',*,*,#1147,.T.);
#1528=ORIENTED_EDGE('',*,*,#1148,.T.);
#1529=ORIENTED_EDGE('',*,*,#1127,.F.);
#1530=ORIENTED_EDGE('',*,*,#1124,.F.);
#1531=ORIENTED_EDGE('',*,*,#1129,.F.);
#1532=ORIENTED_EDGE('',*,*,#1149,.T.);
#1533=ORIENTED_EDGE('',*,*,#1150,.T.);
#1534=ORIENTED_EDGE('',*,*,#1151,.T.);
#1535=ORIENTED_EDGE('',*,*,#1116,.T.);
#1536=ORIENTED_EDGE('',*,*,#1152,.T.);
#1537=ORIENTED_EDGE('',*,*,#1132,.F.);
#1538=ORIENTED_EDGE('',*,*,#1138,.F.);
#1539=ORIENTED_EDGE('',*,*,#1133,.F.);
#1540=ORIENTED_EDGE('',*,*,#1152,.F.);
#1541=ORIENTED_EDGE('',*,*,#1115,.F.);
#1542=ORIENTED_EDGE('',*,*,#1128,.F.);
#1543=ORIENTED_EDGE('',*,*,#1148,.F.);
#1544=ORIENTED_EDGE('',*,*,#1153,.F.);
#1545=ORIENTED_EDGE('',*,*,#1149,.F.);
#1546=ORIENTED_EDGE('',*,*,#1154,.F.);
#1547=ORIENTED_EDGE('',*,*,#1155,.T.);
#1548=ORIENTED_EDGE('',*,*,#1100,.F.);
#1549=ORIENTED_EDGE('',*,*,#1156,.F.);
#1550=ORIENTED_EDGE('',*,*,#1102,.F.);
#1551=ORIENTED_EDGE('',*,*,#1157,.F.);
#1552=ORIENTED_EDGE('',*,*,#1158,.F.);
#1553=ORIENTED_EDGE('',*,*,#1101,.F.);
#1554=ORIENTED_EDGE('',*,*,#1155,.F.);
#1555=ORIENTED_EDGE('',*,*,#1159,.F.);
#1556=ORIENTED_EDGE('',*,*,#1157,.T.);
#1557=ORIENTED_EDGE('',*,*,#1156,.T.);
#1558=ORIENTED_EDGE('',*,*,#1099,.T.);
#1559=ORIENTED_EDGE('',*,*,#1160,.T.);
#1560=ORIENTED_EDGE('',*,*,#1161,.T.);
#1561=ORIENTED_EDGE('',*,*,#1162,.T.);
#1562=ORIENTED_EDGE('',*,*,#1145,.F.);
#1563=ORIENTED_EDGE('',*,*,#1163,.F.);
#1564=ORIENTED_EDGE('',*,*,#1164,.F.);
#1565=ORIENTED_EDGE('',*,*,#1165,.T.);
#1566=ORIENTED_EDGE('',*,*,#1166,.T.);
#1567=ORIENTED_EDGE('',*,*,#1103,.T.);
#1568=ORIENTED_EDGE('',*,*,#1167,.T.);
#1569=ORIENTED_EDGE('',*,*,#1168,.T.);
#1570=ORIENTED_EDGE('',*,*,#1169,.T.);
#1571=ORIENTED_EDGE('',*,*,#1158,.T.);
#1572=ORIENTED_EDGE('',*,*,#1159,.T.);
#1573=ORIENTED_EDGE('',*,*,#1154,.T.);
#1574=ORIENTED_EDGE('',*,*,#1169,.F.);
#1575=ORIENTED_EDGE('',*,*,#1170,.F.);
#1576=ORIENTED_EDGE('',*,*,#1171,.F.);
#1577=ORIENTED_EDGE('',*,*,#1172,.T.);
#1578=ORIENTED_EDGE('',*,*,#1167,.F.);
#1579=ORIENTED_EDGE('',*,*,#1168,.F.);
#1580=ORIENTED_EDGE('',*,*,#1172,.F.);
#1581=ORIENTED_EDGE('',*,*,#1173,.F.);
#1582=ORIENTED_EDGE('',*,*,#1174,.F.);
#1583=ORIENTED_EDGE('',*,*,#1170,.T.);
#1584=ORIENTED_EDGE('',*,*,#1175,.T.);
#1585=ORIENTED_EDGE('',*,*,#1176,.T.);
#1586=ORIENTED_EDGE('',*,*,#1177,.T.);
#1587=ORIENTED_EDGE('',*,*,#1178,.T.);
#1588=ORIENTED_EDGE('',*,*,#1139,.T.);
#1589=ORIENTED_EDGE('',*,*,#1066,.T.);
#1590=ORIENTED_EDGE('',*,*,#1179,.T.);
#1591=ORIENTED_EDGE('',*,*,#1049,.F.);
#1592=ORIENTED_EDGE('',*,*,#1053,.F.);
#1593=ORIENTED_EDGE('',*,*,#1058,.F.);
#1594=ORIENTED_EDGE('',*,*,#1064,.F.);
#1595=ORIENTED_EDGE('',*,*,#1173,.T.);
#1596=ORIENTED_EDGE('',*,*,#1171,.T.);
#1597=ORIENTED_EDGE('',*,*,#1179,.F.);
#1598=ORIENTED_EDGE('',*,*,#1065,.F.);
#1599=ORIENTED_EDGE('',*,*,#1180,.F.);
#1600=ORIENTED_EDGE('',*,*,#1084,.F.);
#1601=ORIENTED_EDGE('',*,*,#1181,.T.);
#1602=ORIENTED_EDGE('',*,*,#1182,.F.);
#1603=ORIENTED_EDGE('',*,*,#1183,.F.);
#1604=ORIENTED_EDGE('',*,*,#1181,.F.);
#1605=ORIENTED_EDGE('',*,*,#1083,.F.);
#1606=ORIENTED_EDGE('',*,*,#1184,.F.);
#1607=ORIENTED_EDGE('',*,*,#1185,.F.);
#1608=ORIENTED_EDGE('',*,*,#1185,.T.);
#1609=ORIENTED_EDGE('',*,*,#1186,.T.);
#1610=ORIENTED_EDGE('',*,*,#1187,.F.);
#1611=ORIENTED_EDGE('',*,*,#1180,.T.);
#1612=ORIENTED_EDGE('',*,*,#1187,.T.);
#1613=ORIENTED_EDGE('',*,*,#1188,.F.);
#1614=ORIENTED_EDGE('',*,*,#1189,.T.);
#1615=ORIENTED_EDGE('',*,*,#1190,.T.);
#1616=ORIENTED_EDGE('',*,*,#1191,.T.);
#1617=ORIENTED_EDGE('',*,*,#1085,.T.);
#1618=ORIENTED_EDGE('',*,*,#1182,.T.);
#1619=ORIENTED_EDGE('',*,*,#1183,.T.);
#1620=ORIENTED_EDGE('',*,*,#1192,.T.);
#1621=ORIENTED_EDGE('',*,*,#1193,.T.);
#1622=ORIENTED_EDGE('',*,*,#1194,.T.);
#1623=ORIENTED_EDGE('',*,*,#1192,.F.);
#1624=ORIENTED_EDGE('',*,*,#1195,.F.);
#1625=ORIENTED_EDGE('',*,*,#1196,.T.);
#1626=ORIENTED_EDGE('',*,*,#1193,.F.);
#1627=ORIENTED_EDGE('',*,*,#1194,.F.);
#1628=ORIENTED_EDGE('',*,*,#1196,.F.);
#1629=ORIENTED_EDGE('',*,*,#1197,.F.);
#1630=ORIENTED_EDGE('',*,*,#1107,.F.);
#1631=ORIENTED_EDGE('',*,*,#1184,.T.);
#1632=ORIENTED_EDGE('',*,*,#1082,.F.);
#1633=ORIENTED_EDGE('',*,*,#1198,.F.);
#1634=ORIENTED_EDGE('',*,*,#1199,.F.);
#1635=ORIENTED_EDGE('',*,*,#1200,.F.);
#1636=ORIENTED_EDGE('',*,*,#1108,.F.);
#1637=ORIENTED_EDGE('',*,*,#1197,.T.);
#1638=ORIENTED_EDGE('',*,*,#1195,.T.);
#1639=ORIENTED_EDGE('',*,*,#1106,.F.);
#1640=ORIENTED_EDGE('',*,*,#1166,.F.);
#1641=ORIENTED_EDGE('',*,*,#1201,.F.);
#1642=ORIENTED_EDGE('',*,*,#1188,.T.);
#1643=ORIENTED_EDGE('',*,*,#1186,.F.);
#1644=ORIENTED_EDGE('',*,*,#1040,.F.);
#1645=ORIENTED_EDGE('',*,*,#1095,.F.);
#1646=ORIENTED_EDGE('',*,*,#1202,.F.);
#1647=ORIENTED_EDGE('',*,*,#1203,.F.);
#1648=ORIENTED_EDGE('',*,*,#1060,.F.);
#1649=ORIENTED_EDGE('',*,*,#1041,.F.);
#1650=ORIENTED_EDGE('',*,*,#1203,.T.);
#1651=ORIENTED_EDGE('',*,*,#1204,.F.);
#1652=ORIENTED_EDGE('',*,*,#1062,.T.);
#1653=ORIENTED_EDGE('',*,*,#1174,.T.);
#1654=ORIENTED_EDGE('',*,*,#1063,.F.);
#1655=ORIENTED_EDGE('',*,*,#1204,.T.);
#1656=ORIENTED_EDGE('',*,*,#1202,.T.);
#1657=ORIENTED_EDGE('',*,*,#1094,.T.);
#1658=ORIENTED_EDGE('',*,*,#1205,.F.);
#1659=ORIENTED_EDGE('',*,*,#1206,.T.);
#1660=ORIENTED_EDGE('',*,*,#1207,.T.);
#1661=ORIENTED_EDGE('',*,*,#1208,.T.);
#1662=ORIENTED_EDGE('',*,*,#1209,.F.);
#1663=ORIENTED_EDGE('',*,*,#1175,.F.);
#1664=ORIENTED_EDGE('',*,*,#1210,.F.);
#1665=ORIENTED_EDGE('',*,*,#1190,.F.);
#1666=ORIENTED_EDGE('',*,*,#1211,.F.);
#1667=ORIENTED_EDGE('',*,*,#1206,.F.);
#1668=ORIENTED_EDGE('',*,*,#1201,.T.);
#1669=ORIENTED_EDGE('',*,*,#1165,.F.);
#1670=ORIENTED_EDGE('',*,*,#1212,.F.);
#1671=ORIENTED_EDGE('',*,*,#1211,.T.);
#1672=ORIENTED_EDGE('',*,*,#1189,.F.);
#1673=ORIENTED_EDGE('',*,*,#1212,.T.);
#1674=ORIENTED_EDGE('',*,*,#1164,.T.);
#1675=ORIENTED_EDGE('',*,*,#1213,.F.);
#1676=ORIENTED_EDGE('',*,*,#1207,.F.);
#1677=ORIENTED_EDGE('',*,*,#1214,.T.);
#1678=ORIENTED_EDGE('',*,*,#1163,.T.);
#1679=ORIENTED_EDGE('',*,*,#1215,.F.);
#1680=ORIENTED_EDGE('',*,*,#1216,.F.);
#1681=ORIENTED_EDGE('',*,*,#1217,.T.);
#1682=ORIENTED_EDGE('',*,*,#1218,.T.);
#1683=ORIENTED_EDGE('',*,*,#1216,.T.);
#1684=ORIENTED_EDGE('',*,*,#1219,.F.);
#1685=ORIENTED_EDGE('',*,*,#1077,.T.);
#1686=ORIENTED_EDGE('',*,*,#1220,.T.);
#1687=ORIENTED_EDGE('',*,*,#1205,.T.);
#1688=ORIENTED_EDGE('',*,*,#1221,.T.);
#1689=ORIENTED_EDGE('',*,*,#1222,.F.);
#1690=ORIENTED_EDGE('',*,*,#1223,.T.);
#1691=ORIENTED_EDGE('',*,*,#1224,.F.);
#1692=ORIENTED_EDGE('',*,*,#1225,.T.);
#1693=ORIENTED_EDGE('',*,*,#1226,.F.);
#1694=ORIENTED_EDGE('',*,*,#1227,.T.);
#1695=ORIENTED_EDGE('',*,*,#1228,.T.);
#1696=ORIENTED_EDGE('',*,*,#1229,.T.);
#1697=ORIENTED_EDGE('',*,*,#1230,.F.);
#1698=ORIENTED_EDGE('',*,*,#1231,.T.);
#1699=ORIENTED_EDGE('',*,*,#1230,.T.);
#1700=ORIENTED_EDGE('',*,*,#1232,.T.);
#1701=ORIENTED_EDGE('',*,*,#1233,.T.);
#1702=ORIENTED_EDGE('',*,*,#1232,.F.);
#1703=ORIENTED_EDGE('',*,*,#1229,.F.);
#1704=ORIENTED_EDGE('',*,*,#1234,.T.);
#1705=ORIENTED_EDGE('',*,*,#1088,.T.);
#1706=ORIENTED_EDGE('',*,*,#1235,.F.);
#1707=ORIENTED_EDGE('',*,*,#1236,.T.);
#1708=ORIENTED_EDGE('',*,*,#1237,.F.);
#1709=ORIENTED_EDGE('',*,*,#1223,.F.);
#1710=ORIENTED_EDGE('',*,*,#1091,.F.);
#1711=ORIENTED_EDGE('',*,*,#1238,.F.);
#1712=ORIENTED_EDGE('',*,*,#1221,.F.);
#1713=ORIENTED_EDGE('',*,*,#1093,.F.);
#1714=ORIENTED_EDGE('',*,*,#1228,.F.);
#1715=ORIENTED_EDGE('',*,*,#1239,.T.);
#1716=ORIENTED_EDGE('',*,*,#1240,.T.);
#1717=ORIENTED_EDGE('',*,*,#1086,.T.);
#1718=ORIENTED_EDGE('',*,*,#1191,.F.);
#1719=ORIENTED_EDGE('',*,*,#1210,.T.);
#1720=ORIENTED_EDGE('',*,*,#1220,.F.);
#1721=ORIENTED_EDGE('',*,*,#1241,.F.);
#1722=ORIENTED_EDGE('',*,*,#1208,.F.);
#1723=ORIENTED_EDGE('',*,*,#1213,.T.);
#1724=ORIENTED_EDGE('',*,*,#1214,.F.);
#1725=ORIENTED_EDGE('',*,*,#1217,.F.);
#1726=ORIENTED_EDGE('',*,*,#1218,.F.);
#1727=ORIENTED_EDGE('',*,*,#1076,.F.);
#1728=ORIENTED_EDGE('',*,*,#1242,.T.);
#1729=ORIENTED_EDGE('',*,*,#1198,.T.);
#1730=ORIENTED_EDGE('',*,*,#1081,.T.);
#1731=ORIENTED_EDGE('',*,*,#1243,.T.);
#1732=ORIENTED_EDGE('',*,*,#1244,.T.);
#1733=ORIENTED_EDGE('',*,*,#1233,.F.);
#1734=ORIENTED_EDGE('',*,*,#1241,.T.);
#1735=ORIENTED_EDGE('',*,*,#1227,.F.);
#1736=ORIENTED_EDGE('',*,*,#1245,.T.);
#1737=ORIENTED_EDGE('',*,*,#1246,.T.);
#1738=ORIENTED_EDGE('',*,*,#1247,.F.);
#1739=ORIENTED_EDGE('',*,*,#1248,.T.);
#1740=ORIENTED_EDGE('',*,*,#1249,.F.);
#1741=ORIENTED_EDGE('',*,*,#1248,.F.);
#1742=ORIENTED_EDGE('',*,*,#1250,.T.);
#1743=ORIENTED_EDGE('',*,*,#1111,.T.);
#1744=ORIENTED_EDGE('',*,*,#1251,.T.);
#1745=ORIENTED_EDGE('',*,*,#1250,.F.);
#1746=ORIENTED_EDGE('',*,*,#1252,.F.);
#1747=ORIENTED_EDGE('',*,*,#1253,.F.);
#1748=ORIENTED_EDGE('',*,*,#1215,.T.);
#1749=ORIENTED_EDGE('',*,*,#1112,.F.);
#1750=ORIENTED_EDGE('',*,*,#1200,.T.);
#1751=ORIENTED_EDGE('',*,*,#1254,.T.);
#1752=ORIENTED_EDGE('',*,*,#1109,.T.);
#1753=ORIENTED_EDGE('',*,*,#1254,.F.);
#1754=ORIENTED_EDGE('',*,*,#1199,.T.);
#1755=ORIENTED_EDGE('',*,*,#1244,.F.);
#1756=ORIENTED_EDGE('',*,*,#1255,.T.);
#1757=ORIENTED_EDGE('',*,*,#1075,.T.);
#1758=ORIENTED_EDGE('',*,*,#1256,.F.);
#1759=ORIENTED_EDGE('',*,*,#1257,.T.);
#1760=ORIENTED_EDGE('',*,*,#1209,.T.);
#1761=ORIENTED_EDGE('',*,*,#1242,.F.);
#1762=ORIENTED_EDGE('',*,*,#1142,.T.);
#1763=ORIENTED_EDGE('',*,*,#1140,.T.);
#1764=ORIENTED_EDGE('',*,*,#1258,.T.);
#1765=ORIENTED_EDGE('',*,*,#1259,.T.);
#1766=ORIENTED_EDGE('',*,*,#1073,.T.);
#1767=ORIENTED_EDGE('',*,*,#1259,.F.);
#1768=ORIENTED_EDGE('',*,*,#1260,.T.);
#1769=ORIENTED_EDGE('',*,*,#1261,.T.);
#1770=ORIENTED_EDGE('',*,*,#1256,.T.);
#1771=ORIENTED_EDGE('',*,*,#1074,.T.);
#1772=ORIENTED_EDGE('',*,*,#1257,.F.);
#1773=ORIENTED_EDGE('',*,*,#1262,.T.);
#1774=ORIENTED_EDGE('',*,*,#1176,.F.);
#1775=ORIENTED_EDGE('',*,*,#1263,.F.);
#1776=ORIENTED_EDGE('',*,*,#1264,.T.);
#1777=ORIENTED_EDGE('',*,*,#1260,.F.);
#1778=ORIENTED_EDGE('',*,*,#1265,.T.);
#1779=ORIENTED_EDGE('',*,*,#1177,.F.);
#1780=ORIENTED_EDGE('',*,*,#1262,.F.);
#1781=ORIENTED_EDGE('',*,*,#1261,.F.);
#1782=ORIENTED_EDGE('',*,*,#1264,.F.);
#1783=ORIENTED_EDGE('',*,*,#1266,.F.);
#1784=ORIENTED_EDGE('',*,*,#1258,.F.);
#1785=ORIENTED_EDGE('',*,*,#1178,.F.);
#1786=ORIENTED_EDGE('',*,*,#1265,.F.);
#1787=ORIENTED_EDGE('',*,*,#1054,.F.);
#1788=ORIENTED_EDGE('',*,*,#1051,.F.);
#1789=ORIENTED_EDGE('',*,*,#1047,.F.);
#1790=ORIENTED_EDGE('',*,*,#1120,.T.);
#1791=ORIENTED_EDGE('',*,*,#1118,.T.);
#1792=ORIENTED_EDGE('',*,*,#1267,.T.);
#1793=ORIENTED_EDGE('',*,*,#1268,.T.);
#1794=ORIENTED_EDGE('',*,*,#1269,.T.);
#1795=ORIENTED_EDGE('',*,*,#1270,.T.);
#1796=ORIENTED_EDGE('',*,*,#1271,.T.);
#1797=ORIENTED_EDGE('',*,*,#1268,.F.);
#1798=ORIENTED_EDGE('',*,*,#1272,.T.);
#1799=ORIENTED_EDGE('',*,*,#1097,.T.);
#1800=ORIENTED_EDGE('',*,*,#1270,.F.);
#1801=ORIENTED_EDGE('',*,*,#1273,.T.);
#1802=ORIENTED_EDGE('',*,*,#1274,.T.);
#1803=ORIENTED_EDGE('',*,*,#1273,.F.);
#1804=ORIENTED_EDGE('',*,*,#1272,.F.);
#1805=ORIENTED_EDGE('',*,*,#1275,.T.);
#1806=ORIENTED_EDGE('',*,*,#1267,.F.);
#1807=ORIENTED_EDGE('',*,*,#1117,.F.);
#1808=ORIENTED_EDGE('',*,*,#1151,.F.);
#1809=ORIENTED_EDGE('',*,*,#1276,.F.);
#1810=ORIENTED_EDGE('',*,*,#1275,.F.);
#1811=ORIENTED_EDGE('',*,*,#1277,.T.);
#1812=ORIENTED_EDGE('',*,*,#1278,.T.);
#1813=ORIENTED_EDGE('',*,*,#1150,.F.);
#1814=ORIENTED_EDGE('',*,*,#1153,.T.);
#1815=ORIENTED_EDGE('',*,*,#1147,.F.);
#1816=ORIENTED_EDGE('',*,*,#1279,.T.);
#1817=ORIENTED_EDGE('',*,*,#1277,.F.);
#1818=ORIENTED_EDGE('',*,*,#1279,.F.);
#1819=ORIENTED_EDGE('',*,*,#1280,.T.);
#1820=ORIENTED_EDGE('',*,*,#1276,.T.);
#1821=ORIENTED_EDGE('',*,*,#1278,.F.);
#1822=ORIENTED_EDGE('',*,*,#1055,.F.);
#1823=ORIENTED_EDGE('',*,*,#1269,.F.);
#1824=ORIENTED_EDGE('',*,*,#1271,.F.);
#1825=ORIENTED_EDGE('',*,*,#1096,.F.);
#1826=ORIENTED_EDGE('',*,*,#1134,.F.);
#1827=ORIENTED_EDGE('',*,*,#1113,.T.);
#1828=ORIENTED_EDGE('',*,*,#1144,.T.);
#1829=ORIENTED_EDGE('',*,*,#1143,.F.);
#1830=ORIENTED_EDGE('',*,*,#1281,.T.);
#1831=ORIENTED_EDGE('',*,*,#1282,.T.);
#1832=ORIENTED_EDGE('',*,*,#1283,.T.);
#1833=ORIENTED_EDGE('',*,*,#1284,.T.);
#1834=ORIENTED_EDGE('',*,*,#1237,.T.);
#1835=ORIENTED_EDGE('',*,*,#1285,.T.);
#1836=ORIENTED_EDGE('',*,*,#1281,.F.);
#1837=ORIENTED_EDGE('',*,*,#1224,.T.);
#1838=ORIENTED_EDGE('',*,*,#1234,.F.);
#1839=ORIENTED_EDGE('',*,*,#1222,.T.);
#1840=ORIENTED_EDGE('',*,*,#1238,.T.);
#1841=ORIENTED_EDGE('',*,*,#1089,.T.);
#1842=ORIENTED_EDGE('',*,*,#1284,.F.);
#1843=ORIENTED_EDGE('',*,*,#1286,.T.);
#1844=ORIENTED_EDGE('',*,*,#1287,.F.);
#1845=ORIENTED_EDGE('',*,*,#1225,.F.);
#1846=ORIENTED_EDGE('',*,*,#1245,.F.);
#1847=ORIENTED_EDGE('',*,*,#1226,.T.);
#1848=ORIENTED_EDGE('',*,*,#1288,.T.);
#1849=ORIENTED_EDGE('',*,*,#1289,.T.);
#1850=ORIENTED_EDGE('',*,*,#1290,.T.);
#1851=ORIENTED_EDGE('',*,*,#1291,.T.);
#1852=ORIENTED_EDGE('',*,*,#1288,.F.);
#1853=ORIENTED_EDGE('',*,*,#1287,.T.);
#1854=ORIENTED_EDGE('',*,*,#1291,.F.);
#1855=ORIENTED_EDGE('',*,*,#1292,.F.);
#1856=ORIENTED_EDGE('',*,*,#1239,.F.);
#1857=ORIENTED_EDGE('',*,*,#1231,.F.);
#1858=ORIENTED_EDGE('',*,*,#1246,.F.);
#1859=ORIENTED_EDGE('',*,*,#1289,.F.);
#1860=ORIENTED_EDGE('',*,*,#1293,.T.);
#1861=ORIENTED_EDGE('',*,*,#1294,.T.);
#1862=ORIENTED_EDGE('',*,*,#1295,.T.);
#1863=ORIENTED_EDGE('',*,*,#1243,.F.);
#1864=ORIENTED_EDGE('',*,*,#1080,.T.);
#1865=ORIENTED_EDGE('',*,*,#1296,.T.);
#1866=ORIENTED_EDGE('',*,*,#1293,.F.);
#1867=ORIENTED_EDGE('',*,*,#1079,.T.);
#1868=ORIENTED_EDGE('',*,*,#1297,.T.);
#1869=ORIENTED_EDGE('',*,*,#1253,.T.);
#1870=ORIENTED_EDGE('',*,*,#1297,.F.);
#1871=ORIENTED_EDGE('',*,*,#1078,.T.);
#1872=ORIENTED_EDGE('',*,*,#1219,.T.);
#1873=ORIENTED_EDGE('',*,*,#1235,.T.);
#1874=ORIENTED_EDGE('',*,*,#1087,.T.);
#1875=ORIENTED_EDGE('',*,*,#1240,.F.);
#1876=ORIENTED_EDGE('',*,*,#1298,.T.);
#1877=ORIENTED_EDGE('',*,*,#1299,.T.);
#1878=ORIENTED_EDGE('',*,*,#1285,.F.);
#1879=ORIENTED_EDGE('',*,*,#1236,.F.);
#1880=ORIENTED_EDGE('',*,*,#1300,.T.);
#1881=ORIENTED_EDGE('',*,*,#1282,.F.);
#1882=ORIENTED_EDGE('',*,*,#1301,.T.);
#1883=ORIENTED_EDGE('',*,*,#1302,.T.);
#1884=ORIENTED_EDGE('',*,*,#1303,.T.);
#1885=ORIENTED_EDGE('',*,*,#1302,.F.);
#1886=ORIENTED_EDGE('',*,*,#1304,.F.);
#1887=ORIENTED_EDGE('',*,*,#1305,.T.);
#1888=ORIENTED_EDGE('',*,*,#1303,.F.);
#1889=ORIENTED_EDGE('',*,*,#1305,.F.);
#1890=ORIENTED_EDGE('',*,*,#1306,.F.);
#1891=ORIENTED_EDGE('',*,*,#1307,.T.);
#1892=ORIENTED_EDGE('',*,*,#1308,.T.);
#1893=ORIENTED_EDGE('',*,*,#1309,.T.);
#1894=ORIENTED_EDGE('',*,*,#1310,.T.);
#1895=ORIENTED_EDGE('',*,*,#1249,.T.);
#1896=ORIENTED_EDGE('',*,*,#1311,.T.);
#1897=ORIENTED_EDGE('',*,*,#1312,.T.);
#1898=ORIENTED_EDGE('',*,*,#1313,.T.);
#1899=ORIENTED_EDGE('',*,*,#1301,.F.);
#1900=ORIENTED_EDGE('',*,*,#1019,.T.);
#1901=ORIENTED_EDGE('',*,*,#1314,.T.);
#1902=ORIENTED_EDGE('',*,*,#1315,.T.);
#1903=ORIENTED_EDGE('',*,*,#1314,.F.);
#1904=ORIENTED_EDGE('',*,*,#1315,.F.);
#1905=ORIENTED_EDGE('',*,*,#1316,.T.);
#1906=ORIENTED_EDGE('',*,*,#1294,.F.);
#1907=ORIENTED_EDGE('',*,*,#1317,.T.);
#1908=ORIENTED_EDGE('',*,*,#1110,.T.);
#1909=ORIENTED_EDGE('',*,*,#1255,.F.);
#1910=ORIENTED_EDGE('',*,*,#1295,.F.);
#1911=ORIENTED_EDGE('',*,*,#1316,.F.);
#1912=ORIENTED_EDGE('',*,*,#1318,.T.);
#1913=ORIENTED_EDGE('',*,*,#1319,.T.);
#1914=ORIENTED_EDGE('',*,*,#1266,.T.);
#1915=ORIENTED_EDGE('',*,*,#1263,.T.);
#1916=ORIENTED_EDGE('',*,*,#1319,.F.);
#1917=ORIENTED_EDGE('',*,*,#1318,.F.);
#1918=ORIENTED_EDGE('',*,*,#1247,.T.);
#1919=ORIENTED_EDGE('',*,*,#1320,.T.);
#1920=ORIENTED_EDGE('',*,*,#1321,.T.);
#1921=ORIENTED_EDGE('',*,*,#1322,.T.);
#1922=ORIENTED_EDGE('',*,*,#1323,.T.);
#1923=ORIENTED_EDGE('',*,*,#1324,.T.);
#1924=ORIENTED_EDGE('',*,*,#1304,.T.);
#1925=ORIENTED_EDGE('',*,*,#1325,.T.);
#1926=ORIENTED_EDGE('',*,*,#1326,.T.);
#1927=ORIENTED_EDGE('',*,*,#1280,.F.);
#1928=ORIENTED_EDGE('',*,*,#1146,.F.);
#1929=ORIENTED_EDGE('',*,*,#1162,.F.);
#1930=ORIENTED_EDGE('',*,*,#1161,.F.);
#1931=ORIENTED_EDGE('',*,*,#1160,.F.);
#1932=ORIENTED_EDGE('',*,*,#1098,.F.);
#1933=ORIENTED_EDGE('',*,*,#1274,.F.);
#1934=ORIENTED_EDGE('',*,*,#1327,.F.);
#1935=ORIENTED_EDGE('',*,*,#1306,.T.);
#1936=ORIENTED_EDGE('',*,*,#1327,.T.);
#1937=ORIENTED_EDGE('',*,*,#1323,.F.);
#1938=ORIENTED_EDGE('',*,*,#1328,.T.);
#1939=ORIENTED_EDGE('',*,*,#1310,.F.);
#1940=ORIENTED_EDGE('',*,*,#1328,.F.);
#1941=ORIENTED_EDGE('',*,*,#1326,.F.);
#1942=ORIENTED_EDGE('',*,*,#1329,.T.);
#1943=ORIENTED_EDGE('',*,*,#1307,.F.);
#1944=ORIENTED_EDGE('',*,*,#1329,.F.);
#1945=ORIENTED_EDGE('',*,*,#1322,.F.);
#1946=ORIENTED_EDGE('',*,*,#1330,.T.);
#1947=ORIENTED_EDGE('',*,*,#1311,.F.);
#1948=ORIENTED_EDGE('',*,*,#1330,.F.);
#1949=ORIENTED_EDGE('',*,*,#1320,.F.);
#1950=ORIENTED_EDGE('',*,*,#1331,.T.);
#1951=ORIENTED_EDGE('',*,*,#1313,.F.);
#1952=ORIENTED_EDGE('',*,*,#1331,.F.);
#1953=ORIENTED_EDGE('',*,*,#1325,.F.);
#1954=ORIENTED_EDGE('',*,*,#1332,.T.);
#1955=ORIENTED_EDGE('',*,*,#1308,.F.);
#1956=ORIENTED_EDGE('',*,*,#1332,.F.);
#1957=ORIENTED_EDGE('',*,*,#1321,.F.);
#1958=ORIENTED_EDGE('',*,*,#1333,.T.);
#1959=ORIENTED_EDGE('',*,*,#1312,.F.);
#1960=ORIENTED_EDGE('',*,*,#1333,.F.);
#1961=ORIENTED_EDGE('',*,*,#1324,.F.);
#1962=ORIENTED_EDGE('',*,*,#1334,.T.);
#1963=ORIENTED_EDGE('',*,*,#1309,.F.);
#1964=ORIENTED_EDGE('',*,*,#1334,.F.);
#1965=ORIENTED_EDGE('',*,*,#1298,.F.);
#1966=ORIENTED_EDGE('',*,*,#1292,.T.);
#1967=ORIENTED_EDGE('',*,*,#1290,.F.);
#1968=ORIENTED_EDGE('',*,*,#1286,.F.);
#1969=ORIENTED_EDGE('',*,*,#1283,.F.);
#1970=ORIENTED_EDGE('',*,*,#1300,.F.);
#1971=ORIENTED_EDGE('',*,*,#1299,.F.);
#1972=ORIENTED_EDGE('',*,*,#1335,.T.);
#1973=ORIENTED_EDGE('',*,*,#1336,.F.);
#1974=ORIENTED_EDGE('',*,*,#1335,.F.);
#1975=ORIENTED_EDGE('',*,*,#1022,.F.);
#1976=ORIENTED_EDGE('',*,*,#1337,.T.);
#1977=ORIENTED_EDGE('',*,*,#1338,.T.);
#1978=ORIENTED_EDGE('',*,*,#1337,.F.);
#1979=ORIENTED_EDGE('',*,*,#1336,.T.);
#1980=ORIENTED_EDGE('',*,*,#1018,.T.);
#1981=ORIENTED_EDGE('',*,*,#1027,.T.);
#1982=ORIENTED_EDGE('',*,*,#1031,.T.);
#1983=ORIENTED_EDGE('',*,*,#1035,.T.);
#1984=ORIENTED_EDGE('',*,*,#1338,.F.);
#1985=ORIENTED_EDGE('',*,*,#1251,.F.);
#1986=ORIENTED_EDGE('',*,*,#1317,.F.);
#1987=ORIENTED_EDGE('',*,*,#1296,.F.);
#1988=ORIENTED_EDGE('',*,*,#1252,.T.);
#1989=CONICAL_SURFACE('',#2133,2.65,0.785398163397448);
#1990=CONICAL_SURFACE('',#2144,2.65,0.78539816339745);
#1991=CONICAL_SURFACE('',#2148,2.65,0.785398163397448);
#1992=CONICAL_SURFACE('',#2152,2.65,0.785398163397451);
#1993=CONICAL_SURFACE('',#2222,15.5,0.785398163397448);
#1994=CONICAL_SURFACE('',#2255,8.89728026120059,0.785398163397457);
#1995=CONICAL_SURFACE('',#2257,14.8576368212685,0.78539816339746);
#1996=CONICAL_SURFACE('',#2262,14.8576368212685,0.78539816339746);
#1997=CONICAL_SURFACE('',#2270,41.5869301423625,0.785398163397448);
#1998=CONICAL_SURFACE('',#2272,46.8557316537574,0.785398163397448);
#1999=CONICAL_SURFACE('',#2274,12.5,0.785398163397448);
#2000=CONICAL_SURFACE('',#2311,24.5000000149012,0.785398163397465);
#2001=CONICAL_SURFACE('',#2315,5.74999999999997,0.785398163397338);
#2002=CONICAL_SURFACE('',#2329,27.2000000000002,0.785398163397448);
#2003=ADVANCED_FACE('',(#258),#1989,.F.);
#2004=ADVANCED_FACE('',(#259),#218,.F.);
#2005=ADVANCED_FACE('',(#260,#165,#166,#167,#168,#169),#193,.T.);
#2006=ADVANCED_FACE('',(#261),#1990,.F.);
#2007=ADVANCED_FACE('',(#262),#219,.F.);
#2008=ADVANCED_FACE('',(#263),#1991,.F.);
#2009=ADVANCED_FACE('',(#264),#220,.F.);
#2010=ADVANCED_FACE('',(#265),#1992,.F.);
#2011=ADVANCED_FACE('',(#266),#221,.F.);
#2012=ADVANCED_FACE('',(#267),#222,.F.);
#2013=ADVANCED_FACE('',(#268),#194,.F.);
#2014=ADVANCED_FACE('',(#269),#223,.F.);
#2015=ADVANCED_FACE('',(#270),#195,.F.);
#2016=ADVANCED_FACE('',(#271),#224,.F.);
#2017=ADVANCED_FACE('',(#272),#225,.F.);
#2018=ADVANCED_FACE('',(#273),#196,.T.);
#2019=ADVANCED_FACE('',(#274),#226,.F.);
#2020=ADVANCED_FACE('',(#275),#42,.F.);
#2021=ADVANCED_FACE('',(#276),#21,.F.);
#2022=ADVANCED_FACE('',(#277),#197,.F.);
#2023=ADVANCED_FACE('',(#278),#17,.F.);
#2024=ADVANCED_FACE('',(#279),#198,.T.);
#2025=ADVANCED_FACE('',(#280),#199,.T.);
#2026=ADVANCED_FACE('',(#281),#227,.F.);
#2027=ADVANCED_FACE('',(#282),#228,.F.);
#2028=ADVANCED_FACE('',(#283),#200,.T.);
#2029=ADVANCED_FACE('',(#284),#201,.T.);
#2030=ADVANCED_FACE('',(#285),#229,.F.);
#2031=ADVANCED_FACE('',(#286),#22,.F.);
#2032=ADVANCED_FACE('',(#287),#43,.T.);
#2033=ADVANCED_FACE('',(#288),#202,.T.);
#2034=ADVANCED_FACE('',(#289),#203,.T.);
#2035=ADVANCED_FACE('',(#290),#23,.T.);
#2036=ADVANCED_FACE('',(#291),#24,.T.);
#2037=ADVANCED_FACE('',(#292),#25,.F.);
#2038=ADVANCED_FACE('',(#293),#230,.F.);
#2039=ADVANCED_FACE('',(#294),#44,.T.);
#2040=ADVANCED_FACE('',(#295),#1993,.F.);
#2041=ADVANCED_FACE('',(#296),#204,.T.);
#2042=ADVANCED_FACE('',(#297),#45,.T.);
#2043=ADVANCED_FACE('',(#298),#205,.T.);
#2044=ADVANCED_FACE('',(#299),#231,.T.);
#2045=ADVANCED_FACE('',(#300),#232,.F.);
#2046=ADVANCED_FACE('',(#301),#26,.T.);
#2047=ADVANCED_FACE('',(#302),#233,.F.);
#2048=ADVANCED_FACE('',(#303),#46,.F.);
#2049=ADVANCED_FACE('',(#304),#27,.F.);
#2050=ADVANCED_FACE('',(#305),#206,.T.);
#2051=ADVANCED_FACE('',(#306),#47,.F.);
#2052=ADVANCED_FACE('',(#307),#28,.F.);
#2053=ADVANCED_FACE('',(#308),#29,.T.);
#2054=ADVANCED_FACE('',(#309),#30,.T.);
#2055=ADVANCED_FACE('',(#310),#31,.F.);
#2056=ADVANCED_FACE('',(#311),#234,.F.);
#2057=ADVANCED_FACE('',(#312),#207,.T.);
#2058=ADVANCED_FACE('',(#313),#208,.F.);
#2059=ADVANCED_FACE('',(#314),#235,.T.);
#2060=ADVANCED_FACE('',(#315),#1994,.T.);
#2061=ADVANCED_FACE('',(#316),#18,.T.);
#2062=ADVANCED_FACE('',(#317),#1995,.T.);
#2063=ADVANCED_FACE('',(#318),#19,.T.);
#2064=ADVANCED_FACE('',(#319),#236,.F.);
#2065=ADVANCED_FACE('',(#320),#237,.T.);
#2066=ADVANCED_FACE('',(#321),#1996,.T.);
#2067=ADVANCED_FACE('',(#322),#238,.F.);
#2068=ADVANCED_FACE('',(#323),#32,.F.);
#2069=ADVANCED_FACE('',(#324),#239,.F.);
#2070=ADVANCED_FACE('',(#325),#33,.F.);
#2071=ADVANCED_FACE('',(#326),#209,.T.);
#2072=ADVANCED_FACE('',(#327),#1997,.F.);
#2073=ADVANCED_FACE('',(#328),#1998,.F.);
#2074=ADVANCED_FACE('',(#329),#1999,.F.);
#2075=ADVANCED_FACE('',(#330),#240,.F.);
#2076=ADVANCED_FACE('',(#331),#241,.F.);
#2077=ADVANCED_FACE('',(#332),#242,.F.);
#2078=ADVANCED_FACE('',(#333),#48,.T.);
#2079=ADVANCED_FACE('',(#334),#34,.F.);
#2080=ADVANCED_FACE('',(#335),#35,.F.);
#2081=ADVANCED_FACE('',(#336),#36,.F.);
#2082=ADVANCED_FACE('',(#337),#243,.F.);
#2083=ADVANCED_FACE('',(#338),#37,.F.);
#2084=ADVANCED_FACE('',(#339),#38,.F.);
#2085=ADVANCED_FACE('',(#340),#39,.F.);
#2086=ADVANCED_FACE('',(#341),#210,.T.);
#2087=ADVANCED_FACE('',(#342),#211,.F.);
#2088=ADVANCED_FACE('',(#343),#49,.F.);
#2089=ADVANCED_FACE('',(#344),#40,.T.);
#2090=ADVANCED_FACE('',(#345),#212,.T.);
#2091=ADVANCED_FACE('',(#346),#213,.T.);
#2092=ADVANCED_FACE('',(#347),#41,.T.);
#2093=ADVANCED_FACE('',(#348),#50,.F.);
#2094=ADVANCED_FACE('',(#349),#244,.T.);
#2095=ADVANCED_FACE('',(#350),#51,.T.);
#2096=ADVANCED_FACE('',(#351),#245,.T.);
#2097=ADVANCED_FACE('',(#352),#52,.T.);
#2098=ADVANCED_FACE('',(#353),#2000,.F.);
#2099=ADVANCED_FACE('',(#354),#246,.T.);
#2100=ADVANCED_FACE('',(#355),#2001,.F.);
#2101=ADVANCED_FACE('',(#356),#247,.F.);
#2102=ADVANCED_FACE('',(#357,#170,#171,#172,#173,#174,#175,#176,#177,#178),
#214,.F.);
#2103=ADVANCED_FACE('',(#358),#2002,.T.);
#2104=ADVANCED_FACE('',(#359),#248,.T.);
#2105=ADVANCED_FACE('',(#360),#53,.F.);
#2106=ADVANCED_FACE('',(#361,#179,#180,#181,#182,#183,#184,#185,#186,#187),
#215,.F.);
#2107=ADVANCED_FACE('',(#362),#20,.T.);
#2108=ADVANCED_FACE('',(#363),#249,.F.);
#2109=ADVANCED_FACE('',(#364),#250,.F.);
#2110=ADVANCED_FACE('',(#365),#251,.F.);
#2111=ADVANCED_FACE('',(#366),#252,.F.);
#2112=ADVANCED_FACE('',(#367),#253,.F.);
#2113=ADVANCED_FACE('',(#368),#254,.F.);
#2114=ADVANCED_FACE('',(#369),#255,.F.);
#2115=ADVANCED_FACE('',(#370),#256,.F.);
#2116=ADVANCED_FACE('',(#371),#257,.F.);
#2117=ADVANCED_FACE('',(#372,#188,#189,#190,#191,#192),#216,.F.);
#2118=ADVANCED_FACE('',(#373),#217,.T.);
#2119=CLOSED_SHELL('',(#2003,#2004,#2005,#2006,#2007,#2008,#2009,#2010,
#2011,#2012,#2013,#2014,#2015,#2016,#2017,#2018,#2019,#2020,#2021,#2022,
#2023,#2024,#2025,#2026,#2027,#2028,#2029,#2030,#2031,#2032,#2033,#2034,
#2035,#2036,#2037,#2038,#2039,#2040,#2041,#2042,#2043,#2044,#2045,#2046,
#2047,#2048,#2049,#2050,#2051,#2052,#2053,#2054,#2055,#2056,#2057,#2058,
#2059,#2060,#2061,#2062,#2063,#2064,#2065,#2066,#2067,#2068,#2069,#2070,
#2071,#2072,#2073,#2074,#2075,#2076,#2077,#2078,#2079,#2080,#2081,#2082,
#2083,#2084,#2085,#2086,#2087,#2088,#2089,#2090,#2091,#2092,#2093,#2094,
#2095,#2096,#2097,#2098,#2099,#2100,#2101,#2102,#2103,#2104,#2105,#2106,
#2107,#2108,#2109,#2110,#2111,#2112,#2113,#2114,#2115,#2116,#2117,#2118));
#2120=DERIVED_UNIT_ELEMENT(#2122,1.);
#2121=DERIVED_UNIT_ELEMENT(#5901,-3.);
#2122=(
MASS_UNIT()
NAMED_UNIT(*)
SI_UNIT(.KILO.,.GRAM.)
);
#2123=DERIVED_UNIT((#2120,#2121));
#2124=MEASURE_REPRESENTATION_ITEM('density measure',
POSITIVE_RATIO_MEASURE(7850.),#2123);
#2125=PROPERTY_DEFINITION_REPRESENTATION(#2130,#2127);
#2126=PROPERTY_DEFINITION_REPRESENTATION(#2131,#2128);
#2127=REPRESENTATION('material name',(#2129),#5898);
#2128=REPRESENTATION('density',(#2124),#5898);
#2129=DESCRIPTIVE_REPRESENTATION_ITEM('\X2\94A2\X0\','\X2\94A2\X0\');
#2130=PROPERTY_DEFINITION('material property','material name',#5908);
#2131=PROPERTY_DEFINITION('material property','density of part',#5908);
#2132=AXIS2_PLACEMENT_3D('',#2888,#2357,#2358);
#2133=AXIS2_PLACEMENT_3D('',#2889,#2359,#2360);
#2134=AXIS2_PLACEMENT_3D('',#2891,#2361,#2362);
#2135=AXIS2_PLACEMENT_3D('',#2894,#2364,#2365);
#2136=AXIS2_PLACEMENT_3D('',#2895,#2366,#2367);
#2137=AXIS2_PLACEMENT_3D('',#2898,#2369,#2370);
#2138=AXIS2_PLACEMENT_3D('',#2899,#2371,#2372);
#2139=AXIS2_PLACEMENT_3D('',#2901,#2373,#2374);
#2140=AXIS2_PLACEMENT_3D('',#2903,#2375,#2376);
#2141=AXIS2_PLACEMENT_3D('',#2905,#2377,#2378);
#2142=AXIS2_PLACEMENT_3D('',#2907,#2379,#2380);
#2143=AXIS2_PLACEMENT_3D('',#2909,#2381,#2382);
#2144=AXIS2_PLACEMENT_3D('',#2910,#2383,#2384);
#2145=AXIS2_PLACEMENT_3D('',#2913,#2386,#2387);
#2146=AXIS2_PLACEMENT_3D('',#2914,#2388,#2389);
#2147=AXIS2_PLACEMENT_3D('',#2917,#2391,#2392);
#2148=AXIS2_PLACEMENT_3D('',#2918,#2393,#2394);
#2149=AXIS2_PLACEMENT_3D('',#2921,#2396,#2397);
#2150=AXIS2_PLACEMENT_3D('',#2922,#2398,#2399);
#2151=AXIS2_PLACEMENT_3D('',#2925,#2401,#2402);
#2152=AXIS2_PLACEMENT_3D('',#2926,#2403,#2404);
#2153=AXIS2_PLACEMENT_3D('',#2929,#2406,#2407);
#2154=AXIS2_PLACEMENT_3D('',#2930,#2408,#2409);
#2155=AXIS2_PLACEMENT_3D('',#2933,#2411,#2412);
#2156=AXIS2_PLACEMENT_3D('',#2934,#2413,#2414);
#2157=AXIS2_PLACEMENT_3D('',#2944,#2415,#2416);
#2158=AXIS2_PLACEMENT_3D('',#3019,#2422,#2423);
#2159=AXIS2_PLACEMENT_3D('',#3023,#2425,#2426);
#2160=AXIS2_PLACEMENT_3D('',#3030,#2428,#2429);
#2161=AXIS2_PLACEMENT_3D('',#3032,#2430,#2431);
#2162=AXIS2_PLACEMENT_3D('',#3081,#2434,#2435);
#2163=AXIS2_PLACEMENT_3D('',#3093,#2437,#2438);
#2164=AXIS2_PLACEMENT_3D('',#3094,#2439,#2440);
#2165=AXIS2_PLACEMENT_3D('',#3118,#2443,#2444);
#2166=AXIS2_PLACEMENT_3D('',#3135,#2447,#2448);
#2167=AXIS2_PLACEMENT_3D('',#3144,#2450,#2451);
#2168=AXIS2_PLACEMENT_3D('',#3146,#2452,#2453);
#2169=AXIS2_PLACEMENT_3D('',#3150,#2455,#2456);
#2170=AXIS2_PLACEMENT_3D('',#3152,#2457,#2458);
#2171=AXIS2_PLACEMENT_3D('',#3154,#2459,#2460);
#2172=AXIS2_PLACEMENT_3D('',#3156,#2461,#2462);
#2173=AXIS2_PLACEMENT_3D('',#3183,#2463,#2464);
#2174=AXIS2_PLACEMENT_3D('',#3187,#2466,#2467);
#2175=AXIS2_PLACEMENT_3D('',#3191,#2469,#2470);
#2176=AXIS2_PLACEMENT_3D('',#3193,#2471,#2472);
#2177=AXIS2_PLACEMENT_3D('',#3195,#2473,#2474);
#2178=AXIS2_PLACEMENT_3D('',#3197,#2475,#2476);
#2179=AXIS2_PLACEMENT_3D('',#3199,#2477,#2478);
#2180=AXIS2_PLACEMENT_3D('',#3201,#2479,#2480);
#2181=AXIS2_PLACEMENT_3D('',#3203,#2481,#2482);
#2182=AXIS2_PLACEMENT_3D('',#3206,#2484,#2485);
#2183=AXIS2_PLACEMENT_3D('',#3207,#2486,#2487);
#2184=AXIS2_PLACEMENT_3D('',#3213,#2488,#2489);
#2185=AXIS2_PLACEMENT_3D('',#3214,#2490,#2491);
#2186=AXIS2_PLACEMENT_3D('',#3229,#2492,#2493);
#2187=AXIS2_PLACEMENT_3D('',#3230,#2494,#2495);
#2188=AXIS2_PLACEMENT_3D('',#3272,#2496,#2497);
#2189=AXIS2_PLACEMENT_3D('',#3470,#2501,#2502);
#2190=AXIS2_PLACEMENT_3D('',#3539,#2503,#2504);
#2191=AXIS2_PLACEMENT_3D('',#3635,#2505,#2506);
#2192=AXIS2_PLACEMENT_3D('',#3636,#2507,#2508);
#2193=AXIS2_PLACEMENT_3D('',#3637,#2509,#2510);
#2194=AXIS2_PLACEMENT_3D('',#3642,#2512,#2513);
#2195=AXIS2_PLACEMENT_3D('',#3651,#2516,#2517);
#2196=AXIS2_PLACEMENT_3D('',#3653,#2518,#2519);
#2197=AXIS2_PLACEMENT_3D('',#3708,#2522,#2523);
#2198=AXIS2_PLACEMENT_3D('',#3742,#2527,#2528);
#2199=AXIS2_PLACEMENT_3D('',#3748,#2530,#2531);
#2200=AXIS2_PLACEMENT_3D('',#3750,#2532,#2533);
#2201=AXIS2_PLACEMENT_3D('',#3752,#2534,#2535);
#2202=AXIS2_PLACEMENT_3D('',#3754,#2537,#2538);
#2203=AXIS2_PLACEMENT_3D('',#3792,#2541,#2542);
#2204=AXIS2_PLACEMENT_3D('',#3836,#2543,#2544);
#2205=AXIS2_PLACEMENT_3D('',#3838,#2545,#2546);
#2206=AXIS2_PLACEMENT_3D('',#3840,#2547,#2548);
#2207=AXIS2_PLACEMENT_3D('',#3841,#2549,#2550);
#2208=AXIS2_PLACEMENT_3D('',#3842,#2551,#2552);
#2209=AXIS2_PLACEMENT_3D('',#3843,#2553,#2554);
#2210=AXIS2_PLACEMENT_3D('',#3844,#2555,#2556);
#2211=AXIS2_PLACEMENT_3D('',#4164,#2557,#2558);
#2212=AXIS2_PLACEMENT_3D('',#4166,#2559,#2560);
#2213=AXIS2_PLACEMENT_3D('',#4167,#2561,#2562);
#2214=AXIS2_PLACEMENT_3D('',#4224,#2563,#2564);
#2215=AXIS2_PLACEMENT_3D('',#4227,#2565,#2566);
#2216=AXIS2_PLACEMENT_3D('',#4228,#2567,#2568);
#2217=AXIS2_PLACEMENT_3D('',#4230,#2570,#2571);
#2218=AXIS2_PLACEMENT_3D('',#4246,#2572,#2573);
#2219=AXIS2_PLACEMENT_3D('',#4247,#2574,#2575);
#2220=AXIS2_PLACEMENT_3D('',#4248,#2576,#2577);
#2221=AXIS2_PLACEMENT_3D('',#4249,#2578,#2579);
#2222=AXIS2_PLACEMENT_3D('',#4250,#2580,#2581);
#2223=AXIS2_PLACEMENT_3D('',#4252,#2582,#2583);
#2224=AXIS2_PLACEMENT_3D('',#4267,#2584,#2585);
#2225=AXIS2_PLACEMENT_3D('',#4280,#2586,#2587);
#2226=AXIS2_PLACEMENT_3D('',#4281,#2588,#2589);
#2227=AXIS2_PLACEMENT_3D('',#4282,#2590,#2591);
#2228=AXIS2_PLACEMENT_3D('',#4299,#2592,#2593);
#2229=AXIS2_PLACEMENT_3D('',#4301,#2594,#2595);
#2230=AXIS2_PLACEMENT_3D('',#4302,#2596,#2597);
#2231=AXIS2_PLACEMENT_3D('',#4316,#2598,#2599);
#2232=AXIS2_PLACEMENT_3D('',#4317,#2600,#2601);
#2233=AXIS2_PLACEMENT_3D('',#4319,#2602,#2603);
#2234=AXIS2_PLACEMENT_3D('',#4320,#2604,#2605);
#2235=AXIS2_PLACEMENT_3D('',#4321,#2606,#2607);
#2236=AXIS2_PLACEMENT_3D('',#4331,#2609,#2610);
#2237=AXIS2_PLACEMENT_3D('',#4338,#2611,#2612);
#2238=AXIS2_PLACEMENT_3D('',#4466,#2614,#2615);
#2239=AXIS2_PLACEMENT_3D('',#4508,#2617,#2618);
#2240=AXIS2_PLACEMENT_3D('',#4510,#2619,#2620);
#2241=AXIS2_PLACEMENT_3D('',#4511,#2621,#2622);
#2242=AXIS2_PLACEMENT_3D('',#4572,#2623,#2624);
#2243=AXIS2_PLACEMENT_3D('',#4576,#2626,#2627);
#2244=AXIS2_PLACEMENT_3D('',#4583,#2628,#2629);
#2245=AXIS2_PLACEMENT_3D('',#4584,#2630,#2631);
#2246=AXIS2_PLACEMENT_3D('',#4585,#2632,#2633);
#2247=AXIS2_PLACEMENT_3D('',#4596,#2634,#2635);
#2248=AXIS2_PLACEMENT_3D('',#5002,#2637,#2638);
#2249=AXIS2_PLACEMENT_3D('',#5008,#2641,#2642);
#2250=AXIS2_PLACEMENT_3D('',#5038,#2644,#2645);
#2251=AXIS2_PLACEMENT_3D('',#5046,#2648,#2649);
#2252=AXIS2_PLACEMENT_3D('',#5048,#2650,#2651);
#2253=AXIS2_PLACEMENT_3D('',#5049,#2652,#2653);
#2254=AXIS2_PLACEMENT_3D('',#5050,#2654,#2655);
#2255=AXIS2_PLACEMENT_3D('',#5057,#2656,#2657);
#2256=AXIS2_PLACEMENT_3D('',#5068,#2659,#2660);
#2257=AXIS2_PLACEMENT_3D('',#5135,#2661,#2662);
#2258=AXIS2_PLACEMENT_3D('',#5137,#2663,#2664);
#2259=AXIS2_PLACEMENT_3D('',#5159,#2666,#2667);
#2260=AXIS2_PLACEMENT_3D('',#5164,#2668,#2669);
#2261=AXIS2_PLACEMENT_3D('',#5166,#2670,#2671);
#2262=AXIS2_PLACEMENT_3D('',#5168,#2673,#2674);
#2263=AXIS2_PLACEMENT_3D('',#5188,#2675,#2676);
#2264=AXIS2_PLACEMENT_3D('',#5189,#2677,#2678);
#2265=AXIS2_PLACEMENT_3D('',#5191,#2679,#2680);
#2266=AXIS2_PLACEMENT_3D('',#5194,#2682,#2683);
#2267=AXIS2_PLACEMENT_3D('',#5280,#2684,#2685);
#2268=AXIS2_PLACEMENT_3D('',#5283,#2687,#2688);
#2269=AXIS2_PLACEMENT_3D('',#5395,#2689,#2690);
#2270=AXIS2_PLACEMENT_3D('',#5397,#2692,#2693);
#2271=AXIS2_PLACEMENT_3D('',#5400,#2695,#2696);
#2272=AXIS2_PLACEMENT_3D('',#5401,#2697,#2698);
#2273=AXIS2_PLACEMENT_3D('',#5403,#2699,#2700);
#2274=AXIS2_PLACEMENT_3D('',#5405,#2702,#2703);
#2275=AXIS2_PLACEMENT_3D('',#5407,#2704,#2705);
#2276=AXIS2_PLACEMENT_3D('',#5408,#2706,#2707);
#2277=AXIS2_PLACEMENT_3D('',#5409,#2708,#2709);
#2278=AXIS2_PLACEMENT_3D('',#5411,#2711,#2712);
#2279=AXIS2_PLACEMENT_3D('',#5414,#2713,#2714);
#2280=AXIS2_PLACEMENT_3D('',#5417,#2717,#2718);
#2281=AXIS2_PLACEMENT_3D('',#5418,#2719,#2720);
#2282=AXIS2_PLACEMENT_3D('',#5419,#2721,#2722);
#2283=AXIS2_PLACEMENT_3D('',#5421,#2723,#2724);
#2284=AXIS2_PLACEMENT_3D('',#5423,#2725,#2726);
#2285=AXIS2_PLACEMENT_3D('',#5424,#2727,#2728);
#2286=AXIS2_PLACEMENT_3D('',#5446,#2729,#2730);
#2287=AXIS2_PLACEMENT_3D('',#5528,#2731,#2732);
#2288=AXIS2_PLACEMENT_3D('',#5541,#2733,#2734);
#2289=AXIS2_PLACEMENT_3D('',#5574,#2735,#2736);
#2290=AXIS2_PLACEMENT_3D('',#5647,#2737,#2738);
#2291=AXIS2_PLACEMENT_3D('',#5648,#2739,#2740);
#2292=AXIS2_PLACEMENT_3D('',#5649,#2741,#2742);
#2293=AXIS2_PLACEMENT_3D('',#5650,#2743,#2744);
#2294=AXIS2_PLACEMENT_3D('',#5652,#2745,#2746);
#2295=AXIS2_PLACEMENT_3D('',#5654,#2747,#2748);
#2296=AXIS2_PLACEMENT_3D('',#5664,#2749,#2750);
#2297=AXIS2_PLACEMENT_3D('',#5707,#2751,#2752);
#2298=AXIS2_PLACEMENT_3D('',#5708,#2753,#2754);
#2299=AXIS2_PLACEMENT_3D('',#5710,#2755,#2756);
#2300=AXIS2_PLACEMENT_3D('',#5711,#2757,#2758);
#2301=AXIS2_PLACEMENT_3D('',#5743,#2759,#2760);
#2302=AXIS2_PLACEMENT_3D('',#5749,#2761,#2762);
#2303=AXIS2_PLACEMENT_3D('',#5759,#2763,#2764);
#2304=AXIS2_PLACEMENT_3D('',#5760,#2765,#2766);
#2305=AXIS2_PLACEMENT_3D('',#5762,#2768,#2769);
#2306=AXIS2_PLACEMENT_3D('',#5764,#2770,#2771);
#2307=AXIS2_PLACEMENT_3D('',#5766,#2772,#2773);
#2308=AXIS2_PLACEMENT_3D('',#5767,#2774,#2775);
#2309=AXIS2_PLACEMENT_3D('',#5768,#2776,#2777);
#2310=AXIS2_PLACEMENT_3D('',#5784,#2779,#2780);
#2311=AXIS2_PLACEMENT_3D('',#5785,#2781,#2782);
#2312=AXIS2_PLACEMENT_3D('',#5787,#2783,#2784);
#2313=AXIS2_PLACEMENT_3D('',#5788,#2785,#2786);
#2314=AXIS2_PLACEMENT_3D('',#5789,#2787,#2788);
#2315=AXIS2_PLACEMENT_3D('',#5791,#2790,#2791);
#2316=AXIS2_PLACEMENT_3D('',#5793,#2792,#2793);
#2317=AXIS2_PLACEMENT_3D('',#5796,#2795,#2796);
#2318=AXIS2_PLACEMENT_3D('',#5797,#2797,#2798);
#2319=AXIS2_PLACEMENT_3D('',#5799,#2799,#2800);
#2320=AXIS2_PLACEMENT_3D('',#5801,#2802,#2803);
#2321=AXIS2_PLACEMENT_3D('',#5803,#2804,#2805);
#2322=AXIS2_PLACEMENT_3D('',#5805,#2806,#2807);
#2323=AXIS2_PLACEMENT_3D('',#5807,#2808,#2809);
#2324=AXIS2_PLACEMENT_3D('',#5809,#2810,#2811);
#2325=AXIS2_PLACEMENT_3D('',#5811,#2812,#2813);
#2326=AXIS2_PLACEMENT_3D('',#5813,#2814,#2815);
#2327=AXIS2_PLACEMENT_3D('',#5815,#2816,#2817);
#2328=AXIS2_PLACEMENT_3D('',#5817,#2818,#2819);
#2329=AXIS2_PLACEMENT_3D('',#5818,#2820,#2821);
#2330=AXIS2_PLACEMENT_3D('',#5821,#2823,#2824);
#2331=AXIS2_PLACEMENT_3D('',#5822,#2825,#2826);
#2332=AXIS2_PLACEMENT_3D('',#5825,#2829,#2830);
#2333=AXIS2_PLACEMENT_3D('',#5827,#2831,#2832);
#2334=AXIS2_PLACEMENT_3D('',#5828,#2833,#2834);
#2335=AXIS2_PLACEMENT_3D('',#5829,#2835,#2836);
#2336=AXIS2_PLACEMENT_3D('',#5831,#2837,#2838);
#2337=AXIS2_PLACEMENT_3D('',#5833,#2839,#2840);
#2338=AXIS2_PLACEMENT_3D('',#5835,#2841,#2842);
#2339=AXIS2_PLACEMENT_3D('',#5837,#2843,#2844);
#2340=AXIS2_PLACEMENT_3D('',#5839,#2845,#2846);
#2341=AXIS2_PLACEMENT_3D('',#5841,#2847,#2848);
#2342=AXIS2_PLACEMENT_3D('',#5843,#2849,#2850);
#2343=AXIS2_PLACEMENT_3D('',#5871,#2851,#2852);
#2344=AXIS2_PLACEMENT_3D('',#5872,#2853,#2854);
#2345=AXIS2_PLACEMENT_3D('',#5874,#2856,#2857);
#2346=AXIS2_PLACEMENT_3D('',#5876,#2859,#2860);
#2347=AXIS2_PLACEMENT_3D('',#5878,#2862,#2863);
#2348=AXIS2_PLACEMENT_3D('',#5880,#2865,#2866);
#2349=AXIS2_PLACEMENT_3D('',#5882,#2868,#2869);
#2350=AXIS2_PLACEMENT_3D('',#5884,#2871,#2872);
#2351=AXIS2_PLACEMENT_3D('',#5886,#2874,#2875);
#2352=AXIS2_PLACEMENT_3D('',#5889,#2877,#2878);
#2353=AXIS2_PLACEMENT_3D('',#5890,#2879,#2880);
#2354=AXIS2_PLACEMENT_3D('',#5893,#2882,#2883);
#2355=AXIS2_PLACEMENT_3D('',#5894,#2884,#2885);
#2356=AXIS2_PLACEMENT_3D('',#5895,#2886,#2887);
#2357=DIRECTION('axis',(0.,0.,1.));
#2358=DIRECTION('refdir',(1.,0.,0.));
#2359=DIRECTION('center_axis',(1.,-1.51313496199497E-15,0.));
#2360=DIRECTION('ref_axis',(1.51303820885168E-15,1.,2.39208172732302E-16));
#2361=DIRECTION('center_axis',(1.,-1.51313496199497E-15,7.71226719293822E-16));
#2362=DIRECTION('ref_axis',(1.51313496199497E-15,1.,2.39208172732302E-16));
#2363=DIRECTION('',(-0.707106781186547,0.707106781186548,2.55741326677803E-16));
#2364=DIRECTION('center_axis',(-1.,1.51313496199497E-15,-7.71226719293822E-16));
#2365=DIRECTION('ref_axis',(1.5128964542464E-15,1.,2.39208172732302E-16));
#2366=DIRECTION('center_axis',(-1.,1.5128964542464E-15,-8.04064315121918E-16));
#2367=DIRECTION('ref_axis',(1.5128964542464E-15,1.,2.39208172732302E-16));
#2368=DIRECTION('',(-1.,1.5128964542464E-15,-8.04064315121918E-16));
#2369=DIRECTION('center_axis',(1.,-1.51313496199497E-15,7.71226719293822E-16));
#2370=DIRECTION('ref_axis',(1.5128964542464E-15,1.,2.39208172732302E-16));
#2371=DIRECTION('center_axis',(1.,-1.51313496199497E-15,7.71226719293822E-16));
#2372=DIRECTION('ref_axis',(1.51313495807469E-15,1.,5.08318220848741E-9));
#2373=DIRECTION('center_axis',(-1.,1.51313496199497E-15,-7.71226719293822E-16));
#2374=DIRECTION('ref_axis',(1.51313495807469E-15,1.,5.08318220848741E-9));
#2375=DIRECTION('center_axis',(1.,-1.51313496199497E-15,7.71226719293822E-16));
#2376=DIRECTION('ref_axis',(-7.71226719293822E-16,-1.77975832774933E-16,
1.));
#2377=DIRECTION('center_axis',(1.,-1.51313496199497E-15,7.71226719293822E-16));
#2378=DIRECTION('ref_axis',(7.71226719293822E-16,5.55111528601975E-17,-1.));
#2379=DIRECTION('center_axis',(-1.,1.51313496199497E-15,-7.71226719293821E-16));
#2380=DIRECTION('ref_axis',(1.51313495807469E-15,1.,5.08318220848741E-9));
#2381=DIRECTION('center_axis',(1.,-1.51313496199497E-15,7.71226719293822E-16));
#2382=DIRECTION('ref_axis',(-1.51313496199497E-15,-1.,-1.16743492817566E-16));
#2383=DIRECTION('center_axis',(1.,-2.22044604925032E-15,7.71226719293823E-16));
#2384=DIRECTION('ref_axis',(-7.71323472437112E-16,-1.77975832774933E-16,
1.));
#2385=DIRECTION('',(-0.707106781186547,1.35764893481775E-15,0.707106781186548));
#2386=DIRECTION('center_axis',(-1.,1.51313496199497E-15,-7.71226719293822E-16));
#2387=DIRECTION('ref_axis',(-7.71465227042396E-16,-1.77975832774933E-16,
1.));
#2388=DIRECTION('center_axis',(-1.,1.54597255782307E-15,-7.71465227042396E-16));
#2389=DIRECTION('ref_axis',(-7.71465227042396E-16,-1.77975832774933E-16,
1.));
#2390=DIRECTION('',(-1.,1.54597255782307E-15,-7.71465227042396E-16));
#2391=DIRECTION('center_axis',(1.,-1.51313496199497E-15,7.71226719293822E-16));
#2392=DIRECTION('ref_axis',(-7.71465227042396E-16,-1.77975832774933E-16,
1.));
#2393=DIRECTION('center_axis',(1.,-1.51313496199497E-15,0.));
#2394=DIRECTION('ref_axis',(-1.51323171513826E-15,-1.,-1.16743492817566E-16));
#2395=DIRECTION('',(-0.707106781186549,-0.707106781186546,-1.69145721054253E-16));
#2396=DIRECTION('center_axis',(-1.,1.51313496199497E-15,-7.71226719293822E-16));
#2397=DIRECTION('ref_axis',(-1.51337346974355E-15,-1.,-1.16743492817566E-16));
#2398=DIRECTION('center_axis',(-1.,1.51337346974355E-15,-7.38389123465725E-16));
#2399=DIRECTION('ref_axis',(-1.51337346974355E-15,-1.,-1.16743492817566E-16));
#2400=DIRECTION('',(-1.,1.51337346974355E-15,-7.38389123465725E-16));
#2401=DIRECTION('center_axis',(1.,-1.51313496199497E-15,7.71226719293822E-16));
#2402=DIRECTION('ref_axis',(-1.51337346974355E-15,-1.,-1.16743492817566E-16));
#2403=DIRECTION('center_axis',(1.,-2.22044604925032E-15,7.71226719293821E-16));
#2404=DIRECTION('ref_axis',(7.71129966150532E-16,5.55111528601975E-17,-1.));
#2405=DIRECTION('',(-0.707106781186545,1.69594037692626E-15,-0.70710678118655));
#2406=DIRECTION('center_axis',(-1.,1.51313496199497E-15,-7.71226719293822E-16));
#2407=DIRECTION('ref_axis',(7.70988211545247E-16,5.55111528601975E-17,-1.));
#2408=DIRECTION('center_axis',(-1.,1.48029736616687E-15,-7.70988211545247E-16));
#2409=DIRECTION('ref_axis',(7.70988211545247E-16,5.55111528601975E-17,-1.));
#2410=DIRECTION('',(-1.,1.48029736616687E-15,-7.70988211545247E-16));
#2411=DIRECTION('center_axis',(1.,-1.51313496199497E-15,7.71226719293822E-16));
#2412=DIRECTION('ref_axis',(7.70988211545247E-16,5.55111528601975E-17,-1.));
#2413=DIRECTION('center_axis',(-1.,-2.3925050250679E-15,-3.73243037718894E-15));
#2414=DIRECTION('ref_axis',(-3.74319969306081E-15,0.00451718849435881,0.999989797452007));
#2415=DIRECTION('center_axis',(-1.,0.,-8.67926794495232E-16));
#2416=DIRECTION('ref_axis',(-3.74319969306081E-15,0.00451718849435881,0.999989797452007));
#2417=DIRECTION('',(1.,2.3925050250679E-15,3.73243037718894E-15));
#2418=DIRECTION('',(-1.,-2.3925050250679E-15,-3.73243037718894E-15));
#2419=DIRECTION('',(1.,2.3925050250679E-15,3.73243037718894E-15));
#2420=DIRECTION('',(1.,2.3925050250679E-15,3.73243037718894E-15));
#2421=DIRECTION('',(-1.,-2.3925050250679E-15,-3.73243037718894E-15));
#2422=DIRECTION('center_axis',(3.7431996930573E-15,-0.0045171884928809,
-0.999989797452014));
#2423=DIRECTION('ref_axis',(2.37767548433011E-15,-0.999989797452014,0.0045171884928809));
#2424=DIRECTION('',(-3.92058892875687E-18,-0.999989797452014,0.0045171884928809));
#2425=DIRECTION('center_axis',(3.7431996930573E-15,-0.0045171884928809,
-0.999989797452014));
#2426=DIRECTION('ref_axis',(-7.84117785751374E-18,-0.999989797452014,0.0045171884928809));
#2427=DIRECTION('',(-1.,-2.3925050250679E-15,-3.73243037718894E-15));
#2428=DIRECTION('center_axis',(-1.,-2.3925050250679E-15,-3.73243037718894E-15));
#2429=DIRECTION('ref_axis',(3.74319969306099E-15,-0.00451718849443273,-0.999989797452007));
#2430=DIRECTION('center_axis',(-1.,0.,-8.67926794495232E-16));
#2431=DIRECTION('ref_axis',(3.74319969306099E-15,-0.00451718849443273,-0.999989797452007));
#2432=DIRECTION('',(-1.,-2.3925050250679E-15,-3.73243037718894E-15));
#2433=DIRECTION('',(-1.,-2.3925050250679E-15,-3.73243037718894E-15));
#2434=DIRECTION('center_axis',(-3.74319969305243E-15,0.00451718849082746,
0.999989797452023));
#2435=DIRECTION('ref_axis',(-1.76736989190267E-15,0.999989797452023,-0.00451718849082746));
#2436=DIRECTION('',(3.92058892697463E-18,0.999989797452023,-0.00451718849082746));
#2437=DIRECTION('center_axis',(-3.74319969305243E-15,0.00451718849082746,
0.999989797452023));
#2438=DIRECTION('ref_axis',(-7.84117785394927E-18,-0.999989797452023,0.00451718849082746));
#2439=DIRECTION('center_axis',(8.67926794495232E-16,0.,-1.));
#2440=DIRECTION('ref_axis',(0.707106781186547,-0.707106781186547,6.2803698347351E-16));
#2441=DIRECTION('',(8.67926794495232E-16,0.,-1.));
#2442=DIRECTION('',(8.67926794495232E-16,0.,-1.));
#2443=DIRECTION('center_axis',(8.67926794495232E-16,0.,-1.));
#2444=DIRECTION('ref_axis',(0.707106781186547,-0.707106781186547,6.2803698347351E-16));
#2445=DIRECTION('',(8.67926794495232E-16,0.,-1.));
#2446=DIRECTION('',(8.67926794495232E-16,0.,-1.));
#2447=DIRECTION('center_axis',(-7.70980207087939E-16,0.000600430970353471,
0.999999819741309));
#2448=DIRECTION('ref_axis',(-1.0422602548291E-18,-0.999999819741309,0.000600430970353471));
#2449=DIRECTION('',(8.96955495466468E-16,0.,-1.));
#2450=DIRECTION('center_axis',(-1.,0.,-8.67926794495232E-16));
#2451=DIRECTION('ref_axis',(8.67926794495232E-16,0.,-1.));
#2452=DIRECTION('center_axis',(-1.,0.,-8.67926794495232E-16));
#2453=DIRECTION('ref_axis',(7.70980207084415E-16,-0.000600430968875545,
-0.99999981974131));
#2454=DIRECTION('',(8.96955495466468E-16,0.,-1.));
#2455=DIRECTION('center_axis',(-1.,0.,-8.67926794495232E-16));
#2456=DIRECTION('ref_axis',(5.95325246092078E-16,0.727680324507063,-0.685916427362179));
#2457=DIRECTION('center_axis',(-1.,0.,-8.67926794495232E-16));
#2458=DIRECTION('ref_axis',(4.10804110062648E-45,1.,-4.73316543132607E-30));
#2459=DIRECTION('center_axis',(-1.,0.,-8.67926794495232E-16));
#2460=DIRECTION('ref_axis',(-8.67926794495214E-16,-2.01179454939716E-7,
0.99999999999998));
#2461=DIRECTION('center_axis',(1.,0.,8.67926794495232E-16));
#2462=DIRECTION('ref_axis',(1.88723844461194E-16,0.974793648237805,-0.223108366842732));
#2463=DIRECTION('center_axis',(-1.,0.,-8.67926794495232E-16));
#2464=DIRECTION('ref_axis',(-8.67926794495232E-16,3.06344679919622E-15,
1.));
#2465=DIRECTION('',(0.,1.,0.));
#2466=DIRECTION('center_axis',(1.,0.,8.67926794495232E-16));
#2467=DIRECTION('ref_axis',(-1.31095692958562E-32,-1.,1.51044643154271E-17));
#2468=DIRECTION('',(0.,-1.,0.));
#2469=DIRECTION('center_axis',(1.,0.,8.67926794495232E-16));
#2470=DIRECTION('ref_axis',(8.07356402185055E-16,0.416790665218752,-0.90900249800895));
#2471=DIRECTION('center_axis',(1.,0.,8.67926794495232E-16));
#2472=DIRECTION('ref_axis',(8.67926794495232E-16,0.,-1.));
#2473=DIRECTION('center_axis',(1.,0.,8.67926794495232E-16));
#2474=DIRECTION('ref_axis',(8.67926794495232E-16,0.,-1.));
#2475=DIRECTION('center_axis',(1.,0.,8.67926794495232E-16));
#2476=DIRECTION('ref_axis',(4.68616976333872E-16,-0.863267041793373,-0.504747476024714));
#2477=DIRECTION('center_axis',(1.,0.,8.67926794495232E-16));
#2478=DIRECTION('ref_axis',(5.46724658465533E-16,0.776659826281249,-0.62992024434906));
#2479=DIRECTION('center_axis',(-1.,0.,-8.67926794495232E-16));
#2480=DIRECTION('ref_axis',(8.67926794495232E-16,-4.25703248157692E-32,
-1.));
#2481=DIRECTION('center_axis',(1.,0.,8.67926794495232E-16));
#2482=DIRECTION('ref_axis',(-7.06138341030586E-16,-0.581436130811769,0.813592051206647));
#2483=DIRECTION('',(0.,-1.,0.));
#2484=DIRECTION('center_axis',(-1.,0.,-8.67926794495232E-16));
#2485=DIRECTION('ref_axis',(8.96063706092317E-16,0.261695575386314,-0.965150467970267));
#2486=DIRECTION('center_axis',(-1.,0.,-9.28418661990351E-16));
#2487=DIRECTION('ref_axis',(8.96063706092317E-16,0.261695575386314,-0.965150467970267));
#2488=DIRECTION('center_axis',(1.,0.,8.67926794495232E-16));
#2489=DIRECTION('ref_axis',(7.07507625333061E-16,0.58186310362208,-0.81328674441631));
#2490=DIRECTION('center_axis',(1.,0.,8.67926794495232E-16));
#2491=DIRECTION('ref_axis',(-8.58500984491107E-16,0.,1.));
#2492=DIRECTION('center_axis',(-1.,0.,-8.67926794495232E-16));
#2493=DIRECTION('ref_axis',(7.05873357086711E-16,0.58186310362208,-0.81328674441631));
#2494=DIRECTION('center_axis',(-1.99499630538518E-16,0.624970097672663,
0.780648689882345));
#2495=DIRECTION('ref_axis',(1.,0.,2.55556222823592E-16));
#2496=DIRECTION('center_axis',(-1.,1.67632934266307E-30,-7.4577965723866E-16));
#2497=DIRECTION('ref_axis',(-7.4577965723866E-16,0.,1.));
#2498=DIRECTION('',(0.404083122990693,0.643270819580653,-0.650322598707844));
#2499=DIRECTION('',(0.404083122990693,0.643270819580653,-0.650322598707844));
#2500=DIRECTION('',(8.70596647835348E-16,0.,-1.));
#2501=DIRECTION('center_axis',(0.,-1.,0.));
#2502=DIRECTION('ref_axis',(0.,0.,-1.));
#2503=DIRECTION('center_axis',(1.,0.,0.));
#2504=DIRECTION('ref_axis',(7.69060741016384E-16,0.,-1.));
#2505=DIRECTION('center_axis',(0.,0.,1.));
#2506=DIRECTION('ref_axis',(1.,0.,0.));
#2507=DIRECTION('center_axis',(0.,0.,1.));
#2508=DIRECTION('ref_axis',(-0.952733118700185,0.303808499768884,0.));
#2509=DIRECTION('center_axis',(-7.70980207092836E-16,0.000600430972406932,
0.999999819741308));
#2510=DIRECTION('ref_axis',(-1.77621041182907E-15,0.999999819741307,-0.000600430972406932));
#2511=DIRECTION('',(-5.21130129196804E-19,-0.999999819741307,0.000600430972406932));
#2512=DIRECTION('center_axis',(7.70980207092836E-16,-0.000600430972406932,
-0.999999819741308));
#2513=DIRECTION('ref_axis',(-1.04226025839361E-18,-0.999999819741307,0.000600430972406932));
#2514=DIRECTION('',(-1.,-2.38492353437997E-15,-7.69548363853754E-16));
#2515=DIRECTION('',(-1.,-2.38492353437997E-15,-7.69548363853754E-16));
#2516=DIRECTION('center_axis',(1.,2.38492353437997E-15,7.69548363853754E-16));
#2517=DIRECTION('ref_axis',(-7.70980207084239E-16,0.000600430968801625,
0.99999981974131));
#2518=DIRECTION('center_axis',(-1.,0.,-8.67926794495232E-16));
#2519=DIRECTION('ref_axis',(-7.70980207084239E-16,0.000600430968801625,
0.99999981974131));
#2520=DIRECTION('',(1.,2.38492353437997E-15,7.69548363853754E-16));
#2521=DIRECTION('',(-1.,-2.38492353437997E-15,-7.69548363853754E-16));
#2522=DIRECTION('center_axis',(1.,2.38492353437997E-15,7.69548363853754E-16));
#2523=DIRECTION('ref_axis',(7.70980207084415E-16,-0.000600430968875545,
-0.99999981974131));
#2524=DIRECTION('',(-1.,-2.38492353437997E-15,-7.69548363853754E-16));
#2525=DIRECTION('',(-1.,-2.38492353437997E-15,-7.69548363853754E-16));
#2526=DIRECTION('',(-1.,-2.38492353437997E-15,-7.69548363853754E-16));
#2527=DIRECTION('center_axis',(7.70980207087939E-16,-0.000600430970353471,
-0.999999819741309));
#2528=DIRECTION('ref_axis',(2.38651600426578E-15,-0.999999819741309,0.000600430970353471));
#2529=DIRECTION('',(5.2113012741455E-19,0.999999819741309,-0.000600430970353471));
#2530=DIRECTION('center_axis',(-1.,0.,-8.67926794495232E-16));
#2531=DIRECTION('ref_axis',(-8.67926794495232E-16,0.,1.));
#2532=DIRECTION('center_axis',(-1.,0.,-8.67926794495232E-16));
#2533=DIRECTION('ref_axis',(-4.10804110062648E-45,-1.,4.73316543132607E-30));
#2534=DIRECTION('center_axis',(1.,0.,8.67926794495232E-16));
#2535=DIRECTION('ref_axis',(5.95325246092078E-16,0.727680324507063,-0.685916427362179));
#2536=DIRECTION('',(8.67926794495232E-16,0.,-1.));
#2537=DIRECTION('center_axis',(8.67926794495232E-16,0.,-1.));
#2538=DIRECTION('ref_axis',(0.707106781186547,-0.707106781186547,6.2803698347351E-16));
#2539=DIRECTION('',(8.70596647835348E-16,0.,-1.));
#2540=DIRECTION('',(0.403876879802233,0.644822848138695,0.648912136178323));
#2541=DIRECTION('center_axis',(-1.,1.67632934266307E-30,-7.4577965723866E-16));
#2542=DIRECTION('ref_axis',(-7.4577965723866E-16,0.,1.));
#2543=DIRECTION('center_axis',(0.,0.,-1.));
#2544=DIRECTION('ref_axis',(-1.,0.,0.));
#2545=DIRECTION('center_axis',(0.,0.,-1.));
#2546=DIRECTION('ref_axis',(-0.952748186041787,0.303761245049603,0.));
#2547=DIRECTION('center_axis',(-0.537957772569856,-0.842971787743622,0.));
#2548=DIRECTION('ref_axis',(0.,0.,-1.));
#2549=DIRECTION('center_axis',(0.,0.,1.));
#2550=DIRECTION('ref_axis',(-0.952748186041787,0.303761245049603,0.));
#2551=DIRECTION('center_axis',(0.,0.,-1.));
#2552=DIRECTION('ref_axis',(-0.952748186041787,0.303761245049603,0.));
#2553=DIRECTION('center_axis',(0.,0.,-1.));
#2554=DIRECTION('ref_axis',(-1.,0.,0.));
#2555=DIRECTION('center_axis',(0.,0.,-1.));
#2556=DIRECTION('ref_axis',(-1.,0.,0.));
#2557=DIRECTION('center_axis',(-1.,1.67632934266307E-30,-7.4577965723866E-16));
#2558=DIRECTION('ref_axis',(-7.4577965723866E-16,0.,1.));
#2559=DIRECTION('center_axis',(-1.,1.67632934266307E-30,-7.4577965723866E-16));
#2560=DIRECTION('ref_axis',(-7.4577965723866E-16,0.,1.));
#2561=DIRECTION('center_axis',(-1.,1.67632934266307E-30,-7.4577965723866E-16));
#2562=DIRECTION('ref_axis',(-7.4577965723866E-16,0.,1.));
#2563=DIRECTION('center_axis',(-1.,0.,-9.134661633422E-16));
#2564=DIRECTION('ref_axis',(9.134661633422E-16,0.,-1.));
#2565=DIRECTION('center_axis',(-1.,0.,-8.67926794495232E-16));
#2566=DIRECTION('ref_axis',(8.47675169290338E-16,0.,-1.));
#2567=DIRECTION('center_axis',(-1.,0.,-8.67926794495232E-16));
#2568=DIRECTION('ref_axis',(8.47675169290338E-16,0.,-1.));
#2569=DIRECTION('',(1.,0.,9.134661633422E-16));
#2570=DIRECTION('center_axis',(1.,0.,8.67926794495232E-16));
#2571=DIRECTION('ref_axis',(0.,0.,1.));
#2572=DIRECTION('center_axis',(1.,0.,8.67926794495232E-16));
#2573=DIRECTION('ref_axis',(8.67926794495232E-16,0.,-1.));
#2574=DIRECTION('center_axis',(0.,1.,0.));
#2575=DIRECTION('ref_axis',(0.,0.,-1.));
#2576=DIRECTION('center_axis',(1.,0.,8.67926794495232E-16));
#2577=DIRECTION('ref_axis',(8.67926794495232E-16,0.,-1.));
#2578=DIRECTION('center_axis',(1.,0.,8.67926794495232E-16));
#2579=DIRECTION('ref_axis',(8.67926794495232E-16,0.,-1.));
#2580=DIRECTION('center_axis',(-1.,0.,-8.67926794495232E-16));
#2581=DIRECTION('ref_axis',(-3.91294595875085E-45,-1.,4.73316543132607E-30));
#2582=DIRECTION('center_axis',(-1.,0.,-8.67926794495232E-16));
#2583=DIRECTION('ref_axis',(-4.10804110062648E-45,-1.,4.73316543132607E-30));
#2584=DIRECTION('center_axis',(1.,0.,8.67926794495232E-16));
#2585=DIRECTION('ref_axis',(-3.50324616081204E-45,-1.,4.73316543132607E-30));
#2586=DIRECTION('center_axis',(-1.,0.,-8.67926794495232E-16));
#2587=DIRECTION('ref_axis',(-4.10804110062648E-45,-1.,4.73316543132607E-30));
#2588=DIRECTION('center_axis',(-1.,0.,-8.67926794495232E-16));
#2589=DIRECTION('ref_axis',(-8.67926794495232E-16,0.,1.));
#2590=DIRECTION('center_axis',(1.,0.,8.67926794495232E-16));
#2591=DIRECTION('ref_axis',(0.,0.,1.));
#2592=DIRECTION('center_axis',(0.,1.,0.));
#2593=DIRECTION('ref_axis',(0.,0.,-1.));
#2594=DIRECTION('center_axis',(-1.,0.,-8.67926794495232E-16));
#2595=DIRECTION('ref_axis',(8.47675169290339E-16,0.,-1.));
#2596=DIRECTION('center_axis',(-1.,0.,-8.67926794495232E-16));
#2597=DIRECTION('ref_axis',(8.47675169290339E-16,0.,-1.));
#2598=DIRECTION('center_axis',(1.,0.,8.67926794495232E-16));
#2599=DIRECTION('ref_axis',(8.67926794495232E-16,0.,-1.));
#2600=DIRECTION('center_axis',(-1.,0.,-8.67926794495232E-16));
#2601=DIRECTION('ref_axis',(8.67926794495232E-16,0.,-1.));
#2602=DIRECTION('center_axis',(1.,0.,8.67926794495232E-16));
#2603=DIRECTION('ref_axis',(8.07356402185055E-16,0.416790665218752,-0.90900249800895));
#2604=DIRECTION('center_axis',(1.,0.,8.67926794495232E-16));
#2605=DIRECTION('ref_axis',(4.68616976333872E-16,-0.863267041793373,-0.504747476024714));
#2606=DIRECTION('center_axis',(-1.,0.,-9.28418661990351E-16));
#2607=DIRECTION('ref_axis',(4.68616976333872E-16,-0.863267041793373,-0.504747476024714));
#2608=DIRECTION('',(-1.,0.,0.));
#2609=DIRECTION('center_axis',(-1.,0.,-8.67926794495232E-16));
#2610=DIRECTION('ref_axis',(8.43347427170928E-16,0.232323648824097,-0.972638536249237));
#2611=DIRECTION('center_axis',(-1.,0.,-9.134661633422E-16));
#2612=DIRECTION('ref_axis',(9.134661633422E-16,0.,-1.));
#2613=DIRECTION('',(1.,0.,9.134661633422E-16));
#2614=DIRECTION('center_axis',(1.,0.,8.88178419700125E-16));
#2615=DIRECTION('ref_axis',(8.07356402185055E-16,0.416790665218752,-0.90900249800895));
#2616=DIRECTION('',(-1.,0.,-8.88178419700125E-16));
#2617=DIRECTION('center_axis',(1.,0.,8.67926794495232E-16));
#2618=DIRECTION('ref_axis',(-6.81686766993735E-16,0.,1.));
#2619=DIRECTION('center_axis',(-1.,0.,-8.67926794495232E-16));
#2620=DIRECTION('ref_axis',(4.62796211397691E-16,0.845976406373282,-0.533220329563444));
#2621=DIRECTION('center_axis',(2.02058209628676E-16,-0.612254833957436,
-0.79066049496339));
#2622=DIRECTION('ref_axis',(-5.64857683892946E-9,0.79066049496339,-0.612254833957436));
#2623=DIRECTION('center_axis',(-1.,0.,-8.67926794495232E-16));
#2624=DIRECTION('ref_axis',(-8.67926794495232E-16,0.,1.));
#2625=DIRECTION('',(8.96955495466468E-16,0.,-1.));
#2626=DIRECTION('center_axis',(1.,0.,8.67926794495232E-16));
#2627=DIRECTION('ref_axis',(8.44179046969334E-16,0.232323648824097,-0.972638536249237));
#2628=DIRECTION('center_axis',(-1.,0.,-8.67926794495232E-16));
#2629=DIRECTION('ref_axis',(1.88723844461194E-16,0.974793648237805,-0.223108366842732));
#2630=DIRECTION('center_axis',(1.,0.,8.67926794495232E-16));
#2631=DIRECTION('ref_axis',(-8.67926794495215E-16,-2.01179454939716E-7,
0.99999999999998));
#2632=DIRECTION('center_axis',(-1.,0.,-8.67926794495232E-16));
#2633=DIRECTION('ref_axis',(8.29881293185602E-16,0.,-1.));
#2634=DIRECTION('center_axis',(1.58364512513041E-15,-0.409489303818874,
-0.912314918248044));
#2635=DIRECTION('ref_axis',(1.,0.,1.73585358899046E-15));
#2636=DIRECTION('',(1.,0.,0.));
#2637=DIRECTION('center_axis',(8.70596647835348E-16,0.,-1.));
#2638=DIRECTION('ref_axis',(0.199999999999978,0.979795897113276,0.));
#2639=DIRECTION('',(8.96955495466468E-16,0.,-1.));
#2640=DIRECTION('',(8.96955495466468E-16,0.,-1.));
#2641=DIRECTION('center_axis',(0.,0.,1.));
#2642=DIRECTION('ref_axis',(0.199999999999978,0.979795897113276,0.));
#2643=DIRECTION('',(-8.70596647835348E-16,0.,1.));
#2644=DIRECTION('center_axis',(-1.85921850135859E-30,1.,2.00256476681843E-15));
#2645=DIRECTION('ref_axis',(-8.67926794495232E-16,-2.00256476681843E-15,
1.));
#2646=DIRECTION('',(1.,0.,9.28418661990351E-16));
#2647=DIRECTION('',(-8.67926794495232E-16,-2.00256476681843E-15,1.));
#2648=DIRECTION('center_axis',(1.,0.,8.67926794495232E-16));
#2649=DIRECTION('ref_axis',(8.67926794495232E-16,0.,-1.));
#2650=DIRECTION('center_axis',(-1.,0.,-8.67926794495232E-16));
#2651=DIRECTION('ref_axis',(1.76282414678652E-15,0.776659826281249,-0.62992024434906));
#2652=DIRECTION('center_axis',(1.,0.,8.67926794495232E-16));
#2653=DIRECTION('ref_axis',(4.68616976333872E-16,-0.863267041793373,-0.504747476024714));
#2654=DIRECTION('center_axis',(-1.,0.,-9.28418661990351E-16));
#2655=DIRECTION('ref_axis',(4.68616976333872E-16,-0.863267041793373,-0.504747476024714));
#2656=DIRECTION('center_axis',(1.,0.,8.88178419700143E-16));
#2657=DIRECTION('ref_axis',(-1.27600232270503E-15,-0.581436130811769,0.813592051206647));
#2658=DIRECTION('',(-0.707106781186535,0.411137417416558,-0.575296466180752));
#2659=DIRECTION('center_axis',(-1.,0.,-8.67926794495232E-16));
#2660=DIRECTION('ref_axis',(-1.59586631814837E-15,-0.581436130811769,0.813592051206647));
#2661=DIRECTION('center_axis',(1.,0.,8.88178419700143E-16));
#2662=DIRECTION('ref_axis',(1.25708706369641E-15,0.776659826281249,-0.62992024434906));
#2663=DIRECTION('center_axis',(-1.,0.,-8.67926794495232E-16));
#2664=DIRECTION('ref_axis',(1.76282414678652E-15,0.776659826281249,-0.62992024434906));
#2665=DIRECTION('',(-0.707106781186542,0.31799766454426,0.631567482811144));
#2666=DIRECTION('center_axis',(-1.,0.,-8.45884209238214E-16));
#2667=DIRECTION('ref_axis',(1.88723844461194E-16,0.974793648237805,-0.223108366842732));
#2668=DIRECTION('center_axis',(0.,-1.,0.));
#2669=DIRECTION('ref_axis',(-0.707106781186548,0.,0.707106781186548));
#2670=DIRECTION('center_axis',(0.,1.,-5.92118436925228E-15));
#2671=DIRECTION('ref_axis',(-1.,0.,0.));
#2672=DIRECTION('',(0.,1.,0.));
#2673=DIRECTION('center_axis',(1.,0.,8.88178419700143E-16));
#2674=DIRECTION('ref_axis',(1.25708706369641E-15,0.776659826281249,-0.62992024434906));
#2675=DIRECTION('center_axis',(-1.,0.,-8.67926794495232E-16));
#2676=DIRECTION('ref_axis',(1.76282414678652E-15,0.776659826281249,-0.62992024434906));
#2677=DIRECTION('center_axis',(-1.,0.,-7.48822300463322E-16));
#2678=DIRECTION('ref_axis',(-5.32412633515049E-30,-1.,7.10542735760099E-15));
#2679=DIRECTION('center_axis',(1.,-3.58825753904553E-23,7.45779695215755E-16));
#2680=DIRECTION('ref_axis',(-1.77635683940025E-15,-1.,7.10542735760099E-15));
#2681=DIRECTION('',(1.,0.,7.48822300463322E-16));
#2682=DIRECTION('center_axis',(-1.,1.67632934266307E-30,-7.4577965723866E-16));
#2683=DIRECTION('ref_axis',(-5.32412633515049E-30,-1.,7.10542735760099E-15));
#2684=DIRECTION('center_axis',(1.,0.,8.88178419700125E-16));
#2685=DIRECTION('ref_axis',(-6.89939811429031E-16,-0.629743468395558,0.776803169414964));
#2686=DIRECTION('',(1.,0.,8.88178419700125E-16));
#2687=DIRECTION('center_axis',(1.,0.,8.67926794495232E-16));
#2688=DIRECTION('ref_axis',(-8.69572138313511E-16,3.06344679919622E-15,
1.));
#2689=DIRECTION('center_axis',(0.,0.,1.));
#2690=DIRECTION('ref_axis',(-1.,-9.13316656238922E-32,0.));
#2691=DIRECTION('',(1.,-1.48029736616688E-15,7.69060741016384E-16));
#2692=DIRECTION('center_axis',(-1.,0.,-8.88178419700125E-16));
#2693=DIRECTION('ref_axis',(-8.77443893460481E-16,-2.01179454939716E-7,
0.99999999999998));
#2694=DIRECTION('',(-0.707106781186526,0.607752825162976,0.361436721303261));
#2695=DIRECTION('center_axis',(1.,0.,8.67926794495232E-16));
#2696=DIRECTION('ref_axis',(-8.88178419700107E-16,-2.01179454939716E-7,
0.99999999999998));
#2697=DIRECTION('center_axis',(-1.,0.,-8.88178419700124E-16));
#2698=DIRECTION('ref_axis',(6.01900130370289E-16,0.727680324507063,-0.685916427362179));
#2699=DIRECTION('center_axis',(1.,0.,8.67926794495232E-16));
#2700=DIRECTION('ref_axis',(6.09216168500896E-16,0.727680324507063,-0.685916427362179));
#2701=DIRECTION('',(-0.707106781186547,0.514547691994993,-0.485016157115025));
#2702=DIRECTION('center_axis',(-1.,0.,-8.67926794495232E-16));
#2703=DIRECTION('ref_axis',(3.8661231247007E-45,1.,-4.73316543132607E-30));
#2704=DIRECTION('center_axis',(1.,0.,8.67926794495232E-16));
#2705=DIRECTION('ref_axis',(3.50324616081204E-45,1.,-4.73316543132607E-30));
#2706=DIRECTION('center_axis',(1.,0.,8.67926794495232E-16));
#2707=DIRECTION('ref_axis',(3.50324616081204E-45,1.,-4.73316543132607E-30));
#2708=DIRECTION('center_axis',(1.,0.,8.88178419700125E-16));
#2709=DIRECTION('ref_axis',(-8.88178419700107E-16,-2.01179454939716E-7,
0.99999999999998));
#2710=DIRECTION('',(1.,0.,8.88178419700125E-16));
#2711=DIRECTION('center_axis',(-1.,0.,-7.4577965723866E-16));
#2712=DIRECTION('ref_axis',(-3.50324616081204E-45,-1.,4.73316543132607E-30));
#2713=DIRECTION('center_axis',(-1.,3.58825753904553E-23,-7.45779695215755E-16));
#2714=DIRECTION('ref_axis',(-7.28583859910258E-16,0.220795961574429,0.975320020994352));
#2715=DIRECTION('',(-1.,0.,-7.4577965723866E-16));
#2716=DIRECTION('',(1.,0.,8.88178419700125E-16));
#2717=DIRECTION('center_axis',(-1.,3.58825753904553E-23,-7.45779695215755E-16));
#2718=DIRECTION('ref_axis',(-7.28583859910258E-16,0.220795961574429,0.975320020994352));
#2719=DIRECTION('center_axis',(1.,0.,8.88178419700125E-16));
#2720=DIRECTION('ref_axis',(6.09216168500896E-16,0.727680324507063,-0.685916427362179));
#2721=DIRECTION('center_axis',(0.,0.,1.));
#2722=DIRECTION('ref_axis',(1.,0.,0.));
#2723=DIRECTION('center_axis',(0.,0.,-1.));
#2724=DIRECTION('ref_axis',(-0.952733118700185,0.303808499768884,0.));
#2725=DIRECTION('center_axis',(-0.537978159463037,-0.842958777130153,0.));
#2726=DIRECTION('ref_axis',(0.842958777130153,-0.537978159463037,-3.33066907387547E-15));
#2727=DIRECTION('center_axis',(0.,0.,1.));
#2728=DIRECTION('ref_axis',(-0.952733118700185,0.303808499768884,0.));
#2729=DIRECTION('center_axis',(-0.379911389333458,-0.925022884178939,-3.99798991701165E-15));
#2730=DIRECTION('ref_axis',(0.924962506452111,-0.379886591907928,0.0114253641696393));
#2731=DIRECTION('center_axis',(-1.,1.67632934266307E-30,-7.4577965723866E-16));
#2732=DIRECTION('ref_axis',(-7.4577965723866E-16,0.,1.));
#2733=DIRECTION('center_axis',(0.,0.,-1.));
#2734=DIRECTION('ref_axis',(-0.779436856975522,0.626480794588405,0.));
#2735=DIRECTION('center_axis',(-0.374747304634308,-0.927126991123288,-1.66421234408491E-15));
#2736=DIRECTION('ref_axis',(4.44089209850063E-15,0.,-1.));
#2737=DIRECTION('center_axis',(-1.,1.67632934266307E-30,-7.4577965723866E-16));
#2738=DIRECTION('ref_axis',(-7.4577965723866E-16,0.,1.));
#2739=DIRECTION('center_axis',(0.,0.,1.));
#2740=DIRECTION('ref_axis',(1.,0.,0.));
#2741=DIRECTION('center_axis',(0.,-1.,0.));
#2742=DIRECTION('ref_axis',(0.,0.,-1.));
#2743=DIRECTION('center_axis',(-1.,0.,-8.70596647835348E-16));
#2744=DIRECTION('ref_axis',(-8.16843466440846E-16,0.,1.));
#2745=DIRECTION('center_axis',(7.05680105488402E-16,0.87905785609833,-0.476715099018069));
#2746=DIRECTION('ref_axis',(1.,0.,1.48029736616682E-15));
#2747=DIRECTION('center_axis',(1.,0.,8.70596647835348E-16));
#2748=DIRECTION('ref_axis',(-8.76701019245959E-16,0.0128779758710404,0.99991707543049));
#2749=DIRECTION('center_axis',(-1.,0.,-8.70596647835348E-16));
#2750=DIRECTION('ref_axis',(-8.7052445398311E-16,0.0128779758710404,0.99991707543049));
#2751=DIRECTION('center_axis',(0.,0.,1.));
#2752=DIRECTION('ref_axis',(-1.,-7.51933134676469E-16,0.));
#2753=DIRECTION('center_axis',(-1.,0.,-8.70596647835348E-16));
#2754=DIRECTION('ref_axis',(8.70596647835348E-16,0.,-1.));
#2755=DIRECTION('center_axis',(1.,-1.51313496199497E-15,7.71226719293821E-16));
#2756=DIRECTION('ref_axis',(-7.99360577730113E-16,4.25703248157692E-32,
1.));
#2757=DIRECTION('center_axis',(-1.,0.,-8.70596647835348E-16));
#2758=DIRECTION('ref_axis',(8.70316689064118E-16,0.0253582118015696,-0.999678428843109));
#2759=DIRECTION('center_axis',(1.65435157428704E-15,-0.906799726746231,
-0.421561686557213));
#2760=DIRECTION('ref_axis',(1.,1.48029736616687E-15,7.40148683083436E-16));
#2761=DIRECTION('center_axis',(-1.,0.,-8.70596647835348E-16));
#2762=DIRECTION('ref_axis',(6.08402931509844E-16,-0.0156400076713794,-0.999877687599858));
#2763=DIRECTION('center_axis',(1.,0.,8.70596647835348E-16));
#2764=DIRECTION('ref_axis',(8.63482223229528E-16,0.0253582118015696,-0.999678428843109));
#2765=DIRECTION('center_axis',(1.,-1.61486985400023E-15,8.07434927000115E-16));
#2766=DIRECTION('ref_axis',(1.76282414678652E-15,0.776659826281249,-0.62992024434906));
#2767=DIRECTION('',(1.,-1.61486985400023E-15,8.07434927000115E-16));
#2768=DIRECTION('center_axis',(-1.,0.,-8.67926794495232E-16));
#2769=DIRECTION('ref_axis',(-9.25788580794914E-16,0.,1.));
#2770=DIRECTION('center_axis',(0.,-1.,-2.26720308689471E-15));
#2771=DIRECTION('ref_axis',(-1.,0.,0.));
#2772=DIRECTION('center_axis',(-1.,0.,-8.67926794495232E-16));
#2773=DIRECTION('ref_axis',(0.,-1.,1.51044643154271E-17));
#2774=DIRECTION('center_axis',(-1.,0.,-8.67926794495232E-16));
#2775=DIRECTION('ref_axis',(0.,-1.,1.51044643154271E-17));
#2776=DIRECTION('center_axis',(0.,-1.,0.));
#2777=DIRECTION('ref_axis',(-0.707106781186548,0.,-0.707106781186548));
#2778=DIRECTION('',(0.,-1.,0.));
#2779=DIRECTION('center_axis',(1.,0.,8.67926794495232E-16));
#2780=DIRECTION('ref_axis',(-7.72510912872018E-16,1.93127728218004E-16,
1.));
#2781=DIRECTION('center_axis',(-1.,0.,-8.67926794495232E-16));
#2782=DIRECTION('ref_axis',(3.5998782589741E-17,-0.997035251081456,-0.0769461376609545));
#2783=DIRECTION('center_axis',(1.,0.,8.67926794495232E-16));
#2784=DIRECTION('ref_axis',(7.99360577730113E-16,-4.25703248157692E-32,
-1.));
#2785=DIRECTION('center_axis',(1.,0.,8.67926794495232E-16));
#2786=DIRECTION('ref_axis',(7.99360577730113E-16,-4.25703248157692E-32,
-1.));
#2787=DIRECTION('center_axis',(1.,-1.61486985400023E-15,8.07434927000115E-16));
#2788=DIRECTION('ref_axis',(-1.59586631814837E-15,-0.581436130811769,0.813592051206647));
#2789=DIRECTION('',(1.,-1.61486985400023E-15,8.07434927000115E-16));
#2790=DIRECTION('center_axis',(1.,0.,7.4593109466995E-16));
#2791=DIRECTION('ref_axis',(6.18599445548031E-30,1.,-7.10542735760099E-15));
#2792=DIRECTION('center_axis',(1.,-1.67632934266307E-30,7.4577965723866E-16));
#2793=DIRECTION('ref_axis',(6.97541252194893E-30,1.,-7.10542735760099E-15));
#2794=DIRECTION('',(-0.707106781186625,0.70710678118647,-5.46515319750307E-15));
#2795=DIRECTION('center_axis',(-1.,1.67632934266307E-30,-7.4577965723866E-16));
#2796=DIRECTION('ref_axis',(5.32481111024183E-30,1.,-7.10542735760099E-15));
#2797=DIRECTION('center_axis',(-1.,0.,-7.48822300463322E-16));
#2798=DIRECTION('ref_axis',(5.32481111024183E-30,1.,-7.10542735760099E-15));
#2799=DIRECTION('center_axis',(1.,-3.58825753164996E-23,7.45779695215755E-16));
#2800=DIRECTION('ref_axis',(7.45777253795295E-16,0.00255881460599638,-0.999996726228547));
#2801=DIRECTION('',(1.,0.,7.48822300463322E-16));
#2802=DIRECTION('center_axis',(-1.,1.67632934266307E-30,-7.4577965723866E-16));
#2803=DIRECTION('ref_axis',(-1.67632934266307E-30,-1.,4.73316543132607E-30));
#2804=DIRECTION('center_axis',(-1.,1.67632934266307E-30,-7.4577965723866E-16));
#2805=DIRECTION('ref_axis',(-1.67632934266307E-30,-1.,4.73316543132607E-30));
#2806=DIRECTION('center_axis',(-1.,1.67632934266307E-30,-7.4577965723866E-16));
#2807=DIRECTION('ref_axis',(7.48822300463322E-16,-7.10542735760099E-15,
-1.));
#2808=DIRECTION('center_axis',(-1.,1.67632934266307E-30,-7.4577965723866E-16));
#2809=DIRECTION('ref_axis',(-5.32412633515049E-30,-1.,7.10542735760099E-15));
#2810=DIRECTION('center_axis',(-1.,1.67632934266307E-30,-7.4577965723866E-16));
#2811=DIRECTION('ref_axis',(-5.32412633515049E-30,-1.,7.10542735760099E-15));
#2812=DIRECTION('center_axis',(-1.,1.67632934266307E-30,-7.4577965723866E-16));
#2813=DIRECTION('ref_axis',(7.48822300463322E-16,-7.10542735760099E-15,
-1.));
#2814=DIRECTION('center_axis',(-1.,1.67632934266307E-30,-7.4577965723866E-16));
#2815=DIRECTION('ref_axis',(7.48822300463322E-16,-7.10542735760099E-15,
-1.));
#2816=DIRECTION('center_axis',(-1.,1.67632934266307E-30,-7.4577965723866E-16));
#2817=DIRECTION('ref_axis',(-5.32412633515049E-30,-1.,7.10542735760099E-15));
#2818=DIRECTION('center_axis',(-1.,1.67632934266307E-30,-7.4577965723866E-16));
#2819=DIRECTION('ref_axis',(7.48822300463322E-16,-7.10542735760099E-15,
-1.));
#2820=DIRECTION('center_axis',(-1.,1.51313496199497E-15,-7.71226719293822E-16));
#2821=DIRECTION('ref_axis',(1.49460344719997E-15,1.,5.08318220848741E-9));
#2822=DIRECTION('',(-0.707106781186549,-0.707106781186546,-3.59435324156351E-9));
#2823=DIRECTION('center_axis',(1.,-1.51313496199497E-15,7.71226719293822E-16));
#2824=DIRECTION('ref_axis',(1.4802973622576E-15,1.,5.08318220848741E-9));
#2825=DIRECTION('center_axis',(1.,-1.48029736616688E-15,7.69060741016384E-16));
#2826=DIRECTION('ref_axis',(1.4802973622576E-15,1.,5.08318220848741E-9));
#2827=DIRECTION('',(-1.,1.48029736616688E-15,-7.69060741016384E-16));
#2828=DIRECTION('',(1.,-1.48029736616688E-15,7.69060741016384E-16));
#2829=DIRECTION('center_axis',(1.,-3.58825753904553E-23,7.45779695215755E-16));
#2830=DIRECTION('ref_axis',(0.,0.,-1.));
#2831=DIRECTION('center_axis',(1.,-3.58825753904553E-23,7.45779695215755E-16));
#2832=DIRECTION('ref_axis',(-7.27373860072264E-16,0.220795961574429,0.975320020994352));
#2833=DIRECTION('center_axis',(-3.58825753904553E-23,-1.,-3.18701291050651E-38));
#2834=DIRECTION('ref_axis',(-8.88178419700124E-16,0.,1.));
#2835=DIRECTION('center_axis',(1.,-3.58825753904553E-23,7.45779695215755E-16));
#2836=DIRECTION('ref_axis',(7.45777253795295E-16,0.00255881460599638,-0.999996726228547));
#2837=DIRECTION('center_axis',(1.,-3.58825753904553E-23,7.45779695215755E-16));
#2838=DIRECTION('ref_axis',(7.48822300463322E-16,-7.10542735760099E-15,
-1.));
#2839=DIRECTION('center_axis',(1.,-3.58825753904553E-23,7.45779695215755E-16));
#2840=DIRECTION('ref_axis',(-5.32412633515049E-30,-1.,7.10542735760099E-15));
#2841=DIRECTION('center_axis',(1.,-3.58825753904553E-23,7.45779695215755E-16));
#2842=DIRECTION('ref_axis',(7.48822300463322E-16,-7.10542735760099E-15,
-1.));
#2843=DIRECTION('center_axis',(1.,-3.58825753904553E-23,7.45779695215755E-16));
#2844=DIRECTION('ref_axis',(7.48822300463322E-16,-7.10542735760099E-15,
-1.));
#2845=DIRECTION('center_axis',(1.,-3.58825753904553E-23,7.45779695215755E-16));
#2846=DIRECTION('ref_axis',(-5.32412633515049E-30,-1.,7.10542735760099E-15));
#2847=DIRECTION('center_axis',(1.,-3.58825753904553E-23,7.45779695215755E-16));
#2848=DIRECTION('ref_axis',(-5.32412633515049E-30,-1.,7.10542735760099E-15));
#2849=DIRECTION('center_axis',(1.,-3.58825753904553E-23,7.45779695215755E-16));
#2850=DIRECTION('ref_axis',(7.48822300463322E-16,-7.10542735760099E-15,
-1.));
#2851=DIRECTION('center_axis',(-7.45826068713996E-16,9.23169747817991E-5,
0.999999995738788));
#2852=DIRECTION('ref_axis',(4.77006619817724E-17,-0.999999995738788,9.23169747817991E-5));
#2853=DIRECTION('center_axis',(-1.,0.,-7.48822300463322E-16));
#2854=DIRECTION('ref_axis',(7.48822300463322E-16,-7.10542735760099E-15,
-1.));
#2855=DIRECTION('',(1.,0.,7.48822300463322E-16));
#2856=DIRECTION('center_axis',(-1.,0.,-7.48822300463322E-16));
#2857=DIRECTION('ref_axis',(7.48822300463322E-16,-7.10542735760099E-15,
-1.));
#2858=DIRECTION('',(1.,0.,7.48822300463322E-16));
#2859=DIRECTION('center_axis',(-1.,0.,-7.48822300463322E-16));
#2860=DIRECTION('ref_axis',(7.48822300463322E-16,-7.10542735760099E-15,
-1.));
#2861=DIRECTION('',(1.,0.,7.48822300463322E-16));
#2862=DIRECTION('center_axis',(-1.,0.,-7.48822300463322E-16));
#2863=DIRECTION('ref_axis',(7.48822300463322E-16,-7.10542735760099E-15,
-1.));
#2864=DIRECTION('',(1.,0.,7.48822300463322E-16));
#2865=DIRECTION('center_axis',(-1.,0.,-7.48822300463322E-16));
#2866=DIRECTION('ref_axis',(-5.32412633515049E-30,-1.,7.10542735760099E-15));
#2867=DIRECTION('',(1.,0.,7.48822300463322E-16));
#2868=DIRECTION('center_axis',(-1.,0.,-7.48822300463322E-16));
#2869=DIRECTION('ref_axis',(-5.32412633515049E-30,-1.,7.10542735760099E-15));
#2870=DIRECTION('',(1.,0.,7.48822300463322E-16));
#2871=DIRECTION('center_axis',(-1.,0.,-7.48822300463322E-16));
#2872=DIRECTION('ref_axis',(-5.32412633515049E-30,-1.,7.10542735760099E-15));
#2873=DIRECTION('',(1.,0.,7.48822300463322E-16));
#2874=DIRECTION('center_axis',(-1.,1.51313496199497E-15,-7.99360577730113E-16));
#2875=DIRECTION('ref_axis',(-7.99360577730113E-16,4.25703248157692E-32,
1.));
#2876=DIRECTION('',(1.,-1.51313496199497E-15,7.99360577730113E-16));
#2877=DIRECTION('center_axis',(-1.,1.51313496199497E-15,-7.71226719293822E-16));
#2878=DIRECTION('ref_axis',(-7.99360577730113E-16,4.25703248157692E-32,
1.));
#2879=DIRECTION('center_axis',(1.,-1.48029736616688E-15,7.69060741016384E-16));
#2880=DIRECTION('ref_axis',(1.4802973622576E-15,1.,5.08318220848741E-9));
#2881=DIRECTION('',(-1.,1.48029736616688E-15,-7.69060741016384E-16));
#2882=DIRECTION('center_axis',(-1.,1.51313496199497E-15,-7.71226719293821E-16));
#2883=DIRECTION('ref_axis',(1.51313495807469E-15,1.,5.08318220848741E-9));
#2884=DIRECTION('center_axis',(1.,-1.51313496199497E-15,7.71226719293822E-16));
#2885=DIRECTION('ref_axis',(1.51313495807469E-15,1.,5.08318220848741E-9));
#2886=DIRECTION('center_axis',(0.,0.,-1.));
#2887=DIRECTION('ref_axis',(1.,9.13316656238922E-32,0.));
#2888=CARTESIAN_POINT('',(0.,0.,0.));
#2889=CARTESIAN_POINT('Origin',(-40.5,-2.97723066890869E-14,17.4999999999936));
#2890=CARTESIAN_POINT('',(-40.,-3.15000000000003,17.4999999999936));
#2891=CARTESIAN_POINT('Origin',(-40.,-3.05288741700844E-14,17.4999999999936));
#2892=CARTESIAN_POINT('',(-41.,-2.15000000000003,17.4999999999936));
#2893=CARTESIAN_POINT('',(-40.5,-2.65000000000003,17.4999999999936));
#2894=CARTESIAN_POINT('Origin',(-41.,-2.90157392080894E-14,17.4999999999936));
#2895=CARTESIAN_POINT('Origin',(-39.9999999999992,-3.05286356623369E-14,
17.4999999999936));
#2896=CARTESIAN_POINT('',(-43.,-2.15000000000003,17.4999999999936));
#2897=CARTESIAN_POINT('',(-39.9999999999992,-2.15000000000003,17.4999999999936));
#2898=CARTESIAN_POINT('Origin',(-43.,-2.59899462995966E-14,17.4999999999936));
#2899=CARTESIAN_POINT('Origin',(-40.,-1.7556800769435E-14,-2.42934597181266E-14));
#2900=CARTESIAN_POINT('',(-40.,-23.7000000000002,-1.20471440706975E-7));
#2901=CARTESIAN_POINT('Origin',(-40.,-1.79934366602317E-14,-2.52682351356336E-14));
#2902=CARTESIAN_POINT('',(-40.,-17.4999999999936,-3.15000000000004));
#2903=CARTESIAN_POINT('Origin',(-40.,-17.4999999999936,-3.69771317149714E-14));
#2904=CARTESIAN_POINT('',(-40.,17.4999999999936,3.14999999999999));
#2905=CARTESIAN_POINT('Origin',(-40.,17.4999999999936,-1.57327941506869E-14));
#2906=CARTESIAN_POINT('',(-40.,-13.0000000000001,-6.60813955896781E-8));
#2907=CARTESIAN_POINT('Origin',(-40.,-1.77635734894351E-14,-2.52833969835756E-14));
#2908=CARTESIAN_POINT('',(-40.,3.14999999999999,-17.4999999999936));
#2909=CARTESIAN_POINT('Origin',(-40.,-7.14140470729288E-15,-17.4999999999936));
#2910=CARTESIAN_POINT('Origin',(-40.5,-17.4999999999936,-3.73627450746183E-14));
#2911=CARTESIAN_POINT('',(-41.,-17.4999999999936,-2.15000000000004));
#2912=CARTESIAN_POINT('',(-40.5,-17.4999999999936,-2.65000000000004));
#2913=CARTESIAN_POINT('Origin',(-41.,-17.4999999999936,-3.77483584342652E-14));
#2914=CARTESIAN_POINT('Origin',(-39.9999999999993,-17.4999999999936,-3.69768932072222E-14));
#2915=CARTESIAN_POINT('',(-43.,-17.4999999999936,-2.15000000000004));
#2916=CARTESIAN_POINT('',(-39.9999999999993,-17.4999999999936,-2.15000000000004));
#2917=CARTESIAN_POINT('Origin',(-43.,-17.4999999999936,-3.929128888835E-14));
#2918=CARTESIAN_POINT('Origin',(-40.5,-6.38483722629539E-15,-17.4999999999936));
#2919=CARTESIAN_POINT('',(-41.,2.14999999999999,-17.4999999999936));
#2920=CARTESIAN_POINT('',(-40.5,2.64999999999999,-17.4999999999936));
#2921=CARTESIAN_POINT('Origin',(-41.,-5.62826974529791E-15,-17.4999999999936));
#2922=CARTESIAN_POINT('Origin',(-39.9999999999992,-7.14164321504259E-15,
-17.4999999999936));
#2923=CARTESIAN_POINT('',(-43.,2.15,-17.4999999999936));
#2924=CARTESIAN_POINT('',(-39.9999999999992,2.14999999999999,-17.4999999999936));
#2925=CARTESIAN_POINT('Origin',(-43.,-2.6015228058108E-15,-17.4999999999936));
#2926=CARTESIAN_POINT('Origin',(-40.5,17.4999999999936,-1.61184075103339E-14));
#2927=CARTESIAN_POINT('',(-41.,17.4999999999936,2.14999999999998));
#2928=CARTESIAN_POINT('',(-40.5,17.4999999999936,2.64999999999998));
#2929=CARTESIAN_POINT('Origin',(-41.,17.4999999999936,-1.65040208699808E-14));
#2930=CARTESIAN_POINT('Origin',(-39.9999999999992,17.4999999999936,-1.57330326584349E-14));
#2931=CARTESIAN_POINT('',(-43.,17.4999999999936,2.14999999999998));
#2932=CARTESIAN_POINT('',(-39.9999999999992,17.4999999999936,2.14999999999998));
#2933=CARTESIAN_POINT('Origin',(-43.,17.4999999999936,-1.80459972930713E-14));
#2934=CARTESIAN_POINT('Origin',(-4.00000000000006,75.316675647382,12.6779618347959));
#2935=CARTESIAN_POINT('',(-91.2609940525063,75.3121584588874,11.6779720373487));
#2936=CARTESIAN_POINT('',(-93.,75.0000000000001,11.7294279480279));
#2937=CARTESIAN_POINT('Ctrl Pts',(-91.2609940525063,75.3121584588874,11.677972037348));
#2938=CARTESIAN_POINT('Ctrl Pts',(-91.3307820572327,75.2862698373931,11.6780889823243));
#2939=CARTESIAN_POINT('Ctrl Pts',(-91.4014307084966,75.26183695066,11.6792030299825));
#2940=CARTESIAN_POINT('Ctrl Pts',(-91.9695435199625,75.0795998590174,11.6934082602188));
#2941=CARTESIAN_POINT('Ctrl Pts',(-92.5013960699884,75.0000000000001,11.7294279480279));
#2942=CARTESIAN_POINT('Ctrl Pts',(-93.,75.0000000000001,11.7294279480279));
#2943=CARTESIAN_POINT('',(-93.,74.4071517499973,12.262310201721));
#2944=CARTESIAN_POINT('Origin',(-92.9999999999999,75.3166756473818,12.6779618347956));
#2945=CARTESIAN_POINT('',(-91.,74.4071517499973,12.262310201721));
#2946=CARTESIAN_POINT('',(-4.00000000000006,74.4071517499975,12.2623102017213));
#2947=CARTESIAN_POINT('',(-89.2644730111589,74.5683231387546,13.341263065627));
#2948=CARTESIAN_POINT('Ctrl Pts',(-91.,74.4071517499973,12.262310201721));
#2949=CARTESIAN_POINT('Ctrl Pts',(-90.8281097682528,74.4071517499973,12.262310201721));
#2950=CARTESIAN_POINT('Ctrl Pts',(-90.6555458405204,74.3999246132361,12.277112379106));
#2951=CARTESIAN_POINT('Ctrl Pts',(-90.2771714231113,74.3721563995813,12.3468667091915));
#2952=CARTESIAN_POINT('Ctrl Pts',(-90.0878372062381,74.3501233399456,12.4084614056819));
#2953=CARTESIAN_POINT('Ctrl Pts',(-89.7798319218987,74.3210162584049,12.560365042972));
#2954=CARTESIAN_POINT('Ctrl Pts',(-89.6593937590687,74.3130480268596,12.6437786609261));
#2955=CARTESIAN_POINT('Ctrl Pts',(-89.4758072764772,74.3229268640595,12.8152484815168));
#2956=CARTESIAN_POINT('Ctrl Pts',(-89.4099564915656,74.3374756595799,12.8986485539159));
#2957=CARTESIAN_POINT('Ctrl Pts',(-89.3214787672535,74.3857480540958,13.0502532617479));
#2958=CARTESIAN_POINT('Ctrl Pts',(-89.2921270448973,74.4165772264096,13.1211084995499));
#2959=CARTESIAN_POINT('Ctrl Pts',(-89.2639893273279,74.489834133914,13.2437954542324));
#2960=CARTESIAN_POINT('Ctrl Pts',(-89.260052718854,74.5268226460131,13.2944412048965));
#2961=CARTESIAN_POINT('Ctrl Pts',(-89.2644730111586,74.5683231387546,13.341263065627));
#2962=CARTESIAN_POINT('',(-89.8199981219444,75.2262323098344,13.6738634377084));
#2963=CARTESIAN_POINT('Ctrl Pts',(-89.2644730111589,74.5683231387546,13.341263065627));
#2964=CARTESIAN_POINT('Ctrl Pts',(-89.2661989898094,74.5845277151765,13.3595454610951));
#2965=CARTESIAN_POINT('Ctrl Pts',(-89.2692172999382,74.6013824491571,13.3772101551098));
#2966=CARTESIAN_POINT('Ctrl Pts',(-89.2884489787207,74.6790843489964,13.4529182738915));
#2967=CARTESIAN_POINT('Ctrl Pts',(-89.3180815689272,74.7435154846771,13.5008287981378));
#2968=CARTESIAN_POINT('Ctrl Pts',(-89.4114471227096,74.8888800827887,13.5866962862341));
#2969=CARTESIAN_POINT('Ctrl Pts',(-89.4841957407833,74.973726786485,13.6212207354277));
#2970=CARTESIAN_POINT('Ctrl Pts',(-89.6498747290801,75.1165650804592,13.6597070667157));
#2971=CARTESIAN_POINT('Ctrl Pts',(-89.7298231003791,75.1737487249147,13.6690971128298));
#2972=CARTESIAN_POINT('Ctrl Pts',(-89.8199981219444,75.2262323098344,13.6738634377084));
#2973=CARTESIAN_POINT('',(-90.003711643737,75.3211928358761,13.6779516322431));
#2974=CARTESIAN_POINT('Ctrl Pts',(-89.8223408563545,75.2219545932737,13.6771759438011));
#2975=CARTESIAN_POINT('Ctrl Pts',(-89.8546796276835,75.2409194137479,13.6787214732617));
#2976=CARTESIAN_POINT('Ctrl Pts',(-89.8874940021915,75.259091774675,13.6797013147285));
#2977=CARTESIAN_POINT('Ctrl Pts',(-89.9207929213769,75.2764171329292,13.6802262055049));
#2978=CARTESIAN_POINT('Ctrl Pts',(-89.9484349429266,75.290799219133,13.6806619266186));
#2979=CARTESIAN_POINT('Ctrl Pts',(-89.9764102449112,75.3045984703694,13.6807847712337));
#2980=CARTESIAN_POINT('Ctrl Pts',(-90.004705228379,75.317800301995,13.6806685888799));
#2981=CARTESIAN_POINT('',(-82.6965592777076,75.3211928358762,13.6779516322432));
#2982=CARTESIAN_POINT('',(-4.00000000000006,75.3211928358763,13.6779516322435));
#2983=CARTESIAN_POINT('',(-83.,75.0000000000001,13.6264957215632));
#2984=CARTESIAN_POINT('Ctrl Pts',(-82.6965592777076,75.3211928358762,13.6779516322432));
#2985=CARTESIAN_POINT('Ctrl Pts',(-82.7986200137482,75.2127370109801,13.678441552646));
#2986=CARTESIAN_POINT('Ctrl Pts',(-82.9010420433933,75.1042351803712,13.6612954727207));
#2987=CARTESIAN_POINT('Ctrl Pts',(-83.,75.0000000000001,13.6264957215632));
#2988=CARTESIAN_POINT('',(-82.8529055976342,75.0000000000582,13.6264957217762));
#2989=CARTESIAN_POINT('',(-4.00000000000006,75.0000000000001,13.6264957215634));
#2990=CARTESIAN_POINT('',(-82.8223663081262,74.3688795840647,12.9968389917912));
#2991=CARTESIAN_POINT('Ctrl Pts',(-82.8529055976364,75.0000000001163,13.626495721602));
#2992=CARTESIAN_POINT('Ctrl Pts',(-82.8522062712964,74.9833456150738,13.6209355215538));
#2993=CARTESIAN_POINT('Ctrl Pts',(-82.8515071136633,74.9668226285111,13.6149316785667));
#2994=CARTESIAN_POINT('Ctrl Pts',(-82.8460545107946,74.8389541511369,13.5646065292616));
#2995=CARTESIAN_POINT('Ctrl Pts',(-82.8414208091348,74.736239827619,13.5010384877865));
#2996=CARTESIAN_POINT('Ctrl Pts',(-82.8331981503178,74.5642528042977,13.3460438676022));
#2997=CARTESIAN_POINT('Ctrl Pts',(-82.8296186891488,74.4943850630038,13.2578915172259));
#2998=CARTESIAN_POINT('Ctrl Pts',(-82.8250165002739,74.411788374572,13.1077695363026));
#2999=CARTESIAN_POINT('Ctrl Pts',(-82.8235921997329,74.3878262575914,13.0531540107179));
#3000=CARTESIAN_POINT('Ctrl Pts',(-82.8223663088439,74.3688795930176,12.9968389887635));
#3001=CARTESIAN_POINT('',(-80.4897856986533,74.3688795950501,12.9968389948049));
#3002=CARTESIAN_POINT('',(-4.00000000000006,74.3688795950502,12.9968389948049));
#3003=CARTESIAN_POINT('',(-78.0518593280872,75.3121584588874,11.6779720373488));
#3004=CARTESIAN_POINT('Ctrl Pts',(-80.4897856986533,74.3688795950501,12.9968389948049));
#3005=CARTESIAN_POINT('Ctrl Pts',(-80.4300542937188,74.3688795950501,12.9968389948049));
#3006=CARTESIAN_POINT('Ctrl Pts',(-80.3686186590524,74.3680914340204,12.9945320800114));
#3007=CARTESIAN_POINT('Ctrl Pts',(-80.0029478096663,74.3583888187101,12.9649313359644));
#3008=CARTESIAN_POINT('Ctrl Pts',(-79.7375794700495,74.3308135071019,12.8822739753226));
#3009=CARTESIAN_POINT('Ctrl Pts',(-79.288771652533,74.311124948961,12.6590392952679));
#3010=CARTESIAN_POINT('Ctrl Pts',(-79.1022202213697,74.316812514451,12.5247549922608));
#3011=CARTESIAN_POINT('Ctrl Pts',(-78.7809239350619,74.4031487340681,12.2487792564938));
#3012=CARTESIAN_POINT('Ctrl Pts',(-78.654661979168,74.4731100350862,12.120118303566));
#3013=CARTESIAN_POINT('Ctrl Pts',(-78.435754505063,74.6673538077958,11.9048542202646));
#3014=CARTESIAN_POINT('Ctrl Pts',(-78.3431837587651,74.7851979739341,11.8176392789477));
#3015=CARTESIAN_POINT('Ctrl Pts',(-78.1817572854917,75.0432632047277,11.7072852131926));
#3016=CARTESIAN_POINT('Ctrl Pts',(-78.1129910398389,75.1754332186886,11.6785896573492));
#3017=CARTESIAN_POINT('Ctrl Pts',(-78.0518593281456,75.3121584587561,11.6779720373486));
#3018=CARTESIAN_POINT('',(-4.00000000000006,75.3121584588876,11.677972037349));
#3019=CARTESIAN_POINT('Origin',(-4.00000000000006,80.3121074461477,11.6553860948846));
#3020=CARTESIAN_POINT('',(-88.,80.3121074461475,11.6553860948843));
#3021=CARTESIAN_POINT('',(-88.,80.0000000000001,11.6567959574328));
#3022=CARTESIAN_POINT('',(-88.,86.0771199004874,11.6293441812704));
#3023=CARTESIAN_POINT('Origin',(-93.,80.0000000000001,11.6567959574328));
#3024=CARTESIAN_POINT('',(-75.4235168813468,80.3121074461476,11.6553860948844));
#3025=CARTESIAN_POINT('Ctrl Pts',(-78.0518593280872,75.3121584588874,11.6779720373488));
#3026=CARTESIAN_POINT('Ctrl Pts',(-77.3101964956809,76.9709379370362,11.6704789413292));
#3027=CARTESIAN_POINT('Ctrl Pts',(-76.4271913651742,78.665855085897,11.6628226029738));
#3028=CARTESIAN_POINT('Ctrl Pts',(-75.4235168813467,80.3121074461475,11.6553860948844));
#3029=CARTESIAN_POINT('',(-4.00000000000006,80.3121074461477,11.6553860948846));
#3030=CARTESIAN_POINT('Origin',(-4.00000000000006,80.3166246346422,12.655375892337));
#3031=CARTESIAN_POINT('',(-88.,80.3211418231364,13.655365689789));
#3032=CARTESIAN_POINT('Origin',(-88.,80.316624634642,12.6553758923367));
#3033=CARTESIAN_POINT('',(-77.0594103006581,81.2565198147837,12.9968389948049));
#3034=CARTESIAN_POINT('Ctrl Pts',(-75.4235168813467,80.3121074461475,11.6553860948844));
#3035=CARTESIAN_POINT('Ctrl Pts',(-75.3910997212409,80.3652788948559,11.6551459069775));
#3036=CARTESIAN_POINT('Ctrl Pts',(-75.3607881878506,80.4175565844162,11.6591516807489));
#3037=CARTESIAN_POINT('Ctrl Pts',(-75.278167517031,80.5679584476152,11.6822523684823));
#3038=CARTESIAN_POINT('Ctrl Pts',(-75.2294337745756,80.667408084499,11.7130552121589));
#3039=CARTESIAN_POINT('Ctrl Pts',(-75.1613857539987,80.8455716077395,11.8015352689043));
#3040=CARTESIAN_POINT('Ctrl Pts',(-75.1397255897211,80.9250879333367,11.8559755788305));
#3041=CARTESIAN_POINT('Ctrl Pts',(-75.1320458199276,81.0522227994394,11.9736033991954));
#3042=CARTESIAN_POINT('Ctrl Pts',(-75.1399537814747,81.1007370699288,12.0305711606303));
#3043=CARTESIAN_POINT('Ctrl Pts',(-75.1820494542377,81.1859433739506,12.1549226499818));
#3044=CARTESIAN_POINT('Ctrl Pts',(-75.2171360475177,81.2187228651719,12.2188655684637));
#3045=CARTESIAN_POINT('Ctrl Pts',(-75.3285090830214,81.2802787376525,12.3707632511921));
#3046=CARTESIAN_POINT('Ctrl Pts',(-75.4204063421898,81.3011183190928,12.4604889128263));
#3047=CARTESIAN_POINT('Ctrl Pts',(-75.7174485652287,81.3251199644243,12.6763630813598));
#3048=CARTESIAN_POINT('Ctrl Pts',(-75.9446809697785,81.3113117250047,12.7856551897928));
#3049=CARTESIAN_POINT('Ctrl Pts',(-76.4399440694436,81.2782947327587,12.9406300804461));
#3050=CARTESIAN_POINT('Ctrl Pts',(-76.7390570359221,81.2565198147836,12.9968389948049));
#3051=CARTESIAN_POINT('Ctrl Pts',(-77.0594103006581,81.2565198147836,12.9968389948049));
#3052=CARTESIAN_POINT('',(-77.5348708958458,81.2565198148992,12.9968389947717));
#3053=CARTESIAN_POINT('',(-4.00000000000006,81.2565198147839,12.9968389948049));
#3054=CARTESIAN_POINT('',(-78.3499607503232,80.3211418231364,13.6553656897891));
#3055=CARTESIAN_POINT('Ctrl Pts',(-77.5348708958862,81.2573455892378,12.9961086499217));
#3056=CARTESIAN_POINT('Ctrl Pts',(-77.5545530132642,81.2407380586825,13.0418355815187));
#3057=CARTESIAN_POINT('Ctrl Pts',(-77.5762364433928,81.221048329513,13.0856352184877));
#3058=CARTESIAN_POINT('Ctrl Pts',(-77.5995275741255,81.1987396636724,13.1272371401893));
#3059=CARTESIAN_POINT('Ctrl Pts',(-77.630163351466,81.1693961626074,13.1819578501805));
#3060=CARTESIAN_POINT('Ctrl Pts',(-77.6634916721488,81.1356095696441,13.2327336831385));
#3061=CARTESIAN_POINT('Ctrl Pts',(-77.6987833455372,81.0983384259678,13.2793210999976));
#3062=CARTESIAN_POINT('Ctrl Pts',(-77.7117219273031,81.0846741336952,13.2964009107411));
#3063=CARTESIAN_POINT('Ctrl Pts',(-77.7249244016447,81.0705417947447,13.3129173018867));
#3064=CARTESIAN_POINT('Ctrl Pts',(-77.7383548363169,81.0559895690559,13.3288569326253));
#3065=CARTESIAN_POINT('Ctrl Pts',(-77.7914556760356,80.9984534265025,13.3918785546119));
#3066=CARTESIAN_POINT('Ctrl Pts',(-77.8481469226134,80.9343253581507,13.4459438819905));
#3067=CARTESIAN_POINT('Ctrl Pts',(-77.9068377229447,80.8659180681798,13.4908202811331));
#3068=CARTESIAN_POINT('Ctrl Pts',(-77.9157178750585,80.8555677724399,13.4976102592635));
#3069=CARTESIAN_POINT('Ctrl Pts',(-77.9246438027497,80.8451195826549,13.5041898140974));
#3070=CARTESIAN_POINT('Ctrl Pts',(-77.9336099956426,80.8345815639945,13.5105581061628));
#3071=CARTESIAN_POINT('Ctrl Pts',(-77.9906070664205,80.7675925751766,13.5510406161777));
#3072=CARTESIAN_POINT('Ctrl Pts',(-78.0493666243076,80.6968191796859,13.5831042280077));
#3073=CARTESIAN_POINT('Ctrl Pts',(-78.1088644690138,80.6238358466325,13.6066136679903));
#3074=CARTESIAN_POINT('Ctrl Pts',(-78.1532958743713,80.5693338378413,13.6241698914594));
#3075=CARTESIAN_POINT('Ctrl Pts',(-78.1981390004714,80.5135997662203,13.636955549473));
#3076=CARTESIAN_POINT('Ctrl Pts',(-78.2429673155848,80.4572821589559,13.6449331223841));
#3077=CARTESIAN_POINT('Ctrl Pts',(-78.2786330470329,80.4124754636472,13.6512801370407));
#3078=CARTESIAN_POINT('Ctrl Pts',(-78.3143742174217,80.3671914121536,13.6545913222317));
#3079=CARTESIAN_POINT('Ctrl Pts',(-78.3499607503248,80.3217653374976,13.6548151533613));
#3080=CARTESIAN_POINT('',(-4.00000000000006,80.3211418231366,13.6553656897893));
#3081=CARTESIAN_POINT('Origin',(-4.00000000000006,75.3211928358763,13.6779516322435));
#3082=CARTESIAN_POINT('',(-88.,80.0000000000001,13.656816362737));
#3083=CARTESIAN_POINT('',(-88.,83.5861797838325,13.6406167474141));
#3084=CARTESIAN_POINT('Ctrl Pts',(-78.3499607503232,80.3211418231364,13.6553656897891));
#3085=CARTESIAN_POINT('Ctrl Pts',(-79.7042665848801,78.5930295006926,13.6631719785269));
#3086=CARTESIAN_POINT('Ctrl Pts',(-81.2149830161859,76.895604130793,13.6708396471016));
#3087=CARTESIAN_POINT('Ctrl Pts',(-82.6965592777076,75.3211928358762,13.6779516322432));
#3088=CARTESIAN_POINT('',(-90.7518251329434,75.533938002317,13.6769906127762));
#3089=CARTESIAN_POINT('Ctrl Pts',(-90.003711643737,75.3211928358761,13.6779516322431));
#3090=CARTESIAN_POINT('Ctrl Pts',(-90.2125839941802,75.4163240308119,13.6775219023199));
#3091=CARTESIAN_POINT('Ctrl Pts',(-90.464494724618,75.5013304102746,13.6771379085633));
#3092=CARTESIAN_POINT('Ctrl Pts',(-90.7518251340224,75.5339380017754,13.6769906124234));
#3093=CARTESIAN_POINT('Origin',(-93.,80.0000000000001,13.656816362737));
#3094=CARTESIAN_POINT('Origin',(-93.,80.0000000000001,12.9667446871196));
#3095=CARTESIAN_POINT('',(-88.,80.0000000000001,20.9283817143285));
#3096=CARTESIAN_POINT('Ctrl Pts',(-90.7489061738866,75.5359541170303,13.6792795065041));
#3097=CARTESIAN_POINT('Ctrl Pts',(-90.505014244463,75.659497032607,13.8398901788625));
#3098=CARTESIAN_POINT('Ctrl Pts',(-90.2241296861473,75.8259515205304,14.0587775840857));
#3099=CARTESIAN_POINT('Ctrl Pts',(-89.9542540073406,76.0332262745196,14.3409001100307));
#3100=CARTESIAN_POINT('Ctrl Pts',(-89.5853814058938,76.3165344186855,14.7265119981871));
#3101=CARTESIAN_POINT('Ctrl Pts',(-89.2370756847328,76.6761033235151,15.2302602649532));
#3102=CARTESIAN_POINT('Ctrl Pts',(-88.9675597624264,77.03920771521,15.7691111001901));
#3103=CARTESIAN_POINT('Ctrl Pts',(-88.6980438401199,77.4023121069049,16.3079619354271));
#3104=CARTESIAN_POINT('Ctrl Pts',(-88.5073177166679,77.7689519854652,16.8819153391348));
#3105=CARTESIAN_POINT('Ctrl Pts',(-88.3662046252807,78.1183327233679,17.459053115075));
#3106=CARTESIAN_POINT('Ctrl Pts',(-88.2250915338935,78.4677134612707,18.0361908910151));
#3107=CARTESIAN_POINT('Ctrl Pts',(-88.1335914745712,78.799835058516,18.6165130391877));
#3108=CARTESIAN_POINT('Ctrl Pts',(-88.0774382852765,79.1120161939585,19.1928739634198));
#3109=CARTESIAN_POINT('Ctrl Pts',(-88.0212850959817,79.424197329401,19.7692348876518));
#3110=CARTESIAN_POINT('Ctrl Pts',(-88.0004787767146,79.7164380030407,20.3416345879434));
#3111=CARTESIAN_POINT('Ctrl Pts',(-88.0000083570623,79.9907608642905,20.9092534385942));
#3112=CARTESIAN_POINT('Ctrl Pts',(-88.0000030724113,79.9938425820267,20.9156300164394));
#3113=CARTESIAN_POINT('Ctrl Pts',(-88.,79.9969225648037,20.9220062533493));
#3114=CARTESIAN_POINT('Ctrl Pts',(-88.,79.9999999999998,20.928381714328));
#3115=CARTESIAN_POINT('',(-88.,80.0000000000001,19.000000283122));
#3116=CARTESIAN_POINT('',(-88.,80.0000000000001,12.9667446871196));
#3117=CARTESIAN_POINT('',(-88.,80.0000000000001,12.9667446871196));
#3118=CARTESIAN_POINT('Origin',(-93.,80.0000000000001,12.9667446871196));
#3119=CARTESIAN_POINT('',(-88.,80.0000000000001,6.40312423743267));
#3120=CARTESIAN_POINT('',(-88.,80.0000000000001,12.9667446871196));
#3121=CARTESIAN_POINT('',(-88.,80.0000000000001,-6.40312423743258));
#3122=CARTESIAN_POINT('Ctrl Pts',(-88.,80.,6.40312423743261));
#3123=CARTESIAN_POINT('Ctrl Pts',(-88.,79.7759273824628,5.70323896509227));
#3124=CARTESIAN_POINT('Ctrl Pts',(-88.0152206944031,79.5752303528401,4.99935204930773));
#3125=CARTESIAN_POINT('Ctrl Pts',(-88.075788414133,79.067507553119,2.86120660803337));
#3126=CARTESIAN_POINT('Ctrl Pts',(-88.129171306613,78.8708286933871,1.42045824849502));
#3127=CARTESIAN_POINT('Ctrl Pts',(-88.129171306613,78.8708286933871,-1.42045824849493));
#3128=CARTESIAN_POINT('Ctrl Pts',(-88.075788414133,79.067507553119,-2.86120660803328));
#3129=CARTESIAN_POINT('Ctrl Pts',(-88.015220694403,79.5752303528401,-4.99935204930764));
#3130=CARTESIAN_POINT('Ctrl Pts',(-88.,79.7759273824628,-5.70323896509218));
#3131=CARTESIAN_POINT('Ctrl Pts',(-88.,80.0000000000001,-6.40312423743251));
#3132=CARTESIAN_POINT('',(-88.,80.0000000000001,-12.0480343061227));
#3133=CARTESIAN_POINT('',(-88.,80.0000000000001,12.9667446871196));
#3134=CARTESIAN_POINT('',(-91.4343303779702,75.2514551034393,-12.0451831321887));
#3135=CARTESIAN_POINT('Origin',(-93.,80.0000000000001,-12.0480343061227));
#3136=CARTESIAN_POINT('',(-93.,75.0000000000001,-12.0771581933102));
#3137=CARTESIAN_POINT('Ctrl Pts',(-93.,75.0000000000001,-12.0771581933102));
#3138=CARTESIAN_POINT('Ctrl Pts',(-92.5124585206893,75.0000000000001,-12.0771581933102));
#3139=CARTESIAN_POINT('Ctrl Pts',(-91.9910596255508,75.076263178815,-12.0487271979229));
#3140=CARTESIAN_POINT('Ctrl Pts',(-91.4803438792282,75.2364684980099,-12.0452601417067));
#3141=CARTESIAN_POINT('Ctrl Pts',(-91.4572976805332,75.2438824240804,-12.045178585316));
#3142=CARTESIAN_POINT('Ctrl Pts',(-91.4343303779702,75.2514551034393,-12.045183132188));
#3143=CARTESIAN_POINT('',(-93.,75.0000000000001,24.2191832289592));
#3144=CARTESIAN_POINT('Origin',(-93.,90.0000000000001,30.7000000000001));
#3145=CARTESIAN_POINT('',(-93.,75.0000000000001,-14.0132077105395));
#3146=CARTESIAN_POINT('Origin',(-93.,75.2508546724705,-13.0451829519249));
#3147=CARTESIAN_POINT('',(-93.,75.0000000000001,-25.7905709383988));
#3148=CARTESIAN_POINT('',(-93.,75.0000000000001,24.2191832289592));
#3149=CARTESIAN_POINT('',(-93.,110.915204867607,-10.2887464104325));
#3150=CARTESIAN_POINT('Origin',(-93.,75.0000100415157,23.5651607153576));
#3151=CARTESIAN_POINT('',(-93.,112.89238431874,7.66723069810089));
#3152=CARTESIAN_POINT('Origin',(-93.,100.,4.19609294728629E-14));
#3153=CARTESIAN_POINT('',(-93.,82.7943575464021,28.5247123669609));
#3154=CARTESIAN_POINT('Origin',(-93.,75.0000078634874,-14.8677469134025));
#3155=CARTESIAN_POINT('',(-93.,82.9420503579546,29.1078415075761));
#3156=CARTESIAN_POINT('Origin',(-93.,42.4522503511269,39.0526815398847));
#3157=CARTESIAN_POINT('',(-93.,75.3501624821838,-29.6988552545651));
#3158=CARTESIAN_POINT('Ctrl Pts',(-93.,75.3501750448079,-29.6988499664517));
#3159=CARTESIAN_POINT('Ctrl Pts',(-93.,78.1055113272758,-29.6807564134773));
#3160=CARTESIAN_POINT('Ctrl Pts',(-92.9999999999999,83.7729432663733,-29.2076947607574));
#3161=CARTESIAN_POINT('Ctrl Pts',(-93.0000000000001,92.1199357360919,-27.1348433116719));
#3162=CARTESIAN_POINT('Ctrl Pts',(-92.9999999999999,100.058453373903,-23.7390477488103));
#3163=CARTESIAN_POINT('Ctrl Pts',(-93.,106.218634702062,-19.8309936245546));
#3164=CARTESIAN_POINT('Ctrl Pts',(-93.,110.12459069999,-16.6171611388926));
#3165=CARTESIAN_POINT('Ctrl Pts',(-93.,112.230805454953,-14.6623734573298));
#3166=CARTESIAN_POINT('Ctrl Pts',(-93.,113.245789744924,-13.6410178123235));
#3167=CARTESIAN_POINT('Ctrl Pts',(-93.,115.08411327495,-11.7140811130521));
#3168=CARTESIAN_POINT('Ctrl Pts',(-93.,117.306728825995,-8.52946591813396));
#3169=CARTESIAN_POINT('Ctrl Pts',(-93.,119.07770394509,-2.93107111583411));
#3170=CARTESIAN_POINT('Ctrl Pts',(-93.,119.069192340117,2.93537633105461));
#3171=CARTESIAN_POINT('Ctrl Pts',(-93.,117.610777799754,7.58660669095048));
#3172=CARTESIAN_POINT('Ctrl Pts',(-93.,115.875717582175,10.5162583694992));
#3173=CARTESIAN_POINT('Ctrl Pts',(-93.,114.712851020301,12.051014360229));
#3174=CARTESIAN_POINT('Ctrl Pts',(-93.,114.077419770453,12.7694572025292));
#3175=CARTESIAN_POINT('Ctrl Pts',(-93.,112.936208945423,13.9652822323552));
#3176=CARTESIAN_POINT('Ctrl Pts',(-93.,111.262164704459,15.6091332119299));
#3177=CARTESIAN_POINT('Ctrl Pts',(-93.,107.682595053872,18.6846324560795));
#3178=CARTESIAN_POINT('Ctrl Pts',(-92.9999999999999,102.877072059487,22.0572948309193));
#3179=CARTESIAN_POINT('Ctrl Pts',(-93.,94.4208975299554,26.4484489438275));
#3180=CARTESIAN_POINT('Ctrl Pts',(-93.,87.5978552348772,28.409687639229));
#3181=CARTESIAN_POINT('Ctrl Pts',(-93.,82.9420503579546,29.1078415075761));
#3182=CARTESIAN_POINT('',(-93.,30.8291616252602,-29.7000000000002));
#3183=CARTESIAN_POINT('Origin',(-92.9999999999999,53.0903826869996,-57.7260209490848));
#3184=CARTESIAN_POINT('',(-93.,5.69446864643406E-14,-29.7000000000002));
#3185=CARTESIAN_POINT('',(-93.,90.0000000000001,-29.7000000000002));
#3186=CARTESIAN_POINT('',(-93.,5.32907051820075E-14,29.7000000000001));
#3187=CARTESIAN_POINT('Origin',(-93.,5.92118895512426E-14,-6.61424823109229E-14));
#3188=CARTESIAN_POINT('',(-93.,33.508159460298,29.7000000000001));
#3189=CARTESIAN_POINT('',(-93.,90.0000000000001,29.7000000000001));
#3190=CARTESIAN_POINT('',(-93.,65.8729566216405,27.4943125581884));
#3191=CARTESIAN_POINT('Origin',(-93.0000000000001,53.0903826869994,78.4839321508909));
#3192=CARTESIAN_POINT('',(-93.,69.0000010281801,21.000000372529));
#3193=CARTESIAN_POINT('Origin',(-93.,69.0000010281801,25.000000372529));
#3194=CARTESIAN_POINT('',(-93.,70.1733959062657,21.175978345908));
#3195=CARTESIAN_POINT('Origin',(-93.,69.0000010281801,25.000000372529));
#3196=CARTESIAN_POINT('',(-93.,23.4582956991512,24.2191832289592));
#3197=CARTESIAN_POINT('Origin',(-93.,47.843795378226,38.4772503376541));
#3198=CARTESIAN_POINT('',(-93.,12.1423516368496,24.1156235153013));
#3199=CARTESIAN_POINT('Origin',(-93.,17.6997861757396,35.1531100567347));
#3200=CARTESIAN_POINT('',(-93.,15.6987750248216,-21.9669857632928));
#3201=CARTESIAN_POINT('Origin',(-93.,5.43144565056736E-14,-6.7670071070178E-14));
#3202=CARTESIAN_POINT('',(-93.,19.8718103525839,-20.7905709383979));
#3203=CARTESIAN_POINT('Origin',(-93.,19.4183850031237,-27.1717620648894));
#3204=CARTESIAN_POINT('',(-93.,23.4582956991512,-20.7905709383979));
#3205=CARTESIAN_POINT('',(-93.,90.0000000000001,-20.7905709383979));
#3206=CARTESIAN_POINT('Origin',(-93.0000000000001,-2.53294625822795,75.0668362847159));
#3207=CARTESIAN_POINT('Origin',(-93.,-2.53294625822795,75.0668362847159));
#3208=CARTESIAN_POINT('',(-91.,27.0052135821673,-19.7576557585751));
#3209=CARTESIAN_POINT('Ctrl Pts',(-93.,23.4582956991512,-20.7905709383979));
#3210=CARTESIAN_POINT('Ctrl Pts',(-92.4305701155149,24.680279908613,-20.4592362176257));
#3211=CARTESIAN_POINT('Ctrl Pts',(-91.7277046430221,25.8824151849175,-20.1074113735207));
#3212=CARTESIAN_POINT('Ctrl Pts',(-91.,27.0052135821673,-19.7576557585751));
#3213=CARTESIAN_POINT('Origin',(-91.0000000000001,-2.53294625822795,75.0668362847159));
#3214=CARTESIAN_POINT('Origin',(-91.0000000000001,-2.53294625822795,75.0668362847159));
#3215=CARTESIAN_POINT('',(-88.0000000000001,31.1807653739992,-15.1587761501734));
#3216=CARTESIAN_POINT('Ctrl Pts',(-88.,31.1807653739993,-15.1587761501795));
#3217=CARTESIAN_POINT('Ctrl Pts',(-88.0000000000001,31.1807653739992,-15.1979699855554));
#3218=CARTESIAN_POINT('Ctrl Pts',(-88.0006740218131,31.1798975607413,-15.2375402265234));
#3219=CARTESIAN_POINT('Ctrl Pts',(-88.0130187348742,31.1640017187445,-15.6016779537707));
#3220=CARTESIAN_POINT('Ctrl Pts',(-88.0689267665985,31.0921080847848,-15.9371305063673));
#3221=CARTESIAN_POINT('Ctrl Pts',(-88.2888750032607,30.8071602500265,-16.7315233709449));
#3222=CARTESIAN_POINT('Ctrl Pts',(-88.501128242115,30.5319135959928,-17.2287132937933));
#3223=CARTESIAN_POINT('Ctrl Pts',(-89.128814528261,29.6957940245342,-18.2359669071047));
#3224=CARTESIAN_POINT('Ctrl Pts',(-89.5476412505785,29.1308168654223,-18.7328833087588));
#3225=CARTESIAN_POINT('Ctrl Pts',(-90.3532273812458,27.9797234469983,-19.3939417210183));
#3226=CARTESIAN_POINT('Ctrl Pts',(-90.6735883106231,27.5088444510786,-19.600772987195));
#3227=CARTESIAN_POINT('Ctrl Pts',(-91.,27.0052135821673,-19.7576557585751));
#3228=CARTESIAN_POINT('',(-88.,72.6580539303527,14.8705823986754));
#3229=CARTESIAN_POINT('Origin',(-88.,-2.53294625822795,75.0668362847159));
#3230=CARTESIAN_POINT('Origin',(-91.,72.6580539303527,14.8705823986754));
#3231=CARTESIAN_POINT('Ctrl Pts',(-83.,75.0000000000001,13.6264957215632));
#3232=CARTESIAN_POINT('Ctrl Pts',(-79.3333333333333,78.8622024389621,11.3224074514339));
#3233=CARTESIAN_POINT('Ctrl Pts',(-75.6666666666666,82.7244048779241,9.01831918130467));
#3234=CARTESIAN_POINT('Ctrl Pts',(-71.9999999999999,86.5866073168861,6.71423091117541));
#3235=CARTESIAN_POINT('Ctrl Pts',(-83.,75.0000000000001,19.3176638143755));
#3236=CARTESIAN_POINT('Ctrl Pts',(-79.3333333333333,79.2965279524088,15.987978820891));
#3237=CARTESIAN_POINT('Ctrl Pts',(-75.6666666666666,83.5970320936923,12.6548880930081));
#3238=CARTESIAN_POINT('Ctrl Pts',(-71.9999999999999,87.893560046101,9.32520309952366));
#3239=CARTESIAN_POINT('Ctrl Pts',(-83.,75.0000000000001,25.0088319071878));
#3240=CARTESIAN_POINT('Ctrl Pts',(-79.3333333333333,79.9925584693013,20.5201820367751));
#3241=CARTESIAN_POINT('Ctrl Pts',(-75.6666666666666,84.9887498499423,16.0277624104077));
#3242=CARTESIAN_POINT('Ctrl Pts',(-71.9999999999999,89.9813083192436,11.5391125399951));
#3243=CARTESIAN_POINT('Ctrl Pts',(-83.,75.0000000000001,30.7000000000001));
#3244=CARTESIAN_POINT('Ctrl Pts',(-79.3333333333333,80.8370655382459,24.7989463316017));
#3245=CARTESIAN_POINT('Ctrl Pts',(-75.6666666666666,86.6741310764918,18.8978926632033));
#3246=CARTESIAN_POINT('Ctrl Pts',(-71.9999999999999,92.5111966147377,12.9968389948049));
#3247=CARTESIAN_POINT('',(-75.1835839830862,84.6917327882232,12.9968389948049));
#3248=CARTESIAN_POINT('Ctrl Pts',(-77.5348708958458,81.2565198149907,12.9968389948049));
#3249=CARTESIAN_POINT('Ctrl Pts',(-77.3195411762661,81.5386770212576,12.9968389948049));
#3250=CARTESIAN_POINT('Ctrl Pts',(-77.1100522495371,81.8198425420409,12.9968389948049));
#3251=CARTESIAN_POINT('Ctrl Pts',(-76.2949040731936,82.9424587097326,12.9968389948049));
#3252=CARTESIAN_POINT('Ctrl Pts',(-75.7174850380126,83.8036784744529,12.9968389948049));
#3253=CARTESIAN_POINT('Ctrl Pts',(-75.1835839830862,84.6917327882232,12.9968389948049));
#3254=CARTESIAN_POINT('',(-71.9999999999999,89.9190075279435,11.1073665095889));
#3255=CARTESIAN_POINT('Ctrl Pts',(-75.1835839830862,84.6917327882232,12.9968389948049));
#3256=CARTESIAN_POINT('Ctrl Pts',(-74.3615442178876,86.0590572256621,12.9968389948049));
#3257=CARTESIAN_POINT('Ctrl Pts',(-73.7908299581004,87.2220159535929,12.948725962589));
#3258=CARTESIAN_POINT('Ctrl Pts',(-73.156549025221,88.5474056337059,12.7536465221071));
#3259=CARTESIAN_POINT('Ctrl Pts',(-72.7697080828587,89.4091033118357,12.6103861588588));
#3260=CARTESIAN_POINT('Ctrl Pts',(-72.4088950670332,90.0124472165788,12.2213874825382));
#3261=CARTESIAN_POINT('Ctrl Pts',(-72.3423535763878,90.1131179791029,12.138903015402));
#3262=CARTESIAN_POINT('Ctrl Pts',(-72.2393493320288,90.2289112143032,11.9772721846508));
#3263=CARTESIAN_POINT('Ctrl Pts',(-72.2005647388678,90.2623919381369,11.9079160278709));
#3264=CARTESIAN_POINT('Ctrl Pts',(-72.1347314931274,90.290113502385,11.7664170332525));
#3265=CARTESIAN_POINT('Ctrl Pts',(-72.1085443210991,90.2889741511282,11.7002007793162));
#3266=CARTESIAN_POINT('Ctrl Pts',(-72.0623301838098,90.2586440100882,11.5596653339527));
#3267=CARTESIAN_POINT('Ctrl Pts',(-72.0443657362932,90.2279847977584,11.4892093561285));
#3268=CARTESIAN_POINT('Ctrl Pts',(-72.008385258958,90.1189526394331,11.3063754599602));
#3269=CARTESIAN_POINT('Ctrl Pts',(-71.9999999999999,90.0208161462406,11.1997675223545));
#3270=CARTESIAN_POINT('Ctrl Pts',(-71.9999999999999,89.9190075279435,11.1073665095889));
#3271=CARTESIAN_POINT('',(-71.9999999999999,92.5111966147377,12.9968389948049));
#3272=CARTESIAN_POINT('Origin',(-71.9999999999999,100.,5.82330379838052E-14));
#3273=CARTESIAN_POINT('',(-75.156760937551,87.4858637562668,18.0772614613846));
#3274=CARTESIAN_POINT('',(-83.,75.0000000000001,30.7000000000001));
#3275=CARTESIAN_POINT('',(-75.2482864828557,87.3103068266541,18.1791235762305));
#3276=CARTESIAN_POINT('Ctrl Pts',(-75.156760937551,87.4858637562668,18.0772614613846));
#3277=CARTESIAN_POINT('Ctrl Pts',(-75.1736987498635,87.4588999961187,18.104520808516));
#3278=CARTESIAN_POINT('Ctrl Pts',(-75.190792078288,87.4289078646219,18.1279160654973));
#3279=CARTESIAN_POINT('Ctrl Pts',(-75.2078128137842,87.3957500386127,18.1461266623152));
#3280=CARTESIAN_POINT('Ctrl Pts',(-75.2150763184588,87.3816001198696,18.1538979337237));
#3281=CARTESIAN_POINT('Ctrl Pts',(-75.2223266031743,87.3668740209354,18.1607244697447));
#3282=CARTESIAN_POINT('Ctrl Pts',(-75.229545940484,87.3515625502794,18.166501144762));
#3283=CARTESIAN_POINT('Ctrl Pts',(-75.2359303668705,87.3380218396741,18.1716097516639));
#3284=CARTESIAN_POINT('Ctrl Pts',(-75.2421756762997,87.3242677681276,18.1758061831255));
#3285=CARTESIAN_POINT('Ctrl Pts',(-75.2482864828557,87.3103130666075,18.1791170842797));
#3286=CARTESIAN_POINT('',(-78.3194087530246,82.4258009500541,23.0753474419085));
#3287=CARTESIAN_POINT('Ctrl Pts',(-75.2482864828557,87.3103068266541,18.1791235762305));
#3288=CARTESIAN_POINT('Ctrl Pts',(-75.2283038548566,87.2548185919567,18.0140789447855));
#3289=CARTESIAN_POINT('Ctrl Pts',(-75.2139327603265,87.1864217982376,17.851789146646));
#3290=CARTESIAN_POINT('Ctrl Pts',(-75.2054967764777,87.1067969426894,17.6937335898658));
#3291=CARTESIAN_POINT('Ctrl Pts',(-75.202139470445,87.075108284594,17.6308315165822));
#3292=CARTESIAN_POINT('Ctrl Pts',(-75.1997220411405,87.0416411617216,17.5685997581288));
#3293=CARTESIAN_POINT('Ctrl Pts',(-75.1982642828534,87.0065009420412,17.5071302332497));
#3294=CARTESIAN_POINT('Ctrl Pts',(-75.1969785583679,86.9755077099877,17.4529148849644));
#3295=CARTESIAN_POINT('Ctrl Pts',(-75.1964390238764,86.9432084886965,17.3992841301901));
#3296=CARTESIAN_POINT('Ctrl Pts',(-75.1966601954989,86.9096643772939,17.3462869933117));
#3297=CARTESIAN_POINT('Ctrl Pts',(-75.1971261165472,86.8390002144388,17.2346430070906));
#3298=CARTESIAN_POINT('Ctrl Pts',(-75.200966249253,86.7628157132063,17.1258124004894));
#3299=CARTESIAN_POINT('Ctrl Pts',(-75.2083354958766,86.6816624007934,17.0202888867659));
#3300=CARTESIAN_POINT('Ctrl Pts',(-75.2158677344816,86.5987141505998,16.9124314185073));
#3301=CARTESIAN_POINT('Ctrl Pts',(-75.2270866106837,86.5105741387228,16.8080280220063));
#3302=CARTESIAN_POINT('Ctrl Pts',(-75.2421875155777,86.4177963958431,16.7076383450368));
#3303=CARTESIAN_POINT('Ctrl Pts',(-75.2564906620644,86.3299199635089,16.6125521058007));
#3304=CARTESIAN_POINT('Ctrl Pts',(-75.2742765780526,86.237881969156,16.5210663451553));
#3305=CARTESIAN_POINT('Ctrl Pts',(-75.2957390433324,86.1421346009222,16.433694067817));
#3306=CARTESIAN_POINT('Ctrl Pts',(-75.2969361129519,86.1367942887,16.4288208765309));
#3307=CARTESIAN_POINT('Ctrl Pts',(-75.2981446271731,86.1314424340759,16.4239604926832));
#3308=CARTESIAN_POINT('Ctrl Pts',(-75.2993646222684,86.1260791145247,16.4191130092896));
#3309=CARTESIAN_POINT('Ctrl Pts',(-75.3187573995303,86.0408249509288,16.3420584653046));
#3310=CARTESIAN_POINT('Ctrl Pts',(-75.3410645786375,85.9526305169616,16.2682372573227));
#3311=CARTESIAN_POINT('Ctrl Pts',(-75.3663868602531,85.8619880533046,16.1981689872092));
#3312=CARTESIAN_POINT('Ctrl Pts',(-75.3788488883639,85.8173795560422,16.1636858089125));
#3313=CARTESIAN_POINT('Ctrl Pts',(-75.3920407594346,85.772178683556,16.1301111652224));
#3314=CARTESIAN_POINT('Ctrl Pts',(-75.4059719896192,85.7264468194689,16.0975041497022));
#3315=CARTESIAN_POINT('Ctrl Pts',(-75.4342563430868,85.6335981484307,16.0313026484512));
#3316=CARTESIAN_POINT('Ctrl Pts',(-75.4655902764513,85.5385595803484,15.9690924822035));
#3317=CARTESIAN_POINT('Ctrl Pts',(-75.4996745959408,85.4418584901943,15.9108919160461));
#3318=CARTESIAN_POINT('Ctrl Pts',(-75.5353167843679,85.3407375487176,15.8500312159761));
#3319=CARTESIAN_POINT('Ctrl Pts',(-75.5739662171081,85.2377993236402,15.7935552329772));
#3320=CARTESIAN_POINT('Ctrl Pts',(-75.6152506739659,85.1336625626072,15.7414375572624));
#3321=CARTESIAN_POINT('Ctrl Pts',(-75.6474541120168,85.0524319497326,15.7007837987057));
#3322=CARTESIAN_POINT('Ctrl Pts',(-75.681260154992,84.9704725263192,15.6627809040846));
#3323=CARTESIAN_POINT('Ctrl Pts',(-75.7164824436565,84.8880797574538,15.6273967930186));
#3324=CARTESIAN_POINT('Ctrl Pts',(-75.7611198590663,84.7836629126077,15.5825542991193));
#3325=CARTESIAN_POINT('Ctrl Pts',(-75.8080292589205,84.6785671844327,15.5419498471282));
#3326=CARTESIAN_POINT('Ctrl Pts',(-75.8569472527944,84.5731273536242,15.505412511806));
#3327=CARTESIAN_POINT('Ctrl Pts',(-75.9086387297855,84.4617094446595,15.4668036344061));
#3328=CARTESIAN_POINT('Ctrl Pts',(-75.9625732706595,84.34990666239,15.4327358673571));
#3329=CARTESIAN_POINT('Ctrl Pts',(-76.0184714850477,84.2380945147588,15.4030533282721));
#3330=CARTESIAN_POINT('Ctrl Pts',(-76.0757256698494,84.123570044995,15.3726507546522));
#3331=CARTESIAN_POINT('Ctrl Pts',(-76.1350404592663,84.0090348312503,15.3468486994446));
#3332=CARTESIAN_POINT('Ctrl Pts',(-76.1961415217346,83.8948848064941,15.325528442692));
#3333=CARTESIAN_POINT('Ctrl Pts',(-76.2578201876705,83.7796556932986,15.3040066402749));
#3334=CARTESIAN_POINT('Ctrl Pts',(-76.3213196725789,83.6648180614608,15.2870518346571));
#3335=CARTESIAN_POINT('Ctrl Pts',(-76.3863752196831,83.5507863988693,15.2745906939822));
#3336=CARTESIAN_POINT('Ctrl Pts',(-76.4191237451604,83.4933836257958,15.2683178394596));
#3337=CARTESIAN_POINT('Ctrl Pts',(-76.4522667999775,83.4361852987675,15.2631844606962));
#3338=CARTESIAN_POINT('Ctrl Pts',(-76.4857714974027,83.3792462460698,15.2591857413002));
#3339=CARTESIAN_POINT('Ctrl Pts',(-76.5100210638125,83.3380356861838,15.2562916034926));
#3340=CARTESIAN_POINT('Ctrl Pts',(-76.534460079743,83.2969609994282,15.2539919117485));
#3341=CARTESIAN_POINT('Ctrl Pts',(-76.5590799826981,83.2560164428886,15.2522801157217));
#3342=CARTESIAN_POINT('Ctrl Pts',(-76.6433166766084,83.1159251483452,15.2464232267566));
#3343=CARTESIAN_POINT('Ctrl Pts',(-76.7295161859051,82.9775452679323,15.2472448089882));
#3344=CARTESIAN_POINT('Ctrl Pts',(-76.8170912739668,82.8410218114338,15.2544849641184));
#3345=CARTESIAN_POINT('Ctrl Pts',(-76.9076900748005,82.6997845975389,15.261975100722));
#3346=CARTESIAN_POINT('Ctrl Pts',(-76.999760871991,82.5605342423258,15.2763346825822));
#3347=CARTESIAN_POINT('Ctrl Pts',(-77.0926176400152,82.4234420598034,15.2972343354751));
#3348=CARTESIAN_POINT('Ctrl Pts',(-77.1318617675949,82.365502684833,15.3060671719172));
#3349=CARTESIAN_POINT('Ctrl Pts',(-77.1712458744192,82.3079489219956,15.316067678311));
#3350=CARTESIAN_POINT('Ctrl Pts',(-77.2107165194875,82.250794256643,15.3272088517615));
#3351=CARTESIAN_POINT('Ctrl Pts',(-77.3042383714557,82.1153718397265,15.3536067779264));
#3352=CARTESIAN_POINT('Ctrl Pts',(-77.3982476750575,81.9821893928011,15.386411494212));
#3353=CARTESIAN_POINT('Ctrl Pts',(-77.492177605705,81.8516807303621,15.4257027562936));
#3354=CARTESIAN_POINT('Ctrl Pts',(-77.5268801870005,81.80346407102,15.4402189835195));
#3355=CARTESIAN_POINT('Ctrl Pts',(-77.5615717000777,81.7556124534417,15.4556201563244));
#3356=CARTESIAN_POINT('Ctrl Pts',(-77.596222781394,81.7081480383294,15.4719086661111));
#3357=CARTESIAN_POINT('Ctrl Pts',(-77.6971856517799,81.5698509518056,15.5193685040124));
#3358=CARTESIAN_POINT('Ctrl Pts',(-77.7977792037189,81.4348235223503,15.5741338737074));
#3359=CARTESIAN_POINT('Ctrl Pts',(-77.8975233605488,81.3032566458309,15.6362212785965));
#3360=CARTESIAN_POINT('Ctrl Pts',(-77.918165747835,81.2760284401348,15.649070474961));
#3361=CARTESIAN_POINT('Ctrl Pts',(-77.9387717754988,81.2489485056113,15.6622334393948));
#3362=CARTESIAN_POINT('Ctrl Pts',(-77.9593372098086,81.2220186283372,15.67571058051));
#3363=CARTESIAN_POINT('Ctrl Pts',(-78.0574000109849,81.0936080554768,15.7399740523968));
#3364=CARTESIAN_POINT('Ctrl Pts',(-78.1545400089318,80.9686078753512,15.8113772242506));
#3365=CARTESIAN_POINT('Ctrl Pts',(-78.2500150950486,80.8476671487334,15.8898668370254));
#3366=CARTESIAN_POINT('Ctrl Pts',(-78.3074899894612,80.7748622341189,15.9371166735032));
#3367=CARTESIAN_POINT('Ctrl Pts',(-78.3643615407655,80.7035287379708,15.9869354731128));
#3368=CARTESIAN_POINT('Ctrl Pts',(-78.4204663679246,80.63381249816,16.0393196371124));
#3369=CARTESIAN_POINT('Ctrl Pts',(-78.5370847196797,80.4889017411188,16.1482042941559));
#3370=CARTESIAN_POINT('Ctrl Pts',(-78.650543347617,80.3507809968418,16.2682693669327));
#3371=CARTESIAN_POINT('Ctrl Pts',(-78.7592165241421,80.2209768002117,16.3994550378214));
#3372=CARTESIAN_POINT('Ctrl Pts',(-78.8366009162967,80.1285453541408,16.4928702091242));
#3373=CARTESIAN_POINT('Ctrl Pts',(-78.9115582640662,80.0403314701962,16.5919245557907));
#3374=CARTESIAN_POINT('Ctrl Pts',(-78.9834918285439,79.9568963569594,16.69660492602));
#3375=CARTESIAN_POINT('Ctrl Pts',(-79.0476521615033,79.8824773470763,16.7899734036842));
#3376=CARTESIAN_POINT('Ctrl Pts',(-79.1093753547772,79.8118962898227,16.8877706624539));
#3377=CARTESIAN_POINT('Ctrl Pts',(-79.1681547624406,79.74565387664,16.9899131865679));
#3378=CARTESIAN_POINT('Ctrl Pts',(-79.2045598634546,79.7046265536507,17.0531752889947));
#3379=CARTESIAN_POINT('Ctrl Pts',(-79.239835786225,79.6652632804947,17.1181033743203));
#3380=CARTESIAN_POINT('Ctrl Pts',(-79.2738637558886,79.6276796577706,17.1846680946245));
#3381=CARTESIAN_POINT('Ctrl Pts',(-79.3078772032625,79.5901120748003,17.2512044067644));
#3382=CARTESIAN_POINT('Ctrl Pts',(-79.3406436864571,79.5543227313817,17.3193759464415));
#3383=CARTESIAN_POINT('Ctrl Pts',(-79.37202489321,79.5204946916876,17.3890483137779));
#3384=CARTESIAN_POINT('Ctrl Pts',(-79.4212703989376,79.4674094507143,17.4983828907345));
#3385=CARTESIAN_POINT('Ctrl Pts',(-79.4671515178306,79.4191134927379,17.6115918308245));
#3386=CARTESIAN_POINT('Ctrl Pts',(-79.5092289478225,79.3761804717044,17.7281468057756));
#3387=CARTESIAN_POINT('Ctrl Pts',(-79.5501019094819,79.3344764103357,17.8413653893083));
#3388=CARTESIAN_POINT('Ctrl Pts',(-79.5873861281539,79.2978323623047,17.9577402274269));
#3389=CARTESIAN_POINT('Ctrl Pts',(-79.6207059817368,79.2667414131996,18.0768124080532));
#3390=CARTESIAN_POINT('Ctrl Pts',(-79.6332650282722,79.2550224938571,18.1216935493775));
#3391=CARTESIAN_POINT('Ctrl Pts',(-79.6452611060278,79.2440921983077,18.1669582417417));
#3392=CARTESIAN_POINT('Ctrl Pts',(-79.6566749538108,79.2339758723684,18.2125832997044));
#3393=CARTESIAN_POINT('Ctrl Pts',(-79.6654088403576,79.2262348506985,18.2474956349236));
#3394=CARTESIAN_POINT('Ctrl Pts',(-79.6737951924176,79.2189782099354,18.2826073793953));
#3395=CARTESIAN_POINT('Ctrl Pts',(-79.6818257592001,79.212217495645,18.3179132838956));
#3396=CARTESIAN_POINT('Ctrl Pts',(-79.7060200121407,79.1918490165535,18.4242818637124));
#3397=CARTESIAN_POINT('Ctrl Pts',(-79.7269871024086,79.1759789199338,18.5324113304849));
#3398=CARTESIAN_POINT('Ctrl Pts',(-79.7447180457076,79.1647128791506,18.6417358472873));
#3399=CARTESIAN_POINT('Ctrl Pts',(-79.7624432276108,79.1534504990932,18.7510248407787));
#3400=CARTESIAN_POINT('Ctrl Pts',(-79.77693438102,79.1467890364367,18.8615091689829));
#3401=CARTESIAN_POINT('Ctrl Pts',(-79.7881530441691,79.1448755377551,18.9726335381018));
#3402=CARTESIAN_POINT('Ctrl Pts',(-79.7991216139046,79.1430046959758,19.0812806536976));
#3403=CARTESIAN_POINT('Ctrl Pts',(-79.8069618919536,79.1456724950011,19.1905405094001));
#3404=CARTESIAN_POINT('Ctrl Pts',(-79.8116103812941,79.1530568125948,19.2998890954551));
#3405=CARTESIAN_POINT('Ctrl Pts',(-79.8138622658399,79.1566340243409,19.352861227476));
#3406=CARTESIAN_POINT('Ctrl Pts',(-79.815364704431,79.1613187015762,19.4058540215331));
#3407=CARTESIAN_POINT('Ctrl Pts',(-79.816108150683,79.1671345985442,19.4588065225525));
#3408=CARTESIAN_POINT('Ctrl Pts',(-79.8167547592798,79.1721929453554,19.5048616910236));
#3409=CARTESIAN_POINT('Ctrl Pts',(-79.8168600858987,79.1780593229502,19.5508871433292));
#3410=CARTESIAN_POINT('Ctrl Pts',(-79.8164117274409,79.1847559003265,19.5968288381794));
#3411=CARTESIAN_POINT('Ctrl Pts',(-79.8154605656781,79.1989622306228,19.6942909975392));
#3412=CARTESIAN_POINT('Ctrl Pts',(-79.8120160807514,79.2169070735027,19.7913784349673));
#3413=CARTESIAN_POINT('Ctrl Pts',(-79.8061844484163,79.2384976870904,19.8877778278868));
#3414=CARTESIAN_POINT('Ctrl Pts',(-79.800319846035,79.2602103665915,19.984722229863));
#3415=CARTESIAN_POINT('Ctrl Pts',(-79.7920408610208,79.2856105045424,20.0809701981469));
#3416=CARTESIAN_POINT('Ctrl Pts',(-79.7814783518757,79.3145685850035,20.1761707008374));
#3417=CARTESIAN_POINT('Ctrl Pts',(-79.7707790378613,79.3439017284689,20.2726042336866));
#3418=CARTESIAN_POINT('Ctrl Pts',(-79.7577365481812,79.3768858381791,20.3679623316688));
#3419=CARTESIAN_POINT('Ctrl Pts',(-79.74251250877,79.4133455621905,20.4618564467127));
#3420=CARTESIAN_POINT('Ctrl Pts',(-79.7351724953471,79.4309240022096,20.5071259081306));
#3421=CARTESIAN_POINT('Ctrl Pts',(-79.7273257653586,79.4493097297432,20.5520547758686));
#3422=CARTESIAN_POINT('Ctrl Pts',(-79.718992599374,79.4684795671028,20.5965983018967));
#3423=CARTESIAN_POINT('Ctrl Pts',(-79.6953761923193,79.5228073799759,20.7228358020573));
#3424=CARTESIAN_POINT('Ctrl Pts',(-79.6679496202621,79.583305131454,20.8461138401544));
#3425=CARTESIAN_POINT('Ctrl Pts',(-79.6372141944342,79.6494506359515,20.965919068973));
#3426=CARTESIAN_POINT('Ctrl Pts',(-79.605539958719,79.7176165469328,21.0893837341046));
#3427=CARTESIAN_POINT('Ctrl Pts',(-79.5703512532535,79.7917808554787,21.2091609353051));
#3428=CARTESIAN_POINT('Ctrl Pts',(-79.5321671469991,79.8714181272726,21.3246774985811));
#3429=CARTESIAN_POINT('Ctrl Pts',(-79.4929813682426,79.9531445003476,21.4432243741078));
#3430=CARTESIAN_POINT('Ctrl Pts',(-79.4506405125972,80.0406351748697,21.5572850054062));
#3431=CARTESIAN_POINT('Ctrl Pts',(-79.405681507562,80.1333639324584,21.6662157853403));
#3432=CARTESIAN_POINT('Ctrl Pts',(-79.400170549016,80.1447303837109,21.6795682385836));
#3433=CARTESIAN_POINT('Ctrl Pts',(-79.3946202283249,80.1561755836667,21.6928435760242));
#3434=CARTESIAN_POINT('Ctrl Pts',(-79.3890315155859,80.1676985998545,21.7060405781751));
#3435=CARTESIAN_POINT('Ctrl Pts',(-79.3634725320195,80.2203970646229,21.7663947199699));
#3436=CARTESIAN_POINT('Ctrl Pts',(-79.337138597957,80.2746930518152,21.825205514188));
#3437=CARTESIAN_POINT('Ctrl Pts',(-79.310127064796,80.3304843552538,21.8823275160925));
#3438=CARTESIAN_POINT('Ctrl Pts',(-79.259618496623,80.434807898697,21.9891393179318));
#3439=CARTESIAN_POINT('Ctrl Pts',(-79.2067393725958,80.5443624367541,22.0900448992423));
#3440=CARTESIAN_POINT('Ctrl Pts',(-79.1518888594026,80.658429508445,22.1847920425522));
#3441=CARTESIAN_POINT('Ctrl Pts',(-79.0950675597633,80.7765950256336,22.2829434636888));
#3442=CARTESIAN_POINT('Ctrl Pts',(-79.0361310172103,80.8996027043982,22.3744851418629));
#3443=CARTESIAN_POINT('Ctrl Pts',(-78.9755466953705,81.026608828396,22.4591621826281));
#3444=CARTESIAN_POINT('Ctrl Pts',(-78.9218649890464,81.1391446337459,22.5341916274864));
#3445=CARTESIAN_POINT('Ctrl Pts',(-78.8668901736477,81.2548186499485,22.6038316493399));
#3446=CARTESIAN_POINT('Ctrl Pts',(-78.8109583249722,81.3730213394028,22.6679281208631));
#3447=CARTESIAN_POINT('Ctrl Pts',(-78.7398655707732,81.523264089214,22.7493986032972));
#3448=CARTESIAN_POINT('Ctrl Pts',(-78.667167319312,81.6776894090668,22.8218668652002));
#3449=CARTESIAN_POINT('Ctrl Pts',(-78.5934362297631,81.8352954935186,22.8851228111192));
#3450=CARTESIAN_POINT('Ctrl Pts',(-78.5196776621642,81.9929603144938,22.9484023312191));
#3451=CARTESIAN_POINT('Ctrl Pts',(-78.4448849697395,82.1538092999057,23.0024625825788));
#3452=CARTESIAN_POINT('Ctrl Pts',(-78.3696337685768,82.3168390628981,23.0470422672645));
#3453=CARTESIAN_POINT('Ctrl Pts',(-78.3529160722312,82.353057515639,23.0569460245501));
#3454=CARTESIAN_POINT('Ctrl Pts',(-78.3361757728094,82.3893835633921,23.0663816761091));
#3455=CARTESIAN_POINT('Ctrl Pts',(-78.3194192365352,82.4258061240211,23.075346016059));
#3456=CARTESIAN_POINT('',(-78.4415881926092,82.2566586736511,23.363791076889));
#3457=CARTESIAN_POINT('Ctrl Pts',(-78.3194087530246,82.425799135328,23.0753492939032));
#3458=CARTESIAN_POINT('Ctrl Pts',(-78.3315151710394,82.4130946895255,23.118311668948));
#3459=CARTESIAN_POINT('Ctrl Pts',(-78.3451668347284,82.3967171396944,23.1595543060788));
#3460=CARTESIAN_POINT('Ctrl Pts',(-78.3604543920575,82.3764476313413,23.1988995833262));
#3461=CARTESIAN_POINT('Ctrl Pts',(-78.3791834924576,82.3516150404422,23.2471022904014));
#3462=CARTESIAN_POINT('Ctrl Pts',(-78.3998215242007,82.3216612728768,23.2910359900934));
#3463=CARTESIAN_POINT('Ctrl Pts',(-78.4220857440004,82.2872606217206,23.3307455304069));
#3464=CARTESIAN_POINT('Ctrl Pts',(-78.4284556538534,82.2774184153141,23.342106637797));
#3465=CARTESIAN_POINT('Ctrl Pts',(-78.4349586772908,82.2672123778512,23.3531216789737));
#3466=CARTESIAN_POINT('Ctrl Pts',(-78.4415881926092,82.2566586736511,23.363791076889));
#3467=CARTESIAN_POINT('',(-83.0000006407499,75.0000011175869,30.7000000000001));
#3468=CARTESIAN_POINT('',(-83.,75.0000000000001,30.7000000000001));
#3469=CARTESIAN_POINT('',(-83.,75.0000000000001,13.6095916144796));
#3470=CARTESIAN_POINT('Origin',(-81.5,75.0000000000001,-6.42279389282651E-14));
#3471=CARTESIAN_POINT('Ctrl Pts',(-83.0000006190131,75.0000000000001,30.7000000001732));
#3472=CARTESIAN_POINT('Ctrl Pts',(-82.9608370619677,75.0000000000001,25.781178942991));
#3473=CARTESIAN_POINT('Ctrl Pts',(-82.908809631208,74.9999999999964,20.801374235737));
#3474=CARTESIAN_POINT('Ctrl Pts',(-82.8626277274775,74.9999999999964,14.9438115416348));
#3475=CARTESIAN_POINT('Ctrl Pts',(-82.8576327049384,75.0000000000001,14.2836940280601));
#3476=CARTESIAN_POINT('Ctrl Pts',(-82.8529055976342,75.0000000000001,13.6264957219504));
#3477=CARTESIAN_POINT('Ctrl Pts',(-83.0000006407499,75.0000011175869,-30.7000000000002));
#3478=CARTESIAN_POINT('Ctrl Pts',(-83.0000006407499,105.700001117587,44.3000011175867));
#3479=CARTESIAN_POINT('Ctrl Pts',(-83.00000064075,30.7000000000002,75.0000011175869));
#3480=CARTESIAN_POINT('Ctrl Pts',(-83.00000064075,-44.3000011175867,105.700001117587));
#3481=CARTESIAN_POINT('Ctrl Pts',(-83.0000006407499,-75.0000011175869,30.7000000000001));
#3482=CARTESIAN_POINT('Ctrl Pts',(-82.2570138745238,36.802305207274,-30.7000000000002));
#3483=CARTESIAN_POINT('Ctrl Pts',(-82.2570138745238,67.5023052072741,6.10230520727376));
#3484=CARTESIAN_POINT('Ctrl Pts',(-82.2570138745239,30.7000000000002,36.8023052072739));
#3485=CARTESIAN_POINT('Ctrl Pts',(-82.2570138745239,-6.10230520727379,67.5023052072741));
#3486=CARTESIAN_POINT('Ctrl Pts',(-82.2570138745238,-36.8023052072739,30.7000000000001));
#3487=CARTESIAN_POINT('Ctrl Pts',(-72.,3.5527136788005E-14,-30.7000000000002));
#3488=CARTESIAN_POINT('Ctrl Pts',(-72.,30.7000000000002,-30.7000000000002));
#3489=CARTESIAN_POINT('Ctrl Pts',(-72.,30.7000000000002,-3.94734299216334E-14));
#3490=CARTESIAN_POINT('Ctrl Pts',(-72.,30.7000000000002,30.7000000000001));
#3491=CARTESIAN_POINT('Ctrl Pts',(-72.,1.77635582031374E-14,30.7000000000001));
#3492=CARTESIAN_POINT('',(-82.8434054993951,70.3178136708933,28.8195472830779));
#3493=CARTESIAN_POINT('Ctrl Pts',(-83.0000006403451,75.0000009234537,30.7000004234168));
#3494=CARTESIAN_POINT('Ctrl Pts',(-82.9645775251574,73.4666502349259,29.9969371342791));
#3495=CARTESIAN_POINT('Ctrl Pts',(-82.9124575293304,71.9041120709099,29.3697976542218));
#3496=CARTESIAN_POINT('Ctrl Pts',(-82.8434054993951,70.3178136708933,28.8195472830779));
#3497=CARTESIAN_POINT('',(-82.6135256086388,65.9424350673583,27.5117804186402));
#3498=CARTESIAN_POINT('Ctrl Pts',(-82.8433441784895,70.319915050729,28.8196622270965));
#3499=CARTESIAN_POINT('Ctrl Pts',(-82.8501574723097,70.5275307380317,28.7503329280397));
#3500=CARTESIAN_POINT('Ctrl Pts',(-82.8816884149943,71.555837749207,28.3102207304929));
#3501=CARTESIAN_POINT('Ctrl Pts',(-82.9004971037407,72.5675281892871,27.2115061207765));
#3502=CARTESIAN_POINT('Ctrl Pts',(-82.8967185328349,73.2914978551753,24.9039457093194));
#3503=CARTESIAN_POINT('Ctrl Pts',(-82.8456743578531,72.5811905791873,22.2520279032115));
#3504=CARTESIAN_POINT('Ctrl Pts',(-82.7262069046083,70.3221867536088,21.0587751937785));
#3505=CARTESIAN_POINT('Ctrl Pts',(-82.5953841544817,67.9364444129851,20.9699986679072));
#3506=CARTESIAN_POINT('Ctrl Pts',(-82.4927545216389,66.0115974175517,22.0009872423847));
#3507=CARTESIAN_POINT('Ctrl Pts',(-82.4813834886908,65.0339199324443,24.2694071073673));
#3508=CARTESIAN_POINT('Ctrl Pts',(-82.5295031500235,65.092054267451,26.0469187872884));
#3509=CARTESIAN_POINT('Ctrl Pts',(-82.5852199460265,65.6099662094664,27.0868429798192));
#3510=CARTESIAN_POINT('Ctrl Pts',(-82.6135188021747,65.9425368172205,27.5117325080841));
#3511=CARTESIAN_POINT('',(-81.181272080745,50.0318116036993,26.0055495011609));
#3512=CARTESIAN_POINT('Ctrl Pts',(-82.6135256086387,65.9424350673583,27.5117804186402));
#3513=CARTESIAN_POINT('Ctrl Pts',(-82.4346260355452,63.0270335670317,26.7766948568457));
#3514=CARTESIAN_POINT('Ctrl Pts',(-82.2009696965562,60.0509014075973,26.2922064064331));
#3515=CARTESIAN_POINT('Ctrl Pts',(-81.6979369631572,54.7053899954221,25.8889696658779));
#3516=CARTESIAN_POINT('Ctrl Pts',(-81.4493667594244,52.3626389491122,25.8697030676603));
#3517=CARTESIAN_POINT('Ctrl Pts',(-81.181272080745,50.0318116036993,26.0055495011609));
#3518=CARTESIAN_POINT('',(-72.,2.66453525910038E-14,30.7000000000001));
#3519=CARTESIAN_POINT('Ctrl Pts',(-72.,3.75965548251725E-15,30.7000000000001));
#3520=CARTESIAN_POINT('Ctrl Pts',(-72.0007138052078,0.00492591803813041,
30.7000000000001));
#3521=CARTESIAN_POINT('Ctrl Pts',(-72.0014274788535,0.00985206338421639,
30.6999990058573));
#3522=CARTESIAN_POINT('Ctrl Pts',(-72.2653443439629,1.83127445372125,30.6994277748112));
#3523=CARTESIAN_POINT('Ctrl Pts',(-72.7699143375544,5.47477934093696,30.4530760385275));
#3524=CARTESIAN_POINT('Ctrl Pts',(-73.4623696518606,9.80828758449956,29.6364495078665));
#3525=CARTESIAN_POINT('Ctrl Pts',(-74.107455890757,13.1082146346261,28.895123617935));
#3526=CARTESIAN_POINT('Ctrl Pts',(-74.6380176851717,15.5283338952041,28.3602387478313));
#3527=CARTESIAN_POINT('Ctrl Pts',(-75.2050372208003,17.9218759018205,27.8913471938401));
#3528=CARTESIAN_POINT('Ctrl Pts',(-75.7882304078602,20.3142477253121,27.5069456714368));
#3529=CARTESIAN_POINT('Ctrl Pts',(-76.3692815071339,22.7201467120701,27.2012753765489));
#3530=CARTESIAN_POINT('Ctrl Pts',(-76.9350798051609,25.1431109018253,26.9601517373314));
#3531=CARTESIAN_POINT('Ctrl Pts',(-77.4787703390972,27.5838737671633,26.7683487081422));
#3532=CARTESIAN_POINT('Ctrl Pts',(-78.1697279233524,30.8593705307873,26.56256069563));
#3533=CARTESIAN_POINT('Ctrl Pts',(-78.9660056954553,34.9874142846669,26.3746757754033));
#3534=CARTESIAN_POINT('Ctrl Pts',(-79.8133260886862,39.9793357332143,26.2141506067206));
#3535=CARTESIAN_POINT('Ctrl Pts',(-80.5555548266627,44.9930688242815,26.0947350097039));
#3536=CARTESIAN_POINT('Ctrl Pts',(-80.983519027058,48.3502589238822,26.0331813149019));
#3537=CARTESIAN_POINT('Ctrl Pts',(-81.181272080745,50.0318116036993,26.0055495011609));
#3538=CARTESIAN_POINT('',(-72.,2.66453525910038E-14,-30.7000000000002));
#3539=CARTESIAN_POINT('Origin',(-72.,2.66453474955712E-14,-4.83552192140672E-14));
#3540=CARTESIAN_POINT('',(-79.5088084058535,38.2191740443225,-26.2731308966833));
#3541=CARTESIAN_POINT('Ctrl Pts',(-79.5088084058536,38.2191740443225,-26.2731308966833));
#3542=CARTESIAN_POINT('Ctrl Pts',(-79.0848493472122,35.6745718323065,-26.3526144618904));
#3543=CARTESIAN_POINT('Ctrl Pts',(-78.1545386150298,30.612755365497,-26.5532582452371));
#3544=CARTESIAN_POINT('Ctrl Pts',(-76.5006775701087,23.1230282705881,-27.0643698215121));
#3545=CARTESIAN_POINT('Ctrl Pts',(-74.9681482625021,17.0513366163806,-27.9911035147347));
#3546=CARTESIAN_POINT('Ctrl Pts',(-73.8912000502886,12.1177234106024,-29.1263523354045));
#3547=CARTESIAN_POINT('Ctrl Pts',(-73.2034798574918,8.2532800430977,-29.956334618272));
#3548=CARTESIAN_POINT('Ctrl Pts',(-72.5949108166258,4.20035103000574,-30.5566227933184));
#3549=CARTESIAN_POINT('Ctrl Pts',(-72.2054462930545,1.41828180717385,-30.6989737305207));
#3550=CARTESIAN_POINT('Ctrl Pts',(-72.0028451240433,0.0196371233226002,
-30.6999967755715));
#3551=CARTESIAN_POINT('Ctrl Pts',(-72.0014227641958,0.00981839236449372,
-30.7000000000002));
#3552=CARTESIAN_POINT('Ctrl Pts',(-72.,1.77974133008123E-14,-30.7000000000002));
#3553=CARTESIAN_POINT('',(-83.0000006407499,75.0000011175869,-30.7000000000002));
#3554=CARTESIAN_POINT('Ctrl Pts',(-79.5088084058535,38.2191740443225,-26.2731308966833));
#3555=CARTESIAN_POINT('Ctrl Pts',(-79.9436594369673,42.0029155842592,-24.4841439451943));
#3556=CARTESIAN_POINT('Ctrl Pts',(-80.5191425673827,46.0804617407304,-23.3906661853367));
#3557=CARTESIAN_POINT('Ctrl Pts',(-81.5889292025533,54.8054229544187,-22.6795214737728));
#3558=CARTESIAN_POINT('Ctrl Pts',(-82.0669969821674,59.383857842199,-23.2036026090094));
#3559=CARTESIAN_POINT('Ctrl Pts',(-82.7211874980251,67.8357178839754,-25.9220089274038));
#3560=CARTESIAN_POINT('Ctrl Pts',(-82.9132858075785,71.6526820116087,-27.9863761080946));
#3561=CARTESIAN_POINT('Ctrl Pts',(-83.0000006190116,74.9999999999999,-30.7000000000001));
#3562=CARTESIAN_POINT('',(-82.8557153196568,75.0000000000516,-14.0132077107652));
#3563=CARTESIAN_POINT('Ctrl Pts',(-82.8557153196568,75.0000000000001,-14.0132077109642));
#3564=CARTESIAN_POINT('Ctrl Pts',(-82.8979760785121,75.0000000000001,-19.7725777852008));
#3565=CARTESIAN_POINT('Ctrl Pts',(-82.956843623028,75.0000000000001,-25.2796154224904));
#3566=CARTESIAN_POINT('Ctrl Pts',(-83.000000619013,75.0000000000001,-30.7000000001733));
#3567=CARTESIAN_POINT('',(-82.8175421551675,74.2510345847528,-13.0262141141566));
#3568=CARTESIAN_POINT('Ctrl Pts',(-82.8175421562301,74.2510345970602,-13.026214114383));
#3569=CARTESIAN_POINT('Ctrl Pts',(-82.81785066853,74.2501651485744,-13.072041490404));
#3570=CARTESIAN_POINT('Ctrl Pts',(-82.8182964919755,74.2524472005058,-13.1178916276166));
#3571=CARTESIAN_POINT('Ctrl Pts',(-82.820534034652,74.2734117158999,-13.2939276413482));
#3572=CARTESIAN_POINT('Ctrl Pts',(-82.8232636314449,74.3145188309965,-13.4200617380358));
#3573=CARTESIAN_POINT('Ctrl Pts',(-82.8303941522789,74.4423929377389,-13.6478948831345));
#3574=CARTESIAN_POINT('Ctrl Pts',(-82.8347049171389,74.5274220762747,-13.7476838773729));
#3575=CARTESIAN_POINT('Ctrl Pts',(-82.8443369610232,74.7328231970406,-13.9107296653307));
#3576=CARTESIAN_POINT('Ctrl Pts',(-82.8495789134997,74.8518321908183,-13.9716303512849));
#3577=CARTESIAN_POINT('Ctrl Pts',(-82.8551436705108,74.9861379554202,-14.0095358659619));
#3578=CARTESIAN_POINT('Ctrl Pts',(-82.8554296087247,74.9930608522328,-14.0114094945082));
#3579=CARTESIAN_POINT('Ctrl Pts',(-82.8557153196579,75.0000000001031,-14.0132077105662));
#3580=CARTESIAN_POINT('',(-82.4779697001176,68.1215379793789,-13.0262141139231));
#3581=CARTESIAN_POINT('Ctrl Pts',(-82.817542155696,74.25103458473,-13.0262141139231));
#3582=CARTESIAN_POINT('Ctrl Pts',(-82.7296878010642,72.2091736849522,-13.0262141139231));
#3583=CARTESIAN_POINT('Ctrl Pts',(-82.6168569540684,70.1634529022374,-13.0262141139231));
#3584=CARTESIAN_POINT('Ctrl Pts',(-82.4779697001989,68.1215379793734,-13.0262141139231));
#3585=CARTESIAN_POINT('',(-81.707209721373,59.700192007962,-11.0262141139227));
#3586=CARTESIAN_POINT('Ctrl Pts',(-82.4779697001985,68.1215379793668,-13.0262141139231));
#3587=CARTESIAN_POINT('Ctrl Pts',(-82.3652701267574,66.4646333002169,-13.0262141139633));
#3588=CARTESIAN_POINT('Ctrl Pts',(-82.2283210279517,64.7769500981471,-12.8399915848469));
#3589=CARTESIAN_POINT('Ctrl Pts',(-82.0063298447239,62.3738130827034,-12.3980457449813));
#3590=CARTESIAN_POINT('Ctrl Pts',(-81.9123253957341,61.4557326079523,-12.1651939082319));
#3591=CARTESIAN_POINT('Ctrl Pts',(-81.8143226141225,60.5611620184585,-11.82201252215));
#3592=CARTESIAN_POINT('Ctrl Pts',(-81.784696768657,60.2984088916105,-11.7067390887028));
#3593=CARTESIAN_POINT('Ctrl Pts',(-81.7598975322964,60.0896834735483,-11.5721970631229));
#3594=CARTESIAN_POINT('Ctrl Pts',(-81.7498051371537,60.0047397533151,-11.5174433091883));
#3595=CARTESIAN_POINT('Ctrl Pts',(-81.7392049437396,59.9176615630528,-11.4523950043959));
#3596=CARTESIAN_POINT('Ctrl Pts',(-81.7252374295066,59.8088509273411,-11.338858347465));
#3597=CARTESIAN_POINT('Ctrl Pts',(-81.7204805729541,59.773146633397,-11.2937809561825));
#3598=CARTESIAN_POINT('Ctrl Pts',(-81.7142213622229,59.7299700990074,-11.2146234216079));
#3599=CARTESIAN_POINT('Ctrl Pts',(-81.7121638497887,59.7168527106546,-11.1829761171374));
#3600=CARTESIAN_POINT('Ctrl Pts',(-81.7091785891683,59.7009080040452,-11.1204550959937));
#3601=CARTESIAN_POINT('Ctrl Pts',(-81.7081823621762,59.6972534689263,-11.0906229192787));
#3602=CARTESIAN_POINT('Ctrl Pts',(-81.7074273913161,59.6980104302886,-11.0488928552288));
#3603=CARTESIAN_POINT('Ctrl Pts',(-81.7072866053083,59.6988131116491,-11.0375245028059));
#3604=CARTESIAN_POINT('Ctrl Pts',(-81.707209721373,59.7001920079617,-11.0262141139227));
#3605=CARTESIAN_POINT('',(-81.7070102103313,59.703767595489,10.9968389948047));
#3606=CARTESIAN_POINT('Ctrl Pts',(-81.707209721373,59.7001920079618,-11.0262141139227));
#3607=CARTESIAN_POINT('Ctrl Pts',(-81.6595211015304,60.5554768188562,-4.01074548954112));
#3608=CARTESIAN_POINT('Ctrl Pts',(-81.6593929794143,60.5565324894417,3.979886013097));
#3609=CARTESIAN_POINT('Ctrl Pts',(-81.7070102103314,59.7037675954889,10.9968389948047));
#3610=CARTESIAN_POINT('',(-82.477671796593,68.1227697187572,12.9968389948049));
#3611=CARTESIAN_POINT('Ctrl Pts',(-81.7070102103313,59.7037675954889,10.9968389948047));
#3612=CARTESIAN_POINT('Ctrl Pts',(-81.7070735180815,59.7026338330718,11.0061681283442));
#3613=CARTESIAN_POINT('Ctrl Pts',(-81.7071805206804,59.7018874215427,11.0155728279845));
#3614=CARTESIAN_POINT('Ctrl Pts',(-81.7076084006495,59.7009390045026,11.0421080958096));
#3615=CARTESIAN_POINT('Ctrl Pts',(-81.708028542135,59.7016554506241,11.0592039070732));
#3616=CARTESIAN_POINT('Ctrl Pts',(-81.7095969591239,59.7073642922117,11.1065665756535));
#3617=CARTESIAN_POINT('Ctrl Pts',(-81.7110276164387,59.7151021156669,11.1360445606706));
#3618=CARTESIAN_POINT('Ctrl Pts',(-81.7166217779186,59.7501412561869,11.225752981543));
#3619=CARTESIAN_POINT('Ctrl Pts',(-81.7219521373599,59.7891076417949,11.2815088591787));
#3620=CARTESIAN_POINT('Ctrl Pts',(-81.7362689645987,59.8993829341173,11.4041309163033));
#3621=CARTESIAN_POINT('Ctrl Pts',(-81.7465749284175,59.9834712199617,11.4698258380523));
#3622=CARTESIAN_POINT('Ctrl Pts',(-81.7730843637618,60.2054219627078,11.6181336590483));
#3623=CARTESIAN_POINT('Ctrl Pts',(-81.7918859503079,60.3690583960016,11.7006808930382));
#3624=CARTESIAN_POINT('Ctrl Pts',(-81.8392430994617,60.7908305085988,11.8880131782525));
#3625=CARTESIAN_POINT('Ctrl Pts',(-81.8719029262224,61.0930770680184,11.9927334058279));
#3626=CARTESIAN_POINT('Ctrl Pts',(-82.0483169374896,62.774988377313,12.5080310683955));
#3627=CARTESIAN_POINT('Ctrl Pts',(-82.252852426677,64.9901223732231,12.8935354830745));
#3628=CARTESIAN_POINT('Ctrl Pts',(-82.4366937310811,67.5296344119269,12.9909835335543));
#3629=CARTESIAN_POINT('Ctrl Pts',(-82.457709180068,67.8293837461789,12.9968389948121));
#3630=CARTESIAN_POINT('Ctrl Pts',(-82.477671796674,68.1227697187521,12.9968389948049));
#3631=CARTESIAN_POINT('Ctrl Pts',(-82.4776717966739,68.1227697187517,12.9968389948049));
#3632=CARTESIAN_POINT('Ctrl Pts',(-82.6192532130243,70.2035591440037,12.9968389948049));
#3633=CARTESIAN_POINT('Ctrl Pts',(-82.7337694900192,72.2883038940149,12.9968389948049));
#3634=CARTESIAN_POINT('Ctrl Pts',(-82.8223663081262,74.3688795751071,12.9968389948049));
#3635=CARTESIAN_POINT('Origin',(-77.5000003203749,73.7687931584999,12.9968389948049));
#3636=CARTESIAN_POINT('Origin',(-37.4532786223506,57.2326994606394,12.9968389948049));
#3637=CARTESIAN_POINT('Origin',(-3.99999999999999,75.2502542415018,-14.0451827716617));
#3638=CARTESIAN_POINT('',(-88.,80.2502533402083,-14.0481849265238));
#3639=CARTESIAN_POINT('',(-88.,80.0000000000001,-14.0480346666403));
#3640=CARTESIAN_POINT('',(-88.,83.5191236159885,-14.0501476578359));
#3641=CARTESIAN_POINT('',(-91.4379771993897,75.2502542415016,-14.0451827716617));
#3642=CARTESIAN_POINT('Origin',(-93.,80.0000000000001,-14.0480346666403));
#3643=CARTESIAN_POINT('',(-82.7656784568581,75.2502542415017,-14.0451827716617));
#3644=CARTESIAN_POINT('',(-3.99999999999999,75.2502542415018,-14.0451827716617));
#3645=CARTESIAN_POINT('',(-78.4626276144424,80.2502533402083,-14.0481849265238));
#3646=CARTESIAN_POINT('Ctrl Pts',(-82.7656784568581,75.2502542415017,-14.0451827716617));
#3647=CARTESIAN_POINT('Ctrl Pts',(-81.2952777573719,76.8256052157313,-14.0461286613496));
#3648=CARTESIAN_POINT('Ctrl Pts',(-79.8023349736787,78.5200553858576,-14.0471460618963));
#3649=CARTESIAN_POINT('Ctrl Pts',(-78.4626276144424,80.2502533402083,-14.0481849265238));
#3650=CARTESIAN_POINT('',(-3.99999999999999,80.2502533402085,-14.0481849265237));
#3651=CARTESIAN_POINT('Origin',(-3.99999999999999,80.2508537711773,-13.048185106782));
#3652=CARTESIAN_POINT('',(-88.,80.2514542021459,-12.0481852870405));
#3653=CARTESIAN_POINT('Origin',(-88.,80.2508537711771,-13.0481851067821));
#3654=CARTESIAN_POINT('',(-77.552752376013,81.2506124050748,-13.0262141144785));
#3655=CARTESIAN_POINT('Ctrl Pts',(-78.4626276144466,80.2508047228135,-14.0476865781737));
#3656=CARTESIAN_POINT('Ctrl Pts',(-78.4122854607929,80.3158431685826,-14.0477043222409));
#3657=CARTESIAN_POINT('Ctrl Pts',(-78.3616923217646,80.3805185120647,-14.0413787382888));
#3658=CARTESIAN_POINT('Ctrl Pts',(-78.3115061204605,80.4438676248968,-14.0289436240932));
#3659=CARTESIAN_POINT('Ctrl Pts',(-78.2797895277775,80.483902892686,-14.0210849011442));
#3660=CARTESIAN_POINT('Ctrl Pts',(-78.2481405701408,80.5235280380797,-14.0107644546806));
#3661=CARTESIAN_POINT('Ctrl Pts',(-78.2167100325445,80.5625101703242,-13.9980013573127));
#3662=CARTESIAN_POINT('Ctrl Pts',(-78.1284061015071,80.6720302670415,-13.9621435019912));
#3663=CARTESIAN_POINT('Ctrl Pts',(-78.0420696334375,80.7761705945575,-13.9070981891085));
#3664=CARTESIAN_POINT('Ctrl Pts',(-77.9613448195235,80.8694064900723,-13.8338392365157));
#3665=CARTESIAN_POINT('Ctrl Pts',(-77.9166849902663,80.9209878932673,-13.7933097864529));
#3666=CARTESIAN_POINT('Ctrl Pts',(-77.873741445447,80.969229924781,-13.7471922073495));
#3667=CARTESIAN_POINT('Ctrl Pts',(-77.8333396835119,81.0129753837667,-13.695820579126));
#3668=CARTESIAN_POINT('Ctrl Pts',(-77.8210772508367,81.0262526697059,-13.6802286568351));
#3669=CARTESIAN_POINT('Ctrl Pts',(-77.8090489665172,81.0391159305339,-13.6641524656666));
#3670=CARTESIAN_POINT('Ctrl Pts',(-77.7972779110555,81.0515334236101,-13.6476004888682));
#3671=CARTESIAN_POINT('Ctrl Pts',(-77.7658608542765,81.0846758284096,-13.603423108465));
#3672=CARTESIAN_POINT('Ctrl Pts',(-77.7363066815095,81.1146070501046,-13.5558936494924));
#3673=CARTESIAN_POINT('Ctrl Pts',(-77.7091699756651,81.1406280990651,-13.5053674363772));
#3674=CARTESIAN_POINT('Ctrl Pts',(-77.6967612770128,81.1525266455217,-13.482263506365));
#3675=CARTESIAN_POINT('Ctrl Pts',(-77.6848580522908,81.1636079537995,-13.4585324269909));
#3676=CARTESIAN_POINT('Ctrl Pts',(-77.6735133256615,81.1738071826432,-13.4342049819605));
#3677=CARTESIAN_POINT('Ctrl Pts',(-77.6512696095332,81.1938049100931,-13.3865059232645));
#3678=CARTESIAN_POINT('Ctrl Pts',(-77.6312708698913,81.2103201681915,-13.336717791678));
#3679=CARTESIAN_POINT('Ctrl Pts',(-77.6139401002834,81.2229019909567,-13.285289312316));
#3680=CARTESIAN_POINT('Ctrl Pts',(-77.5998779444334,81.2331108597262,-13.243560334995));
#3681=CARTESIAN_POINT('Ctrl Pts',(-77.587572292261,81.2407304871389,-13.2007507329551));
#3682=CARTESIAN_POINT('Ctrl Pts',(-77.5772491060301,81.2455324048185,-13.1570781339245));
#3683=CARTESIAN_POINT('Ctrl Pts',(-77.5669524882283,81.2503219639678,-13.113517933559));
#3684=CARTESIAN_POINT('Ctrl Pts',(-77.5587491161103,81.2522493863326,-13.0695960169279));
#3685=CARTESIAN_POINT('Ctrl Pts',(-77.5527523880714,81.2512688709104,-13.0256227646255));
#3686=CARTESIAN_POINT('',(-77.0629929603291,81.250612379779,-13.0262141139231));
#3687=CARTESIAN_POINT('',(-3.99999999999999,81.2506123797791,-13.0262141139231));
#3688=CARTESIAN_POINT('',(-75.6580982026695,80.2514542021459,-12.0481852870405));
#3689=CARTESIAN_POINT('Ctrl Pts',(-77.0629929603291,81.250612379779,-13.0262141139231));
#3690=CARTESIAN_POINT('Ctrl Pts',(-76.9647235486323,81.250612379779,-13.0262141139231));
#3691=CARTESIAN_POINT('Ctrl Pts',(-76.8663772638679,81.2505388336708,-13.0209272121409));
#3692=CARTESIAN_POINT('Ctrl Pts',(-76.5100396735274,81.2490715926592,-12.9822319332973));
#3693=CARTESIAN_POINT('Ctrl Pts',(-76.2741884917791,81.2461132673774,-12.9189301854095));
#3694=CARTESIAN_POINT('Ctrl Pts',(-75.945225260595,81.2158816608099,-12.7798776424942));
#3695=CARTESIAN_POINT('Ctrl Pts',(-75.8306542606389,81.196796291615,-12.7151134816559));
#3696=CARTESIAN_POINT('Ctrl Pts',(-75.6709854973078,81.1449041226114,-12.5970764589331));
#3697=CARTESIAN_POINT('Ctrl Pts',(-75.6111845277123,81.1166296105316,-12.542947583042));
#3698=CARTESIAN_POINT('Ctrl Pts',(-75.5240093978446,81.0453675419587,-12.4382580570663));
#3699=CARTESIAN_POINT('Ctrl Pts',(-75.4938065646698,81.006702998432,-12.3900708194971));
#3700=CARTESIAN_POINT('Ctrl Pts',(-75.4541561648631,80.9105410948897,-12.2934060966848));
#3701=CARTESIAN_POINT('Ctrl Pts',(-75.4469970373405,80.8550186771343,-12.24802213117));
#3702=CARTESIAN_POINT('Ctrl Pts',(-75.4554655311644,80.7187020167703,-12.1598340492936));
#3703=CARTESIAN_POINT('Ctrl Pts',(-75.4764740732436,80.6384485898818,-12.1224521960448));
#3704=CARTESIAN_POINT('Ctrl Pts',(-75.5425761223771,80.4614687099769,-12.0654095513078));
#3705=CARTESIAN_POINT('Ctrl Pts',(-75.5940487759656,80.3578322570542,-12.0482491597305));
#3706=CARTESIAN_POINT('Ctrl Pts',(-75.6580982026695,80.251454202146,-12.0481852870405));
#3707=CARTESIAN_POINT('',(-3.99999999999999,80.2514542021461,-12.0481852870404));
#3708=CARTESIAN_POINT('Origin',(-3.99999999999999,75.2508546724707,-13.0451829519248));
#3709=CARTESIAN_POINT('',(-78.2532402770257,75.2514551034393,-12.0451831321887));
#3710=CARTESIAN_POINT('',(-3.99999999999999,75.2514551034395,-12.0451831321886));
#3711=CARTESIAN_POINT('',(-80.5365222341285,74.2510345970689,-13.0262141139231));
#3712=CARTESIAN_POINT('Ctrl Pts',(-78.2532402770254,75.2514551034392,-12.045183132188));
#3713=CARTESIAN_POINT('Ctrl Pts',(-78.281777992514,75.1867800928875,-12.0451442993017));
#3714=CARTESIAN_POINT('Ctrl Pts',(-78.3135452574048,75.1234918190593,-12.0513942699313));
#3715=CARTESIAN_POINT('Ctrl Pts',(-78.3926458623689,74.9829268364572,-12.078330125492));
#3716=CARTESIAN_POINT('Ctrl Pts',(-78.4416423731593,74.9075731243853,-12.1028453209052));
#3717=CARTESIAN_POINT('Ctrl Pts',(-78.5959788337314,74.7037785249608,-12.1952348391753));
#3718=CARTESIAN_POINT('Ctrl Pts',(-78.7123561921453,74.5890174709665,-12.2832773430891));
#3719=CARTESIAN_POINT('Ctrl Pts',(-79.0307784171765,74.3850506751195,-12.5157014523739));
#3720=CARTESIAN_POINT('Ctrl Pts',(-79.2321120263924,74.3214395284623,-12.6562340556269));
#3721=CARTESIAN_POINT('Ctrl Pts',(-79.7287160225746,74.2535451486035,-12.8977008291002));
#3722=CARTESIAN_POINT('Ctrl Pts',(-80.0154207999961,74.2520139504358,-12.9895375249931));
#3723=CARTESIAN_POINT('Ctrl Pts',(-80.4037151993369,74.251073584321,-13.0234213315068));
#3724=CARTESIAN_POINT('Ctrl Pts',(-80.4709122344918,74.251034597069,-13.0262141139231));
#3725=CARTESIAN_POINT('Ctrl Pts',(-80.5365222341285,74.251034597069,-13.0262141139231));
#3726=CARTESIAN_POINT('',(-3.99999999999999,74.2510345970692,-13.0262141139231));
#3727=CARTESIAN_POINT('',(-83.,75.0000000000001,-14.0132077105394));
#3728=CARTESIAN_POINT('',(-3.99999999999999,75.0000000000001,-14.0132077105393));
#3729=CARTESIAN_POINT('Ctrl Pts',(-83.,75.0000000000001,-14.0132077105394));
#3730=CARTESIAN_POINT('Ctrl Pts',(-82.9414733938241,75.0622713036138,-14.0293447435371));
#3731=CARTESIAN_POINT('Ctrl Pts',(-82.8821108068308,75.1256372407274,-14.0393602942783));
#3732=CARTESIAN_POINT('Ctrl Pts',(-82.8226846582057,75.1892180056928,-14.0432850453142));
#3733=CARTESIAN_POINT('Ctrl Pts',(-82.8036806709189,75.2095506046755,-14.0445401480007));
#3734=CARTESIAN_POINT('Ctrl Pts',(-82.7846701833931,75.2299049969935,-14.0451727367221));
#3735=CARTESIAN_POINT('Ctrl Pts',(-82.7656784568581,75.2502519422973,-14.0451847959575));
#3736=CARTESIAN_POINT('Ctrl Pts',(-91.4379771993897,75.2502542415016,-14.0451827716617));
#3737=CARTESIAN_POINT('Ctrl Pts',(-91.4597370021806,75.243098214669,-14.0451784749608));
#3738=CARTESIAN_POINT('Ctrl Pts',(-91.481567272056,75.2360847345566,-14.0450974569913));
#3739=CARTESIAN_POINT('Ctrl Pts',(-91.9910596255508,75.076263178815,-14.0416387059268));
#3740=CARTESIAN_POINT('Ctrl Pts',(-92.5124585206893,75.0000000000001,-14.0132077105395));
#3741=CARTESIAN_POINT('Ctrl Pts',(-93.,75.0000000000001,-14.0132077105395));
#3742=CARTESIAN_POINT('Origin',(-3.99999999999999,80.2514542021461,-12.0481852870404));
#3743=CARTESIAN_POINT('',(-88.,86.0203240272972,-12.0516490957718));
#3744=CARTESIAN_POINT('Ctrl Pts',(-75.6580982026695,80.251454202146,-12.0481852870405));
#3745=CARTESIAN_POINT('Ctrl Pts',(-76.6508038693242,78.6026947463671,-12.0471953206221));
#3746=CARTESIAN_POINT('Ctrl Pts',(-77.5223296077261,76.9079175931689,-12.046177723748));
#3747=CARTESIAN_POINT('Ctrl Pts',(-78.2532402770258,75.2514551034393,-12.0451831321887));
#3748=CARTESIAN_POINT('Origin',(-88.,91.7974614395799,1.71430614528009));
#3749=CARTESIAN_POINT('',(-88.,89.6817624868334,-18.2902699439313));
#3750=CARTESIAN_POINT('Origin',(-88.,100.,4.49569449355167E-14));
#3751=CARTESIAN_POINT('',(-88.,80.0000000000001,-20.5078585930037));
#3752=CARTESIAN_POINT('Origin',(-88.,75.0000100415157,23.5651607153576));
#3753=CARTESIAN_POINT('',(-88.,80.0000000000001,12.9667446871196));
#3754=CARTESIAN_POINT('Origin',(-93.,80.0000000000001,12.9667446871196));
#3755=CARTESIAN_POINT('Ctrl Pts',(-92.9999989827406,75.0000000000002,-25.7905699211394));
#3756=CARTESIAN_POINT('Ctrl Pts',(-92.4018824958445,75.0000001216881,-25.1924534342433));
#3757=CARTESIAN_POINT('Ctrl Pts',(-91.7521916524829,75.1125467880166,-24.5432986932884));
#3758=CARTESIAN_POINT('Ctrl Pts',(-90.5155140895694,75.6100624380592,-23.3028002037631));
#3759=CARTESIAN_POINT('Ctrl Pts',(-89.9287989895724,75.9955279427829,-22.7113848731));
#3760=CARTESIAN_POINT('Ctrl Pts',(-89.1023707273336,76.8300042573117,-21.8575162983344));
#3761=CARTESIAN_POINT('Ctrl Pts',(-88.766234822693,77.2780661122761,-21.5024443834539));
#3762=CARTESIAN_POINT('Ctrl Pts',(-88.2571105062549,78.315158318594,-20.9275599229893));
#3763=CARTESIAN_POINT('Ctrl Pts',(-88.0853404106983,78.9049742224718,-20.708086523951));
#3764=CARTESIAN_POINT('Ctrl Pts',(-88.0088714910028,79.6598116344831,-20.5543578117513));
#3765=CARTESIAN_POINT('Ctrl Pts',(-88.,79.8285919563292,-20.5273044696558));
#3766=CARTESIAN_POINT('Ctrl Pts',(-88.,80.0000000000001,-20.5078585930037));
#3767=CARTESIAN_POINT('Ctrl Pts',(-83.,75.0000000000001,-30.7000000000002));
#3768=CARTESIAN_POINT('Ctrl Pts',(-79.3333333333333,80.8541366476165,-24.8087380379745));
#3769=CARTESIAN_POINT('Ctrl Pts',(-75.6666666666666,86.7082732952329,-18.9174760759488));
#3770=CARTESIAN_POINT('Ctrl Pts',(-71.9999999999999,92.5624099428493,-13.0262141139231));
#3771=CARTESIAN_POINT('Ctrl Pts',(-83.,75.0000000000001,-25.1377359035133));
#3772=CARTESIAN_POINT('Ctrl Pts',(-79.3333333333333,80.0269487196295,-20.6301001698669));
#3773=CARTESIAN_POINT('Ctrl Pts',(-75.6666666666666,85.0572859938525,-16.1188837427118));
#3774=CARTESIAN_POINT('Ctrl Pts',(-71.9999999999999,90.0842347134819,-11.6112480090654));
#3775=CARTESIAN_POINT('Ctrl Pts',(-83.,75.0000000000001,-19.5754718070264));
#3776=CARTESIAN_POINT('Ctrl Pts',(-79.3333333333333,79.3403540346156,-16.2090573539332));
#3777=CARTESIAN_POINT('Ctrl Pts',(-75.6666666666666,83.6844134215155,-12.8393911270646));
#3778=CARTESIAN_POINT('Ctrl Pts',(-71.9999999999999,88.0247674561311,-9.47297667397137));
#3779=CARTESIAN_POINT('Ctrl Pts',(-83.,75.0000000000001,-14.0132077105394));
#3780=CARTESIAN_POINT('Ctrl Pts',(-79.3333333333333,78.9012703481316,-11.6566184790515));
#3781=CARTESIAN_POINT('Ctrl Pts',(-75.6666666666666,82.8025406962632,-9.30002924756349));
#3782=CARTESIAN_POINT('Ctrl Pts',(-71.9999999999999,86.7038110443948,-6.94344001607551));
#3783=CARTESIAN_POINT('',(-83.,75.0000000000001,-20.7905709383979));
#3784=CARTESIAN_POINT('',(-83.,75.0000000000001,13.6095916144796));
#3785=CARTESIAN_POINT('Ctrl Pts',(-83.,75.0000000000001,-30.7000000000002));
#3786=CARTESIAN_POINT('Ctrl Pts',(-83.,75.0000000000001,-27.3968569794661));
#3787=CARTESIAN_POINT('Ctrl Pts',(-83.,75.0000000000001,-24.093713958932));
#3788=CARTESIAN_POINT('Ctrl Pts',(-83.,75.0000000000001,-20.7905709383979));
#3789=CARTESIAN_POINT('',(-71.9999999999999,92.5624099428493,-13.0262141139231));
#3790=CARTESIAN_POINT('',(-83.,75.0000000000001,-30.7000000000002));
#3791=CARTESIAN_POINT('',(-71.9999999999999,89.9474861024922,-11.1331470995585));
#3792=CARTESIAN_POINT('Origin',(-71.9999999999999,100.,5.82330379838052E-14));
#3793=CARTESIAN_POINT('',(-75.1509246178264,84.7727777613393,-13.0262141139231));
#3794=CARTESIAN_POINT('Ctrl Pts',(-71.9999999999999,89.9474861024922,-11.1331470995585));
#3795=CARTESIAN_POINT('Ctrl Pts',(-71.9999999999999,90.035658396156,-11.2127609948484));
#3796=CARTESIAN_POINT('Ctrl Pts',(-72.0061750966689,90.120592270806,-11.3023641956366));
#3797=CARTESIAN_POINT('Ctrl Pts',(-72.033646074829,90.2345323285611,-11.4681420671457));
#3798=CARTESIAN_POINT('Ctrl Pts',(-72.0502696132035,90.2735804319057,-11.5421365585438));
#3799=CARTESIAN_POINT('Ctrl Pts',(-72.0944211067642,90.3174457385086,-11.6883092187437));
#3800=CARTESIAN_POINT('Ctrl Pts',(-72.119587169788,90.3248208207094,-11.7568461759301));
#3801=CARTESIAN_POINT('Ctrl Pts',(-72.1810299490668,90.3092114300438,-11.8968567295725));
#3802=CARTESIAN_POINT('Ctrl Pts',(-72.2156701606676,90.2849143386415,-11.9631994770277));
#3803=CARTESIAN_POINT('Ctrl Pts',(-72.3069112631606,90.1949529542418,-12.1165801010013));
#3804=CARTESIAN_POINT('Ctrl Pts',(-72.3648281402449,90.1149720798804,-12.1949902074489));
#3805=CARTESIAN_POINT('Ctrl Pts',(-72.5404320362362,89.8409587151779,-12.4031035308229));
#3806=CARTESIAN_POINT('Ctrl Pts',(-72.6699840547282,89.5892077051621,-12.5085612763551));
#3807=CARTESIAN_POINT('Ctrl Pts',(-72.9898240984354,88.9449291705358,-12.7217086989748));
#3808=CARTESIAN_POINT('Ctrl Pts',(-73.2360974855206,88.4114055799821,-12.8245055708896));
#3809=CARTESIAN_POINT('Ctrl Pts',(-73.5454707000583,87.7729250336759,-12.8966074146087));
#3810=CARTESIAN_POINT('Ctrl Pts',(-73.5505421911721,87.7624658608982,-12.8977767705146));
#3811=CARTESIAN_POINT('Ctrl Pts',(-73.5614922033248,87.7398993148328,-12.9002748082165));
#3812=CARTESIAN_POINT('Ctrl Pts',(-73.5673721683422,87.727791515247,-12.9015996027621));
#3813=CARTESIAN_POINT('Ctrl Pts',(-73.5800755786694,87.7016554275661,-12.9044265497552));
#3814=CARTESIAN_POINT('Ctrl Pts',(-73.5869010414737,87.6876265258202,-12.9059235638796));
#3815=CARTESIAN_POINT('Ctrl Pts',(-73.6016564685274,87.6573293972104,-12.9091135361079));
#3816=CARTESIAN_POINT('Ctrl Pts',(-73.6095892601188,87.6410602916695,-12.91079971025));
#3817=CARTESIAN_POINT('Ctrl Pts',(-73.6267493405088,87.6059100823707,-12.9143864165652));
#3818=CARTESIAN_POINT('Ctrl Pts',(-73.6359806004171,87.5870277304624,-12.9162780092644));
#3819=CARTESIAN_POINT('Ctrl Pts',(-73.655961546121,87.5462168532196,-12.9202926792393));
#3820=CARTESIAN_POINT('Ctrl Pts',(-73.6667168155775,87.5242865753371,-12.9224040106799));
#3821=CARTESIAN_POINT('Ctrl Pts',(-73.6900090365933,87.4768766728023,-12.9268723661833));
#3822=CARTESIAN_POINT('Ctrl Pts',(-73.7025538354834,87.4513946277871,-12.9292140213656));
#3823=CARTESIAN_POINT('Ctrl Pts',(-73.7297332634321,87.3963026378204,-12.9341520333935));
#3824=CARTESIAN_POINT('Ctrl Pts',(-73.7443788932333,87.3666894281179,-12.9367283978632));
#3825=CARTESIAN_POINT('Ctrl Pts',(-73.776118269139,87.3026773975359,-12.9421365952259));
#3826=CARTESIAN_POINT('Ctrl Pts',(-73.7932273562705,87.2682743201785,-12.9449426276909));
#3827=CARTESIAN_POINT('Ctrl Pts',(-73.8303062071738,87.1939466760592,-12.950798841215));
#3828=CARTESIAN_POINT('Ctrl Pts',(-73.8502971813844,87.1540168330935,-12.9538160790418));
#3829=CARTESIAN_POINT('Ctrl Pts',(-74.2641173619122,86.3305428205825,-13.0135386844646));
#3830=CARTESIAN_POINT('Ctrl Pts',(-74.6847486509813,85.5536691222136,-13.0262141139231));
#3831=CARTESIAN_POINT('Ctrl Pts',(-75.1509246178264,84.7727777613394,-13.0262141139231));
#3832=CARTESIAN_POINT('Ctrl Pts',(-75.1509246178264,84.7727777613393,-13.0262141139231));
#3833=CARTESIAN_POINT('Ctrl Pts',(-75.8502120618864,83.6014013655766,-13.0262141139231));
#3834=CARTESIAN_POINT('Ctrl Pts',(-76.6487078416247,82.4368932297075,-13.0262141139231));
#3835=CARTESIAN_POINT('Ctrl Pts',(-77.5527523881962,81.2506124143594,-13.0262141139231));
#3836=CARTESIAN_POINT('Origin',(-37.4532786223506,57.2326994606394,-11.0262141139231));
#3837=CARTESIAN_POINT('',(-76.5019812459548,82.1523389913581,-13.0262141139231));
#3838=CARTESIAN_POINT('Origin',(-37.4532786223506,57.2326994606394,-13.0262141139231));
#3839=CARTESIAN_POINT('',(-74.8160376704675,81.0764234462184,-11.0262141139231));
#3840=CARTESIAN_POINT('Origin',(-76.5019812459548,82.1523389913581,-11.0262141139231));
#3841=CARTESIAN_POINT('Origin',(-37.4532786223506,57.2326994606394,-11.0262141139231));
#3842=CARTESIAN_POINT('Origin',(-37.4532786223506,57.2326994606394,-13.0262141139231));
#3843=CARTESIAN_POINT('Origin',(-77.5000003203749,73.7687931584999,-13.0262141139231));
#3844=CARTESIAN_POINT('Origin',(-77.5000003203749,73.7687931584999,-13.0262141139231));
#3845=CARTESIAN_POINT('Ctrl Pts',(-76.5019812459548,82.1523389913581,-13.0262141139231));
#3846=CARTESIAN_POINT('Ctrl Pts',(-75.9725686484471,82.9819206175201,-13.0262141139231));
#3847=CARTESIAN_POINT('Ctrl Pts',(-75.51972426962,83.8603652976169,-13.0262141139231));
#3848=CARTESIAN_POINT('Ctrl Pts',(-75.1509246178264,84.7727777613394,-13.0262141139231));
#3849=CARTESIAN_POINT('Ctrl Pts',(-76.4991216981026,86.3013223827028,18.0233114626738));
#3850=CARTESIAN_POINT('Ctrl Pts',(-76.8534391779759,86.5279538726699,18.5573114695266));
#3851=CARTESIAN_POINT('Ctrl Pts',(-77.8479498114726,86.5805565825895,19.6875831218446));
#3852=CARTESIAN_POINT('Ctrl Pts',(-79.1228376455172,85.821368928309,20.8764425277739));
#3853=CARTESIAN_POINT('Ctrl Pts',(-79.7473273736107,84.7548452932779,21.4431877707211));
#3854=CARTESIAN_POINT('Ctrl Pts',(-79.9105569563517,83.8139097560308,21.5511375822789));
#3855=CARTESIAN_POINT('Ctrl Pts',(-79.8219152679532,83.2033765567748,21.3894178059483));
#3856=CARTESIAN_POINT('Ctrl Pts',(-79.7424503356735,82.9265893205787,21.2578281831471));
#3857=CARTESIAN_POINT('Ctrl Pts',(-76.328344523832,86.32679154031,18.0833231156826));
#3858=CARTESIAN_POINT('Ctrl Pts',(-76.6773733932941,86.5482940586924,18.6440463504254));
#3859=CARTESIAN_POINT('Ctrl Pts',(-77.6531013813397,86.5528873711394,19.8248374720023));
#3860=CARTESIAN_POINT('Ctrl Pts',(-78.8709796882918,85.7173003120921,20.9647142849482));
#3861=CARTESIAN_POINT('Ctrl Pts',(-79.4511622564853,84.6869238458645,21.45502890479));
#3862=CARTESIAN_POINT('Ctrl Pts',(-79.6058761506463,83.8139923409266,21.5431701026708));
#3863=CARTESIAN_POINT('Ctrl Pts',(-79.527020806114,83.2362704491137,21.3986751580701));
#3864=CARTESIAN_POINT('Ctrl Pts',(-79.4536751133288,82.9688533651855,21.2779212689566));
#3865=CARTESIAN_POINT('Ctrl Pts',(-75.9871505547758,86.4400854371836,18.1767330440482));
#3866=CARTESIAN_POINT('Ctrl Pts',(-76.3256774301815,86.6665207947839,18.8015267767615));
#3867=CARTESIAN_POINT('Ctrl Pts',(-77.264461559979,86.614748151272,20.1150084088593));
#3868=CARTESIAN_POINT('Ctrl Pts',(-78.3694374618594,85.6344856922264,21.2576343404266));
#3869=CARTESIAN_POINT('Ctrl Pts',(-78.861879462127,84.6100560176346,21.6612691253811));
#3870=CARTESIAN_POINT('Ctrl Pts',(-78.9996918203444,83.7996592402334,21.7202775249963));
#3871=CARTESIAN_POINT('Ctrl Pts',(-78.9403623983533,83.243639198893,21.5898073827427));
#3872=CARTESIAN_POINT('Ctrl Pts',(-78.8791435675497,82.9773614451327,21.4768694496334));
#3873=CARTESIAN_POINT('Ctrl Pts',(-75.4680599530125,86.829448278477,18.226751611368));
#3874=CARTESIAN_POINT('Ctrl Pts',(-75.8016097443632,87.1123279139495,18.983099658738));
#3875=CARTESIAN_POINT('Ctrl Pts',(-76.7176965859986,87.0946509424764,20.5813581521883));
#3876=CARTESIAN_POINT('Ctrl Pts',(-77.7510728971895,85.9621668041004,22.0194603764817));
#3877=CARTESIAN_POINT('Ctrl Pts',(-78.1866658569515,84.7248741163941,22.5337223749382));
#3878=CARTESIAN_POINT('Ctrl Pts',(-78.3092958368395,83.73127180025,22.5950628230293));
#3879=CARTESIAN_POINT('Ctrl Pts',(-78.2574059776455,83.0490138348847,22.4152284946026));
#3880=CARTESIAN_POINT('Ctrl Pts',(-78.2017300577616,82.7234371937754,22.2666515479435));
#3881=CARTESIAN_POINT('Ctrl Pts',(-75.2303100396141,87.233116722411,18.1540275728738));
#3882=CARTESIAN_POINT('Ctrl Pts',(-75.5817423455576,87.5860593727889,19.0052081845958));
#3883=CARTESIAN_POINT('Ctrl Pts',(-76.5533519771673,87.6775682994992,20.8010520538306));
#3884=CARTESIAN_POINT('Ctrl Pts',(-77.7198856390529,86.5261589743274,22.5781669283353));
#3885=CARTESIAN_POINT('Ctrl Pts',(-78.2494342677788,84.9938820092955,23.3370673722867));
#3886=CARTESIAN_POINT('Ctrl Pts',(-78.3818960301922,83.6656746371492,23.4445909895702));
#3887=CARTESIAN_POINT('Ctrl Pts',(-78.3011760788399,82.7831408846597,23.1892233273897));
#3888=CARTESIAN_POINT('Ctrl Pts',(-78.2281745807762,82.375852639801,22.987784289074));
#3889=CARTESIAN_POINT('Ctrl Pts',(-75.156760937551,87.4858637562668,18.0772614613846));
#3890=CARTESIAN_POINT('Ctrl Pts',(-75.5284296482437,87.8809561794658,18.9780176531035));
#3891=CARTESIAN_POINT('Ctrl Pts',(-76.5614228466334,88.0382911081797,20.8696253670118));
#3892=CARTESIAN_POINT('Ctrl Pts',(-77.8613039141074,86.8748568056025,22.8123881896189));
#3893=CARTESIAN_POINT('Ctrl Pts',(-78.4773830387426,85.165236102269,23.7063536636437));
#3894=CARTESIAN_POINT('Ctrl Pts',(-78.62124999564,83.6361599334234,23.8461743049213));
#3895=CARTESIAN_POINT('Ctrl Pts',(-78.5151819128685,82.6349329256192,23.5543805444264));
#3896=CARTESIAN_POINT('Ctrl Pts',(-78.4270470532437,82.1793665132469,23.3260156309477));
#3897=CARTESIAN_POINT('',(-76.5919918595555,86.354133146496,18.1593820710104));
#3898=CARTESIAN_POINT('',(-79.8525476424526,84.0000454643707,21.4992189130343));
#3899=CARTESIAN_POINT('Ctrl Pts',(-76.5917099937222,86.3543958473198,18.1590010288001));
#3900=CARTESIAN_POINT('Ctrl Pts',(-76.9373355055933,86.5312161414668,18.6522907650731));
#3901=CARTESIAN_POINT('Ctrl Pts',(-77.8909461775797,86.554952518094,19.727678126991));
#3902=CARTESIAN_POINT('Ctrl Pts',(-79.1228376455172,85.821368928309,20.8764425277739));
#3903=CARTESIAN_POINT('Ctrl Pts',(-79.7167757041018,84.8070224167039,21.4154611123321));
#3904=CARTESIAN_POINT('Ctrl Pts',(-79.8329045858126,84.2494094697697,21.4990472107765));
#3905=CARTESIAN_POINT('Ctrl Pts',(-79.8525476424526,84.0000454643707,21.4992189130343));
#3906=CARTESIAN_POINT('Ctrl Pts',(-76.5917958980814,86.3544079528531,18.1593046868721));
#3907=CARTESIAN_POINT('Ctrl Pts',(-76.5899873269208,86.3545601909147,18.1597310365689));
#3908=CARTESIAN_POINT('Ctrl Pts',(-76.5881787605861,86.354715606541,18.1601562667372));
#3909=CARTESIAN_POINT('Ctrl Pts',(-76.3994032525611,86.3712694083976,18.2044244289404));
#3910=CARTESIAN_POINT('Ctrl Pts',(-76.2140813108506,86.4214924513482,18.2359429285949));
#3911=CARTESIAN_POINT('Ctrl Pts',(-75.8649774431844,86.5861815655978,18.2707022099417));
#3912=CARTESIAN_POINT('Ctrl Pts',(-75.7046839444987,86.6998096228946,18.273302985152));
#3913=CARTESIAN_POINT('Ctrl Pts',(-75.4330520109392,86.9766346883734,18.2479087990618));
#3914=CARTESIAN_POINT('Ctrl Pts',(-75.3242664992214,87.1367860975535,18.2203049434753));
#3915=CARTESIAN_POINT('Ctrl Pts',(-75.2482864828557,87.3103068266541,18.1791235762306));
#3916=CARTESIAN_POINT('Ctrl Pts',(-78.4415848452507,82.2566689735583,23.3637694483773));
#3917=CARTESIAN_POINT('Ctrl Pts',(-78.4710883212216,82.4181500404208,23.4405790267192));
#3918=CARTESIAN_POINT('Ctrl Pts',(-78.4961597370748,82.5848277051778,23.5071276450262));
#3919=CARTESIAN_POINT('Ctrl Pts',(-78.5161519220966,82.7550407986793,23.5628632259202));
#3920=CARTESIAN_POINT('Ctrl Pts',(-78.5276718045012,82.8531208644008,23.5949791420619));
#3921=CARTESIAN_POINT('Ctrl Pts',(-78.537504964294,82.9523758306461,23.6235041983797));
#3922=CARTESIAN_POINT('Ctrl Pts',(-78.5455241902899,83.0524888135285,23.6483255157431));
#3923=CARTESIAN_POINT('Ctrl Pts',(-78.5557878468581,83.1806215379144,23.6800938531261));
#3924=CARTESIAN_POINT('Ctrl Pts',(-78.5630789631013,83.3101533800405,23.705792191006));
#3925=CARTESIAN_POINT('Ctrl Pts',(-78.5671261878985,83.4403648664786,23.7251705702323));
#3926=CARTESIAN_POINT('Ctrl Pts',(-78.5691973476707,83.5070003527956,23.735087419806));
#3927=CARTESIAN_POINT('Ctrl Pts',(-78.5704189440993,83.5738139296225,23.7433491266636));
#3928=CARTESIAN_POINT('Ctrl Pts',(-78.5707551487976,83.6406992096133,23.7499224245846));
#3929=CARTESIAN_POINT('Ctrl Pts',(-78.5712614680023,83.7414274324958,23.7598217121133));
#3930=CARTESIAN_POINT('Ctrl Pts',(-78.5697597741383,83.8423194186766,23.765891930939));
#3931=CARTESIAN_POINT('Ctrl Pts',(-78.566233098184,83.9429981099854,23.7681995137847));
#3932=CARTESIAN_POINT('Ctrl Pts',(-78.5626040765894,84.0465985398541,23.7705740636687));
#3933=CARTESIAN_POINT('Ctrl Pts',(-78.5568310103282,84.1499788513627,23.7689652457397));
#3934=CARTESIAN_POINT('Ctrl Pts',(-78.5488941486512,84.2527572331869,23.7634452722948));
#3935=CARTESIAN_POINT('Ctrl Pts',(-78.5354962966352,84.4262527035822,23.7541272584053));
#3936=CARTESIAN_POINT('Ctrl Pts',(-78.515933605556,84.5980426896225,23.7336665961214));
#3937=CARTESIAN_POINT('Ctrl Pts',(-78.4900845494524,84.7663165968679,23.7023659297681));
#3938=CARTESIAN_POINT('Ctrl Pts',(-78.4714476566402,84.8876402831122,23.6797984843094));
#3939=CARTESIAN_POINT('Ctrl Pts',(-78.4495450519357,85.0071492762851,23.6516001338207));
#3940=CARTESIAN_POINT('Ctrl Pts',(-78.4243420192281,85.1240861186458,23.6178967914424));
#3941=CARTESIAN_POINT('Ctrl Pts',(-78.3916531510902,85.2757556841596,23.5741828413162));
#3942=CARTESIAN_POINT('Ctrl Pts',(-78.3534113734056,85.4230968819176,23.5212069767004));
#3943=CARTESIAN_POINT('Ctrl Pts',(-78.3102522993006,85.5652184661168,23.4601535805642));
#3944=CARTESIAN_POINT('Ctrl Pts',(-78.2829252663549,85.6552055961526,23.421496398911));
#3945=CARTESIAN_POINT('Ctrl Pts',(-78.253627421158,85.7431005993272,23.3796018160121));
#3946=CARTESIAN_POINT('Ctrl Pts',(-78.2225247309422,85.8286835263661,23.3347778157338));
#3947=CARTESIAN_POINT('Ctrl Pts',(-78.1615237402548,85.996535352014,23.2468655353309));
#3948=CARTESIAN_POINT('Ctrl Pts',(-78.0934214508628,86.1559474564944,23.1474563304283));
#3949=CARTESIAN_POINT('Ctrl Pts',(-78.0193157204751,86.3052957594725,23.0386350909012));
#3950=CARTESIAN_POINT('Ctrl Pts',(-78.0063888453272,86.3313478185515,23.0196525025177));
#3951=CARTESIAN_POINT('Ctrl Pts',(-77.9932793487135,86.3570935869861,23.0003836157429));
#3952=CARTESIAN_POINT('Ctrl Pts',(-77.9799931282623,86.3825243691077,22.9808396199676));
#3953=CARTESIAN_POINT('Ctrl Pts',(-77.8943022802967,86.5465428190833,22.8547886051753));
#3954=CARTESIAN_POINT('Ctrl Pts',(-77.8012572569083,86.697458524746,22.717290718116));
#3955=CARTESIAN_POINT('Ctrl Pts',(-77.7024761918113,86.834994271071,22.5698471028));
#3956=CARTESIAN_POINT('Ctrl Pts',(-77.6894523679335,86.8531277193717,22.5504073480668));
#3957=CARTESIAN_POINT('Ctrl Pts',(-77.6763288841925,86.8710285845584,22.5307947586488));
#3958=CARTESIAN_POINT('Ctrl Pts',(-77.6631094952195,86.8886962356906,22.5110128236919));
#3959=CARTESIAN_POINT('Ctrl Pts',(-77.5606554416577,87.025625595974,22.3576971577589));
#3960=CARTESIAN_POINT('Ctrl Pts',(-77.4528014511732,87.1482899037366,22.1947618237978));
#3961=CARTESIAN_POINT('Ctrl Pts',(-77.3413017494696,87.2566524605961,22.0238778247251));
#3962=CARTESIAN_POINT('Ctrl Pts',(-77.2075547456344,87.3866363716419,21.8188976989477));
#3963=CARTESIAN_POINT('Ctrl Pts',(-77.0685617352687,87.4960410166603,21.6024804394104));
#3964=CARTESIAN_POINT('Ctrl Pts',(-76.927323816578,87.584729825727,21.3774861477677));
#3965=CARTESIAN_POINT('Ctrl Pts',(-76.8510364644704,87.6326336356103,21.2559591604836));
#3966=CARTESIAN_POINT('Ctrl Pts',(-76.7740937996737,87.6744926858636,21.13192950511));
#3967=CARTESIAN_POINT('Ctrl Pts',(-76.6969667297333,87.7102803760423,21.0058458421752));
#3968=CARTESIAN_POINT('Ctrl Pts',(-76.652419515083,87.7309507051169,20.933022175971));
#3969=CARTESIAN_POINT('Ctrl Pts',(-76.6077836300825,87.7495975776824,20.8594676732126));
#3970=CARTESIAN_POINT('Ctrl Pts',(-76.5631477693074,87.7662177745867,20.7852640057409));
#3971=CARTESIAN_POINT('Ctrl Pts',(-76.4650640256842,87.802739331555,20.622207365412));
#3972=CARTESIAN_POINT('Ctrl Pts',(-76.3669805999119,87.8294778684702,20.4560175356071));
#3973=CARTESIAN_POINT('Ctrl Pts',(-76.2698332628266,87.8461515361386,20.2874993004472));
#3974=CARTESIAN_POINT('Ctrl Pts',(-76.1750097114094,87.8624263660094,20.1230120585336));
#3975=CARTESIAN_POINT('Ctrl Pts',(-76.0810771893243,87.8691124546953,19.9563057239503));
#3976=CARTESIAN_POINT('Ctrl Pts',(-75.9889085539981,87.8659011552396,19.7881137766683));
#3977=CARTESIAN_POINT('Ctrl Pts',(-75.9006691835668,87.8628267575204,19.6270920637261));
#3978=CARTESIAN_POINT('Ctrl Pts',(-75.8140459160145,87.8506809403293,19.4647081713324));
#3979=CARTESIAN_POINT('Ctrl Pts',(-75.729817124271,87.8291467177463,19.3016010101378));
#3980=CARTESIAN_POINT('Ctrl Pts',(-75.7096322145184,87.8239861742976,19.2625133862912));
#3981=CARTESIAN_POINT('Ctrl Pts',(-75.689584897971,87.818286243644,19.2233842229259));
#3982=CARTESIAN_POINT('Ctrl Pts',(-75.6696860560223,87.812042139817,19.1842223186854));
#3983=CARTESIAN_POINT('Ctrl Pts',(-75.6119160316913,87.7939143497202,19.0705280561424));
#3984=CARTESIAN_POINT('Ctrl Pts',(-75.5554062389624,87.7712363772671,18.9565818440901));
#3985=CARTESIAN_POINT('Ctrl Pts',(-75.5005038996677,87.7438789169578,18.8427569886806));
#3986=CARTESIAN_POINT('Ctrl Pts',(-75.4463583516987,87.7168985605921,18.7305011313199));
#3987=CARTESIAN_POINT('Ctrl Pts',(-75.3937767315251,87.6853667028084,18.6183637093652));
#3988=CARTESIAN_POINT('Ctrl Pts',(-75.3430845054567,87.6492079640329,18.5067129660932));
#3989=CARTESIAN_POINT('Ctrl Pts',(-75.2934728546651,87.6138199990465,18.3974422136438));
#3990=CARTESIAN_POINT('Ctrl Pts',(-75.2456713020583,87.5740002994205,18.2886379555112));
#3991=CARTESIAN_POINT('Ctrl Pts',(-75.1999711950617,87.5297260408793,18.1806497221042));
#3992=CARTESIAN_POINT('Ctrl Pts',(-75.1853497494215,87.5155607859801,18.1460996042092));
#3993=CARTESIAN_POINT('Ctrl Pts',(-75.1709432845784,87.5009399186999,18.111633030824));
#3994=CARTESIAN_POINT('Ctrl Pts',(-75.156760937551,87.4858637562668,18.0772614613846));
#3995=CARTESIAN_POINT('',(-79.8109949101958,83.2172698028565,21.374408332652));
#3996=CARTESIAN_POINT('Ctrl Pts',(-79.8107382076346,83.2171923839466,21.3742812851456));
#3997=CARTESIAN_POINT('Ctrl Pts',(-79.808814108675,83.2169209065296,21.3741917780784));
#3998=CARTESIAN_POINT('Ctrl Pts',(-79.8068899946731,83.2166484639371,21.3741055296369));
#3999=CARTESIAN_POINT('Ctrl Pts',(-79.6256671002317,83.1908977178843,21.3662891239041));
#4000=CARTESIAN_POINT('Ctrl Pts',(-79.446633206241,83.1571443928678,21.3868777318994));
#4001=CARTESIAN_POINT('Ctrl Pts',(-79.1103104048228,83.075874205722,21.4826979063494));
#4002=CARTESIAN_POINT('Ctrl Pts',(-78.9538476503058,83.0288651183008,21.5565445230695));
#4003=CARTESIAN_POINT('Ctrl Pts',(-78.6689641049574,82.9201810452811,21.759804540165));
#4004=CARTESIAN_POINT('Ctrl Pts',(-78.5457497422536,82.8588488054595,21.8902886914875));
#4005=CARTESIAN_POINT('Ctrl Pts',(-78.3614921329139,82.730777228658,22.1917881734286));
#4006=CARTESIAN_POINT('Ctrl Pts',(-78.3024965326364,82.6657809130229,22.3585878886729));
#4007=CARTESIAN_POINT('Ctrl Pts',(-78.2550755165331,82.5388015357233,22.7131705262364));
#4008=CARTESIAN_POINT('Ctrl Pts',(-78.2691994543635,82.4784936810762,22.897178349722));
#4009=CARTESIAN_POINT('Ctrl Pts',(-78.3194087530246,82.4258009500541,23.0753474419085));
#4010=CARTESIAN_POINT('Ctrl Pts',(-79.8525476424526,84.0000454643707,21.4992189130343));
#4011=CARTESIAN_POINT('Ctrl Pts',(-79.8573268455298,83.9393746001676,21.4992606886079));
#4012=CARTESIAN_POINT('Ctrl Pts',(-79.8699171135249,83.6737168276276,21.4898375637163));
#4013=CARTESIAN_POINT('Ctrl Pts',(-79.8463187811043,83.4111301266815,21.4375869276053));
#4014=CARTESIAN_POINT('Ctrl Pts',(-79.8106753283985,83.2173866272729,21.374007359993));
#4015=CARTESIAN_POINT('Ctrl Pts',(-79.621514073268,83.4728972277978,21.4438008780946));
#4016=CARTESIAN_POINT('Ctrl Pts',(-79.9767800720615,82.9908100193841,21.3398193552371));
#4017=CARTESIAN_POINT('Ctrl Pts',(-80.6743628784338,82.0775802543862,20.8455976418386));
#4018=CARTESIAN_POINT('Ctrl Pts',(-81.1547987839927,81.4579233416161,19.5886102095946));
#4019=CARTESIAN_POINT('Ctrl Pts',(-80.9493984614305,81.5072181175355,18.4863799459568));
#4020=CARTESIAN_POINT('Ctrl Pts',(-80.3739477879274,81.8785126870706,17.518107188345));
#4021=CARTESIAN_POINT('Ctrl Pts',(-79.4354973549321,82.5727347331905,16.8610749043261));
#4022=CARTESIAN_POINT('Ctrl Pts',(-78.4477976346085,83.4067119976648,16.5405909451486));
#4023=CARTESIAN_POINT('Ctrl Pts',(-77.4956784887603,84.3083023690139,16.4433965964647));
#4024=CARTESIAN_POINT('Ctrl Pts',(-76.5472665284046,85.552065769908,16.8237163161461));
#4025=CARTESIAN_POINT('Ctrl Pts',(-76.5048210656458,86.2368722776482,17.7613592177273));
#4026=CARTESIAN_POINT('Ctrl Pts',(-76.6145771617354,86.3925017644047,18.2747821802755));
#4027=CARTESIAN_POINT('Ctrl Pts',(-79.3891412147567,83.3706280017208,21.4217424005343));
#4028=CARTESIAN_POINT('Ctrl Pts',(-79.733521155714,82.8910956872956,21.2971311225579));
#4029=CARTESIAN_POINT('Ctrl Pts',(-80.4034842177007,82.005352937291,20.7558437436057));
#4030=CARTESIAN_POINT('Ctrl Pts',(-80.8361593842641,81.4704268628372,19.5552120435537));
#4031=CARTESIAN_POINT('Ctrl Pts',(-80.6451883376936,81.4999071764484,18.5609678561899));
#4032=CARTESIAN_POINT('Ctrl Pts',(-80.1166264009108,81.8020134665615,17.6399242780494));
#4033=CARTESIAN_POINT('Ctrl Pts',(-79.2245933193325,82.4444269729881,16.9415997307451));
#4034=CARTESIAN_POINT('Ctrl Pts',(-78.2648485912728,83.2817529201645,16.5681371706604));
#4035=CARTESIAN_POINT('Ctrl Pts',(-77.3327559380966,84.2107377403025,16.4243386308868));
#4036=CARTESIAN_POINT('Ctrl Pts',(-76.3936932888465,85.5288031346506,16.7875972071432));
#4037=CARTESIAN_POINT('Ctrl Pts',(-76.3445021234883,86.2426943029462,17.7649153840423));
#4038=CARTESIAN_POINT('Ctrl Pts',(-76.4496762071887,86.3986181831185,18.2949602961435));
#4039=CARTESIAN_POINT('Ctrl Pts',(-78.9259992079856,83.1387553812818,21.507778787456));
#4040=CARTESIAN_POINT('Ctrl Pts',(-79.2489090230201,82.6361913754736,21.3476802571232));
#4041=CARTESIAN_POINT('Ctrl Pts',(-79.8644516325635,81.7362526413134,20.7116971727527));
#4042=CARTESIAN_POINT('Ctrl Pts',(-80.2029795661665,81.2883277855665,19.5392340793919));
#4043=CARTESIAN_POINT('Ctrl Pts',(-80.0405763877992,81.2873480885356,18.6671066203776));
#4044=CARTESIAN_POINT('Ctrl Pts',(-79.6046225241311,81.5055110963338,17.7748022208069));
#4045=CARTESIAN_POINT('Ctrl Pts',(-78.8042409430757,82.1179100728597,16.9841104667004));
#4046=CARTESIAN_POINT('Ctrl Pts',(-77.8997361170225,83.0109263849805,16.523875661527));
#4047=CARTESIAN_POINT('Ctrl Pts',(-77.007244485297,84.0300353461333,16.3146147437297));
#4048=CARTESIAN_POINT('Ctrl Pts',(-76.0866905489431,85.513544481845,16.6760838496492));
#4049=CARTESIAN_POINT('Ctrl Pts',(-76.0240662573961,86.3000882564681,17.7455695709329));
#4050=CARTESIAN_POINT('Ctrl Pts',(-76.1201252404197,86.4643955415289,18.3190525097902));
#4051=CARTESIAN_POINT('Ctrl Pts',(-78.3173978404453,82.7365064119445,22.0731145621028));
#4052=CARTESIAN_POINT('Ctrl Pts',(-78.6287119215347,82.1143903174005,21.8828964869656));
#4053=CARTESIAN_POINT('Ctrl Pts',(-79.2152163008802,80.9816327952343,21.1240740874782));
#4054=CARTESIAN_POINT('Ctrl Pts',(-79.5076933812563,80.3689323569428,19.6996563061707));
#4055=CARTESIAN_POINT('Ctrl Pts',(-79.3680757833697,80.3618429585823,18.637737396372));
#4056=CARTESIAN_POINT('Ctrl Pts',(-78.9909711593662,80.6551004736654,17.5637364666505));
#4057=CARTESIAN_POINT('Ctrl Pts',(-78.2499604515634,81.4428525877933,16.6372920336552));
#4058=CARTESIAN_POINT('Ctrl Pts',(-77.3811368395813,82.5506495843073,16.1193886515497));
#4059=CARTESIAN_POINT('Ctrl Pts',(-76.5128302838812,83.8004391210271,15.9023782551044));
#4060=CARTESIAN_POINT('Ctrl Pts',(-75.5983135470841,85.5953112888127,16.3611789768391));
#4061=CARTESIAN_POINT('Ctrl Pts',(-75.5191410114609,86.5498921796203,17.6238269471035));
#4062=CARTESIAN_POINT('Ctrl Pts',(-75.6058568497224,86.7532573828334,18.3002028205555));
#4063=CARTESIAN_POINT('Ctrl Pts',(-78.2109723517499,82.5477383884753,22.7210354538059));
#4064=CARTESIAN_POINT('Ctrl Pts',(-78.5521392739801,81.8041600973012,22.5345211217482));
#4065=CARTESIAN_POINT('Ctrl Pts',(-79.2148584453409,80.4052509434961,21.7329011957998));
#4066=CARTESIAN_POINT('Ctrl Pts',(-79.6343071010844,79.4914860117194,19.9267687624107));
#4067=CARTESIAN_POINT('Ctrl Pts',(-79.47284009238,79.5178034749111,18.4318332780882));
#4068=CARTESIAN_POINT('Ctrl Pts',(-78.9961329560401,80.0022126472979,17.0740074064207));
#4069=CARTESIAN_POINT('Ctrl Pts',(-78.1504512394097,81.0206199126344,16.0916562314691));
#4070=CARTESIAN_POINT('Ctrl Pts',(-77.2133646793506,82.3142610976521,15.6062104206417));
#4071=CARTESIAN_POINT('Ctrl Pts',(-76.2909353143121,83.7383217041312,15.4598921120763));
#4072=CARTESIAN_POINT('Ctrl Pts',(-75.3360528955022,85.7431225231144,16.0530575468801));
#4073=CARTESIAN_POINT('Ctrl Pts',(-75.2552583817112,86.8404005463113,17.4695941330642));
#4074=CARTESIAN_POINT('Ctrl Pts',(-75.3462229780682,87.0875344669698,18.2335655186994));
#4075=CARTESIAN_POINT('Ctrl Pts',(-78.2846805502148,82.5014047406607,23.0932469615213));
#4076=CARTESIAN_POINT('Ctrl Pts',(-78.6551345943151,81.6942554132093,22.9096256676611));
#4077=CARTESIAN_POINT('Ctrl Pts',(-79.3891652945582,80.1583675141819,22.0849521470993));
#4078=CARTESIAN_POINT('Ctrl Pts',(-79.9157001460347,79.0933618689158,20.04833667775));
#4079=CARTESIAN_POINT('Ctrl Pts',(-79.7318269244053,79.1421048272309,18.2880749311446));
#4080=CARTESIAN_POINT('Ctrl Pts',(-79.1648671842312,79.7269492297804,16.7575751676754));
#4081=CARTESIAN_POINT('Ctrl Pts',(-78.2174479931769,80.8554336399365,15.7435450975582));
#4082=CARTESIAN_POINT('Ctrl Pts',(-77.207230999547,82.234523000611,15.2800828991591));
#4083=CARTESIAN_POINT('Ctrl Pts',(-76.2246861869357,83.7401480641393,15.1790085878885));
#4084=CARTESIAN_POINT('Ctrl Pts',(-75.2247974576547,85.8534754501086,15.8560202487856));
#4085=CARTESIAN_POINT('Ctrl Pts',(-75.149531261986,87.03608099042,17.3634641428248));
#4086=CARTESIAN_POINT('Ctrl Pts',(-75.2482864828557,87.3103068266541,18.1791235762306));
#4087=CARTESIAN_POINT('Ctrl Pts',(-79.8109949101958,83.2172698028565,21.374408332652));
#4088=CARTESIAN_POINT('Ctrl Pts',(-80.0989711313969,82.8309048993577,21.2473922992823));
#4089=CARTESIAN_POINT('Ctrl Pts',(-80.7087141066073,82.033274706542,20.7557228810295));
#4090=CARTESIAN_POINT('Ctrl Pts',(-81.1547987839927,81.4579233416161,19.5886102095946));
#4091=CARTESIAN_POINT('Ctrl Pts',(-80.9493984614305,81.5072181175355,18.4863799459568));
#4092=CARTESIAN_POINT('Ctrl Pts',(-80.3739477879274,81.8785126870706,17.518107188345));
#4093=CARTESIAN_POINT('Ctrl Pts',(-79.4354973549321,82.5727347331905,16.8610749043261));
#4094=CARTESIAN_POINT('Ctrl Pts',(-78.4477976346085,83.4067119976648,16.5405909451486));
#4095=CARTESIAN_POINT('Ctrl Pts',(-77.4956784887603,84.3083023690139,16.4433965964647));
#4096=CARTESIAN_POINT('Ctrl Pts',(-76.5758889482434,85.5145298469878,16.8122385289136));
#4097=CARTESIAN_POINT('Ctrl Pts',(-76.5090428542943,86.1847633506931,17.6915170550562));
#4098=CARTESIAN_POINT('Ctrl Pts',(-76.5919918595555,86.354133146496,18.1593820710104));
#4099=CARTESIAN_POINT('Ctrl Pts',(-83.5148063336359,74.1804659157446,31.5285181282591));
#4100=CARTESIAN_POINT('Ctrl Pts',(-79.6765375557572,80.2907094820756,25.3512917504411));
#4101=CARTESIAN_POINT('Ctrl Pts',(-75.8382687778786,86.4009530484066,19.174065372623));
#4102=CARTESIAN_POINT('Ctrl Pts',(-71.9999999999999,92.5111966147377,12.9968389948049));
#4103=CARTESIAN_POINT('Ctrl Pts',(-83.5148063336359,77.1968009213033,31.4921933810999));
#4104=CARTESIAN_POINT('Ctrl Pts',(-79.6765375557572,82.7504998629172,25.5857045350667));
#4105=CARTESIAN_POINT('Ctrl Pts',(-75.8382687778786,88.3045259551281,19.6794881027564));
#4106=CARTESIAN_POINT('Ctrl Pts',(-71.9999999999999,93.858224896742,13.7729992567233));
#4107=CARTESIAN_POINT('Ctrl Pts',(-83.5148063336358,83.2185224695222,30.9404360670207));
#4108=CARTESIAN_POINT('Ctrl Pts',(-79.6765375557572,87.7443153894149,25.5950902160144));
#4109=CARTESIAN_POINT('Ctrl Pts',(-75.8382687778786,92.2702216359699,20.248919379735));
#4110=CARTESIAN_POINT('Ctrl Pts',(-71.9999999999999,96.7960145558626,14.9035735287287));
#4111=CARTESIAN_POINT('Ctrl Pts',(-83.5148063336359,91.9936230307671,28.7002988598025));
#4112=CARTESIAN_POINT('Ctrl Pts',(-79.6765375557572,95.1649532769946,24.1892655158949));
#4113=CARTESIAN_POINT('Ctrl Pts',(-75.8382687778786,98.3352598260431,19.6782279619594));
#4114=CARTESIAN_POINT('Ctrl Pts',(-71.9999999999999,101.506590072271,15.1671946180518));
#4115=CARTESIAN_POINT('Ctrl Pts',(-83.5148063336359,103.073335856728,23.9146512546669));
#4116=CARTESIAN_POINT('Ctrl Pts',(-79.6765375557572,104.583321069601,20.4727352913341));
#4117=CARTESIAN_POINT('Ctrl Pts',(-75.8382687778786,106.094821482785,17.0306767966701));
#4118=CARTESIAN_POINT('Ctrl Pts',(-71.9999999999999,107.604806695659,13.5887608333373));
#4119=CARTESIAN_POINT('Ctrl Pts',(-83.5148063336358,110.365464063086,18.4246419683706));
#4120=CARTESIAN_POINT('Ctrl Pts',(-79.6765375557572,110.672746793394,15.7413278600227));
#4121=CARTESIAN_POINT('Ctrl Pts',(-75.8382687778786,110.975837815489,13.055095434154));
#4122=CARTESIAN_POINT('Ctrl Pts',(-71.9999999999999,111.283120545798,10.371781325806));
#4123=CARTESIAN_POINT('Ctrl Pts',(-83.5148063336358,117.439559776405,11.1060831313288));
#4124=CARTESIAN_POINT('Ctrl Pts',(-79.6765375557572,116.285011103296,9.35518675359317));
#4125=CARTESIAN_POINT('Ctrl Pts',(-75.8382687778785,115.133128936861,7.60552784990604));
#4126=CARTESIAN_POINT('Ctrl Pts',(-71.9999999999999,113.978580263752,5.85463147217038));
#4127=CARTESIAN_POINT('Ctrl Pts',(-83.5148063336359,120.315347754064,5.25794031947787));
#4128=CARTESIAN_POINT('Ctrl Pts',(-79.6765375557572,118.551034588161,4.41590308550733));
#4129=CARTESIAN_POINT('Ctrl Pts',(-75.8382687778786,116.789037113837,3.57334646476707));
#4130=CARTESIAN_POINT('Ctrl Pts',(-71.9999999999999,115.024723947933,2.73130923079654));
#4131=CARTESIAN_POINT('Ctrl Pts',(-83.5148063336358,120.315860561111,-5.26077556183663));
#4132=CARTESIAN_POINT('Ctrl Pts',(-79.6765375557572,118.555536722386,-4.39816280387336));
#4133=CARTESIAN_POINT('Ctrl Pts',(-75.8382687778785,116.795934940169,-3.53478682477061));
#4134=CARTESIAN_POINT('Ctrl Pts',(-71.9999999999999,115.035611101443,-2.67217406680734));
#4135=CARTESIAN_POINT('Ctrl Pts',(-83.5148063336358,117.438685208219,-11.10844201435));
#4136=CARTESIAN_POINT('Ctrl Pts',(-79.6765375557572,116.292007313079,-9.33828652921346));
#4137=CARTESIAN_POINT('Ctrl Pts',(-75.8382687778785,115.148243804341,-7.56965197913635));
#4138=CARTESIAN_POINT('Ctrl Pts',(-71.9999999999999,114.001565909202,-5.7994964939998));
#4139=CARTESIAN_POINT('Ctrl Pts',(-83.5148063336358,110.36378557294,-18.4267142091908));
#4140=CARTESIAN_POINT('Ctrl Pts',(-79.6765375557571,110.685367158123,-15.7279073679471));
#4141=CARTESIAN_POINT('Ctrl Pts',(-75.8382687778785,111.00233187127,-13.026094994581));
#4142=CARTESIAN_POINT('Ctrl Pts',(-71.9999999999999,111.323913456453,-10.3272881533373));
#4143=CARTESIAN_POINT('Ctrl Pts',(-83.5148063336358,103.070909663231,-23.9160045604227));
#4144=CARTESIAN_POINT('Ctrl Pts',(-79.6765375557572,104.599481528997,-20.4635838364363));
#4145=CARTESIAN_POINT('Ctrl Pts',(-75.8382687778785,106.129679720071,-17.0111271002744));
#4146=CARTESIAN_POINT('Ctrl Pts',(-71.9999999999999,107.658251585837,-13.5587063762881));
#4147=CARTESIAN_POINT('Ctrl Pts',(-83.5148063336358,91.99090203905,-28.7005714285106));
#4148=CARTESIAN_POINT('Ctrl Pts',(-79.6765375557571,95.1830887602477,-24.1874420011257));
#4149=CARTESIAN_POINT('Ctrl Pts',(-75.8382687778785,98.3741076372481,-19.6742734359338));
#4150=CARTESIAN_POINT('Ctrl Pts',(-71.9999999999999,101.566294358446,-15.1611440085489));
#4151=CARTESIAN_POINT('Ctrl Pts',(-83.5148063336358,83.2158014561125,-30.9398394528103));
#4152=CARTESIAN_POINT('Ctrl Pts',(-79.6765375557571,87.7620505075191,-25.5988422272611));
#4153=CARTESIAN_POINT('Ctrl Pts',(-75.8382687778785,92.3084569214427,-20.2570623703248));
#4154=CARTESIAN_POINT('Ctrl Pts',(-71.9999999999999,96.8547059728492,-14.9160651447757));
#4155=CARTESIAN_POINT('Ctrl Pts',(-83.5148063336358,77.1942616228429,-31.4910670209544));
#4156=CARTESIAN_POINT('Ctrl Pts',(-79.6765375557571,82.7669048906893,-25.5929833144206));
#4157=CARTESIAN_POINT('Ctrl Pts',(-75.8382687778785,88.3398394754671,-19.6951501916328));
#4158=CARTESIAN_POINT('Ctrl Pts',(-71.9999999999999,93.9124827433135,-13.797066485099));
#4159=CARTESIAN_POINT('Ctrl Pts',(-83.5148063336358,74.1780691025012,-31.5271433557708));
#4160=CARTESIAN_POINT('Ctrl Pts',(-79.6765375557571,80.3061827159505,-25.3601669418215));
#4161=CARTESIAN_POINT('Ctrl Pts',(-75.8382687778785,86.4342963293999,-19.1931905278723));
#4162=CARTESIAN_POINT('Ctrl Pts',(-71.9999999999999,92.5624099428493,-13.0262141139231));
#4163=CARTESIAN_POINT('',(-71.9999999999999,105.8779487867,13.8003520991653));
#4164=CARTESIAN_POINT('Origin',(-71.9999999999999,100.,5.82330379838052E-14));
#4165=CARTESIAN_POINT('',(-71.9999999999999,105.888237873444,-13.795965161805));
#4166=CARTESIAN_POINT('Origin',(-71.9999999999999,100.,5.82330379838052E-14));
#4167=CARTESIAN_POINT('Origin',(-71.9999999999999,100.,5.82330379838052E-14));
#4168=CARTESIAN_POINT('',(-83.,83.1695882951164,30.0848424124138));
#4169=CARTESIAN_POINT('Ctrl Pts',(-82.9999999999999,75.0000011175827,-30.6999999999965));
#4170=CARTESIAN_POINT('Ctrl Pts',(-82.9999999999999,77.9416927123487,-30.6999901943379));
#4171=CARTESIAN_POINT('Ctrl Pts',(-82.9999999999999,80.8836294957635,-30.4617329108443));
#4172=CARTESIAN_POINT('Ctrl Pts',(-82.9999999999999,83.7868443386187,-29.9878999544897));
#4173=CARTESIAN_POINT('Ctrl Pts',(-82.9999999999999,86.6900595491288,-29.5140669381303));
#4174=CARTESIAN_POINT('Ctrl Pts',(-82.9999999999999,89.5545528092721,-28.8046581892446));
#4175=CARTESIAN_POINT('Ctrl Pts',(-82.9999999999999,92.3439109609623,-27.8696663522711));
#4176=CARTESIAN_POINT('Ctrl Pts',(-82.9999999999999,95.1332691126526,-26.9346745152977));
#4177=CARTESIAN_POINT('Ctrl Pts',(-82.9999999999999,97.8474921558898,-25.7740995902363));
#4178=CARTESIAN_POINT('Ctrl Pts',(-82.9999999999999,100.449302237833,-24.4016908120854));
#4179=CARTESIAN_POINT('Ctrl Pts',(-83.,105.65292240172,-21.6568732557836));
#4180=CARTESIAN_POINT('Ctrl Pts',(-82.9999999999999,110.406890720433,-18.0647202871233));
#4181=CARTESIAN_POINT('Ctrl Pts',(-83.,114.474947848312,-13.809953345683));
#4182=CARTESIAN_POINT('Ctrl Pts',(-83.,117.28490442871,-10.8710294345055));
#4183=CARTESIAN_POINT('Ctrl Pts',(-83.,119.14814280918,-7.05372548814401));
#4184=CARTESIAN_POINT('Ctrl Pts',(-83.,119.768945308625,-3.03727140190902));
#4185=CARTESIAN_POINT('Ctrl Pts',(-83.,120.079346558347,-1.02904435879153));
#4186=CARTESIAN_POINT('Ctrl Pts',(-83.,120.079138837813,1.02897021929435));
#4187=CARTESIAN_POINT('Ctrl Pts',(-83.,119.768555745564,3.03723023216694));
#4188=CARTESIAN_POINT('Ctrl Pts',(-83.,119.147389561066,7.05375025791211));
#4189=CARTESIAN_POINT('Ctrl Pts',(-83.,117.284721889707,10.8712520228041));
#4190=CARTESIAN_POINT('Ctrl Pts',(-83.,114.474743114943,13.8100875398833));
#4191=CARTESIAN_POINT('Ctrl Pts',(-83.,110.406653855625,18.0647265105769));
#4192=CARTESIAN_POINT('Ctrl Pts',(-83.,105.652798526305,21.6569120113035));
#4193=CARTESIAN_POINT('Ctrl Pts',(-83.,100.449213306985,24.4017249947392));
#4194=CARTESIAN_POINT('Ctrl Pts',(-83.,97.8474206973248,25.7741314864571));
#4195=CARTESIAN_POINT('Ctrl Pts',(-83.,95.1331956151647,26.9346948488523));
#4196=CARTESIAN_POINT('Ctrl Pts',(-83.,92.3438452144806,27.8696816276909));
#4197=CARTESIAN_POINT('Ctrl Pts',(-83.,89.5544948137966,28.8046684065296));
#4198=CARTESIAN_POINT('Ctrl Pts',(-83.,86.6900190945887,29.5140786018118));
#4199=CARTESIAN_POINT('Ctrl Pts',(-83.,83.7868180345504,29.9879088516055));
#4200=CARTESIAN_POINT('Ctrl Pts',(-83.,83.5813179589191,30.0214484343472));
#4201=CARTESIAN_POINT('Ctrl Pts',(-83.,83.3756238550258,30.0538076745436));
#4202=CARTESIAN_POINT('Ctrl Pts',(-83.,83.1697495405968,30.084985628899));
#4203=CARTESIAN_POINT('',(-83.,78.5125166423628,30.5868073667737));
#4204=CARTESIAN_POINT('Ctrl Pts',(-83.,83.1697495405969,30.084985628899));
#4205=CARTESIAN_POINT('Ctrl Pts',(-83.,81.625555793949,30.3188409414592));
#4206=CARTESIAN_POINT('Ctrl Pts',(-83.,80.0712234137938,30.4862371862036));
#4207=CARTESIAN_POINT('Ctrl Pts',(-83.,78.5125832982837,30.5867763048395));
#4208=CARTESIAN_POINT('',(-83.5148063336359,76.5664883478428,31.4498172383724));
#4209=CARTESIAN_POINT('Ctrl Pts',(-83.,78.5125166423628,30.5868073667737));
#4210=CARTESIAN_POINT('Ctrl Pts',(-83.,78.1955564791565,30.6072570079483));
#4211=CARTESIAN_POINT('Ctrl Pts',(-83.0371125505732,77.8881270143739,30.6777544062957));
#4212=CARTESIAN_POINT('Ctrl Pts',(-83.1806854475377,77.2674429904421,30.9209430210241));
#4213=CARTESIAN_POINT('Ctrl Pts',(-83.2948633267922,76.9669952389612,31.1043552284639));
#4214=CARTESIAN_POINT('Ctrl Pts',(-83.4595800390009,76.6599688057951,31.3634210237517));
#4215=CARTESIAN_POINT('Ctrl Pts',(-83.4867794615632,76.6124467391568,31.4060478767104));
#4216=CARTESIAN_POINT('Ctrl Pts',(-83.5148063336359,76.5664883478428,31.4498172383724));
#4217=CARTESIAN_POINT('Ctrl Pts',(-83.5148063336359,76.5665201505956,31.4497938483218));
#4218=CARTESIAN_POINT('Ctrl Pts',(-83.3889983273782,76.2313991626931,31.2825332931491));
#4219=CARTESIAN_POINT('Ctrl Pts',(-83.2722230234626,75.8917016833128,31.117462567364));
#4220=CARTESIAN_POINT('Ctrl Pts',(-83.1639399245396,75.547361578468,30.9547762401239));
#4221=CARTESIAN_POINT('Ctrl Pts',(-83.1069688608106,75.3661936745875,30.8691819672483));
#4222=CARTESIAN_POINT('Ctrl Pts',(-83.0523485542731,75.1837414371662,30.7842476531752));
#4223=CARTESIAN_POINT('Ctrl Pts',(-83.0000002868412,75.0000010068018,30.7000004616307));
#4224=CARTESIAN_POINT('Origin',(-93.,84.0000012516975,19.000000283122));
#4225=CARTESIAN_POINT('',(-86.5,84.0000012516975,21.500000283122));
#4226=CARTESIAN_POINT('',(-86.5,84.0000012516975,16.500000283122));
#4227=CARTESIAN_POINT('Origin',(-86.5,84.0000012516975,19.000000283122));
#4228=CARTESIAN_POINT('Origin',(-86.5,84.0000012516975,19.000000283122));
#4229=CARTESIAN_POINT('',(-93.,84.0000012516975,21.500000283122));
#4230=CARTESIAN_POINT('Origin',(-86.5,84.0000012516975,19.000000283122));
#4231=CARTESIAN_POINT('',(-88.,85.700749025943,15.379578069015));
#4232=CARTESIAN_POINT('',(-88.,87.2781828725969,16.707943289852));
#4233=CARTESIAN_POINT('Ctrl Pts',(-88.,85.700749025943,15.379578069015));
#4234=CARTESIAN_POINT('Ctrl Pts',(-88.,85.7111848485891,15.389280835012));
#4235=CARTESIAN_POINT('Ctrl Pts',(-87.9999811255453,85.7216859094005,15.3989986795536));
#4236=CARTESIAN_POINT('Ctrl Pts',(-87.999471645901,85.8728662279975,15.5382900887821));
#4237=CARTESIAN_POINT('Ctrl Pts',(-87.9962417023385,86.0249068298299,15.6709271275641));
#4238=CARTESIAN_POINT('Ctrl Pts',(-87.9925258051388,86.313245304671,15.9182957175759));
#4239=CARTESIAN_POINT('Ctrl Pts',(-87.9917061150417,86.4543969701471,16.0376240132126));
#4240=CARTESIAN_POINT('Ctrl Pts',(-87.993474725317,86.7551490423211,16.289253951094));
#4241=CARTESIAN_POINT('Ctrl Pts',(-87.9960963105627,86.901859615263,16.4106397900443));
#4242=CARTESIAN_POINT('Ctrl Pts',(-87.999086890088,87.1196344968178,16.5851328229709));
#4243=CARTESIAN_POINT('Ctrl Pts',(-88.,87.1979721122324,16.646868948905));
#4244=CARTESIAN_POINT('Ctrl Pts',(-88.,87.2781828725969,16.707943289852));
#4245=CARTESIAN_POINT('',(-88.,84.0000012516975,15.000000283122));
#4246=CARTESIAN_POINT('Origin',(-88.,84.0000012516975,19.000000283122));
#4247=CARTESIAN_POINT('Origin',(-86.5,84.0000012516975,15.000000283122));
#4248=CARTESIAN_POINT('Origin',(-88.,84.0000012516975,19.000000283122));
#4249=CARTESIAN_POINT('Origin',(-88.,84.0000012516975,19.000000283122));
#4250=CARTESIAN_POINT('Origin',(-82.5,100.,4.97305423052405E-14));
#4251=CARTESIAN_POINT('',(-88.,93.0331611019845,19.8106828698331));
#4252=CARTESIAN_POINT('Origin',(-88.,100.,4.49569449355167E-14));
#4253=CARTESIAN_POINT('',(-77.,108.59492287916,5.11148713206729));
#4254=CARTESIAN_POINT('Ctrl Pts',(-76.9999999999997,108.59492287916,5.11148713206715));
#4255=CARTESIAN_POINT('Ctrl Pts',(-76.9999999999997,108.153498533882,5.85373847822555));
#4256=CARTESIAN_POINT('Ctrl Pts',(-77.0858713913968,107.674159997678,6.60271630677744));
#4257=CARTESIAN_POINT('Ctrl Pts',(-77.4270929837069,106.662521591207,8.06838687168898));
#4258=CARTESIAN_POINT('Ctrl Pts',(-77.6813922346154,106.130188072284,8.78530085689128));
#4259=CARTESIAN_POINT('Ctrl Pts',(-78.6210335216675,104.494556671647,10.8407424216306));
#4260=CARTESIAN_POINT('Ctrl Pts',(-79.4795045715724,103.346715296711,12.086151368471));
#4261=CARTESIAN_POINT('Ctrl Pts',(-81.5205301348362,100.76094538684,14.6042181722495));
#4262=CARTESIAN_POINT('Ctrl Pts',(-82.8965217893092,99.1394339898496,15.9464890457304));
#4263=CARTESIAN_POINT('Ctrl Pts',(-85.5249241524085,96.0148604717684,18.133408774604));
#4264=CARTESIAN_POINT('Ctrl Pts',(-86.7535967432219,94.5488867823614,19.0224893549418));
#4265=CARTESIAN_POINT('Ctrl Pts',(-88.,93.0331611019845,19.8106828698331));
#4266=CARTESIAN_POINT('',(-77.,107.276803245071,-6.85916427362143));
#4267=CARTESIAN_POINT('Origin',(-77.,100.,5.45041396749643E-14));
#4268=CARTESIAN_POINT('Ctrl Pts',(-88.,89.6817624868334,-18.2902699439313));
#4269=CARTESIAN_POINT('Ctrl Pts',(-86.695910091626,91.3183071488845,-17.7162143622428));
#4270=CARTESIAN_POINT('Ctrl Pts',(-85.4127500057762,92.925688902829,-17.044138320952));
#4271=CARTESIAN_POINT('Ctrl Pts',(-82.7327578246953,96.3441880355647,-15.3724634352627));
#4272=CARTESIAN_POINT('Ctrl Pts',(-81.3573450012874,98.133260708061,-14.3371210586511));
#4273=CARTESIAN_POINT('Ctrl Pts',(-79.3616677467697,101.035358654406,-12.3741885028003));
#4274=CARTESIAN_POINT('Ctrl Pts',(-78.5412279600083,102.329405070397,-11.4109218458991));
#4275=CARTESIAN_POINT('Ctrl Pts',(-77.646326652105,104.244643752764,-9.79469754253427));
#4276=CARTESIAN_POINT('Ctrl Pts',(-77.4047697668809,104.880111560972,-9.22709819773648));
#4277=CARTESIAN_POINT('Ctrl Pts',(-77.0811353790123,106.113921958752,-8.05883644907129));
#4278=CARTESIAN_POINT('Ctrl Pts',(-77.0000000000004,106.712341637917,-7.45799466910549));
#4279=CARTESIAN_POINT('Ctrl Pts',(-77.0000000000004,107.276803245071,-6.85916427362173));
#4280=CARTESIAN_POINT('Origin',(-88.,100.,4.49569449355167E-14));
#4281=CARTESIAN_POINT('Origin',(-88.,91.7974614395799,1.71430614528009));
#4282=CARTESIAN_POINT('Origin',(-91.5,69.0000010281801,25.000000372529));
#4283=CARTESIAN_POINT('',(-93.,72.9616125864668,25.5528419965495));
#4284=CARTESIAN_POINT('Ctrl Pts',(-93.,70.1733959062657,21.175978345908));
#4285=CARTESIAN_POINT('Ctrl Pts',(-93.,70.433707999657,21.5119458436052));
#4286=CARTESIAN_POINT('Ctrl Pts',(-92.9402823258841,70.6794249512427,21.8456258268072));
#4287=CARTESIAN_POINT('Ctrl Pts',(-92.8442372335309,71.05034253499,22.3689078378047));
#4288=CARTESIAN_POINT('Ctrl Pts',(-92.7998700382031,71.2086662612259,22.5992313839061));
#4289=CARTESIAN_POINT('Ctrl Pts',(-92.753647045119,71.4781569551912,23.0046583935923));
#4290=CARTESIAN_POINT('Ctrl Pts',(-92.7437552370029,71.5830850494879,23.166088625975));
#4291=CARTESIAN_POINT('Ctrl Pts',(-92.7469907185978,71.8007175267744,23.5088532600293));
#4292=CARTESIAN_POINT('Ctrl Pts',(-92.7604541303505,71.9053314195686,23.6775818740661));
#4293=CARTESIAN_POINT('Ctrl Pts',(-92.817105151013,72.1747556585959,24.122877093359));
#4294=CARTESIAN_POINT('Ctrl Pts',(-92.8697898053907,72.3309929280272,24.390950887173));
#4295=CARTESIAN_POINT('Ctrl Pts',(-92.9581777404255,72.635027201132,24.9335492638162));
#4296=CARTESIAN_POINT('Ctrl Pts',(-93.,72.7986516214364,25.2361370748479));
#4297=CARTESIAN_POINT('Ctrl Pts',(-93.,72.9616125864668,25.5528419965495));
#4298=CARTESIAN_POINT('',(-91.5,69.0000010281801,22.500000372529));
#4299=CARTESIAN_POINT('Origin',(-91.5,69.0000010281801,21.000000372529));
#4300=CARTESIAN_POINT('',(-91.5,69.0000010281801,27.500000372529));
#4301=CARTESIAN_POINT('Origin',(-91.5,69.0000010281801,25.000000372529));
#4302=CARTESIAN_POINT('Origin',(-91.5,69.0000010281801,25.000000372529));
#4303=CARTESIAN_POINT('',(-93.,70.2553255789993,28.7979156259423));
#4304=CARTESIAN_POINT('Ctrl Pts',(-93.,70.2553255789993,28.7979156259423));
#4305=CARTESIAN_POINT('Ctrl Pts',(-93.,70.0274093055901,28.7191777819604));
#4306=CARTESIAN_POINT('Ctrl Pts',(-92.9786241852407,69.8030569097261,28.6434615854728));
#4307=CARTESIAN_POINT('Ctrl Pts',(-92.903690808231,69.2158031869259,28.4493299816447));
#4308=CARTESIAN_POINT('Ctrl Pts',(-92.834952553485,68.8528657038511,28.3337519193393));
#4309=CARTESIAN_POINT('Ctrl Pts',(-92.7772801976687,68.1216705754013,28.1100500592748));
#4310=CARTESIAN_POINT('Ctrl Pts',(-92.7860613249974,67.8234158154045,28.0220201912014));
#4311=CARTESIAN_POINT('Ctrl Pts',(-92.8692910355446,67.0779551134931,27.8099387419895));
#4312=CARTESIAN_POINT('Ctrl Pts',(-92.9439620392998,66.6914529234237,27.7048432331924));
#4313=CARTESIAN_POINT('Ctrl Pts',(-92.9916620515272,66.1604468278263,27.5670619564595));
#4314=CARTESIAN_POINT('Ctrl Pts',(-93.,66.0191193263284,27.5309540470656));
#4315=CARTESIAN_POINT('Ctrl Pts',(-93.,65.8729566216405,27.4943125581884));
#4316=CARTESIAN_POINT('Origin',(-93.,69.0000010281801,25.000000372529));
#4317=CARTESIAN_POINT('Origin',(-93.,90.0000000000001,30.7000000000001));
#4318=CARTESIAN_POINT('',(-93.,75.0000000000002,30.7000000000001));
#4319=CARTESIAN_POINT('Origin',(-93.0000000000001,53.0903826869994,78.4839321508909));
#4320=CARTESIAN_POINT('Origin',(-93.,47.843795378226,38.4772503376541));
#4321=CARTESIAN_POINT('Origin',(-93.,47.843795378226,38.4772503376541));
#4322=CARTESIAN_POINT('',(-89.7768522693412,74.9999999939552,30.6999999788924));
#4323=CARTESIAN_POINT('',(-75.75,75.0000000000001,30.7000000000001));
#4324=CARTESIAN_POINT('',(-91.,73.6147956239158,26.9100286050656));
#4325=CARTESIAN_POINT('Ctrl Pts',(-89.7753932245889,75.0006216720828,30.6987940034936));
#4326=CARTESIAN_POINT('Ctrl Pts',(-89.9550979843112,74.9279023010973,30.4438923523751));
#4327=CARTESIAN_POINT('Ctrl Pts',(-90.6873969372142,74.5679479797099,29.2443812551661));
#4328=CARTESIAN_POINT('Ctrl Pts',(-91.,74.0663651810573,27.9160955273634));
#4329=CARTESIAN_POINT('Ctrl Pts',(-91.,73.6147956239158,26.9100286050656));
#4330=CARTESIAN_POINT('',(-90.9999999978273,27.0052135888721,19.4063672620696));
#4331=CARTESIAN_POINT('Origin',(-91.,47.843795378226,38.4772503376541));
#4332=CARTESIAN_POINT('Ctrl Pts',(-90.9999999960037,27.0052135883334,19.4063672626582));
#4333=CARTESIAN_POINT('Ctrl Pts',(-91.1914163828992,26.7098712205309,19.7290852020043));
#4334=CARTESIAN_POINT('Ctrl Pts',(-91.374506601499,26.4192037400989,20.0617422630868));
#4335=CARTESIAN_POINT('Ctrl Pts',(-92.3747948766061,24.7814555536766,22.029105284796));
#4336=CARTESIAN_POINT('Ctrl Pts',(-92.7943141000207,23.8996931893987,23.4642633457296));
#4337=CARTESIAN_POINT('Ctrl Pts',(-93.,23.4582956991512,24.2191832289592));
#4338=CARTESIAN_POINT('Origin',(-93.,69.0000010281801,25.000000372529));
#4339=CARTESIAN_POINT('',(-84.2949600185766,68.9998849105087,27.4996222555979));
#4340=CARTESIAN_POINT('',(-93.,69.0000010281801,27.500000372529));
#4341=CARTESIAN_POINT('',(-84.2163624144086,67.9981177024854,27.2904653475275));
#4342=CARTESIAN_POINT('Ctrl Pts',(-84.2949600185766,68.9998849105087,27.4996222555979));
#4343=CARTESIAN_POINT('Ctrl Pts',(-84.2718193836892,68.655963418122,27.4994168700886));
#4344=CARTESIAN_POINT('Ctrl Pts',(-84.2450846174475,68.3128621294344,27.4281392245165));
#4345=CARTESIAN_POINT('Ctrl Pts',(-84.2163624144086,67.9981177024854,27.2904653475275));
#4346=CARTESIAN_POINT('Ctrl Pts',(-84.2163624144086,67.9981177024854,27.2904653475275));
#4347=CARTESIAN_POINT('Ctrl Pts',(-84.1851154103111,67.6557059318695,27.1406893643772));
#4348=CARTESIAN_POINT('Ctrl Pts',(-84.1179750101385,67.0399480748021,26.6854818640496));
#4349=CARTESIAN_POINT('Ctrl Pts',(-84.0278235835607,66.5015365030647,25.6673052162816));
#4350=CARTESIAN_POINT('Ctrl Pts',(-83.9778217403263,66.4607142988868,24.5207819415295));
#4351=CARTESIAN_POINT('Ctrl Pts',(-83.989268070399,67.0715793450087,23.1054636589672));
#4352=CARTESIAN_POINT('Ctrl Pts',(-84.0925643018999,68.2801504123977,22.4642868317298));
#4353=CARTESIAN_POINT('Ctrl Pts',(-84.2242142153023,69.7798644654223,22.5228249681018));
#4354=CARTESIAN_POINT('Ctrl Pts',(-84.3444207859996,71.2011153584153,23.2710221414393));
#4355=CARTESIAN_POINT('Ctrl Pts',(-84.3957711655819,71.6506815976858,24.9292327550119));
#4356=CARTESIAN_POINT('Ctrl Pts',(-84.3995728778046,71.1988992242235,26.3706466907408));
#4357=CARTESIAN_POINT('Ctrl Pts',(-84.3755842597717,70.3951228731756,27.2395854605182));
#4358=CARTESIAN_POINT('Ctrl Pts',(-84.3238316436955,69.4345875649339,27.4925358859529));
#4359=CARTESIAN_POINT('Ctrl Pts',(-84.2969941765895,69.0301170395301,27.4996403098381));
#4360=CARTESIAN_POINT('Ctrl Pts',(-84.2949600185766,68.9998849105087,27.4996222555979));
#4361=CARTESIAN_POINT('Ctrl Pts',(-84.2163624144086,67.9981177024854,27.2904653475275));
#4362=CARTESIAN_POINT('Ctrl Pts',(-84.1851154103111,67.6557059318695,27.1406893643772));
#4363=CARTESIAN_POINT('Ctrl Pts',(-84.1179750101385,67.0399480748021,26.6854818640496));
#4364=CARTESIAN_POINT('Ctrl Pts',(-84.0278235835607,66.5015365030647,25.6673052162816));
#4365=CARTESIAN_POINT('Ctrl Pts',(-83.9778217403263,66.4607142988868,24.5207819415295));
#4366=CARTESIAN_POINT('Ctrl Pts',(-83.989268070399,67.0715793450087,23.1054636589672));
#4367=CARTESIAN_POINT('Ctrl Pts',(-84.0925643018999,68.2801504123977,22.4642868317298));
#4368=CARTESIAN_POINT('Ctrl Pts',(-84.2242142153023,69.7798644654223,22.5228249681018));
#4369=CARTESIAN_POINT('Ctrl Pts',(-84.3444207859996,71.2011153584153,23.2710221414393));
#4370=CARTESIAN_POINT('Ctrl Pts',(-84.3957711655819,71.6506815976858,24.9292327550119));
#4371=CARTESIAN_POINT('Ctrl Pts',(-84.3995728778046,71.1988992242235,26.3706466907408));
#4372=CARTESIAN_POINT('Ctrl Pts',(-84.3755842597717,70.3951228731756,27.2395854605182));
#4373=CARTESIAN_POINT('Ctrl Pts',(-84.3053990228698,69.0924757169002,27.5826287089484));
#4374=CARTESIAN_POINT('Ctrl Pts',(-84.2476094185061,68.3405294731014,27.4402413306778));
#4375=CARTESIAN_POINT('Ctrl Pts',(-84.2163624144086,67.9981177024854,27.2904653475275));
#4376=CARTESIAN_POINT('Ctrl Pts',(-83.7683268771824,68.0195673160223,27.2998477263806));
#4377=CARTESIAN_POINT('Ctrl Pts',(-83.7394204401495,67.677258362057,27.1540559514824));
#4378=CARTESIAN_POINT('Ctrl Pts',(-83.6775775719168,67.0576781099052,26.7057127966745));
#4379=CARTESIAN_POINT('Ctrl Pts',(-83.5950680712886,66.5071667609842,25.686943346832));
#4380=CARTESIAN_POINT('Ctrl Pts',(-83.5493990483533,66.4595178413066,24.5276075412438));
#4381=CARTESIAN_POINT('Ctrl Pts',(-83.5598424320239,67.0801581036966,23.0946183709388));
#4382=CARTESIAN_POINT('Ctrl Pts',(-83.6541843345833,68.3058755046393,22.4605332174162));
#4383=CARTESIAN_POINT('Ctrl Pts',(-83.775353725621,69.8026278856563,22.5353643400482));
#4384=CARTESIAN_POINT('Ctrl Pts',(-83.8873671740848,71.206348743147,23.2914176578411));
#4385=CARTESIAN_POINT('Ctrl Pts',(-83.9368123966527,71.6438889720342,24.9360577161433));
#4386=CARTESIAN_POINT('Ctrl Pts',(-83.9404603153351,71.1957016312828,26.3665712438423));
#4387=CARTESIAN_POINT('Ctrl Pts',(-83.9173459348177,70.4003762266081,27.2302575305193));
#4388=CARTESIAN_POINT('Ctrl Pts',(-83.8510319675973,69.1106662266627,27.5796413486831));
#4389=CARTESIAN_POINT('Ctrl Pts',(-83.7972333142153,68.3618762699876,27.4456395012787));
#4390=CARTESIAN_POINT('Ctrl Pts',(-83.7683268771824,68.0195673160223,27.2998477263806));
#4391=CARTESIAN_POINT('Ctrl Pts',(-82.9926557050144,67.9058824141455,27.6608897478779));
#4392=CARTESIAN_POINT('Ctrl Pts',(-82.967481495972,67.5119388052998,27.4946328417739));
#4393=CARTESIAN_POINT('Ctrl Pts',(-82.9142280451555,66.7977541894504,26.9823154128754));
#4394=CARTESIAN_POINT('Ctrl Pts',(-82.84407842555,66.1602952985833,25.8089538170809));
#4395=CARTESIAN_POINT('Ctrl Pts',(-82.8055018511362,66.1040469324424,24.4684076831109));
#4396=CARTESIAN_POINT('Ctrl Pts',(-82.8143063779242,66.8236600197892,22.8073995279582));
#4397=CARTESIAN_POINT('Ctrl Pts',(-82.8941500628746,68.2405758573857,22.0780892410202));
#4398=CARTESIAN_POINT('Ctrl Pts',(-82.9984672110904,69.9617058949699,22.1690514811093));
#4399=CARTESIAN_POINT('Ctrl Pts',(-83.0972150350614,71.5677323489769,23.0434075763388));
#4400=CARTESIAN_POINT('Ctrl Pts',(-83.143608664106,72.0653955299198,24.9331742468432));
#4401=CARTESIAN_POINT('Ctrl Pts',(-83.1469488239238,71.5493214391835,26.578330970931));
#4402=CARTESIAN_POINT('Ctrl Pts',(-83.1252885183269,70.6375556749223,27.5726104417199));
#4403=CARTESIAN_POINT('Ctrl Pts',(-83.0651934283025,69.1592244940803,27.9781437718812));
#4404=CARTESIAN_POINT('Ctrl Pts',(-83.0178299140568,68.2998260229913,27.8271466539818));
#4405=CARTESIAN_POINT('Ctrl Pts',(-82.9926557050144,67.9058824141455,27.6608897478778));
#4406=CARTESIAN_POINT('Ctrl Pts',(-82.718585273629,67.6038611043477,28.3870948049016));
#4407=CARTESIAN_POINT('Ctrl Pts',(-82.6901864266461,67.1046106811061,28.1704786637117));
#4408=CARTESIAN_POINT('Ctrl Pts',(-82.6295333989534,66.2057224975103,27.5088094258832));
#4409=CARTESIAN_POINT('Ctrl Pts',(-82.5487849434226,65.4179333847694,26.0176544438772));
#4410=CARTESIAN_POINT('Ctrl Pts',(-82.5041726625567,65.3592102431504,24.3306916845854));
#4411=CARTESIAN_POINT('Ctrl Pts',(-82.5143645654293,66.2596537214533,22.2439419995329));
#4412=CARTESIAN_POINT('Ctrl Pts',(-82.606604448586,68.0321309253535,21.3030872763198));
#4413=CARTESIAN_POINT('Ctrl Pts',(-82.7254550239655,70.2184118870367,21.3922503036447));
#4414=CARTESIAN_POINT('Ctrl Pts',(-82.8356509931268,72.2812459292849,22.4898636361025));
#4415=CARTESIAN_POINT('Ctrl Pts',(-82.884615899841,72.9274788042357,24.9135663698601));
#4416=CARTESIAN_POINT('Ctrl Pts',(-82.8882091348676,72.265653026793,27.0229261591476));
#4417=CARTESIAN_POINT('Ctrl Pts',(-82.8653345773768,71.0942752043821,28.2966486465807));
#4418=CARTESIAN_POINT('Ctrl Pts',(-82.7999018798023,69.1983205622513,28.8062553751581));
#4419=CARTESIAN_POINT('Ctrl Pts',(-82.746984120612,68.1031115275892,28.6037109460915));
#4420=CARTESIAN_POINT('Ctrl Pts',(-82.7185852736291,67.6038611043476,28.3870948049016));
#4421=CARTESIAN_POINT('Ctrl Pts',(-82.7184063388573,67.4690221633686,28.695381447674));
#4422=CARTESIAN_POINT('Ctrl Pts',(-82.687353769554,66.9245897999268,28.4571901061719));
#4423=CARTESIAN_POINT('Ctrl Pts',(-82.6206349555645,65.946392836865,27.7315105719357));
#4424=CARTESIAN_POINT('Ctrl Pts',(-82.5310603161125,65.0939355112623,26.1044395768));
#4425=CARTESIAN_POINT('Ctrl Pts',(-82.4813834886908,65.0339199324443,24.2694071073673));
#4426=CARTESIAN_POINT('Ctrl Pts',(-82.4927545216389,66.0115974175517,22.0009872423847));
#4427=CARTESIAN_POINT('Ctrl Pts',(-82.5953841544817,67.9364444129851,20.9699986679072));
#4428=CARTESIAN_POINT('Ctrl Pts',(-82.7262069046083,70.3221867536088,21.0587751937785));
#4429=CARTESIAN_POINT('Ctrl Pts',(-82.8456743578531,72.5811905791873,22.2520279032115));
#4430=CARTESIAN_POINT('Ctrl Pts',(-82.8967185328349,73.2914978551753,24.9039457093194));
#4431=CARTESIAN_POINT('Ctrl Pts',(-82.9004971037407,72.5675281892871,27.2115061207765));
#4432=CARTESIAN_POINT('Ctrl Pts',(-82.8766521505316,71.2849448294808,28.6044154730551));
#4433=CARTESIAN_POINT('Ctrl Pts',(-82.8068924913675,69.2098934662825,29.1582533430923));
#4434=CARTESIAN_POINT('Ctrl Pts',(-82.7494589081606,68.0134545268103,28.9335727891761));
#4435=CARTESIAN_POINT('Ctrl Pts',(-82.7184063388573,67.4690221633685,28.695381447674));
#4436=CARTESIAN_POINT('',(-82.9191059627213,67.7596667683157,28.004752213567));
#4437=CARTESIAN_POINT('Ctrl Pts',(-82.9191059627213,67.7596667683157,28.004752213567));
#4438=CARTESIAN_POINT('Ctrl Pts',(-82.9260424772663,67.8123246576303,28.0200546320777));
#4439=CARTESIAN_POINT('Ctrl Pts',(-82.9321875463097,67.8649733549979,28.035443363444));
#4440=CARTESIAN_POINT('Ctrl Pts',(-82.9421127801807,67.9643927708063,28.0646732192855));
#4441=CARTESIAN_POINT('Ctrl Pts',(-82.9460579342805,68.0107623810869,28.0783756325201));
#4442=CARTESIAN_POINT('Ctrl Pts',(-82.9520418148383,68.0967116039079,28.1039035045259));
#4443=CARTESIAN_POINT('Ctrl Pts',(-82.9542675423629,68.1360740481284,28.1156448062159));
#4444=CARTESIAN_POINT('Ctrl Pts',(-82.9580331203327,68.2228250196693,28.1416325429511));
#4445=CARTESIAN_POINT('Ctrl Pts',(-82.959337322333,68.2699983357539,28.1558364840911));
#4446=CARTESIAN_POINT('Ctrl Pts',(-82.9610176413394,68.4049342977988,28.1966733743181));
#4447=CARTESIAN_POINT('Ctrl Pts',(-82.9596384647821,68.4917488827491,28.2231940140264));
#4448=CARTESIAN_POINT('Ctrl Pts',(-82.9486977588212,68.7709796638364,28.3092906067146));
#4449=CARTESIAN_POINT('Ctrl Pts',(-82.9316912726973,68.9573244923872,28.3679091246101));
#4450=CARTESIAN_POINT('Ctrl Pts',(-82.8734838809342,69.5315866584235,28.5521328037747));
#4451=CARTESIAN_POINT('Ctrl Pts',(-82.8262519460421,69.9237535069276,28.6828568902282));
#4452=CARTESIAN_POINT('Ctrl Pts',(-82.8434054993951,70.3178136708933,28.8195472830779));
#4453=CARTESIAN_POINT('Ctrl Pts',(-82.9195790427715,67.7599448894388,28.0040546991665));
#4454=CARTESIAN_POINT('Ctrl Pts',(-82.9568416261132,67.7841789725102,27.9437930326238));
#4455=CARTESIAN_POINT('Ctrl Pts',(-83.2510451483741,67.9437528153778,27.5406204245983));
#4456=CARTESIAN_POINT('Ctrl Pts',(-83.7683268771824,68.0195673160223,27.2998477263806));
#4457=CARTESIAN_POINT('Ctrl Pts',(-84.2163624144086,67.9981177024854,27.2904653475275));
#4458=CARTESIAN_POINT('Ctrl Pts',(-82.6135256086387,65.9424350673583,27.5117804186402));
#4459=CARTESIAN_POINT('Ctrl Pts',(-82.6301179448418,66.2128287917481,27.5799571424213));
#4460=CARTESIAN_POINT('Ctrl Pts',(-82.6748170129098,66.477114963156,27.648828897532));
#4461=CARTESIAN_POINT('Ctrl Pts',(-82.7897382177244,67.0550632753315,27.8042868468483));
#4462=CARTESIAN_POINT('Ctrl Pts',(-82.8606810416687,67.3587063554988,27.8888916534355));
#4463=CARTESIAN_POINT('Ctrl Pts',(-82.9113531272721,67.7025748409015,27.988187485152));
#4464=CARTESIAN_POINT('Ctrl Pts',(-82.9153458411572,67.731122163695,27.9964571320168));
#4465=CARTESIAN_POINT('Ctrl Pts',(-82.9191059627213,67.7596667683157,28.004752213567));
#4466=CARTESIAN_POINT('Origin',(-93.,53.0903826869994,78.4839321508909));
#4467=CARTESIAN_POINT('',(-92.,31.1807653739986,30.7000000000001));
#4468=CARTESIAN_POINT('Ctrl Pts',(-92.,31.1807653739986,30.7000000000001));
#4469=CARTESIAN_POINT('Ctrl Pts',(-92.0628593328846,31.1807653739986,30.7000000000001));
#4470=CARTESIAN_POINT('Ctrl Pts',(-92.1225152550476,31.1936108495957,30.6941060015206));
#4471=CARTESIAN_POINT('Ctrl Pts',(-92.2347797991136,31.2381575124743,30.6737202726981));
#4472=CARTESIAN_POINT('Ctrl Pts',(-92.2873522958592,31.2699349803324,30.6591963880082));
#4473=CARTESIAN_POINT('Ctrl Pts',(-92.4331823182929,31.3840665626853,30.6072336949615));
#4474=CARTESIAN_POINT('Ctrl Pts',(-92.5140473072298,31.485724060645,30.5612228680887));
#4475=CARTESIAN_POINT('Ctrl Pts',(-92.7481593832915,31.8546669527448,30.395812857457));
#4476=CARTESIAN_POINT('Ctrl Pts',(-92.8470138554961,32.1777734964672,30.2539624372621));
#4477=CARTESIAN_POINT('Ctrl Pts',(-92.9754480478721,32.8456546370991,29.9698291691363));
#4478=CARTESIAN_POINT('Ctrl Pts',(-93.,33.1912441407598,29.8272121015577));
#4479=CARTESIAN_POINT('Ctrl Pts',(-93.,33.508159460298,29.7000000000001));
#4480=CARTESIAN_POINT('',(-83.251607600935,31.1807653740002,30.7000000000001));
#4481=CARTESIAN_POINT('',(-92.9999999999999,31.1807653739986,30.7000000000001));
#4482=CARTESIAN_POINT('Ctrl Pts',(-81.1812720807449,50.031811603699,26.0055495011609));
#4483=CARTESIAN_POINT('Ctrl Pts',(-81.0650869748768,49.021693002237,26.0644217336715));
#4484=CARTESIAN_POINT('Ctrl Pts',(-80.9456025088293,48.0137471891677,26.152447004114));
#4485=CARTESIAN_POINT('Ctrl Pts',(-80.5940224358339,45.0210882819035,26.5009386352525));
#4486=CARTESIAN_POINT('Ctrl Pts',(-80.3638214334063,43.0599686747453,26.8447965048625));
#4487=CARTESIAN_POINT('Ctrl Pts',(-80.0084404813998,38.4415444816144,27.922646142842));
#4488=CARTESIAN_POINT('Ctrl Pts',(-80.0153298866601,36.249110430539,28.6547404386551));
#4489=CARTESIAN_POINT('Ctrl Pts',(-80.4930623147933,33.946653589783,29.5218174657499));
#4490=CARTESIAN_POINT('Ctrl Pts',(-80.7303901329906,33.0854709384762,29.8657965007554));
#4491=CARTESIAN_POINT('Ctrl Pts',(-81.4115623042159,32.069417337368,30.3012494466562));
#4492=CARTESIAN_POINT('Ctrl Pts',(-81.6722181049604,31.7815727082242,30.4284805449667));
#4493=CARTESIAN_POINT('Ctrl Pts',(-82.1788296741545,31.4407116756186,30.5814705005092));
#4494=CARTESIAN_POINT('Ctrl Pts',(-82.3801819678469,31.3424341522316,30.6261478658738));
#4495=CARTESIAN_POINT('Ctrl Pts',(-82.8096481081011,31.212057053995,30.6856125180524));
#4496=CARTESIAN_POINT('Ctrl Pts',(-83.028417258958,31.1807653739986,30.7000000000001));
#4497=CARTESIAN_POINT('Ctrl Pts',(-83.2516076009344,31.1807653739986,30.7000000000001));
#4498=CARTESIAN_POINT('Ctrl Pts',(-83.5148063336361,76.5664883478427,31.4498172383724));
#4499=CARTESIAN_POINT('Ctrl Pts',(-83.6569947439558,76.5564571657557,31.4448103813067));
#4500=CARTESIAN_POINT('Ctrl Pts',(-83.7986085970461,76.5423585828334,31.4377768074713));
#4501=CARTESIAN_POINT('Ctrl Pts',(-84.3378890790071,76.4738158934178,31.4036417431663));
#4502=CARTESIAN_POINT('Ctrl Pts',(-84.7256278590272,76.3937163701583,31.3638415053873));
#4503=CARTESIAN_POINT('Ctrl Pts',(-85.6896772822534,76.1400774189155,31.2390825584639));
#4504=CARTESIAN_POINT('Ctrl Pts',(-86.240892781102,75.9457976434241,31.1446222809449));
#4505=CARTESIAN_POINT('Ctrl Pts',(-87.8100798666088,75.3814129936893,30.8749325660256));
#4506=CARTESIAN_POINT('Ctrl Pts',(-88.8278308748385,75.0000000000002,30.7000000000001));
#4507=CARTESIAN_POINT('Ctrl Pts',(-89.7768522396377,75.0000000000002,30.7000000000001));
#4508=CARTESIAN_POINT('Origin',(-91.,42.4522503511269,39.0526815398847));
#4509=CARTESIAN_POINT('',(-88.,73.0454428053626,15.3625767659471));
#4510=CARTESIAN_POINT('Origin',(-88.,42.4522503511269,39.0526815398847));
#4511=CARTESIAN_POINT('Origin',(-91.,73.0454428053626,15.3625767659471));
#4512=CARTESIAN_POINT('Ctrl Pts',(-88.,80.0000000000001,20.9283817143285));
#4513=CARTESIAN_POINT('Ctrl Pts',(-88.,79.9969225648039,20.9220062533497));
#4514=CARTESIAN_POINT('Ctrl Pts',(-88.0000030724113,79.9938425820268,20.9156300164396));
#4515=CARTESIAN_POINT('Ctrl Pts',(-88.0004787767146,79.7164380030407,20.3416345879434));
#4516=CARTESIAN_POINT('Ctrl Pts',(-88.0420914152488,79.1319566557614,19.1968351873603));
#4517=CARTESIAN_POINT('Ctrl Pts',(-88.3165915932159,78.1355918640254,17.4558687428426));
#4518=CARTESIAN_POINT('Ctrl Pts',(-88.8887699635718,77.0356722283447,15.7340085317193));
#4519=CARTESIAN_POINT('Ctrl Pts',(-89.9336871270548,75.956965513856,14.2227637314209));
#4520=CARTESIAN_POINT('Ctrl Pts',(-90.7125660905201,75.5428707468512,13.6878127123279));
#4521=CARTESIAN_POINT('Ctrl Pts',(-91.0000000108606,75.4174243003042,13.5258122770552));
#4522=CARTESIAN_POINT('Ctrl Pts',(-88.,80.0000000000001,20.9283817143285));
#4523=CARTESIAN_POINT('Ctrl Pts',(-87.999995372555,79.9966010147886,20.9223201726115));
#4524=CARTESIAN_POINT('Ctrl Pts',(-88.0000072077431,79.9932087905847,20.9162883409329));
#4525=CARTESIAN_POINT('Ctrl Pts',(-88.0000012782921,79.6869729595717,20.3709550039375));
#4526=CARTESIAN_POINT('Ctrl Pts',(-88.0249390663387,79.0469438821895,19.2941140194003));
#4527=CARTESIAN_POINT('Ctrl Pts',(-88.1967066813319,77.9815199918105,17.6620342268915));
#4528=CARTESIAN_POINT('Ctrl Pts',(-88.5606077587068,76.8477887790145,16.0245523264064));
#4529=CARTESIAN_POINT('Ctrl Pts',(-89.2739359873239,75.7919113178444,14.4492166245073));
#4530=CARTESIAN_POINT('Ctrl Pts',(-89.8656548256361,75.4726463651327,13.7392091687926));
#4531=CARTESIAN_POINT('Ctrl Pts',(-90.1024021077663,75.4174243028735,13.5258122750657));
#4532=CARTESIAN_POINT('Ctrl Pts',(-88.,80.0000000000001,20.9283817143285));
#4533=CARTESIAN_POINT('Ctrl Pts',(-87.9999973185747,79.9960424540805,20.9228824735507));
#4534=CARTESIAN_POINT('Ctrl Pts',(-88.0000034907715,79.9920953239253,20.917426319386));
#4535=CARTESIAN_POINT('Ctrl Pts',(-87.9999018880828,79.6356163229531,20.422953495563));
#4536=CARTESIAN_POINT('Ctrl Pts',(-88.0055162246466,78.8972773711122,19.4616286368082));
#4537=CARTESIAN_POINT('Ctrl Pts',(-88.045470220222,77.6979487078058,18.0415227842719));
#4538=CARTESIAN_POINT('Ctrl Pts',(-88.1314674559495,76.4495778249733,16.6252292354384));
#4539=CARTESIAN_POINT('Ctrl Pts',(-88.3109885446846,75.2929820432473,15.1738868643932));
#4540=CARTESIAN_POINT('Ctrl Pts',(-88.4769658947518,74.8919970328125,14.3065069814027));
#4541=CARTESIAN_POINT('Ctrl Pts',(-88.5490207431206,74.8213416319448,13.9873940727064));
#4542=CARTESIAN_POINT('Ctrl Pts',(-88.,80.0000000000001,20.9283817143285));
#4543=CARTESIAN_POINT('Ctrl Pts',(-88.,79.9954879378264,20.9234572809026));
#4544=CARTESIAN_POINT('Ctrl Pts',(-88.,79.9909774196455,20.9185502061097));
#4545=CARTESIAN_POINT('Ctrl Pts',(-88.0000000000006,79.5844489124323,20.4756848138441));
#4546=CARTESIAN_POINT('Ctrl Pts',(-88.0000000000001,78.7474021940755,19.6277926444841));
#4547=CARTESIAN_POINT('Ctrl Pts',(-88.0000000000002,77.404540483719,18.4362585258008));
#4548=CARTESIAN_POINT('Ctrl Pts',(-88.0000000000001,75.997583954105,17.3021969575985));
#4549=CARTESIAN_POINT('Ctrl Pts',(-88.0000000000001,74.6106033400976,16.1862726321525));
#4550=CARTESIAN_POINT('Ctrl Pts',(-88.,73.852495413676,15.3733899280853));
#4551=CARTESIAN_POINT('Ctrl Pts',(-88.,73.5777142093721,14.9504077775203));
#4552=CARTESIAN_POINT('Ctrl Pts',(-88.,80.0000000000001,20.9283817143285));
#4553=CARTESIAN_POINT('Ctrl Pts',(-88.,79.9952500934362,20.9237048421581));
#4554=CARTESIAN_POINT('Ctrl Pts',(-88.,79.990498483451,20.9190304385275));
#4555=CARTESIAN_POINT('Ctrl Pts',(-88.0000000000006,79.5625078834692,20.4983656416513));
#4556=CARTESIAN_POINT('Ctrl Pts',(-88.0000000000001,78.6834282778305,19.6992788138881));
#4557=CARTESIAN_POINT('Ctrl Pts',(-88.0000000000002,77.2789066925238,18.605669079175));
#4558=CARTESIAN_POINT('Ctrl Pts',(-88.0000000000001,75.8045820176372,17.5932740386172));
#4559=CARTESIAN_POINT('Ctrl Pts',(-88.0000000000001,74.3180202669192,16.6195806657727));
#4560=CARTESIAN_POINT('Ctrl Pts',(-88.,73.4087407021897,15.8317364723965));
#4561=CARTESIAN_POINT('Ctrl Pts',(-88.,73.0454428053626,15.3625767659471));
#4562=CARTESIAN_POINT('Ctrl Pts',(-88.,80.0000000000001,20.9283817143285));
#4563=CARTESIAN_POINT('Ctrl Pts',(-88.,79.9952500934362,20.9237048421581));
#4564=CARTESIAN_POINT('Ctrl Pts',(-88.,79.990498483451,20.9190304385275));
#4565=CARTESIAN_POINT('Ctrl Pts',(-88.0000000000006,79.5625078834692,20.4983656416513));
#4566=CARTESIAN_POINT('Ctrl Pts',(-88.0000000000001,78.6834282778305,19.6992788138881));
#4567=CARTESIAN_POINT('Ctrl Pts',(-88.0000000000002,77.2789066925238,18.605669079175));
#4568=CARTESIAN_POINT('Ctrl Pts',(-88.0000000000001,75.8045820176372,17.5932740386172));
#4569=CARTESIAN_POINT('Ctrl Pts',(-88.0000000000001,74.3180202669192,16.6195806657727));
#4570=CARTESIAN_POINT('Ctrl Pts',(-88.,73.4087407021897,15.8317364723965));
#4571=CARTESIAN_POINT('Ctrl Pts',(-88.,73.0454428053626,15.3625767659471));
#4572=CARTESIAN_POINT('Origin',(-88.,91.7974614395799,1.71430614528009));
#4573=CARTESIAN_POINT('',(-88.0000000000001,31.1807653739992,12.0428781549689));
#4574=CARTESIAN_POINT('',(-88.0000000000001,31.1807653739992,24.2191832289592));
#4575=CARTESIAN_POINT('',(-88.,76.3517403786599,25.681560693609));
#4576=CARTESIAN_POINT('Origin',(-88.,47.843795378226,38.4772503376541));
#4577=CARTESIAN_POINT('',(-88.,81.7884376964862,25.232836642317));
#4578=CARTESIAN_POINT('Ctrl Pts',(-88.,76.3517403786599,25.681560693609));
#4579=CARTESIAN_POINT('Ctrl Pts',(-88.,78.1679965109104,25.631999791308));
#4580=CARTESIAN_POINT('Ctrl Pts',(-88.,79.9807890728861,25.4828783968958));
#4581=CARTESIAN_POINT('Ctrl Pts',(-88.,81.7884390919713,25.2328467311316));
#4582=CARTESIAN_POINT('',(-88.,81.2239792173351,23.7204674601651));
#4583=CARTESIAN_POINT('Origin',(-88.,42.4522503511269,39.0526815398847));
#4584=CARTESIAN_POINT('Origin',(-88.,75.0000078634874,-14.8677469134025));
#4585=CARTESIAN_POINT('Origin',(-91.,47.843795378226,38.4772503376541));
#4586=CARTESIAN_POINT('Ctrl Pts',(-90.9999999960026,27.0052135883351,19.4063672626564));
#4587=CARTESIAN_POINT('Ctrl Pts',(-90.5950713964338,27.6299906689562,18.7236789855057));
#4588=CARTESIAN_POINT('Ctrl Pts',(-90.1900603651027,28.2181018402468,18.0262118770277));
#4589=CARTESIAN_POINT('Ctrl Pts',(-89.2631174532804,29.5232319694868,16.31366038999));
#4590=CARTESIAN_POINT('Ctrl Pts',(-88.6285104186504,30.3646588290782,15.027197018323));
#4591=CARTESIAN_POINT('Ctrl Pts',(-88.158115493178,30.9769275786583,13.3678987350905));
#4592=CARTESIAN_POINT('Ctrl Pts',(-88.0391241417924,31.1303767709698,12.8384586755261));
#4593=CARTESIAN_POINT('Ctrl Pts',(-88.0027830365601,31.1771825099874,12.2198028830033));
#4594=CARTESIAN_POINT('Ctrl Pts',(-88.,31.1807653739993,12.1310286402937));
#4595=CARTESIAN_POINT('Ctrl Pts',(-88.,31.1807653739993,12.0428781549681));
#4596=CARTESIAN_POINT('Origin',(-91.,76.3517403786599,25.681560693609));
#4597=CARTESIAN_POINT('Ctrl Pts',(-83.,78.5125166423628,30.5868073667737));
#4598=CARTESIAN_POINT('Ctrl Pts',(-84.1436364992069,78.5125166423628,30.5868073667737));
#4599=CARTESIAN_POINT('Ctrl Pts',(-86.0441509015729,78.4033506323239,29.9080631774173));
#4600=CARTESIAN_POINT('Ctrl Pts',(-87.6951568018738,77.6565849727449,27.7928811480356));
#4601=CARTESIAN_POINT('Ctrl Pts',(-88.,76.8397486549274,26.3723345619882));
#4602=CARTESIAN_POINT('Ctrl Pts',(-88.,76.3517403786599,25.681560693609));
#4603=CARTESIAN_POINT('Ctrl Pts',(-83.,78.0381543534718,30.6174122809575));
#4604=CARTESIAN_POINT('Ctrl Pts',(-84.1333771580316,78.0381543534718,30.6174122809575));
#4605=CARTESIAN_POINT('Ctrl Pts',(-86.0097402099101,77.9195600164848,29.9453813640213));
#4606=CARTESIAN_POINT('Ctrl Pts',(-87.6349136926305,77.1883594647013,27.9161642680733));
#4607=CARTESIAN_POINT('Ctrl Pts',(-87.9756509362909,76.4090001550244,26.5464012918053));
#4608=CARTESIAN_POINT('Ctrl Pts',(-88.,75.942294400813,25.8653390634091));
#4609=CARTESIAN_POINT('Ctrl Pts',(-82.9999999999999,77.1060166635543,30.9085707085243));
#4610=CARTESIAN_POINT('Ctrl Pts',(-84.1659466774924,77.1060166635543,30.9085707085243));
#4611=CARTESIAN_POINT('Ctrl Pts',(-86.0856108908194,76.9668373667785,30.2285713499556));
#4612=CARTESIAN_POINT('Ctrl Pts',(-87.7419462289951,76.2583877471599,28.2645121244591));
#4613=CARTESIAN_POINT('Ctrl Pts',(-88.1466646814318,75.5496912804116,26.9229769727782));
#4614=CARTESIAN_POINT('Ctrl Pts',(-88.2051436953089,75.1246374241474,26.2323414870683));
#4615=CARTESIAN_POINT('Ctrl Pts',(-83.,75.8838888347739,32.108847579361));
#4616=CARTESIAN_POINT('Ctrl Pts',(-84.3942277476184,75.8838888347739,32.108847579361));
#4617=CARTESIAN_POINT('Ctrl Pts',(-86.6922061372229,75.7246019338779,31.337448741118));
#4618=CARTESIAN_POINT('Ctrl Pts',(-88.6764745885432,75.0182529761285,29.0911998333634));
#4619=CARTESIAN_POINT('Ctrl Pts',(-89.1478906925407,74.3622174439468,27.5450021315795));
#4620=CARTESIAN_POINT('Ctrl Pts',(-89.20906705726,73.9739471240352,26.7488247325784));
#4621=CARTESIAN_POINT('Ctrl Pts',(-83.,75.6309987906412,33.3464803822251));
#4622=CARTESIAN_POINT('Ctrl Pts',(-84.6657783650903,75.6309987906412,33.3464803822251));
#4623=CARTESIAN_POINT('Ctrl Pts',(-87.4271869138508,75.4845297035143,32.4485049644295));
#4624=CARTESIAN_POINT('Ctrl Pts',(-89.8211076257119,74.7455017968946,29.7038115380894));
#4625=CARTESIAN_POINT('Ctrl Pts',(-90.3034689309868,74.0300224378409,27.8362610757791));
#4626=CARTESIAN_POINT('Ctrl Pts',(-90.3268015742308,73.6147956239158,26.9100286050656));
#4627=CARTESIAN_POINT('Ctrl Pts',(-83.,75.7427321616174,34.0506942688193));
#4628=CARTESIAN_POINT('Ctrl Pts',(-84.8298183987311,75.7427321616174,34.0506942688193));
#4629=CARTESIAN_POINT('Ctrl Pts',(-87.8706414425165,75.6151592764235,33.0668494391364));
#4630=CARTESIAN_POINT('Ctrl Pts',(-90.512250882998,74.8489760901314,29.9885966253642));
#4631=CARTESIAN_POINT('Ctrl Pts',(-91.,74.0663651810573,27.9160955273634));
#4632=CARTESIAN_POINT('Ctrl Pts',(-91.,73.6147956239158,26.9100286050656));
#4633=CARTESIAN_POINT('Ctrl Pts',(-88.,76.3517403786599,25.681560693609));
#4634=CARTESIAN_POINT('Ctrl Pts',(-88.,76.8397486549274,26.3723345619882));
#4635=CARTESIAN_POINT('Ctrl Pts',(-87.6951568018738,77.6565849727449,27.7928811480356));
#4636=CARTESIAN_POINT('Ctrl Pts',(-86.0441509015729,78.4033506323239,29.9080631774173));
#4637=CARTESIAN_POINT('Ctrl Pts',(-84.1436364992069,78.5125166423628,30.5868073667737));
#4638=CARTESIAN_POINT('Ctrl Pts',(-83.,78.5125166423628,30.5868073667737));
#4639=CARTESIAN_POINT('Ctrl Pts',(-83.,83.1695882951164,30.0848424124138));
#4640=CARTESIAN_POINT('Ctrl Pts',(-83.,80.9489047142482,30.4211775862348));
#4641=CARTESIAN_POINT('Ctrl Pts',(-83.,78.7208929324972,30.6187738458105));
#4642=CARTESIAN_POINT('Ctrl Pts',(-83.,76.4881265968388,30.6797002274246));
#4643=CARTESIAN_POINT('Ctrl Pts',(-83.7479982508547,83.1695882951164,30.0848424124138));
#4644=CARTESIAN_POINT('Ctrl Pts',(-83.7479982508547,80.9488717902475,30.4211825727622));
#4645=CARTESIAN_POINT('Ctrl Pts',(-83.7479982508547,78.7209260356376,30.618772942512));
#4646=CARTESIAN_POINT('Ctrl Pts',(-83.7479982508547,76.4881265968388,30.6797002274246));
#4647=CARTESIAN_POINT('Ctrl Pts',(-85.2407253473333,83.1183153569705,29.7463081741127));
#4648=CARTESIAN_POINT('Ctrl Pts',(-85.2407253473333,80.9115326757983,30.0805379775173));
#4649=CARTESIAN_POINT('Ctrl Pts',(-85.2407253473333,78.6975768057297,30.2768876192774));
#4650=CARTESIAN_POINT('Ctrl Pts',(-85.2407253473333,76.4787870046591,30.3374326176423));
#4651=CARTESIAN_POINT('Ctrl Pts',(-87.3435607603481,82.8678327166102,28.0924737552462));
#4652=CARTESIAN_POINT('Ctrl Pts',(-87.3435607603481,80.7291554842957,28.4163886006004));
#4653=CARTESIAN_POINT('Ctrl Pts',(-87.3435607603481,78.5834742752113,28.606683168863));
#4654=CARTESIAN_POINT('Ctrl Pts',(-87.3435607603481,76.4331604852187,28.6653596351223));
#4655=CARTESIAN_POINT('Ctrl Pts',(-88.,82.5888655003656,26.2505673329209));
#4656=CARTESIAN_POINT('Ctrl Pts',(-88.,80.5259720862426,26.5630042874654));
#4657=CARTESIAN_POINT('Ctrl Pts',(-88.,78.4564630059712,26.7465433108294));
#4658=CARTESIAN_POINT('Ctrl Pts',(-88.,76.3823453744514,26.8031405822555));
#4659=CARTESIAN_POINT('Ctrl Pts',(-88.,82.4208487362529,25.1412213637296));
#4660=CARTESIAN_POINT('Ctrl Pts',(-88.,80.4036899334582,25.4467315509565));
#4661=CARTESIAN_POINT('Ctrl Pts',(-88.,78.3798745565135,25.6262181909426));
#4662=CARTESIAN_POINT('Ctrl Pts',(-88.,76.3517403786599,25.681560693609));
#4663=CARTESIAN_POINT('Ctrl Pts',(-83.,83.1695882951148,30.084842412414));
#4664=CARTESIAN_POINT('Ctrl Pts',(-83.6497229668142,83.1695882951148,30.084842412414));
#4665=CARTESIAN_POINT('Ctrl Pts',(-84.2932559782431,83.1428128379458,29.9607753804528));
#4666=CARTESIAN_POINT('Ctrl Pts',(-85.4952998563713,83.0323496438203,29.479793959103));
#4667=CARTESIAN_POINT('Ctrl Pts',(-86.0421188318581,82.9494752963148,29.1276107898637));
#4668=CARTESIAN_POINT('Ctrl Pts',(-86.9671338679634,82.7222560869082,28.2425300857497));
#4669=CARTESIAN_POINT('Ctrl Pts',(-87.3354901117569,82.5798806528911,27.7188730147955));
#4670=CARTESIAN_POINT('Ctrl Pts',(-87.7258974791698,82.3186842022265,26.8423944389844));
#4671=CARTESIAN_POINT('Ctrl Pts',(-87.8281478506011,82.2212728657646,26.5282241703956));
#4672=CARTESIAN_POINT('Ctrl Pts',(-87.9655862452082,82.0131686747903,25.8855939661666));
#4673=CARTESIAN_POINT('Ctrl Pts',(-88.,81.9030046186754,25.5589347967231));
#4674=CARTESIAN_POINT('Ctrl Pts',(-88.,81.7884376964743,25.2328366423165));
#4675=CARTESIAN_POINT('Ctrl Pts',(-78.2860155050604,42.9325834559654,20.2804900325022));
#4676=CARTESIAN_POINT('Ctrl Pts',(-94.,42.9325834559654,20.2804900325022));
#4677=CARTESIAN_POINT('Ctrl Pts',(-78.2860155050604,45.6735338009068,22.2719483035819));
#4678=CARTESIAN_POINT('Ctrl Pts',(-94.,45.6735338009068,22.2719483035819));
#4679=CARTESIAN_POINT('Ctrl Pts',(-78.2860155050604,48.6004749489302,24.0073019529172));
#4680=CARTESIAN_POINT('Ctrl Pts',(-94.,48.6004749489302,24.0073019529172));
#4681=CARTESIAN_POINT('Ctrl Pts',(-78.2860155050604,51.6628726598219,25.4565897432517));
#4682=CARTESIAN_POINT('Ctrl Pts',(-94.,51.6628726598219,25.4565897432516));
#4683=CARTESIAN_POINT('Ctrl Pts',(-78.2860155050604,56.9293439081255,27.9489611459497));
#4684=CARTESIAN_POINT('Ctrl Pts',(-94.,56.9293439081255,27.9489611459496));
#4685=CARTESIAN_POINT('Ctrl Pts',(-78.2860155050604,62.597547810483,29.5900763663997));
#4686=CARTESIAN_POINT('Ctrl Pts',(-94.,62.597547810483,29.5900763663997));
#4687=CARTESIAN_POINT('Ctrl Pts',(-78.2860155050604,68.3809656903429,30.2969796448707));
#4688=CARTESIAN_POINT('Ctrl Pts',(-94.,68.3809656903429,30.2969796448707));
#4689=CARTESIAN_POINT('Ctrl Pts',(-78.2860155050604,72.6829929441699,30.8228135432636));
#4690=CARTESIAN_POINT('Ctrl Pts',(-94.,72.6829929441699,30.8228135432636));
#4691=CARTESIAN_POINT('Ctrl Pts',(-78.2860155050604,77.0477449004235,30.8335595288044));
#4692=CARTESIAN_POINT('Ctrl Pts',(-94.,77.0477449004235,30.8335595288044));
#4693=CARTESIAN_POINT('Ctrl Pts',(-78.2860155050604,81.3523091841835,30.3289149921773));
#4694=CARTESIAN_POINT('Ctrl Pts',(-94.,81.3523091841835,30.3289149921773));
#4695=CARTESIAN_POINT('Ctrl Pts',(-78.2860155050604,84.5542830427687,29.9535323732548));
#4696=CARTESIAN_POINT('Ctrl Pts',(-94.,84.5542830427687,29.9535323732548));
#4697=CARTESIAN_POINT('Ctrl Pts',(-78.2860155050604,87.7228431678552,29.2935892959645));
#4698=CARTESIAN_POINT('Ctrl Pts',(-94.,87.7228431678552,29.2935892959645));
#4699=CARTESIAN_POINT('Ctrl Pts',(-78.2860155050604,90.8084311922295,28.3594077046826));
#4700=CARTESIAN_POINT('Ctrl Pts',(-94.,90.8084311922295,28.3594077046826));
#4701=CARTESIAN_POINT('Ctrl Pts',(-78.2860155050604,95.3435014012595,26.9863860728316));
#4702=CARTESIAN_POINT('Ctrl Pts',(-94.,95.3435014012595,26.9863860728316));
#4703=CARTESIAN_POINT('Ctrl Pts',(-78.2860155050604,99.6983410319104,25.019317665185));
#4704=CARTESIAN_POINT('Ctrl Pts',(-94.,99.6983410319104,25.019317665185));
#4705=CARTESIAN_POINT('Ctrl Pts',(-78.2860155050604,103.726610533212,22.5243036317085));
#4706=CARTESIAN_POINT('Ctrl Pts',(-94.,103.726610533212,22.5243036317085));
#4707=CARTESIAN_POINT('Ctrl Pts',(-78.2860155050604,107.657661823302,20.0895042390857));
#4708=CARTESIAN_POINT('Ctrl Pts',(-94.,107.657661823302,20.0895042390857));
#4709=CARTESIAN_POINT('Ctrl Pts',(-78.2860155050604,111.277231273764,17.1524186960816));
#4710=CARTESIAN_POINT('Ctrl Pts',(-94.,111.277231273764,17.1524186960816));
#4711=CARTESIAN_POINT('Ctrl Pts',(-78.2860155050604,114.469431635316,13.8070832600847));
#4712=CARTESIAN_POINT('Ctrl Pts',(-94.,114.469431635316,13.8070832600847));
#4713=CARTESIAN_POINT('Ctrl Pts',(-78.2860155050604,116.265977895758,11.9243537360079));
#4714=CARTESIAN_POINT('Ctrl Pts',(-94.,116.265977895758,11.9243537360078));
#4715=CARTESIAN_POINT('Ctrl Pts',(-78.2860155050604,117.68977397101,9.68731881282532));
#4716=CARTESIAN_POINT('Ctrl Pts',(-94.,117.68977397101,9.6873188128253));
#4717=CARTESIAN_POINT('Ctrl Pts',(-78.2860155050604,118.634767641803,7.26260524440131));
#4718=CARTESIAN_POINT('Ctrl Pts',(-94.,118.634767641803,7.2626052444013));
#4719=CARTESIAN_POINT('Ctrl Pts',(-78.2860155050604,120.023680422862,3.69886109491465));
#4720=CARTESIAN_POINT('Ctrl Pts',(-94.,120.023680422862,3.69886109491463));
#4721=CARTESIAN_POINT('Ctrl Pts',(-78.2860155050604,120.360691770721,-0.267547554825167));
#4722=CARTESIAN_POINT('Ctrl Pts',(-94.,120.360691770721,-0.26754755482518));
#4723=CARTESIAN_POINT('Ctrl Pts',(-78.2860155050604,119.592945338641,-4.01453521058523));
#4724=CARTESIAN_POINT('Ctrl Pts',(-94.,119.592945338641,-4.01453521058525));
#4725=CARTESIAN_POINT('Ctrl Pts',(-78.2860155050603,118.843727690389,-7.67109310805643));
#4726=CARTESIAN_POINT('Ctrl Pts',(-94.,118.843727690389,-7.67109310805644));
#4727=CARTESIAN_POINT('Ctrl Pts',(-78.2860155050603,117.046195795228,-11.1067075073031));
#4728=CARTESIAN_POINT('Ctrl Pts',(-94.,117.046195795228,-11.1067075073031));
#4729=CARTESIAN_POINT('Ctrl Pts',(-78.2860155050604,114.469431635317,-13.8070832600844));
#4730=CARTESIAN_POINT('Ctrl Pts',(-94.,114.469431635317,-13.8070832600844));
#4731=CARTESIAN_POINT('Ctrl Pts',(-78.2860155050603,111.868518556681,-16.5327663947343));
#4732=CARTESIAN_POINT('Ctrl Pts',(-94.,111.868518556681,-16.5327663947343));
#4733=CARTESIAN_POINT('Ctrl Pts',(-78.2860155050603,108.984333955543,-18.9879853948311));
#4734=CARTESIAN_POINT('Ctrl Pts',(-94.,108.984333955543,-18.9879853948311));
#4735=CARTESIAN_POINT('Ctrl Pts',(-78.2860155050603,105.878378176562,-21.1203868795761));
#4736=CARTESIAN_POINT('Ctrl Pts',(-94.,105.878378176562,-21.1203868795762));
#4737=CARTESIAN_POINT('Ctrl Pts',(-78.2860155050604,101.313372280585,-24.2545027663266));
#4738=CARTESIAN_POINT('Ctrl Pts',(-94.,101.313372280585,-24.2545027663266));
#4739=CARTESIAN_POINT('Ctrl Pts',(-78.2860155050603,96.2682017234326,-26.6878378334936));
#4740=CARTESIAN_POINT('Ctrl Pts',(-94.,96.2682017234326,-26.6878378334936));
#4741=CARTESIAN_POINT('Ctrl Pts',(-78.2860155050603,90.9735473468945,-28.3091324565921));
#4742=CARTESIAN_POINT('Ctrl Pts',(-94.,90.9735473468945,-28.3091324565921));
#4743=CARTESIAN_POINT('Ctrl Pts',(-78.2860155050603,85.8066741000212,-29.8912987733413));
#4744=CARTESIAN_POINT('Ctrl Pts',(-94.,85.8066741000212,-29.8912987733413));
#4745=CARTESIAN_POINT('Ctrl Pts',(-78.2860155050603,80.4036866492341,-30.7000000000002));
#4746=CARTESIAN_POINT('Ctrl Pts',(-93.9999999999999,80.4036866492341,-30.7000000000002));
#4747=CARTESIAN_POINT('Ctrl Pts',(-78.2860155050603,75.0000000000001,-30.7000000000002));
#4748=CARTESIAN_POINT('Ctrl Pts',(-93.9999999999999,75.0000000000001,-30.7000000000002));
#4749=CARTESIAN_POINT('',(-88.,83.1695882951148,30.084842412414));
#4750=CARTESIAN_POINT('Ctrl Pts',(-88.,83.1695882951148,30.084842412414));
#4751=CARTESIAN_POINT('Ctrl Pts',(-87.8333333333334,83.1695882951148,30.084842412414));
#4752=CARTESIAN_POINT('Ctrl Pts',(-87.6666666666667,83.1695882951148,30.084842412414));
#4753=CARTESIAN_POINT('Ctrl Pts',(-86.,83.1695882951148,30.084842412414));
#4754=CARTESIAN_POINT('Ctrl Pts',(-84.5,83.1695882951148,30.084842412414));
#4755=CARTESIAN_POINT('Ctrl Pts',(-83.,83.1695882951148,30.084842412414));
#4756=CARTESIAN_POINT('',(-92.,75.0000000000001,-30.7000000000002));
#4757=CARTESIAN_POINT('',(-87.25,75.0000000000001,-30.7000000000002));
#4758=CARTESIAN_POINT('',(-92.,83.1695882951148,30.084842412414));
#4759=CARTESIAN_POINT('Ctrl Pts',(-92.,83.1695780644914,30.0847904326662));
#4760=CARTESIAN_POINT('Ctrl Pts',(-92.,85.7527704843635,29.6934343963809));
#4761=CARTESIAN_POINT('Ctrl Pts',(-92.,88.3078472359298,29.1164755572206));
#4762=CARTESIAN_POINT('Ctrl Pts',(-92.,90.8084311922295,28.3594077046826));
#4763=CARTESIAN_POINT('Ctrl Pts',(-92.,95.3435014012595,26.9863860728316));
#4764=CARTESIAN_POINT('Ctrl Pts',(-92.,99.6983410319104,25.019317665185));
#4765=CARTESIAN_POINT('Ctrl Pts',(-92.,103.726610533212,22.5243036317085));
#4766=CARTESIAN_POINT('Ctrl Pts',(-92.,107.657661823302,20.0895042390857));
#4767=CARTESIAN_POINT('Ctrl Pts',(-92.,111.277231273764,17.1524186960816));
#4768=CARTESIAN_POINT('Ctrl Pts',(-92.,114.469431635316,13.8070832600847));
#4769=CARTESIAN_POINT('Ctrl Pts',(-92.,116.265977895758,11.9243537360078));
#4770=CARTESIAN_POINT('Ctrl Pts',(-92.,117.68977397101,9.68731881282531));
#4771=CARTESIAN_POINT('Ctrl Pts',(-92.,118.634767641803,7.2626052444013));
#4772=CARTESIAN_POINT('Ctrl Pts',(-92.,120.023680422862,3.69886109491464));
#4773=CARTESIAN_POINT('Ctrl Pts',(-92.,120.360691770721,-0.267547554825182));
#4774=CARTESIAN_POINT('Ctrl Pts',(-92.,119.592945338641,-4.01453521058524));
#4775=CARTESIAN_POINT('Ctrl Pts',(-92.,118.843727690389,-7.67109310805644));
#4776=CARTESIAN_POINT('Ctrl Pts',(-92.,117.046195795228,-11.1067075073031));
#4777=CARTESIAN_POINT('Ctrl Pts',(-92.,114.469431635317,-13.8070832600844));
#4778=CARTESIAN_POINT('Ctrl Pts',(-92.,111.868518556681,-16.5327663947343));
#4779=CARTESIAN_POINT('Ctrl Pts',(-92.,108.984333955543,-18.9879853948311));
#4780=CARTESIAN_POINT('Ctrl Pts',(-92.,105.878378176562,-21.1203868795762));
#4781=CARTESIAN_POINT('Ctrl Pts',(-92.,101.313372280585,-24.2545027663266));
#4782=CARTESIAN_POINT('Ctrl Pts',(-92.,96.2682017234326,-26.6878378334936));
#4783=CARTESIAN_POINT('Ctrl Pts',(-92.,90.9735473468945,-28.3091324565921));
#4784=CARTESIAN_POINT('Ctrl Pts',(-92.,85.8066741000212,-29.8912987733413));
#4785=CARTESIAN_POINT('Ctrl Pts',(-91.9999999999999,80.4036866492341,-30.7000000000002));
#4786=CARTESIAN_POINT('Ctrl Pts',(-91.9999999999999,75.0000000000001,-30.7000000000002));
#4787=CARTESIAN_POINT('Ctrl Pts',(-92.0000000000001,83.1695882951148,30.084842412414));
#4788=CARTESIAN_POINT('Ctrl Pts',(-91.0476692508435,83.1695882951148,30.084842412414));
#4789=CARTESIAN_POINT('Ctrl Pts',(-90.0953385016869,83.1695882951148,30.084842412414));
#4790=CARTESIAN_POINT('Ctrl Pts',(-88.7620051683535,83.1695882951148,30.084842412414));
#4791=CARTESIAN_POINT('Ctrl Pts',(-88.3810025841768,83.1695882951148,30.084842412414));
#4792=CARTESIAN_POINT('Ctrl Pts',(-88.,83.1695882951148,30.084842412414));
#4793=CARTESIAN_POINT('Ctrl Pts',(-93.,75.0000000000001,-29.7000000000002));
#4794=CARTESIAN_POINT('Ctrl Pts',(-93.,77.8702677540791,-29.7000000000002));
#4795=CARTESIAN_POINT('Ctrl Pts',(-92.9999999999999,83.6582772256879,-29.2361703667266));
#4796=CARTESIAN_POINT('Ctrl Pts',(-93.0000000000001,92.1199357360919,-27.1348433116719));
#4797=CARTESIAN_POINT('Ctrl Pts',(-92.9999999999999,100.058453373903,-23.7390477488103));
#4798=CARTESIAN_POINT('Ctrl Pts',(-93.,106.218634702062,-19.8309936245546));
#4799=CARTESIAN_POINT('Ctrl Pts',(-93.,110.12459069999,-16.6171611388926));
#4800=CARTESIAN_POINT('Ctrl Pts',(-93.,112.230805454953,-14.6623734573298));
#4801=CARTESIAN_POINT('Ctrl Pts',(-93.,113.245789744924,-13.6410178123235));
#4802=CARTESIAN_POINT('Ctrl Pts',(-93.,115.08411327495,-11.7140811130521));
#4803=CARTESIAN_POINT('Ctrl Pts',(-93.,117.306728825995,-8.52946591813396));
#4804=CARTESIAN_POINT('Ctrl Pts',(-93.,119.07770394509,-2.93107111583411));
#4805=CARTESIAN_POINT('Ctrl Pts',(-93.,119.069192340117,2.93537633105461));
#4806=CARTESIAN_POINT('Ctrl Pts',(-93.,117.610777799754,7.58660669095048));
#4807=CARTESIAN_POINT('Ctrl Pts',(-93.,115.875717582175,10.5162583694992));
#4808=CARTESIAN_POINT('Ctrl Pts',(-93.,114.712851020301,12.051014360229));
#4809=CARTESIAN_POINT('Ctrl Pts',(-93.,114.077419770453,12.7694572025292));
#4810=CARTESIAN_POINT('Ctrl Pts',(-93.,112.936208945423,13.9652822323552));
#4811=CARTESIAN_POINT('Ctrl Pts',(-93.,111.262164704459,15.6091332119299));
#4812=CARTESIAN_POINT('Ctrl Pts',(-93.,107.682595053872,18.6846324560795));
#4813=CARTESIAN_POINT('Ctrl Pts',(-92.9999999999999,102.877072059487,22.0572948309193));
#4814=CARTESIAN_POINT('Ctrl Pts',(-93.,94.4208975299554,26.4484489438275));
#4815=CARTESIAN_POINT('Ctrl Pts',(-93.,87.5978552348772,28.409687639229));
#4816=CARTESIAN_POINT('Ctrl Pts',(-93.,82.9420503579546,29.1078415075761));
#4817=CARTESIAN_POINT('Ctrl Pts',(-93.,75.0000000000001,-29.9991993003421));
#4818=CARTESIAN_POINT('Ctrl Pts',(-93.,77.8863521714161,-29.9991295893728));
#4819=CARTESIAN_POINT('Ctrl Pts',(-92.9999999999999,83.706540849706,-29.532899740101));
#4820=CARTESIAN_POINT('Ctrl Pts',(-93.0000000000001,92.215700773778,-27.4195813656021));
#4821=CARTESIAN_POINT('Ctrl Pts',(-92.9999999999999,100.198245002541,-24.0051563067585));
#4822=CARTESIAN_POINT('Ctrl Pts',(-93.,106.393440874117,-20.0746508356412));
#4823=CARTESIAN_POINT('Ctrl Pts',(-93.,110.320206759182,-16.8439066895281));
#4824=CARTESIAN_POINT('Ctrl Pts',(-93.,112.439936385497,-14.8763805838294));
#4825=CARTESIAN_POINT('Ctrl Pts',(-93.,113.45709672517,-13.8529676441242));
#4826=CARTESIAN_POINT('Ctrl Pts',(-93.,115.320282435988,-11.8999950191972));
#4827=CARTESIAN_POINT('Ctrl Pts',(-93.,117.579962119832,-8.66298578928702));
#4828=CARTESIAN_POINT('Ctrl Pts',(-93.,119.3777656628,-2.97765729311003));
#4829=CARTESIAN_POINT('Ctrl Pts',(-93.,119.369653906848,2.98190076368426));
#4830=CARTESIAN_POINT('Ctrl Pts',(-93.,117.888204056324,7.70568325543853));
#4831=CARTESIAN_POINT('Ctrl Pts',(-93.,116.125332222524,10.6823727186396));
#4832=CARTESIAN_POINT('Ctrl Pts',(-93.,114.945295513254,12.239940148577));
#4833=CARTESIAN_POINT('Ctrl Pts',(-93.,114.297576875688,12.9721538659056));
#4834=CARTESIAN_POINT('Ctrl Pts',(-93.,113.147227766172,14.1775281953306));
#4835=CARTESIAN_POINT('Ctrl Pts',(-93.,111.465199561825,15.8291475992034));
#4836=CARTESIAN_POINT('Ctrl Pts',(-93.,107.864931507068,18.9225495814014));
#4837=CARTESIAN_POINT('Ctrl Pts',(-92.9999999999999,103.032941398069,22.3136559123486));
#4838=CARTESIAN_POINT('Ctrl Pts',(-93.,94.5293087256953,26.7295951210685));
#4839=CARTESIAN_POINT('Ctrl Pts',(-93.,87.6682390041736,28.7016194617888));
#4840=CARTESIAN_POINT('Ctrl Pts',(-93.,82.9864202385766,29.4037325939891));
#4841=CARTESIAN_POINT('Ctrl Pts',(-92.7486912519235,75.,-30.5169844732063));
#4842=CARTESIAN_POINT('Ctrl Pts',(-92.7486912519235,77.9140779536055,-30.5169495291057));
#4843=CARTESIAN_POINT('Ctrl Pts',(-92.7486912519235,83.7900050005277,-30.0464533171664));
#4844=CARTESIAN_POINT('Ctrl Pts',(-92.7486912519236,92.3815689975881,-27.9122020952768));
#4845=CARTESIAN_POINT('Ctrl Pts',(-92.7486912519235,100.439735558547,-24.466126011134));
#4846=CARTESIAN_POINT('Ctrl Pts',(-92.7486912519236,106.696790156031,-20.4954256397337));
#4847=CARTESIAN_POINT('Ctrl Pts',(-92.7486912519236,110.657863048451,-17.2372411386265));
#4848=CARTESIAN_POINT('Ctrl Pts',(-92.7486912519236,112.801357132032,-15.247252610624));
#4849=CARTESIAN_POINT('Ctrl Pts',(-92.7486912519236,113.822414522797,-14.220165355481));
#4850=CARTESIAN_POINT('Ctrl Pts',(-92.7486912519236,115.730743131556,-12.2199230070224));
#4851=CARTESIAN_POINT('Ctrl Pts',(-92.7486912519236,118.052579599786,-8.8941744021186));
#4852=CARTESIAN_POINT('Ctrl Pts',(-92.7486912519236,119.897594307693,-3.05802994102761));
#4853=CARTESIAN_POINT('Ctrl Pts',(-92.7486912519236,119.888870292493,3.06271503299766));
#4854=CARTESIAN_POINT('Ctrl Pts',(-92.7486912519236,118.368814935809,7.9115539422466));
#4855=CARTESIAN_POINT('Ctrl Pts',(-92.7486912519236,116.555949141071,10.9710710720871));
#4856=CARTESIAN_POINT('Ctrl Pts',(-92.7486912519236,115.347390508425,12.5671687743294));
#4857=CARTESIAN_POINT('Ctrl Pts',(-92.7486912519236,114.678168009957,13.3233321842798));
#4858=CARTESIAN_POINT('Ctrl Pts',(-92.7486912519236,113.513990601732,14.5432051855468));
#4859=CARTESIAN_POINT('Ctrl Pts',(-92.7486912519236,111.816975863806,16.2094541444233));
#4860=CARTESIAN_POINT('Ctrl Pts',(-92.7486912519236,108.180604795053,19.3341616882473));
#4861=CARTESIAN_POINT('Ctrl Pts',(-92.7486912519236,103.302762942528,22.7572380719718));
#4862=CARTESIAN_POINT('Ctrl Pts',(-92.7486912519236,94.7169396138786,27.216073517615));
#4863=CARTESIAN_POINT('Ctrl Pts',(-92.7486912519236,87.7900356778946,29.2069590321642));
#4864=CARTESIAN_POINT('Ctrl Pts',(-92.7486912519236,83.0632053991087,29.915792672847));
#4865=CARTESIAN_POINT('Ctrl Pts',(-92.2243994752564,75.0000000000001,-30.7000000000002));
#4866=CARTESIAN_POINT('Ctrl Pts',(-92.2243994752564,77.9238619132963,-30.7000000000002));
#4867=CARTESIAN_POINT('Ctrl Pts',(-92.2243994752564,83.8194974471317,-30.2279793880029));
#4868=CARTESIAN_POINT('Ctrl Pts',(-92.2243994752564,92.4402169519742,-28.0863028832548));
#4869=CARTESIAN_POINT('Ctrl Pts',(-92.2243994752564,100.525029950415,-24.6291252867624));
#4870=CARTESIAN_POINT('Ctrl Pts',(-92.2243994752564,106.804133248959,-20.6440221545487));
#4871=CARTESIAN_POINT('Ctrl Pts',(-92.2243994752564,110.777083545551,-17.3764048920926));
#4872=CARTESIAN_POINT('Ctrl Pts',(-92.2243994752564,112.929032195428,-15.3784159396074));
#4873=CARTESIAN_POINT('Ctrl Pts',(-92.2243994752564,113.951486164975,-14.3500133441107));
#4874=CARTESIAN_POINT('Ctrl Pts',(-92.2243994752564,115.876079555508,-12.332740535851));
#4875=CARTESIAN_POINT('Ctrl Pts',(-92.2243994752564,118.219596445569,-8.97590792336976));
#4876=CARTESIAN_POINT('Ctrl Pts',(-92.2243994752564,120.081412442525,-3.08640218058303));
#4877=CARTESIAN_POINT('Ctrl Pts',(-92.2243994752564,120.072281886656,3.09132332503909));
#4878=CARTESIAN_POINT('Ctrl Pts',(-92.2243994752564,118.538764584325,7.98429157392526));
#4879=CARTESIAN_POINT('Ctrl Pts',(-92.2243994752564,116.707956261982,11.0732926535251));
#4880=CARTESIAN_POINT('Ctrl Pts',(-92.2243994752564,115.48949011802,12.6828712210767));
#4881=CARTESIAN_POINT('Ctrl Pts',(-92.2243994752564,114.812631957523,13.4475170882174));
#4882=CARTESIAN_POINT('Ctrl Pts',(-92.2243994752564,113.643856363588,14.6722192592516));
#4883=CARTESIAN_POINT('Ctrl Pts',(-92.2243994752564,111.941373983759,16.3438120193641));
#4884=CARTESIAN_POINT('Ctrl Pts',(-92.2243994752564,108.292200746391,19.4796319567643));
#4885=CARTESIAN_POINT('Ctrl Pts',(-92.2243994752564,103.39814512962,22.9140159332627));
#4886=CARTESIAN_POINT('Ctrl Pts',(-92.2243994752564,94.7832619228011,27.3880139844038));
#4887=CARTESIAN_POINT('Ctrl Pts',(-92.2243994752564,87.8330846688888,29.3855946931947));
#4888=CARTESIAN_POINT('Ctrl Pts',(-92.2243994752564,83.0903457602879,30.0967846169847));
#4889=CARTESIAN_POINT('Ctrl Pts',(-92.,75.0000000000001,-30.7000000000002));
#4890=CARTESIAN_POINT('Ctrl Pts',(-92.,77.9238619132963,-30.7000000000002));
#4891=CARTESIAN_POINT('Ctrl Pts',(-92.,83.8194974471317,-30.2279793880029));
#4892=CARTESIAN_POINT('Ctrl Pts',(-92.,92.4402169519742,-28.0863028832548));
#4893=CARTESIAN_POINT('Ctrl Pts',(-92.,100.525029950415,-24.6291252867624));
#4894=CARTESIAN_POINT('Ctrl Pts',(-92.,106.804133248959,-20.6440221545487));
#4895=CARTESIAN_POINT('Ctrl Pts',(-92.,110.777083545551,-17.3764048920926));
#4896=CARTESIAN_POINT('Ctrl Pts',(-92.,112.929032195428,-15.3784159396074));
#4897=CARTESIAN_POINT('Ctrl Pts',(-92.,113.951486164975,-14.3500133441107));
#4898=CARTESIAN_POINT('Ctrl Pts',(-92.,115.876079555508,-12.332740535851));
#4899=CARTESIAN_POINT('Ctrl Pts',(-92.,118.219596445569,-8.97590792336976));
#4900=CARTESIAN_POINT('Ctrl Pts',(-92.,120.081412442525,-3.08640218058303));
#4901=CARTESIAN_POINT('Ctrl Pts',(-92.,120.072281886656,3.09132332503909));
#4902=CARTESIAN_POINT('Ctrl Pts',(-92.,118.538764584325,7.98429157392526));
#4903=CARTESIAN_POINT('Ctrl Pts',(-92.,116.707956261982,11.0732926535251));
#4904=CARTESIAN_POINT('Ctrl Pts',(-92.,115.48949011802,12.6828712210767));
#4905=CARTESIAN_POINT('Ctrl Pts',(-92.,114.812631957523,13.4475170882174));
#4906=CARTESIAN_POINT('Ctrl Pts',(-92.,113.643856363588,14.6722192592516));
#4907=CARTESIAN_POINT('Ctrl Pts',(-92.,111.941373983759,16.3438120193641));
#4908=CARTESIAN_POINT('Ctrl Pts',(-92.,108.292200746391,19.4796319567643));
#4909=CARTESIAN_POINT('Ctrl Pts',(-92.,103.39814512962,22.9140159332627));
#4910=CARTESIAN_POINT('Ctrl Pts',(-92.,94.7832619228011,27.3880139844038));
#4911=CARTESIAN_POINT('Ctrl Pts',(-92.,87.8330846688888,29.3855946931947));
#4912=CARTESIAN_POINT('Ctrl Pts',(-92.,83.0903457602879,30.0967846169847));
#4913=CARTESIAN_POINT('Ctrl Pts',(-93.,82.9420503579546,29.1078415075761));
#4914=CARTESIAN_POINT('Ctrl Pts',(-93.,82.9526059029321,29.150817754928));
#4915=CARTESIAN_POINT('Ctrl Pts',(-92.9968895003631,82.9630643755024,29.1936696745784));
#4916=CARTESIAN_POINT('Ctrl Pts',(-92.9908424096393,82.9733673167027,29.2361618903665));
#4917=CARTESIAN_POINT('Ctrl Pts',(-92.98763442352,82.97883303466,29.2587040423953));
#4918=CARTESIAN_POINT('Ctrl Pts',(-92.9835990670797,82.9842549728611,29.2811449538469));
#4919=CARTESIAN_POINT('Ctrl Pts',(-92.9787564787674,82.9896242227822,29.3034485891269));
#4920=CARTESIAN_POINT('Ctrl Pts',(-92.9695208608682,82.9998642715906,29.345985315341));
#4921=CARTESIAN_POINT('Ctrl Pts',(-92.9573830966699,83.0098787433423,29.3878815571915));
#4922=CARTESIAN_POINT('Ctrl Pts',(-92.9425016778645,83.0196142181717,29.4288894902276));
#4923=CARTESIAN_POINT('Ctrl Pts',(-92.9348872452663,83.0245956058921,29.4498721765009));
#4924=CARTESIAN_POINT('Ctrl Pts',(-92.9265536533755,83.0295039191036,29.4706221225243));
#4925=CARTESIAN_POINT('Ctrl Pts',(-92.9175172139718,83.0343317016578,29.4911043077375));
#4926=CARTESIAN_POINT('Ctrl Pts',(-92.8998026350761,83.0437958424691,29.5312565479846));
#4927=CARTESIAN_POINT('Ctrl Pts',(-92.8794782806119,83.0529029830694,29.5701811121482));
#4928=CARTESIAN_POINT('Ctrl Pts',(-92.8567091644105,83.0616099401427,29.6076329847384));
#4929=CARTESIAN_POINT('Ctrl Pts',(-92.8342006450672,83.070217244439,29.6446562135358));
#4930=CARTESIAN_POINT('Ctrl Pts',(-92.8093023867613,83.0784336144926,29.6802412231972));
#4931=CARTESIAN_POINT('Ctrl Pts',(-92.7821294537358,83.0862139391752,29.7141289725029));
#4932=CARTESIAN_POINT('Ctrl Pts',(-92.7569824713748,83.0934141809516,29.7454901300653));
#4933=CARTESIAN_POINT('Ctrl Pts',(-92.72988660446,83.1002410317238,29.7753980706918));
#4934=CARTESIAN_POINT('Ctrl Pts',(-92.7009051240267,83.106654512008,29.8036194058343));
#4935=CARTESIAN_POINT('Ctrl Pts',(-92.6763608760816,83.1120860513199,29.8275198911347));
#4936=CARTESIAN_POINT('Ctrl Pts',(-92.6505890868678,83.1171943020863,29.8500877256206));
#4937=CARTESIAN_POINT('Ctrl Pts',(-92.6236526867402,83.1219617893281,29.8712044093727));
#4938=CARTESIAN_POINT('Ctrl Pts',(-92.5894230349896,83.1280201129066,29.8980386087289));
#4939=CARTESIAN_POINT('Ctrl Pts',(-92.5533134829433,83.1335284217958,29.9225312630709));
#4940=CARTESIAN_POINT('Ctrl Pts',(-92.5156278427781,83.1384774234075,29.9446133853014));
#4941=CARTESIAN_POINT('Ctrl Pts',(-92.4775532677242,83.1434775012219,29.9669234062148));
#4942=CARTESIAN_POINT('Ctrl Pts',(-92.4378688072182,83.1479067388209,29.9867733540126));
#4943=CARTESIAN_POINT('Ctrl Pts',(-92.3968638997514,83.1517489183135,30.0040461492618));
#4944=CARTESIAN_POINT('Ctrl Pts',(-92.3909884770981,83.1522994482335,30.0065210962562));
#4945=CARTESIAN_POINT('Ctrl Pts',(-92.3850859214007,83.1528379132713,30.0089430487742));
#4946=CARTESIAN_POINT('Ctrl Pts',(-92.3791570653279,83.153364253335,30.0113115770626));
#4947=CARTESIAN_POINT('Ctrl Pts',(-92.3378009430039,83.1570356840106,30.027833001165));
#4948=CARTESIAN_POINT('Ctrl Pts',(-92.2954378368815,83.1600948583284,30.0416504708741));
#4949=CARTESIAN_POINT('Ctrl Pts',(-92.2523799659587,83.1625328098286,30.0526975213467));
#4950=CARTESIAN_POINT('Ctrl Pts',(-92.2097486698069,83.1649466085183,30.0636351285764));
#4951=CARTESIAN_POINT('Ctrl Pts',(-92.1664351539225,83.166751475012,30.0718572172542));
#4952=CARTESIAN_POINT('Ctrl Pts',(-92.1227254211976,83.1679320291257,30.0772528242534));
#4953=CARTESIAN_POINT('Ctrl Pts',(-92.0820839002134,83.1690297140529,30.0822696857489));
#4954=CARTESIAN_POINT('Ctrl Pts',(-92.0410989720766,83.169587629596,30.0848427454024));
#4955=CARTESIAN_POINT('Ctrl Pts',(-92.,83.169587629596,30.0848427454024));
#4956=CARTESIAN_POINT('Ctrl Pts',(-93.,75.3501750448079,-29.6988499664517));
#4957=CARTESIAN_POINT('Ctrl Pts',(-93.,75.3496593312096,-29.7003441502691));
#4958=CARTESIAN_POINT('Ctrl Pts',(-92.9999964347624,75.3491435897691,-29.7018382414812));
#4959=CARTESIAN_POINT('Ctrl Pts',(-92.999989311032,75.3486278243785,-29.703332230671));
#4960=CARTESIAN_POINT('Ctrl Pts',(-92.9997779827335,75.3333274388795,-29.7476520143416));
#4961=CARTESIAN_POINT('Ctrl Pts',(-92.9964398149657,75.3180220962784,-29.791835126069));
#4962=CARTESIAN_POINT('Ctrl Pts',(-92.990142287263,75.3028137187497,-29.8356362030166));
#4963=CARTESIAN_POINT('Ctrl Pts',(-92.9860439876844,75.2929164241034,-29.8641410296203));
#4964=CARTESIAN_POINT('Ctrl Pts',(-92.9806912074337,75.2830602323011,-29.8924840894323));
#4965=CARTESIAN_POINT('Ctrl Pts',(-92.9741185687083,75.2732736257177,-29.9205953930788));
#4966=CARTESIAN_POINT('Ctrl Pts',(-92.9639882141206,75.2581896086216,-29.9639231166553));
#4967=CARTESIAN_POINT('Ctrl Pts',(-92.9509847969717,75.2433039904645,-30.0066052028056));
#4968=CARTESIAN_POINT('Ctrl Pts',(-92.9352330372277,75.228721982181,-30.0483811588973));
#4969=CARTESIAN_POINT('Ctrl Pts',(-92.9251888249851,75.2194236695796,-30.0750198695202));
#4970=CARTESIAN_POINT('Ctrl Pts',(-92.9140261141337,75.2102488387342,-30.101289831442));
#4971=CARTESIAN_POINT('Ctrl Pts',(-92.9017678149939,75.2012250844252,-30.1271176678954));
#4972=CARTESIAN_POINT('Ctrl Pts',(-92.8829441990398,75.1873683752979,-30.1667784127327));
#4973=CARTESIAN_POINT('Ctrl Pts',(-92.8616126517395,75.1739198366323,-30.2052434820809));
#4974=CARTESIAN_POINT('Ctrl Pts',(-92.8378786980312,75.1609765733683,-30.2422558605696));
#4975=CARTESIAN_POINT('Ctrl Pts',(-92.8149873151245,75.1484928043731,-30.2779542755358));
#4976=CARTESIAN_POINT('Ctrl Pts',(-92.7898604282341,75.1364790898641,-30.312302041201));
#4977=CARTESIAN_POINT('Ctrl Pts',(-92.7625591000667,75.125023337741,-30.3450355984137));
#4978=CARTESIAN_POINT('Ctrl Pts',(-92.7352577718994,75.113567585618,-30.3777691556264));
#4979=CARTESIAN_POINT('Ctrl Pts',(-92.7057815958498,75.1026698099712,-30.4088894409576));
#4980=CARTESIAN_POINT('Ctrl Pts',(-92.674164835874,75.092418490402,-30.4380867720149));
#4981=CARTESIAN_POINT('Ctrl Pts',(-92.6578419474317,75.087126008002,-30.4531605739486));
#4982=CARTESIAN_POINT('Ctrl Pts',(-92.6410007480805,75.0820232883831,-30.4676723255009));
#4983=CARTESIAN_POINT('Ctrl Pts',(-92.6236526867401,75.0771202799112,-30.4815855074287));
#4984=CARTESIAN_POINT('Ctrl Pts',(-92.5895323309305,75.0674769894989,-30.5089501050345));
#4985=CARTESIAN_POINT('Ctrl Pts',(-92.5534523706941,75.0586063082425,-30.5340022059305));
#4986=CARTESIAN_POINT('Ctrl Pts',(-92.5156846450821,75.0505838051569,-30.5566363312884));
#4987=CARTESIAN_POINT('Ctrl Pts',(-92.4785832718058,75.0427028465669,-30.5788711129724));
#4988=CARTESIAN_POINT('Ctrl Pts',(-92.4398520581149,75.0356404103607,-30.5987727708969));
#4989=CARTESIAN_POINT('Ctrl Pts',(-92.3997375006805,75.0294673431682,-30.6161930941264));
#4990=CARTESIAN_POINT('Ctrl Pts',(-92.3863547296414,75.0274079225954,-30.6220047548332));
#4991=CARTESIAN_POINT('Ctrl Pts',(-92.3728179731482,75.0254474798767,-30.6275398255251));
#4992=CARTESIAN_POINT('Ctrl Pts',(-92.3591364246394,75.0235886220938,-30.6327914905506));
#4993=CARTESIAN_POINT('Ctrl Pts',(-92.3177745442228,75.0179689472975,-30.6486682563004));
#4994=CARTESIAN_POINT('Ctrl Pts',(-92.2754263610828,75.0133253289426,-30.6618295751263));
#4995=CARTESIAN_POINT('Ctrl Pts',(-92.2323859150193,75.0096885246651,-30.6721854692315));
#4996=CARTESIAN_POINT('Ctrl Pts',(-92.1904172314373,75.006142281493,-30.6822834882499));
#4997=CARTESIAN_POINT('Ctrl Pts',(-92.1477892377189,75.003553337603,-30.689714224844));
#4998=CARTESIAN_POINT('Ctrl Pts',(-92.1047657388388,75.0019486545312,-30.6943468888978));
#4999=CARTESIAN_POINT('Ctrl Pts',(-92.0700545459325,75.00065400242,-30.698084504383));
#5000=CARTESIAN_POINT('Ctrl Pts',(-92.0350855275917,75.0000000000001,-30.7000000000002));
#5001=CARTESIAN_POINT('Ctrl Pts',(-92.,75.0000000000001,-30.7000000000002));
#5002=CARTESIAN_POINT('Origin',(-89.,26.2817858884328,24.2191832289592));
#5003=CARTESIAN_POINT('',(-88.0000000000001,31.1807653739992,24.2191832289592));
#5004=CARTESIAN_POINT('',(-88.0000000000001,31.1807653739992,24.2191832289592));
#5005=CARTESIAN_POINT('',(-88.0000000000001,31.1807653739992,-20.7905709383979));
#5006=CARTESIAN_POINT('',(-88.0000000000001,31.1807653739992,24.2191832289592));
#5007=CARTESIAN_POINT('',(-86.508405570789,30.6167550002403,-20.7905709383979));
#5008=CARTESIAN_POINT('Origin',(-88.9999999999999,26.2817858884328,-20.7905709383979));
#5009=CARTESIAN_POINT('',(-84.3699637811047,28.1693145939468,-14.9553193784921));
#5010=CARTESIAN_POINT('Ctrl Pts',(-86.508405570789,30.6167550002403,-20.7905709383979));
#5011=CARTESIAN_POINT('Ctrl Pts',(-86.2206966045883,30.4513895641944,-19.9192495753435));
#5012=CARTESIAN_POINT('Ctrl Pts',(-85.9124748465522,30.2346539514245,-19.0825538485562));
#5013=CARTESIAN_POINT('Ctrl Pts',(-85.3127798883226,29.6844046185457,-17.4956933114573));
#5014=CARTESIAN_POINT('Ctrl Pts',(-84.975260592313,29.3037842840988,-16.6333479394184));
#5015=CARTESIAN_POINT('Ctrl Pts',(-84.5705932305612,28.6123146080911,-15.5346136923982));
#5016=CARTESIAN_POINT('Ctrl Pts',(-84.4639288050059,28.3998072278446,-15.2360121350491));
#5017=CARTESIAN_POINT('Ctrl Pts',(-84.3699637811314,28.169314593371,-14.955319378956));
#5018=CARTESIAN_POINT('',(-84.,26.2817858884328,-14.5157197448316));
#5019=CARTESIAN_POINT('Ctrl Pts',(-83.9999999999999,26.2817858884328,-14.5157197448316));
#5020=CARTESIAN_POINT('Ctrl Pts',(-83.9999999999999,26.9341132158256,-14.6572231893718));
#5021=CARTESIAN_POINT('Ctrl Pts',(-84.1272698772366,27.5738708568985,-14.8071160361476));
#5022=CARTESIAN_POINT('Ctrl Pts',(-84.3702017468353,28.1691784291095,-14.9554760962152));
#5023=CARTESIAN_POINT('',(-84.,26.2817858884328,16.6928105500094));
#5024=CARTESIAN_POINT('',(-84.,26.2817858884328,24.2191832289592));
#5025=CARTESIAN_POINT('',(-84.4188231155092,28.2849879134894,17.0869144534044));
#5026=CARTESIAN_POINT('Ctrl Pts',(-84.4190122118972,28.2848764904168,17.0873302266435));
#5027=CARTESIAN_POINT('Ctrl Pts',(-84.1434243544049,27.65472527909,16.9565599186887));
#5028=CARTESIAN_POINT('Ctrl Pts',(-84.,26.972293460339,16.821214442515));
#5029=CARTESIAN_POINT('Ctrl Pts',(-84.,26.2817858884328,16.6928105500094));
#5030=CARTESIAN_POINT('Ctrl Pts',(-84.418823115511,28.2849879134478,17.0869144534417));
#5031=CARTESIAN_POINT('Ctrl Pts',(-84.4683549229542,28.3982635434003,17.2106916300359));
#5032=CARTESIAN_POINT('Ctrl Pts',(-84.5200471969451,28.5050056334891,17.3352905771739));
#5033=CARTESIAN_POINT('Ctrl Pts',(-84.9940404907137,29.4084559265153,18.4488405268117));
#5034=CARTESIAN_POINT('Ctrl Pts',(-85.5796018973291,30.008129177075,19.6300106280307));
#5035=CARTESIAN_POINT('Ctrl Pts',(-86.791378011751,30.8209774319216,21.9771756418534));
#5036=CARTESIAN_POINT('Ctrl Pts',(-87.4106449622914,31.0604637806888,23.1352548135832));
#5037=CARTESIAN_POINT('Ctrl Pts',(-88.0000000000001,31.1807653739992,24.2191832289592));
#5038=CARTESIAN_POINT('Origin',(-93.,23.4582956991512,8.69596759838929));
#5039=CARTESIAN_POINT('',(-88.,23.4582956991512,18.7785223035167));
#5040=CARTESIAN_POINT('Ctrl Pts',(-88.,23.4582956991512,18.7785223035167));
#5041=CARTESIAN_POINT('Ctrl Pts',(-90.9980736785682,23.4582956991512,21.9565854621306));
#5042=CARTESIAN_POINT('Ctrl Pts',(-93.,23.4582956991512,24.2191832289592));
#5043=CARTESIAN_POINT('',(-88.,23.4582956991512,24.2191832289592));
#5044=CARTESIAN_POINT('',(-93.,23.4582956991512,24.2191832289592));
#5045=CARTESIAN_POINT('',(-88.,23.4582956991512,6.82534748634035));
#5046=CARTESIAN_POINT('Origin',(-88.,50.5143955001495,4.95472737429146));
#5047=CARTESIAN_POINT('',(-88.,26.3749071265333,20.1188214966411));
#5048=CARTESIAN_POINT('Origin',(-88.0000000000001,17.6997861757396,35.1531100567347));
#5049=CARTESIAN_POINT('Origin',(-88.,47.843795378226,38.4772503376541));
#5050=CARTESIAN_POINT('Origin',(-93.,47.843795378226,38.4772503376541));
#5051=CARTESIAN_POINT('Ctrl Pts',(-93.,23.4582956991512,24.2191832289592));
#5052=CARTESIAN_POINT('Ctrl Pts',(-92.1052662326225,23.9103545905155,23.4460292056088));
#5053=CARTESIAN_POINT('Ctrl Pts',(-91.1896115951395,24.4109156708724,22.6748428861278));
#5054=CARTESIAN_POINT('Ctrl Pts',(-89.5141487252824,25.4007301984977,21.3067963576604));
#5055=CARTESIAN_POINT('Ctrl Pts',(-88.7578395661287,25.8739179219861,20.7046930513844));
#5056=CARTESIAN_POINT('Ctrl Pts',(-88.,26.3749071265333,20.1188214966411));
#5057=CARTESIAN_POINT('Origin',(-90.5,19.4183850031237,-27.1717620648894));
#5058=CARTESIAN_POINT('Ctrl Pts',(-93.,19.8718103525837,-20.7905709383979));
#5059=CARTESIAN_POINT('Ctrl Pts',(-92.8834245683489,21.5165479234554,-20.7905709383979));
#5060=CARTESIAN_POINT('Ctrl Pts',(-91.844765539289,23.4582956991512,-20.7905709383979));
#5061=CARTESIAN_POINT('Ctrl Pts',(-90.6927878410641,25.6118899688741,-20.7905709383979));
#5062=CARTESIAN_POINT('Ctrl Pts',(-88.0000000000001,28.8618164324051,-20.7905709383979));
#5063=CARTESIAN_POINT('Ctrl Pts',(-87.3176094749929,29.6853937643674,-20.7905709383979));
#5064=CARTESIAN_POINT('Ctrl Pts',(-86.508405570789,30.6167550002403,-20.7905709383979));
#5065=CARTESIAN_POINT('',(-88.0000000000001,12.7915944662739,-17.8990254390021));
#5066=CARTESIAN_POINT('',(-88.0000000000001,12.7915944662739,-17.8990254390021));
#5067=CARTESIAN_POINT('',(-88.0000000000002,26.2227793149681,-18.0285560953571));
#5068=CARTESIAN_POINT('Origin',(-88.0000000000001,19.4183850031237,-27.1717620648894));
#5069=CARTESIAN_POINT('Ctrl Pts',(-84.3699637807374,28.1693145924044,-14.9553193777789));
#5070=CARTESIAN_POINT('Ctrl Pts',(-84.493995367815,28.4735593645733,-15.3258271113045));
#5071=CARTESIAN_POINT('Ctrl Pts',(-84.6658643311641,28.7087436453566,-15.7328708772091));
#5072=CARTESIAN_POINT('Ctrl Pts',(-85.082258536793,28.9764556594863,-16.510090535037));
#5073=CARTESIAN_POINT('Ctrl Pts',(-85.3106089296727,29.029593299143,-16.8710580029705));
#5074=CARTESIAN_POINT('Ctrl Pts',(-85.8018174367798,28.9785978718538,-17.5035455797603));
#5075=CARTESIAN_POINT('Ctrl Pts',(-86.0531172441267,28.8925336898455,-17.7744076200523));
#5076=CARTESIAN_POINT('Ctrl Pts',(-86.5461023473948,28.614204321711,-18.1944539069433));
#5077=CARTESIAN_POINT('Ctrl Pts',(-86.7818839349175,28.437857708207,-18.3511096143037));
#5078=CARTESIAN_POINT('Ctrl Pts',(-87.1996318276463,28.0352606633604,-18.5382876203158));
#5079=CARTESIAN_POINT('Ctrl Pts',(-87.3818955114527,27.82224789653,-18.5825574915224));
#5080=CARTESIAN_POINT('Ctrl Pts',(-87.6734737041543,27.3870771310287,-18.5711687903091));
#5081=CARTESIAN_POINT('Ctrl Pts',(-87.7857174065495,27.1745265770665,-18.5278221088672));
#5082=CARTESIAN_POINT('Ctrl Pts',(-87.9189154117718,26.8120737119701,-18.3906545104562));
#5083=CARTESIAN_POINT('Ctrl Pts',(-87.9558532467739,26.6690801611578,-18.3196237897756));
#5084=CARTESIAN_POINT('Ctrl Pts',(-87.9931392313128,26.4229725769304,-18.1714874557887));
#5085=CARTESIAN_POINT('Ctrl Pts',(-88.,26.3220983969776,-18.1024695781042));
#5086=CARTESIAN_POINT('Ctrl Pts',(-88.,26.222779314968,-18.028556095357));
#5087=CARTESIAN_POINT('Ctrl Pts',(-80.8,40.4512332884716,-7.39150196733707));
#5088=CARTESIAN_POINT('Ctrl Pts',(-80.8,40.4512332884716,-26.9124615277787));
#5089=CARTESIAN_POINT('Ctrl Pts',(-84.4,35.8159993312354,-7.39150196733708));
#5090=CARTESIAN_POINT('Ctrl Pts',(-84.4,35.8159993312354,-26.9124615277787));
#5091=CARTESIAN_POINT('Ctrl Pts',(-88.,31.1807653739992,-7.39150196733708));
#5092=CARTESIAN_POINT('Ctrl Pts',(-88.,31.1807653739992,-26.9124615277787));
#5093=CARTESIAN_POINT('Ctrl Pts',(-91.5034660726391,26.6698251217987,-7.39150196733709));
#5094=CARTESIAN_POINT('Ctrl Pts',(-91.5034660726391,26.6698251217987,-26.9124615277787));
#5095=CARTESIAN_POINT('Ctrl Pts',(-93.,23.4582956991512,-7.39150196733709));
#5096=CARTESIAN_POINT('Ctrl Pts',(-93.,23.4582956991512,-26.9124615277787));
#5097=CARTESIAN_POINT('Ctrl Pts',(-93.7568697819842,21.8340695259151,-7.39150196733708));
#5098=CARTESIAN_POINT('Ctrl Pts',(-93.7568697819842,21.8340695259151,-26.9124615277787));
#5099=CARTESIAN_POINT('Ctrl Pts',(-94.5137395639685,20.209843352679,-7.39150196733708));
#5100=CARTESIAN_POINT('Ctrl Pts',(-94.5137395639685,20.209843352679,-26.9124615277787));
#5101=CARTESIAN_POINT('Ctrl Pts',(-93.,23.4582956991512,-20.7905709383979));
#5102=CARTESIAN_POINT('Ctrl Pts',(-92.8933125599732,23.6872446366987,-20.7905709383979));
#5103=CARTESIAN_POINT('Ctrl Pts',(-92.7806587983593,23.9183165648097,-20.7905709383979));
#5104=CARTESIAN_POINT('Ctrl Pts',(-92.6619019156835,24.1519895914526,-20.7905709383979));
#5105=CARTESIAN_POINT('Ctrl Pts',(-92.5445310385783,24.3829354320216,-20.7905709383979));
#5106=CARTESIAN_POINT('Ctrl Pts',(-92.4211986311085,24.6164215901491,-20.7905709383979));
#5107=CARTESIAN_POINT('Ctrl Pts',(-92.2917231471393,24.8529214508932,-20.7905709383979));
#5108=CARTESIAN_POINT('Ctrl Pts',(-92.1656979526012,25.0831190145153,-20.7905709383979));
#5109=CARTESIAN_POINT('Ctrl Pts',(-92.0338526313065,25.3161714723814,-20.7905709383979));
#5110=CARTESIAN_POINT('Ctrl Pts',(-91.8959737226536,25.5525320334291,-20.7905709383979));
#5111=CARTESIAN_POINT('Ctrl Pts',(-91.7614617741702,25.783120742912,-20.7905709383979));
#5112=CARTESIAN_POINT('Ctrl Pts',(-91.6212072955249,26.0168576744754,-20.7905709383979));
#5113=CARTESIAN_POINT('Ctrl Pts',(-91.4749684420915,26.25418419378,-20.7905709383979));
#5114=CARTESIAN_POINT('Ctrl Pts',(-91.3322000149212,26.4858786654706,-20.7905709383979));
#5115=CARTESIAN_POINT('Ctrl Pts',(-91.1837278989967,26.7209941173357,-20.7905709383979));
#5116=CARTESIAN_POINT('Ctrl Pts',(-91.0292849140248,26.9599650348472,-20.7905709383979));
#5117=CARTESIAN_POINT('Ctrl Pts',(-90.8786869574598,27.192986507867,-20.7905709383979));
#5118=CARTESIAN_POINT('Ctrl Pts',(-90.722411779095,27.4296736344471,-20.7905709383979));
#5119=CARTESIAN_POINT('Ctrl Pts',(-90.5601706052965,27.6704556887504,-20.7905709383979));
#5120=CARTESIAN_POINT('Ctrl Pts',(-90.4020810393933,27.905076343612,-20.7905709383979));
#5121=CARTESIAN_POINT('Ctrl Pts',(-90.2383269645049,28.143584828492,-20.7905709383979));
#5122=CARTESIAN_POINT('Ctrl Pts',(-90.0686009425545,28.3864068869586,-20.7905709383979));
#5123=CARTESIAN_POINT('Ctrl Pts',(-89.9056055382423,28.6195996475081,-20.7905709383979));
#5124=CARTESIAN_POINT('Ctrl Pts',(-89.7371024231767,28.8567705365398,-20.7905709383979));
#5125=CARTESIAN_POINT('Ctrl Pts',(-89.5627814880858,29.0983255172965,-20.7905709383979));
#5126=CARTESIAN_POINT('Ctrl Pts',(-89.392354930954,29.3344840928971,-20.7905709383979));
#5127=CARTESIAN_POINT('Ctrl Pts',(-89.216367703136,29.5748328759008,-20.7905709383979));
#5128=CARTESIAN_POINT('Ctrl Pts',(-89.0344922847839,29.8197817072495,-20.7905709383979));
#5129=CARTESIAN_POINT('Ctrl Pts',(-88.8591880960821,30.0558804419884,-20.7905709383979));
#5130=CARTESIAN_POINT('Ctrl Pts',(-88.6784135436216,30.2962527246129,-20.7905709383979));
#5131=CARTESIAN_POINT('Ctrl Pts',(-88.4918390330397,30.5412961787835,-20.7905709383979));
#5132=CARTESIAN_POINT('Ctrl Pts',(-88.3322149876078,30.7509433987565,-20.7905709383979));
#5133=CARTESIAN_POINT('Ctrl Pts',(-88.1683450793677,30.964010143883,-20.7905709383979));
#5134=CARTESIAN_POINT('Ctrl Pts',(-88.,31.1807653739992,-20.7905709383979));
#5135=CARTESIAN_POINT('Origin',(-90.5000000000001,17.6997861757396,35.1531100567347));
#5136=CARTESIAN_POINT('',(-88.0000000000001,9.8937685868423,19.6497670165746));
#5137=CARTESIAN_POINT('Origin',(-88.0000000000001,17.6997861757396,35.1531100567347));
#5138=CARTESIAN_POINT('',(-88.0000000000001,9.8937685868423,19.6497670165746));
#5139=CARTESIAN_POINT('Ctrl Pts',(-80.8000000000001,40.4512332884716,35.1772432347246));
#5140=CARTESIAN_POINT('Ctrl Pts',(-80.8,40.4512332884716,0.458457889465489));
#5141=CARTESIAN_POINT('Ctrl Pts',(-84.4000000000001,35.8159993312354,35.1772432347246));
#5142=CARTESIAN_POINT('Ctrl Pts',(-84.4,35.8159993312354,0.458457889465484));
#5143=CARTESIAN_POINT('Ctrl Pts',(-88.0000000000001,31.1807653739992,35.1772432347246));
#5144=CARTESIAN_POINT('Ctrl Pts',(-88.0000000000001,31.1807653739992,0.458457889465476));
#5145=CARTESIAN_POINT('Ctrl Pts',(-91.5034660726392,26.6698251217987,35.1772432347246));
#5146=CARTESIAN_POINT('Ctrl Pts',(-91.5034660726392,26.6698251217987,0.458457889465471));
#5147=CARTESIAN_POINT('Ctrl Pts',(-93.,23.4582956991512,35.1772432347246));
#5148=CARTESIAN_POINT('Ctrl Pts',(-93.,23.4582956991512,0.458457889465471));
#5149=CARTESIAN_POINT('Ctrl Pts',(-93.7568697819843,21.8340695259151,35.1772432347246));
#5150=CARTESIAN_POINT('Ctrl Pts',(-93.7568697819842,21.8340695259151,0.458457889465476));
#5151=CARTESIAN_POINT('Ctrl Pts',(-94.5137395639686,20.209843352679,35.1772432347246));
#5152=CARTESIAN_POINT('Ctrl Pts',(-94.5137395639685,20.209843352679,0.458457889465476));
#5153=CARTESIAN_POINT('Ctrl Pts',(-93.0000000000001,23.4582956991511,24.2191832289592));
#5154=CARTESIAN_POINT('Ctrl Pts',(-92.8144546482192,23.8564720088127,24.2191832289592));
#5155=CARTESIAN_POINT('Ctrl Pts',(-92.4569414178953,24.5988408598856,24.2191832289591));
#5156=CARTESIAN_POINT('Ctrl Pts',(-90.7271881594047,27.5407175868729,24.2191832289591));
#5157=CARTESIAN_POINT('Ctrl Pts',(-89.325584819359,29.4739887718077,24.2191832289592));
#5158=CARTESIAN_POINT('Ctrl Pts',(-88.0000000000001,31.1807653739992,24.2191832289592));
#5159=CARTESIAN_POINT('Origin',(-88.9999999999999,42.4522503511269,39.0526815398847));
#5160=CARTESIAN_POINT('Ctrl Pts',(-88.000000000001,81.2239792173354,23.720467460166));
#5161=CARTESIAN_POINT('Ctrl Pts',(-89.67934645953,81.8563240656705,25.3195256837284));
#5162=CARTESIAN_POINT('Ctrl Pts',(-91.361749903075,82.3794354824541,26.9347732147334));
#5163=CARTESIAN_POINT('Ctrl Pts',(-93.,82.7943575464021,28.5247123669609));
#5164=CARTESIAN_POINT('Origin',(-92.,90.0000000000001,29.7000000000001));
#5165=CARTESIAN_POINT('',(-91.9999999999999,5.92118895512421E-14,30.6999999999971));
#5166=CARTESIAN_POINT('Origin',(-92.,5.32907051820075E-14,29.7000000000001));
#5167=CARTESIAN_POINT('',(-92.,90.0000000000001,30.7000000000001));
#5168=CARTESIAN_POINT('Origin',(-90.5000000000001,17.6997861757396,35.1531100567347));
#5169=CARTESIAN_POINT('',(-88.000000000945,26.4939082380227,20.188118470612));
#5170=CARTESIAN_POINT('Ctrl Pts',(-88.0000000000001,26.4939082370924,20.1881184700653));
#5171=CARTESIAN_POINT('Ctrl Pts',(-88.0000000000001,26.6920334466153,20.3045460180452));
#5172=CARTESIAN_POINT('Ctrl Pts',(-87.9774193712818,26.935239164776,20.4270968874077));
#5173=CARTESIAN_POINT('Ctrl Pts',(-87.8239857082967,27.4367238201747,20.569912055411));
#5174=CARTESIAN_POINT('Ctrl Pts',(-87.7249139135677,27.6537668283842,20.5977628456716));
#5175=CARTESIAN_POINT('Ctrl Pts',(-87.4688056991072,28.0785316095668,20.5818170515449));
#5176=CARTESIAN_POINT('Ctrl Pts',(-87.3122924103007,28.2783710724694,20.5333818833851));
#5177=CARTESIAN_POINT('Ctrl Pts',(-86.9473459809474,28.6537835330868,20.3558117469379));
#5178=CARTESIAN_POINT('Ctrl Pts',(-86.737923578246,28.8176127303922,20.2169906183492));
#5179=CARTESIAN_POINT('Ctrl Pts',(-86.2857281054783,29.0821176795625,19.8501611652334));
#5180=CARTESIAN_POINT('Ctrl Pts',(-86.0463659191604,29.1674232417992,19.6149452589205));
#5181=CARTESIAN_POINT('Ctrl Pts',(-85.5643829945294,29.2320632719488,19.0658404503318));
#5182=CARTESIAN_POINT('Ctrl Pts',(-85.3303031780734,29.1949318760836,18.7511559163774));
#5183=CARTESIAN_POINT('Ctrl Pts',(-84.9767779567819,29.0227201528041,18.2059609755493));
#5184=CARTESIAN_POINT('Ctrl Pts',(-84.8450500680626,28.9189066844552,17.9790011358185));
#5185=CARTESIAN_POINT('Ctrl Pts',(-84.6070030026303,28.6482824212395,17.5241968194287));
#5186=CARTESIAN_POINT('Ctrl Pts',(-84.5035476972716,28.4787468507298,17.2986363763832));
#5187=CARTESIAN_POINT('Ctrl Pts',(-84.418823115476,28.2849879133678,17.0869144533543));
#5188=CARTESIAN_POINT('Origin',(-88.0000000000001,17.6997861757396,35.1531100567347));
#5189=CARTESIAN_POINT('Origin',(-69.2241220220043,91.7165133667096,0.059872893820022));
#5190=CARTESIAN_POINT('',(-73.,92.9165133667096,0.0598728938200115));
#5191=CARTESIAN_POINT('Origin',(-73.,91.7165133667096,0.0598728938200199));
#5192=CARTESIAN_POINT('',(-68.9999999999999,92.9165133667096,0.0598728938200135));
#5193=CARTESIAN_POINT('',(-69.2241220220043,92.9165133667096,0.0598728938200133));
#5194=CARTESIAN_POINT('Origin',(-68.9999999999999,91.7165133667096,0.0598728938200221));
#5195=CARTESIAN_POINT('Ctrl Pts',(-79.5088084058536,38.2191740443225,-26.2731308966833));
#5196=CARTESIAN_POINT('Ctrl Pts',(-79.0848493472122,35.6745718323065,-26.3526144618904));
#5197=CARTESIAN_POINT('Ctrl Pts',(-78.1545386150298,30.612755365497,-26.5532582452371));
#5198=CARTESIAN_POINT('Ctrl Pts',(-76.5006775701087,23.1230282705881,-27.0643698215121));
#5199=CARTESIAN_POINT('Ctrl Pts',(-74.9681482625021,17.0513366163806,-27.9911035147347));
#5200=CARTESIAN_POINT('Ctrl Pts',(-73.8912000502886,12.1177234106024,-29.1263523354045));
#5201=CARTESIAN_POINT('Ctrl Pts',(-73.2034798574918,8.2532800430977,-29.956334618272));
#5202=CARTESIAN_POINT('Ctrl Pts',(-72.5949108166258,4.20035103000574,-30.5566227933184));
#5203=CARTESIAN_POINT('Ctrl Pts',(-72.2054462930545,1.41828180717385,-30.6989737305207));
#5204=CARTESIAN_POINT('Ctrl Pts',(-72.0028451240433,0.0196371233226002,
-30.6999967755715));
#5205=CARTESIAN_POINT('Ctrl Pts',(-72.0014227641958,0.00981839236449372,
-30.7000000000002));
#5206=CARTESIAN_POINT('Ctrl Pts',(-72.,1.77974133008123E-14,-30.7000000000002));
#5207=CARTESIAN_POINT('Ctrl Pts',(-79.6654927307359,38.1924958364777,-27.650579698403));
#5208=CARTESIAN_POINT('Ctrl Pts',(-79.2617539005035,35.642630948361,-27.7122687724193));
#5209=CARTESIAN_POINT('Ctrl Pts',(-78.3783421422455,30.5663738578185,-27.8677108544388));
#5210=CARTESIAN_POINT('Ctrl Pts',(-76.8322696621943,23.0393581936317,-28.2549200960812));
#5211=CARTESIAN_POINT('Ctrl Pts',(-75.4432011907295,16.8924030872577,-28.9265024627015));
#5212=CARTESIAN_POINT('Ctrl Pts',(-74.3999179668955,11.901548236324,-29.696107697121));
#5213=CARTESIAN_POINT('Ctrl Pts',(-73.6317216607122,8.04471056362487,-30.2342417847793));
#5214=CARTESIAN_POINT('Ctrl Pts',(-72.8398519386329,4.07006740896608,-30.6113606068065));
#5215=CARTESIAN_POINT('Ctrl Pts',(-72.2875504906668,1.3742915683627,-30.6993195159158));
#5216=CARTESIAN_POINT('Ctrl Pts',(-72.003981546258,0.0190278988427037,-30.6999982215824));
#5217=CARTESIAN_POINT('Ctrl Pts',(-72.0019909801357,0.00951380442145216,
-30.7000000000002));
#5218=CARTESIAN_POINT('Ctrl Pts',(-72.,1.77974133008123E-14,-30.7000000000002));
#5219=CARTESIAN_POINT('Ctrl Pts',(-80.984752354528,37.9678691390006,-29.9194902756832));
#5220=CARTESIAN_POINT('Ctrl Pts',(-80.5863407137303,35.4005582200265,-29.9373062582015));
#5221=CARTESIAN_POINT('Ctrl Pts',(-79.7177656905575,30.2846243322375,-29.9812957597944));
#5222=CARTESIAN_POINT('Ctrl Pts',(-78.1864255180915,22.6825118333714,-30.0896176966997));
#5223=CARTESIAN_POINT('Ctrl Pts',(-76.7557245642177,16.4398509476033,-30.2693112817444));
#5224=CARTESIAN_POINT('Ctrl Pts',(-75.4943060875353,11.4320848908607,-30.4623997526922));
#5225=CARTESIAN_POINT('Ctrl Pts',(-74.4396204143711,7.64967975332571,-30.5917923235536));
#5226=CARTESIAN_POINT('Ctrl Pts',(-73.2675361094509,3.8421877707629,-30.6797750575211));
#5227=CARTESIAN_POINT('Ctrl Pts',(-72.4311588267915,1.29732810694729,-30.6998562007196));
#5228=CARTESIAN_POINT('Ctrl Pts',(-72.0059706398882,0.017961662692974,-30.6999995262344));
#5229=CARTESIAN_POINT('Ctrl Pts',(-72.0029853580306,0.00898077552112941,
-30.7000000000002));
#5230=CARTESIAN_POINT('Ctrl Pts',(-72.,1.77974133008123E-14,-30.7000000000002));
#5231=CARTESIAN_POINT('Ctrl Pts',(-83.3801941123467,37.5600038777939,-30.7000000000002));
#5232=CARTESIAN_POINT('Ctrl Pts',(-82.9503667058294,34.9682610122128,-30.699859517161));
#5233=CARTESIAN_POINT('Ctrl Pts',(-82.0040911752959,29.8023195938641,-30.700186796108));
#5234=CARTESIAN_POINT('Ctrl Pts',(-80.2751859196832,22.1250782904622,-30.7001067884349));
#5235=CARTESIAN_POINT('Ctrl Pts',(-78.4906219754101,15.8340294034268,-30.6998396637378));
#5236=CARTESIAN_POINT('Ctrl Pts',(-76.7567660202269,10.8880269978616,-30.6998219125375));
#5237=CARTESIAN_POINT('Ctrl Pts',(-75.2946448134966,7.23094412419389,-30.6998637016419));
#5238=CARTESIAN_POINT('Ctrl Pts',(-73.6954402927579,3.6141329236543,-30.6999393395257));
#5239=CARTESIAN_POINT('Ctrl Pts',(-72.5748349728535,1.22034160203627,-30.6999929068429));
#5240=CARTESIAN_POINT('Ctrl Pts',(-72.0079594073662,0.0168955373224234,
-30.7000000340615));
#5241=CARTESIAN_POINT('Ctrl Pts',(-72.0039797359254,0.00844774662080667,
-30.7000000000002));
#5242=CARTESIAN_POINT('Ctrl Pts',(-72.,1.77974133008123E-14,-30.7000000000002));
#5243=CARTESIAN_POINT('Ctrl Pts',(-84.4053808920321,37.3854481523971,-30.7000000000002));
#5244=CARTESIAN_POINT('Ctrl Pts',(-83.9623123543873,34.7832533160192,-30.7000000000002));
#5245=CARTESIAN_POINT('Ctrl Pts',(-82.9824571079121,29.5959479493775,-30.7000000000002));
#5246=CARTESIAN_POINT('Ctrl Pts',(-81.1692939761417,21.8865168921907,-30.7000000000002));
#5247=CARTESIAN_POINT('Ctrl Pts',(-79.2339187598971,15.5745622367712,-30.7000000000003));
#5248=CARTESIAN_POINT('Ctrl Pts',(-77.2979911185305,10.6548443807605,-30.7000000000002));
#5249=CARTESIAN_POINT('Ctrl Pts',(-75.6612965984369,7.0514275980309,-30.7000000000003));
#5250=CARTESIAN_POINT('Ctrl Pts',(-73.8789309064199,3.51636324303333,-30.7000000000002));
#5251=CARTESIAN_POINT('Ctrl Pts',(-72.6364221379474,1.18734393099253,-30.7000000000005));
#5252=CARTESIAN_POINT('Ctrl Pts',(-72.0088116802359,0.0164386430317742,
-30.7000000000002));
#5253=CARTESIAN_POINT('Ctrl Pts',(-72.0044058978804,0.00821930566352549,
-30.7000000000002));
#5254=CARTESIAN_POINT('Ctrl Pts',(-72.,1.77974133008123E-14,-30.7000000000002));
#5255=CARTESIAN_POINT('',(-83.2516076009422,31.1807653740183,-30.7000000000002));
#5256=CARTESIAN_POINT('Ctrl Pts',(-83.2516076009344,31.180765373999,-30.7000000000002));
#5257=CARTESIAN_POINT('Ctrl Pts',(-82.8381802309406,31.180765373999,-30.7000000000002));
#5258=CARTESIAN_POINT('Ctrl Pts',(-82.4343433468811,31.2413463841252,-30.650531020306));
#5259=CARTESIAN_POINT('Ctrl Pts',(-81.6695766383393,31.4909979721311,-30.4509518341798));
#5260=CARTESIAN_POINT('Ctrl Pts',(-81.3278328554164,31.6745701181195,-30.3055077388731));
#5261=CARTESIAN_POINT('Ctrl Pts',(-80.6577378851068,32.192890665171,-29.9076163923866));
#5262=CARTESIAN_POINT('Ctrl Pts',(-80.3664447404479,32.5439156816833,-29.6457635319463));
#5263=CARTESIAN_POINT('Ctrl Pts',(-79.8280221671905,33.4590717985367,-28.9949405448998));
#5264=CARTESIAN_POINT('Ctrl Pts',(-79.6038472055297,34.1165131696211,-28.5485812188218));
#5265=CARTESIAN_POINT('Ctrl Pts',(-79.3508487892411,35.8495635267759,-27.4874282171367));
#5266=CARTESIAN_POINT('Ctrl Pts',(-79.3612362601616,36.9351139459426,-26.8802460330326));
#5267=CARTESIAN_POINT('Ctrl Pts',(-79.5088084058536,38.2191740443224,-26.2731308966833));
#5268=CARTESIAN_POINT('Ctrl Pts',(-72.,1.77974133008123E-14,-30.7000000000002));
#5269=CARTESIAN_POINT('Ctrl Pts',(-72.0044058978804,0.00821930566352549,
-30.7000000000002));
#5270=CARTESIAN_POINT('Ctrl Pts',(-72.0088116802359,0.0164386430317742,
-30.7000000000002));
#5271=CARTESIAN_POINT('Ctrl Pts',(-72.6364221379474,1.18734393099253,-30.7000000000005));
#5272=CARTESIAN_POINT('Ctrl Pts',(-73.8789309064199,3.51636324303333,-30.7000000000002));
#5273=CARTESIAN_POINT('Ctrl Pts',(-75.6612965984369,7.0514275980309,-30.7000000000003));
#5274=CARTESIAN_POINT('Ctrl Pts',(-77.2979911185305,10.6548443807605,-30.7000000000002));
#5275=CARTESIAN_POINT('Ctrl Pts',(-79.2339187598971,15.5745622367712,-30.7000000000003));
#5276=CARTESIAN_POINT('Ctrl Pts',(-81.1692939761417,21.8865168921907,-30.7000000000002));
#5277=CARTESIAN_POINT('Ctrl Pts',(-82.5007007465928,27.547556721432,-30.7000000000002));
#5278=CARTESIAN_POINT('Ctrl Pts',(-83.1449094944829,30.6560357994941,-30.7000000000002));
#5279=CARTESIAN_POINT('Ctrl Pts',(-83.2513031739798,31.1808270920865,-30.7000000000002));
#5280=CARTESIAN_POINT('Origin',(-92.9999999999998,53.0903826869996,-57.7260209490848));
#5281=CARTESIAN_POINT('',(-92.,31.180765373999,-30.7000000000002));
#5282=CARTESIAN_POINT('',(-92.9999999999998,31.180765373999,-30.7000000000002));
#5283=CARTESIAN_POINT('Origin',(-91.9999999999999,53.0903826869996,-57.7260209490848));
#5284=CARTESIAN_POINT('Ctrl Pts',(-72.,3.75965548251725E-15,30.7000000000001));
#5285=CARTESIAN_POINT('Ctrl Pts',(-72.0007138052078,0.00492591803813041,
30.7000000000001));
#5286=CARTESIAN_POINT('Ctrl Pts',(-72.0014274788535,0.00985206338421639,
30.6999990058573));
#5287=CARTESIAN_POINT('Ctrl Pts',(-72.2653443439629,1.83127445372125,30.6994277748112));
#5288=CARTESIAN_POINT('Ctrl Pts',(-72.7699143375544,5.47477934093696,30.4530760385275));
#5289=CARTESIAN_POINT('Ctrl Pts',(-73.4623696518606,9.80828758449956,29.6364495078665));
#5290=CARTESIAN_POINT('Ctrl Pts',(-74.107455890757,13.1082146346261,28.895123617935));
#5291=CARTESIAN_POINT('Ctrl Pts',(-74.6380176851717,15.5283338952041,28.3602387478313));
#5292=CARTESIAN_POINT('Ctrl Pts',(-75.2050372208003,17.9218759018205,27.8913471938401));
#5293=CARTESIAN_POINT('Ctrl Pts',(-75.7882304078602,20.3142477253121,27.5069456714368));
#5294=CARTESIAN_POINT('Ctrl Pts',(-76.3692815071339,22.7201467120701,27.2012753765489));
#5295=CARTESIAN_POINT('Ctrl Pts',(-76.9350798051609,25.1431109018253,26.9601517373314));
#5296=CARTESIAN_POINT('Ctrl Pts',(-77.4787703390972,27.5838737671633,26.7683487081422));
#5297=CARTESIAN_POINT('Ctrl Pts',(-78.1697279233524,30.8593705307873,26.56256069563));
#5298=CARTESIAN_POINT('Ctrl Pts',(-78.9660056954553,34.9874142846669,26.3746757754033));
#5299=CARTESIAN_POINT('Ctrl Pts',(-79.8133260886862,39.9793357332143,26.2141506067206));
#5300=CARTESIAN_POINT('Ctrl Pts',(-80.5555548266627,44.9930688242815,26.0947350097039));
#5301=CARTESIAN_POINT('Ctrl Pts',(-80.983519027058,48.3502589238822,26.0331813149019));
#5302=CARTESIAN_POINT('Ctrl Pts',(-81.181272080745,50.0318116036993,26.0055495011609));
#5303=CARTESIAN_POINT('Ctrl Pts',(-72.,3.75965548251725E-15,30.7000000000001));
#5304=CARTESIAN_POINT('Ctrl Pts',(-72.000993055622,0.00477833204585205,
30.700000495716));
#5305=CARTESIAN_POINT('Ctrl Pts',(-72.0020033221075,0.0095414723501527,
30.6999996986772));
#5306=CARTESIAN_POINT('Ctrl Pts',(-72.3709357109192,1.77466197810316,30.698682997874));
#5307=CARTESIAN_POINT('Ctrl Pts',(-73.0897103355277,5.30532778938158,30.5489659669577));
#5308=CARTESIAN_POINT('Ctrl Pts',(-73.9355081512034,9.58922057284613,30.0300127162407));
#5309=CARTESIAN_POINT('Ctrl Pts',(-74.6080761852205,12.9044203999013,29.5397029854113));
#5310=CARTESIAN_POINT('Ctrl Pts',(-75.1228524747289,15.3502034643206,29.1759820996765));
#5311=CARTESIAN_POINT('Ctrl Pts',(-75.6504195734927,17.7746519690735,28.8488231852724));
#5312=CARTESIAN_POINT('Ctrl Pts',(-76.1859524004758,20.1951534508833,28.5742569998461));
#5313=CARTESIAN_POINT('Ctrl Pts',(-76.7194557594178,22.6245642443465,28.351742240703));
#5314=CARTESIAN_POINT('Ctrl Pts',(-77.242099466223,25.0661119698605,28.1733708350724));
#5315=CARTESIAN_POINT('Ctrl Pts',(-77.7478769375125,27.5215521847824,28.0297025347552));
#5316=CARTESIAN_POINT('Ctrl Pts',(-78.3951170597278,30.8124415527597,27.8738340477278));
#5317=CARTESIAN_POINT('Ctrl Pts',(-79.147875098464,34.9539624959999,27.7295518931484));
#5318=CARTESIAN_POINT('Ctrl Pts',(-79.9555249095404,39.9566492449744,27.60480207996));
#5319=CARTESIAN_POINT('Ctrl Pts',(-80.6668111198272,44.9777773429021,27.5111220750289));
#5320=CARTESIAN_POINT('Ctrl Pts',(-81.0782735342967,48.3384309600793,27.4625070393549));
#5321=CARTESIAN_POINT('Ctrl Pts',(-81.2685218371836,50.0214625111425,27.4406227016522));
#5322=CARTESIAN_POINT('Ctrl Pts',(-72.0000000000001,3.75965548251725E-15,
30.7000000000001));
#5323=CARTESIAN_POINT('Ctrl Pts',(-72.0014932529567,0.00450682467835934,
30.7000004592276));
#5324=CARTESIAN_POINT('Ctrl Pts',(-72.0029999146738,0.00901040500806348,
30.6999997604067));
#5325=CARTESIAN_POINT('Ctrl Pts',(-72.556462664863,1.67509431662728,30.6995142853119));
#5326=CARTESIAN_POINT('Ctrl Pts',(-73.6489954067428,5.00822575161433,30.6655027547163));
#5327=CARTESIAN_POINT('Ctrl Pts',(-74.8724213227606,9.15282731872379,30.5430444579251));
#5328=CARTESIAN_POINT('Ctrl Pts',(-75.7474375071452,12.4385498984968,30.4229872268219));
#5329=CARTESIAN_POINT('Ctrl Pts',(-76.3643223359872,14.8922845681131,30.3315238611747));
#5330=CARTESIAN_POINT('Ctrl Pts',(-76.9515717393892,17.3423715863711,30.247165823209));
#5331=CARTESIAN_POINT('Ctrl Pts',(-77.5172957947934,19.7948500040435,30.1746905399068));
#5332=CARTESIAN_POINT('Ctrl Pts',(-78.063205877228,22.2562267166751,30.1148155324753));
#5333=CARTESIAN_POINT('Ctrl Pts',(-78.5885245873795,24.7272677512128,30.066025195456));
#5334=CARTESIAN_POINT('Ctrl Pts',(-79.0919701080609,27.2091978398784,30.0262165182131));
#5335=CARTESIAN_POINT('Ctrl Pts',(-79.7328888603148,30.5317325909531,29.9825327589009));
#5336=CARTESIAN_POINT('Ctrl Pts',(-80.4753530301372,34.7070578099306,29.9415114935758));
#5337=CARTESIAN_POINT('Ctrl Pts',(-81.2711704183726,39.7443428809059,29.905598602318));
#5338=CARTESIAN_POINT('Ctrl Pts',(-81.971948503212,44.7961829882252,29.878365488089));
#5339=CARTESIAN_POINT('Ctrl Pts',(-82.3773068840427,48.1756024962599,29.8641307864782));
#5340=CARTESIAN_POINT('Ctrl Pts',(-82.5647005422388,49.8677168282158,29.8577048968999));
#5341=CARTESIAN_POINT('Ctrl Pts',(-72.,3.75965548251725E-15,30.7000000000001));
#5342=CARTESIAN_POINT('Ctrl Pts',(-72.0019956837754,0.00423716477205519,
30.7000000000001));
#5343=CARTESIAN_POINT('Ctrl Pts',(-72.0039942498614,0.00847758971955572,
30.7000000000001));
#5344=CARTESIAN_POINT('Ctrl Pts',(-72.7422004809304,1.57564342833763,30.7000000000023));
#5345=CARTESIAN_POINT('Ctrl Pts',(-74.207787348864,4.7107319516855,30.6999999999999));
#5346=CARTESIAN_POINT('Ctrl Pts',(-75.8940672448973,8.67484027756486,30.7000000000005));
#5347=CARTESIAN_POINT('Ctrl Pts',(-77.1057242777152,11.8820216701741,30.7000000000002));
#5348=CARTESIAN_POINT('Ctrl Pts',(-77.9459399655615,14.3075512772119,30.7000000000002));
#5349=CARTESIAN_POINT('Ctrl Pts',(-78.7204357082272,16.7534933711171,30.7000000000001));
#5350=CARTESIAN_POINT('Ctrl Pts',(-79.4359451434771,19.2169577219788,30.7000000000001));
#5351=CARTESIAN_POINT('Ctrl Pts',(-80.0996821600511,21.6972635763143,30.7000000000001));
#5352=CARTESIAN_POINT('Ctrl Pts',(-80.7175075226547,24.1909191718316,30.7000000000001));
#5353=CARTESIAN_POINT('Ctrl Pts',(-81.2945862016637,26.6969050783525,30.7000000000001));
#5354=CARTESIAN_POINT('Ctrl Pts',(-82.0147228980991,30.0521382022864,30.7000000000001));
#5355=CARTESIAN_POINT('Ctrl Pts',(-82.8301487172524,34.2682542792611,30.7000000000001));
#5356=CARTESIAN_POINT('Ctrl Pts',(-83.6891743946081,39.3535726052709,30.7000000000001));
#5357=CARTESIAN_POINT('Ctrl Pts',(-84.4376080987251,44.4526919296067,30.7000000000001));
#5358=CARTESIAN_POINT('Ctrl Pts',(-84.8677991605156,47.8633119261738,30.7000000000001));
#5359=CARTESIAN_POINT('Ctrl Pts',(-85.0663719804991,49.5709821401412,30.7000000000001));
#5360=CARTESIAN_POINT('Ctrl Pts',(-72.,3.75965548251725E-15,30.7000000000001));
#5361=CARTESIAN_POINT('Ctrl Pts',(-72.0022104526458,0.00412365129655614,
30.7000000000001));
#5362=CARTESIAN_POINT('Ctrl Pts',(-72.0044209401488,0.00824728113102106,
30.7000000000001));
#5363=CARTESIAN_POINT('Ctrl Pts',(-72.8217537517868,1.53313331957929,30.7000000000023));
#5364=CARTESIAN_POINT('Ctrl Pts',(-74.447306395903,4.58317011656484,30.6999999999999));
#5365=CARTESIAN_POINT('Ctrl Pts',(-76.3318970607618,8.46997309090576,30.7000000000005));
#5366=CARTESIAN_POINT('Ctrl Pts',(-77.6877120949157,11.6436193623094,30.7000000000002));
#5367=CARTESIAN_POINT('Ctrl Pts',(-78.6235426954015,14.0570181884976,30.7000000000002));
#5368=CARTESIAN_POINT('Ctrl Pts',(-79.4781342889896,16.5012695084912,30.7000000000001));
#5369=CARTESIAN_POINT('Ctrl Pts',(-80.2576977757593,18.9694414064317,30.7000000000001));
#5370=CARTESIAN_POINT('Ctrl Pts',(-80.9717970548829,21.4578986887569,30.7000000000001));
#5371=CARTESIAN_POINT('Ctrl Pts',(-81.6291480614606,23.9612504887292,30.7000000000001));
#5372=CARTESIAN_POINT('Ctrl Pts',(-82.2376908845239,26.4775579595983,30.7000000000001));
#5373=CARTESIAN_POINT('Ctrl Pts',(-82.9916540848809,29.8468068985423,30.7000000000001));
#5374=CARTESIAN_POINT('Ctrl Pts',(-83.8382449882128,34.0804016907513,30.7000000000001));
#5375=CARTESIAN_POINT('Ctrl Pts',(-84.7242652853294,39.1862941336082,30.7000000000001));
#5376=CARTESIAN_POINT('Ctrl Pts',(-85.4930433672898,44.3056602334429,30.7000000000001));
#5377=CARTESIAN_POINT('Ctrl Pts',(-85.9338409759554,47.7296366213321,30.7000000000001));
#5378=CARTESIAN_POINT('Ctrl Pts',(-86.1371856633941,49.4439680329645,30.7000000000001));
#5379=CARTESIAN_POINT('Ctrl Pts',(-83.2516487927038,31.1807570259076,30.7000000000001));
#5380=CARTESIAN_POINT('Ctrl Pts',(-83.1045211035262,30.4548295825465,30.7000000000001));
#5381=CARTESIAN_POINT('Ctrl Pts',(-82.7763815549617,28.8848146651405,30.7000000000001));
#5382=CARTESIAN_POINT('Ctrl Pts',(-82.2376908845239,26.4775579595983,30.7000000000001));
#5383=CARTESIAN_POINT('Ctrl Pts',(-81.6291480614606,23.9612504887292,30.7000000000001));
#5384=CARTESIAN_POINT('Ctrl Pts',(-80.9717970548829,21.4578986887569,30.7000000000001));
#5385=CARTESIAN_POINT('Ctrl Pts',(-80.2576977757593,18.9694414064317,30.7000000000001));
#5386=CARTESIAN_POINT('Ctrl Pts',(-79.4781342889896,16.5012695084912,30.7000000000001));
#5387=CARTESIAN_POINT('Ctrl Pts',(-78.6235426954015,14.0570181884976,30.7000000000002));
#5388=CARTESIAN_POINT('Ctrl Pts',(-77.6877120949157,11.6436193623094,30.7000000000002));
#5389=CARTESIAN_POINT('Ctrl Pts',(-76.3318970607618,8.46997309090576,30.7000000000005));
#5390=CARTESIAN_POINT('Ctrl Pts',(-74.447306395903,4.58317011656484,30.6999999999999));
#5391=CARTESIAN_POINT('Ctrl Pts',(-72.8217537517868,1.53313331957929,30.7000000000023));
#5392=CARTESIAN_POINT('Ctrl Pts',(-72.0044209401488,0.00824728113102106,
30.7000000000001));
#5393=CARTESIAN_POINT('Ctrl Pts',(-72.0022104526458,0.00412365129655614,
30.7000000000001));
#5394=CARTESIAN_POINT('Ctrl Pts',(-72.,3.75965548251725E-15,30.7000000000001));
#5395=CARTESIAN_POINT('Origin',(-70.,90.0000000000001,30.7000000000001));
#5396=CARTESIAN_POINT('',(3792.80484253255,-5.69145448692201E-12,30.7000000000001));
#5397=CARTESIAN_POINT('Origin',(-90.5,75.0000078634874,-14.8677469134025));
#5398=CARTESIAN_POINT('',(-88.,108.59492287916,5.11148713206712));
#5399=CARTESIAN_POINT('',(-88.,108.59492287916,5.11148713206712));
#5400=CARTESIAN_POINT('Origin',(-88.,75.0000078634874,-14.8677469134025));
#5401=CARTESIAN_POINT('Origin',(-90.5,75.0000100415157,23.5651607153576));
#5402=CARTESIAN_POINT('',(-88.,107.276803245071,-6.85916427362174));
#5403=CARTESIAN_POINT('Origin',(-88.,75.0000100415157,23.5651607153576));
#5404=CARTESIAN_POINT('',(-88.,107.276803245071,-6.85916427362174));
#5405=CARTESIAN_POINT('Origin',(-90.5,100.,4.41307464591009E-14));
#5406=CARTESIAN_POINT('',(-88.,110.,4.50759166461916E-14));
#5407=CARTESIAN_POINT('Origin',(-88.,100.,4.6300563445339E-14));
#5408=CARTESIAN_POINT('Origin',(-88.,100.,4.6300563445339E-14));
#5409=CARTESIAN_POINT('Origin',(-93.,75.0000078634874,-14.8677469134025));
#5410=CARTESIAN_POINT('',(-93.,108.59492287916,5.11148713206712));
#5411=CARTESIAN_POINT('Origin',(-68.9999999999999,100.,6.04703769328736E-14));
#5412=CARTESIAN_POINT('',(-73.5,110.,5.58897216761522E-14));
#5413=CARTESIAN_POINT('',(-73.5,100.,10.0000000000001));
#5414=CARTESIAN_POINT('Origin',(-73.5,100.,5.71143684752996E-14));
#5415=CARTESIAN_POINT('',(-68.9999999999999,110.,5.92457301337262E-14));
#5416=CARTESIAN_POINT('',(-93.,107.276803245071,-6.85916427362175));
#5417=CARTESIAN_POINT('Origin',(-73.5,100.,5.71143684752996E-14));
#5418=CARTESIAN_POINT('Origin',(-93.,75.0000100415157,23.5651607153576));
#5419=CARTESIAN_POINT('Origin',(-37.4532786223506,57.2326994606394,10.9968389948049));
#5420=CARTESIAN_POINT('',(-74.8154610053604,81.0773270477255,10.9968389948049));
#5421=CARTESIAN_POINT('Origin',(-37.4532786223506,57.2326994606394,10.9968389948049));
#5422=CARTESIAN_POINT('',(-76.5013785596207,82.1532833666516,12.9968389948049));
#5423=CARTESIAN_POINT('Origin',(-76.5013785596207,82.1532833666516,10.9968389948049));
#5424=CARTESIAN_POINT('Origin',(-37.4532786223506,57.2326994606394,12.9968389948049));
#5425=CARTESIAN_POINT('Ctrl Pts',(-75.1835839830862,84.6917327882232,12.9968389948049));
#5426=CARTESIAN_POINT('Ctrl Pts',(-75.5462625823108,83.8086689651741,12.9968389948049));
#5427=CARTESIAN_POINT('Ctrl Pts',(-75.987810519721,82.9579938911812,12.9968389948049));
#5428=CARTESIAN_POINT('Ctrl Pts',(-76.5013785596207,82.1532833666516,12.9968389948049));
#5429=CARTESIAN_POINT('Ctrl Pts',(-74.634077851505,84.4660479522404,12.9968389948049));
#5430=CARTESIAN_POINT('Ctrl Pts',(-75.0085449383761,83.5495298945902,12.9969114451009));
#5431=CARTESIAN_POINT('Ctrl Pts',(-75.4651665022276,82.6668686569171,12.9967893786073));
#5432=CARTESIAN_POINT('Ctrl Pts',(-75.9969532069519,81.8313579888305,12.9968389948049));
#5433=CARTESIAN_POINT('Ctrl Pts',(-73.6824458314556,84.0752080616229,12.5024081356205));
#5434=CARTESIAN_POINT('Ctrl Pts',(-74.0773761109139,83.1012837047722,12.4992746285633));
#5435=CARTESIAN_POINT('Ctrl Pts',(-74.560455489875,82.1623514140203,12.4968201713765));
#5436=CARTESIAN_POINT('Ctrl Pts',(-75.1236627589856,81.2740220898284,12.4946983041334));
#5437=CARTESIAN_POINT('Ctrl Pts',(-73.3383677009321,83.9338935029864,11.4651951321179));
#5438=CARTESIAN_POINT('Ctrl Pts',(-73.7440648656383,82.9403613890099,11.4572481948164));
#5439=CARTESIAN_POINT('Ctrl Pts',(-74.2390108374659,81.9831872626263,11.4509883366087));
#5440=CARTESIAN_POINT('Ctrl Pts',(-74.8154610053604,81.0773270477255,11.4456379453178));
#5441=CARTESIAN_POINT('Ctrl Pts',(-73.333658970182,83.9319596044074,11.0196897231442));
#5442=CARTESIAN_POINT('Ctrl Pts',(-73.7413512151816,82.9390158697898,11.0104147011225));
#5443=CARTESIAN_POINT('Ctrl Pts',(-74.237872043516,81.9823520499415,11.0030644450238));
#5444=CARTESIAN_POINT('Ctrl Pts',(-74.8154610053604,81.0773270477255,10.9968389948049));
#5445=CARTESIAN_POINT('',(-73.333658970182,83.9319596044074,11.0196897231442));
#5446=CARTESIAN_POINT('Origin',(-75.1835839830862,84.6917327882232,10.9968389948049));
#5447=CARTESIAN_POINT('Ctrl Pts',(-75.1835839830862,84.6917327882232,12.9968389948049));
#5448=CARTESIAN_POINT('Ctrl Pts',(-75.5462625823108,83.8086689651741,12.9968389948049));
#5449=CARTESIAN_POINT('Ctrl Pts',(-75.987810519721,82.9579938911812,12.9968389948049));
#5450=CARTESIAN_POINT('Ctrl Pts',(-76.5013785596207,82.1532833666516,12.9968389948049));
#5451=CARTESIAN_POINT('Ctrl Pts',(-74.8154610053604,81.0773270477255,10.9968389948049));
#5452=CARTESIAN_POINT('Ctrl Pts',(-74.237872043516,81.9823520499415,11.0030644450238));
#5453=CARTESIAN_POINT('Ctrl Pts',(-73.7413512151816,82.9390158697898,11.0104147011225));
#5454=CARTESIAN_POINT('Ctrl Pts',(-73.333658970182,83.9319596044074,11.0196897231442));
#5455=CARTESIAN_POINT('Ctrl Pts',(-73.9812726979896,90.3459613482899,12.9968389948049));
#5456=CARTESIAN_POINT('Ctrl Pts',(-74.0398156521224,88.409539855314,12.9968389948049));
#5457=CARTESIAN_POINT('Ctrl Pts',(-74.4475848624319,86.4837717964122,12.9968389948049));
#5458=CARTESIAN_POINT('Ctrl Pts',(-75.1835839830862,84.6917327882232,12.9968389948049));
#5459=CARTESIAN_POINT('Ctrl Pts',(-73.405880373178,90.3285657726872,12.9968389948049));
#5460=CARTESIAN_POINT('Ctrl Pts',(-73.4559674322719,88.3233309292862,12.9972273826801));
#5461=CARTESIAN_POINT('Ctrl Pts',(-73.8741558510331,86.3259770628542,12.9966919683352));
#5462=CARTESIAN_POINT('Ctrl Pts',(-74.634077851505,84.4660479522404,12.9968389948049));
#5463=CARTESIAN_POINT('Ctrl Pts',(-72.4081882061691,90.2984029971841,12.5342321661459));
#5464=CARTESIAN_POINT('Ctrl Pts',(-72.4448566057318,88.1746942069375,12.5165892871555));
#5465=CARTESIAN_POINT('Ctrl Pts',(-72.880999973019,86.0516354387342,12.5087632014532));
#5466=CARTESIAN_POINT('Ctrl Pts',(-73.6824488013275,84.0752092813638,12.5024042421884));
#5467=CARTESIAN_POINT('Ctrl Pts',(-72.0114961279699,90.2864099852169,11.5471430466282));
#5468=CARTESIAN_POINT('Ctrl Pts',(-72.0625494829771,88.1158026528387,11.5013185249528));
#5469=CARTESIAN_POINT('Ctrl Pts',(-72.5150691740431,85.9501105165956,11.4813221902855));
#5470=CARTESIAN_POINT('Ctrl Pts',(-73.3383677009321,83.9338935029864,11.4651951321179));
#5471=CARTESIAN_POINT('Ctrl Pts',(-71.9857476467773,90.2856315430446,11.1161708203313));
#5472=CARTESIAN_POINT('Ctrl Pts',(-72.0482092844863,88.1124684494604,11.0620130683178));
#5473=CARTESIAN_POINT('Ctrl Pts',(-72.5063117419231,85.9469825947361,11.0385119201711));
#5474=CARTESIAN_POINT('Ctrl Pts',(-73.333658970182,83.9319596044074,11.0196897231442));
#5475=CARTESIAN_POINT('Ctrl Pts',(-73.333658970182,83.9319596044074,11.0196897231442));
#5476=CARTESIAN_POINT('Ctrl Pts',(-72.5528499050913,85.8336378399481,11.0374531742825));
#5477=CARTESIAN_POINT('Ctrl Pts',(-72.1009139873949,87.8693279821966,11.0593840002973));
#5478=CARTESIAN_POINT('Ctrl Pts',(-72.0000388011569,89.9190094901614,11.1073180962568));
#5479=CARTESIAN_POINT('Ctrl Pts',(-71.9999999999999,85.0000000000001,4.58288467876638E-14));
#5480=CARTESIAN_POINT('Ctrl Pts',(-71.9999999999999,85.0000000000001,0.0129842484037492));
#5481=CARTESIAN_POINT('Ctrl Pts',(-71.9999999999999,85.0000067962347,0.0259529883400564));
#5482=CARTESIAN_POINT('Ctrl Pts',(-71.9999999999995,85.0058652909989,1.60635208298987));
#5483=CARTESIAN_POINT('Ctrl Pts',(-71.9999999999999,85.3414926895546,3.46094647163754));
#5484=CARTESIAN_POINT('Ctrl Pts',(-71.9999999999998,85.9751043363796,5.39211190612267));
#5485=CARTESIAN_POINT('Ctrl Pts',(-71.9999999999999,86.5245057372806,6.63125376788367));
#5486=CARTESIAN_POINT('Ctrl Pts',(-71.9999999999999,87.1191774880232,7.71950096691644));
#5487=CARTESIAN_POINT('Ctrl Pts',(-71.9999999999999,87.9476084524183,8.98206318350489));
#5488=CARTESIAN_POINT('Ctrl Pts',(-71.9999999999999,89.0252085663156,10.2854418677967));
#5489=CARTESIAN_POINT('Ctrl Pts',(-71.9999999999999,89.9123786223102,11.1161225538493));
#5490=CARTESIAN_POINT('Ctrl Pts',(-71.9999999999999,90.3510647522205,11.4846875701587));
#5491=CARTESIAN_POINT('Ctrl Pts',(-71.9999999999999,85.0000000000001,4.3993258559241E-14));
#5492=CARTESIAN_POINT('Ctrl Pts',(-72.0009537693024,84.9986705558187,0.00977212837166294));
#5493=CARTESIAN_POINT('Ctrl Pts',(-72.0020064335063,84.9976435538308,0.0194147553245071));
#5494=CARTESIAN_POINT('Ctrl Pts',(-72.1208509361797,84.8475905411761,1.20577470605383));
#5495=CARTESIAN_POINT('Ctrl Pts',(-72.2362833880739,84.8220166271062,2.69664290196385));
#5496=CARTESIAN_POINT('Ctrl Pts',(-72.3222458574575,84.9478429749587,4.41286380192113));
#5497=CARTESIAN_POINT('Ctrl Pts',(-72.3576500649216,85.1153106005303,5.59502721638392));
#5498=CARTESIAN_POINT('Ctrl Pts',(-72.3678195161641,85.3393018645994,6.70855917134797));
#5499=CARTESIAN_POINT('Ctrl Pts',(-72.3489357812688,85.7023767097846,8.09254921763823));
#5500=CARTESIAN_POINT('Ctrl Pts',(-72.2688797038123,86.2601574693496,9.67327340634799));
#5501=CARTESIAN_POINT('Ctrl Pts',(-72.1454475171725,86.7965754309889,10.8094435299523));
#5502=CARTESIAN_POINT('Ctrl Pts',(-72.0705692033869,87.0799204881508,11.3385528777178));
#5503=CARTESIAN_POINT('Ctrl Pts',(-71.9999999999999,85.0000000000001,4.21576703308181E-14));
#5504=CARTESIAN_POINT('Ctrl Pts',(-72.0019477926204,84.9975621151598,0.00640869665376334));
#5505=CARTESIAN_POINT('Ctrl Pts',(-72.0039757450304,84.9950674274913,0.0130196244718703));
#5506=CARTESIAN_POINT('Ctrl Pts',(-72.2434500221503,84.6966090859262,0.801801712010653));
#5507=CARTESIAN_POINT('Ctrl Pts',(-72.5245048688759,84.3399613932162,1.92749141631409));
#5508=CARTESIAN_POINT('Ctrl Pts',(-72.7972818710014,83.9980829689961,3.40407373266181));
#5509=CARTESIAN_POINT('Ctrl Pts',(-72.9562315483745,83.8037128404252,4.5116045767849));
#5510=CARTESIAN_POINT('Ctrl Pts',(-73.0737951580072,83.6677753984829,5.63357802960782));
#5511=CARTESIAN_POINT('Ctrl Pts',(-73.1743667634398,83.565754265471,7.12382064231638));
#5512=CARTESIAN_POINT('Ctrl Pts',(-73.201813135849,83.5773862375314,8.98223660290263));
#5513=CARTESIAN_POINT('Ctrl Pts',(-73.1199488221905,83.7295626328229,10.4530970265978));
#5514=CARTESIAN_POINT('Ctrl Pts',(-73.0558952685072,83.8343932143117,11.1678206543936));
#5515=CARTESIAN_POINT('Ctrl Pts',(-71.9999999999999,85.0000000000001,4.03220821023952E-14));
#5516=CARTESIAN_POINT('Ctrl Pts',(-72.0029633303078,84.9963131689252,0.00322298971622985));
#5517=CARTESIAN_POINT('Ctrl Pts',(-72.005924810752,84.9926272122702,0.00645467440504205));
#5518=CARTESIAN_POINT('Ctrl Pts',(-72.3678022021349,84.5421400742902,0.402190425160511));
#5519=CARTESIAN_POINT('Ctrl Pts',(-72.8634106650803,83.8979268871132,1.15758599106671));
#5520=CARTESIAN_POINT('Ctrl Pts',(-73.4122394656002,83.1478319230422,2.39651560722738));
#5521=CARTESIAN_POINT('Ctrl Pts',(-73.7706722087602,82.6425005866334,3.42870205712298));
#5522=CARTESIAN_POINT('Ctrl Pts',(-74.0775398185665,82.1975565075968,4.55910002333973));
#5523=CARTESIAN_POINT('Ctrl Pts',(-74.4122369583955,81.7003259792025,6.15531360214031));
#5524=CARTESIAN_POINT('Ctrl Pts',(-74.6993642342921,81.2595447634849,8.29029441814007));
#5525=CARTESIAN_POINT('Ctrl Pts',(-74.7974582870678,81.1055355337579,10.0967511320587));
#5526=CARTESIAN_POINT('Ctrl Pts',(-74.8154610053604,81.0773270477255,10.9968389948049));
#5527=CARTESIAN_POINT('',(-71.9999999999999,85.0000000000001,5.91519021264642E-14));
#5528=CARTESIAN_POINT('Origin',(-71.9999999999999,100.,5.82330379838052E-14));
#5529=CARTESIAN_POINT('Ctrl Pts',(-74.8154610053604,81.0773270477255,10.9968389948049));
#5530=CARTESIAN_POINT('Ctrl Pts',(-74.7974582870678,81.1055355337579,10.0967511320587));
#5531=CARTESIAN_POINT('Ctrl Pts',(-74.6993642342921,81.2595447634849,8.29029441814007));
#5532=CARTESIAN_POINT('Ctrl Pts',(-74.4122369583955,81.7003259792025,6.15531360214031));
#5533=CARTESIAN_POINT('Ctrl Pts',(-74.0775398185665,82.1975565075968,4.55910002333973));
#5534=CARTESIAN_POINT('Ctrl Pts',(-73.7706722087602,82.6425005866334,3.42870205712298));
#5535=CARTESIAN_POINT('Ctrl Pts',(-73.4122394656002,83.1478319230422,2.39651560722738));
#5536=CARTESIAN_POINT('Ctrl Pts',(-72.8634106650803,83.8979268871132,1.15758599106671));
#5537=CARTESIAN_POINT('Ctrl Pts',(-72.3678022021349,84.5421400742902,0.402190425160511));
#5538=CARTESIAN_POINT('Ctrl Pts',(-72.005924810752,84.9926272122702,0.00645467440504205));
#5539=CARTESIAN_POINT('Ctrl Pts',(-72.0029633303078,84.9963131689252,0.00322298971622985));
#5540=CARTESIAN_POINT('Ctrl Pts',(-71.9999999999999,85.0000000000001,4.03220821023952E-14));
#5541=CARTESIAN_POINT('Origin',(-37.4532786223506,57.2326994606394,30.7000000000001));
#5542=CARTESIAN_POINT('Ctrl Pts',(-71.9999999999999,85.0000000000001,4.90357991526112E-14));
#5543=CARTESIAN_POINT('Ctrl Pts',(-72.0029633303078,84.9963131689252,-0.00322298971613876));
#5544=CARTESIAN_POINT('Ctrl Pts',(-72.0059247114516,84.9926274230941,-0.00645463241543497));
#5545=CARTESIAN_POINT('Ctrl Pts',(-72.3686007087113,84.5411309777047,-0.403051570687181));
#5546=CARTESIAN_POINT('Ctrl Pts',(-73.0308641062161,83.6800578952918,-1.41443450902508));
#5547=CARTESIAN_POINT('Ctrl Pts',(-73.6710338773201,82.7868998192881,-3.06085177788149));
#5548=CARTESIAN_POINT('Ctrl Pts',(-74.0805225613302,82.1931736273151,-4.57143611236822));
#5549=CARTESIAN_POINT('Ctrl Pts',(-74.4150586372858,81.6960073228114,-6.17235852539362));
#5550=CARTESIAN_POINT('Ctrl Pts',(-74.7015907778716,81.2560676991746,-8.3132321536046));
#5551=CARTESIAN_POINT('Ctrl Pts',(-74.7986641420049,81.1036475056043,-10.1242196338109));
#5552=CARTESIAN_POINT('Ctrl Pts',(-74.8160376704675,81.0764234462184,-11.0262141139231));
#5553=CARTESIAN_POINT('Ctrl Pts',(-76.5019812459548,82.1523389913581,-13.0262141139231));
#5554=CARTESIAN_POINT('Ctrl Pts',(-75.9725686484471,82.9819206175201,-13.0262141139231));
#5555=CARTESIAN_POINT('Ctrl Pts',(-75.51972426962,83.8603652976169,-13.0262141139231));
#5556=CARTESIAN_POINT('Ctrl Pts',(-75.1509246178264,84.7727777613394,-13.0262141139231));
#5557=CARTESIAN_POINT('Ctrl Pts',(-75.9975481077531,81.8304258130253,-13.0262141139231));
#5558=CARTESIAN_POINT('Ctrl Pts',(-75.4493121150526,82.6917408905119,-13.026164847899));
#5559=CARTESIAN_POINT('Ctrl Pts',(-74.9809720880558,83.6032000954061,-13.0262869750937));
#5560=CARTESIAN_POINT('Ctrl Pts',(-74.6001662983444,84.5501597190356,-13.0262141139231));
#5561=CARTESIAN_POINT('Ctrl Pts',(-75.1242442310739,81.2731110664281,-12.5240733519699));
#5562=CARTESIAN_POINT('Ctrl Pts',(-74.5435499240032,82.1888483925534,-12.5261802438259));
#5563=CARTESIAN_POINT('Ctrl Pts',(-74.0480105976347,83.1583862252299,-12.5286276446765));
#5564=CARTESIAN_POINT('Ctrl Pts',(-73.6463659619166,84.1646309741519,-12.5317789023089));
#5565=CARTESIAN_POINT('Ctrl Pts',(-74.8160376704675,81.0764234462184,-11.4750130644359));
#5566=CARTESIAN_POINT('Ctrl Pts',(-74.2217448158756,82.010272666391,-11.4803256945611));
#5567=CARTESIAN_POINT('Ctrl Pts',(-73.714083153213,82.998689493961,-11.4865674264851));
#5568=CARTESIAN_POINT('Ctrl Pts',(-73.3015083582994,84.0252385730293,-11.4945593557149));
#5569=CARTESIAN_POINT('Ctrl Pts',(-74.8160376704675,81.0764234462184,-11.0262141139231));
#5570=CARTESIAN_POINT('Ctrl Pts',(-74.2206159150928,82.0094404359942,-11.0323956271204));
#5571=CARTESIAN_POINT('Ctrl Pts',(-73.7113779596222,82.9973585650912,-11.039724575855));
#5572=CARTESIAN_POINT('Ctrl Pts',(-73.296791530689,84.0233320182096,-11.0490520929713));
#5573=CARTESIAN_POINT('',(-73.296791530689,84.0233320182096,-11.0490520929713));
#5574=CARTESIAN_POINT('Origin',(-75.1509246178264,84.7727777613393,-11.0262141139231));
#5575=CARTESIAN_POINT('Ctrl Pts',(-73.296791530689,84.0233320182096,-11.0490520929713));
#5576=CARTESIAN_POINT('Ctrl Pts',(-73.7113779596222,82.9973585650912,-11.039724575855));
#5577=CARTESIAN_POINT('Ctrl Pts',(-74.2206159150928,82.0094404359942,-11.0323956271204));
#5578=CARTESIAN_POINT('Ctrl Pts',(-74.8160376704675,81.0764234462184,-11.0262141139231));
#5579=CARTESIAN_POINT('Ctrl Pts',(-75.1509246178264,84.7727777613394,-13.0262141139231));
#5580=CARTESIAN_POINT('Ctrl Pts',(-74.4320298919478,86.551327455749,-13.0262141139231));
#5581=CARTESIAN_POINT('Ctrl Pts',(-74.0356698727438,88.4592554792639,-13.0262141139231));
#5582=CARTESIAN_POINT('Ctrl Pts',(-73.9821030425006,90.3768624357145,-13.0262141139231));
#5583=CARTESIAN_POINT('Ctrl Pts',(-74.6001662983444,84.5501597190356,-13.0262141139231));
#5584=CARTESIAN_POINT('Ctrl Pts',(-73.8578682173235,86.3960515894222,-13.0260720869146));
#5585=CARTESIAN_POINT('Ctrl Pts',(-73.4513547752038,88.3748657803249,-13.0265869292927));
#5586=CARTESIAN_POINT('Ctrl Pts',(-73.4059595100997,90.3607683228453,-13.0262141139231));
#5587=CARTESIAN_POINT('Ctrl Pts',(-73.646368925255,84.1646321719415,-12.5317750262807));
#5588=CARTESIAN_POINT('Ctrl Pts',(-72.8634500453403,86.1260875025658,-12.5379177177958));
#5589=CARTESIAN_POINT('Ctrl Pts',(-72.4394337922136,88.2293841533295,-12.5454930774561));
#5590=CARTESIAN_POINT('Ctrl Pts',(-72.4070106013303,90.3328634769448,-12.5623956153038));
#5591=CARTESIAN_POINT('Ctrl Pts',(-73.3015083582994,84.0252385730293,-11.4945593557149));
#5592=CARTESIAN_POINT('Ctrl Pts',(-72.4972835097906,86.0262727801078,-11.5101378839076));
#5593=CARTESIAN_POINT('Ctrl Pts',(-72.0573873702643,88.1718816325888,-11.5295007848946));
#5594=CARTESIAN_POINT('Ctrl Pts',(-72.0111996201235,90.3218068109437,-11.573362446134));
#5595=CARTESIAN_POINT('Ctrl Pts',(-73.296791530689,84.0233320182096,-11.0490520929713));
#5596=CARTESIAN_POINT('Ctrl Pts',(-72.4886454390878,86.0232441676682,-11.0672340593259));
#5597=CARTESIAN_POINT('Ctrl Pts',(-72.0433497700428,88.1687052672987,-11.0899955163042));
#5598=CARTESIAN_POINT('Ctrl Pts',(-71.9862249331721,90.3211091628612,-11.1418088597779));
#5599=CARTESIAN_POINT('Ctrl Pts',(-72.000039193072,89.9474880100836,-11.1330998029341));
#5600=CARTESIAN_POINT('Ctrl Pts',(-72.096109079438,87.9208512521555,-11.0873761702965));
#5601=CARTESIAN_POINT('Ctrl Pts',(-72.5354177282402,85.9074971878757,-11.0661817592573));
#5602=CARTESIAN_POINT('Ctrl Pts',(-73.296791530689,84.0233320182096,-11.0490520929713));
#5603=CARTESIAN_POINT('Ctrl Pts',(-71.9999999999999,90.3653805375389,-11.4966998662034));
#5604=CARTESIAN_POINT('Ctrl Pts',(-71.9999999999999,89.925832776448,-11.1283441238624));
#5605=CARTESIAN_POINT('Ctrl Pts',(-71.9999999999999,89.0367004967629,-10.2975147001735));
#5606=CARTESIAN_POINT('Ctrl Pts',(-71.9999999999999,87.9560825319137,-8.99331604312765));
#5607=CARTESIAN_POINT('Ctrl Pts',(-71.9999999999999,87.1258811407296,-7.72998315792449));
#5608=CARTESIAN_POINT('Ctrl Pts',(-71.9999999999999,86.3297215816187,-6.27716046989654));
#5609=CARTESIAN_POINT('Ctrl Pts',(-71.9999999999999,85.4534344957033,-4.08795592347771));
#5610=CARTESIAN_POINT('Ctrl Pts',(-72.,85.0044086051206,-1.61106949272184));
#5611=CARTESIAN_POINT('Ctrl Pts',(-71.9999999999999,85.0000152539543,-0.0259454809207059));
#5612=CARTESIAN_POINT('Ctrl Pts',(-71.9999999999999,85.0000000000001,-0.0129842484036585));
#5613=CARTESIAN_POINT('Ctrl Pts',(-71.9999999999999,85.0000000000001,4.58288467876638E-14));
#5614=CARTESIAN_POINT('Ctrl Pts',(-72.0681216086653,87.0891519690287,-11.3558137510714));
#5615=CARTESIAN_POINT('Ctrl Pts',(-72.1443069006132,86.8056743154718,-10.8262742125046));
#5616=CARTESIAN_POINT('Ctrl Pts',(-72.2681934790952,86.2659548121469,-9.68913471807614));
#5617=CARTESIAN_POINT('Ctrl Pts',(-72.3498180872297,85.7072472848644,-8.10577479865473));
#5618=CARTESIAN_POINT('Ctrl Pts',(-72.3690710614497,85.3428826798192,-6.71959804586651));
#5619=CARTESIAN_POINT('Ctrl Pts',(-72.3558419739521,85.0423104884601,-5.23289211523648));
#5620=CARTESIAN_POINT('Ctrl Pts',(-72.2759167813374,84.8116089495049,-3.20212102736249));
#5621=CARTESIAN_POINT('Ctrl Pts',(-72.1223148995318,84.8494367999481,-1.208342785353));
#5622=CARTESIAN_POINT('Ctrl Pts',(-72.0019719634889,84.997550861865,-0.0194488452913192));
#5623=CARTESIAN_POINT('Ctrl Pts',(-72.0009877767692,84.9987710563085,-0.00973049550781859));
#5624=CARTESIAN_POINT('Ctrl Pts',(-71.9999999999999,85.0000000000001,4.6897830909313E-14));
#5625=CARTESIAN_POINT('Ctrl Pts',(-73.0537875055749,83.8378431109154,-11.1911349309448));
#5626=CARTESIAN_POINT('Ctrl Pts',(-73.119627627108,83.7318285092596,-10.4754998658517));
#5627=CARTESIAN_POINT('Ctrl Pts',(-73.2016374478894,83.5790115228273,-9.00151223548989));
#5628=CARTESIAN_POINT('Ctrl Pts',(-73.1764149623106,83.5652280704413,-7.13929347983661));
#5629=CARTESIAN_POINT('Ctrl Pts',(-73.0761932195165,83.6666375972488,-5.64564647018761));
#5630=CARTESIAN_POINT('Ctrl Pts',(-72.9195596446316,83.8477315939284,-4.14691320811663));
#5631=CARTESIAN_POINT('Ctrl Pts',(-72.6202193658126,84.2198748086393,-2.30826564193119));
#5632=CARTESIAN_POINT('Ctrl Pts',(-72.2451719214271,84.6950282624808,-0.805696535803053));
#5633=CARTESIAN_POINT('Ctrl Pts',(-72.0039469242105,84.995088152708,-0.0129517424116919));
#5634=CARTESIAN_POINT('Ctrl Pts',(-72.0019755535385,84.9975421126169,-0.00647674261197865));
#5635=CARTESIAN_POINT('Ctrl Pts',(-71.9999999999999,85.0000000000001,4.79668150309621E-14));
#5636=CARTESIAN_POINT('Ctrl Pts',(-74.8160376704675,81.0764234462184,-11.0262141139231));
#5637=CARTESIAN_POINT('Ctrl Pts',(-74.7986641420049,81.1036475056043,-10.1242196338109));
#5638=CARTESIAN_POINT('Ctrl Pts',(-74.7015907778716,81.2560676991746,-8.3132321536046));
#5639=CARTESIAN_POINT('Ctrl Pts',(-74.4150586372858,81.6960073228114,-6.17235852539362));
#5640=CARTESIAN_POINT('Ctrl Pts',(-74.0805225613302,82.1931736273151,-4.57143611236822));
#5641=CARTESIAN_POINT('Ctrl Pts',(-73.6710338773201,82.7868998192881,-3.06085177788149));
#5642=CARTESIAN_POINT('Ctrl Pts',(-73.0308641062161,83.6800578952918,-1.41443450902508));
#5643=CARTESIAN_POINT('Ctrl Pts',(-72.3686007087113,84.5411309777047,-0.403051570687181));
#5644=CARTESIAN_POINT('Ctrl Pts',(-72.0059247114516,84.9926274230941,-0.00645463241543497));
#5645=CARTESIAN_POINT('Ctrl Pts',(-72.0029633303078,84.9963131689252,-0.00322298971613876));
#5646=CARTESIAN_POINT('Ctrl Pts',(-71.9999999999999,85.0000000000001,4.90357991526112E-14));
#5647=CARTESIAN_POINT('Origin',(-71.9999999999999,100.,5.82330379838052E-14));
#5648=CARTESIAN_POINT('Origin',(-77.5000003203749,73.7687931584999,12.9968389948049));
#5649=CARTESIAN_POINT('Origin',(-81.5,75.0000000000001,-6.42279389282651E-14));
#5650=CARTESIAN_POINT('Origin',(-87.,19.4183850031237,-27.1717620648894));
#5651=CARTESIAN_POINT('',(-87.0000000000001,24.8516405913786,-17.1528933131266));
#5652=CARTESIAN_POINT('Origin',(-87.0000000000001,26.2817858884328,-14.5157197448316));
#5653=CARTESIAN_POINT('',(-87.0000000000001,12.7915944662739,-17.8990254390021));
#5654=CARTESIAN_POINT('Origin',(-87.,19.4183850031237,-27.1717620648894));
#5655=CARTESIAN_POINT('',(-84.,17.8498080940719,-12.860184744414));
#5656=CARTESIAN_POINT('Ctrl Pts',(-87.0000000000001,12.7915946096897,-17.8990253365096));
#5657=CARTESIAN_POINT('Ctrl Pts',(-86.9976164049294,12.7946624655911,-17.8968328836651));
#5658=CARTESIAN_POINT('Ctrl Pts',(-86.9952328089496,12.7977297589921,-17.8946396412466));
#5659=CARTESIAN_POINT('Ctrl Pts',(-85.9608489938155,14.1285693149899,-16.9425167907245));
#5660=CARTESIAN_POINT('Ctrl Pts',(-84.9166523821398,15.3720172100556,-15.829692902005));
#5661=CARTESIAN_POINT('Ctrl Pts',(-84.0950847104771,17.0686469169452,-13.9073303861609));
#5662=CARTESIAN_POINT('Ctrl Pts',(-84.0000000000001,17.5048810577027,-13.3389400288839));
#5663=CARTESIAN_POINT('Ctrl Pts',(-84.0000000000001,17.849808094072,-12.860184744414));
#5664=CARTESIAN_POINT('Origin',(-83.9999999999999,19.4183850031237,-27.1717620648894));
#5665=CARTESIAN_POINT('Ctrl Pts',(-87.,24.8516405913786,-17.1528933131266));
#5666=CARTESIAN_POINT('Ctrl Pts',(-87.,25.1174357607776,-17.2970346453717));
#5667=CARTESIAN_POINT('Ctrl Pts',(-87.1404869125409,25.5494438380642,-17.55559764889));
#5668=CARTESIAN_POINT('Ctrl Pts',(-87.62649973085,26.0449826363464,-17.8952686287088));
#5669=CARTESIAN_POINT('Ctrl Pts',(-88.0307411532707,26.250074981194,-18.0484847992486));
#5670=CARTESIAN_POINT('Ctrl Pts',(-88.2584096340575,26.3220323803697,-18.103264380984));
#5671=CARTESIAN_POINT('Ctrl Pts',(-86.5512010494871,24.8516405913786,-17.1528933131266));
#5672=CARTESIAN_POINT('Ctrl Pts',(-86.528274927944,25.1756495468198,-17.3286868083361));
#5673=CARTESIAN_POINT('Ctrl Pts',(-86.6487603707632,25.7086167221435,-17.6520456044053));
#5674=CARTESIAN_POINT('Ctrl Pts',(-87.1818506177256,26.35833700655,-18.1162636895071));
#5675=CARTESIAN_POINT('Ctrl Pts',(-87.6803222237646,26.654053034384,-18.3504437998948));
#5676=CARTESIAN_POINT('Ctrl Pts',(-87.9805690124264,26.7625996198192,-18.4386585083403));
#5677=CARTESIAN_POINT('Ctrl Pts',(-85.6558391290259,24.9496271855007,-16.9722070174067));
#5678=CARTESIAN_POINT('Ctrl Pts',(-85.5874267247089,25.4048656443102,-17.1949697318486));
#5679=CARTESIAN_POINT('Ctrl Pts',(-85.6691234057325,26.1682010006853,-17.6158275629162));
#5680=CARTESIAN_POINT('Ctrl Pts',(-86.2971561102081,27.179003013184,-18.2774247646185));
#5681=CARTESIAN_POINT('Ctrl Pts',(-86.9839755452594,27.6840465448529,-18.6457102397078));
#5682=CARTESIAN_POINT('Ctrl Pts',(-87.4288067458642,27.8769926358647,-18.7901491571072));
#5683=CARTESIAN_POINT('Ctrl Pts',(-84.3934270183819,25.42786849633,-16.0903348420524));
#5684=CARTESIAN_POINT('Ctrl Pts',(-84.2917004127359,26.1163363795283,-16.3292796505177));
#5685=CARTESIAN_POINT('Ctrl Pts',(-84.3883212818571,27.2875501644186,-16.7838247609241));
#5686=CARTESIAN_POINT('Ctrl Pts',(-85.24434045451,28.8624909650366,-17.5076310770315));
#5687=CARTESIAN_POINT('Ctrl Pts',(-86.1954416319202,29.6561585209144,-17.9197342459078));
#5688=CARTESIAN_POINT('Ctrl Pts',(-86.813186556307,29.9577695295,-18.0823135870483));
#5689=CARTESIAN_POINT('Ctrl Pts',(-83.9999999999999,25.9608620342334,-15.107500109717));
#5690=CARTESIAN_POINT('Ctrl Pts',(-83.9454323830816,26.7686062685215,-15.3113957181015));
#5691=CARTESIAN_POINT('Ctrl Pts',(-84.1787850920694,28.1095937602791,-15.6851670547022));
#5692=CARTESIAN_POINT('Ctrl Pts',(-85.2664145540851,29.7863119611041,-16.2279567557459));
#5693=CARTESIAN_POINT('Ctrl Pts',(-86.2940656121296,30.5508790968969,-16.5050526927292));
#5694=CARTESIAN_POINT('Ctrl Pts',(-86.9115760064925,30.8317543495467,-16.6105559790891));
#5695=CARTESIAN_POINT('Ctrl Pts',(-83.9999999999999,26.2817858884328,-14.5157197448316));
#5696=CARTESIAN_POINT('Ctrl Pts',(-83.9999999999999,27.121180783138,-14.6978020583305));
#5697=CARTESIAN_POINT('Ctrl Pts',(-84.3512172813522,28.4854846392454,-15.0244241946225));
#5698=CARTESIAN_POINT('Ctrl Pts',(-85.5662493271251,30.0504217987393,-15.4535036048828));
#5699=CARTESIAN_POINT('Ctrl Pts',(-86.5768528831767,30.6981140333177,-15.6470494418943));
#5700=CARTESIAN_POINT('Ctrl Pts',(-87.1460240851439,30.9253592223142,-15.7162481430548));
#5701=CARTESIAN_POINT('Ctrl Pts',(-88.0000463302602,26.2227114786286,-18.0285393241333));
#5702=CARTESIAN_POINT('Ctrl Pts',(-87.8754442621608,26.1656944778437,-17.9861330160792));
#5703=CARTESIAN_POINT('Ctrl Pts',(-87.5714458957704,25.9888497315166,-17.8567918861214));
#5704=CARTESIAN_POINT('Ctrl Pts',(-87.1404869125409,25.5494438380642,-17.55559764889));
#5705=CARTESIAN_POINT('Ctrl Pts',(-87.,25.1174357607776,-17.2970346453717));
#5706=CARTESIAN_POINT('Ctrl Pts',(-87.,24.8516405913786,-17.1528933131266));
#5707=CARTESIAN_POINT('Origin',(-83.,90.0000000000001,-20.7905709383979));
#5708=CARTESIAN_POINT('Origin',(-84.,90.0000000000001,27.2191832289592));
#5709=CARTESIAN_POINT('',(-84.,16.2335017947692,14.8483473873315));
#5710=CARTESIAN_POINT('Origin',(-84.,4.67487816956985E-14,-5.93336342090513E-14));
#5711=CARTESIAN_POINT('Origin',(-84.,17.6997861757396,35.1531100567347));
#5712=CARTESIAN_POINT('Ctrl Pts',(-88.246960154355,26.5968777740155,20.2491066646609));
#5713=CARTESIAN_POINT('Ctrl Pts',(-87.9150668270453,26.4818647093276,20.1804484830565));
#5714=CARTESIAN_POINT('Ctrl Pts',(-87.2592850736011,26.0454177262154,19.9237999838252));
#5715=CARTESIAN_POINT('Ctrl Pts',(-87.,25.3955608050593,19.5891518056556));
#5716=CARTESIAN_POINT('Ctrl Pts',(-87.,25.0171008287612,19.4132097302481));
#5717=CARTESIAN_POINT('Ctrl Pts',(-87.9944665529618,27.0549032595576,20.522529488852));
#5718=CARTESIAN_POINT('Ctrl Pts',(-87.5630981280025,26.8889802701,20.4186301894594));
#5719=CARTESIAN_POINT('Ctrl Pts',(-86.7721693241953,26.2851278168995,20.0489264333121));
#5720=CARTESIAN_POINT('Ctrl Pts',(-86.5243807560077,25.477482616875,19.6273322564225));
#5721=CARTESIAN_POINT('Ctrl Pts',(-86.5512010494872,25.0171008287612,19.4132097302481));
#5722=CARTESIAN_POINT('Ctrl Pts',(-87.4927781561226,28.1485027577741,20.7583574439225));
#5723=CARTESIAN_POINT('Ctrl Pts',(-86.8633158204675,27.8706844979246,20.5972430325026));
#5724=CARTESIAN_POINT('Ctrl Pts',(-85.8022894948245,26.8975811062936,20.0473549203824));
#5725=CARTESIAN_POINT('Ctrl Pts',(-85.5760633659741,25.7426680086124,19.4965200931573));
#5726=CARTESIAN_POINT('Ctrl Pts',(-85.6560126273977,25.1037518542851,19.2268191526103));
#5727=CARTESIAN_POINT('Ctrl Pts',(-86.9041304254839,30.0728906919287,19.9609009536598));
#5728=CARTESIAN_POINT('Ctrl Pts',(-86.0309743906443,29.6544328531239,19.7839241424867));
#5729=CARTESIAN_POINT('Ctrl Pts',(-84.5664873069109,28.1852665670717,19.1852415759211));
#5730=CARTESIAN_POINT('Ctrl Pts',(-84.274429685947,26.4654876168259,18.6010637623711));
#5731=CARTESIAN_POINT('Ctrl Pts',(-84.3933655046994,25.5267273378373,18.316978279646));
#5732=CARTESIAN_POINT('Ctrl Pts',(-86.9375540304147,30.8407335957616,18.5368855489808));
#5733=CARTESIAN_POINT('Ctrl Pts',(-86.0511413131857,30.4419382660609,18.4190077580924));
#5734=CARTESIAN_POINT('Ctrl Pts',(-84.4267036006769,28.9892422652505,18.0038286052009));
#5735=CARTESIAN_POINT('Ctrl Pts',(-83.9362126905406,27.0766466501073,17.5393730017126));
#5736=CARTESIAN_POINT('Ctrl Pts',(-84.,25.9979912246779,17.303266698543));
#5737=CARTESIAN_POINT('Ctrl Pts',(-87.1174003858874,30.913828493261,17.673179386275));
#5738=CARTESIAN_POINT('Ctrl Pts',(-86.2876670676133,30.5766002425599,17.5926546961744));
#5739=CARTESIAN_POINT('Ctrl Pts',(-84.6482126840023,29.2968999490481,17.2916484594455));
#5740=CARTESIAN_POINT('Ctrl Pts',(-84.,27.3914632639006,16.8991615014438));
#5741=CARTESIAN_POINT('Ctrl Pts',(-84.,26.2817858884328,16.6928105500094));
#5742=CARTESIAN_POINT('',(-87.,25.0171008287612,19.4132097302481));
#5743=CARTESIAN_POINT('Origin',(-87.,26.2817858884328,16.6928105500094));
#5744=CARTESIAN_POINT('Ctrl Pts',(-87.,25.0171008287612,19.4132097302481));
#5745=CARTESIAN_POINT('Ctrl Pts',(-87.,25.3955608050593,19.5891518056556));
#5746=CARTESIAN_POINT('Ctrl Pts',(-87.230554022841,25.9734079034776,19.8867180428548));
#5747=CARTESIAN_POINT('Ctrl Pts',(-87.7746025496735,26.3825200639377,20.1226129675226));
#5748=CARTESIAN_POINT('Ctrl Pts',(-88.0001001093221,26.4937874372316,20.1880284457662));
#5749=CARTESIAN_POINT('Origin',(-87.0000000000001,17.6997861757396,35.1531100567347));
#5750=CARTESIAN_POINT('',(-87.0000000000001,9.89376719316049,19.649767718301));
#5751=CARTESIAN_POINT('Ctrl Pts',(-84.0000000000001,16.2335017947692,14.8483473873315));
#5752=CARTESIAN_POINT('Ctrl Pts',(-84.0000000000001,15.7490837584318,15.3779552189083));
#5753=CARTESIAN_POINT('Ctrl Pts',(-84.1218668267858,15.1542657795727,15.9794102095985));
#5754=CARTESIAN_POINT('Ctrl Pts',(-84.9800134155288,13.0443853275812,17.8062701376752));
#5755=CARTESIAN_POINT('Ctrl Pts',(-85.9761111566701,11.5379056455751,18.8206928298211));
#5756=CARTESIAN_POINT('Ctrl Pts',(-86.9950687379819,9.90168748662073,19.6457783056457));
#5757=CARTESIAN_POINT('Ctrl Pts',(-86.9975343695041,9.89772764044998,19.647773611092));
#5758=CARTESIAN_POINT('Ctrl Pts',(-87.0000000000001,9.89376719316049,19.649767718301));
#5759=CARTESIAN_POINT('Origin',(-87.0000000000001,17.6997861757396,35.1531100567347));
#5760=CARTESIAN_POINT('Origin',(-93.,17.6997861757397,35.1531100567347));
#5761=CARTESIAN_POINT('',(-93.,9.89376858684231,19.6497670165746));
#5762=CARTESIAN_POINT('Origin',(-92.0000000000001,5.92118895512426E-14,
-6.52745555164278E-14));
#5763=CARTESIAN_POINT('',(-91.9999999999999,5.92118895512421E-14,-30.7000000000032));
#5764=CARTESIAN_POINT('Origin',(-92.0000000000001,5.69446864643406E-14,
-29.7000000000002));
#5765=CARTESIAN_POINT('',(-92.0000000000002,-30.7000000000001,-1.56053762834786E-7));
#5766=CARTESIAN_POINT('Origin',(-92.0000000000001,5.92118895512426E-14,
-6.52745555164278E-14));
#5767=CARTESIAN_POINT('Origin',(-92.0000000000001,5.92118895512426E-14,
-6.52745555164278E-14));
#5768=CARTESIAN_POINT('Origin',(-92.,90.0000000000001,-29.7000000000002));
#5769=CARTESIAN_POINT('',(-92.,90.0000000000001,-30.7000000000002));
#5770=CARTESIAN_POINT('Ctrl Pts',(-93.,30.8291616252602,-29.7000000000002));
#5771=CARTESIAN_POINT('Ctrl Pts',(-93.,30.8296834008829,-29.7014958003275));
#5772=CARTESIAN_POINT('Ctrl Pts',(-92.999996643872,30.8302051924901,-29.7029915938859));
#5773=CARTESIAN_POINT('Ctrl Pts',(-92.999662437049,30.8561864292522,-29.7774680700134));
#5774=CARTESIAN_POINT('Ctrl Pts',(-92.9913461969921,30.881630348948,-29.8502776007313));
#5775=CARTESIAN_POINT('Ctrl Pts',(-92.9590008047157,30.9314519694541,-29.9926069067392));
#5776=CARTESIAN_POINT('Ctrl Pts',(-92.935102217211,30.9557443506787,-30.0618841969843));
#5777=CARTESIAN_POINT('Ctrl Pts',(-92.848667045745,31.0198165264587,-30.2443266606384));
#5778=CARTESIAN_POINT('Ctrl Pts',(-92.7711823781028,31.0570343315246,-30.3499733448639));
#5779=CARTESIAN_POINT('Ctrl Pts',(-92.5831442528654,31.1176466500112,-30.5217114906298));
#5780=CARTESIAN_POINT('Ctrl Pts',(-92.4763760913816,31.1411743390657,-30.5882105780831));
#5781=CARTESIAN_POINT('Ctrl Pts',(-92.2447739964899,31.17269941594,-30.6772534677752));
#5782=CARTESIAN_POINT('Ctrl Pts',(-92.123170306627,31.180765373999,-30.7000000000002));
#5783=CARTESIAN_POINT('Ctrl Pts',(-92.,31.180765373999,-30.7000000000002));
#5784=CARTESIAN_POINT('Origin',(-91.9999999999999,53.0903826869996,-57.7260209490848));
#5785=CARTESIAN_POINT('Origin',(-90.5000000000001,5.43144565056736E-14,
-6.550025408394E-14));
#5786=CARTESIAN_POINT('',(-88.0000000000002,5.16202335457246E-14,-22.0000000149012));
#5787=CARTESIAN_POINT('Origin',(-88.0000000000002,5.43144565056736E-14,
-6.3330437097702E-14));
#5788=CARTESIAN_POINT('Origin',(-88.0000000000002,5.43144565056736E-14,
-6.3330437097702E-14));
#5789=CARTESIAN_POINT('Origin',(-92.9999999999999,19.4183850031237,-27.1717620648894));
#5790=CARTESIAN_POINT('',(-93.,12.7915944662739,-17.8990254390022));
#5791=CARTESIAN_POINT('Origin',(-69.25,99.7165133667096,0.0598728938199651));
#5792=CARTESIAN_POINT('',(-68.9999999999999,93.7165133667096,0.0598728938200072));
#5793=CARTESIAN_POINT('Origin',(-68.9999999999999,99.7165133667096,0.0598728938199653));
#5794=CARTESIAN_POINT('',(-69.5,94.2165133667096,0.0598728938200047));
#5795=CARTESIAN_POINT('',(-69.25,93.9665133667096,0.0598728938200052));
#5796=CARTESIAN_POINT('Origin',(-69.5,99.7165133667096,0.0598728938199649));
#5797=CARTESIAN_POINT('Origin',(-69.2241220220043,99.7165133667096,0.0598728938199651));
#5798=CARTESIAN_POINT('',(-73.,94.2165133667096,0.059872893820002));
#5799=CARTESIAN_POINT('Origin',(-73.,99.7165133667094,0.059872893820007));
#5800=CARTESIAN_POINT('',(-69.2241220220043,94.2165133667096,0.0598728938200049));
#5801=CARTESIAN_POINT('Origin',(-68.9999999999999,100.,6.06938901588056E-14));
#5802=CARTESIAN_POINT('',(-68.9999999999999,87.0000000553959,0.00120012067222386));
#5803=CARTESIAN_POINT('Origin',(-68.9999999999999,100.,6.04703769328736E-14));
#5804=CARTESIAN_POINT('',(-68.9999999999999,94.0596591172176,6.91672714331201));
#5805=CARTESIAN_POINT('Origin',(-68.9999999999999,94.0596591172176,5.71672714331201));
#5806=CARTESIAN_POINT('',(-68.9999999999999,108.91651336671,0.0598728938198998));
#5807=CARTESIAN_POINT('Origin',(-68.9999999999999,107.71651336671,0.0598728938199084));
#5808=CARTESIAN_POINT('',(-68.9999999999999,100.91651336671,-7.94012710618004));
#5809=CARTESIAN_POINT('Origin',(-68.9999999999999,99.7165133667095,-7.94012710618003));
#5810=CARTESIAN_POINT('',(-68.9999999999999,105.373367616202,6.91672714331193));
#5811=CARTESIAN_POINT('Origin',(-68.9999999999999,105.373367616202,5.71672714331193));
#5812=CARTESIAN_POINT('',(-68.9999999999999,94.0596591172176,-4.39698135567199));
#5813=CARTESIAN_POINT('Origin',(-68.9999999999999,94.0596591172176,-5.59698135567199));
#5814=CARTESIAN_POINT('',(-68.9999999999999,100.91651336671,8.05987289381996));
#5815=CARTESIAN_POINT('Origin',(-68.9999999999999,99.7165133667097,8.05987289381997));
#5816=CARTESIAN_POINT('',(-68.9999999999999,105.373367616202,-4.39698135567207));
#5817=CARTESIAN_POINT('Origin',(-68.9999999999999,105.373367616202,-5.59698135567207));
#5818=CARTESIAN_POINT('Origin',(-43.5,-1.26974642932494E-14,-2.7967528653162E-14));
#5819=CARTESIAN_POINT('',(-47.,-30.7000000000002,-1.56053728227052E-7));
#5820=CARTESIAN_POINT('',(-43.5,-27.2000000000002,-1.38262587369426E-7));
#5821=CARTESIAN_POINT('Origin',(-47.,-7.40149192626695E-15,-3.06668221706904E-14));
#5822=CARTESIAN_POINT('Origin',(-43.,-1.33226813909345E-14,-2.75905792066248E-14));
#5823=CARTESIAN_POINT('',(-43.,-30.7000000000002,-1.56053725150809E-7));
#5824=CARTESIAN_POINT('',(3792.80484253255,-5.69145448692201E-12,-30.7000000000002));
#5825=CARTESIAN_POINT('Origin',(-73.5,100.,5.71143684752996E-14));
#5826=CARTESIAN_POINT('',(-73.,100.,9.50000000000007));
#5827=CARTESIAN_POINT('Origin',(-73.,100.,5.74872583229075E-14));
#5828=CARTESIAN_POINT('Origin',(-73.5,100.,9.50000000000007));
#5829=CARTESIAN_POINT('Origin',(-73.,99.9999999999999,1.05200356106844E-13));
#5830=CARTESIAN_POINT('',(-73.,105.373367616202,-4.39698135567208));
#5831=CARTESIAN_POINT('Origin',(-73.,105.373367616202,-5.59698135567208));
#5832=CARTESIAN_POINT('',(-73.,100.91651336671,8.05987289381996));
#5833=CARTESIAN_POINT('Origin',(-73.,99.7165133667097,8.05987289381996));
#5834=CARTESIAN_POINT('',(-73.,94.0596591172176,-4.396981355672));
#5835=CARTESIAN_POINT('Origin',(-73.,94.0596591172176,-5.596981355672));
#5836=CARTESIAN_POINT('',(-73.,105.373367616202,6.91672714331192));
#5837=CARTESIAN_POINT('Origin',(-73.,105.373367616202,5.71672714331192));
#5838=CARTESIAN_POINT('',(-73.,100.91651336671,-7.94012710618005));
#5839=CARTESIAN_POINT('Origin',(-73.,99.7165133667095,-7.94012710618004));
#5840=CARTESIAN_POINT('',(-73.,108.91651336671,0.0598728938198971));
#5841=CARTESIAN_POINT('Origin',(-73.,107.71651336671,0.0598728938199054));
#5842=CARTESIAN_POINT('',(-73.,94.0596591172176,6.916727143312));
#5843=CARTESIAN_POINT('Origin',(-73.,94.0596591172176,5.716727143312));
#5844=CARTESIAN_POINT('Ctrl Pts',(-71.9999999999999,85.0000000639184,0.00138475462178338));
#5845=CARTESIAN_POINT('Ctrl Pts',(-71.9999999999999,85.0013848185401,15.0013846907035));
#5846=CARTESIAN_POINT('Ctrl Pts',(-71.9999999999999,100.001384754622,14.9999999360818));
#5847=CARTESIAN_POINT('Ctrl Pts',(-71.9999999999999,115.001384690704,14.9986151814601));
#5848=CARTESIAN_POINT('Ctrl Pts',(-71.9999999999999,114.999999936082,-0.00138475462166692));
#5849=CARTESIAN_POINT('Ctrl Pts',(-71.9999999999999,114.99861518146,-15.0013846907034));
#5850=CARTESIAN_POINT('Ctrl Pts',(-71.9999999999999,99.9986152453784,-14.9999999360817));
#5851=CARTESIAN_POINT('Ctrl Pts',(-71.9999999999999,84.9986153092967,-14.99861518146));
#5852=CARTESIAN_POINT('Ctrl Pts',(-71.9999999999999,85.0000000639184,0.00138475462178338));
#5853=CARTESIAN_POINT('Ctrl Pts',(-70.5191819922533,86.0287730479147,0.00128978141176013));
#5854=CARTESIAN_POINT('Ctrl Pts',(-70.5191819922533,86.0300628293264,13.9725167334972));
#5855=CARTESIAN_POINT('Ctrl Pts',(-70.5191819922533,100.001289781412,13.9712269520855));
#5856=CARTESIAN_POINT('Ctrl Pts',(-70.5191819922533,113.972516733497,13.9699371706738));
#5857=CARTESIAN_POINT('Ctrl Pts',(-70.5191819922533,113.971226952086,-0.00128978141164146));
#5858=CARTESIAN_POINT('Ctrl Pts',(-70.5191819922533,113.969937170674,-13.9725167334971));
#5859=CARTESIAN_POINT('Ctrl Pts',(-70.5191819922533,99.9987102185884,-13.9712269520854));
#5860=CARTESIAN_POINT('Ctrl Pts',(-70.5191819922533,86.027483266503,-13.9699371706737));
#5861=CARTESIAN_POINT('Ctrl Pts',(-70.5191819922533,86.0287730479147,0.00128978141176013));
#5862=CARTESIAN_POINT('Ctrl Pts',(-68.9999999999999,87.0000000553959,0.00120012067222227));
#5863=CARTESIAN_POINT('Ctrl Pts',(-68.9999999999999,87.0012001760681,13.0012000652764));
#5864=CARTESIAN_POINT('Ctrl Pts',(-68.9999999999999,100.001200120672,12.9999999446043));
#5865=CARTESIAN_POINT('Ctrl Pts',(-68.9999999999999,113.001200065276,12.9987998239321));
#5866=CARTESIAN_POINT('Ctrl Pts',(-68.9999999999999,112.999999944604,-0.00120012067210133));
#5867=CARTESIAN_POINT('Ctrl Pts',(-68.9999999999999,112.998799823932,-13.0012000652763));
#5868=CARTESIAN_POINT('Ctrl Pts',(-68.9999999999999,99.998799879328,-12.9999999446041));
#5869=CARTESIAN_POINT('Ctrl Pts',(-68.9999999999999,86.9987999347238,-12.998799823932));
#5870=CARTESIAN_POINT('Ctrl Pts',(-68.9999999999999,87.0000000553959,0.00120012067222227));
#5871=CARTESIAN_POINT('Origin',(-18.3677716688689,7.80165789617923,0.00851147205928954));
#5872=CARTESIAN_POINT('Origin',(-69.2241220220044,105.373367616202,5.71672714331193));
#5873=CARTESIAN_POINT('',(-69.2241220220044,105.373367616202,6.91672714331193));
#5874=CARTESIAN_POINT('Origin',(-69.2241220220044,94.0596591172176,5.71672714331201));
#5875=CARTESIAN_POINT('',(-69.2241220220044,94.0596591172176,6.91672714331201));
#5876=CARTESIAN_POINT('Origin',(-69.2241220220043,94.0596591172176,-5.59698135567199));
#5877=CARTESIAN_POINT('',(-69.2241220220043,94.0596591172176,-4.39698135567199));
#5878=CARTESIAN_POINT('Origin',(-69.2241220220043,105.373367616202,-5.59698135567207));
#5879=CARTESIAN_POINT('',(-69.2241220220043,105.373367616202,-4.39698135567207));
#5880=CARTESIAN_POINT('Origin',(-69.2241220220043,107.71651336671,0.0598728938199083));
#5881=CARTESIAN_POINT('',(-69.2241220220043,108.91651336671,0.0598728938198996));
#5882=CARTESIAN_POINT('Origin',(-69.2241220220043,99.7165133667097,8.05987289381997));
#5883=CARTESIAN_POINT('',(-69.2241220220043,100.91651336671,8.05987289381996));
#5884=CARTESIAN_POINT('Origin',(-69.2241220220043,99.7165133667095,-7.94012710618003));
#5885=CARTESIAN_POINT('',(-69.2241220220043,100.91651336671,-7.94012710618004));
#5886=CARTESIAN_POINT('Origin',(-43.,-1.37766167841004E-14,-2.73592110998468E-14));
#5887=CARTESIAN_POINT('',(-43.,-1.64708397440494E-14,-22.0000000149012));
#5888=CARTESIAN_POINT('',(-43.,-1.64708397440494E-14,-22.0000000149012));
#5889=CARTESIAN_POINT('Origin',(-43.,-1.37766167841004E-14,-2.73592110998468E-14));
#5890=CARTESIAN_POINT('Origin',(-43.,-1.33226813909345E-14,-2.75905792066248E-14));
#5891=CARTESIAN_POINT('',(-43.,-13.0000000000001,-6.60813978929568E-8));
#5892=CARTESIAN_POINT('',(-43.,-13.0000000000001,-6.60813978929568E-8));
#5893=CARTESIAN_POINT('Origin',(-43.,-1.33226813909345E-14,-2.75905792066248E-14));
#5894=CARTESIAN_POINT('Origin',(-43.,-1.31159086709344E-14,-2.66006419411758E-14));
#5895=CARTESIAN_POINT('Origin',(-93.,90.0000000000001,-30.7000000000002));
#5896=UNCERTAINTY_MEASURE_WITH_UNIT(LENGTH_MEASURE(0.01),#5900,
'DISTANCE_ACCURACY_VALUE',
'Maximum model space distance between geometric entities at asserted c
onnectivities');
#5897=UNCERTAINTY_MEASURE_WITH_UNIT(LENGTH_MEASURE(0.01),#5900,
'DISTANCE_ACCURACY_VALUE',
'Maximum model space distance between geometric entities at asserted c
onnectivities');
#5898=(
GEOMETRIC_REPRESENTATION_CONTEXT(3)
GLOBAL_UNCERTAINTY_ASSIGNED_CONTEXT((#5896))
GLOBAL_UNIT_ASSIGNED_CONTEXT((#5900,#5902,#5903))
REPRESENTATION_CONTEXT('','3D')
);
#5899=(
GEOMETRIC_REPRESENTATION_CONTEXT(3)
GLOBAL_UNCERTAINTY_ASSIGNED_CONTEXT((#5897))
GLOBAL_UNIT_ASSIGNED_CONTEXT((#5900,#5902,#5903))
REPRESENTATION_CONTEXT('','3D')
);
#5900=(
LENGTH_UNIT()
NAMED_UNIT(*)
SI_UNIT(.MILLI.,.METRE.)
);
#5901=(
LENGTH_UNIT()
NAMED_UNIT(*)
SI_UNIT($,.METRE.)
);
#5902=(
NAMED_UNIT(*)
PLANE_ANGLE_UNIT()
SI_UNIT($,.RADIAN.)
);
#5903=(
NAMED_UNIT(*)
SI_UNIT($,.STERADIAN.)
SOLID_ANGLE_UNIT()
);
#5904=SHAPE_DEFINITION_REPRESENTATION(#5905,#5906);
#5905=PRODUCT_DEFINITION_SHAPE('',$,#5908);
#5906=SHAPE_REPRESENTATION('',(#2132),#5898);
#5907=PRODUCT_DEFINITION_CONTEXT('part definition',#5912,'design');
#5908=PRODUCT_DEFINITION('\X2\53F35185\X0\ v1(\X2\955C50CF\X0\)(\X2\955C50CF\X0\)',
'\X2\53F35185\X0\ v1(\X2\955C50CF\X0\)(\X2\955C50CF\X0\)',#5909,#5907);
#5909=PRODUCT_DEFINITION_FORMATION('',$,#5914);
#5910=PRODUCT_RELATED_PRODUCT_CATEGORY('\X2\53F35185\X0\ v1(\X2\955C50CF\X0\)
(\X2\955C50CF\X0\)','\X2\53F35185\X0\ v1(\X2\955C50CF\X0\)(\X2\955C50CF\X0\)',
(#5914));
#5911=APPLICATION_PROTOCOL_DEFINITION('international standard',
'ap242_managed_model_based_3d_engineering',2011,#5912);
#5912=APPLICATION_CONTEXT('Managed model based 3d engineering');
#5913=PRODUCT_CONTEXT('part definition',#5912,'mechanical');
#5914=PRODUCT('\X2\53F35185\X0\ v1(\X2\955C50CF\X0\)(\X2\955C50CF\X0\)',
'\X2\53F35185\X0\ v1(\X2\955C50CF\X0\)(\X2\955C50CF\X0\)',$,(#5913));
#5915=PRESENTATION_STYLE_ASSIGNMENT((#5916));
#5916=SURFACE_STYLE_USAGE(.BOTH.,#5917);
#5917=SURFACE_SIDE_STYLE('',(#5918));
#5918=SURFACE_STYLE_FILL_AREA(#5919);
#5919=FILL_AREA_STYLE('\X2\94A2\X0\ - \X2\7F0E5149\X0\',(#5920));
#5920=FILL_AREA_STYLE_COLOUR('\X2\94A2\X0\ - \X2\7F0E5149\X0\',#5921);
#5921=COLOUR_RGB('\X2\94A2\X0\ - \X2\7F0E5149\X0\',0.627450980392157,0.627450980392157,
0.627450980392157);
ENDSEC;
END-ISO-10303-21;
