ISO-10303-21;
HEADER;
/* Generated by software containing ST-Developer
 * from STEP Tools, Inc. (www.steptools.com) 
 */

FILE_DESCRIPTION(
/* description */ ('',
'CAx-IF Rec.Pracs.---Representation and Presentation of Product Manufa
cturing Information (PMI)---4.0---2014-10-13'),
/* implementation_level */ '2;1');

FILE_NAME(
/* name */ '',
/* time_stamp */ '2025-01-02T19:06:00+08:00',
/* author */ (''),
/* organization */ (''),
/* preprocessor_version */ 'ST-DEVELOPER v20',
/* originating_system */ 'Autodesk Translation Framework v13.20.0.188',

/* authorisation */ '');

FILE_SCHEMA (('AP242_MANAGED_MODEL_BASED_3D_ENGINEERING_MIM_LF { 1 0 10303 442 1 1 4 }'));
ENDSEC;

DATA;
#10=MECHANICAL_DESIGN_GEOMETRIC_PRESENTATION_REPRESENTATION('',(#71,#72,
#73,#74,#75,#76,#77,#78,#79,#80,#81),#3054);
#11=SHAPE_REPRESENTATION_RELATIONSHIP('SRR','None',#3061,#12);
#12=ADVANCED_BREP_SHAPE_REPRESENTATION('',(#13),#3053);
#13=MANIFOLD_SOLID_BREP('\X2\5B9E4F53\X0\1',#1716);
#14=SPHERICAL_SURFACE('',#1848,0.880195599022005);
#15=SPHERICAL_SURFACE('',#1850,0.880195599022005);
#16=SPHERICAL_SURFACE('',#1860,0.880195599022005);
#17=SPHERICAL_SURFACE('',#1862,0.880195599022005);
#18=TOROIDAL_SURFACE('',#1817,9.3945157696991,2.64058679706601);
#19=TOROIDAL_SURFACE('',#1825,1.49633251833741,0.440097799511003);
#20=TOROIDAL_SURFACE('',#1830,1.49633251833741,0.440097799511003);
#21=TOROIDAL_SURFACE('',#1865,5.80929095354523,0.440097799511003);
#22=TOROIDAL_SURFACE('',#1867,6.41742411732571,0.440097799511003);
#23=TOROIDAL_SURFACE('',#1873,1.32029339853301,0.880195599022005);
#24=TOROIDAL_SURFACE('',#1875,1.74788048299677,0.880195599022005);
#25=CONICAL_SURFACE('',#1810,5.36919315403423,0.78539816339745);
#26=CONICAL_SURFACE('',#1877,0.704156479217603,1.02974425867665);
#27=CONICAL_SURFACE('',#1880,0.704156479217603,1.02974425867665);
#28=CONICAL_SURFACE('',#1883,0.704156479217594,1.02974425867664);
#29=CONICAL_SURFACE('',#1898,1.05623471882641,1.02974425867665);
#30=CONICAL_SURFACE('',#1901,1.93643031784841,0.785398163397448);
#31=CONICAL_SURFACE('',#1902,1.93643031784841,0.785398163397448);
#32=CONICAL_SURFACE('',#1905,1.05623471882641,1.02974425867665);
#33=B_SPLINE_CURVE_WITH_KNOTS('',3,(#2742,#2743,#2744,#2745,#2746,#2747),
 .UNSPECIFIED.,.F.,.F.,(4,2,4),(0.020055867971996,0.025080031703709,0.0293076519811763),
 .UNSPECIFIED.);
#34=B_SPLINE_CURVE_WITH_KNOTS('',3,(#2749,#2750,#2751,#2752,#2753,#2754,
#2755,#2756,#2757,#2758,#2759,#2760,#2761,#2762,#2763,#2764),
 .UNSPECIFIED.,.F.,.F.,(4,2,2,2,2,2,2,4),(-0.050915819906808,-0.0501192764525623,
-0.0451155061982772,-0.0401117359439922,-0.0351079656897071,-0.030104195435422,
-0.025080031703709,-0.0200558679719961),.UNSPECIFIED.);
#35=B_SPLINE_CURVE_WITH_KNOTS('',3,(#2768,#2769,#2770,#2771,#2772,#2773,
#2774,#2775,#2776,#2777,#2778,#2779,#2780,#2781,#2782,#2783,#2784,#2785,
#2786),.UNSPECIFIED.,.F.,.F.,(4,2,2,2,3,2,2,2,4),(-0.0200558679719961,-0.0150317042402831,
-0.0100075405085702,-0.00500377025428509,0.,0.00500377025428513,0.0100075405085702,
0.0150317042402831,0.020055867971996),.UNSPECIFIED.);
#36=B_SPLINE_CURVE_WITH_KNOTS('',3,(#2802,#2803,#2804,#2805,#2806,#2807),
 .UNSPECIFIED.,.F.,.F.,(4,2,4),(0.732343680208094,0.78118467994794,0.80625214272691),
 .UNSPECIFIED.);
#37=B_SPLINE_CURVE_WITH_KNOTS('',3,(#2809,#2810,#2811,#2812),
 .UNSPECIFIED.,.F.,.F.,(4,4),(-0.0789735300051039,-0.0653251151043162),
 .UNSPECIFIED.);
#38=B_SPLINE_CURVE_WITH_KNOTS('',3,(#2816,#2817,#2818,#2819,#2820,#2821),
 .UNSPECIFIED.,.F.,.F.,(4,2,4),(-0.262999471764918,-0.261940002767827,-0.249358229866081),
 .UNSPECIFIED.);
#39=B_SPLINE_CURVE_WITH_KNOTS('',3,(#2823,#2824,#2825,#2826,#2827,#2828),
 .UNSPECIFIED.,.F.,.F.,(4,2,4),(0.977469413497984,1.00253687627695,1.05137787601638),
 .UNSPECIFIED.);
#40=B_SPLINE_CURVE_WITH_KNOTS('',3,(#2830,#2831,#2832,#2833,#2834,#2835,
#2836,#2837,#2838,#2839,#2840,#2841,#2842,#2843,#2844,#2845),
 .UNSPECIFIED.,.F.,.F.,(4,2,2,2,2,2,2,4),(0.210488589126902,0.235427055372041,
0.306810599396792,0.428495153501452,0.489605023496011,0.522080625467911,
0.534571846760729,0.542264611453019),.UNSPECIFIED.);
#41=B_SPLINE_CURVE_WITH_KNOTS('',3,(#2847,#2848,#2849,#2850,#2851,#2852,
#2853,#2854,#2855,#2856,#2857,#2858,#2859,#2860,#2861,#2862,#2863,#2864),
 .UNSPECIFIED.,.F.,.F.,(4,2,2,2,2,2,2,2,4),(0.542264611453019,0.543377699829055,
0.552832448793643,0.568340164166476,0.613957279837884,0.662980470061845,
0.746836749818845,0.8090727288579,0.815437304971778),.UNSPECIFIED.);
#42=B_SPLINE_CURVE_WITH_KNOTS('',3,(#2917,#2918,#2919,#2920,#2921,#2922,
#2923,#2924,#2925,#2926,#2927,#2928),.UNSPECIFIED.,.F.,.F.,(4,2,2,2,2,4),
(0.11616917984731,0.130943478946183,0.152203486238339,0.177656909678853,
0.205429101476112,0.205940124359708),.UNSPECIFIED.);
#43=B_SPLINE_CURVE_WITH_KNOTS('',3,(#2929,#2930,#2931,#2932,#2933,#2934,
#2935,#2936,#2937,#2938,#2939,#2940),.UNSPECIFIED.,.F.,.F.,(4,2,2,2,2,4),
(-0.0892599216291567,-0.074485622530215,-0.0532256152379634,-0.0277721917973339,
0.,0.000511022883605088),.UNSPECIFIED.);
#44=B_SPLINE_CURVE_WITH_KNOTS('',3,(#2946,#2947,#2948,#2949,#2950,#2951,
#2952,#2953,#2954,#2955,#2956),.UNSPECIFIED.,.F.,.F.,(4,2,3,2,4),(0.474011512968873,
0.482597572310213,0.512852675948786,0.543107779587359,0.551693838928699),
 .UNSPECIFIED.);
#45=ELLIPSE('',#1762,0.440445670409732,0.440097799511003);
#46=ELLIPSE('',#1763,0.440445670409732,0.440097799511003);
#47=ELLIPSE('',#1765,0.440445670409732,0.440097799511003);
#48=ELLIPSE('',#1766,0.440445670409732,0.440097799511003);
#49=ELLIPSE('',#1869,0.622392276839015,0.440097799511002);
#50=ELLIPSE('',#1871,0.622392276839015,0.440097799511002);
#51=FACE_BOUND('',#226,.T.);
#52=FACE_BOUND('',#232,.T.);
#53=FACE_BOUND('',#233,.T.);
#54=FACE_BOUND('',#235,.T.);
#55=FACE_BOUND('',#236,.T.);
#56=FACE_BOUND('',#237,.T.);
#57=FACE_BOUND('',#241,.T.);
#58=FACE_BOUND('',#243,.T.);
#59=FACE_BOUND('',#247,.T.);
#60=FACE_BOUND('',#248,.T.);
#61=FACE_BOUND('',#250,.T.);
#62=FACE_BOUND('',#254,.T.);
#63=FACE_BOUND('',#260,.T.);
#64=FACE_BOUND('',#261,.T.);
#65=FACE_BOUND('',#262,.T.);
#66=FACE_BOUND('',#263,.T.);
#67=FACE_BOUND('',#264,.T.);
#68=FACE_BOUND('',#266,.T.);
#69=FACE_BOUND('',#270,.T.);
#70=FACE_BOUND('',#330,.T.);
#71=STYLED_ITEM('',(#3071),#1620);
#72=STYLED_ITEM('',(#3071),#1621);
#73=STYLED_ITEM('',(#3071),#1622);
#74=STYLED_ITEM('',(#3071),#1623);
#75=STYLED_ITEM('',(#3071),#1624);
#76=STYLED_ITEM('',(#3071),#1625);
#77=STYLED_ITEM('',(#3071),#1626);
#78=STYLED_ITEM('',(#3072),#1647);
#79=STYLED_ITEM('',(#3073),#1714);
#80=STYLED_ITEM('',(#3073),#1715);
#81=STYLED_ITEM('',(#3070),#13);
#82=CYLINDRICAL_SURFACE('',#1735,1.93643031784841);
#83=CYLINDRICAL_SURFACE('',#1738,1.93643031784841);
#84=CYLINDRICAL_SURFACE('',#1807,5.36919315403423);
#85=CYLINDRICAL_SURFACE('',#1820,1.10024449877751);
#86=CYLINDRICAL_SURFACE('',#1823,0.440097799511003);
#87=CYLINDRICAL_SURFACE('',#1827,0.440097799511003);
#88=CYLINDRICAL_SURFACE('',#1828,0.440097799511003);
#89=CYLINDRICAL_SURFACE('',#1832,0.440097799511003);
#90=CYLINDRICAL_SURFACE('',#1833,0.440097799511003);
#91=CYLINDRICAL_SURFACE('',#1834,0.440097799511003);
#92=CYLINDRICAL_SURFACE('',#1835,0.440097799511003);
#93=CYLINDRICAL_SURFACE('',#1836,0.440097799511003);
#94=CYLINDRICAL_SURFACE('',#1837,0.440097799511003);
#95=CYLINDRICAL_SURFACE('',#1838,0.440097799511003);
#96=CYLINDRICAL_SURFACE('',#1839,0.440097799511003);
#97=CYLINDRICAL_SURFACE('',#1840,0.440097799511003);
#98=CYLINDRICAL_SURFACE('',#1841,0.880195599022005);
#99=CYLINDRICAL_SURFACE('',#1843,0.880195599022005);
#100=CYLINDRICAL_SURFACE('',#1846,0.880195599022005);
#101=CYLINDRICAL_SURFACE('',#1852,0.880195599022005);
#102=CYLINDRICAL_SURFACE('',#1854,0.880195599022005);
#103=CYLINDRICAL_SURFACE('',#1856,0.880195599022005);
#104=CYLINDRICAL_SURFACE('',#1858,0.880195599022005);
#105=CYLINDRICAL_SURFACE('',#1864,0.880195599022005);
#106=CYLINDRICAL_SURFACE('',#1868,0.440097799511003);
#107=CYLINDRICAL_SURFACE('',#1870,0.440097799511003);
#108=CYLINDRICAL_SURFACE('',#1872,0.440097799511003);
#109=CYLINDRICAL_SURFACE('',#1879,0.704156479217599);
#110=CYLINDRICAL_SURFACE('',#1882,0.704156479217599);
#111=CYLINDRICAL_SURFACE('',#1885,0.704156479217594);
#112=CYLINDRICAL_SURFACE('',#1886,0.572127139364302);
#113=CYLINDRICAL_SURFACE('',#1889,0.572127139364302);
#114=CYLINDRICAL_SURFACE('',#1892,0.572127139364302);
#115=CYLINDRICAL_SURFACE('',#1895,0.572127139364302);
#116=CYLINDRICAL_SURFACE('',#1900,1.05623471882641);
#117=CYLINDRICAL_SURFACE('',#1903,1.05623471882641);
#118=CYLINDRICAL_SURFACE('',#1916,1.89242053789731);
#119=FACE_OUTER_BOUND('',#220,.T.);
#120=FACE_OUTER_BOUND('',#221,.T.);
#121=FACE_OUTER_BOUND('',#222,.T.);
#122=FACE_OUTER_BOUND('',#223,.T.);
#123=FACE_OUTER_BOUND('',#224,.T.);
#124=FACE_OUTER_BOUND('',#225,.T.);
#125=FACE_OUTER_BOUND('',#227,.T.);
#126=FACE_OUTER_BOUND('',#228,.T.);
#127=FACE_OUTER_BOUND('',#229,.T.);
#128=FACE_OUTER_BOUND('',#230,.T.);
#129=FACE_OUTER_BOUND('',#231,.T.);
#130=FACE_OUTER_BOUND('',#234,.T.);
#131=FACE_OUTER_BOUND('',#238,.T.);
#132=FACE_OUTER_BOUND('',#239,.T.);
#133=FACE_OUTER_BOUND('',#240,.T.);
#134=FACE_OUTER_BOUND('',#242,.T.);
#135=FACE_OUTER_BOUND('',#244,.T.);
#136=FACE_OUTER_BOUND('',#245,.T.);
#137=FACE_OUTER_BOUND('',#246,.T.);
#138=FACE_OUTER_BOUND('',#249,.T.);
#139=FACE_OUTER_BOUND('',#251,.T.);
#140=FACE_OUTER_BOUND('',#252,.T.);
#141=FACE_OUTER_BOUND('',#253,.T.);
#142=FACE_OUTER_BOUND('',#255,.T.);
#143=FACE_OUTER_BOUND('',#256,.T.);
#144=FACE_OUTER_BOUND('',#257,.T.);
#145=FACE_OUTER_BOUND('',#258,.T.);
#146=FACE_OUTER_BOUND('',#259,.T.);
#147=FACE_OUTER_BOUND('',#265,.T.);
#148=FACE_OUTER_BOUND('',#267,.T.);
#149=FACE_OUTER_BOUND('',#268,.T.);
#150=FACE_OUTER_BOUND('',#269,.T.);
#151=FACE_OUTER_BOUND('',#271,.T.);
#152=FACE_OUTER_BOUND('',#272,.T.);
#153=FACE_OUTER_BOUND('',#273,.T.);
#154=FACE_OUTER_BOUND('',#274,.T.);
#155=FACE_OUTER_BOUND('',#275,.T.);
#156=FACE_OUTER_BOUND('',#276,.T.);
#157=FACE_OUTER_BOUND('',#277,.T.);
#158=FACE_OUTER_BOUND('',#278,.T.);
#159=FACE_OUTER_BOUND('',#279,.T.);
#160=FACE_OUTER_BOUND('',#280,.T.);
#161=FACE_OUTER_BOUND('',#281,.T.);
#162=FACE_OUTER_BOUND('',#282,.T.);
#163=FACE_OUTER_BOUND('',#283,.T.);
#164=FACE_OUTER_BOUND('',#284,.T.);
#165=FACE_OUTER_BOUND('',#285,.T.);
#166=FACE_OUTER_BOUND('',#286,.T.);
#167=FACE_OUTER_BOUND('',#287,.T.);
#168=FACE_OUTER_BOUND('',#288,.T.);
#169=FACE_OUTER_BOUND('',#289,.T.);
#170=FACE_OUTER_BOUND('',#290,.T.);
#171=FACE_OUTER_BOUND('',#291,.T.);
#172=FACE_OUTER_BOUND('',#292,.T.);
#173=FACE_OUTER_BOUND('',#293,.T.);
#174=FACE_OUTER_BOUND('',#294,.T.);
#175=FACE_OUTER_BOUND('',#295,.T.);
#176=FACE_OUTER_BOUND('',#296,.T.);
#177=FACE_OUTER_BOUND('',#297,.T.);
#178=FACE_OUTER_BOUND('',#298,.T.);
#179=FACE_OUTER_BOUND('',#299,.T.);
#180=FACE_OUTER_BOUND('',#300,.T.);
#181=FACE_OUTER_BOUND('',#301,.T.);
#182=FACE_OUTER_BOUND('',#302,.T.);
#183=FACE_OUTER_BOUND('',#303,.T.);
#184=FACE_OUTER_BOUND('',#304,.T.);
#185=FACE_OUTER_BOUND('',#305,.T.);
#186=FACE_OUTER_BOUND('',#306,.T.);
#187=FACE_OUTER_BOUND('',#307,.T.);
#188=FACE_OUTER_BOUND('',#308,.T.);
#189=FACE_OUTER_BOUND('',#309,.T.);
#190=FACE_OUTER_BOUND('',#310,.T.);
#191=FACE_OUTER_BOUND('',#311,.T.);
#192=FACE_OUTER_BOUND('',#312,.T.);
#193=FACE_OUTER_BOUND('',#313,.T.);
#194=FACE_OUTER_BOUND('',#314,.T.);
#195=FACE_OUTER_BOUND('',#315,.T.);
#196=FACE_OUTER_BOUND('',#316,.T.);
#197=FACE_OUTER_BOUND('',#317,.T.);
#198=FACE_OUTER_BOUND('',#318,.T.);
#199=FACE_OUTER_BOUND('',#319,.T.);
#200=FACE_OUTER_BOUND('',#320,.T.);
#201=FACE_OUTER_BOUND('',#321,.T.);
#202=FACE_OUTER_BOUND('',#322,.T.);
#203=FACE_OUTER_BOUND('',#323,.T.);
#204=FACE_OUTER_BOUND('',#324,.T.);
#205=FACE_OUTER_BOUND('',#325,.T.);
#206=FACE_OUTER_BOUND('',#326,.T.);
#207=FACE_OUTER_BOUND('',#327,.T.);
#208=FACE_OUTER_BOUND('',#328,.T.);
#209=FACE_OUTER_BOUND('',#329,.T.);
#210=FACE_OUTER_BOUND('',#331,.T.);
#211=FACE_OUTER_BOUND('',#332,.T.);
#212=FACE_OUTER_BOUND('',#333,.T.);
#213=FACE_OUTER_BOUND('',#334,.T.);
#214=FACE_OUTER_BOUND('',#335,.T.);
#215=FACE_OUTER_BOUND('',#336,.T.);
#216=FACE_OUTER_BOUND('',#337,.T.);
#217=FACE_OUTER_BOUND('',#338,.T.);
#218=FACE_OUTER_BOUND('',#339,.T.);
#219=FACE_OUTER_BOUND('',#340,.T.);
#220=EDGE_LOOP('',(#1092,#1093,#1094,#1095,#1096,#1097,#1098));
#221=EDGE_LOOP('',(#1099,#1100,#1101,#1102,#1103,#1104,#1105,#1106,#1107,
#1108));
#222=EDGE_LOOP('',(#1109,#1110,#1111,#1112));
#223=EDGE_LOOP('',(#1113,#1114,#1115,#1116));
#224=EDGE_LOOP('',(#1117,#1118,#1119,#1120,#1121,#1122,#1123,#1124,#1125,
#1126));
#225=EDGE_LOOP('',(#1127,#1128,#1129,#1130,#1131,#1132));
#226=EDGE_LOOP('',(#1133));
#227=EDGE_LOOP('',(#1134,#1135,#1136,#1137,#1138,#1139));
#228=EDGE_LOOP('',(#1140,#1141,#1142,#1143));
#229=EDGE_LOOP('',(#1144,#1145,#1146,#1147,#1148,#1149));
#230=EDGE_LOOP('',(#1150,#1151,#1152,#1153));
#231=EDGE_LOOP('',(#1154,#1155,#1156,#1157,#1158,#1159));
#232=EDGE_LOOP('',(#1160,#1161,#1162,#1163));
#233=EDGE_LOOP('',(#1164));
#234=EDGE_LOOP('',(#1165,#1166,#1167,#1168,#1169,#1170,#1171,#1172));
#235=EDGE_LOOP('',(#1173,#1174,#1175,#1176));
#236=EDGE_LOOP('',(#1177));
#237=EDGE_LOOP('',(#1178));
#238=EDGE_LOOP('',(#1179,#1180,#1181,#1182,#1183,#1184));
#239=EDGE_LOOP('',(#1185,#1186,#1187,#1188,#1189,#1190));
#240=EDGE_LOOP('',(#1191,#1192,#1193,#1194));
#241=EDGE_LOOP('',(#1195));
#242=EDGE_LOOP('',(#1196,#1197,#1198,#1199));
#243=EDGE_LOOP('',(#1200));
#244=EDGE_LOOP('',(#1201,#1202,#1203,#1204,#1205,#1206,#1207,#1208));
#245=EDGE_LOOP('',(#1209,#1210,#1211,#1212,#1213,#1214,#1215,#1216));
#246=EDGE_LOOP('',(#1217,#1218,#1219,#1220,#1221,#1222));
#247=EDGE_LOOP('',(#1223,#1224,#1225,#1226));
#248=EDGE_LOOP('',(#1227));
#249=EDGE_LOOP('',(#1228,#1229,#1230,#1231,#1232,#1233));
#250=EDGE_LOOP('',(#1234));
#251=EDGE_LOOP('',(#1235,#1236,#1237,#1238));
#252=EDGE_LOOP('',(#1239,#1240,#1241,#1242));
#253=EDGE_LOOP('',(#1243,#1244,#1245,#1246));
#254=EDGE_LOOP('',(#1247,#1248,#1249,#1250,#1251,#1252,#1253,#1254));
#255=EDGE_LOOP('',(#1255,#1256,#1257,#1258));
#256=EDGE_LOOP('',(#1259,#1260,#1261,#1262));
#257=EDGE_LOOP('',(#1263,#1264,#1265,#1266));
#258=EDGE_LOOP('',(#1267,#1268,#1269,#1270));
#259=EDGE_LOOP('',(#1271,#1272,#1273,#1274,#1275,#1276,#1277,#1278));
#260=EDGE_LOOP('',(#1279));
#261=EDGE_LOOP('',(#1280));
#262=EDGE_LOOP('',(#1281));
#263=EDGE_LOOP('',(#1282));
#264=EDGE_LOOP('',(#1283));
#265=EDGE_LOOP('',(#1284,#1285,#1286,#1287));
#266=EDGE_LOOP('',(#1288));
#267=EDGE_LOOP('',(#1289,#1290,#1291,#1292,#1293,#1294,#1295,#1296,#1297));
#268=EDGE_LOOP('',(#1298,#1299,#1300,#1301));
#269=EDGE_LOOP('',(#1302));
#270=EDGE_LOOP('',(#1303));
#271=EDGE_LOOP('',(#1304));
#272=EDGE_LOOP('',(#1305,#1306,#1307,#1308,#1309,#1310,#1311,#1312,#1313,
#1314));
#273=EDGE_LOOP('',(#1315,#1316,#1317,#1318,#1319));
#274=EDGE_LOOP('',(#1320,#1321,#1322,#1323));
#275=EDGE_LOOP('',(#1324,#1325,#1326,#1327));
#276=EDGE_LOOP('',(#1328,#1329,#1330,#1331));
#277=EDGE_LOOP('',(#1332,#1333,#1334,#1335));
#278=EDGE_LOOP('',(#1336,#1337,#1338,#1339));
#279=EDGE_LOOP('',(#1340,#1341,#1342,#1343));
#280=EDGE_LOOP('',(#1344,#1345,#1346,#1347));
#281=EDGE_LOOP('',(#1348,#1349,#1350,#1351));
#282=EDGE_LOOP('',(#1352,#1353,#1354,#1355));
#283=EDGE_LOOP('',(#1356,#1357,#1358,#1359));
#284=EDGE_LOOP('',(#1360,#1361,#1362,#1363));
#285=EDGE_LOOP('',(#1364,#1365,#1366,#1367));
#286=EDGE_LOOP('',(#1368,#1369,#1370,#1371));
#287=EDGE_LOOP('',(#1372,#1373,#1374,#1375));
#288=EDGE_LOOP('',(#1376,#1377,#1378,#1379));
#289=EDGE_LOOP('',(#1380,#1381,#1382,#1383));
#290=EDGE_LOOP('',(#1384,#1385,#1386,#1387));
#291=EDGE_LOOP('',(#1388,#1389,#1390,#1391));
#292=EDGE_LOOP('',(#1392,#1393,#1394,#1395));
#293=EDGE_LOOP('',(#1396,#1397,#1398));
#294=EDGE_LOOP('',(#1399,#1400,#1401));
#295=EDGE_LOOP('',(#1402,#1403,#1404,#1405));
#296=EDGE_LOOP('',(#1406,#1407,#1408,#1409));
#297=EDGE_LOOP('',(#1410,#1411,#1412,#1413));
#298=EDGE_LOOP('',(#1414,#1415,#1416,#1417));
#299=EDGE_LOOP('',(#1418,#1419,#1420));
#300=EDGE_LOOP('',(#1421,#1422,#1423));
#301=EDGE_LOOP('',(#1424,#1425,#1426,#1427));
#302=EDGE_LOOP('',(#1428,#1429,#1430,#1431));
#303=EDGE_LOOP('',(#1432,#1433,#1434,#1435));
#304=EDGE_LOOP('',(#1436,#1437,#1438,#1439,#1440));
#305=EDGE_LOOP('',(#1441,#1442,#1443,#1444,#1445));
#306=EDGE_LOOP('',(#1446,#1447,#1448,#1449,#1450,#1451));
#307=EDGE_LOOP('',(#1452,#1453,#1454,#1455));
#308=EDGE_LOOP('',(#1456,#1457,#1458,#1459));
#309=EDGE_LOOP('',(#1460,#1461,#1462,#1463,#1464,#1465));
#310=EDGE_LOOP('',(#1466,#1467,#1468,#1469,#1470,#1471));
#311=EDGE_LOOP('',(#1472,#1473,#1474));
#312=EDGE_LOOP('',(#1475,#1476,#1477,#1478));
#313=EDGE_LOOP('',(#1479,#1480,#1481));
#314=EDGE_LOOP('',(#1482,#1483,#1484,#1485));
#315=EDGE_LOOP('',(#1486,#1487,#1488,#1489));
#316=EDGE_LOOP('',(#1490));
#317=EDGE_LOOP('',(#1491,#1492,#1493,#1494));
#318=EDGE_LOOP('',(#1495));
#319=EDGE_LOOP('',(#1496,#1497,#1498,#1499));
#320=EDGE_LOOP('',(#1500));
#321=EDGE_LOOP('',(#1501,#1502,#1503,#1504));
#322=EDGE_LOOP('',(#1505));
#323=EDGE_LOOP('',(#1506,#1507,#1508));
#324=EDGE_LOOP('',(#1509,#1510,#1511,#1512));
#325=EDGE_LOOP('',(#1513,#1514,#1515,#1516));
#326=EDGE_LOOP('',(#1517,#1518,#1519,#1520));
#327=EDGE_LOOP('',(#1521,#1522,#1523,#1524));
#328=EDGE_LOOP('',(#1525,#1526,#1527));
#329=EDGE_LOOP('',(#1528,#1529,#1530,#1531));
#330=EDGE_LOOP('',(#1532));
#331=EDGE_LOOP('',(#1533,#1534,#1535,#1536));
#332=EDGE_LOOP('',(#1537,#1538,#1539,#1540));
#333=EDGE_LOOP('',(#1541,#1542,#1543,#1544));
#334=EDGE_LOOP('',(#1545,#1546,#1547,#1548));
#335=EDGE_LOOP('',(#1549,#1550,#1551,#1552));
#336=EDGE_LOOP('',(#1553,#1554,#1555,#1556));
#337=EDGE_LOOP('',(#1557,#1558,#1559,#1560));
#338=EDGE_LOOP('',(#1561,#1562,#1563,#1564));
#339=EDGE_LOOP('',(#1565,#1566,#1567,#1568));
#340=EDGE_LOOP('',(#1569));
#341=LINE('',#2444,#480);
#342=LINE('',#2446,#481);
#343=LINE('',#2450,#482);
#344=LINE('',#2452,#483);
#345=LINE('',#2457,#484);
#346=LINE('',#2459,#485);
#347=LINE('',#2461,#486);
#348=LINE('',#2463,#487);
#349=LINE('',#2465,#488);
#350=LINE('',#2467,#489);
#351=LINE('',#2469,#490);
#352=LINE('',#2471,#491);
#353=LINE('',#2473,#492);
#354=LINE('',#2474,#493);
#355=LINE('',#2478,#494);
#356=LINE('',#2485,#495);
#357=LINE('',#2490,#496);
#358=LINE('',#2491,#497);
#359=LINE('',#2493,#498);
#360=LINE('',#2495,#499);
#361=LINE('',#2496,#500);
#362=LINE('',#2498,#501);
#363=LINE('',#2500,#502);
#364=LINE('',#2501,#503);
#365=LINE('',#2504,#504);
#366=LINE('',#2508,#505);
#367=LINE('',#2511,#506);
#368=LINE('',#2516,#507);
#369=LINE('',#2518,#508);
#370=LINE('',#2520,#509);
#371=LINE('',#2521,#510);
#372=LINE('',#2522,#511);
#373=LINE('',#2526,#512);
#374=LINE('',#2528,#513);
#375=LINE('',#2530,#514);
#376=LINE('',#2531,#515);
#377=LINE('',#2535,#516);
#378=LINE('',#2536,#517);
#379=LINE('',#2537,#518);
#380=LINE('',#2539,#519);
#381=LINE('',#2540,#520);
#382=LINE('',#2543,#521);
#383=LINE('',#2545,#522);
#384=LINE('',#2546,#523);
#385=LINE('',#2552,#524);
#386=LINE('',#2554,#525);
#387=LINE('',#2556,#526);
#388=LINE('',#2557,#527);
#389=LINE('',#2567,#528);
#390=LINE('',#2569,#529);
#391=LINE('',#2571,#530);
#392=LINE('',#2572,#531);
#393=LINE('',#2580,#532);
#394=LINE('',#2587,#533);
#395=LINE('',#2593,#534);
#396=LINE('',#2594,#535);
#397=LINE('',#2599,#536);
#398=LINE('',#2602,#537);
#399=LINE('',#2608,#538);
#400=LINE('',#2610,#539);
#401=LINE('',#2611,#540);
#402=LINE('',#2613,#541);
#403=LINE('',#2614,#542);
#404=LINE('',#2617,#543);
#405=LINE('',#2619,#544);
#406=LINE('',#2621,#545);
#407=LINE('',#2623,#546);
#408=LINE('',#2624,#547);
#409=LINE('',#2628,#548);
#410=LINE('',#2633,#549);
#411=LINE('',#2635,#550);
#412=LINE('',#2637,#551);
#413=LINE('',#2638,#552);
#414=LINE('',#2645,#553);
#415=LINE('',#2652,#554);
#416=LINE('',#2653,#555);
#417=LINE('',#2654,#556);
#418=LINE('',#2657,#557);
#419=LINE('',#2659,#558);
#420=LINE('',#2660,#559);
#421=LINE('',#2664,#560);
#422=LINE('',#2666,#561);
#423=LINE('',#2668,#562);
#424=LINE('',#2669,#563);
#425=LINE('',#2672,#564);
#426=LINE('',#2676,#565);
#427=LINE('',#2680,#566);
#428=LINE('',#2684,#567);
#429=LINE('',#2689,#568);
#430=LINE('',#2690,#569);
#431=LINE('',#2691,#570);
#432=LINE('',#2695,#571);
#433=LINE('',#2696,#572);
#434=LINE('',#2697,#573);
#435=LINE('',#2700,#574);
#436=LINE('',#2702,#575);
#437=LINE('',#2703,#576);
#438=LINE('',#2706,#577);
#439=LINE('',#2708,#578);
#440=LINE('',#2709,#579);
#441=LINE('',#2728,#580);
#442=LINE('',#2730,#581);
#443=LINE('',#2732,#582);
#444=LINE('',#2740,#583);
#445=LINE('',#2766,#584);
#446=LINE('',#2789,#585);
#447=LINE('',#2866,#586);
#448=LINE('',#2867,#587);
#449=LINE('',#2869,#588);
#450=LINE('',#2871,#589);
#451=LINE('',#2963,#590);
#452=LINE('',#2966,#591);
#453=LINE('',#2970,#592);
#454=LINE('',#2973,#593);
#455=LINE('',#2977,#594);
#456=LINE('',#2980,#595);
#457=LINE('',#2984,#596);
#458=LINE('',#2989,#597);
#459=LINE('',#2994,#598);
#460=LINE('',#2999,#599);
#461=LINE('',#3004,#600);
#462=LINE('',#3007,#601);
#463=LINE('',#3009,#602);
#464=LINE('',#3011,#603);
#465=LINE('',#3015,#604);
#466=LINE('',#3018,#605);
#467=LINE('',#3022,#606);
#468=LINE('',#3024,#607);
#469=LINE('',#3026,#608);
#470=LINE('',#3027,#609);
#471=LINE('',#3031,#610);
#472=LINE('',#3032,#611);
#473=LINE('',#3034,#612);
#474=LINE('',#3036,#613);
#475=LINE('',#3039,#614);
#476=LINE('',#3040,#615);
#477=LINE('',#3042,#616);
#478=LINE('',#3044,#617);
#479=LINE('',#3048,#618);
#480=VECTOR('',#1925,0.759346209135795);
#481=VECTOR('',#1926,0.616136919315402);
#482=VECTOR('',#1929,0.616136919315402);
#483=VECTOR('',#1930,0.759346209135795);
#484=VECTOR('',#1935,0.0440097799511071);
#485=VECTOR('',#1936,6.68369328348662);
#486=VECTOR('',#1937,0.044009779951111);
#487=VECTOR('',#1938,36.);
#488=VECTOR('',#1939,0.0440097799510993);
#489=VECTOR('',#1940,6.68369328348662);
#490=VECTOR('',#1941,0.0440097799511071);
#491=VECTOR('',#1942,6.67488437007842);
#492=VECTOR('',#1943,36.);
#493=VECTOR('',#1944,6.67488437007842);
#494=VECTOR('',#1947,0.0440097799511071);
#495=VECTOR('',#1956,0.0440097799511071);
#496=VECTOR('',#1961,0.044009779951111);
#497=VECTOR('',#1962,6.68369328348662);
#498=VECTOR('',#1963,6.67488437007842);
#499=VECTOR('',#1964,36.);
#500=VECTOR('',#1965,6.67488437007842);
#501=VECTOR('',#1966,6.68369328348662);
#502=VECTOR('',#1967,0.0440097799510837);
#503=VECTOR('',#1968,36.);
#504=VECTOR('',#1971,15.359413202934);
#505=VECTOR('',#1974,35.119804400978);
#506=VECTOR('',#1977,15.359413202934);
#507=VECTOR('',#1982,0.880195599022005);
#508=VECTOR('',#1983,35.119804400978);
#509=VECTOR('',#1984,0.880195599022005);
#510=VECTOR('',#1985,15.359413202934);
#511=VECTOR('',#1986,4.40097799511002);
#512=VECTOR('',#1989,35.119804400978);
#513=VECTOR('',#1990,0.880195599022005);
#514=VECTOR('',#1991,35.119804400978);
#515=VECTOR('',#1992,0.880195599022005);
#516=VECTOR('',#1995,35.119804400978);
#517=VECTOR('',#1996,0.880195599022005);
#518=VECTOR('',#1997,4.40097799511002);
#519=VECTOR('',#1998,15.359413202934);
#520=VECTOR('',#1999,0.880195599022005);
#521=VECTOR('',#2002,0.880195599022005);
#522=VECTOR('',#2003,35.119804400978);
#523=VECTOR('',#2004,0.880195599022005);
#524=VECTOR('',#2011,4.04889975550122);
#525=VECTOR('',#2012,7.30562347188264);
#526=VECTOR('',#2013,4.04889975550122);
#527=VECTOR('',#2014,7.30562347188264);
#528=VECTOR('',#2027,7.30562347188264);
#529=VECTOR('',#2028,4.04889975550122);
#530=VECTOR('',#2029,7.30562347188264);
#531=VECTOR('',#2030,4.04889975550122);
#532=VECTOR('',#2037,3.52008665429056);
#533=VECTOR('',#2046,3.52008665429056);
#534=VECTOR('',#2053,6.66619141363647);
#535=VECTOR('',#2054,6.66619141363647);
#536=VECTOR('',#2059,6.66619141363647);
#537=VECTOR('',#2062,6.66619141363647);
#538=VECTOR('',#2067,34.239608801956);
#539=VECTOR('',#2068,11.8826405867971);
#540=VECTOR('',#2069,14.91966544082);
#541=VECTOR('',#2070,14.91966544082);
#542=VECTOR('',#2071,11.8826405867971);
#543=VECTOR('',#2074,14.91966544082);
#544=VECTOR('',#2075,11.8826405867971);
#545=VECTOR('',#2076,34.239608801956);
#546=VECTOR('',#2077,11.8826405867971);
#547=VECTOR('',#2078,14.91966544082);
#548=VECTOR('',#2081,34.239608801956);
#549=VECTOR('',#2086,7.30562347188264);
#550=VECTOR('',#2087,4.04889975550122);
#551=VECTOR('',#2088,7.30562347188264);
#552=VECTOR('',#2089,4.04889975550122);
#553=VECTOR('',#2096,34.239608801956);
#554=VECTOR('',#2103,34.239608801956);
#555=VECTOR('',#2104,11.8826405867971);
#556=VECTOR('',#2105,11.8826405867971);
#557=VECTOR('',#2108,11.8826405867971);
#558=VECTOR('',#2109,34.239608801956);
#559=VECTOR('',#2110,11.8826405867971);
#560=VECTOR('',#2113,34.239608801956);
#561=VECTOR('',#2114,34.239608801956);
#562=VECTOR('',#2115,34.239608801956);
#563=VECTOR('',#2116,34.239608801956);
#564=VECTOR('',#2117,25.6136919315403);
#565=VECTOR('',#2120,25.6136919315403);
#566=VECTOR('',#2123,25.6136919315403);
#567=VECTOR('',#2126,25.6136919315403);
#568=VECTOR('',#2131,25.6136919315403);
#569=VECTOR('',#2132,1.23227383863081);
#570=VECTOR('',#2133,1.23227383863081);
#571=VECTOR('',#2136,25.6136919315403);
#572=VECTOR('',#2137,1.23227383863081);
#573=VECTOR('',#2138,1.23227383863081);
#574=VECTOR('',#2141,1.23227383863081);
#575=VECTOR('',#2142,25.6136919315403);
#576=VECTOR('',#2143,1.23227383863081);
#577=VECTOR('',#2146,1.23227383863081);
#578=VECTOR('',#2147,25.6136919315403);
#579=VECTOR('',#2148,1.23227383863081);
#580=VECTOR('',#2171,0.0684524660699988);
#581=VECTOR('',#2172,3.08068459657702);
#582=VECTOR('',#2173,0.0684524660699988);
#583=VECTOR('',#2182,5.36919315403423);
#584=VECTOR('',#2183,5.36919315403423);
#585=VECTOR('',#2188,5.36919315403423);
#586=VECTOR('',#2209,0.474332942418879);
#587=VECTOR('',#2210,0.474332942426461);
#588=VECTOR('',#2213,0.185486621039523);
#589=VECTOR('',#2216,0.185486621039513);
#590=VECTOR('',#2327,0.704156479217603);
#591=VECTOR('',#2332,0.704156479217599);
#592=VECTOR('',#2335,0.704156479217603);
#593=VECTOR('',#2340,0.704156479217599);
#594=VECTOR('',#2343,0.704156479217594);
#595=VECTOR('',#2348,0.704156479217594);
#596=VECTOR('',#2353,0.572127139364302);
#597=VECTOR('',#2360,0.572127139364302);
#598=VECTOR('',#2367,0.572127139364302);
#599=VECTOR('',#2374,0.572127139364302);
#600=VECTOR('',#2379,1.05623471882641);
#601=VECTOR('',#2384,1.05623471882641);
#602=VECTOR('',#2387,1.93643031784841);
#603=VECTOR('',#2390,1.93643031784841);
#604=VECTOR('',#2395,1.05623471882641);
#605=VECTOR('',#2398,1.05623471882641);
#606=VECTOR('',#2401,4.04889975550122);
#607=VECTOR('',#2402,7.30562347188264);
#608=VECTOR('',#2403,4.04889975550122);
#609=VECTOR('',#2404,7.30562347188264);
#610=VECTOR('',#2409,7.91295843520782);
#611=VECTOR('',#2410,7.91295843520782);
#612=VECTOR('',#2413,7.91295843520782);
#613=VECTOR('',#2416,7.91295843520782);
#614=VECTOR('',#2421,0.880195599022004);
#615=VECTOR('',#2422,0.880195599022004);
#616=VECTOR('',#2425,0.880195599022004);
#617=VECTOR('',#2428,0.880195599022004);
#618=VECTOR('',#2433,1.89242053789731);
#619=CIRCLE('',#1731,0.704156479217595);
#620=CIRCLE('',#1732,1.10024449877751);
#621=CIRCLE('',#1733,0.704156479217595);
#622=CIRCLE('',#1736,1.93643031784841);
#623=CIRCLE('',#1737,1.93643031784841);
#624=CIRCLE('',#1739,1.93643031784841);
#625=CIRCLE('',#1740,1.93643031784841);
#626=CIRCLE('',#1743,0.440097799511003);
#627=CIRCLE('',#1744,0.440097799511003);
#628=CIRCLE('',#1745,1.05623471882641);
#629=CIRCLE('',#1751,0.440097799511003);
#630=CIRCLE('',#1752,0.440097799511003);
#631=CIRCLE('',#1753,1.05623471882641);
#632=CIRCLE('',#1755,0.440097799511003);
#633=CIRCLE('',#1756,0.440097799511003);
#634=CIRCLE('',#1757,0.440097799511003);
#635=CIRCLE('',#1758,0.440097799511003);
#636=CIRCLE('',#1759,1.93643031784841);
#637=CIRCLE('',#1760,1.93643031784841);
#638=CIRCLE('',#1768,1.49633251833741);
#639=CIRCLE('',#1769,0.704156479217595);
#640=CIRCLE('',#1771,1.49633251833741);
#641=CIRCLE('',#1772,0.704156479217595);
#642=CIRCLE('',#1776,0.880195599022005);
#643=CIRCLE('',#1777,0.880195599022005);
#644=CIRCLE('',#1778,1.05623471882641);
#645=CIRCLE('',#1780,0.880195599022005);
#646=CIRCLE('',#1781,0.880195599022005);
#647=CIRCLE('',#1782,1.05623471882641);
#648=CIRCLE('',#1786,0.440097799511003);
#649=CIRCLE('',#1787,0.440097799511003);
#650=CIRCLE('',#1788,0.440097799511003);
#651=CIRCLE('',#1789,0.440097799511003);
#652=CIRCLE('',#1795,0.440097799511003);
#653=CIRCLE('',#1796,0.440097799511003);
#654=CIRCLE('',#1797,0.440097799511003);
#655=CIRCLE('',#1798,0.440097799511003);
#656=CIRCLE('',#1799,0.572127139364302);
#657=CIRCLE('',#1800,0.572127139364302);
#658=CIRCLE('',#1801,0.572127139364302);
#659=CIRCLE('',#1802,0.572127139364302);
#660=CIRCLE('',#1803,9.3945157696991);
#661=CIRCLE('',#1805,6.41742411732571);
#662=CIRCLE('',#1806,5.80929095354523);
#663=CIRCLE('',#1808,5.36919315403423);
#664=CIRCLE('',#1809,5.36919315403423);
#665=CIRCLE('',#1811,2.37027275983579);
#666=CIRCLE('',#1813,1.74788048299677);
#667=CIRCLE('',#1814,1.32029339853301);
#668=CIRCLE('',#1816,0.440097799511003);
#669=CIRCLE('',#1818,6.84272292480762);
#670=CIRCLE('',#1819,2.64058679706601);
#671=CIRCLE('',#1824,0.440097799511003);
#672=CIRCLE('',#1826,0.440097799511003);
#673=CIRCLE('',#1829,0.440097799511003);
#674=CIRCLE('',#1831,0.440097799511003);
#675=CIRCLE('',#1842,0.880195599022005);
#676=CIRCLE('',#1844,0.880195599022005);
#677=CIRCLE('',#1845,0.880195599022005);
#678=CIRCLE('',#1847,0.880195599022005);
#679=CIRCLE('',#1849,0.880195599022005);
#680=CIRCLE('',#1851,0.880195599022005);
#681=CIRCLE('',#1853,0.880195599022005);
#682=CIRCLE('',#1855,0.880195599022005);
#683=CIRCLE('',#1857,0.880195599022005);
#684=CIRCLE('',#1859,0.880195599022005);
#685=CIRCLE('',#1861,0.880195599022005);
#686=CIRCLE('',#1863,0.880195599022005);
#687=CIRCLE('',#1866,0.440097799511003);
#688=CIRCLE('',#1874,0.880195599022005);
#689=CIRCLE('',#1876,0.880195599022005);
#690=CIRCLE('',#1878,0.704156479217603);
#691=CIRCLE('',#1881,0.704156479217603);
#692=CIRCLE('',#1884,0.704156479217594);
#693=CIRCLE('',#1887,0.572127139364302);
#694=CIRCLE('',#1890,0.572127139364302);
#695=CIRCLE('',#1893,0.572127139364302);
#696=CIRCLE('',#1896,0.572127139364302);
#697=CIRCLE('',#1899,1.05623471882641);
#698=CIRCLE('',#1904,1.05623471882641);
#699=CIRCLE('',#1907,1.89242053789731);
#700=CIRCLE('',#1917,1.89242053789731);
#701=VERTEX_POINT('',#2440);
#702=VERTEX_POINT('',#2441);
#703=VERTEX_POINT('',#2443);
#704=VERTEX_POINT('',#2445);
#705=VERTEX_POINT('',#2447);
#706=VERTEX_POINT('',#2449);
#707=VERTEX_POINT('',#2451);
#708=VERTEX_POINT('',#2455);
#709=VERTEX_POINT('',#2456);
#710=VERTEX_POINT('',#2458);
#711=VERTEX_POINT('',#2460);
#712=VERTEX_POINT('',#2462);
#713=VERTEX_POINT('',#2464);
#714=VERTEX_POINT('',#2466);
#715=VERTEX_POINT('',#2468);
#716=VERTEX_POINT('',#2470);
#717=VERTEX_POINT('',#2472);
#718=VERTEX_POINT('',#2476);
#719=VERTEX_POINT('',#2477);
#720=VERTEX_POINT('',#2482);
#721=VERTEX_POINT('',#2484);
#722=VERTEX_POINT('',#2488);
#723=VERTEX_POINT('',#2489);
#724=VERTEX_POINT('',#2492);
#725=VERTEX_POINT('',#2494);
#726=VERTEX_POINT('',#2497);
#727=VERTEX_POINT('',#2499);
#728=VERTEX_POINT('',#2503);
#729=VERTEX_POINT('',#2505);
#730=VERTEX_POINT('',#2507);
#731=VERTEX_POINT('',#2509);
#732=VERTEX_POINT('',#2512);
#733=VERTEX_POINT('',#2515);
#734=VERTEX_POINT('',#2517);
#735=VERTEX_POINT('',#2519);
#736=VERTEX_POINT('',#2524);
#737=VERTEX_POINT('',#2525);
#738=VERTEX_POINT('',#2527);
#739=VERTEX_POINT('',#2529);
#740=VERTEX_POINT('',#2533);
#741=VERTEX_POINT('',#2534);
#742=VERTEX_POINT('',#2538);
#743=VERTEX_POINT('',#2542);
#744=VERTEX_POINT('',#2544);
#745=VERTEX_POINT('',#2550);
#746=VERTEX_POINT('',#2551);
#747=VERTEX_POINT('',#2553);
#748=VERTEX_POINT('',#2555);
#749=VERTEX_POINT('',#2558);
#750=VERTEX_POINT('',#2565);
#751=VERTEX_POINT('',#2566);
#752=VERTEX_POINT('',#2568);
#753=VERTEX_POINT('',#2570);
#754=VERTEX_POINT('',#2573);
#755=VERTEX_POINT('',#2575);
#756=VERTEX_POINT('',#2578);
#757=VERTEX_POINT('',#2579);
#758=VERTEX_POINT('',#2584);
#759=VERTEX_POINT('',#2586);
#760=VERTEX_POINT('',#2590);
#761=VERTEX_POINT('',#2591);
#762=VERTEX_POINT('',#2595);
#763=VERTEX_POINT('',#2598);
#764=VERTEX_POINT('',#2600);
#765=VERTEX_POINT('',#2603);
#766=VERTEX_POINT('',#2606);
#767=VERTEX_POINT('',#2607);
#768=VERTEX_POINT('',#2609);
#769=VERTEX_POINT('',#2612);
#770=VERTEX_POINT('',#2616);
#771=VERTEX_POINT('',#2618);
#772=VERTEX_POINT('',#2620);
#773=VERTEX_POINT('',#2622);
#774=VERTEX_POINT('',#2626);
#775=VERTEX_POINT('',#2627);
#776=VERTEX_POINT('',#2631);
#777=VERTEX_POINT('',#2632);
#778=VERTEX_POINT('',#2634);
#779=VERTEX_POINT('',#2636);
#780=VERTEX_POINT('',#2639);
#781=VERTEX_POINT('',#2642);
#782=VERTEX_POINT('',#2644);
#783=VERTEX_POINT('',#2647);
#784=VERTEX_POINT('',#2650);
#785=VERTEX_POINT('',#2651);
#786=VERTEX_POINT('',#2656);
#787=VERTEX_POINT('',#2658);
#788=VERTEX_POINT('',#2662);
#789=VERTEX_POINT('',#2663);
#790=VERTEX_POINT('',#2665);
#791=VERTEX_POINT('',#2667);
#792=VERTEX_POINT('',#2670);
#793=VERTEX_POINT('',#2671);
#794=VERTEX_POINT('',#2673);
#795=VERTEX_POINT('',#2675);
#796=VERTEX_POINT('',#2677);
#797=VERTEX_POINT('',#2679);
#798=VERTEX_POINT('',#2681);
#799=VERTEX_POINT('',#2683);
#800=VERTEX_POINT('',#2687);
#801=VERTEX_POINT('',#2688);
#802=VERTEX_POINT('',#2693);
#803=VERTEX_POINT('',#2694);
#804=VERTEX_POINT('',#2699);
#805=VERTEX_POINT('',#2701);
#806=VERTEX_POINT('',#2705);
#807=VERTEX_POINT('',#2707);
#808=VERTEX_POINT('',#2715);
#809=VERTEX_POINT('',#2717);
#810=VERTEX_POINT('',#2719);
#811=VERTEX_POINT('',#2721);
#812=VERTEX_POINT('',#2723);
#813=VERTEX_POINT('',#2726);
#814=VERTEX_POINT('',#2727);
#815=VERTEX_POINT('',#2729);
#816=VERTEX_POINT('',#2731);
#817=VERTEX_POINT('',#2734);
#818=VERTEX_POINT('',#2737);
#819=VERTEX_POINT('',#2739);
#820=VERTEX_POINT('',#2741);
#821=VERTEX_POINT('',#2748);
#822=VERTEX_POINT('',#2765);
#823=VERTEX_POINT('',#2788);
#824=VERTEX_POINT('',#2792);
#825=VERTEX_POINT('',#2794);
#826=VERTEX_POINT('',#2797);
#827=VERTEX_POINT('',#2800);
#828=VERTEX_POINT('',#2801);
#829=VERTEX_POINT('',#2808);
#830=VERTEX_POINT('',#2813);
#831=VERTEX_POINT('',#2815);
#832=VERTEX_POINT('',#2822);
#833=VERTEX_POINT('',#2829);
#834=VERTEX_POINT('',#2962);
#835=VERTEX_POINT('',#2968);
#836=VERTEX_POINT('',#2969);
#837=VERTEX_POINT('',#2975);
#838=VERTEX_POINT('',#2976);
#839=VERTEX_POINT('',#2982);
#840=VERTEX_POINT('',#2987);
#841=VERTEX_POINT('',#2992);
#842=VERTEX_POINT('',#2997);
#843=VERTEX_POINT('',#3002);
#844=VERTEX_POINT('',#3003);
#845=VERTEX_POINT('',#3013);
#846=VERTEX_POINT('',#3017);
#847=VERTEX_POINT('',#3020);
#848=VERTEX_POINT('',#3021);
#849=VERTEX_POINT('',#3023);
#850=VERTEX_POINT('',#3025);
#851=VERTEX_POINT('',#3028);
#852=VERTEX_POINT('',#3047);
#853=EDGE_CURVE('',#701,#702,#619,.T.);
#854=EDGE_CURVE('',#701,#703,#341,.T.);
#855=EDGE_CURVE('',#704,#703,#342,.T.);
#856=EDGE_CURVE('',#705,#704,#620,.T.);
#857=EDGE_CURVE('',#706,#705,#343,.T.);
#858=EDGE_CURVE('',#706,#707,#344,.T.);
#859=EDGE_CURVE('',#702,#707,#621,.T.);
#860=EDGE_CURVE('',#708,#709,#345,.T.);
#861=EDGE_CURVE('',#708,#710,#346,.F.);
#862=EDGE_CURVE('',#710,#711,#347,.T.);
#863=EDGE_CURVE('',#711,#712,#348,.T.);
#864=EDGE_CURVE('',#712,#713,#349,.T.);
#865=EDGE_CURVE('',#713,#714,#350,.T.);
#866=EDGE_CURVE('',#715,#714,#351,.T.);
#867=EDGE_CURVE('',#716,#715,#352,.T.);
#868=EDGE_CURVE('',#717,#716,#353,.T.);
#869=EDGE_CURVE('',#709,#717,#354,.T.);
#870=EDGE_CURVE('',#718,#719,#355,.T.);
#871=EDGE_CURVE('',#718,#708,#622,.F.);
#872=EDGE_CURVE('',#719,#709,#623,.T.);
#873=EDGE_CURVE('',#714,#720,#624,.T.);
#874=EDGE_CURVE('',#721,#720,#356,.T.);
#875=EDGE_CURVE('',#715,#721,#625,.T.);
#876=EDGE_CURVE('',#722,#723,#357,.T.);
#877=EDGE_CURVE('',#722,#718,#358,.F.);
#878=EDGE_CURVE('',#724,#719,#359,.T.);
#879=EDGE_CURVE('',#725,#724,#360,.T.);
#880=EDGE_CURVE('',#721,#725,#361,.T.);
#881=EDGE_CURVE('',#720,#726,#362,.T.);
#882=EDGE_CURVE('',#727,#726,#363,.T.);
#883=EDGE_CURVE('',#723,#727,#364,.T.);
#884=EDGE_CURVE('',#727,#728,#365,.T.);
#885=EDGE_CURVE('',#728,#729,#626,.T.);
#886=EDGE_CURVE('',#729,#730,#366,.T.);
#887=EDGE_CURVE('',#730,#731,#627,.T.);
#888=EDGE_CURVE('',#731,#723,#367,.T.);
#889=EDGE_CURVE('',#732,#732,#628,.T.);
#890=EDGE_CURVE('',#731,#733,#368,.T.);
#891=EDGE_CURVE('',#733,#734,#369,.T.);
#892=EDGE_CURVE('',#734,#735,#370,.F.);
#893=EDGE_CURVE('',#711,#735,#371,.T.);
#894=EDGE_CURVE('',#723,#711,#372,.T.);
#895=EDGE_CURVE('',#736,#737,#373,.T.);
#896=EDGE_CURVE('',#737,#738,#374,.F.);
#897=EDGE_CURVE('',#739,#738,#375,.T.);
#898=EDGE_CURVE('',#739,#736,#376,.T.);
#899=EDGE_CURVE('',#740,#741,#377,.T.);
#900=EDGE_CURVE('',#741,#728,#378,.F.);
#901=EDGE_CURVE('',#712,#727,#379,.T.);
#902=EDGE_CURVE('',#742,#712,#380,.T.);
#903=EDGE_CURVE('',#742,#740,#381,.T.);
#904=EDGE_CURVE('',#729,#743,#382,.T.);
#905=EDGE_CURVE('',#743,#744,#383,.T.);
#906=EDGE_CURVE('',#744,#730,#384,.F.);
#907=EDGE_CURVE('',#738,#742,#629,.T.);
#908=EDGE_CURVE('',#735,#739,#630,.T.);
#909=EDGE_CURVE('',#745,#746,#385,.T.);
#910=EDGE_CURVE('',#747,#745,#386,.T.);
#911=EDGE_CURVE('',#748,#747,#387,.T.);
#912=EDGE_CURVE('',#746,#748,#388,.T.);
#913=EDGE_CURVE('',#749,#749,#631,.T.);
#914=EDGE_CURVE('',#743,#741,#632,.F.);
#915=EDGE_CURVE('',#740,#737,#633,.F.);
#916=EDGE_CURVE('',#736,#734,#634,.F.);
#917=EDGE_CURVE('',#733,#744,#635,.F.);
#918=EDGE_CURVE('',#750,#751,#389,.T.);
#919=EDGE_CURVE('',#752,#750,#390,.T.);
#920=EDGE_CURVE('',#753,#752,#391,.T.);
#921=EDGE_CURVE('',#751,#753,#392,.T.);
#922=EDGE_CURVE('',#754,#754,#636,.T.);
#923=EDGE_CURVE('',#755,#755,#637,.T.);
#924=EDGE_CURVE('',#756,#757,#393,.T.);
#925=EDGE_CURVE('',#756,#722,#45,.F.);
#926=EDGE_CURVE('',#710,#757,#46,.F.);
#927=EDGE_CURVE('',#726,#758,#47,.F.);
#928=EDGE_CURVE('',#758,#759,#394,.T.);
#929=EDGE_CURVE('',#759,#713,#48,.F.);
#930=EDGE_CURVE('',#760,#761,#638,.T.);
#931=EDGE_CURVE('',#761,#756,#395,.T.);
#932=EDGE_CURVE('',#757,#760,#396,.T.);
#933=EDGE_CURVE('',#762,#762,#639,.T.);
#934=EDGE_CURVE('',#758,#763,#397,.F.);
#935=EDGE_CURVE('',#763,#764,#640,.F.);
#936=EDGE_CURVE('',#764,#759,#398,.F.);
#937=EDGE_CURVE('',#765,#765,#641,.T.);
#938=EDGE_CURVE('',#766,#767,#399,.F.);
#939=EDGE_CURVE('',#767,#768,#400,.T.);
#940=EDGE_CURVE('',#768,#724,#401,.T.);
#941=EDGE_CURVE('',#717,#769,#402,.T.);
#942=EDGE_CURVE('',#769,#766,#403,.F.);
#943=EDGE_CURVE('',#725,#770,#404,.T.);
#944=EDGE_CURVE('',#770,#771,#405,.F.);
#945=EDGE_CURVE('',#771,#772,#406,.F.);
#946=EDGE_CURVE('',#772,#773,#407,.T.);
#947=EDGE_CURVE('',#773,#716,#408,.T.);
#948=EDGE_CURVE('',#774,#775,#409,.T.);
#949=EDGE_CURVE('',#774,#769,#642,.F.);
#950=EDGE_CURVE('',#773,#775,#643,.F.);
#951=EDGE_CURVE('',#776,#777,#410,.T.);
#952=EDGE_CURVE('',#777,#778,#411,.T.);
#953=EDGE_CURVE('',#778,#779,#412,.T.);
#954=EDGE_CURVE('',#779,#776,#413,.T.);
#955=EDGE_CURVE('',#780,#780,#644,.T.);
#956=EDGE_CURVE('',#768,#781,#645,.F.);
#957=EDGE_CURVE('',#782,#781,#414,.T.);
#958=EDGE_CURVE('',#782,#770,#646,.F.);
#959=EDGE_CURVE('',#783,#783,#647,.T.);
#960=EDGE_CURVE('',#784,#785,#415,.F.);
#961=EDGE_CURVE('',#785,#774,#416,.T.);
#962=EDGE_CURVE('',#775,#784,#417,.F.);
#963=EDGE_CURVE('',#781,#786,#418,.F.);
#964=EDGE_CURVE('',#786,#787,#419,.F.);
#965=EDGE_CURVE('',#787,#782,#420,.T.);
#966=EDGE_CURVE('',#788,#789,#421,.T.);
#967=EDGE_CURVE('',#789,#790,#422,.T.);
#968=EDGE_CURVE('',#790,#791,#423,.T.);
#969=EDGE_CURVE('',#791,#788,#424,.T.);
#970=EDGE_CURVE('',#792,#793,#425,.T.);
#971=EDGE_CURVE('',#792,#794,#648,.F.);
#972=EDGE_CURVE('',#795,#794,#426,.T.);
#973=EDGE_CURVE('',#795,#796,#649,.F.);
#974=EDGE_CURVE('',#797,#796,#427,.T.);
#975=EDGE_CURVE('',#797,#798,#650,.F.);
#976=EDGE_CURVE('',#799,#798,#428,.T.);
#977=EDGE_CURVE('',#799,#793,#651,.F.);
#978=EDGE_CURVE('',#800,#801,#429,.T.);
#979=EDGE_CURVE('',#800,#792,#430,.T.);
#980=EDGE_CURVE('',#793,#801,#431,.F.);
#981=EDGE_CURVE('',#802,#803,#432,.T.);
#982=EDGE_CURVE('',#802,#799,#433,.T.);
#983=EDGE_CURVE('',#798,#803,#434,.F.);
#984=EDGE_CURVE('',#796,#804,#435,.F.);
#985=EDGE_CURVE('',#805,#804,#436,.T.);
#986=EDGE_CURVE('',#805,#797,#437,.T.);
#987=EDGE_CURVE('',#794,#806,#438,.F.);
#988=EDGE_CURVE('',#807,#806,#439,.T.);
#989=EDGE_CURVE('',#807,#795,#440,.T.);
#990=EDGE_CURVE('',#806,#800,#652,.T.);
#991=EDGE_CURVE('',#801,#802,#653,.T.);
#992=EDGE_CURVE('',#803,#805,#654,.T.);
#993=EDGE_CURVE('',#804,#807,#655,.T.);
#994=EDGE_CURVE('',#808,#808,#656,.T.);
#995=EDGE_CURVE('',#809,#809,#657,.T.);
#996=EDGE_CURVE('',#810,#810,#658,.T.);
#997=EDGE_CURVE('',#811,#811,#659,.T.);
#998=EDGE_CURVE('',#812,#812,#660,.F.);
#999=EDGE_CURVE('',#813,#814,#441,.F.);
#1000=EDGE_CURVE('',#814,#815,#442,.F.);
#1001=EDGE_CURVE('',#815,#816,#443,.F.);
#1002=EDGE_CURVE('',#816,#813,#661,.T.);
#1003=EDGE_CURVE('',#817,#817,#662,.F.);
#1004=EDGE_CURVE('',#818,#818,#663,.T.);
#1005=EDGE_CURVE('',#818,#819,#444,.T.);
#1006=EDGE_CURVE('',#819,#820,#33,.T.);
#1007=EDGE_CURVE('',#820,#821,#34,.T.);
#1008=EDGE_CURVE('',#821,#822,#445,.T.);
#1009=EDGE_CURVE('',#822,#822,#664,.T.);
#1010=EDGE_CURVE('',#821,#819,#35,.T.);
#1011=EDGE_CURVE('',#818,#823,#446,.T.);
#1012=EDGE_CURVE('',#823,#823,#665,.T.);
#1013=EDGE_CURVE('',#824,#824,#666,.T.);
#1014=EDGE_CURVE('',#825,#825,#667,.F.);
#1015=EDGE_CURVE('',#826,#826,#668,.T.);
#1016=EDGE_CURVE('',#827,#828,#36,.T.);
#1017=EDGE_CURVE('',#828,#829,#37,.T.);
#1018=EDGE_CURVE('',#829,#830,#669,.F.);
#1019=EDGE_CURVE('',#830,#831,#38,.T.);
#1020=EDGE_CURVE('',#831,#832,#39,.T.);
#1021=EDGE_CURVE('',#832,#833,#40,.T.);
#1022=EDGE_CURVE('',#833,#812,#670,.T.);
#1023=EDGE_CURVE('',#833,#827,#41,.T.);
#1024=EDGE_CURVE('',#832,#705,#447,.T.);
#1025=EDGE_CURVE('',#827,#704,#448,.T.);
#1026=EDGE_CURVE('',#831,#706,#449,.T.);
#1027=EDGE_CURVE('',#703,#828,#450,.T.);
#1028=EDGE_CURVE('',#760,#708,#671,.T.);
#1029=EDGE_CURVE('',#761,#718,#672,.T.);
#1030=EDGE_CURVE('',#714,#764,#673,.T.);
#1031=EDGE_CURVE('',#720,#763,#674,.T.);
#1032=EDGE_CURVE('',#766,#785,#675,.T.);
#1033=EDGE_CURVE('',#767,#791,#676,.T.);
#1034=EDGE_CURVE('',#788,#766,#677,.T.);
#1035=EDGE_CURVE('',#786,#767,#678,.T.);
#1036=EDGE_CURVE('',#788,#785,#679,.F.);
#1037=EDGE_CURVE('',#786,#791,#680,.F.);
#1038=EDGE_CURVE('',#784,#772,#681,.T.);
#1039=EDGE_CURVE('',#789,#784,#682,.T.);
#1040=EDGE_CURVE('',#787,#790,#683,.T.);
#1041=EDGE_CURVE('',#771,#787,#684,.T.);
#1042=EDGE_CURVE('',#789,#772,#685,.F.);
#1043=EDGE_CURVE('',#771,#790,#686,.F.);
#1044=EDGE_CURVE('',#822,#817,#687,.T.);
#1045=EDGE_CURVE('',#813,#829,#42,.F.);
#1046=EDGE_CURVE('',#830,#816,#43,.T.);
#1047=EDGE_CURVE('',#706,#815,#49,.F.);
#1048=EDGE_CURVE('',#814,#703,#50,.T.);
#1049=EDGE_CURVE('',#707,#701,#44,.T.);
#1050=EDGE_CURVE('',#826,#825,#688,.T.);
#1051=EDGE_CURVE('',#824,#823,#689,.T.);
#1052=EDGE_CURVE('',#819,#834,#451,.T.);
#1053=EDGE_CURVE('',#834,#834,#690,.T.);
#1054=EDGE_CURVE('',#834,#702,#452,.T.);
#1055=EDGE_CURVE('',#835,#836,#453,.T.);
#1056=EDGE_CURVE('',#836,#836,#691,.T.);
#1057=EDGE_CURVE('',#836,#765,#454,.T.);
#1058=EDGE_CURVE('',#837,#838,#455,.T.);
#1059=EDGE_CURVE('',#838,#838,#692,.T.);
#1060=EDGE_CURVE('',#838,#762,#456,.T.);
#1061=EDGE_CURVE('',#839,#839,#693,.T.);
#1062=EDGE_CURVE('',#839,#811,#457,.T.);
#1063=EDGE_CURVE('',#840,#840,#694,.T.);
#1064=EDGE_CURVE('',#840,#810,#458,.T.);
#1065=EDGE_CURVE('',#841,#841,#695,.T.);
#1066=EDGE_CURVE('',#841,#809,#459,.T.);
#1067=EDGE_CURVE('',#842,#842,#696,.T.);
#1068=EDGE_CURVE('',#842,#808,#460,.T.);
#1069=EDGE_CURVE('',#843,#844,#461,.T.);
#1070=EDGE_CURVE('',#844,#844,#697,.T.);
#1071=EDGE_CURVE('',#844,#783,#462,.T.);
#1072=EDGE_CURVE('',#732,#755,#463,.T.);
#1073=EDGE_CURVE('',#749,#754,#464,.T.);
#1074=EDGE_CURVE('',#845,#845,#698,.T.);
#1075=EDGE_CURVE('',#845,#780,#465,.T.);
#1076=EDGE_CURVE('',#846,#845,#466,.T.);
#1077=EDGE_CURVE('',#847,#848,#467,.T.);
#1078=EDGE_CURVE('',#848,#849,#468,.T.);
#1079=EDGE_CURVE('',#849,#850,#469,.T.);
#1080=EDGE_CURVE('',#850,#847,#470,.T.);
#1081=EDGE_CURVE('',#851,#851,#699,.T.);
#1082=EDGE_CURVE('',#849,#776,#471,.T.);
#1083=EDGE_CURVE('',#848,#777,#472,.T.);
#1084=EDGE_CURVE('',#850,#779,#473,.T.);
#1085=EDGE_CURVE('',#847,#778,#474,.T.);
#1086=EDGE_CURVE('',#746,#752,#475,.T.);
#1087=EDGE_CURVE('',#745,#750,#476,.T.);
#1088=EDGE_CURVE('',#748,#753,#477,.T.);
#1089=EDGE_CURVE('',#747,#751,#478,.T.);
#1090=EDGE_CURVE('',#851,#852,#479,.T.);
#1091=EDGE_CURVE('',#852,#852,#700,.T.);
#1092=ORIENTED_EDGE('',*,*,#853,.F.);
#1093=ORIENTED_EDGE('',*,*,#854,.T.);
#1094=ORIENTED_EDGE('',*,*,#855,.F.);
#1095=ORIENTED_EDGE('',*,*,#856,.F.);
#1096=ORIENTED_EDGE('',*,*,#857,.F.);
#1097=ORIENTED_EDGE('',*,*,#858,.T.);
#1098=ORIENTED_EDGE('',*,*,#859,.F.);
#1099=ORIENTED_EDGE('',*,*,#860,.F.);
#1100=ORIENTED_EDGE('',*,*,#861,.T.);
#1101=ORIENTED_EDGE('',*,*,#862,.T.);
#1102=ORIENTED_EDGE('',*,*,#863,.T.);
#1103=ORIENTED_EDGE('',*,*,#864,.T.);
#1104=ORIENTED_EDGE('',*,*,#865,.T.);
#1105=ORIENTED_EDGE('',*,*,#866,.F.);
#1106=ORIENTED_EDGE('',*,*,#867,.F.);
#1107=ORIENTED_EDGE('',*,*,#868,.F.);
#1108=ORIENTED_EDGE('',*,*,#869,.F.);
#1109=ORIENTED_EDGE('',*,*,#870,.F.);
#1110=ORIENTED_EDGE('',*,*,#871,.T.);
#1111=ORIENTED_EDGE('',*,*,#860,.T.);
#1112=ORIENTED_EDGE('',*,*,#872,.F.);
#1113=ORIENTED_EDGE('',*,*,#866,.T.);
#1114=ORIENTED_EDGE('',*,*,#873,.T.);
#1115=ORIENTED_EDGE('',*,*,#874,.F.);
#1116=ORIENTED_EDGE('',*,*,#875,.F.);
#1117=ORIENTED_EDGE('',*,*,#876,.F.);
#1118=ORIENTED_EDGE('',*,*,#877,.T.);
#1119=ORIENTED_EDGE('',*,*,#870,.T.);
#1120=ORIENTED_EDGE('',*,*,#878,.F.);
#1121=ORIENTED_EDGE('',*,*,#879,.F.);
#1122=ORIENTED_EDGE('',*,*,#880,.F.);
#1123=ORIENTED_EDGE('',*,*,#874,.T.);
#1124=ORIENTED_EDGE('',*,*,#881,.T.);
#1125=ORIENTED_EDGE('',*,*,#882,.F.);
#1126=ORIENTED_EDGE('',*,*,#883,.F.);
#1127=ORIENTED_EDGE('',*,*,#884,.T.);
#1128=ORIENTED_EDGE('',*,*,#885,.T.);
#1129=ORIENTED_EDGE('',*,*,#886,.T.);
#1130=ORIENTED_EDGE('',*,*,#887,.T.);
#1131=ORIENTED_EDGE('',*,*,#888,.T.);
#1132=ORIENTED_EDGE('',*,*,#883,.T.);
#1133=ORIENTED_EDGE('',*,*,#889,.T.);
#1134=ORIENTED_EDGE('',*,*,#888,.F.);
#1135=ORIENTED_EDGE('',*,*,#890,.T.);
#1136=ORIENTED_EDGE('',*,*,#891,.T.);
#1137=ORIENTED_EDGE('',*,*,#892,.T.);
#1138=ORIENTED_EDGE('',*,*,#893,.F.);
#1139=ORIENTED_EDGE('',*,*,#894,.F.);
#1140=ORIENTED_EDGE('',*,*,#895,.T.);
#1141=ORIENTED_EDGE('',*,*,#896,.T.);
#1142=ORIENTED_EDGE('',*,*,#897,.F.);
#1143=ORIENTED_EDGE('',*,*,#898,.T.);
#1144=ORIENTED_EDGE('',*,*,#899,.T.);
#1145=ORIENTED_EDGE('',*,*,#900,.T.);
#1146=ORIENTED_EDGE('',*,*,#884,.F.);
#1147=ORIENTED_EDGE('',*,*,#901,.F.);
#1148=ORIENTED_EDGE('',*,*,#902,.F.);
#1149=ORIENTED_EDGE('',*,*,#903,.T.);
#1150=ORIENTED_EDGE('',*,*,#886,.F.);
#1151=ORIENTED_EDGE('',*,*,#904,.T.);
#1152=ORIENTED_EDGE('',*,*,#905,.T.);
#1153=ORIENTED_EDGE('',*,*,#906,.T.);
#1154=ORIENTED_EDGE('',*,*,#897,.T.);
#1155=ORIENTED_EDGE('',*,*,#907,.T.);
#1156=ORIENTED_EDGE('',*,*,#902,.T.);
#1157=ORIENTED_EDGE('',*,*,#863,.F.);
#1158=ORIENTED_EDGE('',*,*,#893,.T.);
#1159=ORIENTED_EDGE('',*,*,#908,.T.);
#1160=ORIENTED_EDGE('',*,*,#909,.F.);
#1161=ORIENTED_EDGE('',*,*,#910,.F.);
#1162=ORIENTED_EDGE('',*,*,#911,.F.);
#1163=ORIENTED_EDGE('',*,*,#912,.F.);
#1164=ORIENTED_EDGE('',*,*,#913,.T.);
#1165=ORIENTED_EDGE('',*,*,#905,.F.);
#1166=ORIENTED_EDGE('',*,*,#914,.T.);
#1167=ORIENTED_EDGE('',*,*,#899,.F.);
#1168=ORIENTED_EDGE('',*,*,#915,.T.);
#1169=ORIENTED_EDGE('',*,*,#895,.F.);
#1170=ORIENTED_EDGE('',*,*,#916,.T.);
#1171=ORIENTED_EDGE('',*,*,#891,.F.);
#1172=ORIENTED_EDGE('',*,*,#917,.T.);
#1173=ORIENTED_EDGE('',*,*,#918,.F.);
#1174=ORIENTED_EDGE('',*,*,#919,.F.);
#1175=ORIENTED_EDGE('',*,*,#920,.F.);
#1176=ORIENTED_EDGE('',*,*,#921,.F.);
#1177=ORIENTED_EDGE('',*,*,#922,.F.);
#1178=ORIENTED_EDGE('',*,*,#923,.F.);
#1179=ORIENTED_EDGE('',*,*,#924,.F.);
#1180=ORIENTED_EDGE('',*,*,#925,.T.);
#1181=ORIENTED_EDGE('',*,*,#876,.T.);
#1182=ORIENTED_EDGE('',*,*,#894,.T.);
#1183=ORIENTED_EDGE('',*,*,#862,.F.);
#1184=ORIENTED_EDGE('',*,*,#926,.T.);
#1185=ORIENTED_EDGE('',*,*,#882,.T.);
#1186=ORIENTED_EDGE('',*,*,#927,.T.);
#1187=ORIENTED_EDGE('',*,*,#928,.T.);
#1188=ORIENTED_EDGE('',*,*,#929,.T.);
#1189=ORIENTED_EDGE('',*,*,#864,.F.);
#1190=ORIENTED_EDGE('',*,*,#901,.T.);
#1191=ORIENTED_EDGE('',*,*,#930,.T.);
#1192=ORIENTED_EDGE('',*,*,#931,.T.);
#1193=ORIENTED_EDGE('',*,*,#924,.T.);
#1194=ORIENTED_EDGE('',*,*,#932,.T.);
#1195=ORIENTED_EDGE('',*,*,#933,.F.);
#1196=ORIENTED_EDGE('',*,*,#928,.F.);
#1197=ORIENTED_EDGE('',*,*,#934,.T.);
#1198=ORIENTED_EDGE('',*,*,#935,.T.);
#1199=ORIENTED_EDGE('',*,*,#936,.T.);
#1200=ORIENTED_EDGE('',*,*,#937,.F.);
#1201=ORIENTED_EDGE('',*,*,#938,.T.);
#1202=ORIENTED_EDGE('',*,*,#939,.T.);
#1203=ORIENTED_EDGE('',*,*,#940,.T.);
#1204=ORIENTED_EDGE('',*,*,#878,.T.);
#1205=ORIENTED_EDGE('',*,*,#872,.T.);
#1206=ORIENTED_EDGE('',*,*,#869,.T.);
#1207=ORIENTED_EDGE('',*,*,#941,.T.);
#1208=ORIENTED_EDGE('',*,*,#942,.T.);
#1209=ORIENTED_EDGE('',*,*,#943,.T.);
#1210=ORIENTED_EDGE('',*,*,#944,.T.);
#1211=ORIENTED_EDGE('',*,*,#945,.T.);
#1212=ORIENTED_EDGE('',*,*,#946,.T.);
#1213=ORIENTED_EDGE('',*,*,#947,.T.);
#1214=ORIENTED_EDGE('',*,*,#867,.T.);
#1215=ORIENTED_EDGE('',*,*,#875,.T.);
#1216=ORIENTED_EDGE('',*,*,#880,.T.);
#1217=ORIENTED_EDGE('',*,*,#948,.F.);
#1218=ORIENTED_EDGE('',*,*,#949,.T.);
#1219=ORIENTED_EDGE('',*,*,#941,.F.);
#1220=ORIENTED_EDGE('',*,*,#868,.T.);
#1221=ORIENTED_EDGE('',*,*,#947,.F.);
#1222=ORIENTED_EDGE('',*,*,#950,.T.);
#1223=ORIENTED_EDGE('',*,*,#951,.T.);
#1224=ORIENTED_EDGE('',*,*,#952,.T.);
#1225=ORIENTED_EDGE('',*,*,#953,.T.);
#1226=ORIENTED_EDGE('',*,*,#954,.T.);
#1227=ORIENTED_EDGE('',*,*,#955,.T.);
#1228=ORIENTED_EDGE('',*,*,#940,.F.);
#1229=ORIENTED_EDGE('',*,*,#956,.T.);
#1230=ORIENTED_EDGE('',*,*,#957,.F.);
#1231=ORIENTED_EDGE('',*,*,#958,.T.);
#1232=ORIENTED_EDGE('',*,*,#943,.F.);
#1233=ORIENTED_EDGE('',*,*,#879,.T.);
#1234=ORIENTED_EDGE('',*,*,#959,.T.);
#1235=ORIENTED_EDGE('',*,*,#960,.T.);
#1236=ORIENTED_EDGE('',*,*,#961,.T.);
#1237=ORIENTED_EDGE('',*,*,#948,.T.);
#1238=ORIENTED_EDGE('',*,*,#962,.T.);
#1239=ORIENTED_EDGE('',*,*,#957,.T.);
#1240=ORIENTED_EDGE('',*,*,#963,.T.);
#1241=ORIENTED_EDGE('',*,*,#964,.T.);
#1242=ORIENTED_EDGE('',*,*,#965,.T.);
#1243=ORIENTED_EDGE('',*,*,#966,.T.);
#1244=ORIENTED_EDGE('',*,*,#967,.T.);
#1245=ORIENTED_EDGE('',*,*,#968,.T.);
#1246=ORIENTED_EDGE('',*,*,#969,.T.);
#1247=ORIENTED_EDGE('',*,*,#970,.F.);
#1248=ORIENTED_EDGE('',*,*,#971,.T.);
#1249=ORIENTED_EDGE('',*,*,#972,.F.);
#1250=ORIENTED_EDGE('',*,*,#973,.T.);
#1251=ORIENTED_EDGE('',*,*,#974,.F.);
#1252=ORIENTED_EDGE('',*,*,#975,.T.);
#1253=ORIENTED_EDGE('',*,*,#976,.F.);
#1254=ORIENTED_EDGE('',*,*,#977,.T.);
#1255=ORIENTED_EDGE('',*,*,#978,.F.);
#1256=ORIENTED_EDGE('',*,*,#979,.T.);
#1257=ORIENTED_EDGE('',*,*,#970,.T.);
#1258=ORIENTED_EDGE('',*,*,#980,.T.);
#1259=ORIENTED_EDGE('',*,*,#981,.F.);
#1260=ORIENTED_EDGE('',*,*,#982,.T.);
#1261=ORIENTED_EDGE('',*,*,#976,.T.);
#1262=ORIENTED_EDGE('',*,*,#983,.T.);
#1263=ORIENTED_EDGE('',*,*,#974,.T.);
#1264=ORIENTED_EDGE('',*,*,#984,.T.);
#1265=ORIENTED_EDGE('',*,*,#985,.F.);
#1266=ORIENTED_EDGE('',*,*,#986,.T.);
#1267=ORIENTED_EDGE('',*,*,#972,.T.);
#1268=ORIENTED_EDGE('',*,*,#987,.T.);
#1269=ORIENTED_EDGE('',*,*,#988,.F.);
#1270=ORIENTED_EDGE('',*,*,#989,.T.);
#1271=ORIENTED_EDGE('',*,*,#988,.T.);
#1272=ORIENTED_EDGE('',*,*,#990,.T.);
#1273=ORIENTED_EDGE('',*,*,#978,.T.);
#1274=ORIENTED_EDGE('',*,*,#991,.T.);
#1275=ORIENTED_EDGE('',*,*,#981,.T.);
#1276=ORIENTED_EDGE('',*,*,#992,.T.);
#1277=ORIENTED_EDGE('',*,*,#985,.T.);
#1278=ORIENTED_EDGE('',*,*,#993,.T.);
#1279=ORIENTED_EDGE('',*,*,#994,.F.);
#1280=ORIENTED_EDGE('',*,*,#995,.F.);
#1281=ORIENTED_EDGE('',*,*,#996,.F.);
#1282=ORIENTED_EDGE('',*,*,#997,.F.);
#1283=ORIENTED_EDGE('',*,*,#998,.T.);
#1284=ORIENTED_EDGE('',*,*,#999,.T.);
#1285=ORIENTED_EDGE('',*,*,#1000,.T.);
#1286=ORIENTED_EDGE('',*,*,#1001,.T.);
#1287=ORIENTED_EDGE('',*,*,#1002,.T.);
#1288=ORIENTED_EDGE('',*,*,#1003,.T.);
#1289=ORIENTED_EDGE('',*,*,#1004,.F.);
#1290=ORIENTED_EDGE('',*,*,#1005,.T.);
#1291=ORIENTED_EDGE('',*,*,#1006,.T.);
#1292=ORIENTED_EDGE('',*,*,#1007,.T.);
#1293=ORIENTED_EDGE('',*,*,#1008,.T.);
#1294=ORIENTED_EDGE('',*,*,#1009,.T.);
#1295=ORIENTED_EDGE('',*,*,#1008,.F.);
#1296=ORIENTED_EDGE('',*,*,#1010,.T.);
#1297=ORIENTED_EDGE('',*,*,#1005,.F.);
#1298=ORIENTED_EDGE('',*,*,#1004,.T.);
#1299=ORIENTED_EDGE('',*,*,#1011,.T.);
#1300=ORIENTED_EDGE('',*,*,#1012,.T.);
#1301=ORIENTED_EDGE('',*,*,#1011,.F.);
#1302=ORIENTED_EDGE('',*,*,#1013,.T.);
#1303=ORIENTED_EDGE('',*,*,#1014,.T.);
#1304=ORIENTED_EDGE('',*,*,#1015,.T.);
#1305=ORIENTED_EDGE('',*,*,#1016,.T.);
#1306=ORIENTED_EDGE('',*,*,#1017,.T.);
#1307=ORIENTED_EDGE('',*,*,#1018,.T.);
#1308=ORIENTED_EDGE('',*,*,#1019,.T.);
#1309=ORIENTED_EDGE('',*,*,#1020,.T.);
#1310=ORIENTED_EDGE('',*,*,#1021,.T.);
#1311=ORIENTED_EDGE('',*,*,#1022,.T.);
#1312=ORIENTED_EDGE('',*,*,#998,.F.);
#1313=ORIENTED_EDGE('',*,*,#1022,.F.);
#1314=ORIENTED_EDGE('',*,*,#1023,.T.);
#1315=ORIENTED_EDGE('',*,*,#1024,.T.);
#1316=ORIENTED_EDGE('',*,*,#856,.T.);
#1317=ORIENTED_EDGE('',*,*,#1025,.F.);
#1318=ORIENTED_EDGE('',*,*,#1023,.F.);
#1319=ORIENTED_EDGE('',*,*,#1021,.F.);
#1320=ORIENTED_EDGE('',*,*,#1020,.F.);
#1321=ORIENTED_EDGE('',*,*,#1026,.T.);
#1322=ORIENTED_EDGE('',*,*,#857,.T.);
#1323=ORIENTED_EDGE('',*,*,#1024,.F.);
#1324=ORIENTED_EDGE('',*,*,#855,.T.);
#1325=ORIENTED_EDGE('',*,*,#1027,.T.);
#1326=ORIENTED_EDGE('',*,*,#1016,.F.);
#1327=ORIENTED_EDGE('',*,*,#1025,.T.);
#1328=ORIENTED_EDGE('',*,*,#926,.F.);
#1329=ORIENTED_EDGE('',*,*,#861,.F.);
#1330=ORIENTED_EDGE('',*,*,#1028,.F.);
#1331=ORIENTED_EDGE('',*,*,#932,.F.);
#1332=ORIENTED_EDGE('',*,*,#1028,.T.);
#1333=ORIENTED_EDGE('',*,*,#871,.F.);
#1334=ORIENTED_EDGE('',*,*,#1029,.F.);
#1335=ORIENTED_EDGE('',*,*,#930,.F.);
#1336=ORIENTED_EDGE('',*,*,#1029,.T.);
#1337=ORIENTED_EDGE('',*,*,#877,.F.);
#1338=ORIENTED_EDGE('',*,*,#925,.F.);
#1339=ORIENTED_EDGE('',*,*,#931,.F.);
#1340=ORIENTED_EDGE('',*,*,#929,.F.);
#1341=ORIENTED_EDGE('',*,*,#936,.F.);
#1342=ORIENTED_EDGE('',*,*,#1030,.F.);
#1343=ORIENTED_EDGE('',*,*,#865,.F.);
#1344=ORIENTED_EDGE('',*,*,#1030,.T.);
#1345=ORIENTED_EDGE('',*,*,#935,.F.);
#1346=ORIENTED_EDGE('',*,*,#1031,.F.);
#1347=ORIENTED_EDGE('',*,*,#873,.F.);
#1348=ORIENTED_EDGE('',*,*,#1031,.T.);
#1349=ORIENTED_EDGE('',*,*,#934,.F.);
#1350=ORIENTED_EDGE('',*,*,#927,.F.);
#1351=ORIENTED_EDGE('',*,*,#881,.F.);
#1352=ORIENTED_EDGE('',*,*,#885,.F.);
#1353=ORIENTED_EDGE('',*,*,#900,.F.);
#1354=ORIENTED_EDGE('',*,*,#914,.F.);
#1355=ORIENTED_EDGE('',*,*,#904,.F.);
#1356=ORIENTED_EDGE('',*,*,#887,.F.);
#1357=ORIENTED_EDGE('',*,*,#906,.F.);
#1358=ORIENTED_EDGE('',*,*,#917,.F.);
#1359=ORIENTED_EDGE('',*,*,#890,.F.);
#1360=ORIENTED_EDGE('',*,*,#907,.F.);
#1361=ORIENTED_EDGE('',*,*,#896,.F.);
#1362=ORIENTED_EDGE('',*,*,#915,.F.);
#1363=ORIENTED_EDGE('',*,*,#903,.F.);
#1364=ORIENTED_EDGE('',*,*,#908,.F.);
#1365=ORIENTED_EDGE('',*,*,#892,.F.);
#1366=ORIENTED_EDGE('',*,*,#916,.F.);
#1367=ORIENTED_EDGE('',*,*,#898,.F.);
#1368=ORIENTED_EDGE('',*,*,#990,.F.);
#1369=ORIENTED_EDGE('',*,*,#987,.F.);
#1370=ORIENTED_EDGE('',*,*,#971,.F.);
#1371=ORIENTED_EDGE('',*,*,#979,.F.);
#1372=ORIENTED_EDGE('',*,*,#993,.F.);
#1373=ORIENTED_EDGE('',*,*,#984,.F.);
#1374=ORIENTED_EDGE('',*,*,#973,.F.);
#1375=ORIENTED_EDGE('',*,*,#989,.F.);
#1376=ORIENTED_EDGE('',*,*,#991,.F.);
#1377=ORIENTED_EDGE('',*,*,#980,.F.);
#1378=ORIENTED_EDGE('',*,*,#977,.F.);
#1379=ORIENTED_EDGE('',*,*,#982,.F.);
#1380=ORIENTED_EDGE('',*,*,#992,.F.);
#1381=ORIENTED_EDGE('',*,*,#983,.F.);
#1382=ORIENTED_EDGE('',*,*,#975,.F.);
#1383=ORIENTED_EDGE('',*,*,#986,.F.);
#1384=ORIENTED_EDGE('',*,*,#949,.F.);
#1385=ORIENTED_EDGE('',*,*,#961,.F.);
#1386=ORIENTED_EDGE('',*,*,#1032,.F.);
#1387=ORIENTED_EDGE('',*,*,#942,.F.);
#1388=ORIENTED_EDGE('',*,*,#1033,.F.);
#1389=ORIENTED_EDGE('',*,*,#938,.F.);
#1390=ORIENTED_EDGE('',*,*,#1034,.F.);
#1391=ORIENTED_EDGE('',*,*,#969,.F.);
#1392=ORIENTED_EDGE('',*,*,#956,.F.);
#1393=ORIENTED_EDGE('',*,*,#939,.F.);
#1394=ORIENTED_EDGE('',*,*,#1035,.F.);
#1395=ORIENTED_EDGE('',*,*,#963,.F.);
#1396=ORIENTED_EDGE('',*,*,#1034,.T.);
#1397=ORIENTED_EDGE('',*,*,#1032,.T.);
#1398=ORIENTED_EDGE('',*,*,#1036,.F.);
#1399=ORIENTED_EDGE('',*,*,#1035,.T.);
#1400=ORIENTED_EDGE('',*,*,#1033,.T.);
#1401=ORIENTED_EDGE('',*,*,#1037,.F.);
#1402=ORIENTED_EDGE('',*,*,#950,.F.);
#1403=ORIENTED_EDGE('',*,*,#946,.F.);
#1404=ORIENTED_EDGE('',*,*,#1038,.F.);
#1405=ORIENTED_EDGE('',*,*,#962,.F.);
#1406=ORIENTED_EDGE('',*,*,#1036,.T.);
#1407=ORIENTED_EDGE('',*,*,#960,.F.);
#1408=ORIENTED_EDGE('',*,*,#1039,.F.);
#1409=ORIENTED_EDGE('',*,*,#966,.F.);
#1410=ORIENTED_EDGE('',*,*,#1037,.T.);
#1411=ORIENTED_EDGE('',*,*,#968,.F.);
#1412=ORIENTED_EDGE('',*,*,#1040,.F.);
#1413=ORIENTED_EDGE('',*,*,#964,.F.);
#1414=ORIENTED_EDGE('',*,*,#958,.F.);
#1415=ORIENTED_EDGE('',*,*,#965,.F.);
#1416=ORIENTED_EDGE('',*,*,#1041,.F.);
#1417=ORIENTED_EDGE('',*,*,#944,.F.);
#1418=ORIENTED_EDGE('',*,*,#1039,.T.);
#1419=ORIENTED_EDGE('',*,*,#1038,.T.);
#1420=ORIENTED_EDGE('',*,*,#1042,.F.);
#1421=ORIENTED_EDGE('',*,*,#1041,.T.);
#1422=ORIENTED_EDGE('',*,*,#1040,.T.);
#1423=ORIENTED_EDGE('',*,*,#1043,.F.);
#1424=ORIENTED_EDGE('',*,*,#1042,.T.);
#1425=ORIENTED_EDGE('',*,*,#945,.F.);
#1426=ORIENTED_EDGE('',*,*,#1043,.T.);
#1427=ORIENTED_EDGE('',*,*,#967,.F.);
#1428=ORIENTED_EDGE('',*,*,#1009,.F.);
#1429=ORIENTED_EDGE('',*,*,#1044,.T.);
#1430=ORIENTED_EDGE('',*,*,#1003,.F.);
#1431=ORIENTED_EDGE('',*,*,#1044,.F.);
#1432=ORIENTED_EDGE('',*,*,#1045,.F.);
#1433=ORIENTED_EDGE('',*,*,#1002,.F.);
#1434=ORIENTED_EDGE('',*,*,#1046,.F.);
#1435=ORIENTED_EDGE('',*,*,#1018,.F.);
#1436=ORIENTED_EDGE('',*,*,#1046,.T.);
#1437=ORIENTED_EDGE('',*,*,#1001,.F.);
#1438=ORIENTED_EDGE('',*,*,#1047,.F.);
#1439=ORIENTED_EDGE('',*,*,#1026,.F.);
#1440=ORIENTED_EDGE('',*,*,#1019,.F.);
#1441=ORIENTED_EDGE('',*,*,#1017,.F.);
#1442=ORIENTED_EDGE('',*,*,#1027,.F.);
#1443=ORIENTED_EDGE('',*,*,#1048,.F.);
#1444=ORIENTED_EDGE('',*,*,#999,.F.);
#1445=ORIENTED_EDGE('',*,*,#1045,.T.);
#1446=ORIENTED_EDGE('',*,*,#1049,.F.);
#1447=ORIENTED_EDGE('',*,*,#858,.F.);
#1448=ORIENTED_EDGE('',*,*,#1047,.T.);
#1449=ORIENTED_EDGE('',*,*,#1000,.F.);
#1450=ORIENTED_EDGE('',*,*,#1048,.T.);
#1451=ORIENTED_EDGE('',*,*,#854,.F.);
#1452=ORIENTED_EDGE('',*,*,#1015,.F.);
#1453=ORIENTED_EDGE('',*,*,#1050,.T.);
#1454=ORIENTED_EDGE('',*,*,#1014,.F.);
#1455=ORIENTED_EDGE('',*,*,#1050,.F.);
#1456=ORIENTED_EDGE('',*,*,#1013,.F.);
#1457=ORIENTED_EDGE('',*,*,#1051,.T.);
#1458=ORIENTED_EDGE('',*,*,#1012,.F.);
#1459=ORIENTED_EDGE('',*,*,#1051,.F.);
#1460=ORIENTED_EDGE('',*,*,#1007,.F.);
#1461=ORIENTED_EDGE('',*,*,#1006,.F.);
#1462=ORIENTED_EDGE('',*,*,#1052,.T.);
#1463=ORIENTED_EDGE('',*,*,#1053,.T.);
#1464=ORIENTED_EDGE('',*,*,#1052,.F.);
#1465=ORIENTED_EDGE('',*,*,#1010,.F.);
#1466=ORIENTED_EDGE('',*,*,#1053,.F.);
#1467=ORIENTED_EDGE('',*,*,#1054,.T.);
#1468=ORIENTED_EDGE('',*,*,#859,.T.);
#1469=ORIENTED_EDGE('',*,*,#1049,.T.);
#1470=ORIENTED_EDGE('',*,*,#853,.T.);
#1471=ORIENTED_EDGE('',*,*,#1054,.F.);
#1472=ORIENTED_EDGE('',*,*,#1055,.T.);
#1473=ORIENTED_EDGE('',*,*,#1056,.T.);
#1474=ORIENTED_EDGE('',*,*,#1055,.F.);
#1475=ORIENTED_EDGE('',*,*,#1056,.F.);
#1476=ORIENTED_EDGE('',*,*,#1057,.T.);
#1477=ORIENTED_EDGE('',*,*,#937,.T.);
#1478=ORIENTED_EDGE('',*,*,#1057,.F.);
#1479=ORIENTED_EDGE('',*,*,#1058,.T.);
#1480=ORIENTED_EDGE('',*,*,#1059,.T.);
#1481=ORIENTED_EDGE('',*,*,#1058,.F.);
#1482=ORIENTED_EDGE('',*,*,#1059,.F.);
#1483=ORIENTED_EDGE('',*,*,#1060,.T.);
#1484=ORIENTED_EDGE('',*,*,#933,.T.);
#1485=ORIENTED_EDGE('',*,*,#1060,.F.);
#1486=ORIENTED_EDGE('',*,*,#1061,.F.);
#1487=ORIENTED_EDGE('',*,*,#1062,.T.);
#1488=ORIENTED_EDGE('',*,*,#997,.T.);
#1489=ORIENTED_EDGE('',*,*,#1062,.F.);
#1490=ORIENTED_EDGE('',*,*,#1061,.T.);
#1491=ORIENTED_EDGE('',*,*,#1063,.F.);
#1492=ORIENTED_EDGE('',*,*,#1064,.T.);
#1493=ORIENTED_EDGE('',*,*,#996,.T.);
#1494=ORIENTED_EDGE('',*,*,#1064,.F.);
#1495=ORIENTED_EDGE('',*,*,#1063,.T.);
#1496=ORIENTED_EDGE('',*,*,#1065,.F.);
#1497=ORIENTED_EDGE('',*,*,#1066,.T.);
#1498=ORIENTED_EDGE('',*,*,#995,.T.);
#1499=ORIENTED_EDGE('',*,*,#1066,.F.);
#1500=ORIENTED_EDGE('',*,*,#1065,.T.);
#1501=ORIENTED_EDGE('',*,*,#1067,.F.);
#1502=ORIENTED_EDGE('',*,*,#1068,.T.);
#1503=ORIENTED_EDGE('',*,*,#994,.T.);
#1504=ORIENTED_EDGE('',*,*,#1068,.F.);
#1505=ORIENTED_EDGE('',*,*,#1067,.T.);
#1506=ORIENTED_EDGE('',*,*,#1069,.T.);
#1507=ORIENTED_EDGE('',*,*,#1070,.T.);
#1508=ORIENTED_EDGE('',*,*,#1069,.F.);
#1509=ORIENTED_EDGE('',*,*,#1070,.F.);
#1510=ORIENTED_EDGE('',*,*,#1071,.T.);
#1511=ORIENTED_EDGE('',*,*,#959,.F.);
#1512=ORIENTED_EDGE('',*,*,#1071,.F.);
#1513=ORIENTED_EDGE('',*,*,#889,.F.);
#1514=ORIENTED_EDGE('',*,*,#1072,.T.);
#1515=ORIENTED_EDGE('',*,*,#923,.T.);
#1516=ORIENTED_EDGE('',*,*,#1072,.F.);
#1517=ORIENTED_EDGE('',*,*,#913,.F.);
#1518=ORIENTED_EDGE('',*,*,#1073,.T.);
#1519=ORIENTED_EDGE('',*,*,#922,.T.);
#1520=ORIENTED_EDGE('',*,*,#1073,.F.);
#1521=ORIENTED_EDGE('',*,*,#1074,.F.);
#1522=ORIENTED_EDGE('',*,*,#1075,.T.);
#1523=ORIENTED_EDGE('',*,*,#955,.F.);
#1524=ORIENTED_EDGE('',*,*,#1075,.F.);
#1525=ORIENTED_EDGE('',*,*,#1076,.T.);
#1526=ORIENTED_EDGE('',*,*,#1074,.T.);
#1527=ORIENTED_EDGE('',*,*,#1076,.F.);
#1528=ORIENTED_EDGE('',*,*,#1077,.T.);
#1529=ORIENTED_EDGE('',*,*,#1078,.T.);
#1530=ORIENTED_EDGE('',*,*,#1079,.T.);
#1531=ORIENTED_EDGE('',*,*,#1080,.T.);
#1532=ORIENTED_EDGE('',*,*,#1081,.F.);
#1533=ORIENTED_EDGE('',*,*,#1082,.F.);
#1534=ORIENTED_EDGE('',*,*,#1078,.F.);
#1535=ORIENTED_EDGE('',*,*,#1083,.T.);
#1536=ORIENTED_EDGE('',*,*,#951,.F.);
#1537=ORIENTED_EDGE('',*,*,#1084,.F.);
#1538=ORIENTED_EDGE('',*,*,#1079,.F.);
#1539=ORIENTED_EDGE('',*,*,#1082,.T.);
#1540=ORIENTED_EDGE('',*,*,#954,.F.);
#1541=ORIENTED_EDGE('',*,*,#1085,.F.);
#1542=ORIENTED_EDGE('',*,*,#1080,.F.);
#1543=ORIENTED_EDGE('',*,*,#1084,.T.);
#1544=ORIENTED_EDGE('',*,*,#953,.F.);
#1545=ORIENTED_EDGE('',*,*,#1083,.F.);
#1546=ORIENTED_EDGE('',*,*,#1077,.F.);
#1547=ORIENTED_EDGE('',*,*,#1085,.T.);
#1548=ORIENTED_EDGE('',*,*,#952,.F.);
#1549=ORIENTED_EDGE('',*,*,#909,.T.);
#1550=ORIENTED_EDGE('',*,*,#1086,.T.);
#1551=ORIENTED_EDGE('',*,*,#919,.T.);
#1552=ORIENTED_EDGE('',*,*,#1087,.F.);
#1553=ORIENTED_EDGE('',*,*,#912,.T.);
#1554=ORIENTED_EDGE('',*,*,#1088,.T.);
#1555=ORIENTED_EDGE('',*,*,#920,.T.);
#1556=ORIENTED_EDGE('',*,*,#1086,.F.);
#1557=ORIENTED_EDGE('',*,*,#911,.T.);
#1558=ORIENTED_EDGE('',*,*,#1089,.T.);
#1559=ORIENTED_EDGE('',*,*,#921,.T.);
#1560=ORIENTED_EDGE('',*,*,#1088,.F.);
#1561=ORIENTED_EDGE('',*,*,#910,.T.);
#1562=ORIENTED_EDGE('',*,*,#1087,.T.);
#1563=ORIENTED_EDGE('',*,*,#918,.T.);
#1564=ORIENTED_EDGE('',*,*,#1089,.F.);
#1565=ORIENTED_EDGE('',*,*,#1081,.T.);
#1566=ORIENTED_EDGE('',*,*,#1090,.T.);
#1567=ORIENTED_EDGE('',*,*,#1091,.F.);
#1568=ORIENTED_EDGE('',*,*,#1090,.F.);
#1569=ORIENTED_EDGE('',*,*,#1091,.T.);
#1570=PLANE('',#1730);
#1571=PLANE('',#1734);
#1572=PLANE('',#1741);
#1573=PLANE('',#1742);
#1574=PLANE('',#1746);
#1575=PLANE('',#1747);
#1576=PLANE('',#1748);
#1577=PLANE('',#1749);
#1578=PLANE('',#1750);
#1579=PLANE('',#1754);
#1580=PLANE('',#1761);
#1581=PLANE('',#1764);
#1582=PLANE('',#1767);
#1583=PLANE('',#1770);
#1584=PLANE('',#1773);
#1585=PLANE('',#1774);
#1586=PLANE('',#1775);
#1587=PLANE('',#1779);
#1588=PLANE('',#1783);
#1589=PLANE('',#1784);
#1590=PLANE('',#1785);
#1591=PLANE('',#1790);
#1592=PLANE('',#1791);
#1593=PLANE('',#1792);
#1594=PLANE('',#1793);
#1595=PLANE('',#1794);
#1596=PLANE('',#1804);
#1597=PLANE('',#1812);
#1598=PLANE('',#1815);
#1599=PLANE('',#1821);
#1600=PLANE('',#1822);
#1601=PLANE('',#1888);
#1602=PLANE('',#1891);
#1603=PLANE('',#1894);
#1604=PLANE('',#1897);
#1605=PLANE('',#1906);
#1606=PLANE('',#1908);
#1607=PLANE('',#1909);
#1608=PLANE('',#1910);
#1609=PLANE('',#1911);
#1610=PLANE('',#1912);
#1611=PLANE('',#1913);
#1612=PLANE('',#1914);
#1613=PLANE('',#1915);
#1614=PLANE('',#1918);
#1615=ADVANCED_FACE('',(#119),#1570,.F.);
#1616=ADVANCED_FACE('',(#120),#1571,.F.);
#1617=ADVANCED_FACE('',(#121),#82,.T.);
#1618=ADVANCED_FACE('',(#122),#83,.T.);
#1619=ADVANCED_FACE('',(#123),#1572,.F.);
#1620=ADVANCED_FACE('',(#124,#51),#1573,.T.);
#1621=ADVANCED_FACE('',(#125),#1574,.F.);
#1622=ADVANCED_FACE('',(#126),#1575,.F.);
#1623=ADVANCED_FACE('',(#127),#1576,.F.);
#1624=ADVANCED_FACE('',(#128),#1577,.F.);
#1625=ADVANCED_FACE('',(#129,#52,#53),#1578,.T.);
#1626=ADVANCED_FACE('',(#130,#54,#55,#56),#1579,.F.);
#1627=ADVANCED_FACE('',(#131),#1580,.F.);
#1628=ADVANCED_FACE('',(#132),#1581,.F.);
#1629=ADVANCED_FACE('',(#133,#57),#1582,.T.);
#1630=ADVANCED_FACE('',(#134,#58),#1583,.F.);
#1631=ADVANCED_FACE('',(#135),#1584,.F.);
#1632=ADVANCED_FACE('',(#136),#1585,.F.);
#1633=ADVANCED_FACE('',(#137,#59,#60),#1586,.F.);
#1634=ADVANCED_FACE('',(#138,#61),#1587,.F.);
#1635=ADVANCED_FACE('',(#139),#1588,.F.);
#1636=ADVANCED_FACE('',(#140),#1589,.F.);
#1637=ADVANCED_FACE('',(#141,#62),#1590,.T.);
#1638=ADVANCED_FACE('',(#142),#1591,.F.);
#1639=ADVANCED_FACE('',(#143),#1592,.F.);
#1640=ADVANCED_FACE('',(#144),#1593,.F.);
#1641=ADVANCED_FACE('',(#145),#1594,.F.);
#1642=ADVANCED_FACE('',(#146,#63,#64,#65,#66,#67),#1595,.T.);
#1643=ADVANCED_FACE('',(#147,#68),#1596,.T.);
#1644=ADVANCED_FACE('',(#148),#84,.F.);
#1645=ADVANCED_FACE('',(#149),#25,.T.);
#1646=ADVANCED_FACE('',(#150,#69),#1597,.T.);
#1647=ADVANCED_FACE('',(#151),#1598,.T.);
#1648=ADVANCED_FACE('',(#152),#18,.F.);
#1649=ADVANCED_FACE('',(#153),#85,.F.);
#1650=ADVANCED_FACE('',(#154),#1599,.F.);
#1651=ADVANCED_FACE('',(#155),#1600,.F.);
#1652=ADVANCED_FACE('',(#156),#86,.T.);
#1653=ADVANCED_FACE('',(#157),#19,.T.);
#1654=ADVANCED_FACE('',(#158),#87,.T.);
#1655=ADVANCED_FACE('',(#159),#88,.T.);
#1656=ADVANCED_FACE('',(#160),#20,.T.);
#1657=ADVANCED_FACE('',(#161),#89,.T.);
#1658=ADVANCED_FACE('',(#162),#90,.T.);
#1659=ADVANCED_FACE('',(#163),#91,.T.);
#1660=ADVANCED_FACE('',(#164),#92,.T.);
#1661=ADVANCED_FACE('',(#165),#93,.T.);
#1662=ADVANCED_FACE('',(#166),#94,.T.);
#1663=ADVANCED_FACE('',(#167),#95,.T.);
#1664=ADVANCED_FACE('',(#168),#96,.T.);
#1665=ADVANCED_FACE('',(#169),#97,.T.);
#1666=ADVANCED_FACE('',(#170),#98,.T.);
#1667=ADVANCED_FACE('',(#171),#99,.T.);
#1668=ADVANCED_FACE('',(#172),#100,.T.);
#1669=ADVANCED_FACE('',(#173),#14,.T.);
#1670=ADVANCED_FACE('',(#174),#15,.T.);
#1671=ADVANCED_FACE('',(#175),#101,.T.);
#1672=ADVANCED_FACE('',(#176),#102,.T.);
#1673=ADVANCED_FACE('',(#177),#103,.T.);
#1674=ADVANCED_FACE('',(#178),#104,.T.);
#1675=ADVANCED_FACE('',(#179),#16,.T.);
#1676=ADVANCED_FACE('',(#180),#17,.T.);
#1677=ADVANCED_FACE('',(#181),#105,.T.);
#1678=ADVANCED_FACE('',(#182),#21,.T.);
#1679=ADVANCED_FACE('',(#183),#22,.T.);
#1680=ADVANCED_FACE('',(#184),#106,.T.);
#1681=ADVANCED_FACE('',(#185),#107,.T.);
#1682=ADVANCED_FACE('',(#186),#108,.T.);
#1683=ADVANCED_FACE('',(#187),#23,.T.);
#1684=ADVANCED_FACE('',(#188),#24,.T.);
#1685=ADVANCED_FACE('',(#189),#26,.F.);
#1686=ADVANCED_FACE('',(#190),#109,.F.);
#1687=ADVANCED_FACE('',(#191),#27,.F.);
#1688=ADVANCED_FACE('',(#192),#110,.F.);
#1689=ADVANCED_FACE('',(#193),#28,.F.);
#1690=ADVANCED_FACE('',(#194),#111,.F.);
#1691=ADVANCED_FACE('',(#195),#112,.F.);
#1692=ADVANCED_FACE('',(#196),#1601,.T.);
#1693=ADVANCED_FACE('',(#197),#113,.F.);
#1694=ADVANCED_FACE('',(#198),#1602,.F.);
#1695=ADVANCED_FACE('',(#199),#114,.F.);
#1696=ADVANCED_FACE('',(#200),#1603,.T.);
#1697=ADVANCED_FACE('',(#201),#115,.F.);
#1698=ADVANCED_FACE('',(#202),#1604,.F.);
#1699=ADVANCED_FACE('',(#203),#29,.F.);
#1700=ADVANCED_FACE('',(#204),#116,.F.);
#1701=ADVANCED_FACE('',(#205),#30,.F.);
#1702=ADVANCED_FACE('',(#206),#31,.F.);
#1703=ADVANCED_FACE('',(#207),#117,.F.);
#1704=ADVANCED_FACE('',(#208),#32,.F.);
#1705=ADVANCED_FACE('',(#209,#70),#1605,.T.);
#1706=ADVANCED_FACE('',(#210),#1606,.F.);
#1707=ADVANCED_FACE('',(#211),#1607,.F.);
#1708=ADVANCED_FACE('',(#212),#1608,.F.);
#1709=ADVANCED_FACE('',(#213),#1609,.F.);
#1710=ADVANCED_FACE('',(#214),#1610,.F.);
#1711=ADVANCED_FACE('',(#215),#1611,.F.);
#1712=ADVANCED_FACE('',(#216),#1612,.F.);
#1713=ADVANCED_FACE('',(#217),#1613,.F.);
#1714=ADVANCED_FACE('',(#218),#118,.T.);
#1715=ADVANCED_FACE('',(#219),#1614,.T.);
#1716=CLOSED_SHELL('',(#1615,#1616,#1617,#1618,#1619,#1620,#1621,#1622,
#1623,#1624,#1625,#1626,#1627,#1628,#1629,#1630,#1631,#1632,#1633,#1634,
#1635,#1636,#1637,#1638,#1639,#1640,#1641,#1642,#1643,#1644,#1645,#1646,
#1647,#1648,#1649,#1650,#1651,#1652,#1653,#1654,#1655,#1656,#1657,#1658,
#1659,#1660,#1661,#1662,#1663,#1664,#1665,#1666,#1667,#1668,#1669,#1670,
#1671,#1672,#1673,#1674,#1675,#1676,#1677,#1678,#1679,#1680,#1681,#1682,
#1683,#1684,#1685,#1686,#1687,#1688,#1689,#1690,#1691,#1692,#1693,#1694,
#1695,#1696,#1697,#1698,#1699,#1700,#1701,#1702,#1703,#1704,#1705,#1706,
#1707,#1708,#1709,#1710,#1711,#1712,#1713,#1714,#1715));
#1717=DERIVED_UNIT_ELEMENT(#1719,1.);
#1718=DERIVED_UNIT_ELEMENT(#3056,-3.);
#1719=(
MASS_UNIT()
NAMED_UNIT(*)
SI_UNIT(.KILO.,.GRAM.)
);
#1720=DERIVED_UNIT((#1717,#1718));
#1721=MEASURE_REPRESENTATION_ITEM('density measure',
POSITIVE_RATIO_MEASURE(7859.9999),#1720);
#1722=PROPERTY_DEFINITION_REPRESENTATION(#1727,#1724);
#1723=PROPERTY_DEFINITION_REPRESENTATION(#1728,#1725);
#1724=REPRESENTATION('material name',(#1726),#3053);
#1725=REPRESENTATION('density',(#1721),#3053);
#1726=DESCRIPTIVE_REPRESENTATION_ITEM(
'SOLIDWORKS Materials|201 Annealed Stainless Steel (SS)',
'SOLIDWORKS Materials|201 Annealed Stainless Steel (SS)');
#1727=PROPERTY_DEFINITION('material property','material name',#3063);
#1728=PROPERTY_DEFINITION('material property','density of part',#3063);
#1729=AXIS2_PLACEMENT_3D('',#2438,#1919,#1920);
#1730=AXIS2_PLACEMENT_3D('',#2439,#1921,#1922);
#1731=AXIS2_PLACEMENT_3D('',#2442,#1923,#1924);
#1732=AXIS2_PLACEMENT_3D('',#2448,#1927,#1928);
#1733=AXIS2_PLACEMENT_3D('',#2453,#1931,#1932);
#1734=AXIS2_PLACEMENT_3D('',#2454,#1933,#1934);
#1735=AXIS2_PLACEMENT_3D('',#2475,#1945,#1946);
#1736=AXIS2_PLACEMENT_3D('',#2479,#1948,#1949);
#1737=AXIS2_PLACEMENT_3D('',#2480,#1950,#1951);
#1738=AXIS2_PLACEMENT_3D('',#2481,#1952,#1953);
#1739=AXIS2_PLACEMENT_3D('',#2483,#1954,#1955);
#1740=AXIS2_PLACEMENT_3D('',#2486,#1957,#1958);
#1741=AXIS2_PLACEMENT_3D('',#2487,#1959,#1960);
#1742=AXIS2_PLACEMENT_3D('',#2502,#1969,#1970);
#1743=AXIS2_PLACEMENT_3D('',#2506,#1972,#1973);
#1744=AXIS2_PLACEMENT_3D('',#2510,#1975,#1976);
#1745=AXIS2_PLACEMENT_3D('',#2513,#1978,#1979);
#1746=AXIS2_PLACEMENT_3D('',#2514,#1980,#1981);
#1747=AXIS2_PLACEMENT_3D('',#2523,#1987,#1988);
#1748=AXIS2_PLACEMENT_3D('',#2532,#1993,#1994);
#1749=AXIS2_PLACEMENT_3D('',#2541,#2000,#2001);
#1750=AXIS2_PLACEMENT_3D('',#2547,#2005,#2006);
#1751=AXIS2_PLACEMENT_3D('',#2548,#2007,#2008);
#1752=AXIS2_PLACEMENT_3D('',#2549,#2009,#2010);
#1753=AXIS2_PLACEMENT_3D('',#2559,#2015,#2016);
#1754=AXIS2_PLACEMENT_3D('',#2560,#2017,#2018);
#1755=AXIS2_PLACEMENT_3D('',#2561,#2019,#2020);
#1756=AXIS2_PLACEMENT_3D('',#2562,#2021,#2022);
#1757=AXIS2_PLACEMENT_3D('',#2563,#2023,#2024);
#1758=AXIS2_PLACEMENT_3D('',#2564,#2025,#2026);
#1759=AXIS2_PLACEMENT_3D('',#2574,#2031,#2032);
#1760=AXIS2_PLACEMENT_3D('',#2576,#2033,#2034);
#1761=AXIS2_PLACEMENT_3D('',#2577,#2035,#2036);
#1762=AXIS2_PLACEMENT_3D('',#2581,#2038,#2039);
#1763=AXIS2_PLACEMENT_3D('',#2582,#2040,#2041);
#1764=AXIS2_PLACEMENT_3D('',#2583,#2042,#2043);
#1765=AXIS2_PLACEMENT_3D('',#2585,#2044,#2045);
#1766=AXIS2_PLACEMENT_3D('',#2588,#2047,#2048);
#1767=AXIS2_PLACEMENT_3D('',#2589,#2049,#2050);
#1768=AXIS2_PLACEMENT_3D('',#2592,#2051,#2052);
#1769=AXIS2_PLACEMENT_3D('',#2596,#2055,#2056);
#1770=AXIS2_PLACEMENT_3D('',#2597,#2057,#2058);
#1771=AXIS2_PLACEMENT_3D('',#2601,#2060,#2061);
#1772=AXIS2_PLACEMENT_3D('',#2604,#2063,#2064);
#1773=AXIS2_PLACEMENT_3D('',#2605,#2065,#2066);
#1774=AXIS2_PLACEMENT_3D('',#2615,#2072,#2073);
#1775=AXIS2_PLACEMENT_3D('',#2625,#2079,#2080);
#1776=AXIS2_PLACEMENT_3D('',#2629,#2082,#2083);
#1777=AXIS2_PLACEMENT_3D('',#2630,#2084,#2085);
#1778=AXIS2_PLACEMENT_3D('',#2640,#2090,#2091);
#1779=AXIS2_PLACEMENT_3D('',#2641,#2092,#2093);
#1780=AXIS2_PLACEMENT_3D('',#2643,#2094,#2095);
#1781=AXIS2_PLACEMENT_3D('',#2646,#2097,#2098);
#1782=AXIS2_PLACEMENT_3D('',#2648,#2099,#2100);
#1783=AXIS2_PLACEMENT_3D('',#2649,#2101,#2102);
#1784=AXIS2_PLACEMENT_3D('',#2655,#2106,#2107);
#1785=AXIS2_PLACEMENT_3D('',#2661,#2111,#2112);
#1786=AXIS2_PLACEMENT_3D('',#2674,#2118,#2119);
#1787=AXIS2_PLACEMENT_3D('',#2678,#2121,#2122);
#1788=AXIS2_PLACEMENT_3D('',#2682,#2124,#2125);
#1789=AXIS2_PLACEMENT_3D('',#2685,#2127,#2128);
#1790=AXIS2_PLACEMENT_3D('',#2686,#2129,#2130);
#1791=AXIS2_PLACEMENT_3D('',#2692,#2134,#2135);
#1792=AXIS2_PLACEMENT_3D('',#2698,#2139,#2140);
#1793=AXIS2_PLACEMENT_3D('',#2704,#2144,#2145);
#1794=AXIS2_PLACEMENT_3D('',#2710,#2149,#2150);
#1795=AXIS2_PLACEMENT_3D('',#2711,#2151,#2152);
#1796=AXIS2_PLACEMENT_3D('',#2712,#2153,#2154);
#1797=AXIS2_PLACEMENT_3D('',#2713,#2155,#2156);
#1798=AXIS2_PLACEMENT_3D('',#2714,#2157,#2158);
#1799=AXIS2_PLACEMENT_3D('',#2716,#2159,#2160);
#1800=AXIS2_PLACEMENT_3D('',#2718,#2161,#2162);
#1801=AXIS2_PLACEMENT_3D('',#2720,#2163,#2164);
#1802=AXIS2_PLACEMENT_3D('',#2722,#2165,#2166);
#1803=AXIS2_PLACEMENT_3D('',#2724,#2167,#2168);
#1804=AXIS2_PLACEMENT_3D('',#2725,#2169,#2170);
#1805=AXIS2_PLACEMENT_3D('',#2733,#2174,#2175);
#1806=AXIS2_PLACEMENT_3D('',#2735,#2176,#2177);
#1807=AXIS2_PLACEMENT_3D('',#2736,#2178,#2179);
#1808=AXIS2_PLACEMENT_3D('',#2738,#2180,#2181);
#1809=AXIS2_PLACEMENT_3D('',#2767,#2184,#2185);
#1810=AXIS2_PLACEMENT_3D('',#2787,#2186,#2187);
#1811=AXIS2_PLACEMENT_3D('',#2790,#2189,#2190);
#1812=AXIS2_PLACEMENT_3D('',#2791,#2191,#2192);
#1813=AXIS2_PLACEMENT_3D('',#2793,#2193,#2194);
#1814=AXIS2_PLACEMENT_3D('',#2795,#2195,#2196);
#1815=AXIS2_PLACEMENT_3D('',#2796,#2197,#2198);
#1816=AXIS2_PLACEMENT_3D('',#2798,#2199,#2200);
#1817=AXIS2_PLACEMENT_3D('',#2799,#2201,#2202);
#1818=AXIS2_PLACEMENT_3D('',#2814,#2203,#2204);
#1819=AXIS2_PLACEMENT_3D('',#2846,#2205,#2206);
#1820=AXIS2_PLACEMENT_3D('',#2865,#2207,#2208);
#1821=AXIS2_PLACEMENT_3D('',#2868,#2211,#2212);
#1822=AXIS2_PLACEMENT_3D('',#2870,#2214,#2215);
#1823=AXIS2_PLACEMENT_3D('',#2872,#2217,#2218);
#1824=AXIS2_PLACEMENT_3D('',#2873,#2219,#2220);
#1825=AXIS2_PLACEMENT_3D('',#2874,#2221,#2222);
#1826=AXIS2_PLACEMENT_3D('',#2875,#2223,#2224);
#1827=AXIS2_PLACEMENT_3D('',#2876,#2225,#2226);
#1828=AXIS2_PLACEMENT_3D('',#2877,#2227,#2228);
#1829=AXIS2_PLACEMENT_3D('',#2878,#2229,#2230);
#1830=AXIS2_PLACEMENT_3D('',#2879,#2231,#2232);
#1831=AXIS2_PLACEMENT_3D('',#2880,#2233,#2234);
#1832=AXIS2_PLACEMENT_3D('',#2881,#2235,#2236);
#1833=AXIS2_PLACEMENT_3D('',#2882,#2237,#2238);
#1834=AXIS2_PLACEMENT_3D('',#2883,#2239,#2240);
#1835=AXIS2_PLACEMENT_3D('',#2884,#2241,#2242);
#1836=AXIS2_PLACEMENT_3D('',#2885,#2243,#2244);
#1837=AXIS2_PLACEMENT_3D('',#2886,#2245,#2246);
#1838=AXIS2_PLACEMENT_3D('',#2887,#2247,#2248);
#1839=AXIS2_PLACEMENT_3D('',#2888,#2249,#2250);
#1840=AXIS2_PLACEMENT_3D('',#2889,#2251,#2252);
#1841=AXIS2_PLACEMENT_3D('',#2890,#2253,#2254);
#1842=AXIS2_PLACEMENT_3D('',#2891,#2255,#2256);
#1843=AXIS2_PLACEMENT_3D('',#2892,#2257,#2258);
#1844=AXIS2_PLACEMENT_3D('',#2893,#2259,#2260);
#1845=AXIS2_PLACEMENT_3D('',#2894,#2261,#2262);
#1846=AXIS2_PLACEMENT_3D('',#2895,#2263,#2264);
#1847=AXIS2_PLACEMENT_3D('',#2896,#2265,#2266);
#1848=AXIS2_PLACEMENT_3D('',#2897,#2267,#2268);
#1849=AXIS2_PLACEMENT_3D('',#2898,#2269,#2270);
#1850=AXIS2_PLACEMENT_3D('',#2899,#2271,#2272);
#1851=AXIS2_PLACEMENT_3D('',#2900,#2273,#2274);
#1852=AXIS2_PLACEMENT_3D('',#2901,#2275,#2276);
#1853=AXIS2_PLACEMENT_3D('',#2902,#2277,#2278);
#1854=AXIS2_PLACEMENT_3D('',#2903,#2279,#2280);
#1855=AXIS2_PLACEMENT_3D('',#2904,#2281,#2282);
#1856=AXIS2_PLACEMENT_3D('',#2905,#2283,#2284);
#1857=AXIS2_PLACEMENT_3D('',#2906,#2285,#2286);
#1858=AXIS2_PLACEMENT_3D('',#2907,#2287,#2288);
#1859=AXIS2_PLACEMENT_3D('',#2908,#2289,#2290);
#1860=AXIS2_PLACEMENT_3D('',#2909,#2291,#2292);
#1861=AXIS2_PLACEMENT_3D('',#2910,#2293,#2294);
#1862=AXIS2_PLACEMENT_3D('',#2911,#2295,#2296);
#1863=AXIS2_PLACEMENT_3D('',#2912,#2297,#2298);
#1864=AXIS2_PLACEMENT_3D('',#2913,#2299,#2300);
#1865=AXIS2_PLACEMENT_3D('',#2914,#2301,#2302);
#1866=AXIS2_PLACEMENT_3D('',#2915,#2303,#2304);
#1867=AXIS2_PLACEMENT_3D('',#2916,#2305,#2306);
#1868=AXIS2_PLACEMENT_3D('',#2941,#2307,#2308);
#1869=AXIS2_PLACEMENT_3D('',#2942,#2309,#2310);
#1870=AXIS2_PLACEMENT_3D('',#2943,#2311,#2312);
#1871=AXIS2_PLACEMENT_3D('',#2944,#2313,#2314);
#1872=AXIS2_PLACEMENT_3D('',#2945,#2315,#2316);
#1873=AXIS2_PLACEMENT_3D('',#2957,#2317,#2318);
#1874=AXIS2_PLACEMENT_3D('',#2958,#2319,#2320);
#1875=AXIS2_PLACEMENT_3D('',#2959,#2321,#2322);
#1876=AXIS2_PLACEMENT_3D('',#2960,#2323,#2324);
#1877=AXIS2_PLACEMENT_3D('',#2961,#2325,#2326);
#1878=AXIS2_PLACEMENT_3D('',#2964,#2328,#2329);
#1879=AXIS2_PLACEMENT_3D('',#2965,#2330,#2331);
#1880=AXIS2_PLACEMENT_3D('',#2967,#2333,#2334);
#1881=AXIS2_PLACEMENT_3D('',#2971,#2336,#2337);
#1882=AXIS2_PLACEMENT_3D('',#2972,#2338,#2339);
#1883=AXIS2_PLACEMENT_3D('',#2974,#2341,#2342);
#1884=AXIS2_PLACEMENT_3D('',#2978,#2344,#2345);
#1885=AXIS2_PLACEMENT_3D('',#2979,#2346,#2347);
#1886=AXIS2_PLACEMENT_3D('',#2981,#2349,#2350);
#1887=AXIS2_PLACEMENT_3D('',#2983,#2351,#2352);
#1888=AXIS2_PLACEMENT_3D('',#2985,#2354,#2355);
#1889=AXIS2_PLACEMENT_3D('',#2986,#2356,#2357);
#1890=AXIS2_PLACEMENT_3D('',#2988,#2358,#2359);
#1891=AXIS2_PLACEMENT_3D('',#2990,#2361,#2362);
#1892=AXIS2_PLACEMENT_3D('',#2991,#2363,#2364);
#1893=AXIS2_PLACEMENT_3D('',#2993,#2365,#2366);
#1894=AXIS2_PLACEMENT_3D('',#2995,#2368,#2369);
#1895=AXIS2_PLACEMENT_3D('',#2996,#2370,#2371);
#1896=AXIS2_PLACEMENT_3D('',#2998,#2372,#2373);
#1897=AXIS2_PLACEMENT_3D('',#3000,#2375,#2376);
#1898=AXIS2_PLACEMENT_3D('',#3001,#2377,#2378);
#1899=AXIS2_PLACEMENT_3D('',#3005,#2380,#2381);
#1900=AXIS2_PLACEMENT_3D('',#3006,#2382,#2383);
#1901=AXIS2_PLACEMENT_3D('',#3008,#2385,#2386);
#1902=AXIS2_PLACEMENT_3D('',#3010,#2388,#2389);
#1903=AXIS2_PLACEMENT_3D('',#3012,#2391,#2392);
#1904=AXIS2_PLACEMENT_3D('',#3014,#2393,#2394);
#1905=AXIS2_PLACEMENT_3D('',#3016,#2396,#2397);
#1906=AXIS2_PLACEMENT_3D('',#3019,#2399,#2400);
#1907=AXIS2_PLACEMENT_3D('',#3029,#2405,#2406);
#1908=AXIS2_PLACEMENT_3D('',#3030,#2407,#2408);
#1909=AXIS2_PLACEMENT_3D('',#3033,#2411,#2412);
#1910=AXIS2_PLACEMENT_3D('',#3035,#2414,#2415);
#1911=AXIS2_PLACEMENT_3D('',#3037,#2417,#2418);
#1912=AXIS2_PLACEMENT_3D('',#3038,#2419,#2420);
#1913=AXIS2_PLACEMENT_3D('',#3041,#2423,#2424);
#1914=AXIS2_PLACEMENT_3D('',#3043,#2426,#2427);
#1915=AXIS2_PLACEMENT_3D('',#3045,#2429,#2430);
#1916=AXIS2_PLACEMENT_3D('',#3046,#2431,#2432);
#1917=AXIS2_PLACEMENT_3D('',#3049,#2434,#2435);
#1918=AXIS2_PLACEMENT_3D('',#3050,#2436,#2437);
#1919=DIRECTION('axis',(0.,0.,1.));
#1920=DIRECTION('refdir',(1.,0.,0.));
#1921=DIRECTION('center_axis',(1.,0.,0.));
#1922=DIRECTION('ref_axis',(0.,0.,-1.));
#1923=DIRECTION('center_axis',(-1.,0.,0.));
#1924=DIRECTION('ref_axis',(0.,0.,1.));
#1925=DIRECTION('',(0.,1.,0.));
#1926=DIRECTION('',(0.,0.,1.));
#1927=DIRECTION('center_axis',(1.,0.,0.));
#1928=DIRECTION('ref_axis',(0.,0.,-1.));
#1929=DIRECTION('',(0.,0.,-1.));
#1930=DIRECTION('',(0.,1.,0.));
#1931=DIRECTION('center_axis',(-1.,0.,0.));
#1932=DIRECTION('ref_axis',(0.,0.,1.));
#1933=DIRECTION('center_axis',(0.,-0.999210184315342,-0.039736728105114));
#1934=DIRECTION('ref_axis',(0.,0.039736728105114,-0.999210184315342));
#1935=DIRECTION('',(-1.,0.,0.));
#1936=DIRECTION('',(0.,-0.039736728105114,0.999210184315342));
#1937=DIRECTION('',(-1.,0.,0.));
#1938=DIRECTION('',(-1.,0.,0.));
#1939=DIRECTION('',(-1.,0.,0.));
#1940=DIRECTION('',(0.,-0.039736728105114,0.999210184315342));
#1941=DIRECTION('',(-1.,0.,0.));
#1942=DIRECTION('',(0.,-0.039736728105114,0.999210184315342));
#1943=DIRECTION('',(-1.,0.,0.));
#1944=DIRECTION('',(0.,0.039736728105114,-0.999210184315342));
#1945=DIRECTION('center_axis',(-1.,0.,0.));
#1946=DIRECTION('ref_axis',(0.,0.,1.));
#1947=DIRECTION('',(-1.,0.,0.));
#1948=DIRECTION('center_axis',(1.,0.,0.));
#1949=DIRECTION('ref_axis',(0.,0.,-1.));
#1950=DIRECTION('center_axis',(-1.,0.,0.));
#1951=DIRECTION('ref_axis',(0.,0.,1.));
#1952=DIRECTION('center_axis',(-1.,0.,0.));
#1953=DIRECTION('ref_axis',(0.,0.,1.));
#1954=DIRECTION('center_axis',(1.,0.,0.));
#1955=DIRECTION('ref_axis',(0.,0.,-1.));
#1956=DIRECTION('',(-1.,0.,0.));
#1957=DIRECTION('center_axis',(1.,0.,0.));
#1958=DIRECTION('ref_axis',(0.,0.,-1.));
#1959=DIRECTION('center_axis',(0.,0.999210184315342,-0.039736728105114));
#1960=DIRECTION('ref_axis',(0.,0.039736728105114,0.999210184315342));
#1961=DIRECTION('',(-1.,0.,0.));
#1962=DIRECTION('',(0.,-0.039736728105114,-0.999210184315342));
#1963=DIRECTION('',(0.,0.039736728105114,0.999210184315342));
#1964=DIRECTION('',(1.,0.,0.));
#1965=DIRECTION('',(0.,-0.039736728105114,-0.999210184315342));
#1966=DIRECTION('',(0.,-0.039736728105114,-0.999210184315342));
#1967=DIRECTION('',(-1.,0.,0.));
#1968=DIRECTION('',(-1.,0.,0.));
#1969=DIRECTION('center_axis',(0.,0.,1.));
#1970=DIRECTION('ref_axis',(1.,0.,0.));
#1971=DIRECTION('',(0.,-1.,0.));
#1972=DIRECTION('center_axis',(0.,0.,1.));
#1973=DIRECTION('ref_axis',(1.,0.,0.));
#1974=DIRECTION('',(1.,0.,0.));
#1975=DIRECTION('center_axis',(0.,0.,1.));
#1976=DIRECTION('ref_axis',(1.,0.,0.));
#1977=DIRECTION('',(-2.54492383868231E-16,1.,0.));
#1978=DIRECTION('center_axis',(0.,0.,-1.));
#1979=DIRECTION('ref_axis',(-1.,0.,0.));
#1980=DIRECTION('center_axis',(-1.,-1.69655107674993E-16,0.));
#1981=DIRECTION('ref_axis',(0.,0.,1.));
#1982=DIRECTION('',(0.,0.,-1.));
#1983=DIRECTION('',(-1.11300553847134E-16,1.,0.));
#1984=DIRECTION('',(0.,0.,-1.));
#1985=DIRECTION('',(0.,1.,0.));
#1986=DIRECTION('',(0.,1.,0.));
#1987=DIRECTION('center_axis',(0.,-1.,0.));
#1988=DIRECTION('ref_axis',(0.,0.,-1.));
#1989=DIRECTION('',(-1.,0.,0.));
#1990=DIRECTION('',(0.,0.,-1.));
#1991=DIRECTION('',(-1.,0.,0.));
#1992=DIRECTION('',(0.,0.,-1.));
#1993=DIRECTION('center_axis',(1.,8.48275538374967E-17,0.));
#1994=DIRECTION('ref_axis',(0.,0.,-1.));
#1995=DIRECTION('',(0.,-1.,0.));
#1996=DIRECTION('',(0.,0.,-1.));
#1997=DIRECTION('',(0.,-1.,0.));
#1998=DIRECTION('',(0.,-1.,0.));
#1999=DIRECTION('',(0.,0.,-1.));
#2000=DIRECTION('center_axis',(0.,1.,0.));
#2001=DIRECTION('ref_axis',(0.,0.,1.));
#2002=DIRECTION('',(0.,0.,-1.));
#2003=DIRECTION('',(1.,0.,0.));
#2004=DIRECTION('',(0.,0.,-1.));
#2005=DIRECTION('center_axis',(0.,0.,1.));
#2006=DIRECTION('ref_axis',(1.,0.,0.));
#2007=DIRECTION('center_axis',(0.,0.,1.));
#2008=DIRECTION('ref_axis',(1.,0.,0.));
#2009=DIRECTION('center_axis',(0.,0.,1.));
#2010=DIRECTION('ref_axis',(1.,0.,0.));
#2011=DIRECTION('',(0.,1.,0.));
#2012=DIRECTION('',(1.,0.,0.));
#2013=DIRECTION('',(0.,-1.,0.));
#2014=DIRECTION('',(-1.,0.,0.));
#2015=DIRECTION('center_axis',(0.,0.,-1.));
#2016=DIRECTION('ref_axis',(-1.,0.,0.));
#2017=DIRECTION('center_axis',(0.,0.,1.));
#2018=DIRECTION('ref_axis',(1.,0.,0.));
#2019=DIRECTION('center_axis',(0.,0.,1.));
#2020=DIRECTION('ref_axis',(1.,0.,0.));
#2021=DIRECTION('center_axis',(0.,0.,1.));
#2022=DIRECTION('ref_axis',(1.,0.,0.));
#2023=DIRECTION('center_axis',(0.,0.,1.));
#2024=DIRECTION('ref_axis',(1.,0.,0.));
#2025=DIRECTION('center_axis',(0.,0.,1.));
#2026=DIRECTION('ref_axis',(1.,0.,0.));
#2027=DIRECTION('',(-1.,0.,0.));
#2028=DIRECTION('',(0.,-1.,0.));
#2029=DIRECTION('',(1.,0.,0.));
#2030=DIRECTION('',(0.,1.,0.));
#2031=DIRECTION('center_axis',(0.,0.,-1.));
#2032=DIRECTION('ref_axis',(-1.,0.,0.));
#2033=DIRECTION('center_axis',(0.,0.,-1.));
#2034=DIRECTION('ref_axis',(-1.,0.,0.));
#2035=DIRECTION('center_axis',(0.,0.,1.));
#2036=DIRECTION('ref_axis',(1.,0.,0.));
#2037=DIRECTION('',(0.,1.,0.));
#2038=DIRECTION('center_axis',(0.,0.,1.));
#2039=DIRECTION('ref_axis',(0.,1.,0.));
#2040=DIRECTION('center_axis',(0.,0.,1.));
#2041=DIRECTION('ref_axis',(0.,1.,0.));
#2042=DIRECTION('center_axis',(0.,0.,1.));
#2043=DIRECTION('ref_axis',(1.,0.,0.));
#2044=DIRECTION('center_axis',(0.,0.,1.));
#2045=DIRECTION('ref_axis',(0.,-1.,0.));
#2046=DIRECTION('',(0.,1.,0.));
#2047=DIRECTION('center_axis',(0.,0.,1.));
#2048=DIRECTION('ref_axis',(0.,-1.,0.));
#2049=DIRECTION('center_axis',(1.,0.,0.));
#2050=DIRECTION('ref_axis',(0.,0.,-1.));
#2051=DIRECTION('center_axis',(1.,0.,0.));
#2052=DIRECTION('ref_axis',(0.,0.,-1.));
#2053=DIRECTION('',(0.,-0.0397367281051141,-0.999210184315342));
#2054=DIRECTION('',(0.,-0.039736728105114,0.999210184315342));
#2055=DIRECTION('center_axis',(1.,0.,0.));
#2056=DIRECTION('ref_axis',(0.,0.,-1.));
#2057=DIRECTION('center_axis',(1.,0.,0.));
#2058=DIRECTION('ref_axis',(0.,0.,-1.));
#2059=DIRECTION('',(0.,-0.039736728105114,-0.999210184315342));
#2060=DIRECTION('center_axis',(1.,0.,0.));
#2061=DIRECTION('ref_axis',(0.,0.,-1.));
#2062=DIRECTION('',(0.,-0.039736728105114,0.999210184315342));
#2063=DIRECTION('center_axis',(-1.,0.,0.));
#2064=DIRECTION('ref_axis',(0.,0.,1.));
#2065=DIRECTION('center_axis',(-1.,0.,0.));
#2066=DIRECTION('ref_axis',(0.,0.,1.));
#2067=DIRECTION('',(0.,1.,0.));
#2068=DIRECTION('',(0.,0.,-1.));
#2069=DIRECTION('',(0.,1.,0.));
#2070=DIRECTION('',(0.,1.,0.));
#2071=DIRECTION('',(0.,0.,-1.));
#2072=DIRECTION('center_axis',(1.,0.,0.));
#2073=DIRECTION('ref_axis',(0.,0.,-1.));
#2074=DIRECTION('',(0.,-1.,0.));
#2075=DIRECTION('',(0.,0.,-1.));
#2076=DIRECTION('',(0.,-1.,0.));
#2077=DIRECTION('',(0.,0.,-1.));
#2078=DIRECTION('',(0.,-1.,0.));
#2079=DIRECTION('center_axis',(0.,0.,1.));
#2080=DIRECTION('ref_axis',(1.,0.,0.));
#2081=DIRECTION('',(-1.,0.,0.));
#2082=DIRECTION('center_axis',(0.,0.,1.));
#2083=DIRECTION('ref_axis',(1.,0.,0.));
#2084=DIRECTION('center_axis',(0.,0.,1.));
#2085=DIRECTION('ref_axis',(1.,0.,0.));
#2086=DIRECTION('',(1.,0.,0.));
#2087=DIRECTION('',(0.,1.,0.));
#2088=DIRECTION('',(-1.,0.,0.));
#2089=DIRECTION('',(0.,-1.,0.));
#2090=DIRECTION('center_axis',(0.,0.,1.));
#2091=DIRECTION('ref_axis',(1.,0.,0.));
#2092=DIRECTION('center_axis',(0.,0.,1.));
#2093=DIRECTION('ref_axis',(1.,0.,0.));
#2094=DIRECTION('center_axis',(0.,0.,1.));
#2095=DIRECTION('ref_axis',(1.,0.,0.));
#2096=DIRECTION('',(1.,0.,0.));
#2097=DIRECTION('center_axis',(0.,0.,1.));
#2098=DIRECTION('ref_axis',(1.,0.,0.));
#2099=DIRECTION('center_axis',(0.,0.,1.));
#2100=DIRECTION('ref_axis',(1.,0.,0.));
#2101=DIRECTION('center_axis',(0.,-1.,0.));
#2102=DIRECTION('ref_axis',(0.,0.,-1.));
#2103=DIRECTION('',(-1.,0.,0.));
#2104=DIRECTION('',(0.,0.,-1.));
#2105=DIRECTION('',(0.,0.,-1.));
#2106=DIRECTION('center_axis',(0.,1.,0.));
#2107=DIRECTION('ref_axis',(0.,0.,1.));
#2108=DIRECTION('',(0.,0.,-1.));
#2109=DIRECTION('',(1.,0.,0.));
#2110=DIRECTION('',(0.,0.,-1.));
#2111=DIRECTION('center_axis',(0.,0.,1.));
#2112=DIRECTION('ref_axis',(1.,0.,0.));
#2113=DIRECTION('',(-1.,0.,0.));
#2114=DIRECTION('',(0.,-1.,0.));
#2115=DIRECTION('',(1.,0.,0.));
#2116=DIRECTION('',(0.,1.,0.));
#2117=DIRECTION('',(-1.52607975893492E-16,1.,0.));
#2118=DIRECTION('center_axis',(0.,0.,1.));
#2119=DIRECTION('ref_axis',(1.,0.,0.));
#2120=DIRECTION('',(1.,0.,0.));
#2121=DIRECTION('center_axis',(0.,0.,1.));
#2122=DIRECTION('ref_axis',(1.,0.,0.));
#2123=DIRECTION('',(1.52607975893492E-16,-1.,0.));
#2124=DIRECTION('center_axis',(0.,0.,1.));
#2125=DIRECTION('ref_axis',(1.,0.,0.));
#2126=DIRECTION('',(-1.,0.,0.));
#2127=DIRECTION('center_axis',(0.,0.,1.));
#2128=DIRECTION('ref_axis',(1.,0.,0.));
#2129=DIRECTION('center_axis',(-1.,-1.15264018337329E-16,0.));
#2130=DIRECTION('ref_axis',(0.,0.,1.));
#2131=DIRECTION('',(-1.52607975893492E-16,1.,0.));
#2132=DIRECTION('',(0.,0.,-1.));
#2133=DIRECTION('',(0.,0.,-1.));
#2134=DIRECTION('center_axis',(0.,-1.,0.));
#2135=DIRECTION('ref_axis',(0.,0.,-1.));
#2136=DIRECTION('',(-1.,0.,0.));
#2137=DIRECTION('',(0.,0.,-1.));
#2138=DIRECTION('',(0.,0.,-1.));
#2139=DIRECTION('center_axis',(1.,1.15264018337329E-16,0.));
#2140=DIRECTION('ref_axis',(0.,0.,-1.));
#2141=DIRECTION('',(0.,0.,-1.));
#2142=DIRECTION('',(1.52607975893492E-16,-1.,0.));
#2143=DIRECTION('',(0.,0.,-1.));
#2144=DIRECTION('center_axis',(0.,1.,0.));
#2145=DIRECTION('ref_axis',(0.,0.,1.));
#2146=DIRECTION('',(0.,0.,-1.));
#2147=DIRECTION('',(1.,0.,0.));
#2148=DIRECTION('',(0.,0.,-1.));
#2149=DIRECTION('center_axis',(0.,0.,1.));
#2150=DIRECTION('ref_axis',(1.,0.,0.));
#2151=DIRECTION('center_axis',(0.,0.,1.));
#2152=DIRECTION('ref_axis',(1.,0.,0.));
#2153=DIRECTION('center_axis',(0.,0.,1.));
#2154=DIRECTION('ref_axis',(1.,0.,0.));
#2155=DIRECTION('center_axis',(0.,0.,1.));
#2156=DIRECTION('ref_axis',(1.,0.,0.));
#2157=DIRECTION('center_axis',(0.,0.,1.));
#2158=DIRECTION('ref_axis',(1.,0.,0.));
#2159=DIRECTION('center_axis',(0.,0.,1.));
#2160=DIRECTION('ref_axis',(-1.,0.,0.));
#2161=DIRECTION('center_axis',(0.,0.,1.));
#2162=DIRECTION('ref_axis',(1.,0.,0.));
#2163=DIRECTION('center_axis',(0.,0.,1.));
#2164=DIRECTION('ref_axis',(-1.,0.,0.));
#2165=DIRECTION('center_axis',(0.,0.,1.));
#2166=DIRECTION('ref_axis',(1.,0.,0.));
#2167=DIRECTION('center_axis',(0.,0.,1.));
#2168=DIRECTION('ref_axis',(1.,0.,0.));
#2169=DIRECTION('center_axis',(0.,0.,1.));
#2170=DIRECTION('ref_axis',(1.,0.,0.));
#2171=DIRECTION('',(-1.,0.,0.));
#2172=DIRECTION('',(0.,1.,0.));
#2173=DIRECTION('',(1.,0.,0.));
#2174=DIRECTION('center_axis',(0.,0.,1.));
#2175=DIRECTION('ref_axis',(1.,0.,0.));
#2176=DIRECTION('center_axis',(0.,0.,1.));
#2177=DIRECTION('ref_axis',(1.,0.,0.));
#2178=DIRECTION('center_axis',(0.,0.,1.));
#2179=DIRECTION('ref_axis',(1.,0.,0.));
#2180=DIRECTION('center_axis',(0.,0.,1.));
#2181=DIRECTION('ref_axis',(1.,0.,0.));
#2182=DIRECTION('',(0.,0.,1.));
#2183=DIRECTION('',(0.,0.,1.));
#2184=DIRECTION('center_axis',(0.,0.,1.));
#2185=DIRECTION('ref_axis',(1.,0.,0.));
#2186=DIRECTION('center_axis',(0.,0.,-1.));
#2187=DIRECTION('ref_axis',(1.,0.,0.));
#2188=DIRECTION('',(0.707106781186549,-8.65956056235495E-17,0.707106781186546));
#2189=DIRECTION('center_axis',(0.,0.,-1.));
#2190=DIRECTION('ref_axis',(-1.,0.,0.));
#2191=DIRECTION('center_axis',(0.,0.,1.));
#2192=DIRECTION('ref_axis',(1.,0.,0.));
#2193=DIRECTION('center_axis',(0.,0.,1.));
#2194=DIRECTION('ref_axis',(1.,0.,0.));
#2195=DIRECTION('center_axis',(0.,0.,1.));
#2196=DIRECTION('ref_axis',(1.,0.,0.));
#2197=DIRECTION('center_axis',(0.,0.,1.));
#2198=DIRECTION('ref_axis',(1.,0.,0.));
#2199=DIRECTION('center_axis',(0.,0.,1.));
#2200=DIRECTION('ref_axis',(1.,0.,0.));
#2201=DIRECTION('center_axis',(0.,0.,1.));
#2202=DIRECTION('ref_axis',(1.,0.,0.));
#2203=DIRECTION('center_axis',(0.,0.,1.));
#2204=DIRECTION('ref_axis',(1.,0.,0.));
#2205=DIRECTION('center_axis',(-1.15310922618457E-16,1.,0.));
#2206=DIRECTION('ref_axis',(-1.,-1.15310922618457E-16,0.));
#2207=DIRECTION('center_axis',(1.,0.,0.));
#2208=DIRECTION('ref_axis',(0.,0.,-1.));
#2209=DIRECTION('',(1.,0.,0.));
#2210=DIRECTION('',(1.,0.,0.));
#2211=DIRECTION('center_axis',(0.,-1.,-8.25806531570857E-17));
#2212=DIRECTION('ref_axis',(0.,8.25806531570857E-17,-1.));
#2213=DIRECTION('',(1.,0.,0.));
#2214=DIRECTION('center_axis',(0.,1.,8.25806531570857E-17));
#2215=DIRECTION('ref_axis',(0.,-8.25806531570857E-17,1.));
#2216=DIRECTION('',(-1.,0.,0.));
#2217=DIRECTION('center_axis',(0.,0.039736728105114,-0.999210184315342));
#2218=DIRECTION('ref_axis',(0.,0.999210184315342,0.039736728105114));
#2219=DIRECTION('center_axis',(0.,-0.0397367281051129,0.999210184315342));
#2220=DIRECTION('ref_axis',(0.,-0.999210184315342,-0.0397367281051129));
#2221=DIRECTION('center_axis',(1.,0.,0.));
#2222=DIRECTION('ref_axis',(0.,0.,1.));
#2223=DIRECTION('center_axis',(0.,-0.0397367281051129,-0.999210184315342));
#2224=DIRECTION('ref_axis',(0.,0.999210184315342,-0.0397367281051129));
#2225=DIRECTION('center_axis',(0.,0.039736728105114,0.999210184315342));
#2226=DIRECTION('ref_axis',(0.,-0.999210184315342,0.039736728105114));
#2227=DIRECTION('center_axis',(0.,-0.039736728105114,0.999210184315342));
#2228=DIRECTION('ref_axis',(0.,-0.999210184315342,-0.039736728105114));
#2229=DIRECTION('center_axis',(1.72330587756117E-17,-0.0397367281051129,
0.999210184315342));
#2230=DIRECTION('ref_axis',(0.,-0.999210184315342,-0.0397367281051129));
#2231=DIRECTION('center_axis',(1.,0.,0.));
#2232=DIRECTION('ref_axis',(0.,0.,1.));
#2233=DIRECTION('center_axis',(-1.72330587756117E-17,-0.0397367281051129,
-0.999210184315342));
#2234=DIRECTION('ref_axis',(0.,0.999210184315342,-0.0397367281051129));
#2235=DIRECTION('center_axis',(0.,-0.039736728105114,-0.999210184315342));
#2236=DIRECTION('ref_axis',(0.,0.999210184315342,-0.039736728105114));
#2237=DIRECTION('center_axis',(0.,0.,-1.));
#2238=DIRECTION('ref_axis',(-1.,0.,0.));
#2239=DIRECTION('center_axis',(0.,0.,-1.));
#2240=DIRECTION('ref_axis',(-1.,0.,0.));
#2241=DIRECTION('center_axis',(0.,0.,-1.));
#2242=DIRECTION('ref_axis',(-1.,0.,0.));
#2243=DIRECTION('center_axis',(0.,0.,-1.));
#2244=DIRECTION('ref_axis',(-1.,0.,0.));
#2245=DIRECTION('center_axis',(0.,0.,-1.));
#2246=DIRECTION('ref_axis',(-1.,0.,0.));
#2247=DIRECTION('center_axis',(0.,0.,-1.));
#2248=DIRECTION('ref_axis',(-1.,0.,0.));
#2249=DIRECTION('center_axis',(0.,0.,-1.));
#2250=DIRECTION('ref_axis',(-1.,0.,0.));
#2251=DIRECTION('center_axis',(0.,0.,-1.));
#2252=DIRECTION('ref_axis',(-1.,0.,0.));
#2253=DIRECTION('center_axis',(0.,0.,-1.));
#2254=DIRECTION('ref_axis',(-1.,0.,0.));
#2255=DIRECTION('center_axis',(0.,0.,1.));
#2256=DIRECTION('ref_axis',(1.,0.,0.));
#2257=DIRECTION('center_axis',(0.,-1.,0.));
#2258=DIRECTION('ref_axis',(0.,0.,-1.));
#2259=DIRECTION('center_axis',(0.,-1.,0.));
#2260=DIRECTION('ref_axis',(0.,0.,-1.));
#2261=DIRECTION('center_axis',(0.,1.,0.));
#2262=DIRECTION('ref_axis',(0.,0.,1.));
#2263=DIRECTION('center_axis',(0.,0.,-1.));
#2264=DIRECTION('ref_axis',(-1.,0.,0.));
#2265=DIRECTION('center_axis',(0.,0.,1.));
#2266=DIRECTION('ref_axis',(1.,0.,0.));
#2267=DIRECTION('center_axis',(0.,0.,1.));
#2268=DIRECTION('ref_axis',(1.,0.,0.));
#2269=DIRECTION('center_axis',(1.,0.,0.));
#2270=DIRECTION('ref_axis',(0.,0.,-1.));
#2271=DIRECTION('center_axis',(0.,0.,1.));
#2272=DIRECTION('ref_axis',(1.,0.,0.));
#2273=DIRECTION('center_axis',(1.,0.,0.));
#2274=DIRECTION('ref_axis',(0.,0.,-1.));
#2275=DIRECTION('center_axis',(0.,0.,-1.));
#2276=DIRECTION('ref_axis',(-1.,0.,0.));
#2277=DIRECTION('center_axis',(0.,0.,1.));
#2278=DIRECTION('ref_axis',(1.,0.,0.));
#2279=DIRECTION('center_axis',(1.,0.,0.));
#2280=DIRECTION('ref_axis',(0.,0.,-1.));
#2281=DIRECTION('center_axis',(-1.,0.,0.));
#2282=DIRECTION('ref_axis',(0.,0.,1.));
#2283=DIRECTION('center_axis',(-1.,0.,0.));
#2284=DIRECTION('ref_axis',(0.,0.,1.));
#2285=DIRECTION('center_axis',(-1.,0.,0.));
#2286=DIRECTION('ref_axis',(0.,0.,1.));
#2287=DIRECTION('center_axis',(0.,0.,-1.));
#2288=DIRECTION('ref_axis',(-1.,0.,0.));
#2289=DIRECTION('center_axis',(0.,0.,1.));
#2290=DIRECTION('ref_axis',(1.,0.,0.));
#2291=DIRECTION('center_axis',(0.,0.,1.));
#2292=DIRECTION('ref_axis',(1.,0.,0.));
#2293=DIRECTION('center_axis',(0.,1.,0.));
#2294=DIRECTION('ref_axis',(0.,0.,1.));
#2295=DIRECTION('center_axis',(0.,0.,1.));
#2296=DIRECTION('ref_axis',(1.,0.,0.));
#2297=DIRECTION('center_axis',(0.,-1.,0.));
#2298=DIRECTION('ref_axis',(0.,0.,-1.));
#2299=DIRECTION('center_axis',(0.,1.,0.));
#2300=DIRECTION('ref_axis',(0.,0.,1.));
#2301=DIRECTION('center_axis',(0.,0.,1.));
#2302=DIRECTION('ref_axis',(1.,0.,0.));
#2303=DIRECTION('center_axis',(1.33239793741693E-16,-1.,0.));
#2304=DIRECTION('ref_axis',(-1.,-1.33239793741693E-16,0.));
#2305=DIRECTION('center_axis',(0.,0.,-1.));
#2306=DIRECTION('ref_axis',(1.,-3.23797149491952E-16,0.));
#2307=DIRECTION('center_axis',(-1.,0.,0.));
#2308=DIRECTION('ref_axis',(0.,0.,1.));
#2309=DIRECTION('center_axis',(-0.707106781186548,-0.707106781186548,0.));
#2310=DIRECTION('ref_axis',(0.707106781186548,-0.707106781186548,0.));
#2311=DIRECTION('center_axis',(1.,0.,0.));
#2312=DIRECTION('ref_axis',(0.,0.,-1.));
#2313=DIRECTION('center_axis',(0.707106781186548,-0.707106781186548,0.));
#2314=DIRECTION('ref_axis',(-0.707106781186548,-0.707106781186548,0.));
#2315=DIRECTION('center_axis',(0.,-1.,0.));
#2316=DIRECTION('ref_axis',(0.,0.,-1.));
#2317=DIRECTION('center_axis',(0.,0.,1.));
#2318=DIRECTION('ref_axis',(1.,0.,0.));
#2319=DIRECTION('center_axis',(1.26133671408803E-16,-1.,0.));
#2320=DIRECTION('ref_axis',(-1.,-1.26133671408803E-16,0.));
#2321=DIRECTION('center_axis',(0.,0.,1.));
#2322=DIRECTION('ref_axis',(1.,0.,0.));
#2323=DIRECTION('center_axis',(1.05611765981707E-16,-1.,0.));
#2324=DIRECTION('ref_axis',(-1.,-1.05611765981707E-16,0.));
#2325=DIRECTION('center_axis',(-1.,0.,0.));
#2326=DIRECTION('ref_axis',(0.,0.,1.));
#2327=DIRECTION('',(-0.515038074910054,-1.04972719113862E-16,-0.857167300702112));
#2328=DIRECTION('center_axis',(-1.,0.,0.));
#2329=DIRECTION('ref_axis',(0.,0.,1.));
#2330=DIRECTION('center_axis',(-1.,0.,0.));
#2331=DIRECTION('ref_axis',(0.,0.,1.));
#2332=DIRECTION('',(-1.,0.,0.));
#2333=DIRECTION('center_axis',(-1.,0.,0.));
#2334=DIRECTION('ref_axis',(0.,0.,1.));
#2335=DIRECTION('',(-0.515038074910056,-1.04972719113862E-16,-0.857167300702111));
#2336=DIRECTION('center_axis',(-1.,0.,0.));
#2337=DIRECTION('ref_axis',(0.,0.,1.));
#2338=DIRECTION('center_axis',(-1.,0.,0.));
#2339=DIRECTION('ref_axis',(0.,0.,1.));
#2340=DIRECTION('',(-1.,0.,0.));
#2341=DIRECTION('center_axis',(1.,0.,0.));
#2342=DIRECTION('ref_axis',(0.,0.,-1.));
#2343=DIRECTION('',(0.515038074910065,-1.04972719113861E-16,0.857167300702106));
#2344=DIRECTION('center_axis',(1.,0.,0.));
#2345=DIRECTION('ref_axis',(0.,0.,-1.));
#2346=DIRECTION('center_axis',(1.,0.,0.));
#2347=DIRECTION('ref_axis',(0.,0.,-1.));
#2348=DIRECTION('',(1.,0.,0.));
#2349=DIRECTION('center_axis',(0.,0.,1.));
#2350=DIRECTION('ref_axis',(1.,0.,0.));
#2351=DIRECTION('center_axis',(0.,0.,1.));
#2352=DIRECTION('ref_axis',(1.,0.,0.));
#2353=DIRECTION('',(0.,0.,1.));
#2354=DIRECTION('center_axis',(0.,0.,1.));
#2355=DIRECTION('ref_axis',(1.,0.,0.));
#2356=DIRECTION('center_axis',(0.,0.,1.));
#2357=DIRECTION('ref_axis',(1.,0.,0.));
#2358=DIRECTION('center_axis',(0.,0.,1.));
#2359=DIRECTION('ref_axis',(-1.,0.,0.));
#2360=DIRECTION('',(0.,0.,1.));
#2361=DIRECTION('center_axis',(0.,0.,-1.));
#2362=DIRECTION('ref_axis',(-1.,0.,0.));
#2363=DIRECTION('center_axis',(0.,0.,1.));
#2364=DIRECTION('ref_axis',(1.,0.,0.));
#2365=DIRECTION('center_axis',(0.,0.,1.));
#2366=DIRECTION('ref_axis',(1.,0.,0.));
#2367=DIRECTION('',(0.,0.,1.));
#2368=DIRECTION('center_axis',(0.,0.,1.));
#2369=DIRECTION('ref_axis',(1.,0.,0.));
#2370=DIRECTION('center_axis',(0.,0.,1.));
#2371=DIRECTION('ref_axis',(1.,0.,0.));
#2372=DIRECTION('center_axis',(0.,0.,1.));
#2373=DIRECTION('ref_axis',(-1.,0.,0.));
#2374=DIRECTION('',(0.,0.,1.));
#2375=DIRECTION('center_axis',(0.,0.,-1.));
#2376=DIRECTION('ref_axis',(-1.,0.,0.));
#2377=DIRECTION('center_axis',(0.,0.,-1.));
#2378=DIRECTION('ref_axis',(-1.,0.,0.));
#2379=DIRECTION('',(0.857167300702112,-1.04972719113862E-16,-0.515038074910054));
#2380=DIRECTION('center_axis',(0.,0.,-1.));
#2381=DIRECTION('ref_axis',(-1.,0.,0.));
#2382=DIRECTION('center_axis',(0.,0.,-1.));
#2383=DIRECTION('ref_axis',(-1.,0.,0.));
#2384=DIRECTION('',(0.,0.,-1.));
#2385=DIRECTION('center_axis',(0.,0.,-1.));
#2386=DIRECTION('ref_axis',(-1.,0.,0.));
#2387=DIRECTION('',(0.707106781186547,-8.65956056235493E-17,-0.707106781186548));
#2388=DIRECTION('center_axis',(0.,0.,-1.));
#2389=DIRECTION('ref_axis',(-1.,0.,0.));
#2390=DIRECTION('',(0.707106781186547,-8.65956056235493E-17,-0.707106781186548));
#2391=DIRECTION('center_axis',(0.,0.,-1.));
#2392=DIRECTION('ref_axis',(-1.,0.,0.));
#2393=DIRECTION('center_axis',(0.,0.,-1.));
#2394=DIRECTION('ref_axis',(-1.,0.,0.));
#2395=DIRECTION('',(0.,0.,-1.));
#2396=DIRECTION('center_axis',(0.,0.,-1.));
#2397=DIRECTION('ref_axis',(-1.,0.,0.));
#2398=DIRECTION('',(0.857167300702112,-1.04972719113862E-16,-0.515038074910054));
#2399=DIRECTION('center_axis',(0.,0.,-1.));
#2400=DIRECTION('ref_axis',(-1.,0.,0.));
#2401=DIRECTION('',(0.,-1.,0.));
#2402=DIRECTION('',(-1.,0.,0.));
#2403=DIRECTION('',(0.,1.,0.));
#2404=DIRECTION('',(1.,0.,0.));
#2405=DIRECTION('center_axis',(0.,0.,-1.));
#2406=DIRECTION('ref_axis',(-1.,0.,0.));
#2407=DIRECTION('center_axis',(0.,-1.,0.));
#2408=DIRECTION('ref_axis',(0.,0.,-1.));
#2409=DIRECTION('',(0.,0.,-1.));
#2410=DIRECTION('',(0.,0.,-1.));
#2411=DIRECTION('center_axis',(-1.,0.,0.));
#2412=DIRECTION('ref_axis',(0.,0.,1.));
#2413=DIRECTION('',(0.,0.,-1.));
#2414=DIRECTION('center_axis',(0.,1.,0.));
#2415=DIRECTION('ref_axis',(0.,0.,1.));
#2416=DIRECTION('',(0.,0.,-1.));
#2417=DIRECTION('center_axis',(1.,3.77113799125393E-16,0.));
#2418=DIRECTION('ref_axis',(0.,0.,-1.));
#2419=DIRECTION('center_axis',(1.,3.77113799125393E-16,0.));
#2420=DIRECTION('ref_axis',(0.,0.,-1.));
#2421=DIRECTION('',(0.,0.,-1.));
#2422=DIRECTION('',(0.,0.,-1.));
#2423=DIRECTION('center_axis',(0.,1.,0.));
#2424=DIRECTION('ref_axis',(0.,0.,1.));
#2425=DIRECTION('',(0.,0.,-1.));
#2426=DIRECTION('center_axis',(-1.,0.,0.));
#2427=DIRECTION('ref_axis',(0.,0.,1.));
#2428=DIRECTION('',(0.,0.,-1.));
#2429=DIRECTION('center_axis',(0.,-1.,0.));
#2430=DIRECTION('ref_axis',(0.,0.,-1.));
#2431=DIRECTION('center_axis',(0.,0.,1.));
#2432=DIRECTION('ref_axis',(1.,0.,0.));
#2433=DIRECTION('',(0.,0.,-1.));
#2434=DIRECTION('center_axis',(0.,0.,-1.));
#2435=DIRECTION('ref_axis',(-1.,0.,0.));
#2436=DIRECTION('center_axis',(0.,0.,-1.));
#2437=DIRECTION('ref_axis',(-1.,0.,0.));
#2438=CARTESIAN_POINT('',(0.,0.,0.));
#2439=CARTESIAN_POINT('Origin',(-8.93166259168704,-2.45,17.8547432762836));
#2440=CARTESIAN_POINT('',(-8.93166259168704,-2.10910171035828,18.470880195599));
#2441=CARTESIAN_POINT('',(-8.93166259168704,-2.45,17.150586797066));
#2442=CARTESIAN_POINT('Origin',(-8.93166259168704,-2.45,17.8547432762836));
#2443=CARTESIAN_POINT('',(-8.93166259168704,-1.34975550122249,18.470880195599));
#2444=CARTESIAN_POINT('',(-8.93166259168704,-2.10910171035828,18.470880195599));
#2445=CARTESIAN_POINT('',(-8.93166259168704,-1.34975550122249,17.8547432762836));
#2446=CARTESIAN_POINT('',(-8.93166259168704,-1.34975550122249,17.8547432762836));
#2447=CARTESIAN_POINT('',(-8.93166259168704,-3.5502444987775,17.8547432762836));
#2448=CARTESIAN_POINT('Origin',(-8.93166259168704,-2.45,17.8547432762836));
#2449=CARTESIAN_POINT('',(-8.93166259168704,-3.5502444987775,18.470880195599));
#2450=CARTESIAN_POINT('',(-8.93166259168704,-3.5502444987775,18.470880195599));
#2451=CARTESIAN_POINT('',(-8.93166259168704,-2.79089828964171,18.470880195599));
#2452=CARTESIAN_POINT('',(-8.93166259168704,-3.5502444987775,18.470880195599));
#2453=CARTESIAN_POINT('Origin',(-8.93166259168704,-2.45,17.8547432762836));
#2454=CARTESIAN_POINT('Origin',(16.1539119804401,-0.249511002444984,2.61855745721271));
#2455=CARTESIAN_POINT('',(15.7138141809291,-0.515099105188869,9.29697185491259));
#2456=CARTESIAN_POINT('',(15.669804400978,-0.515099105188869,9.29697185491259));
#2457=CARTESIAN_POINT('',(15.7138141809291,-0.515099105188869,9.29697185491259));
#2458=CARTESIAN_POINT('',(15.7138141809291,-0.249511002444984,2.61855745721271));
#2459=CARTESIAN_POINT('',(15.7138141809291,-0.249511002444984,2.61855745721271));
#2460=CARTESIAN_POINT('',(15.669804400978,-0.249511002444984,2.61855745721271));
#2461=CARTESIAN_POINT('',(15.7138141809291,-0.249511002444984,2.61855745721271));
#2462=CARTESIAN_POINT('',(-20.330195599022,-0.249511002444984,2.61855745721271));
#2463=CARTESIAN_POINT('',(15.669804400978,-0.249511002444984,2.61855745721271));
#2464=CARTESIAN_POINT('',(-20.3742053789731,-0.249511002444984,2.61855745721271));
#2465=CARTESIAN_POINT('',(-20.330195599022,-0.249511002444984,2.61855745721271));
#2466=CARTESIAN_POINT('',(-20.3742053789731,-0.515099105188869,9.29697185491259));
#2467=CARTESIAN_POINT('',(-20.3742053789731,-0.249511002444984,2.61855745721271));
#2468=CARTESIAN_POINT('',(-20.330195599022,-0.515099105188869,9.29697185491259));
#2469=CARTESIAN_POINT('',(-20.330195599022,-0.515099105188869,9.29697185491259));
#2470=CARTESIAN_POINT('',(-20.330195599022,-0.249861039841987,2.62735941320293));
#2471=CARTESIAN_POINT('',(-20.330195599022,-0.249861039841987,2.62735941320293));
#2472=CARTESIAN_POINT('',(15.669804400978,-0.249861039841987,2.62735941320293));
#2473=CARTESIAN_POINT('',(15.669804400978,-0.249861039841987,2.62735941320293));
#2474=CARTESIAN_POINT('',(15.669804400978,-0.515099105188869,9.29697185491259));
#2475=CARTESIAN_POINT('Origin',(16.1539119804401,-2.45,9.22002444987775));
#2476=CARTESIAN_POINT('',(15.7138141809291,-4.38490089481112,9.29697185491259));
#2477=CARTESIAN_POINT('',(15.669804400978,-4.38490089481112,9.29697185491259));
#2478=CARTESIAN_POINT('',(15.7138141809291,-4.38490089481112,9.29697185491259));
#2479=CARTESIAN_POINT('Origin',(15.7138141809291,-2.45,9.22002444987775));
#2480=CARTESIAN_POINT('Origin',(15.669804400978,-2.45,9.22002444987775));
#2481=CARTESIAN_POINT('Origin',(16.1539119804401,-2.45,9.22002444987775));
#2482=CARTESIAN_POINT('',(-20.3742053789731,-4.38490089481112,9.29697185491259));
#2483=CARTESIAN_POINT('Origin',(-20.3742053789731,-2.45,9.22002444987775));
#2484=CARTESIAN_POINT('',(-20.330195599022,-4.38490089481112,9.29697185491259));
#2485=CARTESIAN_POINT('',(-20.330195599022,-4.38490089481112,9.29697185491259));
#2486=CARTESIAN_POINT('Origin',(-20.330195599022,-2.45,9.22002444987775));
#2487=CARTESIAN_POINT('Origin',(16.1539119804401,-4.65048899755501,2.61855745721271));
#2488=CARTESIAN_POINT('',(15.7138141809291,-4.65048899755501,2.61855745721271));
#2489=CARTESIAN_POINT('',(15.669804400978,-4.65048899755501,2.61855745721271));
#2490=CARTESIAN_POINT('',(15.7138141809291,-4.65048899755501,2.61855745721271));
#2491=CARTESIAN_POINT('',(15.7138141809291,-4.38490089481112,9.29697185491259));
#2492=CARTESIAN_POINT('',(15.669804400978,-4.65013896015801,2.62735941320293));
#2493=CARTESIAN_POINT('',(15.669804400978,-4.65013896015801,2.62735941320293));
#2494=CARTESIAN_POINT('',(-20.330195599022,-4.65013896015801,2.62735941320293));
#2495=CARTESIAN_POINT('',(-20.330195599022,-4.65013896015801,2.62735941320293));
#2496=CARTESIAN_POINT('',(-20.330195599022,-4.38490089481112,9.29697185491259));
#2497=CARTESIAN_POINT('',(-20.3742053789731,-4.65048899755501,2.61855745721271));
#2498=CARTESIAN_POINT('',(-20.3742053789731,-4.38490089481112,9.2969718549126));
#2499=CARTESIAN_POINT('',(-20.330195599022,-4.65048899755501,2.61855745721271));
#2500=CARTESIAN_POINT('',(-20.330195599022,-4.65048899755501,2.61855745721271));
#2501=CARTESIAN_POINT('',(15.669804400978,-4.65048899755501,2.61855745721271));
#2502=CARTESIAN_POINT('Origin',(-2.330195599022,-2.45,2.61855745721271));
#2503=CARTESIAN_POINT('',(-20.330195599022,-20.009902200489,2.61855745721271));
#2504=CARTESIAN_POINT('',(-20.330195599022,-4.65048899755501,2.61855745721271));
#2505=CARTESIAN_POINT('',(-19.890097799511,-20.45,2.61855745721271));
#2506=CARTESIAN_POINT('Origin',(-19.890097799511,-20.009902200489,2.61855745721271));
#2507=CARTESIAN_POINT('',(15.229706601467,-20.45,2.61855745721271));
#2508=CARTESIAN_POINT('',(-19.890097799511,-20.45,2.61855745721271));
#2509=CARTESIAN_POINT('',(15.669804400978,-20.009902200489,2.61855745721271));
#2510=CARTESIAN_POINT('Origin',(15.229706601467,-20.009902200489,2.61855745721271));
#2511=CARTESIAN_POINT('',(15.669804400978,-20.009902200489,2.61855745721271));
#2512=CARTESIAN_POINT('',(-16.365179222678,-17.5453545232274,2.61855745721271));
#2513=CARTESIAN_POINT('Origin',(-17.4214139415044,-17.5453545232274,2.61855745721271));
#2514=CARTESIAN_POINT('Origin',(15.669804400978,15.55,2.61855745721271));
#2515=CARTESIAN_POINT('',(15.669804400978,-20.009902200489,1.73836185819071));
#2516=CARTESIAN_POINT('',(15.669804400978,-20.009902200489,2.61855745721271));
#2517=CARTESIAN_POINT('',(15.669804400978,15.109902200489,1.73836185819071));
#2518=CARTESIAN_POINT('',(15.669804400978,-20.009902200489,1.73836185819071));
#2519=CARTESIAN_POINT('',(15.669804400978,15.109902200489,2.61855745721271));
#2520=CARTESIAN_POINT('',(15.669804400978,15.109902200489,2.61855745721271));
#2521=CARTESIAN_POINT('',(15.669804400978,-0.249511002444985,2.61855745721271));
#2522=CARTESIAN_POINT('',(15.669804400978,-4.65048899755501,2.61855745721271));
#2523=CARTESIAN_POINT('Origin',(-20.330195599022,15.55,2.61855745721271));
#2524=CARTESIAN_POINT('',(15.229706601467,15.55,1.73836185819071));
#2525=CARTESIAN_POINT('',(-19.890097799511,15.55,1.73836185819071));
#2526=CARTESIAN_POINT('',(15.229706601467,15.55,1.73836185819071));
#2527=CARTESIAN_POINT('',(-19.890097799511,15.55,2.61855745721271));
#2528=CARTESIAN_POINT('',(-19.890097799511,15.55,2.61855745721271));
#2529=CARTESIAN_POINT('',(15.229706601467,15.55,2.61855745721271));
#2530=CARTESIAN_POINT('',(15.229706601467,15.55,2.61855745721271));
#2531=CARTESIAN_POINT('',(15.229706601467,15.55,2.61855745721271));
#2532=CARTESIAN_POINT('Origin',(-20.330195599022,15.55,2.61855745721271));
#2533=CARTESIAN_POINT('',(-20.330195599022,15.109902200489,1.73836185819071));
#2534=CARTESIAN_POINT('',(-20.330195599022,-20.009902200489,1.73836185819071));
#2535=CARTESIAN_POINT('',(-20.330195599022,15.109902200489,1.73836185819071));
#2536=CARTESIAN_POINT('',(-20.330195599022,-20.009902200489,2.61855745721271));
#2537=CARTESIAN_POINT('',(-20.330195599022,-0.249511002444985,2.61855745721271));
#2538=CARTESIAN_POINT('',(-20.330195599022,15.109902200489,2.61855745721271));
#2539=CARTESIAN_POINT('',(-20.330195599022,15.109902200489,2.61855745721271));
#2540=CARTESIAN_POINT('',(-20.330195599022,15.109902200489,2.61855745721271));
#2541=CARTESIAN_POINT('Origin',(-20.330195599022,-20.45,2.61855745721271));
#2542=CARTESIAN_POINT('',(-19.890097799511,-20.45,1.73836185819071));
#2543=CARTESIAN_POINT('',(-19.890097799511,-20.45,2.61855745721271));
#2544=CARTESIAN_POINT('',(15.229706601467,-20.45,1.73836185819071));
#2545=CARTESIAN_POINT('',(-19.890097799511,-20.45,1.73836185819071));
#2546=CARTESIAN_POINT('',(15.229706601467,-20.45,2.61855745721271));
#2547=CARTESIAN_POINT('Origin',(-2.330195599022,-2.45,2.61855745721271));
#2548=CARTESIAN_POINT('Origin',(-19.890097799511,15.109902200489,2.61855745721271));
#2549=CARTESIAN_POINT('Origin',(15.229706601467,15.109902200489,2.61855745721271));
#2550=CARTESIAN_POINT('',(9.77249388753056,9.56466992665038,2.61855745721271));
#2551=CARTESIAN_POINT('',(9.77249388753056,13.6135696821516,2.61855745721271));
#2552=CARTESIAN_POINT('',(9.77249388753056,9.56466992665038,2.61855745721271));
#2553=CARTESIAN_POINT('',(2.46687041564792,9.56466992665038,2.61855745721271));
#2554=CARTESIAN_POINT('',(2.46687041564792,9.56466992665038,2.61855745721271));
#2555=CARTESIAN_POINT('',(2.46687041564792,13.6135696821516,2.61855745721271));
#2556=CARTESIAN_POINT('',(2.46687041564792,13.6135696821516,2.61855745721271));
#2557=CARTESIAN_POINT('',(9.77249388753056,13.6135696821516,2.61855745721271));
#2558=CARTESIAN_POINT('',(13.8213936430318,12.6453545232274,2.61855745721271));
#2559=CARTESIAN_POINT('Origin',(12.7651589242054,12.6453545232274,2.61855745721271));
#2560=CARTESIAN_POINT('Origin',(-2.330195599022,-2.45,1.73836185819071));
#2561=CARTESIAN_POINT('Origin',(-19.890097799511,-20.009902200489,1.73836185819071));
#2562=CARTESIAN_POINT('Origin',(-19.890097799511,15.109902200489,1.73836185819071));
#2563=CARTESIAN_POINT('Origin',(15.229706601467,15.109902200489,1.73836185819071));
#2564=CARTESIAN_POINT('Origin',(15.229706601467,-20.009902200489,1.73836185819071));
#2565=CARTESIAN_POINT('',(9.77249388753056,9.56466992665038,1.73836185819071));
#2566=CARTESIAN_POINT('',(2.46687041564792,9.56466992665038,1.73836185819071));
#2567=CARTESIAN_POINT('',(9.77249388753056,9.56466992665038,1.73836185819071));
#2568=CARTESIAN_POINT('',(9.77249388753056,13.6135696821516,1.73836185819071));
#2569=CARTESIAN_POINT('',(9.77249388753056,13.6135696821516,1.73836185819071));
#2570=CARTESIAN_POINT('',(2.46687041564792,13.6135696821516,1.73836185819071));
#2571=CARTESIAN_POINT('',(2.46687041564792,13.6135696821516,1.73836185819071));
#2572=CARTESIAN_POINT('',(2.46687041564792,9.56466992665038,1.73836185819071));
#2573=CARTESIAN_POINT('',(14.7015892420538,12.6453545232274,1.73836185819071));
#2574=CARTESIAN_POINT('Origin',(12.7651589242054,12.6453545232274,1.73836185819071));
#2575=CARTESIAN_POINT('',(-15.484983623656,-17.5453545232274,1.73836185819071));
#2576=CARTESIAN_POINT('Origin',(-17.4214139415044,-17.5453545232274,1.73836185819071));
#2577=CARTESIAN_POINT('Origin',(16.1539119804401,-0.249511002444984,2.61855745721271));
#2578=CARTESIAN_POINT('',(16.1539119804401,-4.21004332714528,2.61855745721271));
#2579=CARTESIAN_POINT('',(16.1539119804401,-0.689956672854717,2.61855745721271));
#2580=CARTESIAN_POINT('',(16.1539119804401,-4.21004332714528,2.61855745721271));
#2581=CARTESIAN_POINT('Origin',(15.7138141809291,-4.21004332714528,2.61855745721271));
#2582=CARTESIAN_POINT('Origin',(15.7138141809291,-0.689956672854717,2.61855745721271));
#2583=CARTESIAN_POINT('Origin',(16.1539119804401,-0.249511002444984,2.61855745721271));
#2584=CARTESIAN_POINT('',(-20.8143031784841,-4.21004332714528,2.61855745721271));
#2585=CARTESIAN_POINT('Origin',(-20.3742053789731,-4.21004332714528,2.61855745721271));
#2586=CARTESIAN_POINT('',(-20.8143031784841,-0.689956672854716,2.61855745721271));
#2587=CARTESIAN_POINT('',(-20.8143031784841,-4.21004332714528,2.61855745721271));
#2588=CARTESIAN_POINT('Origin',(-20.3742053789731,-0.689956672854716,2.61855745721271));
#2589=CARTESIAN_POINT('Origin',(16.1539119804401,-2.45,9.22002444987775));
#2590=CARTESIAN_POINT('',(16.1539119804401,-0.954849308555035,9.27948380831376));
#2591=CARTESIAN_POINT('',(16.1539119804401,-3.94515069144496,9.27948380831377));
#2592=CARTESIAN_POINT('Origin',(16.1539119804401,-2.45,9.22002444987775));
#2593=CARTESIAN_POINT('',(16.1539119804401,-3.94515069144496,9.27948380831377));
#2594=CARTESIAN_POINT('',(16.1539119804401,-0.689956672854717,2.61855745721271));
#2595=CARTESIAN_POINT('',(16.1539119804401,-2.45,8.60388753056234));
#2596=CARTESIAN_POINT('Origin',(16.1539119804401,-2.45,7.89973105134474));
#2597=CARTESIAN_POINT('Origin',(-20.8143031784841,-2.45,9.22002444987775));
#2598=CARTESIAN_POINT('',(-20.8143031784841,-3.94515069144496,9.27948380831377));
#2599=CARTESIAN_POINT('',(-20.8143031784841,-3.94515069144496,9.27948380831377));
#2600=CARTESIAN_POINT('',(-20.8143031784841,-0.954849308555035,9.27948380831376));
#2601=CARTESIAN_POINT('Origin',(-20.8143031784841,-2.45,9.22002444987775));
#2602=CARTESIAN_POINT('',(-20.8143031784841,-0.689956672854717,2.61855745721271));
#2603=CARTESIAN_POINT('',(-20.8143031784841,-2.45,7.19557457212714));
#2604=CARTESIAN_POINT('Origin',(-20.8143031784841,-2.45,7.89973105134474));
#2605=CARTESIAN_POINT('Origin',(15.669804400978,15.55,15.390195599022));
#2606=CARTESIAN_POINT('',(15.669804400978,14.669804400978,14.51));
#2607=CARTESIAN_POINT('',(15.669804400978,-19.569804400978,14.51));
#2608=CARTESIAN_POINT('',(15.669804400978,-19.569804400978,14.51));
#2609=CARTESIAN_POINT('',(15.669804400978,-19.569804400978,2.62735941320293));
#2610=CARTESIAN_POINT('',(15.669804400978,-19.569804400978,14.51));
#2611=CARTESIAN_POINT('',(15.669804400978,-19.569804400978,2.62735941320293));
#2612=CARTESIAN_POINT('',(15.669804400978,14.669804400978,2.62735941320293));
#2613=CARTESIAN_POINT('',(15.669804400978,-0.249861039841987,2.62735941320293));
#2614=CARTESIAN_POINT('',(15.669804400978,14.669804400978,14.51));
#2615=CARTESIAN_POINT('Origin',(-20.330195599022,15.55,15.390195599022));
#2616=CARTESIAN_POINT('',(-20.330195599022,-19.569804400978,2.62735941320293));
#2617=CARTESIAN_POINT('',(-20.330195599022,-4.65013896015801,2.62735941320293));
#2618=CARTESIAN_POINT('',(-20.330195599022,-19.569804400978,14.51));
#2619=CARTESIAN_POINT('',(-20.330195599022,-19.569804400978,14.51));
#2620=CARTESIAN_POINT('',(-20.330195599022,14.669804400978,14.51));
#2621=CARTESIAN_POINT('',(-20.330195599022,14.669804400978,14.51));
#2622=CARTESIAN_POINT('',(-20.330195599022,14.669804400978,2.62735941320293));
#2623=CARTESIAN_POINT('',(-20.330195599022,14.669804400978,14.51));
#2624=CARTESIAN_POINT('',(-20.330195599022,14.669804400978,2.62735941320293));
#2625=CARTESIAN_POINT('Origin',(-2.330195599022,-2.45,2.62735941320293));
#2626=CARTESIAN_POINT('',(14.789608801956,15.55,2.62735941320293));
#2627=CARTESIAN_POINT('',(-19.45,15.55,2.62735941320293));
#2628=CARTESIAN_POINT('',(14.789608801956,15.55,2.62735941320293));
#2629=CARTESIAN_POINT('Origin',(14.789608801956,14.669804400978,2.62735941320293));
#2630=CARTESIAN_POINT('Origin',(-19.45,14.669804400978,2.62735941320293));
#2631=CARTESIAN_POINT('',(2.46687041564792,9.56466992665038,2.62735941320293));
#2632=CARTESIAN_POINT('',(9.77249388753056,9.56466992665038,2.62735941320293));
#2633=CARTESIAN_POINT('',(2.46687041564792,9.56466992665038,2.62735941320293));
#2634=CARTESIAN_POINT('',(9.77249388753056,13.6135696821516,2.62735941320293));
#2635=CARTESIAN_POINT('',(9.77249388753056,9.56466992665038,2.62735941320293));
#2636=CARTESIAN_POINT('',(2.46687041564792,13.6135696821516,2.62735941320293));
#2637=CARTESIAN_POINT('',(9.77249388753056,13.6135696821516,2.62735941320293));
#2638=CARTESIAN_POINT('',(2.46687041564792,13.6135696821516,2.62735941320293));
#2639=CARTESIAN_POINT('',(13.8213936430318,12.6453545232274,2.62735941320293));
#2640=CARTESIAN_POINT('Origin',(12.7651589242054,12.6453545232274,2.62735941320293));
#2641=CARTESIAN_POINT('Origin',(-2.330195599022,-2.45,2.62735941320293));
#2642=CARTESIAN_POINT('',(14.789608801956,-20.45,2.62735941320293));
#2643=CARTESIAN_POINT('Origin',(14.789608801956,-19.569804400978,2.62735941320293));
#2644=CARTESIAN_POINT('',(-19.45,-20.45,2.62735941320293));
#2645=CARTESIAN_POINT('',(-19.45,-20.45,2.62735941320293));
#2646=CARTESIAN_POINT('Origin',(-19.45,-19.569804400978,2.62735941320293));
#2647=CARTESIAN_POINT('',(-16.365179222678,-17.5453545232274,2.62735941320293));
#2648=CARTESIAN_POINT('Origin',(-17.4214139415044,-17.5453545232274,2.62735941320293));
#2649=CARTESIAN_POINT('Origin',(-20.330195599022,15.55,15.390195599022));
#2650=CARTESIAN_POINT('',(-19.45,15.55,14.51));
#2651=CARTESIAN_POINT('',(14.789608801956,15.55,14.51));
#2652=CARTESIAN_POINT('',(14.789608801956,15.55,14.51));
#2653=CARTESIAN_POINT('',(14.789608801956,15.55,14.51));
#2654=CARTESIAN_POINT('',(-19.45,15.55,14.51));
#2655=CARTESIAN_POINT('Origin',(-20.330195599022,-20.45,15.390195599022));
#2656=CARTESIAN_POINT('',(14.789608801956,-20.45,14.51));
#2657=CARTESIAN_POINT('',(14.789608801956,-20.45,14.51));
#2658=CARTESIAN_POINT('',(-19.45,-20.45,14.51));
#2659=CARTESIAN_POINT('',(-19.45,-20.45,14.51));
#2660=CARTESIAN_POINT('',(-19.45,-20.45,14.51));
#2661=CARTESIAN_POINT('Origin',(-2.330195599022,-2.45,15.390195599022));
#2662=CARTESIAN_POINT('',(14.789608801956,14.669804400978,15.390195599022));
#2663=CARTESIAN_POINT('',(-19.45,14.669804400978,15.390195599022));
#2664=CARTESIAN_POINT('',(14.789608801956,14.669804400978,15.390195599022));
#2665=CARTESIAN_POINT('',(-19.45,-19.569804400978,15.390195599022));
#2666=CARTESIAN_POINT('',(-19.45,14.669804400978,15.390195599022));
#2667=CARTESIAN_POINT('',(14.789608801956,-19.569804400978,15.390195599022));
#2668=CARTESIAN_POINT('',(-19.45,-19.569804400978,15.390195599022));
#2669=CARTESIAN_POINT('',(14.789608801956,-19.569804400978,15.390195599022));
#2670=CARTESIAN_POINT('',(10.9167481662592,-15.2568459657702,15.390195599022));
#2671=CARTESIAN_POINT('',(10.9167481662592,10.3568459657702,15.390195599022));
#2672=CARTESIAN_POINT('',(10.9167481662592,-15.2568459657702,15.390195599022));
#2673=CARTESIAN_POINT('',(10.4766503667482,-15.6969437652812,15.390195599022));
#2674=CARTESIAN_POINT('Origin',(10.4766503667482,-15.2568459657702,15.390195599022));
#2675=CARTESIAN_POINT('',(-15.1370415647922,-15.6969437652812,15.390195599022));
#2676=CARTESIAN_POINT('',(-15.1370415647922,-15.6969437652812,15.390195599022));
#2677=CARTESIAN_POINT('',(-15.5771393643032,-15.2568459657702,15.390195599022));
#2678=CARTESIAN_POINT('Origin',(-15.1370415647922,-15.2568459657702,15.390195599022));
#2679=CARTESIAN_POINT('',(-15.5771393643032,10.3568459657702,15.390195599022));
#2680=CARTESIAN_POINT('',(-15.5771393643032,10.3568459657702,15.390195599022));
#2681=CARTESIAN_POINT('',(-15.1370415647922,10.7969437652812,15.390195599022));
#2682=CARTESIAN_POINT('Origin',(-15.1370415647922,10.3568459657702,15.390195599022));
#2683=CARTESIAN_POINT('',(10.4766503667482,10.7969437652812,15.390195599022));
#2684=CARTESIAN_POINT('',(10.4766503667482,10.7969437652812,15.390195599022));
#2685=CARTESIAN_POINT('Origin',(10.4766503667482,10.3568459657702,15.390195599022));
#2686=CARTESIAN_POINT('Origin',(10.9167481662592,10.7969437652812,16.6224694376528));
#2687=CARTESIAN_POINT('',(10.9167481662592,-15.2568459657702,16.6224694376528));
#2688=CARTESIAN_POINT('',(10.9167481662592,10.3568459657702,16.6224694376528));
#2689=CARTESIAN_POINT('',(10.9167481662592,-15.2568459657702,16.6224694376528));
#2690=CARTESIAN_POINT('',(10.9167481662592,-15.2568459657702,16.6224694376528));
#2691=CARTESIAN_POINT('',(10.9167481662592,10.3568459657702,16.6224694376528));
#2692=CARTESIAN_POINT('Origin',(-15.5771393643032,10.7969437652812,16.6224694376528));
#2693=CARTESIAN_POINT('',(10.4766503667482,10.7969437652812,16.6224694376528));
#2694=CARTESIAN_POINT('',(-15.1370415647922,10.7969437652812,16.6224694376528));
#2695=CARTESIAN_POINT('',(10.4766503667482,10.7969437652812,16.6224694376528));
#2696=CARTESIAN_POINT('',(10.4766503667482,10.7969437652812,16.6224694376528));
#2697=CARTESIAN_POINT('',(-15.1370415647922,10.7969437652812,16.6224694376528));
#2698=CARTESIAN_POINT('Origin',(-15.5771393643032,10.7969437652812,16.6224694376528));
#2699=CARTESIAN_POINT('',(-15.5771393643032,-15.2568459657702,16.6224694376528));
#2700=CARTESIAN_POINT('',(-15.5771393643032,-15.2568459657702,16.6224694376528));
#2701=CARTESIAN_POINT('',(-15.5771393643032,10.3568459657702,16.6224694376528));
#2702=CARTESIAN_POINT('',(-15.5771393643032,10.3568459657702,16.6224694376528));
#2703=CARTESIAN_POINT('',(-15.5771393643032,10.3568459657702,16.6224694376528));
#2704=CARTESIAN_POINT('Origin',(-15.5771393643032,-15.6969437652812,16.6224694376528));
#2705=CARTESIAN_POINT('',(10.4766503667482,-15.6969437652812,16.6224694376528));
#2706=CARTESIAN_POINT('',(10.4766503667482,-15.6969437652812,16.6224694376528));
#2707=CARTESIAN_POINT('',(-15.1370415647922,-15.6969437652812,16.6224694376528));
#2708=CARTESIAN_POINT('',(-15.1370415647922,-15.6969437652812,16.6224694376528));
#2709=CARTESIAN_POINT('',(-15.1370415647922,-15.6969437652812,16.6224694376528));
#2710=CARTESIAN_POINT('Origin',(-2.330195599022,-2.45,16.6224694376528));
#2711=CARTESIAN_POINT('Origin',(10.4766503667482,-15.2568459657702,16.6224694376528));
#2712=CARTESIAN_POINT('Origin',(10.4766503667482,10.3568459657702,16.6224694376528));
#2713=CARTESIAN_POINT('Origin',(-15.1370415647922,10.3568459657702,16.6224694376528));
#2714=CARTESIAN_POINT('Origin',(-15.1370415647922,-15.2568459657702,16.6224694376528));
#2715=CARTESIAN_POINT('',(8.40819070904646,8.86051344743277,16.6224694376528));
#2716=CARTESIAN_POINT('Origin',(8.98031784841076,8.86051344743277,16.6224694376528));
#2717=CARTESIAN_POINT('',(8.40819070904646,-13.7605134474328,16.6224694376528));
#2718=CARTESIAN_POINT('Origin',(8.98031784841076,-13.7605134474328,16.6224694376528));
#2719=CARTESIAN_POINT('',(-14.2128361858191,-13.7605134474328,16.6224694376528));
#2720=CARTESIAN_POINT('Origin',(-13.6407090464548,-13.7605134474328,16.6224694376528));
#2721=CARTESIAN_POINT('',(-14.2128361858191,8.86051344743277,16.6224694376528));
#2722=CARTESIAN_POINT('Origin',(-13.6407090464548,8.86051344743277,16.6224694376528));
#2723=CARTESIAN_POINT('',(-11.7247113687211,-2.45,16.6224694376528));
#2724=CARTESIAN_POINT('Origin',(-2.330195599022,-2.45,16.6224694376528));
#2725=CARTESIAN_POINT('Origin',(-2.330195599022,-2.45,18.91097799511));
#2726=CARTESIAN_POINT('',(-8.56001725824603,-0.909657701711488,18.91097799511));
#2727=CARTESIAN_POINT('',(-8.49156479217604,-0.909657701711488,18.91097799511));
#2728=CARTESIAN_POINT('',(-8.49156479217604,-0.909657701711488,18.91097799511));
#2729=CARTESIAN_POINT('',(-8.49156479217604,-3.99034229828851,18.91097799511));
#2730=CARTESIAN_POINT('',(-8.49156479217604,-3.99034229828851,18.91097799511));
#2731=CARTESIAN_POINT('',(-8.56001725824603,-3.99034229828851,18.91097799511));
#2732=CARTESIAN_POINT('',(-8.56001725824603,-3.99034229828851,18.91097799511));
#2733=CARTESIAN_POINT('Origin',(-2.330195599022,-2.45,18.91097799511));
#2734=CARTESIAN_POINT('',(-8.13948655256724,-2.45,18.91097799511));
#2735=CARTESIAN_POINT('Origin',(-2.330195599022,-2.45,18.91097799511));
#2736=CARTESIAN_POINT('Origin',(-2.330195599022,-2.45,17.590684596577));
#2737=CARTESIAN_POINT('',(-7.69938875305623,-2.45,17.590684596577));
#2738=CARTESIAN_POINT('Origin',(-2.330195599022,-2.45,17.590684596577));
#2739=CARTESIAN_POINT('',(-7.69938875305623,-2.45,17.736543387429));
#2740=CARTESIAN_POINT('',(-7.69938875305623,-2.45,17.590684596577));
#2741=CARTESIAN_POINT('',(-7.69883000921071,-2.52745769855865,17.7666946883791));
#2742=CARTESIAN_POINT('Ctrl Pts',(-7.69938875305623,-2.45,17.736543387429));
#2743=CARTESIAN_POINT('Ctrl Pts',(-7.69938875305623,-2.46474082268473,17.736543387429));
#2744=CARTESIAN_POINT('Ctrl Pts',(-7.69932127110166,-2.48043120817984,17.7395791831589));
#2745=CARTESIAN_POINT('Ctrl Pts',(-7.69910114619174,-2.50691658957581,17.7508588885868));
#2746=CARTESIAN_POINT('Ctrl Pts',(-7.69896479246357,-2.51811579939537,17.758177712943));
#2747=CARTESIAN_POINT('Ctrl Pts',(-7.69883000921069,-2.52745769855853,17.7666946883792));
#2748=CARTESIAN_POINT('',(-7.69938875305623,-2.45,17.9729431651382));
#2749=CARTESIAN_POINT('Ctrl Pts',(-7.69883000921069,-2.52745769855853,17.7666946883792));
#2750=CARTESIAN_POINT('Ctrl Pts',(-7.69880461413952,-2.5292178444894,17.7682994070125));
#2751=CARTESIAN_POINT('Ctrl Pts',(-7.69877927611212,-2.53091403068074,17.7699445031217));
#2752=CARTESIAN_POINT('Ctrl Pts',(-7.6985969386467,-2.54277322896583,17.7821485883229));
#2753=CARTESIAN_POINT('Ctrl Pts',(-7.69843030282734,-2.55159016036455,17.7954173975667));
#2754=CARTESIAN_POINT('Ctrl Pts',(-7.69819768018081,-2.56326077688587,17.8243733853215));
#2755=CARTESIAN_POINT('Ctrl Pts',(-7.69813314930129,-2.56611021328727,17.8400622877625));
#2756=CARTESIAN_POINT('Ctrl Pts',(-7.69813314930129,-2.56611021328727,17.8694242648047));
#2757=CARTESIAN_POINT('Ctrl Pts',(-7.69819768018081,-2.56326077688587,17.8851131672458));
#2758=CARTESIAN_POINT('Ctrl Pts',(-7.69843030282734,-2.55159016036455,17.9140691550006));
#2759=CARTESIAN_POINT('Ctrl Pts',(-7.6985969386467,-2.54277322896583,17.9273379642443));
#2760=CARTESIAN_POINT('Ctrl Pts',(-7.69891217471121,-2.5222703280012,17.9484371266185));
#2761=CARTESIAN_POINT('Ctrl Pts',(-7.69908219427329,-2.50919688029198,17.9576565241964));
#2762=CARTESIAN_POINT('Ctrl Pts',(-7.69932127110166,-2.48043120817984,17.9699073694084));
#2763=CARTESIAN_POINT('Ctrl Pts',(-7.69938875305623,-2.46474082268473,17.9729431651382));
#2764=CARTESIAN_POINT('Ctrl Pts',(-7.69938875305623,-2.45,17.9729431651382));
#2765=CARTESIAN_POINT('',(-7.69938875305623,-2.45,18.470880195599));
#2766=CARTESIAN_POINT('',(-7.69938875305623,-2.45,17.590684596577));
#2767=CARTESIAN_POINT('Origin',(-2.330195599022,-2.45,18.470880195599));
#2768=CARTESIAN_POINT('Ctrl Pts',(-7.69938875305623,-2.45,17.9729431651382));
#2769=CARTESIAN_POINT('Ctrl Pts',(-7.69938875305623,-2.43525917731526,17.9729431651382));
#2770=CARTESIAN_POINT('Ctrl Pts',(-7.69932127110166,-2.41956879182016,17.9699073694084));
#2771=CARTESIAN_POINT('Ctrl Pts',(-7.69908219427329,-2.39080311970801,17.9576565241964));
#2772=CARTESIAN_POINT('Ctrl Pts',(-7.69891217471121,-2.37772967199879,17.9484371266185));
#2773=CARTESIAN_POINT('Ctrl Pts',(-7.6985969386467,-2.35722677103416,17.9273379642443));
#2774=CARTESIAN_POINT('Ctrl Pts',(-7.69843030282734,-2.34840983963544,17.9140691550005));
#2775=CARTESIAN_POINT('Ctrl Pts',(-7.69819768018081,-2.33673922311412,17.8851131672458));
#2776=CARTESIAN_POINT('Ctrl Pts',(-7.69813314930129,-2.33388978671272,17.8694242648047));
#2777=CARTESIAN_POINT('Ctrl Pts',(-7.69813314930129,-2.33388978671272,17.8547432762836));
#2778=CARTESIAN_POINT('Ctrl Pts',(-7.69813314930129,-2.33388978671272,17.8400622877625));
#2779=CARTESIAN_POINT('Ctrl Pts',(-7.69819768018081,-2.33673922311412,17.8243733853215));
#2780=CARTESIAN_POINT('Ctrl Pts',(-7.69843030282734,-2.34840983963544,17.7954173975667));
#2781=CARTESIAN_POINT('Ctrl Pts',(-7.6985969386467,-2.35722677103416,17.7821485883229));
#2782=CARTESIAN_POINT('Ctrl Pts',(-7.69891217471121,-2.3777296719988,17.7610494259487));
#2783=CARTESIAN_POINT('Ctrl Pts',(-7.69908219427329,-2.39080311970801,17.7518300283709));
#2784=CARTESIAN_POINT('Ctrl Pts',(-7.69932127110166,-2.41956879182016,17.7395791831589));
#2785=CARTESIAN_POINT('Ctrl Pts',(-7.69938875305623,-2.43525917731526,17.736543387429));
#2786=CARTESIAN_POINT('Ctrl Pts',(-7.69938875305623,-2.45,17.736543387429));
#2787=CARTESIAN_POINT('Origin',(-2.330195599022,-2.45,17.590684596577));
#2788=CARTESIAN_POINT('',(-4.70046835885779,-2.45,20.5896049907754));
#2789=CARTESIAN_POINT('',(-7.69938875305623,-2.45,17.590684596577));
#2790=CARTESIAN_POINT('Origin',(-2.330195599022,-2.45,20.5896049907754));
#2791=CARTESIAN_POINT('Origin',(-2.330195599022,-2.45,20.8474083129584));
#2792=CARTESIAN_POINT('',(-4.07807608201878,-2.45,20.8474083129584));
#2793=CARTESIAN_POINT('Origin',(-2.330195599022,-2.45,20.8474083129584));
#2794=CARTESIAN_POINT('',(-3.65048899755501,-2.45,20.8474083129584));
#2795=CARTESIAN_POINT('Origin',(-2.330195599022,-2.45,20.8474083129584));
#2796=CARTESIAN_POINT('Origin',(-2.330195599022,-2.45,19.9672127139364));
#2797=CARTESIAN_POINT('',(-2.770293398533,-2.45,19.9672127139364));
#2798=CARTESIAN_POINT('Origin',(-2.330195599022,-2.45,19.9672127139364));
#2799=CARTESIAN_POINT('Origin',(-2.330195599022,-2.45,19.2630562347188));
#2800=CARTESIAN_POINT('',(-9.4059955341135,-1.34975550122249,17.8547432762836));
#2801=CARTESIAN_POINT('',(-9.11714921272655,-1.34975550122249,18.470880195599));
#2802=CARTESIAN_POINT('Ctrl Pts',(-9.4059955341135,-1.34975550122249,17.8547432762836));
#2803=CARTESIAN_POINT('Ctrl Pts',(-9.32206014125836,-1.34975550122249,17.9862900724078));
#2804=CARTESIAN_POINT('Ctrl Pts',(-9.25103641011475,-1.34975550122249,18.1244231607861));
#2805=CARTESIAN_POINT('Ctrl Pts',(-9.1674917979381,-1.34975550122249,18.3245297199707));
#2806=CARTESIAN_POINT('Ctrl Pts',(-9.14087930092156,-1.34975550122249,18.3963957106724));
#2807=CARTESIAN_POINT('Ctrl Pts',(-9.11714921272656,-1.34975550122249,18.470880195599));
#2808=CARTESIAN_POINT('',(-9.08145733586036,-1.3349565091934,18.5840482011876));
#2809=CARTESIAN_POINT('Ctrl Pts',(-9.11714921272656,-1.34975550122249,18.470880195599));
#2810=CARTESIAN_POINT('Ctrl Pts',(-9.10501013657291,-1.34975550122249,18.5089825754705));
#2811=CARTESIAN_POINT('Ctrl Pts',(-9.09306802634362,-1.34480686245888,18.5470294035575));
#2812=CARTESIAN_POINT('Ctrl Pts',(-9.08145733586035,-1.3349565091934,18.5840482011876));
#2813=CARTESIAN_POINT('',(-9.08145733586036,-3.56504349080659,18.5840482011876));
#2814=CARTESIAN_POINT('Origin',(-2.330195599022,-2.45,18.5840482011876));
#2815=CARTESIAN_POINT('',(-9.11714921272656,-3.5502444987775,18.470880195599));
#2816=CARTESIAN_POINT('Ctrl Pts',(-9.08145733586035,-3.56504349080659,18.5840482011876));
#2817=CARTESIAN_POINT('Ctrl Pts',(-9.08235903661346,-3.56427850004479,18.5811732750365));
#2818=CARTESIAN_POINT('Ctrl Pts',(-9.08326336790721,-3.56354243911119,18.5782897623003));
#2819=CARTESIAN_POINT('Ctrl Pts',(-9.09494102372838,-3.55443984887193,18.5410576675745));
#2820=CARTESIAN_POINT('Ctrl Pts',(-9.10597356921484,-3.5502444987775,18.5059585334397));
#2821=CARTESIAN_POINT('Ctrl Pts',(-9.11714921272656,-3.5502444987775,18.470880195599));
#2822=CARTESIAN_POINT('',(-9.40599553410592,-3.5502444987775,17.8547432762836));
#2823=CARTESIAN_POINT('Ctrl Pts',(-9.11714921272656,-3.5502444987775,18.470880195599));
#2824=CARTESIAN_POINT('Ctrl Pts',(-9.14087930092157,-3.5502444987775,18.3963957106724));
#2825=CARTESIAN_POINT('Ctrl Pts',(-9.1674917979381,-3.5502444987775,18.3245297199707));
#2826=CARTESIAN_POINT('Ctrl Pts',(-9.25103641011427,-3.5502444987775,18.1244231607872));
#2827=CARTESIAN_POINT('Ctrl Pts',(-9.32206014125712,-3.5502444987775,17.9862900724102));
#2828=CARTESIAN_POINT('Ctrl Pts',(-9.40599553411131,-3.5502444987775,17.8547432762871));
#2829=CARTESIAN_POINT('',(-10.9001884056074,-2.45,16.7544987775061));
#2830=CARTESIAN_POINT('Ctrl Pts',(-9.40599553411131,-3.5502444987775,17.8547432762871));
#2831=CARTESIAN_POINT('Ctrl Pts',(-9.44308105503908,-3.55024449877768,17.7966214126165));
#2832=CARTESIAN_POINT('Ctrl Pts',(-9.48293245678143,-3.545648040492,17.7403253653567));
#2833=CARTESIAN_POINT('Ctrl Pts',(-9.64518021578225,-3.51325429360449,17.5313352962061));
#2834=CARTESIAN_POINT('Ctrl Pts',(-9.78300210156269,-3.45865194042231,17.3947683130549));
#2835=CARTESIAN_POINT('Ctrl Pts',(-10.1655506321805,-3.26661451327629,17.0819573496336));
#2836=CARTESIAN_POINT('Ctrl Pts',(-10.4115164471088,-3.10154091307486,16.9507268170001));
#2837=CARTESIAN_POINT('Ctrl Pts',(-10.6805618253488,-2.86435557252352,16.83165014822));
#2838=CARTESIAN_POINT('Ctrl Pts',(-10.76070238914,-2.78051047879856,16.8017155597256));
#2839=CARTESIAN_POINT('Ctrl Pts',(-10.8460757140331,-2.65066197797897,16.7719645980823));
#2840=CARTESIAN_POINT('Ctrl Pts',(-10.8713925832718,-2.60138699344289,16.7637001166053));
#2841=CARTESIAN_POINT('Ctrl Pts',(-10.8917957291985,-2.52900249236018,16.7571531055945));
#2842=CARTESIAN_POINT('Ctrl Pts',(-10.8958513470511,-2.50864872845413,16.7558692646377));
#2843=CARTESIAN_POINT('Ctrl Pts',(-10.8994959652842,-2.47532525296462,16.7547168729809));
#2844=CARTESIAN_POINT('Ctrl Pts',(-10.9001884056074,-2.46265522000605,16.7544987775061));
#2845=CARTESIAN_POINT('Ctrl Pts',(-10.9001884056074,-2.45,16.7544987775061));
#2846=CARTESIAN_POINT('Origin',(-11.7247113687211,-2.45,19.2630562347188));
#2847=CARTESIAN_POINT('Ctrl Pts',(-10.9001884056074,-2.45,16.7544987775061));
#2848=CARTESIAN_POINT('Ctrl Pts',(-10.9001884056074,-2.44816887960982,16.7544987775061));
#2849=CARTESIAN_POINT('Ctrl Pts',(-10.900173910928,-2.44633806934407,16.7545033486571));
#2850=CARTESIAN_POINT('Ctrl Pts',(-10.8998988238869,-2.4289585566636,16.7545901091836));
#2851=CARTESIAN_POINT('Ctrl Pts',(-10.8986107399944,-2.41359510667854,16.754995828147));
#2852=CARTESIAN_POINT('Ctrl Pts',(-10.8926597631831,-2.37344154489291,16.756881541771));
#2853=CARTESIAN_POINT('Ctrl Pts',(-10.8864179669197,-2.34927142173663,16.7588654913068));
#2854=CARTESIAN_POINT('Ctrl Pts',(-10.8540330785264,-2.25689022117121,16.7693580436858));
#2855=CARTESIAN_POINT('Ctrl Pts',(-10.8091706433395,-2.18370127908095,16.7838173763094));
#2856=CARTESIAN_POINT('Ctrl Pts',(-10.6624328141411,-2.01596540395034,16.8395901880549));
#2857=CARTESIAN_POINT('Ctrl Pts',(-10.563715464431,-1.92853618817412,16.8808004699689));
#2858=CARTESIAN_POINT('Ctrl Pts',(-10.2687962571851,-1.70266019364483,17.0294325557833));
#2859=CARTESIAN_POINT('Ctrl Pts',(-10.0453141988128,-1.56527357727638,17.1679884765314));
#2860=CARTESIAN_POINT('Ctrl Pts',(-9.68099583923576,-1.39941871811606,17.492856187457));
#2861=CARTESIAN_POINT('Ctrl Pts',(-9.54657722681124,-1.35803543860114,17.6456184652606));
#2862=CARTESIAN_POINT('Ctrl Pts',(-9.42737096688916,-1.3501289431922,17.8217409312273));
#2863=CARTESIAN_POINT('Ctrl Pts',(-9.41655631269646,-1.34975550122249,17.8381920153684));
#2864=CARTESIAN_POINT('Ctrl Pts',(-9.4059955341135,-1.34975550122249,17.8547432762836));
#2865=CARTESIAN_POINT('Origin',(-17.7336185819071,-2.45,17.8547432762836));
#2866=CARTESIAN_POINT('',(-9.40599553410592,-3.5502444987775,17.8547432762836));
#2867=CARTESIAN_POINT('',(-9.4059955341135,-1.34975550122249,17.8547432762836));
#2868=CARTESIAN_POINT('Origin',(-17.7336185819071,-3.5502444987775,17.8547432762836));
#2869=CARTESIAN_POINT('',(-9.11714921272656,-3.5502444987775,18.470880195599));
#2870=CARTESIAN_POINT('Origin',(-17.7336185819071,-1.34975550122249,17.8547432762836));
#2871=CARTESIAN_POINT('',(-8.93166259168704,-1.34975550122249,18.470880195599));
#2872=CARTESIAN_POINT('Origin',(15.7138141809291,-0.954849308555035,9.27948380831376));
#2873=CARTESIAN_POINT('Origin',(15.7138141809291,-0.954849308555035,9.27948380831376));
#2874=CARTESIAN_POINT('Origin',(15.7138141809291,-2.45,9.22002444987775));
#2875=CARTESIAN_POINT('Origin',(15.7138141809291,-3.94515069144496,9.27948380831377));
#2876=CARTESIAN_POINT('Origin',(15.7138141809291,-3.94515069144496,9.27948380831376));
#2877=CARTESIAN_POINT('Origin',(-20.3742053789731,-0.68926120581115,2.60106941061389));
#2878=CARTESIAN_POINT('Origin',(-20.3742053789731,-0.954849308555034,9.27948380831376));
#2879=CARTESIAN_POINT('Origin',(-20.3742053789731,-2.45,9.22002444987775));
#2880=CARTESIAN_POINT('Origin',(-20.3742053789731,-3.94515069144496,9.27948380831377));
#2881=CARTESIAN_POINT('Origin',(-20.3742053789731,-4.21073879418884,2.60106941061389));
#2882=CARTESIAN_POINT('Origin',(-19.890097799511,-20.009902200489,2.61855745721271));
#2883=CARTESIAN_POINT('Origin',(15.229706601467,-20.009902200489,2.61855745721271));
#2884=CARTESIAN_POINT('Origin',(-19.890097799511,15.109902200489,2.61855745721271));
#2885=CARTESIAN_POINT('Origin',(15.229706601467,15.109902200489,2.61855745721271));
#2886=CARTESIAN_POINT('Origin',(10.4766503667482,-15.2568459657702,16.6224694376528));
#2887=CARTESIAN_POINT('Origin',(-15.1370415647922,-15.2568459657702,16.6224694376528));
#2888=CARTESIAN_POINT('Origin',(10.4766503667482,10.3568459657702,16.6224694376528));
#2889=CARTESIAN_POINT('Origin',(-15.1370415647922,10.3568459657702,16.6224694376528));
#2890=CARTESIAN_POINT('Origin',(14.789608801956,14.669804400978,15.390195599022));
#2891=CARTESIAN_POINT('Origin',(14.789608801956,14.669804400978,14.51));
#2892=CARTESIAN_POINT('Origin',(14.789608801956,-2.45,14.51));
#2893=CARTESIAN_POINT('Origin',(14.789608801956,-19.569804400978,14.51));
#2894=CARTESIAN_POINT('Origin',(14.789608801956,14.669804400978,14.51));
#2895=CARTESIAN_POINT('Origin',(14.789608801956,-19.569804400978,15.390195599022));
#2896=CARTESIAN_POINT('Origin',(14.789608801956,-19.569804400978,14.51));
#2897=CARTESIAN_POINT('Origin',(14.789608801956,14.669804400978,14.51));
#2898=CARTESIAN_POINT('Origin',(14.789608801956,14.669804400978,14.51));
#2899=CARTESIAN_POINT('Origin',(14.789608801956,-19.569804400978,14.51));
#2900=CARTESIAN_POINT('Origin',(14.789608801956,-19.569804400978,14.51));
#2901=CARTESIAN_POINT('Origin',(-19.45,14.669804400978,15.390195599022));
#2902=CARTESIAN_POINT('Origin',(-19.45,14.669804400978,14.51));
#2903=CARTESIAN_POINT('Origin',(-2.330195599022,14.669804400978,14.51));
#2904=CARTESIAN_POINT('Origin',(-19.45,14.669804400978,14.51));
#2905=CARTESIAN_POINT('Origin',(-2.330195599022,-19.569804400978,14.51));
#2906=CARTESIAN_POINT('Origin',(-19.45,-19.569804400978,14.51));
#2907=CARTESIAN_POINT('Origin',(-19.45,-19.569804400978,15.390195599022));
#2908=CARTESIAN_POINT('Origin',(-19.45,-19.569804400978,14.51));
#2909=CARTESIAN_POINT('Origin',(-19.45,14.669804400978,14.51));
#2910=CARTESIAN_POINT('Origin',(-19.45,14.669804400978,14.51));
#2911=CARTESIAN_POINT('Origin',(-19.45,-19.569804400978,14.51));
#2912=CARTESIAN_POINT('Origin',(-19.45,-19.569804400978,14.51));
#2913=CARTESIAN_POINT('Origin',(-19.45,-2.45,14.51));
#2914=CARTESIAN_POINT('Origin',(-2.330195599022,-2.45,18.470880195599));
#2915=CARTESIAN_POINT('Origin',(-8.13948655256724,-2.45,18.470880195599));
#2916=CARTESIAN_POINT('Origin',(-2.330195599022,-2.45,18.470880195599));
#2917=CARTESIAN_POINT('Ctrl Pts',(-9.08145733586035,-1.3349565091934,18.5840482011876));
#2918=CARTESIAN_POINT('Ctrl Pts',(-9.06903349382872,-1.32441628911756,18.6236596002357));
#2919=CARTESIAN_POINT('Ctrl Pts',(-9.05074870234171,-1.30893261238339,18.6596319700844));
#2920=CARTESIAN_POINT('Ctrl Pts',(-8.99713765090834,-1.26380468560855,18.7374987493686));
#2921=CARTESIAN_POINT('Ctrl Pts',(-8.95793612226579,-1.23101088422951,18.775036447229));
#2922=CARTESIAN_POINT('Ctrl Pts',(-8.86577197757308,-1.15473644374361,18.8405047608887));
#2923=CARTESIAN_POINT('Ctrl Pts',(-8.81027881285606,-1.10931231648827,18.8660936413434));
#2924=CARTESIAN_POINT('Ctrl Pts',(-8.69215532477583,-1.01396176868824,18.9017255111695));
#2925=CARTESIAN_POINT('Ctrl Pts',(-8.62770487895464,-0.962677006412506,
18.9106526349708));
#2926=CARTESIAN_POINT('Ctrl Pts',(-8.56237831175128,-0.911506340161103,
18.9109750836695));
#2927=CARTESIAN_POINT('Ctrl Pts',(-8.56119784664417,-0.910581937833688,
18.91097799511));
#2928=CARTESIAN_POINT('Ctrl Pts',(-8.56001725824604,-0.909657701711487,
18.91097799511));
#2929=CARTESIAN_POINT('Ctrl Pts',(-9.08145733586035,-3.56504349080659,18.5840482011876));
#2930=CARTESIAN_POINT('Ctrl Pts',(-9.06903349382872,-3.57558371088243,18.6236596002357));
#2931=CARTESIAN_POINT('Ctrl Pts',(-9.05074870234171,-3.5910673876166,18.6596319700844));
#2932=CARTESIAN_POINT('Ctrl Pts',(-8.99713765090834,-3.63619531439145,18.7374987493686));
#2933=CARTESIAN_POINT('Ctrl Pts',(-8.95793612226579,-3.66898911577049,18.775036447229));
#2934=CARTESIAN_POINT('Ctrl Pts',(-8.86577197757309,-3.74526355625638,18.8405047608887));
#2935=CARTESIAN_POINT('Ctrl Pts',(-8.81027881285606,-3.79068768351172,18.8660936413434));
#2936=CARTESIAN_POINT('Ctrl Pts',(-8.69215532477594,-3.88603823131166,18.9017255111695));
#2937=CARTESIAN_POINT('Ctrl Pts',(-8.62770487895537,-3.93732299358688,18.9106526349708));
#2938=CARTESIAN_POINT('Ctrl Pts',(-8.56237831175125,-3.98849365983892,18.9109750836695));
#2939=CARTESIAN_POINT('Ctrl Pts',(-8.56119784664421,-3.98941806216628,18.91097799511));
#2940=CARTESIAN_POINT('Ctrl Pts',(-8.56001725824604,-3.99034229828851,18.91097799511));
#2941=CARTESIAN_POINT('Origin',(-17.7336185819071,-3.99034229828851,18.470880195599));
#2942=CARTESIAN_POINT('Origin',(-8.49156479217604,-3.99034229828851,18.470880195599));
#2943=CARTESIAN_POINT('Origin',(-17.7336185819071,-0.909657701711488,18.470880195599));
#2944=CARTESIAN_POINT('Origin',(-8.49156479217604,-0.909657701711488,18.470880195599));
#2945=CARTESIAN_POINT('Origin',(-8.49156479217604,-2.45,18.470880195599));
#2946=CARTESIAN_POINT('Ctrl Pts',(-8.93166259168704,-2.79089828964171,18.470880195599));
#2947=CARTESIAN_POINT('Ctrl Pts',(-8.93166259168704,-2.76782724363347,18.4836450208804));
#2948=CARTESIAN_POINT('Ctrl Pts',(-8.93110926452295,-2.74391100757699,18.4951779417371));
#2949=CARTESIAN_POINT('Ctrl Pts',(-8.92750418041643,-2.63302350171771,18.5410949614192));
#2950=CARTESIAN_POINT('Ctrl Pts',(-8.9227708104655,-2.53876803023542,18.5588997555012));
#2951=CARTESIAN_POINT('Ctrl Pts',(-8.9227708104655,-2.45,18.5588997555012));
#2952=CARTESIAN_POINT('Ctrl Pts',(-8.9227708104655,-2.36123196976458,18.5588997555012));
#2953=CARTESIAN_POINT('Ctrl Pts',(-8.92750418041643,-2.26697649828228,18.5410949614192));
#2954=CARTESIAN_POINT('Ctrl Pts',(-8.93110926452295,-2.156088992423,18.4951779417371));
#2955=CARTESIAN_POINT('Ctrl Pts',(-8.93166259168704,-2.13217275636653,18.4836450208804));
#2956=CARTESIAN_POINT('Ctrl Pts',(-8.93166259168704,-2.10910171035828,18.470880195599));
#2957=CARTESIAN_POINT('Origin',(-2.330195599022,-2.45,19.9672127139364));
#2958=CARTESIAN_POINT('Origin',(-3.65048899755501,-2.45,19.9672127139364));
#2959=CARTESIAN_POINT('Origin',(-2.330195599022,-2.45,19.9672127139364));
#2960=CARTESIAN_POINT('Origin',(-4.07807608201878,-2.45,19.9672127139364));
#2961=CARTESIAN_POINT('Origin',(-8.05146699266503,-2.45,17.8547432762836));
#2962=CARTESIAN_POINT('',(-8.05146699266503,-2.45,17.150586797066));
#2963=CARTESIAN_POINT('',(-8.05146699266503,-2.45,17.150586797066));
#2964=CARTESIAN_POINT('Origin',(-8.05146699266503,-2.45,17.8547432762836));
#2965=CARTESIAN_POINT('Origin',(-8.93166259168704,-2.45,17.8547432762836));
#2966=CARTESIAN_POINT('',(-8.93166259168704,-2.45,17.150586797066));
#2967=CARTESIAN_POINT('Origin',(-16.2372860635697,-2.45,7.89973105134474));
#2968=CARTESIAN_POINT('',(-15.8141861655747,-2.45,7.89973105134474));
#2969=CARTESIAN_POINT('',(-16.2372860635697,-2.45,7.19557457212714));
#2970=CARTESIAN_POINT('',(-16.2372860635697,-2.45,7.19557457212714));
#2971=CARTESIAN_POINT('Origin',(-16.2372860635697,-2.45,7.89973105134474));
#2972=CARTESIAN_POINT('Origin',(-20.8143031784841,-2.45,7.89973105134474));
#2973=CARTESIAN_POINT('',(-20.8143031784841,-2.45,7.19557457212714));
#2974=CARTESIAN_POINT('Origin',(11.5768948655257,-2.45,7.89973105134474));
#2975=CARTESIAN_POINT('',(11.1537949675307,-2.45,7.89973105134474));
#2976=CARTESIAN_POINT('',(11.5768948655257,-2.45,8.60388753056234));
#2977=CARTESIAN_POINT('',(11.5768948655257,-2.45,8.60388753056234));
#2978=CARTESIAN_POINT('Origin',(11.5768948655257,-2.45,7.89973105134474));
#2979=CARTESIAN_POINT('Origin',(16.1539119804401,-2.45,7.89973105134474));
#2980=CARTESIAN_POINT('',(16.1539119804401,-2.45,8.60388753056234));
#2981=CARTESIAN_POINT('Origin',(-13.6407090464548,8.86051344743277,15.7422738386308));
#2982=CARTESIAN_POINT('',(-14.2128361858191,8.86051344743277,15.7422738386308));
#2983=CARTESIAN_POINT('Origin',(-13.6407090464548,8.86051344743277,15.7422738386308));
#2984=CARTESIAN_POINT('',(-14.2128361858191,8.86051344743277,15.7422738386308));
#2985=CARTESIAN_POINT('Origin',(-13.6407090464548,8.86051344743277,15.7422738386308));
#2986=CARTESIAN_POINT('Origin',(-13.6407090464548,-13.7605134474328,15.7422738386308));
#2987=CARTESIAN_POINT('',(-14.2128361858191,-13.7605134474328,15.7422738386308));
#2988=CARTESIAN_POINT('Origin',(-13.6407090464548,-13.7605134474328,15.7422738386308));
#2989=CARTESIAN_POINT('',(-14.2128361858191,-13.7605134474328,15.7422738386308));
#2990=CARTESIAN_POINT('Origin',(-13.6407090464548,-13.7605134474328,15.7422738386308));
#2991=CARTESIAN_POINT('Origin',(8.98031784841076,-13.7605134474328,15.7422738386308));
#2992=CARTESIAN_POINT('',(8.40819070904646,-13.7605134474328,15.7422738386308));
#2993=CARTESIAN_POINT('Origin',(8.98031784841076,-13.7605134474328,15.7422738386308));
#2994=CARTESIAN_POINT('',(8.40819070904646,-13.7605134474328,15.7422738386308));
#2995=CARTESIAN_POINT('Origin',(8.98031784841076,-13.7605134474328,15.7422738386308));
#2996=CARTESIAN_POINT('Origin',(8.98031784841076,8.86051344743277,15.7422738386308));
#2997=CARTESIAN_POINT('',(8.40819070904646,8.86051344743277,15.7422738386308));
#2998=CARTESIAN_POINT('Origin',(8.98031784841076,8.86051344743277,15.7422738386308));
#2999=CARTESIAN_POINT('',(8.40819070904646,8.86051344743277,15.7422738386308));
#3000=CARTESIAN_POINT('Origin',(8.98031784841076,8.86051344743277,15.7422738386308));
#3001=CARTESIAN_POINT('Origin',(-17.4214139415044,-17.5453545232274,6.31537897310514));
#3002=CARTESIAN_POINT('',(-17.4214139415044,-17.5453545232274,6.95002882009757));
#3003=CARTESIAN_POINT('',(-16.365179222678,-17.5453545232274,6.31537897310514));
#3004=CARTESIAN_POINT('',(-16.365179222678,-17.5453545232274,6.31537897310514));
#3005=CARTESIAN_POINT('Origin',(-17.4214139415044,-17.5453545232274,6.31537897310514));
#3006=CARTESIAN_POINT('Origin',(-17.4214139415044,-17.5453545232274,1.73836185819071));
#3007=CARTESIAN_POINT('',(-16.365179222678,-17.5453545232274,1.73836185819071));
#3008=CARTESIAN_POINT('Origin',(-17.4214139415044,-17.5453545232274,1.73836185819071));
#3009=CARTESIAN_POINT('',(-15.484983623656,-17.5453545232274,1.73836185819071));
#3010=CARTESIAN_POINT('Origin',(12.7651589242054,12.6453545232274,1.73836185819071));
#3011=CARTESIAN_POINT('',(14.7015892420538,12.6453545232274,1.73836185819071));
#3012=CARTESIAN_POINT('Origin',(12.7651589242054,12.6453545232274,1.73836185819071));
#3013=CARTESIAN_POINT('',(13.8213936430318,12.6453545232274,6.31537897310514));
#3014=CARTESIAN_POINT('Origin',(12.7651589242054,12.6453545232274,6.31537897310514));
#3015=CARTESIAN_POINT('',(13.8213936430318,12.6453545232274,1.73836185819071));
#3016=CARTESIAN_POINT('Origin',(12.7651589242054,12.6453545232274,6.31537897310514));
#3017=CARTESIAN_POINT('',(12.7651589242054,12.6453545232274,6.95002882009757));
#3018=CARTESIAN_POINT('',(13.8213936430318,12.6453545232274,6.31537897310514));
#3019=CARTESIAN_POINT('Origin',(-2.330195599022,-2.45,10.5403178484108));
#3020=CARTESIAN_POINT('',(9.77249388753056,13.6135696821516,10.5403178484108));
#3021=CARTESIAN_POINT('',(9.77249388753056,9.56466992665038,10.5403178484108));
#3022=CARTESIAN_POINT('',(9.77249388753056,13.6135696821516,10.5403178484108));
#3023=CARTESIAN_POINT('',(2.46687041564792,9.56466992665038,10.5403178484108));
#3024=CARTESIAN_POINT('',(9.77249388753056,9.56466992665038,10.5403178484108));
#3025=CARTESIAN_POINT('',(2.46687041564792,13.6135696821516,10.5403178484108));
#3026=CARTESIAN_POINT('',(2.46687041564792,9.56466992665038,10.5403178484108));
#3027=CARTESIAN_POINT('',(2.46687041564792,13.6135696821516,10.5403178484108));
#3028=CARTESIAN_POINT('',(5.23948655256724,11.589119804401,10.5403178484108));
#3029=CARTESIAN_POINT('Origin',(7.13190709046455,11.589119804401,10.5403178484108));
#3030=CARTESIAN_POINT('Origin',(9.77249388753056,9.56466992665038,10.5403178484108));
#3031=CARTESIAN_POINT('',(2.46687041564792,9.56466992665038,10.5403178484108));
#3032=CARTESIAN_POINT('',(9.77249388753056,9.56466992665038,10.5403178484108));
#3033=CARTESIAN_POINT('Origin',(2.46687041564792,13.6135696821516,10.5403178484108));
#3034=CARTESIAN_POINT('',(2.46687041564792,13.6135696821516,10.5403178484108));
#3035=CARTESIAN_POINT('Origin',(9.77249388753056,13.6135696821516,10.5403178484108));
#3036=CARTESIAN_POINT('',(9.77249388753056,13.6135696821516,10.5403178484108));
#3037=CARTESIAN_POINT('Origin',(9.77249388753056,13.6135696821516,10.5403178484108));
#3038=CARTESIAN_POINT('Origin',(9.77249388753056,13.6135696821516,10.5403178484108));
#3039=CARTESIAN_POINT('',(9.77249388753056,13.6135696821516,2.61855745721271));
#3040=CARTESIAN_POINT('',(9.77249388753056,9.56466992665038,2.61855745721271));
#3041=CARTESIAN_POINT('Origin',(9.77249388753056,13.6135696821516,10.5403178484108));
#3042=CARTESIAN_POINT('',(2.46687041564792,13.6135696821516,2.61855745721271));
#3043=CARTESIAN_POINT('Origin',(2.46687041564792,13.6135696821516,10.5403178484108));
#3044=CARTESIAN_POINT('',(2.46687041564792,9.56466992665038,2.61855745721271));
#3045=CARTESIAN_POINT('Origin',(9.77249388753056,9.56466992665038,10.5403178484108));
#3046=CARTESIAN_POINT('Origin',(7.13190709046455,11.589119804401,-15.8655501222494));
#3047=CARTESIAN_POINT('',(5.23948655256724,11.589119804401,-15.8655501222494));
#3048=CARTESIAN_POINT('',(5.23948655256724,11.589119804401,-15.8655501222494));
#3049=CARTESIAN_POINT('Origin',(7.13190709046455,11.589119804401,-15.8655501222494));
#3050=CARTESIAN_POINT('Origin',(7.13190709046455,11.589119804401,-15.8655501222494));
#3051=UNCERTAINTY_MEASURE_WITH_UNIT(LENGTH_MEASURE(0.01),#3055,
'DISTANCE_ACCURACY_VALUE',
'Maximum model space distance between geometric entities at asserted c
onnectivities');
#3052=UNCERTAINTY_MEASURE_WITH_UNIT(LENGTH_MEASURE(0.01),#3055,
'DISTANCE_ACCURACY_VALUE',
'Maximum model space distance between geometric entities at asserted c
onnectivities');
#3053=(
GEOMETRIC_REPRESENTATION_CONTEXT(3)
GLOBAL_UNCERTAINTY_ASSIGNED_CONTEXT((#3051))
GLOBAL_UNIT_ASSIGNED_CONTEXT((#3055,#3057,#3058))
REPRESENTATION_CONTEXT('','3D')
);
#3054=(
GEOMETRIC_REPRESENTATION_CONTEXT(3)
GLOBAL_UNCERTAINTY_ASSIGNED_CONTEXT((#3052))
GLOBAL_UNIT_ASSIGNED_CONTEXT((#3055,#3057,#3058))
REPRESENTATION_CONTEXT('','3D')
);
#3055=(
LENGTH_UNIT()
NAMED_UNIT(*)
SI_UNIT(.MILLI.,.METRE.)
);
#3056=(
LENGTH_UNIT()
NAMED_UNIT(*)
SI_UNIT($,.METRE.)
);
#3057=(
NAMED_UNIT(*)
PLANE_ANGLE_UNIT()
SI_UNIT($,.RADIAN.)
);
#3058=(
NAMED_UNIT(*)
SI_UNIT($,.STERADIAN.)
SOLID_ANGLE_UNIT()
);
#3059=SHAPE_DEFINITION_REPRESENTATION(#3060,#3061);
#3060=PRODUCT_DEFINITION_SHAPE('',$,#3063);
#3061=SHAPE_REPRESENTATION('',(#1729),#3053);
#3062=PRODUCT_DEFINITION_CONTEXT('part definition',#3067,'design');
#3063=PRODUCT_DEFINITION('ELP USB Camera','ELP USB Camera v1',#3064,#3062);
#3064=PRODUCT_DEFINITION_FORMATION('',$,#3069);
#3065=PRODUCT_RELATED_PRODUCT_CATEGORY('ELP USB Camera v1',
'ELP USB Camera v1',(#3069));
#3066=APPLICATION_PROTOCOL_DEFINITION('international standard',
'ap242_managed_model_based_3d_engineering',2011,#3067);
#3067=APPLICATION_CONTEXT('Managed model based 3d engineering');
#3068=PRODUCT_CONTEXT('part definition',#3067,'mechanical');
#3069=PRODUCT('ELP USB Camera','ELP USB Camera v1',$,(#3068));
#3070=PRESENTATION_STYLE_ASSIGNMENT((#3074));
#3071=PRESENTATION_STYLE_ASSIGNMENT((#3075));
#3072=PRESENTATION_STYLE_ASSIGNMENT((#3076));
#3073=PRESENTATION_STYLE_ASSIGNMENT((#3077));
#3074=SURFACE_STYLE_USAGE(.BOTH.,#3078);
#3075=SURFACE_STYLE_USAGE(.BOTH.,#3079);
#3076=SURFACE_STYLE_USAGE(.BOTH.,#3080);
#3077=SURFACE_STYLE_USAGE(.BOTH.,#3081);
#3078=SURFACE_SIDE_STYLE('',(#3082));
#3079=SURFACE_SIDE_STYLE('',(#3083));
#3080=SURFACE_SIDE_STYLE('',(#3084));
#3081=SURFACE_SIDE_STYLE('',(#3085));
#3082=SURFACE_STYLE_FILL_AREA(#3086);
#3083=SURFACE_STYLE_FILL_AREA(#3087);
#3084=SURFACE_STYLE_FILL_AREA(#3088);
#3085=SURFACE_STYLE_FILL_AREA(#3089);
#3086=FILL_AREA_STYLE('\X2\94A2\X0\ - \X2\7F0E5149\X0\',(#3090));
#3087=FILL_AREA_STYLE('Opaque(203,210,239)',(#3091));
#3088=FILL_AREA_STYLE('Opaque(240,245,247)',(#3092));
#3089=FILL_AREA_STYLE('Opaque(76,76,76)',(#3093));
#3090=FILL_AREA_STYLE_COLOUR('\X2\94A2\X0\ - \X2\7F0E5149\X0\',#3094);
#3091=FILL_AREA_STYLE_COLOUR('Opaque(203,210,239)',#3095);
#3092=FILL_AREA_STYLE_COLOUR('Opaque(240,245,247)',#3096);
#3093=FILL_AREA_STYLE_COLOUR('Opaque(76,76,76)',#3097);
#3094=COLOUR_RGB('\X2\94A2\X0\ - \X2\7F0E5149\X0\',0.627450980392157,0.627450980392157,
0.627450980392157);
#3095=COLOUR_RGB('Opaque(203,210,239)',0.796078431372549,0.823529411764706,
0.937254901960784);
#3096=COLOUR_RGB('Opaque(240,245,247)',0.941176470588235,0.96078431372549,
0.968627450980392);
#3097=COLOUR_RGB('Opaque(76,76,76)',0.298039215686275,0.298039215686275,
0.298039215686275);
ENDSEC;
END-ISO-10303-21;
