ISO-10303-21;
HEADER;
/* Generated by software containing ST-Developer
 * from STEP Tools, Inc. (www.steptools.com) 
 */

FILE_DESCRIPTION(
/* description */ ('',
'CAx-IF Rec.Pracs.---Representation and Presentation of Product Manufa
cturing Information (PMI)---4.0---2014-10-13'),
/* implementation_level */ '2;1');

FILE_NAME(
/* name */ '',
/* time_stamp */ '2025-01-02T20:19:38+08:00',
/* author */ (''),
/* organization */ (''),
/* preprocessor_version */ 'ST-DEVELOPER v20',
/* originating_system */ 'Autodesk Translation Framework v13.20.0.188',

/* authorisation */ '');

FILE_SCHEMA (('AP242_MANAGED_MODEL_BASED_3D_ENGINEERING_MIM_LF { 1 0 10303 442 1 1 4 }'));
ENDSEC;

DATA;
#10=MECHANICAL_DESIGN_GEOMETRIC_PRESENTATION_REPRESENTATION('',(#13),#2157);
#11=SHAPE_REPRESENTATION_RELATIONSHIP('SRR','None',#2164,#12);
#12=ADVANCED_BREP_SHAPE_REPRESENTATION('',(#14),#2156);
#13=STYLED_ITEM('',(#2173),#14);
#14=MANIFOLD_SOLID_BREP('\X2\5B9E4F53\X0\1',#1313);
#15=CONICAL_SURFACE('',#1390,1.55,0.785398163397451);
#16=CONICAL_SURFACE('',#1399,1.55,0.785398163397446);
#17=CONICAL_SURFACE('',#1403,1.55,0.785398163397451);
#18=CONICAL_SURFACE('',#1407,1.55,0.785398163397448);
#19=CONICAL_SURFACE('',#1410,1.55,0.785398163397448);
#20=CONICAL_SURFACE('',#1413,1.55,0.785398163397448);
#21=(
BOUNDED_CURVE()
B_SPLINE_CURVE(2,(#1950,#1951,#1952),.UNSPECIFIED.,.F.,.F.)
B_SPLINE_CURVE_WITH_KNOTS((3,3),(0.,0.454037443389871),.UNSPECIFIED.)
CURVE()
GEOMETRIC_REPRESENTATION_ITEM()
RATIONAL_B_SPLINE_CURVE((1.,1.,1.))
REPRESENTATION_ITEM('')
);
#22=(
BOUNDED_CURVE()
B_SPLINE_CURVE(2,(#2049,#2050,#2051),.UNSPECIFIED.,.F.,.F.)
B_SPLINE_CURVE_WITH_KNOTS((3,3),(0.,0.454037443389897),.UNSPECIFIED.)
CURVE()
GEOMETRIC_REPRESENTATION_ITEM()
RATIONAL_B_SPLINE_CURVE((1.,1.,1.))
REPRESENTATION_ITEM('')
);
#23=FACE_BOUND('',#157,.T.);
#24=FACE_BOUND('',#163,.T.);
#25=FACE_BOUND('',#166,.T.);
#26=FACE_BOUND('',#171,.T.);
#27=FACE_BOUND('',#185,.T.);
#28=FACE_BOUND('',#186,.T.);
#29=FACE_BOUND('',#188,.T.);
#30=FACE_BOUND('',#189,.T.);
#31=FACE_BOUND('',#190,.T.);
#32=FACE_BOUND('',#204,.T.);
#33=FACE_BOUND('',#205,.T.);
#34=FACE_BOUND('',#221,.T.);
#35=FACE_BOUND('',#222,.T.);
#36=FACE_BOUND('',#223,.T.);
#37=PLANE('',#1338);
#38=PLANE('',#1339);
#39=PLANE('',#1340);
#40=PLANE('',#1341);
#41=PLANE('',#1342);
#42=PLANE('',#1348);
#43=PLANE('',#1349);
#44=PLANE('',#1350);
#45=PLANE('',#1351);
#46=PLANE('',#1352);
#47=PLANE('',#1353);
#48=PLANE('',#1354);
#49=PLANE('',#1355);
#50=PLANE('',#1356);
#51=PLANE('',#1357);
#52=PLANE('',#1358);
#53=PLANE('',#1359);
#54=PLANE('',#1360);
#55=PLANE('',#1361);
#56=PLANE('',#1362);
#57=PLANE('',#1363);
#58=PLANE('',#1364);
#59=PLANE('',#1365);
#60=PLANE('',#1366);
#61=PLANE('',#1367);
#62=PLANE('',#1368);
#63=PLANE('',#1369);
#64=PLANE('',#1370);
#65=PLANE('',#1375);
#66=PLANE('',#1379);
#67=PLANE('',#1380);
#68=PLANE('',#1381);
#69=PLANE('',#1382);
#70=PLANE('',#1383);
#71=PLANE('',#1384);
#72=PLANE('',#1385);
#73=PLANE('',#1386);
#74=PLANE('',#1387);
#75=PLANE('',#1388);
#76=PLANE('',#1389);
#77=PLANE('',#1393);
#78=PLANE('',#1416);
#79=PLANE('',#1417);
#80=PLANE('',#1418);
#81=PLANE('',#1419);
#82=PLANE('',#1420);
#83=PLANE('',#1421);
#84=PLANE('',#1422);
#85=FACE_OUTER_BOUND('',#149,.T.);
#86=FACE_OUTER_BOUND('',#150,.T.);
#87=FACE_OUTER_BOUND('',#151,.T.);
#88=FACE_OUTER_BOUND('',#152,.T.);
#89=FACE_OUTER_BOUND('',#153,.T.);
#90=FACE_OUTER_BOUND('',#154,.T.);
#91=FACE_OUTER_BOUND('',#155,.T.);
#92=FACE_OUTER_BOUND('',#156,.T.);
#93=FACE_OUTER_BOUND('',#158,.T.);
#94=FACE_OUTER_BOUND('',#159,.T.);
#95=FACE_OUTER_BOUND('',#160,.T.);
#96=FACE_OUTER_BOUND('',#161,.T.);
#97=FACE_OUTER_BOUND('',#162,.T.);
#98=FACE_OUTER_BOUND('',#164,.T.);
#99=FACE_OUTER_BOUND('',#165,.T.);
#100=FACE_OUTER_BOUND('',#167,.T.);
#101=FACE_OUTER_BOUND('',#168,.T.);
#102=FACE_OUTER_BOUND('',#169,.T.);
#103=FACE_OUTER_BOUND('',#170,.T.);
#104=FACE_OUTER_BOUND('',#172,.T.);
#105=FACE_OUTER_BOUND('',#173,.T.);
#106=FACE_OUTER_BOUND('',#174,.T.);
#107=FACE_OUTER_BOUND('',#175,.T.);
#108=FACE_OUTER_BOUND('',#176,.T.);
#109=FACE_OUTER_BOUND('',#177,.T.);
#110=FACE_OUTER_BOUND('',#178,.T.);
#111=FACE_OUTER_BOUND('',#179,.T.);
#112=FACE_OUTER_BOUND('',#180,.T.);
#113=FACE_OUTER_BOUND('',#181,.T.);
#114=FACE_OUTER_BOUND('',#182,.T.);
#115=FACE_OUTER_BOUND('',#183,.T.);
#116=FACE_OUTER_BOUND('',#184,.T.);
#117=FACE_OUTER_BOUND('',#187,.T.);
#118=FACE_OUTER_BOUND('',#191,.T.);
#119=FACE_OUTER_BOUND('',#192,.T.);
#120=FACE_OUTER_BOUND('',#193,.T.);
#121=FACE_OUTER_BOUND('',#194,.T.);
#122=FACE_OUTER_BOUND('',#195,.T.);
#123=FACE_OUTER_BOUND('',#196,.T.);
#124=FACE_OUTER_BOUND('',#197,.T.);
#125=FACE_OUTER_BOUND('',#198,.T.);
#126=FACE_OUTER_BOUND('',#199,.T.);
#127=FACE_OUTER_BOUND('',#200,.T.);
#128=FACE_OUTER_BOUND('',#201,.T.);
#129=FACE_OUTER_BOUND('',#202,.T.);
#130=FACE_OUTER_BOUND('',#203,.T.);
#131=FACE_OUTER_BOUND('',#206,.T.);
#132=FACE_OUTER_BOUND('',#207,.T.);
#133=FACE_OUTER_BOUND('',#208,.T.);
#134=FACE_OUTER_BOUND('',#209,.T.);
#135=FACE_OUTER_BOUND('',#210,.T.);
#136=FACE_OUTER_BOUND('',#211,.T.);
#137=FACE_OUTER_BOUND('',#212,.T.);
#138=FACE_OUTER_BOUND('',#213,.T.);
#139=FACE_OUTER_BOUND('',#214,.T.);
#140=FACE_OUTER_BOUND('',#215,.T.);
#141=FACE_OUTER_BOUND('',#216,.T.);
#142=FACE_OUTER_BOUND('',#217,.T.);
#143=FACE_OUTER_BOUND('',#218,.T.);
#144=FACE_OUTER_BOUND('',#219,.T.);
#145=FACE_OUTER_BOUND('',#220,.T.);
#146=FACE_OUTER_BOUND('',#224,.T.);
#147=FACE_OUTER_BOUND('',#225,.T.);
#148=FACE_OUTER_BOUND('',#226,.T.);
#149=EDGE_LOOP('',(#867,#868,#869,#870,#871,#872,#873));
#150=EDGE_LOOP('',(#874,#875,#876,#877));
#151=EDGE_LOOP('',(#878,#879,#880,#881,#882,#883,#884));
#152=EDGE_LOOP('',(#885,#886,#887,#888));
#153=EDGE_LOOP('',(#889,#890,#891,#892));
#154=EDGE_LOOP('',(#893,#894,#895,#896));
#155=EDGE_LOOP('',(#897,#898,#899,#900));
#156=EDGE_LOOP('',(#901,#902,#903,#904,#905,#906,#907,#908));
#157=EDGE_LOOP('',(#909,#910,#911,#912));
#158=EDGE_LOOP('',(#913,#914,#915,#916,#917,#918));
#159=EDGE_LOOP('',(#919,#920,#921,#922,#923,#924,#925));
#160=EDGE_LOOP('',(#926,#927,#928,#929));
#161=EDGE_LOOP('',(#930,#931,#932,#933,#934));
#162=EDGE_LOOP('',(#935,#936,#937,#938));
#163=EDGE_LOOP('',(#939,#940,#941,#942,#943,#944,#945,#946));
#164=EDGE_LOOP('',(#947,#948,#949,#950));
#165=EDGE_LOOP('',(#951,#952,#953,#954));
#166=EDGE_LOOP('',(#955));
#167=EDGE_LOOP('',(#956,#957,#958,#959,#960));
#168=EDGE_LOOP('',(#961,#962,#963,#964,#965,#966,#967,#968));
#169=EDGE_LOOP('',(#969,#970,#971,#972));
#170=EDGE_LOOP('',(#973,#974,#975,#976));
#171=EDGE_LOOP('',(#977,#978,#979,#980));
#172=EDGE_LOOP('',(#981,#982,#983,#984));
#173=EDGE_LOOP('',(#985,#986,#987,#988));
#174=EDGE_LOOP('',(#989,#990,#991,#992,#993,#994,#995,#996));
#175=EDGE_LOOP('',(#997,#998,#999));
#176=EDGE_LOOP('',(#1000,#1001,#1002));
#177=EDGE_LOOP('',(#1003,#1004,#1005,#1006));
#178=EDGE_LOOP('',(#1007,#1008,#1009,#1010));
#179=EDGE_LOOP('',(#1011,#1012,#1013,#1014,#1015,#1016,#1017));
#180=EDGE_LOOP('',(#1018,#1019,#1020,#1021,#1022,#1023,#1024,#1025,#1026,
#1027,#1028,#1029));
#181=EDGE_LOOP('',(#1030,#1031,#1032,#1033));
#182=EDGE_LOOP('',(#1034,#1035,#1036,#1037,#1038,#1039));
#183=EDGE_LOOP('',(#1040,#1041,#1042,#1043,#1044,#1045));
#184=EDGE_LOOP('',(#1046,#1047,#1048,#1049,#1050,#1051,#1052,#1053,#1054,
#1055,#1056));
#185=EDGE_LOOP('',(#1057));
#186=EDGE_LOOP('',(#1058));
#187=EDGE_LOOP('',(#1059,#1060,#1061,#1062,#1063));
#188=EDGE_LOOP('',(#1064));
#189=EDGE_LOOP('',(#1065));
#190=EDGE_LOOP('',(#1066));
#191=EDGE_LOOP('',(#1067,#1068,#1069,#1070));
#192=EDGE_LOOP('',(#1071,#1072,#1073,#1074,#1075,#1076,#1077,#1078));
#193=EDGE_LOOP('',(#1079,#1080,#1081,#1082));
#194=EDGE_LOOP('',(#1083,#1084,#1085,#1086,#1087,#1088));
#195=EDGE_LOOP('',(#1089,#1090,#1091,#1092));
#196=EDGE_LOOP('',(#1093,#1094,#1095,#1096,#1097,#1098,#1099));
#197=EDGE_LOOP('',(#1100,#1101,#1102,#1103,#1104,#1105));
#198=EDGE_LOOP('',(#1106,#1107,#1108,#1109,#1110));
#199=EDGE_LOOP('',(#1111,#1112,#1113,#1114,#1115));
#200=EDGE_LOOP('',(#1116,#1117,#1118,#1119,#1120,#1121,#1122,#1123));
#201=EDGE_LOOP('',(#1124,#1125,#1126,#1127,#1128));
#202=EDGE_LOOP('',(#1129,#1130,#1131,#1132));
#203=EDGE_LOOP('',(#1133,#1134,#1135,#1136,#1137,#1138,#1139,#1140,#1141,
#1142,#1143));
#204=EDGE_LOOP('',(#1144));
#205=EDGE_LOOP('',(#1145));
#206=EDGE_LOOP('',(#1146,#1147,#1148,#1149));
#207=EDGE_LOOP('',(#1150,#1151,#1152,#1153,#1154,#1155));
#208=EDGE_LOOP('',(#1156,#1157,#1158,#1159));
#209=EDGE_LOOP('',(#1160,#1161,#1162,#1163));
#210=EDGE_LOOP('',(#1164,#1165,#1166,#1167));
#211=EDGE_LOOP('',(#1168,#1169,#1170,#1171));
#212=EDGE_LOOP('',(#1172,#1173,#1174,#1175));
#213=EDGE_LOOP('',(#1176,#1177,#1178,#1179,#1180,#1181));
#214=EDGE_LOOP('',(#1182,#1183,#1184,#1185));
#215=EDGE_LOOP('',(#1186,#1187,#1188,#1189));
#216=EDGE_LOOP('',(#1190,#1191,#1192,#1193));
#217=EDGE_LOOP('',(#1194,#1195,#1196,#1197,#1198,#1199,#1200,#1201,#1202,
#1203,#1204,#1205));
#218=EDGE_LOOP('',(#1206,#1207,#1208,#1209,#1210));
#219=EDGE_LOOP('',(#1211,#1212,#1213,#1214));
#220=EDGE_LOOP('',(#1215,#1216,#1217,#1218,#1219));
#221=EDGE_LOOP('',(#1220));
#222=EDGE_LOOP('',(#1221));
#223=EDGE_LOOP('',(#1222));
#224=EDGE_LOOP('',(#1223,#1224,#1225,#1226));
#225=EDGE_LOOP('',(#1227,#1228,#1229,#1230,#1231,#1232));
#226=EDGE_LOOP('',(#1233,#1234,#1235,#1236,#1237,#1238));
#227=B_SPLINE_CURVE_WITH_KNOTS('',3,(#1777,#1778,#1779,#1780,#1781,#1782,
#1783,#1784),.UNSPECIFIED.,.F.,.F.,(4,2,2,4),(0.,0.425668161167077,0.723053339304168,
1.0302679832566),.UNSPECIFIED.);
#228=B_SPLINE_CURVE_WITH_KNOTS('',3,(#1795,#1796,#1797,#1798,#1799,#1800),
 .UNSPECIFIED.,.F.,.F.,(4,2,4),(0.,0.434819973273623,1.02145858807775),
 .UNSPECIFIED.);
#229=CIRCLE('',#1329,15.);
#230=CIRCLE('',#1331,15.);
#231=CIRCLE('',#1335,15.);
#232=CIRCLE('',#1337,15.);
#233=CIRCLE('',#1345,10.5000000149012);
#234=CIRCLE('',#1346,10.5000000149012);
#235=CIRCLE('',#1347,10.5000000149012);
#236=CIRCLE('',#1371,2.05);
#237=CIRCLE('',#1372,2.05);
#238=CIRCLE('',#1373,2.05);
#239=CIRCLE('',#1374,2.05);
#240=CIRCLE('',#1376,1.05);
#241=CIRCLE('',#1377,1.05);
#242=CIRCLE('',#1378,1.05);
#243=CIRCLE('',#1391,2.05);
#244=CIRCLE('',#1392,1.05);
#245=CIRCLE('',#1394,2.05);
#246=CIRCLE('',#1395,2.05);
#247=CIRCLE('',#1396,2.05);
#248=CIRCLE('',#1398,1.05);
#249=CIRCLE('',#1400,1.05);
#250=CIRCLE('',#1402,1.05);
#251=CIRCLE('',#1404,1.05);
#252=CIRCLE('',#1406,1.05);
#253=CIRCLE('',#1408,1.05);
#254=CIRCLE('',#1411,1.05);
#255=CIRCLE('',#1414,1.05);
#256=LINE('',#1773,#406);
#257=LINE('',#1786,#407);
#258=LINE('',#1792,#408);
#259=LINE('',#1794,#409);
#260=LINE('',#1809,#410);
#261=LINE('',#1812,#411);
#262=LINE('',#1814,#412);
#263=LINE('',#1816,#413);
#264=LINE('',#1818,#414);
#265=LINE('',#1819,#415);
#266=LINE('',#1821,#416);
#267=LINE('',#1823,#417);
#268=LINE('',#1825,#418);
#269=LINE('',#1831,#419);
#270=LINE('',#1832,#420);
#271=LINE('',#1834,#421);
#272=LINE('',#1835,#422);
#273=LINE('',#1838,#423);
#274=LINE('',#1840,#424);
#275=LINE('',#1842,#425);
#276=LINE('',#1843,#426);
#277=LINE('',#1848,#427);
#278=LINE('',#1853,#428);
#279=LINE('',#1855,#429);
#280=LINE('',#1856,#430);
#281=LINE('',#1859,#431);
#282=LINE('',#1861,#432);
#283=LINE('',#1862,#433);
#284=LINE('',#1865,#434);
#285=LINE('',#1867,#435);
#286=LINE('',#1868,#436);
#287=LINE('',#1872,#437);
#288=LINE('',#1874,#438);
#289=LINE('',#1876,#439);
#290=LINE('',#1877,#440);
#291=LINE('',#1880,#441);
#292=LINE('',#1882,#442);
#293=LINE('',#1884,#443);
#294=LINE('',#1886,#444);
#295=LINE('',#1888,#445);
#296=LINE('',#1890,#446);
#297=LINE('',#1892,#447);
#298=LINE('',#1893,#448);
#299=LINE('',#1896,#449);
#300=LINE('',#1898,#450);
#301=LINE('',#1899,#451);
#302=LINE('',#1902,#452);
#303=LINE('',#1903,#453);
#304=LINE('',#1906,#454);
#305=LINE('',#1907,#455);
#306=LINE('',#1910,#456);
#307=LINE('',#1913,#457);
#308=LINE('',#1915,#458);
#309=LINE('',#1916,#459);
#310=LINE('',#1918,#460);
#311=LINE('',#1920,#461);
#312=LINE('',#1923,#462);
#313=LINE('',#1925,#463);
#314=LINE('',#1926,#464);
#315=LINE('',#1928,#465);
#316=LINE('',#1930,#466);
#317=LINE('',#1934,#467);
#318=LINE('',#1936,#468);
#319=LINE('',#1938,#469);
#320=LINE('',#1939,#470);
#321=LINE('',#1942,#471);
#322=LINE('',#1944,#472);
#323=LINE('',#1946,#473);
#324=LINE('',#1948,#474);
#325=LINE('',#1953,#475);
#326=LINE('',#1956,#476);
#327=LINE('',#1958,#477);
#328=LINE('',#1960,#478);
#329=LINE('',#1962,#479);
#330=LINE('',#1963,#480);
#331=LINE('',#1965,#481);
#332=LINE('',#1967,#482);
#333=LINE('',#1969,#483);
#334=LINE('',#1970,#484);
#335=LINE('',#1973,#485);
#336=LINE('',#1975,#486);
#337=LINE('',#1976,#487);
#338=LINE('',#1979,#488);
#339=LINE('',#1981,#489);
#340=LINE('',#1982,#490);
#341=LINE('',#1985,#491);
#342=LINE('',#1987,#492);
#343=LINE('',#1988,#493);
#344=LINE('',#1994,#494);
#345=LINE('',#1996,#495);
#346=LINE('',#1998,#496);
#347=LINE('',#2000,#497);
#348=LINE('',#2001,#498);
#349=LINE('',#2008,#499);
#350=LINE('',#2010,#500);
#351=LINE('',#2012,#501);
#352=LINE('',#2013,#502);
#353=LINE('',#2022,#503);
#354=LINE('',#2023,#504);
#355=LINE('',#2026,#505);
#356=LINE('',#2027,#506);
#357=LINE('',#2029,#507);
#358=LINE('',#2030,#508);
#359=LINE('',#2033,#509);
#360=LINE('',#2034,#510);
#361=LINE('',#2037,#511);
#362=LINE('',#2039,#512);
#363=LINE('',#2040,#513);
#364=LINE('',#2043,#514);
#365=LINE('',#2044,#515);
#366=LINE('',#2047,#516);
#367=LINE('',#2052,#517);
#368=LINE('',#2055,#518);
#369=LINE('',#2057,#519);
#370=LINE('',#2058,#520);
#371=LINE('',#2061,#521);
#372=LINE('',#2063,#522);
#373=LINE('',#2064,#523);
#374=LINE('',#2067,#524);
#375=LINE('',#2069,#525);
#376=LINE('',#2071,#526);
#377=LINE('',#2072,#527);
#378=LINE('',#2075,#528);
#379=LINE('',#2077,#529);
#380=LINE('',#2078,#530);
#381=LINE('',#2079,#531);
#382=LINE('',#2081,#532);
#383=LINE('',#2086,#533);
#384=LINE('',#2089,#534);
#385=LINE('',#2098,#535);
#386=LINE('',#2101,#536);
#387=LINE('',#2106,#537);
#388=LINE('',#2109,#538);
#389=LINE('',#2114,#539);
#390=LINE('',#2117,#540);
#391=LINE('',#2120,#541);
#392=LINE('',#2123,#542);
#393=LINE('',#2126,#543);
#394=LINE('',#2129,#544);
#395=LINE('',#2132,#545);
#396=LINE('',#2135,#546);
#397=LINE('',#2137,#547);
#398=LINE('',#2139,#548);
#399=LINE('',#2140,#549);
#400=LINE('',#2142,#550);
#401=LINE('',#2143,#551);
#402=LINE('',#2145,#552);
#403=LINE('',#2147,#553);
#404=LINE('',#2149,#554);
#405=LINE('',#2151,#555);
#406=VECTOR('',#1429,10.);
#407=VECTOR('',#1432,10.);
#408=VECTOR('',#1439,10.);
#409=VECTOR('',#1440,15.);
#410=VECTOR('',#1449,10.);
#411=VECTOR('',#1452,10.);
#412=VECTOR('',#1455,10.);
#413=VECTOR('',#1456,10.);
#414=VECTOR('',#1457,10.);
#415=VECTOR('',#1458,10.);
#416=VECTOR('',#1461,10.);
#417=VECTOR('',#1464,10.);
#418=VECTOR('',#1467,10.);
#419=VECTOR('',#1472,10.);
#420=VECTOR('',#1473,10.);
#421=VECTOR('',#1474,10.);
#422=VECTOR('',#1475,10.);
#423=VECTOR('',#1476,10.);
#424=VECTOR('',#1477,10.);
#425=VECTOR('',#1478,10.);
#426=VECTOR('',#1479,10.);
#427=VECTOR('',#1484,10.5000000149012);
#428=VECTOR('',#1491,10.);
#429=VECTOR('',#1492,10.);
#430=VECTOR('',#1493,10.);
#431=VECTOR('',#1496,10.);
#432=VECTOR('',#1497,10.);
#433=VECTOR('',#1498,10.);
#434=VECTOR('',#1501,10.);
#435=VECTOR('',#1502,10.);
#436=VECTOR('',#1503,10.);
#437=VECTOR('',#1506,10.);
#438=VECTOR('',#1507,10.);
#439=VECTOR('',#1508,10.);
#440=VECTOR('',#1509,10.);
#441=VECTOR('',#1510,10.);
#442=VECTOR('',#1511,10.);
#443=VECTOR('',#1512,10.);
#444=VECTOR('',#1513,10.);
#445=VECTOR('',#1514,10.);
#446=VECTOR('',#1515,10.);
#447=VECTOR('',#1516,10.);
#448=VECTOR('',#1517,10.);
#449=VECTOR('',#1520,10.);
#450=VECTOR('',#1521,10.);
#451=VECTOR('',#1522,10.);
#452=VECTOR('',#1525,10.);
#453=VECTOR('',#1526,10.);
#454=VECTOR('',#1529,10.);
#455=VECTOR('',#1530,10.);
#456=VECTOR('',#1535,10.);
#457=VECTOR('',#1538,10.);
#458=VECTOR('',#1539,10.);
#459=VECTOR('',#1540,10.);
#460=VECTOR('',#1543,10.);
#461=VECTOR('',#1546,10.);
#462=VECTOR('',#1549,10.);
#463=VECTOR('',#1550,10.);
#464=VECTOR('',#1551,10.);
#465=VECTOR('',#1554,10.);
#466=VECTOR('',#1557,10.);
#467=VECTOR('',#1562,10.);
#468=VECTOR('',#1563,10.);
#469=VECTOR('',#1564,10.);
#470=VECTOR('',#1565,10.);
#471=VECTOR('',#1568,10.);
#472=VECTOR('',#1569,10.);
#473=VECTOR('',#1570,10.);
#474=VECTOR('',#1571,10.);
#475=VECTOR('',#1572,10.);
#476=VECTOR('',#1575,10.);
#477=VECTOR('',#1576,10.);
#478=VECTOR('',#1577,10.);
#479=VECTOR('',#1578,10.);
#480=VECTOR('',#1579,10.);
#481=VECTOR('',#1580,10.);
#482=VECTOR('',#1581,10.);
#483=VECTOR('',#1582,10.);
#484=VECTOR('',#1583,10.);
#485=VECTOR('',#1586,10.);
#486=VECTOR('',#1587,10.);
#487=VECTOR('',#1588,10.);
#488=VECTOR('',#1591,10.);
#489=VECTOR('',#1592,10.);
#490=VECTOR('',#1593,10.);
#491=VECTOR('',#1596,10.);
#492=VECTOR('',#1597,10.);
#493=VECTOR('',#1598,10.);
#494=VECTOR('',#1605,10.);
#495=VECTOR('',#1606,10.);
#496=VECTOR('',#1607,10.);
#497=VECTOR('',#1608,10.);
#498=VECTOR('',#1609,10.);
#499=VECTOR('',#1616,10.);
#500=VECTOR('',#1617,10.);
#501=VECTOR('',#1618,10.);
#502=VECTOR('',#1619,10.);
#503=VECTOR('',#1628,10.);
#504=VECTOR('',#1629,10.);
#505=VECTOR('',#1632,10.);
#506=VECTOR('',#1633,10.);
#507=VECTOR('',#1634,10.);
#508=VECTOR('',#1635,10.);
#509=VECTOR('',#1638,10.);
#510=VECTOR('',#1639,10.);
#511=VECTOR('',#1642,10.);
#512=VECTOR('',#1643,10.);
#513=VECTOR('',#1644,10.);
#514=VECTOR('',#1647,10.);
#515=VECTOR('',#1648,10.);
#516=VECTOR('',#1651,10.);
#517=VECTOR('',#1652,10.);
#518=VECTOR('',#1655,10.);
#519=VECTOR('',#1656,10.);
#520=VECTOR('',#1657,10.);
#521=VECTOR('',#1660,10.);
#522=VECTOR('',#1661,10.);
#523=VECTOR('',#1662,10.);
#524=VECTOR('',#1665,10.);
#525=VECTOR('',#1666,10.);
#526=VECTOR('',#1667,10.);
#527=VECTOR('',#1668,10.);
#528=VECTOR('',#1671,10.);
#529=VECTOR('',#1672,10.);
#530=VECTOR('',#1673,10.);
#531=VECTOR('',#1674,10.);
#532=VECTOR('',#1677,10.);
#533=VECTOR('',#1682,1.55);
#534=VECTOR('',#1687,10.);
#535=VECTOR('',#1698,1.05);
#536=VECTOR('',#1701,1.55);
#537=VECTOR('',#1708,1.05);
#538=VECTOR('',#1711,1.55);
#539=VECTOR('',#1718,1.05);
#540=VECTOR('',#1721,1.55);
#541=VECTOR('',#1726,1.05);
#542=VECTOR('',#1729,1.55);
#543=VECTOR('',#1734,1.05);
#544=VECTOR('',#1737,1.55);
#545=VECTOR('',#1742,1.05);
#546=VECTOR('',#1745,10.);
#547=VECTOR('',#1746,10.);
#548=VECTOR('',#1747,10.);
#549=VECTOR('',#1748,10.);
#550=VECTOR('',#1749,10.);
#551=VECTOR('',#1750,10.);
#552=VECTOR('',#1753,10.);
#553=VECTOR('',#1756,10.);
#554=VECTOR('',#1759,10.);
#555=VECTOR('',#1762,10.);
#556=ELLIPSE('',#1328,21.1071238604614,15.);
#557=ELLIPSE('',#1330,21.2132034890619,15.);
#558=ELLIPSE('',#1334,21.1071238604614,15.);
#559=ELLIPSE('',#1336,21.2132034890619,15.);
#560=ELLIPSE('',#1343,14.9246291537918,10.5000000149012);
#561=VERTEX_POINT('',#1769);
#562=VERTEX_POINT('',#1770);
#563=VERTEX_POINT('',#1772);
#564=VERTEX_POINT('',#1774);
#565=VERTEX_POINT('',#1776);
#566=VERTEX_POINT('',#1785);
#567=VERTEX_POINT('',#1787);
#568=VERTEX_POINT('',#1791);
#569=VERTEX_POINT('',#1793);
#570=VERTEX_POINT('',#1802);
#571=VERTEX_POINT('',#1803);
#572=VERTEX_POINT('',#1805);
#573=VERTEX_POINT('',#1807);
#574=VERTEX_POINT('',#1810);
#575=VERTEX_POINT('',#1815);
#576=VERTEX_POINT('',#1817);
#577=VERTEX_POINT('',#1827);
#578=VERTEX_POINT('',#1828);
#579=VERTEX_POINT('',#1830);
#580=VERTEX_POINT('',#1833);
#581=VERTEX_POINT('',#1836);
#582=VERTEX_POINT('',#1837);
#583=VERTEX_POINT('',#1839);
#584=VERTEX_POINT('',#1841);
#585=VERTEX_POINT('',#1845);
#586=VERTEX_POINT('',#1847);
#587=VERTEX_POINT('',#1852);
#588=VERTEX_POINT('',#1854);
#589=VERTEX_POINT('',#1858);
#590=VERTEX_POINT('',#1860);
#591=VERTEX_POINT('',#1864);
#592=VERTEX_POINT('',#1866);
#593=VERTEX_POINT('',#1870);
#594=VERTEX_POINT('',#1871);
#595=VERTEX_POINT('',#1873);
#596=VERTEX_POINT('',#1875);
#597=VERTEX_POINT('',#1878);
#598=VERTEX_POINT('',#1879);
#599=VERTEX_POINT('',#1881);
#600=VERTEX_POINT('',#1883);
#601=VERTEX_POINT('',#1885);
#602=VERTEX_POINT('',#1887);
#603=VERTEX_POINT('',#1889);
#604=VERTEX_POINT('',#1891);
#605=VERTEX_POINT('',#1895);
#606=VERTEX_POINT('',#1897);
#607=VERTEX_POINT('',#1901);
#608=VERTEX_POINT('',#1905);
#609=VERTEX_POINT('',#1912);
#610=VERTEX_POINT('',#1914);
#611=VERTEX_POINT('',#1922);
#612=VERTEX_POINT('',#1924);
#613=VERTEX_POINT('',#1933);
#614=VERTEX_POINT('',#1935);
#615=VERTEX_POINT('',#1937);
#616=VERTEX_POINT('',#1941);
#617=VERTEX_POINT('',#1943);
#618=VERTEX_POINT('',#1945);
#619=VERTEX_POINT('',#1947);
#620=VERTEX_POINT('',#1949);
#621=VERTEX_POINT('',#1955);
#622=VERTEX_POINT('',#1957);
#623=VERTEX_POINT('',#1959);
#624=VERTEX_POINT('',#1961);
#625=VERTEX_POINT('',#1964);
#626=VERTEX_POINT('',#1966);
#627=VERTEX_POINT('',#1968);
#628=VERTEX_POINT('',#1972);
#629=VERTEX_POINT('',#1974);
#630=VERTEX_POINT('',#1978);
#631=VERTEX_POINT('',#1980);
#632=VERTEX_POINT('',#1984);
#633=VERTEX_POINT('',#1986);
#634=VERTEX_POINT('',#1990);
#635=VERTEX_POINT('',#1993);
#636=VERTEX_POINT('',#1995);
#637=VERTEX_POINT('',#1997);
#638=VERTEX_POINT('',#1999);
#639=VERTEX_POINT('',#2002);
#640=VERTEX_POINT('',#2004);
#641=VERTEX_POINT('',#2007);
#642=VERTEX_POINT('',#2009);
#643=VERTEX_POINT('',#2011);
#644=VERTEX_POINT('',#2014);
#645=VERTEX_POINT('',#2016);
#646=VERTEX_POINT('',#2018);
#647=VERTEX_POINT('',#2021);
#648=VERTEX_POINT('',#2025);
#649=VERTEX_POINT('',#2028);
#650=VERTEX_POINT('',#2032);
#651=VERTEX_POINT('',#2036);
#652=VERTEX_POINT('',#2038);
#653=VERTEX_POINT('',#2042);
#654=VERTEX_POINT('',#2046);
#655=VERTEX_POINT('',#2048);
#656=VERTEX_POINT('',#2054);
#657=VERTEX_POINT('',#2056);
#658=VERTEX_POINT('',#2060);
#659=VERTEX_POINT('',#2062);
#660=VERTEX_POINT('',#2066);
#661=VERTEX_POINT('',#2068);
#662=VERTEX_POINT('',#2070);
#663=VERTEX_POINT('',#2074);
#664=VERTEX_POINT('',#2076);
#665=VERTEX_POINT('',#2083);
#666=VERTEX_POINT('',#2085);
#667=VERTEX_POINT('',#2090);
#668=VERTEX_POINT('',#2093);
#669=VERTEX_POINT('',#2096);
#670=VERTEX_POINT('',#2100);
#671=VERTEX_POINT('',#2104);
#672=VERTEX_POINT('',#2108);
#673=VERTEX_POINT('',#2112);
#674=VERTEX_POINT('',#2116);
#675=VERTEX_POINT('',#2122);
#676=VERTEX_POINT('',#2128);
#677=VERTEX_POINT('',#2134);
#678=VERTEX_POINT('',#2136);
#679=VERTEX_POINT('',#2138);
#680=VERTEX_POINT('',#2141);
#681=EDGE_CURVE('',#561,#562,#556,.F.);
#682=EDGE_CURVE('',#561,#563,#256,.T.);
#683=EDGE_CURVE('',#563,#564,#229,.T.);
#684=EDGE_CURVE('',#564,#565,#227,.T.);
#685=EDGE_CURVE('',#566,#565,#257,.T.);
#686=EDGE_CURVE('',#566,#567,#557,.T.);
#687=EDGE_CURVE('',#567,#562,#230,.T.);
#688=EDGE_CURVE('',#565,#568,#258,.T.);
#689=EDGE_CURVE('',#569,#564,#259,.T.);
#690=EDGE_CURVE('',#569,#568,#228,.T.);
#691=EDGE_CURVE('',#570,#571,#558,.T.);
#692=EDGE_CURVE('',#572,#571,#231,.F.);
#693=EDGE_CURVE('',#573,#572,#559,.F.);
#694=EDGE_CURVE('',#568,#573,#260,.T.);
#695=EDGE_CURVE('',#569,#574,#232,.T.);
#696=EDGE_CURVE('',#574,#570,#261,.T.);
#697=EDGE_CURVE('',#573,#566,#262,.T.);
#698=EDGE_CURVE('',#575,#566,#263,.T.);
#699=EDGE_CURVE('',#576,#575,#264,.T.);
#700=EDGE_CURVE('',#573,#576,#265,.T.);
#701=EDGE_CURVE('',#563,#574,#266,.T.);
#702=EDGE_CURVE('',#572,#567,#267,.T.);
#703=EDGE_CURVE('',#571,#562,#268,.T.);
#704=EDGE_CURVE('',#577,#578,#560,.T.);
#705=EDGE_CURVE('',#579,#577,#269,.T.);
#706=EDGE_CURVE('',#561,#579,#270,.T.);
#707=EDGE_CURVE('',#580,#570,#271,.T.);
#708=EDGE_CURVE('',#578,#580,#272,.T.);
#709=EDGE_CURVE('',#581,#582,#273,.T.);
#710=EDGE_CURVE('',#583,#581,#274,.T.);
#711=EDGE_CURVE('',#584,#583,#275,.T.);
#712=EDGE_CURVE('',#582,#584,#276,.T.);
#713=EDGE_CURVE('',#585,#585,#233,.T.);
#714=EDGE_CURVE('',#585,#586,#277,.T.);
#715=EDGE_CURVE('',#577,#586,#234,.T.);
#716=EDGE_CURVE('',#586,#578,#235,.T.);
#717=EDGE_CURVE('',#580,#587,#278,.T.);
#718=EDGE_CURVE('',#587,#588,#279,.T.);
#719=EDGE_CURVE('',#588,#579,#280,.T.);
#720=EDGE_CURVE('',#589,#583,#281,.T.);
#721=EDGE_CURVE('',#589,#590,#282,.T.);
#722=EDGE_CURVE('',#590,#584,#283,.T.);
#723=EDGE_CURVE('',#581,#591,#284,.T.);
#724=EDGE_CURVE('',#592,#591,#285,.T.);
#725=EDGE_CURVE('',#592,#589,#286,.T.);
#726=EDGE_CURVE('',#593,#594,#287,.F.);
#727=EDGE_CURVE('',#595,#593,#288,.T.);
#728=EDGE_CURVE('',#595,#596,#289,.T.);
#729=EDGE_CURVE('',#596,#594,#290,.F.);
#730=EDGE_CURVE('',#597,#598,#291,.T.);
#731=EDGE_CURVE('',#598,#599,#292,.T.);
#732=EDGE_CURVE('',#599,#600,#293,.T.);
#733=EDGE_CURVE('',#601,#600,#294,.T.);
#734=EDGE_CURVE('',#602,#601,#295,.T.);
#735=EDGE_CURVE('',#603,#602,#296,.T.);
#736=EDGE_CURVE('',#603,#604,#297,.T.);
#737=EDGE_CURVE('',#604,#597,#298,.T.);
#738=EDGE_CURVE('',#605,#597,#299,.T.);
#739=EDGE_CURVE('',#606,#605,#300,.T.);
#740=EDGE_CURVE('',#606,#598,#301,.T.);
#741=EDGE_CURVE('',#607,#582,#302,.T.);
#742=EDGE_CURVE('',#591,#607,#303,.T.);
#743=EDGE_CURVE('',#590,#608,#304,.T.);
#744=EDGE_CURVE('',#608,#607,#305,.T.);
#745=EDGE_CURVE('',#608,#592,#306,.T.);
#746=EDGE_CURVE('',#605,#609,#307,.T.);
#747=EDGE_CURVE('',#609,#610,#308,.T.);
#748=EDGE_CURVE('',#610,#606,#309,.T.);
#749=EDGE_CURVE('',#609,#604,#310,.T.);
#750=EDGE_CURVE('',#610,#599,#311,.T.);
#751=EDGE_CURVE('',#611,#603,#312,.T.);
#752=EDGE_CURVE('',#612,#611,#313,.T.);
#753=EDGE_CURVE('',#600,#612,#314,.T.);
#754=EDGE_CURVE('',#602,#611,#315,.T.);
#755=EDGE_CURVE('',#612,#601,#316,.T.);
#756=EDGE_CURVE('',#613,#576,#317,.T.);
#757=EDGE_CURVE('',#576,#614,#318,.T.);
#758=EDGE_CURVE('',#614,#615,#319,.T.);
#759=EDGE_CURVE('',#615,#613,#320,.T.);
#760=EDGE_CURVE('',#614,#616,#321,.T.);
#761=EDGE_CURVE('',#617,#616,#322,.T.);
#762=EDGE_CURVE('',#617,#618,#323,.T.);
#763=EDGE_CURVE('',#618,#619,#324,.T.);
#764=EDGE_CURVE('',#619,#620,#21,.T.);
#765=EDGE_CURVE('',#620,#615,#325,.T.);
#766=EDGE_CURVE('',#621,#575,#326,.T.);
#767=EDGE_CURVE('',#621,#622,#327,.T.);
#768=EDGE_CURVE('',#622,#623,#328,.T.);
#769=EDGE_CURVE('',#623,#624,#329,.T.);
#770=EDGE_CURVE('',#624,#593,#330,.T.);
#771=EDGE_CURVE('',#594,#625,#331,.T.);
#772=EDGE_CURVE('',#625,#626,#332,.T.);
#773=EDGE_CURVE('',#626,#627,#333,.T.);
#774=EDGE_CURVE('',#627,#614,#334,.T.);
#775=EDGE_CURVE('',#628,#621,#335,.T.);
#776=EDGE_CURVE('',#575,#629,#336,.T.);
#777=EDGE_CURVE('',#629,#628,#337,.T.);
#778=EDGE_CURVE('',#630,#565,#338,.T.);
#779=EDGE_CURVE('',#631,#630,#339,.T.);
#780=EDGE_CURVE('',#631,#629,#340,.T.);
#781=EDGE_CURVE('',#613,#632,#341,.T.);
#782=EDGE_CURVE('',#633,#632,#342,.T.);
#783=EDGE_CURVE('',#568,#633,#343,.T.);
#784=EDGE_CURVE('',#634,#620,#236,.T.);
#785=EDGE_CURVE('',#619,#634,#237,.T.);
#786=EDGE_CURVE('',#618,#635,#344,.T.);
#787=EDGE_CURVE('',#636,#635,#345,.T.);
#788=EDGE_CURVE('',#636,#637,#346,.T.);
#789=EDGE_CURVE('',#637,#638,#347,.T.);
#790=EDGE_CURVE('',#632,#638,#348,.T.);
#791=EDGE_CURVE('',#639,#639,#238,.T.);
#792=EDGE_CURVE('',#640,#640,#239,.T.);
#793=EDGE_CURVE('',#641,#626,#349,.T.);
#794=EDGE_CURVE('',#641,#642,#350,.T.);
#795=EDGE_CURVE('',#642,#643,#351,.T.);
#796=EDGE_CURVE('',#643,#627,#352,.T.);
#797=EDGE_CURVE('',#644,#644,#240,.T.);
#798=EDGE_CURVE('',#645,#645,#241,.T.);
#799=EDGE_CURVE('',#646,#646,#242,.T.);
#800=EDGE_CURVE('',#647,#625,#353,.T.);
#801=EDGE_CURVE('',#647,#641,#354,.T.);
#802=EDGE_CURVE('',#648,#621,#355,.T.);
#803=EDGE_CURVE('',#616,#648,#356,.T.);
#804=EDGE_CURVE('',#649,#643,#357,.T.);
#805=EDGE_CURVE('',#622,#649,#358,.T.);
#806=EDGE_CURVE('',#648,#650,#359,.T.);
#807=EDGE_CURVE('',#650,#617,#360,.T.);
#808=EDGE_CURVE('',#651,#650,#361,.T.);
#809=EDGE_CURVE('',#652,#651,#362,.T.);
#810=EDGE_CURVE('',#635,#652,#363,.T.);
#811=EDGE_CURVE('',#652,#653,#364,.T.);
#812=EDGE_CURVE('',#653,#636,#365,.T.);
#813=EDGE_CURVE('',#628,#654,#366,.T.);
#814=EDGE_CURVE('',#654,#655,#22,.T.);
#815=EDGE_CURVE('',#655,#651,#367,.T.);
#816=EDGE_CURVE('',#633,#656,#368,.T.);
#817=EDGE_CURVE('',#656,#657,#369,.T.);
#818=EDGE_CURVE('',#657,#630,#370,.T.);
#819=EDGE_CURVE('',#657,#658,#371,.T.);
#820=EDGE_CURVE('',#658,#659,#372,.T.);
#821=EDGE_CURVE('',#659,#631,#373,.T.);
#822=EDGE_CURVE('',#660,#658,#374,.T.);
#823=EDGE_CURVE('',#661,#660,#375,.T.);
#824=EDGE_CURVE('',#661,#662,#376,.T.);
#825=EDGE_CURVE('',#659,#662,#377,.T.);
#826=EDGE_CURVE('',#663,#656,#378,.T.);
#827=EDGE_CURVE('',#663,#664,#379,.T.);
#828=EDGE_CURVE('',#596,#664,#380,.T.);
#829=EDGE_CURVE('',#660,#595,#381,.T.);
#830=EDGE_CURVE('',#638,#663,#382,.T.);
#831=EDGE_CURVE('',#665,#665,#243,.T.);
#832=EDGE_CURVE('',#665,#666,#383,.T.);
#833=EDGE_CURVE('',#666,#666,#244,.T.);
#834=EDGE_CURVE('',#662,#653,#384,.T.);
#835=EDGE_CURVE('',#667,#655,#245,.T.);
#836=EDGE_CURVE('',#654,#667,#246,.T.);
#837=EDGE_CURVE('',#668,#668,#247,.T.);
#838=EDGE_CURVE('',#669,#669,#248,.T.);
#839=EDGE_CURVE('',#669,#666,#385,.T.);
#840=EDGE_CURVE('',#667,#670,#386,.T.);
#841=EDGE_CURVE('',#670,#670,#249,.T.);
#842=EDGE_CURVE('',#671,#671,#250,.T.);
#843=EDGE_CURVE('',#671,#670,#387,.T.);
#844=EDGE_CURVE('',#668,#672,#388,.T.);
#845=EDGE_CURVE('',#672,#672,#251,.T.);
#846=EDGE_CURVE('',#673,#673,#252,.T.);
#847=EDGE_CURVE('',#673,#672,#389,.T.);
#848=EDGE_CURVE('',#639,#674,#390,.T.);
#849=EDGE_CURVE('',#674,#674,#253,.T.);
#850=EDGE_CURVE('',#674,#645,#391,.T.);
#851=EDGE_CURVE('',#634,#675,#392,.T.);
#852=EDGE_CURVE('',#675,#675,#254,.T.);
#853=EDGE_CURVE('',#675,#646,#393,.T.);
#854=EDGE_CURVE('',#640,#676,#394,.T.);
#855=EDGE_CURVE('',#676,#676,#255,.T.);
#856=EDGE_CURVE('',#676,#644,#395,.T.);
#857=EDGE_CURVE('',#677,#661,#396,.T.);
#858=EDGE_CURVE('',#678,#677,#397,.T.);
#859=EDGE_CURVE('',#679,#678,#398,.T.);
#860=EDGE_CURVE('',#642,#679,#399,.T.);
#861=EDGE_CURVE('',#680,#647,#400,.T.);
#862=EDGE_CURVE('',#637,#680,#401,.T.);
#863=EDGE_CURVE('',#664,#680,#402,.T.);
#864=EDGE_CURVE('',#679,#649,#403,.T.);
#865=EDGE_CURVE('',#678,#623,#404,.T.);
#866=EDGE_CURVE('',#677,#624,#405,.T.);
#867=ORIENTED_EDGE('',*,*,#681,.F.);
#868=ORIENTED_EDGE('',*,*,#682,.T.);
#869=ORIENTED_EDGE('',*,*,#683,.T.);
#870=ORIENTED_EDGE('',*,*,#684,.T.);
#871=ORIENTED_EDGE('',*,*,#685,.F.);
#872=ORIENTED_EDGE('',*,*,#686,.T.);
#873=ORIENTED_EDGE('',*,*,#687,.T.);
#874=ORIENTED_EDGE('',*,*,#688,.F.);
#875=ORIENTED_EDGE('',*,*,#684,.F.);
#876=ORIENTED_EDGE('',*,*,#689,.F.);
#877=ORIENTED_EDGE('',*,*,#690,.T.);
#878=ORIENTED_EDGE('',*,*,#691,.T.);
#879=ORIENTED_EDGE('',*,*,#692,.F.);
#880=ORIENTED_EDGE('',*,*,#693,.F.);
#881=ORIENTED_EDGE('',*,*,#694,.F.);
#882=ORIENTED_EDGE('',*,*,#690,.F.);
#883=ORIENTED_EDGE('',*,*,#695,.T.);
#884=ORIENTED_EDGE('',*,*,#696,.T.);
#885=ORIENTED_EDGE('',*,*,#697,.T.);
#886=ORIENTED_EDGE('',*,*,#698,.F.);
#887=ORIENTED_EDGE('',*,*,#699,.F.);
#888=ORIENTED_EDGE('',*,*,#700,.F.);
#889=ORIENTED_EDGE('',*,*,#689,.T.);
#890=ORIENTED_EDGE('',*,*,#683,.F.);
#891=ORIENTED_EDGE('',*,*,#701,.T.);
#892=ORIENTED_EDGE('',*,*,#695,.F.);
#893=ORIENTED_EDGE('',*,*,#702,.T.);
#894=ORIENTED_EDGE('',*,*,#686,.F.);
#895=ORIENTED_EDGE('',*,*,#697,.F.);
#896=ORIENTED_EDGE('',*,*,#693,.T.);
#897=ORIENTED_EDGE('',*,*,#702,.F.);
#898=ORIENTED_EDGE('',*,*,#692,.T.);
#899=ORIENTED_EDGE('',*,*,#703,.T.);
#900=ORIENTED_EDGE('',*,*,#687,.F.);
#901=ORIENTED_EDGE('',*,*,#704,.F.);
#902=ORIENTED_EDGE('',*,*,#705,.F.);
#903=ORIENTED_EDGE('',*,*,#706,.F.);
#904=ORIENTED_EDGE('',*,*,#681,.T.);
#905=ORIENTED_EDGE('',*,*,#703,.F.);
#906=ORIENTED_EDGE('',*,*,#691,.F.);
#907=ORIENTED_EDGE('',*,*,#707,.F.);
#908=ORIENTED_EDGE('',*,*,#708,.F.);
#909=ORIENTED_EDGE('',*,*,#709,.F.);
#910=ORIENTED_EDGE('',*,*,#710,.F.);
#911=ORIENTED_EDGE('',*,*,#711,.F.);
#912=ORIENTED_EDGE('',*,*,#712,.F.);
#913=ORIENTED_EDGE('',*,*,#713,.F.);
#914=ORIENTED_EDGE('',*,*,#714,.T.);
#915=ORIENTED_EDGE('',*,*,#715,.F.);
#916=ORIENTED_EDGE('',*,*,#704,.T.);
#917=ORIENTED_EDGE('',*,*,#716,.F.);
#918=ORIENTED_EDGE('',*,*,#714,.F.);
#919=ORIENTED_EDGE('',*,*,#705,.T.);
#920=ORIENTED_EDGE('',*,*,#715,.T.);
#921=ORIENTED_EDGE('',*,*,#716,.T.);
#922=ORIENTED_EDGE('',*,*,#708,.T.);
#923=ORIENTED_EDGE('',*,*,#717,.T.);
#924=ORIENTED_EDGE('',*,*,#718,.T.);
#925=ORIENTED_EDGE('',*,*,#719,.T.);
#926=ORIENTED_EDGE('',*,*,#711,.T.);
#927=ORIENTED_EDGE('',*,*,#720,.F.);
#928=ORIENTED_EDGE('',*,*,#721,.T.);
#929=ORIENTED_EDGE('',*,*,#722,.T.);
#930=ORIENTED_EDGE('',*,*,#710,.T.);
#931=ORIENTED_EDGE('',*,*,#723,.T.);
#932=ORIENTED_EDGE('',*,*,#724,.F.);
#933=ORIENTED_EDGE('',*,*,#725,.T.);
#934=ORIENTED_EDGE('',*,*,#720,.T.);
#935=ORIENTED_EDGE('',*,*,#726,.F.);
#936=ORIENTED_EDGE('',*,*,#727,.F.);
#937=ORIENTED_EDGE('',*,*,#728,.T.);
#938=ORIENTED_EDGE('',*,*,#729,.T.);
#939=ORIENTED_EDGE('',*,*,#730,.T.);
#940=ORIENTED_EDGE('',*,*,#731,.T.);
#941=ORIENTED_EDGE('',*,*,#732,.T.);
#942=ORIENTED_EDGE('',*,*,#733,.F.);
#943=ORIENTED_EDGE('',*,*,#734,.F.);
#944=ORIENTED_EDGE('',*,*,#735,.F.);
#945=ORIENTED_EDGE('',*,*,#736,.T.);
#946=ORIENTED_EDGE('',*,*,#737,.T.);
#947=ORIENTED_EDGE('',*,*,#730,.F.);
#948=ORIENTED_EDGE('',*,*,#738,.F.);
#949=ORIENTED_EDGE('',*,*,#739,.F.);
#950=ORIENTED_EDGE('',*,*,#740,.T.);
#951=ORIENTED_EDGE('',*,*,#709,.T.);
#952=ORIENTED_EDGE('',*,*,#741,.F.);
#953=ORIENTED_EDGE('',*,*,#742,.F.);
#954=ORIENTED_EDGE('',*,*,#723,.F.);
#955=ORIENTED_EDGE('',*,*,#713,.T.);
#956=ORIENTED_EDGE('',*,*,#712,.T.);
#957=ORIENTED_EDGE('',*,*,#722,.F.);
#958=ORIENTED_EDGE('',*,*,#743,.T.);
#959=ORIENTED_EDGE('',*,*,#744,.T.);
#960=ORIENTED_EDGE('',*,*,#741,.T.);
#961=ORIENTED_EDGE('',*,*,#706,.T.);
#962=ORIENTED_EDGE('',*,*,#719,.F.);
#963=ORIENTED_EDGE('',*,*,#718,.F.);
#964=ORIENTED_EDGE('',*,*,#717,.F.);
#965=ORIENTED_EDGE('',*,*,#707,.T.);
#966=ORIENTED_EDGE('',*,*,#696,.F.);
#967=ORIENTED_EDGE('',*,*,#701,.F.);
#968=ORIENTED_EDGE('',*,*,#682,.F.);
#969=ORIENTED_EDGE('',*,*,#742,.T.);
#970=ORIENTED_EDGE('',*,*,#744,.F.);
#971=ORIENTED_EDGE('',*,*,#745,.T.);
#972=ORIENTED_EDGE('',*,*,#724,.T.);
#973=ORIENTED_EDGE('',*,*,#746,.T.);
#974=ORIENTED_EDGE('',*,*,#747,.T.);
#975=ORIENTED_EDGE('',*,*,#748,.T.);
#976=ORIENTED_EDGE('',*,*,#739,.T.);
#977=ORIENTED_EDGE('',*,*,#721,.F.);
#978=ORIENTED_EDGE('',*,*,#725,.F.);
#979=ORIENTED_EDGE('',*,*,#745,.F.);
#980=ORIENTED_EDGE('',*,*,#743,.F.);
#981=ORIENTED_EDGE('',*,*,#737,.F.);
#982=ORIENTED_EDGE('',*,*,#749,.F.);
#983=ORIENTED_EDGE('',*,*,#746,.F.);
#984=ORIENTED_EDGE('',*,*,#738,.T.);
#985=ORIENTED_EDGE('',*,*,#731,.F.);
#986=ORIENTED_EDGE('',*,*,#740,.F.);
#987=ORIENTED_EDGE('',*,*,#748,.F.);
#988=ORIENTED_EDGE('',*,*,#750,.T.);
#989=ORIENTED_EDGE('',*,*,#736,.F.);
#990=ORIENTED_EDGE('',*,*,#751,.F.);
#991=ORIENTED_EDGE('',*,*,#752,.F.);
#992=ORIENTED_EDGE('',*,*,#753,.F.);
#993=ORIENTED_EDGE('',*,*,#732,.F.);
#994=ORIENTED_EDGE('',*,*,#750,.F.);
#995=ORIENTED_EDGE('',*,*,#747,.F.);
#996=ORIENTED_EDGE('',*,*,#749,.T.);
#997=ORIENTED_EDGE('',*,*,#751,.T.);
#998=ORIENTED_EDGE('',*,*,#735,.T.);
#999=ORIENTED_EDGE('',*,*,#754,.T.);
#1000=ORIENTED_EDGE('',*,*,#753,.T.);
#1001=ORIENTED_EDGE('',*,*,#755,.T.);
#1002=ORIENTED_EDGE('',*,*,#733,.T.);
#1003=ORIENTED_EDGE('',*,*,#752,.T.);
#1004=ORIENTED_EDGE('',*,*,#754,.F.);
#1005=ORIENTED_EDGE('',*,*,#734,.T.);
#1006=ORIENTED_EDGE('',*,*,#755,.F.);
#1007=ORIENTED_EDGE('',*,*,#756,.T.);
#1008=ORIENTED_EDGE('',*,*,#757,.T.);
#1009=ORIENTED_EDGE('',*,*,#758,.T.);
#1010=ORIENTED_EDGE('',*,*,#759,.T.);
#1011=ORIENTED_EDGE('',*,*,#758,.F.);
#1012=ORIENTED_EDGE('',*,*,#760,.T.);
#1013=ORIENTED_EDGE('',*,*,#761,.F.);
#1014=ORIENTED_EDGE('',*,*,#762,.T.);
#1015=ORIENTED_EDGE('',*,*,#763,.T.);
#1016=ORIENTED_EDGE('',*,*,#764,.T.);
#1017=ORIENTED_EDGE('',*,*,#765,.T.);
#1018=ORIENTED_EDGE('',*,*,#757,.F.);
#1019=ORIENTED_EDGE('',*,*,#699,.T.);
#1020=ORIENTED_EDGE('',*,*,#766,.F.);
#1021=ORIENTED_EDGE('',*,*,#767,.T.);
#1022=ORIENTED_EDGE('',*,*,#768,.T.);
#1023=ORIENTED_EDGE('',*,*,#769,.T.);
#1024=ORIENTED_EDGE('',*,*,#770,.T.);
#1025=ORIENTED_EDGE('',*,*,#726,.T.);
#1026=ORIENTED_EDGE('',*,*,#771,.T.);
#1027=ORIENTED_EDGE('',*,*,#772,.T.);
#1028=ORIENTED_EDGE('',*,*,#773,.T.);
#1029=ORIENTED_EDGE('',*,*,#774,.T.);
#1030=ORIENTED_EDGE('',*,*,#775,.T.);
#1031=ORIENTED_EDGE('',*,*,#766,.T.);
#1032=ORIENTED_EDGE('',*,*,#776,.T.);
#1033=ORIENTED_EDGE('',*,*,#777,.T.);
#1034=ORIENTED_EDGE('',*,*,#776,.F.);
#1035=ORIENTED_EDGE('',*,*,#698,.T.);
#1036=ORIENTED_EDGE('',*,*,#685,.T.);
#1037=ORIENTED_EDGE('',*,*,#778,.F.);
#1038=ORIENTED_EDGE('',*,*,#779,.F.);
#1039=ORIENTED_EDGE('',*,*,#780,.T.);
#1040=ORIENTED_EDGE('',*,*,#756,.F.);
#1041=ORIENTED_EDGE('',*,*,#781,.T.);
#1042=ORIENTED_EDGE('',*,*,#782,.F.);
#1043=ORIENTED_EDGE('',*,*,#783,.F.);
#1044=ORIENTED_EDGE('',*,*,#694,.T.);
#1045=ORIENTED_EDGE('',*,*,#700,.T.);
#1046=ORIENTED_EDGE('',*,*,#759,.F.);
#1047=ORIENTED_EDGE('',*,*,#765,.F.);
#1048=ORIENTED_EDGE('',*,*,#784,.F.);
#1049=ORIENTED_EDGE('',*,*,#785,.F.);
#1050=ORIENTED_EDGE('',*,*,#763,.F.);
#1051=ORIENTED_EDGE('',*,*,#786,.T.);
#1052=ORIENTED_EDGE('',*,*,#787,.F.);
#1053=ORIENTED_EDGE('',*,*,#788,.T.);
#1054=ORIENTED_EDGE('',*,*,#789,.T.);
#1055=ORIENTED_EDGE('',*,*,#790,.F.);
#1056=ORIENTED_EDGE('',*,*,#781,.F.);
#1057=ORIENTED_EDGE('',*,*,#791,.F.);
#1058=ORIENTED_EDGE('',*,*,#792,.F.);
#1059=ORIENTED_EDGE('',*,*,#773,.F.);
#1060=ORIENTED_EDGE('',*,*,#793,.F.);
#1061=ORIENTED_EDGE('',*,*,#794,.T.);
#1062=ORIENTED_EDGE('',*,*,#795,.T.);
#1063=ORIENTED_EDGE('',*,*,#796,.T.);
#1064=ORIENTED_EDGE('',*,*,#797,.T.);
#1065=ORIENTED_EDGE('',*,*,#798,.T.);
#1066=ORIENTED_EDGE('',*,*,#799,.T.);
#1067=ORIENTED_EDGE('',*,*,#772,.F.);
#1068=ORIENTED_EDGE('',*,*,#800,.F.);
#1069=ORIENTED_EDGE('',*,*,#801,.T.);
#1070=ORIENTED_EDGE('',*,*,#793,.T.);
#1071=ORIENTED_EDGE('',*,*,#767,.F.);
#1072=ORIENTED_EDGE('',*,*,#802,.F.);
#1073=ORIENTED_EDGE('',*,*,#803,.F.);
#1074=ORIENTED_EDGE('',*,*,#760,.F.);
#1075=ORIENTED_EDGE('',*,*,#774,.F.);
#1076=ORIENTED_EDGE('',*,*,#796,.F.);
#1077=ORIENTED_EDGE('',*,*,#804,.F.);
#1078=ORIENTED_EDGE('',*,*,#805,.F.);
#1079=ORIENTED_EDGE('',*,*,#761,.T.);
#1080=ORIENTED_EDGE('',*,*,#803,.T.);
#1081=ORIENTED_EDGE('',*,*,#806,.T.);
#1082=ORIENTED_EDGE('',*,*,#807,.T.);
#1083=ORIENTED_EDGE('',*,*,#807,.F.);
#1084=ORIENTED_EDGE('',*,*,#808,.F.);
#1085=ORIENTED_EDGE('',*,*,#809,.F.);
#1086=ORIENTED_EDGE('',*,*,#810,.F.);
#1087=ORIENTED_EDGE('',*,*,#786,.F.);
#1088=ORIENTED_EDGE('',*,*,#762,.F.);
#1089=ORIENTED_EDGE('',*,*,#787,.T.);
#1090=ORIENTED_EDGE('',*,*,#810,.T.);
#1091=ORIENTED_EDGE('',*,*,#811,.T.);
#1092=ORIENTED_EDGE('',*,*,#812,.T.);
#1093=ORIENTED_EDGE('',*,*,#775,.F.);
#1094=ORIENTED_EDGE('',*,*,#813,.T.);
#1095=ORIENTED_EDGE('',*,*,#814,.T.);
#1096=ORIENTED_EDGE('',*,*,#815,.T.);
#1097=ORIENTED_EDGE('',*,*,#808,.T.);
#1098=ORIENTED_EDGE('',*,*,#806,.F.);
#1099=ORIENTED_EDGE('',*,*,#802,.T.);
#1100=ORIENTED_EDGE('',*,*,#778,.T.);
#1101=ORIENTED_EDGE('',*,*,#688,.T.);
#1102=ORIENTED_EDGE('',*,*,#783,.T.);
#1103=ORIENTED_EDGE('',*,*,#816,.T.);
#1104=ORIENTED_EDGE('',*,*,#817,.T.);
#1105=ORIENTED_EDGE('',*,*,#818,.T.);
#1106=ORIENTED_EDGE('',*,*,#818,.F.);
#1107=ORIENTED_EDGE('',*,*,#819,.T.);
#1108=ORIENTED_EDGE('',*,*,#820,.T.);
#1109=ORIENTED_EDGE('',*,*,#821,.T.);
#1110=ORIENTED_EDGE('',*,*,#779,.T.);
#1111=ORIENTED_EDGE('',*,*,#820,.F.);
#1112=ORIENTED_EDGE('',*,*,#822,.F.);
#1113=ORIENTED_EDGE('',*,*,#823,.F.);
#1114=ORIENTED_EDGE('',*,*,#824,.T.);
#1115=ORIENTED_EDGE('',*,*,#825,.F.);
#1116=ORIENTED_EDGE('',*,*,#817,.F.);
#1117=ORIENTED_EDGE('',*,*,#826,.F.);
#1118=ORIENTED_EDGE('',*,*,#827,.T.);
#1119=ORIENTED_EDGE('',*,*,#828,.F.);
#1120=ORIENTED_EDGE('',*,*,#728,.F.);
#1121=ORIENTED_EDGE('',*,*,#829,.F.);
#1122=ORIENTED_EDGE('',*,*,#822,.T.);
#1123=ORIENTED_EDGE('',*,*,#819,.F.);
#1124=ORIENTED_EDGE('',*,*,#816,.F.);
#1125=ORIENTED_EDGE('',*,*,#782,.T.);
#1126=ORIENTED_EDGE('',*,*,#790,.T.);
#1127=ORIENTED_EDGE('',*,*,#830,.T.);
#1128=ORIENTED_EDGE('',*,*,#826,.T.);
#1129=ORIENTED_EDGE('',*,*,#831,.T.);
#1130=ORIENTED_EDGE('',*,*,#832,.T.);
#1131=ORIENTED_EDGE('',*,*,#833,.T.);
#1132=ORIENTED_EDGE('',*,*,#832,.F.);
#1133=ORIENTED_EDGE('',*,*,#777,.F.);
#1134=ORIENTED_EDGE('',*,*,#780,.F.);
#1135=ORIENTED_EDGE('',*,*,#821,.F.);
#1136=ORIENTED_EDGE('',*,*,#825,.T.);
#1137=ORIENTED_EDGE('',*,*,#834,.T.);
#1138=ORIENTED_EDGE('',*,*,#811,.F.);
#1139=ORIENTED_EDGE('',*,*,#809,.T.);
#1140=ORIENTED_EDGE('',*,*,#815,.F.);
#1141=ORIENTED_EDGE('',*,*,#835,.F.);
#1142=ORIENTED_EDGE('',*,*,#836,.F.);
#1143=ORIENTED_EDGE('',*,*,#813,.F.);
#1144=ORIENTED_EDGE('',*,*,#837,.F.);
#1145=ORIENTED_EDGE('',*,*,#831,.F.);
#1146=ORIENTED_EDGE('',*,*,#838,.F.);
#1147=ORIENTED_EDGE('',*,*,#839,.T.);
#1148=ORIENTED_EDGE('',*,*,#833,.F.);
#1149=ORIENTED_EDGE('',*,*,#839,.F.);
#1150=ORIENTED_EDGE('',*,*,#814,.F.);
#1151=ORIENTED_EDGE('',*,*,#836,.T.);
#1152=ORIENTED_EDGE('',*,*,#840,.T.);
#1153=ORIENTED_EDGE('',*,*,#841,.T.);
#1154=ORIENTED_EDGE('',*,*,#840,.F.);
#1155=ORIENTED_EDGE('',*,*,#835,.T.);
#1156=ORIENTED_EDGE('',*,*,#842,.F.);
#1157=ORIENTED_EDGE('',*,*,#843,.T.);
#1158=ORIENTED_EDGE('',*,*,#841,.F.);
#1159=ORIENTED_EDGE('',*,*,#843,.F.);
#1160=ORIENTED_EDGE('',*,*,#837,.T.);
#1161=ORIENTED_EDGE('',*,*,#844,.T.);
#1162=ORIENTED_EDGE('',*,*,#845,.T.);
#1163=ORIENTED_EDGE('',*,*,#844,.F.);
#1164=ORIENTED_EDGE('',*,*,#846,.F.);
#1165=ORIENTED_EDGE('',*,*,#847,.T.);
#1166=ORIENTED_EDGE('',*,*,#845,.F.);
#1167=ORIENTED_EDGE('',*,*,#847,.F.);
#1168=ORIENTED_EDGE('',*,*,#791,.T.);
#1169=ORIENTED_EDGE('',*,*,#848,.T.);
#1170=ORIENTED_EDGE('',*,*,#849,.T.);
#1171=ORIENTED_EDGE('',*,*,#848,.F.);
#1172=ORIENTED_EDGE('',*,*,#849,.F.);
#1173=ORIENTED_EDGE('',*,*,#850,.T.);
#1174=ORIENTED_EDGE('',*,*,#798,.F.);
#1175=ORIENTED_EDGE('',*,*,#850,.F.);
#1176=ORIENTED_EDGE('',*,*,#764,.F.);
#1177=ORIENTED_EDGE('',*,*,#785,.T.);
#1178=ORIENTED_EDGE('',*,*,#851,.T.);
#1179=ORIENTED_EDGE('',*,*,#852,.T.);
#1180=ORIENTED_EDGE('',*,*,#851,.F.);
#1181=ORIENTED_EDGE('',*,*,#784,.T.);
#1182=ORIENTED_EDGE('',*,*,#852,.F.);
#1183=ORIENTED_EDGE('',*,*,#853,.T.);
#1184=ORIENTED_EDGE('',*,*,#799,.F.);
#1185=ORIENTED_EDGE('',*,*,#853,.F.);
#1186=ORIENTED_EDGE('',*,*,#792,.T.);
#1187=ORIENTED_EDGE('',*,*,#854,.T.);
#1188=ORIENTED_EDGE('',*,*,#855,.T.);
#1189=ORIENTED_EDGE('',*,*,#854,.F.);
#1190=ORIENTED_EDGE('',*,*,#855,.F.);
#1191=ORIENTED_EDGE('',*,*,#856,.T.);
#1192=ORIENTED_EDGE('',*,*,#797,.F.);
#1193=ORIENTED_EDGE('',*,*,#856,.F.);
#1194=ORIENTED_EDGE('',*,*,#812,.F.);
#1195=ORIENTED_EDGE('',*,*,#834,.F.);
#1196=ORIENTED_EDGE('',*,*,#824,.F.);
#1197=ORIENTED_EDGE('',*,*,#857,.F.);
#1198=ORIENTED_EDGE('',*,*,#858,.F.);
#1199=ORIENTED_EDGE('',*,*,#859,.F.);
#1200=ORIENTED_EDGE('',*,*,#860,.F.);
#1201=ORIENTED_EDGE('',*,*,#794,.F.);
#1202=ORIENTED_EDGE('',*,*,#801,.F.);
#1203=ORIENTED_EDGE('',*,*,#861,.F.);
#1204=ORIENTED_EDGE('',*,*,#862,.F.);
#1205=ORIENTED_EDGE('',*,*,#788,.F.);
#1206=ORIENTED_EDGE('',*,*,#830,.F.);
#1207=ORIENTED_EDGE('',*,*,#789,.F.);
#1208=ORIENTED_EDGE('',*,*,#862,.T.);
#1209=ORIENTED_EDGE('',*,*,#863,.F.);
#1210=ORIENTED_EDGE('',*,*,#827,.F.);
#1211=ORIENTED_EDGE('',*,*,#860,.T.);
#1212=ORIENTED_EDGE('',*,*,#864,.T.);
#1213=ORIENTED_EDGE('',*,*,#804,.T.);
#1214=ORIENTED_EDGE('',*,*,#795,.F.);
#1215=ORIENTED_EDGE('',*,*,#768,.F.);
#1216=ORIENTED_EDGE('',*,*,#805,.T.);
#1217=ORIENTED_EDGE('',*,*,#864,.F.);
#1218=ORIENTED_EDGE('',*,*,#859,.T.);
#1219=ORIENTED_EDGE('',*,*,#865,.T.);
#1220=ORIENTED_EDGE('',*,*,#842,.T.);
#1221=ORIENTED_EDGE('',*,*,#838,.T.);
#1222=ORIENTED_EDGE('',*,*,#846,.T.);
#1223=ORIENTED_EDGE('',*,*,#769,.F.);
#1224=ORIENTED_EDGE('',*,*,#865,.F.);
#1225=ORIENTED_EDGE('',*,*,#858,.T.);
#1226=ORIENTED_EDGE('',*,*,#866,.T.);
#1227=ORIENTED_EDGE('',*,*,#770,.F.);
#1228=ORIENTED_EDGE('',*,*,#866,.F.);
#1229=ORIENTED_EDGE('',*,*,#857,.T.);
#1230=ORIENTED_EDGE('',*,*,#823,.T.);
#1231=ORIENTED_EDGE('',*,*,#829,.T.);
#1232=ORIENTED_EDGE('',*,*,#727,.T.);
#1233=ORIENTED_EDGE('',*,*,#771,.F.);
#1234=ORIENTED_EDGE('',*,*,#729,.F.);
#1235=ORIENTED_EDGE('',*,*,#828,.T.);
#1236=ORIENTED_EDGE('',*,*,#863,.T.);
#1237=ORIENTED_EDGE('',*,*,#861,.T.);
#1238=ORIENTED_EDGE('',*,*,#800,.T.);
#1239=CYLINDRICAL_SURFACE('',#1327,15.);
#1240=CYLINDRICAL_SURFACE('',#1332,15.);
#1241=CYLINDRICAL_SURFACE('',#1333,15.);
#1242=CYLINDRICAL_SURFACE('',#1344,10.5000000149012);
#1243=CYLINDRICAL_SURFACE('',#1397,1.05);
#1244=CYLINDRICAL_SURFACE('',#1401,1.05);
#1245=CYLINDRICAL_SURFACE('',#1405,1.05);
#1246=CYLINDRICAL_SURFACE('',#1409,1.05);
#1247=CYLINDRICAL_SURFACE('',#1412,1.05);
#1248=CYLINDRICAL_SURFACE('',#1415,1.05);
#1249=ADVANCED_FACE('',(#85),#1239,.F.);
#1250=ADVANCED_FACE('',(#86),#1240,.F.);
#1251=ADVANCED_FACE('',(#87),#1241,.F.);
#1252=ADVANCED_FACE('',(#88),#37,.T.);
#1253=ADVANCED_FACE('',(#89),#38,.T.);
#1254=ADVANCED_FACE('',(#90),#39,.T.);
#1255=ADVANCED_FACE('',(#91),#40,.T.);
#1256=ADVANCED_FACE('',(#92,#23),#41,.F.);
#1257=ADVANCED_FACE('',(#93),#1242,.F.);
#1258=ADVANCED_FACE('',(#94),#42,.T.);
#1259=ADVANCED_FACE('',(#95),#43,.T.);
#1260=ADVANCED_FACE('',(#96),#44,.T.);
#1261=ADVANCED_FACE('',(#97,#24),#45,.T.);
#1262=ADVANCED_FACE('',(#98),#46,.F.);
#1263=ADVANCED_FACE('',(#99,#25),#47,.F.);
#1264=ADVANCED_FACE('',(#100),#48,.T.);
#1265=ADVANCED_FACE('',(#101),#49,.F.);
#1266=ADVANCED_FACE('',(#102),#50,.T.);
#1267=ADVANCED_FACE('',(#103,#26),#51,.F.);
#1268=ADVANCED_FACE('',(#104),#52,.F.);
#1269=ADVANCED_FACE('',(#105),#53,.F.);
#1270=ADVANCED_FACE('',(#106),#54,.F.);
#1271=ADVANCED_FACE('',(#107),#55,.T.);
#1272=ADVANCED_FACE('',(#108),#56,.T.);
#1273=ADVANCED_FACE('',(#109),#57,.T.);
#1274=ADVANCED_FACE('',(#110),#58,.T.);
#1275=ADVANCED_FACE('',(#111),#59,.T.);
#1276=ADVANCED_FACE('',(#112),#60,.T.);
#1277=ADVANCED_FACE('',(#113),#61,.T.);
#1278=ADVANCED_FACE('',(#114),#62,.T.);
#1279=ADVANCED_FACE('',(#115),#63,.T.);
#1280=ADVANCED_FACE('',(#116,#27,#28),#64,.T.);
#1281=ADVANCED_FACE('',(#117,#29,#30,#31),#65,.T.);
#1282=ADVANCED_FACE('',(#118),#66,.T.);
#1283=ADVANCED_FACE('',(#119),#67,.T.);
#1284=ADVANCED_FACE('',(#120),#68,.T.);
#1285=ADVANCED_FACE('',(#121),#69,.T.);
#1286=ADVANCED_FACE('',(#122),#70,.T.);
#1287=ADVANCED_FACE('',(#123),#71,.T.);
#1288=ADVANCED_FACE('',(#124),#72,.T.);
#1289=ADVANCED_FACE('',(#125),#73,.T.);
#1290=ADVANCED_FACE('',(#126),#74,.F.);
#1291=ADVANCED_FACE('',(#127),#75,.T.);
#1292=ADVANCED_FACE('',(#128),#76,.T.);
#1293=ADVANCED_FACE('',(#129),#15,.F.);
#1294=ADVANCED_FACE('',(#130,#32,#33),#77,.T.);
#1295=ADVANCED_FACE('',(#131),#1243,.F.);
#1296=ADVANCED_FACE('',(#132),#16,.F.);
#1297=ADVANCED_FACE('',(#133),#1244,.F.);
#1298=ADVANCED_FACE('',(#134),#17,.F.);
#1299=ADVANCED_FACE('',(#135),#1245,.F.);
#1300=ADVANCED_FACE('',(#136),#18,.F.);
#1301=ADVANCED_FACE('',(#137),#1246,.F.);
#1302=ADVANCED_FACE('',(#138),#19,.F.);
#1303=ADVANCED_FACE('',(#139),#1247,.F.);
#1304=ADVANCED_FACE('',(#140),#20,.F.);
#1305=ADVANCED_FACE('',(#141),#1248,.F.);
#1306=ADVANCED_FACE('',(#142),#78,.F.);
#1307=ADVANCED_FACE('',(#143),#79,.F.);
#1308=ADVANCED_FACE('',(#144),#80,.T.);
#1309=ADVANCED_FACE('',(#145,#34,#35,#36),#81,.T.);
#1310=ADVANCED_FACE('',(#146),#82,.T.);
#1311=ADVANCED_FACE('',(#147),#83,.T.);
#1312=ADVANCED_FACE('',(#148),#84,.T.);
#1313=CLOSED_SHELL('',(#1249,#1250,#1251,#1252,#1253,#1254,#1255,#1256,
#1257,#1258,#1259,#1260,#1261,#1262,#1263,#1264,#1265,#1266,#1267,#1268,
#1269,#1270,#1271,#1272,#1273,#1274,#1275,#1276,#1277,#1278,#1279,#1280,
#1281,#1282,#1283,#1284,#1285,#1286,#1287,#1288,#1289,#1290,#1291,#1292,
#1293,#1294,#1295,#1296,#1297,#1298,#1299,#1300,#1301,#1302,#1303,#1304,
#1305,#1306,#1307,#1308,#1309,#1310,#1311,#1312));
#1314=DERIVED_UNIT_ELEMENT(#1316,1.);
#1315=DERIVED_UNIT_ELEMENT(#2159,-3.);
#1316=(
MASS_UNIT()
NAMED_UNIT(*)
SI_UNIT(.KILO.,.GRAM.)
);
#1317=DERIVED_UNIT((#1314,#1315));
#1318=MEASURE_REPRESENTATION_ITEM('density measure',
POSITIVE_RATIO_MEASURE(7850.),#1317);
#1319=PROPERTY_DEFINITION_REPRESENTATION(#1324,#1321);
#1320=PROPERTY_DEFINITION_REPRESENTATION(#1325,#1322);
#1321=REPRESENTATION('material name',(#1323),#2156);
#1322=REPRESENTATION('density',(#1318),#2156);
#1323=DESCRIPTIVE_REPRESENTATION_ITEM('\X2\94A2\X0\','\X2\94A2\X0\');
#1324=PROPERTY_DEFINITION('material property','material name',#2166);
#1325=PROPERTY_DEFINITION('material property','density of part',#2166);
#1326=AXIS2_PLACEMENT_3D('',#1767,#1423,#1424);
#1327=AXIS2_PLACEMENT_3D('',#1768,#1425,#1426);
#1328=AXIS2_PLACEMENT_3D('',#1771,#1427,#1428);
#1329=AXIS2_PLACEMENT_3D('',#1775,#1430,#1431);
#1330=AXIS2_PLACEMENT_3D('',#1788,#1433,#1434);
#1331=AXIS2_PLACEMENT_3D('',#1789,#1435,#1436);
#1332=AXIS2_PLACEMENT_3D('',#1790,#1437,#1438);
#1333=AXIS2_PLACEMENT_3D('',#1801,#1441,#1442);
#1334=AXIS2_PLACEMENT_3D('',#1804,#1443,#1444);
#1335=AXIS2_PLACEMENT_3D('',#1806,#1445,#1446);
#1336=AXIS2_PLACEMENT_3D('',#1808,#1447,#1448);
#1337=AXIS2_PLACEMENT_3D('',#1811,#1450,#1451);
#1338=AXIS2_PLACEMENT_3D('',#1813,#1453,#1454);
#1339=AXIS2_PLACEMENT_3D('',#1820,#1459,#1460);
#1340=AXIS2_PLACEMENT_3D('',#1822,#1462,#1463);
#1341=AXIS2_PLACEMENT_3D('',#1824,#1465,#1466);
#1342=AXIS2_PLACEMENT_3D('',#1826,#1468,#1469);
#1343=AXIS2_PLACEMENT_3D('',#1829,#1470,#1471);
#1344=AXIS2_PLACEMENT_3D('',#1844,#1480,#1481);
#1345=AXIS2_PLACEMENT_3D('',#1846,#1482,#1483);
#1346=AXIS2_PLACEMENT_3D('',#1849,#1485,#1486);
#1347=AXIS2_PLACEMENT_3D('',#1850,#1487,#1488);
#1348=AXIS2_PLACEMENT_3D('',#1851,#1489,#1490);
#1349=AXIS2_PLACEMENT_3D('',#1857,#1494,#1495);
#1350=AXIS2_PLACEMENT_3D('',#1863,#1499,#1500);
#1351=AXIS2_PLACEMENT_3D('',#1869,#1504,#1505);
#1352=AXIS2_PLACEMENT_3D('',#1894,#1518,#1519);
#1353=AXIS2_PLACEMENT_3D('',#1900,#1523,#1524);
#1354=AXIS2_PLACEMENT_3D('',#1904,#1527,#1528);
#1355=AXIS2_PLACEMENT_3D('',#1908,#1531,#1532);
#1356=AXIS2_PLACEMENT_3D('',#1909,#1533,#1534);
#1357=AXIS2_PLACEMENT_3D('',#1911,#1536,#1537);
#1358=AXIS2_PLACEMENT_3D('',#1917,#1541,#1542);
#1359=AXIS2_PLACEMENT_3D('',#1919,#1544,#1545);
#1360=AXIS2_PLACEMENT_3D('',#1921,#1547,#1548);
#1361=AXIS2_PLACEMENT_3D('',#1927,#1552,#1553);
#1362=AXIS2_PLACEMENT_3D('',#1929,#1555,#1556);
#1363=AXIS2_PLACEMENT_3D('',#1931,#1558,#1559);
#1364=AXIS2_PLACEMENT_3D('',#1932,#1560,#1561);
#1365=AXIS2_PLACEMENT_3D('',#1940,#1566,#1567);
#1366=AXIS2_PLACEMENT_3D('',#1954,#1573,#1574);
#1367=AXIS2_PLACEMENT_3D('',#1971,#1584,#1585);
#1368=AXIS2_PLACEMENT_3D('',#1977,#1589,#1590);
#1369=AXIS2_PLACEMENT_3D('',#1983,#1594,#1595);
#1370=AXIS2_PLACEMENT_3D('',#1989,#1599,#1600);
#1371=AXIS2_PLACEMENT_3D('',#1991,#1601,#1602);
#1372=AXIS2_PLACEMENT_3D('',#1992,#1603,#1604);
#1373=AXIS2_PLACEMENT_3D('',#2003,#1610,#1611);
#1374=AXIS2_PLACEMENT_3D('',#2005,#1612,#1613);
#1375=AXIS2_PLACEMENT_3D('',#2006,#1614,#1615);
#1376=AXIS2_PLACEMENT_3D('',#2015,#1620,#1621);
#1377=AXIS2_PLACEMENT_3D('',#2017,#1622,#1623);
#1378=AXIS2_PLACEMENT_3D('',#2019,#1624,#1625);
#1379=AXIS2_PLACEMENT_3D('',#2020,#1626,#1627);
#1380=AXIS2_PLACEMENT_3D('',#2024,#1630,#1631);
#1381=AXIS2_PLACEMENT_3D('',#2031,#1636,#1637);
#1382=AXIS2_PLACEMENT_3D('',#2035,#1640,#1641);
#1383=AXIS2_PLACEMENT_3D('',#2041,#1645,#1646);
#1384=AXIS2_PLACEMENT_3D('',#2045,#1649,#1650);
#1385=AXIS2_PLACEMENT_3D('',#2053,#1653,#1654);
#1386=AXIS2_PLACEMENT_3D('',#2059,#1658,#1659);
#1387=AXIS2_PLACEMENT_3D('',#2065,#1663,#1664);
#1388=AXIS2_PLACEMENT_3D('',#2073,#1669,#1670);
#1389=AXIS2_PLACEMENT_3D('',#2080,#1675,#1676);
#1390=AXIS2_PLACEMENT_3D('',#2082,#1678,#1679);
#1391=AXIS2_PLACEMENT_3D('',#2084,#1680,#1681);
#1392=AXIS2_PLACEMENT_3D('',#2087,#1683,#1684);
#1393=AXIS2_PLACEMENT_3D('',#2088,#1685,#1686);
#1394=AXIS2_PLACEMENT_3D('',#2091,#1688,#1689);
#1395=AXIS2_PLACEMENT_3D('',#2092,#1690,#1691);
#1396=AXIS2_PLACEMENT_3D('',#2094,#1692,#1693);
#1397=AXIS2_PLACEMENT_3D('',#2095,#1694,#1695);
#1398=AXIS2_PLACEMENT_3D('',#2097,#1696,#1697);
#1399=AXIS2_PLACEMENT_3D('',#2099,#1699,#1700);
#1400=AXIS2_PLACEMENT_3D('',#2102,#1702,#1703);
#1401=AXIS2_PLACEMENT_3D('',#2103,#1704,#1705);
#1402=AXIS2_PLACEMENT_3D('',#2105,#1706,#1707);
#1403=AXIS2_PLACEMENT_3D('',#2107,#1709,#1710);
#1404=AXIS2_PLACEMENT_3D('',#2110,#1712,#1713);
#1405=AXIS2_PLACEMENT_3D('',#2111,#1714,#1715);
#1406=AXIS2_PLACEMENT_3D('',#2113,#1716,#1717);
#1407=AXIS2_PLACEMENT_3D('',#2115,#1719,#1720);
#1408=AXIS2_PLACEMENT_3D('',#2118,#1722,#1723);
#1409=AXIS2_PLACEMENT_3D('',#2119,#1724,#1725);
#1410=AXIS2_PLACEMENT_3D('',#2121,#1727,#1728);
#1411=AXIS2_PLACEMENT_3D('',#2124,#1730,#1731);
#1412=AXIS2_PLACEMENT_3D('',#2125,#1732,#1733);
#1413=AXIS2_PLACEMENT_3D('',#2127,#1735,#1736);
#1414=AXIS2_PLACEMENT_3D('',#2130,#1738,#1739);
#1415=AXIS2_PLACEMENT_3D('',#2131,#1740,#1741);
#1416=AXIS2_PLACEMENT_3D('',#2133,#1743,#1744);
#1417=AXIS2_PLACEMENT_3D('',#2144,#1751,#1752);
#1418=AXIS2_PLACEMENT_3D('',#2146,#1754,#1755);
#1419=AXIS2_PLACEMENT_3D('',#2148,#1757,#1758);
#1420=AXIS2_PLACEMENT_3D('',#2150,#1760,#1761);
#1421=AXIS2_PLACEMENT_3D('',#2152,#1763,#1764);
#1422=AXIS2_PLACEMENT_3D('',#2153,#1765,#1766);
#1423=DIRECTION('axis',(0.,0.,1.));
#1424=DIRECTION('refdir',(1.,0.,0.));
#1425=DIRECTION('center_axis',(0.,-1.,0.));
#1426=DIRECTION('ref_axis',(-0.676815980975128,0.,0.73615224505307));
#1427=DIRECTION('center_axis',(-1.73573519379589E-16,-0.710660538080156,
-0.703535073479371));
#1428=DIRECTION('ref_axis',(1.57798338413818E-16,-0.703535073479371,0.710660538080156));
#1429=DIRECTION('',(4.18626278036317E-17,1.,-2.9611372752262E-31));
#1430=DIRECTION('center_axis',(4.18626278036317E-17,1.,5.04076425045241E-9));
#1431=DIRECTION('ref_axis',(-0.676815980975128,-3.7107698914205E-9,0.73615224505307));
#1432=DIRECTION('',(0.,1.,0.));
#1433=DIRECTION('center_axis',(-4.84425753718313E-17,-0.707106779404365,
-0.70710678296873));
#1434=DIRECTION('ref_axis',(0.,-0.70710678296873,0.707106779404365));
#1435=DIRECTION('center_axis',(-4.18626278036317E-17,-1.,-5.04076425045241E-9));
#1436=DIRECTION('ref_axis',(-0.676815980975128,-3.7107698914205E-9,0.73615224505307));
#1437=DIRECTION('center_axis',(1.,-4.1862627669318E-17,-2.66455196671794E-17));
#1438=DIRECTION('ref_axis',(-1.85037170770859E-17,-0.824008927455945,0.566576815156519));
#1439=DIRECTION('',(-1.,0.,2.66455194561597E-17));
#1440=DIRECTION('',(1.,-4.1862627669318E-17,-2.66455196671794E-17));
#1441=DIRECTION('center_axis',(0.,1.,0.));
#1442=DIRECTION('ref_axis',(0.692190834709626,0.,0.721714519975864));
#1443=DIRECTION('center_axis',(-1.73573519379589E-16,-0.710660538080156,
-0.703535073479371));
#1444=DIRECTION('ref_axis',(3.15596676827637E-16,-0.703535073479371,0.710660538080156));
#1445=DIRECTION('center_axis',(-4.18626278036317E-17,-1.,-5.04076425045241E-9));
#1446=DIRECTION('ref_axis',(0.692190834709626,-3.63799278030368E-9,0.721714519975864));
#1447=DIRECTION('center_axis',(-4.84425753718313E-17,-0.707106779404365,
-0.70710678296873));
#1448=DIRECTION('ref_axis',(5.23364151575512E-17,-0.70710678296873,0.707106779404365));
#1449=DIRECTION('',(0.,-1.,0.));
#1450=DIRECTION('center_axis',(4.18626278036317E-17,1.,5.04076425045241E-9));
#1451=DIRECTION('ref_axis',(0.692190834709626,-3.63799278030368E-9,0.721714519975864));
#1452=DIRECTION('',(-4.18626278036317E-17,-1.,2.9611372752262E-31));
#1453=DIRECTION('center_axis',(-2.66455194561597E-17,0.,-1.));
#1454=DIRECTION('ref_axis',(1.,0.,-2.66455194561597E-17));
#1455=DIRECTION('',(1.,-4.1862627669318E-17,-2.66455194561597E-17));
#1456=DIRECTION('',(0.,1.,0.));
#1457=DIRECTION('',(1.,5.49163096176523E-15,-2.66455194561597E-17));
#1458=DIRECTION('',(0.,-1.,0.));
#1459=DIRECTION('center_axis',(4.18626278036317E-17,1.,5.04076425045241E-9));
#1460=DIRECTION('ref_axis',(1.,-4.18626276693177E-17,-2.66455640864326E-17));
#1461=DIRECTION('',(-1.,4.18627048641208E-17,-1.52874614332074E-14));
#1462=DIRECTION('center_axis',(-4.84425753718313E-17,-0.707106779404365,
-0.70710678296873));
#1463=DIRECTION('ref_axis',(-1.,0.,6.85081469144576E-17));
#1464=DIRECTION('',(1.,-4.1862627669318E-17,-2.66455194561597E-17));
#1465=DIRECTION('center_axis',(-4.18626278036317E-17,-1.,-5.04076425045241E-9));
#1466=DIRECTION('ref_axis',(-1.,4.18626276693177E-17,2.66455640864326E-17));
#1467=DIRECTION('',(1.,-4.18626267731503E-17,-2.04429612585264E-16));
#1468=DIRECTION('center_axis',(1.73573519379589E-16,0.710660538080156,0.703535073479371));
#1469=DIRECTION('ref_axis',(2.94517009619516E-17,0.703535073479371,-0.710660538080156));
#1470=DIRECTION('center_axis',(-1.73573519379589E-16,-0.710660538080156,
-0.703535073479371));
#1471=DIRECTION('ref_axis',(-1.01005996113429E-14,-0.703535073479371,0.710660538080156));
#1472=DIRECTION('',(-1.,1.53784230665828E-14,-1.52874608493244E-14));
#1473=DIRECTION('',(-1.,1.53784236446115E-14,-1.52874614332074E-14));
#1474=DIRECTION('',(-1.,1.53784236446115E-14,-1.52874614332074E-14));
#1475=DIRECTION('',(-1.,1.53784230665828E-14,-1.52874608493244E-14));
#1476=DIRECTION('',(1.,-1.53784230665828E-14,1.52874608493244E-14));
#1477=DIRECTION('',(-3.28759983541049E-17,0.703535073479371,-0.710660538080156));
#1478=DIRECTION('',(-1.,4.18626267731503E-17,2.04429612585264E-16));
#1479=DIRECTION('',(-9.17796519099135E-17,-0.703535073479371,0.710660538080156));
#1480=DIRECTION('center_axis',(-1.50990331349021E-14,-5.04076425045241E-9,
1.));
#1481=DIRECTION('ref_axis',(8.95033497669605E-16,-1.,-5.04076425045241E-9));
#1482=DIRECTION('center_axis',(1.52874609268434E-14,5.04076447249702E-9,
-1.));
#1483=DIRECTION('ref_axis',(8.95033497669608E-16,-1.,-5.04076446534338E-9));
#1484=DIRECTION('',(1.50990331349021E-14,5.04076425045241E-9,-1.));
#1485=DIRECTION('center_axis',(-1.52874609268434E-14,-5.04076447249702E-9,
1.));
#1486=DIRECTION('ref_axis',(8.95033497669608E-16,-1.,-5.04076446534338E-9));
#1487=DIRECTION('center_axis',(-1.52874609268434E-14,-5.04076447249702E-9,
1.));
#1488=DIRECTION('ref_axis',(8.95033497669608E-16,-1.,-5.04076446534338E-9));
#1489=DIRECTION('center_axis',(1.52874609268434E-14,5.04076447249702E-9,
-1.));
#1490=DIRECTION('ref_axis',(-1.,-7.09922242955922E-15,-1.52874609626289E-14));
#1491=DIRECTION('',(-4.67297221713674E-17,1.,-1.65046586104263E-30));
#1492=DIRECTION('',(1.,-4.18627048641208E-17,1.52874614332074E-14));
#1493=DIRECTION('',(-1.30454977778631E-16,-1.,-1.05823840599739E-30));
#1494=DIRECTION('center_axis',(4.18626278036317E-17,1.,5.04076425045241E-9));
#1495=DIRECTION('ref_axis',(1.,-4.18626276693177E-17,-2.66455640864326E-17));
#1496=DIRECTION('',(0.,5.04076425045241E-9,-1.));
#1497=DIRECTION('',(1.,-4.18626276693177E-17,-2.66455640864326E-17));
#1498=DIRECTION('',(0.,5.04076425045241E-9,-1.));
#1499=DIRECTION('center_axis',(1.,4.67297221713674E-17,2.35553512955002E-25));
#1500=DIRECTION('ref_axis',(4.67297221713674E-17,-1.,-5.04076447249702E-9));
#1501=DIRECTION('',(-4.67297221713674E-17,1.,5.04076447249702E-9));
#1502=DIRECTION('',(0.,5.04076425045241E-9,-1.));
#1503=DIRECTION('',(4.67297221713674E-17,-1.,-5.04076447249702E-9));
#1504=DIRECTION('center_axis',(0.,0.,1.));
#1505=DIRECTION('ref_axis',(-1.,0.,0.));
#1506=DIRECTION('',(1.,5.46525260461158E-15,0.));
#1507=DIRECTION('',(0.,-1.,0.));
#1508=DIRECTION('',(-1.,0.,0.));
#1509=DIRECTION('',(0.,1.,0.));
#1510=DIRECTION('',(-1.,4.18626278036317E-17,0.));
#1511=DIRECTION('',(4.18626278036317E-17,1.,0.));
#1512=DIRECTION('',(1.,-4.18626278036317E-17,0.));
#1513=DIRECTION('',(0.,-1.,0.));
#1514=DIRECTION('',(-1.,0.,0.));
#1515=DIRECTION('',(0.,1.,0.));
#1516=DIRECTION('',(1.,-4.18626278036317E-17,0.));
#1517=DIRECTION('',(-4.18626278036317E-17,-1.,0.));
#1518=DIRECTION('center_axis',(-4.18626278036317E-17,-1.,-5.04076399668715E-9));
#1519=DIRECTION('ref_axis',(1.,-4.18626276693177E-17,-2.66455640864326E-17));
#1520=DIRECTION('',(0.,-5.04076399668715E-9,1.));
#1521=DIRECTION('',(1.,-4.1862627669318E-17,-2.66455194561597E-17));
#1522=DIRECTION('',(0.,-5.04076399668715E-9,1.));
#1523=DIRECTION('center_axis',(1.52874609268434E-14,5.04076447249702E-9,
-1.));
#1524=DIRECTION('ref_axis',(-1.,-7.09922242955922E-15,-1.52874609626289E-14));
#1525=DIRECTION('',(-1.30454977778631E-16,-1.,-5.04076447249702E-9));
#1526=DIRECTION('',(1.,-4.18627048641183E-17,1.52874609266324E-14));
#1527=DIRECTION('center_axis',(-1.,1.30454977778631E-16,6.57592788280086E-25));
#1528=DIRECTION('ref_axis',(1.30454977778631E-16,1.,5.04076447249702E-9));
#1529=DIRECTION('',(1.30454977778631E-16,1.,5.04076447249702E-9));
#1530=DIRECTION('',(0.,5.04076425045241E-9,-1.));
#1531=DIRECTION('center_axis',(-1.52874614332074E-14,9.36087035563356E-31,
1.));
#1532=DIRECTION('ref_axis',(1.,0.,1.52874614332074E-14));
#1533=DIRECTION('center_axis',(-4.18626278036317E-17,-1.,-5.04076425045241E-9));
#1534=DIRECTION('ref_axis',(-1.,4.18626276693177E-17,2.66455640864326E-17));
#1535=DIRECTION('',(-1.,4.18626276693177E-17,2.66455640864326E-17));
#1536=DIRECTION('center_axis',(-2.66455638754127E-17,5.04076447249702E-9,
-1.));
#1537=DIRECTION('ref_axis',(-1.,4.18626276693177E-17,2.66455640864326E-17));
#1538=DIRECTION('',(4.18626278036317E-17,1.,-1.11545146362764E-33));
#1539=DIRECTION('',(-1.,4.1862627669318E-17,2.66455194561597E-17));
#1540=DIRECTION('',(-4.18626278036317E-17,-1.,1.11545146362764E-33));
#1541=DIRECTION('center_axis',(1.,-4.18626278036317E-17,-2.11019627039261E-25));
#1542=DIRECTION('ref_axis',(4.18626278036317E-17,1.,5.04076447249702E-9));
#1543=DIRECTION('',(0.,-5.04076399668715E-9,1.));
#1544=DIRECTION('center_axis',(-1.,4.18626278036317E-17,2.11019627039261E-25));
#1545=DIRECTION('ref_axis',(-4.18626278036317E-17,-1.,-5.04076447249702E-9));
#1546=DIRECTION('',(0.,-5.04076399668715E-9,1.));
#1547=DIRECTION('center_axis',(4.18626278036317E-17,1.,5.04076399668715E-9));
#1548=DIRECTION('ref_axis',(-1.,4.18626276693177E-17,2.66455640864326E-17));
#1549=DIRECTION('',(0.707106781186548,-3.56435843401983E-9,0.707106781186547));
#1550=DIRECTION('',(1.,-4.18626275926121E-17,-4.18626275926123E-17));
#1551=DIRECTION('',(0.707106781186547,3.56435837481714E-9,-0.707106781186548));
#1552=DIRECTION('center_axis',(-0.707106781186547,0.,0.707106781186548));
#1553=DIRECTION('ref_axis',(0.707106781186548,0.,0.707106781186547));
#1554=DIRECTION('',(-0.577350269189627,-0.577350269189624,-0.577350269189626));
#1555=DIRECTION('center_axis',(0.707106781186548,0.,0.707106781186547));
#1556=DIRECTION('ref_axis',(0.707106781186547,0.,-0.707106781186548));
#1557=DIRECTION('',(-0.577350269189627,0.577350269189624,0.577350269189626));
#1558=DIRECTION('center_axis',(0.,-0.707106781186549,0.707106781186546));
#1559=DIRECTION('ref_axis',(1.,0.,0.));
#1560=DIRECTION('center_axis',(-0.707106781186547,-0.502512885598159,-0.497474421259839));
#1561=DIRECTION('ref_axis',(-0.575401162060514,0.,0.817871324047622));
#1562=DIRECTION('',(0.67821487199399,-0.282929628728333,-0.67821487199399));
#1563=DIRECTION('',(0.,-0.703535073479371,0.710660538080156));
#1564=DIRECTION('',(-0.67821487199399,0.68103146300209,0.276081027612199));
#1565=DIRECTION('',(0.,0.703535073479371,-0.710660538080156));
#1566=DIRECTION('center_axis',(-0.707106781186547,-0.707070879787264,0.00712537415625055));
#1567=DIRECTION('ref_axis',(0.0100762891988941,0.,0.999949232909341));
#1568=DIRECTION('',(0.,0.0100768007687523,0.999949227754223));
#1569=DIRECTION('',(0.575401162060502,-0.581228875227999,-0.57540116206054));
#1570=DIRECTION('',(-0.707088829803341,0.707124732114032,0.));
#1571=DIRECTION('',(0.,-0.0100768007687523,-0.999949227754223));
#1572=DIRECTION('',(0.,-0.0100768007687523,-0.999949227754223));
#1573=DIRECTION('center_axis',(3.88393935673723E-15,-0.710660538080156,
-0.703535073479371));
#1574=DIRECTION('ref_axis',(-1.,0.,-5.52060515978116E-15));
#1575=DIRECTION('',(0.,0.703535073479371,-0.710660538080156));
#1576=DIRECTION('',(-1.,-5.49163096176523E-15,2.66455194561597E-17));
#1577=DIRECTION('',(0.,0.703535073479371,-0.710660538080156));
#1578=DIRECTION('',(-1.,-5.49255145496105E-15,2.75753354873749E-17));
#1579=DIRECTION('',(0.,0.703535073479371,-0.710660538080156));
#1580=DIRECTION('',(0.,-0.703535073479371,0.710660538080156));
#1581=DIRECTION('',(-1.,-5.49255145496105E-15,2.75753354873749E-17));
#1582=DIRECTION('',(-7.55346544450351E-17,-0.703535073479371,0.710660538080156));
#1583=DIRECTION('',(-1.,-5.49163096176523E-15,2.66455194561597E-17));
#1584=DIRECTION('center_axis',(0.707106781186547,-0.502512885598159,-0.49747442125984));
#1585=DIRECTION('ref_axis',(-0.575401162060515,0.,-0.817871324047621));
#1586=DIRECTION('',(-0.67821487199399,-0.681031463002092,-0.276081027612195));
#1587=DIRECTION('',(0.67821487199399,0.282929628728332,0.67821487199399));
#1588=DIRECTION('',(0.,-0.703535073479371,0.710660538080156));
#1589=DIRECTION('center_axis',(0.707106781186547,0.,-0.707106781186548));
#1590=DIRECTION('ref_axis',(-0.707106781186548,0.,-0.707106781186547));
#1591=DIRECTION('',(-0.577350269189627,-0.577350269189624,-0.577350269189626));
#1592=DIRECTION('',(-0.577350269189627,0.577350269189624,-0.577350269189626));
#1593=DIRECTION('',(0.,-1.,0.));
#1594=DIRECTION('center_axis',(-0.707106781186548,0.,-0.707106781186548));
#1595=DIRECTION('ref_axis',(-0.707106781186548,0.,0.707106781186548));
#1596=DIRECTION('',(0.,1.,0.));
#1597=DIRECTION('',(-0.577350269189626,-0.577350269189625,0.577350269189626));
#1598=DIRECTION('',(-0.577350269189627,0.577350269189624,0.577350269189627));
#1599=DIRECTION('center_axis',(-1.,0.,0.));
#1600=DIRECTION('ref_axis',(0.,0.,-1.));
#1601=DIRECTION('center_axis',(-1.,0.,0.));
#1602=DIRECTION('ref_axis',(0.,0.,1.));
#1603=DIRECTION('center_axis',(-1.,0.,0.));
#1604=DIRECTION('ref_axis',(0.,0.,1.));
#1605=DIRECTION('',(0.,1.,0.));
#1606=DIRECTION('',(0.,-0.707106781186548,0.707106781186548));
#1607=DIRECTION('',(0.,0.,-1.));
#1608=DIRECTION('',(0.,1.,0.));
#1609=DIRECTION('',(0.,0.,1.));
#1610=DIRECTION('center_axis',(-1.,0.,0.));
#1611=DIRECTION('ref_axis',(0.,0.,1.));
#1612=DIRECTION('center_axis',(-1.,0.,0.));
#1613=DIRECTION('ref_axis',(0.,0.,1.));
#1614=DIRECTION('center_axis',(1.,0.,1.06287953808567E-16));
#1615=DIRECTION('ref_axis',(-1.06287953808567E-16,0.,1.));
#1616=DIRECTION('',(0.,-1.,0.));
#1617=DIRECTION('',(-1.06287953808567E-16,0.,1.));
#1618=DIRECTION('',(0.,-1.,0.));
#1619=DIRECTION('',(1.06282557330453E-16,-0.0100768007687523,-0.999949227754223));
#1620=DIRECTION('center_axis',(-1.,0.,-1.06287953808567E-16));
#1621=DIRECTION('ref_axis',(0.,0.,1.));
#1622=DIRECTION('center_axis',(-1.,0.,-1.06287953808567E-16));
#1623=DIRECTION('ref_axis',(0.,0.,1.));
#1624=DIRECTION('center_axis',(-1.,0.,-1.06287953808567E-16));
#1625=DIRECTION('ref_axis',(0.,0.,1.));
#1626=DIRECTION('center_axis',(2.75753354873749E-17,0.,1.));
#1627=DIRECTION('ref_axis',(-1.,0.,2.75753354873749E-17));
#1628=DIRECTION('',(0.,-1.,0.));
#1629=DIRECTION('',(-1.,0.,2.75753354873749E-17));
#1630=DIRECTION('center_axis',(5.49162064091926E-15,-0.999949227754223,
0.0100768007687523));
#1631=DIRECTION('ref_axis',(0.,-0.0100768007687523,-0.999949227754223));
#1632=DIRECTION('',(0.,-0.0100768007687523,-0.999949227754223));
#1633=DIRECTION('',(1.,5.49189947698929E-15,0.));
#1634=DIRECTION('',(-1.,-5.49189947698929E-15,0.));
#1635=DIRECTION('',(0.,0.0100768007687523,0.999949227754223));
#1636=DIRECTION('center_axis',(3.8637439020851E-15,-0.703535073479393,0.710660538080134));
#1637=DIRECTION('ref_axis',(1.,0.,-5.43683474042768E-15));
#1638=DIRECTION('',(0.575401162060503,0.581228875228001,0.575401162060536));
#1639=DIRECTION('',(-1.,-5.49189947698929E-15,0.));
#1640=DIRECTION('center_axis',(0.,0.,1.));
#1641=DIRECTION('ref_axis',(-1.,0.,0.));
#1642=DIRECTION('',(-0.70708882980334,-0.707124732114034,0.));
#1643=DIRECTION('',(0.,-1.,0.));
#1644=DIRECTION('',(1.,0.,0.));
#1645=DIRECTION('center_axis',(0.,0.707106781186548,0.707106781186548));
#1646=DIRECTION('ref_axis',(1.,0.,0.));
#1647=DIRECTION('',(0.,0.707106781186548,-0.707106781186548));
#1648=DIRECTION('',(-1.,0.,0.));
#1649=DIRECTION('center_axis',(0.707106781186548,-0.707070879787262,0.00712537415625054));
#1650=DIRECTION('ref_axis',(0.0100762891988941,0.,-0.999949232909341));
#1651=DIRECTION('',(0.,0.0100768007687523,0.999949227754223));
#1652=DIRECTION('',(0.,0.0100768007687523,0.999949227754223));
#1653=DIRECTION('center_axis',(-1.88412274956886E-17,0.707106781186549,
-0.707106781186546));
#1654=DIRECTION('ref_axis',(-1.,0.,2.66455194561597E-17));
#1655=DIRECTION('',(0.577350269189626,0.577350269189624,0.577350269189627));
#1656=DIRECTION('',(1.,0.,-2.66455194561597E-17));
#1657=DIRECTION('',(0.577350269189627,-0.577350269189624,-0.577350269189627));
#1658=DIRECTION('center_axis',(0.707106781186546,0.707106781186549,0.));
#1659=DIRECTION('ref_axis',(0.,0.,-1.));
#1660=DIRECTION('',(0.,0.,1.));
#1661=DIRECTION('',(0.707106781186549,-0.707106781186546,0.));
#1662=DIRECTION('',(0.,0.,-1.));
#1663=DIRECTION('center_axis',(0.,0.,-1.));
#1664=DIRECTION('ref_axis',(0.,1.,0.));
#1665=DIRECTION('',(1.,0.,0.));
#1666=DIRECTION('',(0.,1.,0.));
#1667=DIRECTION('',(1.,0.,0.));
#1668=DIRECTION('',(0.,-1.,0.));
#1669=DIRECTION('center_axis',(0.,1.,0.));
#1670=DIRECTION('ref_axis',(1.,0.,0.));
#1671=DIRECTION('',(0.,0.,-1.));
#1672=DIRECTION('',(1.,0.,0.));
#1673=DIRECTION('',(0.,0.,1.));
#1674=DIRECTION('',(0.,0.,-1.));
#1675=DIRECTION('center_axis',(-0.707106781186546,0.707106781186549,0.));
#1676=DIRECTION('ref_axis',(0.,0.,1.));
#1677=DIRECTION('',(0.707106781186549,0.707106781186546,0.));
#1678=DIRECTION('center_axis',(1.,0.,0.));
#1679=DIRECTION('ref_axis',(0.,0.,1.));
#1680=DIRECTION('center_axis',(1.,0.,0.));
#1681=DIRECTION('ref_axis',(0.,0.,1.));
#1682=DIRECTION('',(-0.707106781186546,-8.65956056235495E-17,0.707106781186549));
#1683=DIRECTION('center_axis',(-1.,0.,0.));
#1684=DIRECTION('ref_axis',(0.,0.,1.));
#1685=DIRECTION('center_axis',(1.,0.,0.));
#1686=DIRECTION('ref_axis',(0.,0.,1.));
#1687=DIRECTION('',(0.,0.,1.));
#1688=DIRECTION('center_axis',(1.,0.,0.));
#1689=DIRECTION('ref_axis',(0.,0.,1.));
#1690=DIRECTION('center_axis',(1.,0.,0.));
#1691=DIRECTION('ref_axis',(0.,0.,1.));
#1692=DIRECTION('center_axis',(1.,0.,0.));
#1693=DIRECTION('ref_axis',(0.,0.,1.));
#1694=DIRECTION('center_axis',(1.,0.,0.));
#1695=DIRECTION('ref_axis',(0.,0.,1.));
#1696=DIRECTION('center_axis',(1.,0.,0.));
#1697=DIRECTION('ref_axis',(0.,0.,1.));
#1698=DIRECTION('',(1.,0.,0.));
#1699=DIRECTION('center_axis',(1.,0.,0.));
#1700=DIRECTION('ref_axis',(0.,0.,1.));
#1701=DIRECTION('',(-0.707106781186549,-8.65956056235491E-17,0.707106781186546));
#1702=DIRECTION('center_axis',(-1.,0.,0.));
#1703=DIRECTION('ref_axis',(0.,0.,1.));
#1704=DIRECTION('center_axis',(1.,0.,0.));
#1705=DIRECTION('ref_axis',(0.,0.,1.));
#1706=DIRECTION('center_axis',(1.,0.,0.));
#1707=DIRECTION('ref_axis',(0.,0.,1.));
#1708=DIRECTION('',(1.,0.,0.));
#1709=DIRECTION('center_axis',(1.,0.,0.));
#1710=DIRECTION('ref_axis',(0.,0.,1.));
#1711=DIRECTION('',(-0.707106781186546,-8.65956056235495E-17,0.707106781186549));
#1712=DIRECTION('center_axis',(-1.,0.,0.));
#1713=DIRECTION('ref_axis',(0.,0.,1.));
#1714=DIRECTION('center_axis',(1.,0.,0.));
#1715=DIRECTION('ref_axis',(0.,0.,1.));
#1716=DIRECTION('center_axis',(1.,0.,0.));
#1717=DIRECTION('ref_axis',(0.,0.,1.));
#1718=DIRECTION('',(1.,0.,0.));
#1719=DIRECTION('center_axis',(-1.,0.,0.));
#1720=DIRECTION('ref_axis',(0.,0.,1.));
#1721=DIRECTION('',(0.707106781186548,8.65956056235494E-17,0.707106781186548));
#1722=DIRECTION('center_axis',(1.,0.,0.));
#1723=DIRECTION('ref_axis',(0.,0.,1.));
#1724=DIRECTION('center_axis',(1.,0.,0.));
#1725=DIRECTION('ref_axis',(0.,0.,1.));
#1726=DIRECTION('',(1.,0.,0.));
#1727=DIRECTION('center_axis',(-1.,0.,0.));
#1728=DIRECTION('ref_axis',(0.,0.,1.));
#1729=DIRECTION('',(0.707106781186548,8.65956056235494E-17,0.707106781186548));
#1730=DIRECTION('center_axis',(1.,0.,0.));
#1731=DIRECTION('ref_axis',(0.,0.,1.));
#1732=DIRECTION('center_axis',(1.,0.,0.));
#1733=DIRECTION('ref_axis',(0.,0.,1.));
#1734=DIRECTION('',(1.,0.,0.));
#1735=DIRECTION('center_axis',(-1.,0.,0.));
#1736=DIRECTION('ref_axis',(0.,0.,1.));
#1737=DIRECTION('',(0.707106781186548,8.65956056235493E-17,0.707106781186548));
#1738=DIRECTION('center_axis',(1.,0.,0.));
#1739=DIRECTION('ref_axis',(0.,0.,1.));
#1740=DIRECTION('center_axis',(1.,0.,0.));
#1741=DIRECTION('ref_axis',(0.,0.,1.));
#1742=DIRECTION('',(1.,0.,0.));
#1743=DIRECTION('center_axis',(0.,-1.,0.));
#1744=DIRECTION('ref_axis',(0.,0.,-1.));
#1745=DIRECTION('',(0.,0.,-1.));
#1746=DIRECTION('',(-1.,0.,2.75753354873749E-17));
#1747=DIRECTION('',(0.,0.,-1.));
#1748=DIRECTION('',(1.,0.,0.));
#1749=DIRECTION('',(0.,0.,1.));
#1750=DIRECTION('',(1.,0.,0.));
#1751=DIRECTION('center_axis',(0.,0.,-1.));
#1752=DIRECTION('ref_axis',(0.,1.,0.));
#1753=DIRECTION('',(0.,-1.,0.));
#1754=DIRECTION('center_axis',(0.,0.,-1.));
#1755=DIRECTION('ref_axis',(1.,0.,0.));
#1756=DIRECTION('',(0.,-1.,0.));
#1757=DIRECTION('center_axis',(-1.,0.,0.));
#1758=DIRECTION('ref_axis',(0.,0.,-1.));
#1759=DIRECTION('',(0.,-1.,0.));
#1760=DIRECTION('center_axis',(2.75753354873749E-17,0.,1.));
#1761=DIRECTION('ref_axis',(-1.,0.,2.75753354873749E-17));
#1762=DIRECTION('',(0.,-1.,0.));
#1763=DIRECTION('center_axis',(-1.,0.,0.));
#1764=DIRECTION('ref_axis',(0.,0.,-1.));
#1765=DIRECTION('center_axis',(1.,0.,0.));
#1766=DIRECTION('ref_axis',(0.,0.,1.));
#1767=CARTESIAN_POINT('',(0.,0.,0.));
#1768=CARTESIAN_POINT('Origin',(40.1348260066324,91.1666282535824,-15.8165280743395));
#1769=CARTESIAN_POINT('',(25.3139233589171,65.1145939518944,-13.5055013096859));
#1770=CARTESIAN_POINT('',(28.6030876665693,57.9059762209817,-6.22387406951272));
#1771=CARTESIAN_POINT('Origin',(40.1348260066324,67.4024491198143,-15.8165280743395));
#1772=CARTESIAN_POINT('',(25.3139233589171,87.5267621665941,-13.5055013096858));
#1773=CARTESIAN_POINT('',(25.3139233589171,80.1215656610601,-13.5055013096858));
#1774=CARTESIAN_POINT('',(25.3520678255919,87.5267621654216,-13.2728967015027));
#1775=CARTESIAN_POINT('Origin',(40.1348260066324,87.5267621782434,-15.8165280743395));
#1776=CARTESIAN_POINT('',(29.9825862920055,90.1666282535824,-4.77424439854347));
#1777=CARTESIAN_POINT('Ctrl Pts',(25.3520678255919,87.5267621654216,-13.2728967015027));
#1778=CARTESIAN_POINT('Ctrl Pts',(25.5926773565168,87.5267621583728,-11.8745523699691));
#1779=CARTESIAN_POINT('Ctrl Pts',(26.0266226848562,87.7220199639315,-10.5383131703387));
#1780=CARTESIAN_POINT('Ctrl Pts',(27.0445933402206,88.3018774580037,-8.42913087038393));
#1781=CARTESIAN_POINT('Ctrl Pts',(27.5379923232592,88.6082525860309,-7.62008227815898));
#1782=CARTESIAN_POINT('Ctrl Pts',(28.6631784432305,89.3229496052805,-6.10461961488532));
#1783=CARTESIAN_POINT('Ctrl Pts',(29.2981307761816,89.733940031838,-5.40353057472405));
#1784=CARTESIAN_POINT('Ctrl Pts',(29.9825862920055,90.1666282535824,-4.77424439854348));
#1785=CARTESIAN_POINT('',(29.9825862920055,56.9059762136744,-4.77424439854348));
#1786=CARTESIAN_POINT('',(29.9825862920055,91.1666282535824,-4.77424439854347));
#1787=CARTESIAN_POINT('',(28.9924502018572,57.9059762187152,-5.77424439854346));
#1788=CARTESIAN_POINT('Origin',(40.1348260066324,67.9482599451322,-15.8165280743395));
#1789=CARTESIAN_POINT('Origin',(40.1348260066324,57.905976269336,-15.8165280743395));
#1790=CARTESIAN_POINT('Origin',(-1.26721800769558,102.526762165422,-13.2728966258913));
#1791=CARTESIAN_POINT('',(-11.6838194409293,90.1666282535824,-4.77424439854347));
#1792=CARTESIAN_POINT('',(-1.26721800769558,90.1666282535824,-4.77424439854347));
#1793=CARTESIAN_POINT('',(-7.24828912786299,87.5267621654216,-13.2728967015027));
#1794=CARTESIAN_POINT('',(-1.26721800769558,87.5267621654216,-13.2728967015027));
#1795=CARTESIAN_POINT('Ctrl Pts',(-7.24828912786299,87.5267621654216,-13.2728967015027));
#1796=CARTESIAN_POINT('Ctrl Pts',(-7.47314569610117,87.5267621582039,-11.8410448846334));
#1797=CARTESIAN_POINT('Ctrl Pts',(-7.90050084552431,87.7314737460046,-10.4719930834578));
#1798=CARTESIAN_POINT('Ctrl Pts',(-9.30961639261598,88.5741398469006,-7.48482858976111));
#1799=CARTESIAN_POINT('Ctrl Pts',(-10.4054380556379,89.323589145542,-6.00033013420476));
#1800=CARTESIAN_POINT('Ctrl Pts',(-11.6838194409293,90.1666282535824,-4.77424439854347));
#1801=CARTESIAN_POINT('Origin',(-22.0666819615736,91.1666282535824,-15.5999621981814));
#1802=CARTESIAN_POINT('',(-7.21362727283826,65.1145939518944,-13.5055013096858));
#1803=CARTESIAN_POINT('',(-10.3581819977253,57.9059762209817,-6.2238740695127));
#1804=CARTESIAN_POINT('Origin',(-22.0666819615736,67.1880546495549,-15.5999621981814));
#1805=CARTESIAN_POINT('',(-10.7328710525335,57.9059762187152,-5.77424439854346));
#1806=CARTESIAN_POINT('Origin',(-22.0666819615736,57.9059762682443,-15.5999621981814));
#1807=CARTESIAN_POINT('',(-11.6838194409293,56.9059762136744,-4.77424439854347));
#1808=CARTESIAN_POINT('Origin',(-22.0666819615736,67.7316940678824,-15.5999621981814));
#1809=CARTESIAN_POINT('',(-11.6838194409293,91.1666282535824,-4.77424439854347));
#1810=CARTESIAN_POINT('',(-7.21362727283826,87.5267621665941,-13.5055013096863));
#1811=CARTESIAN_POINT('Origin',(-22.0666819615736,87.5267621771518,-15.5999621981814));
#1812=CARTESIAN_POINT('',(-7.21362727283826,65.3111727066065,-13.5055013096863));
#1813=CARTESIAN_POINT('Origin',(-11.6838194409293,91.1666282535824,-4.77424439854347));
#1814=CARTESIAN_POINT('',(-2.43438374096768,56.9059762136744,-4.77424439854347));
#1815=CARTESIAN_POINT('',(29.9825862920055,56.4708813164041,-4.77424439854347));
#1816=CARTESIAN_POINT('',(29.9825862920055,91.1666282535824,-4.77424439854347));
#1817=CARTESIAN_POINT('',(-11.6838194409293,56.4708813164038,-4.77424439854347));
#1818=CARTESIAN_POINT('',(-1.26721800769552,56.4708813164039,-4.77424439854347));
#1819=CARTESIAN_POINT('',(-11.6838194409293,91.1666282535824,-4.77424439854347));
#1820=CARTESIAN_POINT('Origin',(-7.21362727283826,87.5267621225819,-4.77424409105684));
#1821=CARTESIAN_POINT('',(0.918260385100663,87.5267621665941,-13.5055013096862));
#1822=CARTESIAN_POINT('Origin',(6.81505195899391,57.4059762161948,-5.27424439854347));
#1823=CARTESIAN_POINT('',(16.0644876589555,57.9059762187152,-5.77424439854346));
#1824=CARTESIAN_POINT('Origin',(25.3139233589171,57.9059762136745,-4.77424424036824));
#1825=CARTESIAN_POINT('',(25.3139233589171,57.9059762209817,-6.22387406951272));
#1826=CARTESIAN_POINT('Origin',(25.3139233589171,57.9059762209817,-6.22387406951272));
#1827=CARTESIAN_POINT('',(13.4144079183913,65.1145939518944,-13.5055013096859));
#1828=CARTESIAN_POINT('',(5.21343787557093,65.1145939518944,-13.5055013096859));
#1829=CARTESIAN_POINT('Origin',(9.31392289698127,74.7808250609479,-23.2696328506964));
#1830=CARTESIAN_POINT('',(23.813922896981,65.1145939518944,-13.5055013096859));
#1831=CARTESIAN_POINT('',(17.1820357009783,65.1145937593327,-13.5055011151738));
#1832=CARTESIAN_POINT('',(17.1820357009783,65.1145939518945,-13.505501309686));
#1833=CARTESIAN_POINT('',(-5.186077103019,65.1145939518949,-13.5055013096863));
#1834=CARTESIAN_POINT('',(17.1820357009783,65.1145939518945,-13.505501309686));
#1835=CARTESIAN_POINT('',(17.1820357009783,65.1145937593327,-13.5055011151738));
#1836=CARTESIAN_POINT('',(-5.186077103019,62.6396601156655,-11.0055011276497));
#1837=CARTESIAN_POINT('',(23.813922896981,62.6396601156651,-11.0055011276493));
#1838=CARTESIAN_POINT('',(17.1820357009782,62.6396601156652,-11.0055011276494));
#1839=CARTESIAN_POINT('',(-5.186077103019,60.2243870989382,-8.56576601509988));
#1840=CARTESIAN_POINT('',(-5.186077103019,64.3201169726583,-12.7029777982936));
#1841=CARTESIAN_POINT('',(23.813922896981,60.2243870989382,-8.56576601509989));
#1842=CARTESIAN_POINT('',(10.063923127949,60.2243870989382,-8.56576601509989));
#1843=CARTESIAN_POINT('',(23.813922896981,58.1173493346445,-6.43738798851092));
#1844=CARTESIAN_POINT('Origin',(9.31392289698113,74.7808250117292,-13.5055010664487));
#1845=CARTESIAN_POINT('',(9.31392289698108,85.2808250140284,-11.0055010135207));
#1846=CARTESIAN_POINT('Origin',(9.31392289698109,74.7808249991273,-11.0055010664487));
#1847=CARTESIAN_POINT('',(9.31392289698112,85.2808250266304,-13.5055012080327));
#1848=CARTESIAN_POINT('',(9.31392289698112,85.2808250266304,-13.5055010135207));
#1849=CARTESIAN_POINT('Origin',(9.31392289698113,74.7808250117292,-13.5055010664487));
#1850=CARTESIAN_POINT('Origin',(9.31392289698113,74.7808250117292,-13.5055010664487));
#1851=CARTESIAN_POINT('Origin',(9.05014804303941,72.7163692121403,-13.5055010768552));
#1852=CARTESIAN_POINT('',(-5.186077103019,85.2880190274611,-13.5055013096863));
#1853=CARTESIAN_POINT('',(-5.186077103019,79.0021940914937,-13.5055013096863));
#1854=CARTESIAN_POINT('',(23.813922896981,85.2880190274611,-13.5055013096859));
#1855=CARTESIAN_POINT('',(16.4320354700103,85.2880190274611,-13.505501309686));
#1856=CARTESIAN_POINT('',(23.813922896981,66.4703781396822,-13.5055013096859));
#1857=CARTESIAN_POINT('Origin',(-5.186077103019,60.224387079826,-4.77424422868168));
#1858=CARTESIAN_POINT('',(-5.186077103019,60.224387079826,-4.77424422868168));
#1859=CARTESIAN_POINT('',(-5.186077103019,60.224387079826,-4.77424422868168));
#1860=CARTESIAN_POINT('',(23.813922896981,60.224387079826,-4.77424422868167));
#1861=CARTESIAN_POINT('',(-5.186077103019,60.224387079826,-4.77424422868168));
#1862=CARTESIAN_POINT('',(23.813922896981,60.224387079826,-4.77424422868167));
#1863=CARTESIAN_POINT('Origin',(-5.186077103019,85.2880189834489,-4.77424410234182));
#1864=CARTESIAN_POINT('',(-5.186077103019,85.2880190148592,-11.0055010134847));
#1865=CARTESIAN_POINT('',(-5.186077103019,79.0021941071988,-11.00550104517));
#1866=CARTESIAN_POINT('',(-5.186077103019,85.2880189834489,-4.77424410234182));
#1867=CARTESIAN_POINT('',(-5.186077103019,85.2880189834489,-4.77424410234182));
#1868=CARTESIAN_POINT('',(-5.186077103019,85.2880189834489,-4.77424410234182));
#1869=CARTESIAN_POINT('Origin',(27.6859273159423,91.1666282535824,-1.00550130968631));
#1870=CARTESIAN_POINT('',(27.6859273159423,52.739925671805,-1.00550130968631));
#1871=CARTESIAN_POINT('',(-10.0076342305644,52.7399256718047,-1.00550130968631));
#1872=CARTESIAN_POINT('',(13.2093546541235,52.7399256718049,-1.00550130968631));
#1873=CARTESIAN_POINT('',(27.6859273159423,91.1666282535824,-1.00550130968631));
#1874=CARTESIAN_POINT('',(27.6859273159423,91.1666282535824,-1.00550130968631));
#1875=CARTESIAN_POINT('',(-10.0076342305644,91.1666282535824,-1.00550130968631));
#1876=CARTESIAN_POINT('',(18.4176553707402,91.1666282535824,-1.00550130968631));
#1877=CARTESIAN_POINT('',(-10.0076342305644,91.1666282535824,-1.00550130968631));
#1878=CARTESIAN_POINT('',(24.3139233440159,59.526761686352,-1.00550130968631));
#1879=CARTESIAN_POINT('',(-5.68607710301892,59.526761686352,-1.00550130968631));
#1880=CARTESIAN_POINT('',(10.9999251064617,59.526761686352,-1.00550130968631));
#1881=CARTESIAN_POINT('',(-5.68607710301892,86.5267620886834,-1.00550130968631));
#1882=CARTESIAN_POINT('',(-5.68607710301892,88.8466951806315,-1.00550130968631));
#1883=CARTESIAN_POINT('',(-5.18508547107919,86.5267620886833,-1.00550130968631));
#1884=CARTESIAN_POINT('',(25.9999253299791,86.5267620886833,-1.00550130968631));
#1885=CARTESIAN_POINT('',(-5.18508547107919,87.5887872433469,-1.00550130968631));
#1886=CARTESIAN_POINT('',(-5.18508547107919,88.9777077484646,-1.00550130968631));
#1887=CARTESIAN_POINT('',(23.6228767731394,87.5887872433469,-1.00550130968631));
#1888=CARTESIAN_POINT('',(25.2544020445409,87.5887872433469,-1.00550130968631));
#1889=CARTESIAN_POINT('',(23.6228767731394,86.5267620886833,-1.00550130968631));
#1890=CARTESIAN_POINT('',(23.6228767731394,75.3737266263553,-1.00550130968631));
#1891=CARTESIAN_POINT('',(24.3139233440159,86.5267620886833,-1.00550130968631));
#1892=CARTESIAN_POINT('',(25.9999253299791,86.5267620886833,-1.00550130968631));
#1893=CARTESIAN_POINT('',(24.3139233440159,75.3466949794659,-1.00550130968631));
#1894=CARTESIAN_POINT('Origin',(-5.68607710301892,59.5267617053493,-4.77424423219824));
#1895=CARTESIAN_POINT('',(24.3139233440159,59.5267617053493,-4.77424423219824));
#1896=CARTESIAN_POINT('',(24.3139233440159,59.5267617053493,-4.77424423219824));
#1897=CARTESIAN_POINT('',(-5.68607710301892,59.5267617053493,-4.77424423219824));
#1898=CARTESIAN_POINT('',(-8.68494827197409,59.5267617053493,-4.77424439854347));
#1899=CARTESIAN_POINT('',(-5.68607710301892,59.5267617053493,-4.77424423219824));
#1900=CARTESIAN_POINT('Origin',(9.05014804303937,72.7163691995384,-11.0055010768552));
#1901=CARTESIAN_POINT('',(23.813922896981,85.2880190148592,-11.0055010134842));
#1902=CARTESIAN_POINT('',(23.813922896981,66.4703781553874,-11.0055011083395));
#1903=CARTESIAN_POINT('',(16.4320354700102,85.2880190148592,-11.0055010134843));
#1904=CARTESIAN_POINT('Origin',(23.813922896981,60.224387079826,-4.77424422868167));
#1905=CARTESIAN_POINT('',(23.813922896981,85.2880189834489,-4.77424410234182));
#1906=CARTESIAN_POINT('',(23.813922896981,60.224387079826,-4.77424422868167));
#1907=CARTESIAN_POINT('',(23.813922896981,85.2880189834489,-4.77424410234182));
#1908=CARTESIAN_POINT('Origin',(9.05014804303945,72.7163691995384,-13.5055013096861));
#1909=CARTESIAN_POINT('Origin',(23.813922896981,85.2880189834489,-4.77424410234182));
#1910=CARTESIAN_POINT('',(23.813922896981,85.2880189834489,-4.77424410234182));
#1911=CARTESIAN_POINT('Origin',(9.05014804303941,72.7163691681282,-4.77424416571254));
#1912=CARTESIAN_POINT('',(24.3139233440159,86.5267621076807,-4.7742440960976));
#1913=CARTESIAN_POINT('',(24.3139233440159,75.3466949794659,-4.77424439854347));
#1914=CARTESIAN_POINT('',(-5.68607710301892,86.5267621076807,-4.7742440960976));
#1915=CARTESIAN_POINT('',(6.31505195154333,86.5267621076807,-4.77424439854347));
#1916=CARTESIAN_POINT('',(-5.68607710301892,88.8466951806315,-4.77424439854347));
#1917=CARTESIAN_POINT('Origin',(24.3139233440159,59.5267617053493,-4.77424423219824));
#1918=CARTESIAN_POINT('',(24.3139233440159,86.5267621076807,-4.7742440960976));
#1919=CARTESIAN_POINT('Origin',(-5.68607710301892,86.5267621076807,-4.7742440960976));
#1920=CARTESIAN_POINT('',(-5.68607710301892,86.5267621076807,-4.7742440960976));
#1921=CARTESIAN_POINT('Origin',(24.3139233440159,86.5267621076807,-4.7742440960976));
#1922=CARTESIAN_POINT('',(22.5608516238293,86.5267620940367,-2.06752645899648));
#1923=CARTESIAN_POINT('',(22.3534527333107,86.5267620950822,-2.27492534951506));
#1924=CARTESIAN_POINT('',(-4.12306032176902,86.5267620940367,-2.06752645899648));
#1925=CARTESIAN_POINT('',(24.7841626942784,86.5267620940367,-2.06752645899648));
#1926=CARTESIAN_POINT('',(3.63185243238606,86.5267621331274,-9.82243921315157));
#1927=CARTESIAN_POINT('Origin',(22.6228767731394,75.3737266263553,-2.00550130968631));
#1928=CARTESIAN_POINT('',(23.6228767731394,87.5887872433469,-1.00550130968631));
#1929=CARTESIAN_POINT('Origin',(-4.18508547107919,88.9777077484646,-2.00550130968631));
#1930=CARTESIAN_POINT('',(-3.18508547107919,85.5887872433469,-3.00550130968631));
#1931=CARTESIAN_POINT('Origin',(25.2544020445409,86.5887872433469,-2.00550130968631));
#1932=CARTESIAN_POINT('Origin',(-12.6838194409293,52.555936058733,0.601745009725286));
#1933=CARTESIAN_POINT('',(-13.6838194409293,57.3052175729843,-2.77424439854347));
#1934=CARTESIAN_POINT('',(-16.5634131397975,58.5064922865775,0.105349300324784));
#1935=CARTESIAN_POINT('',(-11.6838194409293,41.6220333279351,10.2249940177699));
#1936=CARTESIAN_POINT('',(-11.6838194409293,51.8452755206529,-0.101790063754083));
#1937=CARTESIAN_POINT('',(-13.6838194409293,43.6303392236753,11.0391343116873));
#1938=CARTESIAN_POINT('',(-15.3172813928199,45.2705848578999,11.704067908495));
#1939=CARTESIAN_POINT('',(-13.6838194409293,53.2665965968132,1.30528008320466));
#1940=CARTESIAN_POINT('Origin',(-12.6838194409293,42.7605499209069,23.9653458521359));
#1941=CARTESIAN_POINT('',(-11.6838194409293,41.8336820069736,31.2274865763221));
#1942=CARTESIAN_POINT('',(-11.6838194409293,41.7606006931527,23.9754226529047));
#1943=CARTESIAN_POINT('',(-13.6837178964376,43.853835608511,33.2273850318306));
#1944=CARTESIAN_POINT('',(-5.96340071479756,36.0553263809328,25.5070678501901));
#1945=CARTESIAN_POINT('',(-13.6838194409293,43.8539371581586,33.2273850318306));
#1946=CARTESIAN_POINT('',(-14.0726109251699,44.2427483832183,33.2273850318306));
#1947=CARTESIAN_POINT('',(-13.6838194409293,43.7434897536456,22.267379035411));
#1948=CARTESIAN_POINT('',(-13.6838194409293,43.7604991486611,23.9552690513672));
#1949=CARTESIAN_POINT('',(-13.6838194409293,43.7034225893321,18.2914018445377));
#1950=CARTESIAN_POINT('Ctrl Pts',(-13.6838194409293,43.7434897536456,22.267379035411));
#1951=CARTESIAN_POINT('Ctrl Pts',(-12.1338194409292,42.1735348684697,20.2950094811659));
#1952=CARTESIAN_POINT('Ctrl Pts',(-13.6838194409293,43.7034225893321,18.2914018445377));
#1953=CARTESIAN_POINT('',(-13.6838194409293,43.7604991486611,23.9552690513672));
#1954=CARTESIAN_POINT('Origin',(-1.26721800769548,49.0464573221695,2.7253748096132));
#1955=CARTESIAN_POINT('',(29.9825862920055,41.6220333279354,10.2249940177699));
#1956=CARTESIAN_POINT('',(29.9825862920055,61.3452005212292,-9.69793113351195));
#1957=CARTESIAN_POINT('',(29.3925545973893,41.6220333279354,10.2249940177699));
#1958=CARTESIAN_POINT('',(-1.26721800769544,41.6220333279352,10.2249940177699));
#1959=CARTESIAN_POINT('',(29.3925545973893,42.1750450617037,9.66638133291699));
#1960=CARTESIAN_POINT('',(29.3925545973893,52.5127792311068,-0.776054310020444));
#1961=CARTESIAN_POINT('',(27.6859273159423,42.1750450617037,9.66638133291699));
#1962=CARTESIAN_POINT('',(14.0626682948471,42.1750450617037,9.66638133291699));
#1963=CARTESIAN_POINT('',(27.6859273159423,57.7352273841138,-6.05139587352882));
#1964=CARTESIAN_POINT('',(-10.0076342305644,42.1750450617035,9.66638133291699));
#1965=CARTESIAN_POINT('',(-10.0076342305644,61.153024506718,-9.50380874356057));
#1966=CARTESIAN_POINT('',(-10.86889662352,42.1750450617035,9.66638133291699));
#1967=CARTESIAN_POINT('',(-5.63742611912977,42.1750450617035,9.66638133291699));
#1968=CARTESIAN_POINT('',(-10.86889662352,41.6220333279351,10.2249940177699));
#1969=CARTESIAN_POINT('',(-10.86889662352,57.7352273841137,-6.05139587352893));
#1970=CARTESIAN_POINT('',(-1.26721800769544,41.6220333279352,10.2249940177699));
#1971=CARTESIAN_POINT('Origin',(30.9825862920055,62.0558610593093,-8.99439606003258));
#1972=CARTESIAN_POINT('',(31.9825862920055,43.6303392236755,11.0391343116873));
#1973=CARTESIAN_POINT('',(33.0886733874413,44.7410198411585,11.4893893481756));
#1974=CARTESIAN_POINT('',(31.9825862920055,57.3052175729845,-2.77424439854347));
#1975=CARTESIAN_POINT('',(33.5666419604018,57.966035111277,-1.19018873014712));
#1976=CARTESIAN_POINT('',(31.9825862920055,62.7665215973895,-8.29086098655321));
#1977=CARTESIAN_POINT('Origin',(30.9825862920055,91.1666282535824,-3.77424439854347));
#1978=CARTESIAN_POINT('',(30.4825862920055,90.6666282535824,-4.27424439854348));
#1979=CARTESIAN_POINT('',(25.4409522420553,85.6249942036322,-9.31587844849366));
#1980=CARTESIAN_POINT('',(31.9825862920055,89.1666282535824,-2.77424439854347));
#1981=CARTESIAN_POINT('',(32.2326541849377,88.9165603606501,-2.52417650561122));
#1982=CARTESIAN_POINT('',(31.9825862920055,91.1666282535824,-2.77424439854347));
#1983=CARTESIAN_POINT('Origin',(-12.6838194409293,91.1666282535824,-3.77424439854347));
#1984=CARTESIAN_POINT('',(-13.6838194409293,89.1666282535824,-2.77424439854347));
#1985=CARTESIAN_POINT('',(-13.6838194409293,91.1666282535824,-2.77424439854347));
#1986=CARTESIAN_POINT('',(-12.1838194409293,90.6666282535824,-4.27424439854347));
#1987=CARTESIAN_POINT('',(-17.1006897863927,85.749757908119,0.642625946919964));
#1988=CARTESIAN_POINT('',(-10.6143858687236,89.0971946813768,-5.84367797074909));
#1989=CARTESIAN_POINT('Origin',(-13.6838194409293,91.1666282535824,33.2273850318306));
#1990=CARTESIAN_POINT('',(-13.6838194409293,44.2234307853659,18.22435203959));
#1991=CARTESIAN_POINT('Origin',(-13.6838194409293,44.2234307853659,20.27435203959));
#1992=CARTESIAN_POINT('Origin',(-13.6838194409293,44.2234307853659,20.27435203959));
#1993=CARTESIAN_POINT('',(-13.6838194409293,56.0366926083191,33.2273850318306));
#1994=CARTESIAN_POINT('',(-13.6838194409293,91.1666282535824,33.2273850318306));
#1995=CARTESIAN_POINT('',(-13.6838194409293,58.0366926083191,31.2273850318306));
#1996=CARTESIAN_POINT('',(-13.6838194409293,65.3191765196349,23.9449011205148));
#1997=CARTESIAN_POINT('',(-13.6838194409293,58.0366926083191,8.1407403772839));
#1998=CARTESIAN_POINT('',(-13.6838194409293,58.0366926083191,33.2273850318306));
#1999=CARTESIAN_POINT('',(-13.6838194409293,89.1666282535824,8.1407403772839));
#2000=CARTESIAN_POINT('',(-13.6838194409293,74.6016604309507,8.1407403772839));
#2001=CARTESIAN_POINT('',(-13.6838194409293,89.1666282535824,23.7269776742371));
#2002=CARTESIAN_POINT('',(-13.6838194409293,51.2936129850267,25.1534590284883));
#2003=CARTESIAN_POINT('Origin',(-13.6838194409293,51.2936129850267,27.2034590284883));
#2004=CARTESIAN_POINT('',(-13.6838194409293,51.1525377742642,11.1541698399291));
#2005=CARTESIAN_POINT('Origin',(-13.6838194409293,51.1525377742642,13.2041698399291));
#2006=CARTESIAN_POINT('Origin',(-10.86889662352,91.1666282535824,9.66638133291699));
#2007=CARTESIAN_POINT('',(-10.86889662352,58.0366926083191,9.66638133291699));
#2008=CARTESIAN_POINT('',(-10.86889662352,91.1666282535824,9.66638133291699));
#2009=CARTESIAN_POINT('',(-10.86889662352,58.0366926083191,30.5572346204825));
#2010=CARTESIAN_POINT('',(-10.86889662352,58.0366926083191,21.4468831823738));
#2011=CARTESIAN_POINT('',(-10.86889662352,41.8269276686168,30.5572346204825));
#2012=CARTESIAN_POINT('',(-10.86889662352,91.1666282535824,30.5572346204825));
#2013=CARTESIAN_POINT('',(-10.86889662352,41.6418969502214,12.1961170181504));
#2014=CARTESIAN_POINT('',(-10.86889662352,51.1525377742642,12.1541698399291));
#2015=CARTESIAN_POINT('Origin',(-10.86889662352,51.1525377742642,13.2041698399291));
#2016=CARTESIAN_POINT('',(-10.86889662352,51.2936129850267,26.1534590284883));
#2017=CARTESIAN_POINT('Origin',(-10.86889662352,51.2936129850267,27.2034590284883));
#2018=CARTESIAN_POINT('',(-10.86889662352,44.2234307853659,19.22435203959));
#2019=CARTESIAN_POINT('Origin',(-10.86889662352,44.2234307853659,20.27435203959));
#2020=CARTESIAN_POINT('Origin',(-10.0076342305644,91.1666282535824,9.66638133291699));
#2021=CARTESIAN_POINT('',(-10.0076342305644,58.0366926083191,9.66638133291699));
#2022=CARTESIAN_POINT('',(-10.0076342305644,91.1666282535824,9.66638133291699));
#2023=CARTESIAN_POINT('',(-10.8457268357468,58.0366926083191,9.66638133291699));
#2024=CARTESIAN_POINT('Origin',(9.1493834255381,41.6623584624576,14.2265703166436));
#2025=CARTESIAN_POINT('',(29.9825862920055,41.8336820069738,31.2274865763221));
#2026=CARTESIAN_POINT('',(29.9825862920055,41.5691429900551,4.9765373168063));
#2027=CARTESIAN_POINT('',(19.5659848587719,41.8336820069738,31.2274865763221));
#2028=CARTESIAN_POINT('',(29.3925545973893,41.8269276686171,30.5572346204825));
#2029=CARTESIAN_POINT('',(-0.859756598990831,41.8269276686169,30.5572346204825));
#2030=CARTESIAN_POINT('',(29.3925545973893,41.7471480893476,22.640483013322));
#2031=CARTESIAN_POINT('Origin',(19.5659848587719,42.8437588077425,32.2274358040764));
#2032=CARTESIAN_POINT('',(31.9824847475138,43.8538356085112,33.2273850318306));
#2033=CARTESIAN_POINT('',(24.5338109137907,36.3297209563759,25.7787111981071));
#2034=CARTESIAN_POINT('',(19.5659848587719,43.8538356085112,33.2273850318306));
#2035=CARTESIAN_POINT('Origin',(29.9825862920055,91.1666282535824,33.2273850318306));
#2036=CARTESIAN_POINT('',(31.9825862920055,43.8539371581588,33.2273850318306));
#2037=CARTESIAN_POINT('',(42.7395858960928,54.6114829470049,33.2273850318306));
#2038=CARTESIAN_POINT('',(31.9825862920055,56.0366926083191,33.2273850318306));
#2039=CARTESIAN_POINT('',(31.9825862920055,91.1666282535824,33.2273850318306));
#2040=CARTESIAN_POINT('',(9.1493834255381,56.0366926083191,33.2273850318306));
#2041=CARTESIAN_POINT('Origin',(9.1493834255381,57.0366926083191,32.2273850318306));
#2042=CARTESIAN_POINT('',(31.9825862920055,58.0366926083191,31.2273850318306));
#2043=CARTESIAN_POINT('',(31.9825862920055,74.8195838772284,14.4444937629212));
#2044=CARTESIAN_POINT('',(9.1493834255381,58.0366926083191,31.2273850318306));
#2045=CARTESIAN_POINT('Origin',(30.9825862920055,42.5690922178093,4.96646051603754));
#2046=CARTESIAN_POINT('',(31.9825862920055,43.7034225893323,18.2914018445377));
#2047=CARTESIAN_POINT('',(31.9825862920055,43.5690414455635,4.95638371526879));
#2048=CARTESIAN_POINT('',(31.9825862920055,43.7434897536458,22.267379035411));
#2049=CARTESIAN_POINT('Ctrl Pts',(31.9825862920055,43.7034225893323,18.2914018445377));
#2050=CARTESIAN_POINT('Ctrl Pts',(30.4325862920051,42.1735348684697,20.2950094811659));
#2051=CARTESIAN_POINT('Ctrl Pts',(31.9825862920055,43.7434897536458,22.267379035411));
#2052=CARTESIAN_POINT('',(31.9825862920055,43.5690414455635,4.95638371526879));
#2053=CARTESIAN_POINT('Origin',(-1.26721800769558,90.6666282535824,-4.27424439854347));
#2054=CARTESIAN_POINT('',(-11.6838194409293,91.1666282535824,-3.77424439854347));
#2055=CARTESIAN_POINT('',(-5.86418218992687,96.9862655045848,2.04539285245891));
#2056=CARTESIAN_POINT('',(29.9825862920055,91.1666282535824,-3.77424439854347));
#2057=CARTESIAN_POINT('',(-1.26721800769558,91.1666282535824,-3.77424439854347));
#2058=CARTESIAN_POINT('',(23.8575510157897,97.2916635297981,2.3507908776723));
#2059=CARTESIAN_POINT('Origin',(30.9825862920055,90.1666282535824,4.72616295905004));
#2060=CARTESIAN_POINT('',(29.9825862920055,91.1666282535824,8.1407403772839));
#2061=CARTESIAN_POINT('',(29.9825862920055,91.1666282535824,4.72616295905004));
#2062=CARTESIAN_POINT('',(31.9825862920055,89.1666282535824,8.1407403772839));
#2063=CARTESIAN_POINT('',(28.3484687700876,92.8007457755003,8.1407403772839));
#2064=CARTESIAN_POINT('',(31.9825862920055,89.1666282535824,4.72616295905004));
#2065=CARTESIAN_POINT('Origin',(-11.6838194409293,58.0366926083191,8.1407403772839));
#2066=CARTESIAN_POINT('',(27.6859273159423,91.1666282535824,8.1407403772839));
#2067=CARTESIAN_POINT('',(-1.26721800769558,91.1666282535824,8.1407403772839));
#2068=CARTESIAN_POINT('',(27.6859273159423,58.0366926083191,8.1407403772839));
#2069=CARTESIAN_POINT('',(27.6859273159423,74.6016604309507,8.1407403772839));
#2070=CARTESIAN_POINT('',(31.9825862920055,58.0366926083191,8.1407403772839));
#2071=CARTESIAN_POINT('',(29.9825862920055,58.0366926083191,8.1407403772839));
#2072=CARTESIAN_POINT('',(31.9825862920055,74.6016604309507,8.1407403772839));
#2073=CARTESIAN_POINT('Origin',(9.1493834255381,91.1666282535824,14.2265703166436));
#2074=CARTESIAN_POINT('',(-11.6838194409293,91.1666282535824,8.1407403772839));
#2075=CARTESIAN_POINT('',(-11.6838194409293,91.1666282535824,23.7269776742371));
#2076=CARTESIAN_POINT('',(-10.0076342305644,91.1666282535824,8.1407403772839));
#2077=CARTESIAN_POINT('',(-1.26721800769558,91.1666282535824,8.1407403772839));
#2078=CARTESIAN_POINT('',(-10.0076342305644,91.1666282535824,-4.00550130968631));
#2079=CARTESIAN_POINT('',(27.6859273159423,91.1666282535824,9.66638133291699));
#2080=CARTESIAN_POINT('Origin',(-12.6838194409293,90.1666282535824,23.7269776742371));
#2081=CARTESIAN_POINT('',(-20.4663033522451,82.3841443422666,8.1407403772839));
#2082=CARTESIAN_POINT('Origin',(31.4825862920055,51.2936129850267,27.2034590284883));
#2083=CARTESIAN_POINT('',(31.9825862920055,51.2936129850267,25.1534590284883));
#2084=CARTESIAN_POINT('Origin',(31.9825862920055,51.2936129850267,27.2034590284883));
#2085=CARTESIAN_POINT('',(30.9825862920055,51.2936129850267,26.1534590284883));
#2086=CARTESIAN_POINT('',(31.4825862920055,51.2936129850267,25.6534590284883));
#2087=CARTESIAN_POINT('Origin',(30.9825862920055,51.2936129850267,27.2034590284883));
#2088=CARTESIAN_POINT('Origin',(31.9825862920055,91.1666282535824,-4.77424439854347));
#2089=CARTESIAN_POINT('',(31.9825862920055,58.0366926083191,14.2265703166436));
#2090=CARTESIAN_POINT('',(31.9825862920055,44.2234307853659,18.22435203959));
#2091=CARTESIAN_POINT('Origin',(31.9825862920055,44.2234307853659,20.27435203959));
#2092=CARTESIAN_POINT('Origin',(31.9825862920055,44.2234307853659,20.27435203959));
#2093=CARTESIAN_POINT('',(31.9825862920055,51.1525377742642,11.1541698399291));
#2094=CARTESIAN_POINT('Origin',(31.9825862920055,51.1525377742642,13.2041698399291));
#2095=CARTESIAN_POINT('Origin',(-11.6838194409292,51.2936129850267,27.2034590284883));
#2096=CARTESIAN_POINT('',(29.3925545973893,51.2936129850267,26.1534590284883));
#2097=CARTESIAN_POINT('Origin',(29.3925545973893,51.2936129850267,27.2034590284883));
#2098=CARTESIAN_POINT('',(-11.6838194409292,51.2936129850267,26.1534590284883));
#2099=CARTESIAN_POINT('Origin',(31.4825862920055,44.2234307853659,20.27435203959));
#2100=CARTESIAN_POINT('',(30.9825862920055,44.2234307853659,19.22435203959));
#2101=CARTESIAN_POINT('',(31.4825862920055,44.2234307853659,18.72435203959));
#2102=CARTESIAN_POINT('Origin',(30.9825862920055,44.2234307853659,20.27435203959));
#2103=CARTESIAN_POINT('Origin',(-11.6838194409292,44.2234307853659,20.27435203959));
#2104=CARTESIAN_POINT('',(29.3925545973893,44.2234307853659,19.22435203959));
#2105=CARTESIAN_POINT('Origin',(29.3925545973893,44.2234307853659,20.27435203959));
#2106=CARTESIAN_POINT('',(-11.6838194409292,44.2234307853659,19.22435203959));
#2107=CARTESIAN_POINT('Origin',(31.4825862920055,51.1525377742642,13.2041698399291));
#2108=CARTESIAN_POINT('',(30.9825862920055,51.1525377742642,12.1541698399291));
#2109=CARTESIAN_POINT('',(31.4825862920055,51.1525377742642,11.6541698399291));
#2110=CARTESIAN_POINT('Origin',(30.9825862920055,51.1525377742642,13.2041698399291));
#2111=CARTESIAN_POINT('Origin',(-11.6838194409292,51.1525377742642,13.2041698399291));
#2112=CARTESIAN_POINT('',(29.3925545973893,51.1525377742642,12.1541698399291));
#2113=CARTESIAN_POINT('Origin',(29.3925545973893,51.1525377742642,13.2041698399291));
#2114=CARTESIAN_POINT('',(-11.6838194409292,51.1525377742642,12.1541698399291));
#2115=CARTESIAN_POINT('Origin',(-13.1838194409293,51.2936129850267,27.2034590284883));
#2116=CARTESIAN_POINT('',(-12.6838194409293,51.2936129850267,26.1534590284883));
#2117=CARTESIAN_POINT('',(-13.1838194409293,51.2936129850267,25.6534590284883));
#2118=CARTESIAN_POINT('Origin',(-12.6838194409293,51.2936129850267,27.2034590284883));
#2119=CARTESIAN_POINT('Origin',(-11.6838194409292,51.2936129850267,27.2034590284883));
#2120=CARTESIAN_POINT('',(-11.6838194409292,51.2936129850267,26.1534590284883));
#2121=CARTESIAN_POINT('Origin',(-13.1838194409293,44.2234307853659,20.27435203959));
#2122=CARTESIAN_POINT('',(-12.6838194409293,44.2234307853659,19.22435203959));
#2123=CARTESIAN_POINT('',(-13.1838194409293,44.2234307853659,18.72435203959));
#2124=CARTESIAN_POINT('Origin',(-12.6838194409293,44.2234307853659,20.27435203959));
#2125=CARTESIAN_POINT('Origin',(-11.6838194409292,44.2234307853659,20.27435203959));
#2126=CARTESIAN_POINT('',(-11.6838194409292,44.2234307853659,19.22435203959));
#2127=CARTESIAN_POINT('Origin',(-13.1838194409293,51.1525377742642,13.2041698399291));
#2128=CARTESIAN_POINT('',(-12.6838194409293,51.1525377742642,12.1541698399291));
#2129=CARTESIAN_POINT('',(-13.1838194409293,51.1525377742642,11.6541698399291));
#2130=CARTESIAN_POINT('Origin',(-12.6838194409293,51.1525377742642,13.2041698399291));
#2131=CARTESIAN_POINT('Origin',(-11.6838194409292,51.1525377742642,13.2041698399291));
#2132=CARTESIAN_POINT('',(-11.6838194409292,51.1525377742642,12.1541698399291));
#2133=CARTESIAN_POINT('Origin',(-11.6838194409293,58.0366926083191,33.2273850318306));
#2134=CARTESIAN_POINT('',(27.6859273159423,58.0366926083191,9.66638133291699));
#2135=CARTESIAN_POINT('',(27.6859273159423,58.0366926083191,21.4468831823738));
#2136=CARTESIAN_POINT('',(29.3925545973893,58.0366926083191,9.66638133291699));
#2137=CARTESIAN_POINT('',(8.85436757823002,58.0366926083191,9.66638133291699));
#2138=CARTESIAN_POINT('',(29.3925545973893,58.0366926083191,30.5572346204825));
#2139=CARTESIAN_POINT('',(29.3925545973893,58.0366926083191,31.8923098261565));
#2140=CARTESIAN_POINT('',(-11.2763580322246,58.0366926083191,30.5572346204825));
#2141=CARTESIAN_POINT('',(-10.0076342305644,58.0366926083191,8.1407403772839));
#2142=CARTESIAN_POINT('',(-10.0076342305644,58.0366926083191,14.6109418610721));
#2143=CARTESIAN_POINT('',(-11.6838194409293,58.0366926083191,8.1407403772839));
#2144=CARTESIAN_POINT('Origin',(-11.6838194409293,58.0366926083191,8.1407403772839));
#2145=CARTESIAN_POINT('',(-10.0076342305644,74.6016604309507,8.1407403772839));
#2146=CARTESIAN_POINT('Origin',(-10.86889662352,91.1666282535824,30.5572346204825));
#2147=CARTESIAN_POINT('',(29.3925545973893,91.1666282535824,30.5572346204825));
#2148=CARTESIAN_POINT('Origin',(29.3925545973893,91.1666282535824,30.5572346204825));
#2149=CARTESIAN_POINT('',(29.3925545973893,91.1666282535824,9.66638133291699));
#2150=CARTESIAN_POINT('Origin',(29.3925545973893,91.1666282535824,9.66638133291699));
#2151=CARTESIAN_POINT('',(27.6859273159423,91.1666282535824,9.66638133291699));
#2152=CARTESIAN_POINT('Origin',(27.6859273159423,91.1666282535824,9.66638133291699));
#2153=CARTESIAN_POINT('Origin',(-10.0076342305644,91.1666282535824,-4.00550130968631));
#2154=UNCERTAINTY_MEASURE_WITH_UNIT(LENGTH_MEASURE(0.01),#2158,
'DISTANCE_ACCURACY_VALUE',
'Maximum model space distance between geometric entities at asserted c
onnectivities');
#2155=UNCERTAINTY_MEASURE_WITH_UNIT(LENGTH_MEASURE(0.01),#2158,
'DISTANCE_ACCURACY_VALUE',
'Maximum model space distance between geometric entities at asserted c
onnectivities');
#2156=(
GEOMETRIC_REPRESENTATION_CONTEXT(3)
GLOBAL_UNCERTAINTY_ASSIGNED_CONTEXT((#2154))
GLOBAL_UNIT_ASSIGNED_CONTEXT((#2158,#2160,#2161))
REPRESENTATION_CONTEXT('','3D')
);
#2157=(
GEOMETRIC_REPRESENTATION_CONTEXT(3)
GLOBAL_UNCERTAINTY_ASSIGNED_CONTEXT((#2155))
GLOBAL_UNIT_ASSIGNED_CONTEXT((#2158,#2160,#2161))
REPRESENTATION_CONTEXT('','3D')
);
#2158=(
LENGTH_UNIT()
NAMED_UNIT(*)
SI_UNIT(.MILLI.,.METRE.)
);
#2159=(
LENGTH_UNIT()
NAMED_UNIT(*)
SI_UNIT($,.METRE.)
);
#2160=(
NAMED_UNIT(*)
PLANE_ANGLE_UNIT()
SI_UNIT($,.RADIAN.)
);
#2161=(
NAMED_UNIT(*)
SI_UNIT($,.STERADIAN.)
SOLID_ANGLE_UNIT()
);
#2162=SHAPE_DEFINITION_REPRESENTATION(#2163,#2164);
#2163=PRODUCT_DEFINITION_SHAPE('',$,#2166);
#2164=SHAPE_REPRESENTATION('',(#1326),#2156);
#2165=PRODUCT_DEFINITION_CONTEXT('part definition',#2170,'design');
#2166=PRODUCT_DEFINITION('\X2\955C593456FA5B9A\X0\','\X2\955C593456FA5B9A\X0\ 
v1',#2167,#2165);
#2167=PRODUCT_DEFINITION_FORMATION('',$,#2172);
#2168=PRODUCT_RELATED_PRODUCT_CATEGORY('\X2\955C593456FA5B9A\X0\ v1',
'\X2\955C593456FA5B9A\X0\ v1',(#2172));
#2169=APPLICATION_PROTOCOL_DEFINITION('international standard',
'ap242_managed_model_based_3d_engineering',2011,#2170);
#2170=APPLICATION_CONTEXT('Managed model based 3d engineering');
#2171=PRODUCT_CONTEXT('part definition',#2170,'mechanical');
#2172=PRODUCT('\X2\955C593456FA5B9A\X0\','\X2\955C593456FA5B9A\X0\ v1',
$,(#2171));
#2173=PRESENTATION_STYLE_ASSIGNMENT((#2174));
#2174=SURFACE_STYLE_USAGE(.BOTH.,#2175);
#2175=SURFACE_SIDE_STYLE('',(#2176));
#2176=SURFACE_STYLE_FILL_AREA(#2177);
#2177=FILL_AREA_STYLE('\X2\94A2\X0\ - \X2\7F0E5149\X0\',(#2178));
#2178=FILL_AREA_STYLE_COLOUR('\X2\94A2\X0\ - \X2\7F0E5149\X0\',#2179);
#2179=COLOUR_RGB('\X2\94A2\X0\ - \X2\7F0E5149\X0\',0.627450980392157,0.627450980392157,
0.627450980392157);
ENDSEC;
END-ISO-10303-21;
