ISO-10303-21;
HEADER;
/* Generated by software containing ST-Developer
 * from STEP Tools, Inc. (www.steptools.com) 
 */

FILE_DESCRIPTION(
/* description */ ('STEP AP203',
'CAx-IF Rec.Pracs.---Representation and Presentation of Product Manufa
cturing Information (PMI)---4.0---2014-10-13'),
/* implementation_level */ '2;1');

FILE_NAME(
/* name */ '',
/* time_stamp */ '2025-01-02T19:07:20+08:00',
/* author */ (''),
/* organization */ (''),
/* preprocessor_version */ 'ST-DEVELOPER v20',
/* originating_system */ 'Autodesk Translation Framework v13.20.0.188',

/* authorisation */ '');

FILE_SCHEMA (('AP242_MANAGED_MODEL_BASED_3D_ENGINEERING_MIM_LF { 1 0 10303 442 1 1 4 }'));
ENDSEC;

DATA;
#10=MECHANICAL_DESIGN_GEOMETRIC_PRESENTATION_REPRESENTATION('',(#92,#93,
#94),#18629);
#11=ELLIPSE('',#10995,0.0949672581692107,0.0630827020486751);
#12=ELLIPSE('',#10998,0.0949672625293111,0.0630827061468866);
#13=ELLIPSE('',#11001,0.107297168035107,0.0743178940155734);
#14=ELLIPSE('',#11004,0.0949672608447306,0.0630827046368267);
#15=ELLIPSE('',#11007,0.107297166743226,0.0743178928904923);
#16=ELLIPSE('',#11012,0.107297167690109,0.0743178937495883);
#17=ELLIPSE('',#11017,0.107297165908672,0.0743178921993343);
#18=ELLIPSE('',#11020,0.094967258295203,0.0630827021184817);
#19=ELLIPSE('',#11023,0.107297167027282,0.0743178931783809);
#20=ELLIPSE('',#11026,0.0949672600213086,0.0630827037698192);
#21=ELLIPSE('',#11029,0.107297165746127,0.0743178920254921);
#22=ELLIPSE('',#11032,0.094967258461092,0.0630827022678942);
#23=ELLIPSE('',#11035,0.107297166495905,0.0743178927651069);
#24=ELLIPSE('',#11038,0.0949672608324928,0.0630827045935425);
#25=ELLIPSE('',#11042,0.0949672552724896,0.063082699248837);
#26=ELLIPSE('',#11090,0.0949672586106349,0.0630827021491032);
#27=ELLIPSE('',#11091,0.107297166519027,0.0743178927561455);
#28=ELLIPSE('',#11093,0.0949672586136756,0.0630827024265734);
#29=ELLIPSE('',#11095,0.0949677562658891,0.0630831596752513);
#30=ELLIPSE('',#11101,0.0949672587533087,0.0630827025116831);
#31=ELLIPSE('',#11104,0.107297164076178,0.0743178906206241);
#32=ELLIPSE('',#11106,0.0949672582731503,0.0630827019836683);
#33=ELLIPSE('',#11109,0.107297166184793,0.0743178923859362);
#34=ELLIPSE('',#11114,0.0949672550300467,0.0630826989074661);
#35=ELLIPSE('',#11117,0.107297166351334,0.0743178925682128);
#36=ELLIPSE('',#11119,0.0949672580125665,0.0630827018893906);
#37=ELLIPSE('',#11127,0.107297165818715,0.0743178921370207);
#38=ELLIPSE('',#11129,0.0949672590169975,0.0630827028171819);
#39=ELLIPSE('',#11132,0.107297166409968,0.0743178925888939);
#40=ELLIPSE('',#11155,0.107297166655119,0.0743178928391779);
#41=ELLIPSE('',#11161,0.0949672570908609,0.0630827010218935);
#42=ELLIPSE('',#11166,0.107297165469417,0.0743178917992142);
#43=ELLIPSE('',#11169,0.0949672588758314,0.063082702770217);
#44=ELLIPSE('',#11174,0.107297165883316,0.0743178922001386);
#45=ELLIPSE('',#11177,0.0949672567794979,0.0630827007359102);
#46=ELLIPSE('',#11182,0.0949677556307665,0.0630831590447094);
#47=ELLIPSE('',#11189,0.107297165313283,0.074317891716326);
#48=ELLIPSE('',#11192,0.0949672591430283,0.0630827030571878);
#49=ELLIPSE('',#11197,0.107297166995356,0.0743178930860394);
#50=ELLIPSE('',#11200,0.094967260265774,0.0630827039553686);
#51=ORIENTED_CLOSED_SHELL('',*,#10310,.F.);
#52=ORIENTED_CLOSED_SHELL('',*,#10311,.F.);
#53=ORIENTED_CLOSED_SHELL('',*,#10312,.F.);
#54=ORIENTED_CLOSED_SHELL('',*,#10314,.F.);
#55=ORIENTED_CLOSED_SHELL('',*,#10315,.F.);
#56=ORIENTED_CLOSED_SHELL('',*,#10316,.F.);
#57=ORIENTED_CLOSED_SHELL('',*,#10317,.F.);
#58=ORIENTED_CLOSED_SHELL('',*,#10318,.F.);
#59=ORIENTED_CLOSED_SHELL('',*,#10319,.F.);
#60=TOROIDAL_SURFACE('',#10616,1.3,0.3);
#61=TOROIDAL_SURFACE('',#10620,1.3,0.3);
#62=TOROIDAL_SURFACE('',#10624,1.3,0.3);
#63=TOROIDAL_SURFACE('',#10645,1.45,0.3);
#64=TOROIDAL_SURFACE('',#10666,1.45,0.3);
#65=TOROIDAL_SURFACE('',#10927,5.749996317445,0.25);
#66=TOROIDAL_SURFACE('',#11242,1.45,0.3);
#67=TOROIDAL_SURFACE('',#11262,1.45,0.3);
#68=TOROIDAL_SURFACE('',#11280,1.3,0.3);
#69=BREP_WITH_VOIDS('\X2\5B9E4F53\X0\1',#10313,(#51,#52,#53,#54,#55,#56,
#57,#58,#59));
#70=ITEM_DEFINED_TRANSFORMATION($,$,#10574,#10614);
#71=ITEM_DEFINED_TRANSFORMATION($,$,#10355,#11334);
#72=ITEM_DEFINED_TRANSFORMATION($,$,#10573,#11335);
#73=ITEM_DEFINED_TRANSFORMATION($,$,#10615,#11336);
#74=(
REPRESENTATION_RELATIONSHIP($,$,#18651,#18650)
REPRESENTATION_RELATIONSHIP_WITH_TRANSFORMATION(#70)
SHAPE_REPRESENTATION_RELATIONSHIP()
);
#75=(
REPRESENTATION_RELATIONSHIP($,$,#18649,#18648)
REPRESENTATION_RELATIONSHIP_WITH_TRANSFORMATION(#71)
SHAPE_REPRESENTATION_RELATIONSHIP()
);
#76=(
REPRESENTATION_RELATIONSHIP($,$,#18650,#18648)
REPRESENTATION_RELATIONSHIP_WITH_TRANSFORMATION(#72)
SHAPE_REPRESENTATION_RELATIONSHIP()
);
#77=(
REPRESENTATION_RELATIONSHIP($,$,#18652,#18648)
REPRESENTATION_RELATIONSHIP_WITH_TRANSFORMATION(#73)
SHAPE_REPRESENTATION_RELATIONSHIP()
);
#78=CONTEXT_DEPENDENT_SHAPE_REPRESENTATION(#74,#18643);
#79=CONTEXT_DEPENDENT_SHAPE_REPRESENTATION(#75,#18645);
#80=CONTEXT_DEPENDENT_SHAPE_REPRESENTATION(#76,#18646);
#81=CONTEXT_DEPENDENT_SHAPE_REPRESENTATION(#77,#18647);
#82=NEXT_ASSEMBLY_USAGE_OCCURRENCE('\X2\96F690E84EF6\X0\2:1',
'\X2\96F690E84EF6\X0\2:1','\X2\96F690E84EF6\X0\2:1',#18656,#18657,
'\X2\96F690E84EF6\X0\2:1');
#83=NEXT_ASSEMBLY_USAGE_OCCURRENCE('\X2\4E3B823576D8\X0\ v1:1',
'\X2\4E3B823576D8\X0\ v1:1','\X2\4E3B823576D8\X0\ v1:1',#18654,#18655,
'\X2\4E3B823576D8\X0\ v1:1');
#84=NEXT_ASSEMBLY_USAGE_OCCURRENCE('\X2\526F823576D8\X0\ v2:1',
'\X2\526F823576D8\X0\ v2:1','\X2\526F823576D8\X0\ v2:1',#18654,#18656,
'\X2\526F823576D8\X0\ v2:1');
#85=NEXT_ASSEMBLY_USAGE_OCCURRENCE('\X2\96F690E84EF6\X0\4:1',
'\X2\96F690E84EF6\X0\4:1','\X2\96F690E84EF6\X0\4:1',#18654,#18658,
'\X2\96F690E84EF6\X0\4:1');
#86=SHAPE_REPRESENTATION_RELATIONSHIP('SRR','None',#18649,#89);
#87=SHAPE_REPRESENTATION_RELATIONSHIP('SRR','None',#18651,#90);
#88=SHAPE_REPRESENTATION_RELATIONSHIP('SRR','None',#18652,#91);
#89=ADVANCED_BREP_SHAPE_REPRESENTATION('',(#95),#18625);
#90=ADVANCED_BREP_SHAPE_REPRESENTATION('',(#96),#18627);
#91=ADVANCED_BREP_SHAPE_REPRESENTATION('',(#69),#18628);
#92=STYLED_ITEM('',(#18677),#95);
#93=STYLED_ITEM('',(#18677),#96);
#94=STYLED_ITEM('',(#18677),#69);
#95=MANIFOLD_SOLID_BREP('\X2\5B9E4F53\X0\1',#10308);
#96=MANIFOLD_SOLID_BREP('\X2\5B9E4F53\X0\1',#10309);
#97=FACE_BOUND('',#1471,.T.);
#98=FACE_BOUND('',#1474,.T.);
#99=FACE_BOUND('',#1476,.T.);
#100=FACE_BOUND('',#1477,.T.);
#101=FACE_BOUND('',#1478,.T.);
#102=FACE_BOUND('',#1479,.T.);
#103=FACE_BOUND('',#1480,.T.);
#104=FACE_BOUND('',#1481,.T.);
#105=FACE_BOUND('',#1482,.T.);
#106=FACE_BOUND('',#1483,.T.);
#107=FACE_BOUND('',#1484,.T.);
#108=FACE_BOUND('',#1486,.T.);
#109=FACE_BOUND('',#1487,.T.);
#110=FACE_BOUND('',#1488,.T.);
#111=FACE_BOUND('',#1489,.T.);
#112=FACE_BOUND('',#1490,.T.);
#113=FACE_BOUND('',#1491,.T.);
#114=FACE_BOUND('',#1492,.T.);
#115=FACE_BOUND('',#1493,.T.);
#116=FACE_BOUND('',#1494,.T.);
#117=FACE_BOUND('',#1508,.T.);
#118=FACE_BOUND('',#1510,.T.);
#119=FACE_BOUND('',#1511,.T.);
#120=FACE_BOUND('',#1512,.T.);
#121=FACE_BOUND('',#1513,.T.);
#122=FACE_BOUND('',#1514,.T.);
#123=FACE_BOUND('',#1515,.T.);
#124=FACE_BOUND('',#1516,.T.);
#125=FACE_BOUND('',#1517,.T.);
#126=FACE_BOUND('',#1518,.T.);
#127=FACE_BOUND('',#1520,.T.);
#128=FACE_BOUND('',#1521,.T.);
#129=FACE_BOUND('',#1522,.T.);
#130=FACE_BOUND('',#1523,.T.);
#131=FACE_BOUND('',#1524,.T.);
#132=FACE_BOUND('',#1525,.T.);
#133=FACE_BOUND('',#1526,.T.);
#134=FACE_BOUND('',#1527,.T.);
#135=FACE_BOUND('',#1528,.T.);
#136=FACE_BOUND('',#1554,.T.);
#137=FACE_BOUND('',#1571,.T.);
#138=FACE_BOUND('',#1579,.T.);
#139=FACE_BOUND('',#1589,.T.);
#140=FACE_BOUND('',#1591,.T.);
#141=FACE_BOUND('',#1601,.T.);
#142=FACE_BOUND('',#1603,.T.);
#143=FACE_BOUND('',#1613,.T.);
#144=FACE_BOUND('',#1636,.T.);
#145=FACE_BOUND('',#1646,.T.);
#146=FACE_BOUND('',#1666,.T.);
#147=FACE_BOUND('',#1668,.T.);
#148=FACE_BOUND('',#1676,.T.);
#149=FACE_BOUND('',#1685,.T.);
#150=FACE_BOUND('',#1688,.T.);
#151=FACE_BOUND('',#1689,.T.);
#152=FACE_BOUND('',#1690,.T.);
#153=FACE_BOUND('',#1691,.T.);
#154=FACE_BOUND('',#1692,.T.);
#155=FACE_BOUND('',#1693,.T.);
#156=FACE_BOUND('',#1708,.T.);
#157=FACE_BOUND('',#1729,.T.);
#158=FACE_BOUND('',#1739,.T.);
#159=FACE_BOUND('',#1752,.T.);
#160=FACE_BOUND('',#1753,.T.);
#161=FACE_BOUND('',#1754,.T.);
#162=FACE_BOUND('',#1755,.T.);
#163=FACE_BOUND('',#1756,.T.);
#164=FACE_BOUND('',#1757,.T.);
#165=FACE_BOUND('',#1759,.T.);
#166=FACE_BOUND('',#1789,.T.);
#167=FACE_BOUND('',#1793,.T.);
#168=FACE_BOUND('',#1796,.T.);
#169=FACE_BOUND('',#1801,.T.);
#170=FACE_BOUND('',#1821,.T.);
#171=FACE_BOUND('',#1934,.T.);
#172=FACE_BOUND('',#1951,.T.);
#173=FACE_BOUND('',#1972,.T.);
#174=FACE_BOUND('',#1974,.T.);
#175=CONICAL_SURFACE('',#10531,2.792347423807,0.943350460702757);
#176=CONICAL_SURFACE('',#10575,3.299987762245,0.463646013978734);
#177=CONICAL_SURFACE('',#10619,1.205527636737,0.785376686845791);
#178=CONICAL_SURFACE('',#10623,1.205527636737,0.785376686845791);
#179=CONICAL_SURFACE('',#10627,1.205527636737,0.785376686845791);
#180=CONICAL_SURFACE('',#10676,1.699997166577,0.785395182396754);
#181=CONICAL_SURFACE('',#10752,1.699997166577,0.785395182396929);
#182=CONICAL_SURFACE('',#10754,1.699997166577,0.785395182396929);
#183=CONICAL_SURFACE('',#10756,1.699997166577,0.785395182396929);
#184=CONICAL_SURFACE('',#10785,2.450006210422,0.785400630837331);
#185=CONICAL_SURFACE('',#10807,2.274991621523,0.78539159209653);
#186=CONICAL_SURFACE('',#10809,2.274991427735,0.785391440113434);
#187=CONICAL_SURFACE('',#10812,2.274991621523,0.78539159209653);
#188=CONICAL_SURFACE('',#10814,2.274991427735,0.785391440113434);
#189=CONICAL_SURFACE('',#10821,2.450006210422,0.785400630837331);
#190=CONICAL_SURFACE('',#10823,2.450006210422,0.785400630837331);
#191=CONICAL_SURFACE('',#10827,2.450006210422,0.785400630837331);
#192=CONICAL_SURFACE('',#10862,4.599989689309,0.785397078032715);
#193=CONICAL_SURFACE('',#10865,6.899999315184,0.785397819272302);
#194=CONICAL_SURFACE('',#10936,2.587485781237,0.78539087419566);
#195=CONICAL_SURFACE('',#10939,1.5,0.785398163397299);
#196=CONICAL_SURFACE('',#10993,2.77,0.785398163397299);
#197=CONICAL_SURFACE('',#10999,2.77,0.785398163397299);
#198=CONICAL_SURFACE('',#11005,2.77,0.785398163397299);
#199=CONICAL_SURFACE('',#11010,2.77,0.785398163397299);
#200=CONICAL_SURFACE('',#11015,2.77,0.785398163397299);
#201=CONICAL_SURFACE('',#11021,2.77,0.785398163397299);
#202=CONICAL_SURFACE('',#11027,2.77,0.785398163397299);
#203=CONICAL_SURFACE('',#11033,2.77,0.785398163397299);
#204=CONICAL_SURFACE('',#11039,2.77,0.785398163397299);
#205=CONICAL_SURFACE('',#11089,2.77,0.785398163397299);
#206=CONICAL_SURFACE('',#11094,2.77,0.785398163397299);
#207=CONICAL_SURFACE('',#11102,2.77,0.785398163397299);
#208=CONICAL_SURFACE('',#11107,2.77,0.785398163397299);
#209=CONICAL_SURFACE('',#11111,2.77,0.785398163397299);
#210=CONICAL_SURFACE('',#11115,2.77,0.785398163397299);
#211=CONICAL_SURFACE('',#11126,2.77,0.785398163397299);
#212=CONICAL_SURFACE('',#11130,2.77,0.785398163397299);
#213=CONICAL_SURFACE('',#11152,2.77,0.785398163397299);
#214=CONICAL_SURFACE('',#11159,2.77,0.785398163397299);
#215=CONICAL_SURFACE('',#11167,2.77,0.785398163397299);
#216=CONICAL_SURFACE('',#11175,2.77,0.785398163397299);
#217=CONICAL_SURFACE('',#11183,2.77,0.785398163397299);
#218=CONICAL_SURFACE('',#11190,2.77,0.785398163397299);
#219=CONICAL_SURFACE('',#11198,2.77,0.785398163397299);
#220=CONICAL_SURFACE('',#11204,2.77,0.785398163397299);
#221=CONICAL_SURFACE('',#11239,1.250000108687,0.785397995015963);
#222=CONICAL_SURFACE('',#11283,1.205527636737,0.785376686845791);
#223=CONICAL_SURFACE('',#11294,1.699997166577,0.785395182396929);
#224=CONICAL_SURFACE('',#11296,1.699997166577,0.785395182396929);
#225=CONICAL_SURFACE('',#11302,2.274990056665,0.785390364757788);
#226=CONICAL_SURFACE('',#11304,2.274990030763,0.785390344439014);
#227=CONICAL_SURFACE('',#11309,1.699997166577,0.785395182396929);
#228=CONICAL_SURFACE('',#11312,1.699997166577,0.785395182396754);
#229=CONICAL_SURFACE('',#11320,2.274990056665,0.785390364757788);
#230=CONICAL_SURFACE('',#11322,2.274990030763,0.785390344439014);
#231=(
BOUNDED_CURVE()
B_SPLINE_CURVE(2,(#14780,#14781,#14782),.UNSPECIFIED.,.F.,.F.)
B_SPLINE_CURVE_WITH_KNOTS((3,3),(-0.897500866179141,-0.881073104261498),
 .UNSPECIFIED.)
CURVE()
GEOMETRIC_REPRESENTATION_ITEM()
RATIONAL_B_SPLINE_CURVE((1.33379074622649,1.37150733862747,1.40773137913267))
REPRESENTATION_ITEM('')
);
#232=(
BOUNDED_CURVE()
B_SPLINE_CURVE(2,(#14783,#14784,#14785),.UNSPECIFIED.,.F.,.F.)
B_SPLINE_CURVE_WITH_KNOTS((3,3),(-0.881073104261498,-0.865185438407779),
 .UNSPECIFIED.)
CURVE()
GEOMETRIC_REPRESENTATION_ITEM()
RATIONAL_B_SPLINE_CURVE((1.40773137913267,1.44276448067769,1.47640155838332))
REPRESENTATION_ITEM('')
);
#233=(
BOUNDED_CURVE()
B_SPLINE_CURVE(2,(#15377,#15378,#15379),.UNSPECIFIED.,.F.,.F.)
B_SPLINE_CURVE_WITH_KNOTS((3,3),(-0.0995614772661758,-0.0672460494948175),
 .UNSPECIFIED.)
CURVE()
GEOMETRIC_REPRESENTATION_ITEM()
RATIONAL_B_SPLINE_CURVE((1.47640155838336,1.40798392139098,1.33379074622652))
REPRESENTATION_ITEM('')
);
#234=(
BOUNDED_CURVE()
B_SPLINE_CURVE(2,(#15552,#15553,#15554),.UNSPECIFIED.,.F.,.F.)
B_SPLINE_CURVE_WITH_KNOTS((3,3),(-0.344698441098426,-0.122990386366141),
 .UNSPECIFIED.)
CURVE()
GEOMETRIC_REPRESENTATION_ITEM()
RATIONAL_B_SPLINE_CURVE((1.41473833424848,1.65517275473756,1.4147383342485))
REPRESENTATION_ITEM('')
);
#235=(
BOUNDED_CURVE()
B_SPLINE_CURVE(2,(#15571,#15572,#15573),.UNSPECIFIED.,.F.,.F.)
B_SPLINE_CURVE_WITH_KNOTS((3,3),(0.12299038636614,0.344698441098422),
 .UNSPECIFIED.)
CURVE()
GEOMETRIC_REPRESENTATION_ITEM()
RATIONAL_B_SPLINE_CURVE((1.41473833424849,1.65517275473754,1.41473833424847))
REPRESENTATION_ITEM('')
);
#236=(
BOUNDED_CURVE()
B_SPLINE_CURVE(2,(#15590,#15591,#15592),.UNSPECIFIED.,.F.,.F.)
B_SPLINE_CURVE_WITH_KNOTS((3,3),(-0.34469844109841,-0.122990386366129),
 .UNSPECIFIED.)
CURVE()
GEOMETRIC_REPRESENTATION_ITEM()
RATIONAL_B_SPLINE_CURVE((1.41473833424849,1.65517275473754,1.41473833424847))
REPRESENTATION_ITEM('')
);
#237=(
BOUNDED_CURVE()
B_SPLINE_CURVE(2,(#15771,#15772,#15773),.UNSPECIFIED.,.F.,.F.)
B_SPLINE_CURVE_WITH_KNOTS((3,3),(0.123282297995412,0.123286243885172),
 .UNSPECIFIED.)
CURVE()
GEOMETRIC_REPRESENTATION_ITEM()
RATIONAL_B_SPLINE_CURVE((1.133329557274,1.13332955741059,1.1333295574106))
REPRESENTATION_ITEM('')
);
#238=(
BOUNDED_CURVE()
B_SPLINE_CURVE(2,(#15778,#15779,#15780),.UNSPECIFIED.,.F.,.F.)
B_SPLINE_CURVE_WITH_KNOTS((3,3),(-0.284954222766636,-0.11168391070384),
 .UNSPECIFIED.)
CURVE()
GEOMETRIC_REPRESENTATION_ITEM()
RATIONAL_B_SPLINE_CURVE((1.46666153240731,1.46666153240731,1.29411742843721))
REPRESENTATION_ITEM('')
);
#239=(
BOUNDED_CURVE()
B_SPLINE_CURVE(2,(#16239,#16240,#16241),.UNSPECIFIED.,.F.,.F.)
B_SPLINE_CURVE_WITH_KNOTS((3,3),(-0.458224534805424,-0.284948677795218),
 .UNSPECIFIED.)
CURVE()
GEOMETRIC_REPRESENTATION_ITEM()
RATIONAL_B_SPLINE_CURVE((1.29411742840203,1.46666705408088,1.46666153219075))
REPRESENTATION_ITEM('')
);
#240=(
BOUNDED_CURVE()
B_SPLINE_CURVE(2,(#16246,#16247,#16248),.UNSPECIFIED.,.F.,.F.)
B_SPLINE_CURVE_WITH_KNOTS((3,3),(-0.284954222766676,-0.11168391070387),
 .UNSPECIFIED.)
CURVE()
GEOMETRIC_REPRESENTATION_ITEM()
RATIONAL_B_SPLINE_CURVE((1.46666153240745,1.46666153240745,1.29411742843732))
REPRESENTATION_ITEM('')
);
#241=(
BOUNDED_CURVE()
B_SPLINE_CURVE(2,(#16249,#16250,#16251),.UNSPECIFIED.,.F.,.F.)
B_SPLINE_CURVE_WITH_KNOTS((3,3),(0.123282297995421,0.123286243359801),
 .UNSPECIFIED.)
CURVE()
GEOMETRIC_REPRESENTATION_ITEM()
RATIONAL_B_SPLINE_CURVE((1.13332955727403,1.1333295574106,1.13332955741063))
REPRESENTATION_ITEM('')
);
#242=(
BOUNDED_CURVE()
B_SPLINE_CURVE(2,(#16254,#16255,#16256),.UNSPECIFIED.,.F.,.F.)
B_SPLINE_CURVE_WITH_KNOTS((3,3),(0.12328624477689,0.123290189574921),
 .UNSPECIFIED.)
CURVE()
GEOMETRIC_REPRESENTATION_ITEM()
RATIONAL_B_SPLINE_CURVE((1.13332955741063,1.13332955741061,1.13332955727408))
REPRESENTATION_ITEM('')
);
#243=(
BOUNDED_CURVE()
B_SPLINE_CURVE(2,(#16258,#16259,#16260),.UNSPECIFIED.,.F.,.F.)
B_SPLINE_CURVE_WITH_KNOTS((3,3),(-0.458224724094278,-0.284954364389895),
 .UNSPECIFIED.)
CURVE()
GEOMETRIC_REPRESENTATION_ITEM()
RATIONAL_B_SPLINE_CURVE((1.29411770612287,1.46666184795968,1.46666184711669))
REPRESENTATION_ITEM('')
);
#244=(
BOUNDED_CURVE()
B_SPLINE_CURVE(2,(#16268,#16269,#16270),.UNSPECIFIED.,.F.,.F.)
B_SPLINE_CURVE_WITH_KNOTS((3,3),(0.916920240725265,0.940410375347705),
 .UNSPECIFIED.)
CURVE()
GEOMETRIC_REPRESENTATION_ITEM()
RATIONAL_B_SPLINE_CURVE((1.57116174278714,1.52690065007706,1.47999689227426))
REPRESENTATION_ITEM('')
);
#245=(
BOUNDED_CURVE()
B_SPLINE_CURVE(2,(#16275,#16276,#16277),.UNSPECIFIED.,.F.,.F.)
B_SPLINE_CURVE_WITH_KNOTS((3,3),(-0.658026877737342,-0.452154606778161),
 .UNSPECIFIED.)
CURVE()
GEOMETRIC_REPRESENTATION_ITEM()
RATIONAL_B_SPLINE_CURVE((1.46569361855453,1.587485709092,1.58748570751456))
REPRESENTATION_ITEM('')
);
#246=(
BOUNDED_CURVE()
B_SPLINE_CURVE(2,(#16280,#16281,#16282),.UNSPECIFIED.,.F.,.F.)
B_SPLINE_CURVE_WITH_KNOTS((3,3),(-0.452154453563904,-0.246282218170244),
 .UNSPECIFIED.)
CURVE()
GEOMETRIC_REPRESENTATION_ITEM()
RATIONAL_B_SPLINE_CURVE((1.58748537695575,1.58748537868379,1.46569331335631))
REPRESENTATION_ITEM('')
);
#247=(
BOUNDED_CURVE()
B_SPLINE_CURVE(2,(#16284,#16285,#16286),.UNSPECIFIED.,.F.,.F.)
B_SPLINE_CURVE_WITH_KNOTS((3,3),(0.916920435905342,0.940410645012661),
 .UNSPECIFIED.)
CURVE()
GEOMETRIC_REPRESENTATION_ITEM()
RATIONAL_B_SPLINE_CURVE((1.57116211710537,1.52690088063098,1.47999696252617))
REPRESENTATION_ITEM('')
);
#248=(
BOUNDED_CURVE()
B_SPLINE_CURVE(2,(#16463,#16464,#16465),.UNSPECIFIED.,.F.,.F.)
B_SPLINE_CURVE_WITH_KNOTS((3,3),(0.916920435905341,0.940410645012661),
 .UNSPECIFIED.)
CURVE()
GEOMETRIC_REPRESENTATION_ITEM()
RATIONAL_B_SPLINE_CURVE((1.57116211710538,1.52690088063098,1.47999696252617))
REPRESENTATION_ITEM('')
);
#249=(
BOUNDED_CURVE()
B_SPLINE_CURVE(2,(#16470,#16471,#16472),.UNSPECIFIED.,.F.,.F.)
B_SPLINE_CURVE_WITH_KNOTS((3,3),(-0.658026877737341,-0.452154608777725),
 .UNSPECIFIED.)
CURVE()
GEOMETRIC_REPRESENTATION_ITEM()
RATIONAL_B_SPLINE_CURVE((1.46569361855453,1.58748570790907,1.58748570751456))
REPRESENTATION_ITEM('')
);
#250=(
BOUNDED_CURVE()
B_SPLINE_CURVE(2,(#16479,#16480,#16481),.UNSPECIFIED.,.F.,.F.)
B_SPLINE_CURVE_WITH_KNOTS((3,3),(0.916920240725311,0.940410375347705),
 .UNSPECIFIED.)
CURVE()
GEOMETRIC_REPRESENTATION_ITEM()
RATIONAL_B_SPLINE_CURVE((1.57116174278697,1.52690065007697,1.47999689227426))
REPRESENTATION_ITEM('')
);
#251=(
BOUNDED_CURVE()
B_SPLINE_CURVE(2,(#16482,#16483,#16484),.UNSPECIFIED.,.F.,.F.)
B_SPLINE_CURVE_WITH_KNOTS((3,3),(-0.452154451373459,-0.24628221817019),
 .UNSPECIFIED.)
CURVE()
GEOMETRIC_REPRESENTATION_ITEM()
RATIONAL_B_SPLINE_CURVE((1.58748537695575,1.58748537738794,1.46569331335625))
REPRESENTATION_ITEM('')
);
#252=(
BOUNDED_CURVE()
B_SPLINE_CURVE(2,(#17138,#17139,#17140),.UNSPECIFIED.,.F.,.F.)
B_SPLINE_CURVE_WITH_KNOTS((3,3),(-0.568218842075113,-0.48793566041737),
 .UNSPECIFIED.)
CURVE()
GEOMETRIC_REPRESENTATION_ITEM()
RATIONAL_B_SPLINE_CURVE((1.19427219684518,1.20514650166012,1.20906977780783))
REPRESENTATION_ITEM('')
);
#253=(
BOUNDED_CURVE()
B_SPLINE_CURVE(2,(#18066,#18067,#18068),.UNSPECIFIED.,.F.,.F.)
B_SPLINE_CURVE_WITH_KNOTS((3,3),(0.317026150969437,0.397309332759841),
 .UNSPECIFIED.)
CURVE()
GEOMETRIC_REPRESENTATION_ITEM()
RATIONAL_B_SPLINE_CURVE((1.19427219457614,1.20514649953109,1.20906977583445))
REPRESENTATION_ITEM('')
);
#254=(
BOUNDED_CURVE()
B_SPLINE_CURVE(2,(#18409,#18410,#18411),.UNSPECIFIED.,.F.,.F.)
B_SPLINE_CURVE_WITH_KNOTS((3,3),(-0.344698441098425,-0.122990386366142),
 .UNSPECIFIED.)
CURVE()
GEOMETRIC_REPRESENTATION_ITEM()
RATIONAL_B_SPLINE_CURVE((1.41473833424848,1.65517275473756,1.4147383342485))
REPRESENTATION_ITEM('')
);
#255=(
BOUNDED_CURVE()
B_SPLINE_CURVE(2,(#18449,#18450,#18451),.UNSPECIFIED.,.F.,.F.)
B_SPLINE_CURVE_WITH_KNOTS((3,3),(0.123289238688221,0.123293182911545),
 .UNSPECIFIED.)
CURVE()
GEOMETRIC_REPRESENTATION_ITEM()
RATIONAL_B_SPLINE_CURVE((1.13333490579997,1.13333490579993,1.13333490566342))
REPRESENTATION_ITEM('')
);
#256=(
BOUNDED_CURVE()
B_SPLINE_CURVE(2,(#18452,#18453,#18454),.UNSPECIFIED.,.F.,.F.)
B_SPLINE_CURVE_WITH_KNOTS((3,3),(-0.458224534805766,-0.284954221058533),
 .UNSPECIFIED.)
CURVE()
GEOMETRIC_REPRESENTATION_ITEM()
RATIONAL_B_SPLINE_CURVE((1.29411742840135,1.4666615340504,1.46666153236745))
REPRESENTATION_ITEM('')
);
#257=(
BOUNDED_CURVE()
B_SPLINE_CURVE(2,(#18459,#18460,#18461),.UNSPECIFIED.,.F.,.F.)
B_SPLINE_CURVE_WITH_KNOTS((3,3),(0.284954222766675,0.458224534829821),
 .UNSPECIFIED.)
CURVE()
GEOMETRIC_REPRESENTATION_ITEM()
RATIONAL_B_SPLINE_CURVE((1.46666153240745,1.46666153240745,1.29411742843664))
REPRESENTATION_ITEM('')
);
#258=(
BOUNDED_CURVE()
B_SPLINE_CURVE(2,(#18462,#18463,#18464),.UNSPECIFIED.,.F.,.F.)
B_SPLINE_CURVE_WITH_KNOTS((3,3),(0.123285291283047,0.123289236918497),
 .UNSPECIFIED.)
CURVE()
GEOMETRIC_REPRESENTATION_ITEM()
RATIONAL_B_SPLINE_CURVE((1.13333490566838,1.13333490580497,1.13333490580498))
REPRESENTATION_ITEM('')
);
#259=(
BOUNDED_CURVE()
B_SPLINE_CURVE(2,(#18477,#18478,#18479),.UNSPECIFIED.,.F.,.F.)
B_SPLINE_CURVE_WITH_KNOTS((3,3),(0.568528908299484,0.580226139134623),
 .UNSPECIFIED.)
CURVE()
GEOMETRIC_REPRESENTATION_ITEM()
RATIONAL_B_SPLINE_CURVE((1.32808352603494,1.32212886236399,1.31579028771728))
REPRESENTATION_ITEM('')
);
#260=(
BOUNDED_CURVE()
B_SPLINE_CURVE(2,(#18483,#18484,#18485),.UNSPECIFIED.,.F.,.F.)
B_SPLINE_CURVE_WITH_KNOTS((3,3),(0.568528882401983,0.580226086467814),
 .UNSPECIFIED.)
CURVE()
GEOMETRIC_REPRESENTATION_ITEM()
RATIONAL_B_SPLINE_CURVE((1.32808349104614,1.32212884101519,1.31579028175718))
REPRESENTATION_ITEM('')
);
#261=(
BOUNDED_CURVE()
B_SPLINE_CURVE(2,(#18490,#18491,#18492),.UNSPECIFIED.,.F.,.F.)
B_SPLINE_CURVE_WITH_KNOTS((3,3),(-0.65802530607134,-0.45215332437547),
 .UNSPECIFIED.)
CURVE()
GEOMETRIC_REPRESENTATION_ITEM()
RATIONAL_B_SPLINE_CURVE((1.46569115392974,1.58748303966927,1.58748303809129))
REPRESENTATION_ITEM('')
);
#262=(
BOUNDED_CURVE()
B_SPLINE_CURVE(2,(#18493,#18494,#18495),.UNSPECIFIED.,.F.,.F.)
B_SPLINE_CURVE_WITH_KNOTS((3,3),(0.105121319869286,0.12379935841905),
 .UNSPECIFIED.)
CURVE()
GEOMETRIC_REPRESENTATION_ITEM()
RATIONAL_B_SPLINE_CURVE((1.47057319883398,1.5075666830152,1.54285001690009))
REPRESENTATION_ITEM('')
);
#263=(
BOUNDED_CURVE()
B_SPLINE_CURVE(2,(#18502,#18503,#18504),.UNSPECIFIED.,.F.,.F.)
B_SPLINE_CURVE_WITH_KNOTS((3,3),(0.89451927694576,0.913197315094508),
 .UNSPECIFIED.)
CURVE()
GEOMETRIC_REPRESENTATION_ITEM()
RATIONAL_B_SPLINE_CURVE((1.54284996800761,1.50756663523689,1.47057315222365))
REPRESENTATION_ITEM('')
);
#264=(
BOUNDED_CURVE()
B_SPLINE_CURVE(2,(#18505,#18506,#18507),.UNSPECIFIED.,.F.,.F.)
B_SPLINE_CURVE_WITH_KNOTS((3,3),(-0.452153308733481,-0.246281331572761),
 .UNSPECIFIED.)
CURVE()
GEOMETRIC_REPRESENTATION_ITEM()
RATIONAL_B_SPLINE_CURVE((1.58748299389866,1.58748299562669,1.46569111312755))
REPRESENTATION_ITEM('')
);
#265=(
BOUNDED_CURVE()
B_SPLINE_CURVE(2,(#18526,#18527,#18528),.UNSPECIFIED.,.F.,.F.)
B_SPLINE_CURVE_WITH_KNOTS((3,3),(0.284954220523028,0.458224534829821),
 .UNSPECIFIED.)
CURVE()
GEOMETRIC_REPRESENTATION_ITEM()
RATIONAL_B_SPLINE_CURVE((1.46666153240745,1.4666615346417,1.29411742843664))
REPRESENTATION_ITEM('')
);
#266=(
BOUNDED_CURVE()
B_SPLINE_CURVE(2,(#18529,#18530,#18531),.UNSPECIFIED.,.F.,.F.)
B_SPLINE_CURVE_WITH_KNOTS((3,3),(0.12328529128317,0.123289235892101),
 .UNSPECIFIED.)
CURVE()
GEOMETRIC_REPRESENTATION_ITEM()
RATIONAL_B_SPLINE_CURVE((1.13333490566839,1.13333490580494,1.13333490580499))
REPRESENTATION_ITEM('')
);
#267=(
BOUNDED_CURVE()
B_SPLINE_CURVE(2,(#18545,#18546,#18547),.UNSPECIFIED.,.F.,.F.)
B_SPLINE_CURVE_WITH_KNOTS((3,3),(0.123289239205389,0.123293182911534),
 .UNSPECIFIED.)
CURVE()
GEOMETRIC_REPRESENTATION_ITEM()
RATIONAL_B_SPLINE_CURVE((1.13333490579994,1.13333490579988,1.13333490566339))
REPRESENTATION_ITEM('')
);
#268=(
BOUNDED_CURVE()
B_SPLINE_CURVE(2,(#18548,#18549,#18550),.UNSPECIFIED.,.F.,.F.)
B_SPLINE_CURVE_WITH_KNOTS((3,3),(0.111683910691339,0.284954225165418),
 .UNSPECIFIED.)
CURVE()
GEOMETRIC_REPRESENTATION_ITEM()
RATIONAL_B_SPLINE_CURVE((1.29411742840123,1.46666153477407,1.46666153236731))
REPRESENTATION_ITEM('')
);
#269=(
BOUNDED_CURVE()
B_SPLINE_CURVE(2,(#18555,#18556,#18557),.UNSPECIFIED.,.F.,.F.)
B_SPLINE_CURVE_WITH_KNOTS((3,3),(-0.65802530607134,-0.45215332437547),
 .UNSPECIFIED.)
CURVE()
GEOMETRIC_REPRESENTATION_ITEM()
RATIONAL_B_SPLINE_CURVE((1.46569115392974,1.58748303966927,1.58748303809129))
REPRESENTATION_ITEM('')
);
#270=(
BOUNDED_CURVE()
B_SPLINE_CURVE(2,(#18561,#18562,#18563),.UNSPECIFIED.,.F.,.F.)
B_SPLINE_CURVE_WITH_KNOTS((3,3),(-0.452153308733481,-0.246281331572764),
 .UNSPECIFIED.)
CURVE()
GEOMETRIC_REPRESENTATION_ITEM()
RATIONAL_B_SPLINE_CURVE((1.58748299389866,1.58748299562669,1.46569111312756))
REPRESENTATION_ITEM('')
);
#271=(
BOUNDED_CURVE()
B_SPLINE_CURVE(2,(#18569,#18570,#18571),.UNSPECIFIED.,.F.,.F.)
B_SPLINE_CURVE_WITH_KNOTS((3,3),(-0.205668332858007,-0.193971128792184),
 .UNSPECIFIED.)
CURVE()
GEOMETRIC_REPRESENTATION_ITEM()
RATIONAL_B_SPLINE_CURVE((1.32808349104554,1.32212884101459,1.31579028175658))
REPRESENTATION_ITEM('')
);
#272=(
BOUNDED_CURVE()
B_SPLINE_CURVE(2,(#18576,#18577,#18578),.UNSPECIFIED.,.F.,.F.)
B_SPLINE_CURVE_WITH_KNOTS((3,3),(0.193971535001123,0.205668774585576),
 .UNSPECIFIED.)
CURVE()
GEOMETRIC_REPRESENTATION_ITEM()
RATIONAL_B_SPLINE_CURVE((1.31579106168408,1.32212964005922,1.3280843072328))
REPRESENTATION_ITEM('')
);
#273=(
BOUNDED_CURVE()
B_SPLINE_CURVE(2,(#18581,#18582,#18583),.UNSPECIFIED.,.F.,.F.)
B_SPLINE_CURVE_WITH_KNOTS((3,3),(0.105121319869294,0.123799358419059),
 .UNSPECIFIED.)
CURVE()
GEOMETRIC_REPRESENTATION_ITEM()
RATIONAL_B_SPLINE_CURVE((1.47057319883402,1.50756668301524,1.54285001690013))
REPRESENTATION_ITEM('')
);
#274=(
BOUNDED_CURVE()
B_SPLINE_CURVE(2,(#18595,#18596,#18597),.UNSPECIFIED.,.F.,.F.)
B_SPLINE_CURVE_WITH_KNOTS((3,3),(0.894519276945782,0.91319731509453),
 .UNSPECIFIED.)
CURVE()
GEOMETRIC_REPRESENTATION_ITEM()
RATIONAL_B_SPLINE_CURVE((1.54284996800762,1.5075666352369,1.47057315222366))
REPRESENTATION_ITEM('')
);
#275=B_SPLINE_CURVE_WITH_KNOTS('',3,(#14277,#14278,#14279,#14280,#14281,
#14282),.UNSPECIFIED.,.F.,.F.,(4,1,1,4),(0.,0.3333333333333,0.6666666666667,
1.),.UNSPECIFIED.);
#276=B_SPLINE_CURVE_WITH_KNOTS('',3,(#14288,#14289,#14290,#14291,#14292,
#14293,#14294,#14295,#14296,#14297,#14298,#14299,#14300,#14301),
 .UNSPECIFIED.,.F.,.F.,(4,2,2,2,2,2,4),(0.0321252873244576,0.0349566792688446,
0.0378809250186727,0.0408051707685007,0.0437294165183287,0.0466536622681567,
0.0494850542125213),.UNSPECIFIED.);
#277=B_SPLINE_CURVE_WITH_KNOTS('',3,(#14305,#14306,#14307,#14308,#14309,
#14310),.UNSPECIFIED.,.F.,.F.,(4,1,1,4),(0.,0.3333333333333,0.6666666666667,
1.),.UNSPECIFIED.);
#278=B_SPLINE_CURVE_WITH_KNOTS('',3,(#14323,#14324,#14325,#14326,#14327,
#14328),.UNSPECIFIED.,.F.,.F.,(4,1,1,4),(0.,0.3333333333333,0.6666666666667,
1.),.UNSPECIFIED.);
#279=B_SPLINE_CURVE_WITH_KNOTS('',3,(#14334,#14335,#14336,#14337,#14338,
#14339,#14340,#14341,#14342,#14343,#14344,#14345,#14346,#14347),
 .UNSPECIFIED.,.F.,.F.,(4,2,2,2,2,2,4),(0.0321252873244428,0.0349566792688446,
0.0378809250186727,0.0408051707685007,0.0437294165183287,0.0466536622681567,
0.0494850542124849),.UNSPECIFIED.);
#280=B_SPLINE_CURVE_WITH_KNOTS('',3,(#14351,#14352,#14353,#14354,#14355,
#14356),.UNSPECIFIED.,.F.,.F.,(4,1,1,4),(0.,0.3333333333333,0.6666666666667,
1.),.UNSPECIFIED.);
#281=B_SPLINE_CURVE_WITH_KNOTS('',3,(#14369,#14370,#14371,#14372,#14373,
#14374),.UNSPECIFIED.,.F.,.F.,(4,1,1,4),(0.,0.3333333333333,0.6666666666667,
1.),.UNSPECIFIED.);
#282=B_SPLINE_CURVE_WITH_KNOTS('',3,(#14380,#14381,#14382,#14383,#14384,
#14385,#14386,#14387,#14388,#14389,#14390,#14391,#14392,#14393),
 .UNSPECIFIED.,.F.,.F.,(4,2,2,2,2,2,4),(0.032125287324433,0.0349566792688448,
0.0378809250186728,0.0408051707685008,0.0437294165183288,0.0466536622681568,
0.0494850542125494),.UNSPECIFIED.);
#283=B_SPLINE_CURVE_WITH_KNOTS('',3,(#14397,#14398,#14399,#14400,#14401,
#14402),.UNSPECIFIED.,.F.,.F.,(4,1,1,4),(0.,0.3333333333333,0.6666666666667,
1.),.UNSPECIFIED.);
#284=B_SPLINE_CURVE_WITH_KNOTS('',3,(#14415,#14416,#14417,#14418,#14419,
#14420),.UNSPECIFIED.,.F.,.F.,(4,1,1,4),(0.,0.3333333333333,0.6666666666667,
1.),.UNSPECIFIED.);
#285=B_SPLINE_CURVE_WITH_KNOTS('',3,(#14426,#14427,#14428,#14429,#14430,
#14431,#14432,#14433,#14434,#14435,#14436,#14437,#14438,#14439),
 .UNSPECIFIED.,.F.,.F.,(4,2,2,2,2,2,4),(0.0321252873245175,0.0349566792688446,
0.0378809250186726,0.0408051707685006,0.0437294165183286,0.0466536622681567,
0.049485054212557),.UNSPECIFIED.);
#286=B_SPLINE_CURVE_WITH_KNOTS('',3,(#14443,#14444,#14445,#14446,#14447,
#14448),.UNSPECIFIED.,.F.,.F.,(4,1,1,4),(0.,0.3333333333333,0.6666666666667,
1.),.UNSPECIFIED.);
#287=B_SPLINE_CURVE_WITH_KNOTS('',3,(#14461,#14462,#14463,#14464,#14465,
#14466),.UNSPECIFIED.,.F.,.F.,(4,1,1,4),(0.,0.3333333333333,0.6666666666667,
1.),.UNSPECIFIED.);
#288=B_SPLINE_CURVE_WITH_KNOTS('',3,(#14472,#14473,#14474,#14475,#14476,
#14477,#14478,#14479,#14480,#14481,#14482,#14483,#14484,#14485),
 .UNSPECIFIED.,.F.,.F.,(4,2,2,2,2,2,4),(0.0321252873244856,0.0349566792688447,
0.0378809250186727,0.0408051707685007,0.0437294165183287,0.0466536622681568,
0.0494850542125294),.UNSPECIFIED.);
#289=B_SPLINE_CURVE_WITH_KNOTS('',3,(#14489,#14490,#14491,#14492,#14493,
#14494),.UNSPECIFIED.,.F.,.F.,(4,1,1,4),(0.,0.3333333333333,0.6666666666667,
1.),.UNSPECIFIED.);
#290=B_SPLINE_CURVE_WITH_KNOTS('',3,(#14502,#14503,#14504,#14505,#14506,
#14507),.UNSPECIFIED.,.F.,.F.,(4,1,1,4),(0.,0.3333333333333,0.6666666666667,
1.),.UNSPECIFIED.);
#291=B_SPLINE_CURVE_WITH_KNOTS('',3,(#14521,#14522,#14523,#14524,#14525,
#14526),.UNSPECIFIED.,.F.,.F.,(4,1,1,4),(0.,0.3333333333333,0.6666666666667,
1.),.UNSPECIFIED.);
#292=B_SPLINE_CURVE_WITH_KNOTS('',3,(#14532,#14533,#14534,#14535,#14536,
#14537,#14538,#14539,#14540,#14541,#14542,#14543,#14544,#14545),
 .UNSPECIFIED.,.F.,.F.,(4,2,2,2,2,2,4),(0.032125287324472,0.0349566792688447,
0.0378809250186727,0.0408051707685007,0.0437294165183287,0.0466536622681567,
0.0494850542125158),.UNSPECIFIED.);
#293=B_SPLINE_CURVE_WITH_KNOTS('',3,(#14549,#14550,#14551,#14552,#14553,
#14554),.UNSPECIFIED.,.F.,.F.,(4,1,1,4),(0.,0.3333333333333,0.6666666666667,
1.),.UNSPECIFIED.);
#294=B_SPLINE_CURVE_WITH_KNOTS('',3,(#14567,#14568,#14569,#14570,#14571,
#14572),.UNSPECIFIED.,.F.,.F.,(4,1,1,4),(0.,0.3333333333333,0.6666666666667,
1.),.UNSPECIFIED.);
#295=B_SPLINE_CURVE_WITH_KNOTS('',3,(#14578,#14579,#14580,#14581,#14582,
#14583,#14584,#14585,#14586,#14587,#14588,#14589,#14590,#14591),
 .UNSPECIFIED.,.F.,.F.,(4,2,2,2,2,2,4),(0.0321252873244442,0.0349566792688446,
0.0378809250186727,0.0408051707685007,0.0437294165183287,0.0466536622681567,
0.0494850542124839),.UNSPECIFIED.);
#296=B_SPLINE_CURVE_WITH_KNOTS('',3,(#14595,#14596,#14597,#14598,#14599,
#14600),.UNSPECIFIED.,.F.,.F.,(4,1,1,4),(0.,0.3333333333333,0.6666666666667,
1.),.UNSPECIFIED.);
#297=B_SPLINE_CURVE_WITH_KNOTS('',3,(#14613,#14614,#14615,#14616,#14617,
#14618),.UNSPECIFIED.,.F.,.F.,(4,1,1,4),(0.,0.3333333333333,0.6666666666667,
1.),.UNSPECIFIED.);
#298=B_SPLINE_CURVE_WITH_KNOTS('',3,(#14624,#14625,#14626,#14627,#14628,
#14629,#14630,#14631,#14632,#14633,#14634,#14635,#14636,#14637),
 .UNSPECIFIED.,.F.,.F.,(4,2,2,2,2,2,4),(0.032125287324452,0.0349566792688447,
0.0378809250186727,0.0408051707685007,0.0437294165183287,0.0466536622681567,
0.0494850542125685),.UNSPECIFIED.);
#299=B_SPLINE_CURVE_WITH_KNOTS('',3,(#14641,#14642,#14643,#14644,#14645,
#14646),.UNSPECIFIED.,.F.,.F.,(4,1,1,4),(0.,0.3333333333333,0.6666666666667,
1.),.UNSPECIFIED.);
#300=B_SPLINE_CURVE_WITH_KNOTS('',3,(#14659,#14660,#14661,#14662,#14663,
#14664),.UNSPECIFIED.,.F.,.F.,(4,1,1,4),(0.,0.3333333333333,0.6666666666667,
1.),.UNSPECIFIED.);
#301=B_SPLINE_CURVE_WITH_KNOTS('',3,(#14670,#14671,#14672,#14673,#14674,
#14675,#14676,#14677,#14678,#14679,#14680,#14681,#14682,#14683),
 .UNSPECIFIED.,.F.,.F.,(4,2,2,2,2,2,4),(0.0321252873245165,0.0349566792688447,
0.0378809250186727,0.0408051707685007,0.0437294165183287,0.0466536622681568,
0.0494850542125586),.UNSPECIFIED.);
#302=B_SPLINE_CURVE_WITH_KNOTS('',3,(#14687,#14688,#14689,#14690,#14691,
#14692),.UNSPECIFIED.,.F.,.F.,(4,1,1,4),(0.,0.3333333333333,0.6666666666667,
1.),.UNSPECIFIED.);
#303=B_SPLINE_CURVE_WITH_KNOTS('',3,(#14705,#14706,#14707,#14708,#14709,
#14710),.UNSPECIFIED.,.F.,.F.,(4,1,1,4),(0.,0.3333333333333,0.6666666666667,
1.),.UNSPECIFIED.);
#304=B_SPLINE_CURVE_WITH_KNOTS('',3,(#14716,#14717,#14718,#14719,#14720,
#14721,#14722,#14723,#14724,#14725,#14726,#14727,#14728,#14729),
 .UNSPECIFIED.,.F.,.F.,(4,2,2,2,2,2,4),(0.0321252873244801,0.0349566792688447,
0.0378809250186727,0.0408051707685008,0.0437294165183288,0.0466536622681568,
0.049485054212544),.UNSPECIFIED.);
#305=B_SPLINE_CURVE_WITH_KNOTS('',3,(#14733,#14734,#14735,#14736,#14737,
#14738),.UNSPECIFIED.,.F.,.F.,(4,1,1,4),(0.,0.3333333333333,0.6666666666667,
1.),.UNSPECIFIED.);
#306=B_SPLINE_CURVE_WITH_KNOTS('',3,(#14751,#14752,#14753,#14754,#14755,
#14756),.UNSPECIFIED.,.F.,.F.,(4,1,1,4),(0.,0.3333333333333,0.6666666666667,
1.),.UNSPECIFIED.);
#307=B_SPLINE_CURVE_WITH_KNOTS('',3,(#14762,#14763,#14764,#14765,#14766,
#14767,#14768,#14769,#14770,#14771,#14772,#14773,#14774,#14775),
 .UNSPECIFIED.,.F.,.F.,(4,2,2,2,2,2,4),(0.0321252873244553,0.0349566792688448,
0.0378809250186728,0.0408051707685008,0.0437294165183289,0.0466536622681569,
0.0494850542125723),.UNSPECIFIED.);
#308=B_SPLINE_CURVE_WITH_KNOTS('',3,(#14798,#14799,#14800,#14801,#14802,
#14803),.UNSPECIFIED.,.F.,.F.,(4,1,1,4),(0.,0.3333333333333,0.6666666666667,
1.),.UNSPECIFIED.);
#309=B_SPLINE_CURVE_WITH_KNOTS('',3,(#14809,#14810,#14811,#14812,#14813,
#14814,#14815,#14816,#14817,#14818,#14819,#14820,#14821,#14822),
 .UNSPECIFIED.,.F.,.F.,(4,2,2,2,2,2,4),(0.0321252873244766,0.0349566792688446,
0.0378809250186726,0.0408051707685006,0.0437294165183286,0.0466536622681566,
0.0494850542125292),.UNSPECIFIED.);
#310=B_SPLINE_CURVE_WITH_KNOTS('',3,(#14826,#14827,#14828,#14829,#14830,
#14831),.UNSPECIFIED.,.F.,.F.,(4,1,1,4),(0.,0.3333333333333,0.6666666666667,
1.),.UNSPECIFIED.);
#311=B_SPLINE_CURVE_WITH_KNOTS('',3,(#14844,#14845,#14846,#14847,#14848,
#14849),.UNSPECIFIED.,.F.,.F.,(4,1,1,4),(0.,0.3333333333333,0.6666666666667,
1.),.UNSPECIFIED.);
#312=B_SPLINE_CURVE_WITH_KNOTS('',3,(#14855,#14856,#14857,#14858,#14859,
#14860,#14861,#14862,#14863,#14864,#14865,#14866,#14867,#14868),
 .UNSPECIFIED.,.F.,.F.,(4,2,2,2,2,2,4),(0.0321252873245407,0.0349566792688446,
0.0378809250186726,0.0408051707685006,0.0437294165183287,0.0466536622681567,
0.049485054212494),.UNSPECIFIED.);
#313=B_SPLINE_CURVE_WITH_KNOTS('',3,(#14872,#14873,#14874,#14875,#14876,
#14877),.UNSPECIFIED.,.F.,.F.,(4,1,1,4),(0.,0.3333333333333,0.6666666666667,
1.),.UNSPECIFIED.);
#314=B_SPLINE_CURVE_WITH_KNOTS('',3,(#14890,#14891,#14892,#14893,#14894,
#14895),.UNSPECIFIED.,.F.,.F.,(4,1,1,4),(0.,0.3333333333333,0.6666666666667,
1.),.UNSPECIFIED.);
#315=B_SPLINE_CURVE_WITH_KNOTS('',3,(#14901,#14902,#14903,#14904,#14905,
#14906,#14907,#14908,#14909,#14910,#14911,#14912,#14913,#14914),
 .UNSPECIFIED.,.F.,.F.,(4,2,2,2,2,2,4),(0.0321252873244378,0.0349566792688446,
0.0378809250186726,0.0408051707685006,0.0437294165183287,0.0466536622681567,
0.0494850542125419),.UNSPECIFIED.);
#316=B_SPLINE_CURVE_WITH_KNOTS('',3,(#14918,#14919,#14920,#14921,#14922,
#14923),.UNSPECIFIED.,.F.,.F.,(4,1,1,4),(0.,0.3333333333333,0.6666666666667,
1.),.UNSPECIFIED.);
#317=B_SPLINE_CURVE_WITH_KNOTS('',3,(#14936,#14937,#14938,#14939,#14940,
#14941),.UNSPECIFIED.,.F.,.F.,(4,1,1,4),(0.,0.3333333333333,0.6666666666667,
1.),.UNSPECIFIED.);
#318=B_SPLINE_CURVE_WITH_KNOTS('',3,(#14947,#14948,#14949,#14950,#14951,
#14952,#14953,#14954,#14955,#14956,#14957,#14958,#14959,#14960),
 .UNSPECIFIED.,.F.,.F.,(4,2,2,2,2,2,4),(0.0321252873244828,0.0349566792688447,
0.0378809250186727,0.0408051707685007,0.0437294165183287,0.0466536622681567,
0.0494850542125607),.UNSPECIFIED.);
#319=B_SPLINE_CURVE_WITH_KNOTS('',3,(#14964,#14965,#14966,#14967,#14968,
#14969),.UNSPECIFIED.,.F.,.F.,(4,1,1,4),(0.,0.3333333333333,0.6666666666667,
1.),.UNSPECIFIED.);
#320=B_SPLINE_CURVE_WITH_KNOTS('',3,(#14982,#14983,#14984,#14985,#14986,
#14987),.UNSPECIFIED.,.F.,.F.,(4,1,1,4),(0.,0.3333333333333,0.6666666666667,
1.),.UNSPECIFIED.);
#321=B_SPLINE_CURVE_WITH_KNOTS('',3,(#14993,#14994,#14995,#14996,#14997,
#14998,#14999,#15000,#15001,#15002,#15003,#15004,#15005,#15006),
 .UNSPECIFIED.,.F.,.F.,(4,2,2,2,2,2,4),(0.0321252873244898,0.0349566792688446,
0.0378809250186727,0.0408051707685007,0.0437294165183287,0.0466536622681567,
0.0494850542125049),.UNSPECIFIED.);
#322=B_SPLINE_CURVE_WITH_KNOTS('',3,(#15010,#15011,#15012,#15013,#15014,
#15015),.UNSPECIFIED.,.F.,.F.,(4,1,1,4),(0.,0.3333333333333,0.6666666666667,
1.),.UNSPECIFIED.);
#323=B_SPLINE_CURVE_WITH_KNOTS('',3,(#15028,#15029,#15030,#15031,#15032,
#15033),.UNSPECIFIED.,.F.,.F.,(4,1,1,4),(0.,0.3333333333333,0.6666666666667,
1.),.UNSPECIFIED.);
#324=B_SPLINE_CURVE_WITH_KNOTS('',3,(#15039,#15040,#15041,#15042,#15043,
#15044,#15045,#15046,#15047,#15048,#15049,#15050,#15051,#15052),
 .UNSPECIFIED.,.F.,.F.,(4,2,2,2,2,2,4),(0.0321252873244935,0.0349566792688447,
0.0378809250186727,0.0408051707685007,0.0437294165183287,0.0466536622681567,
0.0494850542125184),.UNSPECIFIED.);
#325=B_SPLINE_CURVE_WITH_KNOTS('',3,(#15056,#15057,#15058,#15059,#15060,
#15061),.UNSPECIFIED.,.F.,.F.,(4,1,1,4),(0.,0.3333333333333,0.6666666666667,
1.),.UNSPECIFIED.);
#326=B_SPLINE_CURVE_WITH_KNOTS('',3,(#15074,#15075,#15076,#15077,#15078,
#15079),.UNSPECIFIED.,.F.,.F.,(4,1,1,4),(0.,0.3333333333333,0.6666666666667,
1.),.UNSPECIFIED.);
#327=B_SPLINE_CURVE_WITH_KNOTS('',3,(#15085,#15086,#15087,#15088,#15089,
#15090,#15091,#15092,#15093,#15094,#15095,#15096,#15097,#15098),
 .UNSPECIFIED.,.F.,.F.,(4,2,2,2,2,2,4),(0.032125287324483,0.0349566792688446,
0.0378809250186727,0.0408051707685007,0.0437294165183287,0.0466536622681567,
0.0494850542125079),.UNSPECIFIED.);
#328=B_SPLINE_CURVE_WITH_KNOTS('',3,(#15102,#15103,#15104,#15105,#15106,
#15107),.UNSPECIFIED.,.F.,.F.,(4,1,1,4),(0.,0.3333333333333,0.6666666666667,
1.),.UNSPECIFIED.);
#329=B_SPLINE_CURVE_WITH_KNOTS('',3,(#15120,#15121,#15122,#15123,#15124,
#15125),.UNSPECIFIED.,.F.,.F.,(4,1,1,4),(0.,0.3333333333333,0.6666666666667,
1.),.UNSPECIFIED.);
#330=B_SPLINE_CURVE_WITH_KNOTS('',3,(#15131,#15132,#15133,#15134,#15135,
#15136,#15137,#15138,#15139,#15140,#15141,#15142,#15143,#15144),
 .UNSPECIFIED.,.F.,.F.,(4,2,2,2,2,2,4),(0.0321252873244966,0.0349566792688447,
0.0378809250186727,0.0408051707685007,0.0437294165183288,0.0466536622681568,
0.0494850542125116),.UNSPECIFIED.);
#331=B_SPLINE_CURVE_WITH_KNOTS('',3,(#15148,#15149,#15150,#15151,#15152,
#15153),.UNSPECIFIED.,.F.,.F.,(4,1,1,4),(0.,0.3333333333333,0.6666666666667,
1.),.UNSPECIFIED.);
#332=B_SPLINE_CURVE_WITH_KNOTS('',3,(#15166,#15167,#15168,#15169,#15170,
#15171),.UNSPECIFIED.,.F.,.F.,(4,1,1,4),(0.,0.3333333333333,0.6666666666667,
1.),.UNSPECIFIED.);
#333=B_SPLINE_CURVE_WITH_KNOTS('',3,(#15177,#15178,#15179,#15180,#15181,
#15182,#15183,#15184,#15185,#15186,#15187,#15188,#15189,#15190),
 .UNSPECIFIED.,.F.,.F.,(4,2,2,2,2,2,4),(0.0321252873244406,0.0349566792688446,
0.0378809250186726,0.0408051707685006,0.0437294165183286,0.0466536622681566,
0.0494850542125184),.UNSPECIFIED.);
#334=B_SPLINE_CURVE_WITH_KNOTS('',3,(#15194,#15195,#15196,#15197,#15198,
#15199),.UNSPECIFIED.,.F.,.F.,(4,1,1,4),(0.,0.3333333333333,0.6666666666667,
1.),.UNSPECIFIED.);
#335=B_SPLINE_CURVE_WITH_KNOTS('',3,(#15212,#15213,#15214,#15215,#15216,
#15217),.UNSPECIFIED.,.F.,.F.,(4,1,1,4),(0.,0.3333333333333,0.6666666666667,
1.),.UNSPECIFIED.);
#336=B_SPLINE_CURVE_WITH_KNOTS('',3,(#15223,#15224,#15225,#15226,#15227,
#15228,#15229,#15230,#15231,#15232,#15233,#15234,#15235,#15236),
 .UNSPECIFIED.,.F.,.F.,(4,2,2,2,2,2,4),(0.0321252873244593,0.0349566792688446,
0.0378809250186726,0.0408051707685007,0.0437294165183287,0.0466536622681567,
0.0494850542125635),.UNSPECIFIED.);
#337=B_SPLINE_CURVE_WITH_KNOTS('',3,(#15240,#15241,#15242,#15243,#15244,
#15245),.UNSPECIFIED.,.F.,.F.,(4,1,1,4),(0.,0.3333333333333,0.6666666666667,
1.),.UNSPECIFIED.);
#338=B_SPLINE_CURVE_WITH_KNOTS('',3,(#15258,#15259,#15260,#15261,#15262,
#15263),.UNSPECIFIED.,.F.,.F.,(4,1,1,4),(0.,0.3333333333333,0.6666666666667,
1.),.UNSPECIFIED.);
#339=B_SPLINE_CURVE_WITH_KNOTS('',3,(#15269,#15270,#15271,#15272,#15273,
#15274,#15275,#15276,#15277,#15278,#15279,#15280,#15281,#15282),
 .UNSPECIFIED.,.F.,.F.,(4,2,2,2,2,2,4),(0.0321252873245073,0.0349566792688447,
0.0378809250186727,0.0408051707685007,0.0437294165183288,0.0466536622681568,
0.0494850542124607),.UNSPECIFIED.);
#340=B_SPLINE_CURVE_WITH_KNOTS('',3,(#15286,#15287,#15288,#15289,#15290,
#15291),.UNSPECIFIED.,.F.,.F.,(4,1,1,4),(0.,0.3333333333333,0.6666666666667,
1.),.UNSPECIFIED.);
#341=B_SPLINE_CURVE_WITH_KNOTS('',3,(#15304,#15305,#15306,#15307,#15308,
#15309),.UNSPECIFIED.,.F.,.F.,(4,1,1,4),(0.,0.3333333333333,0.6666666666667,
1.),.UNSPECIFIED.);
#342=B_SPLINE_CURVE_WITH_KNOTS('',3,(#15315,#15316,#15317,#15318,#15319,
#15320,#15321,#15322,#15323,#15324,#15325,#15326,#15327,#15328),
 .UNSPECIFIED.,.F.,.F.,(4,2,2,2,2,2,4),(0.0321252873244723,0.0349566792688447,
0.0378809250186727,0.0408051707685007,0.0437294165183287,0.0466536622681567,
0.0494850542125247),.UNSPECIFIED.);
#343=B_SPLINE_CURVE_WITH_KNOTS('',3,(#15332,#15333,#15334,#15335,#15336,
#15337),.UNSPECIFIED.,.F.,.F.,(4,1,1,4),(0.,0.3333333333333,0.6666666666667,
1.),.UNSPECIFIED.);
#344=B_SPLINE_CURVE_WITH_KNOTS('',3,(#15351,#15352,#15353,#15354,#15355,
#15356),.UNSPECIFIED.,.F.,.F.,(4,1,1,4),(0.,0.3333333333333,0.6666666666667,
1.),.UNSPECIFIED.);
#345=B_SPLINE_CURVE_WITH_KNOTS('',3,(#15360,#15361,#15362,#15363,#15364,
#15365,#15366,#15367,#15368,#15369,#15370,#15371,#15372,#15373),
 .UNSPECIFIED.,.F.,.F.,(4,2,2,2,2,2,4),(0.0321252873244293,0.0349566792688447,
0.0378809250186727,0.0408051707685007,0.0437294165183287,0.0466536622681567,
0.0494850542125462),.UNSPECIFIED.);
#346=B_SPLINE_CURVE_WITH_KNOTS('',3,(#15390,#15391,#15392,#15393,#15394,
#15395),.UNSPECIFIED.,.F.,.F.,(4,1,1,4),(0.,0.3333333333333,0.6666666666667,
1.),.UNSPECIFIED.);
#347=B_SPLINE_CURVE_WITH_KNOTS('',3,(#15396,#15397,#15398,#15399,#15400,
#15401,#15402,#15403,#15404,#15405,#15406,#15407,#15408,#15409),
 .UNSPECIFIED.,.F.,.F.,(4,2,2,2,2,2,4),(0.032125287324499,0.0349566792688445,
0.0378809250186725,0.0408051707685005,0.0437294165183285,0.0466536622681565,
0.0494850542125026),.UNSPECIFIED.);
#348=B_SPLINE_CURVE_WITH_KNOTS('',3,(#15541,#15542,#15543,#15544,#15545,
#15546,#15547,#15548,#15549,#15550),.UNSPECIFIED.,.F.,.F.,(4,2,2,2,4),(0.181337575758917,
0.202245569311153,0.245067699999202,0.28788983068725,0.308797824239496),
 .UNSPECIFIED.);
#349=B_SPLINE_CURVE_WITH_KNOTS('',3,(#15559,#15560,#15561,#15562,#15563,
#15564,#15565,#15566,#15567,#15568),.UNSPECIFIED.,.F.,.F.,(4,2,2,2,4),(0.181337575758917,
0.202245569311153,0.245067699999202,0.28788983068725,0.308797824239496),
 .UNSPECIFIED.);
#350=B_SPLINE_CURVE_WITH_KNOTS('',3,(#15579,#15580,#15581,#15582,#15583,
#15584,#15585,#15586,#15587,#15588),.UNSPECIFIED.,.F.,.F.,(4,2,2,2,4),(0.181337575758917,
0.202245569311153,0.245067699999202,0.28788983068725,0.308797824239496),
 .UNSPECIFIED.);
#351=B_SPLINE_CURVE_WITH_KNOTS('',3,(#16774,#16775,#16776,#16777,#16778,
#16779,#16780,#16781,#16782,#16783,#16784,#16785,#16786,#16787,#16788,#16789,
#16790,#16791,#16792,#16793,#16794,#16795,#16796,#16797,#16798,#16799,#16800,
#16801,#16802,#16803,#16804,#16805,#16806,#16807,#16808,#16809,#16810,#16811,
#16812,#16813,#16814,#16815,#16816,#16817,#16818,#16819,#16820,#16821,#16822,
#16823,#16824,#16825,#16826,#16827,#16828,#16829,#16830,#16831,#16832,#16833,
#16834,#16835,#16836,#16837,#16838,#16839,#16840,#16841,#16842,#16843,#16844,
#16845,#16846,#16847,#16848,#16849,#16850,#16851,#16852,#16853,#16854,#16855,
#16856,#16857,#16858,#16859,#16860,#16861,#16862,#16863,#16864,#16865,#16866,
#16867,#16868,#16869,#16870,#16871,#16872,#16873,#16874,#16875,#16876,#16877,
#16878,#16879,#16880,#16881,#16882),.UNSPECIFIED.,.F.,.F.,(4,3,3,3,3,3,
3,3,3,3,3,3,3,3,3,3,3,3,3,3,3,3,3,3,3,3,3,3,3,3,3,3,3,3,3,3,4),(0.,0.0234385527912076,
0.0469193075254704,0.0625,0.0870343539802759,0.111658820632329,0.125,0.15625,
0.186384482640131,0.218192241320065,0.25,0.28125,0.311384071318828,0.343192035659414,
0.375,0.40625,0.436384071338642,0.468192035669321,0.5,0.53125,0.56138407132154,
0.59319203566077,0.625,0.65625,0.686384071308282,0.718192035654141,0.75,
0.78125,0.811817896805795,0.843408948402897,0.875,0.900815750485906,0.926746180724158,
0.9375,0.958209116274356,0.979104558137178,1.),.UNSPECIFIED.);
#352=B_SPLINE_CURVE_WITH_KNOTS('',3,(#16884,#16885,#16886,#16887,#16888,
#16889,#16890,#16891,#16892,#16893,#16894,#16895,#16896,#16897,#16898,#16899,
#16900,#16901,#16902,#16903,#16904,#16905,#16906,#16907,#16908,#16909,#16910,
#16911,#16912,#16913,#16914,#16915,#16916,#16917,#16918,#16919,#16920,#16921,
#16922,#16923,#16924,#16925,#16926,#16927,#16928,#16929,#16930,#16931,#16932,
#16933,#16934,#16935,#16936,#16937,#16938,#16939,#16940,#16941,#16942,#16943,
#16944,#16945,#16946,#16947,#16948,#16949,#16950,#16951,#16952,#16953,#16954,
#16955,#16956,#16957,#16958,#16959,#16960,#16961,#16962,#16963,#16964,#16965,
#16966,#16967,#16968,#16969,#16970,#16971,#16972,#16973,#16974,#16975,#16976,
#16977,#16978,#16979,#16980,#16981,#16982,#16983,#16984,#16985,#16986,#16987,
#16988,#16989,#16990,#16991,#16992),.UNSPECIFIED.,.F.,.F.,(4,3,3,3,3,3,
3,3,3,3,3,3,3,3,3,3,3,3,3,3,3,3,3,3,3,3,3,3,3,3,3,3,3,3,3,3,4),(0.00405091142630489,
0.027506808298975,0.0509772596857528,0.0625,0.0870343539004094,0.111658820470608,
0.125,0.15625,0.186384482641467,0.218192241320734,0.25,0.28125,0.311384071302577,
0.343192035651289,0.375,0.40625,0.436384071335166,0.468192035667583,0.5,
0.53125,0.561384071349404,0.593192035674702,0.625,0.65625,0.686384071313004,
0.718192035656502,0.75,0.78125,0.811817896770059,0.843408948385029,0.875,
0.900815750525882,0.926746180805891,0.9375,0.958209116274189,0.979104558137095,
1.),.UNSPECIFIED.);
#353=B_SPLINE_CURVE_WITH_KNOTS('',3,(#16994,#16995,#16996,#16997),
 .UNSPECIFIED.,.F.,.F.,(4,4),(0.,0.00405091142630489),.UNSPECIFIED.);
#354=B_SPLINE_CURVE_WITH_KNOTS('',3,(#17125,#17126,#17127,#17128,#17129,
#17130,#17131,#17132,#17133,#17134),.UNSPECIFIED.,.F.,.F.,(4,3,3,4),(0.,
0.3333333333333,0.6666666666667,1.),.UNSPECIFIED.);
#355=B_SPLINE_CURVE_WITH_KNOTS('',3,(#17142,#17143,#17144,#17145),
 .UNSPECIFIED.,.F.,.F.,(4,4),(0.0203136049382658,0.0235871518725355),
 .UNSPECIFIED.);
#356=B_SPLINE_CURVE_WITH_KNOTS('',3,(#17157,#17158,#17159,#17160,#17161,
#17162,#17163,#17164,#17165,#17166),.UNSPECIFIED.,.F.,.F.,(4,3,3,4),(0.,
0.3333333333333,0.6666666666667,1.),.UNSPECIFIED.);
#357=B_SPLINE_CURVE_WITH_KNOTS('',3,(#17169,#17170,#17171,#17172,#17173,
#17174,#17175,#17176,#17177,#17178),.UNSPECIFIED.,.F.,.F.,(4,3,3,4),(0.,
0.3333333333333,0.6666666666667,1.),.UNSPECIFIED.);
#358=B_SPLINE_CURVE_WITH_KNOTS('',3,(#17191,#17192,#17193,#17194,#17195,
#17196,#17197,#17198,#17199,#17200),.UNSPECIFIED.,.F.,.F.,(4,3,3,4),(0.,
0.3333333333333,0.6666666666667,1.),.UNSPECIFIED.);
#359=B_SPLINE_CURVE_WITH_KNOTS('',3,(#17203,#17204,#17205,#17206,#17207,
#17208,#17209,#17210,#17211,#17212),.UNSPECIFIED.,.F.,.F.,(4,3,3,4),(0.,
0.3333333333333,0.6666666666667,1.),.UNSPECIFIED.);
#360=B_SPLINE_CURVE_WITH_KNOTS('',3,(#17221,#17222,#17223,#17224),
 .UNSPECIFIED.,.F.,.F.,(4,4),(0.00518695130969312,0.00846049823930844),
 .UNSPECIFIED.);
#361=B_SPLINE_CURVE_WITH_KNOTS('',3,(#17228,#17229,#17230,#17231,#17232,
#17233,#17234,#17235,#17236,#17237),.UNSPECIFIED.,.F.,.F.,(4,3,3,4),(0.,
0.3333333333333,0.6666666666667,1.),.UNSPECIFIED.);
#362=B_SPLINE_CURVE_WITH_KNOTS('',3,(#17240,#17241,#17242,#17243,#17244,
#17245,#17246,#17247,#17248,#17249),.UNSPECIFIED.,.F.,.F.,(4,3,3,4),(0.,
0.3333333333333,0.6666666666667,1.),.UNSPECIFIED.);
#363=B_SPLINE_CURVE_WITH_KNOTS('',3,(#17253,#17254,#17255,#17256),
 .UNSPECIFIED.,.F.,.F.,(4,4),(0.00518695130968166,0.00846049824439602),
 .UNSPECIFIED.);
#364=B_SPLINE_CURVE_WITH_KNOTS('',3,(#17265,#17266,#17267,#17268,#17269,
#17270,#17271,#17272,#17273,#17274),.UNSPECIFIED.,.F.,.F.,(4,3,3,4),(0.,
0.3333333333333,0.6666666666667,1.),.UNSPECIFIED.);
#365=B_SPLINE_CURVE_WITH_KNOTS('',3,(#17277,#17278,#17279,#17280,#17281,
#17282,#17283,#17284,#17285,#17286),.UNSPECIFIED.,.F.,.F.,(4,3,3,4),(0.,
0.3333333333333,0.6666666666667,1.),.UNSPECIFIED.);
#366=B_SPLINE_CURVE_WITH_KNOTS('',3,(#17299,#17300,#17301,#17302,#17303,
#17304,#17305,#17306,#17307,#17308),.UNSPECIFIED.,.F.,.F.,(4,3,3,4),(0.,
0.3333333333333,0.6666666666667,1.),.UNSPECIFIED.);
#367=B_SPLINE_CURVE_WITH_KNOTS('',3,(#17311,#17312,#17313,#17314,#17315,
#17316,#17317,#17318,#17319,#17320),.UNSPECIFIED.,.F.,.F.,(4,3,3,4),(0.,
0.3333333333333,0.6666666666667,1.),.UNSPECIFIED.);
#368=B_SPLINE_CURVE_WITH_KNOTS('',3,(#17333,#17334,#17335,#17336,#17337,
#17338,#17339,#17340,#17341,#17342),.UNSPECIFIED.,.F.,.F.,(4,3,3,4),(0.,
0.3333333333333,0.6666666666667,1.),.UNSPECIFIED.);
#369=B_SPLINE_CURVE_WITH_KNOTS('',3,(#17345,#17346,#17347,#17348,#17349,
#17350,#17351,#17352,#17353,#17354),.UNSPECIFIED.,.F.,.F.,(4,3,3,4),(0.,
0.3333333333333,0.6666666666667,1.),.UNSPECIFIED.);
#370=B_SPLINE_CURVE_WITH_KNOTS('',3,(#17367,#17368,#17369,#17370,#17371,
#17372,#17373,#17374,#17375,#17376),.UNSPECIFIED.,.F.,.F.,(4,3,3,4),(0.,
0.3333333333333,0.6666666666667,1.),.UNSPECIFIED.);
#371=B_SPLINE_CURVE_WITH_KNOTS('',3,(#17379,#17380,#17381,#17382,#17383,
#17384,#17385,#17386,#17387,#17388),.UNSPECIFIED.,.F.,.F.,(4,3,3,4),(0.,
0.3333333333333,0.6666666666667,1.),.UNSPECIFIED.);
#372=B_SPLINE_CURVE_WITH_KNOTS('',3,(#17401,#17402,#17403,#17404,#17405,
#17406,#17407,#17408,#17409,#17410),.UNSPECIFIED.,.F.,.F.,(4,3,3,4),(0.,
0.3333333333333,0.6666666666667,1.),.UNSPECIFIED.);
#373=B_SPLINE_CURVE_WITH_KNOTS('',3,(#17413,#17414,#17415,#17416,#17417,
#17418,#17419,#17420,#17421,#17422),.UNSPECIFIED.,.F.,.F.,(4,3,3,4),(0.,
0.3333333333333,0.6666666666667,1.),.UNSPECIFIED.);
#374=B_SPLINE_CURVE_WITH_KNOTS('',3,(#17423,#17424,#17425,#17426),
 .UNSPECIFIED.,.F.,.F.,(4,4),(0.0203136049378435,0.0235871518725576),
 .UNSPECIFIED.);
#375=B_SPLINE_CURVE_WITH_KNOTS('',3,(#17619,#17620,#17621,#17622,#17623,
#17624,#17625,#17626,#17627,#17628),.UNSPECIFIED.,.F.,.F.,(4,3,3,4),(0.,
0.3333333333333,0.6666666666667,1.),.UNSPECIFIED.);
#376=B_SPLINE_CURVE_WITH_KNOTS('',3,(#17630,#17631,#17632,#17633,#17634,
#17635,#17636,#17637,#17638,#17639),.UNSPECIFIED.,.F.,.F.,(4,3,3,4),(0.,
0.3333333333333,0.6666666666667,1.),.UNSPECIFIED.);
#377=B_SPLINE_CURVE_WITH_KNOTS('',3,(#17651,#17652,#17653,#17654,#17655,
#17656,#17657,#17658,#17659,#17660),.UNSPECIFIED.,.F.,.F.,(4,3,3,4),(0.,
0.3333333333333,0.6666666666667,1.),.UNSPECIFIED.);
#378=B_SPLINE_CURVE_WITH_KNOTS('',3,(#17663,#17664,#17665,#17666,#17667,
#17668,#17669,#17670,#17671,#17672),.UNSPECIFIED.,.F.,.F.,(4,3,3,4),(0.,
0.3333333333333,0.6666666666667,1.),.UNSPECIFIED.);
#379=B_SPLINE_CURVE_WITH_KNOTS('',3,(#17686,#17687,#17688,#17689,#17690,
#17691,#17692,#17693,#17694,#17695),.UNSPECIFIED.,.F.,.F.,(4,3,3,4),(0.,
0.3333333333333,0.6666666666667,1.),.UNSPECIFIED.);
#380=B_SPLINE_CURVE_WITH_KNOTS('',3,(#17698,#17699,#17700,#17701,#17702,
#17703,#17704,#17705,#17706,#17707),.UNSPECIFIED.,.F.,.F.,(4,3,3,4),(0.,
0.3333333333333,0.6666666666667,1.),.UNSPECIFIED.);
#381=B_SPLINE_CURVE_WITH_KNOTS('',3,(#17717,#17718,#17719,#17720,#17721,
#17722,#17723,#17724,#17725,#17726),.UNSPECIFIED.,.F.,.F.,(4,3,3,4),(0.,
0.3333333333333,0.6666666666667,1.),.UNSPECIFIED.);
#382=B_SPLINE_CURVE_WITH_KNOTS('',3,(#17729,#17730,#17731,#17732,#17733,
#17734,#17735,#17736,#17737,#17738),.UNSPECIFIED.,.F.,.F.,(4,3,3,4),(0.,
0.3333333333333,0.6666666666667,1.),.UNSPECIFIED.);
#383=B_SPLINE_CURVE_WITH_KNOTS('',3,(#17744,#17745,#17746,#17747),
 .UNSPECIFIED.,.F.,.F.,(4,4),(0.00518695130975137,0.00846049824352067),
 .UNSPECIFIED.);
#384=B_SPLINE_CURVE_WITH_KNOTS('',3,(#17750,#17751,#17752,#17753),
 .UNSPECIFIED.,.F.,.F.,(4,4),(-0.0235871518725577,-0.0203136049378777),
 .UNSPECIFIED.);
#385=B_SPLINE_CURVE_WITH_KNOTS('',3,(#17755,#17756,#17757,#17758,#17759,
#17760,#17761,#17762,#17763,#17764),.UNSPECIFIED.,.F.,.F.,(4,3,3,4),(0.,
0.3333333333333,0.6666666666667,1.),.UNSPECIFIED.);
#386=B_SPLINE_CURVE_WITH_KNOTS('',3,(#17767,#17768,#17769,#17770,#17771,
#17772,#17773,#17774,#17775,#17776),.UNSPECIFIED.,.F.,.F.,(4,3,3,4),(0.,
0.3333333333333,0.6666666666667,1.),.UNSPECIFIED.);
#387=B_SPLINE_CURVE_WITH_KNOTS('',3,(#17785,#17786,#17787,#17788,#17789,
#17790,#17791,#17792,#17793,#17794),.UNSPECIFIED.,.F.,.F.,(4,3,3,4),(0.,
0.3333333333333,0.6666666666667,1.),.UNSPECIFIED.);
#388=B_SPLINE_CURVE_WITH_KNOTS('',3,(#17797,#17798,#17799,#17800,#17801,
#17802,#17803,#17804,#17805,#17806),.UNSPECIFIED.,.F.,.F.,(4,3,3,4),(0.,
0.3333333333333,0.6666666666667,1.),.UNSPECIFIED.);
#389=B_SPLINE_CURVE_WITH_KNOTS('',3,(#17820,#17821,#17822,#17823,#17824,
#17825,#17826,#17827,#17828,#17829),.UNSPECIFIED.,.F.,.F.,(4,3,3,4),(0.,
0.3333333333333,0.6666666666667,1.),.UNSPECIFIED.);
#390=B_SPLINE_CURVE_WITH_KNOTS('',3,(#17837,#17838,#17839,#17840,#17841,
#17842,#17843,#17844,#17845,#17846),.UNSPECIFIED.,.F.,.F.,(4,3,3,4),(0.,
0.3333333333333,0.6666666666667,1.),.UNSPECIFIED.);
#391=B_SPLINE_CURVE_WITH_KNOTS('',3,(#17856,#17857,#17858,#17859,#17860,
#17861,#17862,#17863,#17864,#17865),.UNSPECIFIED.,.F.,.F.,(4,3,3,4),(0.,
0.3333333333333,0.6666666666667,1.),.UNSPECIFIED.);
#392=B_SPLINE_CURVE_WITH_KNOTS('',3,(#17868,#17869,#17870,#17871,#17872,
#17873,#17874,#17875,#17876,#17877),.UNSPECIFIED.,.F.,.F.,(4,3,3,4),(0.,
0.3333333333333,0.6666666666667,1.),.UNSPECIFIED.);
#393=B_SPLINE_CURVE_WITH_KNOTS('',3,(#17913,#17914,#17915,#17916),
 .UNSPECIFIED.,.F.,.F.,(4,4),(0.0203136049388029,0.0235871518725775),
 .UNSPECIFIED.);
#394=B_SPLINE_CURVE_WITH_KNOTS('',3,(#17919,#17920,#17921,#17922,#17923,
#17924,#17925,#17926,#17927,#17928),.UNSPECIFIED.,.F.,.F.,(4,3,3,4),(0.,
0.3333333333333,0.6666666666667,1.),.UNSPECIFIED.);
#395=B_SPLINE_CURVE_WITH_KNOTS('',3,(#17932,#17933,#17934,#17935,#17936,
#17937,#17938,#17939,#17940,#17941),.UNSPECIFIED.,.F.,.F.,(4,3,3,4),(0.,
0.3333333333333,0.6666666666667,1.),.UNSPECIFIED.);
#396=B_SPLINE_CURVE_WITH_KNOTS('',3,(#17942,#17943,#17944,#17945),
 .UNSPECIFIED.,.F.,.F.,(4,4),(0.00518695130968273,0.00846049824436304),
 .UNSPECIFIED.);
#397=B_SPLINE_CURVE_WITH_KNOTS('',3,(#17958,#17959,#17960,#17961,#17962,
#17963,#17964,#17965,#17966,#17967),.UNSPECIFIED.,.F.,.F.,(4,3,3,4),(0.,
0.3333333333333,0.6666666666667,1.),.UNSPECIFIED.);
#398=B_SPLINE_CURVE_WITH_KNOTS('',3,(#17971,#17972,#17973,#17974,#17975,
#17976,#17977,#17978,#17979,#17980),.UNSPECIFIED.,.F.,.F.,(4,3,3,4),(0.,
0.3333333333333,0.6666666666667,1.),.UNSPECIFIED.);
#399=B_SPLINE_CURVE_WITH_KNOTS('',3,(#17994,#17995,#17996,#17997,#17998,
#17999,#18000,#18001,#18002,#18003),.UNSPECIFIED.,.F.,.F.,(4,3,3,4),(0.,
0.3333333333333,0.6666666666667,1.),.UNSPECIFIED.);
#400=B_SPLINE_CURVE_WITH_KNOTS('',3,(#18007,#18008,#18009,#18010,#18011,
#18012,#18013,#18014,#18015,#18016),.UNSPECIFIED.,.F.,.F.,(4,3,3,4),(0.,
0.3333333333333,0.6666666666667,1.),.UNSPECIFIED.);
#401=B_SPLINE_CURVE_WITH_KNOTS('',3,(#18030,#18031,#18032,#18033,#18034,
#18035,#18036,#18037,#18038,#18039),.UNSPECIFIED.,.F.,.F.,(4,3,3,4),(0.,
0.3333333333333,0.6666666666667,1.),.UNSPECIFIED.);
#402=B_SPLINE_CURVE_WITH_KNOTS('',3,(#18043,#18044,#18045,#18046,#18047,
#18048,#18049,#18050,#18051,#18052),.UNSPECIFIED.,.F.,.F.,(4,3,3,4),(0.,
0.3333333333333,0.6666666666667,1.),.UNSPECIFIED.);
#403=B_SPLINE_CURVE_WITH_KNOTS('',3,(#18072,#18073,#18074,#18075,#18076,
#18077,#18078,#18079,#18080,#18081),.UNSPECIFIED.,.F.,.F.,(4,3,3,4),(0.,
0.3333333333333,0.6666666666667,1.),.UNSPECIFIED.);
#404=B_SPLINE_CURVE_WITH_KNOTS('',3,(#18082,#18083,#18084,#18085),
 .UNSPECIFIED.,.F.,.F.,(4,4),(0.00518695130970327,0.00846049824397624),
 .UNSPECIFIED.);
#405=B_SPLINE_CURVE_WITH_KNOTS('',3,(#18098,#18099,#18100,#18101,#18102,
#18103,#18104,#18105,#18106,#18107),.UNSPECIFIED.,.F.,.F.,(4,3,3,4),(0.,
0.3333333333333,0.6666666666667,1.),.UNSPECIFIED.);
#406=B_SPLINE_CURVE_WITH_KNOTS('',3,(#18111,#18112,#18113,#18114,#18115,
#18116,#18117,#18118,#18119,#18120),.UNSPECIFIED.,.F.,.F.,(4,3,3,4),(0.,
0.3333333333333,0.6666666666667,1.),.UNSPECIFIED.);
#407=B_SPLINE_CURVE_WITH_KNOTS('',3,(#18134,#18135,#18136,#18137,#18138,
#18139,#18140,#18141,#18142,#18143),.UNSPECIFIED.,.F.,.F.,(4,3,3,4),(0.,
0.3333333333333,0.6666666666667,1.),.UNSPECIFIED.);
#408=B_SPLINE_CURVE_WITH_KNOTS('',3,(#18147,#18148,#18149,#18150,#18151,
#18152,#18153,#18154,#18155,#18156),.UNSPECIFIED.,.F.,.F.,(4,3,3,4),(0.,
0.3333333333333,0.6666666666667,1.),.UNSPECIFIED.);
#409=B_SPLINE_CURVE_WITH_KNOTS('',3,(#18167,#18168,#18169,#18170,#18171,
#18172,#18173,#18174,#18175,#18176),.UNSPECIFIED.,.F.,.F.,(4,3,3,4),(0.,
0.3333333333333,0.6666666666667,1.),.UNSPECIFIED.);
#410=B_SPLINE_CURVE_WITH_KNOTS('',3,(#18179,#18180,#18181,#18182,#18183,
#18184,#18185,#18186,#18187,#18188),.UNSPECIFIED.,.F.,.F.,(4,3,3,4),(0.,
0.3333333333333,0.6666666666667,1.),.UNSPECIFIED.);
#411=B_SPLINE_CURVE_WITH_KNOTS('',3,(#18189,#18190,#18191,#18192),
 .UNSPECIFIED.,.F.,.F.,(4,4),(0.0203136049378702,0.0235871518725468),
 .UNSPECIFIED.);
#412=B_SPLINE_CURVE_WITH_KNOTS('',3,(#18398,#18399,#18400,#18401,#18402,
#18403,#18404,#18405,#18406,#18407),.UNSPECIFIED.,.F.,.F.,(4,2,2,2,4),(0.181337575758917,
0.202245569311153,0.245067699999202,0.28788983068725,0.308797824239496),
 .UNSPECIFIED.);
#413=PLANE('',#10386);
#414=PLANE('',#10389);
#415=PLANE('',#10391);
#416=PLANE('',#10392);
#417=PLANE('',#10395);
#418=PLANE('',#10397);
#419=PLANE('',#10398);
#420=PLANE('',#10401);
#421=PLANE('',#10403);
#422=PLANE('',#10404);
#423=PLANE('',#10407);
#424=PLANE('',#10409);
#425=PLANE('',#10410);
#426=PLANE('',#10413);
#427=PLANE('',#10415);
#428=PLANE('',#10416);
#429=PLANE('',#10417);
#430=PLANE('',#10420);
#431=PLANE('',#10422);
#432=PLANE('',#10423);
#433=PLANE('',#10426);
#434=PLANE('',#10428);
#435=PLANE('',#10429);
#436=PLANE('',#10432);
#437=PLANE('',#10434);
#438=PLANE('',#10435);
#439=PLANE('',#10438);
#440=PLANE('',#10440);
#441=PLANE('',#10441);
#442=PLANE('',#10444);
#443=PLANE('',#10446);
#444=PLANE('',#10447);
#445=PLANE('',#10450);
#446=PLANE('',#10452);
#447=PLANE('',#10453);
#448=PLANE('',#10456);
#449=PLANE('',#10458);
#450=PLANE('',#10459);
#451=PLANE('',#10462);
#452=PLANE('',#10464);
#453=PLANE('',#10465);
#454=PLANE('',#10468);
#455=PLANE('',#10470);
#456=PLANE('',#10471);
#457=PLANE('',#10474);
#458=PLANE('',#10476);
#459=PLANE('',#10477);
#460=PLANE('',#10480);
#461=PLANE('',#10482);
#462=PLANE('',#10483);
#463=PLANE('',#10486);
#464=PLANE('',#10488);
#465=PLANE('',#10489);
#466=PLANE('',#10492);
#467=PLANE('',#10494);
#468=PLANE('',#10495);
#469=PLANE('',#10498);
#470=PLANE('',#10500);
#471=PLANE('',#10501);
#472=PLANE('',#10504);
#473=PLANE('',#10506);
#474=PLANE('',#10507);
#475=PLANE('',#10510);
#476=PLANE('',#10512);
#477=PLANE('',#10513);
#478=PLANE('',#10516);
#479=PLANE('',#10518);
#480=PLANE('',#10519);
#481=PLANE('',#10522);
#482=PLANE('',#10524);
#483=PLANE('',#10525);
#484=PLANE('',#10528);
#485=PLANE('',#10530);
#486=PLANE('',#10560);
#487=PLANE('',#10561);
#488=PLANE('',#10566);
#489=PLANE('',#10570);
#490=PLANE('',#10571);
#491=PLANE('',#10572);
#492=PLANE('',#10611);
#493=PLANE('',#10612);
#494=PLANE('',#10613);
#495=PLANE('',#10618);
#496=PLANE('',#10622);
#497=PLANE('',#10626);
#498=PLANE('',#10628);
#499=PLANE('',#10629);
#500=PLANE('',#10630);
#501=PLANE('',#10631);
#502=PLANE('',#10632);
#503=PLANE('',#10633);
#504=PLANE('',#10634);
#505=PLANE('',#10635);
#506=PLANE('',#10636);
#507=PLANE('',#10637);
#508=PLANE('',#10638);
#509=PLANE('',#10639);
#510=PLANE('',#10640);
#511=PLANE('',#10648);
#512=PLANE('',#10649);
#513=PLANE('',#10650);
#514=PLANE('',#10651);
#515=PLANE('',#10652);
#516=PLANE('',#10653);
#517=PLANE('',#10654);
#518=PLANE('',#10655);
#519=PLANE('',#10656);
#520=PLANE('',#10657);
#521=PLANE('',#10658);
#522=PLANE('',#10659);
#523=PLANE('',#10660);
#524=PLANE('',#10661);
#525=PLANE('',#10669);
#526=PLANE('',#10670);
#527=PLANE('',#10673);
#528=PLANE('',#10678);
#529=PLANE('',#10679);
#530=PLANE('',#10680);
#531=PLANE('',#10681);
#532=PLANE('',#10682);
#533=PLANE('',#10683);
#534=PLANE('',#10684);
#535=PLANE('',#10685);
#536=PLANE('',#10686);
#537=PLANE('',#10687);
#538=PLANE('',#10688);
#539=PLANE('',#10689);
#540=PLANE('',#10690);
#541=PLANE('',#10691);
#542=PLANE('',#10692);
#543=PLANE('',#10693);
#544=PLANE('',#10694);
#545=PLANE('',#10695);
#546=PLANE('',#10696);
#547=PLANE('',#10697);
#548=PLANE('',#10698);
#549=PLANE('',#10699);
#550=PLANE('',#10700);
#551=PLANE('',#10701);
#552=PLANE('',#10702);
#553=PLANE('',#10703);
#554=PLANE('',#10704);
#555=PLANE('',#10705);
#556=PLANE('',#10706);
#557=PLANE('',#10707);
#558=PLANE('',#10708);
#559=PLANE('',#10709);
#560=PLANE('',#10710);
#561=PLANE('',#10711);
#562=PLANE('',#10712);
#563=PLANE('',#10713);
#564=PLANE('',#10714);
#565=PLANE('',#10715);
#566=PLANE('',#10716);
#567=PLANE('',#10717);
#568=PLANE('',#10718);
#569=PLANE('',#10719);
#570=PLANE('',#10720);
#571=PLANE('',#10721);
#572=PLANE('',#10722);
#573=PLANE('',#10723);
#574=PLANE('',#10724);
#575=PLANE('',#10725);
#576=PLANE('',#10726);
#577=PLANE('',#10727);
#578=PLANE('',#10728);
#579=PLANE('',#10729);
#580=PLANE('',#10730);
#581=PLANE('',#10731);
#582=PLANE('',#10732);
#583=PLANE('',#10733);
#584=PLANE('',#10734);
#585=PLANE('',#10735);
#586=PLANE('',#10736);
#587=PLANE('',#10737);
#588=PLANE('',#10738);
#589=PLANE('',#10739);
#590=PLANE('',#10740);
#591=PLANE('',#10741);
#592=PLANE('',#10742);
#593=PLANE('',#10743);
#594=PLANE('',#10744);
#595=PLANE('',#10745);
#596=PLANE('',#10746);
#597=PLANE('',#10747);
#598=PLANE('',#10748);
#599=PLANE('',#10749);
#600=PLANE('',#10750);
#601=PLANE('',#10751);
#602=PLANE('',#10758);
#603=PLANE('',#10759);
#604=PLANE('',#10760);
#605=PLANE('',#10761);
#606=PLANE('',#10762);
#607=PLANE('',#10765);
#608=PLANE('',#10768);
#609=PLANE('',#10769);
#610=PLANE('',#10772);
#611=PLANE('',#10773);
#612=PLANE('',#10774);
#613=PLANE('',#10775);
#614=PLANE('',#10776);
#615=PLANE('',#10779);
#616=PLANE('',#10780);
#617=PLANE('',#10783);
#618=PLANE('',#10784);
#619=PLANE('',#10787);
#620=PLANE('',#10788);
#621=PLANE('',#10789);
#622=PLANE('',#10791);
#623=PLANE('',#10792);
#624=PLANE('',#10802);
#625=PLANE('',#10803);
#626=PLANE('',#10804);
#627=PLANE('',#10808);
#628=PLANE('',#10810);
#629=PLANE('',#10811);
#630=PLANE('',#10813);
#631=PLANE('',#10815);
#632=PLANE('',#10816);
#633=PLANE('',#10817);
#634=PLANE('',#10820);
#635=PLANE('',#10822);
#636=PLANE('',#10824);
#637=PLANE('',#10825);
#638=PLANE('',#10826);
#639=PLANE('',#10829);
#640=PLANE('',#10830);
#641=PLANE('',#10831);
#642=PLANE('',#10844);
#643=PLANE('',#10846);
#644=PLANE('',#10847);
#645=PLANE('',#10848);
#646=PLANE('',#10850);
#647=PLANE('',#10851);
#648=PLANE('',#10852);
#649=PLANE('',#10853);
#650=PLANE('',#10854);
#651=PLANE('',#10856);
#652=PLANE('',#10857);
#653=PLANE('',#10868);
#654=PLANE('',#10870);
#655=PLANE('',#10872);
#656=PLANE('',#10874);
#657=PLANE('',#10876);
#658=PLANE('',#10880);
#659=PLANE('',#10887);
#660=PLANE('',#10889);
#661=PLANE('',#10890);
#662=PLANE('',#10891);
#663=PLANE('',#10892);
#664=PLANE('',#10893);
#665=PLANE('',#10894);
#666=PLANE('',#10897);
#667=PLANE('',#10898);
#668=PLANE('',#10899);
#669=PLANE('',#10902);
#670=PLANE('',#10905);
#671=PLANE('',#10908);
#672=PLANE('',#10909);
#673=PLANE('',#10911);
#674=PLANE('',#10912);
#675=PLANE('',#10914);
#676=PLANE('',#10915);
#677=PLANE('',#10916);
#678=PLANE('',#10917);
#679=PLANE('',#10918);
#680=PLANE('',#10923);
#681=PLANE('',#10929);
#682=PLANE('',#10934);
#683=PLANE('',#10937);
#684=PLANE('',#10942);
#685=PLANE('',#11044);
#686=PLANE('',#11097);
#687=PLANE('',#11099);
#688=PLANE('',#11120);
#689=PLANE('',#11122);
#690=PLANE('',#11123);
#691=PLANE('',#11134);
#692=PLANE('',#11136);
#693=PLANE('',#11137);
#694=PLANE('',#11139);
#695=PLANE('',#11140);
#696=PLANE('',#11141);
#697=PLANE('',#11143);
#698=PLANE('',#11144);
#699=PLANE('',#11146);
#700=PLANE('',#11147);
#701=PLANE('',#11149);
#702=PLANE('',#11150);
#703=PLANE('',#11156);
#704=PLANE('',#11158);
#705=PLANE('',#11162);
#706=PLANE('',#11164);
#707=PLANE('',#11170);
#708=PLANE('',#11172);
#709=PLANE('',#11178);
#710=PLANE('',#11180);
#711=PLANE('',#11185);
#712=PLANE('',#11187);
#713=PLANE('',#11193);
#714=PLANE('',#11195);
#715=PLANE('',#11201);
#716=PLANE('',#11203);
#717=PLANE('',#11206);
#718=PLANE('',#11208);
#719=PLANE('',#11209);
#720=PLANE('',#11210);
#721=PLANE('',#11212);
#722=PLANE('',#11213);
#723=PLANE('',#11215);
#724=PLANE('',#11216);
#725=PLANE('',#11218);
#726=PLANE('',#11219);
#727=PLANE('',#11221);
#728=PLANE('',#11222);
#729=PLANE('',#11224);
#730=PLANE('',#11225);
#731=PLANE('',#11227);
#732=PLANE('',#11228);
#733=PLANE('',#11230);
#734=PLANE('',#11231);
#735=PLANE('',#11233);
#736=PLANE('',#11237);
#737=PLANE('',#11240);
#738=PLANE('',#11247);
#739=PLANE('',#11248);
#740=PLANE('',#11249);
#741=PLANE('',#11250);
#742=PLANE('',#11251);
#743=PLANE('',#11252);
#744=PLANE('',#11253);
#745=PLANE('',#11254);
#746=PLANE('',#11255);
#747=PLANE('',#11256);
#748=PLANE('',#11257);
#749=PLANE('',#11258);
#750=PLANE('',#11259);
#751=PLANE('',#11260);
#752=PLANE('',#11267);
#753=PLANE('',#11268);
#754=PLANE('',#11269);
#755=PLANE('',#11270);
#756=PLANE('',#11271);
#757=PLANE('',#11272);
#758=PLANE('',#11273);
#759=PLANE('',#11274);
#760=PLANE('',#11275);
#761=PLANE('',#11276);
#762=PLANE('',#11277);
#763=PLANE('',#11278);
#764=PLANE('',#11279);
#765=PLANE('',#11282);
#766=PLANE('',#11287);
#767=PLANE('',#11289);
#768=PLANE('',#11292);
#769=PLANE('',#11293);
#770=PLANE('',#11298);
#771=PLANE('',#11301);
#772=PLANE('',#11303);
#773=PLANE('',#11305);
#774=PLANE('',#11306);
#775=PLANE('',#11307);
#776=PLANE('',#11308);
#777=PLANE('',#11311);
#778=PLANE('',#11314);
#779=PLANE('',#11315);
#780=PLANE('',#11316);
#781=PLANE('',#11317);
#782=PLANE('',#11321);
#783=PLANE('',#11323);
#784=PLANE('',#11324);
#785=PLANE('',#11328);
#786=PLANE('',#11332);
#787=PLANE('',#11333);
#788=FACE_OUTER_BOUND('',#1358,.T.);
#789=FACE_OUTER_BOUND('',#1359,.T.);
#790=FACE_OUTER_BOUND('',#1360,.T.);
#791=FACE_OUTER_BOUND('',#1361,.T.);
#792=FACE_OUTER_BOUND('',#1362,.T.);
#793=FACE_OUTER_BOUND('',#1363,.T.);
#794=FACE_OUTER_BOUND('',#1364,.T.);
#795=FACE_OUTER_BOUND('',#1365,.T.);
#796=FACE_OUTER_BOUND('',#1366,.T.);
#797=FACE_OUTER_BOUND('',#1367,.T.);
#798=FACE_OUTER_BOUND('',#1368,.T.);
#799=FACE_OUTER_BOUND('',#1369,.T.);
#800=FACE_OUTER_BOUND('',#1370,.T.);
#801=FACE_OUTER_BOUND('',#1371,.T.);
#802=FACE_OUTER_BOUND('',#1372,.T.);
#803=FACE_OUTER_BOUND('',#1373,.T.);
#804=FACE_OUTER_BOUND('',#1374,.T.);
#805=FACE_OUTER_BOUND('',#1375,.T.);
#806=FACE_OUTER_BOUND('',#1376,.T.);
#807=FACE_OUTER_BOUND('',#1377,.T.);
#808=FACE_OUTER_BOUND('',#1378,.T.);
#809=FACE_OUTER_BOUND('',#1379,.T.);
#810=FACE_OUTER_BOUND('',#1380,.T.);
#811=FACE_OUTER_BOUND('',#1381,.T.);
#812=FACE_OUTER_BOUND('',#1382,.T.);
#813=FACE_OUTER_BOUND('',#1383,.T.);
#814=FACE_OUTER_BOUND('',#1384,.T.);
#815=FACE_OUTER_BOUND('',#1385,.T.);
#816=FACE_OUTER_BOUND('',#1386,.T.);
#817=FACE_OUTER_BOUND('',#1387,.T.);
#818=FACE_OUTER_BOUND('',#1388,.T.);
#819=FACE_OUTER_BOUND('',#1389,.T.);
#820=FACE_OUTER_BOUND('',#1390,.T.);
#821=FACE_OUTER_BOUND('',#1391,.T.);
#822=FACE_OUTER_BOUND('',#1392,.T.);
#823=FACE_OUTER_BOUND('',#1393,.T.);
#824=FACE_OUTER_BOUND('',#1394,.T.);
#825=FACE_OUTER_BOUND('',#1395,.T.);
#826=FACE_OUTER_BOUND('',#1396,.T.);
#827=FACE_OUTER_BOUND('',#1397,.T.);
#828=FACE_OUTER_BOUND('',#1398,.T.);
#829=FACE_OUTER_BOUND('',#1399,.T.);
#830=FACE_OUTER_BOUND('',#1400,.T.);
#831=FACE_OUTER_BOUND('',#1401,.T.);
#832=FACE_OUTER_BOUND('',#1402,.T.);
#833=FACE_OUTER_BOUND('',#1403,.T.);
#834=FACE_OUTER_BOUND('',#1404,.T.);
#835=FACE_OUTER_BOUND('',#1405,.T.);
#836=FACE_OUTER_BOUND('',#1406,.T.);
#837=FACE_OUTER_BOUND('',#1407,.T.);
#838=FACE_OUTER_BOUND('',#1408,.T.);
#839=FACE_OUTER_BOUND('',#1409,.T.);
#840=FACE_OUTER_BOUND('',#1410,.T.);
#841=FACE_OUTER_BOUND('',#1411,.T.);
#842=FACE_OUTER_BOUND('',#1412,.T.);
#843=FACE_OUTER_BOUND('',#1413,.T.);
#844=FACE_OUTER_BOUND('',#1414,.T.);
#845=FACE_OUTER_BOUND('',#1415,.T.);
#846=FACE_OUTER_BOUND('',#1416,.T.);
#847=FACE_OUTER_BOUND('',#1417,.T.);
#848=FACE_OUTER_BOUND('',#1418,.T.);
#849=FACE_OUTER_BOUND('',#1419,.T.);
#850=FACE_OUTER_BOUND('',#1420,.T.);
#851=FACE_OUTER_BOUND('',#1421,.T.);
#852=FACE_OUTER_BOUND('',#1422,.T.);
#853=FACE_OUTER_BOUND('',#1423,.T.);
#854=FACE_OUTER_BOUND('',#1424,.T.);
#855=FACE_OUTER_BOUND('',#1425,.T.);
#856=FACE_OUTER_BOUND('',#1426,.T.);
#857=FACE_OUTER_BOUND('',#1427,.T.);
#858=FACE_OUTER_BOUND('',#1428,.T.);
#859=FACE_OUTER_BOUND('',#1429,.T.);
#860=FACE_OUTER_BOUND('',#1430,.T.);
#861=FACE_OUTER_BOUND('',#1431,.T.);
#862=FACE_OUTER_BOUND('',#1432,.T.);
#863=FACE_OUTER_BOUND('',#1433,.T.);
#864=FACE_OUTER_BOUND('',#1434,.T.);
#865=FACE_OUTER_BOUND('',#1435,.T.);
#866=FACE_OUTER_BOUND('',#1436,.T.);
#867=FACE_OUTER_BOUND('',#1437,.T.);
#868=FACE_OUTER_BOUND('',#1438,.T.);
#869=FACE_OUTER_BOUND('',#1439,.T.);
#870=FACE_OUTER_BOUND('',#1440,.T.);
#871=FACE_OUTER_BOUND('',#1441,.T.);
#872=FACE_OUTER_BOUND('',#1442,.T.);
#873=FACE_OUTER_BOUND('',#1443,.T.);
#874=FACE_OUTER_BOUND('',#1444,.T.);
#875=FACE_OUTER_BOUND('',#1445,.T.);
#876=FACE_OUTER_BOUND('',#1446,.T.);
#877=FACE_OUTER_BOUND('',#1447,.T.);
#878=FACE_OUTER_BOUND('',#1448,.T.);
#879=FACE_OUTER_BOUND('',#1449,.T.);
#880=FACE_OUTER_BOUND('',#1450,.T.);
#881=FACE_OUTER_BOUND('',#1451,.T.);
#882=FACE_OUTER_BOUND('',#1452,.T.);
#883=FACE_OUTER_BOUND('',#1453,.T.);
#884=FACE_OUTER_BOUND('',#1454,.T.);
#885=FACE_OUTER_BOUND('',#1455,.T.);
#886=FACE_OUTER_BOUND('',#1456,.T.);
#887=FACE_OUTER_BOUND('',#1457,.T.);
#888=FACE_OUTER_BOUND('',#1458,.T.);
#889=FACE_OUTER_BOUND('',#1459,.T.);
#890=FACE_OUTER_BOUND('',#1460,.T.);
#891=FACE_OUTER_BOUND('',#1461,.T.);
#892=FACE_OUTER_BOUND('',#1462,.T.);
#893=FACE_OUTER_BOUND('',#1463,.T.);
#894=FACE_OUTER_BOUND('',#1464,.T.);
#895=FACE_OUTER_BOUND('',#1465,.T.);
#896=FACE_OUTER_BOUND('',#1466,.T.);
#897=FACE_OUTER_BOUND('',#1467,.T.);
#898=FACE_OUTER_BOUND('',#1468,.T.);
#899=FACE_OUTER_BOUND('',#1469,.T.);
#900=FACE_OUTER_BOUND('',#1470,.T.);
#901=FACE_OUTER_BOUND('',#1472,.T.);
#902=FACE_OUTER_BOUND('',#1473,.T.);
#903=FACE_OUTER_BOUND('',#1475,.T.);
#904=FACE_OUTER_BOUND('',#1485,.T.);
#905=FACE_OUTER_BOUND('',#1495,.T.);
#906=FACE_OUTER_BOUND('',#1496,.T.);
#907=FACE_OUTER_BOUND('',#1497,.T.);
#908=FACE_OUTER_BOUND('',#1498,.T.);
#909=FACE_OUTER_BOUND('',#1499,.T.);
#910=FACE_OUTER_BOUND('',#1500,.T.);
#911=FACE_OUTER_BOUND('',#1501,.T.);
#912=FACE_OUTER_BOUND('',#1502,.T.);
#913=FACE_OUTER_BOUND('',#1503,.T.);
#914=FACE_OUTER_BOUND('',#1504,.T.);
#915=FACE_OUTER_BOUND('',#1505,.T.);
#916=FACE_OUTER_BOUND('',#1506,.T.);
#917=FACE_OUTER_BOUND('',#1507,.T.);
#918=FACE_OUTER_BOUND('',#1509,.T.);
#919=FACE_OUTER_BOUND('',#1519,.T.);
#920=FACE_OUTER_BOUND('',#1529,.T.);
#921=FACE_OUTER_BOUND('',#1530,.T.);
#922=FACE_OUTER_BOUND('',#1531,.T.);
#923=FACE_OUTER_BOUND('',#1532,.T.);
#924=FACE_OUTER_BOUND('',#1533,.T.);
#925=FACE_OUTER_BOUND('',#1534,.T.);
#926=FACE_OUTER_BOUND('',#1535,.T.);
#927=FACE_OUTER_BOUND('',#1536,.T.);
#928=FACE_OUTER_BOUND('',#1537,.T.);
#929=FACE_OUTER_BOUND('',#1538,.T.);
#930=FACE_OUTER_BOUND('',#1539,.T.);
#931=FACE_OUTER_BOUND('',#1540,.T.);
#932=FACE_OUTER_BOUND('',#1541,.T.);
#933=FACE_OUTER_BOUND('',#1542,.T.);
#934=FACE_OUTER_BOUND('',#1543,.T.);
#935=FACE_OUTER_BOUND('',#1544,.T.);
#936=FACE_OUTER_BOUND('',#1545,.T.);
#937=FACE_OUTER_BOUND('',#1546,.T.);
#938=FACE_OUTER_BOUND('',#1547,.T.);
#939=FACE_OUTER_BOUND('',#1548,.T.);
#940=FACE_OUTER_BOUND('',#1549,.T.);
#941=FACE_OUTER_BOUND('',#1550,.T.);
#942=FACE_OUTER_BOUND('',#1551,.T.);
#943=FACE_OUTER_BOUND('',#1552,.T.);
#944=FACE_OUTER_BOUND('',#1553,.T.);
#945=FACE_OUTER_BOUND('',#1555,.T.);
#946=FACE_OUTER_BOUND('',#1556,.T.);
#947=FACE_OUTER_BOUND('',#1557,.T.);
#948=FACE_OUTER_BOUND('',#1558,.T.);
#949=FACE_OUTER_BOUND('',#1559,.T.);
#950=FACE_OUTER_BOUND('',#1560,.T.);
#951=FACE_OUTER_BOUND('',#1561,.T.);
#952=FACE_OUTER_BOUND('',#1562,.T.);
#953=FACE_OUTER_BOUND('',#1563,.T.);
#954=FACE_OUTER_BOUND('',#1564,.T.);
#955=FACE_OUTER_BOUND('',#1565,.T.);
#956=FACE_OUTER_BOUND('',#1566,.T.);
#957=FACE_OUTER_BOUND('',#1567,.T.);
#958=FACE_OUTER_BOUND('',#1568,.T.);
#959=FACE_OUTER_BOUND('',#1569,.T.);
#960=FACE_OUTER_BOUND('',#1570,.T.);
#961=FACE_OUTER_BOUND('',#1572,.T.);
#962=FACE_OUTER_BOUND('',#1573,.T.);
#963=FACE_OUTER_BOUND('',#1574,.T.);
#964=FACE_OUTER_BOUND('',#1575,.T.);
#965=FACE_OUTER_BOUND('',#1576,.T.);
#966=FACE_OUTER_BOUND('',#1577,.T.);
#967=FACE_OUTER_BOUND('',#1578,.T.);
#968=FACE_OUTER_BOUND('',#1580,.T.);
#969=FACE_OUTER_BOUND('',#1581,.T.);
#970=FACE_OUTER_BOUND('',#1582,.T.);
#971=FACE_OUTER_BOUND('',#1583,.T.);
#972=FACE_OUTER_BOUND('',#1584,.T.);
#973=FACE_OUTER_BOUND('',#1585,.T.);
#974=FACE_OUTER_BOUND('',#1586,.T.);
#975=FACE_OUTER_BOUND('',#1587,.T.);
#976=FACE_OUTER_BOUND('',#1588,.T.);
#977=FACE_OUTER_BOUND('',#1590,.T.);
#978=FACE_OUTER_BOUND('',#1592,.T.);
#979=FACE_OUTER_BOUND('',#1593,.T.);
#980=FACE_OUTER_BOUND('',#1594,.T.);
#981=FACE_OUTER_BOUND('',#1595,.T.);
#982=FACE_OUTER_BOUND('',#1596,.T.);
#983=FACE_OUTER_BOUND('',#1597,.T.);
#984=FACE_OUTER_BOUND('',#1598,.T.);
#985=FACE_OUTER_BOUND('',#1599,.T.);
#986=FACE_OUTER_BOUND('',#1600,.T.);
#987=FACE_OUTER_BOUND('',#1602,.T.);
#988=FACE_OUTER_BOUND('',#1604,.T.);
#989=FACE_OUTER_BOUND('',#1605,.T.);
#990=FACE_OUTER_BOUND('',#1606,.T.);
#991=FACE_OUTER_BOUND('',#1607,.T.);
#992=FACE_OUTER_BOUND('',#1608,.T.);
#993=FACE_OUTER_BOUND('',#1609,.T.);
#994=FACE_OUTER_BOUND('',#1610,.T.);
#995=FACE_OUTER_BOUND('',#1611,.T.);
#996=FACE_OUTER_BOUND('',#1612,.T.);
#997=FACE_OUTER_BOUND('',#1614,.T.);
#998=FACE_OUTER_BOUND('',#1615,.T.);
#999=FACE_OUTER_BOUND('',#1616,.T.);
#1000=FACE_OUTER_BOUND('',#1617,.T.);
#1001=FACE_OUTER_BOUND('',#1618,.T.);
#1002=FACE_OUTER_BOUND('',#1619,.T.);
#1003=FACE_OUTER_BOUND('',#1620,.T.);
#1004=FACE_OUTER_BOUND('',#1621,.T.);
#1005=FACE_OUTER_BOUND('',#1622,.T.);
#1006=FACE_OUTER_BOUND('',#1623,.T.);
#1007=FACE_OUTER_BOUND('',#1624,.T.);
#1008=FACE_OUTER_BOUND('',#1625,.T.);
#1009=FACE_OUTER_BOUND('',#1626,.T.);
#1010=FACE_OUTER_BOUND('',#1627,.T.);
#1011=FACE_OUTER_BOUND('',#1628,.T.);
#1012=FACE_OUTER_BOUND('',#1629,.T.);
#1013=FACE_OUTER_BOUND('',#1630,.T.);
#1014=FACE_OUTER_BOUND('',#1631,.T.);
#1015=FACE_OUTER_BOUND('',#1632,.T.);
#1016=FACE_OUTER_BOUND('',#1633,.T.);
#1017=FACE_OUTER_BOUND('',#1634,.T.);
#1018=FACE_OUTER_BOUND('',#1635,.T.);
#1019=FACE_OUTER_BOUND('',#1637,.T.);
#1020=FACE_OUTER_BOUND('',#1638,.T.);
#1021=FACE_OUTER_BOUND('',#1639,.T.);
#1022=FACE_OUTER_BOUND('',#1640,.T.);
#1023=FACE_OUTER_BOUND('',#1641,.T.);
#1024=FACE_OUTER_BOUND('',#1642,.T.);
#1025=FACE_OUTER_BOUND('',#1643,.T.);
#1026=FACE_OUTER_BOUND('',#1644,.T.);
#1027=FACE_OUTER_BOUND('',#1645,.T.);
#1028=FACE_OUTER_BOUND('',#1647,.T.);
#1029=FACE_OUTER_BOUND('',#1648,.T.);
#1030=FACE_OUTER_BOUND('',#1649,.T.);
#1031=FACE_OUTER_BOUND('',#1650,.T.);
#1032=FACE_OUTER_BOUND('',#1651,.T.);
#1033=FACE_OUTER_BOUND('',#1652,.T.);
#1034=FACE_OUTER_BOUND('',#1653,.T.);
#1035=FACE_OUTER_BOUND('',#1654,.T.);
#1036=FACE_OUTER_BOUND('',#1655,.T.);
#1037=FACE_OUTER_BOUND('',#1656,.T.);
#1038=FACE_OUTER_BOUND('',#1657,.T.);
#1039=FACE_OUTER_BOUND('',#1658,.T.);
#1040=FACE_OUTER_BOUND('',#1659,.T.);
#1041=FACE_OUTER_BOUND('',#1660,.T.);
#1042=FACE_OUTER_BOUND('',#1661,.T.);
#1043=FACE_OUTER_BOUND('',#1662,.T.);
#1044=FACE_OUTER_BOUND('',#1663,.T.);
#1045=FACE_OUTER_BOUND('',#1664,.T.);
#1046=FACE_OUTER_BOUND('',#1665,.T.);
#1047=FACE_OUTER_BOUND('',#1667,.T.);
#1048=FACE_OUTER_BOUND('',#1669,.T.);
#1049=FACE_OUTER_BOUND('',#1670,.T.);
#1050=FACE_OUTER_BOUND('',#1671,.T.);
#1051=FACE_OUTER_BOUND('',#1672,.T.);
#1052=FACE_OUTER_BOUND('',#1673,.T.);
#1053=FACE_OUTER_BOUND('',#1674,.T.);
#1054=FACE_OUTER_BOUND('',#1675,.T.);
#1055=FACE_OUTER_BOUND('',#1677,.T.);
#1056=FACE_OUTER_BOUND('',#1678,.T.);
#1057=FACE_OUTER_BOUND('',#1679,.T.);
#1058=FACE_OUTER_BOUND('',#1680,.T.);
#1059=FACE_OUTER_BOUND('',#1681,.T.);
#1060=FACE_OUTER_BOUND('',#1682,.T.);
#1061=FACE_OUTER_BOUND('',#1683,.T.);
#1062=FACE_OUTER_BOUND('',#1684,.T.);
#1063=FACE_OUTER_BOUND('',#1686,.T.);
#1064=FACE_OUTER_BOUND('',#1687,.T.);
#1065=FACE_OUTER_BOUND('',#1694,.T.);
#1066=FACE_OUTER_BOUND('',#1695,.T.);
#1067=FACE_OUTER_BOUND('',#1696,.T.);
#1068=FACE_OUTER_BOUND('',#1697,.T.);
#1069=FACE_OUTER_BOUND('',#1698,.T.);
#1070=FACE_OUTER_BOUND('',#1699,.T.);
#1071=FACE_OUTER_BOUND('',#1700,.T.);
#1072=FACE_OUTER_BOUND('',#1701,.T.);
#1073=FACE_OUTER_BOUND('',#1702,.T.);
#1074=FACE_OUTER_BOUND('',#1703,.T.);
#1075=FACE_OUTER_BOUND('',#1704,.T.);
#1076=FACE_OUTER_BOUND('',#1705,.T.);
#1077=FACE_OUTER_BOUND('',#1706,.T.);
#1078=FACE_OUTER_BOUND('',#1707,.T.);
#1079=FACE_OUTER_BOUND('',#1709,.T.);
#1080=FACE_OUTER_BOUND('',#1710,.T.);
#1081=FACE_OUTER_BOUND('',#1711,.T.);
#1082=FACE_OUTER_BOUND('',#1712,.T.);
#1083=FACE_OUTER_BOUND('',#1713,.T.);
#1084=FACE_OUTER_BOUND('',#1714,.T.);
#1085=FACE_OUTER_BOUND('',#1715,.T.);
#1086=FACE_OUTER_BOUND('',#1716,.T.);
#1087=FACE_OUTER_BOUND('',#1717,.T.);
#1088=FACE_OUTER_BOUND('',#1718,.T.);
#1089=FACE_OUTER_BOUND('',#1719,.T.);
#1090=FACE_OUTER_BOUND('',#1720,.T.);
#1091=FACE_OUTER_BOUND('',#1721,.T.);
#1092=FACE_OUTER_BOUND('',#1722,.T.);
#1093=FACE_OUTER_BOUND('',#1723,.T.);
#1094=FACE_OUTER_BOUND('',#1724,.T.);
#1095=FACE_OUTER_BOUND('',#1725,.T.);
#1096=FACE_OUTER_BOUND('',#1726,.T.);
#1097=FACE_OUTER_BOUND('',#1727,.T.);
#1098=FACE_OUTER_BOUND('',#1728,.T.);
#1099=FACE_OUTER_BOUND('',#1730,.T.);
#1100=FACE_OUTER_BOUND('',#1731,.T.);
#1101=FACE_OUTER_BOUND('',#1732,.T.);
#1102=FACE_OUTER_BOUND('',#1733,.T.);
#1103=FACE_OUTER_BOUND('',#1734,.T.);
#1104=FACE_OUTER_BOUND('',#1735,.T.);
#1105=FACE_OUTER_BOUND('',#1736,.T.);
#1106=FACE_OUTER_BOUND('',#1737,.T.);
#1107=FACE_OUTER_BOUND('',#1738,.T.);
#1108=FACE_OUTER_BOUND('',#1740,.T.);
#1109=FACE_OUTER_BOUND('',#1741,.T.);
#1110=FACE_OUTER_BOUND('',#1742,.T.);
#1111=FACE_OUTER_BOUND('',#1743,.T.);
#1112=FACE_OUTER_BOUND('',#1744,.T.);
#1113=FACE_OUTER_BOUND('',#1745,.T.);
#1114=FACE_OUTER_BOUND('',#1746,.T.);
#1115=FACE_OUTER_BOUND('',#1747,.T.);
#1116=FACE_OUTER_BOUND('',#1748,.T.);
#1117=FACE_OUTER_BOUND('',#1749,.T.);
#1118=FACE_OUTER_BOUND('',#1750,.T.);
#1119=FACE_OUTER_BOUND('',#1751,.T.);
#1120=FACE_OUTER_BOUND('',#1758,.T.);
#1121=FACE_OUTER_BOUND('',#1760,.T.);
#1122=FACE_OUTER_BOUND('',#1761,.T.);
#1123=FACE_OUTER_BOUND('',#1762,.T.);
#1124=FACE_OUTER_BOUND('',#1763,.T.);
#1125=FACE_OUTER_BOUND('',#1764,.T.);
#1126=FACE_OUTER_BOUND('',#1765,.T.);
#1127=FACE_OUTER_BOUND('',#1766,.T.);
#1128=FACE_OUTER_BOUND('',#1767,.T.);
#1129=FACE_OUTER_BOUND('',#1768,.T.);
#1130=FACE_OUTER_BOUND('',#1769,.T.);
#1131=FACE_OUTER_BOUND('',#1770,.T.);
#1132=FACE_OUTER_BOUND('',#1771,.T.);
#1133=FACE_OUTER_BOUND('',#1772,.T.);
#1134=FACE_OUTER_BOUND('',#1773,.T.);
#1135=FACE_OUTER_BOUND('',#1774,.T.);
#1136=FACE_OUTER_BOUND('',#1775,.T.);
#1137=FACE_OUTER_BOUND('',#1776,.T.);
#1138=FACE_OUTER_BOUND('',#1777,.T.);
#1139=FACE_OUTER_BOUND('',#1778,.T.);
#1140=FACE_OUTER_BOUND('',#1779,.T.);
#1141=FACE_OUTER_BOUND('',#1780,.T.);
#1142=FACE_OUTER_BOUND('',#1781,.T.);
#1143=FACE_OUTER_BOUND('',#1782,.T.);
#1144=FACE_OUTER_BOUND('',#1783,.T.);
#1145=FACE_OUTER_BOUND('',#1784,.T.);
#1146=FACE_OUTER_BOUND('',#1785,.T.);
#1147=FACE_OUTER_BOUND('',#1786,.T.);
#1148=FACE_OUTER_BOUND('',#1787,.T.);
#1149=FACE_OUTER_BOUND('',#1788,.T.);
#1150=FACE_OUTER_BOUND('',#1790,.T.);
#1151=FACE_OUTER_BOUND('',#1791,.T.);
#1152=FACE_OUTER_BOUND('',#1792,.T.);
#1153=FACE_OUTER_BOUND('',#1794,.T.);
#1154=FACE_OUTER_BOUND('',#1795,.T.);
#1155=FACE_OUTER_BOUND('',#1797,.T.);
#1156=FACE_OUTER_BOUND('',#1798,.T.);
#1157=FACE_OUTER_BOUND('',#1799,.T.);
#1158=FACE_OUTER_BOUND('',#1800,.T.);
#1159=FACE_OUTER_BOUND('',#1802,.T.);
#1160=FACE_OUTER_BOUND('',#1803,.T.);
#1161=FACE_OUTER_BOUND('',#1804,.T.);
#1162=FACE_OUTER_BOUND('',#1805,.T.);
#1163=FACE_OUTER_BOUND('',#1806,.T.);
#1164=FACE_OUTER_BOUND('',#1807,.T.);
#1165=FACE_OUTER_BOUND('',#1808,.T.);
#1166=FACE_OUTER_BOUND('',#1809,.T.);
#1167=FACE_OUTER_BOUND('',#1810,.T.);
#1168=FACE_OUTER_BOUND('',#1811,.T.);
#1169=FACE_OUTER_BOUND('',#1812,.T.);
#1170=FACE_OUTER_BOUND('',#1813,.T.);
#1171=FACE_OUTER_BOUND('',#1814,.T.);
#1172=FACE_OUTER_BOUND('',#1815,.T.);
#1173=FACE_OUTER_BOUND('',#1816,.T.);
#1174=FACE_OUTER_BOUND('',#1817,.T.);
#1175=FACE_OUTER_BOUND('',#1818,.T.);
#1176=FACE_OUTER_BOUND('',#1819,.T.);
#1177=FACE_OUTER_BOUND('',#1820,.T.);
#1178=FACE_OUTER_BOUND('',#1822,.T.);
#1179=FACE_OUTER_BOUND('',#1823,.T.);
#1180=FACE_OUTER_BOUND('',#1824,.T.);
#1181=FACE_OUTER_BOUND('',#1825,.T.);
#1182=FACE_OUTER_BOUND('',#1826,.T.);
#1183=FACE_OUTER_BOUND('',#1827,.T.);
#1184=FACE_OUTER_BOUND('',#1828,.T.);
#1185=FACE_OUTER_BOUND('',#1829,.T.);
#1186=FACE_OUTER_BOUND('',#1830,.T.);
#1187=FACE_OUTER_BOUND('',#1831,.T.);
#1188=FACE_OUTER_BOUND('',#1832,.T.);
#1189=FACE_OUTER_BOUND('',#1833,.T.);
#1190=FACE_OUTER_BOUND('',#1834,.T.);
#1191=FACE_OUTER_BOUND('',#1835,.T.);
#1192=FACE_OUTER_BOUND('',#1836,.T.);
#1193=FACE_OUTER_BOUND('',#1837,.T.);
#1194=FACE_OUTER_BOUND('',#1838,.T.);
#1195=FACE_OUTER_BOUND('',#1839,.T.);
#1196=FACE_OUTER_BOUND('',#1840,.T.);
#1197=FACE_OUTER_BOUND('',#1841,.T.);
#1198=FACE_OUTER_BOUND('',#1842,.T.);
#1199=FACE_OUTER_BOUND('',#1843,.T.);
#1200=FACE_OUTER_BOUND('',#1844,.T.);
#1201=FACE_OUTER_BOUND('',#1845,.T.);
#1202=FACE_OUTER_BOUND('',#1846,.T.);
#1203=FACE_OUTER_BOUND('',#1847,.T.);
#1204=FACE_OUTER_BOUND('',#1848,.T.);
#1205=FACE_OUTER_BOUND('',#1849,.T.);
#1206=FACE_OUTER_BOUND('',#1850,.T.);
#1207=FACE_OUTER_BOUND('',#1851,.T.);
#1208=FACE_OUTER_BOUND('',#1852,.T.);
#1209=FACE_OUTER_BOUND('',#1853,.T.);
#1210=FACE_OUTER_BOUND('',#1854,.T.);
#1211=FACE_OUTER_BOUND('',#1855,.T.);
#1212=FACE_OUTER_BOUND('',#1856,.T.);
#1213=FACE_OUTER_BOUND('',#1857,.T.);
#1214=FACE_OUTER_BOUND('',#1858,.T.);
#1215=FACE_OUTER_BOUND('',#1859,.T.);
#1216=FACE_OUTER_BOUND('',#1860,.T.);
#1217=FACE_OUTER_BOUND('',#1861,.T.);
#1218=FACE_OUTER_BOUND('',#1862,.T.);
#1219=FACE_OUTER_BOUND('',#1863,.T.);
#1220=FACE_OUTER_BOUND('',#1864,.T.);
#1221=FACE_OUTER_BOUND('',#1865,.T.);
#1222=FACE_OUTER_BOUND('',#1866,.T.);
#1223=FACE_OUTER_BOUND('',#1867,.T.);
#1224=FACE_OUTER_BOUND('',#1868,.T.);
#1225=FACE_OUTER_BOUND('',#1869,.T.);
#1226=FACE_OUTER_BOUND('',#1870,.T.);
#1227=FACE_OUTER_BOUND('',#1871,.T.);
#1228=FACE_OUTER_BOUND('',#1872,.T.);
#1229=FACE_OUTER_BOUND('',#1873,.T.);
#1230=FACE_OUTER_BOUND('',#1874,.T.);
#1231=FACE_OUTER_BOUND('',#1875,.T.);
#1232=FACE_OUTER_BOUND('',#1876,.T.);
#1233=FACE_OUTER_BOUND('',#1877,.T.);
#1234=FACE_OUTER_BOUND('',#1878,.T.);
#1235=FACE_OUTER_BOUND('',#1879,.T.);
#1236=FACE_OUTER_BOUND('',#1880,.T.);
#1237=FACE_OUTER_BOUND('',#1881,.T.);
#1238=FACE_OUTER_BOUND('',#1882,.T.);
#1239=FACE_OUTER_BOUND('',#1883,.T.);
#1240=FACE_OUTER_BOUND('',#1884,.T.);
#1241=FACE_OUTER_BOUND('',#1885,.T.);
#1242=FACE_OUTER_BOUND('',#1886,.T.);
#1243=FACE_OUTER_BOUND('',#1887,.T.);
#1244=FACE_OUTER_BOUND('',#1888,.T.);
#1245=FACE_OUTER_BOUND('',#1889,.T.);
#1246=FACE_OUTER_BOUND('',#1890,.T.);
#1247=FACE_OUTER_BOUND('',#1891,.T.);
#1248=FACE_OUTER_BOUND('',#1892,.T.);
#1249=FACE_OUTER_BOUND('',#1893,.T.);
#1250=FACE_OUTER_BOUND('',#1894,.T.);
#1251=FACE_OUTER_BOUND('',#1895,.T.);
#1252=FACE_OUTER_BOUND('',#1896,.T.);
#1253=FACE_OUTER_BOUND('',#1897,.T.);
#1254=FACE_OUTER_BOUND('',#1898,.T.);
#1255=FACE_OUTER_BOUND('',#1899,.T.);
#1256=FACE_OUTER_BOUND('',#1900,.T.);
#1257=FACE_OUTER_BOUND('',#1901,.T.);
#1258=FACE_OUTER_BOUND('',#1902,.T.);
#1259=FACE_OUTER_BOUND('',#1903,.T.);
#1260=FACE_OUTER_BOUND('',#1904,.T.);
#1261=FACE_OUTER_BOUND('',#1905,.T.);
#1262=FACE_OUTER_BOUND('',#1906,.T.);
#1263=FACE_OUTER_BOUND('',#1907,.T.);
#1264=FACE_OUTER_BOUND('',#1908,.T.);
#1265=FACE_OUTER_BOUND('',#1909,.T.);
#1266=FACE_OUTER_BOUND('',#1910,.T.);
#1267=FACE_OUTER_BOUND('',#1911,.T.);
#1268=FACE_OUTER_BOUND('',#1912,.T.);
#1269=FACE_OUTER_BOUND('',#1913,.T.);
#1270=FACE_OUTER_BOUND('',#1914,.T.);
#1271=FACE_OUTER_BOUND('',#1915,.T.);
#1272=FACE_OUTER_BOUND('',#1916,.T.);
#1273=FACE_OUTER_BOUND('',#1917,.T.);
#1274=FACE_OUTER_BOUND('',#1918,.T.);
#1275=FACE_OUTER_BOUND('',#1919,.T.);
#1276=FACE_OUTER_BOUND('',#1920,.T.);
#1277=FACE_OUTER_BOUND('',#1921,.T.);
#1278=FACE_OUTER_BOUND('',#1922,.T.);
#1279=FACE_OUTER_BOUND('',#1923,.T.);
#1280=FACE_OUTER_BOUND('',#1924,.T.);
#1281=FACE_OUTER_BOUND('',#1925,.T.);
#1282=FACE_OUTER_BOUND('',#1926,.T.);
#1283=FACE_OUTER_BOUND('',#1927,.T.);
#1284=FACE_OUTER_BOUND('',#1928,.T.);
#1285=FACE_OUTER_BOUND('',#1929,.T.);
#1286=FACE_OUTER_BOUND('',#1930,.T.);
#1287=FACE_OUTER_BOUND('',#1931,.T.);
#1288=FACE_OUTER_BOUND('',#1932,.T.);
#1289=FACE_OUTER_BOUND('',#1933,.T.);
#1290=FACE_OUTER_BOUND('',#1935,.T.);
#1291=FACE_OUTER_BOUND('',#1936,.T.);
#1292=FACE_OUTER_BOUND('',#1937,.T.);
#1293=FACE_OUTER_BOUND('',#1938,.T.);
#1294=FACE_OUTER_BOUND('',#1939,.T.);
#1295=FACE_OUTER_BOUND('',#1940,.T.);
#1296=FACE_OUTER_BOUND('',#1941,.T.);
#1297=FACE_OUTER_BOUND('',#1942,.T.);
#1298=FACE_OUTER_BOUND('',#1943,.T.);
#1299=FACE_OUTER_BOUND('',#1944,.T.);
#1300=FACE_OUTER_BOUND('',#1945,.T.);
#1301=FACE_OUTER_BOUND('',#1946,.T.);
#1302=FACE_OUTER_BOUND('',#1947,.T.);
#1303=FACE_OUTER_BOUND('',#1948,.T.);
#1304=FACE_OUTER_BOUND('',#1949,.T.);
#1305=FACE_OUTER_BOUND('',#1950,.T.);
#1306=FACE_OUTER_BOUND('',#1952,.T.);
#1307=FACE_OUTER_BOUND('',#1953,.T.);
#1308=FACE_OUTER_BOUND('',#1954,.T.);
#1309=FACE_OUTER_BOUND('',#1955,.T.);
#1310=FACE_OUTER_BOUND('',#1956,.T.);
#1311=FACE_OUTER_BOUND('',#1957,.T.);
#1312=FACE_OUTER_BOUND('',#1958,.T.);
#1313=FACE_OUTER_BOUND('',#1959,.T.);
#1314=FACE_OUTER_BOUND('',#1960,.T.);
#1315=FACE_OUTER_BOUND('',#1961,.T.);
#1316=FACE_OUTER_BOUND('',#1962,.T.);
#1317=FACE_OUTER_BOUND('',#1963,.T.);
#1318=FACE_OUTER_BOUND('',#1964,.T.);
#1319=FACE_OUTER_BOUND('',#1965,.T.);
#1320=FACE_OUTER_BOUND('',#1966,.T.);
#1321=FACE_OUTER_BOUND('',#1967,.T.);
#1322=FACE_OUTER_BOUND('',#1968,.T.);
#1323=FACE_OUTER_BOUND('',#1969,.T.);
#1324=FACE_OUTER_BOUND('',#1970,.T.);
#1325=FACE_OUTER_BOUND('',#1971,.T.);
#1326=FACE_OUTER_BOUND('',#1973,.T.);
#1327=FACE_OUTER_BOUND('',#1975,.T.);
#1328=FACE_OUTER_BOUND('',#1976,.T.);
#1329=FACE_OUTER_BOUND('',#1977,.T.);
#1330=FACE_OUTER_BOUND('',#1978,.T.);
#1331=FACE_OUTER_BOUND('',#1979,.T.);
#1332=FACE_OUTER_BOUND('',#1980,.T.);
#1333=FACE_OUTER_BOUND('',#1981,.T.);
#1334=FACE_OUTER_BOUND('',#1982,.T.);
#1335=FACE_OUTER_BOUND('',#1983,.T.);
#1336=FACE_OUTER_BOUND('',#1984,.T.);
#1337=FACE_OUTER_BOUND('',#1985,.T.);
#1338=FACE_OUTER_BOUND('',#1986,.T.);
#1339=FACE_OUTER_BOUND('',#1987,.T.);
#1340=FACE_OUTER_BOUND('',#1988,.T.);
#1341=FACE_OUTER_BOUND('',#1989,.T.);
#1342=FACE_OUTER_BOUND('',#1990,.T.);
#1343=FACE_OUTER_BOUND('',#1991,.T.);
#1344=FACE_OUTER_BOUND('',#1992,.T.);
#1345=FACE_OUTER_BOUND('',#1993,.T.);
#1346=FACE_OUTER_BOUND('',#1994,.T.);
#1347=FACE_OUTER_BOUND('',#1995,.T.);
#1348=FACE_OUTER_BOUND('',#1996,.T.);
#1349=FACE_OUTER_BOUND('',#1997,.T.);
#1350=FACE_OUTER_BOUND('',#1998,.T.);
#1351=FACE_OUTER_BOUND('',#1999,.T.);
#1352=FACE_OUTER_BOUND('',#2000,.T.);
#1353=FACE_OUTER_BOUND('',#2001,.T.);
#1354=FACE_OUTER_BOUND('',#2002,.T.);
#1355=FACE_OUTER_BOUND('',#2003,.T.);
#1356=FACE_OUTER_BOUND('',#2004,.T.);
#1357=FACE_OUTER_BOUND('',#2005,.T.);
#1358=EDGE_LOOP('',(#6636,#6637,#6638,#6639));
#1359=EDGE_LOOP('',(#6640,#6641,#6642,#6643));
#1360=EDGE_LOOP('',(#6644,#6645,#6646,#6647));
#1361=EDGE_LOOP('',(#6648,#6649,#6650,#6651));
#1362=EDGE_LOOP('',(#6652,#6653,#6654,#6655));
#1363=EDGE_LOOP('',(#6656,#6657,#6658,#6659));
#1364=EDGE_LOOP('',(#6660,#6661,#6662,#6663));
#1365=EDGE_LOOP('',(#6664,#6665,#6666,#6667));
#1366=EDGE_LOOP('',(#6668,#6669,#6670,#6671));
#1367=EDGE_LOOP('',(#6672,#6673,#6674,#6675));
#1368=EDGE_LOOP('',(#6676,#6677,#6678,#6679));
#1369=EDGE_LOOP('',(#6680,#6681,#6682,#6683));
#1370=EDGE_LOOP('',(#6684,#6685,#6686,#6687));
#1371=EDGE_LOOP('',(#6688,#6689,#6690,#6691));
#1372=EDGE_LOOP('',(#6692,#6693,#6694,#6695));
#1373=EDGE_LOOP('',(#6696,#6697,#6698,#6699));
#1374=EDGE_LOOP('',(#6700,#6701,#6702,#6703));
#1375=EDGE_LOOP('',(#6704,#6705,#6706,#6707));
#1376=EDGE_LOOP('',(#6708,#6709,#6710,#6711));
#1377=EDGE_LOOP('',(#6712,#6713,#6714,#6715));
#1378=EDGE_LOOP('',(#6716,#6717,#6718,#6719));
#1379=EDGE_LOOP('',(#6720,#6721,#6722,#6723));
#1380=EDGE_LOOP('',(#6724,#6725,#6726,#6727));
#1381=EDGE_LOOP('',(#6728,#6729,#6730,#6731));
#1382=EDGE_LOOP('',(#6732,#6733,#6734,#6735));
#1383=EDGE_LOOP('',(#6736,#6737,#6738,#6739));
#1384=EDGE_LOOP('',(#6740,#6741,#6742,#6743));
#1385=EDGE_LOOP('',(#6744,#6745,#6746,#6747));
#1386=EDGE_LOOP('',(#6748,#6749,#6750,#6751));
#1387=EDGE_LOOP('',(#6752,#6753,#6754,#6755));
#1388=EDGE_LOOP('',(#6756,#6757,#6758,#6759));
#1389=EDGE_LOOP('',(#6760,#6761,#6762,#6763));
#1390=EDGE_LOOP('',(#6764,#6765,#6766,#6767));
#1391=EDGE_LOOP('',(#6768,#6769,#6770,#6771));
#1392=EDGE_LOOP('',(#6772,#6773,#6774,#6775));
#1393=EDGE_LOOP('',(#6776,#6777,#6778,#6779));
#1394=EDGE_LOOP('',(#6780,#6781,#6782,#6783));
#1395=EDGE_LOOP('',(#6784,#6785,#6786,#6787));
#1396=EDGE_LOOP('',(#6788,#6789,#6790,#6791));
#1397=EDGE_LOOP('',(#6792,#6793,#6794,#6795));
#1398=EDGE_LOOP('',(#6796,#6797,#6798,#6799));
#1399=EDGE_LOOP('',(#6800,#6801,#6802,#6803));
#1400=EDGE_LOOP('',(#6804,#6805,#6806,#6807));
#1401=EDGE_LOOP('',(#6808,#6809,#6810,#6811));
#1402=EDGE_LOOP('',(#6812,#6813,#6814,#6815));
#1403=EDGE_LOOP('',(#6816,#6817,#6818,#6819));
#1404=EDGE_LOOP('',(#6820,#6821,#6822,#6823));
#1405=EDGE_LOOP('',(#6824,#6825,#6826,#6827));
#1406=EDGE_LOOP('',(#6828,#6829,#6830,#6831));
#1407=EDGE_LOOP('',(#6832,#6833,#6834,#6835));
#1408=EDGE_LOOP('',(#6836,#6837,#6838,#6839));
#1409=EDGE_LOOP('',(#6840,#6841,#6842,#6843));
#1410=EDGE_LOOP('',(#6844,#6845,#6846,#6847));
#1411=EDGE_LOOP('',(#6848,#6849,#6850,#6851));
#1412=EDGE_LOOP('',(#6852,#6853,#6854,#6855,#6856));
#1413=EDGE_LOOP('',(#6857,#6858,#6859,#6860));
#1414=EDGE_LOOP('',(#6861,#6862,#6863,#6864));
#1415=EDGE_LOOP('',(#6865,#6866,#6867,#6868));
#1416=EDGE_LOOP('',(#6869,#6870,#6871,#6872));
#1417=EDGE_LOOP('',(#6873,#6874,#6875,#6876));
#1418=EDGE_LOOP('',(#6877,#6878,#6879,#6880));
#1419=EDGE_LOOP('',(#6881,#6882,#6883,#6884));
#1420=EDGE_LOOP('',(#6885,#6886,#6887,#6888));
#1421=EDGE_LOOP('',(#6889,#6890,#6891,#6892));
#1422=EDGE_LOOP('',(#6893,#6894,#6895,#6896));
#1423=EDGE_LOOP('',(#6897,#6898,#6899,#6900));
#1424=EDGE_LOOP('',(#6901,#6902,#6903,#6904));
#1425=EDGE_LOOP('',(#6905,#6906,#6907,#6908));
#1426=EDGE_LOOP('',(#6909,#6910,#6911,#6912));
#1427=EDGE_LOOP('',(#6913,#6914,#6915,#6916));
#1428=EDGE_LOOP('',(#6917,#6918,#6919,#6920));
#1429=EDGE_LOOP('',(#6921,#6922,#6923,#6924));
#1430=EDGE_LOOP('',(#6925,#6926,#6927,#6928));
#1431=EDGE_LOOP('',(#6929,#6930,#6931,#6932));
#1432=EDGE_LOOP('',(#6933,#6934,#6935,#6936));
#1433=EDGE_LOOP('',(#6937,#6938,#6939,#6940));
#1434=EDGE_LOOP('',(#6941,#6942,#6943,#6944));
#1435=EDGE_LOOP('',(#6945,#6946,#6947,#6948));
#1436=EDGE_LOOP('',(#6949,#6950,#6951,#6952));
#1437=EDGE_LOOP('',(#6953,#6954,#6955,#6956));
#1438=EDGE_LOOP('',(#6957,#6958,#6959,#6960));
#1439=EDGE_LOOP('',(#6961,#6962,#6963,#6964));
#1440=EDGE_LOOP('',(#6965,#6966,#6967,#6968));
#1441=EDGE_LOOP('',(#6969,#6970,#6971,#6972));
#1442=EDGE_LOOP('',(#6973,#6974,#6975,#6976));
#1443=EDGE_LOOP('',(#6977,#6978,#6979,#6980));
#1444=EDGE_LOOP('',(#6981,#6982,#6983,#6984));
#1445=EDGE_LOOP('',(#6985,#6986,#6987,#6988));
#1446=EDGE_LOOP('',(#6989,#6990,#6991,#6992));
#1447=EDGE_LOOP('',(#6993,#6994,#6995,#6996));
#1448=EDGE_LOOP('',(#6997,#6998,#6999,#7000));
#1449=EDGE_LOOP('',(#7001,#7002,#7003,#7004));
#1450=EDGE_LOOP('',(#7005,#7006,#7007,#7008));
#1451=EDGE_LOOP('',(#7009,#7010,#7011,#7012));
#1452=EDGE_LOOP('',(#7013,#7014,#7015,#7016));
#1453=EDGE_LOOP('',(#7017,#7018,#7019,#7020));
#1454=EDGE_LOOP('',(#7021,#7022,#7023,#7024));
#1455=EDGE_LOOP('',(#7025,#7026,#7027,#7028));
#1456=EDGE_LOOP('',(#7029,#7030,#7031,#7032));
#1457=EDGE_LOOP('',(#7033,#7034,#7035,#7036));
#1458=EDGE_LOOP('',(#7037,#7038,#7039,#7040));
#1459=EDGE_LOOP('',(#7041,#7042,#7043,#7044));
#1460=EDGE_LOOP('',(#7045,#7046,#7047,#7048));
#1461=EDGE_LOOP('',(#7049,#7050,#7051,#7052));
#1462=EDGE_LOOP('',(#7053,#7054,#7055,#7056));
#1463=EDGE_LOOP('',(#7057,#7058,#7059,#7060));
#1464=EDGE_LOOP('',(#7061,#7062,#7063,#7064));
#1465=EDGE_LOOP('',(#7065,#7066,#7067,#7068,#7069,#7070,#7071,#7072,#7073,
#7074,#7075,#7076,#7077,#7078,#7079,#7080,#7081,#7082,#7083,#7084,#7085,
#7086,#7087,#7088,#7089,#7090,#7091,#7092,#7093,#7094,#7095,#7096,#7097,
#7098,#7099,#7100,#7101,#7102,#7103,#7104,#7105,#7106,#7107,#7108,#7109,
#7110,#7111,#7112,#7113,#7114,#7115,#7116,#7117,#7118,#7119,#7120,#7121,
#7122,#7123,#7124,#7125,#7126,#7127,#7128,#7129,#7130,#7131,#7132,#7133,
#7134,#7135,#7136,#7137,#7138,#7139,#7140,#7141,#7142,#7143,#7144,#7145,
#7146,#7147,#7148,#7149,#7150,#7151,#7152,#7153,#7154,#7155,#7156,#7157,
#7158,#7159,#7160,#7161,#7162,#7163,#7164,#7165,#7166,#7167,#7168));
#1466=EDGE_LOOP('',(#7169,#7170,#7171,#7172));
#1467=EDGE_LOOP('',(#7173,#7174,#7175,#7176));
#1468=EDGE_LOOP('',(#7177,#7178,#7179,#7180,#7181));
#1469=EDGE_LOOP('',(#7182,#7183,#7184,#7185,#7186,#7187,#7188,#7189,#7190,
#7191,#7192,#7193,#7194,#7195,#7196,#7197,#7198,#7199,#7200,#7201,#7202,
#7203,#7204,#7205,#7206,#7207,#7208,#7209,#7210,#7211,#7212,#7213,#7214,
#7215,#7216,#7217,#7218,#7219,#7220,#7221,#7222,#7223,#7224,#7225,#7226,
#7227,#7228,#7229,#7230,#7231,#7232,#7233,#7234,#7235,#7236,#7237,#7238,
#7239,#7240,#7241,#7242,#7243,#7244,#7245,#7246,#7247,#7248,#7249,#7250,
#7251,#7252,#7253,#7254,#7255,#7256,#7257,#7258,#7259,#7260,#7261,#7262,
#7263,#7264,#7265,#7266,#7267,#7268,#7269,#7270,#7271,#7272,#7273,#7274,
#7275,#7276,#7277,#7278,#7279,#7280,#7281,#7282,#7283,#7284,#7285));
#1470=EDGE_LOOP('',(#7286));
#1471=EDGE_LOOP('',(#7287));
#1472=EDGE_LOOP('',(#7288,#7289,#7290,#7291));
#1473=EDGE_LOOP('',(#7292));
#1474=EDGE_LOOP('',(#7293));
#1475=EDGE_LOOP('',(#7294));
#1476=EDGE_LOOP('',(#7295));
#1477=EDGE_LOOP('',(#7296));
#1478=EDGE_LOOP('',(#7297));
#1479=EDGE_LOOP('',(#7298));
#1480=EDGE_LOOP('',(#7299));
#1481=EDGE_LOOP('',(#7300));
#1482=EDGE_LOOP('',(#7301));
#1483=EDGE_LOOP('',(#7302));
#1484=EDGE_LOOP('',(#7303));
#1485=EDGE_LOOP('',(#7304));
#1486=EDGE_LOOP('',(#7305));
#1487=EDGE_LOOP('',(#7306));
#1488=EDGE_LOOP('',(#7307));
#1489=EDGE_LOOP('',(#7308));
#1490=EDGE_LOOP('',(#7309));
#1491=EDGE_LOOP('',(#7310));
#1492=EDGE_LOOP('',(#7311));
#1493=EDGE_LOOP('',(#7312));
#1494=EDGE_LOOP('',(#7313));
#1495=EDGE_LOOP('',(#7314,#7315,#7316,#7317,#7318));
#1496=EDGE_LOOP('',(#7319,#7320,#7321,#7322));
#1497=EDGE_LOOP('',(#7323,#7324,#7325,#7326));
#1498=EDGE_LOOP('',(#7327,#7328,#7329,#7330));
#1499=EDGE_LOOP('',(#7331,#7332,#7333,#7334));
#1500=EDGE_LOOP('',(#7335,#7336,#7337,#7338));
#1501=EDGE_LOOP('',(#7339,#7340,#7341,#7342));
#1502=EDGE_LOOP('',(#7343,#7344,#7345,#7346));
#1503=EDGE_LOOP('',(#7347,#7348,#7349,#7350));
#1504=EDGE_LOOP('',(#7351,#7352,#7353,#7354));
#1505=EDGE_LOOP('',(#7355,#7356,#7357,#7358));
#1506=EDGE_LOOP('',(#7359,#7360,#7361,#7362,#7363));
#1507=EDGE_LOOP('',(#7364));
#1508=EDGE_LOOP('',(#7365));
#1509=EDGE_LOOP('',(#7366));
#1510=EDGE_LOOP('',(#7367));
#1511=EDGE_LOOP('',(#7368));
#1512=EDGE_LOOP('',(#7369));
#1513=EDGE_LOOP('',(#7370));
#1514=EDGE_LOOP('',(#7371));
#1515=EDGE_LOOP('',(#7372));
#1516=EDGE_LOOP('',(#7373));
#1517=EDGE_LOOP('',(#7374));
#1518=EDGE_LOOP('',(#7375));
#1519=EDGE_LOOP('',(#7376));
#1520=EDGE_LOOP('',(#7377));
#1521=EDGE_LOOP('',(#7378));
#1522=EDGE_LOOP('',(#7379));
#1523=EDGE_LOOP('',(#7380));
#1524=EDGE_LOOP('',(#7381));
#1525=EDGE_LOOP('',(#7382));
#1526=EDGE_LOOP('',(#7383));
#1527=EDGE_LOOP('',(#7384));
#1528=EDGE_LOOP('',(#7385));
#1529=EDGE_LOOP('',(#7386,#7387));
#1530=EDGE_LOOP('',(#7388,#7389));
#1531=EDGE_LOOP('',(#7390,#7391));
#1532=EDGE_LOOP('',(#7392,#7393));
#1533=EDGE_LOOP('',(#7394,#7395));
#1534=EDGE_LOOP('',(#7396,#7397));
#1535=EDGE_LOOP('',(#7398,#7399));
#1536=EDGE_LOOP('',(#7400,#7401));
#1537=EDGE_LOOP('',(#7402,#7403));
#1538=EDGE_LOOP('',(#7404,#7405,#7406,#7407));
#1539=EDGE_LOOP('',(#7408,#7409,#7410,#7411));
#1540=EDGE_LOOP('',(#7412,#7413,#7414,#7415));
#1541=EDGE_LOOP('',(#7416,#7417,#7418,#7419,#7420,#7421));
#1542=EDGE_LOOP('',(#7422,#7423,#7424,#7425));
#1543=EDGE_LOOP('',(#7426,#7427,#7428,#7429));
#1544=EDGE_LOOP('',(#7430,#7431,#7432,#7433));
#1545=EDGE_LOOP('',(#7434,#7435,#7436,#7437));
#1546=EDGE_LOOP('',(#7438,#7439,#7440,#7441));
#1547=EDGE_LOOP('',(#7442,#7443,#7444,#7445));
#1548=EDGE_LOOP('',(#7446,#7447,#7448,#7449));
#1549=EDGE_LOOP('',(#7450,#7451,#7452,#7453));
#1550=EDGE_LOOP('',(#7454,#7455,#7456,#7457));
#1551=EDGE_LOOP('',(#7458,#7459,#7460,#7461,#7462));
#1552=EDGE_LOOP('',(#7463,#7464,#7465,#7466,#7467));
#1553=EDGE_LOOP('',(#7468));
#1554=EDGE_LOOP('',(#7469,#7470,#7471,#7472,#7473,#7474));
#1555=EDGE_LOOP('',(#7475,#7476,#7477,#7478));
#1556=EDGE_LOOP('',(#7479,#7480,#7481,#7482));
#1557=EDGE_LOOP('',(#7483,#7484,#7485,#7486));
#1558=EDGE_LOOP('',(#7487,#7488,#7489,#7490,#7491,#7492));
#1559=EDGE_LOOP('',(#7493,#7494,#7495,#7496));
#1560=EDGE_LOOP('',(#7497,#7498,#7499,#7500));
#1561=EDGE_LOOP('',(#7501,#7502,#7503,#7504));
#1562=EDGE_LOOP('',(#7505,#7506,#7507,#7508));
#1563=EDGE_LOOP('',(#7509,#7510,#7511,#7512));
#1564=EDGE_LOOP('',(#7513,#7514,#7515,#7516));
#1565=EDGE_LOOP('',(#7517,#7518,#7519,#7520));
#1566=EDGE_LOOP('',(#7521,#7522,#7523,#7524));
#1567=EDGE_LOOP('',(#7525,#7526,#7527,#7528));
#1568=EDGE_LOOP('',(#7529,#7530,#7531,#7532,#7533));
#1569=EDGE_LOOP('',(#7534,#7535,#7536,#7537,#7538));
#1570=EDGE_LOOP('',(#7539));
#1571=EDGE_LOOP('',(#7540,#7541,#7542,#7543,#7544,#7545));
#1572=EDGE_LOOP('',(#7546,#7547,#7548,#7549,#7550,#7551));
#1573=EDGE_LOOP('',(#7552,#7553,#7554,#7555,#7556,#7557));
#1574=EDGE_LOOP('',(#7558,#7559,#7560,#7561));
#1575=EDGE_LOOP('',(#7562,#7563,#7564,#7565,#7566));
#1576=EDGE_LOOP('',(#7567,#7568,#7569,#7570,#7571));
#1577=EDGE_LOOP('',(#7572,#7573,#7574,#7575));
#1578=EDGE_LOOP('',(#7576,#7577,#7578,#7579,#7580,#7581,#7582,#7583));
#1579=EDGE_LOOP('',(#7584,#7585,#7586,#7587,#7588,#7589,#7590,#7591));
#1580=EDGE_LOOP('',(#7592,#7593,#7594,#7595));
#1581=EDGE_LOOP('',(#7596,#7597,#7598,#7599));
#1582=EDGE_LOOP('',(#7600,#7601,#7602,#7603));
#1583=EDGE_LOOP('',(#7604,#7605,#7606,#7607));
#1584=EDGE_LOOP('',(#7608,#7609,#7610,#7611));
#1585=EDGE_LOOP('',(#7612,#7613,#7614,#7615));
#1586=EDGE_LOOP('',(#7616,#7617,#7618,#7619));
#1587=EDGE_LOOP('',(#7620,#7621,#7622,#7623));
#1588=EDGE_LOOP('',(#7624,#7625,#7626,#7627,#7628,#7629,#7630,#7631));
#1589=EDGE_LOOP('',(#7632,#7633,#7634,#7635,#7636,#7637,#7638,#7639));
#1590=EDGE_LOOP('',(#7640,#7641,#7642,#7643,#7644,#7645,#7646,#7647));
#1591=EDGE_LOOP('',(#7648,#7649,#7650,#7651,#7652,#7653,#7654,#7655));
#1592=EDGE_LOOP('',(#7656,#7657,#7658,#7659));
#1593=EDGE_LOOP('',(#7660,#7661,#7662,#7663));
#1594=EDGE_LOOP('',(#7664,#7665,#7666,#7667));
#1595=EDGE_LOOP('',(#7668,#7669,#7670,#7671));
#1596=EDGE_LOOP('',(#7672,#7673,#7674,#7675));
#1597=EDGE_LOOP('',(#7676,#7677,#7678,#7679));
#1598=EDGE_LOOP('',(#7680,#7681,#7682,#7683));
#1599=EDGE_LOOP('',(#7684,#7685,#7686,#7687));
#1600=EDGE_LOOP('',(#7688,#7689,#7690,#7691,#7692,#7693,#7694,#7695));
#1601=EDGE_LOOP('',(#7696,#7697,#7698,#7699,#7700,#7701,#7702,#7703));
#1602=EDGE_LOOP('',(#7704,#7705,#7706,#7707,#7708,#7709,#7710,#7711));
#1603=EDGE_LOOP('',(#7712,#7713,#7714,#7715,#7716,#7717,#7718,#7719));
#1604=EDGE_LOOP('',(#7720,#7721,#7722,#7723));
#1605=EDGE_LOOP('',(#7724,#7725,#7726,#7727));
#1606=EDGE_LOOP('',(#7728,#7729,#7730,#7731));
#1607=EDGE_LOOP('',(#7732,#7733,#7734,#7735));
#1608=EDGE_LOOP('',(#7736,#7737,#7738,#7739));
#1609=EDGE_LOOP('',(#7740,#7741,#7742,#7743));
#1610=EDGE_LOOP('',(#7744,#7745,#7746,#7747));
#1611=EDGE_LOOP('',(#7748,#7749,#7750,#7751));
#1612=EDGE_LOOP('',(#7752,#7753,#7754,#7755,#7756,#7757,#7758,#7759));
#1613=EDGE_LOOP('',(#7760,#7761,#7762,#7763,#7764,#7765,#7766,#7767));
#1614=EDGE_LOOP('',(#7768,#7769,#7770,#7771));
#1615=EDGE_LOOP('',(#7772,#7773,#7774,#7775));
#1616=EDGE_LOOP('',(#7776,#7777,#7778,#7779));
#1617=EDGE_LOOP('',(#7780,#7781,#7782,#7783));
#1618=EDGE_LOOP('',(#7784,#7785,#7786,#7787));
#1619=EDGE_LOOP('',(#7788,#7789,#7790,#7791));
#1620=EDGE_LOOP('',(#7792,#7793,#7794,#7795));
#1621=EDGE_LOOP('',(#7796,#7797,#7798,#7799));
#1622=EDGE_LOOP('',(#7800,#7801,#7802,#7803));
#1623=EDGE_LOOP('',(#7804,#7805,#7806,#7807));
#1624=EDGE_LOOP('',(#7808,#7809,#7810,#7811));
#1625=EDGE_LOOP('',(#7812,#7813,#7814,#7815));
#1626=EDGE_LOOP('',(#7816,#7817,#7818,#7819));
#1627=EDGE_LOOP('',(#7820,#7821,#7822,#7823));
#1628=EDGE_LOOP('',(#7824,#7825,#7826,#7827));
#1629=EDGE_LOOP('',(#7828,#7829,#7830,#7831));
#1630=EDGE_LOOP('',(#7832,#7833,#7834,#7835));
#1631=EDGE_LOOP('',(#7836,#7837,#7838,#7839));
#1632=EDGE_LOOP('',(#7840,#7841,#7842,#7843));
#1633=EDGE_LOOP('',(#7844,#7845,#7846,#7847));
#1634=EDGE_LOOP('',(#7848,#7849,#7850,#7851));
#1635=EDGE_LOOP('',(#7852,#7853,#7854,#7855,#7856,#7857,#7858,#7859));
#1636=EDGE_LOOP('',(#7860,#7861,#7862,#7863,#7864,#7865,#7866,#7867));
#1637=EDGE_LOOP('',(#7868,#7869,#7870,#7871));
#1638=EDGE_LOOP('',(#7872,#7873,#7874,#7875));
#1639=EDGE_LOOP('',(#7876,#7877,#7878,#7879));
#1640=EDGE_LOOP('',(#7880,#7881,#7882,#7883));
#1641=EDGE_LOOP('',(#7884,#7885,#7886,#7887));
#1642=EDGE_LOOP('',(#7888,#7889,#7890,#7891));
#1643=EDGE_LOOP('',(#7892,#7893,#7894,#7895));
#1644=EDGE_LOOP('',(#7896,#7897,#7898,#7899));
#1645=EDGE_LOOP('',(#7900,#7901,#7902,#7903,#7904,#7905,#7906,#7907));
#1646=EDGE_LOOP('',(#7908,#7909,#7910,#7911,#7912,#7913,#7914,#7915));
#1647=EDGE_LOOP('',(#7916,#7917,#7918,#7919));
#1648=EDGE_LOOP('',(#7920,#7921,#7922,#7923));
#1649=EDGE_LOOP('',(#7924,#7925,#7926,#7927));
#1650=EDGE_LOOP('',(#7928,#7929,#7930,#7931,#7932));
#1651=EDGE_LOOP('',(#7933,#7934,#7935,#7936,#7937));
#1652=EDGE_LOOP('',(#7938,#7939,#7940,#7941,#7942));
#1653=EDGE_LOOP('',(#7943,#7944,#7945,#7946));
#1654=EDGE_LOOP('',(#7947,#7948,#7949,#7950,#7951));
#1655=EDGE_LOOP('',(#7952,#7953,#7954,#7955,#7956));
#1656=EDGE_LOOP('',(#7957,#7958,#7959,#7960,#7961));
#1657=EDGE_LOOP('',(#7962,#7963,#7964));
#1658=EDGE_LOOP('',(#7965,#7966,#7967,#7968));
#1659=EDGE_LOOP('',(#7969,#7970,#7971,#7972));
#1660=EDGE_LOOP('',(#7973,#7974,#7975,#7976,#7977,#7978,#7979,#7980,#7981,
#7982,#7983,#7984,#7985));
#1661=EDGE_LOOP('',(#7986,#7987,#7988));
#1662=EDGE_LOOP('',(#7989,#7990,#7991,#7992,#7993,#7994));
#1663=EDGE_LOOP('',(#7995,#7996,#7997));
#1664=EDGE_LOOP('',(#7998,#7999,#8000,#8001,#8002,#8003,#8004,#8005,#8006,
#8007,#8008,#8009));
#1665=EDGE_LOOP('',(#8010,#8011,#8012,#8013,#8014,#8015));
#1666=EDGE_LOOP('',(#8016));
#1667=EDGE_LOOP('',(#8017,#8018,#8019,#8020,#8021,#8022,#8023,#8024));
#1668=EDGE_LOOP('',(#8025,#8026,#8027,#8028));
#1669=EDGE_LOOP('',(#8029,#8030,#8031,#8032));
#1670=EDGE_LOOP('',(#8033,#8034,#8035,#8036));
#1671=EDGE_LOOP('',(#8037,#8038,#8039,#8040));
#1672=EDGE_LOOP('',(#8041,#8042,#8043,#8044,#8045,#8046,#8047,#8048));
#1673=EDGE_LOOP('',(#8049,#8050,#8051,#8052));
#1674=EDGE_LOOP('',(#8053,#8054,#8055,#8056));
#1675=EDGE_LOOP('',(#8057,#8058,#8059,#8060,#8061,#8062));
#1676=EDGE_LOOP('',(#8063));
#1677=EDGE_LOOP('',(#8064,#8065,#8066,#8067));
#1678=EDGE_LOOP('',(#8068,#8069,#8070,#8071,#8072,#8073,#8074,#8075,#8076,
#8077,#8078,#8079));
#1679=EDGE_LOOP('',(#8080,#8081,#8082,#8083));
#1680=EDGE_LOOP('',(#8084,#8085,#8086,#8087));
#1681=EDGE_LOOP('',(#8088,#8089,#8090,#8091));
#1682=EDGE_LOOP('',(#8092,#8093,#8094,#8095));
#1683=EDGE_LOOP('',(#8096,#8097,#8098,#8099));
#1684=EDGE_LOOP('',(#8100,#8101,#8102,#8103,#8104,#8105));
#1685=EDGE_LOOP('',(#8106));
#1686=EDGE_LOOP('',(#8107,#8108,#8109,#8110));
#1687=EDGE_LOOP('',(#8111,#8112,#8113,#8114,#8115,#8116,#8117,#8118,#8119,
#8120,#8121,#8122,#8123,#8124,#8125,#8126));
#1688=EDGE_LOOP('',(#8127));
#1689=EDGE_LOOP('',(#8128));
#1690=EDGE_LOOP('',(#8129));
#1691=EDGE_LOOP('',(#8130));
#1692=EDGE_LOOP('',(#8131));
#1693=EDGE_LOOP('',(#8132));
#1694=EDGE_LOOP('',(#8133,#8134,#8135,#8136));
#1695=EDGE_LOOP('',(#8137,#8138,#8139,#8140,#8141,#8142,#8143,#8144));
#1696=EDGE_LOOP('',(#8145,#8146,#8147,#8148));
#1697=EDGE_LOOP('',(#8149,#8150,#8151,#8152));
#1698=EDGE_LOOP('',(#8153,#8154,#8155,#8156,#8157));
#1699=EDGE_LOOP('',(#8158,#8159,#8160,#8161));
#1700=EDGE_LOOP('',(#8162,#8163,#8164,#8165,#8166));
#1701=EDGE_LOOP('',(#8167,#8168,#8169,#8170,#8171,#8172,#8173,#8174,#8175,
#8176,#8177,#8178,#8179,#8180));
#1702=EDGE_LOOP('',(#8181,#8182,#8183));
#1703=EDGE_LOOP('',(#8184,#8185,#8186,#8187,#8188));
#1704=EDGE_LOOP('',(#8189,#8190,#8191,#8192));
#1705=EDGE_LOOP('',(#8193,#8194,#8195,#8196,#8197));
#1706=EDGE_LOOP('',(#8198,#8199,#8200));
#1707=EDGE_LOOP('',(#8201,#8202,#8203,#8204,#8205,#8206,#8207,#8208));
#1708=EDGE_LOOP('',(#8209,#8210,#8211,#8212));
#1709=EDGE_LOOP('',(#8213,#8214,#8215,#8216));
#1710=EDGE_LOOP('',(#8217,#8218,#8219,#8220));
#1711=EDGE_LOOP('',(#8221,#8222,#8223,#8224));
#1712=EDGE_LOOP('',(#8225,#8226,#8227,#8228));
#1713=EDGE_LOOP('',(#8229,#8230,#8231,#8232));
#1714=EDGE_LOOP('',(#8233,#8234,#8235,#8236));
#1715=EDGE_LOOP('',(#8237,#8238,#8239,#8240));
#1716=EDGE_LOOP('',(#8241,#8242,#8243,#8244));
#1717=EDGE_LOOP('',(#8245,#8246,#8247,#8248));
#1718=EDGE_LOOP('',(#8249,#8250,#8251,#8252));
#1719=EDGE_LOOP('',(#8253,#8254,#8255,#8256));
#1720=EDGE_LOOP('',(#8257,#8258,#8259,#8260));
#1721=EDGE_LOOP('',(#8261,#8262,#8263,#8264));
#1722=EDGE_LOOP('',(#8265,#8266,#8267,#8268));
#1723=EDGE_LOOP('',(#8269,#8270,#8271,#8272));
#1724=EDGE_LOOP('',(#8273,#8274,#8275,#8276));
#1725=EDGE_LOOP('',(#8277,#8278,#8279,#8280));
#1726=EDGE_LOOP('',(#8281,#8282,#8283,#8284));
#1727=EDGE_LOOP('',(#8285,#8286,#8287,#8288));
#1728=EDGE_LOOP('',(#8289,#8290,#8291,#8292,#8293,#8294));
#1729=EDGE_LOOP('',(#8295));
#1730=EDGE_LOOP('',(#8296,#8297,#8298,#8299));
#1731=EDGE_LOOP('',(#8300,#8301,#8302,#8303,#8304,#8305));
#1732=EDGE_LOOP('',(#8306,#8307,#8308,#8309));
#1733=EDGE_LOOP('',(#8310,#8311,#8312,#8313));
#1734=EDGE_LOOP('',(#8314,#8315,#8316,#8317));
#1735=EDGE_LOOP('',(#8318));
#1736=EDGE_LOOP('',(#8319));
#1737=EDGE_LOOP('',(#8320));
#1738=EDGE_LOOP('',(#8321));
#1739=EDGE_LOOP('',(#8322));
#1740=EDGE_LOOP('',(#8323));
#1741=EDGE_LOOP('',(#8324));
#1742=EDGE_LOOP('',(#8325,#8326,#8327,#8328,#8329));
#1743=EDGE_LOOP('',(#8330,#8331,#8332,#8333));
#1744=EDGE_LOOP('',(#8334,#8335,#8336,#8337));
#1745=EDGE_LOOP('',(#8338));
#1746=EDGE_LOOP('',(#8339));
#1747=EDGE_LOOP('',(#8340));
#1748=EDGE_LOOP('',(#8341));
#1749=EDGE_LOOP('',(#8342));
#1750=EDGE_LOOP('',(#8343,#8344,#8345,#8346));
#1751=EDGE_LOOP('',(#8347,#8348,#8349,#8350,#8351,#8352,#8353,#8354,#8355,
#8356));
#1752=EDGE_LOOP('',(#8357));
#1753=EDGE_LOOP('',(#8358));
#1754=EDGE_LOOP('',(#8359));
#1755=EDGE_LOOP('',(#8360));
#1756=EDGE_LOOP('',(#8361));
#1757=EDGE_LOOP('',(#8362));
#1758=EDGE_LOOP('',(#8363));
#1759=EDGE_LOOP('',(#8364));
#1760=EDGE_LOOP('',(#8365,#8366,#8367,#8368,#8369,#8370));
#1761=EDGE_LOOP('',(#8371,#8372,#8373,#8374,#8375));
#1762=EDGE_LOOP('',(#8376,#8377,#8378,#8379,#8380));
#1763=EDGE_LOOP('',(#8381,#8382,#8383,#8384));
#1764=EDGE_LOOP('',(#8385,#8386,#8387,#8388,#8389));
#1765=EDGE_LOOP('',(#8390,#8391,#8392,#8393,#8394,#8395,#8396,#8397,#8398,
#8399));
#1766=EDGE_LOOP('',(#8400,#8401,#8402,#8403,#8404));
#1767=EDGE_LOOP('',(#8405,#8406,#8407,#8408,#8409));
#1768=EDGE_LOOP('',(#8410,#8411,#8412,#8413,#8414,#8415,#8416,#8417));
#1769=EDGE_LOOP('',(#8418,#8419,#8420,#8421));
#1770=EDGE_LOOP('',(#8422,#8423,#8424,#8425));
#1771=EDGE_LOOP('',(#8426,#8427,#8428,#8429));
#1772=EDGE_LOOP('',(#8430,#8431,#8432,#8433,#8434,#8435,#8436,#8437));
#1773=EDGE_LOOP('',(#8438,#8439,#8440,#8441));
#1774=EDGE_LOOP('',(#8442,#8443,#8444,#8445));
#1775=EDGE_LOOP('',(#8446,#8447,#8448,#8449,#8450,#8451));
#1776=EDGE_LOOP('',(#8452,#8453,#8454,#8455));
#1777=EDGE_LOOP('',(#8456,#8457,#8458,#8459,#8460,#8461));
#1778=EDGE_LOOP('',(#8462,#8463,#8464,#8465));
#1779=EDGE_LOOP('',(#8466,#8467,#8468,#8469,#8470,#8471));
#1780=EDGE_LOOP('',(#8472,#8473,#8474,#8475,#8476,#8477));
#1781=EDGE_LOOP('',(#8478,#8479,#8480,#8481,#8482));
#1782=EDGE_LOOP('',(#8483,#8484,#8485,#8486));
#1783=EDGE_LOOP('',(#8487,#8488,#8489,#8490));
#1784=EDGE_LOOP('',(#8491,#8492,#8493,#8494));
#1785=EDGE_LOOP('',(#8495,#8496,#8497,#8498));
#1786=EDGE_LOOP('',(#8499,#8500,#8501,#8502));
#1787=EDGE_LOOP('',(#8503,#8504,#8505,#8506));
#1788=EDGE_LOOP('',(#8507));
#1789=EDGE_LOOP('',(#8508));
#1790=EDGE_LOOP('',(#8509,#8510,#8511,#8512,#8513));
#1791=EDGE_LOOP('',(#8514,#8515,#8516,#8517,#8518,#8519,#8520));
#1792=EDGE_LOOP('',(#8521,#8522,#8523));
#1793=EDGE_LOOP('',(#8524));
#1794=EDGE_LOOP('',(#8525,#8526,#8527,#8528,#8529));
#1795=EDGE_LOOP('',(#8530));
#1796=EDGE_LOOP('',(#8531));
#1797=EDGE_LOOP('',(#8532,#8533,#8534,#8535,#8536));
#1798=EDGE_LOOP('',(#8537));
#1799=EDGE_LOOP('',(#8538,#8539,#8540,#8541));
#1800=EDGE_LOOP('',(#8542,#8543,#8544,#8545,#8546,#8547,#8548,#8549,#8550,
#8551,#8552,#8553,#8554,#8555,#8556,#8557,#8558,#8559,#8560,#8561,#8562,
#8563,#8564,#8565,#8566,#8567,#8568,#8569,#8570,#8571,#8572,#8573,#8574,
#8575,#8576,#8577,#8578,#8579,#8580,#8581,#8582,#8583,#8584,#8585,#8586,
#8587,#8588,#8589,#8590,#8591));
#1801=EDGE_LOOP('',(#8592));
#1802=EDGE_LOOP('',(#8593,#8594,#8595,#8596,#8597,#8598));
#1803=EDGE_LOOP('',(#8599,#8600,#8601,#8602,#8603,#8604));
#1804=EDGE_LOOP('',(#8605,#8606,#8607,#8608,#8609,#8610));
#1805=EDGE_LOOP('',(#8611,#8612,#8613,#8614,#8615,#8616));
#1806=EDGE_LOOP('',(#8617,#8618,#8619,#8620,#8621,#8622));
#1807=EDGE_LOOP('',(#8623,#8624,#8625,#8626,#8627,#8628));
#1808=EDGE_LOOP('',(#8629,#8630,#8631,#8632,#8633,#8634));
#1809=EDGE_LOOP('',(#8635,#8636,#8637,#8638,#8639,#8640));
#1810=EDGE_LOOP('',(#8641,#8642,#8643,#8644,#8645,#8646));
#1811=EDGE_LOOP('',(#8647,#8648,#8649,#8650,#8651,#8652));
#1812=EDGE_LOOP('',(#8653,#8654,#8655,#8656,#8657,#8658));
#1813=EDGE_LOOP('',(#8659,#8660,#8661,#8662,#8663,#8664));
#1814=EDGE_LOOP('',(#8665,#8666,#8667,#8668,#8669,#8670));
#1815=EDGE_LOOP('',(#8671,#8672,#8673,#8674,#8675,#8676));
#1816=EDGE_LOOP('',(#8677,#8678,#8679,#8680,#8681,#8682));
#1817=EDGE_LOOP('',(#8683,#8684,#8685,#8686,#8687,#8688));
#1818=EDGE_LOOP('',(#8689,#8690,#8691,#8692,#8693,#8694));
#1819=EDGE_LOOP('',(#8695,#8696,#8697,#8698,#8699,#8700));
#1820=EDGE_LOOP('',(#8701));
#1821=EDGE_LOOP('',(#8702,#8703,#8704,#8705,#8706,#8707,#8708,#8709,#8710,
#8711,#8712,#8713,#8714,#8715,#8716,#8717,#8718,#8719,#8720,#8721,#8722,
#8723,#8724,#8725,#8726,#8727,#8728,#8729,#8730,#8731,#8732,#8733,#8734,
#8735,#8736,#8737,#8738,#8739,#8740,#8741,#8742,#8743,#8744,#8745,#8746,
#8747,#8748,#8749,#8750,#8751,#8752,#8753,#8754,#8755,#8756,#8757,#8758,
#8759,#8760,#8761,#8762,#8763,#8764,#8765,#8766,#8767,#8768,#8769,#8770,
#8771,#8772,#8773,#8774,#8775,#8776,#8777,#8778,#8779,#8780,#8781,#8782,
#8783,#8784,#8785,#8786,#8787,#8788,#8789,#8790,#8791,#8792,#8793,#8794,
#8795,#8796,#8797,#8798,#8799,#8800,#8801));
#1822=EDGE_LOOP('',(#8802,#8803,#8804,#8805));
#1823=EDGE_LOOP('',(#8806,#8807,#8808,#8809,#8810,#8811));
#1824=EDGE_LOOP('',(#8812,#8813,#8814,#8815,#8816,#8817));
#1825=EDGE_LOOP('',(#8818,#8819,#8820,#8821,#8822,#8823));
#1826=EDGE_LOOP('',(#8824,#8825,#8826,#8827));
#1827=EDGE_LOOP('',(#8828,#8829,#8830,#8831));
#1828=EDGE_LOOP('',(#8832,#8833,#8834,#8835));
#1829=EDGE_LOOP('',(#8836,#8837,#8838,#8839,#8840,#8841));
#1830=EDGE_LOOP('',(#8842,#8843,#8844,#8845,#8846,#8847));
#1831=EDGE_LOOP('',(#8848,#8849,#8850,#8851,#8852,#8853));
#1832=EDGE_LOOP('',(#8854,#8855,#8856,#8857,#8858,#8859));
#1833=EDGE_LOOP('',(#8860,#8861,#8862,#8863,#8864,#8865));
#1834=EDGE_LOOP('',(#8866,#8867,#8868,#8869,#8870,#8871));
#1835=EDGE_LOOP('',(#8872,#8873,#8874,#8875,#8876,#8877));
#1836=EDGE_LOOP('',(#8878,#8879,#8880,#8881,#8882,#8883));
#1837=EDGE_LOOP('',(#8884,#8885,#8886,#8887,#8888,#8889));
#1838=EDGE_LOOP('',(#8890,#8891,#8892,#8893));
#1839=EDGE_LOOP('',(#8894,#8895,#8896,#8897));
#1840=EDGE_LOOP('',(#8898,#8899,#8900,#8901));
#1841=EDGE_LOOP('',(#8902,#8903,#8904,#8905));
#1842=EDGE_LOOP('',(#8906,#8907,#8908,#8909));
#1843=EDGE_LOOP('',(#8910,#8911,#8912,#8913,#8914,#8915));
#1844=EDGE_LOOP('',(#8916,#8917,#8918,#8919,#8920,#8921));
#1845=EDGE_LOOP('',(#8922,#8923,#8924,#8925,#8926,#8927));
#1846=EDGE_LOOP('',(#8928,#8929,#8930,#8931,#8932,#8933));
#1847=EDGE_LOOP('',(#8934,#8935,#8936,#8937));
#1848=EDGE_LOOP('',(#8938,#8939,#8940,#8941));
#1849=EDGE_LOOP('',(#8942,#8943,#8944,#8945));
#1850=EDGE_LOOP('',(#8946,#8947,#8948,#8949));
#1851=EDGE_LOOP('',(#8950,#8951,#8952,#8953));
#1852=EDGE_LOOP('',(#8954,#8955,#8956,#8957));
#1853=EDGE_LOOP('',(#8958,#8959,#8960,#8961));
#1854=EDGE_LOOP('',(#8962,#8963,#8964,#8965));
#1855=EDGE_LOOP('',(#8966,#8967,#8968,#8969));
#1856=EDGE_LOOP('',(#8970,#8971,#8972,#8973));
#1857=EDGE_LOOP('',(#8974,#8975,#8976,#8977));
#1858=EDGE_LOOP('',(#8978,#8979,#8980,#8981));
#1859=EDGE_LOOP('',(#8982,#8983,#8984,#8985));
#1860=EDGE_LOOP('',(#8986,#8987,#8988,#8989));
#1861=EDGE_LOOP('',(#8990,#8991,#8992,#8993));
#1862=EDGE_LOOP('',(#8994,#8995,#8996,#8997));
#1863=EDGE_LOOP('',(#8998,#8999,#9000,#9001));
#1864=EDGE_LOOP('',(#9002,#9003,#9004,#9005,#9006,#9007));
#1865=EDGE_LOOP('',(#9008,#9009,#9010,#9011,#9012,#9013));
#1866=EDGE_LOOP('',(#9014,#9015,#9016,#9017,#9018,#9019));
#1867=EDGE_LOOP('',(#9020,#9021,#9022,#9023));
#1868=EDGE_LOOP('',(#9024,#9025,#9026,#9027));
#1869=EDGE_LOOP('',(#9028,#9029,#9030,#9031));
#1870=EDGE_LOOP('',(#9032,#9033,#9034,#9035,#9036,#9037));
#1871=EDGE_LOOP('',(#9038,#9039,#9040,#9041));
#1872=EDGE_LOOP('',(#9042,#9043,#9044,#9045));
#1873=EDGE_LOOP('',(#9046,#9047,#9048,#9049));
#1874=EDGE_LOOP('',(#9050,#9051,#9052,#9053,#9054,#9055));
#1875=EDGE_LOOP('',(#9056,#9057,#9058,#9059,#9060,#9061));
#1876=EDGE_LOOP('',(#9062,#9063,#9064,#9065));
#1877=EDGE_LOOP('',(#9066,#9067,#9068,#9069));
#1878=EDGE_LOOP('',(#9070,#9071,#9072,#9073));
#1879=EDGE_LOOP('',(#9074,#9075,#9076,#9077,#9078,#9079));
#1880=EDGE_LOOP('',(#9080,#9081,#9082,#9083,#9084,#9085));
#1881=EDGE_LOOP('',(#9086,#9087,#9088,#9089));
#1882=EDGE_LOOP('',(#9090,#9091,#9092,#9093));
#1883=EDGE_LOOP('',(#9094,#9095,#9096,#9097));
#1884=EDGE_LOOP('',(#9098,#9099,#9100,#9101,#9102,#9103));
#1885=EDGE_LOOP('',(#9104,#9105,#9106,#9107,#9108,#9109));
#1886=EDGE_LOOP('',(#9110,#9111,#9112,#9113));
#1887=EDGE_LOOP('',(#9114,#9115,#9116,#9117));
#1888=EDGE_LOOP('',(#9118,#9119,#9120,#9121));
#1889=EDGE_LOOP('',(#9122,#9123,#9124,#9125,#9126,#9127));
#1890=EDGE_LOOP('',(#9128,#9129,#9130,#9131,#9132,#9133));
#1891=EDGE_LOOP('',(#9134,#9135,#9136,#9137));
#1892=EDGE_LOOP('',(#9138,#9139,#9140,#9141));
#1893=EDGE_LOOP('',(#9142,#9143,#9144,#9145));
#1894=EDGE_LOOP('',(#9146,#9147,#9148,#9149,#9150,#9151));
#1895=EDGE_LOOP('',(#9152,#9153,#9154,#9155,#9156,#9157));
#1896=EDGE_LOOP('',(#9158,#9159,#9160,#9161));
#1897=EDGE_LOOP('',(#9162,#9163,#9164,#9165));
#1898=EDGE_LOOP('',(#9166,#9167,#9168,#9169));
#1899=EDGE_LOOP('',(#9170,#9171,#9172,#9173,#9174,#9175));
#1900=EDGE_LOOP('',(#9176,#9177,#9178,#9179));
#1901=EDGE_LOOP('',(#9180,#9181,#9182,#9183));
#1902=EDGE_LOOP('',(#9184,#9185,#9186,#9187));
#1903=EDGE_LOOP('',(#9188,#9189,#9190,#9191));
#1904=EDGE_LOOP('',(#9192,#9193,#9194,#9195));
#1905=EDGE_LOOP('',(#9196,#9197,#9198,#9199));
#1906=EDGE_LOOP('',(#9200,#9201,#9202,#9203));
#1907=EDGE_LOOP('',(#9204,#9205,#9206,#9207));
#1908=EDGE_LOOP('',(#9208,#9209,#9210,#9211));
#1909=EDGE_LOOP('',(#9212,#9213,#9214,#9215));
#1910=EDGE_LOOP('',(#9216,#9217,#9218,#9219));
#1911=EDGE_LOOP('',(#9220,#9221,#9222,#9223));
#1912=EDGE_LOOP('',(#9224,#9225,#9226,#9227));
#1913=EDGE_LOOP('',(#9228,#9229,#9230,#9231));
#1914=EDGE_LOOP('',(#9232,#9233,#9234,#9235));
#1915=EDGE_LOOP('',(#9236,#9237,#9238,#9239));
#1916=EDGE_LOOP('',(#9240,#9241,#9242,#9243));
#1917=EDGE_LOOP('',(#9244,#9245,#9246,#9247));
#1918=EDGE_LOOP('',(#9248,#9249,#9250,#9251));
#1919=EDGE_LOOP('',(#9252,#9253,#9254,#9255));
#1920=EDGE_LOOP('',(#9256,#9257,#9258,#9259));
#1921=EDGE_LOOP('',(#9260,#9261,#9262,#9263));
#1922=EDGE_LOOP('',(#9264,#9265,#9266,#9267));
#1923=EDGE_LOOP('',(#9268,#9269,#9270,#9271));
#1924=EDGE_LOOP('',(#9272,#9273,#9274,#9275));
#1925=EDGE_LOOP('',(#9276,#9277,#9278,#9279));
#1926=EDGE_LOOP('',(#9280,#9281,#9282,#9283));
#1927=EDGE_LOOP('',(#9284,#9285,#9286,#9287));
#1928=EDGE_LOOP('',(#9288,#9289,#9290,#9291,#9292,#9293));
#1929=EDGE_LOOP('',(#9294,#9295,#9296,#9297));
#1930=EDGE_LOOP('',(#9298,#9299,#9300,#9301));
#1931=EDGE_LOOP('',(#9302));
#1932=EDGE_LOOP('',(#9303,#9304,#9305,#9306,#9307));
#1933=EDGE_LOOP('',(#9308));
#1934=EDGE_LOOP('',(#9309,#9310,#9311,#9312,#9313,#9314));
#1935=EDGE_LOOP('',(#9315,#9316,#9317,#9318,#9319));
#1936=EDGE_LOOP('',(#9320,#9321,#9322,#9323,#9324));
#1937=EDGE_LOOP('',(#9325,#9326,#9327,#9328));
#1938=EDGE_LOOP('',(#9329,#9330,#9331,#9332));
#1939=EDGE_LOOP('',(#9333,#9334,#9335,#9336));
#1940=EDGE_LOOP('',(#9337,#9338,#9339,#9340));
#1941=EDGE_LOOP('',(#9341,#9342,#9343,#9344));
#1942=EDGE_LOOP('',(#9345,#9346,#9347,#9348));
#1943=EDGE_LOOP('',(#9349,#9350,#9351,#9352));
#1944=EDGE_LOOP('',(#9353,#9354,#9355,#9356));
#1945=EDGE_LOOP('',(#9357,#9358,#9359,#9360));
#1946=EDGE_LOOP('',(#9361,#9362,#9363,#9364,#9365,#9366));
#1947=EDGE_LOOP('',(#9367,#9368,#9369,#9370));
#1948=EDGE_LOOP('',(#9371,#9372,#9373,#9374));
#1949=EDGE_LOOP('',(#9375,#9376,#9377,#9378));
#1950=EDGE_LOOP('',(#9379));
#1951=EDGE_LOOP('',(#9380,#9381,#9382,#9383,#9384,#9385));
#1952=EDGE_LOOP('',(#9386,#9387,#9388,#9389,#9390));
#1953=EDGE_LOOP('',(#9391,#9392,#9393,#9394,#9395));
#1954=EDGE_LOOP('',(#9396,#9397,#9398,#9399));
#1955=EDGE_LOOP('',(#9400,#9401,#9402,#9403));
#1956=EDGE_LOOP('',(#9404,#9405,#9406,#9407));
#1957=EDGE_LOOP('',(#9408,#9409,#9410,#9411));
#1958=EDGE_LOOP('',(#9412,#9413,#9414,#9415));
#1959=EDGE_LOOP('',(#9416,#9417,#9418,#9419));
#1960=EDGE_LOOP('',(#9420,#9421,#9422,#9423));
#1961=EDGE_LOOP('',(#9424,#9425,#9426,#9427));
#1962=EDGE_LOOP('',(#9428,#9429,#9430,#9431));
#1963=EDGE_LOOP('',(#9432,#9433,#9434,#9435,#9436,#9437));
#1964=EDGE_LOOP('',(#9438,#9439,#9440,#9441));
#1965=EDGE_LOOP('',(#9442,#9443,#9444,#9445));
#1966=EDGE_LOOP('',(#9446,#9447,#9448,#9449));
#1967=EDGE_LOOP('',(#9450,#9451));
#1968=EDGE_LOOP('',(#9452,#9453));
#1969=EDGE_LOOP('',(#9454,#9455));
#1970=EDGE_LOOP('',(#9456,#9457,#9458,#9459));
#1971=EDGE_LOOP('',(#9460));
#1972=EDGE_LOOP('',(#9461));
#1973=EDGE_LOOP('',(#9462));
#1974=EDGE_LOOP('',(#9463));
#1975=EDGE_LOOP('',(#9464,#9465,#9466,#9467));
#1976=EDGE_LOOP('',(#9468,#9469,#9470,#9471));
#1977=EDGE_LOOP('',(#9472,#9473,#9474,#9475));
#1978=EDGE_LOOP('',(#9476,#9477,#9478,#9479));
#1979=EDGE_LOOP('',(#9480,#9481,#9482,#9483));
#1980=EDGE_LOOP('',(#9484,#9485,#9486,#9487,#9488,#9489,#9490,#9491));
#1981=EDGE_LOOP('',(#9492,#9493,#9494,#9495,#9496,#9497,#9498,#9499,#9500,
#9501,#9502,#9503));
#1982=EDGE_LOOP('',(#9504,#9505,#9506,#9507,#9508));
#1983=EDGE_LOOP('',(#9509,#9510,#9511,#9512));
#1984=EDGE_LOOP('',(#9513,#9514,#9515,#9516,#9517));
#1985=EDGE_LOOP('',(#9518,#9519,#9520,#9521));
#1986=EDGE_LOOP('',(#9522,#9523,#9524,#9525,#9526,#9527));
#1987=EDGE_LOOP('',(#9528,#9529,#9530,#9531));
#1988=EDGE_LOOP('',(#9532,#9533,#9534,#9535));
#1989=EDGE_LOOP('',(#9536,#9537,#9538,#9539));
#1990=EDGE_LOOP('',(#9540,#9541,#9542,#9543));
#1991=EDGE_LOOP('',(#9544,#9545,#9546,#9547));
#1992=EDGE_LOOP('',(#9548,#9549,#9550,#9551,#9552,#9553));
#1993=EDGE_LOOP('',(#9554,#9555,#9556,#9557,#9558,#9559,#9560,#9561,#9562,
#9563,#9564,#9565));
#1994=EDGE_LOOP('',(#9566,#9567,#9568,#9569));
#1995=EDGE_LOOP('',(#9570,#9571,#9572,#9573,#9574,#9575,#9576,#9577));
#1996=EDGE_LOOP('',(#9578,#9579,#9580,#9581,#9582));
#1997=EDGE_LOOP('',(#9583,#9584,#9585,#9586));
#1998=EDGE_LOOP('',(#9587,#9588,#9589,#9590,#9591));
#1999=EDGE_LOOP('',(#9592,#9593,#9594,#9595));
#2000=EDGE_LOOP('',(#9596));
#2001=EDGE_LOOP('',(#9597,#9598,#9599,#9600));
#2002=EDGE_LOOP('',(#9601));
#2003=EDGE_LOOP('',(#9602,#9603,#9604,#9605));
#2004=EDGE_LOOP('',(#9606));
#2005=EDGE_LOOP('',(#9607));
#2006=LINE('',#14209,#2906);
#2007=LINE('',#14215,#2907);
#2008=LINE('',#14221,#2908);
#2009=LINE('',#14227,#2909);
#2010=LINE('',#14233,#2910);
#2011=LINE('',#14239,#2911);
#2012=LINE('',#14245,#2912);
#2013=LINE('',#14251,#2913);
#2014=LINE('',#14257,#2914);
#2015=LINE('',#14263,#2915);
#2016=LINE('',#14268,#2916);
#2017=LINE('',#14272,#2917);
#2018=LINE('',#14283,#2918);
#2019=LINE('',#14284,#2919);
#2020=LINE('',#14287,#2920);
#2021=LINE('',#14304,#2921);
#2022=LINE('',#14314,#2922);
#2023=LINE('',#14318,#2923);
#2024=LINE('',#14329,#2924);
#2025=LINE('',#14330,#2925);
#2026=LINE('',#14333,#2926);
#2027=LINE('',#14350,#2927);
#2028=LINE('',#14360,#2928);
#2029=LINE('',#14364,#2929);
#2030=LINE('',#14375,#2930);
#2031=LINE('',#14376,#2931);
#2032=LINE('',#14379,#2932);
#2033=LINE('',#14396,#2933);
#2034=LINE('',#14406,#2934);
#2035=LINE('',#14410,#2935);
#2036=LINE('',#14421,#2936);
#2037=LINE('',#14422,#2937);
#2038=LINE('',#14425,#2938);
#2039=LINE('',#14442,#2939);
#2040=LINE('',#14452,#2940);
#2041=LINE('',#14456,#2941);
#2042=LINE('',#14467,#2942);
#2043=LINE('',#14468,#2943);
#2044=LINE('',#14471,#2944);
#2045=LINE('',#14488,#2945);
#2046=LINE('',#14498,#2946);
#2047=LINE('',#14500,#2947);
#2048=LINE('',#14508,#2948);
#2049=LINE('',#14512,#2949);
#2050=LINE('',#14516,#2950);
#2051=LINE('',#14527,#2951);
#2052=LINE('',#14528,#2952);
#2053=LINE('',#14531,#2953);
#2054=LINE('',#14548,#2954);
#2055=LINE('',#14558,#2955);
#2056=LINE('',#14562,#2956);
#2057=LINE('',#14573,#2957);
#2058=LINE('',#14574,#2958);
#2059=LINE('',#14577,#2959);
#2060=LINE('',#14594,#2960);
#2061=LINE('',#14604,#2961);
#2062=LINE('',#14608,#2962);
#2063=LINE('',#14619,#2963);
#2064=LINE('',#14620,#2964);
#2065=LINE('',#14623,#2965);
#2066=LINE('',#14640,#2966);
#2067=LINE('',#14650,#2967);
#2068=LINE('',#14654,#2968);
#2069=LINE('',#14665,#2969);
#2070=LINE('',#14666,#2970);
#2071=LINE('',#14669,#2971);
#2072=LINE('',#14686,#2972);
#2073=LINE('',#14696,#2973);
#2074=LINE('',#14700,#2974);
#2075=LINE('',#14711,#2975);
#2076=LINE('',#14712,#2976);
#2077=LINE('',#14715,#2977);
#2078=LINE('',#14732,#2978);
#2079=LINE('',#14742,#2979);
#2080=LINE('',#14746,#2980);
#2081=LINE('',#14757,#2981);
#2082=LINE('',#14758,#2982);
#2083=LINE('',#14761,#2983);
#2084=LINE('',#14778,#2984);
#2085=LINE('',#14789,#2985);
#2086=LINE('',#14793,#2986);
#2087=LINE('',#14804,#2987);
#2088=LINE('',#14805,#2988);
#2089=LINE('',#14808,#2989);
#2090=LINE('',#14825,#2990);
#2091=LINE('',#14835,#2991);
#2092=LINE('',#14839,#2992);
#2093=LINE('',#14850,#2993);
#2094=LINE('',#14851,#2994);
#2095=LINE('',#14854,#2995);
#2096=LINE('',#14871,#2996);
#2097=LINE('',#14881,#2997);
#2098=LINE('',#14885,#2998);
#2099=LINE('',#14896,#2999);
#2100=LINE('',#14897,#3000);
#2101=LINE('',#14900,#3001);
#2102=LINE('',#14917,#3002);
#2103=LINE('',#14927,#3003);
#2104=LINE('',#14931,#3004);
#2105=LINE('',#14942,#3005);
#2106=LINE('',#14943,#3006);
#2107=LINE('',#14946,#3007);
#2108=LINE('',#14963,#3008);
#2109=LINE('',#14973,#3009);
#2110=LINE('',#14977,#3010);
#2111=LINE('',#14988,#3011);
#2112=LINE('',#14989,#3012);
#2113=LINE('',#14992,#3013);
#2114=LINE('',#15009,#3014);
#2115=LINE('',#15019,#3015);
#2116=LINE('',#15023,#3016);
#2117=LINE('',#15034,#3017);
#2118=LINE('',#15035,#3018);
#2119=LINE('',#15038,#3019);
#2120=LINE('',#15055,#3020);
#2121=LINE('',#15065,#3021);
#2122=LINE('',#15069,#3022);
#2123=LINE('',#15080,#3023);
#2124=LINE('',#15081,#3024);
#2125=LINE('',#15084,#3025);
#2126=LINE('',#15101,#3026);
#2127=LINE('',#15111,#3027);
#2128=LINE('',#15115,#3028);
#2129=LINE('',#15126,#3029);
#2130=LINE('',#15127,#3030);
#2131=LINE('',#15130,#3031);
#2132=LINE('',#15147,#3032);
#2133=LINE('',#15157,#3033);
#2134=LINE('',#15161,#3034);
#2135=LINE('',#15172,#3035);
#2136=LINE('',#15173,#3036);
#2137=LINE('',#15176,#3037);
#2138=LINE('',#15193,#3038);
#2139=LINE('',#15203,#3039);
#2140=LINE('',#15207,#3040);
#2141=LINE('',#15218,#3041);
#2142=LINE('',#15219,#3042);
#2143=LINE('',#15222,#3043);
#2144=LINE('',#15239,#3044);
#2145=LINE('',#15249,#3045);
#2146=LINE('',#15253,#3046);
#2147=LINE('',#15264,#3047);
#2148=LINE('',#15265,#3048);
#2149=LINE('',#15268,#3049);
#2150=LINE('',#15285,#3050);
#2151=LINE('',#15295,#3051);
#2152=LINE('',#15299,#3052);
#2153=LINE('',#15310,#3053);
#2154=LINE('',#15311,#3054);
#2155=LINE('',#15314,#3055);
#2156=LINE('',#15331,#3056);
#2157=LINE('',#15341,#3057);
#2158=LINE('',#15345,#3058);
#2159=LINE('',#15349,#3059);
#2160=LINE('',#15357,#3060);
#2161=LINE('',#15374,#3061);
#2162=LINE('',#15380,#3062);
#2163=LINE('',#15417,#3063);
#2164=LINE('',#15435,#3064);
#2165=LINE('',#15438,#3065);
#2166=LINE('',#15439,#3066);
#2167=LINE('',#15447,#3067);
#2168=LINE('',#15453,#3068);
#2169=LINE('',#15465,#3069);
#2170=LINE('',#15472,#3070);
#2171=LINE('',#15478,#3071);
#2172=LINE('',#15484,#3072);
#2173=LINE('',#15490,#3073);
#2174=LINE('',#15496,#3074);
#2175=LINE('',#15502,#3075);
#2176=LINE('',#15508,#3076);
#2177=LINE('',#15514,#3077);
#2178=LINE('',#15520,#3078);
#2179=LINE('',#15526,#3079);
#2180=LINE('',#15531,#3080);
#2181=LINE('',#15597,#3081);
#2182=LINE('',#15599,#3082);
#2183=LINE('',#15601,#3083);
#2184=LINE('',#15602,#3084);
#2185=LINE('',#15606,#3085);
#2186=LINE('',#15607,#3086);
#2187=LINE('',#15608,#3087);
#2188=LINE('',#15612,#3088);
#2189=LINE('',#15613,#3089);
#2190=LINE('',#15614,#3090);
#2191=LINE('',#15617,#3091);
#2192=LINE('',#15619,#3092);
#2193=LINE('',#15620,#3093);
#2194=LINE('',#15623,#3094);
#2195=LINE('',#15624,#3095);
#2196=LINE('',#15627,#3096);
#2197=LINE('',#15629,#3097);
#2198=LINE('',#15630,#3098);
#2199=LINE('',#15633,#3099);
#2200=LINE('',#15634,#3100);
#2201=LINE('',#15637,#3101);
#2202=LINE('',#15638,#3102);
#2203=LINE('',#15641,#3103);
#2204=LINE('',#15642,#3104);
#2205=LINE('',#15646,#3105);
#2206=LINE('',#15647,#3106);
#2207=LINE('',#15648,#3107);
#2208=LINE('',#15650,#3108);
#2209=LINE('',#15652,#3109);
#2210=LINE('',#15654,#3110);
#2211=LINE('',#15661,#3111);
#2212=LINE('',#15671,#3112);
#2213=LINE('',#15673,#3113);
#2214=LINE('',#15675,#3114);
#2215=LINE('',#15676,#3115);
#2216=LINE('',#15680,#3116);
#2217=LINE('',#15681,#3117);
#2218=LINE('',#15682,#3118);
#2219=LINE('',#15686,#3119);
#2220=LINE('',#15687,#3120);
#2221=LINE('',#15688,#3121);
#2222=LINE('',#15691,#3122);
#2223=LINE('',#15693,#3123);
#2224=LINE('',#15694,#3124);
#2225=LINE('',#15697,#3125);
#2226=LINE('',#15698,#3126);
#2227=LINE('',#15701,#3127);
#2228=LINE('',#15703,#3128);
#2229=LINE('',#15704,#3129);
#2230=LINE('',#15707,#3130);
#2231=LINE('',#15708,#3131);
#2232=LINE('',#15711,#3132);
#2233=LINE('',#15712,#3133);
#2234=LINE('',#15715,#3134);
#2235=LINE('',#15716,#3135);
#2236=LINE('',#15720,#3136);
#2237=LINE('',#15721,#3137);
#2238=LINE('',#15722,#3138);
#2239=LINE('',#15724,#3139);
#2240=LINE('',#15726,#3140);
#2241=LINE('',#15728,#3141);
#2242=LINE('',#15735,#3142);
#2243=LINE('',#15747,#3143);
#2244=LINE('',#15751,#3144);
#2245=LINE('',#15753,#3145);
#2246=LINE('',#15754,#3146);
#2247=LINE('',#15760,#3147);
#2248=LINE('',#15762,#3148);
#2249=LINE('',#15764,#3149);
#2250=LINE('',#15767,#3150);
#2251=LINE('',#15775,#3151);
#2252=LINE('',#15784,#3152);
#2253=LINE('',#15786,#3153);
#2254=LINE('',#15788,#3154);
#2255=LINE('',#15790,#3155);
#2256=LINE('',#15791,#3156);
#2257=LINE('',#15795,#3157);
#2258=LINE('',#15797,#3158);
#2259=LINE('',#15799,#3159);
#2260=LINE('',#15801,#3160);
#2261=LINE('',#15802,#3161);
#2262=LINE('',#15806,#3162);
#2263=LINE('',#15808,#3163);
#2264=LINE('',#15810,#3164);
#2265=LINE('',#15811,#3165);
#2266=LINE('',#15815,#3166);
#2267=LINE('',#15817,#3167);
#2268=LINE('',#15819,#3168);
#2269=LINE('',#15821,#3169);
#2270=LINE('',#15823,#3170);
#2271=LINE('',#15825,#3171);
#2272=LINE('',#15827,#3172);
#2273=LINE('',#15828,#3173);
#2274=LINE('',#15831,#3174);
#2275=LINE('',#15833,#3175);
#2276=LINE('',#15835,#3176);
#2277=LINE('',#15837,#3177);
#2278=LINE('',#15839,#3178);
#2279=LINE('',#15841,#3179);
#2280=LINE('',#15843,#3180);
#2281=LINE('',#15844,#3181);
#2282=LINE('',#15847,#3182);
#2283=LINE('',#15849,#3183);
#2284=LINE('',#15850,#3184);
#2285=LINE('',#15853,#3185);
#2286=LINE('',#15854,#3186);
#2287=LINE('',#15857,#3187);
#2288=LINE('',#15858,#3188);
#2289=LINE('',#15861,#3189);
#2290=LINE('',#15862,#3190);
#2291=LINE('',#15865,#3191);
#2292=LINE('',#15866,#3192);
#2293=LINE('',#15869,#3193);
#2294=LINE('',#15870,#3194);
#2295=LINE('',#15873,#3195);
#2296=LINE('',#15874,#3196);
#2297=LINE('',#15876,#3197);
#2298=LINE('',#15880,#3198);
#2299=LINE('',#15882,#3199);
#2300=LINE('',#15884,#3200);
#2301=LINE('',#15886,#3201);
#2302=LINE('',#15888,#3202);
#2303=LINE('',#15890,#3203);
#2304=LINE('',#15892,#3204);
#2305=LINE('',#15893,#3205);
#2306=LINE('',#15897,#3206);
#2307=LINE('',#15899,#3207);
#2308=LINE('',#15901,#3208);
#2309=LINE('',#15903,#3209);
#2310=LINE('',#15905,#3210);
#2311=LINE('',#15907,#3211);
#2312=LINE('',#15909,#3212);
#2313=LINE('',#15910,#3213);
#2314=LINE('',#15913,#3214);
#2315=LINE('',#15915,#3215);
#2316=LINE('',#15917,#3216);
#2317=LINE('',#15919,#3217);
#2318=LINE('',#15921,#3218);
#2319=LINE('',#15923,#3219);
#2320=LINE('',#15925,#3220);
#2321=LINE('',#15926,#3221);
#2322=LINE('',#15929,#3222);
#2323=LINE('',#15931,#3223);
#2324=LINE('',#15932,#3224);
#2325=LINE('',#15935,#3225);
#2326=LINE('',#15936,#3226);
#2327=LINE('',#15939,#3227);
#2328=LINE('',#15940,#3228);
#2329=LINE('',#15943,#3229);
#2330=LINE('',#15944,#3230);
#2331=LINE('',#15947,#3231);
#2332=LINE('',#15948,#3232);
#2333=LINE('',#15951,#3233);
#2334=LINE('',#15952,#3234);
#2335=LINE('',#15955,#3235);
#2336=LINE('',#15956,#3236);
#2337=LINE('',#15958,#3237);
#2338=LINE('',#15962,#3238);
#2339=LINE('',#15964,#3239);
#2340=LINE('',#15966,#3240);
#2341=LINE('',#15968,#3241);
#2342=LINE('',#15970,#3242);
#2343=LINE('',#15972,#3243);
#2344=LINE('',#15974,#3244);
#2345=LINE('',#15975,#3245);
#2346=LINE('',#15979,#3246);
#2347=LINE('',#15981,#3247);
#2348=LINE('',#15983,#3248);
#2349=LINE('',#15985,#3249);
#2350=LINE('',#15987,#3250);
#2351=LINE('',#15989,#3251);
#2352=LINE('',#15991,#3252);
#2353=LINE('',#15992,#3253);
#2354=LINE('',#15995,#3254);
#2355=LINE('',#15997,#3255);
#2356=LINE('',#15999,#3256);
#2357=LINE('',#16001,#3257);
#2358=LINE('',#16003,#3258);
#2359=LINE('',#16005,#3259);
#2360=LINE('',#16007,#3260);
#2361=LINE('',#16008,#3261);
#2362=LINE('',#16011,#3262);
#2363=LINE('',#16013,#3263);
#2364=LINE('',#16014,#3264);
#2365=LINE('',#16017,#3265);
#2366=LINE('',#16018,#3266);
#2367=LINE('',#16021,#3267);
#2368=LINE('',#16022,#3268);
#2369=LINE('',#16025,#3269);
#2370=LINE('',#16026,#3270);
#2371=LINE('',#16029,#3271);
#2372=LINE('',#16030,#3272);
#2373=LINE('',#16033,#3273);
#2374=LINE('',#16034,#3274);
#2375=LINE('',#16037,#3275);
#2376=LINE('',#16038,#3276);
#2377=LINE('',#16040,#3277);
#2378=LINE('',#16044,#3278);
#2379=LINE('',#16046,#3279);
#2380=LINE('',#16048,#3280);
#2381=LINE('',#16050,#3281);
#2382=LINE('',#16052,#3282);
#2383=LINE('',#16054,#3283);
#2384=LINE('',#16056,#3284);
#2385=LINE('',#16057,#3285);
#2386=LINE('',#16059,#3286);
#2387=LINE('',#16060,#3287);
#2388=LINE('',#16062,#3288);
#2389=LINE('',#16063,#3289);
#2390=LINE('',#16066,#3290);
#2391=LINE('',#16068,#3291);
#2392=LINE('',#16069,#3292);
#2393=LINE('',#16071,#3293);
#2394=LINE('',#16073,#3294);
#2395=LINE('',#16076,#3295);
#2396=LINE('',#16077,#3296);
#2397=LINE('',#16079,#3297);
#2398=LINE('',#16081,#3298);
#2399=LINE('',#16084,#3299);
#2400=LINE('',#16085,#3300);
#2401=LINE('',#16087,#3301);
#2402=LINE('',#16088,#3302);
#2403=LINE('',#16090,#3303);
#2404=LINE('',#16091,#3304);
#2405=LINE('',#16094,#3305);
#2406=LINE('',#16096,#3306);
#2407=LINE('',#16097,#3307);
#2408=LINE('',#16099,#3308);
#2409=LINE('',#16101,#3309);
#2410=LINE('',#16104,#3310);
#2411=LINE('',#16105,#3311);
#2412=LINE('',#16107,#3312);
#2413=LINE('',#16109,#3313);
#2414=LINE('',#16112,#3314);
#2415=LINE('',#16113,#3315);
#2416=LINE('',#16117,#3316);
#2417=LINE('',#16119,#3317);
#2418=LINE('',#16122,#3318);
#2419=LINE('',#16124,#3319);
#2420=LINE('',#16126,#3320);
#2421=LINE('',#16128,#3321);
#2422=LINE('',#16130,#3322);
#2423=LINE('',#16132,#3323);
#2424=LINE('',#16134,#3324);
#2425=LINE('',#16135,#3325);
#2426=LINE('',#16138,#3326);
#2427=LINE('',#16140,#3327);
#2428=LINE('',#16141,#3328);
#2429=LINE('',#16144,#3329);
#2430=LINE('',#16145,#3330);
#2431=LINE('',#16148,#3331);
#2432=LINE('',#16149,#3332);
#2433=LINE('',#16152,#3333);
#2434=LINE('',#16153,#3334);
#2435=LINE('',#16156,#3335);
#2436=LINE('',#16157,#3336);
#2437=LINE('',#16160,#3337);
#2438=LINE('',#16161,#3338);
#2439=LINE('',#16164,#3339);
#2440=LINE('',#16165,#3340);
#2441=LINE('',#16167,#3341);
#2442=LINE('',#16171,#3342);
#2443=LINE('',#16173,#3343);
#2444=LINE('',#16175,#3344);
#2445=LINE('',#16177,#3345);
#2446=LINE('',#16179,#3346);
#2447=LINE('',#16181,#3347);
#2448=LINE('',#16183,#3348);
#2449=LINE('',#16184,#3349);
#2450=LINE('',#16191,#3350);
#2451=LINE('',#16192,#3351);
#2452=LINE('',#16194,#3352);
#2453=LINE('',#16195,#3353);
#2454=LINE('',#16198,#3354);
#2455=LINE('',#16199,#3355);
#2456=LINE('',#16200,#3356);
#2457=LINE('',#16204,#3357);
#2458=LINE('',#16206,#3358);
#2459=LINE('',#16207,#3359);
#2460=LINE('',#16208,#3360);
#2461=LINE('',#16212,#3361);
#2462=LINE('',#16213,#3362);
#2463=LINE('',#16214,#3363);
#2464=LINE('',#16217,#3364);
#2465=LINE('',#16219,#3365);
#2466=LINE('',#16221,#3366);
#2467=LINE('',#16222,#3367);
#2468=LINE('',#16225,#3368);
#2469=LINE('',#16226,#3369);
#2470=LINE('',#16227,#3370);
#2471=LINE('',#16230,#3371);
#2472=LINE('',#16232,#3372);
#2473=LINE('',#16234,#3373);
#2474=LINE('',#16235,#3374);
#2475=LINE('',#16263,#3375);
#2476=LINE('',#16264,#3376);
#2477=LINE('',#16267,#3377);
#2478=LINE('',#16273,#3378);
#2479=LINE('',#16279,#3379);
#2480=LINE('',#16291,#3380);
#2481=LINE('',#16293,#3381);
#2482=LINE('',#16297,#3382);
#2483=LINE('',#16299,#3383);
#2484=LINE('',#16301,#3384);
#2485=LINE('',#16303,#3385);
#2486=LINE('',#16306,#3386);
#2487=LINE('',#16310,#3387);
#2488=LINE('',#16312,#3388);
#2489=LINE('',#16314,#3389);
#2490=LINE('',#16316,#3390);
#2491=LINE('',#16318,#3391);
#2492=LINE('',#16319,#3392);
#2493=LINE('',#16320,#3393);
#2494=LINE('',#16323,#3394);
#2495=LINE('',#16324,#3395);
#2496=LINE('',#16327,#3396);
#2497=LINE('',#16331,#3397);
#2498=LINE('',#16332,#3398);
#2499=LINE('',#16334,#3399);
#2500=LINE('',#16336,#3400);
#2501=LINE('',#16338,#3401);
#2502=LINE('',#16340,#3402);
#2503=LINE('',#16341,#3403);
#2504=LINE('',#16344,#3404);
#2505=LINE('',#16346,#3405);
#2506=LINE('',#16347,#3406);
#2507=LINE('',#16350,#3407);
#2508=LINE('',#16352,#3408);
#2509=LINE('',#16353,#3409);
#2510=LINE('',#16357,#3410);
#2511=LINE('',#16358,#3411);
#2512=LINE('',#16361,#3412);
#2513=LINE('',#16365,#3413);
#2514=LINE('',#16367,#3414);
#2515=LINE('',#16371,#3415);
#2516=LINE('',#16373,#3416);
#2517=LINE('',#16377,#3417);
#2518=LINE('',#16378,#3418);
#2519=LINE('',#16381,#3419);
#2520=LINE('',#16385,#3420);
#2521=LINE('',#16386,#3421);
#2522=LINE('',#16389,#3422);
#2523=LINE('',#16390,#3423);
#2524=LINE('',#16393,#3424);
#2525=LINE('',#16395,#3425);
#2526=LINE('',#16398,#3426);
#2527=LINE('',#16401,#3427);
#2528=LINE('',#16402,#3428);
#2529=LINE('',#16405,#3429);
#2530=LINE('',#16407,#3430);
#2531=LINE('',#16411,#3431);
#2532=LINE('',#16413,#3432);
#2533=LINE('',#16415,#3433);
#2534=LINE('',#16419,#3434);
#2535=LINE('',#16421,#3435);
#2536=LINE('',#16423,#3436);
#2537=LINE('',#16438,#3437);
#2538=LINE('',#16441,#3438);
#2539=LINE('',#16443,#3439);
#2540=LINE('',#16445,#3440);
#2541=LINE('',#16447,#3441);
#2542=LINE('',#16448,#3442);
#2543=LINE('',#16451,#3443);
#2544=LINE('',#16452,#3444);
#2545=LINE('',#16456,#3445);
#2546=LINE('',#16458,#3446);
#2547=LINE('',#16466,#3447);
#2548=LINE('',#16469,#3448);
#2549=LINE('',#16475,#3449);
#2550=LINE('',#16476,#3450);
#2551=LINE('',#16486,#3451);
#2552=LINE('',#16489,#3452);
#2553=LINE('',#16491,#3453);
#2554=LINE('',#16493,#3454);
#2555=LINE('',#16495,#3455);
#2556=LINE('',#16496,#3456);
#2557=LINE('',#16499,#3457);
#2558=LINE('',#16500,#3458);
#2559=LINE('',#16503,#3459);
#2560=LINE('',#16506,#3460);
#2561=LINE('',#16508,#3461);
#2562=LINE('',#16510,#3462);
#2563=LINE('',#16512,#3463);
#2564=LINE('',#16514,#3464);
#2565=LINE('',#16516,#3465);
#2566=LINE('',#16519,#3466);
#2567=LINE('',#16520,#3467);
#2568=LINE('',#16523,#3468);
#2569=LINE('',#16526,#3469);
#2570=LINE('',#16527,#3470);
#2571=LINE('',#16529,#3471);
#2572=LINE('',#16534,#3472);
#2573=LINE('',#16538,#3473);
#2574=LINE('',#16542,#3474);
#2575=LINE('',#16546,#3475);
#2576=LINE('',#16550,#3476);
#2577=LINE('',#16554,#3477);
#2578=LINE('',#16556,#3478);
#2579=LINE('',#16558,#3479);
#2580=LINE('',#16561,#3480);
#2581=LINE('',#16565,#3481);
#2582=LINE('',#16567,#3482);
#2583=LINE('',#16583,#3483);
#2584=LINE('',#16589,#3484);
#2585=LINE('',#16595,#3485);
#2586=LINE('',#16614,#3486);
#2587=LINE('',#16619,#3487);
#2588=LINE('',#16621,#3488);
#2589=LINE('',#16625,#3489);
#2590=LINE('',#16629,#3490);
#2591=LINE('',#16631,#3491);
#2592=LINE('',#16633,#3492);
#2593=LINE('',#16635,#3493);
#2594=LINE('',#16636,#3494);
#2595=LINE('',#16650,#3495);
#2596=LINE('',#16652,#3496);
#2597=LINE('',#16654,#3497);
#2598=LINE('',#16656,#3498);
#2599=LINE('',#16657,#3499);
#2600=LINE('',#16660,#3500);
#2601=LINE('',#16661,#3501);
#2602=LINE('',#16662,#3502);
#2603=LINE('',#16665,#3503);
#2604=LINE('',#16667,#3504);
#2605=LINE('',#16669,#3505);
#2606=LINE('',#16670,#3506);
#2607=LINE('',#16673,#3507);
#2608=LINE('',#16674,#3508);
#2609=LINE('',#16677,#3509);
#2610=LINE('',#16679,#3510);
#2611=LINE('',#16680,#3511);
#2612=LINE('',#16683,#3512);
#2613=LINE('',#16685,#3513);
#2614=LINE('',#16689,#3514);
#2615=LINE('',#16693,#3515);
#2616=LINE('',#16694,#3516);
#2617=LINE('',#16696,#3517);
#2618=LINE('',#16698,#3518);
#2619=LINE('',#16699,#3519);
#2620=LINE('',#16702,#3520);
#2621=LINE('',#16704,#3521);
#2622=LINE('',#16706,#3522);
#2623=LINE('',#16708,#3523);
#2624=LINE('',#16709,#3524);
#2625=LINE('',#16713,#3525);
#2626=LINE('',#16716,#3526);
#2627=LINE('',#16717,#3527);
#2628=LINE('',#16721,#3528);
#2629=LINE('',#16724,#3529);
#2630=LINE('',#16726,#3530);
#2631=LINE('',#16728,#3531);
#2632=LINE('',#16729,#3532);
#2633=LINE('',#16733,#3533);
#2634=LINE('',#16736,#3534);
#2635=LINE('',#16737,#3535);
#2636=LINE('',#16740,#3536);
#2637=LINE('',#16742,#3537);
#2638=LINE('',#16746,#3538);
#2639=LINE('',#16749,#3539);
#2640=LINE('',#16750,#3540);
#2641=LINE('',#16752,#3541);
#2642=LINE('',#16753,#3542);
#2643=LINE('',#16757,#3543);
#2644=LINE('',#16759,#3544);
#2645=LINE('',#16761,#3545);
#2646=LINE('',#16763,#3546);
#2647=LINE('',#16769,#3547);
#2648=LINE('',#17005,#3548);
#2649=LINE('',#17011,#3549);
#2650=LINE('',#17019,#3550);
#2651=LINE('',#17149,#3551);
#2652=LINE('',#17152,#3552);
#2653=LINE('',#17183,#3553);
#2654=LINE('',#17186,#3554);
#2655=LINE('',#17217,#3555);
#2656=LINE('',#17220,#3556);
#2657=LINE('',#17258,#3557);
#2658=LINE('',#17261,#3558);
#2659=LINE('',#17291,#3559);
#2660=LINE('',#17294,#3560);
#2661=LINE('',#17325,#3561);
#2662=LINE('',#17328,#3562);
#2663=LINE('',#17359,#3563);
#2664=LINE('',#17362,#3564);
#2665=LINE('',#17393,#3565);
#2666=LINE('',#17396,#3566);
#2667=LINE('',#17431,#3567);
#2668=LINE('',#17434,#3568);
#2669=LINE('',#17440,#3569);
#2670=LINE('',#17444,#3570);
#2671=LINE('',#17448,#3571);
#2672=LINE('',#17452,#3572);
#2673=LINE('',#17456,#3573);
#2674=LINE('',#17460,#3574);
#2675=LINE('',#17464,#3575);
#2676=LINE('',#17468,#3576);
#2677=LINE('',#17472,#3577);
#2678=LINE('',#17476,#3578);
#2679=LINE('',#17480,#3579);
#2680=LINE('',#17484,#3580);
#2681=LINE('',#17488,#3581);
#2682=LINE('',#17492,#3582);
#2683=LINE('',#17496,#3583);
#2684=LINE('',#17500,#3584);
#2685=LINE('',#17503,#3585);
#2686=LINE('',#17505,#3586);
#2687=LINE('',#17508,#3587);
#2688=LINE('',#17510,#3588);
#2689=LINE('',#17513,#3589);
#2690=LINE('',#17515,#3590);
#2691=LINE('',#17518,#3591);
#2692=LINE('',#17520,#3592);
#2693=LINE('',#17523,#3593);
#2694=LINE('',#17525,#3594);
#2695=LINE('',#17528,#3595);
#2696=LINE('',#17530,#3596);
#2697=LINE('',#17533,#3597);
#2698=LINE('',#17535,#3598);
#2699=LINE('',#17538,#3599);
#2700=LINE('',#17540,#3600);
#2701=LINE('',#17543,#3601);
#2702=LINE('',#17545,#3602);
#2703=LINE('',#17549,#3603);
#2704=LINE('',#17553,#3604);
#2705=LINE('',#17557,#3605);
#2706=LINE('',#17561,#3606);
#2707=LINE('',#17565,#3607);
#2708=LINE('',#17569,#3608);
#2709=LINE('',#17573,#3609);
#2710=LINE('',#17577,#3610);
#2711=LINE('',#17581,#3611);
#2712=LINE('',#17585,#3612);
#2713=LINE('',#17589,#3613);
#2714=LINE('',#17593,#3614);
#2715=LINE('',#17597,#3615);
#2716=LINE('',#17601,#3616);
#2717=LINE('',#17605,#3617);
#2718=LINE('',#17609,#3618);
#2719=LINE('',#17613,#3619);
#2720=LINE('',#17615,#3620);
#2721=LINE('',#17644,#3621);
#2722=LINE('',#17645,#3622);
#2723=LINE('',#17674,#3623);
#2724=LINE('',#17676,#3624);
#2725=LINE('',#17678,#3625);
#2726=LINE('',#17681,#3626);
#2727=LINE('',#17711,#3627);
#2728=LINE('',#17712,#3628);
#2729=LINE('',#17742,#3629);
#2730=LINE('',#17743,#3630);
#2731=LINE('',#17779,#3631);
#2732=LINE('',#17780,#3632);
#2733=LINE('',#17811,#3633);
#2734=LINE('',#17812,#3634);
#2735=LINE('',#17814,#3635);
#2736=LINE('',#17816,#3636);
#2737=LINE('',#17830,#3637);
#2738=LINE('',#17833,#3638);
#2739=LINE('',#17850,#3639);
#2740=LINE('',#17851,#3640);
#2741=LINE('',#17880,#3641);
#2742=LINE('',#17881,#3642);
#2743=LINE('',#17883,#3643);
#2744=LINE('',#17885,#3644);
#2745=LINE('',#17888,#3645);
#2746=LINE('',#17890,#3646);
#2747=LINE('',#17894,#3647);
#2748=LINE('',#17896,#3648);
#2749=LINE('',#17899,#3649);
#2750=LINE('',#17901,#3650);
#2751=LINE('',#17904,#3651);
#2752=LINE('',#17906,#3652);
#2753=LINE('',#17910,#3653);
#2754=LINE('',#17912,#3654);
#2755=LINE('',#17947,#3655);
#2756=LINE('',#17949,#3656);
#2757=LINE('',#17952,#3657);
#2758=LINE('',#17954,#3658);
#2759=LINE('',#17983,#3659);
#2760=LINE('',#17984,#3660);
#2761=LINE('',#17986,#3661);
#2762=LINE('',#17990,#3662);
#2763=LINE('',#18019,#3663);
#2764=LINE('',#18020,#3664);
#2765=LINE('',#18022,#3665);
#2766=LINE('',#18026,#3666);
#2767=LINE('',#18055,#3667);
#2768=LINE('',#18056,#3668);
#2769=LINE('',#18058,#3669);
#2770=LINE('',#18062,#3670);
#2771=LINE('',#18087,#3671);
#2772=LINE('',#18088,#3672);
#2773=LINE('',#18090,#3673);
#2774=LINE('',#18094,#3674);
#2775=LINE('',#18123,#3675);
#2776=LINE('',#18124,#3676);
#2777=LINE('',#18126,#3677);
#2778=LINE('',#18130,#3678);
#2779=LINE('',#18159,#3679);
#2780=LINE('',#18160,#3680);
#2781=LINE('',#18162,#3681);
#2782=LINE('',#18194,#3682);
#2783=LINE('',#18196,#3683);
#2784=LINE('',#18198,#3684);
#2785=LINE('',#18201,#3685);
#2786=LINE('',#18203,#3686);
#2787=LINE('',#18206,#3687);
#2788=LINE('',#18208,#3688);
#2789=LINE('',#18211,#3689);
#2790=LINE('',#18213,#3690);
#2791=LINE('',#18216,#3691);
#2792=LINE('',#18218,#3692);
#2793=LINE('',#18221,#3693);
#2794=LINE('',#18223,#3694);
#2795=LINE('',#18226,#3695);
#2796=LINE('',#18228,#3696);
#2797=LINE('',#18231,#3697);
#2798=LINE('',#18233,#3698);
#2799=LINE('',#18236,#3699);
#2800=LINE('',#18238,#3700);
#2801=LINE('',#18242,#3701);
#2802=LINE('',#18244,#3702);
#2803=LINE('',#18249,#3703);
#2804=LINE('',#18255,#3704);
#2805=LINE('',#18257,#3705);
#2806=LINE('',#18259,#3706);
#2807=LINE('',#18261,#3707);
#2808=LINE('',#18263,#3708);
#2809=LINE('',#18264,#3709);
#2810=LINE('',#18272,#3710);
#2811=LINE('',#18275,#3711);
#2812=LINE('',#18277,#3712);
#2813=LINE('',#18278,#3713);
#2814=LINE('',#18281,#3714);
#2815=LINE('',#18283,#3715);
#2816=LINE('',#18284,#3716);
#2817=LINE('',#18287,#3717);
#2818=LINE('',#18289,#3718);
#2819=LINE('',#18290,#3719);
#2820=LINE('',#18292,#3720);
#2821=LINE('',#18295,#3721);
#2822=LINE('',#18296,#3722);
#2823=LINE('',#18299,#3723);
#2824=LINE('',#18300,#3724);
#2825=LINE('',#18303,#3725);
#2826=LINE('',#18304,#3726);
#2827=LINE('',#18306,#3727);
#2828=LINE('',#18309,#3728);
#2829=LINE('',#18310,#3729);
#2830=LINE('',#18313,#3730);
#2831=LINE('',#18315,#3731);
#2832=LINE('',#18316,#3732);
#2833=LINE('',#18318,#3733);
#2834=LINE('',#18320,#3734);
#2835=LINE('',#18327,#3735);
#2836=LINE('',#18329,#3736);
#2837=LINE('',#18331,#3737);
#2838=LINE('',#18333,#3738);
#2839=LINE('',#18335,#3739);
#2840=LINE('',#18336,#3740);
#2841=LINE('',#18344,#3741);
#2842=LINE('',#18347,#3742);
#2843=LINE('',#18349,#3743);
#2844=LINE('',#18350,#3744);
#2845=LINE('',#18353,#3745);
#2846=LINE('',#18355,#3746);
#2847=LINE('',#18356,#3747);
#2848=LINE('',#18359,#3748);
#2849=LINE('',#18361,#3749);
#2850=LINE('',#18362,#3750);
#2851=LINE('',#18364,#3751);
#2852=LINE('',#18367,#3752);
#2853=LINE('',#18368,#3753);
#2854=LINE('',#18371,#3754);
#2855=LINE('',#18372,#3755);
#2856=LINE('',#18375,#3756);
#2857=LINE('',#18376,#3757);
#2858=LINE('',#18378,#3758);
#2859=LINE('',#18381,#3759);
#2860=LINE('',#18382,#3760);
#2861=LINE('',#18385,#3761);
#2862=LINE('',#18387,#3762);
#2863=LINE('',#18388,#3763);
#2864=LINE('',#18390,#3764);
#2865=LINE('',#18392,#3765);
#2866=LINE('',#18417,#3766);
#2867=LINE('',#18426,#3767);
#2868=LINE('',#18430,#3768);
#2869=LINE('',#18432,#3769);
#2870=LINE('',#18434,#3770);
#2871=LINE('',#18435,#3771);
#2872=LINE('',#18439,#3772);
#2873=LINE('',#18441,#3773);
#2874=LINE('',#18443,#3774);
#2875=LINE('',#18444,#3775);
#2876=LINE('',#18467,#3776);
#2877=LINE('',#18469,#3777);
#2878=LINE('',#18473,#3778);
#2879=LINE('',#18480,#3779);
#2880=LINE('',#18482,#3780);
#2881=LINE('',#18488,#3781);
#2882=LINE('',#18498,#3782);
#2883=LINE('',#18499,#3783);
#2884=LINE('',#18509,#3784);
#2885=LINE('',#18511,#3785);
#2886=LINE('',#18516,#3786);
#2887=LINE('',#18518,#3787);
#2888=LINE('',#18520,#3788);
#2889=LINE('',#18521,#3789);
#2890=LINE('',#18535,#3790);
#2891=LINE('',#18537,#3791);
#2892=LINE('',#18539,#3792);
#2893=LINE('',#18540,#3793);
#2894=LINE('',#18553,#3794);
#2895=LINE('',#18559,#3795);
#2896=LINE('',#18564,#3796);
#2897=LINE('',#18567,#3797);
#2898=LINE('',#18572,#3798);
#2899=LINE('',#18574,#3799);
#2900=LINE('',#18579,#3800);
#2901=LINE('',#18588,#3801);
#2902=LINE('',#18591,#3802);
#2903=LINE('',#18593,#3803);
#2904=LINE('',#18605,#3804);
#2905=LINE('',#18611,#3805);
#2906=VECTOR('',#11345,0.9);
#2907=VECTOR('',#11352,0.9);
#2908=VECTOR('',#11359,0.9);
#2909=VECTOR('',#11366,0.9);
#2910=VECTOR('',#11373,0.9);
#2911=VECTOR('',#11380,0.9);
#2912=VECTOR('',#11387,0.9);
#2913=VECTOR('',#11394,0.9);
#2914=VECTOR('',#11401,10.);
#2915=VECTOR('',#11408,5.);
#2916=VECTOR('',#11413,1000.);
#2917=VECTOR('',#11416,1000.);
#2918=VECTOR('',#11421,1000.);
#2919=VECTOR('',#11422,1000.);
#2920=VECTOR('',#11425,1000.);
#2921=VECTOR('',#11428,1000.);
#2922=VECTOR('',#11431,1000.);
#2923=VECTOR('',#11434,1000.);
#2924=VECTOR('',#11439,1000.);
#2925=VECTOR('',#11440,1000.);
#2926=VECTOR('',#11443,1000.);
#2927=VECTOR('',#11446,1000.);
#2928=VECTOR('',#11449,1000.);
#2929=VECTOR('',#11452,1000.);
#2930=VECTOR('',#11457,1000.);
#2931=VECTOR('',#11458,1000.);
#2932=VECTOR('',#11461,1000.);
#2933=VECTOR('',#11464,1000.);
#2934=VECTOR('',#11467,1000.);
#2935=VECTOR('',#11470,1000.);
#2936=VECTOR('',#11475,1000.);
#2937=VECTOR('',#11476,1000.);
#2938=VECTOR('',#11479,1000.);
#2939=VECTOR('',#11482,1000.);
#2940=VECTOR('',#11485,1000.);
#2941=VECTOR('',#11488,1000.);
#2942=VECTOR('',#11493,1000.);
#2943=VECTOR('',#11494,1000.);
#2944=VECTOR('',#11497,1000.);
#2945=VECTOR('',#11500,1000.);
#2946=VECTOR('',#11503,1000.);
#2947=VECTOR('',#11504,1000.);
#2948=VECTOR('',#11505,1000.);
#2949=VECTOR('',#11508,1000.);
#2950=VECTOR('',#11511,1000.);
#2951=VECTOR('',#11516,1000.);
#2952=VECTOR('',#11517,1000.);
#2953=VECTOR('',#11520,1000.);
#2954=VECTOR('',#11523,1000.);
#2955=VECTOR('',#11526,1000.);
#2956=VECTOR('',#11529,1000.);
#2957=VECTOR('',#11534,1000.);
#2958=VECTOR('',#11535,1000.);
#2959=VECTOR('',#11538,1000.);
#2960=VECTOR('',#11541,1000.);
#2961=VECTOR('',#11544,1000.);
#2962=VECTOR('',#11547,1000.);
#2963=VECTOR('',#11552,1000.);
#2964=VECTOR('',#11553,1000.);
#2965=VECTOR('',#11556,1000.);
#2966=VECTOR('',#11559,1000.);
#2967=VECTOR('',#11562,1000.);
#2968=VECTOR('',#11565,1000.);
#2969=VECTOR('',#11570,1000.);
#2970=VECTOR('',#11571,1000.);
#2971=VECTOR('',#11574,1000.);
#2972=VECTOR('',#11577,1000.);
#2973=VECTOR('',#11580,1000.);
#2974=VECTOR('',#11583,1000.);
#2975=VECTOR('',#11588,1000.);
#2976=VECTOR('',#11589,1000.);
#2977=VECTOR('',#11592,1000.);
#2978=VECTOR('',#11595,1000.);
#2979=VECTOR('',#11598,1000.);
#2980=VECTOR('',#11601,1000.);
#2981=VECTOR('',#11606,1000.);
#2982=VECTOR('',#11607,1000.);
#2983=VECTOR('',#11610,1000.);
#2984=VECTOR('',#11613,1000.);
#2985=VECTOR('',#11616,1000.);
#2986=VECTOR('',#11619,1000.);
#2987=VECTOR('',#11624,1000.);
#2988=VECTOR('',#11625,1000.);
#2989=VECTOR('',#11628,1000.);
#2990=VECTOR('',#11631,1000.);
#2991=VECTOR('',#11634,1000.);
#2992=VECTOR('',#11637,1000.);
#2993=VECTOR('',#11642,1000.);
#2994=VECTOR('',#11643,1000.);
#2995=VECTOR('',#11646,1000.);
#2996=VECTOR('',#11649,1000.);
#2997=VECTOR('',#11652,1000.);
#2998=VECTOR('',#11655,1000.);
#2999=VECTOR('',#11660,1000.);
#3000=VECTOR('',#11661,1000.);
#3001=VECTOR('',#11664,1000.);
#3002=VECTOR('',#11667,1000.);
#3003=VECTOR('',#11670,1000.);
#3004=VECTOR('',#11673,1000.);
#3005=VECTOR('',#11678,1000.);
#3006=VECTOR('',#11679,1000.);
#3007=VECTOR('',#11682,1000.);
#3008=VECTOR('',#11685,1000.);
#3009=VECTOR('',#11688,1000.);
#3010=VECTOR('',#11691,1000.);
#3011=VECTOR('',#11696,1000.);
#3012=VECTOR('',#11697,1000.);
#3013=VECTOR('',#11700,1000.);
#3014=VECTOR('',#11703,1000.);
#3015=VECTOR('',#11706,1000.);
#3016=VECTOR('',#11709,1000.);
#3017=VECTOR('',#11714,1000.);
#3018=VECTOR('',#11715,1000.);
#3019=VECTOR('',#11718,1000.);
#3020=VECTOR('',#11721,1000.);
#3021=VECTOR('',#11724,1000.);
#3022=VECTOR('',#11727,1000.);
#3023=VECTOR('',#11732,1000.);
#3024=VECTOR('',#11733,1000.);
#3025=VECTOR('',#11736,1000.);
#3026=VECTOR('',#11739,1000.);
#3027=VECTOR('',#11742,1000.);
#3028=VECTOR('',#11745,1000.);
#3029=VECTOR('',#11750,1000.);
#3030=VECTOR('',#11751,1000.);
#3031=VECTOR('',#11754,1000.);
#3032=VECTOR('',#11757,1000.);
#3033=VECTOR('',#11760,1000.);
#3034=VECTOR('',#11763,1000.);
#3035=VECTOR('',#11768,1000.);
#3036=VECTOR('',#11769,1000.);
#3037=VECTOR('',#11772,1000.);
#3038=VECTOR('',#11775,1000.);
#3039=VECTOR('',#11778,1000.);
#3040=VECTOR('',#11781,1000.);
#3041=VECTOR('',#11786,1000.);
#3042=VECTOR('',#11787,1000.);
#3043=VECTOR('',#11790,1000.);
#3044=VECTOR('',#11793,1000.);
#3045=VECTOR('',#11796,1000.);
#3046=VECTOR('',#11799,1000.);
#3047=VECTOR('',#11804,1000.);
#3048=VECTOR('',#11805,1000.);
#3049=VECTOR('',#11808,1000.);
#3050=VECTOR('',#11811,1000.);
#3051=VECTOR('',#11814,1000.);
#3052=VECTOR('',#11817,1000.);
#3053=VECTOR('',#11822,1000.);
#3054=VECTOR('',#11823,1000.);
#3055=VECTOR('',#11826,1000.);
#3056=VECTOR('',#11829,1000.);
#3057=VECTOR('',#11832,1000.);
#3058=VECTOR('',#11835,1000.);
#3059=VECTOR('',#11840,1000.);
#3060=VECTOR('',#11841,1000.);
#3061=VECTOR('',#11844,1000.);
#3062=VECTOR('',#11847,1000.);
#3063=VECTOR('',#11874,2.792347423807);
#3064=VECTOR('',#11907,1000.);
#3065=VECTOR('',#11910,1000.);
#3066=VECTOR('',#11911,1000.);
#3067=VECTOR('',#11922,3.);
#3068=VECTOR('',#11929,1.6);
#3069=VECTOR('',#11946,3.299987762245);
#3070=VECTOR('',#11955,0.899999999999999);
#3071=VECTOR('',#11962,0.899999999999999);
#3072=VECTOR('',#11969,0.899999999999999);
#3073=VECTOR('',#11976,0.899999999999999);
#3074=VECTOR('',#11983,0.900000000000001);
#3075=VECTOR('',#11990,0.900000000000001);
#3076=VECTOR('',#11997,0.9);
#3077=VECTOR('',#12004,0.9);
#3078=VECTOR('',#12011,10.);
#3079=VECTOR('',#12018,5.);
#3080=VECTOR('',#12025,3.05);
#3081=VECTOR('',#12062,1000.);
#3082=VECTOR('',#12063,1000.);
#3083=VECTOR('',#12064,1000.);
#3084=VECTOR('',#12065,1000.);
#3085=VECTOR('',#12068,1000.);
#3086=VECTOR('',#12069,1000.);
#3087=VECTOR('',#12070,1000.);
#3088=VECTOR('',#12073,1000.);
#3089=VECTOR('',#12074,1000.);
#3090=VECTOR('',#12075,1000.);
#3091=VECTOR('',#12078,1000.);
#3092=VECTOR('',#12079,1000.);
#3093=VECTOR('',#12080,1000.);
#3094=VECTOR('',#12083,1000.);
#3095=VECTOR('',#12084,1000.);
#3096=VECTOR('',#12087,1000.);
#3097=VECTOR('',#12088,1000.);
#3098=VECTOR('',#12089,1000.);
#3099=VECTOR('',#12092,1000.);
#3100=VECTOR('',#12093,1000.);
#3101=VECTOR('',#12096,1000.);
#3102=VECTOR('',#12097,1000.);
#3103=VECTOR('',#12100,1000.);
#3104=VECTOR('',#12101,1000.);
#3105=VECTOR('',#12104,1000.);
#3106=VECTOR('',#12105,1000.);
#3107=VECTOR('',#12106,1000.);
#3108=VECTOR('',#12109,1000.);
#3109=VECTOR('',#12112,1000.);
#3110=VECTOR('',#12115,1000.);
#3111=VECTOR('',#12122,1.75);
#3112=VECTOR('',#12135,1000.);
#3113=VECTOR('',#12136,1000.);
#3114=VECTOR('',#12137,1000.);
#3115=VECTOR('',#12138,1000.);
#3116=VECTOR('',#12141,1000.);
#3117=VECTOR('',#12142,1000.);
#3118=VECTOR('',#12143,1000.);
#3119=VECTOR('',#12146,1000.);
#3120=VECTOR('',#12147,1000.);
#3121=VECTOR('',#12148,1000.);
#3122=VECTOR('',#12151,1000.);
#3123=VECTOR('',#12152,1000.);
#3124=VECTOR('',#12153,1000.);
#3125=VECTOR('',#12156,1000.);
#3126=VECTOR('',#12157,1000.);
#3127=VECTOR('',#12160,1000.);
#3128=VECTOR('',#12161,1000.);
#3129=VECTOR('',#12162,1000.);
#3130=VECTOR('',#12165,1000.);
#3131=VECTOR('',#12166,1000.);
#3132=VECTOR('',#12169,1000.);
#3133=VECTOR('',#12170,1000.);
#3134=VECTOR('',#12173,1000.);
#3135=VECTOR('',#12174,1000.);
#3136=VECTOR('',#12177,1000.);
#3137=VECTOR('',#12178,1000.);
#3138=VECTOR('',#12179,1000.);
#3139=VECTOR('',#12182,1000.);
#3140=VECTOR('',#12185,1000.);
#3141=VECTOR('',#12188,1000.);
#3142=VECTOR('',#12195,1.75);
#3143=VECTOR('',#12210,1000.);
#3144=VECTOR('',#12213,10.);
#3145=VECTOR('',#12214,10.);
#3146=VECTOR('',#12215,10.);
#3147=VECTOR('',#12220,10.);
#3148=VECTOR('',#12221,10.);
#3149=VECTOR('',#12222,10.);
#3150=VECTOR('',#12225,1000.);
#3151=VECTOR('',#12228,1000.);
#3152=VECTOR('',#12233,1000.);
#3153=VECTOR('',#12234,10.);
#3154=VECTOR('',#12235,1000.);
#3155=VECTOR('',#12236,1000.);
#3156=VECTOR('',#12237,10.);
#3157=VECTOR('',#12240,1000.);
#3158=VECTOR('',#12241,10.);
#3159=VECTOR('',#12242,1000.);
#3160=VECTOR('',#12243,1000.);
#3161=VECTOR('',#12244,10.);
#3162=VECTOR('',#12247,1000.);
#3163=VECTOR('',#12248,1000.);
#3164=VECTOR('',#12249,1000.);
#3165=VECTOR('',#12250,1000.);
#3166=VECTOR('',#12253,1000.);
#3167=VECTOR('',#12254,1000.);
#3168=VECTOR('',#12255,1000.);
#3169=VECTOR('',#12256,1000.);
#3170=VECTOR('',#12257,1000.);
#3171=VECTOR('',#12258,1000.);
#3172=VECTOR('',#12259,1000.);
#3173=VECTOR('',#12260,1000.);
#3174=VECTOR('',#12261,1000.);
#3175=VECTOR('',#12262,1000.);
#3176=VECTOR('',#12263,1000.);
#3177=VECTOR('',#12264,1000.);
#3178=VECTOR('',#12265,1000.);
#3179=VECTOR('',#12266,1000.);
#3180=VECTOR('',#12267,1000.);
#3181=VECTOR('',#12268,1000.);
#3182=VECTOR('',#12271,1000.);
#3183=VECTOR('',#12272,1000.);
#3184=VECTOR('',#12273,1000.);
#3185=VECTOR('',#12276,1000.);
#3186=VECTOR('',#12277,1000.);
#3187=VECTOR('',#12280,1000.);
#3188=VECTOR('',#12281,1000.);
#3189=VECTOR('',#12284,1000.);
#3190=VECTOR('',#12285,1000.);
#3191=VECTOR('',#12288,1000.);
#3192=VECTOR('',#12289,1000.);
#3193=VECTOR('',#12292,1000.);
#3194=VECTOR('',#12293,1000.);
#3195=VECTOR('',#12296,1000.);
#3196=VECTOR('',#12297,1000.);
#3197=VECTOR('',#12300,1000.);
#3198=VECTOR('',#12303,1000.);
#3199=VECTOR('',#12304,1000.);
#3200=VECTOR('',#12305,1000.);
#3201=VECTOR('',#12306,1000.);
#3202=VECTOR('',#12307,1000.);
#3203=VECTOR('',#12308,1000.);
#3204=VECTOR('',#12309,1000.);
#3205=VECTOR('',#12310,1000.);
#3206=VECTOR('',#12313,1000.);
#3207=VECTOR('',#12314,1000.);
#3208=VECTOR('',#12315,1000.);
#3209=VECTOR('',#12316,1000.);
#3210=VECTOR('',#12317,1000.);
#3211=VECTOR('',#12318,1000.);
#3212=VECTOR('',#12319,1000.);
#3213=VECTOR('',#12320,1000.);
#3214=VECTOR('',#12321,1000.);
#3215=VECTOR('',#12322,1000.);
#3216=VECTOR('',#12323,1000.);
#3217=VECTOR('',#12324,1000.);
#3218=VECTOR('',#12325,1000.);
#3219=VECTOR('',#12326,1000.);
#3220=VECTOR('',#12327,1000.);
#3221=VECTOR('',#12328,1000.);
#3222=VECTOR('',#12331,1000.);
#3223=VECTOR('',#12332,1000.);
#3224=VECTOR('',#12333,1000.);
#3225=VECTOR('',#12336,1000.);
#3226=VECTOR('',#12337,1000.);
#3227=VECTOR('',#12340,1000.);
#3228=VECTOR('',#12341,1000.);
#3229=VECTOR('',#12344,1000.);
#3230=VECTOR('',#12345,1000.);
#3231=VECTOR('',#12348,1000.);
#3232=VECTOR('',#12349,1000.);
#3233=VECTOR('',#12352,1000.);
#3234=VECTOR('',#12353,1000.);
#3235=VECTOR('',#12356,1000.);
#3236=VECTOR('',#12357,1000.);
#3237=VECTOR('',#12360,1000.);
#3238=VECTOR('',#12363,1000.);
#3239=VECTOR('',#12364,1000.);
#3240=VECTOR('',#12365,1000.);
#3241=VECTOR('',#12366,1000.);
#3242=VECTOR('',#12367,1000.);
#3243=VECTOR('',#12368,1000.);
#3244=VECTOR('',#12369,1000.);
#3245=VECTOR('',#12370,1000.);
#3246=VECTOR('',#12373,1000.);
#3247=VECTOR('',#12374,1000.);
#3248=VECTOR('',#12375,1000.);
#3249=VECTOR('',#12376,1000.);
#3250=VECTOR('',#12377,1000.);
#3251=VECTOR('',#12378,1000.);
#3252=VECTOR('',#12379,1000.);
#3253=VECTOR('',#12380,1000.);
#3254=VECTOR('',#12381,1000.);
#3255=VECTOR('',#12382,1000.);
#3256=VECTOR('',#12383,1000.);
#3257=VECTOR('',#12384,1000.);
#3258=VECTOR('',#12385,1000.);
#3259=VECTOR('',#12386,1000.);
#3260=VECTOR('',#12387,1000.);
#3261=VECTOR('',#12388,1000.);
#3262=VECTOR('',#12391,1000.);
#3263=VECTOR('',#12392,1000.);
#3264=VECTOR('',#12393,1000.);
#3265=VECTOR('',#12396,1000.);
#3266=VECTOR('',#12397,1000.);
#3267=VECTOR('',#12400,1000.);
#3268=VECTOR('',#12401,1000.);
#3269=VECTOR('',#12404,1000.);
#3270=VECTOR('',#12405,1000.);
#3271=VECTOR('',#12408,1000.);
#3272=VECTOR('',#12409,1000.);
#3273=VECTOR('',#12412,1000.);
#3274=VECTOR('',#12413,1000.);
#3275=VECTOR('',#12416,1000.);
#3276=VECTOR('',#12417,1000.);
#3277=VECTOR('',#12420,1000.);
#3278=VECTOR('',#12423,1000.);
#3279=VECTOR('',#12424,1000.);
#3280=VECTOR('',#12425,1000.);
#3281=VECTOR('',#12426,1000.);
#3282=VECTOR('',#12427,1000.);
#3283=VECTOR('',#12428,1000.);
#3284=VECTOR('',#12429,1000.);
#3285=VECTOR('',#12430,1000.);
#3286=VECTOR('',#12433,1000.);
#3287=VECTOR('',#12434,1000.);
#3288=VECTOR('',#12437,1000.);
#3289=VECTOR('',#12438,1000.);
#3290=VECTOR('',#12441,1000.);
#3291=VECTOR('',#12442,1000.);
#3292=VECTOR('',#12443,1000.);
#3293=VECTOR('',#12446,1000.);
#3294=VECTOR('',#12449,1000.);
#3295=VECTOR('',#12452,1000.);
#3296=VECTOR('',#12453,1000.);
#3297=VECTOR('',#12456,1000.);
#3298=VECTOR('',#12459,1000.);
#3299=VECTOR('',#12462,1000.);
#3300=VECTOR('',#12463,1000.);
#3301=VECTOR('',#12466,1000.);
#3302=VECTOR('',#12467,1000.);
#3303=VECTOR('',#12470,1000.);
#3304=VECTOR('',#12471,1000.);
#3305=VECTOR('',#12474,1000.);
#3306=VECTOR('',#12475,1000.);
#3307=VECTOR('',#12476,1000.);
#3308=VECTOR('',#12479,1000.);
#3309=VECTOR('',#12482,1000.);
#3310=VECTOR('',#12485,1000.);
#3311=VECTOR('',#12486,1000.);
#3312=VECTOR('',#12489,1000.);
#3313=VECTOR('',#12492,1000.);
#3314=VECTOR('',#12495,1000.);
#3315=VECTOR('',#12496,1000.);
#3316=VECTOR('',#12503,1000.);
#3317=VECTOR('',#12506,1000.);
#3318=VECTOR('',#12507,1000.);
#3319=VECTOR('',#12508,1000.);
#3320=VECTOR('',#12509,1000.);
#3321=VECTOR('',#12510,1000.);
#3322=VECTOR('',#12511,1000.);
#3323=VECTOR('',#12512,1000.);
#3324=VECTOR('',#12513,1000.);
#3325=VECTOR('',#12514,1000.);
#3326=VECTOR('',#12517,1000.);
#3327=VECTOR('',#12518,1000.);
#3328=VECTOR('',#12519,1000.);
#3329=VECTOR('',#12522,1000.);
#3330=VECTOR('',#12523,1000.);
#3331=VECTOR('',#12526,1000.);
#3332=VECTOR('',#12527,1000.);
#3333=VECTOR('',#12530,1000.);
#3334=VECTOR('',#12531,1000.);
#3335=VECTOR('',#12534,1000.);
#3336=VECTOR('',#12535,1000.);
#3337=VECTOR('',#12538,1000.);
#3338=VECTOR('',#12539,1000.);
#3339=VECTOR('',#12542,1000.);
#3340=VECTOR('',#12543,1000.);
#3341=VECTOR('',#12546,1000.);
#3342=VECTOR('',#12549,1000.);
#3343=VECTOR('',#12550,1000.);
#3344=VECTOR('',#12551,1000.);
#3345=VECTOR('',#12552,1000.);
#3346=VECTOR('',#12553,1000.);
#3347=VECTOR('',#12554,1000.);
#3348=VECTOR('',#12555,1000.);
#3349=VECTOR('',#12556,1000.);
#3350=VECTOR('',#12565,1000.);
#3351=VECTOR('',#12566,10.);
#3352=VECTOR('',#12567,10.);
#3353=VECTOR('',#12568,1000.);
#3354=VECTOR('',#12571,10.);
#3355=VECTOR('',#12572,1000.);
#3356=VECTOR('',#12573,1000.);
#3357=VECTOR('',#12576,1000.);
#3358=VECTOR('',#12577,1000.);
#3359=VECTOR('',#12578,10.);
#3360=VECTOR('',#12579,1000.);
#3361=VECTOR('',#12582,1000.);
#3362=VECTOR('',#12583,1000.);
#3363=VECTOR('',#12584,1000.);
#3364=VECTOR('',#12587,1000.);
#3365=VECTOR('',#12588,10.);
#3366=VECTOR('',#12589,1000.);
#3367=VECTOR('',#12590,1000.);
#3368=VECTOR('',#12593,10.);
#3369=VECTOR('',#12594,1000.);
#3370=VECTOR('',#12595,1000.);
#3371=VECTOR('',#12598,10.);
#3372=VECTOR('',#12599,1000.);
#3373=VECTOR('',#12600,10.);
#3374=VECTOR('',#12601,1000.);
#3375=VECTOR('',#12616,10.);
#3376=VECTOR('',#12617,10.);
#3377=VECTOR('',#12620,10.);
#3378=VECTOR('',#12623,10.);
#3379=VECTOR('',#12624,10.);
#3380=VECTOR('',#12631,10.);
#3381=VECTOR('',#12634,10.);
#3382=VECTOR('',#12637,10.);
#3383=VECTOR('',#12638,10.);
#3384=VECTOR('',#12639,10.);
#3385=VECTOR('',#12640,10.);
#3386=VECTOR('',#12643,10.);
#3387=VECTOR('',#12648,10.);
#3388=VECTOR('',#12649,10.);
#3389=VECTOR('',#12650,10.);
#3390=VECTOR('',#12651,10.);
#3391=VECTOR('',#12652,10.);
#3392=VECTOR('',#12653,10.);
#3393=VECTOR('',#12654,10.);
#3394=VECTOR('',#12657,10.);
#3395=VECTOR('',#12658,10.);
#3396=VECTOR('',#12661,10.);
#3397=VECTOR('',#12666,10.);
#3398=VECTOR('',#12667,10.);
#3399=VECTOR('',#12670,10.);
#3400=VECTOR('',#12671,10.);
#3401=VECTOR('',#12672,10.);
#3402=VECTOR('',#12673,10.);
#3403=VECTOR('',#12674,10.);
#3404=VECTOR('',#12677,10.);
#3405=VECTOR('',#12678,10.);
#3406=VECTOR('',#12679,10.);
#3407=VECTOR('',#12682,10.);
#3408=VECTOR('',#12683,10.);
#3409=VECTOR('',#12684,10.);
#3410=VECTOR('',#12687,10.);
#3411=VECTOR('',#12688,10.);
#3412=VECTOR('',#12691,10.);
#3413=VECTOR('',#12696,10.);
#3414=VECTOR('',#12699,10.);
#3415=VECTOR('',#12702,10.);
#3416=VECTOR('',#12705,10.);
#3417=VECTOR('',#12710,10.);
#3418=VECTOR('',#12711,10.);
#3419=VECTOR('',#12714,10.);
#3420=VECTOR('',#12719,10.);
#3421=VECTOR('',#12720,10.);
#3422=VECTOR('',#12723,10.);
#3423=VECTOR('',#12724,10.);
#3424=VECTOR('',#12727,10.);
#3425=VECTOR('',#12728,10.);
#3426=VECTOR('',#12731,10.);
#3427=VECTOR('',#12734,10.);
#3428=VECTOR('',#12735,10.);
#3429=VECTOR('',#12738,10.);
#3430=VECTOR('',#12739,10.);
#3431=VECTOR('',#12742,10.);
#3432=VECTOR('',#12743,10.);
#3433=VECTOR('',#12744,10.);
#3434=VECTOR('',#12747,10.);
#3435=VECTOR('',#12748,10.);
#3436=VECTOR('',#12749,10.);
#3437=VECTOR('',#12766,10.);
#3438=VECTOR('',#12769,1000.);
#3439=VECTOR('',#12770,10.);
#3440=VECTOR('',#12771,10.);
#3441=VECTOR('',#12772,10.);
#3442=VECTOR('',#12773,10.);
#3443=VECTOR('',#12776,10.);
#3444=VECTOR('',#12777,10.);
#3445=VECTOR('',#12784,10.);
#3446=VECTOR('',#12787,10.);
#3447=VECTOR('',#12794,10.);
#3448=VECTOR('',#12797,10.);
#3449=VECTOR('',#12800,10.);
#3450=VECTOR('',#12801,10.);
#3451=VECTOR('',#12806,10.);
#3452=VECTOR('',#12809,1000.);
#3453=VECTOR('',#12810,10.);
#3454=VECTOR('',#12811,10.);
#3455=VECTOR('',#12812,10.);
#3456=VECTOR('',#12813,10.);
#3457=VECTOR('',#12816,10.);
#3458=VECTOR('',#12817,10.);
#3459=VECTOR('',#12820,10.);
#3460=VECTOR('',#12825,10.);
#3461=VECTOR('',#12828,10.);
#3462=VECTOR('',#12831,10.);
#3463=VECTOR('',#12834,10.);
#3464=VECTOR('',#12837,10.);
#3465=VECTOR('',#12840,10.);
#3466=VECTOR('',#12843,10.);
#3467=VECTOR('',#12844,10.);
#3468=VECTOR('',#12847,10.);
#3469=VECTOR('',#12852,10.);
#3470=VECTOR('',#12853,10.);
#3471=VECTOR('',#12856,10.);
#3472=VECTOR('',#12863,0.750000000000001);
#3473=VECTOR('',#12868,0.750000000000001);
#3474=VECTOR('',#12873,0.750000000000001);
#3475=VECTOR('',#12878,6.05);
#3476=VECTOR('',#12883,0.75);
#3477=VECTOR('',#12888,0.75);
#3478=VECTOR('',#12891,10.);
#3479=VECTOR('',#12892,10.);
#3480=VECTOR('',#12895,10.);
#3481=VECTOR('',#12902,10.);
#3482=VECTOR('',#12905,10.);
#3483=VECTOR('',#12928,1.5);
#3484=VECTOR('',#12935,4.599989689309);
#3485=VECTOR('',#12942,6.899999315184);
#3486=VECTOR('',#12967,0.750000000000001);
#3487=VECTOR('',#12972,1000.);
#3488=VECTOR('',#12973,1000.);
#3489=VECTOR('',#12976,1000.);
#3490=VECTOR('',#12979,1000.);
#3491=VECTOR('',#12980,1000.);
#3492=VECTOR('',#12981,1000.);
#3493=VECTOR('',#12982,1000.);
#3494=VECTOR('',#12983,1000.);
#3495=VECTOR('',#12998,1000.);
#3496=VECTOR('',#12999,1000.);
#3497=VECTOR('',#13000,1000.);
#3498=VECTOR('',#13001,1000.);
#3499=VECTOR('',#13002,1000.);
#3500=VECTOR('',#13005,1000.);
#3501=VECTOR('',#13006,1000.);
#3502=VECTOR('',#13007,1000.);
#3503=VECTOR('',#13010,1000.);
#3504=VECTOR('',#13011,1000.);
#3505=VECTOR('',#13012,1000.);
#3506=VECTOR('',#13013,1000.);
#3507=VECTOR('',#13016,1000.);
#3508=VECTOR('',#13017,1000.);
#3509=VECTOR('',#13020,1000.);
#3510=VECTOR('',#13021,1000.);
#3511=VECTOR('',#13022,1000.);
#3512=VECTOR('',#13025,1000.);
#3513=VECTOR('',#13026,1000.);
#3514=VECTOR('',#13029,1000.);
#3515=VECTOR('',#13032,1000.);
#3516=VECTOR('',#13033,1000.);
#3517=VECTOR('',#13036,1000.);
#3518=VECTOR('',#13039,1000.);
#3519=VECTOR('',#13040,1000.);
#3520=VECTOR('',#13043,1000.);
#3521=VECTOR('',#13044,1000.);
#3522=VECTOR('',#13045,1000.);
#3523=VECTOR('',#13046,1000.);
#3524=VECTOR('',#13047,1000.);
#3525=VECTOR('',#13052,1000.);
#3526=VECTOR('',#13055,1000.);
#3527=VECTOR('',#13056,1000.);
#3528=VECTOR('',#13061,1000.);
#3529=VECTOR('',#13064,1000.);
#3530=VECTOR('',#13065,1000.);
#3531=VECTOR('',#13066,1000.);
#3532=VECTOR('',#13067,1000.);
#3533=VECTOR('',#13072,1000.);
#3534=VECTOR('',#13075,1000.);
#3535=VECTOR('',#13076,1000.);
#3536=VECTOR('',#13081,1000.);
#3537=VECTOR('',#13084,1000.);
#3538=VECTOR('',#13091,1000.);
#3539=VECTOR('',#13094,1000.);
#3540=VECTOR('',#13095,1000.);
#3541=VECTOR('',#13098,1000.);
#3542=VECTOR('',#13099,1000.);
#3543=VECTOR('',#13106,0.750000000000001);
#3544=VECTOR('',#13109,0.750000000000001);
#3545=VECTOR('',#13112,0.75);
#3546=VECTOR('',#13115,0.75);
#3547=VECTOR('',#13122,5.999996317445);
#3548=VECTOR('',#13137,2.975);
#3549=VECTOR('',#13146,2.587485781237);
#3550=VECTOR('',#13155,1.5);
#3551=VECTOR('',#13268,1000.);
#3552=VECTOR('',#13271,1000.);
#3553=VECTOR('',#13282,1000.);
#3554=VECTOR('',#13285,1000.);
#3555=VECTOR('',#13296,1000.);
#3556=VECTOR('',#13299,1000.);
#3557=VECTOR('',#13308,1000.);
#3558=VECTOR('',#13311,1000.);
#3559=VECTOR('',#13320,1000.);
#3560=VECTOR('',#13323,1000.);
#3561=VECTOR('',#13334,1000.);
#3562=VECTOR('',#13337,1000.);
#3563=VECTOR('',#13348,1000.);
#3564=VECTOR('',#13351,1000.);
#3565=VECTOR('',#13362,1000.);
#3566=VECTOR('',#13365,1000.);
#3567=VECTOR('',#13376,1000.);
#3568=VECTOR('',#13379,1000.);
#3569=VECTOR('',#13384,1000.);
#3570=VECTOR('',#13387,1000.);
#3571=VECTOR('',#13390,1000.);
#3572=VECTOR('',#13393,1000.);
#3573=VECTOR('',#13396,1000.);
#3574=VECTOR('',#13399,1000.);
#3575=VECTOR('',#13402,1000.);
#3576=VECTOR('',#13405,1000.);
#3577=VECTOR('',#13408,1000.);
#3578=VECTOR('',#13411,1000.);
#3579=VECTOR('',#13414,1000.);
#3580=VECTOR('',#13417,1000.);
#3581=VECTOR('',#13420,1000.);
#3582=VECTOR('',#13423,1000.);
#3583=VECTOR('',#13426,1000.);
#3584=VECTOR('',#13429,1000.);
#3585=VECTOR('',#13432,1000.);
#3586=VECTOR('',#13433,1000.);
#3587=VECTOR('',#13436,1000.);
#3588=VECTOR('',#13437,1000.);
#3589=VECTOR('',#13440,1000.);
#3590=VECTOR('',#13441,1000.);
#3591=VECTOR('',#13444,1000.);
#3592=VECTOR('',#13445,1000.);
#3593=VECTOR('',#13448,1000.);
#3594=VECTOR('',#13449,1000.);
#3595=VECTOR('',#13452,1000.);
#3596=VECTOR('',#13453,1000.);
#3597=VECTOR('',#13456,1000.);
#3598=VECTOR('',#13457,1000.);
#3599=VECTOR('',#13460,1000.);
#3600=VECTOR('',#13461,1000.);
#3601=VECTOR('',#13464,1000.);
#3602=VECTOR('',#13465,1000.);
#3603=VECTOR('',#13468,1000.);
#3604=VECTOR('',#13471,1000.);
#3605=VECTOR('',#13474,1000.);
#3606=VECTOR('',#13477,1000.);
#3607=VECTOR('',#13480,1000.);
#3608=VECTOR('',#13483,1000.);
#3609=VECTOR('',#13486,1000.);
#3610=VECTOR('',#13489,1000.);
#3611=VECTOR('',#13492,1000.);
#3612=VECTOR('',#13495,1000.);
#3613=VECTOR('',#13498,1000.);
#3614=VECTOR('',#13501,1000.);
#3615=VECTOR('',#13504,1000.);
#3616=VECTOR('',#13507,1000.);
#3617=VECTOR('',#13510,1000.);
#3618=VECTOR('',#13513,1000.);
#3619=VECTOR('',#13518,1000.);
#3620=VECTOR('',#13519,1000.);
#3621=VECTOR('',#13530,1000.);
#3622=VECTOR('',#13531,1000.);
#3623=VECTOR('',#13542,1000.);
#3624=VECTOR('',#13545,1000.);
#3625=VECTOR('',#13548,1000.);
#3626=VECTOR('',#13551,1000.);
#3627=VECTOR('',#13562,1000.);
#3628=VECTOR('',#13563,1000.);
#3629=VECTOR('',#13574,1000.);
#3630=VECTOR('',#13575,1000.);
#3631=VECTOR('',#13582,1000.);
#3632=VECTOR('',#13583,1000.);
#3633=VECTOR('',#13596,1000.);
#3634=VECTOR('',#13597,1000.);
#3635=VECTOR('',#13600,1000.);
#3636=VECTOR('',#13603,1000.);
#3637=VECTOR('',#13608,1000.);
#3638=VECTOR('',#13611,1000.);
#3639=VECTOR('',#13620,1000.);
#3640=VECTOR('',#13621,1000.);
#3641=VECTOR('',#13632,1000.);
#3642=VECTOR('',#13633,1000.);
#3643=VECTOR('',#13636,1000.);
#3644=VECTOR('',#13639,1000.);
#3645=VECTOR('',#13644,1000.);
#3646=VECTOR('',#13647,1000.);
#3647=VECTOR('',#13654,1000.);
#3648=VECTOR('',#13657,1000.);
#3649=VECTOR('',#13662,1000.);
#3650=VECTOR('',#13665,1000.);
#3651=VECTOR('',#13670,1000.);
#3652=VECTOR('',#13673,1000.);
#3653=VECTOR('',#13680,1000.);
#3654=VECTOR('',#13681,1000.);
#3655=VECTOR('',#13688,1000.);
#3656=VECTOR('',#13689,1000.);
#3657=VECTOR('',#13694,1000.);
#3658=VECTOR('',#13697,1000.);
#3659=VECTOR('',#13708,1000.);
#3660=VECTOR('',#13709,1000.);
#3661=VECTOR('',#13712,1000.);
#3662=VECTOR('',#13717,1000.);
#3663=VECTOR('',#13728,1000.);
#3664=VECTOR('',#13729,1000.);
#3665=VECTOR('',#13732,1000.);
#3666=VECTOR('',#13737,1000.);
#3667=VECTOR('',#13748,1000.);
#3668=VECTOR('',#13749,1000.);
#3669=VECTOR('',#13752,1000.);
#3670=VECTOR('',#13757,1000.);
#3671=VECTOR('',#13766,1000.);
#3672=VECTOR('',#13767,1000.);
#3673=VECTOR('',#13770,1000.);
#3674=VECTOR('',#13775,1000.);
#3675=VECTOR('',#13786,1000.);
#3676=VECTOR('',#13787,1000.);
#3677=VECTOR('',#13790,1000.);
#3678=VECTOR('',#13795,1000.);
#3679=VECTOR('',#13806,1000.);
#3680=VECTOR('',#13807,1000.);
#3681=VECTOR('',#13810,1000.);
#3682=VECTOR('',#13819,1000.);
#3683=VECTOR('',#13822,1000.);
#3684=VECTOR('',#13825,1000.);
#3685=VECTOR('',#13830,1000.);
#3686=VECTOR('',#13833,1000.);
#3687=VECTOR('',#13838,1000.);
#3688=VECTOR('',#13841,1000.);
#3689=VECTOR('',#13846,1000.);
#3690=VECTOR('',#13849,1000.);
#3691=VECTOR('',#13854,1000.);
#3692=VECTOR('',#13857,1000.);
#3693=VECTOR('',#13862,1000.);
#3694=VECTOR('',#13865,1000.);
#3695=VECTOR('',#13870,1000.);
#3696=VECTOR('',#13873,1000.);
#3697=VECTOR('',#13878,1000.);
#3698=VECTOR('',#13881,1000.);
#3699=VECTOR('',#13886,1000.);
#3700=VECTOR('',#13889,1000.);
#3701=VECTOR('',#13896,1.3);
#3702=VECTOR('',#13899,3.);
#3703=VECTOR('',#13906,1.250000108687);
#3704=VECTOR('',#13911,1000.);
#3705=VECTOR('',#13912,1000.);
#3706=VECTOR('',#13913,1000.);
#3707=VECTOR('',#13914,1000.);
#3708=VECTOR('',#13915,1000.);
#3709=VECTOR('',#13916,1000.);
#3710=VECTOR('',#13927,1.75);
#3711=VECTOR('',#13930,1000.);
#3712=VECTOR('',#13931,1000.);
#3713=VECTOR('',#13932,1000.);
#3714=VECTOR('',#13935,1000.);
#3715=VECTOR('',#13936,1000.);
#3716=VECTOR('',#13937,1000.);
#3717=VECTOR('',#13940,1000.);
#3718=VECTOR('',#13941,1000.);
#3719=VECTOR('',#13942,1000.);
#3720=VECTOR('',#13945,1000.);
#3721=VECTOR('',#13948,1000.);
#3722=VECTOR('',#13949,1000.);
#3723=VECTOR('',#13952,1000.);
#3724=VECTOR('',#13953,1000.);
#3725=VECTOR('',#13956,1000.);
#3726=VECTOR('',#13957,1000.);
#3727=VECTOR('',#13960,1000.);
#3728=VECTOR('',#13963,1000.);
#3729=VECTOR('',#13964,1000.);
#3730=VECTOR('',#13967,1000.);
#3731=VECTOR('',#13968,1000.);
#3732=VECTOR('',#13969,1000.);
#3733=VECTOR('',#13972,1000.);
#3734=VECTOR('',#13975,1000.);
#3735=VECTOR('',#13982,1000.);
#3736=VECTOR('',#13983,1000.);
#3737=VECTOR('',#13984,1000.);
#3738=VECTOR('',#13985,1000.);
#3739=VECTOR('',#13986,1000.);
#3740=VECTOR('',#13987,1000.);
#3741=VECTOR('',#13998,1.75);
#3742=VECTOR('',#14001,1000.);
#3743=VECTOR('',#14002,1000.);
#3744=VECTOR('',#14003,1000.);
#3745=VECTOR('',#14006,1000.);
#3746=VECTOR('',#14007,1000.);
#3747=VECTOR('',#14008,1000.);
#3748=VECTOR('',#14011,1000.);
#3749=VECTOR('',#14012,1000.);
#3750=VECTOR('',#14013,1000.);
#3751=VECTOR('',#14016,1000.);
#3752=VECTOR('',#14019,1000.);
#3753=VECTOR('',#14020,1000.);
#3754=VECTOR('',#14023,1000.);
#3755=VECTOR('',#14024,1000.);
#3756=VECTOR('',#14027,1000.);
#3757=VECTOR('',#14028,1000.);
#3758=VECTOR('',#14031,1000.);
#3759=VECTOR('',#14034,1000.);
#3760=VECTOR('',#14035,1000.);
#3761=VECTOR('',#14038,1000.);
#3762=VECTOR('',#14039,1000.);
#3763=VECTOR('',#14040,1000.);
#3764=VECTOR('',#14043,1000.);
#3765=VECTOR('',#14046,1000.);
#3766=VECTOR('',#14061,3.);
#3767=VECTOR('',#14074,5.05);
#3768=VECTOR('',#14077,10.);
#3769=VECTOR('',#14078,10.);
#3770=VECTOR('',#14079,10.);
#3771=VECTOR('',#14080,1000.);
#3772=VECTOR('',#14083,1000.);
#3773=VECTOR('',#14084,10.);
#3774=VECTOR('',#14085,1000.);
#3775=VECTOR('',#14086,10.);
#3776=VECTOR('',#14097,10.);
#3777=VECTOR('',#14098,10.);
#3778=VECTOR('',#14101,10.);
#3779=VECTOR('',#14106,10.);
#3780=VECTOR('',#14107,10.);
#3781=VECTOR('',#14110,10.);
#3782=VECTOR('',#14113,10.);
#3783=VECTOR('',#14114,10.);
#3784=VECTOR('',#14119,10.);
#3785=VECTOR('',#14122,10.);
#3786=VECTOR('',#14127,1000.);
#3787=VECTOR('',#14128,10.);
#3788=VECTOR('',#14129,1000.);
#3789=VECTOR('',#14130,10.);
#3790=VECTOR('',#14137,10.);
#3791=VECTOR('',#14138,1000.);
#3792=VECTOR('',#14139,10.);
#3793=VECTOR('',#14140,10.);
#3794=VECTOR('',#14147,10.);
#3795=VECTOR('',#14148,10.);
#3796=VECTOR('',#14149,10.);
#3797=VECTOR('',#14152,10.);
#3798=VECTOR('',#14153,10.);
#3799=VECTOR('',#14154,10.);
#3800=VECTOR('',#14155,10.);
#3801=VECTOR('',#14162,10.);
#3802=VECTOR('',#14167,10.);
#3803=VECTOR('',#14170,10.);
#3804=VECTOR('',#14183,0.9);
#3805=VECTOR('',#14190,0.9);
#3806=CIRCLE('',#10357,0.9);
#3807=CIRCLE('',#10358,0.9);
#3808=CIRCLE('',#10360,0.9);
#3809=CIRCLE('',#10361,0.9);
#3810=CIRCLE('',#10363,0.9);
#3811=CIRCLE('',#10364,0.9);
#3812=CIRCLE('',#10366,0.9);
#3813=CIRCLE('',#10367,0.9);
#3814=CIRCLE('',#10369,0.9);
#3815=CIRCLE('',#10370,0.9);
#3816=CIRCLE('',#10372,0.9);
#3817=CIRCLE('',#10373,0.9);
#3818=CIRCLE('',#10375,0.9);
#3819=CIRCLE('',#10376,0.9);
#3820=CIRCLE('',#10378,0.9);
#3821=CIRCLE('',#10379,0.9);
#3822=CIRCLE('',#10381,10.);
#3823=CIRCLE('',#10382,10.);
#3824=CIRCLE('',#10384,5.);
#3825=CIRCLE('',#10385,5.);
#3826=CIRCLE('',#10387,0.08);
#3827=CIRCLE('',#10388,3.);
#3828=CIRCLE('',#10393,0.0799999999999999);
#3829=CIRCLE('',#10394,3.);
#3830=CIRCLE('',#10399,0.0799999999999999);
#3831=CIRCLE('',#10400,3.);
#3832=CIRCLE('',#10405,0.08);
#3833=CIRCLE('',#10406,3.);
#3834=CIRCLE('',#10411,0.08);
#3835=CIRCLE('',#10412,3.);
#3836=CIRCLE('',#10418,0.08);
#3837=CIRCLE('',#10419,3.);
#3838=CIRCLE('',#10424,0.0800000000000001);
#3839=CIRCLE('',#10425,3.);
#3840=CIRCLE('',#10430,0.0800000000000001);
#3841=CIRCLE('',#10431,3.);
#3842=CIRCLE('',#10436,0.0800000000000002);
#3843=CIRCLE('',#10437,3.);
#3844=CIRCLE('',#10442,0.08);
#3845=CIRCLE('',#10443,3.);
#3846=CIRCLE('',#10448,0.0799999999999999);
#3847=CIRCLE('',#10449,3.);
#3848=CIRCLE('',#10454,0.0800000000000001);
#3849=CIRCLE('',#10455,3.);
#3850=CIRCLE('',#10460,0.0800000000000001);
#3851=CIRCLE('',#10461,3.);
#3852=CIRCLE('',#10466,0.08);
#3853=CIRCLE('',#10467,3.);
#3854=CIRCLE('',#10472,0.0799999999999999);
#3855=CIRCLE('',#10473,3.);
#3856=CIRCLE('',#10478,0.08);
#3857=CIRCLE('',#10479,3.);
#3858=CIRCLE('',#10484,0.08);
#3859=CIRCLE('',#10485,3.);
#3860=CIRCLE('',#10490,0.0800000000000001);
#3861=CIRCLE('',#10491,3.);
#3862=CIRCLE('',#10496,0.08);
#3863=CIRCLE('',#10497,3.);
#3864=CIRCLE('',#10502,0.08);
#3865=CIRCLE('',#10503,3.);
#3866=CIRCLE('',#10508,0.08);
#3867=CIRCLE('',#10509,3.);
#3868=CIRCLE('',#10514,0.08);
#3869=CIRCLE('',#10515,3.);
#3870=CIRCLE('',#10520,0.0799999999999999);
#3871=CIRCLE('',#10521,3.);
#3872=CIRCLE('',#10526,0.0799999999999999);
#3873=CIRCLE('',#10527,3.);
#3874=CIRCLE('',#10532,3.);
#3875=CIRCLE('',#10533,3.);
#3876=CIRCLE('',#10534,3.);
#3877=CIRCLE('',#10535,3.);
#3878=CIRCLE('',#10536,3.);
#3879=CIRCLE('',#10537,3.);
#3880=CIRCLE('',#10538,3.);
#3881=CIRCLE('',#10539,3.);
#3882=CIRCLE('',#10540,3.);
#3883=CIRCLE('',#10541,3.);
#3884=CIRCLE('',#10542,3.);
#3885=CIRCLE('',#10543,3.);
#3886=CIRCLE('',#10544,3.03469298742);
#3887=CIRCLE('',#10545,3.);
#3888=CIRCLE('',#10546,3.);
#3889=CIRCLE('',#10547,3.);
#3890=CIRCLE('',#10548,3.);
#3891=CIRCLE('',#10549,3.);
#3892=CIRCLE('',#10550,3.);
#3893=CIRCLE('',#10551,3.);
#3894=CIRCLE('',#10552,3.);
#3895=CIRCLE('',#10553,3.);
#3896=CIRCLE('',#10554,3.);
#3897=CIRCLE('',#10555,3.);
#3898=CIRCLE('',#10556,3.);
#3899=CIRCLE('',#10557,3.);
#3900=CIRCLE('',#10559,0.08);
#3901=CIRCLE('',#10562,3.);
#3902=CIRCLE('',#10563,3.);
#3903=CIRCLE('',#10565,3.);
#3904=CIRCLE('',#10567,1.6);
#3905=CIRCLE('',#10569,1.6);
#3906=CIRCLE('',#10576,3.05);
#3907=CIRCLE('',#10577,3.54998584419068);
#3908=CIRCLE('',#10578,3.05);
#3909=CIRCLE('',#10580,0.899999999999999);
#3910=CIRCLE('',#10581,0.899999999999999);
#3911=CIRCLE('',#10583,0.899999999999999);
#3912=CIRCLE('',#10584,0.899999999999999);
#3913=CIRCLE('',#10586,0.899999999999999);
#3914=CIRCLE('',#10587,0.899999999999999);
#3915=CIRCLE('',#10589,0.899999999999999);
#3916=CIRCLE('',#10590,0.899999999999999);
#3917=CIRCLE('',#10592,0.9);
#3918=CIRCLE('',#10593,0.9);
#3919=CIRCLE('',#10595,0.9);
#3920=CIRCLE('',#10596,0.9);
#3921=CIRCLE('',#10598,0.9);
#3922=CIRCLE('',#10599,0.9);
#3923=CIRCLE('',#10601,0.9);
#3924=CIRCLE('',#10602,0.9);
#3925=CIRCLE('',#10604,10.);
#3926=CIRCLE('',#10605,10.);
#3927=CIRCLE('',#10607,5.);
#3928=CIRCLE('',#10608,5.);
#3929=CIRCLE('',#10610,3.05);
#3930=CIRCLE('',#10617,1.29994416216513);
#3931=CIRCLE('',#10621,1.29994416216446);
#3932=CIRCLE('',#10625,1.29994416216398);
#3933=CIRCLE('',#10642,1.75);
#3934=CIRCLE('',#10643,1.75);
#3935=CIRCLE('',#10644,1.75);
#3936=CIRCLE('',#10646,1.45);
#3937=CIRCLE('',#10647,0.3);
#3938=CIRCLE('',#10663,1.75);
#3939=CIRCLE('',#10664,1.75);
#3940=CIRCLE('',#10665,1.75);
#3941=CIRCLE('',#10667,1.45);
#3942=CIRCLE('',#10668,0.3);
#3943=CIRCLE('',#10671,2.54996571148273);
#3944=CIRCLE('',#10672,2.54996648658609);
#3945=CIRCLE('',#10674,2.54996648658609);
#3946=CIRCLE('',#10675,2.54996571148273);
#3947=CIRCLE('',#10677,1.89998867223181);
#3948=CIRCLE('',#10753,1.89998867223188);
#3949=CIRCLE('',#10755,1.89998867223188);
#3950=CIRCLE('',#10757,1.89998867223188);
#3951=CIRCLE('',#10763,2.54996571148273);
#3952=CIRCLE('',#10764,2.54996648658609);
#3953=CIRCLE('',#10766,2.2);
#3954=CIRCLE('',#10767,1.75);
#3955=CIRCLE('',#10771,2.2);
#3956=CIRCLE('',#10777,2.2);
#3957=CIRCLE('',#10778,1.75);
#3958=CIRCLE('',#10781,2.54996571148273);
#3959=CIRCLE('',#10782,2.54996648658609);
#3960=CIRCLE('',#10786,2.700013324209);
#3961=CIRCLE('',#10790,2.2);
#3962=CIRCLE('',#10793,2.700013324209);
#3963=CIRCLE('',#10794,2.700013324209);
#3964=CIRCLE('',#10795,2.700013324209);
#3965=CIRCLE('',#10796,0.750000000000002);
#3966=CIRCLE('',#10797,0.75);
#3967=CIRCLE('',#10798,0.75);
#3968=CIRCLE('',#10799,6.05);
#3969=CIRCLE('',#10800,0.75);
#3970=CIRCLE('',#10801,0.75);
#3971=CIRCLE('',#10806,2.2);
#3972=CIRCLE('',#10819,2.2);
#3973=CIRCLE('',#10828,2.2);
#3974=CIRCLE('',#10833,0.750000000000002);
#3975=CIRCLE('',#10835,0.750000000000001);
#3976=CIRCLE('',#10837,0.750000000000001);
#3977=CIRCLE('',#10839,6.05);
#3978=CIRCLE('',#10841,0.75);
#3979=CIRCLE('',#10843,0.75);
#3980=CIRCLE('',#10845,2.2);
#3981=CIRCLE('',#10855,5.999996317445);
#3982=CIRCLE('',#10859,1.5);
#3983=CIRCLE('',#10860,1.5);
#3984=CIRCLE('',#10861,1.5);
#3985=CIRCLE('',#10863,4.19999088294913);
#3986=CIRCLE('',#10864,4.999989146367);
#3987=CIRCLE('',#10866,7.299995478073);
#3988=CIRCLE('',#10867,6.499995526377);
#3989=CIRCLE('',#10869,0.750000000000001);
#3990=CIRCLE('',#10871,0.750000000000001);
#3991=CIRCLE('',#10873,0.750000000000001);
#3992=CIRCLE('',#10875,0.75);
#3993=CIRCLE('',#10877,0.75);
#3994=CIRCLE('',#10879,0.750000000000001);
#3995=CIRCLE('',#10881,0.4);
#3996=CIRCLE('',#10882,0.400000000000001);
#3997=CIRCLE('',#10883,0.750000000000001);
#3998=CIRCLE('',#10884,0.750000000000001);
#3999=CIRCLE('',#10885,0.75);
#4000=CIRCLE('',#10886,0.75);
#4001=CIRCLE('',#10888,3.);
#4002=CIRCLE('',#10895,0.4);
#4003=CIRCLE('',#10896,0.400000000000001);
#4004=CIRCLE('',#10901,0.400000000000001);
#4005=CIRCLE('',#10904,0.4);
#4006=CIRCLE('',#10907,0.400000000000001);
#4007=CIRCLE('',#10910,0.4);
#4008=CIRCLE('',#10925,5.999996317445);
#4009=CIRCLE('',#10926,5.999996317445);
#4010=CIRCLE('',#10928,0.25);
#4011=CIRCLE('',#10930,2.975);
#4012=CIRCLE('',#10932,2.97500000000007);
#4013=CIRCLE('',#10933,2.97500000000007);
#4014=CIRCLE('',#10935,2.19996792774684);
#4015=CIRCLE('',#10938,1.3);
#4016=CIRCLE('',#10940,1.3);
#4017=CIRCLE('',#10941,1.7);
#4018=CIRCLE('',#10943,0.08);
#4019=CIRCLE('',#10944,2.57);
#4020=CIRCLE('',#10945,0.0800000000000002);
#4021=CIRCLE('',#10946,2.57);
#4022=CIRCLE('',#10947,0.0800000000000002);
#4023=CIRCLE('',#10948,2.57);
#4024=CIRCLE('',#10949,0.0800000000000001);
#4025=CIRCLE('',#10950,2.57);
#4026=CIRCLE('',#10951,0.080000000000001);
#4027=CIRCLE('',#10952,2.57);
#4028=CIRCLE('',#10953,0.0800000000000003);
#4029=CIRCLE('',#10954,2.57);
#4030=CIRCLE('',#10955,0.0799999999999997);
#4031=CIRCLE('',#10956,2.57);
#4032=CIRCLE('',#10957,0.0800000000000005);
#4033=CIRCLE('',#10958,2.57);
#4034=CIRCLE('',#10959,0.0799999999999991);
#4035=CIRCLE('',#10960,2.57);
#4036=CIRCLE('',#10961,0.0800000000000008);
#4037=CIRCLE('',#10962,2.57);
#4038=CIRCLE('',#10963,0.0800000000000002);
#4039=CIRCLE('',#10964,2.57);
#4040=CIRCLE('',#10965,0.0800000000000002);
#4041=CIRCLE('',#10966,2.57);
#4042=CIRCLE('',#10967,0.0800000000000002);
#4043=CIRCLE('',#10968,2.57);
#4044=CIRCLE('',#10969,0.0800000000000002);
#4045=CIRCLE('',#10970,2.57);
#4046=CIRCLE('',#10971,0.0800000000000002);
#4047=CIRCLE('',#10972,2.57);
#4048=CIRCLE('',#10973,0.0800000000000002);
#4049=CIRCLE('',#10974,2.57);
#4050=CIRCLE('',#10975,0.08);
#4051=CIRCLE('',#10976,2.57);
#4052=CIRCLE('',#10977,0.08);
#4053=CIRCLE('',#10978,2.57);
#4054=CIRCLE('',#10979,0.0800000000000001);
#4055=CIRCLE('',#10980,2.57);
#4056=CIRCLE('',#10981,0.0800000000000001);
#4057=CIRCLE('',#10982,2.57);
#4058=CIRCLE('',#10983,0.0800000000000003);
#4059=CIRCLE('',#10984,2.57);
#4060=CIRCLE('',#10985,0.0800000000000006);
#4061=CIRCLE('',#10986,2.57);
#4062=CIRCLE('',#10987,0.0800000000000009);
#4063=CIRCLE('',#10988,2.57);
#4064=CIRCLE('',#10989,0.0800000000000003);
#4065=CIRCLE('',#10990,2.57);
#4066=CIRCLE('',#10991,0.0799999999999997);
#4067=CIRCLE('',#10992,2.57);
#4068=CIRCLE('',#10994,2.97);
#4069=CIRCLE('',#10997,0.0800000000000002);
#4070=CIRCLE('',#11000,2.97);
#4071=CIRCLE('',#11003,0.0800000000000002);
#4072=CIRCLE('',#11006,2.97);
#4073=CIRCLE('',#11009,0.0800000000000002);
#4074=CIRCLE('',#11011,2.97);
#4075=CIRCLE('',#11014,0.0800000000000002);
#4076=CIRCLE('',#11016,2.97);
#4077=CIRCLE('',#11019,0.0799999999999995);
#4078=CIRCLE('',#11022,2.97);
#4079=CIRCLE('',#11025,0.0800000000000007);
#4080=CIRCLE('',#11028,2.97);
#4081=CIRCLE('',#11031,0.0800000000000001);
#4082=CIRCLE('',#11034,2.97);
#4083=CIRCLE('',#11037,0.0800000000000006);
#4084=CIRCLE('',#11040,2.97);
#4085=CIRCLE('',#11043,0.08);
#4086=CIRCLE('',#11045,3.);
#4087=CIRCLE('',#11046,0.0800000000000005);
#4088=CIRCLE('',#11047,2.97);
#4089=CIRCLE('',#11048,0.0800000000000003);
#4090=CIRCLE('',#11049,2.97);
#4091=CIRCLE('',#11050,0.0800000000000006);
#4092=CIRCLE('',#11051,2.97);
#4093=CIRCLE('',#11052,0.0799999999999996);
#4094=CIRCLE('',#11053,2.97);
#4095=CIRCLE('',#11054,0.0800000000000001);
#4096=CIRCLE('',#11055,2.97);
#4097=CIRCLE('',#11056,0.0799999999999998);
#4098=CIRCLE('',#11057,2.97);
#4099=CIRCLE('',#11058,0.08);
#4100=CIRCLE('',#11059,2.97);
#4101=CIRCLE('',#11060,0.08);
#4102=CIRCLE('',#11061,2.97);
#4103=CIRCLE('',#11062,2.97);
#4104=CIRCLE('',#11063,2.97);
#4105=CIRCLE('',#11064,2.97);
#4106=CIRCLE('',#11065,2.97);
#4107=CIRCLE('',#11066,2.97);
#4108=CIRCLE('',#11067,2.97);
#4109=CIRCLE('',#11068,2.97);
#4110=CIRCLE('',#11069,2.97);
#4111=CIRCLE('',#11070,2.97);
#4112=CIRCLE('',#11071,0.0799999999999984);
#4113=CIRCLE('',#11072,2.97);
#4114=CIRCLE('',#11073,0.0800000000000003);
#4115=CIRCLE('',#11074,2.97);
#4116=CIRCLE('',#11075,0.0799999999999997);
#4117=CIRCLE('',#11076,2.97);
#4118=CIRCLE('',#11077,0.08);
#4119=CIRCLE('',#11078,2.97);
#4120=CIRCLE('',#11079,0.0800000000000002);
#4121=CIRCLE('',#11080,2.97);
#4122=CIRCLE('',#11081,0.0799999999999999);
#4123=CIRCLE('',#11082,2.97);
#4124=CIRCLE('',#11083,0.0799999999999997);
#4125=CIRCLE('',#11084,2.97);
#4126=CIRCLE('',#11085,0.0799999999999998);
#4127=CIRCLE('',#11086,2.97);
#4128=CIRCLE('',#11088,2.97);
#4129=CIRCLE('',#11096,2.97);
#4130=CIRCLE('',#11103,2.97);
#4131=CIRCLE('',#11108,2.97);
#4132=CIRCLE('',#11112,2.97);
#4133=CIRCLE('',#11116,2.97);
#4134=CIRCLE('',#11125,2.97);
#4135=CIRCLE('',#11131,2.97);
#4136=CIRCLE('',#11153,2.97);
#4137=CIRCLE('',#11160,2.97);
#4138=CIRCLE('',#11168,2.97);
#4139=CIRCLE('',#11176,2.97);
#4140=CIRCLE('',#11184,2.97);
#4141=CIRCLE('',#11191,2.97);
#4142=CIRCLE('',#11199,2.97);
#4143=CIRCLE('',#11205,2.97);
#4144=CIRCLE('',#11238,0.999999713159699);
#4145=CIRCLE('',#11241,1.45);
#4146=CIRCLE('',#11243,0.3);
#4147=CIRCLE('',#11244,1.75);
#4148=CIRCLE('',#11245,1.75);
#4149=CIRCLE('',#11261,1.45);
#4150=CIRCLE('',#11263,0.3);
#4151=CIRCLE('',#11264,1.75);
#4152=CIRCLE('',#11265,1.75);
#4153=CIRCLE('',#11281,1.29994416216513);
#4154=CIRCLE('',#11285,3.);
#4155=CIRCLE('',#11286,3.);
#4156=CIRCLE('',#11288,5.05);
#4157=CIRCLE('',#11290,5.05);
#4158=CIRCLE('',#11295,1.89998867223188);
#4159=CIRCLE('',#11297,1.89998867223188);
#4160=CIRCLE('',#11299,2.54996012362492);
#4161=CIRCLE('',#11300,2.549960227249);
#4162=CIRCLE('',#11310,1.89998867223188);
#4163=CIRCLE('',#11313,1.89998867223181);
#4164=CIRCLE('',#11318,2.54996012362492);
#4165=CIRCLE('',#11319,2.549960227249);
#4166=CIRCLE('',#11325,0.9);
#4167=CIRCLE('',#11327,0.9);
#4168=CIRCLE('',#11330,0.9);
#4169=CIRCLE('',#11331,0.9);
#4170=VERTEX_POINT('',#14206);
#4171=VERTEX_POINT('',#14208);
#4172=VERTEX_POINT('',#14212);
#4173=VERTEX_POINT('',#14214);
#4174=VERTEX_POINT('',#14218);
#4175=VERTEX_POINT('',#14220);
#4176=VERTEX_POINT('',#14224);
#4177=VERTEX_POINT('',#14226);
#4178=VERTEX_POINT('',#14230);
#4179=VERTEX_POINT('',#14232);
#4180=VERTEX_POINT('',#14236);
#4181=VERTEX_POINT('',#14238);
#4182=VERTEX_POINT('',#14242);
#4183=VERTEX_POINT('',#14244);
#4184=VERTEX_POINT('',#14248);
#4185=VERTEX_POINT('',#14250);
#4186=VERTEX_POINT('',#14254);
#4187=VERTEX_POINT('',#14256);
#4188=VERTEX_POINT('',#14260);
#4189=VERTEX_POINT('',#14262);
#4190=VERTEX_POINT('',#14266);
#4191=VERTEX_POINT('',#14267);
#4192=VERTEX_POINT('',#14269);
#4193=VERTEX_POINT('',#14271);
#4194=VERTEX_POINT('',#14275);
#4195=VERTEX_POINT('',#14276);
#4196=VERTEX_POINT('',#14286);
#4197=VERTEX_POINT('',#14303);
#4198=VERTEX_POINT('',#14312);
#4199=VERTEX_POINT('',#14313);
#4200=VERTEX_POINT('',#14315);
#4201=VERTEX_POINT('',#14317);
#4202=VERTEX_POINT('',#14321);
#4203=VERTEX_POINT('',#14322);
#4204=VERTEX_POINT('',#14332);
#4205=VERTEX_POINT('',#14349);
#4206=VERTEX_POINT('',#14358);
#4207=VERTEX_POINT('',#14359);
#4208=VERTEX_POINT('',#14361);
#4209=VERTEX_POINT('',#14363);
#4210=VERTEX_POINT('',#14367);
#4211=VERTEX_POINT('',#14368);
#4212=VERTEX_POINT('',#14378);
#4213=VERTEX_POINT('',#14395);
#4214=VERTEX_POINT('',#14404);
#4215=VERTEX_POINT('',#14405);
#4216=VERTEX_POINT('',#14407);
#4217=VERTEX_POINT('',#14409);
#4218=VERTEX_POINT('',#14413);
#4219=VERTEX_POINT('',#14414);
#4220=VERTEX_POINT('',#14424);
#4221=VERTEX_POINT('',#14441);
#4222=VERTEX_POINT('',#14450);
#4223=VERTEX_POINT('',#14451);
#4224=VERTEX_POINT('',#14453);
#4225=VERTEX_POINT('',#14455);
#4226=VERTEX_POINT('',#14459);
#4227=VERTEX_POINT('',#14460);
#4228=VERTEX_POINT('',#14470);
#4229=VERTEX_POINT('',#14487);
#4230=VERTEX_POINT('',#14496);
#4231=VERTEX_POINT('',#14497);
#4232=VERTEX_POINT('',#14499);
#4233=VERTEX_POINT('',#14501);
#4234=VERTEX_POINT('',#14510);
#4235=VERTEX_POINT('',#14511);
#4236=VERTEX_POINT('',#14513);
#4237=VERTEX_POINT('',#14515);
#4238=VERTEX_POINT('',#14519);
#4239=VERTEX_POINT('',#14520);
#4240=VERTEX_POINT('',#14530);
#4241=VERTEX_POINT('',#14547);
#4242=VERTEX_POINT('',#14556);
#4243=VERTEX_POINT('',#14557);
#4244=VERTEX_POINT('',#14559);
#4245=VERTEX_POINT('',#14561);
#4246=VERTEX_POINT('',#14565);
#4247=VERTEX_POINT('',#14566);
#4248=VERTEX_POINT('',#14576);
#4249=VERTEX_POINT('',#14593);
#4250=VERTEX_POINT('',#14602);
#4251=VERTEX_POINT('',#14603);
#4252=VERTEX_POINT('',#14605);
#4253=VERTEX_POINT('',#14607);
#4254=VERTEX_POINT('',#14611);
#4255=VERTEX_POINT('',#14612);
#4256=VERTEX_POINT('',#14622);
#4257=VERTEX_POINT('',#14639);
#4258=VERTEX_POINT('',#14648);
#4259=VERTEX_POINT('',#14649);
#4260=VERTEX_POINT('',#14651);
#4261=VERTEX_POINT('',#14653);
#4262=VERTEX_POINT('',#14657);
#4263=VERTEX_POINT('',#14658);
#4264=VERTEX_POINT('',#14668);
#4265=VERTEX_POINT('',#14685);
#4266=VERTEX_POINT('',#14694);
#4267=VERTEX_POINT('',#14695);
#4268=VERTEX_POINT('',#14697);
#4269=VERTEX_POINT('',#14699);
#4270=VERTEX_POINT('',#14703);
#4271=VERTEX_POINT('',#14704);
#4272=VERTEX_POINT('',#14714);
#4273=VERTEX_POINT('',#14731);
#4274=VERTEX_POINT('',#14740);
#4275=VERTEX_POINT('',#14741);
#4276=VERTEX_POINT('',#14743);
#4277=VERTEX_POINT('',#14745);
#4278=VERTEX_POINT('',#14749);
#4279=VERTEX_POINT('',#14750);
#4280=VERTEX_POINT('',#14760);
#4281=VERTEX_POINT('',#14777);
#4282=VERTEX_POINT('',#14779);
#4283=VERTEX_POINT('',#14787);
#4284=VERTEX_POINT('',#14788);
#4285=VERTEX_POINT('',#14790);
#4286=VERTEX_POINT('',#14792);
#4287=VERTEX_POINT('',#14796);
#4288=VERTEX_POINT('',#14797);
#4289=VERTEX_POINT('',#14807);
#4290=VERTEX_POINT('',#14824);
#4291=VERTEX_POINT('',#14833);
#4292=VERTEX_POINT('',#14834);
#4293=VERTEX_POINT('',#14836);
#4294=VERTEX_POINT('',#14838);
#4295=VERTEX_POINT('',#14842);
#4296=VERTEX_POINT('',#14843);
#4297=VERTEX_POINT('',#14853);
#4298=VERTEX_POINT('',#14870);
#4299=VERTEX_POINT('',#14879);
#4300=VERTEX_POINT('',#14880);
#4301=VERTEX_POINT('',#14882);
#4302=VERTEX_POINT('',#14884);
#4303=VERTEX_POINT('',#14888);
#4304=VERTEX_POINT('',#14889);
#4305=VERTEX_POINT('',#14899);
#4306=VERTEX_POINT('',#14916);
#4307=VERTEX_POINT('',#14925);
#4308=VERTEX_POINT('',#14926);
#4309=VERTEX_POINT('',#14928);
#4310=VERTEX_POINT('',#14930);
#4311=VERTEX_POINT('',#14934);
#4312=VERTEX_POINT('',#14935);
#4313=VERTEX_POINT('',#14945);
#4314=VERTEX_POINT('',#14962);
#4315=VERTEX_POINT('',#14971);
#4316=VERTEX_POINT('',#14972);
#4317=VERTEX_POINT('',#14974);
#4318=VERTEX_POINT('',#14976);
#4319=VERTEX_POINT('',#14980);
#4320=VERTEX_POINT('',#14981);
#4321=VERTEX_POINT('',#14991);
#4322=VERTEX_POINT('',#15008);
#4323=VERTEX_POINT('',#15017);
#4324=VERTEX_POINT('',#15018);
#4325=VERTEX_POINT('',#15020);
#4326=VERTEX_POINT('',#15022);
#4327=VERTEX_POINT('',#15026);
#4328=VERTEX_POINT('',#15027);
#4329=VERTEX_POINT('',#15037);
#4330=VERTEX_POINT('',#15054);
#4331=VERTEX_POINT('',#15063);
#4332=VERTEX_POINT('',#15064);
#4333=VERTEX_POINT('',#15066);
#4334=VERTEX_POINT('',#15068);
#4335=VERTEX_POINT('',#15072);
#4336=VERTEX_POINT('',#15073);
#4337=VERTEX_POINT('',#15083);
#4338=VERTEX_POINT('',#15100);
#4339=VERTEX_POINT('',#15109);
#4340=VERTEX_POINT('',#15110);
#4341=VERTEX_POINT('',#15112);
#4342=VERTEX_POINT('',#15114);
#4343=VERTEX_POINT('',#15118);
#4344=VERTEX_POINT('',#15119);
#4345=VERTEX_POINT('',#15129);
#4346=VERTEX_POINT('',#15146);
#4347=VERTEX_POINT('',#15155);
#4348=VERTEX_POINT('',#15156);
#4349=VERTEX_POINT('',#15158);
#4350=VERTEX_POINT('',#15160);
#4351=VERTEX_POINT('',#15164);
#4352=VERTEX_POINT('',#15165);
#4353=VERTEX_POINT('',#15175);
#4354=VERTEX_POINT('',#15192);
#4355=VERTEX_POINT('',#15201);
#4356=VERTEX_POINT('',#15202);
#4357=VERTEX_POINT('',#15204);
#4358=VERTEX_POINT('',#15206);
#4359=VERTEX_POINT('',#15210);
#4360=VERTEX_POINT('',#15211);
#4361=VERTEX_POINT('',#15221);
#4362=VERTEX_POINT('',#15238);
#4363=VERTEX_POINT('',#15247);
#4364=VERTEX_POINT('',#15248);
#4365=VERTEX_POINT('',#15250);
#4366=VERTEX_POINT('',#15252);
#4367=VERTEX_POINT('',#15256);
#4368=VERTEX_POINT('',#15257);
#4369=VERTEX_POINT('',#15267);
#4370=VERTEX_POINT('',#15284);
#4371=VERTEX_POINT('',#15293);
#4372=VERTEX_POINT('',#15294);
#4373=VERTEX_POINT('',#15296);
#4374=VERTEX_POINT('',#15298);
#4375=VERTEX_POINT('',#15302);
#4376=VERTEX_POINT('',#15303);
#4377=VERTEX_POINT('',#15313);
#4378=VERTEX_POINT('',#15330);
#4379=VERTEX_POINT('',#15339);
#4380=VERTEX_POINT('',#15340);
#4381=VERTEX_POINT('',#15342);
#4382=VERTEX_POINT('',#15344);
#4383=VERTEX_POINT('',#15348);
#4384=VERTEX_POINT('',#15350);
#4385=VERTEX_POINT('',#15359);
#4386=VERTEX_POINT('',#15376);
#4387=VERTEX_POINT('',#15387);
#4388=VERTEX_POINT('',#15389);
#4389=VERTEX_POINT('',#15416);
#4390=VERTEX_POINT('',#15433);
#4391=VERTEX_POINT('',#15437);
#4392=VERTEX_POINT('',#15441);
#4393=VERTEX_POINT('',#15445);
#4394=VERTEX_POINT('',#15449);
#4395=VERTEX_POINT('',#15452);
#4396=VERTEX_POINT('',#15461);
#4397=VERTEX_POINT('',#15462);
#4398=VERTEX_POINT('',#15464);
#4399=VERTEX_POINT('',#15469);
#4400=VERTEX_POINT('',#15471);
#4401=VERTEX_POINT('',#15475);
#4402=VERTEX_POINT('',#15477);
#4403=VERTEX_POINT('',#15481);
#4404=VERTEX_POINT('',#15483);
#4405=VERTEX_POINT('',#15487);
#4406=VERTEX_POINT('',#15489);
#4407=VERTEX_POINT('',#15493);
#4408=VERTEX_POINT('',#15495);
#4409=VERTEX_POINT('',#15499);
#4410=VERTEX_POINT('',#15501);
#4411=VERTEX_POINT('',#15505);
#4412=VERTEX_POINT('',#15507);
#4413=VERTEX_POINT('',#15511);
#4414=VERTEX_POINT('',#15513);
#4415=VERTEX_POINT('',#15517);
#4416=VERTEX_POINT('',#15519);
#4417=VERTEX_POINT('',#15523);
#4418=VERTEX_POINT('',#15525);
#4419=VERTEX_POINT('',#15529);
#4420=VERTEX_POINT('',#15538);
#4421=VERTEX_POINT('',#15539);
#4422=VERTEX_POINT('',#15557);
#4423=VERTEX_POINT('',#15558);
#4424=VERTEX_POINT('',#15576);
#4425=VERTEX_POINT('',#15577);
#4426=VERTEX_POINT('',#15595);
#4427=VERTEX_POINT('',#15596);
#4428=VERTEX_POINT('',#15598);
#4429=VERTEX_POINT('',#15600);
#4430=VERTEX_POINT('',#15604);
#4431=VERTEX_POINT('',#15605);
#4432=VERTEX_POINT('',#15610);
#4433=VERTEX_POINT('',#15611);
#4434=VERTEX_POINT('',#15616);
#4435=VERTEX_POINT('',#15618);
#4436=VERTEX_POINT('',#15622);
#4437=VERTEX_POINT('',#15626);
#4438=VERTEX_POINT('',#15628);
#4439=VERTEX_POINT('',#15632);
#4440=VERTEX_POINT('',#15636);
#4441=VERTEX_POINT('',#15640);
#4442=VERTEX_POINT('',#15644);
#4443=VERTEX_POINT('',#15645);
#4444=VERTEX_POINT('',#15656);
#4445=VERTEX_POINT('',#15657);
#4446=VERTEX_POINT('',#15660);
#4447=VERTEX_POINT('',#15664);
#4448=VERTEX_POINT('',#15669);
#4449=VERTEX_POINT('',#15670);
#4450=VERTEX_POINT('',#15672);
#4451=VERTEX_POINT('',#15674);
#4452=VERTEX_POINT('',#15678);
#4453=VERTEX_POINT('',#15679);
#4454=VERTEX_POINT('',#15684);
#4455=VERTEX_POINT('',#15685);
#4456=VERTEX_POINT('',#15690);
#4457=VERTEX_POINT('',#15692);
#4458=VERTEX_POINT('',#15696);
#4459=VERTEX_POINT('',#15700);
#4460=VERTEX_POINT('',#15702);
#4461=VERTEX_POINT('',#15706);
#4462=VERTEX_POINT('',#15710);
#4463=VERTEX_POINT('',#15714);
#4464=VERTEX_POINT('',#15718);
#4465=VERTEX_POINT('',#15719);
#4466=VERTEX_POINT('',#15730);
#4467=VERTEX_POINT('',#15731);
#4468=VERTEX_POINT('',#15734);
#4469=VERTEX_POINT('',#15738);
#4470=VERTEX_POINT('',#15743);
#4471=VERTEX_POINT('',#15744);
#4472=VERTEX_POINT('',#15746);
#4473=VERTEX_POINT('',#15748);
#4474=VERTEX_POINT('',#15750);
#4475=VERTEX_POINT('',#15752);
#4476=VERTEX_POINT('',#15756);
#4477=VERTEX_POINT('',#15757);
#4478=VERTEX_POINT('',#15759);
#4479=VERTEX_POINT('',#15761);
#4480=VERTEX_POINT('',#15763);
#4481=VERTEX_POINT('',#15765);
#4482=VERTEX_POINT('',#15769);
#4483=VERTEX_POINT('',#15770);
#4484=VERTEX_POINT('',#15774);
#4485=VERTEX_POINT('',#15776);
#4486=VERTEX_POINT('',#15782);
#4487=VERTEX_POINT('',#15783);
#4488=VERTEX_POINT('',#15785);
#4489=VERTEX_POINT('',#15787);
#4490=VERTEX_POINT('',#15789);
#4491=VERTEX_POINT('',#15793);
#4492=VERTEX_POINT('',#15794);
#4493=VERTEX_POINT('',#15796);
#4494=VERTEX_POINT('',#15798);
#4495=VERTEX_POINT('',#15800);
#4496=VERTEX_POINT('',#15804);
#4497=VERTEX_POINT('',#15805);
#4498=VERTEX_POINT('',#15807);
#4499=VERTEX_POINT('',#15809);
#4500=VERTEX_POINT('',#15813);
#4501=VERTEX_POINT('',#15814);
#4502=VERTEX_POINT('',#15816);
#4503=VERTEX_POINT('',#15818);
#4504=VERTEX_POINT('',#15820);
#4505=VERTEX_POINT('',#15822);
#4506=VERTEX_POINT('',#15824);
#4507=VERTEX_POINT('',#15826);
#4508=VERTEX_POINT('',#15829);
#4509=VERTEX_POINT('',#15830);
#4510=VERTEX_POINT('',#15832);
#4511=VERTEX_POINT('',#15834);
#4512=VERTEX_POINT('',#15836);
#4513=VERTEX_POINT('',#15838);
#4514=VERTEX_POINT('',#15840);
#4515=VERTEX_POINT('',#15842);
#4516=VERTEX_POINT('',#15846);
#4517=VERTEX_POINT('',#15848);
#4518=VERTEX_POINT('',#15852);
#4519=VERTEX_POINT('',#15856);
#4520=VERTEX_POINT('',#15860);
#4521=VERTEX_POINT('',#15864);
#4522=VERTEX_POINT('',#15868);
#4523=VERTEX_POINT('',#15872);
#4524=VERTEX_POINT('',#15878);
#4525=VERTEX_POINT('',#15879);
#4526=VERTEX_POINT('',#15881);
#4527=VERTEX_POINT('',#15883);
#4528=VERTEX_POINT('',#15885);
#4529=VERTEX_POINT('',#15887);
#4530=VERTEX_POINT('',#15889);
#4531=VERTEX_POINT('',#15891);
#4532=VERTEX_POINT('',#15895);
#4533=VERTEX_POINT('',#15896);
#4534=VERTEX_POINT('',#15898);
#4535=VERTEX_POINT('',#15900);
#4536=VERTEX_POINT('',#15902);
#4537=VERTEX_POINT('',#15904);
#4538=VERTEX_POINT('',#15906);
#4539=VERTEX_POINT('',#15908);
#4540=VERTEX_POINT('',#15911);
#4541=VERTEX_POINT('',#15912);
#4542=VERTEX_POINT('',#15914);
#4543=VERTEX_POINT('',#15916);
#4544=VERTEX_POINT('',#15918);
#4545=VERTEX_POINT('',#15920);
#4546=VERTEX_POINT('',#15922);
#4547=VERTEX_POINT('',#15924);
#4548=VERTEX_POINT('',#15928);
#4549=VERTEX_POINT('',#15930);
#4550=VERTEX_POINT('',#15934);
#4551=VERTEX_POINT('',#15938);
#4552=VERTEX_POINT('',#15942);
#4553=VERTEX_POINT('',#15946);
#4554=VERTEX_POINT('',#15950);
#4555=VERTEX_POINT('',#15954);
#4556=VERTEX_POINT('',#15960);
#4557=VERTEX_POINT('',#15961);
#4558=VERTEX_POINT('',#15963);
#4559=VERTEX_POINT('',#15965);
#4560=VERTEX_POINT('',#15967);
#4561=VERTEX_POINT('',#15969);
#4562=VERTEX_POINT('',#15971);
#4563=VERTEX_POINT('',#15973);
#4564=VERTEX_POINT('',#15977);
#4565=VERTEX_POINT('',#15978);
#4566=VERTEX_POINT('',#15980);
#4567=VERTEX_POINT('',#15982);
#4568=VERTEX_POINT('',#15984);
#4569=VERTEX_POINT('',#15986);
#4570=VERTEX_POINT('',#15988);
#4571=VERTEX_POINT('',#15990);
#4572=VERTEX_POINT('',#15993);
#4573=VERTEX_POINT('',#15994);
#4574=VERTEX_POINT('',#15996);
#4575=VERTEX_POINT('',#15998);
#4576=VERTEX_POINT('',#16000);
#4577=VERTEX_POINT('',#16002);
#4578=VERTEX_POINT('',#16004);
#4579=VERTEX_POINT('',#16006);
#4580=VERTEX_POINT('',#16010);
#4581=VERTEX_POINT('',#16012);
#4582=VERTEX_POINT('',#16016);
#4583=VERTEX_POINT('',#16020);
#4584=VERTEX_POINT('',#16024);
#4585=VERTEX_POINT('',#16028);
#4586=VERTEX_POINT('',#16032);
#4587=VERTEX_POINT('',#16036);
#4588=VERTEX_POINT('',#16042);
#4589=VERTEX_POINT('',#16043);
#4590=VERTEX_POINT('',#16045);
#4591=VERTEX_POINT('',#16047);
#4592=VERTEX_POINT('',#16049);
#4593=VERTEX_POINT('',#16051);
#4594=VERTEX_POINT('',#16053);
#4595=VERTEX_POINT('',#16055);
#4596=VERTEX_POINT('',#16065);
#4597=VERTEX_POINT('',#16067);
#4598=VERTEX_POINT('',#16075);
#4599=VERTEX_POINT('',#16083);
#4600=VERTEX_POINT('',#16093);
#4601=VERTEX_POINT('',#16095);
#4602=VERTEX_POINT('',#16103);
#4603=VERTEX_POINT('',#16111);
#4604=VERTEX_POINT('',#16120);
#4605=VERTEX_POINT('',#16121);
#4606=VERTEX_POINT('',#16123);
#4607=VERTEX_POINT('',#16125);
#4608=VERTEX_POINT('',#16127);
#4609=VERTEX_POINT('',#16129);
#4610=VERTEX_POINT('',#16131);
#4611=VERTEX_POINT('',#16133);
#4612=VERTEX_POINT('',#16137);
#4613=VERTEX_POINT('',#16139);
#4614=VERTEX_POINT('',#16143);
#4615=VERTEX_POINT('',#16147);
#4616=VERTEX_POINT('',#16151);
#4617=VERTEX_POINT('',#16155);
#4618=VERTEX_POINT('',#16159);
#4619=VERTEX_POINT('',#16163);
#4620=VERTEX_POINT('',#16169);
#4621=VERTEX_POINT('',#16170);
#4622=VERTEX_POINT('',#16172);
#4623=VERTEX_POINT('',#16174);
#4624=VERTEX_POINT('',#16176);
#4625=VERTEX_POINT('',#16178);
#4626=VERTEX_POINT('',#16180);
#4627=VERTEX_POINT('',#16182);
#4628=VERTEX_POINT('',#16189);
#4629=VERTEX_POINT('',#16190);
#4630=VERTEX_POINT('',#16193);
#4631=VERTEX_POINT('',#16197);
#4632=VERTEX_POINT('',#16202);
#4633=VERTEX_POINT('',#16203);
#4634=VERTEX_POINT('',#16205);
#4635=VERTEX_POINT('',#16210);
#4636=VERTEX_POINT('',#16211);
#4637=VERTEX_POINT('',#16216);
#4638=VERTEX_POINT('',#16218);
#4639=VERTEX_POINT('',#16220);
#4640=VERTEX_POINT('',#16224);
#4641=VERTEX_POINT('',#16229);
#4642=VERTEX_POINT('',#16231);
#4643=VERTEX_POINT('',#16233);
#4644=VERTEX_POINT('',#16237);
#4645=VERTEX_POINT('',#16243);
#4646=VERTEX_POINT('',#16245);
#4647=VERTEX_POINT('',#16253);
#4648=VERTEX_POINT('',#16257);
#4649=VERTEX_POINT('',#16266);
#4650=VERTEX_POINT('',#16272);
#4651=VERTEX_POINT('',#16274);
#4652=VERTEX_POINT('',#16278);
#4653=VERTEX_POINT('',#16288);
#4654=VERTEX_POINT('',#16290);
#4655=VERTEX_POINT('',#16295);
#4656=VERTEX_POINT('',#16296);
#4657=VERTEX_POINT('',#16298);
#4658=VERTEX_POINT('',#16300);
#4659=VERTEX_POINT('',#16302);
#4660=VERTEX_POINT('',#16304);
#4661=VERTEX_POINT('',#16307);
#4662=VERTEX_POINT('',#16311);
#4663=VERTEX_POINT('',#16313);
#4664=VERTEX_POINT('',#16315);
#4665=VERTEX_POINT('',#16317);
#4666=VERTEX_POINT('',#16322);
#4667=VERTEX_POINT('',#16326);
#4668=VERTEX_POINT('',#16330);
#4669=VERTEX_POINT('',#16335);
#4670=VERTEX_POINT('',#16337);
#4671=VERTEX_POINT('',#16339);
#4672=VERTEX_POINT('',#16343);
#4673=VERTEX_POINT('',#16345);
#4674=VERTEX_POINT('',#16349);
#4675=VERTEX_POINT('',#16351);
#4676=VERTEX_POINT('',#16355);
#4677=VERTEX_POINT('',#16356);
#4678=VERTEX_POINT('',#16359);
#4679=VERTEX_POINT('',#16362);
#4680=VERTEX_POINT('',#16368);
#4681=VERTEX_POINT('',#16370);
#4682=VERTEX_POINT('',#16376);
#4683=VERTEX_POINT('',#16380);
#4684=VERTEX_POINT('',#16384);
#4685=VERTEX_POINT('',#16388);
#4686=VERTEX_POINT('',#16392);
#4687=VERTEX_POINT('',#16394);
#4688=VERTEX_POINT('',#16396);
#4689=VERTEX_POINT('',#16400);
#4690=VERTEX_POINT('',#16404);
#4691=VERTEX_POINT('',#16406);
#4692=VERTEX_POINT('',#16408);
#4693=VERTEX_POINT('',#16410);
#4694=VERTEX_POINT('',#16412);
#4695=VERTEX_POINT('',#16414);
#4696=VERTEX_POINT('',#16416);
#4697=VERTEX_POINT('',#16418);
#4698=VERTEX_POINT('',#16420);
#4699=VERTEX_POINT('',#16422);
#4700=VERTEX_POINT('',#16425);
#4701=VERTEX_POINT('',#16427);
#4702=VERTEX_POINT('',#16429);
#4703=VERTEX_POINT('',#16431);
#4704=VERTEX_POINT('',#16433);
#4705=VERTEX_POINT('',#16435);
#4706=VERTEX_POINT('',#16440);
#4707=VERTEX_POINT('',#16442);
#4708=VERTEX_POINT('',#16444);
#4709=VERTEX_POINT('',#16446);
#4710=VERTEX_POINT('',#16450);
#4711=VERTEX_POINT('',#16462);
#4712=VERTEX_POINT('',#16468);
#4713=VERTEX_POINT('',#16474);
#4714=VERTEX_POINT('',#16478);
#4715=VERTEX_POINT('',#16488);
#4716=VERTEX_POINT('',#16490);
#4717=VERTEX_POINT('',#16492);
#4718=VERTEX_POINT('',#16494);
#4719=VERTEX_POINT('',#16498);
#4720=VERTEX_POINT('',#16502);
#4721=VERTEX_POINT('',#16518);
#4722=VERTEX_POINT('',#16522);
#4723=VERTEX_POINT('',#16532);
#4724=VERTEX_POINT('',#16536);
#4725=VERTEX_POINT('',#16540);
#4726=VERTEX_POINT('',#16544);
#4727=VERTEX_POINT('',#16548);
#4728=VERTEX_POINT('',#16552);
#4729=VERTEX_POINT('',#16557);
#4730=VERTEX_POINT('',#16559);
#4731=VERTEX_POINT('',#16573);
#4732=VERTEX_POINT('',#16578);
#4733=VERTEX_POINT('',#16579);
#4734=VERTEX_POINT('',#16582);
#4735=VERTEX_POINT('',#16586);
#4736=VERTEX_POINT('',#16588);
#4737=VERTEX_POINT('',#16592);
#4738=VERTEX_POINT('',#16594);
#4739=VERTEX_POINT('',#16598);
#4740=VERTEX_POINT('',#16601);
#4741=VERTEX_POINT('',#16604);
#4742=VERTEX_POINT('',#16607);
#4743=VERTEX_POINT('',#16610);
#4744=VERTEX_POINT('',#16613);
#4745=VERTEX_POINT('',#16617);
#4746=VERTEX_POINT('',#16618);
#4747=VERTEX_POINT('',#16620);
#4748=VERTEX_POINT('',#16622);
#4749=VERTEX_POINT('',#16624);
#4750=VERTEX_POINT('',#16626);
#4751=VERTEX_POINT('',#16628);
#4752=VERTEX_POINT('',#16630);
#4753=VERTEX_POINT('',#16632);
#4754=VERTEX_POINT('',#16634);
#4755=VERTEX_POINT('',#16637);
#4756=VERTEX_POINT('',#16639);
#4757=VERTEX_POINT('',#16641);
#4758=VERTEX_POINT('',#16643);
#4759=VERTEX_POINT('',#16646);
#4760=VERTEX_POINT('',#16649);
#4761=VERTEX_POINT('',#16651);
#4762=VERTEX_POINT('',#16653);
#4763=VERTEX_POINT('',#16655);
#4764=VERTEX_POINT('',#16659);
#4765=VERTEX_POINT('',#16664);
#4766=VERTEX_POINT('',#16666);
#4767=VERTEX_POINT('',#16668);
#4768=VERTEX_POINT('',#16672);
#4769=VERTEX_POINT('',#16676);
#4770=VERTEX_POINT('',#16678);
#4771=VERTEX_POINT('',#16682);
#4772=VERTEX_POINT('',#16684);
#4773=VERTEX_POINT('',#16686);
#4774=VERTEX_POINT('',#16688);
#4775=VERTEX_POINT('',#16690);
#4776=VERTEX_POINT('',#16692);
#4777=VERTEX_POINT('',#16701);
#4778=VERTEX_POINT('',#16703);
#4779=VERTEX_POINT('',#16705);
#4780=VERTEX_POINT('',#16707);
#4781=VERTEX_POINT('',#16711);
#4782=VERTEX_POINT('',#16715);
#4783=VERTEX_POINT('',#16719);
#4784=VERTEX_POINT('',#16723);
#4785=VERTEX_POINT('',#16725);
#4786=VERTEX_POINT('',#16727);
#4787=VERTEX_POINT('',#16731);
#4788=VERTEX_POINT('',#16735);
#4789=VERTEX_POINT('',#16748);
#4790=VERTEX_POINT('',#16766);
#4791=VERTEX_POINT('',#16767);
#4792=VERTEX_POINT('',#16772);
#4793=VERTEX_POINT('',#16773);
#4794=VERTEX_POINT('',#16883);
#4795=VERTEX_POINT('',#16999);
#4796=VERTEX_POINT('',#17002);
#4797=VERTEX_POINT('',#17003);
#4798=VERTEX_POINT('',#17008);
#4799=VERTEX_POINT('',#17013);
#4800=VERTEX_POINT('',#17016);
#4801=VERTEX_POINT('',#17018);
#4802=VERTEX_POINT('',#17022);
#4803=VERTEX_POINT('',#17023);
#4804=VERTEX_POINT('',#17025);
#4805=VERTEX_POINT('',#17027);
#4806=VERTEX_POINT('',#17029);
#4807=VERTEX_POINT('',#17031);
#4808=VERTEX_POINT('',#17033);
#4809=VERTEX_POINT('',#17035);
#4810=VERTEX_POINT('',#17037);
#4811=VERTEX_POINT('',#17039);
#4812=VERTEX_POINT('',#17041);
#4813=VERTEX_POINT('',#17043);
#4814=VERTEX_POINT('',#17045);
#4815=VERTEX_POINT('',#17047);
#4816=VERTEX_POINT('',#17049);
#4817=VERTEX_POINT('',#17051);
#4818=VERTEX_POINT('',#17053);
#4819=VERTEX_POINT('',#17055);
#4820=VERTEX_POINT('',#17057);
#4821=VERTEX_POINT('',#17059);
#4822=VERTEX_POINT('',#17061);
#4823=VERTEX_POINT('',#17063);
#4824=VERTEX_POINT('',#17065);
#4825=VERTEX_POINT('',#17067);
#4826=VERTEX_POINT('',#17069);
#4827=VERTEX_POINT('',#17071);
#4828=VERTEX_POINT('',#17073);
#4829=VERTEX_POINT('',#17075);
#4830=VERTEX_POINT('',#17077);
#4831=VERTEX_POINT('',#17079);
#4832=VERTEX_POINT('',#17081);
#4833=VERTEX_POINT('',#17083);
#4834=VERTEX_POINT('',#17085);
#4835=VERTEX_POINT('',#17087);
#4836=VERTEX_POINT('',#17089);
#4837=VERTEX_POINT('',#17091);
#4838=VERTEX_POINT('',#17093);
#4839=VERTEX_POINT('',#17095);
#4840=VERTEX_POINT('',#17097);
#4841=VERTEX_POINT('',#17099);
#4842=VERTEX_POINT('',#17101);
#4843=VERTEX_POINT('',#17103);
#4844=VERTEX_POINT('',#17105);
#4845=VERTEX_POINT('',#17107);
#4846=VERTEX_POINT('',#17109);
#4847=VERTEX_POINT('',#17111);
#4848=VERTEX_POINT('',#17113);
#4849=VERTEX_POINT('',#17115);
#4850=VERTEX_POINT('',#17117);
#4851=VERTEX_POINT('',#17119);
#4852=VERTEX_POINT('',#17123);
#4853=VERTEX_POINT('',#17124);
#4854=VERTEX_POINT('',#17135);
#4855=VERTEX_POINT('',#17137);
#4856=VERTEX_POINT('',#17147);
#4857=VERTEX_POINT('',#17148);
#4858=VERTEX_POINT('',#17150);
#4859=VERTEX_POINT('',#17155);
#4860=VERTEX_POINT('',#17156);
#4861=VERTEX_POINT('',#17167);
#4862=VERTEX_POINT('',#17181);
#4863=VERTEX_POINT('',#17182);
#4864=VERTEX_POINT('',#17184);
#4865=VERTEX_POINT('',#17189);
#4866=VERTEX_POINT('',#17190);
#4867=VERTEX_POINT('',#17201);
#4868=VERTEX_POINT('',#17215);
#4869=VERTEX_POINT('',#17216);
#4870=VERTEX_POINT('',#17218);
#4871=VERTEX_POINT('',#17226);
#4872=VERTEX_POINT('',#17227);
#4873=VERTEX_POINT('',#17238);
#4874=VERTEX_POINT('',#17252);
#4875=VERTEX_POINT('',#17257);
#4876=VERTEX_POINT('',#17259);
#4877=VERTEX_POINT('',#17263);
#4878=VERTEX_POINT('',#17264);
#4879=VERTEX_POINT('',#17275);
#4880=VERTEX_POINT('',#17289);
#4881=VERTEX_POINT('',#17290);
#4882=VERTEX_POINT('',#17292);
#4883=VERTEX_POINT('',#17297);
#4884=VERTEX_POINT('',#17298);
#4885=VERTEX_POINT('',#17309);
#4886=VERTEX_POINT('',#17323);
#4887=VERTEX_POINT('',#17324);
#4888=VERTEX_POINT('',#17326);
#4889=VERTEX_POINT('',#17331);
#4890=VERTEX_POINT('',#17332);
#4891=VERTEX_POINT('',#17343);
#4892=VERTEX_POINT('',#17357);
#4893=VERTEX_POINT('',#17358);
#4894=VERTEX_POINT('',#17360);
#4895=VERTEX_POINT('',#17365);
#4896=VERTEX_POINT('',#17366);
#4897=VERTEX_POINT('',#17377);
#4898=VERTEX_POINT('',#17391);
#4899=VERTEX_POINT('',#17392);
#4900=VERTEX_POINT('',#17394);
#4901=VERTEX_POINT('',#17399);
#4902=VERTEX_POINT('',#17400);
#4903=VERTEX_POINT('',#17411);
#4904=VERTEX_POINT('',#17428);
#4905=VERTEX_POINT('',#17430);
#4906=VERTEX_POINT('',#17432);
#4907=VERTEX_POINT('',#17436);
#4908=VERTEX_POINT('',#17438);
#4909=VERTEX_POINT('',#17439);
#4910=VERTEX_POINT('',#17441);
#4911=VERTEX_POINT('',#17443);
#4912=VERTEX_POINT('',#17445);
#4913=VERTEX_POINT('',#17447);
#4914=VERTEX_POINT('',#17449);
#4915=VERTEX_POINT('',#17451);
#4916=VERTEX_POINT('',#17453);
#4917=VERTEX_POINT('',#17455);
#4918=VERTEX_POINT('',#17457);
#4919=VERTEX_POINT('',#17459);
#4920=VERTEX_POINT('',#17461);
#4921=VERTEX_POINT('',#17463);
#4922=VERTEX_POINT('',#17465);
#4923=VERTEX_POINT('',#17467);
#4924=VERTEX_POINT('',#17469);
#4925=VERTEX_POINT('',#17471);
#4926=VERTEX_POINT('',#17473);
#4927=VERTEX_POINT('',#17475);
#4928=VERTEX_POINT('',#17477);
#4929=VERTEX_POINT('',#17479);
#4930=VERTEX_POINT('',#17481);
#4931=VERTEX_POINT('',#17483);
#4932=VERTEX_POINT('',#17485);
#4933=VERTEX_POINT('',#17487);
#4934=VERTEX_POINT('',#17489);
#4935=VERTEX_POINT('',#17491);
#4936=VERTEX_POINT('',#17493);
#4937=VERTEX_POINT('',#17495);
#4938=VERTEX_POINT('',#17497);
#4939=VERTEX_POINT('',#17499);
#4940=VERTEX_POINT('',#17501);
#4941=VERTEX_POINT('',#17504);
#4942=VERTEX_POINT('',#17506);
#4943=VERTEX_POINT('',#17509);
#4944=VERTEX_POINT('',#17511);
#4945=VERTEX_POINT('',#17514);
#4946=VERTEX_POINT('',#17516);
#4947=VERTEX_POINT('',#17519);
#4948=VERTEX_POINT('',#17521);
#4949=VERTEX_POINT('',#17524);
#4950=VERTEX_POINT('',#17526);
#4951=VERTEX_POINT('',#17529);
#4952=VERTEX_POINT('',#17531);
#4953=VERTEX_POINT('',#17534);
#4954=VERTEX_POINT('',#17536);
#4955=VERTEX_POINT('',#17539);
#4956=VERTEX_POINT('',#17541);
#4957=VERTEX_POINT('',#17544);
#4958=VERTEX_POINT('',#17546);
#4959=VERTEX_POINT('',#17548);
#4960=VERTEX_POINT('',#17550);
#4961=VERTEX_POINT('',#17552);
#4962=VERTEX_POINT('',#17554);
#4963=VERTEX_POINT('',#17556);
#4964=VERTEX_POINT('',#17558);
#4965=VERTEX_POINT('',#17560);
#4966=VERTEX_POINT('',#17562);
#4967=VERTEX_POINT('',#17564);
#4968=VERTEX_POINT('',#17566);
#4969=VERTEX_POINT('',#17568);
#4970=VERTEX_POINT('',#17570);
#4971=VERTEX_POINT('',#17572);
#4972=VERTEX_POINT('',#17574);
#4973=VERTEX_POINT('',#17576);
#4974=VERTEX_POINT('',#17578);
#4975=VERTEX_POINT('',#17580);
#4976=VERTEX_POINT('',#17582);
#4977=VERTEX_POINT('',#17584);
#4978=VERTEX_POINT('',#17586);
#4979=VERTEX_POINT('',#17588);
#4980=VERTEX_POINT('',#17590);
#4981=VERTEX_POINT('',#17592);
#4982=VERTEX_POINT('',#17594);
#4983=VERTEX_POINT('',#17596);
#4984=VERTEX_POINT('',#17598);
#4985=VERTEX_POINT('',#17600);
#4986=VERTEX_POINT('',#17602);
#4987=VERTEX_POINT('',#17604);
#4988=VERTEX_POINT('',#17606);
#4989=VERTEX_POINT('',#17608);
#4990=VERTEX_POINT('',#17612);
#4991=VERTEX_POINT('',#17614);
#4992=VERTEX_POINT('',#17618);
#4993=VERTEX_POINT('',#17629);
#4994=VERTEX_POINT('',#17643);
#4995=VERTEX_POINT('',#17648);
#4996=VERTEX_POINT('',#17650);
#4997=VERTEX_POINT('',#17661);
#4998=VERTEX_POINT('',#17680);
#4999=VERTEX_POINT('',#17684);
#5000=VERTEX_POINT('',#17685);
#5001=VERTEX_POINT('',#17696);
#5002=VERTEX_POINT('',#17710);
#5003=VERTEX_POINT('',#17715);
#5004=VERTEX_POINT('',#17716);
#5005=VERTEX_POINT('',#17727);
#5006=VERTEX_POINT('',#17741);
#5007=VERTEX_POINT('',#17749);
#5008=VERTEX_POINT('',#17754);
#5009=VERTEX_POINT('',#17765);
#5010=VERTEX_POINT('',#17778);
#5011=VERTEX_POINT('',#17783);
#5012=VERTEX_POINT('',#17784);
#5013=VERTEX_POINT('',#17795);
#5014=VERTEX_POINT('',#17809);
#5015=VERTEX_POINT('',#17819);
#5016=VERTEX_POINT('',#17832);
#5017=VERTEX_POINT('',#17836);
#5018=VERTEX_POINT('',#17849);
#5019=VERTEX_POINT('',#17854);
#5020=VERTEX_POINT('',#17855);
#5021=VERTEX_POINT('',#17866);
#5022=VERTEX_POINT('',#17911);
#5023=VERTEX_POINT('',#17918);
#5024=VERTEX_POINT('',#17929);
#5025=VERTEX_POINT('',#17931);
#5026=VERTEX_POINT('',#17948);
#5027=VERTEX_POINT('',#17957);
#5028=VERTEX_POINT('',#17968);
#5029=VERTEX_POINT('',#17970);
#5030=VERTEX_POINT('',#17989);
#5031=VERTEX_POINT('',#17993);
#5032=VERTEX_POINT('',#18004);
#5033=VERTEX_POINT('',#18006);
#5034=VERTEX_POINT('',#18025);
#5035=VERTEX_POINT('',#18029);
#5036=VERTEX_POINT('',#18040);
#5037=VERTEX_POINT('',#18042);
#5038=VERTEX_POINT('',#18061);
#5039=VERTEX_POINT('',#18065);
#5040=VERTEX_POINT('',#18069);
#5041=VERTEX_POINT('',#18071);
#5042=VERTEX_POINT('',#18093);
#5043=VERTEX_POINT('',#18097);
#5044=VERTEX_POINT('',#18108);
#5045=VERTEX_POINT('',#18110);
#5046=VERTEX_POINT('',#18129);
#5047=VERTEX_POINT('',#18133);
#5048=VERTEX_POINT('',#18144);
#5049=VERTEX_POINT('',#18146);
#5050=VERTEX_POINT('',#18165);
#5051=VERTEX_POINT('',#18166);
#5052=VERTEX_POINT('',#18177);
#5053=VERTEX_POINT('',#18246);
#5054=VERTEX_POINT('',#18251);
#5055=VERTEX_POINT('',#18253);
#5056=VERTEX_POINT('',#18254);
#5057=VERTEX_POINT('',#18256);
#5058=VERTEX_POINT('',#18258);
#5059=VERTEX_POINT('',#18260);
#5060=VERTEX_POINT('',#18262);
#5061=VERTEX_POINT('',#18266);
#5062=VERTEX_POINT('',#18268);
#5063=VERTEX_POINT('',#18274);
#5064=VERTEX_POINT('',#18276);
#5065=VERTEX_POINT('',#18280);
#5066=VERTEX_POINT('',#18282);
#5067=VERTEX_POINT('',#18286);
#5068=VERTEX_POINT('',#18288);
#5069=VERTEX_POINT('',#18294);
#5070=VERTEX_POINT('',#18298);
#5071=VERTEX_POINT('',#18302);
#5072=VERTEX_POINT('',#18308);
#5073=VERTEX_POINT('',#18312);
#5074=VERTEX_POINT('',#18314);
#5075=VERTEX_POINT('',#18323);
#5076=VERTEX_POINT('',#18325);
#5077=VERTEX_POINT('',#18326);
#5078=VERTEX_POINT('',#18328);
#5079=VERTEX_POINT('',#18330);
#5080=VERTEX_POINT('',#18332);
#5081=VERTEX_POINT('',#18334);
#5082=VERTEX_POINT('',#18338);
#5083=VERTEX_POINT('',#18340);
#5084=VERTEX_POINT('',#18346);
#5085=VERTEX_POINT('',#18348);
#5086=VERTEX_POINT('',#18352);
#5087=VERTEX_POINT('',#18354);
#5088=VERTEX_POINT('',#18358);
#5089=VERTEX_POINT('',#18360);
#5090=VERTEX_POINT('',#18366);
#5091=VERTEX_POINT('',#18370);
#5092=VERTEX_POINT('',#18374);
#5093=VERTEX_POINT('',#18380);
#5094=VERTEX_POINT('',#18384);
#5095=VERTEX_POINT('',#18386);
#5096=VERTEX_POINT('',#18395);
#5097=VERTEX_POINT('',#18396);
#5098=VERTEX_POINT('',#18414);
#5099=VERTEX_POINT('',#18416);
#5100=VERTEX_POINT('',#18420);
#5101=VERTEX_POINT('',#18423);
#5102=VERTEX_POINT('',#18428);
#5103=VERTEX_POINT('',#18429);
#5104=VERTEX_POINT('',#18431);
#5105=VERTEX_POINT('',#18433);
#5106=VERTEX_POINT('',#18437);
#5107=VERTEX_POINT('',#18438);
#5108=VERTEX_POINT('',#18440);
#5109=VERTEX_POINT('',#18442);
#5110=VERTEX_POINT('',#18446);
#5111=VERTEX_POINT('',#18448);
#5112=VERTEX_POINT('',#18456);
#5113=VERTEX_POINT('',#18458);
#5114=VERTEX_POINT('',#18466);
#5115=VERTEX_POINT('',#18468);
#5116=VERTEX_POINT('',#18470);
#5117=VERTEX_POINT('',#18472);
#5118=VERTEX_POINT('',#18476);
#5119=VERTEX_POINT('',#18481);
#5120=VERTEX_POINT('',#18487);
#5121=VERTEX_POINT('',#18489);
#5122=VERTEX_POINT('',#18497);
#5123=VERTEX_POINT('',#18501);
#5124=VERTEX_POINT('',#18514);
#5125=VERTEX_POINT('',#18515);
#5126=VERTEX_POINT('',#18517);
#5127=VERTEX_POINT('',#18519);
#5128=VERTEX_POINT('',#18523);
#5129=VERTEX_POINT('',#18525);
#5130=VERTEX_POINT('',#18533);
#5131=VERTEX_POINT('',#18534);
#5132=VERTEX_POINT('',#18536);
#5133=VERTEX_POINT('',#18538);
#5134=VERTEX_POINT('',#18542);
#5135=VERTEX_POINT('',#18544);
#5136=VERTEX_POINT('',#18552);
#5137=VERTEX_POINT('',#18554);
#5138=VERTEX_POINT('',#18558);
#5139=VERTEX_POINT('',#18560);
#5140=VERTEX_POINT('',#18566);
#5141=VERTEX_POINT('',#18568);
#5142=VERTEX_POINT('',#18573);
#5143=VERTEX_POINT('',#18575);
#5144=VERTEX_POINT('',#18585);
#5145=VERTEX_POINT('',#18587);
#5146=VERTEX_POINT('',#18600);
#5147=VERTEX_POINT('',#18603);
#5148=VERTEX_POINT('',#18608);
#5149=VERTEX_POINT('',#18610);
#5150=EDGE_CURVE('',#4170,#4170,#3806,.T.);
#5151=EDGE_CURVE('',#4170,#4171,#2006,.T.);
#5152=EDGE_CURVE('',#4171,#4171,#3807,.T.);
#5153=EDGE_CURVE('',#4172,#4172,#3808,.T.);
#5154=EDGE_CURVE('',#4172,#4173,#2007,.T.);
#5155=EDGE_CURVE('',#4173,#4173,#3809,.T.);
#5156=EDGE_CURVE('',#4174,#4174,#3810,.T.);
#5157=EDGE_CURVE('',#4174,#4175,#2008,.T.);
#5158=EDGE_CURVE('',#4175,#4175,#3811,.T.);
#5159=EDGE_CURVE('',#4176,#4176,#3812,.T.);
#5160=EDGE_CURVE('',#4176,#4177,#2009,.T.);
#5161=EDGE_CURVE('',#4177,#4177,#3813,.T.);
#5162=EDGE_CURVE('',#4178,#4178,#3814,.T.);
#5163=EDGE_CURVE('',#4178,#4179,#2010,.T.);
#5164=EDGE_CURVE('',#4179,#4179,#3815,.T.);
#5165=EDGE_CURVE('',#4180,#4180,#3816,.T.);
#5166=EDGE_CURVE('',#4180,#4181,#2011,.T.);
#5167=EDGE_CURVE('',#4181,#4181,#3817,.T.);
#5168=EDGE_CURVE('',#4182,#4182,#3818,.T.);
#5169=EDGE_CURVE('',#4182,#4183,#2012,.T.);
#5170=EDGE_CURVE('',#4183,#4183,#3819,.T.);
#5171=EDGE_CURVE('',#4184,#4184,#3820,.T.);
#5172=EDGE_CURVE('',#4184,#4185,#2013,.T.);
#5173=EDGE_CURVE('',#4185,#4185,#3821,.T.);
#5174=EDGE_CURVE('',#4186,#4186,#3822,.T.);
#5175=EDGE_CURVE('',#4186,#4187,#2014,.T.);
#5176=EDGE_CURVE('',#4187,#4187,#3823,.T.);
#5177=EDGE_CURVE('',#4188,#4188,#3824,.T.);
#5178=EDGE_CURVE('',#4188,#4189,#2015,.T.);
#5179=EDGE_CURVE('',#4189,#4189,#3825,.T.);
#5180=EDGE_CURVE('',#4190,#4191,#2016,.T.);
#5181=EDGE_CURVE('',#4192,#4191,#3826,.T.);
#5182=EDGE_CURVE('',#4192,#4193,#2017,.T.);
#5183=EDGE_CURVE('',#4190,#4193,#3827,.T.);
#5184=EDGE_CURVE('',#4194,#4195,#275,.T.);
#5185=EDGE_CURVE('',#4193,#4194,#2018,.T.);
#5186=EDGE_CURVE('',#4195,#4192,#2019,.T.);
#5187=EDGE_CURVE('',#4196,#4191,#2020,.T.);
#5188=EDGE_CURVE('',#4195,#4196,#276,.T.);
#5189=EDGE_CURVE('',#4190,#4197,#2021,.T.);
#5190=EDGE_CURVE('',#4196,#4197,#277,.T.);
#5191=EDGE_CURVE('',#4198,#4199,#2022,.T.);
#5192=EDGE_CURVE('',#4200,#4199,#3828,.T.);
#5193=EDGE_CURVE('',#4200,#4201,#2023,.T.);
#5194=EDGE_CURVE('',#4198,#4201,#3829,.T.);
#5195=EDGE_CURVE('',#4202,#4203,#278,.T.);
#5196=EDGE_CURVE('',#4201,#4202,#2024,.T.);
#5197=EDGE_CURVE('',#4203,#4200,#2025,.T.);
#5198=EDGE_CURVE('',#4204,#4199,#2026,.T.);
#5199=EDGE_CURVE('',#4203,#4204,#279,.T.);
#5200=EDGE_CURVE('',#4198,#4205,#2027,.T.);
#5201=EDGE_CURVE('',#4204,#4205,#280,.T.);
#5202=EDGE_CURVE('',#4206,#4207,#2028,.T.);
#5203=EDGE_CURVE('',#4208,#4207,#3830,.T.);
#5204=EDGE_CURVE('',#4208,#4209,#2029,.T.);
#5205=EDGE_CURVE('',#4206,#4209,#3831,.T.);
#5206=EDGE_CURVE('',#4210,#4211,#281,.T.);
#5207=EDGE_CURVE('',#4209,#4210,#2030,.T.);
#5208=EDGE_CURVE('',#4211,#4208,#2031,.T.);
#5209=EDGE_CURVE('',#4212,#4207,#2032,.T.);
#5210=EDGE_CURVE('',#4211,#4212,#282,.T.);
#5211=EDGE_CURVE('',#4206,#4213,#2033,.T.);
#5212=EDGE_CURVE('',#4212,#4213,#283,.T.);
#5213=EDGE_CURVE('',#4214,#4215,#2034,.T.);
#5214=EDGE_CURVE('',#4216,#4215,#3832,.T.);
#5215=EDGE_CURVE('',#4216,#4217,#2035,.T.);
#5216=EDGE_CURVE('',#4214,#4217,#3833,.T.);
#5217=EDGE_CURVE('',#4218,#4219,#284,.T.);
#5218=EDGE_CURVE('',#4217,#4218,#2036,.T.);
#5219=EDGE_CURVE('',#4219,#4216,#2037,.T.);
#5220=EDGE_CURVE('',#4220,#4215,#2038,.T.);
#5221=EDGE_CURVE('',#4219,#4220,#285,.T.);
#5222=EDGE_CURVE('',#4214,#4221,#2039,.T.);
#5223=EDGE_CURVE('',#4220,#4221,#286,.T.);
#5224=EDGE_CURVE('',#4222,#4223,#2040,.T.);
#5225=EDGE_CURVE('',#4224,#4223,#3834,.T.);
#5226=EDGE_CURVE('',#4224,#4225,#2041,.T.);
#5227=EDGE_CURVE('',#4222,#4225,#3835,.T.);
#5228=EDGE_CURVE('',#4226,#4227,#287,.T.);
#5229=EDGE_CURVE('',#4225,#4226,#2042,.T.);
#5230=EDGE_CURVE('',#4227,#4224,#2043,.T.);
#5231=EDGE_CURVE('',#4228,#4223,#2044,.T.);
#5232=EDGE_CURVE('',#4227,#4228,#288,.T.);
#5233=EDGE_CURVE('',#4222,#4229,#2045,.T.);
#5234=EDGE_CURVE('',#4228,#4229,#289,.T.);
#5235=EDGE_CURVE('',#4230,#4231,#2046,.T.);
#5236=EDGE_CURVE('',#4230,#4232,#2047,.T.);
#5237=EDGE_CURVE('',#4233,#4232,#290,.T.);
#5238=EDGE_CURVE('',#4233,#4231,#2048,.T.);
#5239=EDGE_CURVE('',#4234,#4235,#2049,.T.);
#5240=EDGE_CURVE('',#4236,#4235,#3836,.T.);
#5241=EDGE_CURVE('',#4236,#4237,#2050,.T.);
#5242=EDGE_CURVE('',#4234,#4237,#3837,.T.);
#5243=EDGE_CURVE('',#4238,#4239,#291,.T.);
#5244=EDGE_CURVE('',#4237,#4238,#2051,.T.);
#5245=EDGE_CURVE('',#4239,#4236,#2052,.T.);
#5246=EDGE_CURVE('',#4240,#4235,#2053,.T.);
#5247=EDGE_CURVE('',#4239,#4240,#292,.T.);
#5248=EDGE_CURVE('',#4234,#4241,#2054,.T.);
#5249=EDGE_CURVE('',#4240,#4241,#293,.T.);
#5250=EDGE_CURVE('',#4242,#4243,#2055,.T.);
#5251=EDGE_CURVE('',#4244,#4243,#3838,.T.);
#5252=EDGE_CURVE('',#4244,#4245,#2056,.T.);
#5253=EDGE_CURVE('',#4242,#4245,#3839,.T.);
#5254=EDGE_CURVE('',#4246,#4247,#294,.T.);
#5255=EDGE_CURVE('',#4245,#4246,#2057,.T.);
#5256=EDGE_CURVE('',#4247,#4244,#2058,.T.);
#5257=EDGE_CURVE('',#4248,#4243,#2059,.T.);
#5258=EDGE_CURVE('',#4247,#4248,#295,.T.);
#5259=EDGE_CURVE('',#4242,#4249,#2060,.T.);
#5260=EDGE_CURVE('',#4248,#4249,#296,.T.);
#5261=EDGE_CURVE('',#4250,#4251,#2061,.T.);
#5262=EDGE_CURVE('',#4252,#4251,#3840,.T.);
#5263=EDGE_CURVE('',#4252,#4253,#2062,.T.);
#5264=EDGE_CURVE('',#4250,#4253,#3841,.T.);
#5265=EDGE_CURVE('',#4254,#4255,#297,.T.);
#5266=EDGE_CURVE('',#4253,#4254,#2063,.T.);
#5267=EDGE_CURVE('',#4255,#4252,#2064,.T.);
#5268=EDGE_CURVE('',#4256,#4251,#2065,.T.);
#5269=EDGE_CURVE('',#4255,#4256,#298,.T.);
#5270=EDGE_CURVE('',#4250,#4257,#2066,.T.);
#5271=EDGE_CURVE('',#4256,#4257,#299,.T.);
#5272=EDGE_CURVE('',#4258,#4259,#2067,.T.);
#5273=EDGE_CURVE('',#4260,#4259,#3842,.T.);
#5274=EDGE_CURVE('',#4260,#4261,#2068,.T.);
#5275=EDGE_CURVE('',#4258,#4261,#3843,.T.);
#5276=EDGE_CURVE('',#4262,#4263,#300,.T.);
#5277=EDGE_CURVE('',#4261,#4262,#2069,.T.);
#5278=EDGE_CURVE('',#4263,#4260,#2070,.T.);
#5279=EDGE_CURVE('',#4264,#4259,#2071,.T.);
#5280=EDGE_CURVE('',#4263,#4264,#301,.T.);
#5281=EDGE_CURVE('',#4258,#4265,#2072,.T.);
#5282=EDGE_CURVE('',#4264,#4265,#302,.T.);
#5283=EDGE_CURVE('',#4266,#4267,#2073,.T.);
#5284=EDGE_CURVE('',#4268,#4267,#3844,.T.);
#5285=EDGE_CURVE('',#4268,#4269,#2074,.T.);
#5286=EDGE_CURVE('',#4266,#4269,#3845,.T.);
#5287=EDGE_CURVE('',#4270,#4271,#303,.T.);
#5288=EDGE_CURVE('',#4269,#4270,#2075,.T.);
#5289=EDGE_CURVE('',#4271,#4268,#2076,.T.);
#5290=EDGE_CURVE('',#4272,#4267,#2077,.T.);
#5291=EDGE_CURVE('',#4271,#4272,#304,.T.);
#5292=EDGE_CURVE('',#4266,#4273,#2078,.T.);
#5293=EDGE_CURVE('',#4272,#4273,#305,.T.);
#5294=EDGE_CURVE('',#4274,#4275,#2079,.T.);
#5295=EDGE_CURVE('',#4276,#4275,#3846,.T.);
#5296=EDGE_CURVE('',#4276,#4277,#2080,.T.);
#5297=EDGE_CURVE('',#4274,#4277,#3847,.T.);
#5298=EDGE_CURVE('',#4278,#4279,#306,.T.);
#5299=EDGE_CURVE('',#4277,#4278,#2081,.T.);
#5300=EDGE_CURVE('',#4279,#4276,#2082,.T.);
#5301=EDGE_CURVE('',#4280,#4275,#2083,.T.);
#5302=EDGE_CURVE('',#4279,#4280,#307,.T.);
#5303=EDGE_CURVE('',#4274,#4281,#2084,.T.);
#5304=EDGE_CURVE('',#4282,#4281,#231,.F.);
#5305=EDGE_CURVE('',#4280,#4282,#232,.F.);
#5306=EDGE_CURVE('',#4283,#4284,#2085,.T.);
#5307=EDGE_CURVE('',#4285,#4284,#3848,.T.);
#5308=EDGE_CURVE('',#4285,#4286,#2086,.T.);
#5309=EDGE_CURVE('',#4283,#4286,#3849,.T.);
#5310=EDGE_CURVE('',#4287,#4288,#308,.T.);
#5311=EDGE_CURVE('',#4286,#4287,#2087,.T.);
#5312=EDGE_CURVE('',#4288,#4285,#2088,.T.);
#5313=EDGE_CURVE('',#4289,#4284,#2089,.T.);
#5314=EDGE_CURVE('',#4288,#4289,#309,.T.);
#5315=EDGE_CURVE('',#4283,#4290,#2090,.T.);
#5316=EDGE_CURVE('',#4289,#4290,#310,.T.);
#5317=EDGE_CURVE('',#4291,#4292,#2091,.T.);
#5318=EDGE_CURVE('',#4293,#4292,#3850,.T.);
#5319=EDGE_CURVE('',#4293,#4294,#2092,.T.);
#5320=EDGE_CURVE('',#4291,#4294,#3851,.T.);
#5321=EDGE_CURVE('',#4295,#4296,#311,.T.);
#5322=EDGE_CURVE('',#4294,#4295,#2093,.T.);
#5323=EDGE_CURVE('',#4296,#4293,#2094,.T.);
#5324=EDGE_CURVE('',#4297,#4292,#2095,.T.);
#5325=EDGE_CURVE('',#4296,#4297,#312,.T.);
#5326=EDGE_CURVE('',#4291,#4298,#2096,.T.);
#5327=EDGE_CURVE('',#4297,#4298,#313,.T.);
#5328=EDGE_CURVE('',#4299,#4300,#2097,.T.);
#5329=EDGE_CURVE('',#4301,#4300,#3852,.T.);
#5330=EDGE_CURVE('',#4301,#4302,#2098,.T.);
#5331=EDGE_CURVE('',#4299,#4302,#3853,.T.);
#5332=EDGE_CURVE('',#4303,#4304,#314,.T.);
#5333=EDGE_CURVE('',#4302,#4303,#2099,.T.);
#5334=EDGE_CURVE('',#4304,#4301,#2100,.T.);
#5335=EDGE_CURVE('',#4305,#4300,#2101,.T.);
#5336=EDGE_CURVE('',#4304,#4305,#315,.T.);
#5337=EDGE_CURVE('',#4299,#4306,#2102,.T.);
#5338=EDGE_CURVE('',#4305,#4306,#316,.T.);
#5339=EDGE_CURVE('',#4307,#4308,#2103,.T.);
#5340=EDGE_CURVE('',#4309,#4308,#3854,.T.);
#5341=EDGE_CURVE('',#4309,#4310,#2104,.T.);
#5342=EDGE_CURVE('',#4307,#4310,#3855,.T.);
#5343=EDGE_CURVE('',#4311,#4312,#317,.T.);
#5344=EDGE_CURVE('',#4310,#4311,#2105,.T.);
#5345=EDGE_CURVE('',#4312,#4309,#2106,.T.);
#5346=EDGE_CURVE('',#4313,#4308,#2107,.T.);
#5347=EDGE_CURVE('',#4312,#4313,#318,.T.);
#5348=EDGE_CURVE('',#4307,#4314,#2108,.T.);
#5349=EDGE_CURVE('',#4313,#4314,#319,.T.);
#5350=EDGE_CURVE('',#4315,#4316,#2109,.T.);
#5351=EDGE_CURVE('',#4317,#4316,#3856,.T.);
#5352=EDGE_CURVE('',#4317,#4318,#2110,.T.);
#5353=EDGE_CURVE('',#4315,#4318,#3857,.T.);
#5354=EDGE_CURVE('',#4319,#4320,#320,.T.);
#5355=EDGE_CURVE('',#4318,#4319,#2111,.T.);
#5356=EDGE_CURVE('',#4320,#4317,#2112,.T.);
#5357=EDGE_CURVE('',#4321,#4316,#2113,.T.);
#5358=EDGE_CURVE('',#4320,#4321,#321,.T.);
#5359=EDGE_CURVE('',#4315,#4322,#2114,.T.);
#5360=EDGE_CURVE('',#4321,#4322,#322,.T.);
#5361=EDGE_CURVE('',#4323,#4324,#2115,.T.);
#5362=EDGE_CURVE('',#4325,#4324,#3858,.T.);
#5363=EDGE_CURVE('',#4325,#4326,#2116,.T.);
#5364=EDGE_CURVE('',#4323,#4326,#3859,.T.);
#5365=EDGE_CURVE('',#4327,#4328,#323,.T.);
#5366=EDGE_CURVE('',#4326,#4327,#2117,.T.);
#5367=EDGE_CURVE('',#4328,#4325,#2118,.T.);
#5368=EDGE_CURVE('',#4329,#4324,#2119,.T.);
#5369=EDGE_CURVE('',#4328,#4329,#324,.T.);
#5370=EDGE_CURVE('',#4323,#4330,#2120,.T.);
#5371=EDGE_CURVE('',#4329,#4330,#325,.T.);
#5372=EDGE_CURVE('',#4331,#4332,#2121,.T.);
#5373=EDGE_CURVE('',#4333,#4332,#3860,.T.);
#5374=EDGE_CURVE('',#4333,#4334,#2122,.T.);
#5375=EDGE_CURVE('',#4331,#4334,#3861,.T.);
#5376=EDGE_CURVE('',#4335,#4336,#326,.T.);
#5377=EDGE_CURVE('',#4334,#4335,#2123,.T.);
#5378=EDGE_CURVE('',#4336,#4333,#2124,.T.);
#5379=EDGE_CURVE('',#4337,#4332,#2125,.T.);
#5380=EDGE_CURVE('',#4336,#4337,#327,.T.);
#5381=EDGE_CURVE('',#4331,#4338,#2126,.T.);
#5382=EDGE_CURVE('',#4337,#4338,#328,.T.);
#5383=EDGE_CURVE('',#4339,#4340,#2127,.T.);
#5384=EDGE_CURVE('',#4341,#4340,#3862,.T.);
#5385=EDGE_CURVE('',#4341,#4342,#2128,.T.);
#5386=EDGE_CURVE('',#4339,#4342,#3863,.T.);
#5387=EDGE_CURVE('',#4343,#4344,#329,.T.);
#5388=EDGE_CURVE('',#4342,#4343,#2129,.T.);
#5389=EDGE_CURVE('',#4344,#4341,#2130,.T.);
#5390=EDGE_CURVE('',#4345,#4340,#2131,.T.);
#5391=EDGE_CURVE('',#4344,#4345,#330,.T.);
#5392=EDGE_CURVE('',#4339,#4346,#2132,.T.);
#5393=EDGE_CURVE('',#4345,#4346,#331,.T.);
#5394=EDGE_CURVE('',#4347,#4348,#2133,.T.);
#5395=EDGE_CURVE('',#4349,#4348,#3864,.T.);
#5396=EDGE_CURVE('',#4349,#4350,#2134,.T.);
#5397=EDGE_CURVE('',#4347,#4350,#3865,.T.);
#5398=EDGE_CURVE('',#4351,#4352,#332,.T.);
#5399=EDGE_CURVE('',#4350,#4351,#2135,.T.);
#5400=EDGE_CURVE('',#4352,#4349,#2136,.T.);
#5401=EDGE_CURVE('',#4353,#4348,#2137,.T.);
#5402=EDGE_CURVE('',#4352,#4353,#333,.T.);
#5403=EDGE_CURVE('',#4347,#4354,#2138,.T.);
#5404=EDGE_CURVE('',#4353,#4354,#334,.T.);
#5405=EDGE_CURVE('',#4355,#4356,#2139,.T.);
#5406=EDGE_CURVE('',#4357,#4356,#3866,.T.);
#5407=EDGE_CURVE('',#4357,#4358,#2140,.T.);
#5408=EDGE_CURVE('',#4355,#4358,#3867,.T.);
#5409=EDGE_CURVE('',#4359,#4360,#335,.T.);
#5410=EDGE_CURVE('',#4358,#4359,#2141,.T.);
#5411=EDGE_CURVE('',#4360,#4357,#2142,.T.);
#5412=EDGE_CURVE('',#4361,#4356,#2143,.T.);
#5413=EDGE_CURVE('',#4360,#4361,#336,.T.);
#5414=EDGE_CURVE('',#4355,#4362,#2144,.T.);
#5415=EDGE_CURVE('',#4361,#4362,#337,.T.);
#5416=EDGE_CURVE('',#4363,#4364,#2145,.T.);
#5417=EDGE_CURVE('',#4365,#4364,#3868,.T.);
#5418=EDGE_CURVE('',#4365,#4366,#2146,.T.);
#5419=EDGE_CURVE('',#4363,#4366,#3869,.T.);
#5420=EDGE_CURVE('',#4367,#4368,#338,.T.);
#5421=EDGE_CURVE('',#4366,#4367,#2147,.T.);
#5422=EDGE_CURVE('',#4368,#4365,#2148,.T.);
#5423=EDGE_CURVE('',#4369,#4364,#2149,.T.);
#5424=EDGE_CURVE('',#4368,#4369,#339,.T.);
#5425=EDGE_CURVE('',#4363,#4370,#2150,.T.);
#5426=EDGE_CURVE('',#4369,#4370,#340,.T.);
#5427=EDGE_CURVE('',#4371,#4372,#2151,.T.);
#5428=EDGE_CURVE('',#4373,#4372,#3870,.T.);
#5429=EDGE_CURVE('',#4373,#4374,#2152,.T.);
#5430=EDGE_CURVE('',#4371,#4374,#3871,.T.);
#5431=EDGE_CURVE('',#4375,#4376,#341,.T.);
#5432=EDGE_CURVE('',#4374,#4375,#2153,.T.);
#5433=EDGE_CURVE('',#4376,#4373,#2154,.T.);
#5434=EDGE_CURVE('',#4377,#4372,#2155,.T.);
#5435=EDGE_CURVE('',#4376,#4377,#342,.T.);
#5436=EDGE_CURVE('',#4371,#4378,#2156,.T.);
#5437=EDGE_CURVE('',#4377,#4378,#343,.T.);
#5438=EDGE_CURVE('',#4379,#4380,#2157,.T.);
#5439=EDGE_CURVE('',#4381,#4380,#3872,.T.);
#5440=EDGE_CURVE('',#4381,#4382,#2158,.T.);
#5441=EDGE_CURVE('',#4379,#4382,#3873,.T.);
#5442=EDGE_CURVE('',#4379,#4383,#2159,.T.);
#5443=EDGE_CURVE('',#4384,#4383,#344,.T.);
#5444=EDGE_CURVE('',#4384,#4380,#2160,.T.);
#5445=EDGE_CURVE('',#4385,#4384,#345,.T.);
#5446=EDGE_CURVE('',#4385,#4381,#2161,.T.);
#5447=EDGE_CURVE('',#4386,#4385,#233,.F.);
#5448=EDGE_CURVE('',#4382,#4386,#2162,.T.);
#5449=EDGE_CURVE('',#4194,#4383,#3874,.T.);
#5450=EDGE_CURVE('',#4202,#4197,#3875,.T.);
#5451=EDGE_CURVE('',#4210,#4205,#3876,.T.);
#5452=EDGE_CURVE('',#4218,#4213,#3877,.T.);
#5453=EDGE_CURVE('',#4226,#4221,#3878,.T.);
#5454=EDGE_CURVE('',#4387,#4229,#3879,.T.);
#5455=EDGE_CURVE('',#4387,#4388,#346,.T.);
#5456=EDGE_CURVE('',#4388,#4233,#347,.T.);
#5457=EDGE_CURVE('',#4238,#4232,#3880,.T.);
#5458=EDGE_CURVE('',#4246,#4241,#3881,.T.);
#5459=EDGE_CURVE('',#4254,#4249,#3882,.T.);
#5460=EDGE_CURVE('',#4262,#4257,#3883,.T.);
#5461=EDGE_CURVE('',#4270,#4265,#3884,.T.);
#5462=EDGE_CURVE('',#4278,#4273,#3885,.T.);
#5463=EDGE_CURVE('',#4282,#4389,#2163,.T.);
#5464=EDGE_CURVE('',#4389,#4389,#3886,.T.);
#5465=EDGE_CURVE('',#4287,#4281,#3887,.T.);
#5466=EDGE_CURVE('',#4295,#4290,#3888,.T.);
#5467=EDGE_CURVE('',#4303,#4298,#3889,.T.);
#5468=EDGE_CURVE('',#4311,#4306,#3890,.T.);
#5469=EDGE_CURVE('',#4319,#4314,#3891,.T.);
#5470=EDGE_CURVE('',#4327,#4322,#3892,.T.);
#5471=EDGE_CURVE('',#4335,#4330,#3893,.T.);
#5472=EDGE_CURVE('',#4343,#4338,#3894,.T.);
#5473=EDGE_CURVE('',#4351,#4346,#3895,.T.);
#5474=EDGE_CURVE('',#4359,#4354,#3896,.T.);
#5475=EDGE_CURVE('',#4367,#4362,#3897,.T.);
#5476=EDGE_CURVE('',#4375,#4370,#3898,.T.);
#5477=EDGE_CURVE('',#4386,#4378,#3899,.T.);
#5478=EDGE_CURVE('',#4390,#4231,#3900,.T.);
#5479=EDGE_CURVE('',#4388,#4390,#2164,.T.);
#5480=EDGE_CURVE('',#4391,#4387,#2165,.T.);
#5481=EDGE_CURVE('',#4390,#4391,#2166,.T.);
#5482=EDGE_CURVE('',#4230,#4392,#3901,.T.);
#5483=EDGE_CURVE('',#4392,#4391,#3902,.T.);
#5484=EDGE_CURVE('',#4393,#4393,#3903,.T.);
#5485=EDGE_CURVE('',#4393,#4392,#2167,.T.);
#5486=EDGE_CURVE('',#4394,#4394,#3904,.T.);
#5487=EDGE_CURVE('',#4394,#4395,#2168,.T.);
#5488=EDGE_CURVE('',#4395,#4395,#3905,.T.);
#5489=EDGE_CURVE('',#4396,#4397,#3906,.T.);
#5490=EDGE_CURVE('',#4397,#4398,#2169,.T.);
#5491=EDGE_CURVE('',#4398,#4398,#3907,.T.);
#5492=EDGE_CURVE('',#4397,#4396,#3908,.T.);
#5493=EDGE_CURVE('',#4399,#4399,#3909,.T.);
#5494=EDGE_CURVE('',#4399,#4400,#2170,.T.);
#5495=EDGE_CURVE('',#4400,#4400,#3910,.T.);
#5496=EDGE_CURVE('',#4401,#4401,#3911,.T.);
#5497=EDGE_CURVE('',#4401,#4402,#2171,.T.);
#5498=EDGE_CURVE('',#4402,#4402,#3912,.T.);
#5499=EDGE_CURVE('',#4403,#4403,#3913,.T.);
#5500=EDGE_CURVE('',#4403,#4404,#2172,.T.);
#5501=EDGE_CURVE('',#4404,#4404,#3914,.T.);
#5502=EDGE_CURVE('',#4405,#4405,#3915,.T.);
#5503=EDGE_CURVE('',#4405,#4406,#2173,.T.);
#5504=EDGE_CURVE('',#4406,#4406,#3916,.T.);
#5505=EDGE_CURVE('',#4407,#4407,#3917,.T.);
#5506=EDGE_CURVE('',#4407,#4408,#2174,.T.);
#5507=EDGE_CURVE('',#4408,#4408,#3918,.T.);
#5508=EDGE_CURVE('',#4409,#4409,#3919,.T.);
#5509=EDGE_CURVE('',#4409,#4410,#2175,.T.);
#5510=EDGE_CURVE('',#4410,#4410,#3920,.T.);
#5511=EDGE_CURVE('',#4411,#4411,#3921,.T.);
#5512=EDGE_CURVE('',#4411,#4412,#2176,.T.);
#5513=EDGE_CURVE('',#4412,#4412,#3922,.T.);
#5514=EDGE_CURVE('',#4413,#4413,#3923,.T.);
#5515=EDGE_CURVE('',#4413,#4414,#2177,.T.);
#5516=EDGE_CURVE('',#4414,#4414,#3924,.T.);
#5517=EDGE_CURVE('',#4415,#4415,#3925,.T.);
#5518=EDGE_CURVE('',#4415,#4416,#2178,.T.);
#5519=EDGE_CURVE('',#4416,#4416,#3926,.T.);
#5520=EDGE_CURVE('',#4417,#4417,#3927,.T.);
#5521=EDGE_CURVE('',#4417,#4418,#2179,.T.);
#5522=EDGE_CURVE('',#4418,#4418,#3928,.T.);
#5523=EDGE_CURVE('',#4419,#4419,#3929,.T.);
#5524=EDGE_CURVE('',#4419,#4396,#2180,.T.);
#5525=EDGE_CURVE('',#4420,#4421,#3930,.T.);
#5526=EDGE_CURVE('',#4420,#4421,#348,.T.);
#5527=EDGE_CURVE('',#4421,#4420,#234,.T.);
#5528=EDGE_CURVE('',#4422,#4423,#349,.T.);
#5529=EDGE_CURVE('',#4422,#4423,#3931,.T.);
#5530=EDGE_CURVE('',#4423,#4422,#235,.F.);
#5531=EDGE_CURVE('',#4424,#4425,#3932,.T.);
#5532=EDGE_CURVE('',#4424,#4425,#350,.T.);
#5533=EDGE_CURVE('',#4425,#4424,#236,.F.);
#5534=EDGE_CURVE('',#4426,#4427,#2181,.T.);
#5535=EDGE_CURVE('',#4428,#4427,#2182,.T.);
#5536=EDGE_CURVE('',#4429,#4428,#2183,.T.);
#5537=EDGE_CURVE('',#4426,#4429,#2184,.T.);
#5538=EDGE_CURVE('',#4430,#4431,#2185,.T.);
#5539=EDGE_CURVE('',#4427,#4431,#2186,.T.);
#5540=EDGE_CURVE('',#4430,#4426,#2187,.T.);
#5541=EDGE_CURVE('',#4432,#4433,#2188,.T.);
#5542=EDGE_CURVE('',#4431,#4433,#2189,.T.);
#5543=EDGE_CURVE('',#4432,#4430,#2190,.T.);
#5544=EDGE_CURVE('',#4433,#4434,#2191,.T.);
#5545=EDGE_CURVE('',#4434,#4435,#2192,.T.);
#5546=EDGE_CURVE('',#4435,#4428,#2193,.T.);
#5547=EDGE_CURVE('',#4436,#4435,#2194,.T.);
#5548=EDGE_CURVE('',#4429,#4436,#2195,.T.);
#5549=EDGE_CURVE('',#4436,#4437,#2196,.T.);
#5550=EDGE_CURVE('',#4438,#4437,#2197,.T.);
#5551=EDGE_CURVE('',#4429,#4438,#2198,.T.);
#5552=EDGE_CURVE('',#4426,#4439,#2199,.T.);
#5553=EDGE_CURVE('',#4439,#4438,#2200,.T.);
#5554=EDGE_CURVE('',#4430,#4440,#2201,.T.);
#5555=EDGE_CURVE('',#4440,#4439,#2202,.T.);
#5556=EDGE_CURVE('',#4432,#4441,#2203,.T.);
#5557=EDGE_CURVE('',#4441,#4440,#2204,.T.);
#5558=EDGE_CURVE('',#4442,#4443,#2205,.T.);
#5559=EDGE_CURVE('',#4442,#4432,#2206,.T.);
#5560=EDGE_CURVE('',#4443,#4441,#2207,.T.);
#5561=EDGE_CURVE('',#4442,#4434,#2208,.T.);
#5562=EDGE_CURVE('',#4436,#4442,#2209,.T.);
#5563=EDGE_CURVE('',#4437,#4443,#2210,.T.);
#5564=EDGE_CURVE('',#4444,#4445,#3933,.T.);
#5565=EDGE_CURVE('',#4445,#4444,#3934,.T.);
#5566=EDGE_CURVE('',#4445,#4446,#2211,.T.);
#5567=EDGE_CURVE('',#4446,#4446,#3935,.T.);
#5568=EDGE_CURVE('',#4447,#4447,#3936,.T.);
#5569=EDGE_CURVE('',#4447,#4444,#3937,.T.);
#5570=EDGE_CURVE('',#4448,#4449,#2212,.T.);
#5571=EDGE_CURVE('',#4450,#4449,#2213,.T.);
#5572=EDGE_CURVE('',#4451,#4450,#2214,.T.);
#5573=EDGE_CURVE('',#4448,#4451,#2215,.T.);
#5574=EDGE_CURVE('',#4452,#4453,#2216,.T.);
#5575=EDGE_CURVE('',#4449,#4453,#2217,.T.);
#5576=EDGE_CURVE('',#4452,#4448,#2218,.T.);
#5577=EDGE_CURVE('',#4454,#4455,#2219,.T.);
#5578=EDGE_CURVE('',#4453,#4455,#2220,.T.);
#5579=EDGE_CURVE('',#4454,#4452,#2221,.T.);
#5580=EDGE_CURVE('',#4455,#4456,#2222,.T.);
#5581=EDGE_CURVE('',#4456,#4457,#2223,.T.);
#5582=EDGE_CURVE('',#4457,#4450,#2224,.T.);
#5583=EDGE_CURVE('',#4458,#4457,#2225,.T.);
#5584=EDGE_CURVE('',#4451,#4458,#2226,.T.);
#5585=EDGE_CURVE('',#4458,#4459,#2227,.T.);
#5586=EDGE_CURVE('',#4460,#4459,#2228,.T.);
#5587=EDGE_CURVE('',#4451,#4460,#2229,.T.);
#5588=EDGE_CURVE('',#4448,#4461,#2230,.T.);
#5589=EDGE_CURVE('',#4461,#4460,#2231,.T.);
#5590=EDGE_CURVE('',#4452,#4462,#2232,.T.);
#5591=EDGE_CURVE('',#4462,#4461,#2233,.T.);
#5592=EDGE_CURVE('',#4454,#4463,#2234,.T.);
#5593=EDGE_CURVE('',#4463,#4462,#2235,.T.);
#5594=EDGE_CURVE('',#4464,#4465,#2236,.T.);
#5595=EDGE_CURVE('',#4464,#4454,#2237,.T.);
#5596=EDGE_CURVE('',#4465,#4463,#2238,.T.);
#5597=EDGE_CURVE('',#4464,#4456,#2239,.T.);
#5598=EDGE_CURVE('',#4458,#4464,#2240,.T.);
#5599=EDGE_CURVE('',#4459,#4465,#2241,.T.);
#5600=EDGE_CURVE('',#4466,#4467,#3938,.T.);
#5601=EDGE_CURVE('',#4467,#4466,#3939,.T.);
#5602=EDGE_CURVE('',#4467,#4468,#2242,.T.);
#5603=EDGE_CURVE('',#4468,#4468,#3940,.T.);
#5604=EDGE_CURVE('',#4469,#4469,#3941,.T.);
#5605=EDGE_CURVE('',#4469,#4466,#3942,.T.);
#5606=EDGE_CURVE('',#4470,#4471,#3943,.T.);
#5607=EDGE_CURVE('',#4471,#4472,#2243,.T.);
#5608=EDGE_CURVE('',#4472,#4473,#3944,.T.);
#5609=EDGE_CURVE('',#4474,#4473,#2244,.T.);
#5610=EDGE_CURVE('',#4475,#4474,#2245,.T.);
#5611=EDGE_CURVE('',#4470,#4475,#2246,.T.);
#5612=EDGE_CURVE('',#4476,#4477,#3945,.T.);
#5613=EDGE_CURVE('',#4478,#4477,#2247,.T.);
#5614=EDGE_CURVE('',#4479,#4478,#2248,.T.);
#5615=EDGE_CURVE('',#4480,#4479,#2249,.T.);
#5616=EDGE_CURVE('',#4480,#4481,#3946,.T.);
#5617=EDGE_CURVE('',#4481,#4476,#2250,.T.);
#5618=EDGE_CURVE('',#4482,#4483,#237,.T.);
#5619=EDGE_CURVE('',#4484,#4482,#2251,.T.);
#5620=EDGE_CURVE('',#4485,#4484,#3947,.T.);
#5621=EDGE_CURVE('',#4483,#4485,#238,.T.);
#5622=EDGE_CURVE('',#4486,#4487,#2252,.T.);
#5623=EDGE_CURVE('',#4488,#4486,#2253,.T.);
#5624=EDGE_CURVE('',#4489,#4488,#2254,.T.);
#5625=EDGE_CURVE('',#4489,#4490,#2255,.T.);
#5626=EDGE_CURVE('',#4487,#4490,#2256,.T.);
#5627=EDGE_CURVE('',#4491,#4492,#2257,.T.);
#5628=EDGE_CURVE('',#4493,#4491,#2258,.T.);
#5629=EDGE_CURVE('',#4494,#4493,#2259,.T.);
#5630=EDGE_CURVE('',#4494,#4495,#2260,.T.);
#5631=EDGE_CURVE('',#4492,#4495,#2261,.T.);
#5632=EDGE_CURVE('',#4496,#4497,#2262,.T.);
#5633=EDGE_CURVE('',#4498,#4497,#2263,.T.);
#5634=EDGE_CURVE('',#4499,#4498,#2264,.T.);
#5635=EDGE_CURVE('',#4499,#4496,#2265,.T.);
#5636=EDGE_CURVE('',#4500,#4501,#2266,.T.);
#5637=EDGE_CURVE('',#4501,#4502,#2267,.T.);
#5638=EDGE_CURVE('',#4503,#4502,#2268,.T.);
#5639=EDGE_CURVE('',#4503,#4504,#2269,.T.);
#5640=EDGE_CURVE('',#4504,#4505,#2270,.T.);
#5641=EDGE_CURVE('',#4506,#4505,#2271,.T.);
#5642=EDGE_CURVE('',#4507,#4506,#2272,.T.);
#5643=EDGE_CURVE('',#4507,#4500,#2273,.T.);
#5644=EDGE_CURVE('',#4508,#4509,#2274,.T.);
#5645=EDGE_CURVE('',#4509,#4510,#2275,.T.);
#5646=EDGE_CURVE('',#4510,#4511,#2276,.T.);
#5647=EDGE_CURVE('',#4511,#4512,#2277,.T.);
#5648=EDGE_CURVE('',#4512,#4513,#2278,.T.);
#5649=EDGE_CURVE('',#4513,#4514,#2279,.T.);
#5650=EDGE_CURVE('',#4514,#4515,#2280,.T.);
#5651=EDGE_CURVE('',#4515,#4508,#2281,.T.);
#5652=EDGE_CURVE('',#4516,#4509,#2282,.T.);
#5653=EDGE_CURVE('',#4517,#4508,#2283,.T.);
#5654=EDGE_CURVE('',#4517,#4516,#2284,.T.);
#5655=EDGE_CURVE('',#4518,#4510,#2285,.T.);
#5656=EDGE_CURVE('',#4516,#4518,#2286,.T.);
#5657=EDGE_CURVE('',#4519,#4511,#2287,.T.);
#5658=EDGE_CURVE('',#4518,#4519,#2288,.T.);
#5659=EDGE_CURVE('',#4520,#4512,#2289,.T.);
#5660=EDGE_CURVE('',#4519,#4520,#2290,.T.);
#5661=EDGE_CURVE('',#4521,#4513,#2291,.T.);
#5662=EDGE_CURVE('',#4520,#4521,#2292,.T.);
#5663=EDGE_CURVE('',#4522,#4514,#2293,.T.);
#5664=EDGE_CURVE('',#4521,#4522,#2294,.T.);
#5665=EDGE_CURVE('',#4523,#4515,#2295,.T.);
#5666=EDGE_CURVE('',#4522,#4523,#2296,.T.);
#5667=EDGE_CURVE('',#4523,#4517,#2297,.T.);
#5668=EDGE_CURVE('',#4524,#4525,#2298,.T.);
#5669=EDGE_CURVE('',#4525,#4526,#2299,.T.);
#5670=EDGE_CURVE('',#4527,#4526,#2300,.T.);
#5671=EDGE_CURVE('',#4528,#4527,#2301,.T.);
#5672=EDGE_CURVE('',#4528,#4529,#2302,.T.);
#5673=EDGE_CURVE('',#4530,#4529,#2303,.T.);
#5674=EDGE_CURVE('',#4531,#4530,#2304,.T.);
#5675=EDGE_CURVE('',#4524,#4531,#2305,.T.);
#5676=EDGE_CURVE('',#4532,#4533,#2306,.T.);
#5677=EDGE_CURVE('',#4533,#4534,#2307,.T.);
#5678=EDGE_CURVE('',#4535,#4534,#2308,.T.);
#5679=EDGE_CURVE('',#4535,#4536,#2309,.T.);
#5680=EDGE_CURVE('',#4536,#4537,#2310,.T.);
#5681=EDGE_CURVE('',#4538,#4537,#2311,.T.);
#5682=EDGE_CURVE('',#4539,#4538,#2312,.T.);
#5683=EDGE_CURVE('',#4539,#4532,#2313,.T.);
#5684=EDGE_CURVE('',#4540,#4541,#2314,.T.);
#5685=EDGE_CURVE('',#4541,#4542,#2315,.T.);
#5686=EDGE_CURVE('',#4542,#4543,#2316,.T.);
#5687=EDGE_CURVE('',#4543,#4544,#2317,.T.);
#5688=EDGE_CURVE('',#4544,#4545,#2318,.T.);
#5689=EDGE_CURVE('',#4545,#4546,#2319,.T.);
#5690=EDGE_CURVE('',#4546,#4547,#2320,.T.);
#5691=EDGE_CURVE('',#4547,#4540,#2321,.T.);
#5692=EDGE_CURVE('',#4548,#4541,#2322,.T.);
#5693=EDGE_CURVE('',#4549,#4540,#2323,.T.);
#5694=EDGE_CURVE('',#4549,#4548,#2324,.T.);
#5695=EDGE_CURVE('',#4550,#4542,#2325,.T.);
#5696=EDGE_CURVE('',#4548,#4550,#2326,.T.);
#5697=EDGE_CURVE('',#4551,#4543,#2327,.T.);
#5698=EDGE_CURVE('',#4550,#4551,#2328,.T.);
#5699=EDGE_CURVE('',#4552,#4544,#2329,.T.);
#5700=EDGE_CURVE('',#4551,#4552,#2330,.T.);
#5701=EDGE_CURVE('',#4553,#4545,#2331,.T.);
#5702=EDGE_CURVE('',#4552,#4553,#2332,.T.);
#5703=EDGE_CURVE('',#4554,#4546,#2333,.T.);
#5704=EDGE_CURVE('',#4553,#4554,#2334,.T.);
#5705=EDGE_CURVE('',#4555,#4547,#2335,.T.);
#5706=EDGE_CURVE('',#4554,#4555,#2336,.T.);
#5707=EDGE_CURVE('',#4555,#4549,#2337,.T.);
#5708=EDGE_CURVE('',#4556,#4557,#2338,.T.);
#5709=EDGE_CURVE('',#4557,#4558,#2339,.T.);
#5710=EDGE_CURVE('',#4559,#4558,#2340,.T.);
#5711=EDGE_CURVE('',#4560,#4559,#2341,.T.);
#5712=EDGE_CURVE('',#4560,#4561,#2342,.T.);
#5713=EDGE_CURVE('',#4562,#4561,#2343,.T.);
#5714=EDGE_CURVE('',#4563,#4562,#2344,.T.);
#5715=EDGE_CURVE('',#4556,#4563,#2345,.T.);
#5716=EDGE_CURVE('',#4564,#4565,#2346,.T.);
#5717=EDGE_CURVE('',#4565,#4566,#2347,.T.);
#5718=EDGE_CURVE('',#4567,#4566,#2348,.T.);
#5719=EDGE_CURVE('',#4567,#4568,#2349,.T.);
#5720=EDGE_CURVE('',#4568,#4569,#2350,.T.);
#5721=EDGE_CURVE('',#4570,#4569,#2351,.T.);
#5722=EDGE_CURVE('',#4571,#4570,#2352,.T.);
#5723=EDGE_CURVE('',#4571,#4564,#2353,.T.);
#5724=EDGE_CURVE('',#4572,#4573,#2354,.T.);
#5725=EDGE_CURVE('',#4573,#4574,#2355,.T.);
#5726=EDGE_CURVE('',#4574,#4575,#2356,.T.);
#5727=EDGE_CURVE('',#4575,#4576,#2357,.T.);
#5728=EDGE_CURVE('',#4576,#4577,#2358,.T.);
#5729=EDGE_CURVE('',#4577,#4578,#2359,.T.);
#5730=EDGE_CURVE('',#4578,#4579,#2360,.T.);
#5731=EDGE_CURVE('',#4579,#4572,#2361,.T.);
#5732=EDGE_CURVE('',#4580,#4573,#2362,.T.);
#5733=EDGE_CURVE('',#4581,#4572,#2363,.T.);
#5734=EDGE_CURVE('',#4581,#4580,#2364,.T.);
#5735=EDGE_CURVE('',#4582,#4574,#2365,.T.);
#5736=EDGE_CURVE('',#4580,#4582,#2366,.T.);
#5737=EDGE_CURVE('',#4583,#4575,#2367,.T.);
#5738=EDGE_CURVE('',#4582,#4583,#2368,.T.);
#5739=EDGE_CURVE('',#4584,#4576,#2369,.T.);
#5740=EDGE_CURVE('',#4583,#4584,#2370,.T.);
#5741=EDGE_CURVE('',#4585,#4577,#2371,.T.);
#5742=EDGE_CURVE('',#4584,#4585,#2372,.T.);
#5743=EDGE_CURVE('',#4586,#4578,#2373,.T.);
#5744=EDGE_CURVE('',#4585,#4586,#2374,.T.);
#5745=EDGE_CURVE('',#4587,#4579,#2375,.T.);
#5746=EDGE_CURVE('',#4586,#4587,#2376,.T.);
#5747=EDGE_CURVE('',#4587,#4581,#2377,.T.);
#5748=EDGE_CURVE('',#4588,#4589,#2378,.T.);
#5749=EDGE_CURVE('',#4589,#4590,#2379,.T.);
#5750=EDGE_CURVE('',#4591,#4590,#2380,.T.);
#5751=EDGE_CURVE('',#4592,#4591,#2381,.T.);
#5752=EDGE_CURVE('',#4592,#4593,#2382,.T.);
#5753=EDGE_CURVE('',#4594,#4593,#2383,.T.);
#5754=EDGE_CURVE('',#4595,#4594,#2384,.T.);
#5755=EDGE_CURVE('',#4588,#4595,#2385,.T.);
#5756=EDGE_CURVE('',#4530,#4533,#2386,.T.);
#5757=EDGE_CURVE('',#4531,#4532,#2387,.T.);
#5758=EDGE_CURVE('',#4562,#4565,#2388,.T.);
#5759=EDGE_CURVE('',#4563,#4564,#2389,.T.);
#5760=EDGE_CURVE('',#4594,#4596,#2390,.T.);
#5761=EDGE_CURVE('',#4597,#4596,#2391,.T.);
#5762=EDGE_CURVE('',#4595,#4597,#2392,.T.);
#5763=EDGE_CURVE('',#4534,#4529,#2393,.T.);
#5764=EDGE_CURVE('',#4566,#4561,#2394,.T.);
#5765=EDGE_CURVE('',#4598,#4593,#2395,.T.);
#5766=EDGE_CURVE('',#4596,#4598,#2396,.T.);
#5767=EDGE_CURVE('',#4535,#4528,#2397,.T.);
#5768=EDGE_CURVE('',#4567,#4560,#2398,.T.);
#5769=EDGE_CURVE('',#4599,#4592,#2399,.T.);
#5770=EDGE_CURVE('',#4599,#4598,#2400,.T.);
#5771=EDGE_CURVE('',#4526,#4537,#2401,.T.);
#5772=EDGE_CURVE('',#4527,#4536,#2402,.T.);
#5773=EDGE_CURVE('',#4558,#4569,#2403,.T.);
#5774=EDGE_CURVE('',#4559,#4568,#2404,.T.);
#5775=EDGE_CURVE('',#4590,#4600,#2405,.T.);
#5776=EDGE_CURVE('',#4601,#4600,#2406,.T.);
#5777=EDGE_CURVE('',#4591,#4601,#2407,.T.);
#5778=EDGE_CURVE('',#4538,#4525,#2408,.T.);
#5779=EDGE_CURVE('',#4570,#4557,#2409,.T.);
#5780=EDGE_CURVE('',#4602,#4589,#2410,.T.);
#5781=EDGE_CURVE('',#4602,#4600,#2411,.T.);
#5782=EDGE_CURVE('',#4539,#4524,#2412,.T.);
#5783=EDGE_CURVE('',#4571,#4556,#2413,.T.);
#5784=EDGE_CURVE('',#4603,#4588,#2414,.T.);
#5785=EDGE_CURVE('',#4603,#4602,#2415,.T.);
#5786=EDGE_CURVE('',#4603,#4597,#2416,.T.);
#5787=EDGE_CURVE('',#4599,#4601,#2417,.T.);
#5788=EDGE_CURVE('',#4604,#4605,#2418,.T.);
#5789=EDGE_CURVE('',#4605,#4606,#2419,.T.);
#5790=EDGE_CURVE('',#4606,#4607,#2420,.T.);
#5791=EDGE_CURVE('',#4607,#4608,#2421,.T.);
#5792=EDGE_CURVE('',#4608,#4609,#2422,.T.);
#5793=EDGE_CURVE('',#4609,#4610,#2423,.T.);
#5794=EDGE_CURVE('',#4610,#4611,#2424,.T.);
#5795=EDGE_CURVE('',#4611,#4604,#2425,.T.);
#5796=EDGE_CURVE('',#4612,#4605,#2426,.T.);
#5797=EDGE_CURVE('',#4613,#4604,#2427,.T.);
#5798=EDGE_CURVE('',#4613,#4612,#2428,.T.);
#5799=EDGE_CURVE('',#4614,#4606,#2429,.T.);
#5800=EDGE_CURVE('',#4612,#4614,#2430,.T.);
#5801=EDGE_CURVE('',#4615,#4607,#2431,.T.);
#5802=EDGE_CURVE('',#4614,#4615,#2432,.T.);
#5803=EDGE_CURVE('',#4616,#4608,#2433,.T.);
#5804=EDGE_CURVE('',#4615,#4616,#2434,.T.);
#5805=EDGE_CURVE('',#4617,#4609,#2435,.T.);
#5806=EDGE_CURVE('',#4616,#4617,#2436,.T.);
#5807=EDGE_CURVE('',#4618,#4610,#2437,.T.);
#5808=EDGE_CURVE('',#4617,#4618,#2438,.T.);
#5809=EDGE_CURVE('',#4619,#4611,#2439,.T.);
#5810=EDGE_CURVE('',#4618,#4619,#2440,.T.);
#5811=EDGE_CURVE('',#4619,#4613,#2441,.T.);
#5812=EDGE_CURVE('',#4620,#4621,#2442,.T.);
#5813=EDGE_CURVE('',#4621,#4622,#2443,.T.);
#5814=EDGE_CURVE('',#4623,#4622,#2444,.T.);
#5815=EDGE_CURVE('',#4624,#4623,#2445,.T.);
#5816=EDGE_CURVE('',#4624,#4625,#2446,.T.);
#5817=EDGE_CURVE('',#4626,#4625,#2447,.T.);
#5818=EDGE_CURVE('',#4627,#4626,#2448,.T.);
#5819=EDGE_CURVE('',#4620,#4627,#2449,.T.);
#5820=EDGE_CURVE('',#4628,#4629,#2450,.T.);
#5821=EDGE_CURVE('',#4484,#4628,#2451,.T.);
#5822=EDGE_CURVE('',#4630,#4482,#2452,.T.);
#5823=EDGE_CURVE('',#4630,#4629,#2453,.T.);
#5824=EDGE_CURVE('',#4631,#4493,#2454,.T.);
#5825=EDGE_CURVE('',#4497,#4631,#2455,.T.);
#5826=EDGE_CURVE('',#4494,#4496,#2456,.T.);
#5827=EDGE_CURVE('',#4632,#4633,#2457,.T.);
#5828=EDGE_CURVE('',#4632,#4634,#2458,.T.);
#5829=EDGE_CURVE('',#4628,#4634,#2459,.T.);
#5830=EDGE_CURVE('',#4633,#4629,#2460,.T.);
#5831=EDGE_CURVE('',#4635,#4636,#2461,.T.);
#5832=EDGE_CURVE('',#4635,#4632,#2462,.T.);
#5833=EDGE_CURVE('',#4636,#4633,#2463,.T.);
#5834=EDGE_CURVE('',#4637,#4498,#2464,.T.);
#5835=EDGE_CURVE('',#4638,#4637,#2465,.T.);
#5836=EDGE_CURVE('',#4638,#4639,#2466,.T.);
#5837=EDGE_CURVE('',#4499,#4639,#2467,.T.);
#5838=EDGE_CURVE('',#4640,#4488,#2468,.T.);
#5839=EDGE_CURVE('',#4640,#4635,#2469,.T.);
#5840=EDGE_CURVE('',#4489,#4636,#2470,.T.);
#5841=EDGE_CURVE('',#4641,#4638,#2471,.T.);
#5842=EDGE_CURVE('',#4641,#4642,#2472,.T.);
#5843=EDGE_CURVE('',#4643,#4642,#2473,.T.);
#5844=EDGE_CURVE('',#4643,#4639,#2474,.T.);
#5845=EDGE_CURVE('',#4491,#4644,#3948,.T.);
#5846=EDGE_CURVE('',#4644,#4492,#239,.T.);
#5847=EDGE_CURVE('',#4645,#4641,#3949,.T.);
#5848=EDGE_CURVE('',#4646,#4645,#240,.T.);
#5849=EDGE_CURVE('',#4642,#4646,#241,.T.);
#5850=EDGE_CURVE('',#4647,#4487,#242,.T.);
#5851=EDGE_CURVE('',#4648,#4647,#243,.T.);
#5852=EDGE_CURVE('',#4486,#4648,#3950,.T.);
#5853=EDGE_CURVE('',#4472,#4645,#2475,.T.);
#5854=EDGE_CURVE('',#4644,#4471,#2476,.T.);
#5855=EDGE_CURVE('',#4649,#4475,#2477,.T.);
#5856=EDGE_CURVE('',#4649,#4470,#244,.T.);
#5857=EDGE_CURVE('',#4474,#4650,#2478,.T.);
#5858=EDGE_CURVE('',#4650,#4651,#245,.T.);
#5859=EDGE_CURVE('',#4652,#4651,#2479,.T.);
#5860=EDGE_CURVE('',#4652,#4649,#246,.T.);
#5861=EDGE_CURVE('',#4650,#4473,#247,.T.);
#5862=EDGE_CURVE('',#4471,#4653,#3951,.T.);
#5863=EDGE_CURVE('',#4653,#4654,#2480,.T.);
#5864=EDGE_CURVE('',#4654,#4472,#3952,.T.);
#5865=EDGE_CURVE('',#4637,#4631,#2481,.T.);
#5866=EDGE_CURVE('',#4655,#4656,#2482,.T.);
#5867=EDGE_CURVE('',#4657,#4656,#2483,.T.);
#5868=EDGE_CURVE('',#4657,#4658,#2484,.T.);
#5869=EDGE_CURVE('',#4658,#4659,#2485,.T.);
#5870=EDGE_CURVE('',#4659,#4660,#3953,.T.);
#5871=EDGE_CURVE('',#4660,#4655,#2486,.T.);
#5872=EDGE_CURVE('',#4661,#4661,#3954,.T.);
#5873=EDGE_CURVE('',#4656,#4503,#2487,.T.);
#5874=EDGE_CURVE('',#4662,#4655,#2488,.T.);
#5875=EDGE_CURVE('',#4663,#4662,#2489,.T.);
#5876=EDGE_CURVE('',#4664,#4663,#2490,.T.);
#5877=EDGE_CURVE('',#4665,#4664,#2491,.T.);
#5878=EDGE_CURVE('',#4504,#4665,#2492,.T.);
#5879=EDGE_CURVE('',#4634,#4640,#2493,.T.);
#5880=EDGE_CURVE('',#4666,#4660,#2494,.T.);
#5881=EDGE_CURVE('',#4662,#4666,#2495,.T.);
#5882=EDGE_CURVE('',#4667,#4659,#2496,.T.);
#5883=EDGE_CURVE('',#4666,#4667,#3955,.T.);
#5884=EDGE_CURVE('',#4668,#4658,#2497,.T.);
#5885=EDGE_CURVE('',#4667,#4668,#2498,.T.);
#5886=EDGE_CURVE('',#4502,#4657,#2499,.T.);
#5887=EDGE_CURVE('',#4669,#4501,#2500,.T.);
#5888=EDGE_CURVE('',#4670,#4669,#2501,.T.);
#5889=EDGE_CURVE('',#4670,#4671,#2502,.T.);
#5890=EDGE_CURVE('',#4668,#4671,#2503,.T.);
#5891=EDGE_CURVE('',#4662,#4672,#2504,.T.);
#5892=EDGE_CURVE('',#4672,#4673,#2505,.T.);
#5893=EDGE_CURVE('',#4673,#4663,#2506,.T.);
#5894=EDGE_CURVE('',#4674,#4663,#2507,.T.);
#5895=EDGE_CURVE('',#4674,#4675,#2508,.T.);
#5896=EDGE_CURVE('',#4664,#4675,#2509,.T.);
#5897=EDGE_CURVE('',#4676,#4677,#2510,.T.);
#5898=EDGE_CURVE('',#4677,#4665,#2511,.T.);
#5899=EDGE_CURVE('',#4675,#4678,#3956,.T.);
#5900=EDGE_CURVE('',#4678,#4676,#2512,.T.);
#5901=EDGE_CURVE('',#4679,#4679,#3957,.T.);
#5902=EDGE_CURVE('',#4677,#4505,#2513,.T.);
#5903=EDGE_CURVE('',#4648,#4481,#2514,.T.);
#5904=EDGE_CURVE('',#4481,#4680,#3958,.T.);
#5905=EDGE_CURVE('',#4680,#4681,#2515,.T.);
#5906=EDGE_CURVE('',#4681,#4476,#3959,.T.);
#5907=EDGE_CURVE('',#4476,#4485,#2516,.T.);
#5908=EDGE_CURVE('',#4666,#4682,#2517,.T.);
#5909=EDGE_CURVE('',#4682,#4672,#2518,.T.);
#5910=EDGE_CURVE('',#4683,#4667,#2519,.T.);
#5911=EDGE_CURVE('',#4682,#4683,#3960,.T.);
#5912=EDGE_CURVE('',#4668,#4684,#2520,.T.);
#5913=EDGE_CURVE('',#4684,#4683,#2521,.T.);
#5914=EDGE_CURVE('',#4500,#4685,#2522,.T.);
#5915=EDGE_CURVE('',#4685,#4669,#2523,.T.);
#5916=EDGE_CURVE('',#4685,#4686,#2524,.T.);
#5917=EDGE_CURVE('',#4686,#4687,#2525,.T.);
#5918=EDGE_CURVE('',#4687,#4688,#3961,.T.);
#5919=EDGE_CURVE('',#4688,#4670,#2526,.T.);
#5920=EDGE_CURVE('',#4689,#4671,#2527,.T.);
#5921=EDGE_CURVE('',#4689,#4684,#2528,.T.);
#5922=EDGE_CURVE('',#4673,#4690,#2529,.T.);
#5923=EDGE_CURVE('',#4691,#4689,#2530,.T.);
#5924=EDGE_CURVE('',#4692,#4691,#3962,.T.);
#5925=EDGE_CURVE('',#4693,#4692,#2531,.T.);
#5926=EDGE_CURVE('',#4694,#4693,#2532,.T.);
#5927=EDGE_CURVE('',#4695,#4694,#2533,.T.);
#5928=EDGE_CURVE('',#4696,#4695,#3963,.T.);
#5929=EDGE_CURVE('',#4697,#4696,#2534,.T.);
#5930=EDGE_CURVE('',#4698,#4697,#2535,.T.);
#5931=EDGE_CURVE('',#4699,#4698,#2536,.T.);
#5932=EDGE_CURVE('',#4690,#4699,#3964,.T.);
#5933=EDGE_CURVE('',#4700,#4700,#3965,.T.);
#5934=EDGE_CURVE('',#4701,#4701,#3966,.T.);
#5935=EDGE_CURVE('',#4702,#4702,#3967,.T.);
#5936=EDGE_CURVE('',#4703,#4703,#3968,.T.);
#5937=EDGE_CURVE('',#4704,#4704,#3969,.T.);
#5938=EDGE_CURVE('',#4705,#4705,#3970,.T.);
#5939=EDGE_CURVE('',#4690,#4674,#2537,.T.);
#5940=EDGE_CURVE('',#4506,#4706,#2538,.T.);
#5941=EDGE_CURVE('',#4707,#4676,#2539,.T.);
#5942=EDGE_CURVE('',#4708,#4707,#2540,.T.);
#5943=EDGE_CURVE('',#4708,#4709,#2541,.T.);
#5944=EDGE_CURVE('',#4706,#4709,#2542,.T.);
#5945=EDGE_CURVE('',#4710,#4678,#2543,.T.);
#5946=EDGE_CURVE('',#4707,#4710,#2544,.T.);
#5947=EDGE_CURVE('',#4710,#4674,#3971,.T.);
#5948=EDGE_CURVE('',#4651,#4654,#2545,.T.);
#5949=EDGE_CURVE('',#4653,#4652,#2546,.T.);
#5950=EDGE_CURVE('',#4711,#4477,#248,.T.);
#5951=EDGE_CURVE('',#4478,#4711,#2547,.T.);
#5952=EDGE_CURVE('',#4712,#4681,#2548,.T.);
#5953=EDGE_CURVE('',#4711,#4712,#249,.T.);
#5954=EDGE_CURVE('',#4680,#4713,#2549,.T.);
#5955=EDGE_CURVE('',#4713,#4712,#2550,.T.);
#5956=EDGE_CURVE('',#4714,#4480,#250,.T.);
#5957=EDGE_CURVE('',#4713,#4714,#251,.T.);
#5958=EDGE_CURVE('',#4714,#4479,#2551,.T.);
#5959=EDGE_CURVE('',#4507,#4715,#2552,.T.);
#5960=EDGE_CURVE('',#4716,#4715,#2553,.T.);
#5961=EDGE_CURVE('',#4717,#4716,#2554,.T.);
#5962=EDGE_CURVE('',#4718,#4717,#2555,.T.);
#5963=EDGE_CURVE('',#4686,#4718,#2556,.T.);
#5964=EDGE_CURVE('',#4719,#4688,#2557,.T.);
#5965=EDGE_CURVE('',#4671,#4719,#2558,.T.);
#5966=EDGE_CURVE('',#4720,#4687,#2559,.T.);
#5967=EDGE_CURVE('',#4719,#4720,#3972,.T.);
#5968=EDGE_CURVE('',#4720,#4718,#2560,.T.);
#5969=EDGE_CURVE('',#4710,#4699,#2561,.T.);
#5970=EDGE_CURVE('',#4719,#4691,#2562,.T.);
#5971=EDGE_CURVE('',#4692,#4720,#2563,.T.);
#5972=EDGE_CURVE('',#4718,#4693,#2564,.T.);
#5973=EDGE_CURVE('',#4717,#4694,#2565,.T.);
#5974=EDGE_CURVE('',#4717,#4721,#2566,.T.);
#5975=EDGE_CURVE('',#4721,#4695,#2567,.T.);
#5976=EDGE_CURVE('',#4696,#4722,#2568,.T.);
#5977=EDGE_CURVE('',#4722,#4721,#3973,.T.);
#5978=EDGE_CURVE('',#4708,#4697,#2569,.T.);
#5979=EDGE_CURVE('',#4722,#4708,#2570,.T.);
#5980=EDGE_CURVE('',#4707,#4698,#2571,.T.);
#5981=EDGE_CURVE('',#4723,#4723,#3974,.T.);
#5982=EDGE_CURVE('',#4723,#4700,#2572,.T.);
#5983=EDGE_CURVE('',#4724,#4724,#3975,.T.);
#5984=EDGE_CURVE('',#4724,#4701,#2573,.T.);
#5985=EDGE_CURVE('',#4725,#4725,#3976,.T.);
#5986=EDGE_CURVE('',#4725,#4702,#2574,.T.);
#5987=EDGE_CURVE('',#4726,#4726,#3977,.T.);
#5988=EDGE_CURVE('',#4726,#4703,#2575,.T.);
#5989=EDGE_CURVE('',#4727,#4727,#3978,.T.);
#5990=EDGE_CURVE('',#4727,#4704,#2576,.T.);
#5991=EDGE_CURVE('',#4728,#4728,#3979,.T.);
#5992=EDGE_CURVE('',#4728,#4705,#2577,.T.);
#5993=EDGE_CURVE('',#4715,#4706,#2578,.T.);
#5994=EDGE_CURVE('',#4709,#4729,#2579,.T.);
#5995=EDGE_CURVE('',#4729,#4730,#3980,.T.);
#5996=EDGE_CURVE('',#4730,#4716,#2580,.T.);
#5997=EDGE_CURVE('',#4721,#4730,#2581,.T.);
#5998=EDGE_CURVE('',#4722,#4729,#2582,.T.);
#5999=EDGE_CURVE('',#4731,#4731,#3981,.T.);
#6000=EDGE_CURVE('',#4732,#4733,#3982,.T.);
#6001=EDGE_CURVE('',#4733,#4732,#3983,.T.);
#6002=EDGE_CURVE('',#4732,#4734,#2583,.T.);
#6003=EDGE_CURVE('',#4734,#4734,#3984,.T.);
#6004=EDGE_CURVE('',#4735,#4735,#3985,.T.);
#6005=EDGE_CURVE('',#4735,#4736,#2584,.T.);
#6006=EDGE_CURVE('',#4736,#4736,#3986,.T.);
#6007=EDGE_CURVE('',#4737,#4737,#3987,.T.);
#6008=EDGE_CURVE('',#4737,#4738,#2585,.T.);
#6009=EDGE_CURVE('',#4738,#4738,#3988,.T.);
#6010=EDGE_CURVE('',#4739,#4739,#3989,.T.);
#6011=EDGE_CURVE('',#4740,#4740,#3990,.T.);
#6012=EDGE_CURVE('',#4741,#4741,#3991,.T.);
#6013=EDGE_CURVE('',#4742,#4742,#3992,.T.);
#6014=EDGE_CURVE('',#4743,#4743,#3993,.T.);
#6015=EDGE_CURVE('',#4739,#4744,#2586,.T.);
#6016=EDGE_CURVE('',#4744,#4744,#3994,.T.);
#6017=EDGE_CURVE('',#4745,#4746,#2587,.T.);
#6018=EDGE_CURVE('',#4745,#4747,#2588,.T.);
#6019=EDGE_CURVE('',#4747,#4748,#3995,.T.);
#6020=EDGE_CURVE('',#4748,#4749,#2589,.T.);
#6021=EDGE_CURVE('',#4749,#4750,#3996,.T.);
#6022=EDGE_CURVE('',#4751,#4750,#2590,.T.);
#6023=EDGE_CURVE('',#4752,#4751,#2591,.T.);
#6024=EDGE_CURVE('',#4753,#4752,#2592,.T.);
#6025=EDGE_CURVE('',#4754,#4753,#2593,.T.);
#6026=EDGE_CURVE('',#4746,#4754,#2594,.T.);
#6027=EDGE_CURVE('',#4755,#4755,#3997,.T.);
#6028=EDGE_CURVE('',#4756,#4756,#3998,.T.);
#6029=EDGE_CURVE('',#4757,#4757,#3999,.T.);
#6030=EDGE_CURVE('',#4758,#4758,#4000,.T.);
#6031=EDGE_CURVE('',#4759,#4759,#4001,.T.);
#6032=EDGE_CURVE('',#4760,#4746,#2595,.T.);
#6033=EDGE_CURVE('',#4761,#4754,#2596,.T.);
#6034=EDGE_CURVE('',#4761,#4762,#2597,.T.);
#6035=EDGE_CURVE('',#4763,#4762,#2598,.T.);
#6036=EDGE_CURVE('',#4763,#4760,#2599,.T.);
#6037=EDGE_CURVE('',#4764,#4626,#2600,.T.);
#6038=EDGE_CURVE('',#4760,#4764,#2601,.T.);
#6039=EDGE_CURVE('',#4763,#4627,#2602,.T.);
#6040=EDGE_CURVE('',#4622,#4765,#2603,.T.);
#6041=EDGE_CURVE('',#4766,#4765,#2604,.T.);
#6042=EDGE_CURVE('',#4767,#4766,#2605,.T.);
#6043=EDGE_CURVE('',#4767,#4623,#2606,.T.);
#6044=EDGE_CURVE('',#4768,#4767,#2607,.T.);
#6045=EDGE_CURVE('',#4768,#4624,#2608,.T.);
#6046=EDGE_CURVE('',#4769,#4768,#2609,.T.);
#6047=EDGE_CURVE('',#4770,#4769,#2610,.T.);
#6048=EDGE_CURVE('',#4770,#4625,#2611,.T.);
#6049=EDGE_CURVE('',#4770,#4771,#2612,.T.);
#6050=EDGE_CURVE('',#4771,#4772,#2613,.T.);
#6051=EDGE_CURVE('',#4772,#4773,#4002,.T.);
#6052=EDGE_CURVE('',#4774,#4773,#2614,.T.);
#6053=EDGE_CURVE('',#4774,#4775,#4003,.T.);
#6054=EDGE_CURVE('',#4775,#4776,#2615,.T.);
#6055=EDGE_CURVE('',#4776,#4764,#2616,.T.);
#6056=EDGE_CURVE('',#4776,#4745,#2617,.T.);
#6057=EDGE_CURVE('',#4769,#4752,#2618,.T.);
#6058=EDGE_CURVE('',#4751,#4771,#2619,.T.);
#6059=EDGE_CURVE('',#4777,#4775,#2620,.T.);
#6060=EDGE_CURVE('',#4777,#4778,#2621,.T.);
#6061=EDGE_CURVE('',#4778,#4779,#2622,.T.);
#6062=EDGE_CURVE('',#4779,#4780,#2623,.T.);
#6063=EDGE_CURVE('',#4747,#4780,#2624,.T.);
#6064=EDGE_CURVE('',#4781,#4780,#4004,.T.);
#6065=EDGE_CURVE('',#4781,#4748,#2625,.T.);
#6066=EDGE_CURVE('',#4782,#4781,#2626,.T.);
#6067=EDGE_CURVE('',#4749,#4782,#2627,.T.);
#6068=EDGE_CURVE('',#4783,#4782,#4005,.T.);
#6069=EDGE_CURVE('',#4783,#4750,#2628,.T.);
#6070=EDGE_CURVE('',#4783,#4784,#2629,.T.);
#6071=EDGE_CURVE('',#4784,#4785,#2630,.T.);
#6072=EDGE_CURVE('',#4785,#4786,#2631,.T.);
#6073=EDGE_CURVE('',#4772,#4786,#2632,.T.);
#6074=EDGE_CURVE('',#4787,#4786,#4006,.T.);
#6075=EDGE_CURVE('',#4787,#4773,#2633,.T.);
#6076=EDGE_CURVE('',#4774,#4788,#2634,.T.);
#6077=EDGE_CURVE('',#4787,#4788,#2635,.T.);
#6078=EDGE_CURVE('',#4777,#4788,#4007,.T.);
#6079=EDGE_CURVE('',#4778,#4785,#2636,.T.);
#6080=EDGE_CURVE('',#4779,#4784,#2637,.T.);
#6081=EDGE_CURVE('',#4766,#4753,#2638,.T.);
#6082=EDGE_CURVE('',#4789,#4765,#2639,.T.);
#6083=EDGE_CURVE('',#4789,#4761,#2640,.T.);
#6084=EDGE_CURVE('',#4762,#4620,#2641,.T.);
#6085=EDGE_CURVE('',#4789,#4621,#2642,.T.);
#6086=EDGE_CURVE('',#4741,#4755,#2643,.T.);
#6087=EDGE_CURVE('',#4740,#4756,#2644,.T.);
#6088=EDGE_CURVE('',#4742,#4757,#2645,.T.);
#6089=EDGE_CURVE('',#4743,#4758,#2646,.T.);
#6090=EDGE_CURVE('',#4790,#4791,#4008,.T.);
#6091=EDGE_CURVE('',#4790,#4731,#2647,.T.);
#6092=EDGE_CURVE('',#4791,#4790,#4009,.T.);
#6093=EDGE_CURVE('',#4792,#4793,#351,.T.);
#6094=EDGE_CURVE('',#4794,#4792,#352,.T.);
#6095=EDGE_CURVE('',#4794,#4791,#4010,.T.);
#6096=EDGE_CURVE('',#4793,#4794,#353,.T.);
#6097=EDGE_CURVE('',#4795,#4795,#4011,.T.);
#6098=EDGE_CURVE('',#4796,#4797,#4012,.T.);
#6099=EDGE_CURVE('',#4796,#4795,#2648,.T.);
#6100=EDGE_CURVE('',#4797,#4796,#4013,.T.);
#6101=EDGE_CURVE('',#4798,#4798,#4014,.T.);
#6102=EDGE_CURVE('',#4797,#4798,#2649,.T.);
#6103=EDGE_CURVE('',#4799,#4799,#4015,.T.);
#6104=EDGE_CURVE('',#4800,#4800,#4016,.T.);
#6105=EDGE_CURVE('',#4800,#4801,#2650,.T.);
#6106=EDGE_CURVE('',#4801,#4801,#4017,.T.);
#6107=EDGE_CURVE('',#4802,#4803,#4018,.T.);
#6108=EDGE_CURVE('',#4803,#4804,#4019,.T.);
#6109=EDGE_CURVE('',#4804,#4805,#4020,.T.);
#6110=EDGE_CURVE('',#4805,#4806,#4021,.T.);
#6111=EDGE_CURVE('',#4806,#4807,#4022,.T.);
#6112=EDGE_CURVE('',#4807,#4808,#4023,.T.);
#6113=EDGE_CURVE('',#4808,#4809,#4024,.T.);
#6114=EDGE_CURVE('',#4809,#4810,#4025,.T.);
#6115=EDGE_CURVE('',#4810,#4811,#4026,.T.);
#6116=EDGE_CURVE('',#4811,#4812,#4027,.T.);
#6117=EDGE_CURVE('',#4812,#4813,#4028,.T.);
#6118=EDGE_CURVE('',#4813,#4814,#4029,.T.);
#6119=EDGE_CURVE('',#4814,#4815,#4030,.T.);
#6120=EDGE_CURVE('',#4815,#4816,#4031,.T.);
#6121=EDGE_CURVE('',#4816,#4817,#4032,.T.);
#6122=EDGE_CURVE('',#4817,#4818,#4033,.T.);
#6123=EDGE_CURVE('',#4818,#4819,#4034,.T.);
#6124=EDGE_CURVE('',#4819,#4820,#4035,.T.);
#6125=EDGE_CURVE('',#4820,#4821,#4036,.T.);
#6126=EDGE_CURVE('',#4821,#4822,#4037,.T.);
#6127=EDGE_CURVE('',#4822,#4823,#4038,.T.);
#6128=EDGE_CURVE('',#4823,#4824,#4039,.T.);
#6129=EDGE_CURVE('',#4824,#4825,#4040,.T.);
#6130=EDGE_CURVE('',#4825,#4826,#4041,.T.);
#6131=EDGE_CURVE('',#4826,#4827,#4042,.T.);
#6132=EDGE_CURVE('',#4827,#4828,#4043,.T.);
#6133=EDGE_CURVE('',#4828,#4829,#4044,.T.);
#6134=EDGE_CURVE('',#4829,#4830,#4045,.T.);
#6135=EDGE_CURVE('',#4830,#4831,#4046,.T.);
#6136=EDGE_CURVE('',#4831,#4832,#4047,.T.);
#6137=EDGE_CURVE('',#4832,#4833,#4048,.T.);
#6138=EDGE_CURVE('',#4833,#4834,#4049,.T.);
#6139=EDGE_CURVE('',#4834,#4835,#4050,.T.);
#6140=EDGE_CURVE('',#4835,#4836,#4051,.T.);
#6141=EDGE_CURVE('',#4836,#4837,#4052,.T.);
#6142=EDGE_CURVE('',#4837,#4838,#4053,.T.);
#6143=EDGE_CURVE('',#4838,#4839,#4054,.T.);
#6144=EDGE_CURVE('',#4839,#4840,#4055,.T.);
#6145=EDGE_CURVE('',#4840,#4841,#4056,.T.);
#6146=EDGE_CURVE('',#4841,#4842,#4057,.T.);
#6147=EDGE_CURVE('',#4842,#4843,#4058,.T.);
#6148=EDGE_CURVE('',#4843,#4844,#4059,.T.);
#6149=EDGE_CURVE('',#4844,#4845,#4060,.T.);
#6150=EDGE_CURVE('',#4845,#4846,#4061,.T.);
#6151=EDGE_CURVE('',#4846,#4847,#4062,.T.);
#6152=EDGE_CURVE('',#4847,#4848,#4063,.T.);
#6153=EDGE_CURVE('',#4848,#4849,#4064,.T.);
#6154=EDGE_CURVE('',#4849,#4850,#4065,.T.);
#6155=EDGE_CURVE('',#4850,#4851,#4066,.T.);
#6156=EDGE_CURVE('',#4851,#4802,#4067,.T.);
#6157=EDGE_CURVE('',#4852,#4853,#354,.T.);
#6158=EDGE_CURVE('',#4853,#4854,#4068,.T.);
#6159=EDGE_CURVE('',#4854,#4855,#252,.F.);
#6160=EDGE_CURVE('',#4855,#4802,#11,.T.);
#6161=EDGE_CURVE('',#4851,#4852,#355,.T.);
#6162=EDGE_CURVE('',#4856,#4857,#2651,.T.);
#6163=EDGE_CURVE('',#4858,#4857,#4069,.T.);
#6164=EDGE_CURVE('',#4858,#4852,#2652,.T.);
#6165=EDGE_CURVE('',#4856,#4850,#12,.T.);
#6166=EDGE_CURVE('',#4859,#4860,#356,.T.);
#6167=EDGE_CURVE('',#4860,#4861,#4070,.T.);
#6168=EDGE_CURVE('',#4861,#4856,#357,.T.);
#6169=EDGE_CURVE('',#4849,#4859,#13,.T.);
#6170=EDGE_CURVE('',#4862,#4863,#2653,.T.);
#6171=EDGE_CURVE('',#4864,#4863,#4071,.T.);
#6172=EDGE_CURVE('',#4864,#4859,#2654,.T.);
#6173=EDGE_CURVE('',#4862,#4848,#14,.T.);
#6174=EDGE_CURVE('',#4865,#4866,#358,.T.);
#6175=EDGE_CURVE('',#4866,#4867,#4072,.T.);
#6176=EDGE_CURVE('',#4867,#4862,#359,.T.);
#6177=EDGE_CURVE('',#4847,#4865,#15,.T.);
#6178=EDGE_CURVE('',#4868,#4869,#2655,.T.);
#6179=EDGE_CURVE('',#4870,#4869,#4073,.T.);
#6180=EDGE_CURVE('',#4870,#4865,#2656,.T.);
#6181=EDGE_CURVE('',#4868,#4846,#360,.T.);
#6182=EDGE_CURVE('',#4871,#4872,#361,.T.);
#6183=EDGE_CURVE('',#4872,#4873,#4074,.T.);
#6184=EDGE_CURVE('',#4873,#4868,#362,.T.);
#6185=EDGE_CURVE('',#4845,#4871,#16,.T.);
#6186=EDGE_CURVE('',#4874,#4844,#363,.T.);
#6187=EDGE_CURVE('',#4874,#4875,#2657,.T.);
#6188=EDGE_CURVE('',#4876,#4875,#4075,.T.);
#6189=EDGE_CURVE('',#4876,#4871,#2658,.T.);
#6190=EDGE_CURVE('',#4877,#4878,#364,.T.);
#6191=EDGE_CURVE('',#4878,#4879,#4076,.T.);
#6192=EDGE_CURVE('',#4879,#4874,#365,.T.);
#6193=EDGE_CURVE('',#4843,#4877,#17,.T.);
#6194=EDGE_CURVE('',#4880,#4881,#2659,.T.);
#6195=EDGE_CURVE('',#4882,#4881,#4077,.T.);
#6196=EDGE_CURVE('',#4882,#4877,#2660,.T.);
#6197=EDGE_CURVE('',#4880,#4842,#18,.T.);
#6198=EDGE_CURVE('',#4883,#4884,#366,.T.);
#6199=EDGE_CURVE('',#4884,#4885,#4078,.T.);
#6200=EDGE_CURVE('',#4885,#4880,#367,.T.);
#6201=EDGE_CURVE('',#4841,#4883,#19,.T.);
#6202=EDGE_CURVE('',#4886,#4887,#2661,.T.);
#6203=EDGE_CURVE('',#4888,#4887,#4079,.T.);
#6204=EDGE_CURVE('',#4888,#4883,#2662,.T.);
#6205=EDGE_CURVE('',#4886,#4840,#20,.T.);
#6206=EDGE_CURVE('',#4889,#4890,#368,.T.);
#6207=EDGE_CURVE('',#4890,#4891,#4080,.T.);
#6208=EDGE_CURVE('',#4891,#4886,#369,.T.);
#6209=EDGE_CURVE('',#4839,#4889,#21,.T.);
#6210=EDGE_CURVE('',#4892,#4893,#2663,.T.);
#6211=EDGE_CURVE('',#4894,#4893,#4081,.T.);
#6212=EDGE_CURVE('',#4894,#4889,#2664,.T.);
#6213=EDGE_CURVE('',#4892,#4838,#22,.T.);
#6214=EDGE_CURVE('',#4895,#4896,#370,.T.);
#6215=EDGE_CURVE('',#4896,#4897,#4082,.T.);
#6216=EDGE_CURVE('',#4897,#4892,#371,.T.);
#6217=EDGE_CURVE('',#4837,#4895,#23,.T.);
#6218=EDGE_CURVE('',#4898,#4899,#2665,.T.);
#6219=EDGE_CURVE('',#4900,#4899,#4083,.T.);
#6220=EDGE_CURVE('',#4900,#4895,#2666,.T.);
#6221=EDGE_CURVE('',#4898,#4836,#24,.T.);
#6222=EDGE_CURVE('',#4901,#4902,#372,.T.);
#6223=EDGE_CURVE('',#4902,#4903,#4084,.T.);
#6224=EDGE_CURVE('',#4903,#4898,#373,.T.);
#6225=EDGE_CURVE('',#4835,#4901,#374,.T.);
#6226=EDGE_CURVE('',#4904,#4834,#25,.T.);
#6227=EDGE_CURVE('',#4904,#4905,#2667,.T.);
#6228=EDGE_CURVE('',#4906,#4905,#4085,.T.);
#6229=EDGE_CURVE('',#4906,#4901,#2668,.T.);
#6230=EDGE_CURVE('',#4907,#4907,#4086,.T.);
#6231=EDGE_CURVE('',#4908,#4909,#2669,.T.);
#6232=EDGE_CURVE('',#4909,#4910,#4087,.T.);
#6233=EDGE_CURVE('',#4910,#4911,#2670,.T.);
#6234=EDGE_CURVE('',#4911,#4912,#4088,.T.);
#6235=EDGE_CURVE('',#4912,#4913,#2671,.T.);
#6236=EDGE_CURVE('',#4913,#4914,#4089,.T.);
#6237=EDGE_CURVE('',#4914,#4915,#2672,.T.);
#6238=EDGE_CURVE('',#4915,#4916,#4090,.T.);
#6239=EDGE_CURVE('',#4916,#4917,#2673,.T.);
#6240=EDGE_CURVE('',#4917,#4918,#4091,.T.);
#6241=EDGE_CURVE('',#4918,#4919,#2674,.T.);
#6242=EDGE_CURVE('',#4919,#4920,#4092,.T.);
#6243=EDGE_CURVE('',#4920,#4921,#2675,.T.);
#6244=EDGE_CURVE('',#4921,#4922,#4093,.T.);
#6245=EDGE_CURVE('',#4922,#4923,#2676,.T.);
#6246=EDGE_CURVE('',#4923,#4924,#4094,.T.);
#6247=EDGE_CURVE('',#4924,#4925,#2677,.T.);
#6248=EDGE_CURVE('',#4925,#4926,#4095,.T.);
#6249=EDGE_CURVE('',#4926,#4927,#2678,.T.);
#6250=EDGE_CURVE('',#4927,#4928,#4096,.T.);
#6251=EDGE_CURVE('',#4928,#4929,#2679,.T.);
#6252=EDGE_CURVE('',#4929,#4930,#4097,.T.);
#6253=EDGE_CURVE('',#4930,#4931,#2680,.T.);
#6254=EDGE_CURVE('',#4931,#4932,#4098,.T.);
#6255=EDGE_CURVE('',#4932,#4933,#2681,.T.);
#6256=EDGE_CURVE('',#4933,#4934,#4099,.T.);
#6257=EDGE_CURVE('',#4934,#4935,#2682,.T.);
#6258=EDGE_CURVE('',#4935,#4936,#4100,.T.);
#6259=EDGE_CURVE('',#4936,#4937,#2683,.T.);
#6260=EDGE_CURVE('',#4937,#4938,#4101,.T.);
#6261=EDGE_CURVE('',#4938,#4939,#2684,.T.);
#6262=EDGE_CURVE('',#4939,#4940,#4102,.T.);
#6263=EDGE_CURVE('',#4940,#4858,#2685,.T.);
#6264=EDGE_CURVE('',#4857,#4941,#2686,.T.);
#6265=EDGE_CURVE('',#4941,#4942,#4103,.T.);
#6266=EDGE_CURVE('',#4942,#4864,#2687,.T.);
#6267=EDGE_CURVE('',#4863,#4943,#2688,.T.);
#6268=EDGE_CURVE('',#4943,#4944,#4104,.T.);
#6269=EDGE_CURVE('',#4944,#4870,#2689,.T.);
#6270=EDGE_CURVE('',#4869,#4945,#2690,.T.);
#6271=EDGE_CURVE('',#4945,#4946,#4105,.T.);
#6272=EDGE_CURVE('',#4946,#4876,#2691,.T.);
#6273=EDGE_CURVE('',#4875,#4947,#2692,.T.);
#6274=EDGE_CURVE('',#4947,#4948,#4106,.T.);
#6275=EDGE_CURVE('',#4948,#4882,#2693,.T.);
#6276=EDGE_CURVE('',#4881,#4949,#2694,.T.);
#6277=EDGE_CURVE('',#4949,#4950,#4107,.T.);
#6278=EDGE_CURVE('',#4950,#4888,#2695,.T.);
#6279=EDGE_CURVE('',#4887,#4951,#2696,.T.);
#6280=EDGE_CURVE('',#4951,#4952,#4108,.T.);
#6281=EDGE_CURVE('',#4952,#4894,#2697,.T.);
#6282=EDGE_CURVE('',#4893,#4953,#2698,.T.);
#6283=EDGE_CURVE('',#4953,#4954,#4109,.T.);
#6284=EDGE_CURVE('',#4954,#4900,#2699,.T.);
#6285=EDGE_CURVE('',#4899,#4955,#2700,.T.);
#6286=EDGE_CURVE('',#4955,#4956,#4110,.T.);
#6287=EDGE_CURVE('',#4956,#4906,#2701,.T.);
#6288=EDGE_CURVE('',#4905,#4957,#2702,.T.);
#6289=EDGE_CURVE('',#4957,#4958,#4111,.T.);
#6290=EDGE_CURVE('',#4958,#4959,#2703,.T.);
#6291=EDGE_CURVE('',#4959,#4960,#4112,.T.);
#6292=EDGE_CURVE('',#4960,#4961,#2704,.T.);
#6293=EDGE_CURVE('',#4961,#4962,#4113,.T.);
#6294=EDGE_CURVE('',#4962,#4963,#2705,.T.);
#6295=EDGE_CURVE('',#4963,#4964,#4114,.T.);
#6296=EDGE_CURVE('',#4964,#4965,#2706,.T.);
#6297=EDGE_CURVE('',#4965,#4966,#4115,.T.);
#6298=EDGE_CURVE('',#4966,#4967,#2707,.T.);
#6299=EDGE_CURVE('',#4967,#4968,#4116,.T.);
#6300=EDGE_CURVE('',#4968,#4969,#2708,.T.);
#6301=EDGE_CURVE('',#4969,#4970,#4117,.T.);
#6302=EDGE_CURVE('',#4970,#4971,#2709,.T.);
#6303=EDGE_CURVE('',#4971,#4972,#4118,.T.);
#6304=EDGE_CURVE('',#4972,#4973,#2710,.T.);
#6305=EDGE_CURVE('',#4973,#4974,#4119,.T.);
#6306=EDGE_CURVE('',#4974,#4975,#2711,.T.);
#6307=EDGE_CURVE('',#4975,#4976,#4120,.T.);
#6308=EDGE_CURVE('',#4976,#4977,#2712,.T.);
#6309=EDGE_CURVE('',#4977,#4978,#4121,.T.);
#6310=EDGE_CURVE('',#4978,#4979,#2713,.T.);
#6311=EDGE_CURVE('',#4979,#4980,#4122,.T.);
#6312=EDGE_CURVE('',#4980,#4981,#2714,.T.);
#6313=EDGE_CURVE('',#4981,#4982,#4123,.T.);
#6314=EDGE_CURVE('',#4982,#4983,#2715,.T.);
#6315=EDGE_CURVE('',#4983,#4984,#4124,.T.);
#6316=EDGE_CURVE('',#4984,#4985,#2716,.T.);
#6317=EDGE_CURVE('',#4985,#4986,#4125,.T.);
#6318=EDGE_CURVE('',#4986,#4987,#2717,.T.);
#6319=EDGE_CURVE('',#4987,#4988,#4126,.T.);
#6320=EDGE_CURVE('',#4988,#4989,#2718,.T.);
#6321=EDGE_CURVE('',#4989,#4908,#4127,.T.);
#6322=EDGE_CURVE('',#4990,#4908,#2719,.T.);
#6323=EDGE_CURVE('',#4989,#4991,#2720,.T.);
#6324=EDGE_CURVE('',#4990,#4991,#4128,.T.);
#6325=EDGE_CURVE('',#4992,#4990,#375,.T.);
#6326=EDGE_CURVE('',#4991,#4993,#376,.T.);
#6327=EDGE_CURVE('',#4993,#4818,#26,.T.);
#6328=EDGE_CURVE('',#4817,#4992,#27,.T.);
#6329=EDGE_CURVE('',#4994,#4910,#2721,.T.);
#6330=EDGE_CURVE('',#4909,#4992,#2722,.T.);
#6331=EDGE_CURVE('',#4994,#4816,#28,.T.);
#6332=EDGE_CURVE('',#4815,#4995,#29,.T.);
#6333=EDGE_CURVE('',#4995,#4996,#377,.T.);
#6334=EDGE_CURVE('',#4996,#4997,#4129,.T.);
#6335=EDGE_CURVE('',#4997,#4994,#378,.T.);
#6336=EDGE_CURVE('',#4911,#4997,#2723,.T.);
#6337=EDGE_CURVE('',#4996,#4912,#2724,.T.);
#6338=EDGE_CURVE('',#4913,#4995,#2725,.T.);
#6339=EDGE_CURVE('',#4998,#4914,#2726,.T.);
#6340=EDGE_CURVE('',#4998,#4814,#30,.T.);
#6341=EDGE_CURVE('',#4999,#5000,#379,.T.);
#6342=EDGE_CURVE('',#5000,#5001,#4130,.T.);
#6343=EDGE_CURVE('',#5001,#4998,#380,.T.);
#6344=EDGE_CURVE('',#4813,#4999,#31,.T.);
#6345=EDGE_CURVE('',#5002,#4918,#2727,.T.);
#6346=EDGE_CURVE('',#4917,#4999,#2728,.T.);
#6347=EDGE_CURVE('',#5002,#4812,#32,.T.);
#6348=EDGE_CURVE('',#5003,#5004,#381,.T.);
#6349=EDGE_CURVE('',#5004,#5005,#4131,.T.);
#6350=EDGE_CURVE('',#5005,#5002,#382,.T.);
#6351=EDGE_CURVE('',#4811,#5003,#33,.T.);
#6352=EDGE_CURVE('',#5006,#4922,#2729,.T.);
#6353=EDGE_CURVE('',#4921,#5003,#2730,.T.);
#6354=EDGE_CURVE('',#5006,#4810,#383,.T.);
#6355=EDGE_CURVE('',#4809,#5007,#384,.F.);
#6356=EDGE_CURVE('',#5007,#5008,#385,.T.);
#6357=EDGE_CURVE('',#5008,#5009,#4132,.T.);
#6358=EDGE_CURVE('',#5009,#5006,#386,.T.);
#6359=EDGE_CURVE('',#5010,#4926,#2731,.T.);
#6360=EDGE_CURVE('',#4925,#5007,#2732,.T.);
#6361=EDGE_CURVE('',#5010,#4808,#34,.T.);
#6362=EDGE_CURVE('',#5011,#5012,#387,.T.);
#6363=EDGE_CURVE('',#5012,#5013,#4133,.T.);
#6364=EDGE_CURVE('',#5013,#5010,#388,.T.);
#6365=EDGE_CURVE('',#4807,#5011,#35,.T.);
#6366=EDGE_CURVE('',#5014,#4806,#36,.T.);
#6367=EDGE_CURVE('',#5014,#4930,#2733,.T.);
#6368=EDGE_CURVE('',#4929,#5011,#2734,.T.);
#6369=EDGE_CURVE('',#5012,#4928,#2735,.T.);
#6370=EDGE_CURVE('',#4927,#5013,#2736,.T.);
#6371=EDGE_CURVE('',#5015,#5014,#389,.T.);
#6372=EDGE_CURVE('',#4931,#5015,#2737,.T.);
#6373=EDGE_CURVE('',#5016,#4932,#2738,.T.);
#6374=EDGE_CURVE('',#5016,#5015,#4134,.T.);
#6375=EDGE_CURVE('',#5017,#5016,#390,.T.);
#6376=EDGE_CURVE('',#4805,#5017,#37,.T.);
#6377=EDGE_CURVE('',#5018,#4934,#2739,.T.);
#6378=EDGE_CURVE('',#4933,#5017,#2740,.T.);
#6379=EDGE_CURVE('',#5018,#4804,#38,.T.);
#6380=EDGE_CURVE('',#5019,#5020,#391,.T.);
#6381=EDGE_CURVE('',#5020,#5021,#4135,.T.);
#6382=EDGE_CURVE('',#5021,#5018,#392,.T.);
#6383=EDGE_CURVE('',#4803,#5019,#39,.T.);
#6384=EDGE_CURVE('',#4855,#4938,#2741,.T.);
#6385=EDGE_CURVE('',#4937,#5019,#2742,.T.);
#6386=EDGE_CURVE('',#5020,#4936,#2743,.T.);
#6387=EDGE_CURVE('',#4935,#5021,#2744,.T.);
#6388=EDGE_CURVE('',#4939,#4854,#2745,.T.);
#6389=EDGE_CURVE('',#4853,#4940,#2746,.T.);
#6390=EDGE_CURVE('',#5008,#4924,#2747,.T.);
#6391=EDGE_CURVE('',#4923,#5009,#2748,.T.);
#6392=EDGE_CURVE('',#5004,#4920,#2749,.T.);
#6393=EDGE_CURVE('',#4919,#5005,#2750,.T.);
#6394=EDGE_CURVE('',#5000,#4916,#2751,.T.);
#6395=EDGE_CURVE('',#4915,#5001,#2752,.T.);
#6396=EDGE_CURVE('',#4993,#4988,#2753,.T.);
#6397=EDGE_CURVE('',#4987,#5022,#2754,.T.);
#6398=EDGE_CURVE('',#4819,#5022,#393,.T.);
#6399=EDGE_CURVE('',#5022,#5023,#394,.T.);
#6400=EDGE_CURVE('',#5023,#5024,#4136,.T.);
#6401=EDGE_CURVE('',#5024,#5025,#395,.T.);
#6402=EDGE_CURVE('',#5025,#4820,#396,.T.);
#6403=EDGE_CURVE('',#5025,#4984,#2755,.T.);
#6404=EDGE_CURVE('',#4983,#5026,#2756,.T.);
#6405=EDGE_CURVE('',#4821,#5026,#40,.T.);
#6406=EDGE_CURVE('',#4985,#5024,#2757,.T.);
#6407=EDGE_CURVE('',#5023,#4986,#2758,.T.);
#6408=EDGE_CURVE('',#5026,#5027,#397,.T.);
#6409=EDGE_CURVE('',#5027,#5028,#4137,.T.);
#6410=EDGE_CURVE('',#5028,#5029,#398,.T.);
#6411=EDGE_CURVE('',#5029,#4822,#41,.T.);
#6412=EDGE_CURVE('',#5029,#4980,#2759,.T.);
#6413=EDGE_CURVE('',#4981,#5028,#2760,.T.);
#6414=EDGE_CURVE('',#5027,#4982,#2761,.T.);
#6415=EDGE_CURVE('',#4979,#5030,#2762,.T.);
#6416=EDGE_CURVE('',#4823,#5030,#42,.T.);
#6417=EDGE_CURVE('',#5030,#5031,#399,.T.);
#6418=EDGE_CURVE('',#5031,#5032,#4138,.T.);
#6419=EDGE_CURVE('',#5032,#5033,#400,.T.);
#6420=EDGE_CURVE('',#5033,#4824,#43,.T.);
#6421=EDGE_CURVE('',#5033,#4976,#2763,.T.);
#6422=EDGE_CURVE('',#4977,#5032,#2764,.T.);
#6423=EDGE_CURVE('',#5031,#4978,#2765,.T.);
#6424=EDGE_CURVE('',#4975,#5034,#2766,.T.);
#6425=EDGE_CURVE('',#4825,#5034,#44,.T.);
#6426=EDGE_CURVE('',#5034,#5035,#401,.T.);
#6427=EDGE_CURVE('',#5035,#5036,#4139,.T.);
#6428=EDGE_CURVE('',#5036,#5037,#402,.T.);
#6429=EDGE_CURVE('',#5037,#4826,#45,.T.);
#6430=EDGE_CURVE('',#5037,#4972,#2767,.T.);
#6431=EDGE_CURVE('',#4973,#5036,#2768,.T.);
#6432=EDGE_CURVE('',#5035,#4974,#2769,.T.);
#6433=EDGE_CURVE('',#4971,#5038,#2770,.T.);
#6434=EDGE_CURVE('',#4827,#5038,#46,.T.);
#6435=EDGE_CURVE('',#5038,#5039,#253,.T.);
#6436=EDGE_CURVE('',#5039,#5040,#4140,.T.);
#6437=EDGE_CURVE('',#5040,#5041,#403,.T.);
#6438=EDGE_CURVE('',#5041,#4828,#404,.T.);
#6439=EDGE_CURVE('',#5041,#4968,#2771,.T.);
#6440=EDGE_CURVE('',#4969,#5040,#2772,.T.);
#6441=EDGE_CURVE('',#5039,#4970,#2773,.T.);
#6442=EDGE_CURVE('',#4967,#5042,#2774,.T.);
#6443=EDGE_CURVE('',#4829,#5042,#47,.T.);
#6444=EDGE_CURVE('',#5042,#5043,#405,.T.);
#6445=EDGE_CURVE('',#5043,#5044,#4141,.T.);
#6446=EDGE_CURVE('',#5044,#5045,#406,.T.);
#6447=EDGE_CURVE('',#5045,#4830,#48,.T.);
#6448=EDGE_CURVE('',#5045,#4964,#2775,.T.);
#6449=EDGE_CURVE('',#4965,#5044,#2776,.T.);
#6450=EDGE_CURVE('',#5043,#4966,#2777,.T.);
#6451=EDGE_CURVE('',#4963,#5046,#2778,.T.);
#6452=EDGE_CURVE('',#4831,#5046,#49,.T.);
#6453=EDGE_CURVE('',#5046,#5047,#407,.T.);
#6454=EDGE_CURVE('',#5047,#5048,#4142,.T.);
#6455=EDGE_CURVE('',#5048,#5049,#408,.T.);
#6456=EDGE_CURVE('',#5049,#4832,#50,.T.);
#6457=EDGE_CURVE('',#5049,#4960,#2779,.T.);
#6458=EDGE_CURVE('',#4961,#5048,#2780,.T.);
#6459=EDGE_CURVE('',#5047,#4962,#2781,.T.);
#6460=EDGE_CURVE('',#5050,#5051,#409,.T.);
#6461=EDGE_CURVE('',#5051,#5052,#4143,.T.);
#6462=EDGE_CURVE('',#5052,#4904,#410,.T.);
#6463=EDGE_CURVE('',#4833,#5050,#411,.T.);
#6464=EDGE_CURVE('',#4957,#5052,#2782,.T.);
#6465=EDGE_CURVE('',#5051,#4958,#2783,.T.);
#6466=EDGE_CURVE('',#4959,#5050,#2784,.T.);
#6467=EDGE_CURVE('',#4902,#4956,#2785,.T.);
#6468=EDGE_CURVE('',#4955,#4903,#2786,.T.);
#6469=EDGE_CURVE('',#4896,#4954,#2787,.T.);
#6470=EDGE_CURVE('',#4953,#4897,#2788,.T.);
#6471=EDGE_CURVE('',#4890,#4952,#2789,.T.);
#6472=EDGE_CURVE('',#4951,#4891,#2790,.T.);
#6473=EDGE_CURVE('',#4884,#4950,#2791,.T.);
#6474=EDGE_CURVE('',#4949,#4885,#2792,.T.);
#6475=EDGE_CURVE('',#4878,#4948,#2793,.T.);
#6476=EDGE_CURVE('',#4947,#4879,#2794,.T.);
#6477=EDGE_CURVE('',#4872,#4946,#2795,.T.);
#6478=EDGE_CURVE('',#4945,#4873,#2796,.T.);
#6479=EDGE_CURVE('',#4866,#4944,#2797,.T.);
#6480=EDGE_CURVE('',#4943,#4867,#2798,.T.);
#6481=EDGE_CURVE('',#4860,#4942,#2799,.T.);
#6482=EDGE_CURVE('',#4941,#4861,#2800,.T.);
#6483=EDGE_CURVE('',#4799,#4800,#2801,.T.);
#6484=EDGE_CURVE('',#4759,#4907,#2802,.T.);
#6485=EDGE_CURVE('',#5053,#5053,#4144,.T.);
#6486=EDGE_CURVE('',#4733,#5053,#2803,.T.);
#6487=EDGE_CURVE('',#5054,#5054,#4145,.T.);
#6488=EDGE_CURVE('',#5055,#5056,#2804,.T.);
#6489=EDGE_CURVE('',#5056,#5057,#2805,.T.);
#6490=EDGE_CURVE('',#5057,#5058,#2806,.T.);
#6491=EDGE_CURVE('',#5058,#5059,#2807,.T.);
#6492=EDGE_CURVE('',#5059,#5060,#2808,.T.);
#6493=EDGE_CURVE('',#5060,#5055,#2809,.T.);
#6494=EDGE_CURVE('',#5054,#5061,#4146,.T.);
#6495=EDGE_CURVE('',#5061,#5062,#4147,.T.);
#6496=EDGE_CURVE('',#5062,#5061,#4148,.T.);
#6497=EDGE_CURVE('',#5062,#4661,#2810,.T.);
#6498=EDGE_CURVE('',#5063,#5055,#2811,.T.);
#6499=EDGE_CURVE('',#5064,#5060,#2812,.T.);
#6500=EDGE_CURVE('',#5064,#5063,#2813,.T.);
#6501=EDGE_CURVE('',#5064,#5065,#2814,.T.);
#6502=EDGE_CURVE('',#5066,#5065,#2815,.T.);
#6503=EDGE_CURVE('',#5063,#5066,#2816,.T.);
#6504=EDGE_CURVE('',#5067,#5066,#2817,.T.);
#6505=EDGE_CURVE('',#5068,#5067,#2818,.T.);
#6506=EDGE_CURVE('',#5063,#5068,#2819,.T.);
#6507=EDGE_CURVE('',#5068,#5056,#2820,.T.);
#6508=EDGE_CURVE('',#5068,#5069,#2821,.T.);
#6509=EDGE_CURVE('',#5069,#5057,#2822,.T.);
#6510=EDGE_CURVE('',#5069,#5070,#2823,.T.);
#6511=EDGE_CURVE('',#5070,#5058,#2824,.T.);
#6512=EDGE_CURVE('',#5070,#5071,#2825,.T.);
#6513=EDGE_CURVE('',#5071,#5059,#2826,.T.);
#6514=EDGE_CURVE('',#5071,#5064,#2827,.T.);
#6515=EDGE_CURVE('',#5071,#5072,#2828,.T.);
#6516=EDGE_CURVE('',#5065,#5072,#2829,.T.);
#6517=EDGE_CURVE('',#5072,#5073,#2830,.T.);
#6518=EDGE_CURVE('',#5073,#5074,#2831,.T.);
#6519=EDGE_CURVE('',#5074,#5067,#2832,.T.);
#6520=EDGE_CURVE('',#5069,#5074,#2833,.T.);
#6521=EDGE_CURVE('',#5070,#5073,#2834,.T.);
#6522=EDGE_CURVE('',#5075,#5075,#4149,.T.);
#6523=EDGE_CURVE('',#5076,#5077,#2835,.T.);
#6524=EDGE_CURVE('',#5077,#5078,#2836,.T.);
#6525=EDGE_CURVE('',#5078,#5079,#2837,.T.);
#6526=EDGE_CURVE('',#5079,#5080,#2838,.T.);
#6527=EDGE_CURVE('',#5080,#5081,#2839,.T.);
#6528=EDGE_CURVE('',#5081,#5076,#2840,.T.);
#6529=EDGE_CURVE('',#5075,#5082,#4150,.T.);
#6530=EDGE_CURVE('',#5082,#5083,#4151,.T.);
#6531=EDGE_CURVE('',#5083,#5082,#4152,.T.);
#6532=EDGE_CURVE('',#5083,#4679,#2841,.T.);
#6533=EDGE_CURVE('',#5084,#5076,#2842,.T.);
#6534=EDGE_CURVE('',#5085,#5081,#2843,.T.);
#6535=EDGE_CURVE('',#5085,#5084,#2844,.T.);
#6536=EDGE_CURVE('',#5085,#5086,#2845,.T.);
#6537=EDGE_CURVE('',#5087,#5086,#2846,.T.);
#6538=EDGE_CURVE('',#5084,#5087,#2847,.T.);
#6539=EDGE_CURVE('',#5088,#5087,#2848,.T.);
#6540=EDGE_CURVE('',#5089,#5088,#2849,.T.);
#6541=EDGE_CURVE('',#5084,#5089,#2850,.T.);
#6542=EDGE_CURVE('',#5089,#5077,#2851,.T.);
#6543=EDGE_CURVE('',#5089,#5090,#2852,.T.);
#6544=EDGE_CURVE('',#5090,#5078,#2853,.T.);
#6545=EDGE_CURVE('',#5090,#5091,#2854,.T.);
#6546=EDGE_CURVE('',#5091,#5079,#2855,.T.);
#6547=EDGE_CURVE('',#5091,#5092,#2856,.T.);
#6548=EDGE_CURVE('',#5092,#5080,#2857,.T.);
#6549=EDGE_CURVE('',#5092,#5085,#2858,.T.);
#6550=EDGE_CURVE('',#5092,#5093,#2859,.T.);
#6551=EDGE_CURVE('',#5086,#5093,#2860,.T.);
#6552=EDGE_CURVE('',#5093,#5094,#2861,.T.);
#6553=EDGE_CURVE('',#5094,#5095,#2862,.T.);
#6554=EDGE_CURVE('',#5095,#5088,#2863,.T.);
#6555=EDGE_CURVE('',#5090,#5095,#2864,.T.);
#6556=EDGE_CURVE('',#5091,#5094,#2865,.T.);
#6557=EDGE_CURVE('',#5096,#5097,#4153,.T.);
#6558=EDGE_CURVE('',#5096,#5097,#412,.T.);
#6559=EDGE_CURVE('',#5097,#5096,#254,.T.);
#6560=EDGE_CURVE('',#5098,#5098,#4154,.T.);
#6561=EDGE_CURVE('',#5098,#5099,#2866,.T.);
#6562=EDGE_CURVE('',#5099,#5099,#4155,.T.);
#6563=EDGE_CURVE('',#5100,#5100,#4156,.T.);
#6564=EDGE_CURVE('',#5101,#5101,#4157,.T.);
#6565=EDGE_CURVE('',#5100,#5101,#2867,.T.);
#6566=EDGE_CURVE('',#5102,#5103,#2868,.T.);
#6567=EDGE_CURVE('',#5104,#5102,#2869,.T.);
#6568=EDGE_CURVE('',#5105,#5104,#2870,.T.);
#6569=EDGE_CURVE('',#5105,#5103,#2871,.T.);
#6570=EDGE_CURVE('',#5106,#5107,#2872,.T.);
#6571=EDGE_CURVE('',#5108,#5106,#2873,.T.);
#6572=EDGE_CURVE('',#5108,#5109,#2874,.T.);
#6573=EDGE_CURVE('',#5107,#5109,#2875,.T.);
#6574=EDGE_CURVE('',#5106,#5110,#4158,.T.);
#6575=EDGE_CURVE('',#5111,#5107,#255,.T.);
#6576=EDGE_CURVE('',#5110,#5111,#256,.T.);
#6577=EDGE_CURVE('',#5112,#5108,#4159,.T.);
#6578=EDGE_CURVE('',#5113,#5112,#257,.T.);
#6579=EDGE_CURVE('',#5109,#5113,#258,.T.);
#6580=EDGE_CURVE('',#5114,#5112,#2876,.T.);
#6581=EDGE_CURVE('',#5110,#5115,#2877,.T.);
#6582=EDGE_CURVE('',#5115,#5116,#4160,.T.);
#6583=EDGE_CURVE('',#5116,#5117,#2878,.T.);
#6584=EDGE_CURVE('',#5117,#5114,#4161,.T.);
#6585=EDGE_CURVE('',#5118,#5114,#259,.T.);
#6586=EDGE_CURVE('',#5103,#5118,#2879,.T.);
#6587=EDGE_CURVE('',#5119,#5105,#2880,.T.);
#6588=EDGE_CURVE('',#5119,#5115,#260,.T.);
#6589=EDGE_CURVE('',#5120,#5117,#2881,.T.);
#6590=EDGE_CURVE('',#5121,#5120,#261,.T.);
#6591=EDGE_CURVE('',#5118,#5121,#262,.T.);
#6592=EDGE_CURVE('',#5116,#5122,#2882,.T.);
#6593=EDGE_CURVE('',#5122,#5120,#2883,.T.);
#6594=EDGE_CURVE('',#5123,#5119,#263,.T.);
#6595=EDGE_CURVE('',#5122,#5123,#264,.T.);
#6596=EDGE_CURVE('',#5102,#5121,#2884,.T.);
#6597=EDGE_CURVE('',#5123,#5104,#2885,.T.);
#6598=EDGE_CURVE('',#5124,#5125,#2886,.T.);
#6599=EDGE_CURVE('',#5126,#5124,#2887,.T.);
#6600=EDGE_CURVE('',#5126,#5127,#2888,.T.);
#6601=EDGE_CURVE('',#5125,#5127,#2889,.T.);
#6602=EDGE_CURVE('',#5128,#5126,#4162,.T.);
#6603=EDGE_CURVE('',#5129,#5128,#265,.T.);
#6604=EDGE_CURVE('',#5127,#5129,#266,.T.);
#6605=EDGE_CURVE('',#5130,#5131,#2890,.T.);
#6606=EDGE_CURVE('',#5130,#5132,#2891,.T.);
#6607=EDGE_CURVE('',#5133,#5132,#2892,.T.);
#6608=EDGE_CURVE('',#5131,#5133,#2893,.T.);
#6609=EDGE_CURVE('',#5124,#5134,#4163,.T.);
#6610=EDGE_CURVE('',#5135,#5125,#267,.T.);
#6611=EDGE_CURVE('',#5134,#5135,#268,.T.);
#6612=EDGE_CURVE('',#5133,#5136,#2894,.T.);
#6613=EDGE_CURVE('',#5136,#5137,#269,.T.);
#6614=EDGE_CURVE('',#5138,#5137,#2895,.T.);
#6615=EDGE_CURVE('',#5138,#5139,#270,.T.);
#6616=EDGE_CURVE('',#5139,#5131,#2896,.T.);
#6617=EDGE_CURVE('',#5130,#5140,#2897,.T.);
#6618=EDGE_CURVE('',#5140,#5141,#271,.T.);
#6619=EDGE_CURVE('',#5134,#5141,#2898,.T.);
#6620=EDGE_CURVE('',#5142,#5128,#2899,.T.);
#6621=EDGE_CURVE('',#5142,#5143,#272,.T.);
#6622=EDGE_CURVE('',#5143,#5132,#2900,.T.);
#6623=EDGE_CURVE('',#5143,#5136,#273,.T.);
#6624=EDGE_CURVE('',#5141,#5144,#4164,.T.);
#6625=EDGE_CURVE('',#5144,#5145,#2901,.T.);
#6626=EDGE_CURVE('',#5145,#5142,#4165,.T.);
#6627=EDGE_CURVE('',#5137,#5145,#2902,.T.);
#6628=EDGE_CURVE('',#5144,#5138,#2903,.T.);
#6629=EDGE_CURVE('',#5139,#5140,#274,.T.);
#6630=EDGE_CURVE('',#5146,#5146,#4166,.T.);
#6631=EDGE_CURVE('',#5147,#5147,#4167,.T.);
#6632=EDGE_CURVE('',#5147,#5146,#2904,.T.);
#6633=EDGE_CURVE('',#5148,#5148,#4168,.T.);
#6634=EDGE_CURVE('',#5148,#5149,#2905,.T.);
#6635=EDGE_CURVE('',#5149,#5149,#4169,.T.);
#6636=ORIENTED_EDGE('',*,*,#5150,.F.);
#6637=ORIENTED_EDGE('',*,*,#5151,.T.);
#6638=ORIENTED_EDGE('',*,*,#5152,.T.);
#6639=ORIENTED_EDGE('',*,*,#5151,.F.);
#6640=ORIENTED_EDGE('',*,*,#5153,.F.);
#6641=ORIENTED_EDGE('',*,*,#5154,.T.);
#6642=ORIENTED_EDGE('',*,*,#5155,.T.);
#6643=ORIENTED_EDGE('',*,*,#5154,.F.);
#6644=ORIENTED_EDGE('',*,*,#5156,.F.);
#6645=ORIENTED_EDGE('',*,*,#5157,.T.);
#6646=ORIENTED_EDGE('',*,*,#5158,.T.);
#6647=ORIENTED_EDGE('',*,*,#5157,.F.);
#6648=ORIENTED_EDGE('',*,*,#5159,.F.);
#6649=ORIENTED_EDGE('',*,*,#5160,.T.);
#6650=ORIENTED_EDGE('',*,*,#5161,.T.);
#6651=ORIENTED_EDGE('',*,*,#5160,.F.);
#6652=ORIENTED_EDGE('',*,*,#5162,.F.);
#6653=ORIENTED_EDGE('',*,*,#5163,.T.);
#6654=ORIENTED_EDGE('',*,*,#5164,.T.);
#6655=ORIENTED_EDGE('',*,*,#5163,.F.);
#6656=ORIENTED_EDGE('',*,*,#5165,.F.);
#6657=ORIENTED_EDGE('',*,*,#5166,.T.);
#6658=ORIENTED_EDGE('',*,*,#5167,.T.);
#6659=ORIENTED_EDGE('',*,*,#5166,.F.);
#6660=ORIENTED_EDGE('',*,*,#5168,.F.);
#6661=ORIENTED_EDGE('',*,*,#5169,.T.);
#6662=ORIENTED_EDGE('',*,*,#5170,.T.);
#6663=ORIENTED_EDGE('',*,*,#5169,.F.);
#6664=ORIENTED_EDGE('',*,*,#5171,.F.);
#6665=ORIENTED_EDGE('',*,*,#5172,.T.);
#6666=ORIENTED_EDGE('',*,*,#5173,.T.);
#6667=ORIENTED_EDGE('',*,*,#5172,.F.);
#6668=ORIENTED_EDGE('',*,*,#5174,.F.);
#6669=ORIENTED_EDGE('',*,*,#5175,.T.);
#6670=ORIENTED_EDGE('',*,*,#5176,.F.);
#6671=ORIENTED_EDGE('',*,*,#5175,.F.);
#6672=ORIENTED_EDGE('',*,*,#5177,.F.);
#6673=ORIENTED_EDGE('',*,*,#5178,.T.);
#6674=ORIENTED_EDGE('',*,*,#5179,.F.);
#6675=ORIENTED_EDGE('',*,*,#5178,.F.);
#6676=ORIENTED_EDGE('',*,*,#5180,.T.);
#6677=ORIENTED_EDGE('',*,*,#5181,.F.);
#6678=ORIENTED_EDGE('',*,*,#5182,.T.);
#6679=ORIENTED_EDGE('',*,*,#5183,.F.);
#6680=ORIENTED_EDGE('',*,*,#5184,.F.);
#6681=ORIENTED_EDGE('',*,*,#5185,.F.);
#6682=ORIENTED_EDGE('',*,*,#5182,.F.);
#6683=ORIENTED_EDGE('',*,*,#5186,.F.);
#6684=ORIENTED_EDGE('',*,*,#5181,.T.);
#6685=ORIENTED_EDGE('',*,*,#5187,.F.);
#6686=ORIENTED_EDGE('',*,*,#5188,.F.);
#6687=ORIENTED_EDGE('',*,*,#5186,.T.);
#6688=ORIENTED_EDGE('',*,*,#5180,.F.);
#6689=ORIENTED_EDGE('',*,*,#5189,.T.);
#6690=ORIENTED_EDGE('',*,*,#5190,.F.);
#6691=ORIENTED_EDGE('',*,*,#5187,.T.);
#6692=ORIENTED_EDGE('',*,*,#5191,.T.);
#6693=ORIENTED_EDGE('',*,*,#5192,.F.);
#6694=ORIENTED_EDGE('',*,*,#5193,.T.);
#6695=ORIENTED_EDGE('',*,*,#5194,.F.);
#6696=ORIENTED_EDGE('',*,*,#5195,.F.);
#6697=ORIENTED_EDGE('',*,*,#5196,.F.);
#6698=ORIENTED_EDGE('',*,*,#5193,.F.);
#6699=ORIENTED_EDGE('',*,*,#5197,.F.);
#6700=ORIENTED_EDGE('',*,*,#5192,.T.);
#6701=ORIENTED_EDGE('',*,*,#5198,.F.);
#6702=ORIENTED_EDGE('',*,*,#5199,.F.);
#6703=ORIENTED_EDGE('',*,*,#5197,.T.);
#6704=ORIENTED_EDGE('',*,*,#5191,.F.);
#6705=ORIENTED_EDGE('',*,*,#5200,.T.);
#6706=ORIENTED_EDGE('',*,*,#5201,.F.);
#6707=ORIENTED_EDGE('',*,*,#5198,.T.);
#6708=ORIENTED_EDGE('',*,*,#5202,.T.);
#6709=ORIENTED_EDGE('',*,*,#5203,.F.);
#6710=ORIENTED_EDGE('',*,*,#5204,.T.);
#6711=ORIENTED_EDGE('',*,*,#5205,.F.);
#6712=ORIENTED_EDGE('',*,*,#5206,.F.);
#6713=ORIENTED_EDGE('',*,*,#5207,.F.);
#6714=ORIENTED_EDGE('',*,*,#5204,.F.);
#6715=ORIENTED_EDGE('',*,*,#5208,.F.);
#6716=ORIENTED_EDGE('',*,*,#5203,.T.);
#6717=ORIENTED_EDGE('',*,*,#5209,.F.);
#6718=ORIENTED_EDGE('',*,*,#5210,.F.);
#6719=ORIENTED_EDGE('',*,*,#5208,.T.);
#6720=ORIENTED_EDGE('',*,*,#5202,.F.);
#6721=ORIENTED_EDGE('',*,*,#5211,.T.);
#6722=ORIENTED_EDGE('',*,*,#5212,.F.);
#6723=ORIENTED_EDGE('',*,*,#5209,.T.);
#6724=ORIENTED_EDGE('',*,*,#5213,.T.);
#6725=ORIENTED_EDGE('',*,*,#5214,.F.);
#6726=ORIENTED_EDGE('',*,*,#5215,.T.);
#6727=ORIENTED_EDGE('',*,*,#5216,.F.);
#6728=ORIENTED_EDGE('',*,*,#5217,.F.);
#6729=ORIENTED_EDGE('',*,*,#5218,.F.);
#6730=ORIENTED_EDGE('',*,*,#5215,.F.);
#6731=ORIENTED_EDGE('',*,*,#5219,.F.);
#6732=ORIENTED_EDGE('',*,*,#5214,.T.);
#6733=ORIENTED_EDGE('',*,*,#5220,.F.);
#6734=ORIENTED_EDGE('',*,*,#5221,.F.);
#6735=ORIENTED_EDGE('',*,*,#5219,.T.);
#6736=ORIENTED_EDGE('',*,*,#5213,.F.);
#6737=ORIENTED_EDGE('',*,*,#5222,.T.);
#6738=ORIENTED_EDGE('',*,*,#5223,.F.);
#6739=ORIENTED_EDGE('',*,*,#5220,.T.);
#6740=ORIENTED_EDGE('',*,*,#5224,.T.);
#6741=ORIENTED_EDGE('',*,*,#5225,.F.);
#6742=ORIENTED_EDGE('',*,*,#5226,.T.);
#6743=ORIENTED_EDGE('',*,*,#5227,.F.);
#6744=ORIENTED_EDGE('',*,*,#5228,.F.);
#6745=ORIENTED_EDGE('',*,*,#5229,.F.);
#6746=ORIENTED_EDGE('',*,*,#5226,.F.);
#6747=ORIENTED_EDGE('',*,*,#5230,.F.);
#6748=ORIENTED_EDGE('',*,*,#5225,.T.);
#6749=ORIENTED_EDGE('',*,*,#5231,.F.);
#6750=ORIENTED_EDGE('',*,*,#5232,.F.);
#6751=ORIENTED_EDGE('',*,*,#5230,.T.);
#6752=ORIENTED_EDGE('',*,*,#5224,.F.);
#6753=ORIENTED_EDGE('',*,*,#5233,.T.);
#6754=ORIENTED_EDGE('',*,*,#5234,.F.);
#6755=ORIENTED_EDGE('',*,*,#5231,.T.);
#6756=ORIENTED_EDGE('',*,*,#5235,.F.);
#6757=ORIENTED_EDGE('',*,*,#5236,.T.);
#6758=ORIENTED_EDGE('',*,*,#5237,.F.);
#6759=ORIENTED_EDGE('',*,*,#5238,.T.);
#6760=ORIENTED_EDGE('',*,*,#5239,.T.);
#6761=ORIENTED_EDGE('',*,*,#5240,.F.);
#6762=ORIENTED_EDGE('',*,*,#5241,.T.);
#6763=ORIENTED_EDGE('',*,*,#5242,.F.);
#6764=ORIENTED_EDGE('',*,*,#5243,.F.);
#6765=ORIENTED_EDGE('',*,*,#5244,.F.);
#6766=ORIENTED_EDGE('',*,*,#5241,.F.);
#6767=ORIENTED_EDGE('',*,*,#5245,.F.);
#6768=ORIENTED_EDGE('',*,*,#5240,.T.);
#6769=ORIENTED_EDGE('',*,*,#5246,.F.);
#6770=ORIENTED_EDGE('',*,*,#5247,.F.);
#6771=ORIENTED_EDGE('',*,*,#5245,.T.);
#6772=ORIENTED_EDGE('',*,*,#5239,.F.);
#6773=ORIENTED_EDGE('',*,*,#5248,.T.);
#6774=ORIENTED_EDGE('',*,*,#5249,.F.);
#6775=ORIENTED_EDGE('',*,*,#5246,.T.);
#6776=ORIENTED_EDGE('',*,*,#5250,.T.);
#6777=ORIENTED_EDGE('',*,*,#5251,.F.);
#6778=ORIENTED_EDGE('',*,*,#5252,.T.);
#6779=ORIENTED_EDGE('',*,*,#5253,.F.);
#6780=ORIENTED_EDGE('',*,*,#5254,.F.);
#6781=ORIENTED_EDGE('',*,*,#5255,.F.);
#6782=ORIENTED_EDGE('',*,*,#5252,.F.);
#6783=ORIENTED_EDGE('',*,*,#5256,.F.);
#6784=ORIENTED_EDGE('',*,*,#5251,.T.);
#6785=ORIENTED_EDGE('',*,*,#5257,.F.);
#6786=ORIENTED_EDGE('',*,*,#5258,.F.);
#6787=ORIENTED_EDGE('',*,*,#5256,.T.);
#6788=ORIENTED_EDGE('',*,*,#5250,.F.);
#6789=ORIENTED_EDGE('',*,*,#5259,.T.);
#6790=ORIENTED_EDGE('',*,*,#5260,.F.);
#6791=ORIENTED_EDGE('',*,*,#5257,.T.);
#6792=ORIENTED_EDGE('',*,*,#5261,.T.);
#6793=ORIENTED_EDGE('',*,*,#5262,.F.);
#6794=ORIENTED_EDGE('',*,*,#5263,.T.);
#6795=ORIENTED_EDGE('',*,*,#5264,.F.);
#6796=ORIENTED_EDGE('',*,*,#5265,.F.);
#6797=ORIENTED_EDGE('',*,*,#5266,.F.);
#6798=ORIENTED_EDGE('',*,*,#5263,.F.);
#6799=ORIENTED_EDGE('',*,*,#5267,.F.);
#6800=ORIENTED_EDGE('',*,*,#5262,.T.);
#6801=ORIENTED_EDGE('',*,*,#5268,.F.);
#6802=ORIENTED_EDGE('',*,*,#5269,.F.);
#6803=ORIENTED_EDGE('',*,*,#5267,.T.);
#6804=ORIENTED_EDGE('',*,*,#5261,.F.);
#6805=ORIENTED_EDGE('',*,*,#5270,.T.);
#6806=ORIENTED_EDGE('',*,*,#5271,.F.);
#6807=ORIENTED_EDGE('',*,*,#5268,.T.);
#6808=ORIENTED_EDGE('',*,*,#5272,.T.);
#6809=ORIENTED_EDGE('',*,*,#5273,.F.);
#6810=ORIENTED_EDGE('',*,*,#5274,.T.);
#6811=ORIENTED_EDGE('',*,*,#5275,.F.);
#6812=ORIENTED_EDGE('',*,*,#5276,.F.);
#6813=ORIENTED_EDGE('',*,*,#5277,.F.);
#6814=ORIENTED_EDGE('',*,*,#5274,.F.);
#6815=ORIENTED_EDGE('',*,*,#5278,.F.);
#6816=ORIENTED_EDGE('',*,*,#5273,.T.);
#6817=ORIENTED_EDGE('',*,*,#5279,.F.);
#6818=ORIENTED_EDGE('',*,*,#5280,.F.);
#6819=ORIENTED_EDGE('',*,*,#5278,.T.);
#6820=ORIENTED_EDGE('',*,*,#5272,.F.);
#6821=ORIENTED_EDGE('',*,*,#5281,.T.);
#6822=ORIENTED_EDGE('',*,*,#5282,.F.);
#6823=ORIENTED_EDGE('',*,*,#5279,.T.);
#6824=ORIENTED_EDGE('',*,*,#5283,.T.);
#6825=ORIENTED_EDGE('',*,*,#5284,.F.);
#6826=ORIENTED_EDGE('',*,*,#5285,.T.);
#6827=ORIENTED_EDGE('',*,*,#5286,.F.);
#6828=ORIENTED_EDGE('',*,*,#5287,.F.);
#6829=ORIENTED_EDGE('',*,*,#5288,.F.);
#6830=ORIENTED_EDGE('',*,*,#5285,.F.);
#6831=ORIENTED_EDGE('',*,*,#5289,.F.);
#6832=ORIENTED_EDGE('',*,*,#5284,.T.);
#6833=ORIENTED_EDGE('',*,*,#5290,.F.);
#6834=ORIENTED_EDGE('',*,*,#5291,.F.);
#6835=ORIENTED_EDGE('',*,*,#5289,.T.);
#6836=ORIENTED_EDGE('',*,*,#5283,.F.);
#6837=ORIENTED_EDGE('',*,*,#5292,.T.);
#6838=ORIENTED_EDGE('',*,*,#5293,.F.);
#6839=ORIENTED_EDGE('',*,*,#5290,.T.);
#6840=ORIENTED_EDGE('',*,*,#5294,.T.);
#6841=ORIENTED_EDGE('',*,*,#5295,.F.);
#6842=ORIENTED_EDGE('',*,*,#5296,.T.);
#6843=ORIENTED_EDGE('',*,*,#5297,.F.);
#6844=ORIENTED_EDGE('',*,*,#5298,.F.);
#6845=ORIENTED_EDGE('',*,*,#5299,.F.);
#6846=ORIENTED_EDGE('',*,*,#5296,.F.);
#6847=ORIENTED_EDGE('',*,*,#5300,.F.);
#6848=ORIENTED_EDGE('',*,*,#5295,.T.);
#6849=ORIENTED_EDGE('',*,*,#5301,.F.);
#6850=ORIENTED_EDGE('',*,*,#5302,.F.);
#6851=ORIENTED_EDGE('',*,*,#5300,.T.);
#6852=ORIENTED_EDGE('',*,*,#5294,.F.);
#6853=ORIENTED_EDGE('',*,*,#5303,.T.);
#6854=ORIENTED_EDGE('',*,*,#5304,.F.);
#6855=ORIENTED_EDGE('',*,*,#5305,.F.);
#6856=ORIENTED_EDGE('',*,*,#5301,.T.);
#6857=ORIENTED_EDGE('',*,*,#5306,.T.);
#6858=ORIENTED_EDGE('',*,*,#5307,.F.);
#6859=ORIENTED_EDGE('',*,*,#5308,.T.);
#6860=ORIENTED_EDGE('',*,*,#5309,.F.);
#6861=ORIENTED_EDGE('',*,*,#5310,.F.);
#6862=ORIENTED_EDGE('',*,*,#5311,.F.);
#6863=ORIENTED_EDGE('',*,*,#5308,.F.);
#6864=ORIENTED_EDGE('',*,*,#5312,.F.);
#6865=ORIENTED_EDGE('',*,*,#5307,.T.);
#6866=ORIENTED_EDGE('',*,*,#5313,.F.);
#6867=ORIENTED_EDGE('',*,*,#5314,.F.);
#6868=ORIENTED_EDGE('',*,*,#5312,.T.);
#6869=ORIENTED_EDGE('',*,*,#5306,.F.);
#6870=ORIENTED_EDGE('',*,*,#5315,.T.);
#6871=ORIENTED_EDGE('',*,*,#5316,.F.);
#6872=ORIENTED_EDGE('',*,*,#5313,.T.);
#6873=ORIENTED_EDGE('',*,*,#5317,.T.);
#6874=ORIENTED_EDGE('',*,*,#5318,.F.);
#6875=ORIENTED_EDGE('',*,*,#5319,.T.);
#6876=ORIENTED_EDGE('',*,*,#5320,.F.);
#6877=ORIENTED_EDGE('',*,*,#5321,.F.);
#6878=ORIENTED_EDGE('',*,*,#5322,.F.);
#6879=ORIENTED_EDGE('',*,*,#5319,.F.);
#6880=ORIENTED_EDGE('',*,*,#5323,.F.);
#6881=ORIENTED_EDGE('',*,*,#5318,.T.);
#6882=ORIENTED_EDGE('',*,*,#5324,.F.);
#6883=ORIENTED_EDGE('',*,*,#5325,.F.);
#6884=ORIENTED_EDGE('',*,*,#5323,.T.);
#6885=ORIENTED_EDGE('',*,*,#5317,.F.);
#6886=ORIENTED_EDGE('',*,*,#5326,.T.);
#6887=ORIENTED_EDGE('',*,*,#5327,.F.);
#6888=ORIENTED_EDGE('',*,*,#5324,.T.);
#6889=ORIENTED_EDGE('',*,*,#5328,.T.);
#6890=ORIENTED_EDGE('',*,*,#5329,.F.);
#6891=ORIENTED_EDGE('',*,*,#5330,.T.);
#6892=ORIENTED_EDGE('',*,*,#5331,.F.);
#6893=ORIENTED_EDGE('',*,*,#5332,.F.);
#6894=ORIENTED_EDGE('',*,*,#5333,.F.);
#6895=ORIENTED_EDGE('',*,*,#5330,.F.);
#6896=ORIENTED_EDGE('',*,*,#5334,.F.);
#6897=ORIENTED_EDGE('',*,*,#5329,.T.);
#6898=ORIENTED_EDGE('',*,*,#5335,.F.);
#6899=ORIENTED_EDGE('',*,*,#5336,.F.);
#6900=ORIENTED_EDGE('',*,*,#5334,.T.);
#6901=ORIENTED_EDGE('',*,*,#5328,.F.);
#6902=ORIENTED_EDGE('',*,*,#5337,.T.);
#6903=ORIENTED_EDGE('',*,*,#5338,.F.);
#6904=ORIENTED_EDGE('',*,*,#5335,.T.);
#6905=ORIENTED_EDGE('',*,*,#5339,.T.);
#6906=ORIENTED_EDGE('',*,*,#5340,.F.);
#6907=ORIENTED_EDGE('',*,*,#5341,.T.);
#6908=ORIENTED_EDGE('',*,*,#5342,.F.);
#6909=ORIENTED_EDGE('',*,*,#5343,.F.);
#6910=ORIENTED_EDGE('',*,*,#5344,.F.);
#6911=ORIENTED_EDGE('',*,*,#5341,.F.);
#6912=ORIENTED_EDGE('',*,*,#5345,.F.);
#6913=ORIENTED_EDGE('',*,*,#5340,.T.);
#6914=ORIENTED_EDGE('',*,*,#5346,.F.);
#6915=ORIENTED_EDGE('',*,*,#5347,.F.);
#6916=ORIENTED_EDGE('',*,*,#5345,.T.);
#6917=ORIENTED_EDGE('',*,*,#5339,.F.);
#6918=ORIENTED_EDGE('',*,*,#5348,.T.);
#6919=ORIENTED_EDGE('',*,*,#5349,.F.);
#6920=ORIENTED_EDGE('',*,*,#5346,.T.);
#6921=ORIENTED_EDGE('',*,*,#5350,.T.);
#6922=ORIENTED_EDGE('',*,*,#5351,.F.);
#6923=ORIENTED_EDGE('',*,*,#5352,.T.);
#6924=ORIENTED_EDGE('',*,*,#5353,.F.);
#6925=ORIENTED_EDGE('',*,*,#5354,.F.);
#6926=ORIENTED_EDGE('',*,*,#5355,.F.);
#6927=ORIENTED_EDGE('',*,*,#5352,.F.);
#6928=ORIENTED_EDGE('',*,*,#5356,.F.);
#6929=ORIENTED_EDGE('',*,*,#5351,.T.);
#6930=ORIENTED_EDGE('',*,*,#5357,.F.);
#6931=ORIENTED_EDGE('',*,*,#5358,.F.);
#6932=ORIENTED_EDGE('',*,*,#5356,.T.);
#6933=ORIENTED_EDGE('',*,*,#5350,.F.);
#6934=ORIENTED_EDGE('',*,*,#5359,.T.);
#6935=ORIENTED_EDGE('',*,*,#5360,.F.);
#6936=ORIENTED_EDGE('',*,*,#5357,.T.);
#6937=ORIENTED_EDGE('',*,*,#5361,.T.);
#6938=ORIENTED_EDGE('',*,*,#5362,.F.);
#6939=ORIENTED_EDGE('',*,*,#5363,.T.);
#6940=ORIENTED_EDGE('',*,*,#5364,.F.);
#6941=ORIENTED_EDGE('',*,*,#5365,.F.);
#6942=ORIENTED_EDGE('',*,*,#5366,.F.);
#6943=ORIENTED_EDGE('',*,*,#5363,.F.);
#6944=ORIENTED_EDGE('',*,*,#5367,.F.);
#6945=ORIENTED_EDGE('',*,*,#5362,.T.);
#6946=ORIENTED_EDGE('',*,*,#5368,.F.);
#6947=ORIENTED_EDGE('',*,*,#5369,.F.);
#6948=ORIENTED_EDGE('',*,*,#5367,.T.);
#6949=ORIENTED_EDGE('',*,*,#5361,.F.);
#6950=ORIENTED_EDGE('',*,*,#5370,.T.);
#6951=ORIENTED_EDGE('',*,*,#5371,.F.);
#6952=ORIENTED_EDGE('',*,*,#5368,.T.);
#6953=ORIENTED_EDGE('',*,*,#5372,.T.);
#6954=ORIENTED_EDGE('',*,*,#5373,.F.);
#6955=ORIENTED_EDGE('',*,*,#5374,.T.);
#6956=ORIENTED_EDGE('',*,*,#5375,.F.);
#6957=ORIENTED_EDGE('',*,*,#5376,.F.);
#6958=ORIENTED_EDGE('',*,*,#5377,.F.);
#6959=ORIENTED_EDGE('',*,*,#5374,.F.);
#6960=ORIENTED_EDGE('',*,*,#5378,.F.);
#6961=ORIENTED_EDGE('',*,*,#5373,.T.);
#6962=ORIENTED_EDGE('',*,*,#5379,.F.);
#6963=ORIENTED_EDGE('',*,*,#5380,.F.);
#6964=ORIENTED_EDGE('',*,*,#5378,.T.);
#6965=ORIENTED_EDGE('',*,*,#5372,.F.);
#6966=ORIENTED_EDGE('',*,*,#5381,.T.);
#6967=ORIENTED_EDGE('',*,*,#5382,.F.);
#6968=ORIENTED_EDGE('',*,*,#5379,.T.);
#6969=ORIENTED_EDGE('',*,*,#5383,.T.);
#6970=ORIENTED_EDGE('',*,*,#5384,.F.);
#6971=ORIENTED_EDGE('',*,*,#5385,.T.);
#6972=ORIENTED_EDGE('',*,*,#5386,.F.);
#6973=ORIENTED_EDGE('',*,*,#5387,.F.);
#6974=ORIENTED_EDGE('',*,*,#5388,.F.);
#6975=ORIENTED_EDGE('',*,*,#5385,.F.);
#6976=ORIENTED_EDGE('',*,*,#5389,.F.);
#6977=ORIENTED_EDGE('',*,*,#5384,.T.);
#6978=ORIENTED_EDGE('',*,*,#5390,.F.);
#6979=ORIENTED_EDGE('',*,*,#5391,.F.);
#6980=ORIENTED_EDGE('',*,*,#5389,.T.);
#6981=ORIENTED_EDGE('',*,*,#5383,.F.);
#6982=ORIENTED_EDGE('',*,*,#5392,.T.);
#6983=ORIENTED_EDGE('',*,*,#5393,.F.);
#6984=ORIENTED_EDGE('',*,*,#5390,.T.);
#6985=ORIENTED_EDGE('',*,*,#5394,.T.);
#6986=ORIENTED_EDGE('',*,*,#5395,.F.);
#6987=ORIENTED_EDGE('',*,*,#5396,.T.);
#6988=ORIENTED_EDGE('',*,*,#5397,.F.);
#6989=ORIENTED_EDGE('',*,*,#5398,.F.);
#6990=ORIENTED_EDGE('',*,*,#5399,.F.);
#6991=ORIENTED_EDGE('',*,*,#5396,.F.);
#6992=ORIENTED_EDGE('',*,*,#5400,.F.);
#6993=ORIENTED_EDGE('',*,*,#5395,.T.);
#6994=ORIENTED_EDGE('',*,*,#5401,.F.);
#6995=ORIENTED_EDGE('',*,*,#5402,.F.);
#6996=ORIENTED_EDGE('',*,*,#5400,.T.);
#6997=ORIENTED_EDGE('',*,*,#5394,.F.);
#6998=ORIENTED_EDGE('',*,*,#5403,.T.);
#6999=ORIENTED_EDGE('',*,*,#5404,.F.);
#7000=ORIENTED_EDGE('',*,*,#5401,.T.);
#7001=ORIENTED_EDGE('',*,*,#5405,.T.);
#7002=ORIENTED_EDGE('',*,*,#5406,.F.);
#7003=ORIENTED_EDGE('',*,*,#5407,.T.);
#7004=ORIENTED_EDGE('',*,*,#5408,.F.);
#7005=ORIENTED_EDGE('',*,*,#5409,.F.);
#7006=ORIENTED_EDGE('',*,*,#5410,.F.);
#7007=ORIENTED_EDGE('',*,*,#5407,.F.);
#7008=ORIENTED_EDGE('',*,*,#5411,.F.);
#7009=ORIENTED_EDGE('',*,*,#5406,.T.);
#7010=ORIENTED_EDGE('',*,*,#5412,.F.);
#7011=ORIENTED_EDGE('',*,*,#5413,.F.);
#7012=ORIENTED_EDGE('',*,*,#5411,.T.);
#7013=ORIENTED_EDGE('',*,*,#5405,.F.);
#7014=ORIENTED_EDGE('',*,*,#5414,.T.);
#7015=ORIENTED_EDGE('',*,*,#5415,.F.);
#7016=ORIENTED_EDGE('',*,*,#5412,.T.);
#7017=ORIENTED_EDGE('',*,*,#5416,.T.);
#7018=ORIENTED_EDGE('',*,*,#5417,.F.);
#7019=ORIENTED_EDGE('',*,*,#5418,.T.);
#7020=ORIENTED_EDGE('',*,*,#5419,.F.);
#7021=ORIENTED_EDGE('',*,*,#5420,.F.);
#7022=ORIENTED_EDGE('',*,*,#5421,.F.);
#7023=ORIENTED_EDGE('',*,*,#5418,.F.);
#7024=ORIENTED_EDGE('',*,*,#5422,.F.);
#7025=ORIENTED_EDGE('',*,*,#5417,.T.);
#7026=ORIENTED_EDGE('',*,*,#5423,.F.);
#7027=ORIENTED_EDGE('',*,*,#5424,.F.);
#7028=ORIENTED_EDGE('',*,*,#5422,.T.);
#7029=ORIENTED_EDGE('',*,*,#5416,.F.);
#7030=ORIENTED_EDGE('',*,*,#5425,.T.);
#7031=ORIENTED_EDGE('',*,*,#5426,.F.);
#7032=ORIENTED_EDGE('',*,*,#5423,.T.);
#7033=ORIENTED_EDGE('',*,*,#5427,.T.);
#7034=ORIENTED_EDGE('',*,*,#5428,.F.);
#7035=ORIENTED_EDGE('',*,*,#5429,.T.);
#7036=ORIENTED_EDGE('',*,*,#5430,.F.);
#7037=ORIENTED_EDGE('',*,*,#5431,.F.);
#7038=ORIENTED_EDGE('',*,*,#5432,.F.);
#7039=ORIENTED_EDGE('',*,*,#5429,.F.);
#7040=ORIENTED_EDGE('',*,*,#5433,.F.);
#7041=ORIENTED_EDGE('',*,*,#5428,.T.);
#7042=ORIENTED_EDGE('',*,*,#5434,.F.);
#7043=ORIENTED_EDGE('',*,*,#5435,.F.);
#7044=ORIENTED_EDGE('',*,*,#5433,.T.);
#7045=ORIENTED_EDGE('',*,*,#5427,.F.);
#7046=ORIENTED_EDGE('',*,*,#5436,.T.);
#7047=ORIENTED_EDGE('',*,*,#5437,.F.);
#7048=ORIENTED_EDGE('',*,*,#5434,.T.);
#7049=ORIENTED_EDGE('',*,*,#5438,.T.);
#7050=ORIENTED_EDGE('',*,*,#5439,.F.);
#7051=ORIENTED_EDGE('',*,*,#5440,.T.);
#7052=ORIENTED_EDGE('',*,*,#5441,.F.);
#7053=ORIENTED_EDGE('',*,*,#5438,.F.);
#7054=ORIENTED_EDGE('',*,*,#5442,.T.);
#7055=ORIENTED_EDGE('',*,*,#5443,.F.);
#7056=ORIENTED_EDGE('',*,*,#5444,.T.);
#7057=ORIENTED_EDGE('',*,*,#5439,.T.);
#7058=ORIENTED_EDGE('',*,*,#5444,.F.);
#7059=ORIENTED_EDGE('',*,*,#5445,.F.);
#7060=ORIENTED_EDGE('',*,*,#5446,.T.);
#7061=ORIENTED_EDGE('',*,*,#5447,.F.);
#7062=ORIENTED_EDGE('',*,*,#5448,.F.);
#7063=ORIENTED_EDGE('',*,*,#5440,.F.);
#7064=ORIENTED_EDGE('',*,*,#5446,.F.);
#7065=ORIENTED_EDGE('',*,*,#5447,.T.);
#7066=ORIENTED_EDGE('',*,*,#5445,.T.);
#7067=ORIENTED_EDGE('',*,*,#5443,.T.);
#7068=ORIENTED_EDGE('',*,*,#5449,.F.);
#7069=ORIENTED_EDGE('',*,*,#5184,.T.);
#7070=ORIENTED_EDGE('',*,*,#5188,.T.);
#7071=ORIENTED_EDGE('',*,*,#5190,.T.);
#7072=ORIENTED_EDGE('',*,*,#5450,.F.);
#7073=ORIENTED_EDGE('',*,*,#5195,.T.);
#7074=ORIENTED_EDGE('',*,*,#5199,.T.);
#7075=ORIENTED_EDGE('',*,*,#5201,.T.);
#7076=ORIENTED_EDGE('',*,*,#5451,.F.);
#7077=ORIENTED_EDGE('',*,*,#5206,.T.);
#7078=ORIENTED_EDGE('',*,*,#5210,.T.);
#7079=ORIENTED_EDGE('',*,*,#5212,.T.);
#7080=ORIENTED_EDGE('',*,*,#5452,.F.);
#7081=ORIENTED_EDGE('',*,*,#5217,.T.);
#7082=ORIENTED_EDGE('',*,*,#5221,.T.);
#7083=ORIENTED_EDGE('',*,*,#5223,.T.);
#7084=ORIENTED_EDGE('',*,*,#5453,.F.);
#7085=ORIENTED_EDGE('',*,*,#5228,.T.);
#7086=ORIENTED_EDGE('',*,*,#5232,.T.);
#7087=ORIENTED_EDGE('',*,*,#5234,.T.);
#7088=ORIENTED_EDGE('',*,*,#5454,.F.);
#7089=ORIENTED_EDGE('',*,*,#5455,.T.);
#7090=ORIENTED_EDGE('',*,*,#5456,.T.);
#7091=ORIENTED_EDGE('',*,*,#5237,.T.);
#7092=ORIENTED_EDGE('',*,*,#5457,.F.);
#7093=ORIENTED_EDGE('',*,*,#5243,.T.);
#7094=ORIENTED_EDGE('',*,*,#5247,.T.);
#7095=ORIENTED_EDGE('',*,*,#5249,.T.);
#7096=ORIENTED_EDGE('',*,*,#5458,.F.);
#7097=ORIENTED_EDGE('',*,*,#5254,.T.);
#7098=ORIENTED_EDGE('',*,*,#5258,.T.);
#7099=ORIENTED_EDGE('',*,*,#5260,.T.);
#7100=ORIENTED_EDGE('',*,*,#5459,.F.);
#7101=ORIENTED_EDGE('',*,*,#5265,.T.);
#7102=ORIENTED_EDGE('',*,*,#5269,.T.);
#7103=ORIENTED_EDGE('',*,*,#5271,.T.);
#7104=ORIENTED_EDGE('',*,*,#5460,.F.);
#7105=ORIENTED_EDGE('',*,*,#5276,.T.);
#7106=ORIENTED_EDGE('',*,*,#5280,.T.);
#7107=ORIENTED_EDGE('',*,*,#5282,.T.);
#7108=ORIENTED_EDGE('',*,*,#5461,.F.);
#7109=ORIENTED_EDGE('',*,*,#5287,.T.);
#7110=ORIENTED_EDGE('',*,*,#5291,.T.);
#7111=ORIENTED_EDGE('',*,*,#5293,.T.);
#7112=ORIENTED_EDGE('',*,*,#5462,.F.);
#7113=ORIENTED_EDGE('',*,*,#5298,.T.);
#7114=ORIENTED_EDGE('',*,*,#5302,.T.);
#7115=ORIENTED_EDGE('',*,*,#5305,.T.);
#7116=ORIENTED_EDGE('',*,*,#5463,.T.);
#7117=ORIENTED_EDGE('',*,*,#5464,.F.);
#7118=ORIENTED_EDGE('',*,*,#5463,.F.);
#7119=ORIENTED_EDGE('',*,*,#5304,.T.);
#7120=ORIENTED_EDGE('',*,*,#5465,.F.);
#7121=ORIENTED_EDGE('',*,*,#5310,.T.);
#7122=ORIENTED_EDGE('',*,*,#5314,.T.);
#7123=ORIENTED_EDGE('',*,*,#5316,.T.);
#7124=ORIENTED_EDGE('',*,*,#5466,.F.);
#7125=ORIENTED_EDGE('',*,*,#5321,.T.);
#7126=ORIENTED_EDGE('',*,*,#5325,.T.);
#7127=ORIENTED_EDGE('',*,*,#5327,.T.);
#7128=ORIENTED_EDGE('',*,*,#5467,.F.);
#7129=ORIENTED_EDGE('',*,*,#5332,.T.);
#7130=ORIENTED_EDGE('',*,*,#5336,.T.);
#7131=ORIENTED_EDGE('',*,*,#5338,.T.);
#7132=ORIENTED_EDGE('',*,*,#5468,.F.);
#7133=ORIENTED_EDGE('',*,*,#5343,.T.);
#7134=ORIENTED_EDGE('',*,*,#5347,.T.);
#7135=ORIENTED_EDGE('',*,*,#5349,.T.);
#7136=ORIENTED_EDGE('',*,*,#5469,.F.);
#7137=ORIENTED_EDGE('',*,*,#5354,.T.);
#7138=ORIENTED_EDGE('',*,*,#5358,.T.);
#7139=ORIENTED_EDGE('',*,*,#5360,.T.);
#7140=ORIENTED_EDGE('',*,*,#5470,.F.);
#7141=ORIENTED_EDGE('',*,*,#5365,.T.);
#7142=ORIENTED_EDGE('',*,*,#5369,.T.);
#7143=ORIENTED_EDGE('',*,*,#5371,.T.);
#7144=ORIENTED_EDGE('',*,*,#5471,.F.);
#7145=ORIENTED_EDGE('',*,*,#5376,.T.);
#7146=ORIENTED_EDGE('',*,*,#5380,.T.);
#7147=ORIENTED_EDGE('',*,*,#5382,.T.);
#7148=ORIENTED_EDGE('',*,*,#5472,.F.);
#7149=ORIENTED_EDGE('',*,*,#5387,.T.);
#7150=ORIENTED_EDGE('',*,*,#5391,.T.);
#7151=ORIENTED_EDGE('',*,*,#5393,.T.);
#7152=ORIENTED_EDGE('',*,*,#5473,.F.);
#7153=ORIENTED_EDGE('',*,*,#5398,.T.);
#7154=ORIENTED_EDGE('',*,*,#5402,.T.);
#7155=ORIENTED_EDGE('',*,*,#5404,.T.);
#7156=ORIENTED_EDGE('',*,*,#5474,.F.);
#7157=ORIENTED_EDGE('',*,*,#5409,.T.);
#7158=ORIENTED_EDGE('',*,*,#5413,.T.);
#7159=ORIENTED_EDGE('',*,*,#5415,.T.);
#7160=ORIENTED_EDGE('',*,*,#5475,.F.);
#7161=ORIENTED_EDGE('',*,*,#5420,.T.);
#7162=ORIENTED_EDGE('',*,*,#5424,.T.);
#7163=ORIENTED_EDGE('',*,*,#5426,.T.);
#7164=ORIENTED_EDGE('',*,*,#5476,.F.);
#7165=ORIENTED_EDGE('',*,*,#5431,.T.);
#7166=ORIENTED_EDGE('',*,*,#5435,.T.);
#7167=ORIENTED_EDGE('',*,*,#5437,.T.);
#7168=ORIENTED_EDGE('',*,*,#5477,.F.);
#7169=ORIENTED_EDGE('',*,*,#5478,.T.);
#7170=ORIENTED_EDGE('',*,*,#5238,.F.);
#7171=ORIENTED_EDGE('',*,*,#5456,.F.);
#7172=ORIENTED_EDGE('',*,*,#5479,.T.);
#7173=ORIENTED_EDGE('',*,*,#5455,.F.);
#7174=ORIENTED_EDGE('',*,*,#5480,.F.);
#7175=ORIENTED_EDGE('',*,*,#5481,.F.);
#7176=ORIENTED_EDGE('',*,*,#5479,.F.);
#7177=ORIENTED_EDGE('',*,*,#5482,.F.);
#7178=ORIENTED_EDGE('',*,*,#5235,.T.);
#7179=ORIENTED_EDGE('',*,*,#5478,.F.);
#7180=ORIENTED_EDGE('',*,*,#5481,.T.);
#7181=ORIENTED_EDGE('',*,*,#5483,.F.);
#7182=ORIENTED_EDGE('',*,*,#5484,.F.);
#7183=ORIENTED_EDGE('',*,*,#5485,.T.);
#7184=ORIENTED_EDGE('',*,*,#5483,.T.);
#7185=ORIENTED_EDGE('',*,*,#5480,.T.);
#7186=ORIENTED_EDGE('',*,*,#5454,.T.);
#7187=ORIENTED_EDGE('',*,*,#5233,.F.);
#7188=ORIENTED_EDGE('',*,*,#5227,.T.);
#7189=ORIENTED_EDGE('',*,*,#5229,.T.);
#7190=ORIENTED_EDGE('',*,*,#5453,.T.);
#7191=ORIENTED_EDGE('',*,*,#5222,.F.);
#7192=ORIENTED_EDGE('',*,*,#5216,.T.);
#7193=ORIENTED_EDGE('',*,*,#5218,.T.);
#7194=ORIENTED_EDGE('',*,*,#5452,.T.);
#7195=ORIENTED_EDGE('',*,*,#5211,.F.);
#7196=ORIENTED_EDGE('',*,*,#5205,.T.);
#7197=ORIENTED_EDGE('',*,*,#5207,.T.);
#7198=ORIENTED_EDGE('',*,*,#5451,.T.);
#7199=ORIENTED_EDGE('',*,*,#5200,.F.);
#7200=ORIENTED_EDGE('',*,*,#5194,.T.);
#7201=ORIENTED_EDGE('',*,*,#5196,.T.);
#7202=ORIENTED_EDGE('',*,*,#5450,.T.);
#7203=ORIENTED_EDGE('',*,*,#5189,.F.);
#7204=ORIENTED_EDGE('',*,*,#5183,.T.);
#7205=ORIENTED_EDGE('',*,*,#5185,.T.);
#7206=ORIENTED_EDGE('',*,*,#5449,.T.);
#7207=ORIENTED_EDGE('',*,*,#5442,.F.);
#7208=ORIENTED_EDGE('',*,*,#5441,.T.);
#7209=ORIENTED_EDGE('',*,*,#5448,.T.);
#7210=ORIENTED_EDGE('',*,*,#5477,.T.);
#7211=ORIENTED_EDGE('',*,*,#5436,.F.);
#7212=ORIENTED_EDGE('',*,*,#5430,.T.);
#7213=ORIENTED_EDGE('',*,*,#5432,.T.);
#7214=ORIENTED_EDGE('',*,*,#5476,.T.);
#7215=ORIENTED_EDGE('',*,*,#5425,.F.);
#7216=ORIENTED_EDGE('',*,*,#5419,.T.);
#7217=ORIENTED_EDGE('',*,*,#5421,.T.);
#7218=ORIENTED_EDGE('',*,*,#5475,.T.);
#7219=ORIENTED_EDGE('',*,*,#5414,.F.);
#7220=ORIENTED_EDGE('',*,*,#5408,.T.);
#7221=ORIENTED_EDGE('',*,*,#5410,.T.);
#7222=ORIENTED_EDGE('',*,*,#5474,.T.);
#7223=ORIENTED_EDGE('',*,*,#5403,.F.);
#7224=ORIENTED_EDGE('',*,*,#5397,.T.);
#7225=ORIENTED_EDGE('',*,*,#5399,.T.);
#7226=ORIENTED_EDGE('',*,*,#5473,.T.);
#7227=ORIENTED_EDGE('',*,*,#5392,.F.);
#7228=ORIENTED_EDGE('',*,*,#5386,.T.);
#7229=ORIENTED_EDGE('',*,*,#5388,.T.);
#7230=ORIENTED_EDGE('',*,*,#5472,.T.);
#7231=ORIENTED_EDGE('',*,*,#5381,.F.);
#7232=ORIENTED_EDGE('',*,*,#5375,.T.);
#7233=ORIENTED_EDGE('',*,*,#5377,.T.);
#7234=ORIENTED_EDGE('',*,*,#5471,.T.);
#7235=ORIENTED_EDGE('',*,*,#5370,.F.);
#7236=ORIENTED_EDGE('',*,*,#5364,.T.);
#7237=ORIENTED_EDGE('',*,*,#5366,.T.);
#7238=ORIENTED_EDGE('',*,*,#5470,.T.);
#7239=ORIENTED_EDGE('',*,*,#5359,.F.);
#7240=ORIENTED_EDGE('',*,*,#5353,.T.);
#7241=ORIENTED_EDGE('',*,*,#5355,.T.);
#7242=ORIENTED_EDGE('',*,*,#5469,.T.);
#7243=ORIENTED_EDGE('',*,*,#5348,.F.);
#7244=ORIENTED_EDGE('',*,*,#5342,.T.);
#7245=ORIENTED_EDGE('',*,*,#5344,.T.);
#7246=ORIENTED_EDGE('',*,*,#5468,.T.);
#7247=ORIENTED_EDGE('',*,*,#5337,.F.);
#7248=ORIENTED_EDGE('',*,*,#5331,.T.);
#7249=ORIENTED_EDGE('',*,*,#5333,.T.);
#7250=ORIENTED_EDGE('',*,*,#5467,.T.);
#7251=ORIENTED_EDGE('',*,*,#5326,.F.);
#7252=ORIENTED_EDGE('',*,*,#5320,.T.);
#7253=ORIENTED_EDGE('',*,*,#5322,.T.);
#7254=ORIENTED_EDGE('',*,*,#5466,.T.);
#7255=ORIENTED_EDGE('',*,*,#5315,.F.);
#7256=ORIENTED_EDGE('',*,*,#5309,.T.);
#7257=ORIENTED_EDGE('',*,*,#5311,.T.);
#7258=ORIENTED_EDGE('',*,*,#5465,.T.);
#7259=ORIENTED_EDGE('',*,*,#5303,.F.);
#7260=ORIENTED_EDGE('',*,*,#5297,.T.);
#7261=ORIENTED_EDGE('',*,*,#5299,.T.);
#7262=ORIENTED_EDGE('',*,*,#5462,.T.);
#7263=ORIENTED_EDGE('',*,*,#5292,.F.);
#7264=ORIENTED_EDGE('',*,*,#5286,.T.);
#7265=ORIENTED_EDGE('',*,*,#5288,.T.);
#7266=ORIENTED_EDGE('',*,*,#5461,.T.);
#7267=ORIENTED_EDGE('',*,*,#5281,.F.);
#7268=ORIENTED_EDGE('',*,*,#5275,.T.);
#7269=ORIENTED_EDGE('',*,*,#5277,.T.);
#7270=ORIENTED_EDGE('',*,*,#5460,.T.);
#7271=ORIENTED_EDGE('',*,*,#5270,.F.);
#7272=ORIENTED_EDGE('',*,*,#5264,.T.);
#7273=ORIENTED_EDGE('',*,*,#5266,.T.);
#7274=ORIENTED_EDGE('',*,*,#5459,.T.);
#7275=ORIENTED_EDGE('',*,*,#5259,.F.);
#7276=ORIENTED_EDGE('',*,*,#5253,.T.);
#7277=ORIENTED_EDGE('',*,*,#5255,.T.);
#7278=ORIENTED_EDGE('',*,*,#5458,.T.);
#7279=ORIENTED_EDGE('',*,*,#5248,.F.);
#7280=ORIENTED_EDGE('',*,*,#5242,.T.);
#7281=ORIENTED_EDGE('',*,*,#5244,.T.);
#7282=ORIENTED_EDGE('',*,*,#5457,.T.);
#7283=ORIENTED_EDGE('',*,*,#5236,.F.);
#7284=ORIENTED_EDGE('',*,*,#5482,.T.);
#7285=ORIENTED_EDGE('',*,*,#5485,.F.);
#7286=ORIENTED_EDGE('',*,*,#5484,.T.);
#7287=ORIENTED_EDGE('',*,*,#5486,.F.);
#7288=ORIENTED_EDGE('',*,*,#5486,.T.);
#7289=ORIENTED_EDGE('',*,*,#5487,.T.);
#7290=ORIENTED_EDGE('',*,*,#5488,.F.);
#7291=ORIENTED_EDGE('',*,*,#5487,.F.);
#7292=ORIENTED_EDGE('',*,*,#5177,.T.);
#7293=ORIENTED_EDGE('',*,*,#5488,.T.);
#7294=ORIENTED_EDGE('',*,*,#5174,.T.);
#7295=ORIENTED_EDGE('',*,*,#5150,.T.);
#7296=ORIENTED_EDGE('',*,*,#5153,.T.);
#7297=ORIENTED_EDGE('',*,*,#5156,.T.);
#7298=ORIENTED_EDGE('',*,*,#5159,.T.);
#7299=ORIENTED_EDGE('',*,*,#5164,.F.);
#7300=ORIENTED_EDGE('',*,*,#5167,.F.);
#7301=ORIENTED_EDGE('',*,*,#5170,.F.);
#7302=ORIENTED_EDGE('',*,*,#5173,.F.);
#7303=ORIENTED_EDGE('',*,*,#5179,.T.);
#7304=ORIENTED_EDGE('',*,*,#5176,.T.);
#7305=ORIENTED_EDGE('',*,*,#5152,.F.);
#7306=ORIENTED_EDGE('',*,*,#5155,.F.);
#7307=ORIENTED_EDGE('',*,*,#5158,.F.);
#7308=ORIENTED_EDGE('',*,*,#5161,.F.);
#7309=ORIENTED_EDGE('',*,*,#5464,.T.);
#7310=ORIENTED_EDGE('',*,*,#5162,.T.);
#7311=ORIENTED_EDGE('',*,*,#5171,.T.);
#7312=ORIENTED_EDGE('',*,*,#5165,.T.);
#7313=ORIENTED_EDGE('',*,*,#5168,.T.);
#7314=ORIENTED_EDGE('',*,*,#5489,.T.);
#7315=ORIENTED_EDGE('',*,*,#5490,.T.);
#7316=ORIENTED_EDGE('',*,*,#5491,.F.);
#7317=ORIENTED_EDGE('',*,*,#5490,.F.);
#7318=ORIENTED_EDGE('',*,*,#5492,.T.);
#7319=ORIENTED_EDGE('',*,*,#5493,.F.);
#7320=ORIENTED_EDGE('',*,*,#5494,.T.);
#7321=ORIENTED_EDGE('',*,*,#5495,.T.);
#7322=ORIENTED_EDGE('',*,*,#5494,.F.);
#7323=ORIENTED_EDGE('',*,*,#5496,.F.);
#7324=ORIENTED_EDGE('',*,*,#5497,.T.);
#7325=ORIENTED_EDGE('',*,*,#5498,.T.);
#7326=ORIENTED_EDGE('',*,*,#5497,.F.);
#7327=ORIENTED_EDGE('',*,*,#5499,.F.);
#7328=ORIENTED_EDGE('',*,*,#5500,.T.);
#7329=ORIENTED_EDGE('',*,*,#5501,.T.);
#7330=ORIENTED_EDGE('',*,*,#5500,.F.);
#7331=ORIENTED_EDGE('',*,*,#5502,.F.);
#7332=ORIENTED_EDGE('',*,*,#5503,.T.);
#7333=ORIENTED_EDGE('',*,*,#5504,.T.);
#7334=ORIENTED_EDGE('',*,*,#5503,.F.);
#7335=ORIENTED_EDGE('',*,*,#5505,.F.);
#7336=ORIENTED_EDGE('',*,*,#5506,.T.);
#7337=ORIENTED_EDGE('',*,*,#5507,.T.);
#7338=ORIENTED_EDGE('',*,*,#5506,.F.);
#7339=ORIENTED_EDGE('',*,*,#5508,.F.);
#7340=ORIENTED_EDGE('',*,*,#5509,.T.);
#7341=ORIENTED_EDGE('',*,*,#5510,.T.);
#7342=ORIENTED_EDGE('',*,*,#5509,.F.);
#7343=ORIENTED_EDGE('',*,*,#5511,.F.);
#7344=ORIENTED_EDGE('',*,*,#5512,.T.);
#7345=ORIENTED_EDGE('',*,*,#5513,.T.);
#7346=ORIENTED_EDGE('',*,*,#5512,.F.);
#7347=ORIENTED_EDGE('',*,*,#5514,.F.);
#7348=ORIENTED_EDGE('',*,*,#5515,.T.);
#7349=ORIENTED_EDGE('',*,*,#5516,.T.);
#7350=ORIENTED_EDGE('',*,*,#5515,.F.);
#7351=ORIENTED_EDGE('',*,*,#5517,.F.);
#7352=ORIENTED_EDGE('',*,*,#5518,.T.);
#7353=ORIENTED_EDGE('',*,*,#5519,.F.);
#7354=ORIENTED_EDGE('',*,*,#5518,.F.);
#7355=ORIENTED_EDGE('',*,*,#5520,.F.);
#7356=ORIENTED_EDGE('',*,*,#5521,.T.);
#7357=ORIENTED_EDGE('',*,*,#5522,.F.);
#7358=ORIENTED_EDGE('',*,*,#5521,.F.);
#7359=ORIENTED_EDGE('',*,*,#5523,.F.);
#7360=ORIENTED_EDGE('',*,*,#5524,.T.);
#7361=ORIENTED_EDGE('',*,*,#5492,.F.);
#7362=ORIENTED_EDGE('',*,*,#5489,.F.);
#7363=ORIENTED_EDGE('',*,*,#5524,.F.);
#7364=ORIENTED_EDGE('',*,*,#5520,.T.);
#7365=ORIENTED_EDGE('',*,*,#5523,.T.);
#7366=ORIENTED_EDGE('',*,*,#5517,.T.);
#7367=ORIENTED_EDGE('',*,*,#5493,.T.);
#7368=ORIENTED_EDGE('',*,*,#5496,.T.);
#7369=ORIENTED_EDGE('',*,*,#5499,.T.);
#7370=ORIENTED_EDGE('',*,*,#5502,.T.);
#7371=ORIENTED_EDGE('',*,*,#5507,.F.);
#7372=ORIENTED_EDGE('',*,*,#5510,.F.);
#7373=ORIENTED_EDGE('',*,*,#5513,.F.);
#7374=ORIENTED_EDGE('',*,*,#5516,.F.);
#7375=ORIENTED_EDGE('',*,*,#5522,.T.);
#7376=ORIENTED_EDGE('',*,*,#5519,.T.);
#7377=ORIENTED_EDGE('',*,*,#5491,.T.);
#7378=ORIENTED_EDGE('',*,*,#5495,.F.);
#7379=ORIENTED_EDGE('',*,*,#5498,.F.);
#7380=ORIENTED_EDGE('',*,*,#5501,.F.);
#7381=ORIENTED_EDGE('',*,*,#5504,.F.);
#7382=ORIENTED_EDGE('',*,*,#5514,.T.);
#7383=ORIENTED_EDGE('',*,*,#5511,.T.);
#7384=ORIENTED_EDGE('',*,*,#5508,.T.);
#7385=ORIENTED_EDGE('',*,*,#5505,.T.);
#7386=ORIENTED_EDGE('',*,*,#5525,.T.);
#7387=ORIENTED_EDGE('',*,*,#5526,.F.);
#7388=ORIENTED_EDGE('',*,*,#5526,.T.);
#7389=ORIENTED_EDGE('',*,*,#5527,.T.);
#7390=ORIENTED_EDGE('',*,*,#5525,.F.);
#7391=ORIENTED_EDGE('',*,*,#5527,.F.);
#7392=ORIENTED_EDGE('',*,*,#5528,.F.);
#7393=ORIENTED_EDGE('',*,*,#5529,.T.);
#7394=ORIENTED_EDGE('',*,*,#5528,.T.);
#7395=ORIENTED_EDGE('',*,*,#5530,.T.);
#7396=ORIENTED_EDGE('',*,*,#5529,.F.);
#7397=ORIENTED_EDGE('',*,*,#5530,.F.);
#7398=ORIENTED_EDGE('',*,*,#5531,.T.);
#7399=ORIENTED_EDGE('',*,*,#5532,.F.);
#7400=ORIENTED_EDGE('',*,*,#5532,.T.);
#7401=ORIENTED_EDGE('',*,*,#5533,.T.);
#7402=ORIENTED_EDGE('',*,*,#5531,.F.);
#7403=ORIENTED_EDGE('',*,*,#5533,.F.);
#7404=ORIENTED_EDGE('',*,*,#5534,.T.);
#7405=ORIENTED_EDGE('',*,*,#5535,.F.);
#7406=ORIENTED_EDGE('',*,*,#5536,.F.);
#7407=ORIENTED_EDGE('',*,*,#5537,.F.);
#7408=ORIENTED_EDGE('',*,*,#5538,.T.);
#7409=ORIENTED_EDGE('',*,*,#5539,.F.);
#7410=ORIENTED_EDGE('',*,*,#5534,.F.);
#7411=ORIENTED_EDGE('',*,*,#5540,.F.);
#7412=ORIENTED_EDGE('',*,*,#5541,.T.);
#7413=ORIENTED_EDGE('',*,*,#5542,.F.);
#7414=ORIENTED_EDGE('',*,*,#5538,.F.);
#7415=ORIENTED_EDGE('',*,*,#5543,.F.);
#7416=ORIENTED_EDGE('',*,*,#5535,.T.);
#7417=ORIENTED_EDGE('',*,*,#5539,.T.);
#7418=ORIENTED_EDGE('',*,*,#5542,.T.);
#7419=ORIENTED_EDGE('',*,*,#5544,.T.);
#7420=ORIENTED_EDGE('',*,*,#5545,.T.);
#7421=ORIENTED_EDGE('',*,*,#5546,.T.);
#7422=ORIENTED_EDGE('',*,*,#5536,.T.);
#7423=ORIENTED_EDGE('',*,*,#5546,.F.);
#7424=ORIENTED_EDGE('',*,*,#5547,.F.);
#7425=ORIENTED_EDGE('',*,*,#5548,.F.);
#7426=ORIENTED_EDGE('',*,*,#5549,.T.);
#7427=ORIENTED_EDGE('',*,*,#5550,.F.);
#7428=ORIENTED_EDGE('',*,*,#5551,.F.);
#7429=ORIENTED_EDGE('',*,*,#5548,.T.);
#7430=ORIENTED_EDGE('',*,*,#5552,.F.);
#7431=ORIENTED_EDGE('',*,*,#5537,.T.);
#7432=ORIENTED_EDGE('',*,*,#5551,.T.);
#7433=ORIENTED_EDGE('',*,*,#5553,.F.);
#7434=ORIENTED_EDGE('',*,*,#5554,.F.);
#7435=ORIENTED_EDGE('',*,*,#5540,.T.);
#7436=ORIENTED_EDGE('',*,*,#5552,.T.);
#7437=ORIENTED_EDGE('',*,*,#5555,.F.);
#7438=ORIENTED_EDGE('',*,*,#5556,.F.);
#7439=ORIENTED_EDGE('',*,*,#5543,.T.);
#7440=ORIENTED_EDGE('',*,*,#5554,.T.);
#7441=ORIENTED_EDGE('',*,*,#5557,.F.);
#7442=ORIENTED_EDGE('',*,*,#5558,.F.);
#7443=ORIENTED_EDGE('',*,*,#5559,.T.);
#7444=ORIENTED_EDGE('',*,*,#5556,.T.);
#7445=ORIENTED_EDGE('',*,*,#5560,.F.);
#7446=ORIENTED_EDGE('',*,*,#5561,.T.);
#7447=ORIENTED_EDGE('',*,*,#5544,.F.);
#7448=ORIENTED_EDGE('',*,*,#5541,.F.);
#7449=ORIENTED_EDGE('',*,*,#5559,.F.);
#7450=ORIENTED_EDGE('',*,*,#5547,.T.);
#7451=ORIENTED_EDGE('',*,*,#5545,.F.);
#7452=ORIENTED_EDGE('',*,*,#5561,.F.);
#7453=ORIENTED_EDGE('',*,*,#5562,.F.);
#7454=ORIENTED_EDGE('',*,*,#5558,.T.);
#7455=ORIENTED_EDGE('',*,*,#5563,.F.);
#7456=ORIENTED_EDGE('',*,*,#5549,.F.);
#7457=ORIENTED_EDGE('',*,*,#5562,.T.);
#7458=ORIENTED_EDGE('',*,*,#5564,.F.);
#7459=ORIENTED_EDGE('',*,*,#5565,.F.);
#7460=ORIENTED_EDGE('',*,*,#5566,.T.);
#7461=ORIENTED_EDGE('',*,*,#5567,.F.);
#7462=ORIENTED_EDGE('',*,*,#5566,.F.);
#7463=ORIENTED_EDGE('',*,*,#5568,.T.);
#7464=ORIENTED_EDGE('',*,*,#5569,.T.);
#7465=ORIENTED_EDGE('',*,*,#5564,.T.);
#7466=ORIENTED_EDGE('',*,*,#5565,.T.);
#7467=ORIENTED_EDGE('',*,*,#5569,.F.);
#7468=ORIENTED_EDGE('',*,*,#5568,.F.);
#7469=ORIENTED_EDGE('',*,*,#5560,.T.);
#7470=ORIENTED_EDGE('',*,*,#5557,.T.);
#7471=ORIENTED_EDGE('',*,*,#5555,.T.);
#7472=ORIENTED_EDGE('',*,*,#5553,.T.);
#7473=ORIENTED_EDGE('',*,*,#5550,.T.);
#7474=ORIENTED_EDGE('',*,*,#5563,.T.);
#7475=ORIENTED_EDGE('',*,*,#5570,.T.);
#7476=ORIENTED_EDGE('',*,*,#5571,.F.);
#7477=ORIENTED_EDGE('',*,*,#5572,.F.);
#7478=ORIENTED_EDGE('',*,*,#5573,.F.);
#7479=ORIENTED_EDGE('',*,*,#5574,.T.);
#7480=ORIENTED_EDGE('',*,*,#5575,.F.);
#7481=ORIENTED_EDGE('',*,*,#5570,.F.);
#7482=ORIENTED_EDGE('',*,*,#5576,.F.);
#7483=ORIENTED_EDGE('',*,*,#5577,.T.);
#7484=ORIENTED_EDGE('',*,*,#5578,.F.);
#7485=ORIENTED_EDGE('',*,*,#5574,.F.);
#7486=ORIENTED_EDGE('',*,*,#5579,.F.);
#7487=ORIENTED_EDGE('',*,*,#5571,.T.);
#7488=ORIENTED_EDGE('',*,*,#5575,.T.);
#7489=ORIENTED_EDGE('',*,*,#5578,.T.);
#7490=ORIENTED_EDGE('',*,*,#5580,.T.);
#7491=ORIENTED_EDGE('',*,*,#5581,.T.);
#7492=ORIENTED_EDGE('',*,*,#5582,.T.);
#7493=ORIENTED_EDGE('',*,*,#5572,.T.);
#7494=ORIENTED_EDGE('',*,*,#5582,.F.);
#7495=ORIENTED_EDGE('',*,*,#5583,.F.);
#7496=ORIENTED_EDGE('',*,*,#5584,.F.);
#7497=ORIENTED_EDGE('',*,*,#5585,.T.);
#7498=ORIENTED_EDGE('',*,*,#5586,.F.);
#7499=ORIENTED_EDGE('',*,*,#5587,.F.);
#7500=ORIENTED_EDGE('',*,*,#5584,.T.);
#7501=ORIENTED_EDGE('',*,*,#5588,.F.);
#7502=ORIENTED_EDGE('',*,*,#5573,.T.);
#7503=ORIENTED_EDGE('',*,*,#5587,.T.);
#7504=ORIENTED_EDGE('',*,*,#5589,.F.);
#7505=ORIENTED_EDGE('',*,*,#5590,.F.);
#7506=ORIENTED_EDGE('',*,*,#5576,.T.);
#7507=ORIENTED_EDGE('',*,*,#5588,.T.);
#7508=ORIENTED_EDGE('',*,*,#5591,.F.);
#7509=ORIENTED_EDGE('',*,*,#5592,.F.);
#7510=ORIENTED_EDGE('',*,*,#5579,.T.);
#7511=ORIENTED_EDGE('',*,*,#5590,.T.);
#7512=ORIENTED_EDGE('',*,*,#5593,.F.);
#7513=ORIENTED_EDGE('',*,*,#5594,.F.);
#7514=ORIENTED_EDGE('',*,*,#5595,.T.);
#7515=ORIENTED_EDGE('',*,*,#5592,.T.);
#7516=ORIENTED_EDGE('',*,*,#5596,.F.);
#7517=ORIENTED_EDGE('',*,*,#5597,.T.);
#7518=ORIENTED_EDGE('',*,*,#5580,.F.);
#7519=ORIENTED_EDGE('',*,*,#5577,.F.);
#7520=ORIENTED_EDGE('',*,*,#5595,.F.);
#7521=ORIENTED_EDGE('',*,*,#5583,.T.);
#7522=ORIENTED_EDGE('',*,*,#5581,.F.);
#7523=ORIENTED_EDGE('',*,*,#5597,.F.);
#7524=ORIENTED_EDGE('',*,*,#5598,.F.);
#7525=ORIENTED_EDGE('',*,*,#5594,.T.);
#7526=ORIENTED_EDGE('',*,*,#5599,.F.);
#7527=ORIENTED_EDGE('',*,*,#5585,.F.);
#7528=ORIENTED_EDGE('',*,*,#5598,.T.);
#7529=ORIENTED_EDGE('',*,*,#5600,.F.);
#7530=ORIENTED_EDGE('',*,*,#5601,.F.);
#7531=ORIENTED_EDGE('',*,*,#5602,.T.);
#7532=ORIENTED_EDGE('',*,*,#5603,.F.);
#7533=ORIENTED_EDGE('',*,*,#5602,.F.);
#7534=ORIENTED_EDGE('',*,*,#5604,.T.);
#7535=ORIENTED_EDGE('',*,*,#5605,.T.);
#7536=ORIENTED_EDGE('',*,*,#5600,.T.);
#7537=ORIENTED_EDGE('',*,*,#5601,.T.);
#7538=ORIENTED_EDGE('',*,*,#5605,.F.);
#7539=ORIENTED_EDGE('',*,*,#5604,.F.);
#7540=ORIENTED_EDGE('',*,*,#5596,.T.);
#7541=ORIENTED_EDGE('',*,*,#5593,.T.);
#7542=ORIENTED_EDGE('',*,*,#5591,.T.);
#7543=ORIENTED_EDGE('',*,*,#5589,.T.);
#7544=ORIENTED_EDGE('',*,*,#5586,.T.);
#7545=ORIENTED_EDGE('',*,*,#5599,.T.);
#7546=ORIENTED_EDGE('',*,*,#5606,.T.);
#7547=ORIENTED_EDGE('',*,*,#5607,.T.);
#7548=ORIENTED_EDGE('',*,*,#5608,.T.);
#7549=ORIENTED_EDGE('',*,*,#5609,.F.);
#7550=ORIENTED_EDGE('',*,*,#5610,.F.);
#7551=ORIENTED_EDGE('',*,*,#5611,.F.);
#7552=ORIENTED_EDGE('',*,*,#5612,.T.);
#7553=ORIENTED_EDGE('',*,*,#5613,.F.);
#7554=ORIENTED_EDGE('',*,*,#5614,.F.);
#7555=ORIENTED_EDGE('',*,*,#5615,.F.);
#7556=ORIENTED_EDGE('',*,*,#5616,.T.);
#7557=ORIENTED_EDGE('',*,*,#5617,.T.);
#7558=ORIENTED_EDGE('',*,*,#5618,.F.);
#7559=ORIENTED_EDGE('',*,*,#5619,.F.);
#7560=ORIENTED_EDGE('',*,*,#5620,.F.);
#7561=ORIENTED_EDGE('',*,*,#5621,.F.);
#7562=ORIENTED_EDGE('',*,*,#5622,.F.);
#7563=ORIENTED_EDGE('',*,*,#5623,.F.);
#7564=ORIENTED_EDGE('',*,*,#5624,.F.);
#7565=ORIENTED_EDGE('',*,*,#5625,.T.);
#7566=ORIENTED_EDGE('',*,*,#5626,.F.);
#7567=ORIENTED_EDGE('',*,*,#5627,.F.);
#7568=ORIENTED_EDGE('',*,*,#5628,.F.);
#7569=ORIENTED_EDGE('',*,*,#5629,.F.);
#7570=ORIENTED_EDGE('',*,*,#5630,.T.);
#7571=ORIENTED_EDGE('',*,*,#5631,.F.);
#7572=ORIENTED_EDGE('',*,*,#5632,.T.);
#7573=ORIENTED_EDGE('',*,*,#5633,.F.);
#7574=ORIENTED_EDGE('',*,*,#5634,.F.);
#7575=ORIENTED_EDGE('',*,*,#5635,.T.);
#7576=ORIENTED_EDGE('',*,*,#5636,.T.);
#7577=ORIENTED_EDGE('',*,*,#5637,.T.);
#7578=ORIENTED_EDGE('',*,*,#5638,.F.);
#7579=ORIENTED_EDGE('',*,*,#5639,.T.);
#7580=ORIENTED_EDGE('',*,*,#5640,.T.);
#7581=ORIENTED_EDGE('',*,*,#5641,.F.);
#7582=ORIENTED_EDGE('',*,*,#5642,.F.);
#7583=ORIENTED_EDGE('',*,*,#5643,.T.);
#7584=ORIENTED_EDGE('',*,*,#5644,.T.);
#7585=ORIENTED_EDGE('',*,*,#5645,.T.);
#7586=ORIENTED_EDGE('',*,*,#5646,.T.);
#7587=ORIENTED_EDGE('',*,*,#5647,.T.);
#7588=ORIENTED_EDGE('',*,*,#5648,.T.);
#7589=ORIENTED_EDGE('',*,*,#5649,.T.);
#7590=ORIENTED_EDGE('',*,*,#5650,.T.);
#7591=ORIENTED_EDGE('',*,*,#5651,.T.);
#7592=ORIENTED_EDGE('',*,*,#5652,.T.);
#7593=ORIENTED_EDGE('',*,*,#5644,.F.);
#7594=ORIENTED_EDGE('',*,*,#5653,.F.);
#7595=ORIENTED_EDGE('',*,*,#5654,.T.);
#7596=ORIENTED_EDGE('',*,*,#5655,.T.);
#7597=ORIENTED_EDGE('',*,*,#5645,.F.);
#7598=ORIENTED_EDGE('',*,*,#5652,.F.);
#7599=ORIENTED_EDGE('',*,*,#5656,.T.);
#7600=ORIENTED_EDGE('',*,*,#5657,.T.);
#7601=ORIENTED_EDGE('',*,*,#5646,.F.);
#7602=ORIENTED_EDGE('',*,*,#5655,.F.);
#7603=ORIENTED_EDGE('',*,*,#5658,.T.);
#7604=ORIENTED_EDGE('',*,*,#5659,.T.);
#7605=ORIENTED_EDGE('',*,*,#5647,.F.);
#7606=ORIENTED_EDGE('',*,*,#5657,.F.);
#7607=ORIENTED_EDGE('',*,*,#5660,.T.);
#7608=ORIENTED_EDGE('',*,*,#5661,.T.);
#7609=ORIENTED_EDGE('',*,*,#5648,.F.);
#7610=ORIENTED_EDGE('',*,*,#5659,.F.);
#7611=ORIENTED_EDGE('',*,*,#5662,.T.);
#7612=ORIENTED_EDGE('',*,*,#5663,.T.);
#7613=ORIENTED_EDGE('',*,*,#5649,.F.);
#7614=ORIENTED_EDGE('',*,*,#5661,.F.);
#7615=ORIENTED_EDGE('',*,*,#5664,.T.);
#7616=ORIENTED_EDGE('',*,*,#5665,.T.);
#7617=ORIENTED_EDGE('',*,*,#5650,.F.);
#7618=ORIENTED_EDGE('',*,*,#5663,.F.);
#7619=ORIENTED_EDGE('',*,*,#5666,.T.);
#7620=ORIENTED_EDGE('',*,*,#5653,.T.);
#7621=ORIENTED_EDGE('',*,*,#5651,.F.);
#7622=ORIENTED_EDGE('',*,*,#5665,.F.);
#7623=ORIENTED_EDGE('',*,*,#5667,.T.);
#7624=ORIENTED_EDGE('',*,*,#5668,.T.);
#7625=ORIENTED_EDGE('',*,*,#5669,.T.);
#7626=ORIENTED_EDGE('',*,*,#5670,.F.);
#7627=ORIENTED_EDGE('',*,*,#5671,.F.);
#7628=ORIENTED_EDGE('',*,*,#5672,.T.);
#7629=ORIENTED_EDGE('',*,*,#5673,.F.);
#7630=ORIENTED_EDGE('',*,*,#5674,.F.);
#7631=ORIENTED_EDGE('',*,*,#5675,.F.);
#7632=ORIENTED_EDGE('',*,*,#5666,.F.);
#7633=ORIENTED_EDGE('',*,*,#5664,.F.);
#7634=ORIENTED_EDGE('',*,*,#5662,.F.);
#7635=ORIENTED_EDGE('',*,*,#5660,.F.);
#7636=ORIENTED_EDGE('',*,*,#5658,.F.);
#7637=ORIENTED_EDGE('',*,*,#5656,.F.);
#7638=ORIENTED_EDGE('',*,*,#5654,.F.);
#7639=ORIENTED_EDGE('',*,*,#5667,.F.);
#7640=ORIENTED_EDGE('',*,*,#5676,.T.);
#7641=ORIENTED_EDGE('',*,*,#5677,.T.);
#7642=ORIENTED_EDGE('',*,*,#5678,.F.);
#7643=ORIENTED_EDGE('',*,*,#5679,.T.);
#7644=ORIENTED_EDGE('',*,*,#5680,.T.);
#7645=ORIENTED_EDGE('',*,*,#5681,.F.);
#7646=ORIENTED_EDGE('',*,*,#5682,.F.);
#7647=ORIENTED_EDGE('',*,*,#5683,.T.);
#7648=ORIENTED_EDGE('',*,*,#5684,.T.);
#7649=ORIENTED_EDGE('',*,*,#5685,.T.);
#7650=ORIENTED_EDGE('',*,*,#5686,.T.);
#7651=ORIENTED_EDGE('',*,*,#5687,.T.);
#7652=ORIENTED_EDGE('',*,*,#5688,.T.);
#7653=ORIENTED_EDGE('',*,*,#5689,.T.);
#7654=ORIENTED_EDGE('',*,*,#5690,.T.);
#7655=ORIENTED_EDGE('',*,*,#5691,.T.);
#7656=ORIENTED_EDGE('',*,*,#5692,.T.);
#7657=ORIENTED_EDGE('',*,*,#5684,.F.);
#7658=ORIENTED_EDGE('',*,*,#5693,.F.);
#7659=ORIENTED_EDGE('',*,*,#5694,.T.);
#7660=ORIENTED_EDGE('',*,*,#5695,.T.);
#7661=ORIENTED_EDGE('',*,*,#5685,.F.);
#7662=ORIENTED_EDGE('',*,*,#5692,.F.);
#7663=ORIENTED_EDGE('',*,*,#5696,.T.);
#7664=ORIENTED_EDGE('',*,*,#5697,.T.);
#7665=ORIENTED_EDGE('',*,*,#5686,.F.);
#7666=ORIENTED_EDGE('',*,*,#5695,.F.);
#7667=ORIENTED_EDGE('',*,*,#5698,.T.);
#7668=ORIENTED_EDGE('',*,*,#5699,.T.);
#7669=ORIENTED_EDGE('',*,*,#5687,.F.);
#7670=ORIENTED_EDGE('',*,*,#5697,.F.);
#7671=ORIENTED_EDGE('',*,*,#5700,.T.);
#7672=ORIENTED_EDGE('',*,*,#5701,.T.);
#7673=ORIENTED_EDGE('',*,*,#5688,.F.);
#7674=ORIENTED_EDGE('',*,*,#5699,.F.);
#7675=ORIENTED_EDGE('',*,*,#5702,.T.);
#7676=ORIENTED_EDGE('',*,*,#5703,.T.);
#7677=ORIENTED_EDGE('',*,*,#5689,.F.);
#7678=ORIENTED_EDGE('',*,*,#5701,.F.);
#7679=ORIENTED_EDGE('',*,*,#5704,.T.);
#7680=ORIENTED_EDGE('',*,*,#5705,.T.);
#7681=ORIENTED_EDGE('',*,*,#5690,.F.);
#7682=ORIENTED_EDGE('',*,*,#5703,.F.);
#7683=ORIENTED_EDGE('',*,*,#5706,.T.);
#7684=ORIENTED_EDGE('',*,*,#5693,.T.);
#7685=ORIENTED_EDGE('',*,*,#5691,.F.);
#7686=ORIENTED_EDGE('',*,*,#5705,.F.);
#7687=ORIENTED_EDGE('',*,*,#5707,.T.);
#7688=ORIENTED_EDGE('',*,*,#5708,.T.);
#7689=ORIENTED_EDGE('',*,*,#5709,.T.);
#7690=ORIENTED_EDGE('',*,*,#5710,.F.);
#7691=ORIENTED_EDGE('',*,*,#5711,.F.);
#7692=ORIENTED_EDGE('',*,*,#5712,.T.);
#7693=ORIENTED_EDGE('',*,*,#5713,.F.);
#7694=ORIENTED_EDGE('',*,*,#5714,.F.);
#7695=ORIENTED_EDGE('',*,*,#5715,.F.);
#7696=ORIENTED_EDGE('',*,*,#5706,.F.);
#7697=ORIENTED_EDGE('',*,*,#5704,.F.);
#7698=ORIENTED_EDGE('',*,*,#5702,.F.);
#7699=ORIENTED_EDGE('',*,*,#5700,.F.);
#7700=ORIENTED_EDGE('',*,*,#5698,.F.);
#7701=ORIENTED_EDGE('',*,*,#5696,.F.);
#7702=ORIENTED_EDGE('',*,*,#5694,.F.);
#7703=ORIENTED_EDGE('',*,*,#5707,.F.);
#7704=ORIENTED_EDGE('',*,*,#5716,.T.);
#7705=ORIENTED_EDGE('',*,*,#5717,.T.);
#7706=ORIENTED_EDGE('',*,*,#5718,.F.);
#7707=ORIENTED_EDGE('',*,*,#5719,.T.);
#7708=ORIENTED_EDGE('',*,*,#5720,.T.);
#7709=ORIENTED_EDGE('',*,*,#5721,.F.);
#7710=ORIENTED_EDGE('',*,*,#5722,.F.);
#7711=ORIENTED_EDGE('',*,*,#5723,.T.);
#7712=ORIENTED_EDGE('',*,*,#5724,.T.);
#7713=ORIENTED_EDGE('',*,*,#5725,.T.);
#7714=ORIENTED_EDGE('',*,*,#5726,.T.);
#7715=ORIENTED_EDGE('',*,*,#5727,.T.);
#7716=ORIENTED_EDGE('',*,*,#5728,.T.);
#7717=ORIENTED_EDGE('',*,*,#5729,.T.);
#7718=ORIENTED_EDGE('',*,*,#5730,.T.);
#7719=ORIENTED_EDGE('',*,*,#5731,.T.);
#7720=ORIENTED_EDGE('',*,*,#5732,.T.);
#7721=ORIENTED_EDGE('',*,*,#5724,.F.);
#7722=ORIENTED_EDGE('',*,*,#5733,.F.);
#7723=ORIENTED_EDGE('',*,*,#5734,.T.);
#7724=ORIENTED_EDGE('',*,*,#5735,.T.);
#7725=ORIENTED_EDGE('',*,*,#5725,.F.);
#7726=ORIENTED_EDGE('',*,*,#5732,.F.);
#7727=ORIENTED_EDGE('',*,*,#5736,.T.);
#7728=ORIENTED_EDGE('',*,*,#5737,.T.);
#7729=ORIENTED_EDGE('',*,*,#5726,.F.);
#7730=ORIENTED_EDGE('',*,*,#5735,.F.);
#7731=ORIENTED_EDGE('',*,*,#5738,.T.);
#7732=ORIENTED_EDGE('',*,*,#5739,.T.);
#7733=ORIENTED_EDGE('',*,*,#5727,.F.);
#7734=ORIENTED_EDGE('',*,*,#5737,.F.);
#7735=ORIENTED_EDGE('',*,*,#5740,.T.);
#7736=ORIENTED_EDGE('',*,*,#5741,.T.);
#7737=ORIENTED_EDGE('',*,*,#5728,.F.);
#7738=ORIENTED_EDGE('',*,*,#5739,.F.);
#7739=ORIENTED_EDGE('',*,*,#5742,.T.);
#7740=ORIENTED_EDGE('',*,*,#5743,.T.);
#7741=ORIENTED_EDGE('',*,*,#5729,.F.);
#7742=ORIENTED_EDGE('',*,*,#5741,.F.);
#7743=ORIENTED_EDGE('',*,*,#5744,.T.);
#7744=ORIENTED_EDGE('',*,*,#5745,.T.);
#7745=ORIENTED_EDGE('',*,*,#5730,.F.);
#7746=ORIENTED_EDGE('',*,*,#5743,.F.);
#7747=ORIENTED_EDGE('',*,*,#5746,.T.);
#7748=ORIENTED_EDGE('',*,*,#5733,.T.);
#7749=ORIENTED_EDGE('',*,*,#5731,.F.);
#7750=ORIENTED_EDGE('',*,*,#5745,.F.);
#7751=ORIENTED_EDGE('',*,*,#5747,.T.);
#7752=ORIENTED_EDGE('',*,*,#5748,.T.);
#7753=ORIENTED_EDGE('',*,*,#5749,.T.);
#7754=ORIENTED_EDGE('',*,*,#5750,.F.);
#7755=ORIENTED_EDGE('',*,*,#5751,.F.);
#7756=ORIENTED_EDGE('',*,*,#5752,.T.);
#7757=ORIENTED_EDGE('',*,*,#5753,.F.);
#7758=ORIENTED_EDGE('',*,*,#5754,.F.);
#7759=ORIENTED_EDGE('',*,*,#5755,.F.);
#7760=ORIENTED_EDGE('',*,*,#5746,.F.);
#7761=ORIENTED_EDGE('',*,*,#5744,.F.);
#7762=ORIENTED_EDGE('',*,*,#5742,.F.);
#7763=ORIENTED_EDGE('',*,*,#5740,.F.);
#7764=ORIENTED_EDGE('',*,*,#5738,.F.);
#7765=ORIENTED_EDGE('',*,*,#5736,.F.);
#7766=ORIENTED_EDGE('',*,*,#5734,.F.);
#7767=ORIENTED_EDGE('',*,*,#5747,.F.);
#7768=ORIENTED_EDGE('',*,*,#5756,.T.);
#7769=ORIENTED_EDGE('',*,*,#5676,.F.);
#7770=ORIENTED_EDGE('',*,*,#5757,.F.);
#7771=ORIENTED_EDGE('',*,*,#5674,.T.);
#7772=ORIENTED_EDGE('',*,*,#5758,.T.);
#7773=ORIENTED_EDGE('',*,*,#5716,.F.);
#7774=ORIENTED_EDGE('',*,*,#5759,.F.);
#7775=ORIENTED_EDGE('',*,*,#5714,.T.);
#7776=ORIENTED_EDGE('',*,*,#5760,.T.);
#7777=ORIENTED_EDGE('',*,*,#5761,.F.);
#7778=ORIENTED_EDGE('',*,*,#5762,.F.);
#7779=ORIENTED_EDGE('',*,*,#5754,.T.);
#7780=ORIENTED_EDGE('',*,*,#5763,.F.);
#7781=ORIENTED_EDGE('',*,*,#5677,.F.);
#7782=ORIENTED_EDGE('',*,*,#5756,.F.);
#7783=ORIENTED_EDGE('',*,*,#5673,.T.);
#7784=ORIENTED_EDGE('',*,*,#5764,.F.);
#7785=ORIENTED_EDGE('',*,*,#5717,.F.);
#7786=ORIENTED_EDGE('',*,*,#5758,.F.);
#7787=ORIENTED_EDGE('',*,*,#5713,.T.);
#7788=ORIENTED_EDGE('',*,*,#5765,.F.);
#7789=ORIENTED_EDGE('',*,*,#5766,.F.);
#7790=ORIENTED_EDGE('',*,*,#5760,.F.);
#7791=ORIENTED_EDGE('',*,*,#5753,.T.);
#7792=ORIENTED_EDGE('',*,*,#5767,.F.);
#7793=ORIENTED_EDGE('',*,*,#5678,.T.);
#7794=ORIENTED_EDGE('',*,*,#5763,.T.);
#7795=ORIENTED_EDGE('',*,*,#5672,.F.);
#7796=ORIENTED_EDGE('',*,*,#5768,.F.);
#7797=ORIENTED_EDGE('',*,*,#5718,.T.);
#7798=ORIENTED_EDGE('',*,*,#5764,.T.);
#7799=ORIENTED_EDGE('',*,*,#5712,.F.);
#7800=ORIENTED_EDGE('',*,*,#5769,.F.);
#7801=ORIENTED_EDGE('',*,*,#5770,.T.);
#7802=ORIENTED_EDGE('',*,*,#5765,.T.);
#7803=ORIENTED_EDGE('',*,*,#5752,.F.);
#7804=ORIENTED_EDGE('',*,*,#5771,.T.);
#7805=ORIENTED_EDGE('',*,*,#5680,.F.);
#7806=ORIENTED_EDGE('',*,*,#5772,.F.);
#7807=ORIENTED_EDGE('',*,*,#5670,.T.);
#7808=ORIENTED_EDGE('',*,*,#5773,.T.);
#7809=ORIENTED_EDGE('',*,*,#5720,.F.);
#7810=ORIENTED_EDGE('',*,*,#5774,.F.);
#7811=ORIENTED_EDGE('',*,*,#5710,.T.);
#7812=ORIENTED_EDGE('',*,*,#5775,.T.);
#7813=ORIENTED_EDGE('',*,*,#5776,.F.);
#7814=ORIENTED_EDGE('',*,*,#5777,.F.);
#7815=ORIENTED_EDGE('',*,*,#5750,.T.);
#7816=ORIENTED_EDGE('',*,*,#5778,.F.);
#7817=ORIENTED_EDGE('',*,*,#5681,.T.);
#7818=ORIENTED_EDGE('',*,*,#5771,.F.);
#7819=ORIENTED_EDGE('',*,*,#5669,.F.);
#7820=ORIENTED_EDGE('',*,*,#5779,.F.);
#7821=ORIENTED_EDGE('',*,*,#5721,.T.);
#7822=ORIENTED_EDGE('',*,*,#5773,.F.);
#7823=ORIENTED_EDGE('',*,*,#5709,.F.);
#7824=ORIENTED_EDGE('',*,*,#5780,.F.);
#7825=ORIENTED_EDGE('',*,*,#5781,.T.);
#7826=ORIENTED_EDGE('',*,*,#5775,.F.);
#7827=ORIENTED_EDGE('',*,*,#5749,.F.);
#7828=ORIENTED_EDGE('',*,*,#5782,.F.);
#7829=ORIENTED_EDGE('',*,*,#5682,.T.);
#7830=ORIENTED_EDGE('',*,*,#5778,.T.);
#7831=ORIENTED_EDGE('',*,*,#5668,.F.);
#7832=ORIENTED_EDGE('',*,*,#5783,.F.);
#7833=ORIENTED_EDGE('',*,*,#5722,.T.);
#7834=ORIENTED_EDGE('',*,*,#5779,.T.);
#7835=ORIENTED_EDGE('',*,*,#5708,.F.);
#7836=ORIENTED_EDGE('',*,*,#5784,.F.);
#7837=ORIENTED_EDGE('',*,*,#5785,.T.);
#7838=ORIENTED_EDGE('',*,*,#5780,.T.);
#7839=ORIENTED_EDGE('',*,*,#5748,.F.);
#7840=ORIENTED_EDGE('',*,*,#5757,.T.);
#7841=ORIENTED_EDGE('',*,*,#5683,.F.);
#7842=ORIENTED_EDGE('',*,*,#5782,.T.);
#7843=ORIENTED_EDGE('',*,*,#5675,.T.);
#7844=ORIENTED_EDGE('',*,*,#5759,.T.);
#7845=ORIENTED_EDGE('',*,*,#5723,.F.);
#7846=ORIENTED_EDGE('',*,*,#5783,.T.);
#7847=ORIENTED_EDGE('',*,*,#5715,.T.);
#7848=ORIENTED_EDGE('',*,*,#5762,.T.);
#7849=ORIENTED_EDGE('',*,*,#5786,.F.);
#7850=ORIENTED_EDGE('',*,*,#5784,.T.);
#7851=ORIENTED_EDGE('',*,*,#5755,.T.);
#7852=ORIENTED_EDGE('',*,*,#5761,.T.);
#7853=ORIENTED_EDGE('',*,*,#5766,.T.);
#7854=ORIENTED_EDGE('',*,*,#5770,.F.);
#7855=ORIENTED_EDGE('',*,*,#5787,.T.);
#7856=ORIENTED_EDGE('',*,*,#5776,.T.);
#7857=ORIENTED_EDGE('',*,*,#5781,.F.);
#7858=ORIENTED_EDGE('',*,*,#5785,.F.);
#7859=ORIENTED_EDGE('',*,*,#5786,.T.);
#7860=ORIENTED_EDGE('',*,*,#5788,.T.);
#7861=ORIENTED_EDGE('',*,*,#5789,.T.);
#7862=ORIENTED_EDGE('',*,*,#5790,.T.);
#7863=ORIENTED_EDGE('',*,*,#5791,.T.);
#7864=ORIENTED_EDGE('',*,*,#5792,.T.);
#7865=ORIENTED_EDGE('',*,*,#5793,.T.);
#7866=ORIENTED_EDGE('',*,*,#5794,.T.);
#7867=ORIENTED_EDGE('',*,*,#5795,.T.);
#7868=ORIENTED_EDGE('',*,*,#5796,.T.);
#7869=ORIENTED_EDGE('',*,*,#5788,.F.);
#7870=ORIENTED_EDGE('',*,*,#5797,.F.);
#7871=ORIENTED_EDGE('',*,*,#5798,.T.);
#7872=ORIENTED_EDGE('',*,*,#5799,.T.);
#7873=ORIENTED_EDGE('',*,*,#5789,.F.);
#7874=ORIENTED_EDGE('',*,*,#5796,.F.);
#7875=ORIENTED_EDGE('',*,*,#5800,.T.);
#7876=ORIENTED_EDGE('',*,*,#5801,.T.);
#7877=ORIENTED_EDGE('',*,*,#5790,.F.);
#7878=ORIENTED_EDGE('',*,*,#5799,.F.);
#7879=ORIENTED_EDGE('',*,*,#5802,.T.);
#7880=ORIENTED_EDGE('',*,*,#5803,.T.);
#7881=ORIENTED_EDGE('',*,*,#5791,.F.);
#7882=ORIENTED_EDGE('',*,*,#5801,.F.);
#7883=ORIENTED_EDGE('',*,*,#5804,.T.);
#7884=ORIENTED_EDGE('',*,*,#5805,.T.);
#7885=ORIENTED_EDGE('',*,*,#5792,.F.);
#7886=ORIENTED_EDGE('',*,*,#5803,.F.);
#7887=ORIENTED_EDGE('',*,*,#5806,.T.);
#7888=ORIENTED_EDGE('',*,*,#5807,.T.);
#7889=ORIENTED_EDGE('',*,*,#5793,.F.);
#7890=ORIENTED_EDGE('',*,*,#5805,.F.);
#7891=ORIENTED_EDGE('',*,*,#5808,.T.);
#7892=ORIENTED_EDGE('',*,*,#5809,.T.);
#7893=ORIENTED_EDGE('',*,*,#5794,.F.);
#7894=ORIENTED_EDGE('',*,*,#5807,.F.);
#7895=ORIENTED_EDGE('',*,*,#5810,.T.);
#7896=ORIENTED_EDGE('',*,*,#5797,.T.);
#7897=ORIENTED_EDGE('',*,*,#5795,.F.);
#7898=ORIENTED_EDGE('',*,*,#5809,.F.);
#7899=ORIENTED_EDGE('',*,*,#5811,.T.);
#7900=ORIENTED_EDGE('',*,*,#5812,.T.);
#7901=ORIENTED_EDGE('',*,*,#5813,.T.);
#7902=ORIENTED_EDGE('',*,*,#5814,.F.);
#7903=ORIENTED_EDGE('',*,*,#5815,.F.);
#7904=ORIENTED_EDGE('',*,*,#5816,.T.);
#7905=ORIENTED_EDGE('',*,*,#5817,.F.);
#7906=ORIENTED_EDGE('',*,*,#5818,.F.);
#7907=ORIENTED_EDGE('',*,*,#5819,.F.);
#7908=ORIENTED_EDGE('',*,*,#5810,.F.);
#7909=ORIENTED_EDGE('',*,*,#5808,.F.);
#7910=ORIENTED_EDGE('',*,*,#5806,.F.);
#7911=ORIENTED_EDGE('',*,*,#5804,.F.);
#7912=ORIENTED_EDGE('',*,*,#5802,.F.);
#7913=ORIENTED_EDGE('',*,*,#5800,.F.);
#7914=ORIENTED_EDGE('',*,*,#5798,.F.);
#7915=ORIENTED_EDGE('',*,*,#5811,.F.);
#7916=ORIENTED_EDGE('',*,*,#5772,.T.);
#7917=ORIENTED_EDGE('',*,*,#5679,.F.);
#7918=ORIENTED_EDGE('',*,*,#5767,.T.);
#7919=ORIENTED_EDGE('',*,*,#5671,.T.);
#7920=ORIENTED_EDGE('',*,*,#5774,.T.);
#7921=ORIENTED_EDGE('',*,*,#5719,.F.);
#7922=ORIENTED_EDGE('',*,*,#5768,.T.);
#7923=ORIENTED_EDGE('',*,*,#5711,.T.);
#7924=ORIENTED_EDGE('',*,*,#5777,.T.);
#7925=ORIENTED_EDGE('',*,*,#5787,.F.);
#7926=ORIENTED_EDGE('',*,*,#5769,.T.);
#7927=ORIENTED_EDGE('',*,*,#5751,.T.);
#7928=ORIENTED_EDGE('',*,*,#5820,.F.);
#7929=ORIENTED_EDGE('',*,*,#5821,.F.);
#7930=ORIENTED_EDGE('',*,*,#5619,.T.);
#7931=ORIENTED_EDGE('',*,*,#5822,.F.);
#7932=ORIENTED_EDGE('',*,*,#5823,.T.);
#7933=ORIENTED_EDGE('',*,*,#5629,.T.);
#7934=ORIENTED_EDGE('',*,*,#5824,.F.);
#7935=ORIENTED_EDGE('',*,*,#5825,.F.);
#7936=ORIENTED_EDGE('',*,*,#5632,.F.);
#7937=ORIENTED_EDGE('',*,*,#5826,.F.);
#7938=ORIENTED_EDGE('',*,*,#5827,.F.);
#7939=ORIENTED_EDGE('',*,*,#5828,.T.);
#7940=ORIENTED_EDGE('',*,*,#5829,.F.);
#7941=ORIENTED_EDGE('',*,*,#5820,.T.);
#7942=ORIENTED_EDGE('',*,*,#5830,.F.);
#7943=ORIENTED_EDGE('',*,*,#5831,.F.);
#7944=ORIENTED_EDGE('',*,*,#5832,.T.);
#7945=ORIENTED_EDGE('',*,*,#5827,.T.);
#7946=ORIENTED_EDGE('',*,*,#5833,.F.);
#7947=ORIENTED_EDGE('',*,*,#5634,.T.);
#7948=ORIENTED_EDGE('',*,*,#5834,.F.);
#7949=ORIENTED_EDGE('',*,*,#5835,.F.);
#7950=ORIENTED_EDGE('',*,*,#5836,.T.);
#7951=ORIENTED_EDGE('',*,*,#5837,.F.);
#7952=ORIENTED_EDGE('',*,*,#5624,.T.);
#7953=ORIENTED_EDGE('',*,*,#5838,.F.);
#7954=ORIENTED_EDGE('',*,*,#5839,.T.);
#7955=ORIENTED_EDGE('',*,*,#5831,.T.);
#7956=ORIENTED_EDGE('',*,*,#5840,.F.);
#7957=ORIENTED_EDGE('',*,*,#5836,.F.);
#7958=ORIENTED_EDGE('',*,*,#5841,.F.);
#7959=ORIENTED_EDGE('',*,*,#5842,.T.);
#7960=ORIENTED_EDGE('',*,*,#5843,.F.);
#7961=ORIENTED_EDGE('',*,*,#5844,.T.);
#7962=ORIENTED_EDGE('',*,*,#5845,.F.);
#7963=ORIENTED_EDGE('',*,*,#5627,.T.);
#7964=ORIENTED_EDGE('',*,*,#5846,.F.);
#7965=ORIENTED_EDGE('',*,*,#5842,.F.);
#7966=ORIENTED_EDGE('',*,*,#5847,.F.);
#7967=ORIENTED_EDGE('',*,*,#5848,.F.);
#7968=ORIENTED_EDGE('',*,*,#5849,.F.);
#7969=ORIENTED_EDGE('',*,*,#5622,.T.);
#7970=ORIENTED_EDGE('',*,*,#5850,.F.);
#7971=ORIENTED_EDGE('',*,*,#5851,.F.);
#7972=ORIENTED_EDGE('',*,*,#5852,.F.);
#7973=ORIENTED_EDGE('',*,*,#5631,.T.);
#7974=ORIENTED_EDGE('',*,*,#5630,.F.);
#7975=ORIENTED_EDGE('',*,*,#5826,.T.);
#7976=ORIENTED_EDGE('',*,*,#5635,.F.);
#7977=ORIENTED_EDGE('',*,*,#5837,.T.);
#7978=ORIENTED_EDGE('',*,*,#5844,.F.);
#7979=ORIENTED_EDGE('',*,*,#5843,.T.);
#7980=ORIENTED_EDGE('',*,*,#5849,.T.);
#7981=ORIENTED_EDGE('',*,*,#5848,.T.);
#7982=ORIENTED_EDGE('',*,*,#5853,.F.);
#7983=ORIENTED_EDGE('',*,*,#5607,.F.);
#7984=ORIENTED_EDGE('',*,*,#5854,.F.);
#7985=ORIENTED_EDGE('',*,*,#5846,.T.);
#7986=ORIENTED_EDGE('',*,*,#5611,.T.);
#7987=ORIENTED_EDGE('',*,*,#5855,.F.);
#7988=ORIENTED_EDGE('',*,*,#5856,.T.);
#7989=ORIENTED_EDGE('',*,*,#5610,.T.);
#7990=ORIENTED_EDGE('',*,*,#5857,.T.);
#7991=ORIENTED_EDGE('',*,*,#5858,.T.);
#7992=ORIENTED_EDGE('',*,*,#5859,.F.);
#7993=ORIENTED_EDGE('',*,*,#5860,.T.);
#7994=ORIENTED_EDGE('',*,*,#5855,.T.);
#7995=ORIENTED_EDGE('',*,*,#5609,.T.);
#7996=ORIENTED_EDGE('',*,*,#5861,.F.);
#7997=ORIENTED_EDGE('',*,*,#5857,.F.);
#7998=ORIENTED_EDGE('',*,*,#5824,.T.);
#7999=ORIENTED_EDGE('',*,*,#5628,.T.);
#8000=ORIENTED_EDGE('',*,*,#5845,.T.);
#8001=ORIENTED_EDGE('',*,*,#5854,.T.);
#8002=ORIENTED_EDGE('',*,*,#5862,.T.);
#8003=ORIENTED_EDGE('',*,*,#5863,.T.);
#8004=ORIENTED_EDGE('',*,*,#5864,.T.);
#8005=ORIENTED_EDGE('',*,*,#5853,.T.);
#8006=ORIENTED_EDGE('',*,*,#5847,.T.);
#8007=ORIENTED_EDGE('',*,*,#5841,.T.);
#8008=ORIENTED_EDGE('',*,*,#5835,.T.);
#8009=ORIENTED_EDGE('',*,*,#5865,.T.);
#8010=ORIENTED_EDGE('',*,*,#5866,.T.);
#8011=ORIENTED_EDGE('',*,*,#5867,.F.);
#8012=ORIENTED_EDGE('',*,*,#5868,.T.);
#8013=ORIENTED_EDGE('',*,*,#5869,.T.);
#8014=ORIENTED_EDGE('',*,*,#5870,.T.);
#8015=ORIENTED_EDGE('',*,*,#5871,.T.);
#8016=ORIENTED_EDGE('',*,*,#5872,.T.);
#8017=ORIENTED_EDGE('',*,*,#5873,.F.);
#8018=ORIENTED_EDGE('',*,*,#5866,.F.);
#8019=ORIENTED_EDGE('',*,*,#5874,.F.);
#8020=ORIENTED_EDGE('',*,*,#5875,.F.);
#8021=ORIENTED_EDGE('',*,*,#5876,.F.);
#8022=ORIENTED_EDGE('',*,*,#5877,.F.);
#8023=ORIENTED_EDGE('',*,*,#5878,.F.);
#8024=ORIENTED_EDGE('',*,*,#5639,.F.);
#8025=ORIENTED_EDGE('',*,*,#5828,.F.);
#8026=ORIENTED_EDGE('',*,*,#5832,.F.);
#8027=ORIENTED_EDGE('',*,*,#5839,.F.);
#8028=ORIENTED_EDGE('',*,*,#5879,.F.);
#8029=ORIENTED_EDGE('',*,*,#5880,.F.);
#8030=ORIENTED_EDGE('',*,*,#5881,.F.);
#8031=ORIENTED_EDGE('',*,*,#5874,.T.);
#8032=ORIENTED_EDGE('',*,*,#5871,.F.);
#8033=ORIENTED_EDGE('',*,*,#5882,.F.);
#8034=ORIENTED_EDGE('',*,*,#5883,.F.);
#8035=ORIENTED_EDGE('',*,*,#5880,.T.);
#8036=ORIENTED_EDGE('',*,*,#5870,.F.);
#8037=ORIENTED_EDGE('',*,*,#5884,.F.);
#8038=ORIENTED_EDGE('',*,*,#5885,.F.);
#8039=ORIENTED_EDGE('',*,*,#5882,.T.);
#8040=ORIENTED_EDGE('',*,*,#5869,.F.);
#8041=ORIENTED_EDGE('',*,*,#5886,.F.);
#8042=ORIENTED_EDGE('',*,*,#5637,.F.);
#8043=ORIENTED_EDGE('',*,*,#5887,.F.);
#8044=ORIENTED_EDGE('',*,*,#5888,.F.);
#8045=ORIENTED_EDGE('',*,*,#5889,.T.);
#8046=ORIENTED_EDGE('',*,*,#5890,.F.);
#8047=ORIENTED_EDGE('',*,*,#5884,.T.);
#8048=ORIENTED_EDGE('',*,*,#5868,.F.);
#8049=ORIENTED_EDGE('',*,*,#5891,.T.);
#8050=ORIENTED_EDGE('',*,*,#5892,.T.);
#8051=ORIENTED_EDGE('',*,*,#5893,.T.);
#8052=ORIENTED_EDGE('',*,*,#5875,.T.);
#8053=ORIENTED_EDGE('',*,*,#5876,.T.);
#8054=ORIENTED_EDGE('',*,*,#5894,.F.);
#8055=ORIENTED_EDGE('',*,*,#5895,.T.);
#8056=ORIENTED_EDGE('',*,*,#5896,.F.);
#8057=ORIENTED_EDGE('',*,*,#5897,.T.);
#8058=ORIENTED_EDGE('',*,*,#5898,.T.);
#8059=ORIENTED_EDGE('',*,*,#5877,.T.);
#8060=ORIENTED_EDGE('',*,*,#5896,.T.);
#8061=ORIENTED_EDGE('',*,*,#5899,.T.);
#8062=ORIENTED_EDGE('',*,*,#5900,.T.);
#8063=ORIENTED_EDGE('',*,*,#5901,.T.);
#8064=ORIENTED_EDGE('',*,*,#5902,.T.);
#8065=ORIENTED_EDGE('',*,*,#5640,.F.);
#8066=ORIENTED_EDGE('',*,*,#5878,.T.);
#8067=ORIENTED_EDGE('',*,*,#5898,.F.);
#8068=ORIENTED_EDGE('',*,*,#5829,.T.);
#8069=ORIENTED_EDGE('',*,*,#5879,.T.);
#8070=ORIENTED_EDGE('',*,*,#5838,.T.);
#8071=ORIENTED_EDGE('',*,*,#5623,.T.);
#8072=ORIENTED_EDGE('',*,*,#5852,.T.);
#8073=ORIENTED_EDGE('',*,*,#5903,.T.);
#8074=ORIENTED_EDGE('',*,*,#5904,.T.);
#8075=ORIENTED_EDGE('',*,*,#5905,.T.);
#8076=ORIENTED_EDGE('',*,*,#5906,.T.);
#8077=ORIENTED_EDGE('',*,*,#5907,.T.);
#8078=ORIENTED_EDGE('',*,*,#5620,.T.);
#8079=ORIENTED_EDGE('',*,*,#5821,.T.);
#8080=ORIENTED_EDGE('',*,*,#5873,.T.);
#8081=ORIENTED_EDGE('',*,*,#5638,.T.);
#8082=ORIENTED_EDGE('',*,*,#5886,.T.);
#8083=ORIENTED_EDGE('',*,*,#5867,.T.);
#8084=ORIENTED_EDGE('',*,*,#5891,.F.);
#8085=ORIENTED_EDGE('',*,*,#5881,.T.);
#8086=ORIENTED_EDGE('',*,*,#5908,.T.);
#8087=ORIENTED_EDGE('',*,*,#5909,.T.);
#8088=ORIENTED_EDGE('',*,*,#5910,.F.);
#8089=ORIENTED_EDGE('',*,*,#5911,.F.);
#8090=ORIENTED_EDGE('',*,*,#5908,.F.);
#8091=ORIENTED_EDGE('',*,*,#5883,.T.);
#8092=ORIENTED_EDGE('',*,*,#5912,.T.);
#8093=ORIENTED_EDGE('',*,*,#5913,.T.);
#8094=ORIENTED_EDGE('',*,*,#5910,.T.);
#8095=ORIENTED_EDGE('',*,*,#5885,.T.);
#8096=ORIENTED_EDGE('',*,*,#5887,.T.);
#8097=ORIENTED_EDGE('',*,*,#5636,.F.);
#8098=ORIENTED_EDGE('',*,*,#5914,.T.);
#8099=ORIENTED_EDGE('',*,*,#5915,.T.);
#8100=ORIENTED_EDGE('',*,*,#5888,.T.);
#8101=ORIENTED_EDGE('',*,*,#5915,.F.);
#8102=ORIENTED_EDGE('',*,*,#5916,.T.);
#8103=ORIENTED_EDGE('',*,*,#5917,.T.);
#8104=ORIENTED_EDGE('',*,*,#5918,.T.);
#8105=ORIENTED_EDGE('',*,*,#5919,.T.);
#8106=ORIENTED_EDGE('',*,*,#5603,.T.);
#8107=ORIENTED_EDGE('',*,*,#5920,.F.);
#8108=ORIENTED_EDGE('',*,*,#5921,.T.);
#8109=ORIENTED_EDGE('',*,*,#5912,.F.);
#8110=ORIENTED_EDGE('',*,*,#5890,.T.);
#8111=ORIENTED_EDGE('',*,*,#5922,.F.);
#8112=ORIENTED_EDGE('',*,*,#5892,.F.);
#8113=ORIENTED_EDGE('',*,*,#5909,.F.);
#8114=ORIENTED_EDGE('',*,*,#5911,.T.);
#8115=ORIENTED_EDGE('',*,*,#5913,.F.);
#8116=ORIENTED_EDGE('',*,*,#5921,.F.);
#8117=ORIENTED_EDGE('',*,*,#5923,.F.);
#8118=ORIENTED_EDGE('',*,*,#5924,.F.);
#8119=ORIENTED_EDGE('',*,*,#5925,.F.);
#8120=ORIENTED_EDGE('',*,*,#5926,.F.);
#8121=ORIENTED_EDGE('',*,*,#5927,.F.);
#8122=ORIENTED_EDGE('',*,*,#5928,.F.);
#8123=ORIENTED_EDGE('',*,*,#5929,.F.);
#8124=ORIENTED_EDGE('',*,*,#5930,.F.);
#8125=ORIENTED_EDGE('',*,*,#5931,.F.);
#8126=ORIENTED_EDGE('',*,*,#5932,.F.);
#8127=ORIENTED_EDGE('',*,*,#5933,.F.);
#8128=ORIENTED_EDGE('',*,*,#5934,.F.);
#8129=ORIENTED_EDGE('',*,*,#5935,.F.);
#8130=ORIENTED_EDGE('',*,*,#5936,.F.);
#8131=ORIENTED_EDGE('',*,*,#5937,.F.);
#8132=ORIENTED_EDGE('',*,*,#5938,.F.);
#8133=ORIENTED_EDGE('',*,*,#5893,.F.);
#8134=ORIENTED_EDGE('',*,*,#5922,.T.);
#8135=ORIENTED_EDGE('',*,*,#5939,.T.);
#8136=ORIENTED_EDGE('',*,*,#5894,.T.);
#8137=ORIENTED_EDGE('',*,*,#5940,.F.);
#8138=ORIENTED_EDGE('',*,*,#5641,.T.);
#8139=ORIENTED_EDGE('',*,*,#5902,.F.);
#8140=ORIENTED_EDGE('',*,*,#5897,.F.);
#8141=ORIENTED_EDGE('',*,*,#5941,.F.);
#8142=ORIENTED_EDGE('',*,*,#5942,.F.);
#8143=ORIENTED_EDGE('',*,*,#5943,.T.);
#8144=ORIENTED_EDGE('',*,*,#5944,.F.);
#8145=ORIENTED_EDGE('',*,*,#5945,.F.);
#8146=ORIENTED_EDGE('',*,*,#5946,.F.);
#8147=ORIENTED_EDGE('',*,*,#5941,.T.);
#8148=ORIENTED_EDGE('',*,*,#5900,.F.);
#8149=ORIENTED_EDGE('',*,*,#5895,.F.);
#8150=ORIENTED_EDGE('',*,*,#5947,.F.);
#8151=ORIENTED_EDGE('',*,*,#5945,.T.);
#8152=ORIENTED_EDGE('',*,*,#5899,.F.);
#8153=ORIENTED_EDGE('',*,*,#5948,.F.);
#8154=ORIENTED_EDGE('',*,*,#5858,.F.);
#8155=ORIENTED_EDGE('',*,*,#5861,.T.);
#8156=ORIENTED_EDGE('',*,*,#5608,.F.);
#8157=ORIENTED_EDGE('',*,*,#5864,.F.);
#8158=ORIENTED_EDGE('',*,*,#5948,.T.);
#8159=ORIENTED_EDGE('',*,*,#5863,.F.);
#8160=ORIENTED_EDGE('',*,*,#5949,.T.);
#8161=ORIENTED_EDGE('',*,*,#5859,.T.);
#8162=ORIENTED_EDGE('',*,*,#5856,.F.);
#8163=ORIENTED_EDGE('',*,*,#5860,.F.);
#8164=ORIENTED_EDGE('',*,*,#5949,.F.);
#8165=ORIENTED_EDGE('',*,*,#5862,.F.);
#8166=ORIENTED_EDGE('',*,*,#5606,.F.);
#8167=ORIENTED_EDGE('',*,*,#5618,.T.);
#8168=ORIENTED_EDGE('',*,*,#5621,.T.);
#8169=ORIENTED_EDGE('',*,*,#5907,.F.);
#8170=ORIENTED_EDGE('',*,*,#5617,.F.);
#8171=ORIENTED_EDGE('',*,*,#5903,.F.);
#8172=ORIENTED_EDGE('',*,*,#5851,.T.);
#8173=ORIENTED_EDGE('',*,*,#5850,.T.);
#8174=ORIENTED_EDGE('',*,*,#5626,.T.);
#8175=ORIENTED_EDGE('',*,*,#5625,.F.);
#8176=ORIENTED_EDGE('',*,*,#5840,.T.);
#8177=ORIENTED_EDGE('',*,*,#5833,.T.);
#8178=ORIENTED_EDGE('',*,*,#5830,.T.);
#8179=ORIENTED_EDGE('',*,*,#5823,.F.);
#8180=ORIENTED_EDGE('',*,*,#5822,.T.);
#8181=ORIENTED_EDGE('',*,*,#5613,.T.);
#8182=ORIENTED_EDGE('',*,*,#5950,.F.);
#8183=ORIENTED_EDGE('',*,*,#5951,.F.);
#8184=ORIENTED_EDGE('',*,*,#5952,.F.);
#8185=ORIENTED_EDGE('',*,*,#5953,.F.);
#8186=ORIENTED_EDGE('',*,*,#5950,.T.);
#8187=ORIENTED_EDGE('',*,*,#5612,.F.);
#8188=ORIENTED_EDGE('',*,*,#5906,.F.);
#8189=ORIENTED_EDGE('',*,*,#5952,.T.);
#8190=ORIENTED_EDGE('',*,*,#5905,.F.);
#8191=ORIENTED_EDGE('',*,*,#5954,.T.);
#8192=ORIENTED_EDGE('',*,*,#5955,.T.);
#8193=ORIENTED_EDGE('',*,*,#5956,.F.);
#8194=ORIENTED_EDGE('',*,*,#5957,.F.);
#8195=ORIENTED_EDGE('',*,*,#5954,.F.);
#8196=ORIENTED_EDGE('',*,*,#5904,.F.);
#8197=ORIENTED_EDGE('',*,*,#5616,.F.);
#8198=ORIENTED_EDGE('',*,*,#5615,.T.);
#8199=ORIENTED_EDGE('',*,*,#5958,.F.);
#8200=ORIENTED_EDGE('',*,*,#5956,.T.);
#8201=ORIENTED_EDGE('',*,*,#5914,.F.);
#8202=ORIENTED_EDGE('',*,*,#5643,.F.);
#8203=ORIENTED_EDGE('',*,*,#5959,.T.);
#8204=ORIENTED_EDGE('',*,*,#5960,.F.);
#8205=ORIENTED_EDGE('',*,*,#5961,.F.);
#8206=ORIENTED_EDGE('',*,*,#5962,.F.);
#8207=ORIENTED_EDGE('',*,*,#5963,.F.);
#8208=ORIENTED_EDGE('',*,*,#5916,.F.);
#8209=ORIENTED_EDGE('',*,*,#5865,.F.);
#8210=ORIENTED_EDGE('',*,*,#5834,.T.);
#8211=ORIENTED_EDGE('',*,*,#5633,.T.);
#8212=ORIENTED_EDGE('',*,*,#5825,.T.);
#8213=ORIENTED_EDGE('',*,*,#5964,.F.);
#8214=ORIENTED_EDGE('',*,*,#5965,.F.);
#8215=ORIENTED_EDGE('',*,*,#5889,.F.);
#8216=ORIENTED_EDGE('',*,*,#5919,.F.);
#8217=ORIENTED_EDGE('',*,*,#5966,.F.);
#8218=ORIENTED_EDGE('',*,*,#5967,.F.);
#8219=ORIENTED_EDGE('',*,*,#5964,.T.);
#8220=ORIENTED_EDGE('',*,*,#5918,.F.);
#8221=ORIENTED_EDGE('',*,*,#5963,.T.);
#8222=ORIENTED_EDGE('',*,*,#5968,.F.);
#8223=ORIENTED_EDGE('',*,*,#5966,.T.);
#8224=ORIENTED_EDGE('',*,*,#5917,.F.);
#8225=ORIENTED_EDGE('',*,*,#5939,.F.);
#8226=ORIENTED_EDGE('',*,*,#5932,.T.);
#8227=ORIENTED_EDGE('',*,*,#5969,.F.);
#8228=ORIENTED_EDGE('',*,*,#5947,.T.);
#8229=ORIENTED_EDGE('',*,*,#5920,.T.);
#8230=ORIENTED_EDGE('',*,*,#5965,.T.);
#8231=ORIENTED_EDGE('',*,*,#5970,.T.);
#8232=ORIENTED_EDGE('',*,*,#5923,.T.);
#8233=ORIENTED_EDGE('',*,*,#5971,.F.);
#8234=ORIENTED_EDGE('',*,*,#5924,.T.);
#8235=ORIENTED_EDGE('',*,*,#5970,.F.);
#8236=ORIENTED_EDGE('',*,*,#5967,.T.);
#8237=ORIENTED_EDGE('',*,*,#5972,.T.);
#8238=ORIENTED_EDGE('',*,*,#5925,.T.);
#8239=ORIENTED_EDGE('',*,*,#5971,.T.);
#8240=ORIENTED_EDGE('',*,*,#5968,.T.);
#8241=ORIENTED_EDGE('',*,*,#5973,.T.);
#8242=ORIENTED_EDGE('',*,*,#5926,.T.);
#8243=ORIENTED_EDGE('',*,*,#5972,.F.);
#8244=ORIENTED_EDGE('',*,*,#5962,.T.);
#8245=ORIENTED_EDGE('',*,*,#5973,.F.);
#8246=ORIENTED_EDGE('',*,*,#5974,.T.);
#8247=ORIENTED_EDGE('',*,*,#5975,.T.);
#8248=ORIENTED_EDGE('',*,*,#5927,.T.);
#8249=ORIENTED_EDGE('',*,*,#5976,.F.);
#8250=ORIENTED_EDGE('',*,*,#5928,.T.);
#8251=ORIENTED_EDGE('',*,*,#5975,.F.);
#8252=ORIENTED_EDGE('',*,*,#5977,.F.);
#8253=ORIENTED_EDGE('',*,*,#5978,.T.);
#8254=ORIENTED_EDGE('',*,*,#5929,.T.);
#8255=ORIENTED_EDGE('',*,*,#5976,.T.);
#8256=ORIENTED_EDGE('',*,*,#5979,.T.);
#8257=ORIENTED_EDGE('',*,*,#5980,.T.);
#8258=ORIENTED_EDGE('',*,*,#5930,.T.);
#8259=ORIENTED_EDGE('',*,*,#5978,.F.);
#8260=ORIENTED_EDGE('',*,*,#5942,.T.);
#8261=ORIENTED_EDGE('',*,*,#5980,.F.);
#8262=ORIENTED_EDGE('',*,*,#5946,.T.);
#8263=ORIENTED_EDGE('',*,*,#5969,.T.);
#8264=ORIENTED_EDGE('',*,*,#5931,.T.);
#8265=ORIENTED_EDGE('',*,*,#5981,.F.);
#8266=ORIENTED_EDGE('',*,*,#5982,.T.);
#8267=ORIENTED_EDGE('',*,*,#5933,.T.);
#8268=ORIENTED_EDGE('',*,*,#5982,.F.);
#8269=ORIENTED_EDGE('',*,*,#5983,.F.);
#8270=ORIENTED_EDGE('',*,*,#5984,.T.);
#8271=ORIENTED_EDGE('',*,*,#5934,.T.);
#8272=ORIENTED_EDGE('',*,*,#5984,.F.);
#8273=ORIENTED_EDGE('',*,*,#5985,.F.);
#8274=ORIENTED_EDGE('',*,*,#5986,.T.);
#8275=ORIENTED_EDGE('',*,*,#5935,.T.);
#8276=ORIENTED_EDGE('',*,*,#5986,.F.);
#8277=ORIENTED_EDGE('',*,*,#5987,.F.);
#8278=ORIENTED_EDGE('',*,*,#5988,.T.);
#8279=ORIENTED_EDGE('',*,*,#5936,.T.);
#8280=ORIENTED_EDGE('',*,*,#5988,.F.);
#8281=ORIENTED_EDGE('',*,*,#5989,.F.);
#8282=ORIENTED_EDGE('',*,*,#5990,.T.);
#8283=ORIENTED_EDGE('',*,*,#5937,.T.);
#8284=ORIENTED_EDGE('',*,*,#5990,.F.);
#8285=ORIENTED_EDGE('',*,*,#5991,.F.);
#8286=ORIENTED_EDGE('',*,*,#5992,.T.);
#8287=ORIENTED_EDGE('',*,*,#5938,.T.);
#8288=ORIENTED_EDGE('',*,*,#5992,.F.);
#8289=ORIENTED_EDGE('',*,*,#5960,.T.);
#8290=ORIENTED_EDGE('',*,*,#5993,.T.);
#8291=ORIENTED_EDGE('',*,*,#5944,.T.);
#8292=ORIENTED_EDGE('',*,*,#5994,.T.);
#8293=ORIENTED_EDGE('',*,*,#5995,.T.);
#8294=ORIENTED_EDGE('',*,*,#5996,.T.);
#8295=ORIENTED_EDGE('',*,*,#5567,.T.);
#8296=ORIENTED_EDGE('',*,*,#5959,.F.);
#8297=ORIENTED_EDGE('',*,*,#5642,.T.);
#8298=ORIENTED_EDGE('',*,*,#5940,.T.);
#8299=ORIENTED_EDGE('',*,*,#5993,.F.);
#8300=ORIENTED_EDGE('',*,*,#5614,.T.);
#8301=ORIENTED_EDGE('',*,*,#5951,.T.);
#8302=ORIENTED_EDGE('',*,*,#5953,.T.);
#8303=ORIENTED_EDGE('',*,*,#5955,.F.);
#8304=ORIENTED_EDGE('',*,*,#5957,.T.);
#8305=ORIENTED_EDGE('',*,*,#5958,.T.);
#8306=ORIENTED_EDGE('',*,*,#5997,.F.);
#8307=ORIENTED_EDGE('',*,*,#5974,.F.);
#8308=ORIENTED_EDGE('',*,*,#5961,.T.);
#8309=ORIENTED_EDGE('',*,*,#5996,.F.);
#8310=ORIENTED_EDGE('',*,*,#5998,.F.);
#8311=ORIENTED_EDGE('',*,*,#5977,.T.);
#8312=ORIENTED_EDGE('',*,*,#5997,.T.);
#8313=ORIENTED_EDGE('',*,*,#5995,.F.);
#8314=ORIENTED_EDGE('',*,*,#5943,.F.);
#8315=ORIENTED_EDGE('',*,*,#5979,.F.);
#8316=ORIENTED_EDGE('',*,*,#5998,.T.);
#8317=ORIENTED_EDGE('',*,*,#5994,.F.);
#8318=ORIENTED_EDGE('',*,*,#5981,.T.);
#8319=ORIENTED_EDGE('',*,*,#5983,.T.);
#8320=ORIENTED_EDGE('',*,*,#5985,.T.);
#8321=ORIENTED_EDGE('',*,*,#5987,.T.);
#8322=ORIENTED_EDGE('',*,*,#5999,.T.);
#8323=ORIENTED_EDGE('',*,*,#5989,.T.);
#8324=ORIENTED_EDGE('',*,*,#5991,.T.);
#8325=ORIENTED_EDGE('',*,*,#6000,.T.);
#8326=ORIENTED_EDGE('',*,*,#6001,.T.);
#8327=ORIENTED_EDGE('',*,*,#6002,.T.);
#8328=ORIENTED_EDGE('',*,*,#6003,.F.);
#8329=ORIENTED_EDGE('',*,*,#6002,.F.);
#8330=ORIENTED_EDGE('',*,*,#6004,.T.);
#8331=ORIENTED_EDGE('',*,*,#6005,.T.);
#8332=ORIENTED_EDGE('',*,*,#6006,.F.);
#8333=ORIENTED_EDGE('',*,*,#6005,.F.);
#8334=ORIENTED_EDGE('',*,*,#6007,.T.);
#8335=ORIENTED_EDGE('',*,*,#6008,.T.);
#8336=ORIENTED_EDGE('',*,*,#6009,.F.);
#8337=ORIENTED_EDGE('',*,*,#6008,.F.);
#8338=ORIENTED_EDGE('',*,*,#6010,.T.);
#8339=ORIENTED_EDGE('',*,*,#6011,.T.);
#8340=ORIENTED_EDGE('',*,*,#6012,.T.);
#8341=ORIENTED_EDGE('',*,*,#6013,.T.);
#8342=ORIENTED_EDGE('',*,*,#6014,.T.);
#8343=ORIENTED_EDGE('',*,*,#6010,.F.);
#8344=ORIENTED_EDGE('',*,*,#6015,.T.);
#8345=ORIENTED_EDGE('',*,*,#6016,.F.);
#8346=ORIENTED_EDGE('',*,*,#6015,.F.);
#8347=ORIENTED_EDGE('',*,*,#6017,.F.);
#8348=ORIENTED_EDGE('',*,*,#6018,.T.);
#8349=ORIENTED_EDGE('',*,*,#6019,.T.);
#8350=ORIENTED_EDGE('',*,*,#6020,.T.);
#8351=ORIENTED_EDGE('',*,*,#6021,.T.);
#8352=ORIENTED_EDGE('',*,*,#6022,.F.);
#8353=ORIENTED_EDGE('',*,*,#6023,.F.);
#8354=ORIENTED_EDGE('',*,*,#6024,.F.);
#8355=ORIENTED_EDGE('',*,*,#6025,.F.);
#8356=ORIENTED_EDGE('',*,*,#6026,.F.);
#8357=ORIENTED_EDGE('',*,*,#6027,.T.);
#8358=ORIENTED_EDGE('',*,*,#6016,.T.);
#8359=ORIENTED_EDGE('',*,*,#6028,.T.);
#8360=ORIENTED_EDGE('',*,*,#6029,.F.);
#8361=ORIENTED_EDGE('',*,*,#6030,.F.);
#8362=ORIENTED_EDGE('',*,*,#6007,.F.);
#8363=ORIENTED_EDGE('',*,*,#6004,.F.);
#8364=ORIENTED_EDGE('',*,*,#6031,.T.);
#8365=ORIENTED_EDGE('',*,*,#6032,.T.);
#8366=ORIENTED_EDGE('',*,*,#6026,.T.);
#8367=ORIENTED_EDGE('',*,*,#6033,.F.);
#8368=ORIENTED_EDGE('',*,*,#6034,.T.);
#8369=ORIENTED_EDGE('',*,*,#6035,.F.);
#8370=ORIENTED_EDGE('',*,*,#6036,.T.);
#8371=ORIENTED_EDGE('',*,*,#6037,.F.);
#8372=ORIENTED_EDGE('',*,*,#6038,.F.);
#8373=ORIENTED_EDGE('',*,*,#6036,.F.);
#8374=ORIENTED_EDGE('',*,*,#6039,.T.);
#8375=ORIENTED_EDGE('',*,*,#5818,.T.);
#8376=ORIENTED_EDGE('',*,*,#6040,.T.);
#8377=ORIENTED_EDGE('',*,*,#6041,.F.);
#8378=ORIENTED_EDGE('',*,*,#6042,.F.);
#8379=ORIENTED_EDGE('',*,*,#6043,.T.);
#8380=ORIENTED_EDGE('',*,*,#5814,.T.);
#8381=ORIENTED_EDGE('',*,*,#6044,.F.);
#8382=ORIENTED_EDGE('',*,*,#6045,.T.);
#8383=ORIENTED_EDGE('',*,*,#5815,.T.);
#8384=ORIENTED_EDGE('',*,*,#6043,.F.);
#8385=ORIENTED_EDGE('',*,*,#6045,.F.);
#8386=ORIENTED_EDGE('',*,*,#6046,.F.);
#8387=ORIENTED_EDGE('',*,*,#6047,.F.);
#8388=ORIENTED_EDGE('',*,*,#6048,.T.);
#8389=ORIENTED_EDGE('',*,*,#5816,.F.);
#8390=ORIENTED_EDGE('',*,*,#6049,.T.);
#8391=ORIENTED_EDGE('',*,*,#6050,.T.);
#8392=ORIENTED_EDGE('',*,*,#6051,.T.);
#8393=ORIENTED_EDGE('',*,*,#6052,.F.);
#8394=ORIENTED_EDGE('',*,*,#6053,.T.);
#8395=ORIENTED_EDGE('',*,*,#6054,.T.);
#8396=ORIENTED_EDGE('',*,*,#6055,.T.);
#8397=ORIENTED_EDGE('',*,*,#6037,.T.);
#8398=ORIENTED_EDGE('',*,*,#5817,.T.);
#8399=ORIENTED_EDGE('',*,*,#6048,.F.);
#8400=ORIENTED_EDGE('',*,*,#6017,.T.);
#8401=ORIENTED_EDGE('',*,*,#6032,.F.);
#8402=ORIENTED_EDGE('',*,*,#6038,.T.);
#8403=ORIENTED_EDGE('',*,*,#6055,.F.);
#8404=ORIENTED_EDGE('',*,*,#6056,.T.);
#8405=ORIENTED_EDGE('',*,*,#6049,.F.);
#8406=ORIENTED_EDGE('',*,*,#6047,.T.);
#8407=ORIENTED_EDGE('',*,*,#6057,.T.);
#8408=ORIENTED_EDGE('',*,*,#6023,.T.);
#8409=ORIENTED_EDGE('',*,*,#6058,.T.);
#8410=ORIENTED_EDGE('',*,*,#6054,.F.);
#8411=ORIENTED_EDGE('',*,*,#6059,.F.);
#8412=ORIENTED_EDGE('',*,*,#6060,.T.);
#8413=ORIENTED_EDGE('',*,*,#6061,.T.);
#8414=ORIENTED_EDGE('',*,*,#6062,.T.);
#8415=ORIENTED_EDGE('',*,*,#6063,.F.);
#8416=ORIENTED_EDGE('',*,*,#6018,.F.);
#8417=ORIENTED_EDGE('',*,*,#6056,.F.);
#8418=ORIENTED_EDGE('',*,*,#6019,.F.);
#8419=ORIENTED_EDGE('',*,*,#6063,.T.);
#8420=ORIENTED_EDGE('',*,*,#6064,.F.);
#8421=ORIENTED_EDGE('',*,*,#6065,.T.);
#8422=ORIENTED_EDGE('',*,*,#6065,.F.);
#8423=ORIENTED_EDGE('',*,*,#6066,.F.);
#8424=ORIENTED_EDGE('',*,*,#6067,.F.);
#8425=ORIENTED_EDGE('',*,*,#6020,.F.);
#8426=ORIENTED_EDGE('',*,*,#6067,.T.);
#8427=ORIENTED_EDGE('',*,*,#6068,.F.);
#8428=ORIENTED_EDGE('',*,*,#6069,.T.);
#8429=ORIENTED_EDGE('',*,*,#6021,.F.);
#8430=ORIENTED_EDGE('',*,*,#6022,.T.);
#8431=ORIENTED_EDGE('',*,*,#6069,.F.);
#8432=ORIENTED_EDGE('',*,*,#6070,.T.);
#8433=ORIENTED_EDGE('',*,*,#6071,.T.);
#8434=ORIENTED_EDGE('',*,*,#6072,.T.);
#8435=ORIENTED_EDGE('',*,*,#6073,.F.);
#8436=ORIENTED_EDGE('',*,*,#6050,.F.);
#8437=ORIENTED_EDGE('',*,*,#6058,.F.);
#8438=ORIENTED_EDGE('',*,*,#6051,.F.);
#8439=ORIENTED_EDGE('',*,*,#6073,.T.);
#8440=ORIENTED_EDGE('',*,*,#6074,.F.);
#8441=ORIENTED_EDGE('',*,*,#6075,.T.);
#8442=ORIENTED_EDGE('',*,*,#6076,.F.);
#8443=ORIENTED_EDGE('',*,*,#6052,.T.);
#8444=ORIENTED_EDGE('',*,*,#6075,.F.);
#8445=ORIENTED_EDGE('',*,*,#6077,.T.);
#8446=ORIENTED_EDGE('',*,*,#6060,.F.);
#8447=ORIENTED_EDGE('',*,*,#6078,.T.);
#8448=ORIENTED_EDGE('',*,*,#6077,.F.);
#8449=ORIENTED_EDGE('',*,*,#6074,.T.);
#8450=ORIENTED_EDGE('',*,*,#6072,.F.);
#8451=ORIENTED_EDGE('',*,*,#6079,.F.);
#8452=ORIENTED_EDGE('',*,*,#6071,.F.);
#8453=ORIENTED_EDGE('',*,*,#6080,.F.);
#8454=ORIENTED_EDGE('',*,*,#6061,.F.);
#8455=ORIENTED_EDGE('',*,*,#6079,.T.);
#8456=ORIENTED_EDGE('',*,*,#6070,.F.);
#8457=ORIENTED_EDGE('',*,*,#6068,.T.);
#8458=ORIENTED_EDGE('',*,*,#6066,.T.);
#8459=ORIENTED_EDGE('',*,*,#6064,.T.);
#8460=ORIENTED_EDGE('',*,*,#6062,.F.);
#8461=ORIENTED_EDGE('',*,*,#6080,.T.);
#8462=ORIENTED_EDGE('',*,*,#6076,.T.);
#8463=ORIENTED_EDGE('',*,*,#6078,.F.);
#8464=ORIENTED_EDGE('',*,*,#6059,.T.);
#8465=ORIENTED_EDGE('',*,*,#6053,.F.);
#8466=ORIENTED_EDGE('',*,*,#6081,.T.);
#8467=ORIENTED_EDGE('',*,*,#6024,.T.);
#8468=ORIENTED_EDGE('',*,*,#6057,.F.);
#8469=ORIENTED_EDGE('',*,*,#6046,.T.);
#8470=ORIENTED_EDGE('',*,*,#6044,.T.);
#8471=ORIENTED_EDGE('',*,*,#6042,.T.);
#8472=ORIENTED_EDGE('',*,*,#6082,.F.);
#8473=ORIENTED_EDGE('',*,*,#6083,.T.);
#8474=ORIENTED_EDGE('',*,*,#6033,.T.);
#8475=ORIENTED_EDGE('',*,*,#6025,.T.);
#8476=ORIENTED_EDGE('',*,*,#6081,.F.);
#8477=ORIENTED_EDGE('',*,*,#6041,.T.);
#8478=ORIENTED_EDGE('',*,*,#6084,.F.);
#8479=ORIENTED_EDGE('',*,*,#6034,.F.);
#8480=ORIENTED_EDGE('',*,*,#6083,.F.);
#8481=ORIENTED_EDGE('',*,*,#6085,.T.);
#8482=ORIENTED_EDGE('',*,*,#5812,.F.);
#8483=ORIENTED_EDGE('',*,*,#6085,.F.);
#8484=ORIENTED_EDGE('',*,*,#6082,.T.);
#8485=ORIENTED_EDGE('',*,*,#6040,.F.);
#8486=ORIENTED_EDGE('',*,*,#5813,.F.);
#8487=ORIENTED_EDGE('',*,*,#6035,.T.);
#8488=ORIENTED_EDGE('',*,*,#6084,.T.);
#8489=ORIENTED_EDGE('',*,*,#5819,.T.);
#8490=ORIENTED_EDGE('',*,*,#6039,.F.);
#8491=ORIENTED_EDGE('',*,*,#6012,.F.);
#8492=ORIENTED_EDGE('',*,*,#6086,.T.);
#8493=ORIENTED_EDGE('',*,*,#6027,.F.);
#8494=ORIENTED_EDGE('',*,*,#6086,.F.);
#8495=ORIENTED_EDGE('',*,*,#6011,.F.);
#8496=ORIENTED_EDGE('',*,*,#6087,.T.);
#8497=ORIENTED_EDGE('',*,*,#6028,.F.);
#8498=ORIENTED_EDGE('',*,*,#6087,.F.);
#8499=ORIENTED_EDGE('',*,*,#6013,.F.);
#8500=ORIENTED_EDGE('',*,*,#6088,.T.);
#8501=ORIENTED_EDGE('',*,*,#6029,.T.);
#8502=ORIENTED_EDGE('',*,*,#6088,.F.);
#8503=ORIENTED_EDGE('',*,*,#6014,.F.);
#8504=ORIENTED_EDGE('',*,*,#6089,.T.);
#8505=ORIENTED_EDGE('',*,*,#6030,.T.);
#8506=ORIENTED_EDGE('',*,*,#6089,.F.);
#8507=ORIENTED_EDGE('',*,*,#6009,.T.);
#8508=ORIENTED_EDGE('',*,*,#6006,.T.);
#8509=ORIENTED_EDGE('',*,*,#6090,.F.);
#8510=ORIENTED_EDGE('',*,*,#6091,.T.);
#8511=ORIENTED_EDGE('',*,*,#5999,.F.);
#8512=ORIENTED_EDGE('',*,*,#6091,.F.);
#8513=ORIENTED_EDGE('',*,*,#6092,.F.);
#8514=ORIENTED_EDGE('',*,*,#6093,.F.);
#8515=ORIENTED_EDGE('',*,*,#6094,.F.);
#8516=ORIENTED_EDGE('',*,*,#6095,.T.);
#8517=ORIENTED_EDGE('',*,*,#6092,.T.);
#8518=ORIENTED_EDGE('',*,*,#6090,.T.);
#8519=ORIENTED_EDGE('',*,*,#6095,.F.);
#8520=ORIENTED_EDGE('',*,*,#6096,.F.);
#8521=ORIENTED_EDGE('',*,*,#6093,.T.);
#8522=ORIENTED_EDGE('',*,*,#6096,.T.);
#8523=ORIENTED_EDGE('',*,*,#6094,.T.);
#8524=ORIENTED_EDGE('',*,*,#6097,.F.);
#8525=ORIENTED_EDGE('',*,*,#6098,.F.);
#8526=ORIENTED_EDGE('',*,*,#6099,.T.);
#8527=ORIENTED_EDGE('',*,*,#6097,.T.);
#8528=ORIENTED_EDGE('',*,*,#6099,.F.);
#8529=ORIENTED_EDGE('',*,*,#6100,.F.);
#8530=ORIENTED_EDGE('',*,*,#6101,.T.);
#8531=ORIENTED_EDGE('',*,*,#6003,.T.);
#8532=ORIENTED_EDGE('',*,*,#6098,.T.);
#8533=ORIENTED_EDGE('',*,*,#6102,.T.);
#8534=ORIENTED_EDGE('',*,*,#6101,.F.);
#8535=ORIENTED_EDGE('',*,*,#6102,.F.);
#8536=ORIENTED_EDGE('',*,*,#6100,.T.);
#8537=ORIENTED_EDGE('',*,*,#6103,.T.);
#8538=ORIENTED_EDGE('',*,*,#6104,.T.);
#8539=ORIENTED_EDGE('',*,*,#6105,.T.);
#8540=ORIENTED_EDGE('',*,*,#6106,.F.);
#8541=ORIENTED_EDGE('',*,*,#6105,.F.);
#8542=ORIENTED_EDGE('',*,*,#6107,.T.);
#8543=ORIENTED_EDGE('',*,*,#6108,.T.);
#8544=ORIENTED_EDGE('',*,*,#6109,.T.);
#8545=ORIENTED_EDGE('',*,*,#6110,.T.);
#8546=ORIENTED_EDGE('',*,*,#6111,.T.);
#8547=ORIENTED_EDGE('',*,*,#6112,.T.);
#8548=ORIENTED_EDGE('',*,*,#6113,.T.);
#8549=ORIENTED_EDGE('',*,*,#6114,.T.);
#8550=ORIENTED_EDGE('',*,*,#6115,.T.);
#8551=ORIENTED_EDGE('',*,*,#6116,.T.);
#8552=ORIENTED_EDGE('',*,*,#6117,.T.);
#8553=ORIENTED_EDGE('',*,*,#6118,.T.);
#8554=ORIENTED_EDGE('',*,*,#6119,.T.);
#8555=ORIENTED_EDGE('',*,*,#6120,.T.);
#8556=ORIENTED_EDGE('',*,*,#6121,.T.);
#8557=ORIENTED_EDGE('',*,*,#6122,.T.);
#8558=ORIENTED_EDGE('',*,*,#6123,.T.);
#8559=ORIENTED_EDGE('',*,*,#6124,.T.);
#8560=ORIENTED_EDGE('',*,*,#6125,.T.);
#8561=ORIENTED_EDGE('',*,*,#6126,.T.);
#8562=ORIENTED_EDGE('',*,*,#6127,.T.);
#8563=ORIENTED_EDGE('',*,*,#6128,.T.);
#8564=ORIENTED_EDGE('',*,*,#6129,.T.);
#8565=ORIENTED_EDGE('',*,*,#6130,.T.);
#8566=ORIENTED_EDGE('',*,*,#6131,.T.);
#8567=ORIENTED_EDGE('',*,*,#6132,.T.);
#8568=ORIENTED_EDGE('',*,*,#6133,.T.);
#8569=ORIENTED_EDGE('',*,*,#6134,.T.);
#8570=ORIENTED_EDGE('',*,*,#6135,.T.);
#8571=ORIENTED_EDGE('',*,*,#6136,.T.);
#8572=ORIENTED_EDGE('',*,*,#6137,.T.);
#8573=ORIENTED_EDGE('',*,*,#6138,.T.);
#8574=ORIENTED_EDGE('',*,*,#6139,.T.);
#8575=ORIENTED_EDGE('',*,*,#6140,.T.);
#8576=ORIENTED_EDGE('',*,*,#6141,.T.);
#8577=ORIENTED_EDGE('',*,*,#6142,.T.);
#8578=ORIENTED_EDGE('',*,*,#6143,.T.);
#8579=ORIENTED_EDGE('',*,*,#6144,.T.);
#8580=ORIENTED_EDGE('',*,*,#6145,.T.);
#8581=ORIENTED_EDGE('',*,*,#6146,.T.);
#8582=ORIENTED_EDGE('',*,*,#6147,.T.);
#8583=ORIENTED_EDGE('',*,*,#6148,.T.);
#8584=ORIENTED_EDGE('',*,*,#6149,.T.);
#8585=ORIENTED_EDGE('',*,*,#6150,.T.);
#8586=ORIENTED_EDGE('',*,*,#6151,.T.);
#8587=ORIENTED_EDGE('',*,*,#6152,.T.);
#8588=ORIENTED_EDGE('',*,*,#6153,.T.);
#8589=ORIENTED_EDGE('',*,*,#6154,.T.);
#8590=ORIENTED_EDGE('',*,*,#6155,.T.);
#8591=ORIENTED_EDGE('',*,*,#6156,.T.);
#8592=ORIENTED_EDGE('',*,*,#6106,.T.);
#8593=ORIENTED_EDGE('',*,*,#6157,.T.);
#8594=ORIENTED_EDGE('',*,*,#6158,.T.);
#8595=ORIENTED_EDGE('',*,*,#6159,.T.);
#8596=ORIENTED_EDGE('',*,*,#6160,.T.);
#8597=ORIENTED_EDGE('',*,*,#6156,.F.);
#8598=ORIENTED_EDGE('',*,*,#6161,.T.);
#8599=ORIENTED_EDGE('',*,*,#6162,.T.);
#8600=ORIENTED_EDGE('',*,*,#6163,.F.);
#8601=ORIENTED_EDGE('',*,*,#6164,.T.);
#8602=ORIENTED_EDGE('',*,*,#6161,.F.);
#8603=ORIENTED_EDGE('',*,*,#6155,.F.);
#8604=ORIENTED_EDGE('',*,*,#6165,.F.);
#8605=ORIENTED_EDGE('',*,*,#6166,.T.);
#8606=ORIENTED_EDGE('',*,*,#6167,.T.);
#8607=ORIENTED_EDGE('',*,*,#6168,.T.);
#8608=ORIENTED_EDGE('',*,*,#6165,.T.);
#8609=ORIENTED_EDGE('',*,*,#6154,.F.);
#8610=ORIENTED_EDGE('',*,*,#6169,.T.);
#8611=ORIENTED_EDGE('',*,*,#6170,.T.);
#8612=ORIENTED_EDGE('',*,*,#6171,.F.);
#8613=ORIENTED_EDGE('',*,*,#6172,.T.);
#8614=ORIENTED_EDGE('',*,*,#6169,.F.);
#8615=ORIENTED_EDGE('',*,*,#6153,.F.);
#8616=ORIENTED_EDGE('',*,*,#6173,.F.);
#8617=ORIENTED_EDGE('',*,*,#6174,.T.);
#8618=ORIENTED_EDGE('',*,*,#6175,.T.);
#8619=ORIENTED_EDGE('',*,*,#6176,.T.);
#8620=ORIENTED_EDGE('',*,*,#6173,.T.);
#8621=ORIENTED_EDGE('',*,*,#6152,.F.);
#8622=ORIENTED_EDGE('',*,*,#6177,.T.);
#8623=ORIENTED_EDGE('',*,*,#6178,.T.);
#8624=ORIENTED_EDGE('',*,*,#6179,.F.);
#8625=ORIENTED_EDGE('',*,*,#6180,.T.);
#8626=ORIENTED_EDGE('',*,*,#6177,.F.);
#8627=ORIENTED_EDGE('',*,*,#6151,.F.);
#8628=ORIENTED_EDGE('',*,*,#6181,.F.);
#8629=ORIENTED_EDGE('',*,*,#6182,.T.);
#8630=ORIENTED_EDGE('',*,*,#6183,.T.);
#8631=ORIENTED_EDGE('',*,*,#6184,.T.);
#8632=ORIENTED_EDGE('',*,*,#6181,.T.);
#8633=ORIENTED_EDGE('',*,*,#6150,.F.);
#8634=ORIENTED_EDGE('',*,*,#6185,.T.);
#8635=ORIENTED_EDGE('',*,*,#6186,.F.);
#8636=ORIENTED_EDGE('',*,*,#6187,.T.);
#8637=ORIENTED_EDGE('',*,*,#6188,.F.);
#8638=ORIENTED_EDGE('',*,*,#6189,.T.);
#8639=ORIENTED_EDGE('',*,*,#6185,.F.);
#8640=ORIENTED_EDGE('',*,*,#6149,.F.);
#8641=ORIENTED_EDGE('',*,*,#6190,.T.);
#8642=ORIENTED_EDGE('',*,*,#6191,.T.);
#8643=ORIENTED_EDGE('',*,*,#6192,.T.);
#8644=ORIENTED_EDGE('',*,*,#6186,.T.);
#8645=ORIENTED_EDGE('',*,*,#6148,.F.);
#8646=ORIENTED_EDGE('',*,*,#6193,.T.);
#8647=ORIENTED_EDGE('',*,*,#6194,.T.);
#8648=ORIENTED_EDGE('',*,*,#6195,.F.);
#8649=ORIENTED_EDGE('',*,*,#6196,.T.);
#8650=ORIENTED_EDGE('',*,*,#6193,.F.);
#8651=ORIENTED_EDGE('',*,*,#6147,.F.);
#8652=ORIENTED_EDGE('',*,*,#6197,.F.);
#8653=ORIENTED_EDGE('',*,*,#6198,.T.);
#8654=ORIENTED_EDGE('',*,*,#6199,.T.);
#8655=ORIENTED_EDGE('',*,*,#6200,.T.);
#8656=ORIENTED_EDGE('',*,*,#6197,.T.);
#8657=ORIENTED_EDGE('',*,*,#6146,.F.);
#8658=ORIENTED_EDGE('',*,*,#6201,.T.);
#8659=ORIENTED_EDGE('',*,*,#6202,.T.);
#8660=ORIENTED_EDGE('',*,*,#6203,.F.);
#8661=ORIENTED_EDGE('',*,*,#6204,.T.);
#8662=ORIENTED_EDGE('',*,*,#6201,.F.);
#8663=ORIENTED_EDGE('',*,*,#6145,.F.);
#8664=ORIENTED_EDGE('',*,*,#6205,.F.);
#8665=ORIENTED_EDGE('',*,*,#6206,.T.);
#8666=ORIENTED_EDGE('',*,*,#6207,.T.);
#8667=ORIENTED_EDGE('',*,*,#6208,.T.);
#8668=ORIENTED_EDGE('',*,*,#6205,.T.);
#8669=ORIENTED_EDGE('',*,*,#6144,.F.);
#8670=ORIENTED_EDGE('',*,*,#6209,.T.);
#8671=ORIENTED_EDGE('',*,*,#6210,.T.);
#8672=ORIENTED_EDGE('',*,*,#6211,.F.);
#8673=ORIENTED_EDGE('',*,*,#6212,.T.);
#8674=ORIENTED_EDGE('',*,*,#6209,.F.);
#8675=ORIENTED_EDGE('',*,*,#6143,.F.);
#8676=ORIENTED_EDGE('',*,*,#6213,.F.);
#8677=ORIENTED_EDGE('',*,*,#6214,.T.);
#8678=ORIENTED_EDGE('',*,*,#6215,.T.);
#8679=ORIENTED_EDGE('',*,*,#6216,.T.);
#8680=ORIENTED_EDGE('',*,*,#6213,.T.);
#8681=ORIENTED_EDGE('',*,*,#6142,.F.);
#8682=ORIENTED_EDGE('',*,*,#6217,.T.);
#8683=ORIENTED_EDGE('',*,*,#6218,.T.);
#8684=ORIENTED_EDGE('',*,*,#6219,.F.);
#8685=ORIENTED_EDGE('',*,*,#6220,.T.);
#8686=ORIENTED_EDGE('',*,*,#6217,.F.);
#8687=ORIENTED_EDGE('',*,*,#6141,.F.);
#8688=ORIENTED_EDGE('',*,*,#6221,.F.);
#8689=ORIENTED_EDGE('',*,*,#6222,.T.);
#8690=ORIENTED_EDGE('',*,*,#6223,.T.);
#8691=ORIENTED_EDGE('',*,*,#6224,.T.);
#8692=ORIENTED_EDGE('',*,*,#6221,.T.);
#8693=ORIENTED_EDGE('',*,*,#6140,.F.);
#8694=ORIENTED_EDGE('',*,*,#6225,.T.);
#8695=ORIENTED_EDGE('',*,*,#6225,.F.);
#8696=ORIENTED_EDGE('',*,*,#6139,.F.);
#8697=ORIENTED_EDGE('',*,*,#6226,.F.);
#8698=ORIENTED_EDGE('',*,*,#6227,.T.);
#8699=ORIENTED_EDGE('',*,*,#6228,.F.);
#8700=ORIENTED_EDGE('',*,*,#6229,.T.);
#8701=ORIENTED_EDGE('',*,*,#6230,.T.);
#8702=ORIENTED_EDGE('',*,*,#6231,.T.);
#8703=ORIENTED_EDGE('',*,*,#6232,.T.);
#8704=ORIENTED_EDGE('',*,*,#6233,.T.);
#8705=ORIENTED_EDGE('',*,*,#6234,.T.);
#8706=ORIENTED_EDGE('',*,*,#6235,.T.);
#8707=ORIENTED_EDGE('',*,*,#6236,.T.);
#8708=ORIENTED_EDGE('',*,*,#6237,.T.);
#8709=ORIENTED_EDGE('',*,*,#6238,.T.);
#8710=ORIENTED_EDGE('',*,*,#6239,.T.);
#8711=ORIENTED_EDGE('',*,*,#6240,.T.);
#8712=ORIENTED_EDGE('',*,*,#6241,.T.);
#8713=ORIENTED_EDGE('',*,*,#6242,.T.);
#8714=ORIENTED_EDGE('',*,*,#6243,.T.);
#8715=ORIENTED_EDGE('',*,*,#6244,.T.);
#8716=ORIENTED_EDGE('',*,*,#6245,.T.);
#8717=ORIENTED_EDGE('',*,*,#6246,.T.);
#8718=ORIENTED_EDGE('',*,*,#6247,.T.);
#8719=ORIENTED_EDGE('',*,*,#6248,.T.);
#8720=ORIENTED_EDGE('',*,*,#6249,.T.);
#8721=ORIENTED_EDGE('',*,*,#6250,.T.);
#8722=ORIENTED_EDGE('',*,*,#6251,.T.);
#8723=ORIENTED_EDGE('',*,*,#6252,.T.);
#8724=ORIENTED_EDGE('',*,*,#6253,.T.);
#8725=ORIENTED_EDGE('',*,*,#6254,.T.);
#8726=ORIENTED_EDGE('',*,*,#6255,.T.);
#8727=ORIENTED_EDGE('',*,*,#6256,.T.);
#8728=ORIENTED_EDGE('',*,*,#6257,.T.);
#8729=ORIENTED_EDGE('',*,*,#6258,.T.);
#8730=ORIENTED_EDGE('',*,*,#6259,.T.);
#8731=ORIENTED_EDGE('',*,*,#6260,.T.);
#8732=ORIENTED_EDGE('',*,*,#6261,.T.);
#8733=ORIENTED_EDGE('',*,*,#6262,.T.);
#8734=ORIENTED_EDGE('',*,*,#6263,.T.);
#8735=ORIENTED_EDGE('',*,*,#6163,.T.);
#8736=ORIENTED_EDGE('',*,*,#6264,.T.);
#8737=ORIENTED_EDGE('',*,*,#6265,.T.);
#8738=ORIENTED_EDGE('',*,*,#6266,.T.);
#8739=ORIENTED_EDGE('',*,*,#6171,.T.);
#8740=ORIENTED_EDGE('',*,*,#6267,.T.);
#8741=ORIENTED_EDGE('',*,*,#6268,.T.);
#8742=ORIENTED_EDGE('',*,*,#6269,.T.);
#8743=ORIENTED_EDGE('',*,*,#6179,.T.);
#8744=ORIENTED_EDGE('',*,*,#6270,.T.);
#8745=ORIENTED_EDGE('',*,*,#6271,.T.);
#8746=ORIENTED_EDGE('',*,*,#6272,.T.);
#8747=ORIENTED_EDGE('',*,*,#6188,.T.);
#8748=ORIENTED_EDGE('',*,*,#6273,.T.);
#8749=ORIENTED_EDGE('',*,*,#6274,.T.);
#8750=ORIENTED_EDGE('',*,*,#6275,.T.);
#8751=ORIENTED_EDGE('',*,*,#6195,.T.);
#8752=ORIENTED_EDGE('',*,*,#6276,.T.);
#8753=ORIENTED_EDGE('',*,*,#6277,.T.);
#8754=ORIENTED_EDGE('',*,*,#6278,.T.);
#8755=ORIENTED_EDGE('',*,*,#6203,.T.);
#8756=ORIENTED_EDGE('',*,*,#6279,.T.);
#8757=ORIENTED_EDGE('',*,*,#6280,.T.);
#8758=ORIENTED_EDGE('',*,*,#6281,.T.);
#8759=ORIENTED_EDGE('',*,*,#6211,.T.);
#8760=ORIENTED_EDGE('',*,*,#6282,.T.);
#8761=ORIENTED_EDGE('',*,*,#6283,.T.);
#8762=ORIENTED_EDGE('',*,*,#6284,.T.);
#8763=ORIENTED_EDGE('',*,*,#6219,.T.);
#8764=ORIENTED_EDGE('',*,*,#6285,.T.);
#8765=ORIENTED_EDGE('',*,*,#6286,.T.);
#8766=ORIENTED_EDGE('',*,*,#6287,.T.);
#8767=ORIENTED_EDGE('',*,*,#6228,.T.);
#8768=ORIENTED_EDGE('',*,*,#6288,.T.);
#8769=ORIENTED_EDGE('',*,*,#6289,.T.);
#8770=ORIENTED_EDGE('',*,*,#6290,.T.);
#8771=ORIENTED_EDGE('',*,*,#6291,.T.);
#8772=ORIENTED_EDGE('',*,*,#6292,.T.);
#8773=ORIENTED_EDGE('',*,*,#6293,.T.);
#8774=ORIENTED_EDGE('',*,*,#6294,.T.);
#8775=ORIENTED_EDGE('',*,*,#6295,.T.);
#8776=ORIENTED_EDGE('',*,*,#6296,.T.);
#8777=ORIENTED_EDGE('',*,*,#6297,.T.);
#8778=ORIENTED_EDGE('',*,*,#6298,.T.);
#8779=ORIENTED_EDGE('',*,*,#6299,.T.);
#8780=ORIENTED_EDGE('',*,*,#6300,.T.);
#8781=ORIENTED_EDGE('',*,*,#6301,.T.);
#8782=ORIENTED_EDGE('',*,*,#6302,.T.);
#8783=ORIENTED_EDGE('',*,*,#6303,.T.);
#8784=ORIENTED_EDGE('',*,*,#6304,.T.);
#8785=ORIENTED_EDGE('',*,*,#6305,.T.);
#8786=ORIENTED_EDGE('',*,*,#6306,.T.);
#8787=ORIENTED_EDGE('',*,*,#6307,.T.);
#8788=ORIENTED_EDGE('',*,*,#6308,.T.);
#8789=ORIENTED_EDGE('',*,*,#6309,.T.);
#8790=ORIENTED_EDGE('',*,*,#6310,.T.);
#8791=ORIENTED_EDGE('',*,*,#6311,.T.);
#8792=ORIENTED_EDGE('',*,*,#6312,.T.);
#8793=ORIENTED_EDGE('',*,*,#6313,.T.);
#8794=ORIENTED_EDGE('',*,*,#6314,.T.);
#8795=ORIENTED_EDGE('',*,*,#6315,.T.);
#8796=ORIENTED_EDGE('',*,*,#6316,.T.);
#8797=ORIENTED_EDGE('',*,*,#6317,.T.);
#8798=ORIENTED_EDGE('',*,*,#6318,.T.);
#8799=ORIENTED_EDGE('',*,*,#6319,.T.);
#8800=ORIENTED_EDGE('',*,*,#6320,.T.);
#8801=ORIENTED_EDGE('',*,*,#6321,.T.);
#8802=ORIENTED_EDGE('',*,*,#6322,.T.);
#8803=ORIENTED_EDGE('',*,*,#6321,.F.);
#8804=ORIENTED_EDGE('',*,*,#6323,.T.);
#8805=ORIENTED_EDGE('',*,*,#6324,.F.);
#8806=ORIENTED_EDGE('',*,*,#6325,.T.);
#8807=ORIENTED_EDGE('',*,*,#6324,.T.);
#8808=ORIENTED_EDGE('',*,*,#6326,.T.);
#8809=ORIENTED_EDGE('',*,*,#6327,.T.);
#8810=ORIENTED_EDGE('',*,*,#6122,.F.);
#8811=ORIENTED_EDGE('',*,*,#6328,.T.);
#8812=ORIENTED_EDGE('',*,*,#6329,.T.);
#8813=ORIENTED_EDGE('',*,*,#6232,.F.);
#8814=ORIENTED_EDGE('',*,*,#6330,.T.);
#8815=ORIENTED_EDGE('',*,*,#6328,.F.);
#8816=ORIENTED_EDGE('',*,*,#6121,.F.);
#8817=ORIENTED_EDGE('',*,*,#6331,.F.);
#8818=ORIENTED_EDGE('',*,*,#6331,.T.);
#8819=ORIENTED_EDGE('',*,*,#6120,.F.);
#8820=ORIENTED_EDGE('',*,*,#6332,.T.);
#8821=ORIENTED_EDGE('',*,*,#6333,.T.);
#8822=ORIENTED_EDGE('',*,*,#6334,.T.);
#8823=ORIENTED_EDGE('',*,*,#6335,.T.);
#8824=ORIENTED_EDGE('',*,*,#6329,.F.);
#8825=ORIENTED_EDGE('',*,*,#6335,.F.);
#8826=ORIENTED_EDGE('',*,*,#6336,.F.);
#8827=ORIENTED_EDGE('',*,*,#6233,.F.);
#8828=ORIENTED_EDGE('',*,*,#6336,.T.);
#8829=ORIENTED_EDGE('',*,*,#6334,.F.);
#8830=ORIENTED_EDGE('',*,*,#6337,.T.);
#8831=ORIENTED_EDGE('',*,*,#6234,.F.);
#8832=ORIENTED_EDGE('',*,*,#6338,.F.);
#8833=ORIENTED_EDGE('',*,*,#6235,.F.);
#8834=ORIENTED_EDGE('',*,*,#6337,.F.);
#8835=ORIENTED_EDGE('',*,*,#6333,.F.);
#8836=ORIENTED_EDGE('',*,*,#6339,.T.);
#8837=ORIENTED_EDGE('',*,*,#6236,.F.);
#8838=ORIENTED_EDGE('',*,*,#6338,.T.);
#8839=ORIENTED_EDGE('',*,*,#6332,.F.);
#8840=ORIENTED_EDGE('',*,*,#6119,.F.);
#8841=ORIENTED_EDGE('',*,*,#6340,.F.);
#8842=ORIENTED_EDGE('',*,*,#6341,.T.);
#8843=ORIENTED_EDGE('',*,*,#6342,.T.);
#8844=ORIENTED_EDGE('',*,*,#6343,.T.);
#8845=ORIENTED_EDGE('',*,*,#6340,.T.);
#8846=ORIENTED_EDGE('',*,*,#6118,.F.);
#8847=ORIENTED_EDGE('',*,*,#6344,.T.);
#8848=ORIENTED_EDGE('',*,*,#6345,.T.);
#8849=ORIENTED_EDGE('',*,*,#6240,.F.);
#8850=ORIENTED_EDGE('',*,*,#6346,.T.);
#8851=ORIENTED_EDGE('',*,*,#6344,.F.);
#8852=ORIENTED_EDGE('',*,*,#6117,.F.);
#8853=ORIENTED_EDGE('',*,*,#6347,.F.);
#8854=ORIENTED_EDGE('',*,*,#6348,.T.);
#8855=ORIENTED_EDGE('',*,*,#6349,.T.);
#8856=ORIENTED_EDGE('',*,*,#6350,.T.);
#8857=ORIENTED_EDGE('',*,*,#6347,.T.);
#8858=ORIENTED_EDGE('',*,*,#6116,.F.);
#8859=ORIENTED_EDGE('',*,*,#6351,.T.);
#8860=ORIENTED_EDGE('',*,*,#6352,.T.);
#8861=ORIENTED_EDGE('',*,*,#6244,.F.);
#8862=ORIENTED_EDGE('',*,*,#6353,.T.);
#8863=ORIENTED_EDGE('',*,*,#6351,.F.);
#8864=ORIENTED_EDGE('',*,*,#6115,.F.);
#8865=ORIENTED_EDGE('',*,*,#6354,.F.);
#8866=ORIENTED_EDGE('',*,*,#6355,.T.);
#8867=ORIENTED_EDGE('',*,*,#6356,.T.);
#8868=ORIENTED_EDGE('',*,*,#6357,.T.);
#8869=ORIENTED_EDGE('',*,*,#6358,.T.);
#8870=ORIENTED_EDGE('',*,*,#6354,.T.);
#8871=ORIENTED_EDGE('',*,*,#6114,.F.);
#8872=ORIENTED_EDGE('',*,*,#6359,.T.);
#8873=ORIENTED_EDGE('',*,*,#6248,.F.);
#8874=ORIENTED_EDGE('',*,*,#6360,.T.);
#8875=ORIENTED_EDGE('',*,*,#6355,.F.);
#8876=ORIENTED_EDGE('',*,*,#6113,.F.);
#8877=ORIENTED_EDGE('',*,*,#6361,.F.);
#8878=ORIENTED_EDGE('',*,*,#6362,.T.);
#8879=ORIENTED_EDGE('',*,*,#6363,.T.);
#8880=ORIENTED_EDGE('',*,*,#6364,.T.);
#8881=ORIENTED_EDGE('',*,*,#6361,.T.);
#8882=ORIENTED_EDGE('',*,*,#6112,.F.);
#8883=ORIENTED_EDGE('',*,*,#6365,.T.);
#8884=ORIENTED_EDGE('',*,*,#6365,.F.);
#8885=ORIENTED_EDGE('',*,*,#6111,.F.);
#8886=ORIENTED_EDGE('',*,*,#6366,.F.);
#8887=ORIENTED_EDGE('',*,*,#6367,.T.);
#8888=ORIENTED_EDGE('',*,*,#6252,.F.);
#8889=ORIENTED_EDGE('',*,*,#6368,.T.);
#8890=ORIENTED_EDGE('',*,*,#6368,.F.);
#8891=ORIENTED_EDGE('',*,*,#6251,.F.);
#8892=ORIENTED_EDGE('',*,*,#6369,.F.);
#8893=ORIENTED_EDGE('',*,*,#6362,.F.);
#8894=ORIENTED_EDGE('',*,*,#6369,.T.);
#8895=ORIENTED_EDGE('',*,*,#6250,.F.);
#8896=ORIENTED_EDGE('',*,*,#6370,.T.);
#8897=ORIENTED_EDGE('',*,*,#6363,.F.);
#8898=ORIENTED_EDGE('',*,*,#6359,.F.);
#8899=ORIENTED_EDGE('',*,*,#6364,.F.);
#8900=ORIENTED_EDGE('',*,*,#6370,.F.);
#8901=ORIENTED_EDGE('',*,*,#6249,.F.);
#8902=ORIENTED_EDGE('',*,*,#6367,.F.);
#8903=ORIENTED_EDGE('',*,*,#6371,.F.);
#8904=ORIENTED_EDGE('',*,*,#6372,.F.);
#8905=ORIENTED_EDGE('',*,*,#6253,.F.);
#8906=ORIENTED_EDGE('',*,*,#6373,.T.);
#8907=ORIENTED_EDGE('',*,*,#6254,.F.);
#8908=ORIENTED_EDGE('',*,*,#6372,.T.);
#8909=ORIENTED_EDGE('',*,*,#6374,.F.);
#8910=ORIENTED_EDGE('',*,*,#6375,.T.);
#8911=ORIENTED_EDGE('',*,*,#6374,.T.);
#8912=ORIENTED_EDGE('',*,*,#6371,.T.);
#8913=ORIENTED_EDGE('',*,*,#6366,.T.);
#8914=ORIENTED_EDGE('',*,*,#6110,.F.);
#8915=ORIENTED_EDGE('',*,*,#6376,.T.);
#8916=ORIENTED_EDGE('',*,*,#6377,.T.);
#8917=ORIENTED_EDGE('',*,*,#6256,.F.);
#8918=ORIENTED_EDGE('',*,*,#6378,.T.);
#8919=ORIENTED_EDGE('',*,*,#6376,.F.);
#8920=ORIENTED_EDGE('',*,*,#6109,.F.);
#8921=ORIENTED_EDGE('',*,*,#6379,.F.);
#8922=ORIENTED_EDGE('',*,*,#6380,.T.);
#8923=ORIENTED_EDGE('',*,*,#6381,.T.);
#8924=ORIENTED_EDGE('',*,*,#6382,.T.);
#8925=ORIENTED_EDGE('',*,*,#6379,.T.);
#8926=ORIENTED_EDGE('',*,*,#6108,.F.);
#8927=ORIENTED_EDGE('',*,*,#6383,.T.);
#8928=ORIENTED_EDGE('',*,*,#6384,.T.);
#8929=ORIENTED_EDGE('',*,*,#6260,.F.);
#8930=ORIENTED_EDGE('',*,*,#6385,.T.);
#8931=ORIENTED_EDGE('',*,*,#6383,.F.);
#8932=ORIENTED_EDGE('',*,*,#6107,.F.);
#8933=ORIENTED_EDGE('',*,*,#6160,.F.);
#8934=ORIENTED_EDGE('',*,*,#6385,.F.);
#8935=ORIENTED_EDGE('',*,*,#6259,.F.);
#8936=ORIENTED_EDGE('',*,*,#6386,.F.);
#8937=ORIENTED_EDGE('',*,*,#6380,.F.);
#8938=ORIENTED_EDGE('',*,*,#6386,.T.);
#8939=ORIENTED_EDGE('',*,*,#6258,.F.);
#8940=ORIENTED_EDGE('',*,*,#6387,.T.);
#8941=ORIENTED_EDGE('',*,*,#6381,.F.);
#8942=ORIENTED_EDGE('',*,*,#6377,.F.);
#8943=ORIENTED_EDGE('',*,*,#6382,.F.);
#8944=ORIENTED_EDGE('',*,*,#6387,.F.);
#8945=ORIENTED_EDGE('',*,*,#6257,.F.);
#8946=ORIENTED_EDGE('',*,*,#6384,.F.);
#8947=ORIENTED_EDGE('',*,*,#6159,.F.);
#8948=ORIENTED_EDGE('',*,*,#6388,.F.);
#8949=ORIENTED_EDGE('',*,*,#6261,.F.);
#8950=ORIENTED_EDGE('',*,*,#6389,.T.);
#8951=ORIENTED_EDGE('',*,*,#6262,.F.);
#8952=ORIENTED_EDGE('',*,*,#6388,.T.);
#8953=ORIENTED_EDGE('',*,*,#6158,.F.);
#8954=ORIENTED_EDGE('',*,*,#6164,.F.);
#8955=ORIENTED_EDGE('',*,*,#6263,.F.);
#8956=ORIENTED_EDGE('',*,*,#6389,.F.);
#8957=ORIENTED_EDGE('',*,*,#6157,.F.);
#8958=ORIENTED_EDGE('',*,*,#6378,.F.);
#8959=ORIENTED_EDGE('',*,*,#6255,.F.);
#8960=ORIENTED_EDGE('',*,*,#6373,.F.);
#8961=ORIENTED_EDGE('',*,*,#6375,.F.);
#8962=ORIENTED_EDGE('',*,*,#6360,.F.);
#8963=ORIENTED_EDGE('',*,*,#6247,.F.);
#8964=ORIENTED_EDGE('',*,*,#6390,.F.);
#8965=ORIENTED_EDGE('',*,*,#6356,.F.);
#8966=ORIENTED_EDGE('',*,*,#6390,.T.);
#8967=ORIENTED_EDGE('',*,*,#6246,.F.);
#8968=ORIENTED_EDGE('',*,*,#6391,.T.);
#8969=ORIENTED_EDGE('',*,*,#6357,.F.);
#8970=ORIENTED_EDGE('',*,*,#6352,.F.);
#8971=ORIENTED_EDGE('',*,*,#6358,.F.);
#8972=ORIENTED_EDGE('',*,*,#6391,.F.);
#8973=ORIENTED_EDGE('',*,*,#6245,.F.);
#8974=ORIENTED_EDGE('',*,*,#6353,.F.);
#8975=ORIENTED_EDGE('',*,*,#6243,.F.);
#8976=ORIENTED_EDGE('',*,*,#6392,.F.);
#8977=ORIENTED_EDGE('',*,*,#6348,.F.);
#8978=ORIENTED_EDGE('',*,*,#6392,.T.);
#8979=ORIENTED_EDGE('',*,*,#6242,.F.);
#8980=ORIENTED_EDGE('',*,*,#6393,.T.);
#8981=ORIENTED_EDGE('',*,*,#6349,.F.);
#8982=ORIENTED_EDGE('',*,*,#6345,.F.);
#8983=ORIENTED_EDGE('',*,*,#6350,.F.);
#8984=ORIENTED_EDGE('',*,*,#6393,.F.);
#8985=ORIENTED_EDGE('',*,*,#6241,.F.);
#8986=ORIENTED_EDGE('',*,*,#6346,.F.);
#8987=ORIENTED_EDGE('',*,*,#6239,.F.);
#8988=ORIENTED_EDGE('',*,*,#6394,.F.);
#8989=ORIENTED_EDGE('',*,*,#6341,.F.);
#8990=ORIENTED_EDGE('',*,*,#6394,.T.);
#8991=ORIENTED_EDGE('',*,*,#6238,.F.);
#8992=ORIENTED_EDGE('',*,*,#6395,.T.);
#8993=ORIENTED_EDGE('',*,*,#6342,.F.);
#8994=ORIENTED_EDGE('',*,*,#6339,.F.);
#8995=ORIENTED_EDGE('',*,*,#6343,.F.);
#8996=ORIENTED_EDGE('',*,*,#6395,.F.);
#8997=ORIENTED_EDGE('',*,*,#6237,.F.);
#8998=ORIENTED_EDGE('',*,*,#6330,.F.);
#8999=ORIENTED_EDGE('',*,*,#6231,.F.);
#9000=ORIENTED_EDGE('',*,*,#6322,.F.);
#9001=ORIENTED_EDGE('',*,*,#6325,.F.);
#9002=ORIENTED_EDGE('',*,*,#6396,.T.);
#9003=ORIENTED_EDGE('',*,*,#6319,.F.);
#9004=ORIENTED_EDGE('',*,*,#6397,.T.);
#9005=ORIENTED_EDGE('',*,*,#6398,.F.);
#9006=ORIENTED_EDGE('',*,*,#6123,.F.);
#9007=ORIENTED_EDGE('',*,*,#6327,.F.);
#9008=ORIENTED_EDGE('',*,*,#6399,.T.);
#9009=ORIENTED_EDGE('',*,*,#6400,.T.);
#9010=ORIENTED_EDGE('',*,*,#6401,.T.);
#9011=ORIENTED_EDGE('',*,*,#6402,.T.);
#9012=ORIENTED_EDGE('',*,*,#6124,.F.);
#9013=ORIENTED_EDGE('',*,*,#6398,.T.);
#9014=ORIENTED_EDGE('',*,*,#6402,.F.);
#9015=ORIENTED_EDGE('',*,*,#6403,.T.);
#9016=ORIENTED_EDGE('',*,*,#6315,.F.);
#9017=ORIENTED_EDGE('',*,*,#6404,.T.);
#9018=ORIENTED_EDGE('',*,*,#6405,.F.);
#9019=ORIENTED_EDGE('',*,*,#6125,.F.);
#9020=ORIENTED_EDGE('',*,*,#6403,.F.);
#9021=ORIENTED_EDGE('',*,*,#6401,.F.);
#9022=ORIENTED_EDGE('',*,*,#6406,.F.);
#9023=ORIENTED_EDGE('',*,*,#6316,.F.);
#9024=ORIENTED_EDGE('',*,*,#6407,.T.);
#9025=ORIENTED_EDGE('',*,*,#6317,.F.);
#9026=ORIENTED_EDGE('',*,*,#6406,.T.);
#9027=ORIENTED_EDGE('',*,*,#6400,.F.);
#9028=ORIENTED_EDGE('',*,*,#6397,.F.);
#9029=ORIENTED_EDGE('',*,*,#6318,.F.);
#9030=ORIENTED_EDGE('',*,*,#6407,.F.);
#9031=ORIENTED_EDGE('',*,*,#6399,.F.);
#9032=ORIENTED_EDGE('',*,*,#6408,.T.);
#9033=ORIENTED_EDGE('',*,*,#6409,.T.);
#9034=ORIENTED_EDGE('',*,*,#6410,.T.);
#9035=ORIENTED_EDGE('',*,*,#6411,.T.);
#9036=ORIENTED_EDGE('',*,*,#6126,.F.);
#9037=ORIENTED_EDGE('',*,*,#6405,.T.);
#9038=ORIENTED_EDGE('',*,*,#6412,.F.);
#9039=ORIENTED_EDGE('',*,*,#6410,.F.);
#9040=ORIENTED_EDGE('',*,*,#6413,.F.);
#9041=ORIENTED_EDGE('',*,*,#6312,.F.);
#9042=ORIENTED_EDGE('',*,*,#6414,.T.);
#9043=ORIENTED_EDGE('',*,*,#6313,.F.);
#9044=ORIENTED_EDGE('',*,*,#6413,.T.);
#9045=ORIENTED_EDGE('',*,*,#6409,.F.);
#9046=ORIENTED_EDGE('',*,*,#6404,.F.);
#9047=ORIENTED_EDGE('',*,*,#6314,.F.);
#9048=ORIENTED_EDGE('',*,*,#6414,.F.);
#9049=ORIENTED_EDGE('',*,*,#6408,.F.);
#9050=ORIENTED_EDGE('',*,*,#6311,.F.);
#9051=ORIENTED_EDGE('',*,*,#6415,.T.);
#9052=ORIENTED_EDGE('',*,*,#6416,.F.);
#9053=ORIENTED_EDGE('',*,*,#6127,.F.);
#9054=ORIENTED_EDGE('',*,*,#6411,.F.);
#9055=ORIENTED_EDGE('',*,*,#6412,.T.);
#9056=ORIENTED_EDGE('',*,*,#6417,.T.);
#9057=ORIENTED_EDGE('',*,*,#6418,.T.);
#9058=ORIENTED_EDGE('',*,*,#6419,.T.);
#9059=ORIENTED_EDGE('',*,*,#6420,.T.);
#9060=ORIENTED_EDGE('',*,*,#6128,.F.);
#9061=ORIENTED_EDGE('',*,*,#6416,.T.);
#9062=ORIENTED_EDGE('',*,*,#6421,.F.);
#9063=ORIENTED_EDGE('',*,*,#6419,.F.);
#9064=ORIENTED_EDGE('',*,*,#6422,.F.);
#9065=ORIENTED_EDGE('',*,*,#6308,.F.);
#9066=ORIENTED_EDGE('',*,*,#6423,.T.);
#9067=ORIENTED_EDGE('',*,*,#6309,.F.);
#9068=ORIENTED_EDGE('',*,*,#6422,.T.);
#9069=ORIENTED_EDGE('',*,*,#6418,.F.);
#9070=ORIENTED_EDGE('',*,*,#6415,.F.);
#9071=ORIENTED_EDGE('',*,*,#6310,.F.);
#9072=ORIENTED_EDGE('',*,*,#6423,.F.);
#9073=ORIENTED_EDGE('',*,*,#6417,.F.);
#9074=ORIENTED_EDGE('',*,*,#6307,.F.);
#9075=ORIENTED_EDGE('',*,*,#6424,.T.);
#9076=ORIENTED_EDGE('',*,*,#6425,.F.);
#9077=ORIENTED_EDGE('',*,*,#6129,.F.);
#9078=ORIENTED_EDGE('',*,*,#6420,.F.);
#9079=ORIENTED_EDGE('',*,*,#6421,.T.);
#9080=ORIENTED_EDGE('',*,*,#6426,.T.);
#9081=ORIENTED_EDGE('',*,*,#6427,.T.);
#9082=ORIENTED_EDGE('',*,*,#6428,.T.);
#9083=ORIENTED_EDGE('',*,*,#6429,.T.);
#9084=ORIENTED_EDGE('',*,*,#6130,.F.);
#9085=ORIENTED_EDGE('',*,*,#6425,.T.);
#9086=ORIENTED_EDGE('',*,*,#6430,.F.);
#9087=ORIENTED_EDGE('',*,*,#6428,.F.);
#9088=ORIENTED_EDGE('',*,*,#6431,.F.);
#9089=ORIENTED_EDGE('',*,*,#6304,.F.);
#9090=ORIENTED_EDGE('',*,*,#6432,.T.);
#9091=ORIENTED_EDGE('',*,*,#6305,.F.);
#9092=ORIENTED_EDGE('',*,*,#6431,.T.);
#9093=ORIENTED_EDGE('',*,*,#6427,.F.);
#9094=ORIENTED_EDGE('',*,*,#6424,.F.);
#9095=ORIENTED_EDGE('',*,*,#6306,.F.);
#9096=ORIENTED_EDGE('',*,*,#6432,.F.);
#9097=ORIENTED_EDGE('',*,*,#6426,.F.);
#9098=ORIENTED_EDGE('',*,*,#6303,.F.);
#9099=ORIENTED_EDGE('',*,*,#6433,.T.);
#9100=ORIENTED_EDGE('',*,*,#6434,.F.);
#9101=ORIENTED_EDGE('',*,*,#6131,.F.);
#9102=ORIENTED_EDGE('',*,*,#6429,.F.);
#9103=ORIENTED_EDGE('',*,*,#6430,.T.);
#9104=ORIENTED_EDGE('',*,*,#6435,.T.);
#9105=ORIENTED_EDGE('',*,*,#6436,.T.);
#9106=ORIENTED_EDGE('',*,*,#6437,.T.);
#9107=ORIENTED_EDGE('',*,*,#6438,.T.);
#9108=ORIENTED_EDGE('',*,*,#6132,.F.);
#9109=ORIENTED_EDGE('',*,*,#6434,.T.);
#9110=ORIENTED_EDGE('',*,*,#6439,.F.);
#9111=ORIENTED_EDGE('',*,*,#6437,.F.);
#9112=ORIENTED_EDGE('',*,*,#6440,.F.);
#9113=ORIENTED_EDGE('',*,*,#6300,.F.);
#9114=ORIENTED_EDGE('',*,*,#6441,.T.);
#9115=ORIENTED_EDGE('',*,*,#6301,.F.);
#9116=ORIENTED_EDGE('',*,*,#6440,.T.);
#9117=ORIENTED_EDGE('',*,*,#6436,.F.);
#9118=ORIENTED_EDGE('',*,*,#6435,.F.);
#9119=ORIENTED_EDGE('',*,*,#6433,.F.);
#9120=ORIENTED_EDGE('',*,*,#6302,.F.);
#9121=ORIENTED_EDGE('',*,*,#6441,.F.);
#9122=ORIENTED_EDGE('',*,*,#6299,.F.);
#9123=ORIENTED_EDGE('',*,*,#6442,.T.);
#9124=ORIENTED_EDGE('',*,*,#6443,.F.);
#9125=ORIENTED_EDGE('',*,*,#6133,.F.);
#9126=ORIENTED_EDGE('',*,*,#6438,.F.);
#9127=ORIENTED_EDGE('',*,*,#6439,.T.);
#9128=ORIENTED_EDGE('',*,*,#6444,.T.);
#9129=ORIENTED_EDGE('',*,*,#6445,.T.);
#9130=ORIENTED_EDGE('',*,*,#6446,.T.);
#9131=ORIENTED_EDGE('',*,*,#6447,.T.);
#9132=ORIENTED_EDGE('',*,*,#6134,.F.);
#9133=ORIENTED_EDGE('',*,*,#6443,.T.);
#9134=ORIENTED_EDGE('',*,*,#6448,.F.);
#9135=ORIENTED_EDGE('',*,*,#6446,.F.);
#9136=ORIENTED_EDGE('',*,*,#6449,.F.);
#9137=ORIENTED_EDGE('',*,*,#6296,.F.);
#9138=ORIENTED_EDGE('',*,*,#6450,.T.);
#9139=ORIENTED_EDGE('',*,*,#6297,.F.);
#9140=ORIENTED_EDGE('',*,*,#6449,.T.);
#9141=ORIENTED_EDGE('',*,*,#6445,.F.);
#9142=ORIENTED_EDGE('',*,*,#6442,.F.);
#9143=ORIENTED_EDGE('',*,*,#6298,.F.);
#9144=ORIENTED_EDGE('',*,*,#6450,.F.);
#9145=ORIENTED_EDGE('',*,*,#6444,.F.);
#9146=ORIENTED_EDGE('',*,*,#6295,.F.);
#9147=ORIENTED_EDGE('',*,*,#6451,.T.);
#9148=ORIENTED_EDGE('',*,*,#6452,.F.);
#9149=ORIENTED_EDGE('',*,*,#6135,.F.);
#9150=ORIENTED_EDGE('',*,*,#6447,.F.);
#9151=ORIENTED_EDGE('',*,*,#6448,.T.);
#9152=ORIENTED_EDGE('',*,*,#6453,.T.);
#9153=ORIENTED_EDGE('',*,*,#6454,.T.);
#9154=ORIENTED_EDGE('',*,*,#6455,.T.);
#9155=ORIENTED_EDGE('',*,*,#6456,.T.);
#9156=ORIENTED_EDGE('',*,*,#6136,.F.);
#9157=ORIENTED_EDGE('',*,*,#6452,.T.);
#9158=ORIENTED_EDGE('',*,*,#6457,.F.);
#9159=ORIENTED_EDGE('',*,*,#6455,.F.);
#9160=ORIENTED_EDGE('',*,*,#6458,.F.);
#9161=ORIENTED_EDGE('',*,*,#6292,.F.);
#9162=ORIENTED_EDGE('',*,*,#6459,.T.);
#9163=ORIENTED_EDGE('',*,*,#6293,.F.);
#9164=ORIENTED_EDGE('',*,*,#6458,.T.);
#9165=ORIENTED_EDGE('',*,*,#6454,.F.);
#9166=ORIENTED_EDGE('',*,*,#6451,.F.);
#9167=ORIENTED_EDGE('',*,*,#6294,.F.);
#9168=ORIENTED_EDGE('',*,*,#6459,.F.);
#9169=ORIENTED_EDGE('',*,*,#6453,.F.);
#9170=ORIENTED_EDGE('',*,*,#6460,.T.);
#9171=ORIENTED_EDGE('',*,*,#6461,.T.);
#9172=ORIENTED_EDGE('',*,*,#6462,.T.);
#9173=ORIENTED_EDGE('',*,*,#6226,.T.);
#9174=ORIENTED_EDGE('',*,*,#6138,.F.);
#9175=ORIENTED_EDGE('',*,*,#6463,.T.);
#9176=ORIENTED_EDGE('',*,*,#6227,.F.);
#9177=ORIENTED_EDGE('',*,*,#6462,.F.);
#9178=ORIENTED_EDGE('',*,*,#6464,.F.);
#9179=ORIENTED_EDGE('',*,*,#6288,.F.);
#9180=ORIENTED_EDGE('',*,*,#6465,.T.);
#9181=ORIENTED_EDGE('',*,*,#6289,.F.);
#9182=ORIENTED_EDGE('',*,*,#6464,.T.);
#9183=ORIENTED_EDGE('',*,*,#6461,.F.);
#9184=ORIENTED_EDGE('',*,*,#6466,.F.);
#9185=ORIENTED_EDGE('',*,*,#6290,.F.);
#9186=ORIENTED_EDGE('',*,*,#6465,.F.);
#9187=ORIENTED_EDGE('',*,*,#6460,.F.);
#9188=ORIENTED_EDGE('',*,*,#6396,.F.);
#9189=ORIENTED_EDGE('',*,*,#6326,.F.);
#9190=ORIENTED_EDGE('',*,*,#6323,.F.);
#9191=ORIENTED_EDGE('',*,*,#6320,.F.);
#9192=ORIENTED_EDGE('',*,*,#6229,.F.);
#9193=ORIENTED_EDGE('',*,*,#6287,.F.);
#9194=ORIENTED_EDGE('',*,*,#6467,.F.);
#9195=ORIENTED_EDGE('',*,*,#6222,.F.);
#9196=ORIENTED_EDGE('',*,*,#6467,.T.);
#9197=ORIENTED_EDGE('',*,*,#6286,.F.);
#9198=ORIENTED_EDGE('',*,*,#6468,.T.);
#9199=ORIENTED_EDGE('',*,*,#6223,.F.);
#9200=ORIENTED_EDGE('',*,*,#6218,.F.);
#9201=ORIENTED_EDGE('',*,*,#6224,.F.);
#9202=ORIENTED_EDGE('',*,*,#6468,.F.);
#9203=ORIENTED_EDGE('',*,*,#6285,.F.);
#9204=ORIENTED_EDGE('',*,*,#6220,.F.);
#9205=ORIENTED_EDGE('',*,*,#6284,.F.);
#9206=ORIENTED_EDGE('',*,*,#6469,.F.);
#9207=ORIENTED_EDGE('',*,*,#6214,.F.);
#9208=ORIENTED_EDGE('',*,*,#6469,.T.);
#9209=ORIENTED_EDGE('',*,*,#6283,.F.);
#9210=ORIENTED_EDGE('',*,*,#6470,.T.);
#9211=ORIENTED_EDGE('',*,*,#6215,.F.);
#9212=ORIENTED_EDGE('',*,*,#6210,.F.);
#9213=ORIENTED_EDGE('',*,*,#6216,.F.);
#9214=ORIENTED_EDGE('',*,*,#6470,.F.);
#9215=ORIENTED_EDGE('',*,*,#6282,.F.);
#9216=ORIENTED_EDGE('',*,*,#6212,.F.);
#9217=ORIENTED_EDGE('',*,*,#6281,.F.);
#9218=ORIENTED_EDGE('',*,*,#6471,.F.);
#9219=ORIENTED_EDGE('',*,*,#6206,.F.);
#9220=ORIENTED_EDGE('',*,*,#6471,.T.);
#9221=ORIENTED_EDGE('',*,*,#6280,.F.);
#9222=ORIENTED_EDGE('',*,*,#6472,.T.);
#9223=ORIENTED_EDGE('',*,*,#6207,.F.);
#9224=ORIENTED_EDGE('',*,*,#6202,.F.);
#9225=ORIENTED_EDGE('',*,*,#6208,.F.);
#9226=ORIENTED_EDGE('',*,*,#6472,.F.);
#9227=ORIENTED_EDGE('',*,*,#6279,.F.);
#9228=ORIENTED_EDGE('',*,*,#6204,.F.);
#9229=ORIENTED_EDGE('',*,*,#6278,.F.);
#9230=ORIENTED_EDGE('',*,*,#6473,.F.);
#9231=ORIENTED_EDGE('',*,*,#6198,.F.);
#9232=ORIENTED_EDGE('',*,*,#6473,.T.);
#9233=ORIENTED_EDGE('',*,*,#6277,.F.);
#9234=ORIENTED_EDGE('',*,*,#6474,.T.);
#9235=ORIENTED_EDGE('',*,*,#6199,.F.);
#9236=ORIENTED_EDGE('',*,*,#6194,.F.);
#9237=ORIENTED_EDGE('',*,*,#6200,.F.);
#9238=ORIENTED_EDGE('',*,*,#6474,.F.);
#9239=ORIENTED_EDGE('',*,*,#6276,.F.);
#9240=ORIENTED_EDGE('',*,*,#6196,.F.);
#9241=ORIENTED_EDGE('',*,*,#6275,.F.);
#9242=ORIENTED_EDGE('',*,*,#6475,.F.);
#9243=ORIENTED_EDGE('',*,*,#6190,.F.);
#9244=ORIENTED_EDGE('',*,*,#6475,.T.);
#9245=ORIENTED_EDGE('',*,*,#6274,.F.);
#9246=ORIENTED_EDGE('',*,*,#6476,.T.);
#9247=ORIENTED_EDGE('',*,*,#6191,.F.);
#9248=ORIENTED_EDGE('',*,*,#6187,.F.);
#9249=ORIENTED_EDGE('',*,*,#6192,.F.);
#9250=ORIENTED_EDGE('',*,*,#6476,.F.);
#9251=ORIENTED_EDGE('',*,*,#6273,.F.);
#9252=ORIENTED_EDGE('',*,*,#6189,.F.);
#9253=ORIENTED_EDGE('',*,*,#6272,.F.);
#9254=ORIENTED_EDGE('',*,*,#6477,.F.);
#9255=ORIENTED_EDGE('',*,*,#6182,.F.);
#9256=ORIENTED_EDGE('',*,*,#6477,.T.);
#9257=ORIENTED_EDGE('',*,*,#6271,.F.);
#9258=ORIENTED_EDGE('',*,*,#6478,.T.);
#9259=ORIENTED_EDGE('',*,*,#6183,.F.);
#9260=ORIENTED_EDGE('',*,*,#6178,.F.);
#9261=ORIENTED_EDGE('',*,*,#6184,.F.);
#9262=ORIENTED_EDGE('',*,*,#6478,.F.);
#9263=ORIENTED_EDGE('',*,*,#6270,.F.);
#9264=ORIENTED_EDGE('',*,*,#6180,.F.);
#9265=ORIENTED_EDGE('',*,*,#6269,.F.);
#9266=ORIENTED_EDGE('',*,*,#6479,.F.);
#9267=ORIENTED_EDGE('',*,*,#6174,.F.);
#9268=ORIENTED_EDGE('',*,*,#6479,.T.);
#9269=ORIENTED_EDGE('',*,*,#6268,.F.);
#9270=ORIENTED_EDGE('',*,*,#6480,.T.);
#9271=ORIENTED_EDGE('',*,*,#6175,.F.);
#9272=ORIENTED_EDGE('',*,*,#6170,.F.);
#9273=ORIENTED_EDGE('',*,*,#6176,.F.);
#9274=ORIENTED_EDGE('',*,*,#6480,.F.);
#9275=ORIENTED_EDGE('',*,*,#6267,.F.);
#9276=ORIENTED_EDGE('',*,*,#6172,.F.);
#9277=ORIENTED_EDGE('',*,*,#6266,.F.);
#9278=ORIENTED_EDGE('',*,*,#6481,.F.);
#9279=ORIENTED_EDGE('',*,*,#6166,.F.);
#9280=ORIENTED_EDGE('',*,*,#6481,.T.);
#9281=ORIENTED_EDGE('',*,*,#6265,.F.);
#9282=ORIENTED_EDGE('',*,*,#6482,.T.);
#9283=ORIENTED_EDGE('',*,*,#6167,.F.);
#9284=ORIENTED_EDGE('',*,*,#6162,.F.);
#9285=ORIENTED_EDGE('',*,*,#6168,.F.);
#9286=ORIENTED_EDGE('',*,*,#6482,.F.);
#9287=ORIENTED_EDGE('',*,*,#6264,.F.);
#9288=ORIENTED_EDGE('',*,*,#6291,.F.);
#9289=ORIENTED_EDGE('',*,*,#6466,.T.);
#9290=ORIENTED_EDGE('',*,*,#6463,.F.);
#9291=ORIENTED_EDGE('',*,*,#6137,.F.);
#9292=ORIENTED_EDGE('',*,*,#6456,.F.);
#9293=ORIENTED_EDGE('',*,*,#6457,.T.);
#9294=ORIENTED_EDGE('',*,*,#6103,.F.);
#9295=ORIENTED_EDGE('',*,*,#6483,.T.);
#9296=ORIENTED_EDGE('',*,*,#6104,.F.);
#9297=ORIENTED_EDGE('',*,*,#6483,.F.);
#9298=ORIENTED_EDGE('',*,*,#6031,.F.);
#9299=ORIENTED_EDGE('',*,*,#6484,.T.);
#9300=ORIENTED_EDGE('',*,*,#6230,.F.);
#9301=ORIENTED_EDGE('',*,*,#6484,.F.);
#9302=ORIENTED_EDGE('',*,*,#6485,.T.);
#9303=ORIENTED_EDGE('',*,*,#6000,.F.);
#9304=ORIENTED_EDGE('',*,*,#6001,.F.);
#9305=ORIENTED_EDGE('',*,*,#6486,.T.);
#9306=ORIENTED_EDGE('',*,*,#6485,.F.);
#9307=ORIENTED_EDGE('',*,*,#6486,.F.);
#9308=ORIENTED_EDGE('',*,*,#6487,.F.);
#9309=ORIENTED_EDGE('',*,*,#6488,.T.);
#9310=ORIENTED_EDGE('',*,*,#6489,.T.);
#9311=ORIENTED_EDGE('',*,*,#6490,.T.);
#9312=ORIENTED_EDGE('',*,*,#6491,.T.);
#9313=ORIENTED_EDGE('',*,*,#6492,.T.);
#9314=ORIENTED_EDGE('',*,*,#6493,.T.);
#9315=ORIENTED_EDGE('',*,*,#6487,.T.);
#9316=ORIENTED_EDGE('',*,*,#6494,.T.);
#9317=ORIENTED_EDGE('',*,*,#6495,.T.);
#9318=ORIENTED_EDGE('',*,*,#6496,.T.);
#9319=ORIENTED_EDGE('',*,*,#6494,.F.);
#9320=ORIENTED_EDGE('',*,*,#6495,.F.);
#9321=ORIENTED_EDGE('',*,*,#6496,.F.);
#9322=ORIENTED_EDGE('',*,*,#6497,.T.);
#9323=ORIENTED_EDGE('',*,*,#5872,.F.);
#9324=ORIENTED_EDGE('',*,*,#6497,.F.);
#9325=ORIENTED_EDGE('',*,*,#6498,.T.);
#9326=ORIENTED_EDGE('',*,*,#6493,.F.);
#9327=ORIENTED_EDGE('',*,*,#6499,.F.);
#9328=ORIENTED_EDGE('',*,*,#6500,.T.);
#9329=ORIENTED_EDGE('',*,*,#6501,.T.);
#9330=ORIENTED_EDGE('',*,*,#6502,.F.);
#9331=ORIENTED_EDGE('',*,*,#6503,.F.);
#9332=ORIENTED_EDGE('',*,*,#6500,.F.);
#9333=ORIENTED_EDGE('',*,*,#6503,.T.);
#9334=ORIENTED_EDGE('',*,*,#6504,.F.);
#9335=ORIENTED_EDGE('',*,*,#6505,.F.);
#9336=ORIENTED_EDGE('',*,*,#6506,.F.);
#9337=ORIENTED_EDGE('',*,*,#6498,.F.);
#9338=ORIENTED_EDGE('',*,*,#6506,.T.);
#9339=ORIENTED_EDGE('',*,*,#6507,.T.);
#9340=ORIENTED_EDGE('',*,*,#6488,.F.);
#9341=ORIENTED_EDGE('',*,*,#6507,.F.);
#9342=ORIENTED_EDGE('',*,*,#6508,.T.);
#9343=ORIENTED_EDGE('',*,*,#6509,.T.);
#9344=ORIENTED_EDGE('',*,*,#6489,.F.);
#9345=ORIENTED_EDGE('',*,*,#6509,.F.);
#9346=ORIENTED_EDGE('',*,*,#6510,.T.);
#9347=ORIENTED_EDGE('',*,*,#6511,.T.);
#9348=ORIENTED_EDGE('',*,*,#6490,.F.);
#9349=ORIENTED_EDGE('',*,*,#6511,.F.);
#9350=ORIENTED_EDGE('',*,*,#6512,.T.);
#9351=ORIENTED_EDGE('',*,*,#6513,.T.);
#9352=ORIENTED_EDGE('',*,*,#6491,.F.);
#9353=ORIENTED_EDGE('',*,*,#6499,.T.);
#9354=ORIENTED_EDGE('',*,*,#6492,.F.);
#9355=ORIENTED_EDGE('',*,*,#6513,.F.);
#9356=ORIENTED_EDGE('',*,*,#6514,.T.);
#9357=ORIENTED_EDGE('',*,*,#6515,.T.);
#9358=ORIENTED_EDGE('',*,*,#6516,.F.);
#9359=ORIENTED_EDGE('',*,*,#6501,.F.);
#9360=ORIENTED_EDGE('',*,*,#6514,.F.);
#9361=ORIENTED_EDGE('',*,*,#6517,.T.);
#9362=ORIENTED_EDGE('',*,*,#6518,.T.);
#9363=ORIENTED_EDGE('',*,*,#6519,.T.);
#9364=ORIENTED_EDGE('',*,*,#6504,.T.);
#9365=ORIENTED_EDGE('',*,*,#6502,.T.);
#9366=ORIENTED_EDGE('',*,*,#6516,.T.);
#9367=ORIENTED_EDGE('',*,*,#6505,.T.);
#9368=ORIENTED_EDGE('',*,*,#6519,.F.);
#9369=ORIENTED_EDGE('',*,*,#6520,.F.);
#9370=ORIENTED_EDGE('',*,*,#6508,.F.);
#9371=ORIENTED_EDGE('',*,*,#6520,.T.);
#9372=ORIENTED_EDGE('',*,*,#6518,.F.);
#9373=ORIENTED_EDGE('',*,*,#6521,.F.);
#9374=ORIENTED_EDGE('',*,*,#6510,.F.);
#9375=ORIENTED_EDGE('',*,*,#6521,.T.);
#9376=ORIENTED_EDGE('',*,*,#6517,.F.);
#9377=ORIENTED_EDGE('',*,*,#6515,.F.);
#9378=ORIENTED_EDGE('',*,*,#6512,.F.);
#9379=ORIENTED_EDGE('',*,*,#6522,.F.);
#9380=ORIENTED_EDGE('',*,*,#6523,.T.);
#9381=ORIENTED_EDGE('',*,*,#6524,.T.);
#9382=ORIENTED_EDGE('',*,*,#6525,.T.);
#9383=ORIENTED_EDGE('',*,*,#6526,.T.);
#9384=ORIENTED_EDGE('',*,*,#6527,.T.);
#9385=ORIENTED_EDGE('',*,*,#6528,.T.);
#9386=ORIENTED_EDGE('',*,*,#6522,.T.);
#9387=ORIENTED_EDGE('',*,*,#6529,.T.);
#9388=ORIENTED_EDGE('',*,*,#6530,.T.);
#9389=ORIENTED_EDGE('',*,*,#6531,.T.);
#9390=ORIENTED_EDGE('',*,*,#6529,.F.);
#9391=ORIENTED_EDGE('',*,*,#6530,.F.);
#9392=ORIENTED_EDGE('',*,*,#6531,.F.);
#9393=ORIENTED_EDGE('',*,*,#6532,.T.);
#9394=ORIENTED_EDGE('',*,*,#5901,.F.);
#9395=ORIENTED_EDGE('',*,*,#6532,.F.);
#9396=ORIENTED_EDGE('',*,*,#6533,.T.);
#9397=ORIENTED_EDGE('',*,*,#6528,.F.);
#9398=ORIENTED_EDGE('',*,*,#6534,.F.);
#9399=ORIENTED_EDGE('',*,*,#6535,.T.);
#9400=ORIENTED_EDGE('',*,*,#6536,.T.);
#9401=ORIENTED_EDGE('',*,*,#6537,.F.);
#9402=ORIENTED_EDGE('',*,*,#6538,.F.);
#9403=ORIENTED_EDGE('',*,*,#6535,.F.);
#9404=ORIENTED_EDGE('',*,*,#6538,.T.);
#9405=ORIENTED_EDGE('',*,*,#6539,.F.);
#9406=ORIENTED_EDGE('',*,*,#6540,.F.);
#9407=ORIENTED_EDGE('',*,*,#6541,.F.);
#9408=ORIENTED_EDGE('',*,*,#6533,.F.);
#9409=ORIENTED_EDGE('',*,*,#6541,.T.);
#9410=ORIENTED_EDGE('',*,*,#6542,.T.);
#9411=ORIENTED_EDGE('',*,*,#6523,.F.);
#9412=ORIENTED_EDGE('',*,*,#6542,.F.);
#9413=ORIENTED_EDGE('',*,*,#6543,.T.);
#9414=ORIENTED_EDGE('',*,*,#6544,.T.);
#9415=ORIENTED_EDGE('',*,*,#6524,.F.);
#9416=ORIENTED_EDGE('',*,*,#6544,.F.);
#9417=ORIENTED_EDGE('',*,*,#6545,.T.);
#9418=ORIENTED_EDGE('',*,*,#6546,.T.);
#9419=ORIENTED_EDGE('',*,*,#6525,.F.);
#9420=ORIENTED_EDGE('',*,*,#6546,.F.);
#9421=ORIENTED_EDGE('',*,*,#6547,.T.);
#9422=ORIENTED_EDGE('',*,*,#6548,.T.);
#9423=ORIENTED_EDGE('',*,*,#6526,.F.);
#9424=ORIENTED_EDGE('',*,*,#6534,.T.);
#9425=ORIENTED_EDGE('',*,*,#6527,.F.);
#9426=ORIENTED_EDGE('',*,*,#6548,.F.);
#9427=ORIENTED_EDGE('',*,*,#6549,.T.);
#9428=ORIENTED_EDGE('',*,*,#6550,.T.);
#9429=ORIENTED_EDGE('',*,*,#6551,.F.);
#9430=ORIENTED_EDGE('',*,*,#6536,.F.);
#9431=ORIENTED_EDGE('',*,*,#6549,.F.);
#9432=ORIENTED_EDGE('',*,*,#6552,.T.);
#9433=ORIENTED_EDGE('',*,*,#6553,.T.);
#9434=ORIENTED_EDGE('',*,*,#6554,.T.);
#9435=ORIENTED_EDGE('',*,*,#6539,.T.);
#9436=ORIENTED_EDGE('',*,*,#6537,.T.);
#9437=ORIENTED_EDGE('',*,*,#6551,.T.);
#9438=ORIENTED_EDGE('',*,*,#6540,.T.);
#9439=ORIENTED_EDGE('',*,*,#6554,.F.);
#9440=ORIENTED_EDGE('',*,*,#6555,.F.);
#9441=ORIENTED_EDGE('',*,*,#6543,.F.);
#9442=ORIENTED_EDGE('',*,*,#6555,.T.);
#9443=ORIENTED_EDGE('',*,*,#6553,.F.);
#9444=ORIENTED_EDGE('',*,*,#6556,.F.);
#9445=ORIENTED_EDGE('',*,*,#6545,.F.);
#9446=ORIENTED_EDGE('',*,*,#6556,.T.);
#9447=ORIENTED_EDGE('',*,*,#6552,.F.);
#9448=ORIENTED_EDGE('',*,*,#6550,.F.);
#9449=ORIENTED_EDGE('',*,*,#6547,.F.);
#9450=ORIENTED_EDGE('',*,*,#6557,.T.);
#9451=ORIENTED_EDGE('',*,*,#6558,.F.);
#9452=ORIENTED_EDGE('',*,*,#6558,.T.);
#9453=ORIENTED_EDGE('',*,*,#6559,.T.);
#9454=ORIENTED_EDGE('',*,*,#6557,.F.);
#9455=ORIENTED_EDGE('',*,*,#6559,.F.);
#9456=ORIENTED_EDGE('',*,*,#6560,.F.);
#9457=ORIENTED_EDGE('',*,*,#6561,.T.);
#9458=ORIENTED_EDGE('',*,*,#6562,.F.);
#9459=ORIENTED_EDGE('',*,*,#6561,.F.);
#9460=ORIENTED_EDGE('',*,*,#6563,.T.);
#9461=ORIENTED_EDGE('',*,*,#6562,.T.);
#9462=ORIENTED_EDGE('',*,*,#6564,.T.);
#9463=ORIENTED_EDGE('',*,*,#6560,.T.);
#9464=ORIENTED_EDGE('',*,*,#6563,.F.);
#9465=ORIENTED_EDGE('',*,*,#6565,.T.);
#9466=ORIENTED_EDGE('',*,*,#6564,.F.);
#9467=ORIENTED_EDGE('',*,*,#6565,.F.);
#9468=ORIENTED_EDGE('',*,*,#6566,.F.);
#9469=ORIENTED_EDGE('',*,*,#6567,.F.);
#9470=ORIENTED_EDGE('',*,*,#6568,.F.);
#9471=ORIENTED_EDGE('',*,*,#6569,.T.);
#9472=ORIENTED_EDGE('',*,*,#6570,.F.);
#9473=ORIENTED_EDGE('',*,*,#6571,.F.);
#9474=ORIENTED_EDGE('',*,*,#6572,.T.);
#9475=ORIENTED_EDGE('',*,*,#6573,.F.);
#9476=ORIENTED_EDGE('',*,*,#6574,.F.);
#9477=ORIENTED_EDGE('',*,*,#6570,.T.);
#9478=ORIENTED_EDGE('',*,*,#6575,.F.);
#9479=ORIENTED_EDGE('',*,*,#6576,.F.);
#9480=ORIENTED_EDGE('',*,*,#6572,.F.);
#9481=ORIENTED_EDGE('',*,*,#6577,.F.);
#9482=ORIENTED_EDGE('',*,*,#6578,.F.);
#9483=ORIENTED_EDGE('',*,*,#6579,.F.);
#9484=ORIENTED_EDGE('',*,*,#6580,.T.);
#9485=ORIENTED_EDGE('',*,*,#6577,.T.);
#9486=ORIENTED_EDGE('',*,*,#6571,.T.);
#9487=ORIENTED_EDGE('',*,*,#6574,.T.);
#9488=ORIENTED_EDGE('',*,*,#6581,.T.);
#9489=ORIENTED_EDGE('',*,*,#6582,.T.);
#9490=ORIENTED_EDGE('',*,*,#6583,.T.);
#9491=ORIENTED_EDGE('',*,*,#6584,.T.);
#9492=ORIENTED_EDGE('',*,*,#6585,.F.);
#9493=ORIENTED_EDGE('',*,*,#6586,.F.);
#9494=ORIENTED_EDGE('',*,*,#6569,.F.);
#9495=ORIENTED_EDGE('',*,*,#6587,.F.);
#9496=ORIENTED_EDGE('',*,*,#6588,.T.);
#9497=ORIENTED_EDGE('',*,*,#6581,.F.);
#9498=ORIENTED_EDGE('',*,*,#6576,.T.);
#9499=ORIENTED_EDGE('',*,*,#6575,.T.);
#9500=ORIENTED_EDGE('',*,*,#6573,.T.);
#9501=ORIENTED_EDGE('',*,*,#6579,.T.);
#9502=ORIENTED_EDGE('',*,*,#6578,.T.);
#9503=ORIENTED_EDGE('',*,*,#6580,.F.);
#9504=ORIENTED_EDGE('',*,*,#6584,.F.);
#9505=ORIENTED_EDGE('',*,*,#6589,.F.);
#9506=ORIENTED_EDGE('',*,*,#6590,.F.);
#9507=ORIENTED_EDGE('',*,*,#6591,.F.);
#9508=ORIENTED_EDGE('',*,*,#6585,.T.);
#9509=ORIENTED_EDGE('',*,*,#6589,.T.);
#9510=ORIENTED_EDGE('',*,*,#6583,.F.);
#9511=ORIENTED_EDGE('',*,*,#6592,.T.);
#9512=ORIENTED_EDGE('',*,*,#6593,.T.);
#9513=ORIENTED_EDGE('',*,*,#6588,.F.);
#9514=ORIENTED_EDGE('',*,*,#6594,.F.);
#9515=ORIENTED_EDGE('',*,*,#6595,.F.);
#9516=ORIENTED_EDGE('',*,*,#6592,.F.);
#9517=ORIENTED_EDGE('',*,*,#6582,.F.);
#9518=ORIENTED_EDGE('',*,*,#6566,.T.);
#9519=ORIENTED_EDGE('',*,*,#6586,.T.);
#9520=ORIENTED_EDGE('',*,*,#6591,.T.);
#9521=ORIENTED_EDGE('',*,*,#6596,.F.);
#9522=ORIENTED_EDGE('',*,*,#6567,.T.);
#9523=ORIENTED_EDGE('',*,*,#6596,.T.);
#9524=ORIENTED_EDGE('',*,*,#6590,.T.);
#9525=ORIENTED_EDGE('',*,*,#6593,.F.);
#9526=ORIENTED_EDGE('',*,*,#6595,.T.);
#9527=ORIENTED_EDGE('',*,*,#6597,.T.);
#9528=ORIENTED_EDGE('',*,*,#6568,.T.);
#9529=ORIENTED_EDGE('',*,*,#6597,.F.);
#9530=ORIENTED_EDGE('',*,*,#6594,.T.);
#9531=ORIENTED_EDGE('',*,*,#6587,.T.);
#9532=ORIENTED_EDGE('',*,*,#6598,.F.);
#9533=ORIENTED_EDGE('',*,*,#6599,.F.);
#9534=ORIENTED_EDGE('',*,*,#6600,.T.);
#9535=ORIENTED_EDGE('',*,*,#6601,.F.);
#9536=ORIENTED_EDGE('',*,*,#6600,.F.);
#9537=ORIENTED_EDGE('',*,*,#6602,.F.);
#9538=ORIENTED_EDGE('',*,*,#6603,.F.);
#9539=ORIENTED_EDGE('',*,*,#6604,.F.);
#9540=ORIENTED_EDGE('',*,*,#6605,.F.);
#9541=ORIENTED_EDGE('',*,*,#6606,.T.);
#9542=ORIENTED_EDGE('',*,*,#6607,.F.);
#9543=ORIENTED_EDGE('',*,*,#6608,.F.);
#9544=ORIENTED_EDGE('',*,*,#6609,.F.);
#9545=ORIENTED_EDGE('',*,*,#6598,.T.);
#9546=ORIENTED_EDGE('',*,*,#6610,.F.);
#9547=ORIENTED_EDGE('',*,*,#6611,.F.);
#9548=ORIENTED_EDGE('',*,*,#6608,.T.);
#9549=ORIENTED_EDGE('',*,*,#6612,.T.);
#9550=ORIENTED_EDGE('',*,*,#6613,.T.);
#9551=ORIENTED_EDGE('',*,*,#6614,.F.);
#9552=ORIENTED_EDGE('',*,*,#6615,.T.);
#9553=ORIENTED_EDGE('',*,*,#6616,.T.);
#9554=ORIENTED_EDGE('',*,*,#6617,.T.);
#9555=ORIENTED_EDGE('',*,*,#6618,.T.);
#9556=ORIENTED_EDGE('',*,*,#6619,.F.);
#9557=ORIENTED_EDGE('',*,*,#6611,.T.);
#9558=ORIENTED_EDGE('',*,*,#6610,.T.);
#9559=ORIENTED_EDGE('',*,*,#6601,.T.);
#9560=ORIENTED_EDGE('',*,*,#6604,.T.);
#9561=ORIENTED_EDGE('',*,*,#6603,.T.);
#9562=ORIENTED_EDGE('',*,*,#6620,.F.);
#9563=ORIENTED_EDGE('',*,*,#6621,.T.);
#9564=ORIENTED_EDGE('',*,*,#6622,.T.);
#9565=ORIENTED_EDGE('',*,*,#6606,.F.);
#9566=ORIENTED_EDGE('',*,*,#6607,.T.);
#9567=ORIENTED_EDGE('',*,*,#6622,.F.);
#9568=ORIENTED_EDGE('',*,*,#6623,.T.);
#9569=ORIENTED_EDGE('',*,*,#6612,.F.);
#9570=ORIENTED_EDGE('',*,*,#6619,.T.);
#9571=ORIENTED_EDGE('',*,*,#6624,.T.);
#9572=ORIENTED_EDGE('',*,*,#6625,.T.);
#9573=ORIENTED_EDGE('',*,*,#6626,.T.);
#9574=ORIENTED_EDGE('',*,*,#6620,.T.);
#9575=ORIENTED_EDGE('',*,*,#6602,.T.);
#9576=ORIENTED_EDGE('',*,*,#6599,.T.);
#9577=ORIENTED_EDGE('',*,*,#6609,.T.);
#9578=ORIENTED_EDGE('',*,*,#6626,.F.);
#9579=ORIENTED_EDGE('',*,*,#6627,.F.);
#9580=ORIENTED_EDGE('',*,*,#6613,.F.);
#9581=ORIENTED_EDGE('',*,*,#6623,.F.);
#9582=ORIENTED_EDGE('',*,*,#6621,.F.);
#9583=ORIENTED_EDGE('',*,*,#6627,.T.);
#9584=ORIENTED_EDGE('',*,*,#6625,.F.);
#9585=ORIENTED_EDGE('',*,*,#6628,.T.);
#9586=ORIENTED_EDGE('',*,*,#6614,.T.);
#9587=ORIENTED_EDGE('',*,*,#6618,.F.);
#9588=ORIENTED_EDGE('',*,*,#6629,.F.);
#9589=ORIENTED_EDGE('',*,*,#6615,.F.);
#9590=ORIENTED_EDGE('',*,*,#6628,.F.);
#9591=ORIENTED_EDGE('',*,*,#6624,.F.);
#9592=ORIENTED_EDGE('',*,*,#6605,.T.);
#9593=ORIENTED_EDGE('',*,*,#6616,.F.);
#9594=ORIENTED_EDGE('',*,*,#6629,.T.);
#9595=ORIENTED_EDGE('',*,*,#6617,.F.);
#9596=ORIENTED_EDGE('',*,*,#6630,.F.);
#9597=ORIENTED_EDGE('',*,*,#6631,.F.);
#9598=ORIENTED_EDGE('',*,*,#6632,.T.);
#9599=ORIENTED_EDGE('',*,*,#6630,.T.);
#9600=ORIENTED_EDGE('',*,*,#6632,.F.);
#9601=ORIENTED_EDGE('',*,*,#6631,.T.);
#9602=ORIENTED_EDGE('',*,*,#6633,.F.);
#9603=ORIENTED_EDGE('',*,*,#6634,.T.);
#9604=ORIENTED_EDGE('',*,*,#6635,.T.);
#9605=ORIENTED_EDGE('',*,*,#6634,.F.);
#9606=ORIENTED_EDGE('',*,*,#6635,.F.);
#9607=ORIENTED_EDGE('',*,*,#6633,.T.);
#9608=CYLINDRICAL_SURFACE('',#10356,0.9);
#9609=CYLINDRICAL_SURFACE('',#10359,0.9);
#9610=CYLINDRICAL_SURFACE('',#10362,0.9);
#9611=CYLINDRICAL_SURFACE('',#10365,0.9);
#9612=CYLINDRICAL_SURFACE('',#10368,0.9);
#9613=CYLINDRICAL_SURFACE('',#10371,0.9);
#9614=CYLINDRICAL_SURFACE('',#10374,0.9);
#9615=CYLINDRICAL_SURFACE('',#10377,0.9);
#9616=CYLINDRICAL_SURFACE('',#10380,10.);
#9617=CYLINDRICAL_SURFACE('',#10383,5.);
#9618=CYLINDRICAL_SURFACE('',#10390,0.08);
#9619=CYLINDRICAL_SURFACE('',#10396,0.08);
#9620=CYLINDRICAL_SURFACE('',#10402,0.0799999999999999);
#9621=CYLINDRICAL_SURFACE('',#10408,0.08);
#9622=CYLINDRICAL_SURFACE('',#10414,0.08);
#9623=CYLINDRICAL_SURFACE('',#10421,0.08);
#9624=CYLINDRICAL_SURFACE('',#10427,0.08);
#9625=CYLINDRICAL_SURFACE('',#10433,0.0799999999999999);
#9626=CYLINDRICAL_SURFACE('',#10439,0.08);
#9627=CYLINDRICAL_SURFACE('',#10445,0.0800000000000001);
#9628=CYLINDRICAL_SURFACE('',#10451,0.0800000000000001);
#9629=CYLINDRICAL_SURFACE('',#10457,0.08);
#9630=CYLINDRICAL_SURFACE('',#10463,0.0799999999999998);
#9631=CYLINDRICAL_SURFACE('',#10469,0.0799999999999999);
#9632=CYLINDRICAL_SURFACE('',#10475,0.08);
#9633=CYLINDRICAL_SURFACE('',#10481,0.08);
#9634=CYLINDRICAL_SURFACE('',#10487,0.0799999999999999);
#9635=CYLINDRICAL_SURFACE('',#10493,0.0800000000000001);
#9636=CYLINDRICAL_SURFACE('',#10499,0.0800000000000001);
#9637=CYLINDRICAL_SURFACE('',#10505,0.0799999999999999);
#9638=CYLINDRICAL_SURFACE('',#10511,0.0799999999999999);
#9639=CYLINDRICAL_SURFACE('',#10517,0.0800000000000001);
#9640=CYLINDRICAL_SURFACE('',#10523,0.08);
#9641=CYLINDRICAL_SURFACE('',#10529,0.0799999999999999);
#9642=CYLINDRICAL_SURFACE('',#10558,0.08);
#9643=CYLINDRICAL_SURFACE('',#10564,3.);
#9644=CYLINDRICAL_SURFACE('',#10568,1.6);
#9645=CYLINDRICAL_SURFACE('',#10579,0.899999999999999);
#9646=CYLINDRICAL_SURFACE('',#10582,0.899999999999999);
#9647=CYLINDRICAL_SURFACE('',#10585,0.899999999999999);
#9648=CYLINDRICAL_SURFACE('',#10588,0.899999999999999);
#9649=CYLINDRICAL_SURFACE('',#10591,0.9);
#9650=CYLINDRICAL_SURFACE('',#10594,0.9);
#9651=CYLINDRICAL_SURFACE('',#10597,0.9);
#9652=CYLINDRICAL_SURFACE('',#10600,0.9);
#9653=CYLINDRICAL_SURFACE('',#10603,10.);
#9654=CYLINDRICAL_SURFACE('',#10606,5.);
#9655=CYLINDRICAL_SURFACE('',#10609,3.05);
#9656=CYLINDRICAL_SURFACE('',#10641,1.75);
#9657=CYLINDRICAL_SURFACE('',#10662,1.75);
#9658=CYLINDRICAL_SURFACE('',#10770,2.2);
#9659=CYLINDRICAL_SURFACE('',#10805,2.2);
#9660=CYLINDRICAL_SURFACE('',#10818,2.2);
#9661=CYLINDRICAL_SURFACE('',#10832,0.750000000000001);
#9662=CYLINDRICAL_SURFACE('',#10834,0.750000000000001);
#9663=CYLINDRICAL_SURFACE('',#10836,0.750000000000001);
#9664=CYLINDRICAL_SURFACE('',#10838,6.05);
#9665=CYLINDRICAL_SURFACE('',#10840,0.75);
#9666=CYLINDRICAL_SURFACE('',#10842,0.75);
#9667=CYLINDRICAL_SURFACE('',#10849,2.2);
#9668=CYLINDRICAL_SURFACE('',#10858,1.5);
#9669=CYLINDRICAL_SURFACE('',#10878,0.750000000000001);
#9670=CYLINDRICAL_SURFACE('',#10900,0.4);
#9671=CYLINDRICAL_SURFACE('',#10903,0.4);
#9672=CYLINDRICAL_SURFACE('',#10906,0.4);
#9673=CYLINDRICAL_SURFACE('',#10913,0.4);
#9674=CYLINDRICAL_SURFACE('',#10919,0.750000000000001);
#9675=CYLINDRICAL_SURFACE('',#10920,0.750000000000001);
#9676=CYLINDRICAL_SURFACE('',#10921,0.75);
#9677=CYLINDRICAL_SURFACE('',#10922,0.75);
#9678=CYLINDRICAL_SURFACE('',#10924,5.999996317445);
#9679=CYLINDRICAL_SURFACE('',#10931,2.975);
#9680=CYLINDRICAL_SURFACE('',#10996,0.0800000000000002);
#9681=CYLINDRICAL_SURFACE('',#11002,0.0800000000000002);
#9682=CYLINDRICAL_SURFACE('',#11008,0.0800000000000002);
#9683=CYLINDRICAL_SURFACE('',#11013,0.0800000000000002);
#9684=CYLINDRICAL_SURFACE('',#11018,0.0800000000000002);
#9685=CYLINDRICAL_SURFACE('',#11024,0.0800000000000002);
#9686=CYLINDRICAL_SURFACE('',#11030,0.0800000000000002);
#9687=CYLINDRICAL_SURFACE('',#11036,0.0800000000000002);
#9688=CYLINDRICAL_SURFACE('',#11041,0.0800000000000002);
#9689=CYLINDRICAL_SURFACE('',#11087,2.97);
#9690=CYLINDRICAL_SURFACE('',#11092,0.0800000000000002);
#9691=CYLINDRICAL_SURFACE('',#11098,2.97);
#9692=CYLINDRICAL_SURFACE('',#11100,0.0800000000000002);
#9693=CYLINDRICAL_SURFACE('',#11105,0.0800000000000002);
#9694=CYLINDRICAL_SURFACE('',#11110,0.0800000000000002);
#9695=CYLINDRICAL_SURFACE('',#11113,0.0800000000000002);
#9696=CYLINDRICAL_SURFACE('',#11118,0.0800000000000002);
#9697=CYLINDRICAL_SURFACE('',#11121,2.97);
#9698=CYLINDRICAL_SURFACE('',#11124,2.97);
#9699=CYLINDRICAL_SURFACE('',#11128,0.0800000000000002);
#9700=CYLINDRICAL_SURFACE('',#11133,0.0800000000000002);
#9701=CYLINDRICAL_SURFACE('',#11135,2.97);
#9702=CYLINDRICAL_SURFACE('',#11138,2.97);
#9703=CYLINDRICAL_SURFACE('',#11142,2.97);
#9704=CYLINDRICAL_SURFACE('',#11145,2.97);
#9705=CYLINDRICAL_SURFACE('',#11148,2.97);
#9706=CYLINDRICAL_SURFACE('',#11151,0.0800000000000002);
#9707=CYLINDRICAL_SURFACE('',#11154,0.0800000000000002);
#9708=CYLINDRICAL_SURFACE('',#11157,2.97);
#9709=CYLINDRICAL_SURFACE('',#11163,2.97);
#9710=CYLINDRICAL_SURFACE('',#11165,0.0800000000000002);
#9711=CYLINDRICAL_SURFACE('',#11171,2.97);
#9712=CYLINDRICAL_SURFACE('',#11173,0.0800000000000002);
#9713=CYLINDRICAL_SURFACE('',#11179,2.97);
#9714=CYLINDRICAL_SURFACE('',#11181,0.0800000000000002);
#9715=CYLINDRICAL_SURFACE('',#11186,2.97);
#9716=CYLINDRICAL_SURFACE('',#11188,0.0800000000000002);
#9717=CYLINDRICAL_SURFACE('',#11194,2.97);
#9718=CYLINDRICAL_SURFACE('',#11196,0.0800000000000002);
#9719=CYLINDRICAL_SURFACE('',#11202,2.97);
#9720=CYLINDRICAL_SURFACE('',#11207,2.97);
#9721=CYLINDRICAL_SURFACE('',#11211,2.97);
#9722=CYLINDRICAL_SURFACE('',#11214,2.97);
#9723=CYLINDRICAL_SURFACE('',#11217,2.97);
#9724=CYLINDRICAL_SURFACE('',#11220,2.97);
#9725=CYLINDRICAL_SURFACE('',#11223,2.97);
#9726=CYLINDRICAL_SURFACE('',#11226,2.97);
#9727=CYLINDRICAL_SURFACE('',#11229,2.97);
#9728=CYLINDRICAL_SURFACE('',#11232,2.97);
#9729=CYLINDRICAL_SURFACE('',#11234,0.0800000000000002);
#9730=CYLINDRICAL_SURFACE('',#11235,1.3);
#9731=CYLINDRICAL_SURFACE('',#11236,3.);
#9732=CYLINDRICAL_SURFACE('',#11246,1.75);
#9733=CYLINDRICAL_SURFACE('',#11266,1.75);
#9734=CYLINDRICAL_SURFACE('',#11284,3.);
#9735=CYLINDRICAL_SURFACE('',#11291,5.05);
#9736=CYLINDRICAL_SURFACE('',#11326,0.9);
#9737=CYLINDRICAL_SURFACE('',#11329,0.9);
#9738=ADVANCED_FACE('',(#788),#9608,.F.);
#9739=ADVANCED_FACE('',(#789),#9609,.F.);
#9740=ADVANCED_FACE('',(#790),#9610,.F.);
#9741=ADVANCED_FACE('',(#791),#9611,.F.);
#9742=ADVANCED_FACE('',(#792),#9612,.F.);
#9743=ADVANCED_FACE('',(#793),#9613,.F.);
#9744=ADVANCED_FACE('',(#794),#9614,.F.);
#9745=ADVANCED_FACE('',(#795),#9615,.F.);
#9746=ADVANCED_FACE('',(#796),#9616,.T.);
#9747=ADVANCED_FACE('',(#797),#9617,.T.);
#9748=ADVANCED_FACE('',(#798),#413,.F.);
#9749=ADVANCED_FACE('',(#799),#414,.T.);
#9750=ADVANCED_FACE('',(#800),#9618,.T.);
#9751=ADVANCED_FACE('',(#801),#415,.T.);
#9752=ADVANCED_FACE('',(#802),#416,.F.);
#9753=ADVANCED_FACE('',(#803),#417,.T.);
#9754=ADVANCED_FACE('',(#804),#9619,.T.);
#9755=ADVANCED_FACE('',(#805),#418,.T.);
#9756=ADVANCED_FACE('',(#806),#419,.F.);
#9757=ADVANCED_FACE('',(#807),#420,.T.);
#9758=ADVANCED_FACE('',(#808),#9620,.T.);
#9759=ADVANCED_FACE('',(#809),#421,.T.);
#9760=ADVANCED_FACE('',(#810),#422,.F.);
#9761=ADVANCED_FACE('',(#811),#423,.T.);
#9762=ADVANCED_FACE('',(#812),#9621,.T.);
#9763=ADVANCED_FACE('',(#813),#424,.T.);
#9764=ADVANCED_FACE('',(#814),#425,.F.);
#9765=ADVANCED_FACE('',(#815),#426,.T.);
#9766=ADVANCED_FACE('',(#816),#9622,.T.);
#9767=ADVANCED_FACE('',(#817),#427,.T.);
#9768=ADVANCED_FACE('',(#818),#428,.T.);
#9769=ADVANCED_FACE('',(#819),#429,.F.);
#9770=ADVANCED_FACE('',(#820),#430,.T.);
#9771=ADVANCED_FACE('',(#821),#9623,.T.);
#9772=ADVANCED_FACE('',(#822),#431,.T.);
#9773=ADVANCED_FACE('',(#823),#432,.F.);
#9774=ADVANCED_FACE('',(#824),#433,.T.);
#9775=ADVANCED_FACE('',(#825),#9624,.T.);
#9776=ADVANCED_FACE('',(#826),#434,.T.);
#9777=ADVANCED_FACE('',(#827),#435,.F.);
#9778=ADVANCED_FACE('',(#828),#436,.T.);
#9779=ADVANCED_FACE('',(#829),#9625,.T.);
#9780=ADVANCED_FACE('',(#830),#437,.T.);
#9781=ADVANCED_FACE('',(#831),#438,.F.);
#9782=ADVANCED_FACE('',(#832),#439,.T.);
#9783=ADVANCED_FACE('',(#833),#9626,.T.);
#9784=ADVANCED_FACE('',(#834),#440,.T.);
#9785=ADVANCED_FACE('',(#835),#441,.F.);
#9786=ADVANCED_FACE('',(#836),#442,.T.);
#9787=ADVANCED_FACE('',(#837),#9627,.T.);
#9788=ADVANCED_FACE('',(#838),#443,.T.);
#9789=ADVANCED_FACE('',(#839),#444,.F.);
#9790=ADVANCED_FACE('',(#840),#445,.T.);
#9791=ADVANCED_FACE('',(#841),#9628,.T.);
#9792=ADVANCED_FACE('',(#842),#446,.T.);
#9793=ADVANCED_FACE('',(#843),#447,.F.);
#9794=ADVANCED_FACE('',(#844),#448,.T.);
#9795=ADVANCED_FACE('',(#845),#9629,.T.);
#9796=ADVANCED_FACE('',(#846),#449,.T.);
#9797=ADVANCED_FACE('',(#847),#450,.F.);
#9798=ADVANCED_FACE('',(#848),#451,.T.);
#9799=ADVANCED_FACE('',(#849),#9630,.T.);
#9800=ADVANCED_FACE('',(#850),#452,.T.);
#9801=ADVANCED_FACE('',(#851),#453,.F.);
#9802=ADVANCED_FACE('',(#852),#454,.T.);
#9803=ADVANCED_FACE('',(#853),#9631,.T.);
#9804=ADVANCED_FACE('',(#854),#455,.T.);
#9805=ADVANCED_FACE('',(#855),#456,.F.);
#9806=ADVANCED_FACE('',(#856),#457,.T.);
#9807=ADVANCED_FACE('',(#857),#9632,.T.);
#9808=ADVANCED_FACE('',(#858),#458,.T.);
#9809=ADVANCED_FACE('',(#859),#459,.F.);
#9810=ADVANCED_FACE('',(#860),#460,.T.);
#9811=ADVANCED_FACE('',(#861),#9633,.T.);
#9812=ADVANCED_FACE('',(#862),#461,.T.);
#9813=ADVANCED_FACE('',(#863),#462,.F.);
#9814=ADVANCED_FACE('',(#864),#463,.T.);
#9815=ADVANCED_FACE('',(#865),#9634,.T.);
#9816=ADVANCED_FACE('',(#866),#464,.T.);
#9817=ADVANCED_FACE('',(#867),#465,.F.);
#9818=ADVANCED_FACE('',(#868),#466,.T.);
#9819=ADVANCED_FACE('',(#869),#9635,.T.);
#9820=ADVANCED_FACE('',(#870),#467,.T.);
#9821=ADVANCED_FACE('',(#871),#468,.F.);
#9822=ADVANCED_FACE('',(#872),#469,.T.);
#9823=ADVANCED_FACE('',(#873),#9636,.T.);
#9824=ADVANCED_FACE('',(#874),#470,.T.);
#9825=ADVANCED_FACE('',(#875),#471,.F.);
#9826=ADVANCED_FACE('',(#876),#472,.T.);
#9827=ADVANCED_FACE('',(#877),#9637,.T.);
#9828=ADVANCED_FACE('',(#878),#473,.T.);
#9829=ADVANCED_FACE('',(#879),#474,.F.);
#9830=ADVANCED_FACE('',(#880),#475,.T.);
#9831=ADVANCED_FACE('',(#881),#9638,.T.);
#9832=ADVANCED_FACE('',(#882),#476,.T.);
#9833=ADVANCED_FACE('',(#883),#477,.F.);
#9834=ADVANCED_FACE('',(#884),#478,.T.);
#9835=ADVANCED_FACE('',(#885),#9639,.T.);
#9836=ADVANCED_FACE('',(#886),#479,.T.);
#9837=ADVANCED_FACE('',(#887),#480,.F.);
#9838=ADVANCED_FACE('',(#888),#481,.T.);
#9839=ADVANCED_FACE('',(#889),#9640,.T.);
#9840=ADVANCED_FACE('',(#890),#482,.T.);
#9841=ADVANCED_FACE('',(#891),#483,.F.);
#9842=ADVANCED_FACE('',(#892),#484,.T.);
#9843=ADVANCED_FACE('',(#893),#9641,.T.);
#9844=ADVANCED_FACE('',(#894),#485,.T.);
#9845=ADVANCED_FACE('',(#895),#175,.F.);
#9846=ADVANCED_FACE('',(#896),#9642,.T.);
#9847=ADVANCED_FACE('',(#897),#486,.T.);
#9848=ADVANCED_FACE('',(#898),#487,.F.);
#9849=ADVANCED_FACE('',(#899),#9643,.F.);
#9850=ADVANCED_FACE('',(#900,#97),#488,.F.);
#9851=ADVANCED_FACE('',(#901),#9644,.F.);
#9852=ADVANCED_FACE('',(#902,#98),#489,.F.);
#9853=ADVANCED_FACE('',(#903,#99,#100,#101,#102,#103,#104,#105,#106,#107),
#490,.T.);
#9854=ADVANCED_FACE('',(#904,#108,#109,#110,#111,#112,#113,#114,#115,#116),
#491,.T.);
#9855=ADVANCED_FACE('',(#905),#176,.F.);
#9856=ADVANCED_FACE('',(#906),#9645,.F.);
#9857=ADVANCED_FACE('',(#907),#9646,.F.);
#9858=ADVANCED_FACE('',(#908),#9647,.F.);
#9859=ADVANCED_FACE('',(#909),#9648,.F.);
#9860=ADVANCED_FACE('',(#910),#9649,.F.);
#9861=ADVANCED_FACE('',(#911),#9650,.F.);
#9862=ADVANCED_FACE('',(#912),#9651,.F.);
#9863=ADVANCED_FACE('',(#913),#9652,.F.);
#9864=ADVANCED_FACE('',(#914),#9653,.T.);
#9865=ADVANCED_FACE('',(#915),#9654,.T.);
#9866=ADVANCED_FACE('',(#916),#9655,.F.);
#9867=ADVANCED_FACE('',(#917,#117),#492,.F.);
#9868=ADVANCED_FACE('',(#918,#118,#119,#120,#121,#122,#123,#124,#125,#126),
#493,.T.);
#9869=ADVANCED_FACE('',(#919,#127,#128,#129,#130,#131,#132,#133,#134,#135),
#494,.T.);
#9870=ADVANCED_FACE('',(#920),#60,.F.);
#9871=ADVANCED_FACE('',(#921),#495,.T.);
#9872=ADVANCED_FACE('',(#922),#177,.F.);
#9873=ADVANCED_FACE('',(#923),#61,.F.);
#9874=ADVANCED_FACE('',(#924),#496,.T.);
#9875=ADVANCED_FACE('',(#925),#178,.F.);
#9876=ADVANCED_FACE('',(#926),#62,.F.);
#9877=ADVANCED_FACE('',(#927),#497,.T.);
#9878=ADVANCED_FACE('',(#928),#179,.F.);
#9879=ADVANCED_FACE('',(#929),#498,.F.);
#9880=ADVANCED_FACE('',(#930),#499,.F.);
#9881=ADVANCED_FACE('',(#931),#500,.F.);
#9882=ADVANCED_FACE('',(#932),#501,.T.);
#9883=ADVANCED_FACE('',(#933),#502,.F.);
#9884=ADVANCED_FACE('',(#934),#503,.T.);
#9885=ADVANCED_FACE('',(#935),#504,.T.);
#9886=ADVANCED_FACE('',(#936),#505,.T.);
#9887=ADVANCED_FACE('',(#937),#506,.T.);
#9888=ADVANCED_FACE('',(#938),#507,.T.);
#9889=ADVANCED_FACE('',(#939),#508,.F.);
#9890=ADVANCED_FACE('',(#940),#509,.F.);
#9891=ADVANCED_FACE('',(#941),#510,.T.);
#9892=ADVANCED_FACE('',(#942),#9656,.T.);
#9893=ADVANCED_FACE('',(#943),#63,.T.);
#9894=ADVANCED_FACE('',(#944,#136),#511,.T.);
#9895=ADVANCED_FACE('',(#945),#512,.F.);
#9896=ADVANCED_FACE('',(#946),#513,.F.);
#9897=ADVANCED_FACE('',(#947),#514,.F.);
#9898=ADVANCED_FACE('',(#948),#515,.T.);
#9899=ADVANCED_FACE('',(#949),#516,.F.);
#9900=ADVANCED_FACE('',(#950),#517,.T.);
#9901=ADVANCED_FACE('',(#951),#518,.T.);
#9902=ADVANCED_FACE('',(#952),#519,.T.);
#9903=ADVANCED_FACE('',(#953),#520,.T.);
#9904=ADVANCED_FACE('',(#954),#521,.T.);
#9905=ADVANCED_FACE('',(#955),#522,.F.);
#9906=ADVANCED_FACE('',(#956),#523,.F.);
#9907=ADVANCED_FACE('',(#957),#524,.T.);
#9908=ADVANCED_FACE('',(#958),#9657,.T.);
#9909=ADVANCED_FACE('',(#959),#64,.T.);
#9910=ADVANCED_FACE('',(#960,#137),#525,.T.);
#9911=ADVANCED_FACE('',(#961),#526,.T.);
#9912=ADVANCED_FACE('',(#962),#527,.T.);
#9913=ADVANCED_FACE('',(#963),#180,.F.);
#9914=ADVANCED_FACE('',(#964),#528,.T.);
#9915=ADVANCED_FACE('',(#965),#529,.T.);
#9916=ADVANCED_FACE('',(#966),#530,.F.);
#9917=ADVANCED_FACE('',(#967,#138),#531,.T.);
#9918=ADVANCED_FACE('',(#968),#532,.F.);
#9919=ADVANCED_FACE('',(#969),#533,.F.);
#9920=ADVANCED_FACE('',(#970),#534,.F.);
#9921=ADVANCED_FACE('',(#971),#535,.F.);
#9922=ADVANCED_FACE('',(#972),#536,.F.);
#9923=ADVANCED_FACE('',(#973),#537,.F.);
#9924=ADVANCED_FACE('',(#974),#538,.F.);
#9925=ADVANCED_FACE('',(#975),#539,.F.);
#9926=ADVANCED_FACE('',(#976,#139),#540,.F.);
#9927=ADVANCED_FACE('',(#977,#140),#541,.T.);
#9928=ADVANCED_FACE('',(#978),#542,.F.);
#9929=ADVANCED_FACE('',(#979),#543,.F.);
#9930=ADVANCED_FACE('',(#980),#544,.F.);
#9931=ADVANCED_FACE('',(#981),#545,.F.);
#9932=ADVANCED_FACE('',(#982),#546,.F.);
#9933=ADVANCED_FACE('',(#983),#547,.F.);
#9934=ADVANCED_FACE('',(#984),#548,.F.);
#9935=ADVANCED_FACE('',(#985),#549,.F.);
#9936=ADVANCED_FACE('',(#986,#141),#550,.F.);
#9937=ADVANCED_FACE('',(#987,#142),#551,.T.);
#9938=ADVANCED_FACE('',(#988),#552,.F.);
#9939=ADVANCED_FACE('',(#989),#553,.F.);
#9940=ADVANCED_FACE('',(#990),#554,.F.);
#9941=ADVANCED_FACE('',(#991),#555,.F.);
#9942=ADVANCED_FACE('',(#992),#556,.F.);
#9943=ADVANCED_FACE('',(#993),#557,.F.);
#9944=ADVANCED_FACE('',(#994),#558,.F.);
#9945=ADVANCED_FACE('',(#995),#559,.F.);
#9946=ADVANCED_FACE('',(#996,#143),#560,.F.);
#9947=ADVANCED_FACE('',(#997),#561,.T.);
#9948=ADVANCED_FACE('',(#998),#562,.T.);
#9949=ADVANCED_FACE('',(#999),#563,.T.);
#9950=ADVANCED_FACE('',(#1000),#564,.F.);
#9951=ADVANCED_FACE('',(#1001),#565,.F.);
#9952=ADVANCED_FACE('',(#1002),#566,.F.);
#9953=ADVANCED_FACE('',(#1003),#567,.T.);
#9954=ADVANCED_FACE('',(#1004),#568,.T.);
#9955=ADVANCED_FACE('',(#1005),#569,.T.);
#9956=ADVANCED_FACE('',(#1006),#570,.T.);
#9957=ADVANCED_FACE('',(#1007),#571,.T.);
#9958=ADVANCED_FACE('',(#1008),#572,.T.);
#9959=ADVANCED_FACE('',(#1009),#573,.F.);
#9960=ADVANCED_FACE('',(#1010),#574,.F.);
#9961=ADVANCED_FACE('',(#1011),#575,.F.);
#9962=ADVANCED_FACE('',(#1012),#576,.T.);
#9963=ADVANCED_FACE('',(#1013),#577,.T.);
#9964=ADVANCED_FACE('',(#1014),#578,.T.);
#9965=ADVANCED_FACE('',(#1015),#579,.F.);
#9966=ADVANCED_FACE('',(#1016),#580,.F.);
#9967=ADVANCED_FACE('',(#1017),#581,.F.);
#9968=ADVANCED_FACE('',(#1018,#144),#582,.T.);
#9969=ADVANCED_FACE('',(#1019),#583,.F.);
#9970=ADVANCED_FACE('',(#1020),#584,.F.);
#9971=ADVANCED_FACE('',(#1021),#585,.F.);
#9972=ADVANCED_FACE('',(#1022),#586,.F.);
#9973=ADVANCED_FACE('',(#1023),#587,.F.);
#9974=ADVANCED_FACE('',(#1024),#588,.F.);
#9975=ADVANCED_FACE('',(#1025),#589,.F.);
#9976=ADVANCED_FACE('',(#1026),#590,.F.);
#9977=ADVANCED_FACE('',(#1027,#145),#591,.F.);
#9978=ADVANCED_FACE('',(#1028),#592,.F.);
#9979=ADVANCED_FACE('',(#1029),#593,.F.);
#9980=ADVANCED_FACE('',(#1030),#594,.F.);
#9981=ADVANCED_FACE('',(#1031),#595,.T.);
#9982=ADVANCED_FACE('',(#1032),#596,.F.);
#9983=ADVANCED_FACE('',(#1033),#597,.F.);
#9984=ADVANCED_FACE('',(#1034),#598,.F.);
#9985=ADVANCED_FACE('',(#1035),#599,.F.);
#9986=ADVANCED_FACE('',(#1036),#600,.F.);
#9987=ADVANCED_FACE('',(#1037),#601,.T.);
#9988=ADVANCED_FACE('',(#1038),#181,.F.);
#9989=ADVANCED_FACE('',(#1039),#182,.F.);
#9990=ADVANCED_FACE('',(#1040),#183,.F.);
#9991=ADVANCED_FACE('',(#1041),#602,.T.);
#9992=ADVANCED_FACE('',(#1042),#603,.F.);
#9993=ADVANCED_FACE('',(#1043),#604,.T.);
#9994=ADVANCED_FACE('',(#1044),#605,.F.);
#9995=ADVANCED_FACE('',(#1045),#606,.T.);
#9996=ADVANCED_FACE('',(#1046,#146),#607,.T.);
#9997=ADVANCED_FACE('',(#1047,#147),#608,.F.);
#9998=ADVANCED_FACE('',(#1048),#609,.F.);
#9999=ADVANCED_FACE('',(#1049),#9658,.F.);
#10000=ADVANCED_FACE('',(#1050),#610,.F.);
#10001=ADVANCED_FACE('',(#1051),#611,.F.);
#10002=ADVANCED_FACE('',(#1052),#612,.T.);
#10003=ADVANCED_FACE('',(#1053),#613,.F.);
#10004=ADVANCED_FACE('',(#1054,#148),#614,.T.);
#10005=ADVANCED_FACE('',(#1055),#615,.T.);
#10006=ADVANCED_FACE('',(#1056),#616,.T.);
#10007=ADVANCED_FACE('',(#1057),#617,.T.);
#10008=ADVANCED_FACE('',(#1058),#618,.T.);
#10009=ADVANCED_FACE('',(#1059),#184,.F.);
#10010=ADVANCED_FACE('',(#1060),#619,.T.);
#10011=ADVANCED_FACE('',(#1061),#620,.T.);
#10012=ADVANCED_FACE('',(#1062,#149),#621,.T.);
#10013=ADVANCED_FACE('',(#1063),#622,.T.);
#10014=ADVANCED_FACE('',(#1064,#150,#151,#152,#153,#154,#155),#623,.F.);
#10015=ADVANCED_FACE('',(#1065),#624,.T.);
#10016=ADVANCED_FACE('',(#1066),#625,.F.);
#10017=ADVANCED_FACE('',(#1067),#626,.F.);
#10018=ADVANCED_FACE('',(#1068),#9659,.F.);
#10019=ADVANCED_FACE('',(#1069),#185,.F.);
#10020=ADVANCED_FACE('',(#1070),#627,.T.);
#10021=ADVANCED_FACE('',(#1071),#186,.F.);
#10022=ADVANCED_FACE('',(#1072),#628,.F.);
#10023=ADVANCED_FACE('',(#1073),#629,.F.);
#10024=ADVANCED_FACE('',(#1074),#187,.F.);
#10025=ADVANCED_FACE('',(#1075),#630,.T.);
#10026=ADVANCED_FACE('',(#1076),#188,.F.);
#10027=ADVANCED_FACE('',(#1077),#631,.F.);
#10028=ADVANCED_FACE('',(#1078,#156),#632,.F.);
#10029=ADVANCED_FACE('',(#1079),#633,.F.);
#10030=ADVANCED_FACE('',(#1080),#9660,.F.);
#10031=ADVANCED_FACE('',(#1081),#634,.F.);
#10032=ADVANCED_FACE('',(#1082),#189,.F.);
#10033=ADVANCED_FACE('',(#1083),#635,.T.);
#10034=ADVANCED_FACE('',(#1084),#190,.F.);
#10035=ADVANCED_FACE('',(#1085),#636,.T.);
#10036=ADVANCED_FACE('',(#1086),#637,.T.);
#10037=ADVANCED_FACE('',(#1087),#638,.T.);
#10038=ADVANCED_FACE('',(#1088),#191,.F.);
#10039=ADVANCED_FACE('',(#1089),#639,.T.);
#10040=ADVANCED_FACE('',(#1090),#640,.T.);
#10041=ADVANCED_FACE('',(#1091),#641,.T.);
#10042=ADVANCED_FACE('',(#1092),#9661,.F.);
#10043=ADVANCED_FACE('',(#1093),#9662,.F.);
#10044=ADVANCED_FACE('',(#1094),#9663,.F.);
#10045=ADVANCED_FACE('',(#1095),#9664,.F.);
#10046=ADVANCED_FACE('',(#1096),#9665,.F.);
#10047=ADVANCED_FACE('',(#1097),#9666,.F.);
#10048=ADVANCED_FACE('',(#1098,#157),#642,.T.);
#10049=ADVANCED_FACE('',(#1099),#643,.T.);
#10050=ADVANCED_FACE('',(#1100),#644,.T.);
#10051=ADVANCED_FACE('',(#1101),#645,.F.);
#10052=ADVANCED_FACE('',(#1102),#9667,.F.);
#10053=ADVANCED_FACE('',(#1103),#646,.F.);
#10054=ADVANCED_FACE('',(#1104),#647,.T.);
#10055=ADVANCED_FACE('',(#1105),#648,.T.);
#10056=ADVANCED_FACE('',(#1106),#649,.T.);
#10057=ADVANCED_FACE('',(#1107,#158),#650,.T.);
#10058=ADVANCED_FACE('',(#1108),#651,.T.);
#10059=ADVANCED_FACE('',(#1109),#652,.T.);
#10060=ADVANCED_FACE('',(#1110),#9668,.F.);
#10061=ADVANCED_FACE('',(#1111),#192,.F.);
#10062=ADVANCED_FACE('',(#1112),#193,.T.);
#10063=ADVANCED_FACE('',(#1113),#653,.F.);
#10064=ADVANCED_FACE('',(#1114),#654,.F.);
#10065=ADVANCED_FACE('',(#1115),#655,.F.);
#10066=ADVANCED_FACE('',(#1116),#656,.F.);
#10067=ADVANCED_FACE('',(#1117),#657,.F.);
#10068=ADVANCED_FACE('',(#1118),#9669,.F.);
#10069=ADVANCED_FACE('',(#1119,#159,#160,#161,#162,#163,#164),#658,.F.);
#10070=ADVANCED_FACE('',(#1120,#165),#659,.F.);
#10071=ADVANCED_FACE('',(#1121),#660,.T.);
#10072=ADVANCED_FACE('',(#1122),#661,.T.);
#10073=ADVANCED_FACE('',(#1123),#662,.T.);
#10074=ADVANCED_FACE('',(#1124),#663,.F.);
#10075=ADVANCED_FACE('',(#1125),#664,.T.);
#10076=ADVANCED_FACE('',(#1126),#665,.F.);
#10077=ADVANCED_FACE('',(#1127),#666,.T.);
#10078=ADVANCED_FACE('',(#1128),#667,.T.);
#10079=ADVANCED_FACE('',(#1129),#668,.F.);
#10080=ADVANCED_FACE('',(#1130),#9670,.F.);
#10081=ADVANCED_FACE('',(#1131),#669,.F.);
#10082=ADVANCED_FACE('',(#1132),#9671,.F.);
#10083=ADVANCED_FACE('',(#1133),#670,.T.);
#10084=ADVANCED_FACE('',(#1134),#9672,.F.);
#10085=ADVANCED_FACE('',(#1135),#671,.F.);
#10086=ADVANCED_FACE('',(#1136),#672,.F.);
#10087=ADVANCED_FACE('',(#1137),#673,.T.);
#10088=ADVANCED_FACE('',(#1138),#674,.F.);
#10089=ADVANCED_FACE('',(#1139),#9673,.F.);
#10090=ADVANCED_FACE('',(#1140),#675,.T.);
#10091=ADVANCED_FACE('',(#1141),#676,.T.);
#10092=ADVANCED_FACE('',(#1142),#677,.T.);
#10093=ADVANCED_FACE('',(#1143),#678,.F.);
#10094=ADVANCED_FACE('',(#1144),#679,.F.);
#10095=ADVANCED_FACE('',(#1145),#9674,.F.);
#10096=ADVANCED_FACE('',(#1146),#9675,.F.);
#10097=ADVANCED_FACE('',(#1147),#9676,.F.);
#10098=ADVANCED_FACE('',(#1148),#9677,.F.);
#10099=ADVANCED_FACE('',(#1149,#166),#680,.T.);
#10100=ADVANCED_FACE('',(#1150),#9678,.T.);
#10101=ADVANCED_FACE('',(#1151),#65,.T.);
#10102=ADVANCED_FACE('',(#1152,#167),#681,.T.);
#10103=ADVANCED_FACE('',(#1153),#9679,.T.);
#10104=ADVANCED_FACE('',(#1154,#168),#682,.T.);
#10105=ADVANCED_FACE('',(#1155),#194,.T.);
#10106=ADVANCED_FACE('',(#1156),#683,.F.);
#10107=ADVANCED_FACE('',(#1157),#195,.F.);
#10108=ADVANCED_FACE('',(#1158,#169),#684,.T.);
#10109=ADVANCED_FACE('',(#1159),#196,.T.);
#10110=ADVANCED_FACE('',(#1160),#9680,.F.);
#10111=ADVANCED_FACE('',(#1161),#197,.T.);
#10112=ADVANCED_FACE('',(#1162),#9681,.F.);
#10113=ADVANCED_FACE('',(#1163),#198,.T.);
#10114=ADVANCED_FACE('',(#1164),#9682,.F.);
#10115=ADVANCED_FACE('',(#1165),#199,.T.);
#10116=ADVANCED_FACE('',(#1166),#9683,.F.);
#10117=ADVANCED_FACE('',(#1167),#200,.T.);
#10118=ADVANCED_FACE('',(#1168),#9684,.F.);
#10119=ADVANCED_FACE('',(#1169),#201,.T.);
#10120=ADVANCED_FACE('',(#1170),#9685,.F.);
#10121=ADVANCED_FACE('',(#1171),#202,.T.);
#10122=ADVANCED_FACE('',(#1172),#9686,.F.);
#10123=ADVANCED_FACE('',(#1173),#203,.T.);
#10124=ADVANCED_FACE('',(#1174),#9687,.F.);
#10125=ADVANCED_FACE('',(#1175),#204,.T.);
#10126=ADVANCED_FACE('',(#1176),#9688,.F.);
#10127=ADVANCED_FACE('',(#1177,#170),#685,.T.);
#10128=ADVANCED_FACE('',(#1178),#9689,.T.);
#10129=ADVANCED_FACE('',(#1179),#205,.T.);
#10130=ADVANCED_FACE('',(#1180),#9690,.F.);
#10131=ADVANCED_FACE('',(#1181),#206,.T.);
#10132=ADVANCED_FACE('',(#1182),#686,.F.);
#10133=ADVANCED_FACE('',(#1183),#9691,.T.);
#10134=ADVANCED_FACE('',(#1184),#687,.F.);
#10135=ADVANCED_FACE('',(#1185),#9692,.F.);
#10136=ADVANCED_FACE('',(#1186),#207,.T.);
#10137=ADVANCED_FACE('',(#1187),#9693,.F.);
#10138=ADVANCED_FACE('',(#1188),#208,.T.);
#10139=ADVANCED_FACE('',(#1189),#9694,.F.);
#10140=ADVANCED_FACE('',(#1190),#209,.T.);
#10141=ADVANCED_FACE('',(#1191),#9695,.F.);
#10142=ADVANCED_FACE('',(#1192),#210,.T.);
#10143=ADVANCED_FACE('',(#1193),#9696,.F.);
#10144=ADVANCED_FACE('',(#1194),#688,.F.);
#10145=ADVANCED_FACE('',(#1195),#9697,.T.);
#10146=ADVANCED_FACE('',(#1196),#689,.F.);
#10147=ADVANCED_FACE('',(#1197),#690,.F.);
#10148=ADVANCED_FACE('',(#1198),#9698,.T.);
#10149=ADVANCED_FACE('',(#1199),#211,.T.);
#10150=ADVANCED_FACE('',(#1200),#9699,.F.);
#10151=ADVANCED_FACE('',(#1201),#212,.T.);
#10152=ADVANCED_FACE('',(#1202),#9700,.F.);
#10153=ADVANCED_FACE('',(#1203),#691,.F.);
#10154=ADVANCED_FACE('',(#1204),#9701,.T.);
#10155=ADVANCED_FACE('',(#1205),#692,.F.);
#10156=ADVANCED_FACE('',(#1206),#693,.F.);
#10157=ADVANCED_FACE('',(#1207),#9702,.T.);
#10158=ADVANCED_FACE('',(#1208),#694,.F.);
#10159=ADVANCED_FACE('',(#1209),#695,.F.);
#10160=ADVANCED_FACE('',(#1210),#696,.F.);
#10161=ADVANCED_FACE('',(#1211),#9703,.T.);
#10162=ADVANCED_FACE('',(#1212),#697,.F.);
#10163=ADVANCED_FACE('',(#1213),#698,.F.);
#10164=ADVANCED_FACE('',(#1214),#9704,.T.);
#10165=ADVANCED_FACE('',(#1215),#699,.F.);
#10166=ADVANCED_FACE('',(#1216),#700,.F.);
#10167=ADVANCED_FACE('',(#1217),#9705,.T.);
#10168=ADVANCED_FACE('',(#1218),#701,.F.);
#10169=ADVANCED_FACE('',(#1219),#702,.F.);
#10170=ADVANCED_FACE('',(#1220),#9706,.F.);
#10171=ADVANCED_FACE('',(#1221),#213,.T.);
#10172=ADVANCED_FACE('',(#1222),#9707,.F.);
#10173=ADVANCED_FACE('',(#1223),#703,.F.);
#10174=ADVANCED_FACE('',(#1224),#9708,.T.);
#10175=ADVANCED_FACE('',(#1225),#704,.F.);
#10176=ADVANCED_FACE('',(#1226),#214,.T.);
#10177=ADVANCED_FACE('',(#1227),#705,.F.);
#10178=ADVANCED_FACE('',(#1228),#9709,.T.);
#10179=ADVANCED_FACE('',(#1229),#706,.F.);
#10180=ADVANCED_FACE('',(#1230),#9710,.F.);
#10181=ADVANCED_FACE('',(#1231),#215,.T.);
#10182=ADVANCED_FACE('',(#1232),#707,.F.);
#10183=ADVANCED_FACE('',(#1233),#9711,.T.);
#10184=ADVANCED_FACE('',(#1234),#708,.F.);
#10185=ADVANCED_FACE('',(#1235),#9712,.F.);
#10186=ADVANCED_FACE('',(#1236),#216,.T.);
#10187=ADVANCED_FACE('',(#1237),#709,.F.);
#10188=ADVANCED_FACE('',(#1238),#9713,.T.);
#10189=ADVANCED_FACE('',(#1239),#710,.F.);
#10190=ADVANCED_FACE('',(#1240),#9714,.F.);
#10191=ADVANCED_FACE('',(#1241),#217,.T.);
#10192=ADVANCED_FACE('',(#1242),#711,.F.);
#10193=ADVANCED_FACE('',(#1243),#9715,.T.);
#10194=ADVANCED_FACE('',(#1244),#712,.F.);
#10195=ADVANCED_FACE('',(#1245),#9716,.F.);
#10196=ADVANCED_FACE('',(#1246),#218,.T.);
#10197=ADVANCED_FACE('',(#1247),#713,.F.);
#10198=ADVANCED_FACE('',(#1248),#9717,.T.);
#10199=ADVANCED_FACE('',(#1249),#714,.F.);
#10200=ADVANCED_FACE('',(#1250),#9718,.F.);
#10201=ADVANCED_FACE('',(#1251),#219,.T.);
#10202=ADVANCED_FACE('',(#1252),#715,.F.);
#10203=ADVANCED_FACE('',(#1253),#9719,.T.);
#10204=ADVANCED_FACE('',(#1254),#716,.F.);
#10205=ADVANCED_FACE('',(#1255),#220,.T.);
#10206=ADVANCED_FACE('',(#1256),#717,.F.);
#10207=ADVANCED_FACE('',(#1257),#9720,.T.);
#10208=ADVANCED_FACE('',(#1258),#718,.F.);
#10209=ADVANCED_FACE('',(#1259),#719,.F.);
#10210=ADVANCED_FACE('',(#1260),#720,.F.);
#10211=ADVANCED_FACE('',(#1261),#9721,.T.);
#10212=ADVANCED_FACE('',(#1262),#721,.F.);
#10213=ADVANCED_FACE('',(#1263),#722,.F.);
#10214=ADVANCED_FACE('',(#1264),#9722,.T.);
#10215=ADVANCED_FACE('',(#1265),#723,.F.);
#10216=ADVANCED_FACE('',(#1266),#724,.F.);
#10217=ADVANCED_FACE('',(#1267),#9723,.T.);
#10218=ADVANCED_FACE('',(#1268),#725,.F.);
#10219=ADVANCED_FACE('',(#1269),#726,.F.);
#10220=ADVANCED_FACE('',(#1270),#9724,.T.);
#10221=ADVANCED_FACE('',(#1271),#727,.F.);
#10222=ADVANCED_FACE('',(#1272),#728,.F.);
#10223=ADVANCED_FACE('',(#1273),#9725,.T.);
#10224=ADVANCED_FACE('',(#1274),#729,.F.);
#10225=ADVANCED_FACE('',(#1275),#730,.F.);
#10226=ADVANCED_FACE('',(#1276),#9726,.T.);
#10227=ADVANCED_FACE('',(#1277),#731,.F.);
#10228=ADVANCED_FACE('',(#1278),#732,.F.);
#10229=ADVANCED_FACE('',(#1279),#9727,.T.);
#10230=ADVANCED_FACE('',(#1280),#733,.F.);
#10231=ADVANCED_FACE('',(#1281),#734,.F.);
#10232=ADVANCED_FACE('',(#1282),#9728,.T.);
#10233=ADVANCED_FACE('',(#1283),#735,.F.);
#10234=ADVANCED_FACE('',(#1284),#9729,.F.);
#10235=ADVANCED_FACE('',(#1285),#9730,.F.);
#10236=ADVANCED_FACE('',(#1286),#9731,.T.);
#10237=ADVANCED_FACE('',(#1287),#736,.F.);
#10238=ADVANCED_FACE('',(#1288),#221,.T.);
#10239=ADVANCED_FACE('',(#1289,#171),#737,.T.);
#10240=ADVANCED_FACE('',(#1290),#66,.T.);
#10241=ADVANCED_FACE('',(#1291),#9732,.T.);
#10242=ADVANCED_FACE('',(#1292),#738,.T.);
#10243=ADVANCED_FACE('',(#1293),#739,.F.);
#10244=ADVANCED_FACE('',(#1294),#740,.F.);
#10245=ADVANCED_FACE('',(#1295),#741,.T.);
#10246=ADVANCED_FACE('',(#1296),#742,.T.);
#10247=ADVANCED_FACE('',(#1297),#743,.T.);
#10248=ADVANCED_FACE('',(#1298),#744,.T.);
#10249=ADVANCED_FACE('',(#1299),#745,.T.);
#10250=ADVANCED_FACE('',(#1300),#746,.F.);
#10251=ADVANCED_FACE('',(#1301),#747,.T.);
#10252=ADVANCED_FACE('',(#1302),#748,.F.);
#10253=ADVANCED_FACE('',(#1303),#749,.F.);
#10254=ADVANCED_FACE('',(#1304),#750,.F.);
#10255=ADVANCED_FACE('',(#1305,#172),#751,.T.);
#10256=ADVANCED_FACE('',(#1306),#67,.T.);
#10257=ADVANCED_FACE('',(#1307),#9733,.T.);
#10258=ADVANCED_FACE('',(#1308),#752,.T.);
#10259=ADVANCED_FACE('',(#1309),#753,.F.);
#10260=ADVANCED_FACE('',(#1310),#754,.F.);
#10261=ADVANCED_FACE('',(#1311),#755,.T.);
#10262=ADVANCED_FACE('',(#1312),#756,.T.);
#10263=ADVANCED_FACE('',(#1313),#757,.T.);
#10264=ADVANCED_FACE('',(#1314),#758,.T.);
#10265=ADVANCED_FACE('',(#1315),#759,.T.);
#10266=ADVANCED_FACE('',(#1316),#760,.F.);
#10267=ADVANCED_FACE('',(#1317),#761,.T.);
#10268=ADVANCED_FACE('',(#1318),#762,.F.);
#10269=ADVANCED_FACE('',(#1319),#763,.F.);
#10270=ADVANCED_FACE('',(#1320),#764,.F.);
#10271=ADVANCED_FACE('',(#1321),#68,.F.);
#10272=ADVANCED_FACE('',(#1322),#765,.T.);
#10273=ADVANCED_FACE('',(#1323),#222,.F.);
#10274=ADVANCED_FACE('',(#1324),#9734,.T.);
#10275=ADVANCED_FACE('',(#1325,#173),#766,.T.);
#10276=ADVANCED_FACE('',(#1326,#174),#767,.F.);
#10277=ADVANCED_FACE('',(#1327),#9735,.F.);
#10278=ADVANCED_FACE('',(#1328),#768,.T.);
#10279=ADVANCED_FACE('',(#1329),#769,.T.);
#10280=ADVANCED_FACE('',(#1330),#223,.F.);
#10281=ADVANCED_FACE('',(#1331),#224,.F.);
#10282=ADVANCED_FACE('',(#1332),#770,.T.);
#10283=ADVANCED_FACE('',(#1333),#771,.F.);
#10284=ADVANCED_FACE('',(#1334),#225,.F.);
#10285=ADVANCED_FACE('',(#1335),#772,.T.);
#10286=ADVANCED_FACE('',(#1336),#226,.F.);
#10287=ADVANCED_FACE('',(#1337),#773,.F.);
#10288=ADVANCED_FACE('',(#1338),#774,.T.);
#10289=ADVANCED_FACE('',(#1339),#775,.F.);
#10290=ADVANCED_FACE('',(#1340),#776,.T.);
#10291=ADVANCED_FACE('',(#1341),#227,.F.);
#10292=ADVANCED_FACE('',(#1342),#777,.T.);
#10293=ADVANCED_FACE('',(#1343),#228,.F.);
#10294=ADVANCED_FACE('',(#1344),#778,.T.);
#10295=ADVANCED_FACE('',(#1345),#779,.T.);
#10296=ADVANCED_FACE('',(#1346),#780,.F.);
#10297=ADVANCED_FACE('',(#1347),#781,.T.);
#10298=ADVANCED_FACE('',(#1348),#229,.F.);
#10299=ADVANCED_FACE('',(#1349),#782,.T.);
#10300=ADVANCED_FACE('',(#1350),#230,.F.);
#10301=ADVANCED_FACE('',(#1351),#783,.F.);
#10302=ADVANCED_FACE('',(#1352),#784,.F.);
#10303=ADVANCED_FACE('',(#1353),#9736,.F.);
#10304=ADVANCED_FACE('',(#1354),#785,.T.);
#10305=ADVANCED_FACE('',(#1355),#9737,.F.);
#10306=ADVANCED_FACE('',(#1356),#786,.F.);
#10307=ADVANCED_FACE('',(#1357),#787,.T.);
#10308=CLOSED_SHELL('',(#9738,#9739,#9740,#9741,#9742,#9743,#9744,#9745,
#9746,#9747,#9748,#9749,#9750,#9751,#9752,#9753,#9754,#9755,#9756,#9757,
#9758,#9759,#9760,#9761,#9762,#9763,#9764,#9765,#9766,#9767,#9768,#9769,
#9770,#9771,#9772,#9773,#9774,#9775,#9776,#9777,#9778,#9779,#9780,#9781,
#9782,#9783,#9784,#9785,#9786,#9787,#9788,#9789,#9790,#9791,#9792,#9793,
#9794,#9795,#9796,#9797,#9798,#9799,#9800,#9801,#9802,#9803,#9804,#9805,
#9806,#9807,#9808,#9809,#9810,#9811,#9812,#9813,#9814,#9815,#9816,#9817,
#9818,#9819,#9820,#9821,#9822,#9823,#9824,#9825,#9826,#9827,#9828,#9829,
#9830,#9831,#9832,#9833,#9834,#9835,#9836,#9837,#9838,#9839,#9840,#9841,
#9842,#9843,#9844,#9845,#9846,#9847,#9848,#9849,#9850,#9851,#9852,#9853,
#9854));
#10309=CLOSED_SHELL('',(#9855,#9856,#9857,#9858,#9859,#9860,#9861,#9862,
#9863,#9864,#9865,#9866,#9867,#9868,#9869));
#10310=CLOSED_SHELL('',(#9870,#9871,#9872));
#10311=CLOSED_SHELL('',(#9873,#9874,#9875));
#10312=CLOSED_SHELL('',(#9876,#9877,#9878));
#10313=CLOSED_SHELL('',(#9879,#9880,#9881,#9882,#9883,#9884,#9885,#9886,
#9887,#9888,#9889,#9890,#9891,#9892,#9893,#9894,#9895,#9896,#9897,#9898,
#9899,#9900,#9901,#9902,#9903,#9904,#9905,#9906,#9907,#9908,#9909,#9910,
#9911,#9912,#9913,#9914,#9915,#9916,#9917,#9918,#9919,#9920,#9921,#9922,
#9923,#9924,#9925,#9926,#9927,#9928,#9929,#9930,#9931,#9932,#9933,#9934,
#9935,#9936,#9937,#9938,#9939,#9940,#9941,#9942,#9943,#9944,#9945,#9946,
#9947,#9948,#9949,#9950,#9951,#9952,#9953,#9954,#9955,#9956,#9957,#9958,
#9959,#9960,#9961,#9962,#9963,#9964,#9965,#9966,#9967,#9968,#9969,#9970,
#9971,#9972,#9973,#9974,#9975,#9976,#9977,#9978,#9979,#9980,#9981,#9982,
#9983,#9984,#9985,#9986,#9987,#9988,#9989,#9990,#9991,#9992,#9993,#9994,
#9995,#9996,#9997,#9998,#9999,#10000,#10001,#10002,#10003,#10004,#10005,
#10006,#10007,#10008,#10009,#10010,#10011,#10012,#10013,#10014,#10015,#10016,
#10017,#10018,#10019,#10020,#10021,#10022,#10023,#10024,#10025,#10026,#10027,
#10028,#10029,#10030,#10031,#10032,#10033,#10034,#10035,#10036,#10037,#10038,
#10039,#10040,#10041,#10042,#10043,#10044,#10045,#10046,#10047,#10048,#10049,
#10050,#10051,#10052,#10053,#10054,#10055,#10056,#10057,#10058,#10059,#10060,
#10061,#10062,#10063,#10064,#10065,#10066,#10067,#10068,#10069,#10070,#10071,
#10072,#10073,#10074,#10075,#10076,#10077,#10078,#10079,#10080,#10081,#10082,
#10083,#10084,#10085,#10086,#10087,#10088,#10089,#10090,#10091,#10092,#10093,
#10094,#10095,#10096,#10097,#10098,#10099,#10100,#10101,#10102,#10103,#10104,
#10105,#10106,#10107,#10108,#10109,#10110,#10111,#10112,#10113,#10114,#10115,
#10116,#10117,#10118,#10119,#10120,#10121,#10122,#10123,#10124,#10125,#10126,
#10127,#10128,#10129,#10130,#10131,#10132,#10133,#10134,#10135,#10136,#10137,
#10138,#10139,#10140,#10141,#10142,#10143,#10144,#10145,#10146,#10147,#10148,
#10149,#10150,#10151,#10152,#10153,#10154,#10155,#10156,#10157,#10158,#10159,
#10160,#10161,#10162,#10163,#10164,#10165,#10166,#10167,#10168,#10169,#10170,
#10171,#10172,#10173,#10174,#10175,#10176,#10177,#10178,#10179,#10180,#10181,
#10182,#10183,#10184,#10185,#10186,#10187,#10188,#10189,#10190,#10191,#10192,
#10193,#10194,#10195,#10196,#10197,#10198,#10199,#10200,#10201,#10202,#10203,
#10204,#10205,#10206,#10207,#10208,#10209,#10210,#10211,#10212,#10213,#10214,
#10215,#10216,#10217,#10218,#10219,#10220,#10221,#10222,#10223,#10224,#10225,
#10226,#10227,#10228,#10229,#10230,#10231,#10232,#10233,#10234,#10235,#10236,
#10237,#10238,#10239,#10240,#10241,#10242,#10243,#10244,#10245,#10246,#10247,
#10248,#10249,#10250,#10251,#10252,#10253,#10254,#10255,#10256,#10257,#10258,
#10259,#10260,#10261,#10262,#10263,#10264,#10265,#10266,#10267,#10268,#10269,
#10270));
#10314=CLOSED_SHELL('',(#10271,#10272,#10273));
#10315=CLOSED_SHELL('',(#10274,#10275,#10276,#10277));
#10316=CLOSED_SHELL('',(#10278,#10279,#10280,#10281,#10282,#10283,#10284,
#10285,#10286,#10287,#10288,#10289));
#10317=CLOSED_SHELL('',(#10290,#10291,#10292,#10293,#10294,#10295,#10296,
#10297,#10298,#10299,#10300,#10301));
#10318=CLOSED_SHELL('',(#10302,#10303,#10304));
#10319=CLOSED_SHELL('',(#10305,#10306,#10307));
#10320=DERIVED_UNIT_ELEMENT(#10326,1.);
#10321=DERIVED_UNIT_ELEMENT(#18631,-3.);
#10322=DERIVED_UNIT_ELEMENT(#10326,1.);
#10323=DERIVED_UNIT_ELEMENT(#18631,-3.);
#10324=DERIVED_UNIT_ELEMENT(#10326,1.);
#10325=DERIVED_UNIT_ELEMENT(#18631,-3.);
#10326=(
MASS_UNIT()
NAMED_UNIT(*)
SI_UNIT(.KILO.,.GRAM.)
);
#10327=DERIVED_UNIT((#10320,#10321));
#10328=DERIVED_UNIT((#10322,#10323));
#10329=DERIVED_UNIT((#10324,#10325));
#10330=MEASURE_REPRESENTATION_ITEM('density measure',
POSITIVE_RATIO_MEASURE(7850.),#10327);
#10331=MEASURE_REPRESENTATION_ITEM('density measure',
POSITIVE_RATIO_MEASURE(7850.),#10328);
#10332=MEASURE_REPRESENTATION_ITEM('density measure',
POSITIVE_RATIO_MEASURE(7850.),#10329);
#10333=PROPERTY_DEFINITION_REPRESENTATION(#10348,#10339);
#10334=PROPERTY_DEFINITION_REPRESENTATION(#10349,#10340);
#10335=PROPERTY_DEFINITION_REPRESENTATION(#10350,#10341);
#10336=PROPERTY_DEFINITION_REPRESENTATION(#10351,#10342);
#10337=PROPERTY_DEFINITION_REPRESENTATION(#10352,#10343);
#10338=PROPERTY_DEFINITION_REPRESENTATION(#10353,#10344);
#10339=REPRESENTATION('material name',(#10345),#18625);
#10340=REPRESENTATION('density',(#10330),#18625);
#10341=REPRESENTATION('material name',(#10346),#18627);
#10342=REPRESENTATION('density',(#10331),#18627);
#10343=REPRESENTATION('material name',(#10347),#18628);
#10344=REPRESENTATION('density',(#10332),#18628);
#10345=DESCRIPTIVE_REPRESENTATION_ITEM('\X2\94A2\X0\','\X2\94A2\X0\');
#10346=DESCRIPTIVE_REPRESENTATION_ITEM('\X2\94A2\X0\','\X2\94A2\X0\');
#10347=DESCRIPTIVE_REPRESENTATION_ITEM('\X2\94A2\X0\','\X2\94A2\X0\');
#10348=PROPERTY_DEFINITION('material property','material name',#18655);
#10349=PROPERTY_DEFINITION('material property','density of part',#18655);
#10350=PROPERTY_DEFINITION('material property','material name',#18657);
#10351=PROPERTY_DEFINITION('material property','density of part',#18657);
#10352=PROPERTY_DEFINITION('material property','material name',#18658);
#10353=PROPERTY_DEFINITION('material property','density of part',#18658);
#10354=AXIS2_PLACEMENT_3D('',#14203,#11337,#11338);
#10355=AXIS2_PLACEMENT_3D('',#14204,#11339,#11340);
#10356=AXIS2_PLACEMENT_3D('',#14205,#11341,#11342);
#10357=AXIS2_PLACEMENT_3D('',#14207,#11343,#11344);
#10358=AXIS2_PLACEMENT_3D('',#14210,#11346,#11347);
#10359=AXIS2_PLACEMENT_3D('',#14211,#11348,#11349);
#10360=AXIS2_PLACEMENT_3D('',#14213,#11350,#11351);
#10361=AXIS2_PLACEMENT_3D('',#14216,#11353,#11354);
#10362=AXIS2_PLACEMENT_3D('',#14217,#11355,#11356);
#10363=AXIS2_PLACEMENT_3D('',#14219,#11357,#11358);
#10364=AXIS2_PLACEMENT_3D('',#14222,#11360,#11361);
#10365=AXIS2_PLACEMENT_3D('',#14223,#11362,#11363);
#10366=AXIS2_PLACEMENT_3D('',#14225,#11364,#11365);
#10367=AXIS2_PLACEMENT_3D('',#14228,#11367,#11368);
#10368=AXIS2_PLACEMENT_3D('',#14229,#11369,#11370);
#10369=AXIS2_PLACEMENT_3D('',#14231,#11371,#11372);
#10370=AXIS2_PLACEMENT_3D('',#14234,#11374,#11375);
#10371=AXIS2_PLACEMENT_3D('',#14235,#11376,#11377);
#10372=AXIS2_PLACEMENT_3D('',#14237,#11378,#11379);
#10373=AXIS2_PLACEMENT_3D('',#14240,#11381,#11382);
#10374=AXIS2_PLACEMENT_3D('',#14241,#11383,#11384);
#10375=AXIS2_PLACEMENT_3D('',#14243,#11385,#11386);
#10376=AXIS2_PLACEMENT_3D('',#14246,#11388,#11389);
#10377=AXIS2_PLACEMENT_3D('',#14247,#11390,#11391);
#10378=AXIS2_PLACEMENT_3D('',#14249,#11392,#11393);
#10379=AXIS2_PLACEMENT_3D('',#14252,#11395,#11396);
#10380=AXIS2_PLACEMENT_3D('',#14253,#11397,#11398);
#10381=AXIS2_PLACEMENT_3D('',#14255,#11399,#11400);
#10382=AXIS2_PLACEMENT_3D('',#14258,#11402,#11403);
#10383=AXIS2_PLACEMENT_3D('',#14259,#11404,#11405);
#10384=AXIS2_PLACEMENT_3D('',#14261,#11406,#11407);
#10385=AXIS2_PLACEMENT_3D('',#14264,#11409,#11410);
#10386=AXIS2_PLACEMENT_3D('',#14265,#11411,#11412);
#10387=AXIS2_PLACEMENT_3D('',#14270,#11414,#11415);
#10388=AXIS2_PLACEMENT_3D('',#14273,#11417,#11418);
#10389=AXIS2_PLACEMENT_3D('',#14274,#11419,#11420);
#10390=AXIS2_PLACEMENT_3D('',#14285,#11423,#11424);
#10391=AXIS2_PLACEMENT_3D('',#14302,#11426,#11427);
#10392=AXIS2_PLACEMENT_3D('',#14311,#11429,#11430);
#10393=AXIS2_PLACEMENT_3D('',#14316,#11432,#11433);
#10394=AXIS2_PLACEMENT_3D('',#14319,#11435,#11436);
#10395=AXIS2_PLACEMENT_3D('',#14320,#11437,#11438);
#10396=AXIS2_PLACEMENT_3D('',#14331,#11441,#11442);
#10397=AXIS2_PLACEMENT_3D('',#14348,#11444,#11445);
#10398=AXIS2_PLACEMENT_3D('',#14357,#11447,#11448);
#10399=AXIS2_PLACEMENT_3D('',#14362,#11450,#11451);
#10400=AXIS2_PLACEMENT_3D('',#14365,#11453,#11454);
#10401=AXIS2_PLACEMENT_3D('',#14366,#11455,#11456);
#10402=AXIS2_PLACEMENT_3D('',#14377,#11459,#11460);
#10403=AXIS2_PLACEMENT_3D('',#14394,#11462,#11463);
#10404=AXIS2_PLACEMENT_3D('',#14403,#11465,#11466);
#10405=AXIS2_PLACEMENT_3D('',#14408,#11468,#11469);
#10406=AXIS2_PLACEMENT_3D('',#14411,#11471,#11472);
#10407=AXIS2_PLACEMENT_3D('',#14412,#11473,#11474);
#10408=AXIS2_PLACEMENT_3D('',#14423,#11477,#11478);
#10409=AXIS2_PLACEMENT_3D('',#14440,#11480,#11481);
#10410=AXIS2_PLACEMENT_3D('',#14449,#11483,#11484);
#10411=AXIS2_PLACEMENT_3D('',#14454,#11486,#11487);
#10412=AXIS2_PLACEMENT_3D('',#14457,#11489,#11490);
#10413=AXIS2_PLACEMENT_3D('',#14458,#11491,#11492);
#10414=AXIS2_PLACEMENT_3D('',#14469,#11495,#11496);
#10415=AXIS2_PLACEMENT_3D('',#14486,#11498,#11499);
#10416=AXIS2_PLACEMENT_3D('',#14495,#11501,#11502);
#10417=AXIS2_PLACEMENT_3D('',#14509,#11506,#11507);
#10418=AXIS2_PLACEMENT_3D('',#14514,#11509,#11510);
#10419=AXIS2_PLACEMENT_3D('',#14517,#11512,#11513);
#10420=AXIS2_PLACEMENT_3D('',#14518,#11514,#11515);
#10421=AXIS2_PLACEMENT_3D('',#14529,#11518,#11519);
#10422=AXIS2_PLACEMENT_3D('',#14546,#11521,#11522);
#10423=AXIS2_PLACEMENT_3D('',#14555,#11524,#11525);
#10424=AXIS2_PLACEMENT_3D('',#14560,#11527,#11528);
#10425=AXIS2_PLACEMENT_3D('',#14563,#11530,#11531);
#10426=AXIS2_PLACEMENT_3D('',#14564,#11532,#11533);
#10427=AXIS2_PLACEMENT_3D('',#14575,#11536,#11537);
#10428=AXIS2_PLACEMENT_3D('',#14592,#11539,#11540);
#10429=AXIS2_PLACEMENT_3D('',#14601,#11542,#11543);
#10430=AXIS2_PLACEMENT_3D('',#14606,#11545,#11546);
#10431=AXIS2_PLACEMENT_3D('',#14609,#11548,#11549);
#10432=AXIS2_PLACEMENT_3D('',#14610,#11550,#11551);
#10433=AXIS2_PLACEMENT_3D('',#14621,#11554,#11555);
#10434=AXIS2_PLACEMENT_3D('',#14638,#11557,#11558);
#10435=AXIS2_PLACEMENT_3D('',#14647,#11560,#11561);
#10436=AXIS2_PLACEMENT_3D('',#14652,#11563,#11564);
#10437=AXIS2_PLACEMENT_3D('',#14655,#11566,#11567);
#10438=AXIS2_PLACEMENT_3D('',#14656,#11568,#11569);
#10439=AXIS2_PLACEMENT_3D('',#14667,#11572,#11573);
#10440=AXIS2_PLACEMENT_3D('',#14684,#11575,#11576);
#10441=AXIS2_PLACEMENT_3D('',#14693,#11578,#11579);
#10442=AXIS2_PLACEMENT_3D('',#14698,#11581,#11582);
#10443=AXIS2_PLACEMENT_3D('',#14701,#11584,#11585);
#10444=AXIS2_PLACEMENT_3D('',#14702,#11586,#11587);
#10445=AXIS2_PLACEMENT_3D('',#14713,#11590,#11591);
#10446=AXIS2_PLACEMENT_3D('',#14730,#11593,#11594);
#10447=AXIS2_PLACEMENT_3D('',#14739,#11596,#11597);
#10448=AXIS2_PLACEMENT_3D('',#14744,#11599,#11600);
#10449=AXIS2_PLACEMENT_3D('',#14747,#11602,#11603);
#10450=AXIS2_PLACEMENT_3D('',#14748,#11604,#11605);
#10451=AXIS2_PLACEMENT_3D('',#14759,#11608,#11609);
#10452=AXIS2_PLACEMENT_3D('',#14776,#11611,#11612);
#10453=AXIS2_PLACEMENT_3D('',#14786,#11614,#11615);
#10454=AXIS2_PLACEMENT_3D('',#14791,#11617,#11618);
#10455=AXIS2_PLACEMENT_3D('',#14794,#11620,#11621);
#10456=AXIS2_PLACEMENT_3D('',#14795,#11622,#11623);
#10457=AXIS2_PLACEMENT_3D('',#14806,#11626,#11627);
#10458=AXIS2_PLACEMENT_3D('',#14823,#11629,#11630);
#10459=AXIS2_PLACEMENT_3D('',#14832,#11632,#11633);
#10460=AXIS2_PLACEMENT_3D('',#14837,#11635,#11636);
#10461=AXIS2_PLACEMENT_3D('',#14840,#11638,#11639);
#10462=AXIS2_PLACEMENT_3D('',#14841,#11640,#11641);
#10463=AXIS2_PLACEMENT_3D('',#14852,#11644,#11645);
#10464=AXIS2_PLACEMENT_3D('',#14869,#11647,#11648);
#10465=AXIS2_PLACEMENT_3D('',#14878,#11650,#11651);
#10466=AXIS2_PLACEMENT_3D('',#14883,#11653,#11654);
#10467=AXIS2_PLACEMENT_3D('',#14886,#11656,#11657);
#10468=AXIS2_PLACEMENT_3D('',#14887,#11658,#11659);
#10469=AXIS2_PLACEMENT_3D('',#14898,#11662,#11663);
#10470=AXIS2_PLACEMENT_3D('',#14915,#11665,#11666);
#10471=AXIS2_PLACEMENT_3D('',#14924,#11668,#11669);
#10472=AXIS2_PLACEMENT_3D('',#14929,#11671,#11672);
#10473=AXIS2_PLACEMENT_3D('',#14932,#11674,#11675);
#10474=AXIS2_PLACEMENT_3D('',#14933,#11676,#11677);
#10475=AXIS2_PLACEMENT_3D('',#14944,#11680,#11681);
#10476=AXIS2_PLACEMENT_3D('',#14961,#11683,#11684);
#10477=AXIS2_PLACEMENT_3D('',#14970,#11686,#11687);
#10478=AXIS2_PLACEMENT_3D('',#14975,#11689,#11690);
#10479=AXIS2_PLACEMENT_3D('',#14978,#11692,#11693);
#10480=AXIS2_PLACEMENT_3D('',#14979,#11694,#11695);
#10481=AXIS2_PLACEMENT_3D('',#14990,#11698,#11699);
#10482=AXIS2_PLACEMENT_3D('',#15007,#11701,#11702);
#10483=AXIS2_PLACEMENT_3D('',#15016,#11704,#11705);
#10484=AXIS2_PLACEMENT_3D('',#15021,#11707,#11708);
#10485=AXIS2_PLACEMENT_3D('',#15024,#11710,#11711);
#10486=AXIS2_PLACEMENT_3D('',#15025,#11712,#11713);
#10487=AXIS2_PLACEMENT_3D('',#15036,#11716,#11717);
#10488=AXIS2_PLACEMENT_3D('',#15053,#11719,#11720);
#10489=AXIS2_PLACEMENT_3D('',#15062,#11722,#11723);
#10490=AXIS2_PLACEMENT_3D('',#15067,#11725,#11726);
#10491=AXIS2_PLACEMENT_3D('',#15070,#11728,#11729);
#10492=AXIS2_PLACEMENT_3D('',#15071,#11730,#11731);
#10493=AXIS2_PLACEMENT_3D('',#15082,#11734,#11735);
#10494=AXIS2_PLACEMENT_3D('',#15099,#11737,#11738);
#10495=AXIS2_PLACEMENT_3D('',#15108,#11740,#11741);
#10496=AXIS2_PLACEMENT_3D('',#15113,#11743,#11744);
#10497=AXIS2_PLACEMENT_3D('',#15116,#11746,#11747);
#10498=AXIS2_PLACEMENT_3D('',#15117,#11748,#11749);
#10499=AXIS2_PLACEMENT_3D('',#15128,#11752,#11753);
#10500=AXIS2_PLACEMENT_3D('',#15145,#11755,#11756);
#10501=AXIS2_PLACEMENT_3D('',#15154,#11758,#11759);
#10502=AXIS2_PLACEMENT_3D('',#15159,#11761,#11762);
#10503=AXIS2_PLACEMENT_3D('',#15162,#11764,#11765);
#10504=AXIS2_PLACEMENT_3D('',#15163,#11766,#11767);
#10505=AXIS2_PLACEMENT_3D('',#15174,#11770,#11771);
#10506=AXIS2_PLACEMENT_3D('',#15191,#11773,#11774);
#10507=AXIS2_PLACEMENT_3D('',#15200,#11776,#11777);
#10508=AXIS2_PLACEMENT_3D('',#15205,#11779,#11780);
#10509=AXIS2_PLACEMENT_3D('',#15208,#11782,#11783);
#10510=AXIS2_PLACEMENT_3D('',#15209,#11784,#11785);
#10511=AXIS2_PLACEMENT_3D('',#15220,#11788,#11789);
#10512=AXIS2_PLACEMENT_3D('',#15237,#11791,#11792);
#10513=AXIS2_PLACEMENT_3D('',#15246,#11794,#11795);
#10514=AXIS2_PLACEMENT_3D('',#15251,#11797,#11798);
#10515=AXIS2_PLACEMENT_3D('',#15254,#11800,#11801);
#10516=AXIS2_PLACEMENT_3D('',#15255,#11802,#11803);
#10517=AXIS2_PLACEMENT_3D('',#15266,#11806,#11807);
#10518=AXIS2_PLACEMENT_3D('',#15283,#11809,#11810);
#10519=AXIS2_PLACEMENT_3D('',#15292,#11812,#11813);
#10520=AXIS2_PLACEMENT_3D('',#15297,#11815,#11816);
#10521=AXIS2_PLACEMENT_3D('',#15300,#11818,#11819);
#10522=AXIS2_PLACEMENT_3D('',#15301,#11820,#11821);
#10523=AXIS2_PLACEMENT_3D('',#15312,#11824,#11825);
#10524=AXIS2_PLACEMENT_3D('',#15329,#11827,#11828);
#10525=AXIS2_PLACEMENT_3D('',#15338,#11830,#11831);
#10526=AXIS2_PLACEMENT_3D('',#15343,#11833,#11834);
#10527=AXIS2_PLACEMENT_3D('',#15346,#11836,#11837);
#10528=AXIS2_PLACEMENT_3D('',#15347,#11838,#11839);
#10529=AXIS2_PLACEMENT_3D('',#15358,#11842,#11843);
#10530=AXIS2_PLACEMENT_3D('',#15375,#11845,#11846);
#10531=AXIS2_PLACEMENT_3D('',#15381,#11848,#11849);
#10532=AXIS2_PLACEMENT_3D('',#15382,#11850,#11851);
#10533=AXIS2_PLACEMENT_3D('',#15383,#11852,#11853);
#10534=AXIS2_PLACEMENT_3D('',#15384,#11854,#11855);
#10535=AXIS2_PLACEMENT_3D('',#15385,#11856,#11857);
#10536=AXIS2_PLACEMENT_3D('',#15386,#11858,#11859);
#10537=AXIS2_PLACEMENT_3D('',#15388,#11860,#11861);
#10538=AXIS2_PLACEMENT_3D('',#15410,#11862,#11863);
#10539=AXIS2_PLACEMENT_3D('',#15411,#11864,#11865);
#10540=AXIS2_PLACEMENT_3D('',#15412,#11866,#11867);
#10541=AXIS2_PLACEMENT_3D('',#15413,#11868,#11869);
#10542=AXIS2_PLACEMENT_3D('',#15414,#11870,#11871);
#10543=AXIS2_PLACEMENT_3D('',#15415,#11872,#11873);
#10544=AXIS2_PLACEMENT_3D('',#15418,#11875,#11876);
#10545=AXIS2_PLACEMENT_3D('',#15419,#11877,#11878);
#10546=AXIS2_PLACEMENT_3D('',#15420,#11879,#11880);
#10547=AXIS2_PLACEMENT_3D('',#15421,#11881,#11882);
#10548=AXIS2_PLACEMENT_3D('',#15422,#11883,#11884);
#10549=AXIS2_PLACEMENT_3D('',#15423,#11885,#11886);
#10550=AXIS2_PLACEMENT_3D('',#15424,#11887,#11888);
#10551=AXIS2_PLACEMENT_3D('',#15425,#11889,#11890);
#10552=AXIS2_PLACEMENT_3D('',#15426,#11891,#11892);
#10553=AXIS2_PLACEMENT_3D('',#15427,#11893,#11894);
#10554=AXIS2_PLACEMENT_3D('',#15428,#11895,#11896);
#10555=AXIS2_PLACEMENT_3D('',#15429,#11897,#11898);
#10556=AXIS2_PLACEMENT_3D('',#15430,#11899,#11900);
#10557=AXIS2_PLACEMENT_3D('',#15431,#11901,#11902);
#10558=AXIS2_PLACEMENT_3D('',#15432,#11903,#11904);
#10559=AXIS2_PLACEMENT_3D('',#15434,#11905,#11906);
#10560=AXIS2_PLACEMENT_3D('',#15436,#11908,#11909);
#10561=AXIS2_PLACEMENT_3D('',#15440,#11912,#11913);
#10562=AXIS2_PLACEMENT_3D('',#15442,#11914,#11915);
#10563=AXIS2_PLACEMENT_3D('',#15443,#11916,#11917);
#10564=AXIS2_PLACEMENT_3D('',#15444,#11918,#11919);
#10565=AXIS2_PLACEMENT_3D('',#15446,#11920,#11921);
#10566=AXIS2_PLACEMENT_3D('',#15448,#11923,#11924);
#10567=AXIS2_PLACEMENT_3D('',#15450,#11925,#11926);
#10568=AXIS2_PLACEMENT_3D('',#15451,#11927,#11928);
#10569=AXIS2_PLACEMENT_3D('',#15454,#11930,#11931);
#10570=AXIS2_PLACEMENT_3D('',#15455,#11932,#11933);
#10571=AXIS2_PLACEMENT_3D('',#15456,#11934,#11935);
#10572=AXIS2_PLACEMENT_3D('',#15457,#11936,#11937);
#10573=AXIS2_PLACEMENT_3D('',#15458,#11938,#11939);
#10574=AXIS2_PLACEMENT_3D('',#15459,#11940,#11941);
#10575=AXIS2_PLACEMENT_3D('',#15460,#11942,#11943);
#10576=AXIS2_PLACEMENT_3D('',#15463,#11944,#11945);
#10577=AXIS2_PLACEMENT_3D('',#15466,#11947,#11948);
#10578=AXIS2_PLACEMENT_3D('',#15467,#11949,#11950);
#10579=AXIS2_PLACEMENT_3D('',#15468,#11951,#11952);
#10580=AXIS2_PLACEMENT_3D('',#15470,#11953,#11954);
#10581=AXIS2_PLACEMENT_3D('',#15473,#11956,#11957);
#10582=AXIS2_PLACEMENT_3D('',#15474,#11958,#11959);
#10583=AXIS2_PLACEMENT_3D('',#15476,#11960,#11961);
#10584=AXIS2_PLACEMENT_3D('',#15479,#11963,#11964);
#10585=AXIS2_PLACEMENT_3D('',#15480,#11965,#11966);
#10586=AXIS2_PLACEMENT_3D('',#15482,#11967,#11968);
#10587=AXIS2_PLACEMENT_3D('',#15485,#11970,#11971);
#10588=AXIS2_PLACEMENT_3D('',#15486,#11972,#11973);
#10589=AXIS2_PLACEMENT_3D('',#15488,#11974,#11975);
#10590=AXIS2_PLACEMENT_3D('',#15491,#11977,#11978);
#10591=AXIS2_PLACEMENT_3D('',#15492,#11979,#11980);
#10592=AXIS2_PLACEMENT_3D('',#15494,#11981,#11982);
#10593=AXIS2_PLACEMENT_3D('',#15497,#11984,#11985);
#10594=AXIS2_PLACEMENT_3D('',#15498,#11986,#11987);
#10595=AXIS2_PLACEMENT_3D('',#15500,#11988,#11989);
#10596=AXIS2_PLACEMENT_3D('',#15503,#11991,#11992);
#10597=AXIS2_PLACEMENT_3D('',#15504,#11993,#11994);
#10598=AXIS2_PLACEMENT_3D('',#15506,#11995,#11996);
#10599=AXIS2_PLACEMENT_3D('',#15509,#11998,#11999);
#10600=AXIS2_PLACEMENT_3D('',#15510,#12000,#12001);
#10601=AXIS2_PLACEMENT_3D('',#15512,#12002,#12003);
#10602=AXIS2_PLACEMENT_3D('',#15515,#12005,#12006);
#10603=AXIS2_PLACEMENT_3D('',#15516,#12007,#12008);
#10604=AXIS2_PLACEMENT_3D('',#15518,#12009,#12010);
#10605=AXIS2_PLACEMENT_3D('',#15521,#12012,#12013);
#10606=AXIS2_PLACEMENT_3D('',#15522,#12014,#12015);
#10607=AXIS2_PLACEMENT_3D('',#15524,#12016,#12017);
#10608=AXIS2_PLACEMENT_3D('',#15527,#12019,#12020);
#10609=AXIS2_PLACEMENT_3D('',#15528,#12021,#12022);
#10610=AXIS2_PLACEMENT_3D('',#15530,#12023,#12024);
#10611=AXIS2_PLACEMENT_3D('',#15532,#12026,#12027);
#10612=AXIS2_PLACEMENT_3D('',#15533,#12028,#12029);
#10613=AXIS2_PLACEMENT_3D('',#15534,#12030,#12031);
#10614=AXIS2_PLACEMENT_3D('',#15535,#12032,#12033);
#10615=AXIS2_PLACEMENT_3D('',#15536,#12034,#12035);
#10616=AXIS2_PLACEMENT_3D('',#15537,#12036,#12037);
#10617=AXIS2_PLACEMENT_3D('',#15540,#12038,#12039);
#10618=AXIS2_PLACEMENT_3D('',#15551,#12040,#12041);
#10619=AXIS2_PLACEMENT_3D('',#15555,#12042,#12043);
#10620=AXIS2_PLACEMENT_3D('',#15556,#12044,#12045);
#10621=AXIS2_PLACEMENT_3D('',#15569,#12046,#12047);
#10622=AXIS2_PLACEMENT_3D('',#15570,#12048,#12049);
#10623=AXIS2_PLACEMENT_3D('',#15574,#12050,#12051);
#10624=AXIS2_PLACEMENT_3D('',#15575,#12052,#12053);
#10625=AXIS2_PLACEMENT_3D('',#15578,#12054,#12055);
#10626=AXIS2_PLACEMENT_3D('',#15589,#12056,#12057);
#10627=AXIS2_PLACEMENT_3D('',#15593,#12058,#12059);
#10628=AXIS2_PLACEMENT_3D('',#15594,#12060,#12061);
#10629=AXIS2_PLACEMENT_3D('',#15603,#12066,#12067);
#10630=AXIS2_PLACEMENT_3D('',#15609,#12071,#12072);
#10631=AXIS2_PLACEMENT_3D('',#15615,#12076,#12077);
#10632=AXIS2_PLACEMENT_3D('',#15621,#12081,#12082);
#10633=AXIS2_PLACEMENT_3D('',#15625,#12085,#12086);
#10634=AXIS2_PLACEMENT_3D('',#15631,#12090,#12091);
#10635=AXIS2_PLACEMENT_3D('',#15635,#12094,#12095);
#10636=AXIS2_PLACEMENT_3D('',#15639,#12098,#12099);
#10637=AXIS2_PLACEMENT_3D('',#15643,#12102,#12103);
#10638=AXIS2_PLACEMENT_3D('',#15649,#12107,#12108);
#10639=AXIS2_PLACEMENT_3D('',#15651,#12110,#12111);
#10640=AXIS2_PLACEMENT_3D('',#15653,#12113,#12114);
#10641=AXIS2_PLACEMENT_3D('',#15655,#12116,#12117);
#10642=AXIS2_PLACEMENT_3D('',#15658,#12118,#12119);
#10643=AXIS2_PLACEMENT_3D('',#15659,#12120,#12121);
#10644=AXIS2_PLACEMENT_3D('',#15662,#12123,#12124);
#10645=AXIS2_PLACEMENT_3D('',#15663,#12125,#12126);
#10646=AXIS2_PLACEMENT_3D('',#15665,#12127,#12128);
#10647=AXIS2_PLACEMENT_3D('',#15666,#12129,#12130);
#10648=AXIS2_PLACEMENT_3D('',#15667,#12131,#12132);
#10649=AXIS2_PLACEMENT_3D('',#15668,#12133,#12134);
#10650=AXIS2_PLACEMENT_3D('',#15677,#12139,#12140);
#10651=AXIS2_PLACEMENT_3D('',#15683,#12144,#12145);
#10652=AXIS2_PLACEMENT_3D('',#15689,#12149,#12150);
#10653=AXIS2_PLACEMENT_3D('',#15695,#12154,#12155);
#10654=AXIS2_PLACEMENT_3D('',#15699,#12158,#12159);
#10655=AXIS2_PLACEMENT_3D('',#15705,#12163,#12164);
#10656=AXIS2_PLACEMENT_3D('',#15709,#12167,#12168);
#10657=AXIS2_PLACEMENT_3D('',#15713,#12171,#12172);
#10658=AXIS2_PLACEMENT_3D('',#15717,#12175,#12176);
#10659=AXIS2_PLACEMENT_3D('',#15723,#12180,#12181);
#10660=AXIS2_PLACEMENT_3D('',#15725,#12183,#12184);
#10661=AXIS2_PLACEMENT_3D('',#15727,#12186,#12187);
#10662=AXIS2_PLACEMENT_3D('',#15729,#12189,#12190);
#10663=AXIS2_PLACEMENT_3D('',#15732,#12191,#12192);
#10664=AXIS2_PLACEMENT_3D('',#15733,#12193,#12194);
#10665=AXIS2_PLACEMENT_3D('',#15736,#12196,#12197);
#10666=AXIS2_PLACEMENT_3D('',#15737,#12198,#12199);
#10667=AXIS2_PLACEMENT_3D('',#15739,#12200,#12201);
#10668=AXIS2_PLACEMENT_3D('',#15740,#12202,#12203);
#10669=AXIS2_PLACEMENT_3D('',#15741,#12204,#12205);
#10670=AXIS2_PLACEMENT_3D('',#15742,#12206,#12207);
#10671=AXIS2_PLACEMENT_3D('',#15745,#12208,#12209);
#10672=AXIS2_PLACEMENT_3D('',#15749,#12211,#12212);
#10673=AXIS2_PLACEMENT_3D('',#15755,#12216,#12217);
#10674=AXIS2_PLACEMENT_3D('',#15758,#12218,#12219);
#10675=AXIS2_PLACEMENT_3D('',#15766,#12223,#12224);
#10676=AXIS2_PLACEMENT_3D('',#15768,#12226,#12227);
#10677=AXIS2_PLACEMENT_3D('',#15777,#12229,#12230);
#10678=AXIS2_PLACEMENT_3D('',#15781,#12231,#12232);
#10679=AXIS2_PLACEMENT_3D('',#15792,#12238,#12239);
#10680=AXIS2_PLACEMENT_3D('',#15803,#12245,#12246);
#10681=AXIS2_PLACEMENT_3D('',#15812,#12251,#12252);
#10682=AXIS2_PLACEMENT_3D('',#15845,#12269,#12270);
#10683=AXIS2_PLACEMENT_3D('',#15851,#12274,#12275);
#10684=AXIS2_PLACEMENT_3D('',#15855,#12278,#12279);
#10685=AXIS2_PLACEMENT_3D('',#15859,#12282,#12283);
#10686=AXIS2_PLACEMENT_3D('',#15863,#12286,#12287);
#10687=AXIS2_PLACEMENT_3D('',#15867,#12290,#12291);
#10688=AXIS2_PLACEMENT_3D('',#15871,#12294,#12295);
#10689=AXIS2_PLACEMENT_3D('',#15875,#12298,#12299);
#10690=AXIS2_PLACEMENT_3D('',#15877,#12301,#12302);
#10691=AXIS2_PLACEMENT_3D('',#15894,#12311,#12312);
#10692=AXIS2_PLACEMENT_3D('',#15927,#12329,#12330);
#10693=AXIS2_PLACEMENT_3D('',#15933,#12334,#12335);
#10694=AXIS2_PLACEMENT_3D('',#15937,#12338,#12339);
#10695=AXIS2_PLACEMENT_3D('',#15941,#12342,#12343);
#10696=AXIS2_PLACEMENT_3D('',#15945,#12346,#12347);
#10697=AXIS2_PLACEMENT_3D('',#15949,#12350,#12351);
#10698=AXIS2_PLACEMENT_3D('',#15953,#12354,#12355);
#10699=AXIS2_PLACEMENT_3D('',#15957,#12358,#12359);
#10700=AXIS2_PLACEMENT_3D('',#15959,#12361,#12362);
#10701=AXIS2_PLACEMENT_3D('',#15976,#12371,#12372);
#10702=AXIS2_PLACEMENT_3D('',#16009,#12389,#12390);
#10703=AXIS2_PLACEMENT_3D('',#16015,#12394,#12395);
#10704=AXIS2_PLACEMENT_3D('',#16019,#12398,#12399);
#10705=AXIS2_PLACEMENT_3D('',#16023,#12402,#12403);
#10706=AXIS2_PLACEMENT_3D('',#16027,#12406,#12407);
#10707=AXIS2_PLACEMENT_3D('',#16031,#12410,#12411);
#10708=AXIS2_PLACEMENT_3D('',#16035,#12414,#12415);
#10709=AXIS2_PLACEMENT_3D('',#16039,#12418,#12419);
#10710=AXIS2_PLACEMENT_3D('',#16041,#12421,#12422);
#10711=AXIS2_PLACEMENT_3D('',#16058,#12431,#12432);
#10712=AXIS2_PLACEMENT_3D('',#16061,#12435,#12436);
#10713=AXIS2_PLACEMENT_3D('',#16064,#12439,#12440);
#10714=AXIS2_PLACEMENT_3D('',#16070,#12444,#12445);
#10715=AXIS2_PLACEMENT_3D('',#16072,#12447,#12448);
#10716=AXIS2_PLACEMENT_3D('',#16074,#12450,#12451);
#10717=AXIS2_PLACEMENT_3D('',#16078,#12454,#12455);
#10718=AXIS2_PLACEMENT_3D('',#16080,#12457,#12458);
#10719=AXIS2_PLACEMENT_3D('',#16082,#12460,#12461);
#10720=AXIS2_PLACEMENT_3D('',#16086,#12464,#12465);
#10721=AXIS2_PLACEMENT_3D('',#16089,#12468,#12469);
#10722=AXIS2_PLACEMENT_3D('',#16092,#12472,#12473);
#10723=AXIS2_PLACEMENT_3D('',#16098,#12477,#12478);
#10724=AXIS2_PLACEMENT_3D('',#16100,#12480,#12481);
#10725=AXIS2_PLACEMENT_3D('',#16102,#12483,#12484);
#10726=AXIS2_PLACEMENT_3D('',#16106,#12487,#12488);
#10727=AXIS2_PLACEMENT_3D('',#16108,#12490,#12491);
#10728=AXIS2_PLACEMENT_3D('',#16110,#12493,#12494);
#10729=AXIS2_PLACEMENT_3D('',#16114,#12497,#12498);
#10730=AXIS2_PLACEMENT_3D('',#16115,#12499,#12500);
#10731=AXIS2_PLACEMENT_3D('',#16116,#12501,#12502);
#10732=AXIS2_PLACEMENT_3D('',#16118,#12504,#12505);
#10733=AXIS2_PLACEMENT_3D('',#16136,#12515,#12516);
#10734=AXIS2_PLACEMENT_3D('',#16142,#12520,#12521);
#10735=AXIS2_PLACEMENT_3D('',#16146,#12524,#12525);
#10736=AXIS2_PLACEMENT_3D('',#16150,#12528,#12529);
#10737=AXIS2_PLACEMENT_3D('',#16154,#12532,#12533);
#10738=AXIS2_PLACEMENT_3D('',#16158,#12536,#12537);
#10739=AXIS2_PLACEMENT_3D('',#16162,#12540,#12541);
#10740=AXIS2_PLACEMENT_3D('',#16166,#12544,#12545);
#10741=AXIS2_PLACEMENT_3D('',#16168,#12547,#12548);
#10742=AXIS2_PLACEMENT_3D('',#16185,#12557,#12558);
#10743=AXIS2_PLACEMENT_3D('',#16186,#12559,#12560);
#10744=AXIS2_PLACEMENT_3D('',#16187,#12561,#12562);
#10745=AXIS2_PLACEMENT_3D('',#16188,#12563,#12564);
#10746=AXIS2_PLACEMENT_3D('',#16196,#12569,#12570);
#10747=AXIS2_PLACEMENT_3D('',#16201,#12574,#12575);
#10748=AXIS2_PLACEMENT_3D('',#16209,#12580,#12581);
#10749=AXIS2_PLACEMENT_3D('',#16215,#12585,#12586);
#10750=AXIS2_PLACEMENT_3D('',#16223,#12591,#12592);
#10751=AXIS2_PLACEMENT_3D('',#16228,#12596,#12597);
#10752=AXIS2_PLACEMENT_3D('',#16236,#12602,#12603);
#10753=AXIS2_PLACEMENT_3D('',#16238,#12604,#12605);
#10754=AXIS2_PLACEMENT_3D('',#16242,#12606,#12607);
#10755=AXIS2_PLACEMENT_3D('',#16244,#12608,#12609);
#10756=AXIS2_PLACEMENT_3D('',#16252,#12610,#12611);
#10757=AXIS2_PLACEMENT_3D('',#16261,#12612,#12613);
#10758=AXIS2_PLACEMENT_3D('',#16262,#12614,#12615);
#10759=AXIS2_PLACEMENT_3D('',#16265,#12618,#12619);
#10760=AXIS2_PLACEMENT_3D('',#16271,#12621,#12622);
#10761=AXIS2_PLACEMENT_3D('',#16283,#12625,#12626);
#10762=AXIS2_PLACEMENT_3D('',#16287,#12627,#12628);
#10763=AXIS2_PLACEMENT_3D('',#16289,#12629,#12630);
#10764=AXIS2_PLACEMENT_3D('',#16292,#12632,#12633);
#10765=AXIS2_PLACEMENT_3D('',#16294,#12635,#12636);
#10766=AXIS2_PLACEMENT_3D('',#16305,#12641,#12642);
#10767=AXIS2_PLACEMENT_3D('',#16308,#12644,#12645);
#10768=AXIS2_PLACEMENT_3D('',#16309,#12646,#12647);
#10769=AXIS2_PLACEMENT_3D('',#16321,#12655,#12656);
#10770=AXIS2_PLACEMENT_3D('',#16325,#12659,#12660);
#10771=AXIS2_PLACEMENT_3D('',#16328,#12662,#12663);
#10772=AXIS2_PLACEMENT_3D('',#16329,#12664,#12665);
#10773=AXIS2_PLACEMENT_3D('',#16333,#12668,#12669);
#10774=AXIS2_PLACEMENT_3D('',#16342,#12675,#12676);
#10775=AXIS2_PLACEMENT_3D('',#16348,#12680,#12681);
#10776=AXIS2_PLACEMENT_3D('',#16354,#12685,#12686);
#10777=AXIS2_PLACEMENT_3D('',#16360,#12689,#12690);
#10778=AXIS2_PLACEMENT_3D('',#16363,#12692,#12693);
#10779=AXIS2_PLACEMENT_3D('',#16364,#12694,#12695);
#10780=AXIS2_PLACEMENT_3D('',#16366,#12697,#12698);
#10781=AXIS2_PLACEMENT_3D('',#16369,#12700,#12701);
#10782=AXIS2_PLACEMENT_3D('',#16372,#12703,#12704);
#10783=AXIS2_PLACEMENT_3D('',#16374,#12706,#12707);
#10784=AXIS2_PLACEMENT_3D('',#16375,#12708,#12709);
#10785=AXIS2_PLACEMENT_3D('',#16379,#12712,#12713);
#10786=AXIS2_PLACEMENT_3D('',#16382,#12715,#12716);
#10787=AXIS2_PLACEMENT_3D('',#16383,#12717,#12718);
#10788=AXIS2_PLACEMENT_3D('',#16387,#12721,#12722);
#10789=AXIS2_PLACEMENT_3D('',#16391,#12725,#12726);
#10790=AXIS2_PLACEMENT_3D('',#16397,#12729,#12730);
#10791=AXIS2_PLACEMENT_3D('',#16399,#12732,#12733);
#10792=AXIS2_PLACEMENT_3D('',#16403,#12736,#12737);
#10793=AXIS2_PLACEMENT_3D('',#16409,#12740,#12741);
#10794=AXIS2_PLACEMENT_3D('',#16417,#12745,#12746);
#10795=AXIS2_PLACEMENT_3D('',#16424,#12750,#12751);
#10796=AXIS2_PLACEMENT_3D('',#16426,#12752,#12753);
#10797=AXIS2_PLACEMENT_3D('',#16428,#12754,#12755);
#10798=AXIS2_PLACEMENT_3D('',#16430,#12756,#12757);
#10799=AXIS2_PLACEMENT_3D('',#16432,#12758,#12759);
#10800=AXIS2_PLACEMENT_3D('',#16434,#12760,#12761);
#10801=AXIS2_PLACEMENT_3D('',#16436,#12762,#12763);
#10802=AXIS2_PLACEMENT_3D('',#16437,#12764,#12765);
#10803=AXIS2_PLACEMENT_3D('',#16439,#12767,#12768);
#10804=AXIS2_PLACEMENT_3D('',#16449,#12774,#12775);
#10805=AXIS2_PLACEMENT_3D('',#16453,#12778,#12779);
#10806=AXIS2_PLACEMENT_3D('',#16454,#12780,#12781);
#10807=AXIS2_PLACEMENT_3D('',#16455,#12782,#12783);
#10808=AXIS2_PLACEMENT_3D('',#16457,#12785,#12786);
#10809=AXIS2_PLACEMENT_3D('',#16459,#12788,#12789);
#10810=AXIS2_PLACEMENT_3D('',#16460,#12790,#12791);
#10811=AXIS2_PLACEMENT_3D('',#16461,#12792,#12793);
#10812=AXIS2_PLACEMENT_3D('',#16467,#12795,#12796);
#10813=AXIS2_PLACEMENT_3D('',#16473,#12798,#12799);
#10814=AXIS2_PLACEMENT_3D('',#16477,#12802,#12803);
#10815=AXIS2_PLACEMENT_3D('',#16485,#12804,#12805);
#10816=AXIS2_PLACEMENT_3D('',#16487,#12807,#12808);
#10817=AXIS2_PLACEMENT_3D('',#16497,#12814,#12815);
#10818=AXIS2_PLACEMENT_3D('',#16501,#12818,#12819);
#10819=AXIS2_PLACEMENT_3D('',#16504,#12821,#12822);
#10820=AXIS2_PLACEMENT_3D('',#16505,#12823,#12824);
#10821=AXIS2_PLACEMENT_3D('',#16507,#12826,#12827);
#10822=AXIS2_PLACEMENT_3D('',#16509,#12829,#12830);
#10823=AXIS2_PLACEMENT_3D('',#16511,#12832,#12833);
#10824=AXIS2_PLACEMENT_3D('',#16513,#12835,#12836);
#10825=AXIS2_PLACEMENT_3D('',#16515,#12838,#12839);
#10826=AXIS2_PLACEMENT_3D('',#16517,#12841,#12842);
#10827=AXIS2_PLACEMENT_3D('',#16521,#12845,#12846);
#10828=AXIS2_PLACEMENT_3D('',#16524,#12848,#12849);
#10829=AXIS2_PLACEMENT_3D('',#16525,#12850,#12851);
#10830=AXIS2_PLACEMENT_3D('',#16528,#12854,#12855);
#10831=AXIS2_PLACEMENT_3D('',#16530,#12857,#12858);
#10832=AXIS2_PLACEMENT_3D('',#16531,#12859,#12860);
#10833=AXIS2_PLACEMENT_3D('',#16533,#12861,#12862);
#10834=AXIS2_PLACEMENT_3D('',#16535,#12864,#12865);
#10835=AXIS2_PLACEMENT_3D('',#16537,#12866,#12867);
#10836=AXIS2_PLACEMENT_3D('',#16539,#12869,#12870);
#10837=AXIS2_PLACEMENT_3D('',#16541,#12871,#12872);
#10838=AXIS2_PLACEMENT_3D('',#16543,#12874,#12875);
#10839=AXIS2_PLACEMENT_3D('',#16545,#12876,#12877);
#10840=AXIS2_PLACEMENT_3D('',#16547,#12879,#12880);
#10841=AXIS2_PLACEMENT_3D('',#16549,#12881,#12882);
#10842=AXIS2_PLACEMENT_3D('',#16551,#12884,#12885);
#10843=AXIS2_PLACEMENT_3D('',#16553,#12886,#12887);
#10844=AXIS2_PLACEMENT_3D('',#16555,#12889,#12890);
#10845=AXIS2_PLACEMENT_3D('',#16560,#12893,#12894);
#10846=AXIS2_PLACEMENT_3D('',#16562,#12896,#12897);
#10847=AXIS2_PLACEMENT_3D('',#16563,#12898,#12899);
#10848=AXIS2_PLACEMENT_3D('',#16564,#12900,#12901);
#10849=AXIS2_PLACEMENT_3D('',#16566,#12903,#12904);
#10850=AXIS2_PLACEMENT_3D('',#16568,#12906,#12907);
#10851=AXIS2_PLACEMENT_3D('',#16569,#12908,#12909);
#10852=AXIS2_PLACEMENT_3D('',#16570,#12910,#12911);
#10853=AXIS2_PLACEMENT_3D('',#16571,#12912,#12913);
#10854=AXIS2_PLACEMENT_3D('',#16572,#12914,#12915);
#10855=AXIS2_PLACEMENT_3D('',#16574,#12916,#12917);
#10856=AXIS2_PLACEMENT_3D('',#16575,#12918,#12919);
#10857=AXIS2_PLACEMENT_3D('',#16576,#12920,#12921);
#10858=AXIS2_PLACEMENT_3D('',#16577,#12922,#12923);
#10859=AXIS2_PLACEMENT_3D('',#16580,#12924,#12925);
#10860=AXIS2_PLACEMENT_3D('',#16581,#12926,#12927);
#10861=AXIS2_PLACEMENT_3D('',#16584,#12929,#12930);
#10862=AXIS2_PLACEMENT_3D('',#16585,#12931,#12932);
#10863=AXIS2_PLACEMENT_3D('',#16587,#12933,#12934);
#10864=AXIS2_PLACEMENT_3D('',#16590,#12936,#12937);
#10865=AXIS2_PLACEMENT_3D('',#16591,#12938,#12939);
#10866=AXIS2_PLACEMENT_3D('',#16593,#12940,#12941);
#10867=AXIS2_PLACEMENT_3D('',#16596,#12943,#12944);
#10868=AXIS2_PLACEMENT_3D('',#16597,#12945,#12946);
#10869=AXIS2_PLACEMENT_3D('',#16599,#12947,#12948);
#10870=AXIS2_PLACEMENT_3D('',#16600,#12949,#12950);
#10871=AXIS2_PLACEMENT_3D('',#16602,#12951,#12952);
#10872=AXIS2_PLACEMENT_3D('',#16603,#12953,#12954);
#10873=AXIS2_PLACEMENT_3D('',#16605,#12955,#12956);
#10874=AXIS2_PLACEMENT_3D('',#16606,#12957,#12958);
#10875=AXIS2_PLACEMENT_3D('',#16608,#12959,#12960);
#10876=AXIS2_PLACEMENT_3D('',#16609,#12961,#12962);
#10877=AXIS2_PLACEMENT_3D('',#16611,#12963,#12964);
#10878=AXIS2_PLACEMENT_3D('',#16612,#12965,#12966);
#10879=AXIS2_PLACEMENT_3D('',#16615,#12968,#12969);
#10880=AXIS2_PLACEMENT_3D('',#16616,#12970,#12971);
#10881=AXIS2_PLACEMENT_3D('',#16623,#12974,#12975);
#10882=AXIS2_PLACEMENT_3D('',#16627,#12977,#12978);
#10883=AXIS2_PLACEMENT_3D('',#16638,#12984,#12985);
#10884=AXIS2_PLACEMENT_3D('',#16640,#12986,#12987);
#10885=AXIS2_PLACEMENT_3D('',#16642,#12988,#12989);
#10886=AXIS2_PLACEMENT_3D('',#16644,#12990,#12991);
#10887=AXIS2_PLACEMENT_3D('',#16645,#12992,#12993);
#10888=AXIS2_PLACEMENT_3D('',#16647,#12994,#12995);
#10889=AXIS2_PLACEMENT_3D('',#16648,#12996,#12997);
#10890=AXIS2_PLACEMENT_3D('',#16658,#13003,#13004);
#10891=AXIS2_PLACEMENT_3D('',#16663,#13008,#13009);
#10892=AXIS2_PLACEMENT_3D('',#16671,#13014,#13015);
#10893=AXIS2_PLACEMENT_3D('',#16675,#13018,#13019);
#10894=AXIS2_PLACEMENT_3D('',#16681,#13023,#13024);
#10895=AXIS2_PLACEMENT_3D('',#16687,#13027,#13028);
#10896=AXIS2_PLACEMENT_3D('',#16691,#13030,#13031);
#10897=AXIS2_PLACEMENT_3D('',#16695,#13034,#13035);
#10898=AXIS2_PLACEMENT_3D('',#16697,#13037,#13038);
#10899=AXIS2_PLACEMENT_3D('',#16700,#13041,#13042);
#10900=AXIS2_PLACEMENT_3D('',#16710,#13048,#13049);
#10901=AXIS2_PLACEMENT_3D('',#16712,#13050,#13051);
#10902=AXIS2_PLACEMENT_3D('',#16714,#13053,#13054);
#10903=AXIS2_PLACEMENT_3D('',#16718,#13057,#13058);
#10904=AXIS2_PLACEMENT_3D('',#16720,#13059,#13060);
#10905=AXIS2_PLACEMENT_3D('',#16722,#13062,#13063);
#10906=AXIS2_PLACEMENT_3D('',#16730,#13068,#13069);
#10907=AXIS2_PLACEMENT_3D('',#16732,#13070,#13071);
#10908=AXIS2_PLACEMENT_3D('',#16734,#13073,#13074);
#10909=AXIS2_PLACEMENT_3D('',#16738,#13077,#13078);
#10910=AXIS2_PLACEMENT_3D('',#16739,#13079,#13080);
#10911=AXIS2_PLACEMENT_3D('',#16741,#13082,#13083);
#10912=AXIS2_PLACEMENT_3D('',#16743,#13085,#13086);
#10913=AXIS2_PLACEMENT_3D('',#16744,#13087,#13088);
#10914=AXIS2_PLACEMENT_3D('',#16745,#13089,#13090);
#10915=AXIS2_PLACEMENT_3D('',#16747,#13092,#13093);
#10916=AXIS2_PLACEMENT_3D('',#16751,#13096,#13097);
#10917=AXIS2_PLACEMENT_3D('',#16754,#13100,#13101);
#10918=AXIS2_PLACEMENT_3D('',#16755,#13102,#13103);
#10919=AXIS2_PLACEMENT_3D('',#16756,#13104,#13105);
#10920=AXIS2_PLACEMENT_3D('',#16758,#13107,#13108);
#10921=AXIS2_PLACEMENT_3D('',#16760,#13110,#13111);
#10922=AXIS2_PLACEMENT_3D('',#16762,#13113,#13114);
#10923=AXIS2_PLACEMENT_3D('',#16764,#13116,#13117);
#10924=AXIS2_PLACEMENT_3D('',#16765,#13118,#13119);
#10925=AXIS2_PLACEMENT_3D('',#16768,#13120,#13121);
#10926=AXIS2_PLACEMENT_3D('',#16770,#13123,#13124);
#10927=AXIS2_PLACEMENT_3D('',#16771,#13125,#13126);
#10928=AXIS2_PLACEMENT_3D('',#16993,#13127,#13128);
#10929=AXIS2_PLACEMENT_3D('',#16998,#13129,#13130);
#10930=AXIS2_PLACEMENT_3D('',#17000,#13131,#13132);
#10931=AXIS2_PLACEMENT_3D('',#17001,#13133,#13134);
#10932=AXIS2_PLACEMENT_3D('',#17004,#13135,#13136);
#10933=AXIS2_PLACEMENT_3D('',#17006,#13138,#13139);
#10934=AXIS2_PLACEMENT_3D('',#17007,#13140,#13141);
#10935=AXIS2_PLACEMENT_3D('',#17009,#13142,#13143);
#10936=AXIS2_PLACEMENT_3D('',#17010,#13144,#13145);
#10937=AXIS2_PLACEMENT_3D('',#17012,#13147,#13148);
#10938=AXIS2_PLACEMENT_3D('',#17014,#13149,#13150);
#10939=AXIS2_PLACEMENT_3D('',#17015,#13151,#13152);
#10940=AXIS2_PLACEMENT_3D('',#17017,#13153,#13154);
#10941=AXIS2_PLACEMENT_3D('',#17020,#13156,#13157);
#10942=AXIS2_PLACEMENT_3D('',#17021,#13158,#13159);
#10943=AXIS2_PLACEMENT_3D('',#17024,#13160,#13161);
#10944=AXIS2_PLACEMENT_3D('',#17026,#13162,#13163);
#10945=AXIS2_PLACEMENT_3D('',#17028,#13164,#13165);
#10946=AXIS2_PLACEMENT_3D('',#17030,#13166,#13167);
#10947=AXIS2_PLACEMENT_3D('',#17032,#13168,#13169);
#10948=AXIS2_PLACEMENT_3D('',#17034,#13170,#13171);
#10949=AXIS2_PLACEMENT_3D('',#17036,#13172,#13173);
#10950=AXIS2_PLACEMENT_3D('',#17038,#13174,#13175);
#10951=AXIS2_PLACEMENT_3D('',#17040,#13176,#13177);
#10952=AXIS2_PLACEMENT_3D('',#17042,#13178,#13179);
#10953=AXIS2_PLACEMENT_3D('',#17044,#13180,#13181);
#10954=AXIS2_PLACEMENT_3D('',#17046,#13182,#13183);
#10955=AXIS2_PLACEMENT_3D('',#17048,#13184,#13185);
#10956=AXIS2_PLACEMENT_3D('',#17050,#13186,#13187);
#10957=AXIS2_PLACEMENT_3D('',#17052,#13188,#13189);
#10958=AXIS2_PLACEMENT_3D('',#17054,#13190,#13191);
#10959=AXIS2_PLACEMENT_3D('',#17056,#13192,#13193);
#10960=AXIS2_PLACEMENT_3D('',#17058,#13194,#13195);
#10961=AXIS2_PLACEMENT_3D('',#17060,#13196,#13197);
#10962=AXIS2_PLACEMENT_3D('',#17062,#13198,#13199);
#10963=AXIS2_PLACEMENT_3D('',#17064,#13200,#13201);
#10964=AXIS2_PLACEMENT_3D('',#17066,#13202,#13203);
#10965=AXIS2_PLACEMENT_3D('',#17068,#13204,#13205);
#10966=AXIS2_PLACEMENT_3D('',#17070,#13206,#13207);
#10967=AXIS2_PLACEMENT_3D('',#17072,#13208,#13209);
#10968=AXIS2_PLACEMENT_3D('',#17074,#13210,#13211);
#10969=AXIS2_PLACEMENT_3D('',#17076,#13212,#13213);
#10970=AXIS2_PLACEMENT_3D('',#17078,#13214,#13215);
#10971=AXIS2_PLACEMENT_3D('',#17080,#13216,#13217);
#10972=AXIS2_PLACEMENT_3D('',#17082,#13218,#13219);
#10973=AXIS2_PLACEMENT_3D('',#17084,#13220,#13221);
#10974=AXIS2_PLACEMENT_3D('',#17086,#13222,#13223);
#10975=AXIS2_PLACEMENT_3D('',#17088,#13224,#13225);
#10976=AXIS2_PLACEMENT_3D('',#17090,#13226,#13227);
#10977=AXIS2_PLACEMENT_3D('',#17092,#13228,#13229);
#10978=AXIS2_PLACEMENT_3D('',#17094,#13230,#13231);
#10979=AXIS2_PLACEMENT_3D('',#17096,#13232,#13233);
#10980=AXIS2_PLACEMENT_3D('',#17098,#13234,#13235);
#10981=AXIS2_PLACEMENT_3D('',#17100,#13236,#13237);
#10982=AXIS2_PLACEMENT_3D('',#17102,#13238,#13239);
#10983=AXIS2_PLACEMENT_3D('',#17104,#13240,#13241);
#10984=AXIS2_PLACEMENT_3D('',#17106,#13242,#13243);
#10985=AXIS2_PLACEMENT_3D('',#17108,#13244,#13245);
#10986=AXIS2_PLACEMENT_3D('',#17110,#13246,#13247);
#10987=AXIS2_PLACEMENT_3D('',#17112,#13248,#13249);
#10988=AXIS2_PLACEMENT_3D('',#17114,#13250,#13251);
#10989=AXIS2_PLACEMENT_3D('',#17116,#13252,#13253);
#10990=AXIS2_PLACEMENT_3D('',#17118,#13254,#13255);
#10991=AXIS2_PLACEMENT_3D('',#17120,#13256,#13257);
#10992=AXIS2_PLACEMENT_3D('',#17121,#13258,#13259);
#10993=AXIS2_PLACEMENT_3D('',#17122,#13260,#13261);
#10994=AXIS2_PLACEMENT_3D('',#17136,#13262,#13263);
#10995=AXIS2_PLACEMENT_3D('',#17141,#13264,#13265);
#10996=AXIS2_PLACEMENT_3D('',#17146,#13266,#13267);
#10997=AXIS2_PLACEMENT_3D('',#17151,#13269,#13270);
#10998=AXIS2_PLACEMENT_3D('',#17153,#13272,#13273);
#10999=AXIS2_PLACEMENT_3D('',#17154,#13274,#13275);
#11000=AXIS2_PLACEMENT_3D('',#17168,#13276,#13277);
#11001=AXIS2_PLACEMENT_3D('',#17179,#13278,#13279);
#11002=AXIS2_PLACEMENT_3D('',#17180,#13280,#13281);
#11003=AXIS2_PLACEMENT_3D('',#17185,#13283,#13284);
#11004=AXIS2_PLACEMENT_3D('',#17187,#13286,#13287);
#11005=AXIS2_PLACEMENT_3D('',#17188,#13288,#13289);
#11006=AXIS2_PLACEMENT_3D('',#17202,#13290,#13291);
#11007=AXIS2_PLACEMENT_3D('',#17213,#13292,#13293);
#11008=AXIS2_PLACEMENT_3D('',#17214,#13294,#13295);
#11009=AXIS2_PLACEMENT_3D('',#17219,#13297,#13298);
#11010=AXIS2_PLACEMENT_3D('',#17225,#13300,#13301);
#11011=AXIS2_PLACEMENT_3D('',#17239,#13302,#13303);
#11012=AXIS2_PLACEMENT_3D('',#17250,#13304,#13305);
#11013=AXIS2_PLACEMENT_3D('',#17251,#13306,#13307);
#11014=AXIS2_PLACEMENT_3D('',#17260,#13309,#13310);
#11015=AXIS2_PLACEMENT_3D('',#17262,#13312,#13313);
#11016=AXIS2_PLACEMENT_3D('',#17276,#13314,#13315);
#11017=AXIS2_PLACEMENT_3D('',#17287,#13316,#13317);
#11018=AXIS2_PLACEMENT_3D('',#17288,#13318,#13319);
#11019=AXIS2_PLACEMENT_3D('',#17293,#13321,#13322);
#11020=AXIS2_PLACEMENT_3D('',#17295,#13324,#13325);
#11021=AXIS2_PLACEMENT_3D('',#17296,#13326,#13327);
#11022=AXIS2_PLACEMENT_3D('',#17310,#13328,#13329);
#11023=AXIS2_PLACEMENT_3D('',#17321,#13330,#13331);
#11024=AXIS2_PLACEMENT_3D('',#17322,#13332,#13333);
#11025=AXIS2_PLACEMENT_3D('',#17327,#13335,#13336);
#11026=AXIS2_PLACEMENT_3D('',#17329,#13338,#13339);
#11027=AXIS2_PLACEMENT_3D('',#17330,#13340,#13341);
#11028=AXIS2_PLACEMENT_3D('',#17344,#13342,#13343);
#11029=AXIS2_PLACEMENT_3D('',#17355,#13344,#13345);
#11030=AXIS2_PLACEMENT_3D('',#17356,#13346,#13347);
#11031=AXIS2_PLACEMENT_3D('',#17361,#13349,#13350);
#11032=AXIS2_PLACEMENT_3D('',#17363,#13352,#13353);
#11033=AXIS2_PLACEMENT_3D('',#17364,#13354,#13355);
#11034=AXIS2_PLACEMENT_3D('',#17378,#13356,#13357);
#11035=AXIS2_PLACEMENT_3D('',#17389,#13358,#13359);
#11036=AXIS2_PLACEMENT_3D('',#17390,#13360,#13361);
#11037=AXIS2_PLACEMENT_3D('',#17395,#13363,#13364);
#11038=AXIS2_PLACEMENT_3D('',#17397,#13366,#13367);
#11039=AXIS2_PLACEMENT_3D('',#17398,#13368,#13369);
#11040=AXIS2_PLACEMENT_3D('',#17412,#13370,#13371);
#11041=AXIS2_PLACEMENT_3D('',#17427,#13372,#13373);
#11042=AXIS2_PLACEMENT_3D('',#17429,#13374,#13375);
#11043=AXIS2_PLACEMENT_3D('',#17433,#13377,#13378);
#11044=AXIS2_PLACEMENT_3D('',#17435,#13380,#13381);
#11045=AXIS2_PLACEMENT_3D('',#17437,#13382,#13383);
#11046=AXIS2_PLACEMENT_3D('',#17442,#13385,#13386);
#11047=AXIS2_PLACEMENT_3D('',#17446,#13388,#13389);
#11048=AXIS2_PLACEMENT_3D('',#17450,#13391,#13392);
#11049=AXIS2_PLACEMENT_3D('',#17454,#13394,#13395);
#11050=AXIS2_PLACEMENT_3D('',#17458,#13397,#13398);
#11051=AXIS2_PLACEMENT_3D('',#17462,#13400,#13401);
#11052=AXIS2_PLACEMENT_3D('',#17466,#13403,#13404);
#11053=AXIS2_PLACEMENT_3D('',#17470,#13406,#13407);
#11054=AXIS2_PLACEMENT_3D('',#17474,#13409,#13410);
#11055=AXIS2_PLACEMENT_3D('',#17478,#13412,#13413);
#11056=AXIS2_PLACEMENT_3D('',#17482,#13415,#13416);
#11057=AXIS2_PLACEMENT_3D('',#17486,#13418,#13419);
#11058=AXIS2_PLACEMENT_3D('',#17490,#13421,#13422);
#11059=AXIS2_PLACEMENT_3D('',#17494,#13424,#13425);
#11060=AXIS2_PLACEMENT_3D('',#17498,#13427,#13428);
#11061=AXIS2_PLACEMENT_3D('',#17502,#13430,#13431);
#11062=AXIS2_PLACEMENT_3D('',#17507,#13434,#13435);
#11063=AXIS2_PLACEMENT_3D('',#17512,#13438,#13439);
#11064=AXIS2_PLACEMENT_3D('',#17517,#13442,#13443);
#11065=AXIS2_PLACEMENT_3D('',#17522,#13446,#13447);
#11066=AXIS2_PLACEMENT_3D('',#17527,#13450,#13451);
#11067=AXIS2_PLACEMENT_3D('',#17532,#13454,#13455);
#11068=AXIS2_PLACEMENT_3D('',#17537,#13458,#13459);
#11069=AXIS2_PLACEMENT_3D('',#17542,#13462,#13463);
#11070=AXIS2_PLACEMENT_3D('',#17547,#13466,#13467);
#11071=AXIS2_PLACEMENT_3D('',#17551,#13469,#13470);
#11072=AXIS2_PLACEMENT_3D('',#17555,#13472,#13473);
#11073=AXIS2_PLACEMENT_3D('',#17559,#13475,#13476);
#11074=AXIS2_PLACEMENT_3D('',#17563,#13478,#13479);
#11075=AXIS2_PLACEMENT_3D('',#17567,#13481,#13482);
#11076=AXIS2_PLACEMENT_3D('',#17571,#13484,#13485);
#11077=AXIS2_PLACEMENT_3D('',#17575,#13487,#13488);
#11078=AXIS2_PLACEMENT_3D('',#17579,#13490,#13491);
#11079=AXIS2_PLACEMENT_3D('',#17583,#13493,#13494);
#11080=AXIS2_PLACEMENT_3D('',#17587,#13496,#13497);
#11081=AXIS2_PLACEMENT_3D('',#17591,#13499,#13500);
#11082=AXIS2_PLACEMENT_3D('',#17595,#13502,#13503);
#11083=AXIS2_PLACEMENT_3D('',#17599,#13505,#13506);
#11084=AXIS2_PLACEMENT_3D('',#17603,#13508,#13509);
#11085=AXIS2_PLACEMENT_3D('',#17607,#13511,#13512);
#11086=AXIS2_PLACEMENT_3D('',#17610,#13514,#13515);
#11087=AXIS2_PLACEMENT_3D('',#17611,#13516,#13517);
#11088=AXIS2_PLACEMENT_3D('',#17616,#13520,#13521);
#11089=AXIS2_PLACEMENT_3D('',#17617,#13522,#13523);
#11090=AXIS2_PLACEMENT_3D('',#17640,#13524,#13525);
#11091=AXIS2_PLACEMENT_3D('',#17641,#13526,#13527);
#11092=AXIS2_PLACEMENT_3D('',#17642,#13528,#13529);
#11093=AXIS2_PLACEMENT_3D('',#17646,#13532,#13533);
#11094=AXIS2_PLACEMENT_3D('',#17647,#13534,#13535);
#11095=AXIS2_PLACEMENT_3D('',#17649,#13536,#13537);
#11096=AXIS2_PLACEMENT_3D('',#17662,#13538,#13539);
#11097=AXIS2_PLACEMENT_3D('',#17673,#13540,#13541);
#11098=AXIS2_PLACEMENT_3D('',#17675,#13543,#13544);
#11099=AXIS2_PLACEMENT_3D('',#17677,#13546,#13547);
#11100=AXIS2_PLACEMENT_3D('',#17679,#13549,#13550);
#11101=AXIS2_PLACEMENT_3D('',#17682,#13552,#13553);
#11102=AXIS2_PLACEMENT_3D('',#17683,#13554,#13555);
#11103=AXIS2_PLACEMENT_3D('',#17697,#13556,#13557);
#11104=AXIS2_PLACEMENT_3D('',#17708,#13558,#13559);
#11105=AXIS2_PLACEMENT_3D('',#17709,#13560,#13561);
#11106=AXIS2_PLACEMENT_3D('',#17713,#13564,#13565);
#11107=AXIS2_PLACEMENT_3D('',#17714,#13566,#13567);
#11108=AXIS2_PLACEMENT_3D('',#17728,#13568,#13569);
#11109=AXIS2_PLACEMENT_3D('',#17739,#13570,#13571);
#11110=AXIS2_PLACEMENT_3D('',#17740,#13572,#13573);
#11111=AXIS2_PLACEMENT_3D('',#17748,#13576,#13577);
#11112=AXIS2_PLACEMENT_3D('',#17766,#13578,#13579);
#11113=AXIS2_PLACEMENT_3D('',#17777,#13580,#13581);
#11114=AXIS2_PLACEMENT_3D('',#17781,#13584,#13585);
#11115=AXIS2_PLACEMENT_3D('',#17782,#13586,#13587);
#11116=AXIS2_PLACEMENT_3D('',#17796,#13588,#13589);
#11117=AXIS2_PLACEMENT_3D('',#17807,#13590,#13591);
#11118=AXIS2_PLACEMENT_3D('',#17808,#13592,#13593);
#11119=AXIS2_PLACEMENT_3D('',#17810,#13594,#13595);
#11120=AXIS2_PLACEMENT_3D('',#17813,#13598,#13599);
#11121=AXIS2_PLACEMENT_3D('',#17815,#13601,#13602);
#11122=AXIS2_PLACEMENT_3D('',#17817,#13604,#13605);
#11123=AXIS2_PLACEMENT_3D('',#17818,#13606,#13607);
#11124=AXIS2_PLACEMENT_3D('',#17831,#13609,#13610);
#11125=AXIS2_PLACEMENT_3D('',#17834,#13612,#13613);
#11126=AXIS2_PLACEMENT_3D('',#17835,#13614,#13615);
#11127=AXIS2_PLACEMENT_3D('',#17847,#13616,#13617);
#11128=AXIS2_PLACEMENT_3D('',#17848,#13618,#13619);
#11129=AXIS2_PLACEMENT_3D('',#17852,#13622,#13623);
#11130=AXIS2_PLACEMENT_3D('',#17853,#13624,#13625);
#11131=AXIS2_PLACEMENT_3D('',#17867,#13626,#13627);
#11132=AXIS2_PLACEMENT_3D('',#17878,#13628,#13629);
#11133=AXIS2_PLACEMENT_3D('',#17879,#13630,#13631);
#11134=AXIS2_PLACEMENT_3D('',#17882,#13634,#13635);
#11135=AXIS2_PLACEMENT_3D('',#17884,#13637,#13638);
#11136=AXIS2_PLACEMENT_3D('',#17886,#13640,#13641);
#11137=AXIS2_PLACEMENT_3D('',#17887,#13642,#13643);
#11138=AXIS2_PLACEMENT_3D('',#17889,#13645,#13646);
#11139=AXIS2_PLACEMENT_3D('',#17891,#13648,#13649);
#11140=AXIS2_PLACEMENT_3D('',#17892,#13650,#13651);
#11141=AXIS2_PLACEMENT_3D('',#17893,#13652,#13653);
#11142=AXIS2_PLACEMENT_3D('',#17895,#13655,#13656);
#11143=AXIS2_PLACEMENT_3D('',#17897,#13658,#13659);
#11144=AXIS2_PLACEMENT_3D('',#17898,#13660,#13661);
#11145=AXIS2_PLACEMENT_3D('',#17900,#13663,#13664);
#11146=AXIS2_PLACEMENT_3D('',#17902,#13666,#13667);
#11147=AXIS2_PLACEMENT_3D('',#17903,#13668,#13669);
#11148=AXIS2_PLACEMENT_3D('',#17905,#13671,#13672);
#11149=AXIS2_PLACEMENT_3D('',#17907,#13674,#13675);
#11150=AXIS2_PLACEMENT_3D('',#17908,#13676,#13677);
#11151=AXIS2_PLACEMENT_3D('',#17909,#13678,#13679);
#11152=AXIS2_PLACEMENT_3D('',#17917,#13682,#13683);
#11153=AXIS2_PLACEMENT_3D('',#17930,#13684,#13685);
#11154=AXIS2_PLACEMENT_3D('',#17946,#13686,#13687);
#11155=AXIS2_PLACEMENT_3D('',#17950,#13690,#13691);
#11156=AXIS2_PLACEMENT_3D('',#17951,#13692,#13693);
#11157=AXIS2_PLACEMENT_3D('',#17953,#13695,#13696);
#11158=AXIS2_PLACEMENT_3D('',#17955,#13698,#13699);
#11159=AXIS2_PLACEMENT_3D('',#17956,#13700,#13701);
#11160=AXIS2_PLACEMENT_3D('',#17969,#13702,#13703);
#11161=AXIS2_PLACEMENT_3D('',#17981,#13704,#13705);
#11162=AXIS2_PLACEMENT_3D('',#17982,#13706,#13707);
#11163=AXIS2_PLACEMENT_3D('',#17985,#13710,#13711);
#11164=AXIS2_PLACEMENT_3D('',#17987,#13713,#13714);
#11165=AXIS2_PLACEMENT_3D('',#17988,#13715,#13716);
#11166=AXIS2_PLACEMENT_3D('',#17991,#13718,#13719);
#11167=AXIS2_PLACEMENT_3D('',#17992,#13720,#13721);
#11168=AXIS2_PLACEMENT_3D('',#18005,#13722,#13723);
#11169=AXIS2_PLACEMENT_3D('',#18017,#13724,#13725);
#11170=AXIS2_PLACEMENT_3D('',#18018,#13726,#13727);
#11171=AXIS2_PLACEMENT_3D('',#18021,#13730,#13731);
#11172=AXIS2_PLACEMENT_3D('',#18023,#13733,#13734);
#11173=AXIS2_PLACEMENT_3D('',#18024,#13735,#13736);
#11174=AXIS2_PLACEMENT_3D('',#18027,#13738,#13739);
#11175=AXIS2_PLACEMENT_3D('',#18028,#13740,#13741);
#11176=AXIS2_PLACEMENT_3D('',#18041,#13742,#13743);
#11177=AXIS2_PLACEMENT_3D('',#18053,#13744,#13745);
#11178=AXIS2_PLACEMENT_3D('',#18054,#13746,#13747);
#11179=AXIS2_PLACEMENT_3D('',#18057,#13750,#13751);
#11180=AXIS2_PLACEMENT_3D('',#18059,#13753,#13754);
#11181=AXIS2_PLACEMENT_3D('',#18060,#13755,#13756);
#11182=AXIS2_PLACEMENT_3D('',#18063,#13758,#13759);
#11183=AXIS2_PLACEMENT_3D('',#18064,#13760,#13761);
#11184=AXIS2_PLACEMENT_3D('',#18070,#13762,#13763);
#11185=AXIS2_PLACEMENT_3D('',#18086,#13764,#13765);
#11186=AXIS2_PLACEMENT_3D('',#18089,#13768,#13769);
#11187=AXIS2_PLACEMENT_3D('',#18091,#13771,#13772);
#11188=AXIS2_PLACEMENT_3D('',#18092,#13773,#13774);
#11189=AXIS2_PLACEMENT_3D('',#18095,#13776,#13777);
#11190=AXIS2_PLACEMENT_3D('',#18096,#13778,#13779);
#11191=AXIS2_PLACEMENT_3D('',#18109,#13780,#13781);
#11192=AXIS2_PLACEMENT_3D('',#18121,#13782,#13783);
#11193=AXIS2_PLACEMENT_3D('',#18122,#13784,#13785);
#11194=AXIS2_PLACEMENT_3D('',#18125,#13788,#13789);
#11195=AXIS2_PLACEMENT_3D('',#18127,#13791,#13792);
#11196=AXIS2_PLACEMENT_3D('',#18128,#13793,#13794);
#11197=AXIS2_PLACEMENT_3D('',#18131,#13796,#13797);
#11198=AXIS2_PLACEMENT_3D('',#18132,#13798,#13799);
#11199=AXIS2_PLACEMENT_3D('',#18145,#13800,#13801);
#11200=AXIS2_PLACEMENT_3D('',#18157,#13802,#13803);
#11201=AXIS2_PLACEMENT_3D('',#18158,#13804,#13805);
#11202=AXIS2_PLACEMENT_3D('',#18161,#13808,#13809);
#11203=AXIS2_PLACEMENT_3D('',#18163,#13811,#13812);
#11204=AXIS2_PLACEMENT_3D('',#18164,#13813,#13814);
#11205=AXIS2_PLACEMENT_3D('',#18178,#13815,#13816);
#11206=AXIS2_PLACEMENT_3D('',#18193,#13817,#13818);
#11207=AXIS2_PLACEMENT_3D('',#18195,#13820,#13821);
#11208=AXIS2_PLACEMENT_3D('',#18197,#13823,#13824);
#11209=AXIS2_PLACEMENT_3D('',#18199,#13826,#13827);
#11210=AXIS2_PLACEMENT_3D('',#18200,#13828,#13829);
#11211=AXIS2_PLACEMENT_3D('',#18202,#13831,#13832);
#11212=AXIS2_PLACEMENT_3D('',#18204,#13834,#13835);
#11213=AXIS2_PLACEMENT_3D('',#18205,#13836,#13837);
#11214=AXIS2_PLACEMENT_3D('',#18207,#13839,#13840);
#11215=AXIS2_PLACEMENT_3D('',#18209,#13842,#13843);
#11216=AXIS2_PLACEMENT_3D('',#18210,#13844,#13845);
#11217=AXIS2_PLACEMENT_3D('',#18212,#13847,#13848);
#11218=AXIS2_PLACEMENT_3D('',#18214,#13850,#13851);
#11219=AXIS2_PLACEMENT_3D('',#18215,#13852,#13853);
#11220=AXIS2_PLACEMENT_3D('',#18217,#13855,#13856);
#11221=AXIS2_PLACEMENT_3D('',#18219,#13858,#13859);
#11222=AXIS2_PLACEMENT_3D('',#18220,#13860,#13861);
#11223=AXIS2_PLACEMENT_3D('',#18222,#13863,#13864);
#11224=AXIS2_PLACEMENT_3D('',#18224,#13866,#13867);
#11225=AXIS2_PLACEMENT_3D('',#18225,#13868,#13869);
#11226=AXIS2_PLACEMENT_3D('',#18227,#13871,#13872);
#11227=AXIS2_PLACEMENT_3D('',#18229,#13874,#13875);
#11228=AXIS2_PLACEMENT_3D('',#18230,#13876,#13877);
#11229=AXIS2_PLACEMENT_3D('',#18232,#13879,#13880);
#11230=AXIS2_PLACEMENT_3D('',#18234,#13882,#13883);
#11231=AXIS2_PLACEMENT_3D('',#18235,#13884,#13885);
#11232=AXIS2_PLACEMENT_3D('',#18237,#13887,#13888);
#11233=AXIS2_PLACEMENT_3D('',#18239,#13890,#13891);
#11234=AXIS2_PLACEMENT_3D('',#18240,#13892,#13893);
#11235=AXIS2_PLACEMENT_3D('',#18241,#13894,#13895);
#11236=AXIS2_PLACEMENT_3D('',#18243,#13897,#13898);
#11237=AXIS2_PLACEMENT_3D('',#18245,#13900,#13901);
#11238=AXIS2_PLACEMENT_3D('',#18247,#13902,#13903);
#11239=AXIS2_PLACEMENT_3D('',#18248,#13904,#13905);
#11240=AXIS2_PLACEMENT_3D('',#18250,#13907,#13908);
#11241=AXIS2_PLACEMENT_3D('',#18252,#13909,#13910);
#11242=AXIS2_PLACEMENT_3D('',#18265,#13917,#13918);
#11243=AXIS2_PLACEMENT_3D('',#18267,#13919,#13920);
#11244=AXIS2_PLACEMENT_3D('',#18269,#13921,#13922);
#11245=AXIS2_PLACEMENT_3D('',#18270,#13923,#13924);
#11246=AXIS2_PLACEMENT_3D('',#18271,#13925,#13926);
#11247=AXIS2_PLACEMENT_3D('',#18273,#13928,#13929);
#11248=AXIS2_PLACEMENT_3D('',#18279,#13933,#13934);
#11249=AXIS2_PLACEMENT_3D('',#18285,#13938,#13939);
#11250=AXIS2_PLACEMENT_3D('',#18291,#13943,#13944);
#11251=AXIS2_PLACEMENT_3D('',#18293,#13946,#13947);
#11252=AXIS2_PLACEMENT_3D('',#18297,#13950,#13951);
#11253=AXIS2_PLACEMENT_3D('',#18301,#13954,#13955);
#11254=AXIS2_PLACEMENT_3D('',#18305,#13958,#13959);
#11255=AXIS2_PLACEMENT_3D('',#18307,#13961,#13962);
#11256=AXIS2_PLACEMENT_3D('',#18311,#13965,#13966);
#11257=AXIS2_PLACEMENT_3D('',#18317,#13970,#13971);
#11258=AXIS2_PLACEMENT_3D('',#18319,#13973,#13974);
#11259=AXIS2_PLACEMENT_3D('',#18321,#13976,#13977);
#11260=AXIS2_PLACEMENT_3D('',#18322,#13978,#13979);
#11261=AXIS2_PLACEMENT_3D('',#18324,#13980,#13981);
#11262=AXIS2_PLACEMENT_3D('',#18337,#13988,#13989);
#11263=AXIS2_PLACEMENT_3D('',#18339,#13990,#13991);
#11264=AXIS2_PLACEMENT_3D('',#18341,#13992,#13993);
#11265=AXIS2_PLACEMENT_3D('',#18342,#13994,#13995);
#11266=AXIS2_PLACEMENT_3D('',#18343,#13996,#13997);
#11267=AXIS2_PLACEMENT_3D('',#18345,#13999,#14000);
#11268=AXIS2_PLACEMENT_3D('',#18351,#14004,#14005);
#11269=AXIS2_PLACEMENT_3D('',#18357,#14009,#14010);
#11270=AXIS2_PLACEMENT_3D('',#18363,#14014,#14015);
#11271=AXIS2_PLACEMENT_3D('',#18365,#14017,#14018);
#11272=AXIS2_PLACEMENT_3D('',#18369,#14021,#14022);
#11273=AXIS2_PLACEMENT_3D('',#18373,#14025,#14026);
#11274=AXIS2_PLACEMENT_3D('',#18377,#14029,#14030);
#11275=AXIS2_PLACEMENT_3D('',#18379,#14032,#14033);
#11276=AXIS2_PLACEMENT_3D('',#18383,#14036,#14037);
#11277=AXIS2_PLACEMENT_3D('',#18389,#14041,#14042);
#11278=AXIS2_PLACEMENT_3D('',#18391,#14044,#14045);
#11279=AXIS2_PLACEMENT_3D('',#18393,#14047,#14048);
#11280=AXIS2_PLACEMENT_3D('',#18394,#14049,#14050);
#11281=AXIS2_PLACEMENT_3D('',#18397,#14051,#14052);
#11282=AXIS2_PLACEMENT_3D('',#18408,#14053,#14054);
#11283=AXIS2_PLACEMENT_3D('',#18412,#14055,#14056);
#11284=AXIS2_PLACEMENT_3D('',#18413,#14057,#14058);
#11285=AXIS2_PLACEMENT_3D('',#18415,#14059,#14060);
#11286=AXIS2_PLACEMENT_3D('',#18418,#14062,#14063);
#11287=AXIS2_PLACEMENT_3D('',#18419,#14064,#14065);
#11288=AXIS2_PLACEMENT_3D('',#18421,#14066,#14067);
#11289=AXIS2_PLACEMENT_3D('',#18422,#14068,#14069);
#11290=AXIS2_PLACEMENT_3D('',#18424,#14070,#14071);
#11291=AXIS2_PLACEMENT_3D('',#18425,#14072,#14073);
#11292=AXIS2_PLACEMENT_3D('',#18427,#14075,#14076);
#11293=AXIS2_PLACEMENT_3D('',#18436,#14081,#14082);
#11294=AXIS2_PLACEMENT_3D('',#18445,#14087,#14088);
#11295=AXIS2_PLACEMENT_3D('',#18447,#14089,#14090);
#11296=AXIS2_PLACEMENT_3D('',#18455,#14091,#14092);
#11297=AXIS2_PLACEMENT_3D('',#18457,#14093,#14094);
#11298=AXIS2_PLACEMENT_3D('',#18465,#14095,#14096);
#11299=AXIS2_PLACEMENT_3D('',#18471,#14099,#14100);
#11300=AXIS2_PLACEMENT_3D('',#18474,#14102,#14103);
#11301=AXIS2_PLACEMENT_3D('',#18475,#14104,#14105);
#11302=AXIS2_PLACEMENT_3D('',#18486,#14108,#14109);
#11303=AXIS2_PLACEMENT_3D('',#18496,#14111,#14112);
#11304=AXIS2_PLACEMENT_3D('',#18500,#14115,#14116);
#11305=AXIS2_PLACEMENT_3D('',#18508,#14117,#14118);
#11306=AXIS2_PLACEMENT_3D('',#18510,#14120,#14121);
#11307=AXIS2_PLACEMENT_3D('',#18512,#14123,#14124);
#11308=AXIS2_PLACEMENT_3D('',#18513,#14125,#14126);
#11309=AXIS2_PLACEMENT_3D('',#18522,#14131,#14132);
#11310=AXIS2_PLACEMENT_3D('',#18524,#14133,#14134);
#11311=AXIS2_PLACEMENT_3D('',#18532,#14135,#14136);
#11312=AXIS2_PLACEMENT_3D('',#18541,#14141,#14142);
#11313=AXIS2_PLACEMENT_3D('',#18543,#14143,#14144);
#11314=AXIS2_PLACEMENT_3D('',#18551,#14145,#14146);
#11315=AXIS2_PLACEMENT_3D('',#18565,#14150,#14151);
#11316=AXIS2_PLACEMENT_3D('',#18580,#14156,#14157);
#11317=AXIS2_PLACEMENT_3D('',#18584,#14158,#14159);
#11318=AXIS2_PLACEMENT_3D('',#18586,#14160,#14161);
#11319=AXIS2_PLACEMENT_3D('',#18589,#14163,#14164);
#11320=AXIS2_PLACEMENT_3D('',#18590,#14165,#14166);
#11321=AXIS2_PLACEMENT_3D('',#18592,#14168,#14169);
#11322=AXIS2_PLACEMENT_3D('',#18594,#14171,#14172);
#11323=AXIS2_PLACEMENT_3D('',#18598,#14173,#14174);
#11324=AXIS2_PLACEMENT_3D('',#18599,#14175,#14176);
#11325=AXIS2_PLACEMENT_3D('',#18601,#14177,#14178);
#11326=AXIS2_PLACEMENT_3D('',#18602,#14179,#14180);
#11327=AXIS2_PLACEMENT_3D('',#18604,#14181,#14182);
#11328=AXIS2_PLACEMENT_3D('',#18606,#14184,#14185);
#11329=AXIS2_PLACEMENT_3D('',#18607,#14186,#14187);
#11330=AXIS2_PLACEMENT_3D('',#18609,#14188,#14189);
#11331=AXIS2_PLACEMENT_3D('',#18612,#14191,#14192);
#11332=AXIS2_PLACEMENT_3D('',#18613,#14193,#14194);
#11333=AXIS2_PLACEMENT_3D('',#18614,#14195,#14196);
#11334=AXIS2_PLACEMENT_3D('',#18615,#14197,#14198);
#11335=AXIS2_PLACEMENT_3D('',#18616,#14199,#14200);
#11336=AXIS2_PLACEMENT_3D('',#18617,#14201,#14202);
#11337=DIRECTION('axis',(0.,0.,1.));
#11338=DIRECTION('refdir',(1.,0.,0.));
#11339=DIRECTION('axis',(0.,0.,1.));
#11340=DIRECTION('refdir',(1.,0.,0.));
#11341=DIRECTION('center_axis',(0.,-1.,0.));
#11342=DIRECTION('ref_axis',(0.,0.,-1.));
#11343=DIRECTION('center_axis',(0.,-1.,0.));
#11344=DIRECTION('ref_axis',(0.,0.,-1.));
#11345=DIRECTION('',(0.,-1.,0.));
#11346=DIRECTION('center_axis',(0.,-1.,0.));
#11347=DIRECTION('ref_axis',(0.,0.,1.));
#11348=DIRECTION('center_axis',(0.,-1.,0.));
#11349=DIRECTION('ref_axis',(0.,0.,-1.));
#11350=DIRECTION('center_axis',(0.,-1.,0.));
#11351=DIRECTION('ref_axis',(0.,0.,-1.));
#11352=DIRECTION('',(0.,-1.,0.));
#11353=DIRECTION('center_axis',(0.,-1.,0.));
#11354=DIRECTION('ref_axis',(0.,0.,1.));
#11355=DIRECTION('center_axis',(0.,-1.,0.));
#11356=DIRECTION('ref_axis',(0.,0.,-1.));
#11357=DIRECTION('center_axis',(0.,-1.,0.));
#11358=DIRECTION('ref_axis',(0.,0.,-1.));
#11359=DIRECTION('',(0.,-1.,0.));
#11360=DIRECTION('center_axis',(0.,-1.,0.));
#11361=DIRECTION('ref_axis',(0.,0.,1.));
#11362=DIRECTION('center_axis',(0.,-1.,0.));
#11363=DIRECTION('ref_axis',(0.,0.,-1.));
#11364=DIRECTION('center_axis',(0.,-1.,0.));
#11365=DIRECTION('ref_axis',(0.,0.,-1.));
#11366=DIRECTION('',(0.,-1.,0.));
#11367=DIRECTION('center_axis',(0.,-1.,0.));
#11368=DIRECTION('ref_axis',(0.,0.,1.));
#11369=DIRECTION('center_axis',(0.,1.,0.));
#11370=DIRECTION('ref_axis',(1.,0.,0.));
#11371=DIRECTION('center_axis',(0.,1.,0.));
#11372=DIRECTION('ref_axis',(1.,0.,0.));
#11373=DIRECTION('',(0.,1.,0.));
#11374=DIRECTION('center_axis',(0.,1.,0.));
#11375=DIRECTION('ref_axis',(-1.,0.,0.));
#11376=DIRECTION('center_axis',(0.,1.,0.));
#11377=DIRECTION('ref_axis',(1.,0.,0.));
#11378=DIRECTION('center_axis',(0.,1.,0.));
#11379=DIRECTION('ref_axis',(1.,0.,0.));
#11380=DIRECTION('',(0.,1.,0.));
#11381=DIRECTION('center_axis',(0.,1.,0.));
#11382=DIRECTION('ref_axis',(-1.,0.,0.));
#11383=DIRECTION('center_axis',(0.,1.,0.));
#11384=DIRECTION('ref_axis',(1.,0.,0.));
#11385=DIRECTION('center_axis',(0.,1.,0.));
#11386=DIRECTION('ref_axis',(1.,0.,0.));
#11387=DIRECTION('',(0.,1.,0.));
#11388=DIRECTION('center_axis',(0.,1.,0.));
#11389=DIRECTION('ref_axis',(-1.,0.,0.));
#11390=DIRECTION('center_axis',(0.,1.,0.));
#11391=DIRECTION('ref_axis',(1.,0.,0.));
#11392=DIRECTION('center_axis',(0.,1.,0.));
#11393=DIRECTION('ref_axis',(1.,0.,0.));
#11394=DIRECTION('',(0.,1.,0.));
#11395=DIRECTION('center_axis',(0.,1.,0.));
#11396=DIRECTION('ref_axis',(-1.,0.,0.));
#11397=DIRECTION('center_axis',(0.,1.,0.));
#11398=DIRECTION('ref_axis',(1.,0.,0.));
#11399=DIRECTION('center_axis',(0.,1.,0.));
#11400=DIRECTION('ref_axis',(1.,0.,0.));
#11401=DIRECTION('',(0.,-1.,0.));
#11402=DIRECTION('center_axis',(0.,-1.,0.));
#11403=DIRECTION('ref_axis',(1.,0.,0.));
#11404=DIRECTION('center_axis',(0.,1.,0.));
#11405=DIRECTION('ref_axis',(1.,0.,0.));
#11406=DIRECTION('center_axis',(0.,1.,0.));
#11407=DIRECTION('ref_axis',(-1.,0.,0.));
#11408=DIRECTION('',(0.,-1.,0.));
#11409=DIRECTION('center_axis',(0.,-1.,0.));
#11410=DIRECTION('ref_axis',(-1.,0.,0.));
#11411=DIRECTION('center_axis',(0.,-1.,0.));
#11412=DIRECTION('ref_axis',(-1.,0.,0.));
#11413=DIRECTION('',(-0.669130606358878,0.,0.743144825477376));
#11414=DIRECTION('center_axis',(0.,-1.,0.));
#11415=DIRECTION('ref_axis',(-0.207911690817801,0.,0.978147600733797));
#11416=DIRECTION('',(0.978147600733797,0.,0.2079116908178));
#11417=DIRECTION('center_axis',(0.,-1.,0.));
#11418=DIRECTION('ref_axis',(0.915729754106005,0.,-0.401794745417303));
#11419=DIRECTION('center_axis',(-0.2079116908178,0.,0.978147600733797));
#11420=DIRECTION('ref_axis',(0.,1.,0.));
#11421=DIRECTION('',(0.,-1.,0.));
#11422=DIRECTION('',(0.,1.,0.));
#11423=DIRECTION('center_axis',(0.,-1.,0.));
#11424=DIRECTION('ref_axis',(-0.0627905195293077,0.,-0.998026728428272));
#11425=DIRECTION('',(0.,1.,0.));
#11426=DIRECTION('center_axis',(-0.743144825477376,0.,-0.669130606358878));
#11427=DIRECTION('ref_axis',(0.,1.,0.));
#11428=DIRECTION('',(0.,-1.,0.));
#11429=DIRECTION('center_axis',(0.,-1.,0.));
#11430=DIRECTION('ref_axis',(-1.,0.,0.));
#11431=DIRECTION('',(-0.463296035119898,0.,0.886203579231196));
#11432=DIRECTION('center_axis',(0.,-1.,0.));
#11433=DIRECTION('ref_axis',(0.0418756537291983,0.,0.999122830098858));
#11434=DIRECTION('',(0.999122830098858,0.,-0.0418756537291983));
#11435=DIRECTION('center_axis',(0.,-1.,0.));
#11436=DIRECTION('ref_axis',(0.78703813007028,0.,-0.616904353863285));
#11437=DIRECTION('center_axis',(0.0418756537291983,0.,0.999122830098858));
#11438=DIRECTION('ref_axis',(0.999122830098858,0.,-0.0418756537291983));
#11439=DIRECTION('',(0.,-1.,0.));
#11440=DIRECTION('',(0.,1.,0.));
#11441=DIRECTION('center_axis',(0.,-1.,0.));
#11442=DIRECTION('ref_axis',(-0.309016994374893,0.,-0.951056516295171));
#11443=DIRECTION('',(0.,1.,0.));
#11444=DIRECTION('center_axis',(-0.886203579231196,0.,-0.463296035119898));
#11445=DIRECTION('ref_axis',(0.,1.,0.));
#11446=DIRECTION('',(0.,-1.,0.));
#11447=DIRECTION('center_axis',(0.,-1.,0.));
#11448=DIRECTION('ref_axis',(-1.,0.,0.));
#11449=DIRECTION('',(-0.228350870110689,0.,0.973578902873152));
#11450=DIRECTION('center_axis',(0.,-1.,0.));
#11451=DIRECTION('ref_axis',(0.289031796944488,0.,0.957319497532062));
#11452=DIRECTION('',(0.957319497532062,0.,-0.289031796944489));
#11453=DIRECTION('center_axis',(0.,-1.,0.));
#11454=DIRECTION('ref_axis',(0.608894005798505,0.,-0.793251592940506));
#11455=DIRECTION('center_axis',(0.289031796944489,0.,0.957319497532062));
#11456=DIRECTION('ref_axis',(0.957319497532062,0.,-0.289031796944489));
#11457=DIRECTION('',(0.,-1.,0.));
#11458=DIRECTION('',(0.,1.,0.));
#11459=DIRECTION('center_axis',(0.,-1.,0.));
#11460=DIRECTION('ref_axis',(-0.535826794979006,0.,-0.844327925502009));
#11461=DIRECTION('',(0.,1.,0.));
#11462=DIRECTION('center_axis',(-0.973578902873153,0.,-0.228350870110689));
#11463=DIRECTION('ref_axis',(0.,1.,0.));
#11464=DIRECTION('',(0.,-1.,0.));
#11465=DIRECTION('center_axis',(0.,-1.,0.));
#11466=DIRECTION('ref_axis',(-1.,0.,0.));
#11467=DIRECTION('',(0.020942419883361,0.,0.999780683474845));
#11468=DIRECTION('center_axis',(0.,-1.,0.));
#11469=DIRECTION('ref_axis',(0.51802700937311,0.,0.855364260160519));
#11470=DIRECTION('',(0.855364260160518,0.,-0.518027009373111));
#11471=DIRECTION('center_axis',(0.,-1.,0.));
#11472=DIRECTION('ref_axis',(0.392490831786821,0.,-0.919755917058047));
#11473=DIRECTION('center_axis',(0.518027009373111,0.,0.855364260160518));
#11474=DIRECTION('ref_axis',(0.855364260160518,0.,-0.518027009373111));
#11475=DIRECTION('',(0.,-1.,0.));
#11476=DIRECTION('',(0.,1.,0.));
#11477=DIRECTION('center_axis',(0.,-1.,0.));
#11478=DIRECTION('ref_axis',(-0.7289686274214,0.,-0.684547105928701));
#11479=DIRECTION('',(0.,1.,0.));
#11480=DIRECTION('center_axis',(-0.999780683474845,0.,0.020942419883361));
#11481=DIRECTION('ref_axis',(0.,1.,0.));
#11482=DIRECTION('',(0.,-1.,0.));
#11483=DIRECTION('center_axis',(0.,-1.,0.));
#11484=DIRECTION('ref_axis',(-1.,0.,0.));
#11485=DIRECTION('',(0.268919820615287,0.,0.963162566797652));
#11486=DIRECTION('center_axis',(0.,-1.,0.));
#11487=DIRECTION('ref_axis',(0.714472679632785,0.,0.699663340513385));
#11488=DIRECTION('',(0.699663340513385,0.,-0.714472679632785));
#11489=DIRECTION('center_axis',(0.,-1.,0.));
#11490=DIRECTION('ref_axis',(0.151426015333693,0.,-0.988468594281154));
#11491=DIRECTION('center_axis',(0.714472679632785,0.,0.699663340513385));
#11492=DIRECTION('ref_axis',(0.699663340513385,0.,-0.714472679632785));
#11493=DIRECTION('',(0.,-1.,0.));
#11494=DIRECTION('',(0.,1.,0.));
#11495=DIRECTION('center_axis',(0.,-1.,0.));
#11496=DIRECTION('ref_axis',(-0.876306680043879,0.,-0.481753674101687));
#11497=DIRECTION('',(0.,1.,0.));
#11498=DIRECTION('center_axis',(-0.963162566797652,0.,0.268919820615287));
#11499=DIRECTION('ref_axis',(0.,1.,0.));
#11500=DIRECTION('',(0.,-1.,0.));
#11501=DIRECTION('center_axis',(-0.866025403784429,0.,0.500000000000017));
#11502=DIRECTION('ref_axis',(0.,1.,0.));
#11503=DIRECTION('',(0.500000000000017,0.,0.866025403784429));
#11504=DIRECTION('',(0.,-1.,0.));
#11505=DIRECTION('',(0.,1.,0.));
#11506=DIRECTION('center_axis',(0.,-1.,0.));
#11507=DIRECTION('ref_axis',(-1.,0.,0.));
#11508=DIRECTION('',(0.699663340513385,0.,0.714472679632785));
#11509=DIRECTION('center_axis',(0.,-1.,0.));
#11510=DIRECTION('ref_axis',(0.963162566797652,0.,0.268919820615288));
#11511=DIRECTION('',(0.268919820615287,0.,-0.963162566797652));
#11512=DIRECTION('center_axis',(0.,-1.,0.));
#11513=DIRECTION('ref_axis',(-0.343502748259806,0.,-0.939151671423716));
#11514=DIRECTION('center_axis',(0.963162566797652,0.,0.268919820615287));
#11515=DIRECTION('ref_axis',(0.268919820615287,0.,-0.963162566797652));
#11516=DIRECTION('',(0.,-1.,0.));
#11517=DIRECTION('',(0.,1.,0.));
#11518=DIRECTION('center_axis',(0.,-1.,0.));
#11519=DIRECTION('ref_axis',(-1.,0.,0.));
#11520=DIRECTION('',(0.,1.,0.));
#11521=DIRECTION('center_axis',(-0.714472679632785,0.,0.699663340513385));
#11522=DIRECTION('ref_axis',(0.,1.,0.));
#11523=DIRECTION('',(0.,-1.,0.));
#11524=DIRECTION('center_axis',(0.,-1.,0.));
#11525=DIRECTION('ref_axis',(-1.,0.,0.));
#11526=DIRECTION('',(0.855364260160518,0.,0.518027009373111));
#11527=DIRECTION('center_axis',(0.,-1.,0.));
#11528=DIRECTION('ref_axis',(0.999780683474846,0.,0.0209424198833487));
#11529=DIRECTION('',(0.020942419883361,0.,-0.999780683474845));
#11530=DIRECTION('center_axis',(0.,-1.,0.));
#11531=DIRECTION('ref_axis',(-0.566268500962888,0.,-0.824220834981283));
#11532=DIRECTION('center_axis',(0.999780683474845,0.,0.020942419883361));
#11533=DIRECTION('ref_axis',(0.020942419883361,0.,-0.999780683474845));
#11534=DIRECTION('',(0.,-1.,0.));
#11535=DIRECTION('',(0.,1.,0.));
#11536=DIRECTION('center_axis',(0.,-1.,0.));
#11537=DIRECTION('ref_axis',(-0.968583161128618,0.,0.248689887164905));
#11538=DIRECTION('',(0.,1.,0.));
#11539=DIRECTION('center_axis',(-0.518027009373111,0.,0.855364260160518));
#11540=DIRECTION('ref_axis',(0.,1.,0.));
#11541=DIRECTION('',(0.,-1.,0.));
#11542=DIRECTION('center_axis',(0.,-1.,0.));
#11543=DIRECTION('ref_axis',(-1.,0.,0.));
#11544=DIRECTION('',(0.957319497532062,0.,0.289031796944489));
#11545=DIRECTION('center_axis',(0.,-1.,0.));
#11546=DIRECTION('ref_axis',(0.973578902873153,0.,-0.228350870110688));
#11547=DIRECTION('',(-0.228350870110689,0.,-0.973578902873152));
#11548=DIRECTION('center_axis',(0.,-1.,0.));
#11549=DIRECTION('ref_axis',(-0.753453521160603,0.,-0.657501172204802));
#11550=DIRECTION('center_axis',(0.973578902873153,0.,-0.228350870110689));
#11551=DIRECTION('ref_axis',(0.,-1.,0.));
#11552=DIRECTION('',(0.,-1.,0.));
#11553=DIRECTION('',(0.,1.,0.));
#11554=DIRECTION('center_axis',(0.,-1.,0.));
#11555=DIRECTION('ref_axis',(-0.876306680043879,0.,0.481753674101688));
#11556=DIRECTION('',(0.,1.,0.));
#11557=DIRECTION('center_axis',(-0.289031796944489,0.,0.957319497532062));
#11558=DIRECTION('ref_axis',(0.,1.,0.));
#11559=DIRECTION('',(0.,-1.,0.));
#11560=DIRECTION('center_axis',(0.,-1.,0.));
#11561=DIRECTION('ref_axis',(-1.,0.,0.));
#11562=DIRECTION('',(0.999122830098858,0.,0.0418756537291983));
#11563=DIRECTION('center_axis',(0.,-1.,0.));
#11564=DIRECTION('ref_axis',(0.886203579231197,0.,-0.463296035119897));
#11565=DIRECTION('',(-0.463296035119898,0.,-0.886203579231196));
#11566=DIRECTION('center_axis',(0.,-1.,0.));
#11567=DIRECTION('ref_axis',(-0.893296285615611,0.,-0.449468292658506));
#11568=DIRECTION('center_axis',(0.886203579231196,0.,-0.463296035119898));
#11569=DIRECTION('ref_axis',(0.,-1.,0.));
#11570=DIRECTION('',(0.,-1.,0.));
#11571=DIRECTION('',(0.,1.,0.));
#11572=DIRECTION('center_axis',(0.,-1.,0.));
#11573=DIRECTION('ref_axis',(-0.7289686274214,0.,0.684547105928701));
#11574=DIRECTION('',(0.,1.,0.));
#11575=DIRECTION('center_axis',(-0.0418756537291983,0.,0.999122830098858));
#11576=DIRECTION('ref_axis',(0.,1.,0.));
#11577=DIRECTION('',(0.,-1.,0.));
#11578=DIRECTION('center_axis',(0.,-1.,0.));
#11579=DIRECTION('ref_axis',(-1.,0.,0.));
#11580=DIRECTION('',(0.978147600733797,0.,-0.2079116908178));
#11581=DIRECTION('center_axis',(0.,-1.,0.));
#11582=DIRECTION('ref_axis',(0.743144825477376,0.,-0.669130606358879));
#11583=DIRECTION('',(-0.669130606358878,0.,-0.743144825477376));
#11584=DIRECTION('center_axis',(0.,-1.,0.));
#11585=DIRECTION('ref_axis',(-0.977009959131445,0.,-0.213193667255788));
#11586=DIRECTION('center_axis',(0.743144825477376,0.,-0.669130606358878));
#11587=DIRECTION('ref_axis',(0.,-1.,0.));
#11588=DIRECTION('',(0.,-1.,0.));
#11589=DIRECTION('',(0.,1.,0.));
#11590=DIRECTION('center_axis',(0.,-1.,0.));
#11591=DIRECTION('ref_axis',(-0.535826794979007,0.,0.844327925502008));
#11592=DIRECTION('',(0.,1.,0.));
#11593=DIRECTION('center_axis',(0.2079116908178,0.,0.978147600733797));
#11594=DIRECTION('ref_axis',(0.978147600733797,0.,-0.2079116908178));
#11595=DIRECTION('',(0.,-1.,0.));
#11596=DIRECTION('center_axis',(0.,-1.,0.));
#11597=DIRECTION('ref_axis',(-1.,0.,0.));
#11598=DIRECTION('',(0.895711760239421,0.,-0.444635179184911));
#11599=DIRECTION('center_axis',(0.,-1.,0.));
#11600=DIRECTION('ref_axis',(0.553391549243312,0.,-0.832921240710121));
#11601=DIRECTION('',(-0.83292124071012,0.,-0.553391549243313));
#11602=DIRECTION('center_axis',(0.,-1.,0.));
#11603=DIRECTION('ref_axis',(-0.999334503723792,0.,0.0364767003321597));
#11604=DIRECTION('center_axis',(0.553391549243313,0.,-0.83292124071012));
#11605=DIRECTION('ref_axis',(0.,-1.,0.));
#11606=DIRECTION('',(0.,-1.,0.));
#11607=DIRECTION('',(0.,1.,0.));
#11608=DIRECTION('center_axis',(0.,-1.,0.));
#11609=DIRECTION('ref_axis',(-0.309016994374893,0.,0.951056516295171));
#11610=DIRECTION('',(0.,1.,0.));
#11611=DIRECTION('center_axis',(0.444635179184911,0.,0.895711760239421));
#11612=DIRECTION('ref_axis',(0.895711760239421,0.,-0.444635179184911));
#11613=DIRECTION('',(0.,-1.,0.));
#11614=DIRECTION('center_axis',(0.,-1.,0.));
#11615=DIRECTION('ref_axis',(-1.,0.,0.));
#11616=DIRECTION('',(0.756995055651778,0.,-0.653420603990081));
#11617=DIRECTION('center_axis',(0.,-1.,0.));
#11618=DIRECTION('ref_axis',(0.328866646738594,0.,-0.944376370237477));
#11619=DIRECTION('',(-0.944376370237478,0.,-0.328866646738593));
#11620=DIRECTION('center_axis',(0.,-1.,0.));
#11621=DIRECTION('ref_axis',(-0.95886718615195,0.,0.283855102686285));
#11622=DIRECTION('center_axis',(0.328866646738593,0.,-0.944376370237478));
#11623=DIRECTION('ref_axis',(0.,-1.,0.));
#11624=DIRECTION('',(0.,-1.,0.));
#11625=DIRECTION('',(0.,1.,0.));
#11626=DIRECTION('center_axis',(0.,-1.,0.));
#11627=DIRECTION('ref_axis',(-0.0627905195293077,0.,0.998026728428272));
#11628=DIRECTION('',(0.,1.,0.));
#11629=DIRECTION('center_axis',(0.653420603990081,0.,0.756995055651778));
#11630=DIRECTION('ref_axis',(0.756995055651778,0.,-0.653420603990081));
#11631=DIRECTION('',(0.,-1.,0.));
#11632=DIRECTION('center_axis',(0.,-1.,0.));
#11633=DIRECTION('ref_axis',(-1.,0.,0.));
#11634=DIRECTION('',(0.570713567684412,0.,-0.821149209133718));
#11635=DIRECTION('center_axis',(0.,-1.,0.));
#11636=DIRECTION('ref_axis',(0.0836778433323107,0.,-0.996492859249505));
#11637=DIRECTION('',(-0.996492859249504,0.,-0.0836778433323203));
#11638=DIRECTION('center_axis',(0.,-1.,0.));
#11639=DIRECTION('ref_axis',(-0.858150716807357,0.,0.513397844992574));
#11640=DIRECTION('center_axis',(0.0836778433323203,0.,-0.996492859249504));
#11641=DIRECTION('ref_axis',(0.,-1.,0.));
#11642=DIRECTION('',(0.,-1.,0.));
#11643=DIRECTION('',(0.,1.,0.));
#11644=DIRECTION('center_axis',(0.,-1.,0.));
#11645=DIRECTION('ref_axis',(0.187381314585697,0.,0.982287250728694));
#11646=DIRECTION('',(0.,1.,0.));
#11647=DIRECTION('center_axis',(0.821149209133718,0.,0.570713567684412));
#11648=DIRECTION('ref_axis',(0.570713567684412,0.,-0.821149209133718));
#11649=DIRECTION('',(0.,-1.,0.));
#11650=DIRECTION('center_axis',(0.,-1.,0.));
#11651=DIRECTION('ref_axis',(-1.,0.,0.));
#11652=DIRECTION('',(0.348572047321799,0.,-0.937281989491898));
#11653=DIRECTION('center_axis',(0.,-1.,0.));
#11654=DIRECTION('ref_axis',(-0.166768746716101,0.,-0.985996037070505));
#11655=DIRECTION('',(-0.985996037070505,0.,0.166768746716101));
#11656=DIRECTION('center_axis',(0.,-1.,0.));
#11657=DIRECTION('ref_axis',(-0.703513481868192,0.,0.710681912552792));
#11658=DIRECTION('center_axis',(-0.166768746716101,0.,-0.985996037070505));
#11659=DIRECTION('ref_axis',(0.,1.,0.));
#11660=DIRECTION('',(0.,-1.,0.));
#11661=DIRECTION('',(0.,1.,0.));
#11662=DIRECTION('center_axis',(0.,-1.,0.));
#11663=DIRECTION('ref_axis',(0.425779291565103,0.,0.904827052466005));
#11664=DIRECTION('',(0.,1.,0.));
#11665=DIRECTION('center_axis',(0.937281989491898,0.,0.348572047321799));
#11666=DIRECTION('ref_axis',(0.348572047321799,0.,-0.937281989491898));
#11667=DIRECTION('',(0.,-1.,0.));
#11668=DIRECTION('center_axis',(0.,-1.,0.));
#11669=DIRECTION('ref_axis',(-1.,0.,0.));
#11670=DIRECTION('',(0.104528463267697,0.,-0.994521895368269));
#11671=DIRECTION('center_axis',(0.,-1.,0.));
#11672=DIRECTION('ref_axis',(-0.406736643075801,0.,-0.9135454576426));
#11673=DIRECTION('',(-0.913545457642601,0.,0.4067366430758));
#11674=DIRECTION('center_axis',(0.,-1.,0.));
#11675=DIRECTION('ref_axis',(-0.504671907521603,0.,0.863311221842104));
#11676=DIRECTION('center_axis',(-0.4067366430758,0.,-0.913545457642601));
#11677=DIRECTION('ref_axis',(0.,1.,0.));
#11678=DIRECTION('',(0.,-1.,0.));
#11679=DIRECTION('',(0.,1.,0.));
#11680=DIRECTION('center_axis',(0.,-1.,0.));
#11681=DIRECTION('ref_axis',(0.637423989748691,0.,0.770513242775788));
#11682=DIRECTION('',(0.,1.,0.));
#11683=DIRECTION('center_axis',(0.994521895368269,0.,0.104528463267697));
#11684=DIRECTION('ref_axis',(0.104528463267697,0.,-0.994521895368269));
#11685=DIRECTION('',(0.,-1.,0.));
#11686=DIRECTION('center_axis',(0.,-1.,0.));
#11687=DIRECTION('ref_axis',(-1.,0.,0.));
#11688=DIRECTION('',(-0.146083028562399,0.,-0.98927233296299));
#11689=DIRECTION('center_axis',(0.,-1.,0.));
#11690=DIRECTION('ref_axis',(-0.621147780278323,0.,-0.78369345732583));
#11691=DIRECTION('',(-0.78369345732583,0.,0.621147780278323));
#11692=DIRECTION('center_axis',(0.,-1.,0.));
#11693=DIRECTION('ref_axis',(-0.274119941172086,0.,0.961695512026448));
#11694=DIRECTION('center_axis',(-0.621147780278323,0.,-0.78369345732583));
#11695=DIRECTION('ref_axis',(0.,1.,0.));
#11696=DIRECTION('',(0.,-1.,0.));
#11697=DIRECTION('',(0.,1.,0.));
#11698=DIRECTION('center_axis',(0.,-1.,0.));
#11699=DIRECTION('ref_axis',(0.809016994374918,0.,0.587785252292514));
#11700=DIRECTION('',(0.,1.,0.));
#11701=DIRECTION('center_axis',(0.98927233296299,0.,-0.146083028562399));
#11702=DIRECTION('ref_axis',(0.,-1.,0.));
#11703=DIRECTION('',(0.,-1.,0.));
#11704=DIRECTION('center_axis',(0.,-1.,0.));
#11705=DIRECTION('ref_axis',(-1.,0.,0.));
#11706=DIRECTION('',(-0.3875155864521,0.,-0.921863151588502));
#11707=DIRECTION('center_axis',(0.,-1.,0.));
#11708=DIRECTION('ref_axis',(-0.796529918024186,0.,-0.604599114862388));
#11709=DIRECTION('',(-0.604599114862389,0.,0.796529918024186));
#11710=DIRECTION('center_axis',(0.,-1.,0.));
#11711=DIRECTION('ref_axis',(-0.0263440107760205,0.,0.999652936321518));
#11712=DIRECTION('center_axis',(-0.796529918024186,0.,-0.604599114862389));
#11713=DIRECTION('ref_axis',(0.,1.,0.));
#11714=DIRECTION('',(0.,-1.,0.));
#11715=DIRECTION('',(0.,1.,0.));
#11716=DIRECTION('center_axis',(0.,-1.,0.));
#11717=DIRECTION('ref_axis',(0.92977648588825,0.,0.36812455268468));
#11718=DIRECTION('',(0.,1.,0.));
#11719=DIRECTION('center_axis',(0.921863151588502,0.,-0.3875155864521));
#11720=DIRECTION('ref_axis',(0.,-1.,0.));
#11721=DIRECTION('',(0.,-1.,0.));
#11722=DIRECTION('center_axis',(0.,-1.,0.));
#11723=DIRECTION('ref_axis',(-1.,0.,0.));
#11724=DIRECTION('',(-0.604599114862389,0.,-0.796529918024186));
#11725=DIRECTION('center_axis',(0.,-1.,0.));
#11726=DIRECTION('ref_axis',(-0.921863151588501,0.,-0.387515586452102));
#11727=DIRECTION('',(-0.3875155864521,0.,0.921863151588502));
#11728=DIRECTION('center_axis',(0.,-1.,0.));
#11729=DIRECTION('ref_axis',(0.223087210703593,0.,0.974798490161167));
#11730=DIRECTION('center_axis',(-0.921863151588502,0.,-0.3875155864521));
#11731=DIRECTION('ref_axis',(0.,1.,0.));
#11732=DIRECTION('',(0.,-1.,0.));
#11733=DIRECTION('',(0.,1.,0.));
#11734=DIRECTION('center_axis',(0.,-1.,0.));
#11735=DIRECTION('ref_axis',(0.992114701314478,0.,0.1253332335643));
#11736=DIRECTION('',(0.,1.,0.));
#11737=DIRECTION('center_axis',(0.796529918024186,0.,-0.604599114862389));
#11738=DIRECTION('ref_axis',(0.,-1.,0.));
#11739=DIRECTION('',(0.,-1.,0.));
#11740=DIRECTION('center_axis',(0.,-1.,0.));
#11741=DIRECTION('ref_axis',(-1.,0.,0.));
#11742=DIRECTION('',(-0.78369345732583,0.,-0.621147780278323));
#11743=DIRECTION('center_axis',(0.,-1.,0.));
#11744=DIRECTION('ref_axis',(-0.98927233296299,0.,-0.1460830285624));
#11745=DIRECTION('',(-0.146083028562399,0.,0.98927233296299));
#11746=DIRECTION('center_axis',(0.,-1.,0.));
#11747=DIRECTION('ref_axis',(0.45850104227731,0.,0.888693869805919));
#11748=DIRECTION('center_axis',(-0.98927233296299,0.,-0.146083028562399));
#11749=DIRECTION('ref_axis',(0.,1.,0.));
#11750=DIRECTION('',(0.,-1.,0.));
#11751=DIRECTION('',(0.,1.,0.));
#11752=DIRECTION('center_axis',(0.,-1.,0.));
#11753=DIRECTION('ref_axis',(0.992114701314478,0.,-0.1253332335643));
#11754=DIRECTION('',(0.,1.,0.));
#11755=DIRECTION('center_axis',(0.621147780278323,0.,-0.78369345732583));
#11756=DIRECTION('ref_axis',(0.,-1.,0.));
#11757=DIRECTION('',(0.,-1.,0.));
#11758=DIRECTION('center_axis',(0.,-1.,0.));
#11759=DIRECTION('ref_axis',(-1.,0.,0.));
#11760=DIRECTION('',(-0.913545457642601,0.,-0.4067366430758));
#11761=DIRECTION('center_axis',(0.,-1.,0.));
#11762=DIRECTION('ref_axis',(-0.994521895368269,0.,0.104528463267694));
#11763=DIRECTION('',(0.104528463267697,0.,0.994521895368269));
#11764=DIRECTION('center_axis',(0.,-1.,0.));
#11765=DIRECTION('ref_axis',(0.665105567115798,0.,0.746749345223398));
#11766=DIRECTION('center_axis',(-0.994521895368269,0.,0.104528463267697));
#11767=DIRECTION('ref_axis',(0.,1.,0.));
#11768=DIRECTION('',(0.,-1.,0.));
#11769=DIRECTION('',(0.,1.,0.));
#11770=DIRECTION('center_axis',(0.,-1.,0.));
#11771=DIRECTION('ref_axis',(0.92977648588825,0.,-0.368124552684681));
#11772=DIRECTION('',(0.,1.,0.));
#11773=DIRECTION('center_axis',(0.4067366430758,0.,-0.913545457642601));
#11774=DIRECTION('ref_axis',(0.,-1.,0.));
#11775=DIRECTION('',(0.,-1.,0.));
#11776=DIRECTION('center_axis',(0.,-1.,0.));
#11777=DIRECTION('ref_axis',(-1.,0.,0.));
#11778=DIRECTION('',(-0.985996037070505,0.,-0.166768746716101));
#11779=DIRECTION('center_axis',(0.,-1.,0.));
#11780=DIRECTION('ref_axis',(-0.937281989491897,0.,0.348572047321799));
#11781=DIRECTION('',(0.348572047321799,0.,0.937281989491898));
#11782=DIRECTION('center_axis',(0.,-1.,0.));
#11783=DIRECTION('ref_axis',(0.829919063085336,0.,0.557883812928425));
#11784=DIRECTION('center_axis',(-0.937281989491898,0.,0.348572047321799));
#11785=DIRECTION('ref_axis',(0.,1.,0.));
#11786=DIRECTION('',(0.,-1.,0.));
#11787=DIRECTION('',(0.,1.,0.));
#11788=DIRECTION('center_axis',(0.,-1.,0.));
#11789=DIRECTION('ref_axis',(0.809016994374917,0.,-0.587785252292514));
#11790=DIRECTION('',(0.,1.,0.));
#11791=DIRECTION('center_axis',(0.166768746716101,0.,-0.985996037070505));
#11792=DIRECTION('ref_axis',(0.,-1.,0.));
#11793=DIRECTION('',(0.,-1.,0.));
#11794=DIRECTION('center_axis',(0.,-1.,0.));
#11795=DIRECTION('ref_axis',(-1.,0.,0.));
#11796=DIRECTION('',(-0.996492859249504,0.,0.0836778433323203));
#11797=DIRECTION('center_axis',(0.,-1.,0.));
#11798=DIRECTION('ref_axis',(-0.821149209133718,0.,0.570713567684411));
#11799=DIRECTION('',(0.570713567684412,0.,0.821149209133718));
#11800=DIRECTION('center_axis',(0.,-1.,0.));
#11801=DIRECTION('ref_axis',(0.942585692092364,0.,0.333964388914087));
#11802=DIRECTION('center_axis',(-0.821149209133718,0.,0.570713567684412));
#11803=DIRECTION('ref_axis',(0.,1.,0.));
#11804=DIRECTION('',(0.,-1.,0.));
#11805=DIRECTION('',(0.,1.,0.));
#11806=DIRECTION('center_axis',(0.,-1.,0.));
#11807=DIRECTION('ref_axis',(0.637423989748692,0.,-0.770513242775787));
#11808=DIRECTION('',(0.,1.,0.));
#11809=DIRECTION('center_axis',(-0.0836778433323203,0.,-0.996492859249504));
#11810=DIRECTION('ref_axis',(0.,1.,0.));
#11811=DIRECTION('',(0.,-1.,0.));
#11812=DIRECTION('center_axis',(0.,-1.,0.));
#11813=DIRECTION('ref_axis',(-1.,0.,0.));
#11814=DIRECTION('',(-0.944376370237478,0.,0.328866646738593));
#11815=DIRECTION('center_axis',(0.,-1.,0.));
#11816=DIRECTION('ref_axis',(-0.653420603990079,0.,0.756995055651779));
#11817=DIRECTION('',(0.756995055651778,0.,0.653420603990081));
#11818=DIRECTION('center_axis',(0.,-1.,0.));
#11819=DIRECTION('ref_axis',(0.996026195477568,0.,0.0890607541090972));
#11820=DIRECTION('center_axis',(-0.653420603990081,0.,0.756995055651778));
#11821=DIRECTION('ref_axis',(0.,1.,0.));
#11822=DIRECTION('',(0.,-1.,0.));
#11823=DIRECTION('',(0.,1.,0.));
#11824=DIRECTION('center_axis',(0.,-1.,0.));
#11825=DIRECTION('ref_axis',(0.425779291565102,0.,-0.904827052466005));
#11826=DIRECTION('',(0.,1.,0.));
#11827=DIRECTION('center_axis',(-0.328866646738593,0.,-0.944376370237478));
#11828=DIRECTION('ref_axis',(0.,1.,0.));
#11829=DIRECTION('',(0.,-1.,0.));
#11830=DIRECTION('center_axis',(0.,-1.,0.));
#11831=DIRECTION('ref_axis',(-1.,0.,0.));
#11832=DIRECTION('',(-0.83292124071012,0.,0.553391549243313));
#11833=DIRECTION('center_axis',(0.,-1.,0.));
#11834=DIRECTION('ref_axis',(-0.444635179184909,0.,0.895711760239422));
#11835=DIRECTION('',(0.895711760239421,0.,0.444635179184911));
#11836=DIRECTION('center_axis',(0.,-1.,0.));
#11837=DIRECTION('ref_axis',(0.98688270987279,0.,-0.161438895419099));
#11838=DIRECTION('center_axis',(-0.553391549243313,0.,-0.83292124071012));
#11839=DIRECTION('ref_axis',(0.,1.,0.));
#11840=DIRECTION('',(0.,-1.,0.));
#11841=DIRECTION('',(0.,1.,0.));
#11842=DIRECTION('center_axis',(0.,-1.,0.));
#11843=DIRECTION('ref_axis',(0.187381314585697,0.,-0.982287250728694));
#11844=DIRECTION('',(0.,1.,0.));
#11845=DIRECTION('center_axis',(-0.444635179184911,0.,0.895711760239421));
#11846=DIRECTION('ref_axis',(0.,1.,0.));
#11847=DIRECTION('',(0.,-1.,0.));
#11848=DIRECTION('center_axis',(0.,-1.,0.));
#11849=DIRECTION('ref_axis',(1.,0.,0.));
#11850=DIRECTION('center_axis',(0.,-1.,0.));
#11851=DIRECTION('ref_axis',(0.977009959131445,0.,-0.213193667255788));
#11852=DIRECTION('center_axis',(0.,-1.,0.));
#11853=DIRECTION('ref_axis',(0.893296285615611,0.,-0.449468292658506));
#11854=DIRECTION('center_axis',(0.,-1.,0.));
#11855=DIRECTION('ref_axis',(0.753453521160603,0.,-0.657501172204802));
#11856=DIRECTION('center_axis',(0.,-1.,0.));
#11857=DIRECTION('ref_axis',(0.566268500962888,0.,-0.824220834981283));
#11858=DIRECTION('center_axis',(0.,-1.,0.));
#11859=DIRECTION('ref_axis',(0.343502748259718,0.,-0.939151671423749));
#11860=DIRECTION('center_axis',(0.,-1.,0.));
#11861=DIRECTION('ref_axis',(0.0991534545687475,0.,-0.995072154392375));
#11862=DIRECTION('center_axis',(0.,-1.,0.));
#11863=DIRECTION('ref_axis',(-0.151426015333693,0.,-0.988468594281154));
#11864=DIRECTION('center_axis',(0.,-1.,0.));
#11865=DIRECTION('ref_axis',(-0.392490831786821,0.,-0.919755917058047));
#11866=DIRECTION('center_axis',(0.,-1.,0.));
#11867=DIRECTION('ref_axis',(-0.608894005798505,0.,-0.793251592940506));
#11868=DIRECTION('center_axis',(0.,-1.,0.));
#11869=DIRECTION('ref_axis',(-0.78703813007028,0.,-0.616904353863285));
#11870=DIRECTION('center_axis',(0.,-1.,0.));
#11871=DIRECTION('ref_axis',(-0.915729754106005,0.,-0.401794745417303));
#11872=DIRECTION('center_axis',(0.,-1.,0.));
#11873=DIRECTION('ref_axis',(-0.98688270987279,0.,-0.161438895419099));
#11874=DIRECTION('',(-0.80952962565628,-0.587079028057385,-9.91387864874918E-17));
#11875=DIRECTION('center_axis',(0.,1.,0.));
#11876=DIRECTION('ref_axis',(1.,0.,0.));
#11877=DIRECTION('center_axis',(0.,-1.,0.));
#11878=DIRECTION('ref_axis',(-0.996026195477567,0.,0.0890607541091071));
#11879=DIRECTION('center_axis',(0.,-1.,0.));
#11880=DIRECTION('ref_axis',(-0.942585692092364,0.,0.333964388914087));
#11881=DIRECTION('center_axis',(0.,-1.,0.));
#11882=DIRECTION('ref_axis',(-0.829919063085336,0.,0.557883812928425));
#11883=DIRECTION('center_axis',(0.,-1.,0.));
#11884=DIRECTION('ref_axis',(-0.665105567115798,0.,0.746749345223398));
#11885=DIRECTION('center_axis',(0.,-1.,0.));
#11886=DIRECTION('ref_axis',(-0.45850104227731,0.,0.888693869805919));
#11887=DIRECTION('center_axis',(0.,-1.,0.));
#11888=DIRECTION('ref_axis',(-0.223087210703593,0.,0.974798490161167));
#11889=DIRECTION('center_axis',(0.,-1.,0.));
#11890=DIRECTION('ref_axis',(0.,0.,1.));
#11891=DIRECTION('center_axis',(0.,-1.,0.));
#11892=DIRECTION('ref_axis',(0.274119941172086,0.,0.961695512026448));
#11893=DIRECTION('center_axis',(0.,-1.,0.));
#11894=DIRECTION('ref_axis',(0.504671907521603,0.,0.863311221842104));
#11895=DIRECTION('center_axis',(0.,-1.,0.));
#11896=DIRECTION('ref_axis',(0.703513481868192,0.,0.710681912552792));
#11897=DIRECTION('center_axis',(0.,-1.,0.));
#11898=DIRECTION('ref_axis',(0.858150716807357,0.,0.513397844992574));
#11899=DIRECTION('center_axis',(0.,-1.,0.));
#11900=DIRECTION('ref_axis',(0.95886718615195,0.,0.283855102686285));
#11901=DIRECTION('center_axis',(0.,-1.,0.));
#11902=DIRECTION('ref_axis',(0.999334503723792,0.,0.0364767003321597));
#11903=DIRECTION('center_axis',(0.,-1.,0.));
#11904=DIRECTION('ref_axis',(-0.968583161128618,0.,-0.248689887164905));
#11905=DIRECTION('center_axis',(0.,-1.,0.));
#11906=DIRECTION('ref_axis',(0.866025403784429,0.,0.500000000000018));
#11907=DIRECTION('',(0.,1.,0.));
#11908=DIRECTION('center_axis',(0.866025403784429,0.,0.500000000000017));
#11909=DIRECTION('ref_axis',(0.500000000000017,0.,-0.866025403784429));
#11910=DIRECTION('',(0.,-1.,0.));
#11911=DIRECTION('',(0.500000000000017,0.,-0.866025403784429));
#11912=DIRECTION('center_axis',(0.,-1.,0.));
#11913=DIRECTION('ref_axis',(-1.,0.,0.));
#11914=DIRECTION('center_axis',(0.,-1.,0.));
#11915=DIRECTION('ref_axis',(-0.0991534545687475,0.,-0.995072154392375));
#11916=DIRECTION('center_axis',(0.,-1.,0.));
#11917=DIRECTION('ref_axis',(-0.0991534545687475,0.,-0.995072154392375));
#11918=DIRECTION('center_axis',(0.,-1.,0.));
#11919=DIRECTION('ref_axis',(0.,0.,1.));
#11920=DIRECTION('center_axis',(0.,-1.,0.));
#11921=DIRECTION('ref_axis',(0.,0.,-1.));
#11922=DIRECTION('',(0.,-1.,0.));
#11923=DIRECTION('center_axis',(0.,1.,0.));
#11924=DIRECTION('ref_axis',(0.,0.,1.));
#11925=DIRECTION('center_axis',(0.,-1.,0.));
#11926=DIRECTION('ref_axis',(-1.,0.,0.));
#11927=DIRECTION('center_axis',(0.,1.,0.));
#11928=DIRECTION('ref_axis',(1.,0.,0.));
#11929=DIRECTION('',(0.,1.,0.));
#11930=DIRECTION('center_axis',(0.,-1.,0.));
#11931=DIRECTION('ref_axis',(1.,0.,0.));
#11932=DIRECTION('center_axis',(0.,-1.,0.));
#11933=DIRECTION('ref_axis',(-1.,0.,0.));
#11934=DIRECTION('center_axis',(0.,1.,0.));
#11935=DIRECTION('ref_axis',(0.,0.,1.));
#11936=DIRECTION('center_axis',(0.,-1.,0.));
#11937=DIRECTION('ref_axis',(-1.,0.,0.));
#11938=DIRECTION('axis',(0.,0.,1.));
#11939=DIRECTION('refdir',(1.,0.,0.));
#11940=DIRECTION('axis',(0.,0.,1.));
#11941=DIRECTION('refdir',(1.,0.,0.));
#11942=DIRECTION('center_axis',(1.,0.,0.));
#11943=DIRECTION('ref_axis',(0.,0.999985288509362,0.005424275513577));
#11944=DIRECTION('center_axis',(-1.,0.,0.));
#11945=DIRECTION('ref_axis',(0.,0.00542427551357712,-0.999985288509362));
#11946=DIRECTION('',(0.894427904314334,-0.447205589710642,-0.00242580201696591));
#11947=DIRECTION('center_axis',(-1.,0.,0.));
#11948=DIRECTION('ref_axis',(0.,0.999985288509362,0.005424275513577));
#11949=DIRECTION('center_axis',(-1.,0.,0.));
#11950=DIRECTION('ref_axis',(0.,0.00542427551357712,-0.999985288509362));
#11951=DIRECTION('center_axis',(1.,0.,0.));
#11952=DIRECTION('ref_axis',(0.,0.999985288509362,0.00542427551357725));
#11953=DIRECTION('center_axis',(1.,0.,0.));
#11954=DIRECTION('ref_axis',(0.,0.999985288509362,0.00542427551357725));
#11955=DIRECTION('',(1.,0.,0.));
#11956=DIRECTION('center_axis',(1.,0.,0.));
#11957=DIRECTION('ref_axis',(0.,-0.999985288509362,-0.00542427551357725));
#11958=DIRECTION('center_axis',(1.,0.,0.));
#11959=DIRECTION('ref_axis',(0.,0.999985288509362,0.00542427551357725));
#11960=DIRECTION('center_axis',(1.,0.,0.));
#11961=DIRECTION('ref_axis',(0.,0.999985288509362,0.00542427551357725));
#11962=DIRECTION('',(1.,0.,0.));
#11963=DIRECTION('center_axis',(1.,0.,0.));
#11964=DIRECTION('ref_axis',(0.,-0.999985288509362,-0.00542427551357725));
#11965=DIRECTION('center_axis',(1.,0.,0.));
#11966=DIRECTION('ref_axis',(0.,0.999985288509362,0.00542427551357725));
#11967=DIRECTION('center_axis',(1.,0.,0.));
#11968=DIRECTION('ref_axis',(0.,0.999985288509362,0.00542427551357725));
#11969=DIRECTION('',(1.,0.,0.));
#11970=DIRECTION('center_axis',(1.,0.,0.));
#11971=DIRECTION('ref_axis',(0.,-0.999985288509362,-0.00542427551357725));
#11972=DIRECTION('center_axis',(1.,0.,0.));
#11973=DIRECTION('ref_axis',(0.,0.999985288509362,0.00542427551357725));
#11974=DIRECTION('center_axis',(1.,0.,0.));
#11975=DIRECTION('ref_axis',(0.,0.999985288509362,0.00542427551357725));
#11976=DIRECTION('',(1.,0.,0.));
#11977=DIRECTION('center_axis',(1.,0.,0.));
#11978=DIRECTION('ref_axis',(0.,-0.999985288509362,-0.00542427551357725));
#11979=DIRECTION('center_axis',(-1.,0.,0.));
#11980=DIRECTION('ref_axis',(0.,0.00542427551357724,-0.999985288509362));
#11981=DIRECTION('center_axis',(-1.,0.,0.));
#11982=DIRECTION('ref_axis',(0.,0.00542427551357724,-0.999985288509362));
#11983=DIRECTION('',(-1.,0.,0.));
#11984=DIRECTION('center_axis',(-1.,0.,0.));
#11985=DIRECTION('ref_axis',(0.,-0.00542427551357724,0.999985288509362));
#11986=DIRECTION('center_axis',(-1.,0.,0.));
#11987=DIRECTION('ref_axis',(0.,0.00542427551357724,-0.999985288509362));
#11988=DIRECTION('center_axis',(-1.,0.,0.));
#11989=DIRECTION('ref_axis',(0.,0.00542427551357724,-0.999985288509362));
#11990=DIRECTION('',(-1.,0.,0.));
#11991=DIRECTION('center_axis',(-1.,0.,0.));
#11992=DIRECTION('ref_axis',(0.,-0.00542427551357724,0.999985288509362));
#11993=DIRECTION('center_axis',(-1.,0.,0.));
#11994=DIRECTION('ref_axis',(0.,0.00542427551357725,-0.999985288509362));
#11995=DIRECTION('center_axis',(-1.,0.,0.));
#11996=DIRECTION('ref_axis',(0.,0.00542427551357725,-0.999985288509362));
#11997=DIRECTION('',(-1.,0.,0.));
#11998=DIRECTION('center_axis',(-1.,0.,0.));
#11999=DIRECTION('ref_axis',(0.,-0.00542427551357725,0.999985288509362));
#12000=DIRECTION('center_axis',(-1.,0.,0.));
#12001=DIRECTION('ref_axis',(0.,0.00542427551357725,-0.999985288509362));
#12002=DIRECTION('center_axis',(-1.,0.,0.));
#12003=DIRECTION('ref_axis',(0.,0.00542427551357725,-0.999985288509362));
#12004=DIRECTION('',(-1.,0.,0.));
#12005=DIRECTION('center_axis',(-1.,0.,0.));
#12006=DIRECTION('ref_axis',(0.,-0.00542427551357724,0.999985288509362));
#12007=DIRECTION('center_axis',(-1.,0.,0.));
#12008=DIRECTION('ref_axis',(0.,0.00542427551357694,-0.999985288509362));
#12009=DIRECTION('center_axis',(-1.,0.,0.));
#12010=DIRECTION('ref_axis',(0.,-0.00542427551357694,0.999985288509362));
#12011=DIRECTION('',(1.,0.,0.));
#12012=DIRECTION('center_axis',(1.,0.,0.));
#12013=DIRECTION('ref_axis',(0.,-0.00542427551357694,0.999985288509362));
#12014=DIRECTION('center_axis',(-1.,0.,0.));
#12015=DIRECTION('ref_axis',(0.,-0.00542427551357694,0.999985288509362));
#12016=DIRECTION('center_axis',(-1.,0.,0.));
#12017=DIRECTION('ref_axis',(0.,0.00542427551357694,-0.999985288509362));
#12018=DIRECTION('',(1.,0.,0.));
#12019=DIRECTION('center_axis',(1.,0.,0.));
#12020=DIRECTION('ref_axis',(0.,0.00542427551357694,-0.999985288509362));
#12021=DIRECTION('center_axis',(1.,0.,0.));
#12022=DIRECTION('ref_axis',(0.,0.00542427551357712,-0.999985288509362));
#12023=DIRECTION('center_axis',(1.,0.,0.));
#12024=DIRECTION('ref_axis',(0.,-0.00542427551357712,0.999985288509362));
#12025=DIRECTION('',(1.,0.,0.));
#12026=DIRECTION('center_axis',(1.,0.,0.));
#12027=DIRECTION('ref_axis',(0.,-0.005424275513577,0.999985288509363));
#12028=DIRECTION('center_axis',(-1.,0.,0.));
#12029=DIRECTION('ref_axis',(0.,0.999985288509363,0.005424275513577));
#12030=DIRECTION('center_axis',(1.,0.,0.));
#12031=DIRECTION('ref_axis',(0.,-0.005424275513577,0.999985288509363));
#12032=DIRECTION('',(-6.16297582203915E-33,-2.46519032881566E-32,1.));
#12033=DIRECTION('',(1.,-4.70961788367351E-31,1.97215226305253E-31));
#12034=DIRECTION('axis',(0.,0.,1.));
#12035=DIRECTION('refdir',(1.,0.,0.));
#12036=DIRECTION('center_axis',(0.,0.,-1.));
#12037=DIRECTION('ref_axis',(-0.0537576491940417,0.998554012136114,0.));
#12038=DIRECTION('center_axis',(0.,0.,1.));
#12039=DIRECTION('ref_axis',(0.,-1.,0.));
#12040=DIRECTION('center_axis',(0.,1.,0.));
#12041=DIRECTION('ref_axis',(1.,0.,0.));
#12042=DIRECTION('center_axis',(0.,0.,-1.));
#12043=DIRECTION('ref_axis',(-2.72119064807686E-14,1.,0.));
#12044=DIRECTION('center_axis',(0.,0.,-1.));
#12045=DIRECTION('ref_axis',(3.5527136788005E-14,-1.,0.));
#12046=DIRECTION('center_axis',(5.44131044644338E-14,-4.99335788447826E-13,
1.));
#12047=DIRECTION('ref_axis',(-5.63675900534488E-14,-1.,-4.99408307329609E-13));
#12048=DIRECTION('center_axis',(0.,-1.,0.));
#12049=DIRECTION('ref_axis',(0.,0.,-1.));
#12050=DIRECTION('center_axis',(0.,0.,-1.));
#12051=DIRECTION('ref_axis',(0.,-1.,0.));
#12052=DIRECTION('center_axis',(0.,0.,-1.));
#12053=DIRECTION('ref_axis',(3.33066907387547E-14,-1.,0.));
#12054=DIRECTION('center_axis',(-2.21536940188906E-15,-8.72522461311923E-13,
1.));
#12055=DIRECTION('ref_axis',(0.519060392083986,-0.854737567543172,-7.44521918622912E-13));
#12056=DIRECTION('center_axis',(0.,-1.,0.));
#12057=DIRECTION('ref_axis',(0.,0.,-1.));
#12058=DIRECTION('center_axis',(0.,0.,-1.));
#12059=DIRECTION('ref_axis',(0.,-1.,0.));
#12060=DIRECTION('center_axis',(0.500000000000017,-0.866025403784429,0.));
#12061=DIRECTION('ref_axis',(0.866025403784429,0.500000000000017,0.));
#12062=DIRECTION('',(0.,0.,1.));
#12063=DIRECTION('',(-0.866025403784429,-0.500000000000017,0.));
#12064=DIRECTION('',(0.,0.,1.));
#12065=DIRECTION('',(0.866025403784429,0.500000000000017,0.));
#12066=DIRECTION('center_axis',(-0.500000000000017,-0.866025403784429,0.));
#12067=DIRECTION('ref_axis',(0.,0.,1.));
#12068=DIRECTION('',(0.,0.,1.));
#12069=DIRECTION('',(-0.866025403784429,0.500000000000017,0.));
#12070=DIRECTION('',(0.866025403784429,-0.500000000000017,0.));
#12071=DIRECTION('center_axis',(-1.,0.,0.));
#12072=DIRECTION('ref_axis',(0.,1.,0.));
#12073=DIRECTION('',(0.,0.,1.));
#12074=DIRECTION('',(0.,1.,0.));
#12075=DIRECTION('',(0.,-1.,0.));
#12076=DIRECTION('center_axis',(0.,0.,-1.));
#12077=DIRECTION('ref_axis',(-1.,0.,0.));
#12078=DIRECTION('',(0.866025403784429,0.500000000000017,0.));
#12079=DIRECTION('',(0.866025403784429,-0.500000000000017,0.));
#12080=DIRECTION('',(0.,-1.,0.));
#12081=DIRECTION('center_axis',(1.,0.,0.));
#12082=DIRECTION('ref_axis',(0.,0.,-1.));
#12083=DIRECTION('',(0.,0.,1.));
#12084=DIRECTION('',(0.,1.,0.));
#12085=DIRECTION('center_axis',(-0.707106781186498,0.,-0.707106781186598));
#12086=DIRECTION('ref_axis',(0.,-1.,0.));
#12087=DIRECTION('',(0.654653670707987,0.377964473009193,-0.654653670707987));
#12088=DIRECTION('',(0.,1.,0.));
#12089=DIRECTION('',(0.654653670707987,-0.377964473009193,-0.654653670707987));
#12090=DIRECTION('center_axis',(-0.353553390593308,0.612372435695813,-0.707106781186515));
#12091=DIRECTION('ref_axis',(-0.866025403784424,-0.500000000000025,0.));
#12092=DIRECTION('',(0.,-0.755928946018463,-0.654653670707968));
#12093=DIRECTION('',(0.866025403784429,0.500000000000017,0.));
#12094=DIRECTION('center_axis',(0.353553390593308,0.612372435695813,-0.707106781186515));
#12095=DIRECTION('ref_axis',(-0.866025403784424,0.500000000000025,0.));
#12096=DIRECTION('',(-0.654653670707987,-0.377964473009193,-0.654653670707987));
#12097=DIRECTION('',(0.866025403784429,-0.500000000000017,0.));
#12098=DIRECTION('center_axis',(0.707106781186598,0.,-0.707106781186498));
#12099=DIRECTION('ref_axis',(0.,1.,0.));
#12100=DIRECTION('',(-0.654653670707987,0.377964473009193,-0.654653670707987));
#12101=DIRECTION('',(0.,-1.,0.));
#12102=DIRECTION('center_axis',(0.353553390593308,-0.612372435695813,-0.707106781186515));
#12103=DIRECTION('ref_axis',(0.866025403784424,0.500000000000025,0.));
#12104=DIRECTION('',(0.,0.755928946018463,-0.654653670707968));
#12105=DIRECTION('',(-0.866025403784429,-0.500000000000017,0.));
#12106=DIRECTION('',(-0.866025403784429,-0.500000000000017,0.));
#12107=DIRECTION('center_axis',(-0.500000000000017,0.866025403784429,0.));
#12108=DIRECTION('ref_axis',(0.,0.,1.));
#12109=DIRECTION('',(0.,0.,1.));
#12110=DIRECTION('center_axis',(0.500000000000017,0.866025403784429,0.));
#12111=DIRECTION('ref_axis',(0.,0.,-1.));
#12112=DIRECTION('',(-0.866025403784429,0.500000000000017,0.));
#12113=DIRECTION('center_axis',(-0.353553390593308,-0.612372435695813,-0.707106781186515));
#12114=DIRECTION('ref_axis',(0.866025403784424,-0.500000000000025,0.));
#12115=DIRECTION('',(-0.866025403784429,0.500000000000017,0.));
#12116=DIRECTION('center_axis',(0.,0.,-1.));
#12117=DIRECTION('ref_axis',(1.,0.,0.));
#12118=DIRECTION('center_axis',(0.,0.,-1.));
#12119=DIRECTION('ref_axis',(1.,0.,0.));
#12120=DIRECTION('center_axis',(0.,0.,-1.));
#12121=DIRECTION('ref_axis',(1.,0.,0.));
#12122=DIRECTION('',(0.,0.,1.));
#12123=DIRECTION('center_axis',(0.,0.,1.));
#12124=DIRECTION('ref_axis',(1.,0.,0.));
#12125=DIRECTION('center_axis',(0.,0.,-1.));
#12126=DIRECTION('ref_axis',(-0.999570216038897,-0.0293152384938803,0.));
#12127=DIRECTION('center_axis',(0.,0.,1.));
#12128=DIRECTION('ref_axis',(-1.,0.,0.));
#12129=DIRECTION('center_axis',(0.0293152384938798,-0.999570216038897,0.));
#12130=DIRECTION('ref_axis',(0.999570216038897,0.0293152384938798,0.));
#12131=DIRECTION('center_axis',(0.,0.,-1.));
#12132=DIRECTION('ref_axis',(-1.,0.,0.));
#12133=DIRECTION('center_axis',(0.500000000000017,-0.866025403784429,0.));
#12134=DIRECTION('ref_axis',(0.866025403784429,0.500000000000017,0.));
#12135=DIRECTION('',(0.,0.,1.));
#12136=DIRECTION('',(-0.866025403784429,-0.500000000000017,0.));
#12137=DIRECTION('',(0.,0.,1.));
#12138=DIRECTION('',(0.866025403784429,0.500000000000017,0.));
#12139=DIRECTION('center_axis',(-0.500000000000017,-0.866025403784429,0.));
#12140=DIRECTION('ref_axis',(0.,0.,1.));
#12141=DIRECTION('',(0.,0.,1.));
#12142=DIRECTION('',(-0.866025403784429,0.500000000000017,0.));
#12143=DIRECTION('',(0.866025403784429,-0.500000000000017,0.));
#12144=DIRECTION('center_axis',(-1.,0.,0.));
#12145=DIRECTION('ref_axis',(0.,1.,0.));
#12146=DIRECTION('',(0.,0.,1.));
#12147=DIRECTION('',(0.,1.,0.));
#12148=DIRECTION('',(0.,-1.,0.));
#12149=DIRECTION('center_axis',(0.,0.,-1.));
#12150=DIRECTION('ref_axis',(-1.,0.,0.));
#12151=DIRECTION('',(0.866025403784429,0.500000000000017,0.));
#12152=DIRECTION('',(0.866025403784429,-0.500000000000017,0.));
#12153=DIRECTION('',(0.,-1.,0.));
#12154=DIRECTION('center_axis',(1.,0.,0.));
#12155=DIRECTION('ref_axis',(0.,0.,-1.));
#12156=DIRECTION('',(0.,0.,1.));
#12157=DIRECTION('',(0.,1.,0.));
#12158=DIRECTION('center_axis',(-0.707106781186498,0.,-0.707106781186598));
#12159=DIRECTION('ref_axis',(0.,-1.,0.));
#12160=DIRECTION('',(0.654653670707987,0.377964473009193,-0.654653670707987));
#12161=DIRECTION('',(0.,1.,0.));
#12162=DIRECTION('',(0.654653670707987,-0.377964473009193,-0.654653670707987));
#12163=DIRECTION('center_axis',(-0.353553390593308,0.612372435695813,-0.707106781186515));
#12164=DIRECTION('ref_axis',(-0.866025403784424,-0.500000000000025,0.));
#12165=DIRECTION('',(0.,-0.755928946018463,-0.654653670707968));
#12166=DIRECTION('',(0.866025403784429,0.500000000000017,0.));
#12167=DIRECTION('center_axis',(0.353553390593308,0.612372435695813,-0.707106781186515));
#12168=DIRECTION('ref_axis',(-0.866025403784424,0.500000000000025,0.));
#12169=DIRECTION('',(-0.654653670707987,-0.377964473009193,-0.654653670707987));
#12170=DIRECTION('',(0.866025403784429,-0.500000000000017,0.));
#12171=DIRECTION('center_axis',(0.707106781186598,0.,-0.707106781186498));
#12172=DIRECTION('ref_axis',(0.,1.,0.));
#12173=DIRECTION('',(-0.654653670707987,0.377964473009193,-0.654653670707987));
#12174=DIRECTION('',(0.,-1.,0.));
#12175=DIRECTION('center_axis',(0.353553390593308,-0.612372435695813,-0.707106781186515));
#12176=DIRECTION('ref_axis',(0.866025403784424,0.500000000000025,0.));
#12177=DIRECTION('',(0.,0.755928946018463,-0.654653670707968));
#12178=DIRECTION('',(-0.866025403784429,-0.500000000000017,0.));
#12179=DIRECTION('',(-0.866025403784429,-0.500000000000017,0.));
#12180=DIRECTION('center_axis',(-0.500000000000017,0.866025403784429,0.));
#12181=DIRECTION('ref_axis',(0.,0.,1.));
#12182=DIRECTION('',(0.,0.,1.));
#12183=DIRECTION('center_axis',(0.500000000000017,0.866025403784429,0.));
#12184=DIRECTION('ref_axis',(0.,0.,-1.));
#12185=DIRECTION('',(-0.866025403784429,0.500000000000017,0.));
#12186=DIRECTION('center_axis',(-0.353553390593308,-0.612372435695813,-0.707106781186515));
#12187=DIRECTION('ref_axis',(0.866025403784424,-0.500000000000025,0.));
#12188=DIRECTION('',(-0.866025403784429,0.500000000000017,0.));
#12189=DIRECTION('center_axis',(0.,0.,-1.));
#12190=DIRECTION('ref_axis',(1.,0.,0.));
#12191=DIRECTION('center_axis',(0.,0.,-1.));
#12192=DIRECTION('ref_axis',(1.,0.,0.));
#12193=DIRECTION('center_axis',(0.,0.,-1.));
#12194=DIRECTION('ref_axis',(1.,0.,0.));
#12195=DIRECTION('',(0.,0.,1.));
#12196=DIRECTION('center_axis',(0.,0.,1.));
#12197=DIRECTION('ref_axis',(1.,0.,0.));
#12198=DIRECTION('center_axis',(0.,0.,-1.));
#12199=DIRECTION('ref_axis',(-0.999570216038897,-0.0293152384938803,0.));
#12200=DIRECTION('center_axis',(0.,0.,1.));
#12201=DIRECTION('ref_axis',(-1.,0.,0.));
#12202=DIRECTION('center_axis',(0.0293152384938798,-0.999570216038897,0.));
#12203=DIRECTION('ref_axis',(0.999570216038897,0.0293152384938798,0.));
#12204=DIRECTION('center_axis',(0.,0.,-1.));
#12205=DIRECTION('ref_axis',(-1.,0.,0.));
#12206=DIRECTION('center_axis',(0.,0.,-1.));
#12207=DIRECTION('ref_axis',(0.,-1.,0.));
#12208=DIRECTION('center_axis',(0.,0.,-1.));
#12209=DIRECTION('ref_axis',(0.,-1.,0.));
#12210=DIRECTION('',(1.,0.,0.));
#12211=DIRECTION('center_axis',(0.,0.,-1.));
#12212=DIRECTION('ref_axis',(0.,-1.,0.));
#12213=DIRECTION('',(0.,1.,0.));
#12214=DIRECTION('',(1.,0.,0.));
#12215=DIRECTION('',(0.,-1.,0.));
#12216=DIRECTION('center_axis',(0.,0.,-1.));
#12217=DIRECTION('ref_axis',(0.,-1.,0.));
#12218=DIRECTION('center_axis',(0.,0.,-1.));
#12219=DIRECTION('ref_axis',(0.,-1.,0.));
#12220=DIRECTION('',(0.,-1.,0.));
#12221=DIRECTION('',(-1.,0.,0.));
#12222=DIRECTION('',(0.,1.,0.));
#12223=DIRECTION('center_axis',(0.,0.,-1.));
#12224=DIRECTION('ref_axis',(0.,-1.,0.));
#12225=DIRECTION('',(-1.,0.,0.));
#12226=DIRECTION('center_axis',(0.,0.,-1.));
#12227=DIRECTION('ref_axis',(0.,-1.,0.));
#12228=DIRECTION('',(5.820311237243E-5,0.7071060773652,0.7071074826118));
#12229=DIRECTION('center_axis',(0.,0.,1.));
#12230=DIRECTION('ref_axis',(0.,-1.,0.));
#12231=DIRECTION('center_axis',(0.,0.707106781186548,-0.707106781186548));
#12232=DIRECTION('ref_axis',(-1.,0.,0.));
#12233=DIRECTION('',(-5.82138776747965E-5,0.707106077364757,0.707107482611357));
#12234=DIRECTION('',(1.,0.,0.));
#12235=DIRECTION('',(0.,-0.707106781186547,-0.707106781186547));
#12236=DIRECTION('',(0.999999999999989,0.,-1.46128145237999E-7));
#12237=DIRECTION('',(-1.,0.,0.));
#12238=DIRECTION('center_axis',(0.,-0.707106781186548,-0.707106781186548));
#12239=DIRECTION('ref_axis',(0.,-0.707106781186548,0.707106781186548));
#12240=DIRECTION('',(5.82138774549865E-5,-0.707106077364757,0.707107482611357));
#12241=DIRECTION('',(-1.,0.,0.));
#12242=DIRECTION('',(0.,0.707106781186547,-0.707106781186547));
#12243=DIRECTION('',(-0.999999999999771,0.,-6.7750719334338E-7));
#12244=DIRECTION('',(1.,0.,0.));
#12245=DIRECTION('center_axis',(0.,0.,1.));
#12246=DIRECTION('ref_axis',(1.,0.,0.));
#12247=DIRECTION('',(0.,1.,0.));
#12248=DIRECTION('',(-1.,0.,0.));
#12249=DIRECTION('',(0.,1.,0.));
#12250=DIRECTION('',(-1.,0.,0.));
#12251=DIRECTION('center_axis',(0.,0.,1.));
#12252=DIRECTION('ref_axis',(1.,0.,0.));
#12253=DIRECTION('',(-0.707106781186547,-0.707106781186547,0.));
#12254=DIRECTION('',(0.,-1.,0.));
#12255=DIRECTION('',(-0.707106781186547,0.707106781186547,0.));
#12256=DIRECTION('',(1.,0.,0.));
#12257=DIRECTION('',(0.707106781186547,0.707106781186547,0.));
#12258=DIRECTION('',(0.,-1.,0.));
#12259=DIRECTION('',(0.707106781186547,-0.707106781186547,0.));
#12260=DIRECTION('',(-1.,0.,0.));
#12261=DIRECTION('',(0.,-1.,0.));
#12262=DIRECTION('',(-0.707106781186547,-0.707106781186547,0.));
#12263=DIRECTION('',(-1.,0.,0.));
#12264=DIRECTION('',(-0.707106781186547,0.707106781186547,0.));
#12265=DIRECTION('',(0.,1.,0.));
#12266=DIRECTION('',(0.707106781186597,0.707106781186498,0.));
#12267=DIRECTION('',(1.,0.,0.));
#12268=DIRECTION('',(0.707106781186547,-0.707106781186547,0.));
#12269=DIRECTION('center_axis',(-1.,0.,0.));
#12270=DIRECTION('ref_axis',(0.,0.,1.));
#12271=DIRECTION('',(0.,0.,-1.));
#12272=DIRECTION('',(0.,0.,-1.));
#12273=DIRECTION('',(0.,-1.,0.));
#12274=DIRECTION('center_axis',(-0.707106781186548,0.707106781186548,0.));
#12275=DIRECTION('ref_axis',(0.,0.,1.));
#12276=DIRECTION('',(0.,0.,-1.));
#12277=DIRECTION('',(-0.707106781186547,-0.707106781186547,0.));
#12278=DIRECTION('center_axis',(0.,1.,0.));
#12279=DIRECTION('ref_axis',(1.,0.,0.));
#12280=DIRECTION('',(0.,0.,-1.));
#12281=DIRECTION('',(-1.,0.,0.));
#12282=DIRECTION('center_axis',(0.707106781186548,0.707106781186548,0.));
#12283=DIRECTION('ref_axis',(0.,0.,-1.));
#12284=DIRECTION('',(0.,0.,-1.));
#12285=DIRECTION('',(-0.707106781186547,0.707106781186547,0.));
#12286=DIRECTION('center_axis',(1.,0.,0.));
#12287=DIRECTION('ref_axis',(0.,1.,0.));
#12288=DIRECTION('',(0.,0.,-1.));
#12289=DIRECTION('',(0.,1.,0.));
#12290=DIRECTION('center_axis',(0.707106781186548,-0.707106781186548,0.));
#12291=DIRECTION('ref_axis',(0.,0.,-1.));
#12292=DIRECTION('',(0.,0.,-1.));
#12293=DIRECTION('',(0.707106781186597,0.707106781186498,0.));
#12294=DIRECTION('center_axis',(0.,-1.,0.));
#12295=DIRECTION('ref_axis',(0.,0.,-1.));
#12296=DIRECTION('',(0.,0.,-1.));
#12297=DIRECTION('',(1.,0.,0.));
#12298=DIRECTION('center_axis',(-0.707106781186548,-0.707106781186548,0.));
#12299=DIRECTION('ref_axis',(-0.707106781186548,0.707106781186548,0.));
#12300=DIRECTION('',(0.707106781186547,-0.707106781186547,0.));
#12301=DIRECTION('center_axis',(0.,0.,1.));
#12302=DIRECTION('ref_axis',(1.,0.,0.));
#12303=DIRECTION('',(0.707106781186547,-0.707106781186547,0.));
#12304=DIRECTION('',(0.,-1.,0.));
#12305=DIRECTION('',(0.707106781186547,0.707106781186547,0.));
#12306=DIRECTION('',(1.,0.,0.));
#12307=DIRECTION('',(-0.707106781186597,0.707106781186498,0.));
#12308=DIRECTION('',(0.,-1.,0.));
#12309=DIRECTION('',(-0.707106781186547,-0.707106781186547,0.));
#12310=DIRECTION('',(-1.,0.,0.));
#12311=DIRECTION('center_axis',(0.,0.,1.));
#12312=DIRECTION('ref_axis',(1.,0.,0.));
#12313=DIRECTION('',(-0.707106781186547,-0.707106781186547,0.));
#12314=DIRECTION('',(0.,-1.,0.));
#12315=DIRECTION('',(-0.707106781186547,0.707106781186547,0.));
#12316=DIRECTION('',(1.,0.,0.));
#12317=DIRECTION('',(0.707106781186547,0.707106781186547,0.));
#12318=DIRECTION('',(0.,-1.,0.));
#12319=DIRECTION('',(0.707106781186547,-0.707106781186547,0.));
#12320=DIRECTION('',(-1.,0.,0.));
#12321=DIRECTION('',(0.,-1.,0.));
#12322=DIRECTION('',(-0.707106781186547,-0.707106781186547,0.));
#12323=DIRECTION('',(-1.,0.,0.));
#12324=DIRECTION('',(-0.707106781186547,0.707106781186547,0.));
#12325=DIRECTION('',(0.,1.,0.));
#12326=DIRECTION('',(0.707106781186597,0.707106781186498,0.));
#12327=DIRECTION('',(1.,0.,0.));
#12328=DIRECTION('',(0.707106781186547,-0.707106781186547,0.));
#12329=DIRECTION('center_axis',(-1.,0.,0.));
#12330=DIRECTION('ref_axis',(0.,0.,1.));
#12331=DIRECTION('',(0.,0.,-1.));
#12332=DIRECTION('',(0.,0.,-1.));
#12333=DIRECTION('',(0.,-1.,0.));
#12334=DIRECTION('center_axis',(-0.707106781186548,0.707106781186548,0.));
#12335=DIRECTION('ref_axis',(0.,0.,1.));
#12336=DIRECTION('',(0.,0.,-1.));
#12337=DIRECTION('',(-0.707106781186547,-0.707106781186547,0.));
#12338=DIRECTION('center_axis',(0.,1.,0.));
#12339=DIRECTION('ref_axis',(1.,0.,0.));
#12340=DIRECTION('',(0.,0.,-1.));
#12341=DIRECTION('',(-1.,0.,0.));
#12342=DIRECTION('center_axis',(0.707106781186548,0.707106781186548,0.));
#12343=DIRECTION('ref_axis',(0.,0.,-1.));
#12344=DIRECTION('',(0.,0.,-1.));
#12345=DIRECTION('',(-0.707106781186547,0.707106781186547,0.));
#12346=DIRECTION('center_axis',(1.,0.,0.));
#12347=DIRECTION('ref_axis',(0.,1.,0.));
#12348=DIRECTION('',(0.,0.,-1.));
#12349=DIRECTION('',(0.,1.,0.));
#12350=DIRECTION('center_axis',(0.707106781186548,-0.707106781186548,0.));
#12351=DIRECTION('ref_axis',(0.,0.,-1.));
#12352=DIRECTION('',(0.,0.,-1.));
#12353=DIRECTION('',(0.707106781186597,0.707106781186498,0.));
#12354=DIRECTION('center_axis',(0.,-1.,0.));
#12355=DIRECTION('ref_axis',(0.,0.,-1.));
#12356=DIRECTION('',(0.,0.,-1.));
#12357=DIRECTION('',(1.,0.,0.));
#12358=DIRECTION('center_axis',(-0.707106781186548,-0.707106781186548,0.));
#12359=DIRECTION('ref_axis',(-0.707106781186548,0.707106781186548,0.));
#12360=DIRECTION('',(0.707106781186547,-0.707106781186547,0.));
#12361=DIRECTION('center_axis',(0.,0.,1.));
#12362=DIRECTION('ref_axis',(1.,0.,0.));
#12363=DIRECTION('',(0.707106781186547,-0.707106781186547,0.));
#12364=DIRECTION('',(0.,-1.,0.));
#12365=DIRECTION('',(0.707106781186547,0.707106781186547,0.));
#12366=DIRECTION('',(1.,0.,0.));
#12367=DIRECTION('',(-0.707106781186597,0.707106781186498,0.));
#12368=DIRECTION('',(0.,-1.,0.));
#12369=DIRECTION('',(-0.707106781186547,-0.707106781186547,0.));
#12370=DIRECTION('',(-1.,0.,0.));
#12371=DIRECTION('center_axis',(0.,0.,1.));
#12372=DIRECTION('ref_axis',(1.,0.,0.));
#12373=DIRECTION('',(-0.707106781186547,-0.707106781186547,0.));
#12374=DIRECTION('',(0.,-1.,0.));
#12375=DIRECTION('',(-0.707106781186547,0.707106781186547,0.));
#12376=DIRECTION('',(1.,0.,0.));
#12377=DIRECTION('',(0.707106781186547,0.707106781186547,0.));
#12378=DIRECTION('',(0.,-1.,0.));
#12379=DIRECTION('',(0.707106781186547,-0.707106781186547,0.));
#12380=DIRECTION('',(-1.,0.,0.));
#12381=DIRECTION('',(0.,-1.,0.));
#12382=DIRECTION('',(-0.707106781186547,-0.707106781186547,0.));
#12383=DIRECTION('',(-1.,0.,0.));
#12384=DIRECTION('',(-0.707106781186547,0.707106781186547,0.));
#12385=DIRECTION('',(0.,1.,0.));
#12386=DIRECTION('',(0.707106781186597,0.707106781186498,0.));
#12387=DIRECTION('',(1.,0.,0.));
#12388=DIRECTION('',(0.707106781186547,-0.707106781186547,0.));
#12389=DIRECTION('center_axis',(-1.,0.,0.));
#12390=DIRECTION('ref_axis',(0.,0.,1.));
#12391=DIRECTION('',(0.,0.,-1.));
#12392=DIRECTION('',(0.,0.,-1.));
#12393=DIRECTION('',(0.,-1.,0.));
#12394=DIRECTION('center_axis',(-0.707106781186548,0.707106781186548,0.));
#12395=DIRECTION('ref_axis',(0.,0.,1.));
#12396=DIRECTION('',(0.,0.,-1.));
#12397=DIRECTION('',(-0.707106781186547,-0.707106781186547,0.));
#12398=DIRECTION('center_axis',(0.,1.,0.));
#12399=DIRECTION('ref_axis',(1.,0.,0.));
#12400=DIRECTION('',(0.,0.,-1.));
#12401=DIRECTION('',(-1.,0.,0.));
#12402=DIRECTION('center_axis',(0.707106781186548,0.707106781186548,0.));
#12403=DIRECTION('ref_axis',(0.,0.,-1.));
#12404=DIRECTION('',(0.,0.,-1.));
#12405=DIRECTION('',(-0.707106781186547,0.707106781186547,0.));
#12406=DIRECTION('center_axis',(1.,0.,0.));
#12407=DIRECTION('ref_axis',(0.,1.,0.));
#12408=DIRECTION('',(0.,0.,-1.));
#12409=DIRECTION('',(0.,1.,0.));
#12410=DIRECTION('center_axis',(0.707106781186548,-0.707106781186548,0.));
#12411=DIRECTION('ref_axis',(0.,0.,-1.));
#12412=DIRECTION('',(0.,0.,-1.));
#12413=DIRECTION('',(0.707106781186597,0.707106781186498,0.));
#12414=DIRECTION('center_axis',(0.,-1.,0.));
#12415=DIRECTION('ref_axis',(0.,0.,-1.));
#12416=DIRECTION('',(0.,0.,-1.));
#12417=DIRECTION('',(1.,0.,0.));
#12418=DIRECTION('center_axis',(-0.707106781186548,-0.707106781186548,0.));
#12419=DIRECTION('ref_axis',(-0.707106781186548,0.707106781186548,0.));
#12420=DIRECTION('',(0.707106781186547,-0.707106781186547,0.));
#12421=DIRECTION('center_axis',(0.,0.,1.));
#12422=DIRECTION('ref_axis',(1.,0.,0.));
#12423=DIRECTION('',(0.707106781186547,-0.707106781186547,0.));
#12424=DIRECTION('',(0.,-1.,0.));
#12425=DIRECTION('',(0.707106781186547,0.707106781186547,0.));
#12426=DIRECTION('',(1.,0.,0.));
#12427=DIRECTION('',(-0.707106781186597,0.707106781186498,0.));
#12428=DIRECTION('',(0.,-1.,0.));
#12429=DIRECTION('',(-0.707106781186547,-0.707106781186547,0.));
#12430=DIRECTION('',(-1.,0.,0.));
#12431=DIRECTION('center_axis',(-0.707106781186548,0.707106781186548,0.));
#12432=DIRECTION('ref_axis',(0.,0.,1.));
#12433=DIRECTION('',(0.,0.,1.));
#12434=DIRECTION('',(0.,0.,1.));
#12435=DIRECTION('center_axis',(-0.707106781186548,0.707106781186548,0.));
#12436=DIRECTION('ref_axis',(0.,0.,1.));
#12437=DIRECTION('',(0.,0.,1.));
#12438=DIRECTION('',(0.,0.,1.));
#12439=DIRECTION('center_axis',(-0.707106781186548,0.707106781186548,0.));
#12440=DIRECTION('ref_axis',(0.,0.,1.));
#12441=DIRECTION('',(0.,0.,1.));
#12442=DIRECTION('',(-0.707106781186547,-0.707106781186547,0.));
#12443=DIRECTION('',(0.,0.,1.));
#12444=DIRECTION('center_axis',(1.,0.,0.));
#12445=DIRECTION('ref_axis',(0.,1.,0.));
#12446=DIRECTION('',(0.,0.,-1.));
#12447=DIRECTION('center_axis',(1.,0.,0.));
#12448=DIRECTION('ref_axis',(0.,1.,0.));
#12449=DIRECTION('',(0.,0.,-1.));
#12450=DIRECTION('center_axis',(1.,0.,0.));
#12451=DIRECTION('ref_axis',(0.,1.,0.));
#12452=DIRECTION('',(0.,0.,-1.));
#12453=DIRECTION('',(0.,-1.,0.));
#12454=DIRECTION('center_axis',(-0.707106781186548,-0.707106781186548,0.));
#12455=DIRECTION('ref_axis',(-0.707106781186548,0.707106781186548,0.));
#12456=DIRECTION('',(0.,0.,-1.));
#12457=DIRECTION('center_axis',(-0.707106781186548,-0.707106781186548,0.));
#12458=DIRECTION('ref_axis',(-0.707106781186548,0.707106781186548,0.));
#12459=DIRECTION('',(0.,0.,-1.));
#12460=DIRECTION('center_axis',(-0.707106781186548,-0.707106781186548,0.));
#12461=DIRECTION('ref_axis',(-0.707106781186548,0.707106781186548,0.));
#12462=DIRECTION('',(0.,0.,-1.));
#12463=DIRECTION('',(-0.707106781186547,0.707106781186547,0.));
#12464=DIRECTION('center_axis',(0.707106781186548,-0.707106781186548,0.));
#12465=DIRECTION('ref_axis',(0.,0.,-1.));
#12466=DIRECTION('',(0.,0.,1.));
#12467=DIRECTION('',(0.,0.,1.));
#12468=DIRECTION('center_axis',(0.707106781186548,-0.707106781186548,0.));
#12469=DIRECTION('ref_axis',(0.,0.,-1.));
#12470=DIRECTION('',(0.,0.,1.));
#12471=DIRECTION('',(0.,0.,1.));
#12472=DIRECTION('center_axis',(0.707106781186548,-0.707106781186548,0.));
#12473=DIRECTION('ref_axis',(0.,0.,-1.));
#12474=DIRECTION('',(0.,0.,1.));
#12475=DIRECTION('',(0.707106781186547,0.707106781186547,0.));
#12476=DIRECTION('',(0.,0.,1.));
#12477=DIRECTION('center_axis',(-1.,0.,0.));
#12478=DIRECTION('ref_axis',(0.,0.,1.));
#12479=DIRECTION('',(0.,0.,-1.));
#12480=DIRECTION('center_axis',(-1.,0.,0.));
#12481=DIRECTION('ref_axis',(0.,0.,1.));
#12482=DIRECTION('',(0.,0.,-1.));
#12483=DIRECTION('center_axis',(-1.,0.,0.));
#12484=DIRECTION('ref_axis',(0.,0.,1.));
#12485=DIRECTION('',(0.,0.,-1.));
#12486=DIRECTION('',(0.,-1.,0.));
#12487=DIRECTION('center_axis',(0.707106781186548,0.707106781186548,0.));
#12488=DIRECTION('ref_axis',(0.,0.,-1.));
#12489=DIRECTION('',(0.,0.,-1.));
#12490=DIRECTION('center_axis',(0.707106781186548,0.707106781186548,0.));
#12491=DIRECTION('ref_axis',(0.,0.,-1.));
#12492=DIRECTION('',(0.,0.,-1.));
#12493=DIRECTION('center_axis',(0.707106781186548,0.707106781186548,0.));
#12494=DIRECTION('ref_axis',(0.,0.,-1.));
#12495=DIRECTION('',(0.,0.,-1.));
#12496=DIRECTION('',(0.707106781186547,-0.707106781186547,0.));
#12497=DIRECTION('center_axis',(0.,-1.,0.));
#12498=DIRECTION('ref_axis',(0.,0.,-1.));
#12499=DIRECTION('center_axis',(0.,-1.,0.));
#12500=DIRECTION('ref_axis',(0.,0.,-1.));
#12501=DIRECTION('center_axis',(0.,-1.,0.));
#12502=DIRECTION('ref_axis',(0.,0.,-1.));
#12503=DIRECTION('',(-1.,0.,0.));
#12504=DIRECTION('center_axis',(0.,0.,1.));
#12505=DIRECTION('ref_axis',(1.,0.,0.));
#12506=DIRECTION('',(1.,0.,0.));
#12507=DIRECTION('',(0.,-1.,0.));
#12508=DIRECTION('',(-0.707106781186547,-0.707106781186547,0.));
#12509=DIRECTION('',(-1.,0.,0.));
#12510=DIRECTION('',(-0.707106781186547,0.707106781186547,0.));
#12511=DIRECTION('',(0.,1.,0.));
#12512=DIRECTION('',(0.707106781186597,0.707106781186498,0.));
#12513=DIRECTION('',(1.,0.,0.));
#12514=DIRECTION('',(0.707106781186547,-0.707106781186547,0.));
#12515=DIRECTION('center_axis',(-1.,0.,0.));
#12516=DIRECTION('ref_axis',(0.,0.,1.));
#12517=DIRECTION('',(0.,0.,-1.));
#12518=DIRECTION('',(0.,0.,-1.));
#12519=DIRECTION('',(0.,-1.,0.));
#12520=DIRECTION('center_axis',(-0.707106781186548,0.707106781186548,0.));
#12521=DIRECTION('ref_axis',(0.,0.,1.));
#12522=DIRECTION('',(0.,0.,-1.));
#12523=DIRECTION('',(-0.707106781186547,-0.707106781186547,0.));
#12524=DIRECTION('center_axis',(0.,1.,0.));
#12525=DIRECTION('ref_axis',(1.,0.,0.));
#12526=DIRECTION('',(0.,0.,-1.));
#12527=DIRECTION('',(-1.,0.,0.));
#12528=DIRECTION('center_axis',(0.707106781186548,0.707106781186548,0.));
#12529=DIRECTION('ref_axis',(0.,0.,-1.));
#12530=DIRECTION('',(0.,0.,-1.));
#12531=DIRECTION('',(-0.707106781186547,0.707106781186547,0.));
#12532=DIRECTION('center_axis',(1.,0.,0.));
#12533=DIRECTION('ref_axis',(0.,1.,0.));
#12534=DIRECTION('',(0.,0.,-1.));
#12535=DIRECTION('',(0.,1.,0.));
#12536=DIRECTION('center_axis',(0.707106781186548,-0.707106781186548,0.));
#12537=DIRECTION('ref_axis',(0.,0.,-1.));
#12538=DIRECTION('',(0.,0.,-1.));
#12539=DIRECTION('',(0.707106781186597,0.707106781186498,0.));
#12540=DIRECTION('center_axis',(0.,-1.,0.));
#12541=DIRECTION('ref_axis',(0.,0.,-1.));
#12542=DIRECTION('',(0.,0.,-1.));
#12543=DIRECTION('',(1.,0.,0.));
#12544=DIRECTION('center_axis',(-0.707106781186548,-0.707106781186548,0.));
#12545=DIRECTION('ref_axis',(-0.707106781186548,0.707106781186548,0.));
#12546=DIRECTION('',(0.707106781186547,-0.707106781186547,0.));
#12547=DIRECTION('center_axis',(0.,0.,1.));
#12548=DIRECTION('ref_axis',(1.,0.,0.));
#12549=DIRECTION('',(0.707106781186547,-0.707106781186547,0.));
#12550=DIRECTION('',(0.,-1.,0.));
#12551=DIRECTION('',(0.707106781186547,0.707106781186547,0.));
#12552=DIRECTION('',(1.,0.,0.));
#12553=DIRECTION('',(-0.707106781186597,0.707106781186498,0.));
#12554=DIRECTION('',(0.,-1.,0.));
#12555=DIRECTION('',(-0.707106781186547,-0.707106781186547,0.));
#12556=DIRECTION('',(-1.,0.,0.));
#12557=DIRECTION('center_axis',(0.,1.,0.));
#12558=DIRECTION('ref_axis',(1.,0.,0.));
#12559=DIRECTION('center_axis',(0.,1.,0.));
#12560=DIRECTION('ref_axis',(1.,0.,0.));
#12561=DIRECTION('center_axis',(0.,1.,0.));
#12562=DIRECTION('ref_axis',(1.,0.,0.));
#12563=DIRECTION('center_axis',(0.,0.707106781186548,-0.707106781186548));
#12564=DIRECTION('ref_axis',(-1.,0.,0.));
#12565=DIRECTION('',(0.,0.707106781186547,0.707106781186547));
#12566=DIRECTION('',(1.,0.,0.));
#12567=DIRECTION('',(-1.,0.,0.));
#12568=DIRECTION('',(0.999999999999771,0.,6.7750719457958E-7));
#12569=DIRECTION('center_axis',(-1.,0.,0.));
#12570=DIRECTION('ref_axis',(0.,0.,1.));
#12571=DIRECTION('',(0.,-1.,0.));
#12572=DIRECTION('',(0.,0.,-1.));
#12573=DIRECTION('',(0.,0.,1.));
#12574=DIRECTION('center_axis',(-1.,0.,0.));
#12575=DIRECTION('ref_axis',(0.,0.,1.));
#12576=DIRECTION('',(0.,1.,0.));
#12577=DIRECTION('',(0.,0.,-1.));
#12578=DIRECTION('',(0.,-1.,0.));
#12579=DIRECTION('',(0.,0.,-1.));
#12580=DIRECTION('center_axis',(0.,0.,1.));
#12581=DIRECTION('ref_axis',(1.,0.,0.));
#12582=DIRECTION('',(0.,1.,0.));
#12583=DIRECTION('',(-1.,0.,0.));
#12584=DIRECTION('',(-1.,0.,0.));
#12585=DIRECTION('center_axis',(1.,0.,0.));
#12586=DIRECTION('ref_axis',(0.,1.,0.));
#12587=DIRECTION('',(0.,0.,1.));
#12588=DIRECTION('',(0.,1.,0.));
#12589=DIRECTION('',(0.,-0.707106781186547,0.707106781186547));
#12590=DIRECTION('',(0.,0.,-1.));
#12591=DIRECTION('center_axis',(1.,0.,0.));
#12592=DIRECTION('ref_axis',(0.,1.,0.));
#12593=DIRECTION('',(0.,1.,0.));
#12594=DIRECTION('',(0.,0.,1.));
#12595=DIRECTION('',(0.,0.,1.));
#12596=DIRECTION('center_axis',(0.,-0.707106781186548,-0.707106781186548));
#12597=DIRECTION('ref_axis',(0.,-0.707106781186548,0.707106781186548));
#12598=DIRECTION('',(-1.,0.,0.));
#12599=DIRECTION('',(-5.820311235359E-5,-0.7071060773652,0.7071074826118));
#12600=DIRECTION('',(1.,0.,0.));
#12601=DIRECTION('',(-0.999999999999989,0.,1.46128144959598E-7));
#12602=DIRECTION('center_axis',(0.,0.,-1.));
#12603=DIRECTION('ref_axis',(-0.324428832721358,0.945910108043601,0.));
#12604=DIRECTION('center_axis',(0.,0.,1.));
#12605=DIRECTION('ref_axis',(0.,-1.,0.));
#12606=DIRECTION('center_axis',(0.,0.,-1.));
#12607=DIRECTION('ref_axis',(0.324428830518724,0.945910108799062,0.));
#12608=DIRECTION('center_axis',(0.,0.,1.));
#12609=DIRECTION('ref_axis',(0.,-1.,0.));
#12610=DIRECTION('center_axis',(0.,0.,-1.));
#12611=DIRECTION('ref_axis',(0.,-1.,0.));
#12612=DIRECTION('center_axis',(0.,0.,1.));
#12613=DIRECTION('ref_axis',(0.,-1.,0.));
#12614=DIRECTION('center_axis',(0.,1.,0.));
#12615=DIRECTION('ref_axis',(1.,0.,0.));
#12616=DIRECTION('',(1.,0.,0.));
#12617=DIRECTION('',(1.,0.,0.));
#12618=DIRECTION('center_axis',(-1.,0.,0.));
#12619=DIRECTION('ref_axis',(0.,0.,1.));
#12620=DIRECTION('',(-9.60109963483327E-14,1.59290971214279E-13,1.));
#12621=DIRECTION('center_axis',(0.,1.,0.));
#12622=DIRECTION('ref_axis',(1.,0.,0.));
#12623=DIRECTION('',(4.14592649922099E-14,0.,-1.));
#12624=DIRECTION('',(1.,0.,0.));
#12625=DIRECTION('center_axis',(1.,0.,0.));
#12626=DIRECTION('ref_axis',(0.,1.,0.));
#12627=DIRECTION('center_axis',(0.,0.,1.));
#12628=DIRECTION('ref_axis',(1.,0.,0.));
#12629=DIRECTION('center_axis',(0.,0.,-1.));
#12630=DIRECTION('ref_axis',(0.,-1.,0.));
#12631=DIRECTION('',(1.,0.,0.));
#12632=DIRECTION('center_axis',(0.,0.,-1.));
#12633=DIRECTION('ref_axis',(0.,-1.,0.));
#12634=DIRECTION('',(-1.,0.,0.));
#12635=DIRECTION('center_axis',(0.,0.,-1.));
#12636=DIRECTION('ref_axis',(0.,-1.,0.));
#12637=DIRECTION('',(-1.,0.,0.));
#12638=DIRECTION('',(0.707106781186548,-0.707106781186548,0.));
#12639=DIRECTION('',(0.,1.,0.));
#12640=DIRECTION('',(1.,0.,0.));
#12641=DIRECTION('center_axis',(-3.04581304921399E-16,-3.0458130492144E-16,
-1.));
#12642=DIRECTION('ref_axis',(1.,-5.04646829375072E-16,-2.52323414687536E-16));
#12643=DIRECTION('',(0.,-1.,0.));
#12644=DIRECTION('center_axis',(0.,0.,1.));
#12645=DIRECTION('ref_axis',(1.,0.,0.));
#12646=DIRECTION('center_axis',(0.,1.,0.));
#12647=DIRECTION('ref_axis',(1.,0.,0.));
#12648=DIRECTION('',(0.,0.,1.));
#12649=DIRECTION('',(0.,0.,1.));
#12650=DIRECTION('',(-1.,0.,-8.60239032325452E-15));
#12651=DIRECTION('',(0.,0.,-1.));
#12652=DIRECTION('',(-1.,0.,0.));
#12653=DIRECTION('',(0.,0.,-1.));
#12654=DIRECTION('',(1.,0.,0.));
#12655=DIRECTION('center_axis',(1.,0.,0.));
#12656=DIRECTION('ref_axis',(0.,1.,0.));
#12657=DIRECTION('',(0.,9.7697583431028E-9,1.));
#12658=DIRECTION('',(-2.22520587607014E-7,0.99999999999995,2.22520586886437E-7));
#12659=DIRECTION('center_axis',(0.,0.,-1.));
#12660=DIRECTION('ref_axis',(-1.,0.,0.));
#12661=DIRECTION('',(6.6185274737658E-9,0.,1.));
#12662=DIRECTION('center_axis',(0.,0.,1.));
#12663=DIRECTION('ref_axis',(-1.,0.,0.));
#12664=DIRECTION('center_axis',(0.,1.,0.));
#12665=DIRECTION('ref_axis',(1.,0.,0.));
#12666=DIRECTION('',(0.,1.81672858575031E-14,1.));
#12667=DIRECTION('',(-0.999999999999919,0.,4.0195298453288E-7));
#12668=DIRECTION('center_axis',(1.,0.,0.));
#12669=DIRECTION('ref_axis',(0.,1.,0.));
#12670=DIRECTION('',(0.,0.,-1.));
#12671=DIRECTION('',(0.,0.,1.));
#12672=DIRECTION('',(0.,1.,0.));
#12673=DIRECTION('',(0.,0.,-1.));
#12674=DIRECTION('',(0.,1.,-3.18571080446584E-15));
#12675=DIRECTION('center_axis',(0.,-0.707106781186548,-0.707106781186548));
#12676=DIRECTION('ref_axis',(0.,-0.707106781186548,0.707106781186548));
#12677=DIRECTION('',(0.577350269189628,0.577350269189624,-0.577350269189625));
#12678=DIRECTION('',(1.,0.,-5.81726447834424E-15));
#12679=DIRECTION('',(0.577350269189847,-0.577350269189266,0.577350269189764));
#12680=DIRECTION('center_axis',(-1.,0.,0.));
#12681=DIRECTION('ref_axis',(0.,0.,1.));
#12682=DIRECTION('',(0.,-0.99999999999989,4.69589697283534E-7));
#12683=DIRECTION('',(0.,3.70771935941655E-9,1.));
#12684=DIRECTION('',(0.,1.,0.));
#12685=DIRECTION('center_axis',(0.,0.,-1.));
#12686=DIRECTION('ref_axis',(0.,-1.,0.));
#12687=DIRECTION('',(0.,-1.,0.));
#12688=DIRECTION('',(-0.707106781186548,-0.707106781186548,0.));
#12689=DIRECTION('center_axis',(3.04581304921199E-16,-3.04581304921359E-16,
-1.));
#12690=DIRECTION('ref_axis',(5.22814115232574E-13,1.,-2.52323414687535E-16));
#12691=DIRECTION('',(1.,0.,0.));
#12692=DIRECTION('center_axis',(0.,0.,1.));
#12693=DIRECTION('ref_axis',(1.,0.,0.));
#12694=DIRECTION('center_axis',(0.707106781186548,-0.707106781186548,0.));
#12695=DIRECTION('ref_axis',(0.,0.,-1.));
#12696=DIRECTION('',(0.,0.,1.));
#12697=DIRECTION('center_axis',(0.,0.,1.));
#12698=DIRECTION('ref_axis',(1.,0.,0.));
#12699=DIRECTION('',(-1.,0.,0.));
#12700=DIRECTION('center_axis',(0.,0.,-1.));
#12701=DIRECTION('ref_axis',(0.,-1.,0.));
#12702=DIRECTION('',(-1.,0.,0.));
#12703=DIRECTION('center_axis',(0.,0.,-1.));
#12704=DIRECTION('ref_axis',(0.,-1.,0.));
#12705=DIRECTION('',(-1.,0.,0.));
#12706=DIRECTION('center_axis',(-0.707106781186548,-0.707106781186548,0.));
#12707=DIRECTION('ref_axis',(-0.707106781186548,0.707106781186548,0.));
#12708=DIRECTION('center_axis',(-0.707106781186548,0.,-0.707106781186548));
#12709=DIRECTION('ref_axis',(-0.707106781186548,0.,0.707106781186548));
#12710=DIRECTION('',(0.707107645405827,-9.67082494804186E-9,-0.707105916966212));
#12711=DIRECTION('',(-2.81649816635458E-7,-0.999999999999921,2.81649816941961E-7));
#12712=DIRECTION('center_axis',(0.,0.,-1.));
#12713=DIRECTION('ref_axis',(0.,-1.,0.));
#12714=DIRECTION('',(2.47609783063733E-9,-0.707108650350525,0.707104912017629));
#12715=DIRECTION('center_axis',(0.,0.,1.));
#12716=DIRECTION('ref_axis',(0.,-1.,0.));
#12717=DIRECTION('center_axis',(0.,-0.707106781186548,-0.707106781186548));
#12718=DIRECTION('ref_axis',(0.,-0.707106781186548,0.707106781186548));
#12719=DIRECTION('',(0.57735026918958,0.577350269189674,-0.577350269189623));
#12720=DIRECTION('',(0.999999999999913,4.18130106751328E-7,0.));
#12721=DIRECTION('center_axis',(-0.707106781186548,0.707106781186548,0.));
#12722=DIRECTION('ref_axis',(0.,0.,1.));
#12723=DIRECTION('',(0.,0.,-1.));
#12724=DIRECTION('',(-0.707106781186548,-0.707106781186548,0.));
#12725=DIRECTION('center_axis',(0.,0.,-1.));
#12726=DIRECTION('ref_axis',(0.,-1.,0.));
#12727=DIRECTION('',(1.,0.,0.));
#12728=DIRECTION('',(0.,-1.,0.));
#12729=DIRECTION('center_axis',(-3.04581304921472E-16,3.04581304921476E-16,
-1.));
#12730=DIRECTION('ref_axis',(-1.00929365875014E-15,-1.,-2.52323414687535E-16));
#12731=DIRECTION('',(-1.,0.,0.));
#12732=DIRECTION('center_axis',(-0.707106781186548,0.,-0.707106781186548));
#12733=DIRECTION('ref_axis',(-0.707106781186548,0.,0.707106781186548));
#12734=DIRECTION('',(-0.577350269189624,0.577350269189626,0.577350269189627));
#12735=DIRECTION('',(0.,-1.,0.));
#12736=DIRECTION('center_axis',(0.,0.,1.));
#12737=DIRECTION('ref_axis',(1.,0.,0.));
#12738=DIRECTION('',(-5.07912053600742E-7,0.999999999999871,0.));
#12739=DIRECTION('',(-0.999999999999913,4.1810005586902E-7,0.));
#12740=DIRECTION('center_axis',(0.,0.,-1.));
#12741=DIRECTION('ref_axis',(0.,-1.,0.));
#12742=DIRECTION('',(2.81765737362401E-7,-0.999999999999921,-2.81765737362401E-7));
#12743=DIRECTION('',(-1.,0.,-5.49408311843623E-15));
#12744=DIRECTION('',(5.07875951652823E-7,0.999999999999871,0.));
#12745=DIRECTION('center_axis',(0.,0.,-1.));
#12746=DIRECTION('ref_axis',(0.,-1.,0.));
#12747=DIRECTION('',(-0.999999999999946,-2.31958788502581E-7,-2.31958788502581E-7));
#12748=DIRECTION('',(0.,1.,0.));
#12749=DIRECTION('',(0.999999999999946,-2.31862963512566E-7,2.31862963512566E-7));
#12750=DIRECTION('center_axis',(0.,0.,-1.));
#12751=DIRECTION('ref_axis',(0.,-1.,0.));
#12752=DIRECTION('center_axis',(0.,0.,-1.));
#12753=DIRECTION('ref_axis',(1.,1.67310971207245E-15,0.));
#12754=DIRECTION('center_axis',(0.,0.,-1.));
#12755=DIRECTION('ref_axis',(1.,-1.48029736616688E-15,0.));
#12756=DIRECTION('center_axis',(0.,0.,-1.));
#12757=DIRECTION('ref_axis',(1.,-1.48029736616688E-15,0.));
#12758=DIRECTION('center_axis',(0.,0.,-1.));
#12759=DIRECTION('ref_axis',(-1.,-2.19575749395907E-17,0.));
#12760=DIRECTION('center_axis',(0.,0.,-1.));
#12761=DIRECTION('ref_axis',(-1.,1.48029736616688E-15,0.));
#12762=DIRECTION('center_axis',(0.,0.,-1.));
#12763=DIRECTION('ref_axis',(-1.,1.48029736616688E-15,0.));
#12764=DIRECTION('center_axis',(0.707106781186598,0.,-0.707106781186498));
#12765=DIRECTION('ref_axis',(0.,-1.,0.));
#12766=DIRECTION('',(0.707108650351256,7.00500653480312E-9,0.707104912016898));
#12767=DIRECTION('center_axis',(-1.,0.,0.));
#12768=DIRECTION('ref_axis',(0.,0.,1.));
#12769=DIRECTION('',(0.,0.,-1.));
#12770=DIRECTION('',(0.,0.,1.));
#12771=DIRECTION('',(0.,-1.,-4.50044859678507E-15));
#12772=DIRECTION('',(0.,-2.82602224450053E-14,1.));
#12773=DIRECTION('',(0.,-1.,0.));
#12774=DIRECTION('center_axis',(0.,1.,0.));
#12775=DIRECTION('ref_axis',(1.,0.,0.));
#12776=DIRECTION('',(-9.7721685437389E-9,0.,1.));
#12777=DIRECTION('',(-0.999999999999964,-1.90470566826712E-7,1.90470566621115E-7));
#12778=DIRECTION('center_axis',(0.,0.,-1.));
#12779=DIRECTION('ref_axis',(-1.,0.,0.));
#12780=DIRECTION('center_axis',(0.,0.,1.));
#12781=DIRECTION('ref_axis',(-1.,0.,0.));
#12782=DIRECTION('center_axis',(0.,0.,1.));
#12783=DIRECTION('ref_axis',(0.,-1.,0.));
#12784=DIRECTION('',(9.03833564283035E-9,0.707104485068311,0.707109077297328));
#12785=DIRECTION('center_axis',(0.,-0.707106781186548,0.707106781186548));
#12786=DIRECTION('ref_axis',(-1.,0.,0.));
#12787=DIRECTION('',(2.02110402168007E-8,-0.707104688976149,-0.707108873390755));
#12788=DIRECTION('center_axis',(0.,0.,1.));
#12789=DIRECTION('ref_axis',(0.,-1.,0.));
#12790=DIRECTION('center_axis',(0.,1.,0.));
#12791=DIRECTION('ref_axis',(1.,0.,0.));
#12792=DIRECTION('center_axis',(-1.,0.,0.));
#12793=DIRECTION('ref_axis',(0.,0.,1.));
#12794=DIRECTION('',(-4.14592649922099E-14,0.,-1.));
#12795=DIRECTION('center_axis',(0.,0.,1.));
#12796=DIRECTION('ref_axis',(0.,-1.,0.));
#12797=DIRECTION('',(-1.44034762417368E-9,-0.707104485068314,0.707109077297325));
#12798=DIRECTION('center_axis',(0.,0.707106781186548,0.707106781186548));
#12799=DIRECTION('ref_axis',(1.,0.,0.));
#12800=DIRECTION('',(-5.05489330663542E-9,0.707104688976314,-0.707108873390591));
#12801=DIRECTION('',(-1.,0.,0.));
#12802=DIRECTION('center_axis',(0.,0.,1.));
#12803=DIRECTION('ref_axis',(0.,-1.,0.));
#12804=DIRECTION('center_axis',(1.,0.,0.));
#12805=DIRECTION('ref_axis',(0.,1.,0.));
#12806=DIRECTION('',(0.,0.,1.));
#12807=DIRECTION('center_axis',(0.,-1.,0.));
#12808=DIRECTION('ref_axis',(0.,0.,-1.));
#12809=DIRECTION('',(0.,0.,-1.));
#12810=DIRECTION('',(1.,0.,0.));
#12811=DIRECTION('',(0.,0.,1.));
#12812=DIRECTION('',(1.,0.,-8.60239032325445E-15));
#12813=DIRECTION('',(-2.26081779560085E-13,0.,-1.));
#12814=DIRECTION('center_axis',(0.,-1.,0.));
#12815=DIRECTION('ref_axis',(0.,0.,-1.));
#12816=DIRECTION('',(1.59277282585441E-9,0.,1.));
#12817=DIRECTION('',(0.999999999999919,0.,-4.01932491254339E-7));
#12818=DIRECTION('center_axis',(0.,0.,-1.));
#12819=DIRECTION('ref_axis',(-1.,0.,0.));
#12820=DIRECTION('',(0.,-1.39900549684792E-8,1.));
#12821=DIRECTION('center_axis',(0.,0.,1.));
#12822=DIRECTION('ref_axis',(-1.,0.,0.));
#12823=DIRECTION('center_axis',(1.,0.,0.));
#12824=DIRECTION('ref_axis',(0.,1.,0.));
#12825=DIRECTION('',(2.22470279258062E-7,0.999999999999951,-2.2247027997864E-7));
#12826=DIRECTION('center_axis',(0.,0.,-1.));
#12827=DIRECTION('ref_axis',(0.,-1.,0.));
#12828=DIRECTION('',(9.6724939529035E-9,0.707107645405698,-0.70710591696634));
#12829=DIRECTION('center_axis',(0.,0.707106781186548,-0.707106781186548));
#12830=DIRECTION('ref_axis',(-1.,0.,0.));
#12831=DIRECTION('',(3.79294104059775E-10,-0.707108650306076,-0.707104912062078));
#12832=DIRECTION('center_axis',(0.,0.,-1.));
#12833=DIRECTION('ref_axis',(0.,-1.,0.));
#12834=DIRECTION('',(-0.70710764543581,-1.38494227718984E-8,0.707105916936229));
#12835=DIRECTION('center_axis',(-0.707106781186548,0.,-0.707106781186548));
#12836=DIRECTION('ref_axis',(-0.707106781186548,0.,0.707106781186548));
#12837=DIRECTION('',(0.577350269190042,-0.577350269189174,-0.577350269189661));
#12838=DIRECTION('center_axis',(0.,0.707106781186548,-0.707106781186548));
#12839=DIRECTION('ref_axis',(-1.,0.,0.));
#12840=DIRECTION('',(-0.577350269189628,-0.577350269189624,-0.577350269189625));
#12841=DIRECTION('center_axis',(0.707106781186548,0.,-0.707106781186548));
#12842=DIRECTION('ref_axis',(0.,-1.,0.));
#12843=DIRECTION('',(0.,-0.99999999999989,-4.69565401564092E-7));
#12844=DIRECTION('',(-0.70710865030632,4.88980428405919E-9,-0.707104912061835));
#12845=DIRECTION('center_axis',(0.,0.,-1.));
#12846=DIRECTION('ref_axis',(0.,-1.,0.));
#12847=DIRECTION('',(-3.63714313015511E-9,0.70710764543621,0.707105916935829));
#12848=DIRECTION('center_axis',(0.,0.,-1.));
#12849=DIRECTION('ref_axis',(-1.,0.,0.));
#12850=DIRECTION('center_axis',(0.,0.707106781186548,-0.707106781186548));
#12851=DIRECTION('ref_axis',(-1.,0.,0.));
#12852=DIRECTION('',(-0.57735026918957,-0.577350269189677,-0.57735026918963));
#12853=DIRECTION('',(0.999999999999964,-1.90427013141054E-7,-1.90427013141054E-7));
#12854=DIRECTION('center_axis',(0.707106781186598,0.,-0.707106781186498));
#12855=DIRECTION('ref_axis',(0.,-1.,0.));
#12856=DIRECTION('',(-0.577350269189624,0.577350269189626,-0.577350269189627));
#12857=DIRECTION('center_axis',(0.,-0.707106781186548,-0.707106781186548));
#12858=DIRECTION('ref_axis',(0.,-0.707106781186548,0.707106781186548));
#12859=DIRECTION('center_axis',(0.,0.,-1.));
#12860=DIRECTION('ref_axis',(-1.,0.,0.));
#12861=DIRECTION('center_axis',(1.07713122304346E-31,7.40148683083437E-16,
-1.));
#12862=DIRECTION('ref_axis',(-1.,-1.24224974753961E-15,0.));
#12863=DIRECTION('',(0.,0.,-1.));
#12864=DIRECTION('center_axis',(0.,0.,-1.));
#12865=DIRECTION('ref_axis',(-1.,0.,0.));
#12866=DIRECTION('center_axis',(0.,7.40148683083437E-16,-1.));
#12867=DIRECTION('ref_axis',(-1.,1.48029736616687E-15,0.));
#12868=DIRECTION('',(0.,0.,-1.));
#12869=DIRECTION('center_axis',(0.,0.,-1.));
#12870=DIRECTION('ref_axis',(-1.,0.,0.));
#12871=DIRECTION('center_axis',(0.,0.,-1.));
#12872=DIRECTION('ref_axis',(-1.,1.48029736616687E-15,0.));
#12873=DIRECTION('',(0.,0.,-1.));
#12874=DIRECTION('center_axis',(0.,0.,-1.));
#12875=DIRECTION('ref_axis',(-1.,0.,0.));
#12876=DIRECTION('center_axis',(0.,0.,-1.));
#12877=DIRECTION('ref_axis',(-1.,-2.19575749395907E-17,0.));
#12878=DIRECTION('',(0.,0.,-1.));
#12879=DIRECTION('center_axis',(0.,0.,-1.));
#12880=DIRECTION('ref_axis',(-1.,0.,0.));
#12881=DIRECTION('center_axis',(0.,0.,-1.));
#12882=DIRECTION('ref_axis',(1.,-1.48029736616688E-15,0.));
#12883=DIRECTION('',(0.,0.,-1.));
#12884=DIRECTION('center_axis',(0.,0.,-1.));
#12885=DIRECTION('ref_axis',(-1.,0.,0.));
#12886=DIRECTION('center_axis',(0.,0.,-1.));
#12887=DIRECTION('ref_axis',(1.,-1.48029736616688E-15,0.));
#12888=DIRECTION('',(0.,0.,-1.));
#12889=DIRECTION('center_axis',(0.,0.,-1.));
#12890=DIRECTION('ref_axis',(0.,-1.,0.));
#12891=DIRECTION('',(0.707106781186548,-0.707106781186548,0.));
#12892=DIRECTION('',(-1.,0.,0.));
#12893=DIRECTION('center_axis',(3.04581304921399E-16,3.0458130492144E-16,
-1.));
#12894=DIRECTION('ref_axis',(-1.,1.00929365875014E-15,-2.52323414687536E-16));
#12895=DIRECTION('',(0.,1.,0.));
#12896=DIRECTION('center_axis',(0.707106781186548,0.707106781186548,0.));
#12897=DIRECTION('ref_axis',(0.,0.,-1.));
#12898=DIRECTION('center_axis',(0.,-1.,0.));
#12899=DIRECTION('ref_axis',(0.,0.,-1.));
#12900=DIRECTION('center_axis',(-1.,0.,0.));
#12901=DIRECTION('ref_axis',(0.,0.,1.));
#12902=DIRECTION('',(0.,-2.58948970229375E-9,1.));
#12903=DIRECTION('center_axis',(0.,0.,-1.));
#12904=DIRECTION('ref_axis',(-1.,0.,0.));
#12905=DIRECTION('',(-3.86150677282817E-9,0.,1.));
#12906=DIRECTION('center_axis',(0.,-1.,0.));
#12907=DIRECTION('ref_axis',(0.,0.,-1.));
#12908=DIRECTION('center_axis',(0.,0.,-1.));
#12909=DIRECTION('ref_axis',(0.,-1.,0.));
#12910=DIRECTION('center_axis',(0.,0.,-1.));
#12911=DIRECTION('ref_axis',(0.,-1.,0.));
#12912=DIRECTION('center_axis',(0.,0.,-1.));
#12913=DIRECTION('ref_axis',(0.,-1.,0.));
#12914=DIRECTION('center_axis',(0.,0.,-1.));
#12915=DIRECTION('ref_axis',(0.,-1.,0.));
#12916=DIRECTION('center_axis',(0.,0.,1.));
#12917=DIRECTION('ref_axis',(-1.,0.,0.));
#12918=DIRECTION('center_axis',(0.,0.,-1.));
#12919=DIRECTION('ref_axis',(0.,-1.,0.));
#12920=DIRECTION('center_axis',(0.,0.,-1.));
#12921=DIRECTION('ref_axis',(0.,-1.,0.));
#12922=DIRECTION('center_axis',(0.,0.,-1.));
#12923=DIRECTION('ref_axis',(-1.,0.,0.));
#12924=DIRECTION('center_axis',(0.,0.,1.));
#12925=DIRECTION('ref_axis',(-1.,0.,0.));
#12926=DIRECTION('center_axis',(0.,0.,1.));
#12927=DIRECTION('ref_axis',(-1.,0.,0.));
#12928=DIRECTION('',(0.,0.,-1.));
#12929=DIRECTION('center_axis',(5.03567064239574E-33,-1.48029736616688E-15,
1.));
#12930=DIRECTION('ref_axis',(1.,-6.133887725719E-16,0.));
#12931=DIRECTION('center_axis',(0.,0.,1.));
#12932=DIRECTION('ref_axis',(0.,-1.,0.));
#12933=DIRECTION('center_axis',(0.,0.,-1.));
#12934=DIRECTION('ref_axis',(0.,-1.,0.));
#12935=DIRECTION('',(-8.65955116356819E-17,0.707106013717368,0.707107548654894));
#12936=DIRECTION('center_axis',(0.,0.,-1.));
#12937=DIRECTION('ref_axis',(1.,0.,0.));
#12938=DIRECTION('center_axis',(0.,0.,-1.));
#12939=DIRECTION('ref_axis',(0.,-1.,0.));
#12940=DIRECTION('center_axis',(0.,0.,1.));
#12941=DIRECTION('ref_axis',(-1.,0.,0.));
#12942=DIRECTION('',(-8.65955758238187E-17,-0.707106537853281,0.70710702451973));
#12943=DIRECTION('center_axis',(0.,0.,1.));
#12944=DIRECTION('ref_axis',(-1.,0.,0.));
#12945=DIRECTION('center_axis',(0.,0.,-1.));
#12946=DIRECTION('ref_axis',(0.,-1.,0.));
#12947=DIRECTION('center_axis',(0.,0.,1.));
#12948=DIRECTION('ref_axis',(1.,0.,0.));
#12949=DIRECTION('center_axis',(0.,0.,-1.));
#12950=DIRECTION('ref_axis',(0.,-1.,0.));
#12951=DIRECTION('center_axis',(0.,0.,1.));
#12952=DIRECTION('ref_axis',(1.,0.,0.));
#12953=DIRECTION('center_axis',(0.,0.,-1.));
#12954=DIRECTION('ref_axis',(0.,-1.,0.));
#12955=DIRECTION('center_axis',(0.,0.,1.));
#12956=DIRECTION('ref_axis',(1.,0.,0.));
#12957=DIRECTION('center_axis',(0.,0.,-1.));
#12958=DIRECTION('ref_axis',(0.,-1.,0.));
#12959=DIRECTION('center_axis',(0.,0.,1.));
#12960=DIRECTION('ref_axis',(-1.,0.,0.));
#12961=DIRECTION('center_axis',(0.,0.,-1.));
#12962=DIRECTION('ref_axis',(0.,-1.,0.));
#12963=DIRECTION('center_axis',(0.,0.,1.));
#12964=DIRECTION('ref_axis',(-1.,0.,0.));
#12965=DIRECTION('center_axis',(0.,0.,1.));
#12966=DIRECTION('ref_axis',(-1.,0.,0.));
#12967=DIRECTION('',(0.,0.,1.));
#12968=DIRECTION('center_axis',(0.,0.,-1.));
#12969=DIRECTION('ref_axis',(1.,0.,0.));
#12970=DIRECTION('center_axis',(0.,0.,-1.));
#12971=DIRECTION('ref_axis',(0.,-1.,0.));
#12972=DIRECTION('',(0.,1.,0.));
#12973=DIRECTION('',(1.,0.,0.));
#12974=DIRECTION('center_axis',(0.,0.,-1.));
#12975=DIRECTION('ref_axis',(0.,1.,0.));
#12976=DIRECTION('',(0.,-1.,0.));
#12977=DIRECTION('center_axis',(0.,0.,-1.));
#12978=DIRECTION('ref_axis',(1.,-1.45689666927739E-13,0.));
#12979=DIRECTION('',(1.,0.,0.));
#12980=DIRECTION('',(0.,1.,0.));
#12981=DIRECTION('',(-1.,0.,0.));
#12982=DIRECTION('',(0.,-1.,0.));
#12983=DIRECTION('',(1.,0.,0.));
#12984=DIRECTION('center_axis',(0.,0.,-1.));
#12985=DIRECTION('ref_axis',(-1.,0.,0.));
#12986=DIRECTION('center_axis',(0.,0.,-1.));
#12987=DIRECTION('ref_axis',(1.,0.,0.));
#12988=DIRECTION('center_axis',(0.,0.,1.));
#12989=DIRECTION('ref_axis',(-1.,0.,0.));
#12990=DIRECTION('center_axis',(0.,0.,1.));
#12991=DIRECTION('ref_axis',(-1.,0.,0.));
#12992=DIRECTION('center_axis',(0.,0.,-1.));
#12993=DIRECTION('ref_axis',(0.,-1.,0.));
#12994=DIRECTION('center_axis',(0.,0.,-1.));
#12995=DIRECTION('ref_axis',(-1.,0.,0.));
#12996=DIRECTION('center_axis',(0.,0.707106781186548,0.707106781186548));
#12997=DIRECTION('ref_axis',(1.,0.,0.));
#12998=DIRECTION('',(0.577350269189626,-0.577350269189626,0.577350269189626));
#12999=DIRECTION('',(-0.577350269189626,-0.577350269189626,0.577350269189626));
#13000=DIRECTION('',(-0.577350269189626,0.577350269189626,-0.577350269189626));
#13001=DIRECTION('',(1.,0.,0.));
#13002=DIRECTION('',(-0.577350269189626,-0.577350269189626,0.577350269189626));
#13003=DIRECTION('center_axis',(-0.707106781186548,0.707106781186548,0.));
#13004=DIRECTION('ref_axis',(0.,0.,1.));
#13005=DIRECTION('',(0.,0.,-1.));
#13006=DIRECTION('',(-0.577350269189626,-0.577350269189626,-0.577350269189626));
#13007=DIRECTION('',(0.,0.,-1.));
#13008=DIRECTION('center_axis',(0.707106781186548,-0.707106781186548,0.));
#13009=DIRECTION('ref_axis',(0.,0.,-1.));
#13010=DIRECTION('',(0.,0.,1.));
#13011=DIRECTION('',(0.577350269189626,0.577350269189626,-0.577350269189626));
#13012=DIRECTION('',(0.577350269189626,0.577350269189626,0.577350269189626));
#13013=DIRECTION('',(0.,0.,-1.));
#13014=DIRECTION('center_axis',(0.,1.,0.));
#13015=DIRECTION('ref_axis',(1.,0.,0.));
#13016=DIRECTION('',(1.,0.,0.));
#13017=DIRECTION('',(0.,0.,-1.));
#13018=DIRECTION('center_axis',(-0.707106781186548,-0.707106781186548,0.));
#13019=DIRECTION('ref_axis',(-0.707106781186548,0.707106781186548,0.));
#13020=DIRECTION('',(0.577350269189626,-0.577350269189626,-0.577350269189626));
#13021=DIRECTION('',(0.577350269189626,-0.577350269189626,0.577350269189626));
#13022=DIRECTION('',(0.,0.,-1.));
#13023=DIRECTION('center_axis',(1.,0.,0.));
#13024=DIRECTION('ref_axis',(0.,1.,0.));
#13025=DIRECTION('',(0.,1.,0.));
#13026=DIRECTION('',(0.,0.,-1.));
#13027=DIRECTION('center_axis',(1.,0.,0.));
#13028=DIRECTION('ref_axis',(0.,-1.,2.09901540593194E-12));
#13029=DIRECTION('',(0.,-1.,1.7763568394E-14));
#13030=DIRECTION('center_axis',(1.,0.,0.));
#13031=DIRECTION('ref_axis',(0.,-6.30870139115001E-14,-1.));
#13032=DIRECTION('',(0.,0.,1.));
#13033=DIRECTION('',(0.,1.,0.));
#13034=DIRECTION('center_axis',(-0.707106781186548,0.,0.707106781186548));
#13035=DIRECTION('ref_axis',(0.,1.,0.));
#13036=DIRECTION('',(0.707106781186547,0.,0.707106781186547));
#13037=DIRECTION('center_axis',(-0.707106781186548,0.,0.707106781186548));
#13038=DIRECTION('ref_axis',(0.,1.,0.));
#13039=DIRECTION('',(0.577350269189626,0.577350269189626,0.577350269189626));
#13040=DIRECTION('',(-0.707106781186547,0.,-0.707106781186547));
#13041=DIRECTION('center_axis',(0.,1.,0.));
#13042=DIRECTION('ref_axis',(1.,0.,0.));
#13043=DIRECTION('',(-1.,0.,-1.42108547152E-12));
#13044=DIRECTION('',(0.,0.,1.));
#13045=DIRECTION('',(0.707106781186498,0.,0.707106781186597));
#13046=DIRECTION('',(1.,0.,0.));
#13047=DIRECTION('',(0.,0.,-1.));
#13048=DIRECTION('center_axis',(0.,0.,-1.));
#13049=DIRECTION('ref_axis',(0.,-1.,0.));
#13050=DIRECTION('center_axis',(0.,0.,1.));
#13051=DIRECTION('ref_axis',(1.,0.,0.));
#13052=DIRECTION('',(0.,0.,1.));
#13053=DIRECTION('center_axis',(1.,0.,0.));
#13054=DIRECTION('ref_axis',(0.,1.,0.));
#13055=DIRECTION('',(0.,1.,2.842170943052E-13));
#13056=DIRECTION('',(0.,4.158687283428E-12,-1.));
#13057=DIRECTION('center_axis',(0.,0.,1.));
#13058=DIRECTION('ref_axis',(0.,1.,0.));
#13059=DIRECTION('center_axis',(0.,0.,1.));
#13060=DIRECTION('ref_axis',(-7.05165092984572E-12,-1.,0.));
#13061=DIRECTION('',(5.275779813017E-12,0.,1.));
#13062=DIRECTION('center_axis',(0.,1.,0.));
#13063=DIRECTION('ref_axis',(1.,0.,0.));
#13064=DIRECTION('',(-1.,0.,3.552713678803E-14));
#13065=DIRECTION('',(-0.707106781186498,0.,-0.707106781186597));
#13066=DIRECTION('',(0.,0.,-1.));
#13067=DIRECTION('',(1.,0.,-1.403321903126E-12));
#13068=DIRECTION('center_axis',(1.,0.,0.));
#13069=DIRECTION('ref_axis',(0.,1.,0.));
#13070=DIRECTION('center_axis',(-1.,0.,0.));
#13071=DIRECTION('ref_axis',(0.,5.47183283926277E-14,-1.));
#13072=DIRECTION('',(-1.,-3.58740814832E-14,3.5527136788E-14));
#13073=DIRECTION('center_axis',(0.,0.,-1.));
#13074=DIRECTION('ref_axis',(0.,-1.,0.));
#13075=DIRECTION('',(1.,0.,3.5527136788E-14));
#13076=DIRECTION('',(0.,1.,1.7763568394E-14));
#13077=DIRECTION('center_axis',(1.,0.,0.));
#13078=DIRECTION('ref_axis',(0.,1.,0.));
#13079=DIRECTION('center_axis',(-1.,0.,0.));
#13080=DIRECTION('ref_axis',(0.,1.,2.10768902331182E-12));
#13081=DIRECTION('',(0.,-1.,0.));
#13082=DIRECTION('center_axis',(-0.707106781186548,0.,0.707106781186548));
#13083=DIRECTION('ref_axis',(0.,1.,0.));
#13084=DIRECTION('',(0.,-1.,0.));
#13085=DIRECTION('center_axis',(0.,0.,-1.));
#13086=DIRECTION('ref_axis',(0.,-1.,0.));
#13087=DIRECTION('center_axis',(-1.,0.,0.));
#13088=DIRECTION('ref_axis',(0.,-1.,0.));
#13089=DIRECTION('center_axis',(0.,-0.707106781186548,0.707106781186548));
#13090=DIRECTION('ref_axis',(-1.,0.,0.));
#13091=DIRECTION('',(-0.577350269189626,0.577350269189626,0.577350269189626));
#13092=DIRECTION('center_axis',(0.707106781186598,0.,0.707106781186498));
#13093=DIRECTION('ref_axis',(0.,-1.,0.));
#13094=DIRECTION('',(0.,-1.,0.));
#13095=DIRECTION('',(-0.577350269189626,0.577350269189626,0.577350269189626));
#13096=DIRECTION('center_axis',(0.707106781186548,0.707106781186548,0.));
#13097=DIRECTION('ref_axis',(0.,0.,-1.));
#13098=DIRECTION('',(0.,0.,-1.));
#13099=DIRECTION('',(0.,0.,-1.));
#13100=DIRECTION('center_axis',(-1.,0.,0.));
#13101=DIRECTION('ref_axis',(0.,0.,1.));
#13102=DIRECTION('center_axis',(0.,-1.,0.));
#13103=DIRECTION('ref_axis',(0.,0.,-1.));
#13104=DIRECTION('center_axis',(0.,0.,1.));
#13105=DIRECTION('ref_axis',(-1.,0.,0.));
#13106=DIRECTION('',(0.,0.,1.));
#13107=DIRECTION('center_axis',(0.,0.,1.));
#13108=DIRECTION('ref_axis',(-1.,0.,0.));
#13109=DIRECTION('',(0.,0.,1.));
#13110=DIRECTION('center_axis',(0.,0.,1.));
#13111=DIRECTION('ref_axis',(1.,0.,0.));
#13112=DIRECTION('',(0.,0.,1.));
#13113=DIRECTION('center_axis',(0.,0.,1.));
#13114=DIRECTION('ref_axis',(1.,0.,0.));
#13115=DIRECTION('',(0.,0.,1.));
#13116=DIRECTION('center_axis',(0.,0.,1.));
#13117=DIRECTION('ref_axis',(1.,0.,0.));
#13118=DIRECTION('center_axis',(0.,0.,-1.));
#13119=DIRECTION('ref_axis',(-1.,0.,0.));
#13120=DIRECTION('center_axis',(0.,0.,-1.));
#13121=DIRECTION('ref_axis',(-1.,8.42782528115111E-13,0.));
#13122=DIRECTION('',(0.,0.,1.));
#13123=DIRECTION('center_axis',(0.,0.,-1.));
#13124=DIRECTION('ref_axis',(-1.,8.42782528115111E-13,0.));
#13125=DIRECTION('center_axis',(0.,0.,-1.));
#13126=DIRECTION('ref_axis',(0.999918760371576,-0.0127464762570197,0.));
#13127=DIRECTION('center_axis',(0.0127464762570198,0.999918760371576,0.));
#13128=DIRECTION('ref_axis',(-0.999918760371576,0.0127464762570198,0.));
#13129=DIRECTION('center_axis',(0.,0.,-1.));
#13130=DIRECTION('ref_axis',(0.,-1.,0.));
#13131=DIRECTION('center_axis',(0.,0.,-1.));
#13132=DIRECTION('ref_axis',(-1.,1.02053899928945E-17,0.));
#13133=DIRECTION('center_axis',(0.,0.,-1.));
#13134=DIRECTION('ref_axis',(-1.,0.,0.));
#13135=DIRECTION('center_axis',(8.47393370456953E-15,-7.57298732362567E-15,
-1.));
#13136=DIRECTION('ref_axis',(-1.,7.77563606916121E-15,-8.58323682903464E-15));
#13137=DIRECTION('',(0.,0.,1.));
#13138=DIRECTION('center_axis',(8.47393370456953E-15,-7.57298732362567E-15,
-1.));
#13139=DIRECTION('ref_axis',(-1.,7.77563606916121E-15,-8.58323682903464E-15));
#13140=DIRECTION('center_axis',(0.,0.,-1.));
#13141=DIRECTION('ref_axis',(0.,-1.,0.));
#13142=DIRECTION('center_axis',(0.,0.,-1.));
#13143=DIRECTION('ref_axis',(0.,-1.,0.));
#13144=DIRECTION('center_axis',(0.,0.,1.));
#13145=DIRECTION('ref_axis',(0.,-1.,0.));
#13146=DIRECTION('',(8.65949744084054E-17,-0.707101626923748,-0.707111935411776));
#13147=DIRECTION('center_axis',(0.,0.,-1.));
#13148=DIRECTION('ref_axis',(0.,-1.,0.));
#13149=DIRECTION('center_axis',(0.,0.,1.));
#13150=DIRECTION('ref_axis',(1.,0.,0.));
#13151=DIRECTION('center_axis',(0.,0.,1.));
#13152=DIRECTION('ref_axis',(1.,0.,0.));
#13153=DIRECTION('center_axis',(0.,0.,-1.));
#13154=DIRECTION('ref_axis',(-1.,0.,0.));
#13155=DIRECTION('',(-0.707106781186442,-8.65956056235364E-17,0.707106781186653));
#13156=DIRECTION('center_axis',(0.,0.,-1.));
#13157=DIRECTION('ref_axis',(-1.,0.,0.));
#13158=DIRECTION('center_axis',(0.,0.,1.));
#13159=DIRECTION('ref_axis',(1.,0.,0.));
#13160=DIRECTION('center_axis',(0.,0.,-1.));
#13161=DIRECTION('ref_axis',(-0.7141074923286,-0.700036062928302,0.));
#13162=DIRECTION('center_axis',(0.,0.,1.));
#13163=DIRECTION('ref_axis',(0.996542081626238,0.0830895874826932,0.));
#13164=DIRECTION('center_axis',(0.,0.,-1.));
#13165=DIRECTION('ref_axis',(-0.517580602804384,-0.855634454425867,0.));
#13166=DIRECTION('center_axis',(0.,0.,1.));
#13167=DIRECTION('ref_axis',(0.944570339483609,0.328309113135503,0.));
#13168=DIRECTION('center_axis',(0.,0.,-1.));
#13169=DIRECTION('ref_axis',(-0.288532220477609,-0.957470186348515,0.));
#13170=DIRECTION('center_axis',(0.,0.,1.));
#13171=DIRECTION('ref_axis',(0.833247769024497,0.552899769773598,0.));
#13172=DIRECTION('center_axis',(0.,0.,-1.));
#13173=DIRECTION('ref_axis',(-0.0413542975909132,-0.999144545133867,0.));
#13174=DIRECTION('center_axis',(0.,0.,1.));
#13175=DIRECTION('ref_axis',(0.669569176766667,0.742749700453664,0.));
#13176=DIRECTION('center_axis',(0.,0.,-1.));
#13177=DIRECTION('ref_axis',(-0.93746374962732,-0.348082918475877,0.));
#13178=DIRECTION('center_axis',(0.,0.,1.));
#13179=DIRECTION('ref_axis',(0.463819090629409,0.885929935811917,0.));
#13180=DIRECTION('center_axis',(0.,0.,-1.));
#13181=DIRECTION('ref_axis',(0.445102508349509,-0.895479624034503,0.));
#13182=DIRECTION('center_axis',(0.,0.,1.));
#13183=DIRECTION('ref_axis',(0.228925545220606,0.973443935080726,0.));
#13184=DIRECTION('center_axis',(0.,0.,-1.));
#13185=DIRECTION('ref_axis',(0.653815521222997,-0.756653992395402,0.));
#13186=DIRECTION('center_axis',(0.,0.,1.));
#13187=DIRECTION('ref_axis',(-0.020352234123671,0.999792871832049,0.));
#13188=DIRECTION('center_axis',(0.,0.,-1.));
#13189=DIRECTION('ref_axis',(0.821446900332819,-0.570285007635309,0.));
#13190=DIRECTION('center_axis',(0.,0.,1.));
#13191=DIRECTION('ref_axis',(-0.268351207747696,0.963321145465183,0.));
#13192=DIRECTION('center_axis',(0.,0.,-1.));
#13193=DIRECTION('ref_axis',(-0.207384792606793,-0.978259448099244,0.));
#13194=DIRECTION('center_axis',(0.,0.,1.));
#13195=DIRECTION('ref_axis',(-0.49936959998398,0.866389059609965,0.));
#13196=DIRECTION('center_axis',(0.,0.,-1.));
#13197=DIRECTION('ref_axis',(0.994576303776408,-0.1040094994049,0.));
#13198=DIRECTION('center_axis',(0.,0.,1.));
#13199=DIRECTION('ref_axis',(-0.699241457114815,0.714885574516615,0.));
#13200=DIRECTION('center_axis',(0.,0.,-1.));
#13201=DIRECTION('ref_axis',(1.,0.,0.));
#13202=DIRECTION('center_axis',(0.,0.,1.));
#13203=DIRECTION('ref_axis',(-0.855058313786778,0.518531850539687,0.));
#13204=DIRECTION('center_axis',(0.,0.,-1.));
#13205=DIRECTION('ref_axis',(1.,0.,0.));
#13206=DIRECTION('center_axis',(0.,0.,1.));
#13207=DIRECTION('ref_axis',(-0.957148711919012,0.289596863366604,0.));
#13208=DIRECTION('center_axis',(0.,0.,-1.));
#13209=DIRECTION('ref_axis',(1.,0.,0.));
#13210=DIRECTION('center_axis',(0.,0.,1.));
#13211=DIRECTION('ref_axis',(-0.999097936334653,0.042465440205388,0.));
#13212=DIRECTION('center_axis',(0.,0.,-1.));
#13213=DIRECTION('ref_axis',(1.,0.,0.));
#13214=DIRECTION('center_axis',(0.,0.,1.));
#13215=DIRECTION('ref_axis',(-0.978270162985205,-0.207334242740801,0.));
#13216=DIRECTION('center_axis',(0.,0.,-1.));
#13217=DIRECTION('ref_axis',(1.,0.,0.));
#13218=DIRECTION('center_axis',(0.,0.,1.));
#13219=DIRECTION('ref_axis',(-0.89597407746938,-0.444106352693691,0.));
#13220=DIRECTION('center_axis',(0.,0.,-1.));
#13221=DIRECTION('ref_axis',(1.,0.,0.));
#13222=DIRECTION('center_axis',(0.,0.,1.));
#13223=DIRECTION('ref_axis',(-0.757164226237866,-0.653224566673371,0.));
#13224=DIRECTION('center_axis',(0.,0.,-1.));
#13225=DIRECTION('ref_axis',(-0.0841978100372953,0.996449059804325,0.));
#13226=DIRECTION('center_axis',(0.,0.,1.));
#13227=DIRECTION('ref_axis',(-0.571198202130471,-0.820812167236158,0.));
#13228=DIRECTION('center_axis',(0.,0.,-1.));
#13229=DIRECTION('ref_axis',(-0.329359385254301,0.944204636371221,0.));
#13230=DIRECTION('center_axis',(0.,0.,1.));
#13231=DIRECTION('ref_axis',(-0.349125274997014,-0.937076060071038,0.));
#13232=DIRECTION('center_axis',(0.,0.,-1.));
#13233=DIRECTION('ref_axis',(-0.553826098996685,0.832632363093168,0.));
#13234=DIRECTION('center_axis',(0.,0.,1.));
#13235=DIRECTION('ref_axis',(-0.105115522842597,-0.994460017726971,0.));
#13236=DIRECTION('center_axis',(0.,0.,-1.));
#13237=DIRECTION('ref_axis',(-0.743493882109221,0.668742736234316,0.));
#13238=DIRECTION('center_axis',(0.,0.,1.));
#13239=DIRECTION('ref_axis',(0.145499024199903,-0.989358395101025,0.));
#13240=DIRECTION('center_axis',(0.,0.,-1.));
#13241=DIRECTION('ref_axis',(-0.886445210229559,0.462833543794174,0.));
#13242=DIRECTION('center_axis',(0.,0.,1.));
#13243=DIRECTION('ref_axis',(0.386971332444003,-0.922091745905207,0.));
#13244=DIRECTION('center_axis',(0.,0.,-1.));
#13245=DIRECTION('ref_axis',(-0.973697925673768,0.22784281761469,0.));
#13246=DIRECTION('center_axis',(0.,0.,1.));
#13247=DIRECTION('ref_axis',(0.60412880868957,-0.79688668109796,0.));
#13248=DIRECTION('center_axis',(0.,0.,-1.));
#13249=DIRECTION('ref_axis',(-0.166254223237917,0.986082924127356,0.));
#13250=DIRECTION('center_axis',(0.,0.,1.));
#13251=DIRECTION('ref_axis',(0.783326650054836,-0.621610295373129,0.));
#13252=DIRECTION('center_axis',(0.,0.,-1.));
#13253=DIRECTION('ref_axis',(-0.963022111116368,-0.269422370082689,0.));
#13254=DIRECTION('center_axis',(0.,0.,1.));
#13255=DIRECTION('ref_axis',(0.913305197123292,-0.407275848667196,0.));
#13256=DIRECTION('center_axis',(0.,0.,-1.));
#13257=DIRECTION('ref_axis',(-0.865764381806282,-0.500451831044293,0.));
#13258=DIRECTION('center_axis',(0.,0.,1.));
#13259=DIRECTION('ref_axis',(0.985902249984601,-0.1673223041776,0.));
#13260=DIRECTION('center_axis',(0.,0.,-1.));
#13261=DIRECTION('ref_axis',(0.998026728428304,-0.0627905195287972,0.));
#13262=DIRECTION('center_axis',(0.,0.,1.));
#13263=DIRECTION('ref_axis',(0.995609018484657,-0.0936091999325859,0.));
#13264=DIRECTION('center_axis',(-0.708726252813096,-0.0340136821904955,
-0.704663159245147));
#13265=DIRECTION('ref_axis',(0.702145302604544,-0.131062414540893,-0.699867571419825));
#13266=DIRECTION('center_axis',(0.,0.,1.));
#13267=DIRECTION('ref_axis',(-0.982287250728747,0.187381314585422,0.));
#13268=DIRECTION('',(0.,0.,-1.));
#13269=DIRECTION('center_axis',(0.,0.,1.));
#13270=DIRECTION('ref_axis',(-1.,0.,0.));
#13271=DIRECTION('',(0.,0.,1.));
#13272=DIRECTION('center_axis',(-0.694919172988063,0.14330797223377,-0.704663159323539));
#13273=DIRECTION('ref_axis',(0.647492231774778,-0.301561247584755,-0.699867575864494));
#13274=DIRECTION('center_axis',(0.,0.,-1.));
#13275=DIRECTION('ref_axis',(-1.,0.,0.));
#13276=DIRECTION('center_axis',(0.,0.,1.));
#13277=DIRECTION('ref_axis',(0.941050469003209,-0.338266189248704,0.));
#13278=DIRECTION('center_axis',(-0.646431287566301,0.292621312553759,-0.704627105563425));
#13279=DIRECTION('ref_axis',(0.663834479246246,-0.239533510874193,-0.708482520131688));
#13280=DIRECTION('center_axis',(0.,0.,1.));
#13281=DIRECTION('ref_axis',(-0.904827052467181,0.425779291562605,0.));
#13282=DIRECTION('',(0.,0.,-1.));
#13283=DIRECTION('center_axis',(0.,0.,1.));
#13284=DIRECTION('ref_axis',(-1.,0.,0.));
#13285=DIRECTION('',(0.,0.,1.));
#13286=DIRECTION('center_axis',(-0.637447766035204,0.311625059306216,-0.70466315923931));
#13287=DIRECTION('ref_axis',(0.552154831587046,-0.453111929529517,-0.6998675740975));
#13288=DIRECTION('center_axis',(0.,0.,-1.));
#13289=DIRECTION('ref_axis',(-1.,0.,0.));
#13290=DIRECTION('center_axis',(0.,0.,1.));
#13291=DIRECTION('ref_axis',(0.827362257612769,-0.561668669838279,0.));
#13292=DIRECTION('center_axis',(-0.55335049878694,0.444188999785615,-0.704627105610975));
#13293=DIRECTION('ref_axis',(-0.583409343460387,0.397097037681155,0.708482519634727));
#13294=DIRECTION('center_axis',(0.,0.,1.));
#13295=DIRECTION('ref_axis',(-0.770513242774662,0.637423989750052,0.));
#13296=DIRECTION('',(0.,0.,-1.));
#13297=DIRECTION('center_axis',(0.,0.,1.));
#13298=DIRECTION('ref_axis',(-1.,0.,0.));
#13299=DIRECTION('',(0.,0.,1.));
#13300=DIRECTION('center_axis',(0.,0.,-1.));
#13301=DIRECTION('ref_axis',(-1.,0.,0.));
#13302=DIRECTION('center_axis',(0.,0.,1.));
#13303=DIRECTION('ref_axis',(0.661687832750968,-0.749779442229064,0.));
#13304=DIRECTION('center_axis',(-0.425500662987867,0.567846658832917,-0.70462710553113));
#13305=DIRECTION('ref_axis',(-0.466326441982513,0.529709513132372,0.708482520041952));
#13306=DIRECTION('center_axis',(0.,0.,1.));
#13307=DIRECTION('ref_axis',(-0.587785252295128,0.809016994373018,0.));
#13308=DIRECTION('',(0.,0.,-1.));
#13309=DIRECTION('center_axis',(0.,0.,1.));
#13310=DIRECTION('ref_axis',(-1.,0.,0.));
#13311=DIRECTION('',(0.,0.,1.));
#13312=DIRECTION('center_axis',(0.,0.,-1.));
#13313=DIRECTION('ref_axis',(-1.,0.,0.));
#13314=DIRECTION('center_axis',(0.,0.,1.));
#13315=DIRECTION('ref_axis',(0.454437127839796,-0.890778814768693,0.));
#13316=DIRECTION('center_axis',(-0.270915055866734,0.655824423558657,-0.704627105615927));
#13317=DIRECTION('ref_axis',(-0.319942554726427,0.629038378373583,0.708482519338523));
#13318=DIRECTION('center_axis',(0.,0.,1.));
#13319=DIRECTION('ref_axis',(1.,0.,0.));
#13320=DIRECTION('',(0.,0.,-1.));
#13321=DIRECTION('center_axis',(0.,0.,1.));
#13322=DIRECTION('ref_axis',(0.621147780278316,0.783693457325835,0.));
#13323=DIRECTION('',(0.,0.,1.));
#13324=DIRECTION('center_axis',(-0.251357390245993,0.663527915179221,-0.704663159351076));
#13325=DIRECTION('ref_axis',(-0.0923270690267443,0.708280378567298,0.699867571517281));
#13326=DIRECTION('center_axis',(0.,0.,-1.));
#13327=DIRECTION('ref_axis',(-1.,0.,0.));
#13328=DIRECTION('center_axis',(0.,0.,1.));
#13329=DIRECTION('ref_axis',(0.218632466883595,-0.97580727832108,0.));
#13330=DIRECTION('center_axis',(-0.0993068593172864,0.702594327994601,-0.704627105611438));
#13331=DIRECTION('ref_axis',(-0.15345547793997,0.688842460597031,0.708482519734145));
#13332=DIRECTION('center_axis',(0.,0.,1.));
#13333=DIRECTION('ref_axis',(1.,0.,0.));
#13334=DIRECTION('',(0.,0.,-1.));
#13335=DIRECTION('center_axis',(0.,0.,1.));
#13336=DIRECTION('ref_axis',(0.79652991802419,0.604599114862383,0.));
#13337=DIRECTION('',(0.,0.,1.));
#13338=DIRECTION('center_axis',(-0.0784478534143235,0.705192006627334,-0.704663159306345));
#13339=DIRECTION('ref_axis',(0.0867157081494053,0.708989256483198,0.699867573296227));
#13340=DIRECTION('center_axis',(0.,0.,-1.));
#13341=DIRECTION('ref_axis',(-1.,0.,0.));
#13342=DIRECTION('center_axis',(0.,0.,1.));
#13343=DIRECTION('ref_axis',(-0.0309096760408006,-0.999522181808414,0.));
#13344=DIRECTION('center_axis',(0.0785411526656498,0.705217646895565,-0.704627105528189));
#13345=DIRECTION('ref_axis',(0.0226737506610884,0.705364034230597,0.708482519364378));
#13346=DIRECTION('center_axis',(0.,0.,1.));
#13347=DIRECTION('ref_axis',(1.,0.,0.));
#13348=DIRECTION('',(0.,0.,-1.));
#13349=DIRECTION('center_axis',(0.,0.,1.));
#13350=DIRECTION('ref_axis',(0.921863151588501,0.387515586452102,0.));
#13351=DIRECTION('',(0.,0.,1.));
#13352=DIRECTION('center_axis',(0.0993908508030006,0.702546290760529,-0.704663159328823));
#13353=DIRECTION('ref_axis',(0.260309845850118,0.665149732179757,0.699867571712453));
#13354=DIRECTION('center_axis',(0.,0.,-1.));
#13355=DIRECTION('ref_axis',(-1.,0.,0.));
#13356=DIRECTION('center_axis',(0.,0.,1.));
#13357=DIRECTION('ref_axis',(-0.278509650341795,-0.960433430627282,0.));
#13358=DIRECTION('center_axis',(0.251454134762018,0.663529547324984,-0.704627105594006));
#13359=DIRECTION('ref_axis',(0.19737832141225,0.677564991500555,0.708482519565117));
#13360=DIRECTION('center_axis',(0.,0.,1.));
#13361=DIRECTION('ref_axis',(1.,0.,0.));
#13362=DIRECTION('',(0.,0.,-1.));
#13363=DIRECTION('center_axis',(0.,0.,1.));
#13364=DIRECTION('ref_axis',(0.98927233296299,0.146083028562399,0.));
#13365=DIRECTION('',(0.,0.,1.));
#13366=DIRECTION('center_axis',(0.270984462042297,0.655757007842741,-0.704663159244743));
#13367=DIRECTION('ref_axis',(0.41754772775293,0.579516413703697,0.699867574114111));
#13368=DIRECTION('center_axis',(0.,0.,-1.));
#13369=DIRECTION('ref_axis',(-1.,0.,0.));
#13370=DIRECTION('center_axis',(0.,0.,1.));
#13371=DIRECTION('ref_axis',(-0.508609839024895,-0.860997114772791,0.));
#13372=DIRECTION('center_axis',(0.,0.,1.));
#13373=DIRECTION('ref_axis',(1.,0.,0.));
#13374=DIRECTION('center_axis',(0.425551123244973,0.567764100153864,-0.704663159304795));
#13375=DIRECTION('ref_axis',(0.548549604053311,0.457469909907099,0.699867568488887));
#13376=DIRECTION('',(0.,0.,-1.));
#13377=DIRECTION('center_axis',(0.,0.,1.));
#13378=DIRECTION('ref_axis',(0.994521895368258,-0.104528463267797,0.));
#13379=DIRECTION('',(0.,0.,1.));
#13380=DIRECTION('center_axis',(0.,0.,1.));
#13381=DIRECTION('ref_axis',(1.,0.,0.));
#13382=DIRECTION('center_axis',(0.,0.,1.));
#13383=DIRECTION('ref_axis',(-1.,0.,0.));
#13384=DIRECTION('',(0.699663340513385,-0.714472679632784,0.));
#13385=DIRECTION('center_axis',(0.,0.,1.));
#13386=DIRECTION('ref_axis',(-0.714472679632789,-0.699663340513381,0.));
#13387=DIRECTION('',(0.268919820615287,0.963162566797652,0.));
#13388=DIRECTION('center_axis',(0.,0.,-1.));
#13389=DIRECTION('ref_axis',(-0.155939291078206,0.987766641215437,0.));
#13390=DIRECTION('',(0.500000000000017,-0.866025403784429,0.));
#13391=DIRECTION('center_axis',(0.,0.,1.));
#13392=DIRECTION('ref_axis',(-0.866025403784429,-0.500000000000016,0.));
#13393=DIRECTION('',(0.500000000000017,0.866025403784429,0.));
#13394=DIRECTION('center_axis',(0.,0.,-1.));
#13395=DIRECTION('ref_axis',(0.0946074030523572,0.995514660508668,0.));
#13396=DIRECTION('',(0.268919820615287,-0.963162566797652,0.));
#13397=DIRECTION('center_axis',(0.,0.,1.));
#13398=DIRECTION('ref_axis',(-0.963162566797652,-0.268919820615286,0.));
#13399=DIRECTION('',(0.699663340513385,0.714472679632784,0.));
#13400=DIRECTION('center_axis',(0.,0.,-1.));
#13401=DIRECTION('ref_axis',(0.339209566107508,0.940710832435322,0.));
#13402=DIRECTION('',(0.020942419883361,-0.999780683474845,0.));
#13403=DIRECTION('center_axis',(0.,0.,1.));
#13404=DIRECTION('ref_axis',(-0.999780683474846,-0.0209424198833488,0.));
#13405=DIRECTION('',(0.855364260160518,0.518027009373111,0.));
#13406=DIRECTION('center_axis',(0.,0.,-1.));
#13407=DIRECTION('ref_axis',(0.562497944598609,0.826798683067614,0.));
#13408=DIRECTION('',(-0.228350870110689,-0.973578902873152,0.));
#13409=DIRECTION('center_axis',(0.,0.,1.));
#13410=DIRECTION('ref_axis',(-0.973578902873153,0.228350870110688,0.));
#13411=DIRECTION('',(0.957319497532062,0.289031796944489,0.));
#13412=DIRECTION('center_axis',(0.,0.,-1.));
#13413=DIRECTION('ref_axis',(0.750442508507772,0.660935731689975,0.));
#13414=DIRECTION('',(-0.463296035119898,-0.886203579231196,0.));
#13415=DIRECTION('center_axis',(0.,0.,1.));
#13416=DIRECTION('ref_axis',(-0.886203579231195,0.463296035119899,0.));
#13417=DIRECTION('',(0.999122830098858,0.0418756537291983,0.));
#13418=DIRECTION('center_axis',(0.,0.,-1.));
#13419=DIRECTION('ref_axis',(0.89123400967298,0.45354375753859,0.));
#13420=DIRECTION('',(-0.669130606358878,-0.743144825477376,0.));
#13421=DIRECTION('center_axis',(0.,0.,1.));
#13422=DIRECTION('ref_axis',(-0.743144825477425,0.669130606358825,0.));
#13423=DIRECTION('',(0.978147600733797,-0.2079116908178,0.));
#13424=DIRECTION('center_axis',(0.,0.,-1.));
#13425=DIRECTION('ref_axis',(0.976026000280981,0.217653961083896,0.));
#13426=DIRECTION('',(-0.83292124071012,-0.553391549243313,0.));
#13427=DIRECTION('center_axis',(0.,0.,1.));
#13428=DIRECTION('ref_axis',(-0.553391549243311,0.832921240710121,0.));
#13429=DIRECTION('',(0.895711760239421,-0.444635179184911,0.));
#13430=DIRECTION('center_axis',(0.,0.,-1.));
#13431=DIRECTION('ref_axis',(0.999490687718824,-0.0319118342210607,0.));
#13432=DIRECTION('',(-0.944376370237478,-0.328866646738593,0.));
#13433=DIRECTION('',(0.756995055651777,-0.653420603990081,0.));
#13434=DIRECTION('center_axis',(0.,0.,-1.));
#13435=DIRECTION('ref_axis',(0.960153699377662,-0.279472491618389,0.));
#13436=DIRECTION('',(-0.996492859249505,-0.0836778433323104,0.));
#13437=DIRECTION('',(0.570713567684412,-0.821149209133718,0.));
#13438=DIRECTION('center_axis',(0.,0.,-1.));
#13439=DIRECTION('ref_axis',(0.860486722906298,-0.509472864539399,0.));
#13440=DIRECTION('',(-0.985996037070505,0.166768746716101,0.));
#13441=DIRECTION('',(0.348572047321799,-0.937281989491897,0.));
#13442=DIRECTION('center_axis',(0.,0.,-1.));
#13443=DIRECTION('ref_axis',(0.706752200985996,-0.707461183671196,0.));
#13444=DIRECTION('',(-0.913545457642601,0.4067366430758,0.));
#13445=DIRECTION('',(0.104528463267598,-0.994521895368279,0.));
#13446=DIRECTION('center_axis',(0.,0.,-1.));
#13447=DIRECTION('ref_axis',(0.508609839024895,-0.860997114772791,0.));
#13448=DIRECTION('',(-0.783693457325829,0.621147780278324,0.));
#13449=DIRECTION('',(-0.146083028562399,-0.98927233296299,0.));
#13450=DIRECTION('center_axis',(0.,0.,-1.));
#13451=DIRECTION('ref_axis',(0.278509650341703,-0.960433430627309,0.));
#13452=DIRECTION('',(-0.604599114862389,0.796529918024186,0.));
#13453=DIRECTION('',(-0.3875155864521,-0.921863151588502,0.));
#13454=DIRECTION('center_axis',(0.,0.,-1.));
#13455=DIRECTION('ref_axis',(0.0309096760407802,-0.999522181808415,0.));
#13456=DIRECTION('',(-0.3875155864521,0.921863151588502,0.));
#13457=DIRECTION('',(-0.604599114862389,-0.796529918024186,0.));
#13458=DIRECTION('center_axis',(0.,0.,-1.));
#13459=DIRECTION('ref_axis',(-0.21863246688369,-0.975807278321059,0.));
#13460=DIRECTION('',(-0.146083028562399,0.98927233296299,0.));
#13461=DIRECTION('',(-0.783693457325829,-0.621147780278324,0.));
#13462=DIRECTION('center_axis',(0.,0.,-1.));
#13463=DIRECTION('ref_axis',(-0.454437127839796,-0.890778814768693,0.));
#13464=DIRECTION('',(0.104528463267697,0.994521895368269,0.));
#13465=DIRECTION('',(-0.913545457642601,-0.4067366430758,0.));
#13466=DIRECTION('center_axis',(0.,0.,-1.));
#13467=DIRECTION('ref_axis',(-0.661687832751018,-0.74977944222902,0.));
#13468=DIRECTION('',(0.348572047321799,0.937281989491897,0.));
#13469=DIRECTION('center_axis',(1.01063408809769E-13,1.19592162881402E-13,
1.));
#13470=DIRECTION('ref_axis',(-0.166768746724003,0.985996037069169,-1.11022302462518E-13));
#13471=DIRECTION('',(-0.985996037070505,-0.166768746716101,0.));
#13472=DIRECTION('center_axis',(0.,0.,-1.));
#13473=DIRECTION('ref_axis',(-0.827362257612769,-0.561668669838279,0.));
#13474=DIRECTION('',(0.570713567684412,0.821149209133718,0.));
#13475=DIRECTION('center_axis',(0.,0.,1.));
#13476=DIRECTION('ref_axis',(0.82114920913372,-0.570713567684409,0.));
#13477=DIRECTION('',(-0.996492859249503,0.0836778433323303,0.));
#13478=DIRECTION('center_axis',(0.,0.,-1.));
#13479=DIRECTION('ref_axis',(-0.941050469003209,-0.338266189248704,0.));
#13480=DIRECTION('',(0.756995055651777,0.653420603990081,0.));
#13481=DIRECTION('center_axis',(0.,0.,1.));
#13482=DIRECTION('ref_axis',(0.653420603990076,-0.756995055651782,0.));
#13483=DIRECTION('',(-0.944376370237478,0.328866646738593,0.));
#13484=DIRECTION('center_axis',(0.,0.,-1.));
#13485=DIRECTION('ref_axis',(-0.995609018484658,-0.0936091999325757,0.));
#13486=DIRECTION('',(0.895711760239421,0.444635179184911,0.));
#13487=DIRECTION('center_axis',(0.,0.,1.));
#13488=DIRECTION('ref_axis',(0.444635179184909,-0.895711760239422,0.));
#13489=DIRECTION('',(-0.832921240710074,0.553391549243383,0.));
#13490=DIRECTION('center_axis',(0.,0.,-1.));
#13491=DIRECTION('ref_axis',(-0.987609791740876,0.156929599685796,0.));
#13492=DIRECTION('',(0.978147600733817,0.207911690817704,0.));
#13493=DIRECTION('center_axis',(0.,0.,1.));
#13494=DIRECTION('ref_axis',(0.207911690817811,-0.978147600733795,0.));
#13495=DIRECTION('',(-0.669130606358823,0.743144825477426,0.));
#13496=DIRECTION('center_axis',(0.,0.,-1.));
#13497=DIRECTION('ref_axis',(-0.91755540960727,0.397607935409287,0.));
#13498=DIRECTION('',(0.999122830098858,-0.0418756537292082,0.));
#13499=DIRECTION('center_axis',(0.,0.,1.));
#13500=DIRECTION('ref_axis',(-0.0418756537292091,-0.999122830098858,0.));
#13501=DIRECTION('',(-0.463296035119819,0.886203579231237,0.));
#13502=DIRECTION('center_axis',(0.,0.,-1.));
#13503=DIRECTION('ref_axis',(-0.789847646555294,0.613303102251296,0.));
#13504=DIRECTION('',(0.957319497532062,-0.289031796944489,0.));
#13505=DIRECTION('center_axis',(0.,0.,1.));
#13506=DIRECTION('ref_axis',(-0.289031796944481,-0.957319497532065,0.));
#13507=DIRECTION('',(-0.228350870110594,0.973578902873175,0.));
#13508=DIRECTION('center_axis',(0.,0.,-1.));
#13509=DIRECTION('ref_axis',(-0.612510851013811,0.790462179607815,0.));
#13510=DIRECTION('',(0.855364260160518,-0.518027009373111,0.));
#13511=DIRECTION('center_axis',(0.,0.,1.));
#13512=DIRECTION('ref_axis',(-0.518027009373106,-0.855364260160521,0.));
#13513=DIRECTION('',(0.020942419883371,0.999780683474845,0.));
#13514=DIRECTION('center_axis',(0.,0.,-1.));
#13515=DIRECTION('ref_axis',(-0.396687746045813,0.91795361110303,0.));
#13516=DIRECTION('center_axis',(0.,0.,-1.));
#13517=DIRECTION('ref_axis',(-1.,0.,0.));
#13518=DIRECTION('',(0.,0.,-1.));
#13519=DIRECTION('',(0.,0.,1.));
#13520=DIRECTION('center_axis',(0.,0.,1.));
#13521=DIRECTION('ref_axis',(-0.339209566107508,0.940710832435322,0.));
#13522=DIRECTION('center_axis',(0.,0.,-1.));
#13523=DIRECTION('ref_axis',(-1.,0.,0.));
#13524=DIRECTION('center_axis',(0.332537461237344,-0.626792364890943,-0.704663159380594));
#13525=DIRECTION('ref_axis',(-0.180370116235992,0.691123724741337,-0.699867571951062));
#13526=DIRECTION('center_axis',(0.186582214008609,-0.68460771212488,-0.704627105577683));
#13527=DIRECTION('ref_axis',(-0.238580292910928,0.664177659419719,-0.708482519588366));
#13528=DIRECTION('center_axis',(0.,0.,1.));
#13529=DIRECTION('ref_axis',(1.,0.,0.));
#13530=DIRECTION('',(0.,0.,-1.));
#13531=DIRECTION('',(0.,0.,1.));
#13532=DIRECTION('center_axis',(0.166213263407877,-0.689799233929775,-0.704663159202466));
#13533=DIRECTION('ref_axis',(-0.00282797498086549,0.714267025926455,-0.699867571924635));
#13534=DIRECTION('center_axis',(0.,0.,-1.));
#13535=DIRECTION('ref_axis',(-1.,0.,0.));
#13536=DIRECTION('center_axis',(0.0105546480688906,-0.709463512472548,-0.704663127937213));
#13537=DIRECTION('ref_axis',(-0.174887439802391,0.692530866945469,-0.699868117381498));
#13538=DIRECTION('center_axis',(0.,0.,1.));
#13539=DIRECTION('ref_axis',(-0.0946074030523572,0.995514660508668,0.));
#13540=DIRECTION('center_axis',(0.963162566797652,-0.268919820615287,0.));
#13541=DIRECTION('ref_axis',(0.,0.,-1.));
#13542=DIRECTION('',(0.,0.,1.));
#13543=DIRECTION('center_axis',(0.,0.,-1.));
#13544=DIRECTION('ref_axis',(-1.,0.,0.));
#13545=DIRECTION('',(0.,0.,-1.));
#13546=DIRECTION('center_axis',(-0.866025403784429,-0.500000000000017,0.));
#13547=DIRECTION('ref_axis',(-0.500000000000017,0.866025403784429,0.));
#13548=DIRECTION('',(0.,0.,1.));
#13549=DIRECTION('center_axis',(0.,0.,1.));
#13550=DIRECTION('ref_axis',(1.,0.,0.));
#13551=DIRECTION('',(0.,0.,-1.));
#13552=DIRECTION('center_axis',(-0.01055472555536,-0.70946348026784,-0.704663159200689));
#13553=DIRECTION('ref_axis',(0.174891855756388,0.692530302822529,-0.699867572089622));
#13554=DIRECTION('center_axis',(0.,0.,-1.));
#13555=DIRECTION('ref_axis',(-1.,0.,0.));
#13556=DIRECTION('center_axis',(0.,0.,1.));
#13557=DIRECTION('ref_axis',(0.155939291078206,0.987766641215437,0.));
#13558=DIRECTION('center_axis',(-0.166309040092705,-0.689812978454652,-0.704627105594842));
#13559=DIRECTION('ref_axis',(0.110900502028288,0.696960256629845,-0.708482518717529));
#13560=DIRECTION('center_axis',(0.,0.,1.));
#13561=DIRECTION('ref_axis',(1.,0.,0.));
#13562=DIRECTION('',(0.,0.,-1.));
#13563=DIRECTION('',(0.,0.,1.));
#13564=DIRECTION('center_axis',(-0.186659522628141,-0.684549526687943,-0.704663159334691));
#13565=DIRECTION('ref_axis',(0.341622592702782,0.627279352762269,-0.69986757158278));
#13566=DIRECTION('center_axis',(0.,0.,-1.));
#13567=DIRECTION('ref_axis',(-1.,0.,0.));
#13568=DIRECTION('center_axis',(0.,0.,1.));
#13569=DIRECTION('ref_axis',(0.396687746045813,0.91795361110303,0.));
#13570=DIRECTION('center_axis',(-0.33263364758276,-0.626781858842877,-0.704627105582276));
#13571=DIRECTION('ref_axis',(0.280743343247098,0.64748412708953,-0.708482519466466));
#13572=DIRECTION('center_axis',(0.,0.,1.));
#13573=DIRECTION('ref_axis',(1.,0.,0.));
#13574=DIRECTION('',(0.,0.,-1.));
#13575=DIRECTION('',(0.,0.,1.));
#13576=DIRECTION('center_axis',(0.,0.,-1.));
#13577=DIRECTION('ref_axis',(-1.,0.,0.));
#13578=DIRECTION('center_axis',(0.,0.,1.));
#13579=DIRECTION('ref_axis',(0.612510851013811,0.790462179607815,0.));
#13580=DIRECTION('center_axis',(0.,0.,1.));
#13581=DIRECTION('ref_axis',(-0.684547105927554,-0.728968627422477,0.));
#13582=DIRECTION('',(0.,0.,-1.));
#13583=DIRECTION('',(0.,0.,1.));
#13584=DIRECTION('center_axis',(-0.493355236153835,-0.509951412211766,-0.704663159348365));
#13585=DIRECTION('ref_axis',(0.601560310678606,0.385111126168004,-0.69986756827122));
#13586=DIRECTION('center_axis',(0.,0.,-1.));
#13587=DIRECTION('ref_axis',(-1.,0.,0.));
#13588=DIRECTION('center_axis',(0.,0.,1.));
#13589=DIRECTION('ref_axis',(0.789847646555294,0.613303102251296,0.));
#13590=DIRECTION('center_axis',(-0.5934435507548,-0.389005647975793,-0.704627105574621));
#13591=DIRECTION('ref_axis',(0.557945125068976,0.432145527489473,-0.70848251953214));
#13592=DIRECTION('center_axis',(0.,0.,1.));
#13593=DIRECTION('ref_axis',(-0.844327925498836,-0.535826794984007,0.));
#13594=DIRECTION('center_axis',(-0.604675333307836,-0.371237893091367,-0.704663159262736));
#13595=DIRECTION('ref_axis',(0.678434419278211,0.223410208860014,-0.699867571270281));
#13596=DIRECTION('',(0.,0.,-1.));
#13597=DIRECTION('',(0.,0.,1.));
#13598=DIRECTION('center_axis',(-0.886203579231196,0.463296035119898,0.));
#13599=DIRECTION('ref_axis',(0.,0.,1.));
#13600=DIRECTION('',(0.,0.,-1.));
#13601=DIRECTION('center_axis',(0.,0.,-1.));
#13602=DIRECTION('ref_axis',(-1.,0.,0.));
#13603=DIRECTION('',(0.,0.,1.));
#13604=DIRECTION('center_axis',(0.289031796944489,-0.957319497532062,0.));
#13605=DIRECTION('ref_axis',(0.,0.,-1.));
#13606=DIRECTION('center_axis',(0.0418756537291984,-0.999122830098858,0.));
#13607=DIRECTION('ref_axis',(0.,0.,-1.));
#13608=DIRECTION('',(0.,0.,1.));
#13609=DIRECTION('center_axis',(0.,0.,-1.));
#13610=DIRECTION('ref_axis',(-1.,0.,0.));
#13611=DIRECTION('',(0.,0.,-1.));
#13612=DIRECTION('center_axis',(0.,0.,1.));
#13613=DIRECTION('ref_axis',(0.91755540960727,0.397607935409287,0.));
#13614=DIRECTION('center_axis',(0.,0.,-1.));
#13615=DIRECTION('ref_axis',(-1.,0.,0.));
#13616=DIRECTION('center_axis',(-0.671541200984058,-0.229200910605291,-0.704627105608772));
#13617=DIRECTION('ref_axis',(0.647886473763577,0.279813575333187,-0.708482519313961));
#13618=DIRECTION('center_axis',(0.,0.,1.));
#13619=DIRECTION('ref_axis',(-0.951056516294601,-0.309016994376647,0.));
#13620=DIRECTION('',(0.,0.,-1.));
#13621=DIRECTION('',(0.,0.,1.));
#13622=DIRECTION('center_axis',(-0.678001455525831,-0.209198131417553,-0.704663159329519));
#13623=DIRECTION('ref_axis',(0.712680012533081,0.0476715957635912,-0.699867572254352));
#13624=DIRECTION('center_axis',(0.,0.,-1.));
#13625=DIRECTION('ref_axis',(-1.,0.,0.));
#13626=DIRECTION('center_axis',(0.,0.,1.));
#13627=DIRECTION('ref_axis',(0.987609791740876,0.156929599685796,0.));
#13628=DIRECTION('center_axis',(-0.707443447916738,-0.0549946369268001,
-0.704627105573556));
#13629=DIRECTION('ref_axis',(0.697118735872724,0.109899898008776,-0.7084825195535));
#13630=DIRECTION('center_axis',(0.,0.,1.));
#13631=DIRECTION('ref_axis',(-0.99802672842814,-0.0627905195314016,0.));
#13632=DIRECTION('',(0.,0.,-1.));
#13633=DIRECTION('',(0.,0.,1.));
#13634=DIRECTION('center_axis',(-0.553391549243313,0.83292124071012,0.));
#13635=DIRECTION('ref_axis',(0.,0.,1.));
#13636=DIRECTION('',(0.,0.,-1.));
#13637=DIRECTION('center_axis',(0.,0.,-1.));
#13638=DIRECTION('ref_axis',(-1.,0.,0.));
#13639=DIRECTION('',(0.,0.,1.));
#13640=DIRECTION('center_axis',(-0.2079116908178,-0.978147600733797,0.));
#13641=DIRECTION('ref_axis',(-0.978147600733797,0.2079116908178,0.));
#13642=DIRECTION('center_axis',(-0.444635179184911,-0.895711760239421,0.));
#13643=DIRECTION('ref_axis',(-0.895711760239421,0.444635179184911,0.));
#13644=DIRECTION('',(0.,0.,1.));
#13645=DIRECTION('center_axis',(0.,0.,-1.));
#13646=DIRECTION('ref_axis',(-1.,0.,0.));
#13647=DIRECTION('',(0.,0.,-1.));
#13648=DIRECTION('center_axis',(-0.328866646738593,0.944376370237478,0.));
#13649=DIRECTION('ref_axis',(0.,0.,1.));
#13650=DIRECTION('center_axis',(-0.743144825477376,0.669130606358878,0.));
#13651=DIRECTION('ref_axis',(0.,0.,1.));
#13652=DIRECTION('center_axis',(-0.973578902873153,0.228350870110689,0.));
#13653=DIRECTION('ref_axis',(0.,0.,1.));
#13654=DIRECTION('',(0.,0.,-1.));
#13655=DIRECTION('center_axis',(0.,0.,-1.));
#13656=DIRECTION('ref_axis',(-1.,0.,0.));
#13657=DIRECTION('',(0.,0.,1.));
#13658=DIRECTION('center_axis',(0.518027009373111,-0.855364260160518,0.));
#13659=DIRECTION('ref_axis',(0.,0.,-1.));
#13660=DIRECTION('center_axis',(-0.999780683474845,-0.020942419883361,0.));
#13661=DIRECTION('ref_axis',(-0.020942419883361,0.999780683474845,0.));
#13662=DIRECTION('',(0.,0.,-1.));
#13663=DIRECTION('center_axis',(0.,0.,-1.));
#13664=DIRECTION('ref_axis',(-1.,0.,0.));
#13665=DIRECTION('',(0.,0.,1.));
#13666=DIRECTION('center_axis',(0.714472679632785,-0.699663340513385,0.));
#13667=DIRECTION('ref_axis',(0.,0.,-1.));
#13668=DIRECTION('center_axis',(-0.963162566797652,-0.268919820615287,0.));
#13669=DIRECTION('ref_axis',(-0.268919820615287,0.963162566797652,0.));
#13670=DIRECTION('',(0.,0.,-1.));
#13671=DIRECTION('center_axis',(0.,0.,-1.));
#13672=DIRECTION('ref_axis',(-1.,0.,0.));
#13673=DIRECTION('',(0.,0.,1.));
#13674=DIRECTION('center_axis',(0.866025403784429,-0.500000000000017,0.));
#13675=DIRECTION('ref_axis',(0.,0.,-1.));
#13676=DIRECTION('center_axis',(-0.714472679632785,-0.699663340513385,0.));
#13677=DIRECTION('ref_axis',(-0.699663340513385,0.714472679632785,0.));
#13678=DIRECTION('center_axis',(0.,0.,1.));
#13679=DIRECTION('ref_axis',(1.,0.,0.));
#13680=DIRECTION('',(0.,0.,-1.));
#13681=DIRECTION('',(0.,0.,1.));
#13682=DIRECTION('center_axis',(0.,0.,-1.));
#13683=DIRECTION('ref_axis',(-1.,0.,0.));
#13684=DIRECTION('center_axis',(0.,0.,1.));
#13685=DIRECTION('ref_axis',(-0.562497944598494,0.826798683067692,0.));
#13686=DIRECTION('center_axis',(0.,0.,1.));
#13687=DIRECTION('ref_axis',(1.,0.,0.));
#13688=DIRECTION('',(0.,0.,-1.));
#13689=DIRECTION('',(0.,0.,1.));
#13690=DIRECTION('center_axis',(0.493315521172216,-0.510039644149711,-0.704627105614183));
#13691=DIRECTION('ref_axis',(-0.529039531300349,0.467086387878302,-0.708482519601089));
#13692=DIRECTION('center_axis',(0.973578902873175,0.228350870110594,0.));
#13693=DIRECTION('ref_axis',(0.,0.,-1.));
#13694=DIRECTION('',(0.,0.,1.));
#13695=DIRECTION('center_axis',(0.,0.,-1.));
#13696=DIRECTION('ref_axis',(-1.,0.,0.));
#13697=DIRECTION('',(0.,0.,-1.));
#13698=DIRECTION('center_axis',(-0.518027009373111,-0.855364260160518,0.));
#13699=DIRECTION('ref_axis',(-0.855364260160518,0.518027009373111,0.));
#13700=DIRECTION('center_axis',(0.,0.,-1.));
#13701=DIRECTION('ref_axis',(-1.,0.,0.));
#13702=DIRECTION('center_axis',(0.,0.,1.));
#13703=DIRECTION('ref_axis',(-0.750442508507772,0.660935731689975,0.));
#13704=DIRECTION('center_axis',(0.593364323659684,-0.389061192387397,-0.704663159237081));
#13705=DIRECTION('ref_axis',(-0.491010922189693,0.518742381364436,-0.699867570377983));
#13706=DIRECTION('center_axis',(0.886203579231196,0.463296035119898,0.));
#13707=DIRECTION('ref_axis',(0.,0.,-1.));
#13708=DIRECTION('',(0.,0.,-1.));
#13709=DIRECTION('',(0.,0.,1.));
#13710=DIRECTION('center_axis',(0.,0.,-1.));
#13711=DIRECTION('ref_axis',(-1.,0.,0.));
#13712=DIRECTION('',(0.,0.,-1.));
#13713=DIRECTION('center_axis',(-0.289031796944489,-0.957319497532062,0.));
#13714=DIRECTION('ref_axis',(-0.957319497532062,0.289031796944489,0.));
#13715=DIRECTION('center_axis',(0.,0.,1.));
#13716=DIRECTION('ref_axis',(1.,0.,0.));
#13717=DIRECTION('',(0.,0.,1.));
#13718=DIRECTION('center_axis',(0.604658808496933,-0.371333229453339,-0.704627105645833));
#13719=DIRECTION('ref_axis',(0.628578447878123,-0.320845219557599,0.708482519156377));
#13720=DIRECTION('center_axis',(0.,0.,-1.));
#13721=DIRECTION('ref_axis',(-1.,0.,0.));
#13722=DIRECTION('center_axis',(0.,0.,1.));
#13723=DIRECTION('ref_axis',(-0.89123400967298,0.45354375753859,0.));
#13724=DIRECTION('center_axis',(0.671478276268645,-0.229274412992562,-0.704663159279812));
#13725=DIRECTION('ref_axis',(0.604590901921508,-0.380335671255361,0.699867572105232));
#13726=DIRECTION('center_axis',(0.743144825477426,0.669130606358823,0.));
#13727=DIRECTION('ref_axis',(0.,0.,-1.));
#13728=DIRECTION('',(0.,0.,-1.));
#13729=DIRECTION('',(0.,0.,1.));
#13730=DIRECTION('center_axis',(0.,0.,-1.));
#13731=DIRECTION('ref_axis',(-1.,0.,0.));
#13732=DIRECTION('',(0.,0.,-1.));
#13733=DIRECTION('center_axis',(-0.0418756537292082,-0.999122830098858,
0.));
#13734=DIRECTION('ref_axis',(-0.999122830098858,0.0418756537292082,0.));
#13735=DIRECTION('center_axis',(0.,0.,1.));
#13736=DIRECTION('ref_axis',(1.,0.,0.));
#13737=DIRECTION('',(0.,0.,1.));
#13738=DIRECTION('center_axis',(0.678009159083259,-0.209294582457278,-0.704627105604976));
#13739=DIRECTION('ref_axis',(0.688621460518472,-0.154444177302964,0.708482519340186));
#13740=DIRECTION('center_axis',(0.,0.,-1.));
#13741=DIRECTION('ref_axis',(-1.,0.,0.));
#13742=DIRECTION('center_axis',(0.,0.,1.));
#13743=DIRECTION('ref_axis',(-0.976026000280981,0.217653961083896,0.));
#13744=DIRECTION('center_axis',(0.707400779417403,-0.0550814787883251,-0.704663159228679));
#13745=DIRECTION('ref_axis',(0.68018219860048,-0.218031101366844,0.699867570004338));
#13746=DIRECTION('center_axis',(0.553391549243383,0.832921240710074,0.));
#13747=DIRECTION('ref_axis',(0.,0.,-1.));
#13748=DIRECTION('',(0.,0.,-1.));
#13749=DIRECTION('',(0.,0.,1.));
#13750=DIRECTION('center_axis',(0.,0.,-1.));
#13751=DIRECTION('ref_axis',(-1.,0.,0.));
#13752=DIRECTION('',(0.,0.,-1.));
#13753=DIRECTION('center_axis',(0.207911690817704,-0.978147600733817,0.));
#13754=DIRECTION('ref_axis',(0.,0.,-1.));
#13755=DIRECTION('center_axis',(0.,0.,1.));
#13756=DIRECTION('ref_axis',(1.,0.,0.));
#13757=DIRECTION('',(0.,0.,1.));
#13758=DIRECTION('center_axis',(0.708726280049963,-0.0340137614329788,-0.704663128026237));
#13759=DIRECTION('ref_axis',(0.702145588374744,0.131057971740086,0.699868116697181));
#13760=DIRECTION('center_axis',(0.,0.,-1.));
#13761=DIRECTION('ref_axis',(-1.,0.,0.));
#13762=DIRECTION('center_axis',(0.,0.,1.));
#13763=DIRECTION('ref_axis',(-0.999490687718825,-0.0319118342210408,0.));
#13764=DIRECTION('center_axis',(0.328866646738593,0.944376370237478,0.));
#13765=DIRECTION('ref_axis',(0.,0.,-1.));
#13766=DIRECTION('',(0.,0.,-1.));
#13767=DIRECTION('',(0.,0.,1.));
#13768=DIRECTION('center_axis',(0.,0.,-1.));
#13769=DIRECTION('ref_axis',(-1.,0.,0.));
#13770=DIRECTION('',(0.,0.,-1.));
#13771=DIRECTION('center_axis',(0.444635179184911,-0.895711760239421,0.));
#13772=DIRECTION('ref_axis',(0.,0.,-1.));
#13773=DIRECTION('center_axis',(0.,0.,1.));
#13774=DIRECTION('ref_axis',(1.,0.,0.));
#13775=DIRECTION('',(0.,0.,1.));
#13776=DIRECTION('center_axis',(0.694972389333932,0.143227162719141,-0.70462710558345));
#13777=DIRECTION('ref_axis',(0.677847634505922,0.19640545928659,0.708482519161306));
#13778=DIRECTION('center_axis',(0.,0.,-1.));
#13779=DIRECTION('ref_axis',(-1.,0.,0.));
#13780=DIRECTION('center_axis',(0.,0.,1.));
#13781=DIRECTION('ref_axis',(-0.960153699377662,-0.279472491618389,0.));
#13782=DIRECTION('center_axis',(0.646435733286249,0.29252465632657,-0.704663159368852));
#13783=DIRECTION('ref_axis',(0.701085482333709,0.136618182130373,0.699867572310864));
#13784=DIRECTION('center_axis',(0.0836778433323303,0.996492859249503,0.));
#13785=DIRECTION('ref_axis',(0.,0.,-1.));
#13786=DIRECTION('',(0.,0.,-1.));
#13787=DIRECTION('',(0.,0.,1.));
#13788=DIRECTION('center_axis',(0.,0.,-1.));
#13789=DIRECTION('ref_axis',(-1.,0.,0.));
#13790=DIRECTION('',(0.,0.,-1.));
#13791=DIRECTION('center_axis',(0.653420603990081,-0.756995055651778,0.));
#13792=DIRECTION('ref_axis',(0.,0.,-1.));
#13793=DIRECTION('center_axis',(0.,0.,1.));
#13794=DIRECTION('ref_axis',(1.,0.,0.));
#13795=DIRECTION('',(0.,0.,1.));
#13796=DIRECTION('center_axis',(0.637519406770838,0.311560023160587,-0.704627105608869));
#13797=DIRECTION('ref_axis',(0.607707760148393,0.358808859282729,0.708482519724835));
#13798=DIRECTION('center_axis',(0.,0.,-1.));
#13799=DIRECTION('ref_axis',(-1.,0.,0.));
#13800=DIRECTION('center_axis',(0.,0.,1.));
#13801=DIRECTION('ref_axis',(-0.860486722906341,-0.509472864539325,0.));
#13802=DIRECTION('center_axis',(0.553378842148489,0.444096486178546,-0.704663159265664));
#13803=DIRECTION('ref_axis',(0.645084026866013,0.306678948922793,0.699867573595133));
#13804=DIRECTION('center_axis',(-0.166768746716101,0.985996037070505,0.));
#13805=DIRECTION('ref_axis',(0.,0.,1.));
#13806=DIRECTION('',(0.,0.,-1.));
#13807=DIRECTION('',(0.,0.,1.));
#13808=DIRECTION('center_axis',(0.,0.,-1.));
#13809=DIRECTION('ref_axis',(-1.,0.,0.));
#13810=DIRECTION('',(0.,0.,-1.));
#13811=DIRECTION('center_axis',(0.821149209133718,-0.570713567684412,0.));
#13812=DIRECTION('ref_axis',(0.,0.,-1.));
#13813=DIRECTION('center_axis',(0.,0.,-1.));
#13814=DIRECTION('ref_axis',(-1.,0.,0.));
#13815=DIRECTION('center_axis',(0.,0.,1.));
#13816=DIRECTION('ref_axis',(-0.706752200985996,-0.707461183671196,0.));
#13817=DIRECTION('center_axis',(-0.4067366430758,0.913545457642601,0.));
#13818=DIRECTION('ref_axis',(0.,0.,1.));
#13819=DIRECTION('',(0.,0.,1.));
#13820=DIRECTION('center_axis',(0.,0.,-1.));
#13821=DIRECTION('ref_axis',(-1.,0.,0.));
#13822=DIRECTION('',(0.,0.,-1.));
#13823=DIRECTION('center_axis',(0.937281989491898,-0.348572047321799,0.));
#13824=DIRECTION('ref_axis',(0.,0.,-1.));
#13825=DIRECTION('',(0.,0.,1.));
#13826=DIRECTION('center_axis',(0.999780683474845,-0.020942419883371,0.));
#13827=DIRECTION('ref_axis',(0.,0.,-1.));
#13828=DIRECTION('center_axis',(0.994521895368269,-0.104528463267697,0.));
#13829=DIRECTION('ref_axis',(0.,0.,-1.));
#13830=DIRECTION('',(0.,0.,-1.));
#13831=DIRECTION('center_axis',(0.,0.,-1.));
#13832=DIRECTION('ref_axis',(-1.,0.,0.));
#13833=DIRECTION('',(0.,0.,1.));
#13834=DIRECTION('center_axis',(-0.621147780278323,0.78369345732583,0.));
#13835=DIRECTION('ref_axis',(0.,0.,1.));
#13836=DIRECTION('center_axis',(0.98927233296299,0.146083028562399,0.));
#13837=DIRECTION('ref_axis',(0.,0.,-1.));
#13838=DIRECTION('',(0.,0.,-1.));
#13839=DIRECTION('center_axis',(0.,0.,-1.));
#13840=DIRECTION('ref_axis',(-1.,0.,0.));
#13841=DIRECTION('',(0.,0.,1.));
#13842=DIRECTION('center_axis',(-0.796529918024186,0.604599114862389,0.));
#13843=DIRECTION('ref_axis',(0.,0.,1.));
#13844=DIRECTION('center_axis',(0.921863151588502,0.3875155864521,0.));
#13845=DIRECTION('ref_axis',(0.,0.,-1.));
#13846=DIRECTION('',(0.,0.,-1.));
#13847=DIRECTION('center_axis',(0.,0.,-1.));
#13848=DIRECTION('ref_axis',(-1.,0.,0.));
#13849=DIRECTION('',(0.,0.,1.));
#13850=DIRECTION('center_axis',(-0.921863151588502,0.3875155864521,0.));
#13851=DIRECTION('ref_axis',(0.,0.,1.));
#13852=DIRECTION('center_axis',(0.796529918024186,0.604599114862389,0.));
#13853=DIRECTION('ref_axis',(0.,0.,-1.));
#13854=DIRECTION('',(0.,0.,-1.));
#13855=DIRECTION('center_axis',(0.,0.,-1.));
#13856=DIRECTION('ref_axis',(-1.,0.,0.));
#13857=DIRECTION('',(0.,0.,1.));
#13858=DIRECTION('center_axis',(-0.98927233296299,0.146083028562399,0.));
#13859=DIRECTION('ref_axis',(0.,0.,1.));
#13860=DIRECTION('center_axis',(0.621147780278323,0.78369345732583,0.));
#13861=DIRECTION('ref_axis',(0.,0.,-1.));
#13862=DIRECTION('',(0.,0.,-1.));
#13863=DIRECTION('center_axis',(0.,0.,-1.));
#13864=DIRECTION('ref_axis',(-1.,0.,0.));
#13865=DIRECTION('',(0.,0.,1.));
#13866=DIRECTION('center_axis',(-0.994521895368279,-0.104528463267598,0.));
#13867=DIRECTION('ref_axis',(-0.104528463267598,0.994521895368279,0.));
#13868=DIRECTION('center_axis',(0.4067366430758,0.913545457642601,0.));
#13869=DIRECTION('ref_axis',(0.,0.,-1.));
#13870=DIRECTION('',(0.,0.,-1.));
#13871=DIRECTION('center_axis',(0.,0.,-1.));
#13872=DIRECTION('ref_axis',(-1.,0.,0.));
#13873=DIRECTION('',(0.,0.,1.));
#13874=DIRECTION('center_axis',(-0.937281989491898,-0.348572047321799,0.));
#13875=DIRECTION('ref_axis',(-0.348572047321799,0.937281989491898,0.));
#13876=DIRECTION('center_axis',(0.166768746716101,0.985996037070505,0.));
#13877=DIRECTION('ref_axis',(0.,0.,-1.));
#13878=DIRECTION('',(0.,0.,-1.));
#13879=DIRECTION('center_axis',(0.,0.,-1.));
#13880=DIRECTION('ref_axis',(-1.,0.,0.));
#13881=DIRECTION('',(0.,0.,1.));
#13882=DIRECTION('center_axis',(-0.821149209133718,-0.570713567684412,0.));
#13883=DIRECTION('ref_axis',(-0.570713567684412,0.821149209133718,0.));
#13884=DIRECTION('center_axis',(-0.0836778433323104,0.996492859249505,0.));
#13885=DIRECTION('ref_axis',(0.,0.,1.));
#13886=DIRECTION('',(0.,0.,-1.));
#13887=DIRECTION('center_axis',(0.,0.,-1.));
#13888=DIRECTION('ref_axis',(-1.,0.,0.));
#13889=DIRECTION('',(0.,0.,1.));
#13890=DIRECTION('center_axis',(-0.653420603990081,-0.756995055651778,0.));
#13891=DIRECTION('ref_axis',(-0.756995055651778,0.653420603990081,0.));
#13892=DIRECTION('center_axis',(0.,0.,1.));
#13893=DIRECTION('ref_axis',(1.,0.,0.));
#13894=DIRECTION('center_axis',(0.,0.,1.));
#13895=DIRECTION('ref_axis',(1.,0.,0.));
#13896=DIRECTION('',(0.,0.,1.));
#13897=DIRECTION('center_axis',(0.,0.,-1.));
#13898=DIRECTION('ref_axis',(-1.,0.,0.));
#13899=DIRECTION('',(0.,0.,1.));
#13900=DIRECTION('center_axis',(0.,0.,1.));
#13901=DIRECTION('ref_axis',(1.,0.,0.));
#13902=DIRECTION('center_axis',(0.,0.,-1.));
#13903=DIRECTION('ref_axis',(1.,0.,0.));
#13904=DIRECTION('center_axis',(0.,0.,1.));
#13905=DIRECTION('ref_axis',(0.,-1.,0.));
#13906=DIRECTION('',(8.65955910424513E-17,-0.707106662122847,-0.707106900250228));
#13907=DIRECTION('center_axis',(0.,0.,-1.));
#13908=DIRECTION('ref_axis',(-1.,0.,0.));
#13909=DIRECTION('center_axis',(0.,0.,1.));
#13910=DIRECTION('ref_axis',(-1.,0.,0.));
#13911=DIRECTION('',(-0.866025403784429,-0.500000000000017,0.));
#13912=DIRECTION('',(0.,-1.,0.));
#13913=DIRECTION('',(0.866025403784429,-0.500000000000017,0.));
#13914=DIRECTION('',(0.866025403784429,0.500000000000017,0.));
#13915=DIRECTION('',(0.,1.,0.));
#13916=DIRECTION('',(-0.866025403784429,0.500000000000017,0.));
#13917=DIRECTION('center_axis',(0.,0.,-1.));
#13918=DIRECTION('ref_axis',(-0.999570216038897,-0.0293152384938803,0.));
#13919=DIRECTION('center_axis',(0.0293152384938798,-0.999570216038897,0.));
#13920=DIRECTION('ref_axis',(0.999570216038897,0.0293152384938798,0.));
#13921=DIRECTION('center_axis',(0.,0.,-1.));
#13922=DIRECTION('ref_axis',(1.,0.,0.));
#13923=DIRECTION('center_axis',(0.,0.,-1.));
#13924=DIRECTION('ref_axis',(1.,0.,0.));
#13925=DIRECTION('center_axis',(0.,0.,-1.));
#13926=DIRECTION('ref_axis',(1.,0.,0.));
#13927=DIRECTION('',(0.,0.,1.));
#13928=DIRECTION('center_axis',(-0.353553390593308,-0.612372435695813,-0.707106781186515));
#13929=DIRECTION('ref_axis',(0.866025403784424,-0.500000000000025,0.));
#13930=DIRECTION('',(0.,0.755928946018463,-0.654653670707968));
#13931=DIRECTION('',(0.654653670707987,0.377964473009193,-0.654653670707987));
#13932=DIRECTION('',(-0.866025403784429,0.500000000000017,0.));
#13933=DIRECTION('center_axis',(0.500000000000017,0.866025403784429,0.));
#13934=DIRECTION('ref_axis',(0.,0.,-1.));
#13935=DIRECTION('',(0.,0.,1.));
#13936=DIRECTION('',(0.866025403784429,-0.500000000000017,0.));
#13937=DIRECTION('',(0.,0.,1.));
#13938=DIRECTION('center_axis',(-0.500000000000017,0.866025403784429,0.));
#13939=DIRECTION('ref_axis',(0.,0.,1.));
#13940=DIRECTION('',(0.866025403784429,0.500000000000017,0.));
#13941=DIRECTION('',(0.,0.,1.));
#13942=DIRECTION('',(-0.866025403784429,-0.500000000000017,0.));
#13943=DIRECTION('center_axis',(0.353553390593308,-0.612372435695813,-0.707106781186515));
#13944=DIRECTION('ref_axis',(0.866025403784424,0.500000000000025,0.));
#13945=DIRECTION('',(-0.654653670707987,0.377964473009193,-0.654653670707987));
#13946=DIRECTION('center_axis',(0.707106781186598,0.,-0.707106781186498));
#13947=DIRECTION('ref_axis',(0.,1.,0.));
#13948=DIRECTION('',(0.,-1.,0.));
#13949=DIRECTION('',(-0.654653670707987,-0.377964473009193,-0.654653670707987));
#13950=DIRECTION('center_axis',(0.353553390593308,0.612372435695813,-0.707106781186515));
#13951=DIRECTION('ref_axis',(-0.866025403784424,0.500000000000025,0.));
#13952=DIRECTION('',(0.866025403784429,-0.500000000000017,0.));
#13953=DIRECTION('',(0.,-0.755928946018463,-0.654653670707968));
#13954=DIRECTION('center_axis',(-0.353553390593308,0.612372435695813,-0.707106781186515));
#13955=DIRECTION('ref_axis',(-0.866025403784424,-0.500000000000025,0.));
#13956=DIRECTION('',(0.866025403784429,0.500000000000017,0.));
#13957=DIRECTION('',(0.654653670707987,-0.377964473009193,-0.654653670707987));
#13958=DIRECTION('center_axis',(-0.707106781186498,0.,-0.707106781186598));
#13959=DIRECTION('ref_axis',(0.,-1.,0.));
#13960=DIRECTION('',(0.,1.,0.));
#13961=DIRECTION('center_axis',(1.,0.,0.));
#13962=DIRECTION('ref_axis',(0.,0.,-1.));
#13963=DIRECTION('',(0.,0.,1.));
#13964=DIRECTION('',(0.,-1.,0.));
#13965=DIRECTION('center_axis',(0.,0.,-1.));
#13966=DIRECTION('ref_axis',(-1.,0.,0.));
#13967=DIRECTION('',(-0.866025403784429,-0.500000000000017,0.));
#13968=DIRECTION('',(-0.866025403784429,0.500000000000017,0.));
#13969=DIRECTION('',(0.,1.,0.));
#13970=DIRECTION('center_axis',(-1.,0.,0.));
#13971=DIRECTION('ref_axis',(0.,1.,0.));
#13972=DIRECTION('',(0.,0.,1.));
#13973=DIRECTION('center_axis',(-0.500000000000017,-0.866025403784429,0.));
#13974=DIRECTION('ref_axis',(0.,0.,1.));
#13975=DIRECTION('',(0.,0.,1.));
#13976=DIRECTION('center_axis',(0.500000000000017,-0.866025403784429,0.));
#13977=DIRECTION('ref_axis',(0.866025403784429,0.500000000000017,0.));
#13978=DIRECTION('center_axis',(0.,0.,-1.));
#13979=DIRECTION('ref_axis',(-1.,0.,0.));
#13980=DIRECTION('center_axis',(0.,0.,1.));
#13981=DIRECTION('ref_axis',(-1.,0.,0.));
#13982=DIRECTION('',(-0.866025403784429,-0.500000000000017,0.));
#13983=DIRECTION('',(0.,-1.,0.));
#13984=DIRECTION('',(0.866025403784429,-0.500000000000017,0.));
#13985=DIRECTION('',(0.866025403784429,0.500000000000017,0.));
#13986=DIRECTION('',(0.,1.,0.));
#13987=DIRECTION('',(-0.866025403784429,0.500000000000017,0.));
#13988=DIRECTION('center_axis',(0.,0.,-1.));
#13989=DIRECTION('ref_axis',(-0.999570216038897,-0.0293152384938803,0.));
#13990=DIRECTION('center_axis',(0.0293152384938798,-0.999570216038897,0.));
#13991=DIRECTION('ref_axis',(0.999570216038897,0.0293152384938798,0.));
#13992=DIRECTION('center_axis',(0.,0.,-1.));
#13993=DIRECTION('ref_axis',(1.,0.,0.));
#13994=DIRECTION('center_axis',(0.,0.,-1.));
#13995=DIRECTION('ref_axis',(1.,0.,0.));
#13996=DIRECTION('center_axis',(0.,0.,-1.));
#13997=DIRECTION('ref_axis',(1.,0.,0.));
#13998=DIRECTION('',(0.,0.,1.));
#13999=DIRECTION('center_axis',(-0.353553390593308,-0.612372435695813,-0.707106781186515));
#14000=DIRECTION('ref_axis',(0.866025403784424,-0.500000000000025,0.));
#14001=DIRECTION('',(0.,0.755928946018463,-0.654653670707968));
#14002=DIRECTION('',(0.654653670707987,0.377964473009193,-0.654653670707987));
#14003=DIRECTION('',(-0.866025403784429,0.500000000000017,0.));
#14004=DIRECTION('center_axis',(0.500000000000017,0.866025403784429,0.));
#14005=DIRECTION('ref_axis',(0.,0.,-1.));
#14006=DIRECTION('',(0.,0.,1.));
#14007=DIRECTION('',(0.866025403784429,-0.500000000000017,0.));
#14008=DIRECTION('',(0.,0.,1.));
#14009=DIRECTION('center_axis',(-0.500000000000017,0.866025403784429,0.));
#14010=DIRECTION('ref_axis',(0.,0.,1.));
#14011=DIRECTION('',(0.866025403784429,0.500000000000017,0.));
#14012=DIRECTION('',(0.,0.,1.));
#14013=DIRECTION('',(-0.866025403784429,-0.500000000000017,0.));
#14014=DIRECTION('center_axis',(0.353553390593308,-0.612372435695813,-0.707106781186515));
#14015=DIRECTION('ref_axis',(0.866025403784424,0.500000000000025,0.));
#14016=DIRECTION('',(-0.654653670707987,0.377964473009193,-0.654653670707987));
#14017=DIRECTION('center_axis',(0.707106781186598,0.,-0.707106781186498));
#14018=DIRECTION('ref_axis',(0.,1.,0.));
#14019=DIRECTION('',(0.,-1.,0.));
#14020=DIRECTION('',(-0.654653670707987,-0.377964473009193,-0.654653670707987));
#14021=DIRECTION('center_axis',(0.353553390593308,0.612372435695813,-0.707106781186515));
#14022=DIRECTION('ref_axis',(-0.866025403784424,0.500000000000025,0.));
#14023=DIRECTION('',(0.866025403784429,-0.500000000000017,0.));
#14024=DIRECTION('',(0.,-0.755928946018463,-0.654653670707968));
#14025=DIRECTION('center_axis',(-0.353553390593308,0.612372435695813,-0.707106781186515));
#14026=DIRECTION('ref_axis',(-0.866025403784424,-0.500000000000025,0.));
#14027=DIRECTION('',(0.866025403784429,0.500000000000017,0.));
#14028=DIRECTION('',(0.654653670707987,-0.377964473009193,-0.654653670707987));
#14029=DIRECTION('center_axis',(-0.707106781186498,0.,-0.707106781186598));
#14030=DIRECTION('ref_axis',(0.,-1.,0.));
#14031=DIRECTION('',(0.,1.,0.));
#14032=DIRECTION('center_axis',(1.,0.,0.));
#14033=DIRECTION('ref_axis',(0.,0.,-1.));
#14034=DIRECTION('',(0.,0.,1.));
#14035=DIRECTION('',(0.,-1.,0.));
#14036=DIRECTION('center_axis',(0.,0.,-1.));
#14037=DIRECTION('ref_axis',(-1.,0.,0.));
#14038=DIRECTION('',(-0.866025403784429,-0.500000000000017,0.));
#14039=DIRECTION('',(-0.866025403784429,0.500000000000017,0.));
#14040=DIRECTION('',(0.,1.,0.));
#14041=DIRECTION('center_axis',(-1.,0.,0.));
#14042=DIRECTION('ref_axis',(0.,1.,0.));
#14043=DIRECTION('',(0.,0.,1.));
#14044=DIRECTION('center_axis',(-0.500000000000017,-0.866025403784429,0.));
#14045=DIRECTION('ref_axis',(0.,0.,1.));
#14046=DIRECTION('',(0.,0.,1.));
#14047=DIRECTION('center_axis',(0.500000000000017,-0.866025403784429,0.));
#14048=DIRECTION('ref_axis',(0.866025403784429,0.500000000000017,0.));
#14049=DIRECTION('center_axis',(0.,0.,-1.));
#14050=DIRECTION('ref_axis',(-0.0537576491940417,0.998554012136114,0.));
#14051=DIRECTION('center_axis',(0.,0.,1.));
#14052=DIRECTION('ref_axis',(0.,-1.,0.));
#14053=DIRECTION('center_axis',(0.,1.,0.));
#14054=DIRECTION('ref_axis',(1.,0.,0.));
#14055=DIRECTION('center_axis',(0.,0.,-1.));
#14056=DIRECTION('ref_axis',(-2.67678172709185E-14,1.,0.));
#14057=DIRECTION('center_axis',(0.,0.,-1.));
#14058=DIRECTION('ref_axis',(-1.,0.,0.));
#14059=DIRECTION('center_axis',(0.,0.,-1.));
#14060=DIRECTION('ref_axis',(-1.,0.,0.));
#14061=DIRECTION('',(0.,0.,1.));
#14062=DIRECTION('center_axis',(0.,0.,1.));
#14063=DIRECTION('ref_axis',(-1.,0.,0.));
#14064=DIRECTION('center_axis',(0.,0.,-1.));
#14065=DIRECTION('ref_axis',(0.,-1.,0.));
#14066=DIRECTION('center_axis',(0.,0.,-1.));
#14067=DIRECTION('ref_axis',(-1.,0.,0.));
#14068=DIRECTION('center_axis',(0.,0.,-1.));
#14069=DIRECTION('ref_axis',(0.,-1.,0.));
#14070=DIRECTION('center_axis',(0.,0.,1.));
#14071=DIRECTION('ref_axis',(-1.,0.,0.));
#14072=DIRECTION('center_axis',(0.,0.,-1.));
#14073=DIRECTION('ref_axis',(1.,0.,0.));
#14074=DIRECTION('',(0.,0.,-1.));
#14075=DIRECTION('center_axis',(0.,0.,-1.));
#14076=DIRECTION('ref_axis',(0.,-1.,0.));
#14077=DIRECTION('',(1.,0.,0.));
#14078=DIRECTION('',(0.,-1.,0.));
#14079=DIRECTION('',(-1.,0.,0.));
#14080=DIRECTION('',(0.,-1.,0.));
#14081=DIRECTION('center_axis',(-0.707106781186598,0.,-0.707106781186498));
#14082=DIRECTION('ref_axis',(-0.707106781186498,0.,0.707106781186598));
#14083=DIRECTION('',(-0.707106077364707,-5.82138774330106E-5,0.707107482611407));
#14084=DIRECTION('',(0.,1.,0.));
#14085=DIRECTION('',(-0.7071060773652,5.82031125734E-5,0.7071074826118));
#14086=DIRECTION('',(0.,-1.,0.));
#14087=DIRECTION('center_axis',(0.,0.,-1.));
#14088=DIRECTION('ref_axis',(0.,-1.,0.));
#14089=DIRECTION('center_axis',(0.,0.,1.));
#14090=DIRECTION('ref_axis',(0.,-1.,0.));
#14091=DIRECTION('center_axis',(0.,0.,-1.));
#14092=DIRECTION('ref_axis',(0.,-1.,0.));
#14093=DIRECTION('center_axis',(0.,0.,1.));
#14094=DIRECTION('ref_axis',(0.,-1.,0.));
#14095=DIRECTION('center_axis',(0.,0.,1.));
#14096=DIRECTION('ref_axis',(1.,0.,0.));
#14097=DIRECTION('',(0.,-1.,0.));
#14098=DIRECTION('',(0.,-1.,0.));
#14099=DIRECTION('center_axis',(0.,0.,-1.));
#14100=DIRECTION('ref_axis',(0.,-1.,0.));
#14101=DIRECTION('',(0.,-1.,0.));
#14102=DIRECTION('center_axis',(0.,0.,-1.));
#14103=DIRECTION('ref_axis',(0.,-1.,0.));
#14104=DIRECTION('center_axis',(-1.,0.,0.));
#14105=DIRECTION('ref_axis',(0.,0.,1.));
#14106=DIRECTION('',(0.,0.,-1.));
#14107=DIRECTION('',(0.,0.,1.));
#14108=DIRECTION('center_axis',(0.,0.,1.));
#14109=DIRECTION('ref_axis',(0.,-1.,0.));
#14110=DIRECTION('',(0.707104056210628,-9.04351665358197E-9,0.707109506151966));
#14111=DIRECTION('center_axis',(-0.707106781186548,0.,0.707106781186548));
#14112=DIRECTION('ref_axis',(0.,1.,0.));
#14113=DIRECTION('',(-0.707104348011952,-2.02110991124288E-8,-0.70710921435277));
#14114=DIRECTION('',(0.,-1.,0.));
#14115=DIRECTION('center_axis',(0.,0.,1.));
#14116=DIRECTION('ref_axis',(0.,-1.,0.));
#14117=DIRECTION('center_axis',(0.,-1.,0.));
#14118=DIRECTION('ref_axis',(0.,0.,-1.));
#14119=DIRECTION('',(0.,-1.08894876143637E-14,-1.));
#14120=DIRECTION('center_axis',(1.,0.,0.));
#14121=DIRECTION('ref_axis',(0.,1.,0.));
#14122=DIRECTION('',(0.,-6.41269892420594E-14,1.));
#14123=DIRECTION('center_axis',(0.,1.,0.));
#14124=DIRECTION('ref_axis',(1.,0.,0.));
#14125=DIRECTION('center_axis',(0.707106781186548,0.,-0.707106781186548));
#14126=DIRECTION('ref_axis',(0.,-1.,0.));
#14127=DIRECTION('',(0.707106077364757,5.82138774487065E-5,0.707107482611357));
#14128=DIRECTION('',(0.,-1.,0.));
#14129=DIRECTION('',(0.7071060773652,-5.820311238028E-5,0.7071074826118));
#14130=DIRECTION('',(0.,1.,0.));
#14131=DIRECTION('center_axis',(0.,0.,-1.));
#14132=DIRECTION('ref_axis',(0.,-1.,0.));
#14133=DIRECTION('center_axis',(0.,0.,1.));
#14134=DIRECTION('ref_axis',(0.,-1.,0.));
#14135=DIRECTION('center_axis',(0.,0.,-1.));
#14136=DIRECTION('ref_axis',(0.,-1.,0.));
#14137=DIRECTION('',(1.,1.770032098432E-14,0.));
#14138=DIRECTION('',(0.,1.,0.));
#14139=DIRECTION('',(-1.,0.,0.));
#14140=DIRECTION('',(0.,1.,0.));
#14141=DIRECTION('center_axis',(0.,0.,-1.));
#14142=DIRECTION('ref_axis',(0.,-1.,0.));
#14143=DIRECTION('center_axis',(0.,0.,1.));
#14144=DIRECTION('ref_axis',(0.,-1.,0.));
#14145=DIRECTION('center_axis',(-1.,0.,0.));
#14146=DIRECTION('ref_axis',(0.,0.,1.));
#14147=DIRECTION('',(0.,1.08894876143621E-14,-1.));
#14148=DIRECTION('',(0.,1.,0.));
#14149=DIRECTION('',(0.,5.56573868893346E-14,1.));
#14150=DIRECTION('center_axis',(-1.,0.,0.));
#14151=DIRECTION('ref_axis',(0.,0.,1.));
#14152=DIRECTION('',(0.,0.,-1.));
#14153=DIRECTION('',(0.,1.,0.));
#14154=DIRECTION('',(0.,1.,0.));
#14155=DIRECTION('',(0.,0.,1.));
#14156=DIRECTION('center_axis',(0.,1.,0.));
#14157=DIRECTION('ref_axis',(1.,0.,0.));
#14158=DIRECTION('center_axis',(0.,0.,1.));
#14159=DIRECTION('ref_axis',(1.,0.,0.));
#14160=DIRECTION('center_axis',(0.,0.,-1.));
#14161=DIRECTION('ref_axis',(0.,-1.,0.));
#14162=DIRECTION('',(0.,1.,0.));
#14163=DIRECTION('center_axis',(0.,0.,-1.));
#14164=DIRECTION('ref_axis',(0.,-1.,0.));
#14165=DIRECTION('center_axis',(0.,0.,1.));
#14166=DIRECTION('ref_axis',(0.,-1.,0.));
#14167=DIRECTION('',(-0.707104056210628,9.04351665358197E-9,0.707109506151966));
#14168=DIRECTION('center_axis',(0.707106781186548,0.,0.707106781186548));
#14169=DIRECTION('ref_axis',(0.,-1.,0.));
#14170=DIRECTION('',(0.707104348011956,2.02110991124289E-8,-0.707109214352767));
#14171=DIRECTION('center_axis',(0.,0.,1.));
#14172=DIRECTION('ref_axis',(0.,-1.,0.));
#14173=DIRECTION('center_axis',(1.770032098432E-14,-1.,0.));
#14174=DIRECTION('ref_axis',(0.,0.,-1.));
#14175=DIRECTION('center_axis',(0.,0.,-1.));
#14176=DIRECTION('ref_axis',(0.,-1.,0.));
#14177=DIRECTION('center_axis',(0.,0.,-1.));
#14178=DIRECTION('ref_axis',(1.,0.,0.));
#14179=DIRECTION('center_axis',(0.,0.,-1.));
#14180=DIRECTION('ref_axis',(1.,0.,0.));
#14181=DIRECTION('center_axis',(0.,0.,-1.));
#14182=DIRECTION('ref_axis',(1.,6.593603513547E-14,0.));
#14183=DIRECTION('',(0.,0.,-1.));
#14184=DIRECTION('center_axis',(0.,0.,-1.));
#14185=DIRECTION('ref_axis',(0.,-1.,0.));
#14186=DIRECTION('center_axis',(0.,0.,-1.));
#14187=DIRECTION('ref_axis',(1.,0.,0.));
#14188=DIRECTION('center_axis',(0.,0.,-1.));
#14189=DIRECTION('ref_axis',(1.,7.655218067991E-14,0.));
#14190=DIRECTION('',(0.,0.,-1.));
#14191=DIRECTION('center_axis',(0.,0.,-1.));
#14192=DIRECTION('ref_axis',(1.,0.,0.));
#14193=DIRECTION('center_axis',(0.,0.,-1.));
#14194=DIRECTION('ref_axis',(0.,-1.,0.));
#14195=DIRECTION('center_axis',(0.,0.,-1.));
#14196=DIRECTION('ref_axis',(0.,-1.,0.));
#14197=DIRECTION('',(0.,-0.999999999999988,0.));
#14198=DIRECTION('',(1.00000000000001,0.,0.));
#14199=DIRECTION('',(-1.,-1.22464679914734E-16,-3.48110653057615E-17));
#14200=DIRECTION('',(1.56767230992498E-15,5.15407591927026E-31,1.));
#14201=DIRECTION('',(1.52655665885958E-15,0.,0.999999999999994));
#14202=DIRECTION('',(1.00000000000001,0.,0.));
#14203=CARTESIAN_POINT('',(0.,0.,0.));
#14204=CARTESIAN_POINT('',(0.,0.,0.));
#14205=CARTESIAN_POINT('Origin',(5.65685424949268,7.09999999999914,5.656854249492));
#14206=CARTESIAN_POINT('',(5.65685424949268,10.0999999999991,6.556854249492));
#14207=CARTESIAN_POINT('Origin',(5.65685424949268,10.0999999999991,5.656854249492));
#14208=CARTESIAN_POINT('',(5.65685424949268,7.09999999999914,6.556854249492));
#14209=CARTESIAN_POINT('',(5.65685424949268,7.09999999999914,6.556854249492));
#14210=CARTESIAN_POINT('Origin',(5.65685424949268,7.09999999999914,5.656854249492));
#14211=CARTESIAN_POINT('Origin',(-5.65685424949132,7.09999999999914,5.656854249492));
#14212=CARTESIAN_POINT('',(-5.65685424949132,10.0999999999991,6.556854249492));
#14213=CARTESIAN_POINT('Origin',(-5.65685424949132,10.0999999999991,5.656854249492));
#14214=CARTESIAN_POINT('',(-5.65685424949132,7.09999999999914,6.556854249492));
#14215=CARTESIAN_POINT('',(-5.65685424949132,7.09999999999914,6.556854249492));
#14216=CARTESIAN_POINT('Origin',(-5.65685424949132,7.09999999999914,5.656854249492));
#14217=CARTESIAN_POINT('Origin',(-5.65685424949132,7.09999999999914,-5.656854249492));
#14218=CARTESIAN_POINT('',(-5.65685424949132,10.0999999999991,-4.756854249492));
#14219=CARTESIAN_POINT('Origin',(-5.65685424949132,10.0999999999991,-5.656854249492));
#14220=CARTESIAN_POINT('',(-5.65685424949132,7.09999999999914,-4.756854249492));
#14221=CARTESIAN_POINT('',(-5.65685424949132,7.09999999999914,-4.756854249492));
#14222=CARTESIAN_POINT('Origin',(-5.65685424949132,7.09999999999914,-5.656854249492));
#14223=CARTESIAN_POINT('Origin',(5.65685424949268,7.09999999999914,-5.656854249492));
#14224=CARTESIAN_POINT('',(5.65685424949268,10.0999999999991,-4.756854249492));
#14225=CARTESIAN_POINT('Origin',(5.65685424949268,10.0999999999991,-5.656854249492));
#14226=CARTESIAN_POINT('',(5.65685424949268,7.09999999999914,-4.756854249492));
#14227=CARTESIAN_POINT('',(5.65685424949268,7.09999999999914,-4.756854249492));
#14228=CARTESIAN_POINT('Origin',(5.65685424949268,7.09999999999914,-5.656854249492));
#14229=CARTESIAN_POINT('Origin',(-7.99999999999932,12.0999999999991,0.));
#14230=CARTESIAN_POINT('',(-8.89999999999932,7.09999999999914,1.10218211923262E-16));
#14231=CARTESIAN_POINT('Origin',(-7.99999999999932,7.09999999999914,0.));
#14232=CARTESIAN_POINT('',(-8.89999999999932,10.0999999999991,1.10218211923262E-16));
#14233=CARTESIAN_POINT('',(-8.89999999999932,12.0999999999991,1.10218211923262E-16));
#14234=CARTESIAN_POINT('Origin',(-7.99999999999932,10.0999999999991,0.));
#14235=CARTESIAN_POINT('Origin',(8.00000000000068,12.0999999999991,0.));
#14236=CARTESIAN_POINT('',(7.10000000000068,7.09999999999914,1.10218211923262E-16));
#14237=CARTESIAN_POINT('Origin',(8.00000000000068,7.09999999999914,0.));
#14238=CARTESIAN_POINT('',(7.10000000000068,10.0999999999991,1.10218211923262E-16));
#14239=CARTESIAN_POINT('',(7.10000000000068,12.0999999999991,1.10218211923262E-16));
#14240=CARTESIAN_POINT('Origin',(8.00000000000068,10.0999999999991,0.));
#14241=CARTESIAN_POINT('Origin',(6.80011602582908E-13,12.0999999999991,
8.));
#14242=CARTESIAN_POINT('',(-0.89999999999932,7.09999999999914,8.));
#14243=CARTESIAN_POINT('Origin',(6.80011602582908E-13,7.09999999999914,
8.));
#14244=CARTESIAN_POINT('',(-0.89999999999932,10.0999999999991,8.));
#14245=CARTESIAN_POINT('',(-0.89999999999932,12.0999999999991,8.));
#14246=CARTESIAN_POINT('Origin',(6.80011602582908E-13,10.0999999999991,
8.));
#14247=CARTESIAN_POINT('Origin',(6.80011602582908E-13,12.0999999999991,
-8.));
#14248=CARTESIAN_POINT('',(-0.89999999999932,7.09999999999914,-8.));
#14249=CARTESIAN_POINT('Origin',(6.80011602582908E-13,7.09999999999914,
-8.));
#14250=CARTESIAN_POINT('',(-0.89999999999932,10.0999999999991,-8.));
#14251=CARTESIAN_POINT('',(-0.89999999999932,12.0999999999991,-8.));
#14252=CARTESIAN_POINT('Origin',(6.80011602582908E-13,10.0999999999991,
-8.));
#14253=CARTESIAN_POINT('Origin',(6.80011602582908E-13,12.0999999999991,
0.));
#14254=CARTESIAN_POINT('',(-9.99999999999932,10.0999999999991,1.22464679914735E-15));
#14255=CARTESIAN_POINT('Origin',(6.80011602582908E-13,10.0999999999991,
0.));
#14256=CARTESIAN_POINT('',(-9.99999999999932,7.09999999999914,1.22464679914735E-15));
#14257=CARTESIAN_POINT('',(-9.99999999999932,12.0999999999991,1.22464679914735E-15));
#14258=CARTESIAN_POINT('Origin',(6.80011602582908E-13,7.09999999999914,
0.));
#14259=CARTESIAN_POINT('Origin',(6.80011602582908E-13,12.0999999999991,
0.));
#14260=CARTESIAN_POINT('',(-4.99999999999932,12.0999999999991,0.));
#14261=CARTESIAN_POINT('Origin',(6.80011602582908E-13,12.0999999999991,
0.));
#14262=CARTESIAN_POINT('',(-4.99999999999932,10.0999999999991,0.));
#14263=CARTESIAN_POINT('',(-4.99999999999932,12.0999999999991,6.12323399573677E-16));
#14264=CARTESIAN_POINT('Origin',(6.80011602582908E-13,10.0999999999991,
0.));
#14265=CARTESIAN_POINT('Origin',(6.80011602582908E-13,9.84999999999914,
0.));
#14266=CARTESIAN_POINT('',(2.74718926231868,9.84999999999914,-1.205384236252));
#14267=CARTESIAN_POINT('',(2.44182705181868,9.84999999999914,-0.8662451437148));
#14268=CARTESIAN_POINT('',(2.74718926231868,9.84999999999914,-1.205384236252));
#14269=CARTESIAN_POINT('',(2.48464570259168,9.84999999999914,-0.7344628871474));
#14270=CARTESIAN_POINT('Origin',(2.50127863785668,9.84999999999914,-0.8127146952061));
#14271=CARTESIAN_POINT('',(2.93102987739468,9.84999999999914,-0.6395810017673));
#14272=CARTESIAN_POINT('',(2.48464570259168,9.84999999999914,-0.7344628871474));
#14273=CARTESIAN_POINT('Origin',(6.80011602582908E-13,9.84999999999914,
0.));
#14274=CARTESIAN_POINT('Origin',(2.89879722083568,7.09999999999914,-0.6464322644191));
#14275=CARTESIAN_POINT('',(2.93102987739468,7.12515970346914,-0.6395810017673));
#14276=CARTESIAN_POINT('',(2.48464570259168,7.42182393874914,-0.7344628871474));
#14277=CARTESIAN_POINT('Ctrl Pts',(2.93102987739468,7.12515970346914,-0.6395810017673));
#14278=CARTESIAN_POINT('Ctrl Pts',(2.87862560389568,7.16056791064914,-0.6507198739592));
#14279=CARTESIAN_POINT('Ctrl Pts',(2.77569447411968,7.22976292672914,-0.6725985609932));
#14280=CARTESIAN_POINT('Ctrl Pts',(2.62696608931868,7.32862710501914,-0.7042117550891));
#14281=CARTESIAN_POINT('Ctrl Pts',(2.53147203695668,7.39130419527914,-0.7245096425191));
#14282=CARTESIAN_POINT('Ctrl Pts',(2.48464570259168,7.42182393874914,-0.7344628871474));
#14283=CARTESIAN_POINT('',(2.93102987739468,9.84999999999914,-0.6395810017673));
#14284=CARTESIAN_POINT('',(2.48464570259168,7.42182393874914,-0.7344628871474));
#14285=CARTESIAN_POINT('Origin',(2.50127863785668,7.09999999999914,-0.8127146952061));
#14286=CARTESIAN_POINT('',(2.44182705181868,7.42182393874914,-0.8662451437148));
#14287=CARTESIAN_POINT('',(2.44182705181868,7.42182393874914,-0.8662451437148));
#14288=CARTESIAN_POINT('Ctrl Pts',(2.48464570259416,7.42182393875315,-0.734462887146779));
#14289=CARTESIAN_POINT('Ctrl Pts',(2.47637029952471,7.42721755288586,-0.736221878369335));
#14290=CARTESIAN_POINT('Ctrl Pts',(2.46828277483228,7.43219290945042,-0.739346610992054));
#14291=CARTESIAN_POINT('Ctrl Pts',(2.45342420500513,7.44069003361854,-0.748012845460617));
#14292=CARTESIAN_POINT('Ctrl Pts',(2.44578127946085,7.44467294861126,-0.754235480031673));
#14293=CARTESIAN_POINT('Ctrl Pts',(2.43317470291751,7.45007841507288,-0.769593063719415));
#14294=CARTESIAN_POINT('Ctrl Pts',(2.42820625532782,7.45150423028848,-0.778722925737361));
#14295=CARTESIAN_POINT('Ctrl Pts',(2.42218197777832,7.45150423028848,-0.797263745574843));
#14296=CARTESIAN_POINT('Ctrl Pts',(2.42083513806442,7.45007841507288,-0.807570339323668));
#14297=CARTESIAN_POINT('Ctrl Pts',(2.42200711152637,7.44467294861126,-0.827404845293658));
#14298=CARTESIAN_POINT('Ctrl Pts',(2.42453279534716,7.44069003361854,-0.836931461330724));
#14299=CARTESIAN_POINT('Ctrl Pts',(2.43145974603587,7.43219290945046,-0.852676240507523));
#14300=CARTESIAN_POINT('Ctrl Pts',(2.43616601920144,7.42721755288594,-0.859957930043891));
#14301=CARTESIAN_POINT('Ctrl Pts',(2.44182705182034,7.42182393875328,-0.866245143716859));
#14302=CARTESIAN_POINT('Origin',(2.44182705181868,7.09999999999914,-0.8662451437148));
#14303=CARTESIAN_POINT('',(2.74718926231868,7.12515970346914,-1.205384236252));
#14304=CARTESIAN_POINT('',(2.74718926231868,9.84999999999914,-1.205384236252));
#14305=CARTESIAN_POINT('Ctrl Pts',(2.44182705181868,7.42182393874914,-0.8662451437148));
#14306=CARTESIAN_POINT('Ctrl Pts',(2.47378641254468,7.39137428913915,-0.901739609703));
#14307=CARTESIAN_POINT('Ctrl Pts',(2.53901431808468,7.32879213504914,-0.9741825379113));
#14308=CARTESIAN_POINT('Ctrl Pts',(2.64074831289268,7.22993836574914,-1.087169585729));
#14309=CARTESIAN_POINT('Ctrl Pts',(2.71126393978368,7.16064360847914,-1.165485123445));
#14310=CARTESIAN_POINT('Ctrl Pts',(2.74718926231868,7.12515970346914,-1.205384236252));
#14311=CARTESIAN_POINT('Origin',(6.80011602582908E-13,9.84999999999914,
0.));
#14312=CARTESIAN_POINT('',(2.36111439021168,9.84999999999914,-1.85071306159));
#14313=CARTESIAN_POINT('',(2.14968615773268,9.84999999999914,-1.446288153604));
#14314=CARTESIAN_POINT('',(2.36111439021168,9.84999999999914,-1.85071306159));
#14315=CARTESIAN_POINT('',(2.22393249636968,9.84999999999914,-1.329294644387));
#14316=CARTESIAN_POINT('Origin',(2.22058244407068,9.84999999999914,-1.409224470795));
#14317=CARTESIAN_POINT('',(2.67988885684768,9.84999999999914,-1.348404877976));
#14318=CARTESIAN_POINT('',(2.22393249636968,9.84999999999914,-1.329294644387));
#14319=CARTESIAN_POINT('Origin',(6.80011602582908E-13,9.84999999999914,
0.));
#14320=CARTESIAN_POINT('Origin',(2.64696500872968,7.09999999999914,-1.34702495989));
#14321=CARTESIAN_POINT('',(2.67988885684768,7.12515970346914,-1.348404877976));
#14322=CARTESIAN_POINT('',(2.22393249636968,7.42182393874914,-1.329294644387));
#14323=CARTESIAN_POINT('Ctrl Pts',(2.67988885684768,7.12515970346914,-1.348404877976));
#14324=CARTESIAN_POINT('Ctrl Pts',(2.62636083509568,7.16056791064914,-1.346161389151));
#14325=CARTESIAN_POINT('Ctrl Pts',(2.52122246782968,7.22976292672914,-1.34175478595));
#14326=CARTESIAN_POINT('Ctrl Pts',(2.36930477705668,7.32862710501914,-1.335387548187));
#14327=CARTESIAN_POINT('Ctrl Pts',(2.27176296661668,7.39130419527914,-1.331299335051));
#14328=CARTESIAN_POINT('Ctrl Pts',(2.22393249636968,7.42182393874914,-1.329294644387));
#14329=CARTESIAN_POINT('',(2.67988885684768,9.84999999999914,-1.348404877976));
#14330=CARTESIAN_POINT('',(2.22393249636968,7.42182393874914,-1.329294644387));
#14331=CARTESIAN_POINT('Origin',(2.22058244407068,7.09999999999914,-1.409224470795));
#14332=CARTESIAN_POINT('',(2.14968615773268,7.42182393874914,-1.446288153604));
#14333=CARTESIAN_POINT('',(2.14968615773268,7.42182393874914,-1.446288153604));
#14334=CARTESIAN_POINT('Ctrl Pts',(2.22393249637212,7.42182393875298,-1.32929464438722));
#14335=CARTESIAN_POINT('Ctrl Pts',(2.21547963697879,7.42721755288572,-1.32894036461036));
#14336=CARTESIAN_POINT('Ctrl Pts',(2.20686910734308,7.43219290945031,-1.32995564240855));
#14337=CARTESIAN_POINT('Ctrl Pts',(2.19032214193788,7.44069003361846,-1.33465443513146));
#14338=CARTESIAN_POINT('Ctrl Pts',(2.18137182666458,7.44467294861117,-1.33878085590362));
#14339=CARTESIAN_POINT('Ctrl Pts',(2.1653420331508,7.45007841507279,-1.35052082476109));
#14340=CARTESIAN_POINT('Ctrl Pts',(2.1582591741234,7.45150423028839,-1.35812825270464));
#14341=CARTESIAN_POINT('Ctrl Pts',(2.14781324593765,7.45150423028839,-1.37458840168871));
#14342=CARTESIAN_POINT('Ctrl Pts',(2.14394557403359,7.45007841507279,-1.38423624942593));
#14343=CARTESIAN_POINT('Ctrl Pts',(2.14014808674247,7.44467294861117,-1.40373907586578));
#14344=CARTESIAN_POINT('Ctrl Pts',(2.1402252484943,7.44069003361846,-1.41359450776623));
#14345=CARTESIAN_POINT('Ctrl Pts',(2.14301900893242,7.43219290945042,-1.43056729833763));
#14346=CARTESIAN_POINT('Ctrl Pts',(2.14576654332303,7.42721755288598,-1.43879062274953));
#14347=CARTESIAN_POINT('Ctrl Pts',(2.14968615773331,7.4218239387534,-1.44628815360674));
#14348=CARTESIAN_POINT('Origin',(2.14968615773268,7.09999999999914,-1.446288153604));
#14349=CARTESIAN_POINT('',(2.36111439021168,7.12515970346914,-1.85071306159));
#14350=CARTESIAN_POINT('',(2.36111439021168,9.84999999999914,-1.85071306159));
#14351=CARTESIAN_POINT('Ctrl Pts',(2.14968615773268,7.42182393874914,-1.446288153604));
#14352=CARTESIAN_POINT('Ctrl Pts',(2.17181434163068,7.39137428913915,-1.488615465487));
#14353=CARTESIAN_POINT('Ctrl Pts',(2.21697716892968,7.32879213504914,-1.575003986361));
#14354=CARTESIAN_POINT('Ctrl Pts',(2.28741626704268,7.22993836574914,-1.709741553992));
#14355=CARTESIAN_POINT('Ctrl Pts',(2.33624023360768,7.16064360847914,-1.803133188374));
#14356=CARTESIAN_POINT('Ctrl Pts',(2.36111439021168,7.12515970346914,-1.85071306159));
#14357=CARTESIAN_POINT('Origin',(6.80011602582908E-13,9.84999999999914,
0.));
#14358=CARTESIAN_POINT('',(1.82668201739568,9.84999999999914,-2.379754778822));
#14359=CARTESIAN_POINT('',(1.72247257636368,9.84999999999914,-1.935455559727));
#14360=CARTESIAN_POINT('',(1.82668201739568,9.84999999999914,-2.379754778822));
#14361=CARTESIAN_POINT('',(1.82348143234868,9.84999999999914,-1.840601930316));
#14362=CARTESIAN_POINT('Origin',(1.80035888859268,9.84999999999914,-1.917187490118));
#14363=CARTESIAN_POINT('',(2.26036056348268,9.84999999999914,-1.972503516614));
#14364=CARTESIAN_POINT('',(1.82348143234868,9.84999999999914,-1.840601930316));
#14365=CARTESIAN_POINT('Origin',(6.80011602582908E-13,9.84999999999914,
0.));
#14366=CARTESIAN_POINT('Origin',(2.22881425026868,7.09999999999914,-1.962979123119));
#14367=CARTESIAN_POINT('',(2.26036056348268,7.12515970346914,-1.972503516614));
#14368=CARTESIAN_POINT('',(1.82348143234868,7.42182393874914,-1.840601930316));
#14369=CARTESIAN_POINT('Ctrl Pts',(2.26036056348268,7.12515970346914,-1.972503516614));
#14370=CARTESIAN_POINT('Ctrl Pts',(2.20907215594768,7.16056791064914,-1.957018633427));
#14371=CARTESIAN_POINT('Ctrl Pts',(2.10833278147768,7.22976292672914,-1.926603623077));
#14372=CARTESIAN_POINT('Ctrl Pts',(1.96277133195868,7.32862710501914,-1.88265603042));
#14373=CARTESIAN_POINT('Ctrl Pts',(1.86931067412368,7.39130419527914,-1.854438594185));
#14374=CARTESIAN_POINT('Ctrl Pts',(1.82348143234868,7.42182393874914,-1.840601930316));
#14375=CARTESIAN_POINT('',(2.26036056348268,9.84999999999914,-1.972503516614));
#14376=CARTESIAN_POINT('',(1.82348143234868,7.42182393874914,-1.840601930316));
#14377=CARTESIAN_POINT('Origin',(1.80035888859268,7.09999999999914,-1.917187490118));
#14378=CARTESIAN_POINT('',(1.72247257636368,7.42182393874914,-1.935455559727));
#14379=CARTESIAN_POINT('',(1.72247257636368,7.42182393874914,-1.935455559727));
#14380=CARTESIAN_POINT('Ctrl Pts',(1.82348143235129,7.42182393875322,-1.84060193031636));
#14381=CARTESIAN_POINT('Ctrl Pts',(1.81538224087723,7.42721755288598,-1.8381566402414));
#14382=CARTESIAN_POINT('Ctrl Pts',(1.80678973754258,7.4321929094506,-1.83699866957705));
#14383=CARTESIAN_POINT('Ctrl Pts',(1.78959408325122,7.44069003361876,-1.83743477812655));
#14384=CARTESIAN_POINT('Ctrl Pts',(1.77989875947449,7.44467294861147,-1.8392057069068));
#14385=CARTESIAN_POINT('Ctrl Pts',(1.76145295987019,7.45007841507309,-1.8465903955141));
#14386=CARTESIAN_POINT('Ctrl Pts',(1.7527007314867,7.45150423028869,-1.85219738670739));
#14387=CARTESIAN_POINT('Ctrl Pts',(1.73848950875007,7.45150423028869,-1.86554261314118));
#14388=CARTESIAN_POINT('Ctrl Pts',(1.73234402470587,7.45007841507309,-1.87392550511118));
#14389=CARTESIAN_POINT('Ctrl Pts',(1.72381568675437,7.44467294861147,-1.89187121770929));
#14390=CARTESIAN_POINT('Ctrl Pts',(1.72143947808059,7.44069003361876,-1.90143621244107));
#14391=CARTESIAN_POINT('Ctrl Pts',(1.7199245060251,7.43219290945063,-1.91857055155421));
#14392=CARTESIAN_POINT('Ctrl Pts',(1.7205406639504,7.42721755288605,-1.92721880912586));
#14393=CARTESIAN_POINT('Ctrl Pts',(1.72247257636351,7.42182393875333,-1.93545555972978));
#14394=CARTESIAN_POINT('Origin',(1.72247257636368,7.09999999999914,-1.935455559727));
#14395=CARTESIAN_POINT('',(1.82668201739568,7.12515970346914,-2.379754778822));
#14396=CARTESIAN_POINT('',(1.82668201739568,9.84999999999914,-2.379754778822));
#14397=CARTESIAN_POINT('Ctrl Pts',(1.72247257636368,7.42182393874914,-1.935455559727));
#14398=CARTESIAN_POINT('Ctrl Pts',(1.73337918825768,7.39137428913915,-1.981956136829));
#14399=CARTESIAN_POINT('Ctrl Pts',(1.75563919077968,7.32879213504914,-2.076862141887));
#14400=CARTESIAN_POINT('Ctrl Pts',(1.79035744460568,7.22993836574914,-2.224884172429));
#14401=CARTESIAN_POINT('Ctrl Pts',(1.81442196146368,7.16064360847914,-2.327483763617));
#14402=CARTESIAN_POINT('Ctrl Pts',(1.82668201739568,7.12515970346914,-2.379754778822));
#14403=CARTESIAN_POINT('Origin',(6.80011602582908E-13,9.84999999999914,
0.));
#14404=CARTESIAN_POINT('',(1.17747249536068,9.84999999999914,-2.759267751174));
#14405=CARTESIAN_POINT('',(1.18702970821068,9.84999999999914,-2.303011174925));
#14406=CARTESIAN_POINT('',(1.17747249536068,9.84999999999914,-2.759267751174));
#14407=CARTESIAN_POINT('',(1.30845432363768,9.84999999999914,-2.236257427703));
#14408=CARTESIAN_POINT('Origin',(1.26701216288868,9.84999999999914,-2.304686568515));
#14409=CARTESIAN_POINT('',(1.69880550288968,9.84999999999914,-2.472662504944));
#14410=CARTESIAN_POINT('',(1.30845432363768,9.84999999999914,-2.236257427703));
#14411=CARTESIAN_POINT('Origin',(6.80011602582908E-13,9.84999999999914,
0.));
#14412=CARTESIAN_POINT('Origin',(1.67061889545868,7.09999999999914,-2.455592088711));
#14413=CARTESIAN_POINT('',(1.69880550288968,7.12515970346914,-2.472662504944));
#14414=CARTESIAN_POINT('',(1.30845432363768,7.42182393874914,-2.236257427703));
#14415=CARTESIAN_POINT('Ctrl Pts',(1.69880550288968,7.12515970346914,-2.472662504944));
#14416=CARTESIAN_POINT('Ctrl Pts',(1.65297934884268,7.16056791064914,-2.444909199554));
#14417=CARTESIAN_POINT('Ctrl Pts',(1.56296879256068,7.22976292672914,-2.390396869013));
#14418=CARTESIAN_POINT('Ctrl Pts',(1.43290974550668,7.32862710501914,-2.311630310337));
#14419=CARTESIAN_POINT('Ctrl Pts',(1.34940271713268,7.39130419527914,-2.261056656299));
#14420=CARTESIAN_POINT('Ctrl Pts',(1.30845432363768,7.42182393874914,-2.236257427703));
#14421=CARTESIAN_POINT('',(1.69880550288968,9.84999999999914,-2.472662504944));
#14422=CARTESIAN_POINT('',(1.30845432363768,7.42182393874914,-2.236257427703));
#14423=CARTESIAN_POINT('Origin',(1.26701216288868,7.09999999999914,-2.304686568515));
#14424=CARTESIAN_POINT('',(1.18702970821068,7.42182393874914,-2.303011174925));
#14425=CARTESIAN_POINT('',(1.18702970821068,7.42182393874914,-2.303011174925));
#14426=CARTESIAN_POINT('Ctrl Pts',(1.30845432364059,7.42182393875338,-2.23625742770341));
#14427=CARTESIAN_POINT('Ctrl Pts',(1.30121770207306,7.42721755288595,-2.23187477389911));
#14428=CARTESIAN_POINT('Ctrl Pts',(1.29318312362526,7.43219290945039,-2.22861631432793));
#14429=CARTESIAN_POINT('Ctrl Pts',(1.27641924664834,7.44069003361842,-2.22476233640002));
#14430=CARTESIAN_POINT('Ctrl Pts',(1.26658810721797,7.44467294861114,-2.22406649922006));
#14431=CARTESIAN_POINT('Ctrl Pts',(1.24688531895119,7.45007841507276,-2.22663190043302));
#14432=CARTESIAN_POINT('Ctrl Pts',(1.23701365590941,7.45150423028836,-2.22988614699831));
#14433=CARTESIAN_POINT('Ctrl Pts',(1.21993008201165,7.45150423028836,-2.23927792122469));
#14434=CARTESIAN_POINT('Ctrl Pts',(1.21189292919131,7.45007841507276,-2.24586912949487));
#14435=CARTESIAN_POINT('Ctrl Pts',(1.19916960741797,7.44467294861114,-2.261130133129));
#14436=CARTESIAN_POINT('Ctrl Pts',(1.19448933424864,7.44069003361842,-2.26980368689552));
#14437=CARTESIAN_POINT('Ctrl Pts',(1.18876082096541,7.43219290945028,-2.28602296100806));
#14438=CARTESIAN_POINT('Ctrl Pts',(1.18720688695679,7.42721755288569,-2.29455274991));
#14439=CARTESIAN_POINT('Ctrl Pts',(1.18702970821063,7.42182393875296,-2.30301117492743));
#14440=CARTESIAN_POINT('Origin',(1.18702970821068,7.09999999999914,-2.303011174925));
#14441=CARTESIAN_POINT('',(1.17747249536068,7.12515970346914,-2.759267751174));
#14442=CARTESIAN_POINT('',(1.17747249536068,9.84999999999914,-2.759267751174));
#14443=CARTESIAN_POINT('Ctrl Pts',(1.18702970821068,7.42182393874914,-2.303011174925));
#14444=CARTESIAN_POINT('Ctrl Pts',(1.18602944556268,7.39137428913915,-2.350763214969));
#14445=CARTESIAN_POINT('Ctrl Pts',(1.18398794548368,7.32879213504914,-2.448223410875));
#14446=CARTESIAN_POINT('Ctrl Pts',(1.18080387945068,7.22993836574914,-2.600229135759));
#14447=CARTESIAN_POINT('Ctrl Pts',(1.17859688450368,7.16064360847914,-2.705589974105));
#14448=CARTESIAN_POINT('Ctrl Pts',(1.17747249536068,7.12515970346914,-2.759267751174));
#14449=CARTESIAN_POINT('Origin',(6.80011602582908E-13,9.84999999999914,
0.));
#14450=CARTESIAN_POINT('',(0.45427804600178,9.84999999999914,-2.965405782843));
#14451=CARTESIAN_POINT('',(0.57700139790048,9.84999999999914,-2.525860128119));
#14452=CARTESIAN_POINT('',(0.45427804600178,9.84999999999914,-2.965405782843));
#14453=CARTESIAN_POINT('',(0.71121221761488,9.84999999999914,-2.491400646527));
#14454=CARTESIAN_POINT('Origin',(0.65405440324428,9.84999999999914,-2.547373713768));
#14455=CARTESIAN_POINT('',(1.03050824477968,9.84999999999914,-2.817455014271));
#14456=CARTESIAN_POINT('',(0.71121221761488,9.84999999999914,-2.491400646527));
#14457=CARTESIAN_POINT('Origin',(6.80011602582908E-13,9.84999999999914,
0.));
#14458=CARTESIAN_POINT('Origin',(1.00745241133968,7.09999999999914,-2.793911172333));
#14459=CARTESIAN_POINT('',(1.03050824477968,7.12515970346914,-2.817455014271));
#14460=CARTESIAN_POINT('',(0.71121221761488,7.42182393874914,-2.491400646527));
#14461=CARTESIAN_POINT('Ctrl Pts',(1.03050824477968,7.12515970346914,-2.817455014271));
#14462=CARTESIAN_POINT('Ctrl Pts',(0.99302377001718,7.16056791064914,-2.779177128926));
#14463=CARTESIAN_POINT('Ctrl Pts',(0.91939772620958,7.22976292672914,-2.703992688404));
#14464=CARTESIAN_POINT('Ctrl Pts',(0.81301316986998,7.32862710501914,-2.595356356274));
#14465=CARTESIAN_POINT('Ctrl Pts',(0.74470682466758,7.39130419527914,-2.525604213112));
#14466=CARTESIAN_POINT('Ctrl Pts',(0.71121221761488,7.42182393874914,-2.491400646527));
#14467=CARTESIAN_POINT('',(1.03050824477968,9.84999999999914,-2.817455014271));
#14468=CARTESIAN_POINT('',(0.71121221761488,7.42182393874914,-2.491400646527));
#14469=CARTESIAN_POINT('Origin',(0.65405440324428,7.09999999999914,-2.547373713768));
#14470=CARTESIAN_POINT('',(0.57700139790048,7.42182393874914,-2.525860128119));
#14471=CARTESIAN_POINT('',(0.57700139790048,7.42182393874914,-2.525860128119));
#14472=CARTESIAN_POINT('Ctrl Pts',(0.711212217616799,7.42182393875334,-2.49140064652886));
#14473=CARTESIAN_POINT('Ctrl Pts',(0.705292869503057,7.42721755288599,-2.4853560072518));
#14474=CARTESIAN_POINT('Ctrl Pts',(0.698321058054771,7.43219290945049,-2.48020179977225));
#14475=CARTESIAN_POINT('Ctrl Pts',(0.683042294435637,7.44069003361857,-2.47229989497404));
#14476=CARTESIAN_POINT('Ctrl Pts',(0.673693065998446,7.44467294861128,-2.46918101384301));
#14477=CARTESIAN_POINT('Ctrl Pts',(0.653971287717776,7.45007841507291,-2.46676593406851));
#14478=CARTESIAN_POINT('Ctrl Pts',(0.64360046291204,7.45150423028851,-2.46746295972582));
#14479=CARTESIAN_POINT('Ctrl Pts',(0.624717961630137,7.45150423028851,-2.4723111620296));
#14480=CARTESIAN_POINT('Ctrl Pts',(0.615294143903954,7.45007841507291,-2.47669653674357));
#14481=CARTESIAN_POINT('Ctrl Pts',(0.599175291408871,7.44467294861128,-2.48831392642933));
#14482=CARTESIAN_POINT('Ctrl Pts',(0.592485032520067,7.44069003361857,-2.49555104794835));
#14483=CARTESIAN_POINT('Ctrl Pts',(0.58290292156673,7.43219290945047,-2.50983614041738));
#14484=CARTESIAN_POINT('Ctrl Pts',(0.579276535012933,7.42721755288594,-2.51771150264244));
#14485=CARTESIAN_POINT('Ctrl Pts',(0.577001397899705,7.42182393875326,-2.52586012812151));
#14486=CARTESIAN_POINT('Origin',(0.57700139790048,7.09999999999914,-2.525860128119));
#14487=CARTESIAN_POINT('',(0.45427804600178,7.12515970346914,-2.965405782843));
#14488=CARTESIAN_POINT('',(0.45427804600178,9.84999999999914,-2.965405782843));
#14489=CARTESIAN_POINT('Ctrl Pts',(0.57700139790048,7.42182393874914,-2.525860128119));
#14490=CARTESIAN_POINT('Ctrl Pts',(0.56415711089318,7.39137428913915,-2.571863194811));
#14491=CARTESIAN_POINT('Ctrl Pts',(0.53794238317018,7.32879213504914,-2.665753799021));
#14492=CARTESIAN_POINT('Ctrl Pts',(0.49705606385628,7.22993836574914,-2.812192139517));
#14493=CARTESIAN_POINT('Ctrl Pts',(0.46871623071468,7.16064360847914,-2.913694016057));
#14494=CARTESIAN_POINT('Ctrl Pts',(0.45427804600178,7.12515970346914,-2.965405782843));
#14495=CARTESIAN_POINT('Origin',(-0.06928203230208,7.09999999999914,-2.59));
#14496=CARTESIAN_POINT('',(-0.29746036370552,9.84999999999914,-2.985216463177));
#14497=CARTESIAN_POINT('',(-0.06928203230208,9.84999999999914,-2.59));
#14498=CARTESIAN_POINT('',(-0.29746036370552,9.84999999999914,-2.985216463177));
#14499=CARTESIAN_POINT('',(-0.29746036370552,7.12515970346914,-2.985216463177));
#14500=CARTESIAN_POINT('',(-0.29746036370552,9.84999999999914,-2.985216463177));
#14501=CARTESIAN_POINT('',(-0.06928203230208,7.42182393874914,-2.59));
#14502=CARTESIAN_POINT('Ctrl Pts',(-0.06928203230208,7.42182393874914,-2.59));
#14503=CARTESIAN_POINT('Ctrl Pts',(-0.0931632898789,7.39137428913915,-2.631363551472));
#14504=CARTESIAN_POINT('Ctrl Pts',(-0.14190407749172,7.32879213504914,-2.715785072018));
#14505=CARTESIAN_POINT('Ctrl Pts',(-0.21792361227432,7.22993836574914,-2.847454768629));
#14506=CARTESIAN_POINT('Ctrl Pts',(-0.27061558766812,7.16064360847914,-2.938719947162));
#14507=CARTESIAN_POINT('Ctrl Pts',(-0.29746036370552,7.12515970346914,-2.985216463177));
#14508=CARTESIAN_POINT('',(-0.06928203230208,7.42182393874914,-2.59));
#14509=CARTESIAN_POINT('Origin',(6.80011602582908E-13,9.84999999999914,
0.));
#14510=CARTESIAN_POINT('',(-1.03050824477832,9.84999999999914,-2.817455014271));
#14511=CARTESIAN_POINT('',(-0.71121221761352,9.84999999999914,-2.491400646527));
#14512=CARTESIAN_POINT('',(-1.03050824477832,9.84999999999914,-2.817455014271));
#14513=CARTESIAN_POINT('',(-0.57700139789912,9.84999999999914,-2.525860128119));
#14514=CARTESIAN_POINT('Origin',(-0.65405440324292,9.84999999999914,-2.547373713768));
#14515=CARTESIAN_POINT('',(-0.45427804600042,9.84999999999914,-2.965405782843));
#14516=CARTESIAN_POINT('',(-0.57700139789912,9.84999999999914,-2.525860128119));
#14517=CARTESIAN_POINT('Origin',(6.80011602582908E-13,9.84999999999914,
0.));
#14518=CARTESIAN_POINT('Origin',(-0.46313969450172,7.09999999999914,-2.93366692441));
#14519=CARTESIAN_POINT('',(-0.45427804600042,7.12515970346914,-2.965405782843));
#14520=CARTESIAN_POINT('',(-0.57700139789912,7.42182393874914,-2.525860128119));
#14521=CARTESIAN_POINT('Ctrl Pts',(-0.45427804600042,7.12515970346914,-2.965405782843));
#14522=CARTESIAN_POINT('Ctrl Pts',(-0.46868542973112,7.16056791064914,-2.913804332779));
#14523=CARTESIAN_POINT('Ctrl Pts',(-0.49698404328832,7.22976292672914,-2.812450088201));
#14524=CARTESIAN_POINT('Ctrl Pts',(-0.53787358851742,7.32862710501914,-2.666000193775));
#14525=CARTESIAN_POINT('Ctrl Pts',(-0.56412754386292,7.39130419527914,-2.571969092009));
#14526=CARTESIAN_POINT('Ctrl Pts',(-0.57700139789912,7.42182393874914,-2.525860128119));
#14527=CARTESIAN_POINT('',(-0.45427804600042,9.84999999999914,-2.965405782843));
#14528=CARTESIAN_POINT('',(-0.57700139789912,7.42182393874914,-2.525860128119));
#14529=CARTESIAN_POINT('Origin',(-0.65405440324292,7.09999999999914,-2.547373713768));
#14530=CARTESIAN_POINT('',(-0.71121221761352,7.42182393874914,-2.491400646527));
#14531=CARTESIAN_POINT('',(-0.71121221761352,7.42182393874914,-2.491400646527));
#14532=CARTESIAN_POINT('Ctrl Pts',(-0.577001397898344,7.42182393875326,
-2.52586012812151));
#14533=CARTESIAN_POINT('Ctrl Pts',(-0.579276535011573,7.42721755288594,
-2.51771150264244));
#14534=CARTESIAN_POINT('Ctrl Pts',(-0.58290292156537,7.43219290945047,-2.50983614041738));
#14535=CARTESIAN_POINT('Ctrl Pts',(-0.592485032518707,7.44069003361857,
-2.49555104794835));
#14536=CARTESIAN_POINT('Ctrl Pts',(-0.599175291407511,7.44467294861128,
-2.48831392642933));
#14537=CARTESIAN_POINT('Ctrl Pts',(-0.615294143902594,7.45007841507291,
-2.47669653674357));
#14538=CARTESIAN_POINT('Ctrl Pts',(-0.624717961628777,7.45150423028851,
-2.4723111620296));
#14539=CARTESIAN_POINT('Ctrl Pts',(-0.64360046291068,7.45150423028851,-2.46746295972582));
#14540=CARTESIAN_POINT('Ctrl Pts',(-0.653971287716416,7.45007841507291,
-2.46676593406851));
#14541=CARTESIAN_POINT('Ctrl Pts',(-0.673693065997086,7.44467294861128,
-2.46918101384301));
#14542=CARTESIAN_POINT('Ctrl Pts',(-0.683042294434277,7.44069003361857,
-2.47229989497404));
#14543=CARTESIAN_POINT('Ctrl Pts',(-0.698321058053411,7.43219290945049,
-2.48020179977225));
#14544=CARTESIAN_POINT('Ctrl Pts',(-0.705292869501696,7.42721755288599,
-2.4853560072518));
#14545=CARTESIAN_POINT('Ctrl Pts',(-0.711212217615438,7.42182393875334,
-2.49140064652886));
#14546=CARTESIAN_POINT('Origin',(-0.71121221761352,7.09999999999914,-2.491400646527));
#14547=CARTESIAN_POINT('',(-1.03050824477832,7.12515970346914,-2.817455014271));
#14548=CARTESIAN_POINT('',(-1.03050824477832,9.84999999999914,-2.817455014271));
#14549=CARTESIAN_POINT('Ctrl Pts',(-0.71121221761352,7.42182393874914,-2.491400646527));
#14550=CARTESIAN_POINT('Ctrl Pts',(-0.74462989851722,7.39137428913915,-2.525525658715));
#14551=CARTESIAN_POINT('Ctrl Pts',(-0.81283418307812,7.32879213504914,-2.595173580981));
#14552=CARTESIAN_POINT('Ctrl Pts',(-0.91921034637862,7.22993836574914,-2.703801342422));
#14553=CARTESIAN_POINT('Ctrl Pts',(-0.99294363342322,7.16064360847914,-2.779095296132));
#14554=CARTESIAN_POINT('Ctrl Pts',(-1.03050824477832,7.12515970346914,-2.817455014271));
#14555=CARTESIAN_POINT('Origin',(6.80011602582908E-13,9.84999999999914,
0.));
#14556=CARTESIAN_POINT('',(-1.69880550288832,9.84999999999914,-2.472662504944));
#14557=CARTESIAN_POINT('',(-1.30845432363632,9.84999999999914,-2.236257427703));
#14558=CARTESIAN_POINT('',(-1.69880550288832,9.84999999999914,-2.472662504944));
#14559=CARTESIAN_POINT('',(-1.18702970820932,9.84999999999914,-2.303011174925));
#14560=CARTESIAN_POINT('Origin',(-1.26701216288732,9.84999999999914,-2.304686568515));
#14561=CARTESIAN_POINT('',(-1.17747249535932,9.84999999999914,-2.759267751174));
#14562=CARTESIAN_POINT('',(-1.18702970820932,9.84999999999914,-2.303011174925));
#14563=CARTESIAN_POINT('Origin',(6.80011602582908E-13,9.84999999999914,
0.));
#14564=CARTESIAN_POINT('Origin',(-1.17816260575532,7.09999999999914,-2.726322224976));
#14565=CARTESIAN_POINT('',(-1.17747249535932,7.12515970346914,-2.759267751174));
#14566=CARTESIAN_POINT('',(-1.18702970820932,7.42182393874914,-2.303011174925));
#14567=CARTESIAN_POINT('Ctrl Pts',(-1.17747249535932,7.12515970346914,-2.759267751174));
#14568=CARTESIAN_POINT('Ctrl Pts',(-1.17859448584332,7.16056791064914,-2.705704484917));
#14569=CARTESIAN_POINT('Ctrl Pts',(-1.18079827077032,7.22976292672914,-2.600496891298));
#14570=CARTESIAN_POINT('Ctrl Pts',(-1.18398258802532,7.32862710501914,-2.448479173218));
#14571=CARTESIAN_POINT('Ctrl Pts',(-1.18602714299732,7.39130419527914,-2.350873138233));
#14572=CARTESIAN_POINT('Ctrl Pts',(-1.18702970820932,7.42182393874914,-2.303011174925));
#14573=CARTESIAN_POINT('',(-1.17747249535932,9.84999999999914,-2.759267751174));
#14574=CARTESIAN_POINT('',(-1.18702970820932,7.42182393874914,-2.303011174925));
#14575=CARTESIAN_POINT('Origin',(-1.26701216288732,7.09999999999914,-2.304686568515));
#14576=CARTESIAN_POINT('',(-1.30845432363632,7.42182393874914,-2.236257427703));
#14577=CARTESIAN_POINT('',(-1.30845432363632,7.42182393874914,-2.236257427703));
#14578=CARTESIAN_POINT('Ctrl Pts',(-1.18702970820927,7.42182393875296,-2.30301117492743));
#14579=CARTESIAN_POINT('Ctrl Pts',(-1.18720688695543,7.42721755288569,-2.29455274991));
#14580=CARTESIAN_POINT('Ctrl Pts',(-1.18876082096405,7.43219290945028,-2.28602296100806));
#14581=CARTESIAN_POINT('Ctrl Pts',(-1.19448933424728,7.44069003361842,-2.26980368689552));
#14582=CARTESIAN_POINT('Ctrl Pts',(-1.19916960741661,7.44467294861114,-2.261130133129));
#14583=CARTESIAN_POINT('Ctrl Pts',(-1.21189292918995,7.45007841507276,-2.24586912949487));
#14584=CARTESIAN_POINT('Ctrl Pts',(-1.21993008201029,7.45150423028836,-2.23927792122469));
#14585=CARTESIAN_POINT('Ctrl Pts',(-1.23701365590805,7.45150423028836,-2.22988614699831));
#14586=CARTESIAN_POINT('Ctrl Pts',(-1.24688531894983,7.45007841507276,-2.22663190043302));
#14587=CARTESIAN_POINT('Ctrl Pts',(-1.26658810721661,7.44467294861114,-2.22406649922006));
#14588=CARTESIAN_POINT('Ctrl Pts',(-1.27641924664698,7.44069003361842,-2.22476233640002));
#14589=CARTESIAN_POINT('Ctrl Pts',(-1.2931831236239,7.43219290945039,-2.22861631432793));
#14590=CARTESIAN_POINT('Ctrl Pts',(-1.3012177020717,7.42721755288595,-2.23187477389911));
#14591=CARTESIAN_POINT('Ctrl Pts',(-1.30845432363923,7.42182393875338,-2.23625742770341));
#14592=CARTESIAN_POINT('Origin',(-1.30845432363632,7.09999999999914,-2.236257427703));
#14593=CARTESIAN_POINT('',(-1.69880550288832,7.12515970346914,-2.472662504944));
#14594=CARTESIAN_POINT('',(-1.69880550288832,9.84999999999914,-2.472662504944));
#14595=CARTESIAN_POINT('Ctrl Pts',(-1.30845432363632,7.42182393874914,-2.236257427703));
#14596=CARTESIAN_POINT('Ctrl Pts',(-1.34930867207432,7.39137428913915,-2.260999700588));
#14597=CARTESIAN_POINT('Ctrl Pts',(-1.43269092754632,7.32879213504914,-2.311497789471));
#14598=CARTESIAN_POINT('Ctrl Pts',(-1.56273971380032,7.22993836574914,-2.390258133986));
#14599=CARTESIAN_POINT('Ctrl Pts',(-1.65288137889932,7.16064360847914,-2.444849866848));
#14600=CARTESIAN_POINT('Ctrl Pts',(-1.69880550288832,7.12515970346914,-2.472662504944));
#14601=CARTESIAN_POINT('Origin',(6.80011602582908E-13,9.84999999999914,
0.));
#14602=CARTESIAN_POINT('',(-2.26036056348132,9.84999999999914,-1.972503516614));
#14603=CARTESIAN_POINT('',(-1.82348143234732,9.84999999999914,-1.840601930316));
#14604=CARTESIAN_POINT('',(-2.26036056348132,9.84999999999914,-1.972503516614));
#14605=CARTESIAN_POINT('',(-1.72247257636232,9.84999999999914,-1.935455559727));
#14606=CARTESIAN_POINT('Origin',(-1.80035888859132,9.84999999999914,-1.917187490118));
#14607=CARTESIAN_POINT('',(-1.82668201739432,9.84999999999914,-2.379754778822));
#14608=CARTESIAN_POINT('',(-1.72247257636232,9.84999999999914,-1.935455559727));
#14609=CARTESIAN_POINT('Origin',(6.80011602582908E-13,9.84999999999914,
0.));
#14610=CARTESIAN_POINT('Origin',(-1.81915722751032,7.09999999999914,-2.347672673435));
#14611=CARTESIAN_POINT('',(-1.82668201739432,7.12515970346914,-2.379754778822));
#14612=CARTESIAN_POINT('',(-1.72247257636232,7.42182393874914,-1.935455559727));
#14613=CARTESIAN_POINT('Ctrl Pts',(-1.82668201739432,7.12515970346914,-2.379754778822));
#14614=CARTESIAN_POINT('Ctrl Pts',(-1.81444811584232,7.16056791064914,-2.327595273384));
#14615=CARTESIAN_POINT('Ctrl Pts',(-1.79041860022732,7.22976292672914,-2.225144910756));
#14616=CARTESIAN_POINT('Ctrl Pts',(-1.75569760714432,7.32862710501914,-2.077111201332));
#14617=CARTESIAN_POINT('Ctrl Pts',(-1.73340429483532,7.39130419527914,-1.982063179275));
#14618=CARTESIAN_POINT('Ctrl Pts',(-1.72247257636232,7.42182393874914,-1.935455559727));
#14619=CARTESIAN_POINT('',(-1.82668201739432,9.84999999999914,-2.379754778822));
#14620=CARTESIAN_POINT('',(-1.72247257636232,7.42182393874914,-1.935455559727));
#14621=CARTESIAN_POINT('Origin',(-1.80035888859132,7.09999999999914,-1.917187490118));
#14622=CARTESIAN_POINT('',(-1.82348143234732,7.42182393874914,-1.840601930316));
#14623=CARTESIAN_POINT('',(-1.82348143234732,7.42182393874914,-1.840601930316));
#14624=CARTESIAN_POINT('Ctrl Pts',(-1.72247257636215,7.42182393875333,-1.93545555972978));
#14625=CARTESIAN_POINT('Ctrl Pts',(-1.72054066394904,7.42721755288605,-1.92721880912586));
#14626=CARTESIAN_POINT('Ctrl Pts',(-1.71992450602374,7.43219290945063,-1.91857055155421));
#14627=CARTESIAN_POINT('Ctrl Pts',(-1.72143947807923,7.44069003361876,-1.90143621244107));
#14628=CARTESIAN_POINT('Ctrl Pts',(-1.72381568675301,7.44467294861147,-1.89187121770929));
#14629=CARTESIAN_POINT('Ctrl Pts',(-1.73234402470451,7.45007841507309,-1.87392550511118));
#14630=CARTESIAN_POINT('Ctrl Pts',(-1.73848950874871,7.45150423028869,-1.86554261314118));
#14631=CARTESIAN_POINT('Ctrl Pts',(-1.75270073148534,7.45150423028869,-1.85219738670739));
#14632=CARTESIAN_POINT('Ctrl Pts',(-1.76145295986882,7.45007841507309,-1.8465903955141));
#14633=CARTESIAN_POINT('Ctrl Pts',(-1.77989875947313,7.44467294861147,-1.8392057069068));
#14634=CARTESIAN_POINT('Ctrl Pts',(-1.78959408324986,7.44069003361876,-1.83743477812655));
#14635=CARTESIAN_POINT('Ctrl Pts',(-1.80678973754122,7.4321929094506,-1.83699866957705));
#14636=CARTESIAN_POINT('Ctrl Pts',(-1.81538224087587,7.42721755288598,-1.8381566402414));
#14637=CARTESIAN_POINT('Ctrl Pts',(-1.82348143234993,7.42182393875322,-1.84060193031636));
#14638=CARTESIAN_POINT('Origin',(-1.82348143234732,7.09999999999914,-1.840601930316));
#14639=CARTESIAN_POINT('',(-2.26036056348132,7.12515970346914,-1.972503516614));
#14640=CARTESIAN_POINT('',(-2.26036056348132,9.84999999999914,-1.972503516614));
#14641=CARTESIAN_POINT('Ctrl Pts',(-1.82348143234732,7.42182393874914,-1.840601930316));
#14642=CARTESIAN_POINT('Ctrl Pts',(-1.86920541935532,7.39137428913915,-1.854406815897));
#14643=CARTESIAN_POINT('Ctrl Pts',(-1.96252643196832,7.32879213504914,-1.882582090754));
#14644=CARTESIAN_POINT('Ctrl Pts',(-2.10807639765032,7.22993836574914,-1.926526216236));
#14645=CARTESIAN_POINT('Ctrl Pts',(-2.20896250846632,7.16064360847914,-1.956985528901));
#14646=CARTESIAN_POINT('Ctrl Pts',(-2.26036056348132,7.12515970346914,-1.972503516614));
#14647=CARTESIAN_POINT('Origin',(6.80011602582908E-13,9.84999999999914,
0.));
#14648=CARTESIAN_POINT('',(-2.67988885684632,9.84999999999914,-1.348404877976));
#14649=CARTESIAN_POINT('',(-2.22393249636832,9.84999999999914,-1.329294644387));
#14650=CARTESIAN_POINT('',(-2.67988885684632,9.84999999999914,-1.348404877976));
#14651=CARTESIAN_POINT('',(-2.14968615773132,9.84999999999914,-1.446288153604));
#14652=CARTESIAN_POINT('Origin',(-2.22058244406932,9.84999999999914,-1.409224470795));
#14653=CARTESIAN_POINT('',(-2.36111439021032,9.84999999999914,-1.85071306159));
#14654=CARTESIAN_POINT('',(-2.14968615773132,9.84999999999914,-1.446288153604));
#14655=CARTESIAN_POINT('Origin',(6.80011602582908E-13,9.84999999999914,
0.));
#14656=CARTESIAN_POINT('Origin',(-2.34584751026832,7.09999999999914,-1.821510213686));
#14657=CARTESIAN_POINT('',(-2.36111439021032,7.12515970346914,-1.85071306159));
#14658=CARTESIAN_POINT('',(-2.14968615773132,7.42182393874914,-1.446288153604));
#14659=CARTESIAN_POINT('Ctrl Pts',(-2.36111439021032,7.12515970346914,-1.85071306159));
#14660=CARTESIAN_POINT('Ctrl Pts',(-2.33629329764932,7.16056791064914,-1.803234690526));
#14661=CARTESIAN_POINT('Ctrl Pts',(-2.28754034433232,7.22976292672914,-1.709978891961));
#14662=CARTESIAN_POINT('Ctrl Pts',(-2.21709568860132,7.32862710501914,-1.575230693586));
#14663=CARTESIAN_POINT('Ctrl Pts',(-2.17186527981332,7.39130419527914,-1.488712901246));
#14664=CARTESIAN_POINT('Ctrl Pts',(-2.14968615773132,7.42182393874914,-1.446288153604));
#14665=CARTESIAN_POINT('',(-2.36111439021032,9.84999999999914,-1.85071306159));
#14666=CARTESIAN_POINT('',(-2.14968615773132,7.42182393874914,-1.446288153604));
#14667=CARTESIAN_POINT('Origin',(-2.22058244406932,7.09999999999914,-1.409224470795));
#14668=CARTESIAN_POINT('',(-2.22393249636832,7.42182393874914,-1.329294644387));
#14669=CARTESIAN_POINT('',(-2.22393249636832,7.42182393874914,-1.329294644387));
#14670=CARTESIAN_POINT('Ctrl Pts',(-2.14968615773195,7.4218239387534,-1.44628815360674));
#14671=CARTESIAN_POINT('Ctrl Pts',(-2.14576654332167,7.42721755288598,-1.43879062274953));
#14672=CARTESIAN_POINT('Ctrl Pts',(-2.14301900893106,7.43219290945042,-1.43056729833763));
#14673=CARTESIAN_POINT('Ctrl Pts',(-2.14022524849294,7.44069003361846,-1.41359450776623));
#14674=CARTESIAN_POINT('Ctrl Pts',(-2.14014808674111,7.44467294861117,-1.40373907586578));
#14675=CARTESIAN_POINT('Ctrl Pts',(-2.14394557403223,7.45007841507279,-1.38423624942593));
#14676=CARTESIAN_POINT('Ctrl Pts',(-2.14781324593629,7.45150423028839,-1.37458840168871));
#14677=CARTESIAN_POINT('Ctrl Pts',(-2.15825917412204,7.45150423028839,-1.35812825270464));
#14678=CARTESIAN_POINT('Ctrl Pts',(-2.16534203314944,7.45007841507279,-1.35052082476109));
#14679=CARTESIAN_POINT('Ctrl Pts',(-2.18137182666322,7.44467294861117,-1.33878085590362));
#14680=CARTESIAN_POINT('Ctrl Pts',(-2.19032214193652,7.44069003361846,-1.33465443513146));
#14681=CARTESIAN_POINT('Ctrl Pts',(-2.20686910734172,7.43219290945031,-1.32995564240855));
#14682=CARTESIAN_POINT('Ctrl Pts',(-2.21547963697743,7.42721755288572,-1.32894036461036));
#14683=CARTESIAN_POINT('Ctrl Pts',(-2.22393249637076,7.42182393875298,-1.32929464438722));
#14684=CARTESIAN_POINT('Origin',(-2.22393249636832,7.09999999999914,-1.329294644387));
#14685=CARTESIAN_POINT('',(-2.67988885684632,7.12515970346914,-1.348404877976));
#14686=CARTESIAN_POINT('',(-2.67988885684632,9.84999999999914,-1.348404877976));
#14687=CARTESIAN_POINT('Ctrl Pts',(-2.22393249636832,7.42182393874914,-1.329294644387));
#14688=CARTESIAN_POINT('Ctrl Pts',(-2.27165311568132,7.39137428913915,-1.331294730933));
#14689=CARTESIAN_POINT('Ctrl Pts',(-2.36904918300232,7.32879213504914,-1.335376835622));
#14690=CARTESIAN_POINT('Ctrl Pts',(-2.52095488847232,7.22993836574914,-1.341743571052));
#14691=CARTESIAN_POINT('Ctrl Pts',(-2.62624639963032,7.16064360847914,-1.346156592884));
#14692=CARTESIAN_POINT('Ctrl Pts',(-2.67988885684632,7.12515970346914,-1.348404877976));
#14693=CARTESIAN_POINT('Origin',(6.80011602582908E-13,9.84999999999914,
0.));
#14694=CARTESIAN_POINT('',(-2.93102987739332,9.84999999999914,-0.6395810017673));
#14695=CARTESIAN_POINT('',(-2.48464570259032,9.84999999999914,-0.7344628871474));
#14696=CARTESIAN_POINT('',(-2.93102987739332,9.84999999999914,-0.6395810017673));
#14697=CARTESIAN_POINT('',(-2.44182705181732,9.84999999999914,-0.8662451437148));
#14698=CARTESIAN_POINT('Origin',(-2.50127863785532,9.84999999999914,-0.8127146952061));
#14699=CARTESIAN_POINT('',(-2.74718926231732,9.84999999999914,-1.205384236252));
#14700=CARTESIAN_POINT('',(-2.44182705181732,9.84999999999914,-0.8662451437148));
#14701=CARTESIAN_POINT('Origin',(6.80011602582908E-13,9.84999999999914,
0.));
#14702=CARTESIAN_POINT('Origin',(-2.72513956653332,7.09999999999914,-1.180895568166));
#14703=CARTESIAN_POINT('',(-2.74718926231732,7.12515970346914,-1.205384236252));
#14704=CARTESIAN_POINT('',(-2.44182705181732,7.42182393874914,-0.8662451437148));
#14705=CARTESIAN_POINT('Ctrl Pts',(-2.74718926231732,7.12515970346914,-1.205384236252));
#14706=CARTESIAN_POINT('Ctrl Pts',(-2.71134057927932,7.16056791064914,-1.16557024023));
#14707=CARTESIAN_POINT('Ctrl Pts',(-2.64092751561932,7.22976292672914,-1.087368610521));
#14708=CARTESIAN_POINT('Ctrl Pts',(-2.53918549403632,7.32862710501914,-0.9743726480679));
#14709=CARTESIAN_POINT('Ctrl Pts',(-2.47385998169832,7.39130419527914,-0.9018213165272));
#14710=CARTESIAN_POINT('Ctrl Pts',(-2.44182705181732,7.42182393874914,-0.8662451437148));
#14711=CARTESIAN_POINT('',(-2.74718926231732,9.84999999999914,-1.205384236252));
#14712=CARTESIAN_POINT('',(-2.44182705181732,7.42182393874914,-0.8662451437148));
#14713=CARTESIAN_POINT('Origin',(-2.50127863785532,7.09999999999914,-0.8127146952061));
#14714=CARTESIAN_POINT('',(-2.48464570259032,7.42182393874914,-0.7344628871474));
#14715=CARTESIAN_POINT('',(-2.48464570259032,7.42182393874914,-0.7344628871474));
#14716=CARTESIAN_POINT('Ctrl Pts',(-2.44182705181898,7.42182393875328,-0.86624514371686));
#14717=CARTESIAN_POINT('Ctrl Pts',(-2.43616601920008,7.42721755288594,-0.859957930043891));
#14718=CARTESIAN_POINT('Ctrl Pts',(-2.43145974603451,7.43219290945046,-0.852676240507523));
#14719=CARTESIAN_POINT('Ctrl Pts',(-2.4245327953458,7.44069003361854,-0.836931461330724));
#14720=CARTESIAN_POINT('Ctrl Pts',(-2.42200711152501,7.44467294861126,-0.827404845293658));
#14721=CARTESIAN_POINT('Ctrl Pts',(-2.42083513806306,7.45007841507288,-0.807570339323668));
#14722=CARTESIAN_POINT('Ctrl Pts',(-2.42218197777696,7.45150423028848,-0.797263745574843));
#14723=CARTESIAN_POINT('Ctrl Pts',(-2.42820625532646,7.45150423028848,-0.778722925737361));
#14724=CARTESIAN_POINT('Ctrl Pts',(-2.43317470291615,7.45007841507288,-0.769593063719415));
#14725=CARTESIAN_POINT('Ctrl Pts',(-2.44578127945949,7.44467294861126,-0.754235480031673));
#14726=CARTESIAN_POINT('Ctrl Pts',(-2.45342420500377,7.44069003361854,-0.748012845460617));
#14727=CARTESIAN_POINT('Ctrl Pts',(-2.46828277483092,7.43219290945042,-0.739346610992054));
#14728=CARTESIAN_POINT('Ctrl Pts',(-2.47637029952335,7.42721755288586,-0.736221878369334));
#14729=CARTESIAN_POINT('Ctrl Pts',(-2.4846457025928,7.42182393875315,-0.734462887146779));
#14730=CARTESIAN_POINT('Origin',(-2.48464570259032,7.09999999999914,-0.7344628871474));
#14731=CARTESIAN_POINT('',(-2.93102987739332,7.12515970346914,-0.6395810017673));
#14732=CARTESIAN_POINT('',(-2.93102987739332,9.84999999999914,-0.6395810017673));
#14733=CARTESIAN_POINT('Ctrl Pts',(-2.48464570259032,7.42182393874914,-0.7344628871474));
#14734=CARTESIAN_POINT('Ctrl Pts',(-2.53136449219232,7.39137428913915,-0.7245325018641));
#14735=CARTESIAN_POINT('Ctrl Pts',(-2.62671586111532,7.32879213504914,-0.7042649427354));
#14736=CARTESIAN_POINT('Ctrl Pts',(-2.77543251222832,7.22993836574914,-0.6726542427117));
#14737=CARTESIAN_POINT('Ctrl Pts',(-2.87851357084732,7.16064360847914,-0.6507436873184));
#14738=CARTESIAN_POINT('Ctrl Pts',(-2.93102987739332,7.12515970346914,-0.6395810017673));
#14739=CARTESIAN_POINT('Origin',(6.80011602582908E-13,9.84999999999914,
0.));
#14740=CARTESIAN_POINT('',(-2.99800351117032,9.84999999999914,0.1094301009965));
#14741=CARTESIAN_POINT('',(-2.58923948143132,9.84999999999914,-0.09348212554294));
#14742=CARTESIAN_POINT('',(-2.99800351117032,9.84999999999914,0.1094301009965));
#14743=CARTESIAN_POINT('',(-2.58053897182632,9.84999999999914,-0.2317727656189));
#14744=CARTESIAN_POINT('Origin',(-2.62481029576532,9.84999999999914,-0.1651390663621));
#14745=CARTESIAN_POINT('',(-2.96064812961732,9.84999999999914,-0.4843166862572));
#14746=CARTESIAN_POINT('',(-2.58053897182632,9.84999999999914,-0.2317727656189));
#14747=CARTESIAN_POINT('Origin',(6.80011602582908E-13,9.84999999999914,
0.));
#14748=CARTESIAN_POINT('Origin',(-2.93320108146932,7.09999999999914,-0.4660809110669));
#14749=CARTESIAN_POINT('',(-2.96064812961732,7.12515970346914,-0.4843166862572));
#14750=CARTESIAN_POINT('',(-2.58053897182632,7.42182393874914,-0.2317727656189));
#14751=CARTESIAN_POINT('Ctrl Pts',(-2.96064812961732,7.12515970346914,-0.4843166862572));
#14752=CARTESIAN_POINT('Ctrl Pts',(-2.91602436070032,7.16056791064914,-0.454668725073));
#14753=CARTESIAN_POINT('Ctrl Pts',(-2.82837549844632,7.22976292672914,-0.3964349602206));
#14754=CARTESIAN_POINT('Ctrl Pts',(-2.70172893641032,7.32862710501914,-0.3122911855801));
#14755=CARTESIAN_POINT('Ctrl Pts',(-2.62041296271332,7.39130419527914,-0.2582649818248));
#14756=CARTESIAN_POINT('Ctrl Pts',(-2.58053897182632,7.42182393874914,-0.2317727656189));
#14757=CARTESIAN_POINT('',(-2.96064812961732,9.84999999999914,-0.4843166862572));
#14758=CARTESIAN_POINT('',(-2.58053897182632,7.42182393874914,-0.2317727656189));
#14759=CARTESIAN_POINT('Origin',(-2.62481029576532,7.09999999999914,-0.1651390663621));
#14760=CARTESIAN_POINT('',(-2.58923948143132,7.42182393874914,-0.09348212554294));
#14761=CARTESIAN_POINT('',(-2.58923948143132,7.42182393874914,-0.09348212554294));
#14762=CARTESIAN_POINT('Ctrl Pts',(-2.58053897182834,7.42182393875322,-0.231772765620559));
#14763=CARTESIAN_POINT('Ctrl Pts',(-2.57349222450009,7.42721755288593,-0.227090917889714));
#14764=CARTESIAN_POINT('Ctrl Pts',(-2.56712292501101,7.4321929094505,-0.221208398562689));
#14765=CARTESIAN_POINT('Ctrl Pts',(-2.556498029859,7.44069003361862,-0.207680933161466));
#14766=CARTESIAN_POINT('Ctrl Pts',(-2.55168252197253,7.44467294861133,-0.199081725309833));
#14767=CARTESIAN_POINT('Ctrl Pts',(-2.54561472716035,7.45007841507296,-0.180161814766007));
#14768=CARTESIAN_POINT('Ctrl Pts',(-2.54435610779151,7.45150423028856,-0.169844076195825));
#14769=CARTESIAN_POINT('Ctrl Pts',(-2.5455802071906,7.45150423028856,-0.150387573403684));
#14770=CARTESIAN_POINT('Ctrl Pts',(-2.54812205750785,7.45007841507296,-0.14030894011921));
#14771=CARTESIAN_POINT('Ctrl Pts',(-2.55651329951278,7.44467294861133,-0.12229871506554));
#14772=CARTESIAN_POINT('Ctrl Pts',(-2.56236860220738,7.44069003361862,-0.114370857710942));
#14773=CARTESIAN_POINT('Ctrl Pts',(-2.57460515786834,7.43219290945046,-0.102281712880496));
#14774=CARTESIAN_POINT('Ctrl Pts',(-2.58166150869736,7.42721755288584,-0.097243863875855));
#14775=CARTESIAN_POINT('Ctrl Pts',(-2.58923948143341,7.42182393875307,-0.0934821255415165));
#14776=CARTESIAN_POINT('Origin',(-2.58923948143132,7.09999999999914,-0.09348212554294));
#14777=CARTESIAN_POINT('',(-2.99800351117032,7.12515970346914,0.1094301009965));
#14778=CARTESIAN_POINT('',(-2.99800351117032,9.84999999999914,0.1094301009965));
#14779=CARTESIAN_POINT('',(-2.77755800218914,7.28647687796136,-4.90469961179994E-16));
#14780=CARTESIAN_POINT('Ctrl Pts',(-2.99800351117315,7.1251597034736,0.109430100997464));
#14781=CARTESIAN_POINT('Ctrl Pts',(-2.88353706588577,7.20961979486324,0.0526084640934127));
#14782=CARTESIAN_POINT('Ctrl Pts',(-2.77755800218914,7.28647687796136,-6.40787170677201E-16));
#14783=CARTESIAN_POINT('Ctrl Pts',(-2.77755800218914,7.28647687796136,-6.40787170677201E-16));
#14784=CARTESIAN_POINT('Ctrl Pts',(-2.68012536240029,7.35713600846808,-0.0483659824220598));
#14785=CARTESIAN_POINT('Ctrl Pts',(-2.58923948142848,7.42182393875657,-0.0934821255443516));
#14786=CARTESIAN_POINT('Origin',(6.80011602582908E-13,9.84999999999914,
0.));
#14787=CARTESIAN_POINT('',(-2.87660155845532,9.84999999999914,0.8515653080588));
#14788=CARTESIAN_POINT('',(-2.53114182109632,9.84999999999914,0.5533724618126));
#14789=CARTESIAN_POINT('',(-2.87660155845532,9.84999999999914,0.8515653080588));
#14790=CARTESIAN_POINT('',(-2.55710613767632,9.84999999999914,0.4172627477415));
#14791=CARTESIAN_POINT('Origin',(-2.58341546941532,9.84999999999914,0.4928128573605));
#14792=CARTESIAN_POINT('',(-2.98807858643232,9.84999999999914,0.2671822623273));
#14793=CARTESIAN_POINT('',(-2.55710613767632,9.84999999999914,0.4172627477415));
#14794=CARTESIAN_POINT('Origin',(6.80011602582908E-13,9.84999999999914,
0.));
#14795=CARTESIAN_POINT('Origin',(-2.95695878489832,7.09999999999914,0.2780193237998));
#14796=CARTESIAN_POINT('',(-2.98807858643232,7.12515970346914,0.2671822623273));
#14797=CARTESIAN_POINT('',(-2.55710613767632,7.42182393874914,0.4172627477415));
#14798=CARTESIAN_POINT('Ctrl Pts',(-2.98807858643232,7.12515970346914,0.2671822623273));
#14799=CARTESIAN_POINT('Ctrl Pts',(-2.93748360715132,7.16056791064914,0.2848012982353));
#14800=CARTESIAN_POINT('Ctrl Pts',(-2.83810624666932,7.22976292672914,0.3194081566164));
#14801=CARTESIAN_POINT('Ctrl Pts',(-2.69451281344532,7.32862710501914,0.3694126806244));
#14802=CARTESIAN_POINT('Ctrl Pts',(-2.60231576007532,7.39130419527914,0.4015190915179));
#14803=CARTESIAN_POINT('Ctrl Pts',(-2.55710613767632,7.42182393874914,0.4172627477415));
#14804=CARTESIAN_POINT('',(-2.98807858643232,9.84999999999914,0.2671822623273));
#14805=CARTESIAN_POINT('',(-2.55710613767632,7.42182393874914,0.4172627477415));
#14806=CARTESIAN_POINT('Origin',(-2.58341546941532,7.09999999999914,0.4928128573605));
#14807=CARTESIAN_POINT('',(-2.53114182109632,7.42182393874914,0.5533724618126));
#14808=CARTESIAN_POINT('',(-2.53114182109632,7.42182393874914,0.5533724618126));
#14809=CARTESIAN_POINT('Ctrl Pts',(-2.55710613767887,7.4218239387534,0.417262747740582));
#14810=CARTESIAN_POINT('Ctrl Pts',(-2.54911644869216,7.42721755288606,0.420045051817703));
#14811=CARTESIAN_POINT('Ctrl Pts',(-2.54148432939124,7.43219290945059,0.424158780611594));
#14812=CARTESIAN_POINT('Ctrl Pts',(-2.52782909101404,7.44069003361868,0.434618951835436));
#14813=CARTESIAN_POINT('Ctrl Pts',(-2.52102633513259,7.44467294861139,0.441750431646644));
#14814=CARTESIAN_POINT('Ctrl Pts',(-2.51044398083401,7.45007841507302,0.458566939202272));
#14815=CARTESIAN_POINT('Ctrl Pts',(-2.50665898606627,7.45150423028862,0.46824752113346));
#14816=CARTESIAN_POINT('Ctrl Pts',(-2.50300599264778,7.45150423028862,0.487397183253817));
#14817=CARTESIAN_POINT('Ctrl Pts',(-2.50296153188888,7.45007841507302,0.497791310208937));
#14818=CARTESIAN_POINT('Ctrl Pts',(-2.5066101867594,7.44467294861139,0.517322527951436));
#14819=CARTESIAN_POINT('Ctrl Pts',(-2.51030995640173,7.44069003361868,0.526457471655367));
#14820=CARTESIAN_POINT('Ctrl Pts',(-2.51915563010127,7.43219290945058,0.541209921417083));
#14821=CARTESIAN_POINT('Ctrl Pts',(-2.52473743059266,7.42721755288605,0.547844340222661));
#14822=CARTESIAN_POINT('Ctrl Pts',(-2.53114182109825,7.42182393875337,0.553372461814489));
#14823=CARTESIAN_POINT('Origin',(-2.53114182109632,7.09999999999914,0.5533724618126));
#14824=CARTESIAN_POINT('',(-2.87660155845532,7.12515970346914,0.8515653080588));
#14825=CARTESIAN_POINT('',(-2.87660155845532,9.84999999999914,0.8515653080588));
#14826=CARTESIAN_POINT('Ctrl Pts',(-2.53114182109632,7.42182393874914,0.5533724618126));
#14827=CARTESIAN_POINT('Ctrl Pts',(-2.56729780891332,7.39137428913915,0.5845814733124));
#14828=CARTESIAN_POINT('Ctrl Pts',(-2.64109087937632,7.32879213504914,0.6482779430742));
#14829=CARTESIAN_POINT('Ctrl Pts',(-2.75618370330332,7.22993836574914,0.7476234037396));
#14830=CARTESIAN_POINT('Ctrl Pts',(-2.83595883299432,7.16064360847914,0.8164834485141));
#14831=CARTESIAN_POINT('Ctrl Pts',(-2.87660155845532,7.12515970346914,0.8515653080588));
#14832=CARTESIAN_POINT('Origin',(6.80011602582908E-13,9.84999999999914,
0.));
#14833=CARTESIAN_POINT('',(-2.57445215042132,9.84999999999914,1.540193534978));
#14834=CARTESIAN_POINT('',(-2.31400321125432,9.84999999999914,1.165456622231));
#14835=CARTESIAN_POINT('',(-2.57445215042132,9.84999999999914,1.540193534978));
#14836=CARTESIAN_POINT('',(-2.37300092051832,9.84999999999914,1.040080108076));
#14837=CARTESIAN_POINT('Origin',(-2.37969514798532,9.84999999999914,1.119799536816));
#14838=CARTESIAN_POINT('',(-2.82775707627632,9.84999999999914,1.001893166742));
#14839=CARTESIAN_POINT('',(-2.37300092051832,9.84999999999914,1.040080108076));
#14840=CARTESIAN_POINT('Origin',(6.80011602582908E-13,9.84999999999914,
0.));
#14841=CARTESIAN_POINT('Origin',(-2.79491989293932,7.09999999999914,1.004650582069));
#14842=CARTESIAN_POINT('',(-2.82775707627632,7.12515970346914,1.001893166742));
#14843=CARTESIAN_POINT('',(-2.37300092051832,7.42182393874914,1.040080108076));
#14844=CARTESIAN_POINT('Ctrl Pts',(-2.82775707627632,7.12515970346914,1.001893166742));
#14845=CARTESIAN_POINT('Ctrl Pts',(-2.77436995525532,7.16056791064914,1.00637620855));
#14846=CARTESIAN_POINT('Ctrl Pts',(-2.66950834159032,7.22976292672914,1.015181684272));
#14847=CARTESIAN_POINT('Ctrl Pts',(-2.51799054068732,7.32862710501914,1.0279049895));
#14848=CARTESIAN_POINT('Ctrl Pts',(-2.42070548758432,7.39130419527914,1.036074243657));
#14849=CARTESIAN_POINT('Ctrl Pts',(-2.37300092051832,7.42182393874914,1.040080108076));
#14850=CARTESIAN_POINT('',(-2.82775707627632,9.84999999999914,1.001893166742));
#14851=CARTESIAN_POINT('',(-2.37300092051832,7.42182393874914,1.040080108076));
#14852=CARTESIAN_POINT('Origin',(-2.37969514798532,7.09999999999914,1.119799536816));
#14853=CARTESIAN_POINT('',(-2.31400321125432,7.42182393874914,1.165456622231));
#14854=CARTESIAN_POINT('',(-2.31400321125432,7.42182393874914,1.165456622231));
#14855=CARTESIAN_POINT('Ctrl Pts',(-2.37300092052094,7.42182393875325,1.04008010807585));
#14856=CARTESIAN_POINT('Ctrl Pts',(-2.36457031141895,7.42721755288578,1.04078804610155));
#14857=CARTESIAN_POINT('Ctrl Pts',(-2.35615492643098,7.43219290945017,1.04287450365297));
#14858=CARTESIAN_POINT('Ctrl Pts',(-2.34032735367641,7.44069003361817,1.0496101296716));
#14859=CARTESIAN_POINT('Ctrl Pts',(-2.3319647919708,7.44467294861088,1.0548257843381));
#14860=CARTESIAN_POINT('Ctrl Pts',(-2.31753280642559,7.45007841507251,1.06848224588902));
#14861=CARTESIAN_POINT('Ctrl Pts',(-2.31145926140045,7.4515042302881,1.07691740461579));
#14862=CARTESIAN_POINT('Ctrl Pts',(-2.30315870617562,7.4515042302881,1.09455698236581));
#14863=CARTESIAN_POINT('Ctrl Pts',(-2.30053072797358,7.4500784150725,1.10461350176806));
#14864=CARTESIAN_POINT('Ctrl Pts',(-2.29920753730536,7.44467294861088,1.12443849395784));
#14865=CARTESIAN_POINT('Ctrl Pts',(-2.30051930376199,7.44069003361817,1.13420654190221));
#14866=CARTESIAN_POINT('Ctrl Pts',(-2.30541828928954,7.43219290945012,1.15069534592094));
#14867=CARTESIAN_POINT('Ctrl Pts',(-2.30917481439004,7.42721755288566,1.15850946959418));
#14868=CARTESIAN_POINT('Ctrl Pts',(-2.31400321125606,7.42182393875306,1.16545662223283));
#14869=CARTESIAN_POINT('Origin',(-2.31400321125432,7.09999999999914,1.165456622231));
#14870=CARTESIAN_POINT('',(-2.57445215042132,7.12515970346914,1.540193534978));
#14871=CARTESIAN_POINT('',(-2.57445215042132,9.84999999999914,1.540193534978));
#14872=CARTESIAN_POINT('Ctrl Pts',(-2.31400321125432,7.42182393874914,1.165456622231));
#14873=CARTESIAN_POINT('Ctrl Pts',(-2.34126192667932,7.39137428913915,1.204676773776));
#14874=CARTESIAN_POINT('Ctrl Pts',(-2.39689598425932,7.32879213504914,1.284723692177));
#14875=CARTESIAN_POINT('Ctrl Pts',(-2.48366674407832,7.22993836574914,1.409570453908));
#14876=CARTESIAN_POINT('Ctrl Pts',(-2.54381079460932,7.16064360847914,1.496106401753));
#14877=CARTESIAN_POINT('Ctrl Pts',(-2.57445215042132,7.12515970346914,1.540193534978));
#14878=CARTESIAN_POINT('Origin',(6.80011602582908E-13,9.84999999999914,
0.));
#14879=CARTESIAN_POINT('',(-2.11054044560432,9.84999999999914,2.132045737658));
#14880=CARTESIAN_POINT('',(-1.95146726934032,9.84999999999914,1.704310856825));
#14881=CARTESIAN_POINT('',(-2.11054044560432,9.84999999999914,2.132045737658));
#14882=CARTESIAN_POINT('',(-2.03979132823732,9.84999999999914,1.597545410073));
#14883=CARTESIAN_POINT('Origin',(-2.02644982849932,9.84999999999914,1.676425093039));
#14884=CARTESIAN_POINT('',(-2.48975718925532,9.84999999999914,1.673651438785));
#14885=CARTESIAN_POINT('',(-2.03979132823732,9.84999999999914,1.597545410073));
#14886=CARTESIAN_POINT('Origin',(6.80011602582908E-13,9.84999999999914,
0.));
#14887=CARTESIAN_POINT('Origin',(-2.45726590510932,7.09999999999914,1.66815594942));
#14888=CARTESIAN_POINT('',(-2.48975718925532,7.12515970346914,1.673651438785));
#14889=CARTESIAN_POINT('',(-2.03979132823732,7.42182393874914,1.597545410073));
#14890=CARTESIAN_POINT('Ctrl Pts',(-2.48975718925532,7.12515970346914,1.673651438785));
#14891=CARTESIAN_POINT('Ctrl Pts',(-2.43693243565232,7.16056791064914,1.664716800488));
#14892=CARTESIAN_POINT('Ctrl Pts',(-2.33317540964332,7.22976292672914,1.647167613128));
#14893=CARTESIAN_POINT('Ctrl Pts',(-2.18325366173532,7.32862710501914,1.621810247516));
#14894=CARTESIAN_POINT('Ctrl Pts',(-2.08699338657732,7.39130419527914,1.605529040652));
#14895=CARTESIAN_POINT('Ctrl Pts',(-2.03979132823732,7.42182393874914,1.597545410073));
#14896=CARTESIAN_POINT('',(-2.48975718925532,9.84999999999914,1.673651438785));
#14897=CARTESIAN_POINT('',(-2.03979132823732,7.42182393874914,1.597545410073));
#14898=CARTESIAN_POINT('Origin',(-2.02644982849932,7.09999999999914,1.676425093039));
#14899=CARTESIAN_POINT('',(-1.95146726934032,7.42182393874914,1.704310856825));
#14900=CARTESIAN_POINT('',(-1.95146726934032,7.42182393874914,1.704310856825));
#14901=CARTESIAN_POINT('Ctrl Pts',(-2.03979132823971,7.42182393875307,1.59754541007388));
#14902=CARTESIAN_POINT('Ctrl Pts',(-2.03144952519745,7.42721755288582,1.59613449969824));
#14903=CARTESIAN_POINT('Ctrl Pts',(-2.02277964411033,7.43219290945042,1.5960625862058));
#14904=CARTESIAN_POINT('Ctrl Pts',(-2.00577424158386,7.44069003361857,1.59865044286472));
#14905=CARTESIAN_POINT('Ctrl Pts',(-1.9963773245614,7.44467294861128,1.60162255362197));
#14906=CARTESIAN_POINT('Ctrl Pts',(-1.97900252249849,7.45007841507291,1.61126088346399));
#14907=CARTESIAN_POINT('Ctrl Pts',(-1.9710220503868,7.45150423028851,1.61792060694119));
#14908=CARTESIAN_POINT('Ctrl Pts',(-1.95859548776772,7.45150423028851,1.63294174077701));
#14909=CARTESIAN_POINT('Ctrl Pts',(-1.953549117658,7.45007841507291,1.64202876452706));
#14910=CARTESIAN_POINT('Ctrl Pts',(-1.94733722238707,7.44467294861128,1.6609018539936));
#14911=CARTESIAN_POINT('Ctrl Pts',(-1.94617856254719,7.44069003361857,1.6706892438017));
#14912=CARTESIAN_POINT('Ctrl Pts',(-1.94682303862488,7.43219290945046,1.6878783498796));
#14913=CARTESIAN_POINT('Ctrl Pts',(-1.94851825204705,7.4272175528859,1.69638118829201));
#14914=CARTESIAN_POINT('Ctrl Pts',(-1.95146726934099,7.42182393875319,1.7043108568275));
#14915=CARTESIAN_POINT('Origin',(-1.95146726934032,7.09999999999914,1.704310856825));
#14916=CARTESIAN_POINT('',(-2.11054044560432,7.12515970346914,2.132045737658));
#14917=CARTESIAN_POINT('',(-2.11054044560432,9.84999999999914,2.132045737658));
#14918=CARTESIAN_POINT('Ctrl Pts',(-1.95146726934032,7.42182393874914,1.704310856825));
#14919=CARTESIAN_POINT('Ctrl Pts',(-1.96811594703232,7.39137428913915,1.749077802051));
#14920=CARTESIAN_POINT('Ctrl Pts',(-2.00209529928532,7.32879213504914,1.840445526817));
#14921=CARTESIAN_POINT('Ctrl Pts',(-2.05509186903632,7.22993836574914,1.98294900842));
#14922=CARTESIAN_POINT('Ctrl Pts',(-2.09182576851732,7.16064360847914,2.081723487475));
#14923=CARTESIAN_POINT('Ctrl Pts',(-2.11054044560432,7.12515970346914,2.132045737658));
#14924=CARTESIAN_POINT('Origin',(6.80011602582908E-13,9.84999999999914,
0.));
#14925=CARTESIAN_POINT('',(-1.51401572256432,9.84999999999914,2.589933665526));
#14926=CARTESIAN_POINT('',(-1.46631346189932,9.84999999999914,2.136076972268));
#14927=CARTESIAN_POINT('',(-1.51401572256432,9.84999999999914,2.589933665526));
#14928=CARTESIAN_POINT('',(-1.57841414497432,9.84999999999914,2.054631058595));
#14929=CARTESIAN_POINT('Origin',(-1.54587521352832,9.84999999999914,2.127714695206));
#14930=CARTESIAN_POINT('',(-1.99531670134732,9.84999999999914,2.24024803567));
#14931=CARTESIAN_POINT('',(-1.57841414497432,9.84999999999914,2.054631058595));
#14932=CARTESIAN_POINT('Origin',(6.80011602582908E-13,9.84999999999914,
0.));
#14933=CARTESIAN_POINT('Origin',(-1.96521286326932,7.09999999999914,2.22684494342));
#14934=CARTESIAN_POINT('',(-1.99531670134732,7.12515970346914,2.24024803567));
#14935=CARTESIAN_POINT('',(-1.57841414497432,7.42182393874914,2.054631058595));
#14936=CARTESIAN_POINT('Ctrl Pts',(-1.99531670134732,7.12515970346914,2.24024803567));
#14937=CARTESIAN_POINT('Ctrl Pts',(-1.94637348870632,7.16056791064914,2.218457113451));
#14938=CARTESIAN_POINT('Ctrl Pts',(-1.85024048588932,7.22976292672914,2.175655942992));
#14939=CARTESIAN_POINT('Ctrl Pts',(-1.71133492577232,7.32862710501914,2.113811203079));
#14940=CARTESIAN_POINT('Ctrl Pts',(-1.62214781566532,7.39130419527914,2.0741025433));
#14941=CARTESIAN_POINT('Ctrl Pts',(-1.57841414497432,7.42182393874914,2.054631058595));
#14942=CARTESIAN_POINT('',(-1.99531670134732,9.84999999999914,2.24024803567));
#14943=CARTESIAN_POINT('',(-1.57841414497432,7.42182393874914,2.054631058595));
#14944=CARTESIAN_POINT('Origin',(-1.54587521352832,7.09999999999914,2.127714695206));
#14945=CARTESIAN_POINT('',(-1.46631346189932,7.42182393874914,2.136076972268));
#14946=CARTESIAN_POINT('',(-1.46631346189932,7.42182393874914,2.136076972268));
#14947=CARTESIAN_POINT('Ctrl Pts',(-1.57841414497689,7.42182393875327,2.05463105859571));
#14948=CARTESIAN_POINT('Ctrl Pts',(-1.57068529415893,7.42721755288592,2.05118995250676));
#14949=CARTESIAN_POINT('Ctrl Pts',(-1.5623056774874,7.43219290945043,2.04896418655969));
#14950=CARTESIAN_POINT('Ctrl Pts',(-1.54519095717168,7.44069003361852,2.04724166930745));
#14951=CARTESIAN_POINT('Ctrl Pts',(-1.53535012768834,7.44467294861123,2.04778348750592));
#14952=CARTESIAN_POINT('Ctrl Pts',(-1.51612423182139,7.45007841507285,2.05279807392777));
#14953=CARTESIAN_POINT('Ctrl Pts',(-1.50673827503606,7.45150423028845,2.05726390723658));
#14954=CARTESIAN_POINT('Ctrl Pts',(-1.49096651165379,7.45150423028845,2.06872276407543));
#14955=CARTESIAN_POINT('Ctrl Pts',(-1.48381883162963,7.45007841507286,2.07626932105132));
#14956=CARTESIAN_POINT('Ctrl Pts',(-1.47310854798163,7.44467294861123,2.09300464217308));
#14957=CARTESIAN_POINT('Ctrl Pts',(-1.46955226470423,7.44069003361852,2.10219639614777));
#14958=CARTESIAN_POINT('Ctrl Pts',(-1.46590173652984,7.43219290945037,2.11900574953277));
#14959=CARTESIAN_POINT('Ctrl Pts',(-1.46542912177972,7.42721755288578,2.12766303807556));
#14960=CARTESIAN_POINT('Ctrl Pts',(-1.46631346189918,7.42182393875303,2.13607697227051));
#14961=CARTESIAN_POINT('Origin',(-1.46631346189932,7.09999999999914,2.136076972268));
#14962=CARTESIAN_POINT('',(-1.51401572256432,7.12515970346914,2.589933665526));
#14963=CARTESIAN_POINT('',(-1.51401572256432,9.84999999999914,2.589933665526));
#14964=CARTESIAN_POINT('Ctrl Pts',(-1.46631346189932,7.42182393874914,2.136076972268));
#14965=CARTESIAN_POINT('Ctrl Pts',(-1.47130600421032,7.39137428913915,2.183577839366));
#14966=CARTESIAN_POINT('Ctrl Pts',(-1.48149560346532,7.32879213504914,2.280525400323));
#14967=CARTESIAN_POINT('Ctrl Pts',(-1.49738801376332,7.22993836574914,2.431731583957));
#14968=CARTESIAN_POINT('Ctrl Pts',(-1.50840363619232,7.16064360847914,2.536538230435));
#14969=CARTESIAN_POINT('Ctrl Pts',(-1.51401572256432,7.12515970346914,2.589933665526));
#14970=CARTESIAN_POINT('Origin',(6.80011602582908E-13,9.84999999999914,
0.));
#14971=CARTESIAN_POINT('',(-0.82235982351552,9.84999999999914,2.885086536079));
#14972=CARTESIAN_POINT('',(-0.88902578692302,9.84999999999914,2.433625515601));
#14973=CARTESIAN_POINT('',(-0.82235982351552,9.84999999999914,2.885086536079));
#14974=CARTESIAN_POINT('',(-1.01785939598232,9.84999999999914,2.3826166813));
#14975=CARTESIAN_POINT('Origin',(-0.96816757356002,9.84999999999914,2.445312157886));
#14976=CARTESIAN_POINT('',(-1.37550312683132,9.84999999999914,2.666081609418));
#14977=CARTESIAN_POINT('',(-1.01785939598232,9.84999999999914,2.3826166813));
#14978=CARTESIAN_POINT('Origin',(6.80011602582908E-13,9.84999999999914,
0.));
#14979=CARTESIAN_POINT('Origin',(-1.34967826968332,7.09999999999914,2.645613079863));
#14980=CARTESIAN_POINT('',(-1.37550312683132,7.12515970346914,2.666081609418));
#14981=CARTESIAN_POINT('',(-1.01785939598232,7.42182393874914,2.3826166813));
#14982=CARTESIAN_POINT('Ctrl Pts',(-1.37550312683132,7.12515970346914,2.666081609418));
#14983=CARTESIAN_POINT('Ctrl Pts',(-1.33351673720332,7.16056791064914,2.632803607062));
#14984=CARTESIAN_POINT('Ctrl Pts',(-1.25104814769832,7.22976292672914,2.567439808456));
#14985=CARTESIAN_POINT('Ctrl Pts',(-1.13188672257232,7.32862710501914,2.472993626699));
#14986=CARTESIAN_POINT('Ctrl Pts',(-1.05537673165332,7.39130419527914,2.412352555137));
#14987=CARTESIAN_POINT('Ctrl Pts',(-1.01785939598232,7.42182393874914,2.3826166813));
#14988=CARTESIAN_POINT('',(-1.37550312683132,9.84999999999914,2.666081609418));
#14989=CARTESIAN_POINT('',(-1.01785939598232,7.42182393874914,2.3826166813));
#14990=CARTESIAN_POINT('Origin',(-0.96816757356002,7.09999999999914,2.445312157886));
#14991=CARTESIAN_POINT('',(-0.88902578692302,7.42182393874914,2.433625515601));
#14992=CARTESIAN_POINT('',(-0.88902578692302,7.42182393874914,2.433625515601));
#14993=CARTESIAN_POINT('Ctrl Pts',(-1.01785939598438,7.42182393875323,2.38261668130159));
#14994=CARTESIAN_POINT('Ctrl Pts',(-1.01122912951222,7.42721755288587,2.37736159685037));
#14995=CARTESIAN_POINT('Ctrl Pts',(-1.00366629938972,7.43219290945036,2.37312183150891));
#14996=CARTESIAN_POINT('Ctrl Pts',(-0.987517642105604,7.44069003361843,
2.36719717243947));
#14997=CARTESIAN_POINT('Ctrl Pts',(-0.977851235669865,7.44467294861114,
2.36527465364908));
#14998=CARTESIAN_POINT('Ctrl Pts',(-0.957982279744095,7.45007841507277,
2.36535041174351));
#14999=CARTESIAN_POINT('Ctrl Pts',(-0.947780592469074,7.45150423028837,
2.36734175015296));
#15000=CARTESIAN_POINT('Ctrl Pts',(-0.929654626221416,7.45150423028837,
2.37451832787693));
#15001=CARTESIAN_POINT('Ctrl Pts',(-0.920854751306055,7.45007841507277,
2.38005024014957));
#15002=CARTESIAN_POINT('Ctrl Pts',(-0.906319045792256,7.44467294861115,
2.39359625115227));
#15003=CARTESIAN_POINT('Ctrl Pts',(-0.900588593434749,7.44069003361843,
2.4016148175864));
#15004=CARTESIAN_POINT('Ctrl Pts',(-0.892872437119258,7.43219290945037,
2.41698822478465));
#15005=CARTESIAN_POINT('Ctrl Pts',(-0.890261690319755,7.42721755288589,
2.42525599417917));
#15006=CARTESIAN_POINT('Ctrl Pts',(-0.889025786922599,7.42182393875327,
2.43362551560359));
#15007=CARTESIAN_POINT('Origin',(-0.88902578692302,7.09999999999914,2.433625515601));
#15008=CARTESIAN_POINT('',(-0.82235982351552,7.12515970346914,2.885086536079));
#15009=CARTESIAN_POINT('',(-0.82235982351552,9.84999999999914,2.885086536079));
#15010=CARTESIAN_POINT('Ctrl Pts',(-0.88902578692302,7.42182393874914,2.433625515601));
#15011=CARTESIAN_POINT('Ctrl Pts',(-0.88204849405762,7.39137428913915,2.480875650395));
#15012=CARTESIAN_POINT('Ctrl Pts',(-0.86780809031962,7.32879213504914,2.57731147574));
#15013=CARTESIAN_POINT('Ctrl Pts',(-0.84559776257772,7.22993836574914,2.72771952079));
#15014=CARTESIAN_POINT('Ctrl Pts',(-0.83020295588472,7.16064360847914,2.831972947643));
#15015=CARTESIAN_POINT('Ctrl Pts',(-0.82235982351552,7.12515970346914,2.885086536079));
#15016=CARTESIAN_POINT('Origin',(6.80011602582908E-13,9.84999999999914,
0.));
#15017=CARTESIAN_POINT('',(-0.07903203232739,9.84999999999914,2.998958808965));
#15018=CARTESIAN_POINT('',(-0.25587735214632,9.84999999999914,2.578260417541));
#15019=CARTESIAN_POINT('',(-0.07903203232739,9.84999999999914,2.998958808965));
#15020=CARTESIAN_POINT('',(-0.39334879771542,9.84999999999914,2.560893735268));
#15021=CARTESIAN_POINT('Origin',(-0.32962640427342,9.84999999999914,2.609261664457));
#15022=CARTESIAN_POINT('',(-0.66926163211002,9.84999999999914,2.924395470484));
#15023=CARTESIAN_POINT('',(-0.39334879771542,9.84999999999914,2.560893735268));
#15024=CARTESIAN_POINT('Origin',(6.80011602582908E-13,9.84999999999914,
0.));
#15025=CARTESIAN_POINT('Origin',(-0.64933842664372,7.09999999999914,2.898147616614));
#15026=CARTESIAN_POINT('',(-0.66926163211002,7.12515970346914,2.924395470484));
#15027=CARTESIAN_POINT('',(-0.39334879771542,7.42182393874914,2.560893735268));
#15028=CARTESIAN_POINT('Ctrl Pts',(-0.66926163211002,7.12515970346914,2.924395470484));
#15029=CARTESIAN_POINT('Ctrl Pts',(-0.63687022477112,7.16056791064914,2.881721367267));
#15030=CARTESIAN_POINT('Ctrl Pts',(-0.57324785335432,7.22976292672914,2.79790198837));
#15031=CARTESIAN_POINT('Ctrl Pts',(-0.48131791380542,7.32862710501914,2.67678876572));
#15032=CARTESIAN_POINT('Ctrl Pts',(-0.42229244618762,7.39130419527914,2.599025583923));
#15033=CARTESIAN_POINT('Ctrl Pts',(-0.39334879771542,7.42182393874914,2.560893735268));
#15034=CARTESIAN_POINT('',(-0.66926163211002,9.84999999999914,2.924395470484));
#15035=CARTESIAN_POINT('',(-0.39334879771542,7.42182393874914,2.560893735268));
#15036=CARTESIAN_POINT('Origin',(-0.32962640427342,7.09999999999914,2.609261664457));
#15037=CARTESIAN_POINT('',(-0.25587735214632,7.42182393874914,2.578260417541));
#15038=CARTESIAN_POINT('',(-0.25587735214632,7.42182393874914,2.578260417541));
#15039=CARTESIAN_POINT('Ctrl Pts',(-0.393348797716952,7.42182393875324,
2.56089373527011));
#15040=CARTESIAN_POINT('Ctrl Pts',(-0.388233719617444,7.42721755288587,
2.55415486873953));
#15041=CARTESIAN_POINT('Ctrl Pts',(-0.381962876474695,7.43219290945035,
2.54816750405285));
#15042=CARTESIAN_POINT('Ctrl Pts',(-0.367794961749941,7.44069003361842,
2.53841297128491));
#15043=CARTESIAN_POINT('Ctrl Pts',(-0.358910354228712,7.44467294861113,
2.5341469144318));
#15044=CARTESIAN_POINT('Ctrl Pts',(-0.339646777817847,7.45007841507276,
2.52927908403912));
#15045=CARTESIAN_POINT('Ctrl Pts',(-0.329270369583812,7.45150423028836,
2.5286708044333));
#15046=CARTESIAN_POINT('Ctrl Pts',(-0.30992912159274,7.45150423028836,2.53111417227038));
#15047=CARTESIAN_POINT('Ctrl Pts',(-0.300029980290794,7.45007841507276,
2.53428384944674));
#15048=CARTESIAN_POINT('Ctrl Pts',(-0.282582184747208,7.44467294861113,
2.54378940464033));
#15049=CARTESIAN_POINT('Ctrl Pts',(-0.275037628706349,7.44069003361842,
2.55013094751463));
#15050=CARTESIAN_POINT('Ctrl Pts',(-0.263740678729029,7.43219290945034,
2.56310244081261));
#15051=CARTESIAN_POINT('Ctrl Pts',(-0.259155842703214,7.42721755288583,
2.5704611967013));
#15052=CARTESIAN_POINT('Ctrl Pts',(-0.25587735214528,7.42182393875318,2.57826041754335));
#15053=CARTESIAN_POINT('Origin',(-0.25587735214632,7.09999999999914,2.578260417541));
#15054=CARTESIAN_POINT('',(-0.07903203232739,7.12515970346914,2.998958808965));
#15055=CARTESIAN_POINT('',(-0.07903203232739,9.84999999999914,2.998958808965));
#15056=CARTESIAN_POINT('Ctrl Pts',(-0.25587735214632,7.42182393874914,2.578260417541));
#15057=CARTESIAN_POINT('Ctrl Pts',(-0.23736863307612,7.39137428913915,2.622290920288));
#15058=CARTESIAN_POINT('Ctrl Pts',(-0.19959300328432,7.32879213504914,2.712155592448));
#15059=CARTESIAN_POINT('Ctrl Pts',(-0.14067549407812,7.22993836574914,2.852314808281));
#15060=CARTESIAN_POINT('Ctrl Pts',(-0.09983757058603,7.16064360847914,2.949464389281));
#15061=CARTESIAN_POINT('Ctrl Pts',(-0.07903203232739,7.12515970346914,2.998958808965));
#15062=CARTESIAN_POINT('Origin',(6.80011602582908E-13,9.84999999999914,
0.));
#15063=CARTESIAN_POINT('',(0.66926163211138,9.84999999999914,2.924395470484));
#15064=CARTESIAN_POINT('',(0.39334879771678,9.84999999999914,2.560893735268));
#15065=CARTESIAN_POINT('',(0.66926163211138,9.84999999999914,2.924395470484));
#15066=CARTESIAN_POINT('',(0.25587735214768,9.84999999999914,2.578260417541));
#15067=CARTESIAN_POINT('Origin',(0.32962640427478,9.84999999999914,2.609261664457));
#15068=CARTESIAN_POINT('',(0.07903203232875,9.84999999999914,2.998958808965));
#15069=CARTESIAN_POINT('',(0.25587735214768,9.84999999999914,2.578260417541));
#15070=CARTESIAN_POINT('Origin',(6.80011602582908E-13,9.84999999999914,
0.));
#15071=CARTESIAN_POINT('Origin',(0.09180173784183,7.09999999999914,2.968580879971));
#15072=CARTESIAN_POINT('',(0.07903203232875,7.12515970346914,2.998958808965));
#15073=CARTESIAN_POINT('',(0.25587735214768,7.42182393874914,2.578260417541));
#15074=CARTESIAN_POINT('Ctrl Pts',(0.07903203232875,7.12515970346914,2.998958808965));
#15075=CARTESIAN_POINT('Ctrl Pts',(0.09979318612865,7.16056791064914,2.949569975736));
#15076=CARTESIAN_POINT('Ctrl Pts',(0.14057171187408,7.22976292672914,2.852561696392));
#15077=CARTESIAN_POINT('Ctrl Pts',(0.19949386964948,7.32862710501914,2.712391422049));
#15078=CARTESIAN_POINT('Ctrl Pts',(0.23732602675528,7.39130419527914,2.622392276724));
#15079=CARTESIAN_POINT('Ctrl Pts',(0.25587735214768,7.42182393874914,2.578260417541));
#15080=CARTESIAN_POINT('',(0.07903203232875,9.84999999999914,2.998958808965));
#15081=CARTESIAN_POINT('',(0.25587735214768,7.42182393874914,2.578260417541));
#15082=CARTESIAN_POINT('Origin',(0.32962640427478,7.09999999999914,2.609261664457));
#15083=CARTESIAN_POINT('',(0.39334879771678,7.42182393874914,2.560893735268));
#15084=CARTESIAN_POINT('',(0.39334879771678,7.42182393874914,2.560893735268));
#15085=CARTESIAN_POINT('Ctrl Pts',(0.25587735214664,7.42182393875318,2.57826041754335));
#15086=CARTESIAN_POINT('Ctrl Pts',(0.259155842704574,7.42721755288583,2.5704611967013));
#15087=CARTESIAN_POINT('Ctrl Pts',(0.263740678730389,7.43219290945034,2.56310244081261));
#15088=CARTESIAN_POINT('Ctrl Pts',(0.275037628707709,7.44069003361842,2.55013094751463));
#15089=CARTESIAN_POINT('Ctrl Pts',(0.282582184748569,7.44467294861113,2.54378940464033));
#15090=CARTESIAN_POINT('Ctrl Pts',(0.300029980292154,7.45007841507276,2.53428384944674));
#15091=CARTESIAN_POINT('Ctrl Pts',(0.3099291215941,7.45150423028836,2.53111417227038));
#15092=CARTESIAN_POINT('Ctrl Pts',(0.329270369585172,7.45150423028836,2.5286708044333));
#15093=CARTESIAN_POINT('Ctrl Pts',(0.339646777819208,7.45007841507276,2.52927908403912));
#15094=CARTESIAN_POINT('Ctrl Pts',(0.358910354230072,7.44467294861113,2.5341469144318));
#15095=CARTESIAN_POINT('Ctrl Pts',(0.367794961751301,7.44069003361842,2.53841297128491));
#15096=CARTESIAN_POINT('Ctrl Pts',(0.381962876476055,7.43219290945035,2.54816750405285));
#15097=CARTESIAN_POINT('Ctrl Pts',(0.388233719618804,7.42721755288587,2.55415486873953));
#15098=CARTESIAN_POINT('Ctrl Pts',(0.393348797718313,7.42182393875324,2.56089373527011));
#15099=CARTESIAN_POINT('Origin',(0.39334879771678,7.09999999999914,2.560893735268));
#15100=CARTESIAN_POINT('',(0.66926163211138,7.12515970346914,2.924395470484));
#15101=CARTESIAN_POINT('',(0.66926163211138,9.84999999999914,2.924395470484));
#15102=CARTESIAN_POINT('Ctrl Pts',(0.39334879771678,7.42182393874914,2.560893735268));
#15103=CARTESIAN_POINT('Ctrl Pts',(0.42222597210218,7.39137428913915,2.598938007548));
#15104=CARTESIAN_POINT('Ctrl Pts',(0.48116324619898,7.32879213504914,2.676584998671));
#15105=CARTESIAN_POINT('Ctrl Pts',(0.57308593308258,7.22993836574914,2.797688666289));
#15106=CARTESIAN_POINT('Ctrl Pts',(0.63680097644958,7.16064360847914,2.881630135971));
#15107=CARTESIAN_POINT('Ctrl Pts',(0.66926163211138,7.12515970346914,2.924395470484));
#15108=CARTESIAN_POINT('Origin',(6.80011602582908E-13,9.84999999999914,
0.));
#15109=CARTESIAN_POINT('',(1.37550312683268,9.84999999999914,2.666081609418));
#15110=CARTESIAN_POINT('',(1.01785939598368,9.84999999999914,2.3826166813));
#15111=CARTESIAN_POINT('',(1.37550312683268,9.84999999999914,2.666081609418));
#15112=CARTESIAN_POINT('',(0.88902578692438,9.84999999999914,2.433625515601));
#15113=CARTESIAN_POINT('Origin',(0.96816757356138,9.84999999999914,2.445312157886));
#15114=CARTESIAN_POINT('',(0.82235982351688,9.84999999999914,2.885086536079));
#15115=CARTESIAN_POINT('',(0.88902578692438,9.84999999999914,2.433625515601));
#15116=CARTESIAN_POINT('Origin',(6.80011602582908E-13,9.84999999999914,
0.));
#15117=CARTESIAN_POINT('Origin',(0.82717366151568,7.09999999999914,2.852487288963));
#15118=CARTESIAN_POINT('',(0.82235982351688,7.12515970346914,2.885086536079));
#15119=CARTESIAN_POINT('',(0.88902578692438,7.42182393874914,2.433625515601));
#15120=CARTESIAN_POINT('Ctrl Pts',(0.82235982351688,7.12515970346914,2.885086536079));
#15121=CARTESIAN_POINT('Ctrl Pts',(0.83018622413038,7.16056791064914,2.832086254871));
#15122=CARTESIAN_POINT('Ctrl Pts',(0.84555863945878,7.22976292672914,2.727984462042));
#15123=CARTESIAN_POINT('Ctrl Pts',(0.86777071958718,7.32862710501914,2.577564549853));
#15124=CARTESIAN_POINT('Ctrl Pts',(0.88203243261318,7.39130419527914,2.480984418293));
#15125=CARTESIAN_POINT('Ctrl Pts',(0.88902578692438,7.42182393874914,2.433625515601));
#15126=CARTESIAN_POINT('',(0.82235982351688,9.84999999999914,2.885086536079));
#15127=CARTESIAN_POINT('',(0.88902578692438,7.42182393874914,2.433625515601));
#15128=CARTESIAN_POINT('Origin',(0.96816757356138,7.09999999999914,2.445312157886));
#15129=CARTESIAN_POINT('',(1.01785939598368,7.42182393874914,2.3826166813));
#15130=CARTESIAN_POINT('',(1.01785939598368,7.42182393874914,2.3826166813));
#15131=CARTESIAN_POINT('Ctrl Pts',(0.889025786923959,7.42182393875327,2.43362551560359));
#15132=CARTESIAN_POINT('Ctrl Pts',(0.890261690321115,7.42721755288589,2.42525599417917));
#15133=CARTESIAN_POINT('Ctrl Pts',(0.892872437120618,7.43219290945037,2.41698822478465));
#15134=CARTESIAN_POINT('Ctrl Pts',(0.900588593436109,7.44069003361843,2.4016148175864));
#15135=CARTESIAN_POINT('Ctrl Pts',(0.906319045793616,7.44467294861115,2.39359625115227));
#15136=CARTESIAN_POINT('Ctrl Pts',(0.920854751307414,7.45007841507277,2.38005024014957));
#15137=CARTESIAN_POINT('Ctrl Pts',(0.929654626222776,7.45150423028837,2.37451832787693));
#15138=CARTESIAN_POINT('Ctrl Pts',(0.947780592470434,7.45150423028837,2.36734175015296));
#15139=CARTESIAN_POINT('Ctrl Pts',(0.957982279745455,7.45007841507277,2.36535041174351));
#15140=CARTESIAN_POINT('Ctrl Pts',(0.977851235671225,7.44467294861115,2.36527465364908));
#15141=CARTESIAN_POINT('Ctrl Pts',(0.987517642106964,7.44069003361843,2.36719717243947));
#15142=CARTESIAN_POINT('Ctrl Pts',(1.00366629939108,7.43219290945036,2.37312183150891));
#15143=CARTESIAN_POINT('Ctrl Pts',(1.01122912951358,7.42721755288587,2.37736159685037));
#15144=CARTESIAN_POINT('Ctrl Pts',(1.01785939598574,7.42182393875323,2.38261668130159));
#15145=CARTESIAN_POINT('Origin',(1.01785939598368,7.09999999999914,2.3826166813));
#15146=CARTESIAN_POINT('',(1.37550312683268,7.12515970346914,2.666081609418));
#15147=CARTESIAN_POINT('',(1.37550312683268,9.84999999999914,2.666081609418));
#15148=CARTESIAN_POINT('Ctrl Pts',(1.01785939598368,7.42182393874914,2.3826166813));
#15149=CARTESIAN_POINT('Ctrl Pts',(1.05529056661468,7.39137428913915,2.412284261568));
#15150=CARTESIAN_POINT('Ctrl Pts',(1.13168623932868,7.32879213504914,2.472834725638));
#15151=CARTESIAN_POINT('Ctrl Pts',(1.25083826340568,7.22993836574914,2.567273456214));
#15152=CARTESIAN_POINT('Ctrl Pts',(1.33342697614468,7.16064360847914,2.632732463322));
#15153=CARTESIAN_POINT('Ctrl Pts',(1.37550312683268,7.12515970346914,2.666081609418));
#15154=CARTESIAN_POINT('Origin',(6.80011602582908E-13,9.84999999999914,
0.));
#15155=CARTESIAN_POINT('',(1.99531670134868,9.84999999999914,2.24024803567));
#15156=CARTESIAN_POINT('',(1.57841414497568,9.84999999999914,2.054631058595));
#15157=CARTESIAN_POINT('',(1.99531670134868,9.84999999999914,2.24024803567));
#15158=CARTESIAN_POINT('',(1.46631346190068,9.84999999999914,2.136076972268));
#15159=CARTESIAN_POINT('Origin',(1.54587521352968,9.84999999999914,2.127714695206));
#15160=CARTESIAN_POINT('',(1.51401572256568,9.84999999999914,2.589933665526));
#15161=CARTESIAN_POINT('',(1.46631346190068,9.84999999999914,2.136076972268));
#15162=CARTESIAN_POINT('Origin',(6.80011602582908E-13,9.84999999999914,
0.));
#15163=CARTESIAN_POINT('Origin',(1.51057122190468,7.09999999999914,2.557161430875));
#15164=CARTESIAN_POINT('',(1.51401572256568,7.12515970346914,2.589933665526));
#15165=CARTESIAN_POINT('',(1.46631346190068,7.42182393874914,2.136076972268));
#15166=CARTESIAN_POINT('Ctrl Pts',(1.51401572256568,7.12515970346914,2.589933665526));
#15167=CARTESIAN_POINT('Ctrl Pts',(1.50841560845868,7.16056791064914,2.536652138927));
#15168=CARTESIAN_POINT('Ctrl Pts',(1.49741600797968,7.22976292672914,2.431997931116));
#15169=CARTESIAN_POINT('Ctrl Pts',(1.48152234377568,7.32862710501914,2.280779817371));
#15170=CARTESIAN_POINT('Ctrl Pts',(1.47131749684168,7.39130419527914,2.183687184439));
#15171=CARTESIAN_POINT('Ctrl Pts',(1.46631346190068,7.42182393874914,2.136076972268));
#15172=CARTESIAN_POINT('',(1.51401572256568,9.84999999999914,2.589933665526));
#15173=CARTESIAN_POINT('',(1.46631346190068,7.42182393874914,2.136076972268));
#15174=CARTESIAN_POINT('Origin',(1.54587521352968,7.09999999999914,2.127714695206));
#15175=CARTESIAN_POINT('',(1.57841414497568,7.42182393874914,2.054631058595));
#15176=CARTESIAN_POINT('',(1.57841414497568,7.42182393874914,2.054631058595));
#15177=CARTESIAN_POINT('Ctrl Pts',(1.46631346190054,7.42182393875303,2.13607697227051));
#15178=CARTESIAN_POINT('Ctrl Pts',(1.46542912178108,7.42721755288578,2.12766303807556));
#15179=CARTESIAN_POINT('Ctrl Pts',(1.4659017365312,7.43219290945037,2.11900574953277));
#15180=CARTESIAN_POINT('Ctrl Pts',(1.46955226470559,7.44069003361852,2.10219639614777));
#15181=CARTESIAN_POINT('Ctrl Pts',(1.47310854798299,7.44467294861123,2.09300464217308));
#15182=CARTESIAN_POINT('Ctrl Pts',(1.48381883163098,7.45007841507286,2.07626932105132));
#15183=CARTESIAN_POINT('Ctrl Pts',(1.49096651165515,7.45150423028845,2.06872276407543));
#15184=CARTESIAN_POINT('Ctrl Pts',(1.50673827503742,7.45150423028845,2.05726390723658));
#15185=CARTESIAN_POINT('Ctrl Pts',(1.51612423182275,7.45007841507285,2.05279807392777));
#15186=CARTESIAN_POINT('Ctrl Pts',(1.5353501276897,7.44467294861123,2.04778348750592));
#15187=CARTESIAN_POINT('Ctrl Pts',(1.54519095717304,7.44069003361852,2.04724166930745));
#15188=CARTESIAN_POINT('Ctrl Pts',(1.56230567748876,7.43219290945043,2.04896418655969));
#15189=CARTESIAN_POINT('Ctrl Pts',(1.57068529416029,7.42721755288592,2.05118995250676));
#15190=CARTESIAN_POINT('Ctrl Pts',(1.57841414497825,7.42182393875327,2.05463105859571));
#15191=CARTESIAN_POINT('Origin',(1.57841414497568,7.09999999999914,2.054631058595));
#15192=CARTESIAN_POINT('',(1.99531670134868,7.12515970346914,2.24024803567));
#15193=CARTESIAN_POINT('',(1.99531670134868,9.84999999999914,2.24024803567));
#15194=CARTESIAN_POINT('Ctrl Pts',(1.57841414497568,7.42182393874914,2.054631058595));
#15195=CARTESIAN_POINT('Ctrl Pts',(1.62204737373968,7.39137428913915,2.074057823673));
#15196=CARTESIAN_POINT('Ctrl Pts',(1.71110122399168,7.32879213504914,2.113707152342));
#15197=CARTESIAN_POINT('Ctrl Pts',(1.84999582537668,7.22993836574914,2.175547013113));
#15198=CARTESIAN_POINT('Ctrl Pts',(1.94626885492768,7.16064360847914,2.218410527491));
#15199=CARTESIAN_POINT('Ctrl Pts',(1.99531670134868,7.12515970346914,2.24024803567));
#15200=CARTESIAN_POINT('Origin',(6.80011602582908E-13,9.84999999999914,
0.));
#15201=CARTESIAN_POINT('',(2.48975718925668,9.84999999999914,1.673651438785));
#15202=CARTESIAN_POINT('',(2.03979132823868,9.84999999999914,1.597545410073));
#15203=CARTESIAN_POINT('',(2.48975718925668,9.84999999999914,1.673651438785));
#15204=CARTESIAN_POINT('',(1.95146726934168,9.84999999999914,1.704310856825));
#15205=CARTESIAN_POINT('Origin',(2.02644982850068,9.84999999999914,1.676425093039));
#15206=CARTESIAN_POINT('',(2.11054044560568,9.84999999999914,2.132045737658));
#15207=CARTESIAN_POINT('',(1.95146726934168,9.84999999999914,1.704310856825));
#15208=CARTESIAN_POINT('Origin',(6.80011602582908E-13,9.84999999999914,
0.));
#15209=CARTESIAN_POINT('Origin',(2.09905403692868,7.09999999999914,2.101159715504));
#15210=CARTESIAN_POINT('',(2.11054044560568,7.12515970346914,2.132045737658));
#15211=CARTESIAN_POINT('',(1.95146726934168,7.42182393874914,1.704310856825));
#15212=CARTESIAN_POINT('Ctrl Pts',(2.11054044560568,7.12515970346914,2.132045737658));
#15213=CARTESIAN_POINT('Ctrl Pts',(2.09186569254268,7.16056791064914,2.081830839941));
#15214=CARTESIAN_POINT('Ctrl Pts',(2.05518522160768,7.22976292672914,1.983200025916));
#15215=CARTESIAN_POINT('Ctrl Pts',(2.00218447044668,7.32862710501914,1.840685300842));
#15216=CARTESIAN_POINT('Ctrl Pts',(1.96815427161668,7.39130419527914,1.749180853747));
#15217=CARTESIAN_POINT('Ctrl Pts',(1.95146726934168,7.42182393874914,1.704310856825));
#15218=CARTESIAN_POINT('',(2.11054044560568,9.84999999999914,2.132045737658));
#15219=CARTESIAN_POINT('',(1.95146726934168,7.42182393874914,1.704310856825));
#15220=CARTESIAN_POINT('Origin',(2.02644982850068,7.09999999999914,1.676425093039));
#15221=CARTESIAN_POINT('',(2.03979132823868,7.42182393874914,1.597545410073));
#15222=CARTESIAN_POINT('',(2.03979132823868,7.42182393874914,1.597545410073));
#15223=CARTESIAN_POINT('Ctrl Pts',(1.95146726934235,7.42182393875319,1.7043108568275));
#15224=CARTESIAN_POINT('Ctrl Pts',(1.94851825204841,7.4272175528859,1.69638118829201));
#15225=CARTESIAN_POINT('Ctrl Pts',(1.94682303862624,7.43219290945045,1.6878783498796));
#15226=CARTESIAN_POINT('Ctrl Pts',(1.94617856254855,7.44069003361857,1.6706892438017));
#15227=CARTESIAN_POINT('Ctrl Pts',(1.94733722238843,7.44467294861128,1.6609018539936));
#15228=CARTESIAN_POINT('Ctrl Pts',(1.95354911765936,7.45007841507291,1.64202876452706));
#15229=CARTESIAN_POINT('Ctrl Pts',(1.95859548776908,7.45150423028851,1.63294174077701));
#15230=CARTESIAN_POINT('Ctrl Pts',(1.97102205038816,7.45150423028851,1.61792060694119));
#15231=CARTESIAN_POINT('Ctrl Pts',(1.97900252249985,7.45007841507291,1.61126088346399));
#15232=CARTESIAN_POINT('Ctrl Pts',(1.99637732456276,7.44467294861128,1.60162255362197));
#15233=CARTESIAN_POINT('Ctrl Pts',(2.00577424158522,7.44069003361857,1.59865044286472));
#15234=CARTESIAN_POINT('Ctrl Pts',(2.02277964411169,7.43219290945042,1.5960625862058));
#15235=CARTESIAN_POINT('Ctrl Pts',(2.03144952519881,7.42721755288582,1.59613449969824));
#15236=CARTESIAN_POINT('Ctrl Pts',(2.03979132824107,7.42182393875307,1.59754541007388));
#15237=CARTESIAN_POINT('Origin',(2.03979132823868,7.09999999999914,1.597545410073));
#15238=CARTESIAN_POINT('',(2.48975718925668,7.12515970346914,1.673651438785));
#15239=CARTESIAN_POINT('',(2.48975718925668,9.84999999999914,1.673651438785));
#15240=CARTESIAN_POINT('Ctrl Pts',(2.03979132823868,7.42182393874914,1.597545410073));
#15241=CARTESIAN_POINT('Ctrl Pts',(2.08688497890068,7.39137428913915,1.605510704866));
#15242=CARTESIAN_POINT('Ctrl Pts',(2.18300142575968,7.32879213504914,1.621767584994));
#15243=CARTESIAN_POINT('Ctrl Pts',(2.33291134583168,7.22993836574914,1.647122950077));
#15244=CARTESIAN_POINT('Ctrl Pts',(2.43681950367868,7.16064360847914,1.664697699474));
#15245=CARTESIAN_POINT('Ctrl Pts',(2.48975718925668,7.12515970346914,1.673651438785));
#15246=CARTESIAN_POINT('Origin',(6.80011602582908E-13,9.84999999999914,
0.));
#15247=CARTESIAN_POINT('',(2.82775707627768,9.84999999999914,1.001893166742));
#15248=CARTESIAN_POINT('',(2.37300092051968,9.84999999999914,1.040080108076));
#15249=CARTESIAN_POINT('',(2.82775707627768,9.84999999999914,1.001893166742));
#15250=CARTESIAN_POINT('',(2.31400321125568,9.84999999999914,1.165456622231));
#15251=CARTESIAN_POINT('Origin',(2.37969514798668,9.84999999999914,1.119799536816));
#15252=CARTESIAN_POINT('',(2.57445215042268,9.84999999999914,1.540193534978));
#15253=CARTESIAN_POINT('',(2.31400321125568,9.84999999999914,1.165456622231));
#15254=CARTESIAN_POINT('Origin',(6.80011602582908E-13,9.84999999999914,
0.));
#15255=CARTESIAN_POINT('Origin',(2.55564556703268,7.09999999999914,1.513134407682));
#15256=CARTESIAN_POINT('',(2.57445215042268,7.12515970346914,1.540193534978));
#15257=CARTESIAN_POINT('',(2.31400321125568,7.42182393874914,1.165456622231));
#15258=CARTESIAN_POINT('Ctrl Pts',(2.57445215042268,7.12515970346914,1.540193534978));
#15259=CARTESIAN_POINT('Ctrl Pts',(2.54387616182068,7.16056791064914,1.496200452842));
#15260=CARTESIAN_POINT('Ctrl Pts',(2.48381958931968,7.22976292672914,1.409790369387));
#15261=CARTESIAN_POINT('Ctrl Pts',(2.39704198332068,7.32862710501914,1.284933757294));
#15262=CARTESIAN_POINT('Ctrl Pts',(2.34132467514068,7.39130419527914,1.204767056977));
#15263=CARTESIAN_POINT('Ctrl Pts',(2.31400321125568,7.42182393874914,1.165456622231));
#15264=CARTESIAN_POINT('',(2.57445215042268,9.84999999999914,1.540193534978));
#15265=CARTESIAN_POINT('',(2.31400321125568,7.42182393874914,1.165456622231));
#15266=CARTESIAN_POINT('Origin',(2.37969514798668,7.09999999999914,1.119799536816));
#15267=CARTESIAN_POINT('',(2.37300092051968,7.42182393874914,1.040080108076));
#15268=CARTESIAN_POINT('',(2.37300092051968,7.42182393874914,1.040080108076));
#15269=CARTESIAN_POINT('Ctrl Pts',(2.31400321125742,7.42182393875306,1.16545662223283));
#15270=CARTESIAN_POINT('Ctrl Pts',(2.3091748143914,7.42721755288566,1.15850946959418));
#15271=CARTESIAN_POINT('Ctrl Pts',(2.3054182892909,7.43219290945012,1.15069534592094));
#15272=CARTESIAN_POINT('Ctrl Pts',(2.30051930376335,7.44069003361817,1.13420654190221));
#15273=CARTESIAN_POINT('Ctrl Pts',(2.29920753730672,7.44467294861088,1.12443849395784));
#15274=CARTESIAN_POINT('Ctrl Pts',(2.30053072797494,7.4500784150725,1.10461350176806));
#15275=CARTESIAN_POINT('Ctrl Pts',(2.30315870617698,7.4515042302881,1.09455698236581));
#15276=CARTESIAN_POINT('Ctrl Pts',(2.31145926140181,7.4515042302881,1.07691740461579));
#15277=CARTESIAN_POINT('Ctrl Pts',(2.31753280642695,7.4500784150725,1.06848224588902));
#15278=CARTESIAN_POINT('Ctrl Pts',(2.33196479197216,7.44467294861088,1.0548257843381));
#15279=CARTESIAN_POINT('Ctrl Pts',(2.34032735367777,7.44069003361817,1.0496101296716));
#15280=CARTESIAN_POINT('Ctrl Pts',(2.35615492643234,7.43219290945017,1.04287450365297));
#15281=CARTESIAN_POINT('Ctrl Pts',(2.36457031142031,7.42721755288578,1.04078804610155));
#15282=CARTESIAN_POINT('Ctrl Pts',(2.3730009205223,7.42182393875325,1.04008010807585));
#15283=CARTESIAN_POINT('Origin',(2.37300092051968,7.09999999999914,1.040080108076));
#15284=CARTESIAN_POINT('',(2.82775707627768,7.12515970346914,1.001893166742));
#15285=CARTESIAN_POINT('',(2.82775707627768,9.84999999999914,1.001893166742));
#15286=CARTESIAN_POINT('Ctrl Pts',(2.37300092051968,7.42182393874914,1.040080108076));
#15287=CARTESIAN_POINT('Ctrl Pts',(2.42059592580968,7.39137428913915,1.036083443816));
#15288=CARTESIAN_POINT('Ctrl Pts',(2.51773561943068,7.32879213504914,1.027926395836));
#15289=CARTESIAN_POINT('Ctrl Pts',(2.66924146657968,7.22993836574914,1.015204094393));
#15290=CARTESIAN_POINT('Ctrl Pts',(2.77425582101868,7.16064360847914,1.006385792669));
#15291=CARTESIAN_POINT('Ctrl Pts',(2.82775707627768,7.12515970346914,1.001893166742));
#15292=CARTESIAN_POINT('Origin',(6.80011602582908E-13,9.84999999999914,
0.));
#15293=CARTESIAN_POINT('',(2.98807858643368,9.84999999999914,0.2671822623273));
#15294=CARTESIAN_POINT('',(2.55710613767768,9.84999999999914,0.4172627477415));
#15295=CARTESIAN_POINT('',(2.98807858643368,9.84999999999914,0.2671822623273));
#15296=CARTESIAN_POINT('',(2.53114182109768,9.84999999999914,0.5533724618126));
#15297=CARTESIAN_POINT('Origin',(2.58341546941668,9.84999999999914,0.4928128573605));
#15298=CARTESIAN_POINT('',(2.87660155845668,9.84999999999914,0.8515653080588));
#15299=CARTESIAN_POINT('',(2.53114182109768,9.84999999999914,0.5533724618126));
#15300=CARTESIAN_POINT('Origin',(6.80011602582908E-13,9.84999999999914,
0.));
#15301=CARTESIAN_POINT('Origin',(2.85165648715268,7.09999999999914,0.8300333001065));
#15302=CARTESIAN_POINT('',(2.87660155845668,7.12515970346914,0.8515653080588));
#15303=CARTESIAN_POINT('',(2.53114182109768,7.42182393874914,0.5533724618126));
#15304=CARTESIAN_POINT('Ctrl Pts',(2.87660155845668,7.12515970346914,0.8515653080588));
#15305=CARTESIAN_POINT('Ctrl Pts',(2.83604553612968,7.16056791064914,0.8165582886518));
#15306=CARTESIAN_POINT('Ctrl Pts',(2.75638643738568,7.22976292672914,0.7477983991043));
#15307=CARTESIAN_POINT('Ctrl Pts',(2.64128453267868,7.32862710501914,0.6484451001196));
#15308=CARTESIAN_POINT('Ctrl Pts',(2.56738103853568,7.39130419527914,0.5846533151938));
#15309=CARTESIAN_POINT('Ctrl Pts',(2.53114182109768,7.42182393874914,0.5533724618126));
#15310=CARTESIAN_POINT('',(2.87660155845668,9.84999999999914,0.8515653080588));
#15311=CARTESIAN_POINT('',(2.53114182109768,7.42182393874914,0.5533724618126));
#15312=CARTESIAN_POINT('Origin',(2.58341546941668,7.09999999999914,0.4928128573605));
#15313=CARTESIAN_POINT('',(2.55710613767768,7.42182393874914,0.4172627477415));
#15314=CARTESIAN_POINT('',(2.55710613767768,7.42182393874914,0.4172627477415));
#15315=CARTESIAN_POINT('Ctrl Pts',(2.53114182109961,7.42182393875338,0.553372461814488));
#15316=CARTESIAN_POINT('Ctrl Pts',(2.52473743059402,7.42721755288605,0.54784434022266));
#15317=CARTESIAN_POINT('Ctrl Pts',(2.51915563010263,7.43219290945058,0.541209921417083));
#15318=CARTESIAN_POINT('Ctrl Pts',(2.51030995640309,7.44069003361868,0.526457471655367));
#15319=CARTESIAN_POINT('Ctrl Pts',(2.50661018676076,7.44467294861139,0.517322527951436));
#15320=CARTESIAN_POINT('Ctrl Pts',(2.50296153189024,7.45007841507302,0.497791310208937));
#15321=CARTESIAN_POINT('Ctrl Pts',(2.50300599264914,7.45150423028862,0.487397183253817));
#15322=CARTESIAN_POINT('Ctrl Pts',(2.50665898606763,7.45150423028862,0.46824752113346));
#15323=CARTESIAN_POINT('Ctrl Pts',(2.51044398083537,7.45007841507302,0.458566939202272));
#15324=CARTESIAN_POINT('Ctrl Pts',(2.52102633513395,7.44467294861139,0.441750431646644));
#15325=CARTESIAN_POINT('Ctrl Pts',(2.5278290910154,7.44069003361868,0.434618951835436));
#15326=CARTESIAN_POINT('Ctrl Pts',(2.5414843293926,7.43219290945059,0.424158780611594));
#15327=CARTESIAN_POINT('Ctrl Pts',(2.54911644869352,7.42721755288607,0.420045051817704));
#15328=CARTESIAN_POINT('Ctrl Pts',(2.55710613768023,7.4218239387534,0.417262747740582));
#15329=CARTESIAN_POINT('Origin',(2.55710613767768,7.09999999999914,0.4172627477415));
#15330=CARTESIAN_POINT('',(2.98807858643368,7.12515970346914,0.2671822623273));
#15331=CARTESIAN_POINT('',(2.98807858643368,9.84999999999914,0.2671822623273));
#15332=CARTESIAN_POINT('Ctrl Pts',(2.55710613767768,7.42182393874914,0.4172627477415));
#15333=CARTESIAN_POINT('Ctrl Pts',(2.60221192837268,7.39137428913915,0.4015552495431));
#15334=CARTESIAN_POINT('Ctrl Pts',(2.69427122454868,7.32879213504914,0.3694968107798));
#15335=CARTESIAN_POINT('Ctrl Pts',(2.83785332919868,7.22993836574914,0.3194962317987));
#15336=CARTESIAN_POINT('Ctrl Pts',(2.93737544212568,7.16064360847914,0.2848389652831));
#15337=CARTESIAN_POINT('Ctrl Pts',(2.98807858643368,7.12515970346914,0.2671822623273));
#15338=CARTESIAN_POINT('Origin',(6.80011602582908E-13,9.84999999999914,
0.));
#15339=CARTESIAN_POINT('',(2.96064812961868,9.84999999999914,-0.4843166862572));
#15340=CARTESIAN_POINT('',(2.58053897182768,9.84999999999914,-0.2317727656189));
#15341=CARTESIAN_POINT('',(2.96064812961868,9.84999999999914,-0.4843166862572));
#15342=CARTESIAN_POINT('',(2.58923948143268,9.84999999999914,-0.09348212554294));
#15343=CARTESIAN_POINT('Origin',(2.62481029576668,9.84999999999914,-0.1651390663621));
#15344=CARTESIAN_POINT('',(2.99800351117168,9.84999999999914,0.1094301009965));
#15345=CARTESIAN_POINT('',(2.58923948143268,9.84999999999914,-0.09348212554294));
#15346=CARTESIAN_POINT('Origin',(6.80011602582908E-13,9.84999999999914,
0.));
#15347=CARTESIAN_POINT('Origin',(2.58053897182768,7.09999999999914,-0.2317727656189));
#15348=CARTESIAN_POINT('',(2.96064812961868,7.12515970346914,-0.4843166862572));
#15349=CARTESIAN_POINT('',(2.96064812961868,9.84999999999914,-0.4843166862572));
#15350=CARTESIAN_POINT('',(2.58053897182768,7.42182393874914,-0.2317727656189));
#15351=CARTESIAN_POINT('Ctrl Pts',(2.58053897182768,7.42182393874914,-0.2317727656189));
#15352=CARTESIAN_POINT('Ctrl Pts',(2.62032138520868,7.39137428913915,-0.2582041378755));
#15353=CARTESIAN_POINT('Ctrl Pts',(2.70151585979168,7.32879213504914,-0.3121496178123));
#15354=CARTESIAN_POINT('Ctrl Pts',(2.82815243025068,7.22993836574914,-0.3962867540645));
#15355=CARTESIAN_POINT('Ctrl Pts',(2.91592896129168,7.16064360847914,-0.4546053418563));
#15356=CARTESIAN_POINT('Ctrl Pts',(2.96064812961868,7.12515970346914,-0.4843166862572));
#15357=CARTESIAN_POINT('',(2.58053897182768,7.42182393874914,-0.2317727656189));
#15358=CARTESIAN_POINT('Origin',(2.62481029576668,7.09999999999914,-0.1651390663621));
#15359=CARTESIAN_POINT('',(2.58923948143268,7.42182393874914,-0.09348212554294));
#15360=CARTESIAN_POINT('Ctrl Pts',(2.58923948143477,7.42182393875307,-0.093482125541517));
#15361=CARTESIAN_POINT('Ctrl Pts',(2.58166150869872,7.42721755288584,-0.0972438638758555));
#15362=CARTESIAN_POINT('Ctrl Pts',(2.5746051578697,7.43219290945046,-0.102281712880496));
#15363=CARTESIAN_POINT('Ctrl Pts',(2.56236860220874,7.44069003361862,-0.114370857710942));
#15364=CARTESIAN_POINT('Ctrl Pts',(2.55651329951414,7.44467294861133,-0.12229871506554));
#15365=CARTESIAN_POINT('Ctrl Pts',(2.54812205750921,7.45007841507296,-0.140308940119209));
#15366=CARTESIAN_POINT('Ctrl Pts',(2.54558020719196,7.45150423028856,-0.150387573403684));
#15367=CARTESIAN_POINT('Ctrl Pts',(2.54435610779288,7.45150423028856,-0.169844076195825));
#15368=CARTESIAN_POINT('Ctrl Pts',(2.54561472716171,7.45007841507296,-0.180161814766007));
#15369=CARTESIAN_POINT('Ctrl Pts',(2.55168252197389,7.44467294861133,-0.199081725309833));
#15370=CARTESIAN_POINT('Ctrl Pts',(2.55649802986036,7.44069003361862,-0.207680933161466));
#15371=CARTESIAN_POINT('Ctrl Pts',(2.56712292501237,7.4321929094505,-0.221208398562688));
#15372=CARTESIAN_POINT('Ctrl Pts',(2.57349222450145,7.42721755288593,-0.227090917889713));
#15373=CARTESIAN_POINT('Ctrl Pts',(2.5805389718297,7.42182393875322,-0.231772765620558));
#15374=CARTESIAN_POINT('',(2.58923948143268,7.42182393874914,-0.09348212554294));
#15375=CARTESIAN_POINT('Origin',(2.96848734252568,7.09999999999914,0.09477814763653));
#15376=CARTESIAN_POINT('',(2.99800351117168,7.12515970346914,0.1094301009965));
#15377=CARTESIAN_POINT('Ctrl Pts',(2.58923948142978,7.42182393875661,-0.093482125544203));
#15378=CARTESIAN_POINT('Ctrl Pts',(2.77866739672723,7.28699881907431,0.000550708230797226));
#15379=CARTESIAN_POINT('Ctrl Pts',(2.99800351117445,7.12515970347364,0.109430100997608));
#15380=CARTESIAN_POINT('',(2.99800351117168,9.84999999999914,0.1094301009965));
#15381=CARTESIAN_POINT('Origin',(6.80011602582908E-13,7.27575144062914,
0.));
#15382=CARTESIAN_POINT('Origin',(6.80011602582908E-13,7.12515970346914,
0.));
#15383=CARTESIAN_POINT('Origin',(6.80011602582908E-13,7.12515970346914,
0.));
#15384=CARTESIAN_POINT('Origin',(6.80011602582908E-13,7.12515970346914,
0.));
#15385=CARTESIAN_POINT('Origin',(6.80011602582908E-13,7.12515970346914,
0.));
#15386=CARTESIAN_POINT('Origin',(6.80011602582908E-13,7.12515970346914,
0.));
#15387=CARTESIAN_POINT('',(0.29746036370688,7.12515970346914,-2.985216463177));
#15388=CARTESIAN_POINT('Origin',(6.80011602582908E-13,7.12515970346914,
0.));
#15389=CARTESIAN_POINT('',(0.06928203230343,7.42182393874914,-2.59));
#15390=CARTESIAN_POINT('Ctrl Pts',(0.29746036370688,7.12515970346914,-2.985216463177));
#15391=CARTESIAN_POINT('Ctrl Pts',(0.27067285563538,7.16056791064914,-2.938819138189));
#15392=CARTESIAN_POINT('Ctrl Pts',(0.21805751941268,7.22976292672914,-2.847686702594));
#15393=CARTESIAN_POINT('Ctrl Pts',(0.14203198671758,7.32862710501914,-2.716006617294));
#15394=CARTESIAN_POINT('Ctrl Pts',(0.09321826356869,7.39130419527914,-2.631458768693));
#15395=CARTESIAN_POINT('Ctrl Pts',(0.06928203230343,7.42182393874914,-2.59));
#15396=CARTESIAN_POINT('Ctrl Pts',(0.0692820323047308,7.42182393875321,
-2.59000000000224));
#15397=CARTESIAN_POINT('Ctrl Pts',(0.0650518920566774,7.42721755288583,
-2.58267318216893));
#15398=CARTESIAN_POINT('Ctrl Pts',(0.0595809121618369,7.4321929094503,-2.5759470845929));
#15399=CARTESIAN_POINT('Ctrl Pts',(0.0467472828101659,7.44069003361837,
-2.56449375866407));
#15400=CARTESIAN_POINT('Ctrl Pts',(0.038467411772915,7.44467294861108,-2.55914780435387));
#15401=CARTESIAN_POINT('Ctrl Pts',(0.0199658353393586,7.4500784150727,-2.5519039919362));
#15402=CARTESIAN_POINT('Ctrl Pts',(0.00974748583344013,7.4515042302883,
-2.55));
#15403=CARTESIAN_POINT('Ctrl Pts',(-0.00974748583207993,7.4515042302883,
-2.55));
#15404=CARTESIAN_POINT('Ctrl Pts',(-0.0199658353379986,7.4500784150727,
-2.5519039919362));
#15405=CARTESIAN_POINT('Ctrl Pts',(-0.0384674117715547,7.44467294861108,
-2.55914780435387));
#15406=CARTESIAN_POINT('Ctrl Pts',(-0.0467472828088059,7.44069003361837,
-2.56449375866407));
#15407=CARTESIAN_POINT('Ctrl Pts',(-0.0595809121604781,7.43219290945031,
-2.5759470845929));
#15408=CARTESIAN_POINT('Ctrl Pts',(-0.0650518920553181,7.42721755288583,
-2.58267318216893));
#15409=CARTESIAN_POINT('Ctrl Pts',(-0.0692820323033728,7.42182393875321,
-2.59000000000225));
#15410=CARTESIAN_POINT('Origin',(6.80011602582908E-13,7.12515970346914,
0.));
#15411=CARTESIAN_POINT('Origin',(6.80011602582908E-13,7.12515970346914,
0.));
#15412=CARTESIAN_POINT('Origin',(6.80011602582908E-13,7.12515970346914,
0.));
#15413=CARTESIAN_POINT('Origin',(6.80011602582908E-13,7.12515970346914,
0.));
#15414=CARTESIAN_POINT('Origin',(6.80011602582908E-13,7.12515970346914,
0.));
#15415=CARTESIAN_POINT('Origin',(6.80011602582908E-13,7.12515970346914,
0.));
#15416=CARTESIAN_POINT('',(-3.03469298742039,7.10000000000061,-3.71642705344013E-16));
#15417=CARTESIAN_POINT('',(-2.79234742380632,7.27575144062914,-3.4196393346726E-16));
#15418=CARTESIAN_POINT('Origin',(6.80011602582908E-13,7.09999999999914,
0.));
#15419=CARTESIAN_POINT('Origin',(6.80011602582908E-13,7.12515970346914,
0.));
#15420=CARTESIAN_POINT('Origin',(6.80011602582908E-13,7.12515970346914,
0.));
#15421=CARTESIAN_POINT('Origin',(6.80011602582908E-13,7.12515970346914,
0.));
#15422=CARTESIAN_POINT('Origin',(6.80011602582908E-13,7.12515970346914,
0.));
#15423=CARTESIAN_POINT('Origin',(6.80011602582908E-13,7.12515970346914,
0.));
#15424=CARTESIAN_POINT('Origin',(6.80011602582908E-13,7.12515970346914,
0.));
#15425=CARTESIAN_POINT('Origin',(6.80011602582908E-13,7.12515970346914,
0.));
#15426=CARTESIAN_POINT('Origin',(6.80011602582908E-13,7.12515970346914,
0.));
#15427=CARTESIAN_POINT('Origin',(6.80011602582908E-13,7.12515970346914,
0.));
#15428=CARTESIAN_POINT('Origin',(6.80011602582908E-13,7.12515970346914,
0.));
#15429=CARTESIAN_POINT('Origin',(6.80011602582908E-13,7.12515970346914,
0.));
#15430=CARTESIAN_POINT('Origin',(6.80011602582908E-13,7.12515970346914,
0.));
#15431=CARTESIAN_POINT('Origin',(6.80011602582908E-13,7.12515970346914,
0.));
#15432=CARTESIAN_POINT('Origin',(6.80011602582908E-13,7.09999999999914,
-2.63));
#15433=CARTESIAN_POINT('',(0.06928203230343,9.84999999999914,-2.59));
#15434=CARTESIAN_POINT('Origin',(6.80011602582908E-13,9.84999999999914,
-2.63));
#15435=CARTESIAN_POINT('',(0.06928203230343,7.42182393874914,-2.59));
#15436=CARTESIAN_POINT('Origin',(0.28098398706618,7.09999999999914,-2.956678541711));
#15437=CARTESIAN_POINT('',(0.29746036370688,9.84999999999914,-2.985216463177));
#15438=CARTESIAN_POINT('',(0.29746036370688,9.84999999999914,-2.985216463177));
#15439=CARTESIAN_POINT('',(0.06928203230343,9.84999999999914,-2.59));
#15440=CARTESIAN_POINT('Origin',(6.80011602582908E-13,9.84999999999914,
0.));
#15441=CARTESIAN_POINT('',(6.80378996622653E-13,9.84999999999914,-3.));
#15442=CARTESIAN_POINT('Origin',(6.80011602582908E-13,9.84999999999914,
0.));
#15443=CARTESIAN_POINT('Origin',(6.80011602582908E-13,9.84999999999914,
0.));
#15444=CARTESIAN_POINT('Origin',(6.80011602582908E-13,7.09999999999914,
0.));
#15445=CARTESIAN_POINT('',(6.80011602582908E-13,10.8499999999991,-3.));
#15446=CARTESIAN_POINT('Origin',(6.80011602582908E-13,10.8499999999991,
0.));
#15447=CARTESIAN_POINT('',(6.80378996622653E-13,7.09999999999914,-3.));
#15448=CARTESIAN_POINT('Origin',(6.80011602582908E-13,10.8499999999991,
0.));
#15449=CARTESIAN_POINT('',(-1.59999999999932,10.8499999999991,1.95943487863577E-16));
#15450=CARTESIAN_POINT('Origin',(6.80011602582908E-13,10.8499999999991,
0.));
#15451=CARTESIAN_POINT('Origin',(6.80011602582908E-13,12.0999999999991,
0.));
#15452=CARTESIAN_POINT('',(-1.59999999999932,12.0999999999991,1.95943487863577E-16));
#15453=CARTESIAN_POINT('',(-1.59999999999932,12.0999999999991,1.95943487863577E-16));
#15454=CARTESIAN_POINT('Origin',(6.80011602582908E-13,12.0999999999991,
0.));
#15455=CARTESIAN_POINT('Origin',(6.80011602582908E-13,12.0999999999991,
0.));
#15456=CARTESIAN_POINT('Origin',(6.80011602582908E-13,10.0999999999991,
0.));
#15457=CARTESIAN_POINT('Origin',(6.80011602582908E-13,7.09999999999914,
0.));
#15458=CARTESIAN_POINT('',(0.,0.,0.));
#15459=CARTESIAN_POINT('',(0.,0.,0.));
#15460=CARTESIAN_POINT('Origin',(-21.29994815768,27.6035354513739,0.854655869421919));
#15461=CARTESIAN_POINT('',(-21.7999256758564,27.5869914110575,3.90461099937548));
#15462=CARTESIAN_POINT('',(-21.7999256758564,24.5535803214203,0.838111829105509));
#15463=CARTESIAN_POINT('Origin',(-21.7999256758564,27.6035354513739,0.854655869421919));
#15464=CARTESIAN_POINT('',(-20.79995000002,24.0536018327667,0.83539976813373));
#15465=CARTESIAN_POINT('',(-21.29994815768,24.3035962368679,0.836755826608069));
#15466=CARTESIAN_POINT('Origin',(-20.79995000002,27.6035354513739,0.854655869421919));
#15467=CARTESIAN_POINT('Origin',(-21.7999256758564,27.6035354513739,0.854655869421919));
#15468=CARTESIAN_POINT('Origin',(-20.79995000002,33.2909908160969,-4.77143082332236));
#15469=CARTESIAN_POINT('',(-23.79995000002,32.3910040564385,-4.77631267128458));
#15470=CARTESIAN_POINT('Origin',(-23.79995000002,33.2909908160969,-4.77143082332236));
#15471=CARTESIAN_POINT('',(-20.79995000002,32.3910040564385,-4.77631267128458));
#15472=CARTESIAN_POINT('',(-20.79995000002,32.3910040564385,-4.77631267128458));
#15473=CARTESIAN_POINT('Origin',(-20.79995000002,33.2909908160969,-4.77143082332236));
#15474=CARTESIAN_POINT('Origin',(-20.79995000002,33.2296221441181,6.54211123414498));
#15475=CARTESIAN_POINT('',(-23.79995000002,32.3296353844597,6.53722938618276));
#15476=CARTESIAN_POINT('Origin',(-23.79995000002,33.2296221441181,6.54211123414498));
#15477=CARTESIAN_POINT('',(-20.79995000002,32.3296353844597,6.53722938618276));
#15478=CARTESIAN_POINT('',(-20.79995000002,32.3296353844597,6.53722938618276));
#15479=CARTESIAN_POINT('Origin',(-20.79995000002,33.2296221441181,6.54211123414498));
#15480=CARTESIAN_POINT('Origin',(-20.79995000002,21.9774487586296,-4.83279949530115));
#15481=CARTESIAN_POINT('',(-23.79995000002,21.0774619989712,-4.83768134326337));
#15482=CARTESIAN_POINT('Origin',(-23.79995000002,21.9774487586296,-4.83279949530115));
#15483=CARTESIAN_POINT('',(-20.79995000002,21.0774619989712,-4.83768134326337));
#15484=CARTESIAN_POINT('',(-20.79995000002,21.0774619989712,-4.83768134326337));
#15485=CARTESIAN_POINT('Origin',(-20.79995000002,21.9774487586296,-4.83279949530115));
#15486=CARTESIAN_POINT('Origin',(-20.79995000002,21.9160800866508,6.4807425621662));
#15487=CARTESIAN_POINT('',(-23.79995000002,21.0160933269924,6.47586071420398));
#15488=CARTESIAN_POINT('Origin',(-23.79995000002,21.9160800866508,6.4807425621662));
#15489=CARTESIAN_POINT('',(-20.79995000002,21.0160933269924,6.47586071420398));
#15490=CARTESIAN_POINT('',(-20.79995000002,21.0160933269924,6.47586071420398));
#15491=CARTESIAN_POINT('Origin',(-20.79995000002,21.9160800866508,6.4807425621662));
#15492=CARTESIAN_POINT('Origin',(-25.79995000002,27.5601412472652,8.85453817749682));
#15493=CARTESIAN_POINT('',(-20.79995000002,27.555259399303,9.75452493715524));
#15494=CARTESIAN_POINT('Origin',(-20.79995000002,27.5601412472652,8.85453817749682));
#15495=CARTESIAN_POINT('',(-23.79995000002,27.555259399303,9.75452493715524));
#15496=CARTESIAN_POINT('',(-25.79995000002,27.555259399303,9.75452493715524));
#15497=CARTESIAN_POINT('Origin',(-23.79995000002,27.5601412472652,8.85453817749682));
#15498=CARTESIAN_POINT('Origin',(-25.79995000002,27.6469296554825,-7.14522643865298));
#15499=CARTESIAN_POINT('',(-20.79995000002,27.6420478075203,-6.24523967899455));
#15500=CARTESIAN_POINT('Origin',(-20.79995000002,27.6469296554825,-7.14522643865298));
#15501=CARTESIAN_POINT('',(-23.79995000002,27.6420478075203,-6.24523967899455));
#15502=CARTESIAN_POINT('',(-25.79995000002,27.6420478075203,-6.24523967899455));
#15503=CARTESIAN_POINT('Origin',(-23.79995000002,27.6469296554825,-7.14522643865298));
#15504=CARTESIAN_POINT('Origin',(-25.79995000002,35.6034177594488,0.898050073530535));
#15505=CARTESIAN_POINT('',(-20.79995000002,35.5985359114865,1.79803683318896));
#15506=CARTESIAN_POINT('Origin',(-20.79995000002,35.6034177594488,0.898050073530535));
#15507=CARTESIAN_POINT('',(-23.79995000002,35.5985359114865,1.79803683318896));
#15508=CARTESIAN_POINT('',(-25.79995000002,35.5985359114865,1.79803683318896));
#15509=CARTESIAN_POINT('Origin',(-23.79995000002,35.6034177594488,0.898050073530535));
#15510=CARTESIAN_POINT('Origin',(-25.79995000002,19.603653143299,0.811261665313303));
#15511=CARTESIAN_POINT('',(-20.79995000002,19.5987712953367,1.71124842497173));
#15512=CARTESIAN_POINT('Origin',(-20.79995000002,19.603653143299,0.811261665313303));
#15513=CARTESIAN_POINT('',(-23.79995000002,19.5987712953367,1.71124842497173));
#15514=CARTESIAN_POINT('',(-25.79995000002,19.5987712953367,1.71124842497173));
#15515=CARTESIAN_POINT('Origin',(-23.79995000002,19.603653143299,0.811261665313303));
#15516=CARTESIAN_POINT('Origin',(-25.79995000002,27.6035354513739,0.854655869421919));
#15517=CARTESIAN_POINT('',(-23.79995000002,27.5492926962381,10.8545087545155));
#15518=CARTESIAN_POINT('Origin',(-23.79995000002,27.6035354513739,0.854655869421919));
#15519=CARTESIAN_POINT('',(-20.79995000002,27.5492926962381,10.8545087545155));
#15520=CARTESIAN_POINT('',(-25.79995000002,27.5492926962381,10.8545087545155));
#15521=CARTESIAN_POINT('Origin',(-20.79995000002,27.6035354513739,0.854655869421919));
#15522=CARTESIAN_POINT('Origin',(-25.79995000002,27.6035354513739,0.854655869421919));
#15523=CARTESIAN_POINT('',(-25.79995000002,27.6306568289417,-4.14527057312489));
#15524=CARTESIAN_POINT('Origin',(-25.79995000002,27.6035354513739,0.854655869421919));
#15525=CARTESIAN_POINT('',(-23.79995000002,27.6306568289417,-4.14527057312489));
#15526=CARTESIAN_POINT('',(-25.79995000002,27.6306568289417,-4.14527057312489));
#15527=CARTESIAN_POINT('Origin',(-23.79995000002,27.6035354513739,0.854655869421919));
#15528=CARTESIAN_POINT('Origin',(-20.79995000002,27.6035354513739,0.854655869421919));
#15529=CARTESIAN_POINT('',(-25.79995000002,27.5869914110574,3.90461099937548));
#15530=CARTESIAN_POINT('Origin',(-25.79995000002,27.6035354513739,0.854655869421919));
#15531=CARTESIAN_POINT('',(-20.79995000002,27.5869914110575,3.90461099937548));
#15532=CARTESIAN_POINT('Origin',(-25.79995000002,27.6035354513739,0.854655869421919));
#15533=CARTESIAN_POINT('Origin',(-23.79995000002,27.6035354513739,0.854655869421919));
#15534=CARTESIAN_POINT('Origin',(-20.79995000002,27.6035354513739,0.854655869421919));
#15535=CARTESIAN_POINT('',(0.,8.88178419700125E-16,0.));
#15536=CARTESIAN_POINT('',(0.,0.,0.));
#15537=CARTESIAN_POINT('Origin',(-17.3,7.688888888889,-1.4));
#15538=CARTESIAN_POINT('',(-16.6252504735,8.80000000000014,-1.69999999999994));
#15539=CARTESIAN_POINT('',(-17.9747495265001,8.8,-1.69999999999994));
#15540=CARTESIAN_POINT('Origin',(-17.3,7.688888888889,-1.7));
#15541=CARTESIAN_POINT('Ctrl Pts',(-16.6252504734995,8.8,-1.69999999480356));
#15542=CARTESIAN_POINT('Ctrl Pts',(-16.6949577191826,8.8,-1.69999326033799));
#15543=CARTESIAN_POINT('Ctrl Pts',(-16.7782005740843,8.8,-1.69200859695521));
#15544=CARTESIAN_POINT('Ctrl Pts',(-16.988760593957,8.8,-1.66385588670667));
#15545=CARTESIAN_POINT('Ctrl Pts',(-17.1572595643732,8.8,-1.63306863292661));
#15546=CARTESIAN_POINT('Ctrl Pts',(-17.4427404356268,8.8,-1.63306863292661));
#15547=CARTESIAN_POINT('Ctrl Pts',(-17.611239406043,8.8,-1.66385588670667));
#15548=CARTESIAN_POINT('Ctrl Pts',(-17.8217994259158,8.8,-1.69200859695522));
#15549=CARTESIAN_POINT('Ctrl Pts',(-17.9050422808175,8.8,-1.69999326033799));
#15550=CARTESIAN_POINT('Ctrl Pts',(-17.9747495265006,8.8,-1.69999999480356));
#15551=CARTESIAN_POINT('Origin',(-18.8,8.8,-1.7));
#15552=CARTESIAN_POINT('Ctrl Pts',(-17.9747495265001,8.8,-1.69999999999971));
#15553=CARTESIAN_POINT('Ctrl Pts',(-17.3,8.8,-1.34974920218072));
#15554=CARTESIAN_POINT('Ctrl Pts',(-16.6252504735,8.8,-1.69999999999967));
#15555=CARTESIAN_POINT('Origin',(-17.3,7.688888888889,-1.605579419002));
#15556=CARTESIAN_POINT('Origin',(-17.3,-7.688888888889,-1.4));
#15557=CARTESIAN_POINT('',(-17.9747495264999,-8.80000000000014,-1.69999999999994));
#15558=CARTESIAN_POINT('',(-16.6252504734999,-8.8000000000001,-1.69999999999994));
#15559=CARTESIAN_POINT('Ctrl Pts',(-17.9747495265004,-8.8,-1.69999999480356));
#15560=CARTESIAN_POINT('Ctrl Pts',(-17.9050422808174,-8.8,-1.69999326033799));
#15561=CARTESIAN_POINT('Ctrl Pts',(-17.8217994259157,-8.8,-1.69200859695521));
#15562=CARTESIAN_POINT('Ctrl Pts',(-17.611239406043,-8.8,-1.66385588670667));
#15563=CARTESIAN_POINT('Ctrl Pts',(-17.4427404356268,-8.8,-1.63306863292661));
#15564=CARTESIAN_POINT('Ctrl Pts',(-17.1572595643732,-8.8,-1.63306863292661));
#15565=CARTESIAN_POINT('Ctrl Pts',(-16.988760593957,-8.8,-1.66385588670667));
#15566=CARTESIAN_POINT('Ctrl Pts',(-16.7782005740843,-8.8,-1.69200859695522));
#15567=CARTESIAN_POINT('Ctrl Pts',(-16.6949577191825,-8.8,-1.69999326033799));
#15568=CARTESIAN_POINT('Ctrl Pts',(-16.6252504734994,-8.8,-1.69999999480356));
#15569=CARTESIAN_POINT('Origin',(-17.2999999999999,-7.68888888888964,-1.69999999999933));
#15570=CARTESIAN_POINT('Origin',(18.8,-8.8,-1.7));
#15571=CARTESIAN_POINT('Ctrl Pts',(-17.9747495265,-8.8,-1.69999999999967));
#15572=CARTESIAN_POINT('Ctrl Pts',(-17.3,-8.8,-1.34974920218072));
#15573=CARTESIAN_POINT('Ctrl Pts',(-16.6252504734999,-8.8,-1.69999999999971));
#15574=CARTESIAN_POINT('Origin',(-17.3,-7.688888888889,-1.605579419002));
#15575=CARTESIAN_POINT('Origin',(17.3,-7.688888888889,-1.4));
#15576=CARTESIAN_POINT('',(16.6252504735,-8.80000000000014,-1.69999999999994));
#15577=CARTESIAN_POINT('',(17.9747495265001,-8.8,-1.69999999999994));
#15578=CARTESIAN_POINT('Origin',(17.3,-7.68888888889013,-1.69999999999884));
#15579=CARTESIAN_POINT('Ctrl Pts',(16.6252504734995,-8.8,-1.69999999480356));
#15580=CARTESIAN_POINT('Ctrl Pts',(16.6949577191826,-8.8,-1.69999326033799));
#15581=CARTESIAN_POINT('Ctrl Pts',(16.7782005740843,-8.8,-1.69200859695521));
#15582=CARTESIAN_POINT('Ctrl Pts',(16.988760593957,-8.8,-1.66385588670667));
#15583=CARTESIAN_POINT('Ctrl Pts',(17.1572595643732,-8.8,-1.63306863292661));
#15584=CARTESIAN_POINT('Ctrl Pts',(17.4427404356268,-8.8,-1.63306863292661));
#15585=CARTESIAN_POINT('Ctrl Pts',(17.611239406043,-8.8,-1.66385588670667));
#15586=CARTESIAN_POINT('Ctrl Pts',(17.8217994259158,-8.8,-1.69200859695522));
#15587=CARTESIAN_POINT('Ctrl Pts',(17.9050422808175,-8.8,-1.69999326033799));
#15588=CARTESIAN_POINT('Ctrl Pts',(17.9747495265006,-8.8,-1.69999999480356));
#15589=CARTESIAN_POINT('Origin',(18.8,-8.8,-1.7));
#15590=CARTESIAN_POINT('Ctrl Pts',(16.6252504735,-8.8,-1.69999999999967));
#15591=CARTESIAN_POINT('Ctrl Pts',(17.3,-8.8,-1.34974920218072));
#15592=CARTESIAN_POINT('Ctrl Pts',(17.9747495265001,-8.8,-1.69999999999971));
#15593=CARTESIAN_POINT('Origin',(17.3,-7.688888888889,-1.605579419002));
#15594=CARTESIAN_POINT('Origin',(18.15,7.138888888889,-3.2));
#15595=CARTESIAN_POINT('',(17.1973720558371,6.588888888889,-3.1));
#15596=CARTESIAN_POINT('',(17.1973720558371,6.588888888889,-2.35));
#15597=CARTESIAN_POINT('',(17.1973720558371,6.588888888889,-3.1));
#15598=CARTESIAN_POINT('',(18.15,7.138888888889,-2.35));
#15599=CARTESIAN_POINT('',(18.15,7.138888888889,-2.35));
#15600=CARTESIAN_POINT('',(18.15,7.138888888889,-3.1));
#15601=CARTESIAN_POINT('',(18.15,7.138888888889,-3.1));
#15602=CARTESIAN_POINT('',(17.1973720558371,6.588888888889,-3.1));
#15603=CARTESIAN_POINT('Origin',(17.1973720558371,6.588888888889,-3.2));
#15604=CARTESIAN_POINT('',(16.244744111674,7.138888888889,-3.1));
#15605=CARTESIAN_POINT('',(16.244744111674,7.138888888889,-2.35));
#15606=CARTESIAN_POINT('',(16.244744111674,7.138888888889,-3.1));
#15607=CARTESIAN_POINT('',(17.1973720558371,6.588888888889,-2.35));
#15608=CARTESIAN_POINT('',(16.244744111674,7.138888888889,-3.1));
#15609=CARTESIAN_POINT('Origin',(16.244744111674,7.138888888889,-3.2));
#15610=CARTESIAN_POINT('',(16.244744111674,8.238888888889,-3.1));
#15611=CARTESIAN_POINT('',(16.244744111674,8.238888888889,-2.35));
#15612=CARTESIAN_POINT('',(16.244744111674,8.238888888889,-3.1));
#15613=CARTESIAN_POINT('',(16.244744111674,7.138888888889,-2.35));
#15614=CARTESIAN_POINT('',(16.244744111674,8.238888888889,-3.1));
#15615=CARTESIAN_POINT('Origin',(17.3,7.688888888889,-2.35));
#15616=CARTESIAN_POINT('',(17.1973720558371,8.788888888889,-2.35));
#15617=CARTESIAN_POINT('',(16.244744111674,8.238888888889,-2.35));
#15618=CARTESIAN_POINT('',(18.15,8.238888888889,-2.35));
#15619=CARTESIAN_POINT('',(17.1973720558371,8.788888888889,-2.35));
#15620=CARTESIAN_POINT('',(18.15,8.238888888889,-2.35));
#15621=CARTESIAN_POINT('Origin',(18.15,8.238888888889,-3.2));
#15622=CARTESIAN_POINT('',(18.15,8.238888888889,-3.1));
#15623=CARTESIAN_POINT('',(18.15,8.238888888889,-3.1));
#15624=CARTESIAN_POINT('',(18.15,7.138888888889,-3.1));
#15625=CARTESIAN_POINT('Origin',(18.2,7.688888888889,-3.15));
#15626=CARTESIAN_POINT('',(18.25,8.296623915808,-3.2));
#15627=CARTESIAN_POINT('',(18.15,8.238888888889,-3.1));
#15628=CARTESIAN_POINT('',(18.25,7.08115386197,-3.2));
#15629=CARTESIAN_POINT('',(18.25,7.08115386197,-3.2));
#15630=CARTESIAN_POINT('',(18.15,7.138888888889,-3.1));
#15631=CARTESIAN_POINT('Origin',(17.6986860279186,6.8205876186998,-3.15));
#15632=CARTESIAN_POINT('',(17.1973720558371,6.473418835051,-3.2));
#15633=CARTESIAN_POINT('',(17.1973720558371,6.588888888889,-3.1));
#15634=CARTESIAN_POINT('',(17.1973720558371,6.473418835051,-3.2));
#15635=CARTESIAN_POINT('Origin',(16.6960580837557,6.8205876186998,-3.15));
#15636=CARTESIAN_POINT('',(16.144744111674,7.08115386197,-3.2));
#15637=CARTESIAN_POINT('',(16.244744111674,7.138888888889,-3.1));
#15638=CARTESIAN_POINT('',(16.144744111674,7.08115386197,-3.2));
#15639=CARTESIAN_POINT('Origin',(16.194744111674,7.688888888889,-3.15));
#15640=CARTESIAN_POINT('',(16.144744111674,8.296623915808,-3.2));
#15641=CARTESIAN_POINT('',(16.244744111674,8.238888888889,-3.1));
#15642=CARTESIAN_POINT('',(16.144744111674,8.296623915808,-3.2));
#15643=CARTESIAN_POINT('Origin',(16.6960580837557,8.5571901590782,-3.15));
#15644=CARTESIAN_POINT('',(17.1973720558371,8.788888888889,-3.1));
#15645=CARTESIAN_POINT('',(17.1973720558371,8.904358942727,-3.2));
#15646=CARTESIAN_POINT('',(17.1973720558371,8.788888888889,-3.1));
#15647=CARTESIAN_POINT('',(17.1973720558371,8.788888888889,-3.1));
#15648=CARTESIAN_POINT('',(17.1973720558371,8.904358942727,-3.2));
#15649=CARTESIAN_POINT('Origin',(16.244744111674,8.238888888889,-3.2));
#15650=CARTESIAN_POINT('',(17.1973720558371,8.788888888889,-3.1));
#15651=CARTESIAN_POINT('Origin',(17.1973720558371,8.788888888889,-3.2));
#15652=CARTESIAN_POINT('',(18.15,8.238888888889,-3.1));
#15653=CARTESIAN_POINT('Origin',(17.6986860279186,8.5571901590782,-3.15));
#15654=CARTESIAN_POINT('',(18.25,8.296623915808,-3.2));
#15655=CARTESIAN_POINT('Origin',(17.3,7.688888888889,-3.2));
#15656=CARTESIAN_POINT('',(19.0492478780681,7.74019055625329,-2.9));
#15657=CARTESIAN_POINT('',(15.55,7.688888888889,-2.9));
#15658=CARTESIAN_POINT('Origin',(17.3,7.688888888889,-2.9));
#15659=CARTESIAN_POINT('Origin',(17.3,7.688888888889,-2.9));
#15660=CARTESIAN_POINT('',(15.55,7.688888888889,-1.7));
#15661=CARTESIAN_POINT('',(15.55,7.688888888889,-3.2));
#15662=CARTESIAN_POINT('Origin',(17.3,7.688888888889,-1.7));
#15663=CARTESIAN_POINT('Origin',(17.3,7.688888888889,-2.9));
#15664=CARTESIAN_POINT('',(18.7493768132564,7.73139598470513,-3.2));
#15665=CARTESIAN_POINT('Origin',(17.3,7.688888888889,-3.2));
#15666=CARTESIAN_POINT('Origin',(18.7493768132564,7.73139598470513,-2.9));
#15667=CARTESIAN_POINT('Origin',(17.3,7.688888888889,-3.2));
#15668=CARTESIAN_POINT('Origin',(-16.45,7.138888888889,-3.2));
#15669=CARTESIAN_POINT('',(-17.4026279441629,6.588888888889,-3.1));
#15670=CARTESIAN_POINT('',(-17.4026279441629,6.588888888889,-2.35));
#15671=CARTESIAN_POINT('',(-17.4026279441629,6.588888888889,-3.1));
#15672=CARTESIAN_POINT('',(-16.45,7.138888888889,-2.35));
#15673=CARTESIAN_POINT('',(-16.45,7.138888888889,-2.35));
#15674=CARTESIAN_POINT('',(-16.45,7.138888888889,-3.1));
#15675=CARTESIAN_POINT('',(-16.45,7.138888888889,-3.1));
#15676=CARTESIAN_POINT('',(-17.4026279441629,6.588888888889,-3.1));
#15677=CARTESIAN_POINT('Origin',(-17.4026279441629,6.588888888889,-3.2));
#15678=CARTESIAN_POINT('',(-18.355255888326,7.138888888889,-3.1));
#15679=CARTESIAN_POINT('',(-18.355255888326,7.138888888889,-2.35));
#15680=CARTESIAN_POINT('',(-18.355255888326,7.138888888889,-3.1));
#15681=CARTESIAN_POINT('',(-17.4026279441629,6.588888888889,-2.35));
#15682=CARTESIAN_POINT('',(-18.355255888326,7.138888888889,-3.1));
#15683=CARTESIAN_POINT('Origin',(-18.355255888326,7.138888888889,-3.2));
#15684=CARTESIAN_POINT('',(-18.355255888326,8.238888888889,-3.1));
#15685=CARTESIAN_POINT('',(-18.355255888326,8.238888888889,-2.35));
#15686=CARTESIAN_POINT('',(-18.355255888326,8.238888888889,-3.1));
#15687=CARTESIAN_POINT('',(-18.355255888326,7.138888888889,-2.35));
#15688=CARTESIAN_POINT('',(-18.355255888326,8.238888888889,-3.1));
#15689=CARTESIAN_POINT('Origin',(-17.3,7.688888888889,-2.35));
#15690=CARTESIAN_POINT('',(-17.4026279441629,8.788888888889,-2.35));
#15691=CARTESIAN_POINT('',(-18.355255888326,8.238888888889,-2.35));
#15692=CARTESIAN_POINT('',(-16.45,8.238888888889,-2.35));
#15693=CARTESIAN_POINT('',(-17.4026279441629,8.788888888889,-2.35));
#15694=CARTESIAN_POINT('',(-16.45,8.238888888889,-2.35));
#15695=CARTESIAN_POINT('Origin',(-16.45,8.238888888889,-3.2));
#15696=CARTESIAN_POINT('',(-16.45,8.238888888889,-3.1));
#15697=CARTESIAN_POINT('',(-16.45,8.238888888889,-3.1));
#15698=CARTESIAN_POINT('',(-16.45,7.138888888889,-3.1));
#15699=CARTESIAN_POINT('Origin',(-16.4,7.688888888889,-3.15));
#15700=CARTESIAN_POINT('',(-16.35,8.296623915808,-3.2));
#15701=CARTESIAN_POINT('',(-16.45,8.238888888889,-3.1));
#15702=CARTESIAN_POINT('',(-16.35,7.08115386197,-3.2));
#15703=CARTESIAN_POINT('',(-16.35,7.08115386197,-3.2));
#15704=CARTESIAN_POINT('',(-16.45,7.138888888889,-3.1));
#15705=CARTESIAN_POINT('Origin',(-16.9013139720814,6.8205876186998,-3.15));
#15706=CARTESIAN_POINT('',(-17.4026279441629,6.473418835051,-3.2));
#15707=CARTESIAN_POINT('',(-17.4026279441629,6.588888888889,-3.1));
#15708=CARTESIAN_POINT('',(-17.4026279441629,6.473418835051,-3.2));
#15709=CARTESIAN_POINT('Origin',(-17.9039419162443,6.8205876186998,-3.15));
#15710=CARTESIAN_POINT('',(-18.455255888326,7.08115386197,-3.2));
#15711=CARTESIAN_POINT('',(-18.355255888326,7.138888888889,-3.1));
#15712=CARTESIAN_POINT('',(-18.455255888326,7.08115386197,-3.2));
#15713=CARTESIAN_POINT('Origin',(-18.405255888326,7.688888888889,-3.15));
#15714=CARTESIAN_POINT('',(-18.455255888326,8.296623915808,-3.2));
#15715=CARTESIAN_POINT('',(-18.355255888326,8.238888888889,-3.1));
#15716=CARTESIAN_POINT('',(-18.455255888326,8.296623915808,-3.2));
#15717=CARTESIAN_POINT('Origin',(-17.9039419162443,8.5571901590782,-3.15));
#15718=CARTESIAN_POINT('',(-17.4026279441629,8.788888888889,-3.1));
#15719=CARTESIAN_POINT('',(-17.4026279441629,8.904358942727,-3.2));
#15720=CARTESIAN_POINT('',(-17.4026279441629,8.788888888889,-3.1));
#15721=CARTESIAN_POINT('',(-17.4026279441629,8.788888888889,-3.1));
#15722=CARTESIAN_POINT('',(-17.4026279441629,8.904358942727,-3.2));
#15723=CARTESIAN_POINT('Origin',(-18.355255888326,8.238888888889,-3.2));
#15724=CARTESIAN_POINT('',(-17.4026279441629,8.788888888889,-3.1));
#15725=CARTESIAN_POINT('Origin',(-17.4026279441629,8.788888888889,-3.2));
#15726=CARTESIAN_POINT('',(-16.45,8.238888888889,-3.1));
#15727=CARTESIAN_POINT('Origin',(-16.9013139720814,8.5571901590782,-3.15));
#15728=CARTESIAN_POINT('',(-16.35,8.296623915808,-3.2));
#15729=CARTESIAN_POINT('Origin',(-17.3,7.688888888889,-3.2));
#15730=CARTESIAN_POINT('',(-15.5507521219319,7.74019055625329,-2.9));
#15731=CARTESIAN_POINT('',(-19.05,7.688888888889,-2.9));
#15732=CARTESIAN_POINT('Origin',(-17.3,7.688888888889,-2.9));
#15733=CARTESIAN_POINT('Origin',(-17.3,7.688888888889,-2.9));
#15734=CARTESIAN_POINT('',(-19.05,7.688888888889,-1.7));
#15735=CARTESIAN_POINT('',(-19.05,7.688888888889,-3.2));
#15736=CARTESIAN_POINT('Origin',(-17.3,7.688888888889,-1.7));
#15737=CARTESIAN_POINT('Origin',(-17.3,7.688888888889,-2.9));
#15738=CARTESIAN_POINT('',(-15.8506231867436,7.73139598470513,-3.2));
#15739=CARTESIAN_POINT('Origin',(-17.3,7.688888888889,-3.2));
#15740=CARTESIAN_POINT('Origin',(-15.8506231867436,7.73139598470513,-2.9));
#15741=CARTESIAN_POINT('Origin',(-17.3,7.688888888889,-3.2));
#15742=CARTESIAN_POINT('Origin',(-2.575,11.,1.9));
#15743=CARTESIAN_POINT('',(-14.8167466736676,9.04996531317136,1.90000130327022));
#15744=CARTESIAN_POINT('',(-14.3237305718848,9.25,1.9));
#15745=CARTESIAN_POINT('Origin',(-13.61674745346,6.8,1.9));
#15746=CARTESIAN_POINT('',(14.3237333675433,9.25,1.9));
#15747=CARTESIAN_POINT('',(-18.66617192326,9.25,1.9));
#15748=CARTESIAN_POINT('',(14.8167466912954,9.04996609727931,1.90000127380841));
#15749=CARTESIAN_POINT('Origin',(13.61674745346,6.8,1.9));
#15750=CARTESIAN_POINT('',(14.81674745346,8.8,1.9));
#15751=CARTESIAN_POINT('',(14.81674745346,9.7,1.9));
#15752=CARTESIAN_POINT('',(-14.8167474534599,8.79999999999987,1.9));
#15753=CARTESIAN_POINT('',(-10.6875,8.8,1.9));
#15754=CARTESIAN_POINT('',(-14.81674745346,11.180270521895,1.9));
#15755=CARTESIAN_POINT('Origin',(-2.575,11.,1.9));
#15756=CARTESIAN_POINT('',(-14.3237333675433,-9.25,1.9));
#15757=CARTESIAN_POINT('',(-14.8167466912954,-9.04996609727931,1.90000127380841));
#15758=CARTESIAN_POINT('Origin',(-13.61674745346,-6.8,1.9));
#15759=CARTESIAN_POINT('',(-14.81674745346,-8.8,1.9));
#15760=CARTESIAN_POINT('',(-14.81674745346,1.3,1.9));
#15761=CARTESIAN_POINT('',(14.81674745346,-8.8,1.9));
#15762=CARTESIAN_POINT('',(8.1125,-8.8,1.9));
#15763=CARTESIAN_POINT('',(14.8167466736676,-9.04996531317136,1.90000130327022));
#15764=CARTESIAN_POINT('',(14.81674745346,0.148037900305001,1.9));
#15765=CARTESIAN_POINT('',(14.3237305718848,-9.25,1.9));
#15766=CARTESIAN_POINT('Origin',(13.61674745346,-6.8,1.9));
#15767=CARTESIAN_POINT('',(18.66617192326,-9.25,1.9));
#15768=CARTESIAN_POINT('Origin',(-17.5,-7.75,2.099992698008));
#15769=CARTESIAN_POINT('',(-17.4999670639248,-9.25000049649802,2.29999453503163));
#15770=CARTESIAN_POINT('',(-17.5,-9.25,2.29999105697194));
#15771=CARTESIAN_POINT('Ctrl Pts',(-17.4999670641755,-9.25,2.29999105661035));
#15772=CARTESIAN_POINT('Ctrl Pts',(-17.4999835332954,-9.25,2.29999105697191));
#15773=CARTESIAN_POINT('Ctrl Pts',(-17.5,-9.25,2.29999105697194));
#15774=CARTESIAN_POINT('',(-17.4999999882701,-9.64999457072687,1.89999985499808));
#15775=CARTESIAN_POINT('',(-17.49999998827,-9.649998111051,1.899998113015));
#15776=CARTESIAN_POINT('',(-18.66617192326,-9.25,1.9));
#15777=CARTESIAN_POINT('Origin',(-17.5,-7.75,1.9));
#15778=CARTESIAN_POINT('Ctrl Pts',(-17.5,-9.25,2.29999105697194));
#15779=CARTESIAN_POINT('Ctrl Pts',(-18.014489327326,-9.25,2.29999105697194));
#15780=CARTESIAN_POINT('Ctrl Pts',(-18.6661719232611,-9.25,1.9000000000018));
#15781=CARTESIAN_POINT('Origin',(7.25,-9.45,2.1));
#15782=CARTESIAN_POINT('',(17.5000000008543,-9.6499946511711,1.90000031426344));
#15783=CARTESIAN_POINT('',(17.4999670705338,-9.25000049663781,2.29999453489174));
#15784=CARTESIAN_POINT('',(17.50000000107,-9.649998110931,1.899998113135));
#15785=CARTESIAN_POINT('',(-2.9,-9.65,1.9));
#15786=CARTESIAN_POINT('',(-7.375,-9.65,1.9));
#15787=CARTESIAN_POINT('',(-2.9,-9.25,2.3));
#15788=CARTESIAN_POINT('',(-2.9,-9.25,2.3));
#15789=CARTESIAN_POINT('',(14.81674745346,-9.25,2.29999741108455));
#15790=CARTESIAN_POINT('',(-2.9,-9.25,2.3));
#15791=CARTESIAN_POINT('',(12.375,-9.25,2.3));
#15792=CARTESIAN_POINT('Origin',(-15.25,9.45,2.1));
#15793=CARTESIAN_POINT('',(-17.5000000008526,9.64999546989348,1.90000075417777));
#15794=CARTESIAN_POINT('',(-17.4999670705734,9.25000149022805,2.29999552875954));
#15795=CARTESIAN_POINT('',(-17.50000000107,9.649998110931,1.899998113135));
#15796=CARTESIAN_POINT('',(-13.1,9.65,1.9));
#15797=CARTESIAN_POINT('',(-18.625,9.65,1.9));
#15798=CARTESIAN_POINT('',(-13.1,9.25,2.3));
#15799=CARTESIAN_POINT('',(-13.1,9.25,2.3));
#15800=CARTESIAN_POINT('',(-14.81674745346,9.25,2.29999883689125));
#15801=CARTESIAN_POINT('',(-13.1,9.25,2.3));
#15802=CARTESIAN_POINT('',(1.125,9.25,2.3));
#15803=CARTESIAN_POINT('Origin',(-0.85,10.08,7.6));
#15804=CARTESIAN_POINT('',(-13.1,9.25,7.6));
#15805=CARTESIAN_POINT('',(-13.1,10.,7.6));
#15806=CARTESIAN_POINT('',(-13.1,9.25,7.6));
#15807=CARTESIAN_POINT('',(-2.9,10.,7.6));
#15808=CARTESIAN_POINT('',(-2.9,10.,7.6));
#15809=CARTESIAN_POINT('',(-2.9,9.25,7.6));
#15810=CARTESIAN_POINT('',(-2.9,9.25,7.6));
#15811=CARTESIAN_POINT('',(-2.9,9.25,7.6));
#15812=CARTESIAN_POINT('Origin',(0.,0.,10.9));
#15813=CARTESIAN_POINT('',(-19.2,10.,10.9));
#15814=CARTESIAN_POINT('',(-20.,9.2,10.9));
#15815=CARTESIAN_POINT('',(-19.2,10.,10.9));
#15816=CARTESIAN_POINT('',(-20.,-9.2,10.9));
#15817=CARTESIAN_POINT('',(-20.,9.2,10.9));
#15818=CARTESIAN_POINT('',(-19.2,-10.,10.9));
#15819=CARTESIAN_POINT('',(-19.2,-10.,10.9));
#15820=CARTESIAN_POINT('',(19.2,-10.,10.9));
#15821=CARTESIAN_POINT('',(-19.2,-10.,10.9));
#15822=CARTESIAN_POINT('',(20.,-9.2,10.9));
#15823=CARTESIAN_POINT('',(19.2,-10.,10.9));
#15824=CARTESIAN_POINT('',(20.,9.2,10.9));
#15825=CARTESIAN_POINT('',(20.,9.2,10.9));
#15826=CARTESIAN_POINT('',(19.2,10.,10.9));
#15827=CARTESIAN_POINT('',(19.2,10.,10.9));
#15828=CARTESIAN_POINT('',(19.2,10.,10.9));
#15829=CARTESIAN_POINT('',(19.8,9.117157287525,10.9));
#15830=CARTESIAN_POINT('',(19.8,-9.117157287525,10.9));
#15831=CARTESIAN_POINT('',(19.8,9.117157287525,10.9));
#15832=CARTESIAN_POINT('',(19.11715728753,-9.8,10.9));
#15833=CARTESIAN_POINT('',(19.8,-9.117157287525,10.9));
#15834=CARTESIAN_POINT('',(-19.11715728753,-9.8,10.9));
#15835=CARTESIAN_POINT('',(19.11715728753,-9.8,10.9));
#15836=CARTESIAN_POINT('',(-19.8,-9.117157287525,10.9));
#15837=CARTESIAN_POINT('',(-19.11715728753,-9.8,10.9));
#15838=CARTESIAN_POINT('',(-19.8,9.117157287525,10.9));
#15839=CARTESIAN_POINT('',(-19.8,-9.117157287525,10.9));
#15840=CARTESIAN_POINT('',(-19.11715728753,9.8,10.9));
#15841=CARTESIAN_POINT('',(-19.8,9.117157287525,10.9));
#15842=CARTESIAN_POINT('',(19.11715728753,9.8,10.9));
#15843=CARTESIAN_POINT('',(-19.11715728753,9.8,10.9));
#15844=CARTESIAN_POINT('',(19.11715728753,9.8,10.9));
#15845=CARTESIAN_POINT('Origin',(19.8,9.117157287525,11.7));
#15846=CARTESIAN_POINT('',(19.8,-9.117157287525,11.7));
#15847=CARTESIAN_POINT('',(19.8,-9.117157287525,11.7));
#15848=CARTESIAN_POINT('',(19.8,9.117157287525,11.7));
#15849=CARTESIAN_POINT('',(19.8,9.117157287525,11.7));
#15850=CARTESIAN_POINT('',(19.8,9.117157287525,11.7));
#15851=CARTESIAN_POINT('Origin',(19.8,-9.117157287525,11.7));
#15852=CARTESIAN_POINT('',(19.11715728753,-9.8,11.7));
#15853=CARTESIAN_POINT('',(19.11715728753,-9.8,11.7));
#15854=CARTESIAN_POINT('',(19.8,-9.117157287525,11.7));
#15855=CARTESIAN_POINT('Origin',(19.11715728753,-9.8,11.7));
#15856=CARTESIAN_POINT('',(-19.11715728753,-9.8,11.7));
#15857=CARTESIAN_POINT('',(-19.11715728753,-9.8,11.7));
#15858=CARTESIAN_POINT('',(19.11715728753,-9.8,11.7));
#15859=CARTESIAN_POINT('Origin',(-19.11715728753,-9.8,11.7));
#15860=CARTESIAN_POINT('',(-19.8,-9.117157287525,11.7));
#15861=CARTESIAN_POINT('',(-19.8,-9.117157287525,11.7));
#15862=CARTESIAN_POINT('',(-19.11715728753,-9.8,11.7));
#15863=CARTESIAN_POINT('Origin',(-19.8,-9.117157287525,11.7));
#15864=CARTESIAN_POINT('',(-19.8,9.117157287525,11.7));
#15865=CARTESIAN_POINT('',(-19.8,9.117157287525,11.7));
#15866=CARTESIAN_POINT('',(-19.8,-9.117157287525,11.7));
#15867=CARTESIAN_POINT('Origin',(-19.8,9.117157287525,11.7));
#15868=CARTESIAN_POINT('',(-19.11715728753,9.8,11.7));
#15869=CARTESIAN_POINT('',(-19.11715728753,9.8,11.7));
#15870=CARTESIAN_POINT('',(-19.8,9.117157287525,11.7));
#15871=CARTESIAN_POINT('Origin',(-19.11715728753,9.8,11.7));
#15872=CARTESIAN_POINT('',(19.11715728753,9.8,11.7));
#15873=CARTESIAN_POINT('',(19.11715728753,9.8,11.7));
#15874=CARTESIAN_POINT('',(-19.11715728753,9.8,11.7));
#15875=CARTESIAN_POINT('Origin',(19.11715728753,9.8,11.7));
#15876=CARTESIAN_POINT('',(19.11715728753,9.8,11.7));
#15877=CARTESIAN_POINT('Origin',(0.,0.,11.7));
#15878=CARTESIAN_POINT('',(19.2,10.,11.7));
#15879=CARTESIAN_POINT('',(20.,9.2,11.7));
#15880=CARTESIAN_POINT('',(19.2,10.,11.7));
#15881=CARTESIAN_POINT('',(20.,-9.2,11.7));
#15882=CARTESIAN_POINT('',(20.,9.2,11.7));
#15883=CARTESIAN_POINT('',(19.2,-10.,11.7));
#15884=CARTESIAN_POINT('',(19.2,-10.,11.7));
#15885=CARTESIAN_POINT('',(-19.2,-10.,11.7));
#15886=CARTESIAN_POINT('',(-19.2,-10.,11.7));
#15887=CARTESIAN_POINT('',(-20.,-9.2,11.7));
#15888=CARTESIAN_POINT('',(-19.2,-10.,11.7));
#15889=CARTESIAN_POINT('',(-20.,9.2,11.7));
#15890=CARTESIAN_POINT('',(-20.,9.2,11.7));
#15891=CARTESIAN_POINT('',(-19.2,10.,11.7));
#15892=CARTESIAN_POINT('',(-19.2,10.,11.7));
#15893=CARTESIAN_POINT('',(19.2,10.,11.7));
#15894=CARTESIAN_POINT('Origin',(0.,0.,13.4));
#15895=CARTESIAN_POINT('',(-19.2,10.,13.4));
#15896=CARTESIAN_POINT('',(-20.,9.2,13.4));
#15897=CARTESIAN_POINT('',(-19.2,10.,13.4));
#15898=CARTESIAN_POINT('',(-20.,-9.2,13.4));
#15899=CARTESIAN_POINT('',(-20.,9.2,13.4));
#15900=CARTESIAN_POINT('',(-19.2,-10.,13.4));
#15901=CARTESIAN_POINT('',(-19.2,-10.,13.4));
#15902=CARTESIAN_POINT('',(19.2,-10.,13.4));
#15903=CARTESIAN_POINT('',(-19.2,-10.,13.4));
#15904=CARTESIAN_POINT('',(20.,-9.2,13.4));
#15905=CARTESIAN_POINT('',(19.2,-10.,13.4));
#15906=CARTESIAN_POINT('',(20.,9.2,13.4));
#15907=CARTESIAN_POINT('',(20.,9.2,13.4));
#15908=CARTESIAN_POINT('',(19.2,10.,13.4));
#15909=CARTESIAN_POINT('',(19.2,10.,13.4));
#15910=CARTESIAN_POINT('',(19.2,10.,13.4));
#15911=CARTESIAN_POINT('',(19.8,9.117157287525,13.4));
#15912=CARTESIAN_POINT('',(19.8,-9.117157287525,13.4));
#15913=CARTESIAN_POINT('',(19.8,9.117157287525,13.4));
#15914=CARTESIAN_POINT('',(19.11715728753,-9.8,13.4));
#15915=CARTESIAN_POINT('',(19.8,-9.117157287525,13.4));
#15916=CARTESIAN_POINT('',(-19.11715728753,-9.8,13.4));
#15917=CARTESIAN_POINT('',(19.11715728753,-9.8,13.4));
#15918=CARTESIAN_POINT('',(-19.8,-9.117157287525,13.4));
#15919=CARTESIAN_POINT('',(-19.11715728753,-9.8,13.4));
#15920=CARTESIAN_POINT('',(-19.8,9.117157287525,13.4));
#15921=CARTESIAN_POINT('',(-19.8,-9.117157287525,13.4));
#15922=CARTESIAN_POINT('',(-19.11715728753,9.8,13.4));
#15923=CARTESIAN_POINT('',(-19.8,9.117157287525,13.4));
#15924=CARTESIAN_POINT('',(19.11715728753,9.8,13.4));
#15925=CARTESIAN_POINT('',(-19.11715728753,9.8,13.4));
#15926=CARTESIAN_POINT('',(19.11715728753,9.8,13.4));
#15927=CARTESIAN_POINT('Origin',(19.8,9.117157287525,14.2));
#15928=CARTESIAN_POINT('',(19.8,-9.117157287525,14.2));
#15929=CARTESIAN_POINT('',(19.8,-9.117157287525,14.2));
#15930=CARTESIAN_POINT('',(19.8,9.117157287525,14.2));
#15931=CARTESIAN_POINT('',(19.8,9.117157287525,14.2));
#15932=CARTESIAN_POINT('',(19.8,9.117157287525,14.2));
#15933=CARTESIAN_POINT('Origin',(19.8,-9.117157287525,14.2));
#15934=CARTESIAN_POINT('',(19.11715728753,-9.8,14.2));
#15935=CARTESIAN_POINT('',(19.11715728753,-9.8,14.2));
#15936=CARTESIAN_POINT('',(19.8,-9.117157287525,14.2));
#15937=CARTESIAN_POINT('Origin',(19.11715728753,-9.8,14.2));
#15938=CARTESIAN_POINT('',(-19.11715728753,-9.8,14.2));
#15939=CARTESIAN_POINT('',(-19.11715728753,-9.8,14.2));
#15940=CARTESIAN_POINT('',(19.11715728753,-9.8,14.2));
#15941=CARTESIAN_POINT('Origin',(-19.11715728753,-9.8,14.2));
#15942=CARTESIAN_POINT('',(-19.8,-9.117157287525,14.2));
#15943=CARTESIAN_POINT('',(-19.8,-9.117157287525,14.2));
#15944=CARTESIAN_POINT('',(-19.11715728753,-9.8,14.2));
#15945=CARTESIAN_POINT('Origin',(-19.8,-9.117157287525,14.2));
#15946=CARTESIAN_POINT('',(-19.8,9.117157287525,14.2));
#15947=CARTESIAN_POINT('',(-19.8,9.117157287525,14.2));
#15948=CARTESIAN_POINT('',(-19.8,-9.117157287525,14.2));
#15949=CARTESIAN_POINT('Origin',(-19.8,9.117157287525,14.2));
#15950=CARTESIAN_POINT('',(-19.11715728753,9.8,14.2));
#15951=CARTESIAN_POINT('',(-19.11715728753,9.8,14.2));
#15952=CARTESIAN_POINT('',(-19.8,9.117157287525,14.2));
#15953=CARTESIAN_POINT('Origin',(-19.11715728753,9.8,14.2));
#15954=CARTESIAN_POINT('',(19.11715728753,9.8,14.2));
#15955=CARTESIAN_POINT('',(19.11715728753,9.8,14.2));
#15956=CARTESIAN_POINT('',(-19.11715728753,9.8,14.2));
#15957=CARTESIAN_POINT('Origin',(19.11715728753,9.8,14.2));
#15958=CARTESIAN_POINT('',(19.11715728753,9.8,14.2));
#15959=CARTESIAN_POINT('Origin',(0.,0.,14.2));
#15960=CARTESIAN_POINT('',(19.2,10.,14.2));
#15961=CARTESIAN_POINT('',(20.,9.2,14.2));
#15962=CARTESIAN_POINT('',(19.2,10.,14.2));
#15963=CARTESIAN_POINT('',(20.,-9.2,14.2));
#15964=CARTESIAN_POINT('',(20.,9.2,14.2));
#15965=CARTESIAN_POINT('',(19.2,-10.,14.2));
#15966=CARTESIAN_POINT('',(19.2,-10.,14.2));
#15967=CARTESIAN_POINT('',(-19.2,-10.,14.2));
#15968=CARTESIAN_POINT('',(-19.2,-10.,14.2));
#15969=CARTESIAN_POINT('',(-20.,-9.2,14.2));
#15970=CARTESIAN_POINT('',(-19.2,-10.,14.2));
#15971=CARTESIAN_POINT('',(-20.,9.2,14.2));
#15972=CARTESIAN_POINT('',(-20.,9.2,14.2));
#15973=CARTESIAN_POINT('',(-19.2,10.,14.2));
#15974=CARTESIAN_POINT('',(-19.2,10.,14.2));
#15975=CARTESIAN_POINT('',(19.2,10.,14.2));
#15976=CARTESIAN_POINT('Origin',(0.,0.,15.9));
#15977=CARTESIAN_POINT('',(-19.2,10.,15.9));
#15978=CARTESIAN_POINT('',(-20.,9.2,15.9));
#15979=CARTESIAN_POINT('',(-19.2,10.,15.9));
#15980=CARTESIAN_POINT('',(-20.,-9.2,15.9));
#15981=CARTESIAN_POINT('',(-20.,9.2,15.9));
#15982=CARTESIAN_POINT('',(-19.2,-10.,15.9));
#15983=CARTESIAN_POINT('',(-19.2,-10.,15.9));
#15984=CARTESIAN_POINT('',(19.2,-10.,15.9));
#15985=CARTESIAN_POINT('',(-19.2,-10.,15.9));
#15986=CARTESIAN_POINT('',(20.,-9.2,15.9));
#15987=CARTESIAN_POINT('',(19.2,-10.,15.9));
#15988=CARTESIAN_POINT('',(20.,9.2,15.9));
#15989=CARTESIAN_POINT('',(20.,9.2,15.9));
#15990=CARTESIAN_POINT('',(19.2,10.,15.9));
#15991=CARTESIAN_POINT('',(19.2,10.,15.9));
#15992=CARTESIAN_POINT('',(19.2,10.,15.9));
#15993=CARTESIAN_POINT('',(19.8,9.117157287525,15.9));
#15994=CARTESIAN_POINT('',(19.8,-9.117157287525,15.9));
#15995=CARTESIAN_POINT('',(19.8,9.117157287525,15.9));
#15996=CARTESIAN_POINT('',(19.11715728753,-9.8,15.9));
#15997=CARTESIAN_POINT('',(19.8,-9.117157287525,15.9));
#15998=CARTESIAN_POINT('',(-19.11715728753,-9.8,15.9));
#15999=CARTESIAN_POINT('',(19.11715728753,-9.8,15.9));
#16000=CARTESIAN_POINT('',(-19.8,-9.117157287525,15.9));
#16001=CARTESIAN_POINT('',(-19.11715728753,-9.8,15.9));
#16002=CARTESIAN_POINT('',(-19.8,9.117157287525,15.9));
#16003=CARTESIAN_POINT('',(-19.8,-9.117157287525,15.9));
#16004=CARTESIAN_POINT('',(-19.11715728753,9.8,15.9));
#16005=CARTESIAN_POINT('',(-19.8,9.117157287525,15.9));
#16006=CARTESIAN_POINT('',(19.11715728753,9.8,15.9));
#16007=CARTESIAN_POINT('',(-19.11715728753,9.8,15.9));
#16008=CARTESIAN_POINT('',(19.11715728753,9.8,15.9));
#16009=CARTESIAN_POINT('Origin',(19.8,9.117157287525,16.7));
#16010=CARTESIAN_POINT('',(19.8,-9.117157287525,16.7));
#16011=CARTESIAN_POINT('',(19.8,-9.117157287525,16.7));
#16012=CARTESIAN_POINT('',(19.8,9.117157287525,16.7));
#16013=CARTESIAN_POINT('',(19.8,9.117157287525,16.7));
#16014=CARTESIAN_POINT('',(19.8,9.117157287525,16.7));
#16015=CARTESIAN_POINT('Origin',(19.8,-9.117157287525,16.7));
#16016=CARTESIAN_POINT('',(19.11715728753,-9.8,16.7));
#16017=CARTESIAN_POINT('',(19.11715728753,-9.8,16.7));
#16018=CARTESIAN_POINT('',(19.8,-9.117157287525,16.7));
#16019=CARTESIAN_POINT('Origin',(19.11715728753,-9.8,16.7));
#16020=CARTESIAN_POINT('',(-19.11715728753,-9.8,16.7));
#16021=CARTESIAN_POINT('',(-19.11715728753,-9.8,16.7));
#16022=CARTESIAN_POINT('',(19.11715728753,-9.8,16.7));
#16023=CARTESIAN_POINT('Origin',(-19.11715728753,-9.8,16.7));
#16024=CARTESIAN_POINT('',(-19.8,-9.117157287525,16.7));
#16025=CARTESIAN_POINT('',(-19.8,-9.117157287525,16.7));
#16026=CARTESIAN_POINT('',(-19.11715728753,-9.8,16.7));
#16027=CARTESIAN_POINT('Origin',(-19.8,-9.117157287525,16.7));
#16028=CARTESIAN_POINT('',(-19.8,9.117157287525,16.7));
#16029=CARTESIAN_POINT('',(-19.8,9.117157287525,16.7));
#16030=CARTESIAN_POINT('',(-19.8,-9.117157287525,16.7));
#16031=CARTESIAN_POINT('Origin',(-19.8,9.117157287525,16.7));
#16032=CARTESIAN_POINT('',(-19.11715728753,9.8,16.7));
#16033=CARTESIAN_POINT('',(-19.11715728753,9.8,16.7));
#16034=CARTESIAN_POINT('',(-19.8,9.117157287525,16.7));
#16035=CARTESIAN_POINT('Origin',(-19.11715728753,9.8,16.7));
#16036=CARTESIAN_POINT('',(19.11715728753,9.8,16.7));
#16037=CARTESIAN_POINT('',(19.11715728753,9.8,16.7));
#16038=CARTESIAN_POINT('',(-19.11715728753,9.8,16.7));
#16039=CARTESIAN_POINT('Origin',(19.11715728753,9.8,16.7));
#16040=CARTESIAN_POINT('',(19.11715728753,9.8,16.7));
#16041=CARTESIAN_POINT('Origin',(0.,0.,16.7));
#16042=CARTESIAN_POINT('',(19.2,10.,16.7));
#16043=CARTESIAN_POINT('',(20.,9.2,16.7));
#16044=CARTESIAN_POINT('',(19.2,10.,16.7));
#16045=CARTESIAN_POINT('',(20.,-9.2,16.7));
#16046=CARTESIAN_POINT('',(20.,9.2,16.7));
#16047=CARTESIAN_POINT('',(19.2,-10.,16.7));
#16048=CARTESIAN_POINT('',(19.2,-10.,16.7));
#16049=CARTESIAN_POINT('',(-19.2,-10.,16.7));
#16050=CARTESIAN_POINT('',(-19.2,-10.,16.7));
#16051=CARTESIAN_POINT('',(-20.,-9.2,16.7));
#16052=CARTESIAN_POINT('',(-19.2,-10.,16.7));
#16053=CARTESIAN_POINT('',(-20.,9.2,16.7));
#16054=CARTESIAN_POINT('',(-20.,9.2,16.7));
#16055=CARTESIAN_POINT('',(-19.2,10.,16.7));
#16056=CARTESIAN_POINT('',(-19.2,10.,16.7));
#16057=CARTESIAN_POINT('',(19.2,10.,16.7));
#16058=CARTESIAN_POINT('Origin',(-19.6,9.6,11.3));
#16059=CARTESIAN_POINT('',(-20.,9.2,11.7));
#16060=CARTESIAN_POINT('',(-19.2,10.,11.7));
#16061=CARTESIAN_POINT('Origin',(-19.6,9.6,11.3));
#16062=CARTESIAN_POINT('',(-20.,9.2,14.2));
#16063=CARTESIAN_POINT('',(-19.2,10.,14.2));
#16064=CARTESIAN_POINT('Origin',(-19.6,9.6,11.3));
#16065=CARTESIAN_POINT('',(-20.,9.2,18.4));
#16066=CARTESIAN_POINT('',(-20.,9.2,16.7));
#16067=CARTESIAN_POINT('',(-19.2,10.,18.4));
#16068=CARTESIAN_POINT('',(-19.2,10.,18.4));
#16069=CARTESIAN_POINT('',(-19.2,10.,16.7));
#16070=CARTESIAN_POINT('Origin',(-20.,8.8,22.19));
#16071=CARTESIAN_POINT('',(-20.,-9.2,13.4));
#16072=CARTESIAN_POINT('Origin',(-20.,8.8,22.19));
#16073=CARTESIAN_POINT('',(-20.,-9.2,15.9));
#16074=CARTESIAN_POINT('Origin',(-20.,8.8,22.19));
#16075=CARTESIAN_POINT('',(-20.,-9.2,18.4));
#16076=CARTESIAN_POINT('',(-20.,-9.2,18.4));
#16077=CARTESIAN_POINT('',(-20.,9.2,18.4));
#16078=CARTESIAN_POINT('Origin',(-19.6,-9.6,11.3));
#16079=CARTESIAN_POINT('',(-19.2,-10.,13.4));
#16080=CARTESIAN_POINT('Origin',(-19.6,-9.6,11.3));
#16081=CARTESIAN_POINT('',(-19.2,-10.,15.9));
#16082=CARTESIAN_POINT('Origin',(-19.6,-9.6,11.3));
#16083=CARTESIAN_POINT('',(-19.2,-10.,18.4));
#16084=CARTESIAN_POINT('',(-19.2,-10.,18.4));
#16085=CARTESIAN_POINT('',(-19.2,-10.,18.4));
#16086=CARTESIAN_POINT('Origin',(19.6,-9.6,11.3));
#16087=CARTESIAN_POINT('',(20.,-9.2,11.7));
#16088=CARTESIAN_POINT('',(19.2,-10.,11.7));
#16089=CARTESIAN_POINT('Origin',(19.6,-9.6,11.3));
#16090=CARTESIAN_POINT('',(20.,-9.2,14.2));
#16091=CARTESIAN_POINT('',(19.2,-10.,14.2));
#16092=CARTESIAN_POINT('Origin',(19.6,-9.6,11.3));
#16093=CARTESIAN_POINT('',(20.,-9.2,18.4));
#16094=CARTESIAN_POINT('',(20.,-9.2,16.7));
#16095=CARTESIAN_POINT('',(19.2,-10.,18.4));
#16096=CARTESIAN_POINT('',(19.2,-10.,18.4));
#16097=CARTESIAN_POINT('',(19.2,-10.,16.7));
#16098=CARTESIAN_POINT('Origin',(20.,8.8,22.19));
#16099=CARTESIAN_POINT('',(20.,9.2,13.4));
#16100=CARTESIAN_POINT('Origin',(20.,8.8,22.19));
#16101=CARTESIAN_POINT('',(20.,9.2,15.9));
#16102=CARTESIAN_POINT('Origin',(20.,8.8,22.19));
#16103=CARTESIAN_POINT('',(20.,9.2,18.4));
#16104=CARTESIAN_POINT('',(20.,9.2,18.4));
#16105=CARTESIAN_POINT('',(20.,9.2,18.4));
#16106=CARTESIAN_POINT('Origin',(19.6,9.6,11.3));
#16107=CARTESIAN_POINT('',(19.2,10.,13.4));
#16108=CARTESIAN_POINT('Origin',(19.6,9.6,11.3));
#16109=CARTESIAN_POINT('',(19.2,10.,15.9));
#16110=CARTESIAN_POINT('Origin',(19.6,9.6,11.3));
#16111=CARTESIAN_POINT('',(19.2,10.,18.4));
#16112=CARTESIAN_POINT('',(19.2,10.,18.4));
#16113=CARTESIAN_POINT('',(19.2,10.,18.4));
#16114=CARTESIAN_POINT('Origin',(19.8,10.,0.41));
#16115=CARTESIAN_POINT('Origin',(19.8,10.,0.41));
#16116=CARTESIAN_POINT('Origin',(19.8,10.,0.41));
#16117=CARTESIAN_POINT('',(19.2,10.,18.4));
#16118=CARTESIAN_POINT('Origin',(0.,0.,18.4));
#16119=CARTESIAN_POINT('',(-19.2,-10.,18.4));
#16120=CARTESIAN_POINT('',(19.8,9.117157287525,18.4));
#16121=CARTESIAN_POINT('',(19.8,-9.117157287525,18.4));
#16122=CARTESIAN_POINT('',(19.8,9.117157287525,18.4));
#16123=CARTESIAN_POINT('',(19.11715728753,-9.8,18.4));
#16124=CARTESIAN_POINT('',(19.8,-9.117157287525,18.4));
#16125=CARTESIAN_POINT('',(-19.11715728753,-9.8,18.4));
#16126=CARTESIAN_POINT('',(19.11715728753,-9.8,18.4));
#16127=CARTESIAN_POINT('',(-19.8,-9.117157287525,18.4));
#16128=CARTESIAN_POINT('',(-19.11715728753,-9.8,18.4));
#16129=CARTESIAN_POINT('',(-19.8,9.117157287525,18.4));
#16130=CARTESIAN_POINT('',(-19.8,-9.117157287525,18.4));
#16131=CARTESIAN_POINT('',(-19.11715728753,9.8,18.4));
#16132=CARTESIAN_POINT('',(-19.8,9.117157287525,18.4));
#16133=CARTESIAN_POINT('',(19.11715728753,9.8,18.4));
#16134=CARTESIAN_POINT('',(-19.11715728753,9.8,18.4));
#16135=CARTESIAN_POINT('',(19.11715728753,9.8,18.4));
#16136=CARTESIAN_POINT('Origin',(19.8,9.117157287525,19.2));
#16137=CARTESIAN_POINT('',(19.8,-9.117157287525,19.2));
#16138=CARTESIAN_POINT('',(19.8,-9.117157287525,19.2));
#16139=CARTESIAN_POINT('',(19.8,9.117157287525,19.2));
#16140=CARTESIAN_POINT('',(19.8,9.117157287525,19.2));
#16141=CARTESIAN_POINT('',(19.8,9.117157287525,19.2));
#16142=CARTESIAN_POINT('Origin',(19.8,-9.117157287525,19.2));
#16143=CARTESIAN_POINT('',(19.11715728753,-9.8,19.2));
#16144=CARTESIAN_POINT('',(19.11715728753,-9.8,19.2));
#16145=CARTESIAN_POINT('',(19.8,-9.117157287525,19.2));
#16146=CARTESIAN_POINT('Origin',(19.11715728753,-9.8,19.2));
#16147=CARTESIAN_POINT('',(-19.11715728753,-9.8,19.2));
#16148=CARTESIAN_POINT('',(-19.11715728753,-9.8,19.2));
#16149=CARTESIAN_POINT('',(19.11715728753,-9.8,19.2));
#16150=CARTESIAN_POINT('Origin',(-19.11715728753,-9.8,19.2));
#16151=CARTESIAN_POINT('',(-19.8,-9.117157287525,19.2));
#16152=CARTESIAN_POINT('',(-19.8,-9.117157287525,19.2));
#16153=CARTESIAN_POINT('',(-19.11715728753,-9.8,19.2));
#16154=CARTESIAN_POINT('Origin',(-19.8,-9.117157287525,19.2));
#16155=CARTESIAN_POINT('',(-19.8,9.117157287525,19.2));
#16156=CARTESIAN_POINT('',(-19.8,9.117157287525,19.2));
#16157=CARTESIAN_POINT('',(-19.8,-9.117157287525,19.2));
#16158=CARTESIAN_POINT('Origin',(-19.8,9.117157287525,19.2));
#16159=CARTESIAN_POINT('',(-19.11715728753,9.8,19.2));
#16160=CARTESIAN_POINT('',(-19.11715728753,9.8,19.2));
#16161=CARTESIAN_POINT('',(-19.8,9.117157287525,19.2));
#16162=CARTESIAN_POINT('Origin',(-19.11715728753,9.8,19.2));
#16163=CARTESIAN_POINT('',(19.11715728753,9.8,19.2));
#16164=CARTESIAN_POINT('',(19.11715728753,9.8,19.2));
#16165=CARTESIAN_POINT('',(-19.11715728753,9.8,19.2));
#16166=CARTESIAN_POINT('Origin',(19.11715728753,9.8,19.2));
#16167=CARTESIAN_POINT('',(19.11715728753,9.8,19.2));
#16168=CARTESIAN_POINT('Origin',(0.,0.,19.2));
#16169=CARTESIAN_POINT('',(19.2,10.,19.2));
#16170=CARTESIAN_POINT('',(20.,9.2,19.2));
#16171=CARTESIAN_POINT('',(19.2,10.,19.2));
#16172=CARTESIAN_POINT('',(20.,-9.2,19.2));
#16173=CARTESIAN_POINT('',(20.,9.2,19.2));
#16174=CARTESIAN_POINT('',(19.2,-10.,19.2));
#16175=CARTESIAN_POINT('',(19.2,-10.,19.2));
#16176=CARTESIAN_POINT('',(-19.2,-10.,19.2));
#16177=CARTESIAN_POINT('',(-19.2,-10.,19.2));
#16178=CARTESIAN_POINT('',(-20.,-9.2,19.2));
#16179=CARTESIAN_POINT('',(-19.2,-10.,19.2));
#16180=CARTESIAN_POINT('',(-20.,9.2,19.2));
#16181=CARTESIAN_POINT('',(-20.,9.2,19.2));
#16182=CARTESIAN_POINT('',(-19.2,10.,19.2));
#16183=CARTESIAN_POINT('',(-19.2,10.,19.2));
#16184=CARTESIAN_POINT('',(19.2,10.,19.2));
#16185=CARTESIAN_POINT('Origin',(-19.8,-10.,22.19));
#16186=CARTESIAN_POINT('Origin',(-19.8,-10.,22.19));
#16187=CARTESIAN_POINT('Origin',(-19.8,-10.,22.19));
#16188=CARTESIAN_POINT('Origin',(-15.25,-9.45,2.1));
#16189=CARTESIAN_POINT('',(-13.1,-9.65,1.9));
#16190=CARTESIAN_POINT('',(-13.1,-9.25,2.3));
#16191=CARTESIAN_POINT('',(-13.1,-9.65,1.9));
#16192=CARTESIAN_POINT('',(-18.625,-9.65,1.9));
#16193=CARTESIAN_POINT('',(-14.81674745346,-9.25,2.3));
#16194=CARTESIAN_POINT('',(1.125,-9.25,2.3));
#16195=CARTESIAN_POINT('',(-17.49996706374,-9.25,2.299997018991));
#16196=CARTESIAN_POINT('Origin',(-13.1,10.08,8.33));
#16197=CARTESIAN_POINT('',(-13.1,10.,1.9));
#16198=CARTESIAN_POINT('',(-13.1,-0.46,1.9));
#16199=CARTESIAN_POINT('',(-13.1,10.,7.6));
#16200=CARTESIAN_POINT('',(-13.1,9.25,2.3));
#16201=CARTESIAN_POINT('Origin',(-13.1,10.08,8.33));
#16202=CARTESIAN_POINT('',(-13.1,-10.,7.6));
#16203=CARTESIAN_POINT('',(-13.1,-9.25,7.6));
#16204=CARTESIAN_POINT('',(-13.1,-10.,7.6));
#16205=CARTESIAN_POINT('',(-13.1,-10.,1.9));
#16206=CARTESIAN_POINT('',(-13.1,-10.,7.6));
#16207=CARTESIAN_POINT('',(-13.1,-0.46,1.9));
#16208=CARTESIAN_POINT('',(-13.1,-9.25,7.6));
#16209=CARTESIAN_POINT('Origin',(-0.85,-8.32,7.6));
#16210=CARTESIAN_POINT('',(-2.9,-10.,7.6));
#16211=CARTESIAN_POINT('',(-2.9,-9.25,7.6));
#16212=CARTESIAN_POINT('',(-2.9,-10.,7.6));
#16213=CARTESIAN_POINT('',(-2.9,-10.,7.6));
#16214=CARTESIAN_POINT('',(-2.9,-9.25,7.6));
#16215=CARTESIAN_POINT('Origin',(-2.9,10.08,1.07));
#16216=CARTESIAN_POINT('',(-2.9,10.,1.9));
#16217=CARTESIAN_POINT('',(-2.9,10.,1.9));
#16218=CARTESIAN_POINT('',(-2.9,9.65,1.9));
#16219=CARTESIAN_POINT('',(-2.9,-0.46,1.9));
#16220=CARTESIAN_POINT('',(-2.9,9.25,2.3));
#16221=CARTESIAN_POINT('',(-2.9,9.65,1.9));
#16222=CARTESIAN_POINT('',(-2.9,9.25,7.6));
#16223=CARTESIAN_POINT('Origin',(-2.9,10.08,1.07));
#16224=CARTESIAN_POINT('',(-2.9,-10.,1.9));
#16225=CARTESIAN_POINT('',(-2.9,-0.46,1.9));
#16226=CARTESIAN_POINT('',(-2.9,-10.,1.9));
#16227=CARTESIAN_POINT('',(-2.9,-9.25,2.3));
#16228=CARTESIAN_POINT('Origin',(7.25,9.45,2.1));
#16229=CARTESIAN_POINT('',(17.4999999882701,9.64999457072691,1.89999985499808));
#16230=CARTESIAN_POINT('',(-7.375,9.65,1.9));
#16231=CARTESIAN_POINT('',(17.4999670639249,9.25000049649803,2.2999945350316));
#16232=CARTESIAN_POINT('',(17.49999998827,9.649998111051,1.899998113015));
#16233=CARTESIAN_POINT('',(14.81674745346,9.25,2.3));
#16234=CARTESIAN_POINT('',(12.375,9.25,2.3));
#16235=CARTESIAN_POINT('',(17.49996706374,9.25,2.299997018991));
#16236=CARTESIAN_POINT('Origin',(-17.5,7.75,2.099992698008));
#16237=CARTESIAN_POINT('',(-18.66617192326,9.25,1.9));
#16238=CARTESIAN_POINT('Origin',(-17.5,7.75,1.9));
#16239=CARTESIAN_POINT('Ctrl Pts',(-18.6661719232611,9.25,1.90000000000185));
#16240=CARTESIAN_POINT('Ctrl Pts',(-18.0144709258775,9.25,2.30000235145003));
#16241=CARTESIAN_POINT('Ctrl Pts',(-17.4999670708815,9.25,2.29999105661043));
#16242=CARTESIAN_POINT('Origin',(17.5,7.75,2.099992698008));
#16243=CARTESIAN_POINT('',(18.66617192326,9.25,1.9));
#16244=CARTESIAN_POINT('Origin',(17.5,7.75,1.9));
#16245=CARTESIAN_POINT('',(17.5,9.25,2.29999105697187));
#16246=CARTESIAN_POINT('Ctrl Pts',(17.5,9.25,2.29999105697187));
#16247=CARTESIAN_POINT('Ctrl Pts',(18.014489327326,9.25,2.29999105697187));
#16248=CARTESIAN_POINT('Ctrl Pts',(18.6661719232611,9.25,1.90000000000185));
#16249=CARTESIAN_POINT('Ctrl Pts',(17.4999670641755,9.25,2.29999105661028));
#16250=CARTESIAN_POINT('Ctrl Pts',(17.4999835354878,9.25,2.29999105697179));
#16251=CARTESIAN_POINT('Ctrl Pts',(17.5,9.25,2.29999105697187));
#16252=CARTESIAN_POINT('Origin',(17.5,-7.75,2.099992698008));
#16253=CARTESIAN_POINT('',(17.4999999949728,-9.25,2.29999105697187));
#16254=CARTESIAN_POINT('Ctrl Pts',(17.4999999949728,-9.25,2.29999105697187));
#16255=CARTESIAN_POINT('Ctrl Pts',(17.4999835328241,-9.25,2.29999105697181));
#16256=CARTESIAN_POINT('Ctrl Pts',(17.4999670706754,-9.25,2.29999105661042));
#16257=CARTESIAN_POINT('',(18.66617192326,-9.25,1.9));
#16258=CARTESIAN_POINT('Ctrl Pts',(18.6661719232611,-9.25,1.90000000000185));
#16259=CARTESIAN_POINT('Ctrl Pts',(18.0144893245167,-9.25,2.29999105869617));
#16260=CARTESIAN_POINT('Ctrl Pts',(17.4999999949728,-9.25,2.29999105697187));
#16261=CARTESIAN_POINT('Origin',(17.5,-7.75,1.9));
#16262=CARTESIAN_POINT('Origin',(17.5,9.25,1.4));
#16263=CARTESIAN_POINT('',(14.81674745346,9.25,1.9));
#16264=CARTESIAN_POINT('',(-2.25,9.25,1.9));
#16265=CARTESIAN_POINT('Origin',(-14.81674745346,11.36054104379,2.2));
#16266=CARTESIAN_POINT('',(-14.8167474534599,8.79999999999984,1.68241212066424));
#16267=CARTESIAN_POINT('',(-14.8167474534599,8.79999999999984,1.68241212066424));
#16268=CARTESIAN_POINT('Ctrl Pts',(-14.81674745346,8.79999999999493,1.6824121206605));
#16269=CARTESIAN_POINT('Ctrl Pts',(-14.81674745346,8.91941209451431,1.78480852382626));
#16270=CARTESIAN_POINT('Ctrl Pts',(-14.81674745346,9.0499641327671,1.90000264105021));
#16271=CARTESIAN_POINT('Origin',(-18.8,8.8,-1.7));
#16272=CARTESIAN_POINT('',(14.81674745346,8.8,1.6824114116909));
#16273=CARTESIAN_POINT('',(14.81674745346,8.8,2.7));
#16274=CARTESIAN_POINT('',(13.6167474391101,8.79999999999242,1.35001314266675));
#16275=CARTESIAN_POINT('Ctrl Pts',(14.8167474534599,8.8,1.68241141169058));
#16276=CARTESIAN_POINT('Ctrl Pts',(14.1707153756314,8.8,1.35002628140113));
#16277=CARTESIAN_POINT('Ctrl Pts',(13.6167474391101,8.8,1.35002628537586));
#16278=CARTESIAN_POINT('',(-13.6167474377401,8.79999999999204,1.35001344663591));
#16279=CARTESIAN_POINT('',(-9.40000000000001,8.8,1.35));
#16280=CARTESIAN_POINT('Ctrl Pts',(-13.6167474377401,8.8,1.3500268933162));
#16281=CARTESIAN_POINT('Ctrl Pts',(-14.1707153748937,8.8,1.35002688896199));
#16282=CARTESIAN_POINT('Ctrl Pts',(-14.8167474534594,8.8,1.68241212066454));
#16283=CARTESIAN_POINT('Origin',(14.81674745346,8.4,2.2));
#16284=CARTESIAN_POINT('Ctrl Pts',(14.81674745346,8.79999999999546,1.68241141168675));
#16285=CARTESIAN_POINT('Ctrl Pts',(14.81674745346,8.91941246434624,1.78480810085946));
#16286=CARTESIAN_POINT('Ctrl Pts',(14.81674745346,9.04996494355886,1.90000258134726));
#16287=CARTESIAN_POINT('Origin',(-22.,-11.,1.9));
#16288=CARTESIAN_POINT('',(-13.61674745346,9.34998285574137,1.9));
#16289=CARTESIAN_POINT('Origin',(-13.61674745346,6.8,1.9));
#16290=CARTESIAN_POINT('',(13.6167474461401,9.34998325050766,1.89999999313428));
#16291=CARTESIAN_POINT('',(-11.,9.35,1.9));
#16292=CARTESIAN_POINT('Origin',(13.61674745346,6.8,1.9));
#16293=CARTESIAN_POINT('',(19.2,10.,1.9));
#16294=CARTESIAN_POINT('Origin',(18.,-8.,-1.7));
#16295=CARTESIAN_POINT('',(-15.1,-10.,-1.7));
#16296=CARTESIAN_POINT('',(-19.2,-10.,-1.7));
#16297=CARTESIAN_POINT('',(-15.1,-10.,-1.7));
#16298=CARTESIAN_POINT('',(-20.,-9.2,-1.7));
#16299=CARTESIAN_POINT('',(-20.,-9.2,-1.7));
#16300=CARTESIAN_POINT('',(-20.,-5.488888888889,-1.7));
#16301=CARTESIAN_POINT('',(-20.,-9.2,-1.7));
#16302=CARTESIAN_POINT('',(-17.3000000000003,-5.488888888889,-1.7));
#16303=CARTESIAN_POINT('',(-20.,-5.488888888889,-1.7));
#16304=CARTESIAN_POINT('',(-15.1,-7.688888888889,-1.7));
#16305=CARTESIAN_POINT('Origin',(-17.3,-7.688888888889,-1.7));
#16306=CARTESIAN_POINT('',(-15.1,-7.688888888889,-1.7));
#16307=CARTESIAN_POINT('',(-19.05,-7.688888888889,-1.7));
#16308=CARTESIAN_POINT('Origin',(-17.3,-7.688888888889,-1.7));
#16309=CARTESIAN_POINT('Origin',(-19.8,-10.,-1.855));
#16310=CARTESIAN_POINT('',(-19.2,-10.,-1.7));
#16311=CARTESIAN_POINT('',(-15.1,-10.,-2.8));
#16312=CARTESIAN_POINT('',(-15.1,-10.,-2.8));
#16313=CARTESIAN_POINT('',(15.1,-10.,-2.79999999999974));
#16314=CARTESIAN_POINT('',(15.1,-10.,-2.79999999999974));
#16315=CARTESIAN_POINT('',(15.1,-10.,-1.7));
#16316=CARTESIAN_POINT('',(15.1,-10.,-1.7));
#16317=CARTESIAN_POINT('',(19.2,-10.,-1.7));
#16318=CARTESIAN_POINT('',(19.2,-10.,-1.7));
#16319=CARTESIAN_POINT('',(19.2,-10.,1.9));
#16320=CARTESIAN_POINT('',(-19.2,-10.,1.9));
#16321=CARTESIAN_POINT('Origin',(-15.1,7.573333333333,-3.38));
#16322=CARTESIAN_POINT('',(-15.0999995445663,-7.68888889963532,-2.79999508825331));
#16323=CARTESIAN_POINT('',(-15.1,-7.6888888996357,-2.79999663545585));
#16324=CARTESIAN_POINT('',(-15.1,-10.,-2.8));
#16325=CARTESIAN_POINT('Origin',(-17.3,-7.688888888889,-1.62));
#16326=CARTESIAN_POINT('',(-17.3000000072807,-5.488888888889,-2.79999710485516));
#16327=CARTESIAN_POINT('',(-17.3000000072807,-5.488888888889,-2.80000108527302));
#16328=CARTESIAN_POINT('Origin',(-17.3,-7.688888888889,-2.79998914329055));
#16329=CARTESIAN_POINT('Origin',(20.135,-5.488888888889,-3.38));
#16330=CARTESIAN_POINT('',(-20.,-5.48888888888902,-2.79999999999996));
#16331=CARTESIAN_POINT('',(-20.,-5.48888888888902,-2.79999999999996));
#16332=CARTESIAN_POINT('',(-17.3000000072807,-5.488888888889,-2.80000108527302));
#16333=CARTESIAN_POINT('Origin',(-20.,-8.8,1.555));
#16334=CARTESIAN_POINT('',(-20.,-9.2,1.9));
#16335=CARTESIAN_POINT('',(-20.,9.2,-1.7));
#16336=CARTESIAN_POINT('',(-20.,9.2,-1.7));
#16337=CARTESIAN_POINT('',(-20.,5.488888888889,-1.7));
#16338=CARTESIAN_POINT('',(-20.,5.488888888889,-1.7));
#16339=CARTESIAN_POINT('',(-20.,5.488888888889,-2.8));
#16340=CARTESIAN_POINT('',(-20.,5.488888888889,-1.7));
#16341=CARTESIAN_POINT('',(-20.,-5.48888888888902,-2.79999999999996));
#16342=CARTESIAN_POINT('Origin',(2.84217094304E-14,-9.75,-3.05));
#16343=CARTESIAN_POINT('',(-14.6,-9.5,-3.3));
#16344=CARTESIAN_POINT('',(-15.1,-10.,-2.8));
#16345=CARTESIAN_POINT('',(14.5999999999995,-9.5,-3.30000000000017));
#16346=CARTESIAN_POINT('',(-14.6,-9.5,-3.3));
#16347=CARTESIAN_POINT('',(14.5999999999995,-9.5,-3.30000000000017));
#16348=CARTESIAN_POINT('Origin',(15.1,10.11555555556,-3.38));
#16349=CARTESIAN_POINT('',(15.0999988716479,-7.68888889296839,-2.79999710485561));
#16350=CARTESIAN_POINT('',(15.1,-7.68888889296749,-2.8000010852737));
#16351=CARTESIAN_POINT('',(15.1,-7.68888888888899,-1.7));
#16352=CARTESIAN_POINT('',(15.1,-7.68888889296749,-2.8000010852737));
#16353=CARTESIAN_POINT('',(15.1,-10.,-1.7));
#16354=CARTESIAN_POINT('Origin',(18.,-8.,-1.7));
#16355=CARTESIAN_POINT('',(20.,-5.488888888889,-1.7));
#16356=CARTESIAN_POINT('',(20.,-9.2,-1.7));
#16357=CARTESIAN_POINT('',(20.,-5.488888888889,-1.7));
#16358=CARTESIAN_POINT('',(20.,-9.2,-1.7));
#16359=CARTESIAN_POINT('',(17.3000000000011,-5.488888888889,-1.7));
#16360=CARTESIAN_POINT('Origin',(17.3,-7.688888888889,-1.7));
#16361=CARTESIAN_POINT('',(17.3000000000011,-5.488888888889,-1.7));
#16362=CARTESIAN_POINT('',(15.55,-7.688888888889,-1.7));
#16363=CARTESIAN_POINT('Origin',(17.3,-7.688888888889,-1.7));
#16364=CARTESIAN_POINT('Origin',(19.6,-9.6,-0.15));
#16365=CARTESIAN_POINT('',(20.,-9.2,-1.7));
#16366=CARTESIAN_POINT('Origin',(-22.,-11.,1.9));
#16367=CARTESIAN_POINT('',(-2.25,-9.25,1.9));
#16368=CARTESIAN_POINT('',(13.61674745346,-9.34998285574136,1.9));
#16369=CARTESIAN_POINT('Origin',(13.61674745346,-6.8,1.9));
#16370=CARTESIAN_POINT('',(-13.6167474509914,-9.34998325050762,1.89999999313431));
#16371=CARTESIAN_POINT('',(-11.,-9.35,1.9));
#16372=CARTESIAN_POINT('Origin',(-13.61674745346,-6.8,1.9));
#16373=CARTESIAN_POINT('',(-2.25,-9.25,1.9));
#16374=CARTESIAN_POINT('Origin',(-19.6,-9.6,-0.15));
#16375=CARTESIAN_POINT('Origin',(-14.85,-8.844444444445,-3.05));
#16376=CARTESIAN_POINT('',(-14.5999940647405,-7.68888890647367,-3.29999918627564));
#16377=CARTESIAN_POINT('',(-15.0999976639955,-7.6888888996357,-2.79999663545585));
#16378=CARTESIAN_POINT('',(-14.5999994899009,-7.68888890647402,-3.30000051009911));
#16379=CARTESIAN_POINT('Origin',(-17.3,-7.688888888889,-3.049994119965));
#16380=CARTESIAN_POINT('',(-17.300000009031,-4.98888383422847,-3.29999828279185));
#16381=CARTESIAN_POINT('',(-17.3000000090315,-4.98888796900271,-3.29999484837554));
#16382=CARTESIAN_POINT('Origin',(-17.3,-7.688888888889,-3.3));
#16383=CARTESIAN_POINT('Origin',(-18.65,-5.238888888889,-3.05));
#16384=CARTESIAN_POINT('',(-19.5,-4.98888888888894,-3.3));
#16385=CARTESIAN_POINT('',(-20.,-5.48888888888902,-2.79999999999996));
#16386=CARTESIAN_POINT('',(-19.5,-4.98888888888894,-3.3));
#16387=CARTESIAN_POINT('Origin',(-19.6,9.6,-0.15));
#16388=CARTESIAN_POINT('',(-19.2,10.,-1.7));
#16389=CARTESIAN_POINT('',(-19.2,10.,1.9));
#16390=CARTESIAN_POINT('',(-19.2,10.,-1.7));
#16391=CARTESIAN_POINT('Origin',(18.,-8.,-1.7));
#16392=CARTESIAN_POINT('',(-15.1,10.,-1.7));
#16393=CARTESIAN_POINT('',(-19.2,10.,-1.7));
#16394=CARTESIAN_POINT('',(-15.1,7.68888888888897,-1.7));
#16395=CARTESIAN_POINT('',(-15.1,10.,-1.7));
#16396=CARTESIAN_POINT('',(-17.3,5.488888888889,-1.7));
#16397=CARTESIAN_POINT('Origin',(-17.3,7.688888888889,-1.7));
#16398=CARTESIAN_POINT('',(-17.3,5.488888888889,-1.7));
#16399=CARTESIAN_POINT('Origin',(-19.75,-2.84217094304E-14,-3.05));
#16400=CARTESIAN_POINT('',(-19.5,4.988888888889,-3.3));
#16401=CARTESIAN_POINT('',(-19.5,4.988888888889,-3.3));
#16402=CARTESIAN_POINT('',(-19.5,4.988888888889,-3.3));
#16403=CARTESIAN_POINT('Origin',(-20.24,-9.24,-3.3));
#16404=CARTESIAN_POINT('',(14.5999949453399,-7.68888889792004,-3.29999828279173));
#16405=CARTESIAN_POINT('',(14.5999999999995,-9.5,-3.3));
#16406=CARTESIAN_POINT('',(-17.3000000014833,4.98888383427259,-3.29999828277886));
#16407=CARTESIAN_POINT('',(-17.3000000014839,4.98888796906888,-3.3));
#16408=CARTESIAN_POINT('',(-14.5999940645965,7.6888889140707,-3.29999918641196));
#16409=CARTESIAN_POINT('Origin',(-17.3,7.688888888889,-3.3));
#16410=CARTESIAN_POINT('',(-14.5999999999995,9.5,-3.30000000000016));
#16411=CARTESIAN_POINT('',(-14.5999999999997,9.5,-3.30000000000033));
#16412=CARTESIAN_POINT('',(14.6,9.5,-3.3));
#16413=CARTESIAN_POINT('',(14.6,9.5,-3.3));
#16414=CARTESIAN_POINT('',(14.5999949453838,7.68888889519433,-3.2999982827788));
#16415=CARTESIAN_POINT('',(14.5999990801802,7.68888889519502,-3.3));
#16416=CARTESIAN_POINT('',(17.3000000068195,4.98888295348529,-3.29999918641178));
#16417=CARTESIAN_POINT('Origin',(17.3,7.688888888889,-3.3));
#16418=CARTESIAN_POINT('',(19.5,4.98888888888894,-3.3));
#16419=CARTESIAN_POINT('',(19.5,4.98888888888897,-3.30000000000003));
#16420=CARTESIAN_POINT('',(19.5,-4.988888888889,-3.3));
#16421=CARTESIAN_POINT('',(19.5,-4.988888888889,-3.3));
#16422=CARTESIAN_POINT('',(17.3000000175897,-4.9888829536299,-3.29999918627526));
#16423=CARTESIAN_POINT('',(17.30000001759,-4.98888837879048,-3.30000051009852));
#16424=CARTESIAN_POINT('Origin',(17.3,-7.688888888889,-3.3));
#16425=CARTESIAN_POINT('',(18.25,2.59287743247665E-14,-3.3));
#16426=CARTESIAN_POINT('Origin',(17.5,2.42948362258817E-14,-3.3));
#16427=CARTESIAN_POINT('',(11.25,-7.,-3.3));
#16428=CARTESIAN_POINT('Origin',(10.5,-7.,-3.3));
#16429=CARTESIAN_POINT('',(11.25,7.,-3.3));
#16430=CARTESIAN_POINT('Origin',(10.5,7.,-3.3));
#16431=CARTESIAN_POINT('',(-3.625,-5.25032982780162E-15,-3.3));
#16432=CARTESIAN_POINT('Origin',(-9.675,-1.49482946418687E-14,-3.3));
#16433=CARTESIAN_POINT('',(4.25,7.,-3.3));
#16434=CARTESIAN_POINT('Origin',(3.5,7.,-3.3));
#16435=CARTESIAN_POINT('',(4.25,-7.,-3.3));
#16436=CARTESIAN_POINT('Origin',(3.5,-7.,-3.3));
#16437=CARTESIAN_POINT('Origin',(14.85,-8.844444444444,-3.05));
#16438=CARTESIAN_POINT('',(14.5999990801143,-7.68888889792072,-3.29999484837518));
#16439=CARTESIAN_POINT('Origin',(20.,-8.8,1.555));
#16440=CARTESIAN_POINT('',(20.,9.2,-1.7));
#16441=CARTESIAN_POINT('',(20.,9.2,10.9));
#16442=CARTESIAN_POINT('',(20.,-5.488888888889,-2.8));
#16443=CARTESIAN_POINT('',(20.,-5.488888888889,-2.8));
#16444=CARTESIAN_POINT('',(20.,5.48888888888903,-2.79999999999995));
#16445=CARTESIAN_POINT('',(20.,5.48888888888903,-2.79999999999995));
#16446=CARTESIAN_POINT('',(20.,5.488888888889,-1.7));
#16447=CARTESIAN_POINT('',(20.,5.48888888888903,-2.79999999999995));
#16448=CARTESIAN_POINT('',(20.,9.2,-1.7));
#16449=CARTESIAN_POINT('Origin',(20.135,-5.488888888889,-3.38));
#16450=CARTESIAN_POINT('',(17.3000000107502,-5.48888843345566,-2.7999950882528));
#16451=CARTESIAN_POINT('',(17.3000000107505,-5.488888888889,-2.79999663545506));
#16452=CARTESIAN_POINT('',(20.,-5.488888888889,-2.8));
#16453=CARTESIAN_POINT('Origin',(17.3,-7.688888888889,-1.62));
#16454=CARTESIAN_POINT('Origin',(17.3,-7.688888888889,-2.79998914329055));
#16455=CARTESIAN_POINT('Origin',(13.61674745346,6.8,1.625021521028));
#16456=CARTESIAN_POINT('',(13.61674743911,8.79999999997725,1.35001314262439));
#16457=CARTESIAN_POINT('Origin',(-1.376676550535E-14,9.075,1.625));
#16458=CARTESIAN_POINT('',(-13.61674745346,9.34998091125861,1.89999761248144));
#16459=CARTESIAN_POINT('Origin',(-13.61674745346,6.8,1.625022018767));
#16460=CARTESIAN_POINT('Origin',(17.5,-9.25,1.4));
#16461=CARTESIAN_POINT('Origin',(-14.81674745346,-8.4,2.2));
#16462=CARTESIAN_POINT('',(-14.81674745346,-8.8,1.6824114116909));
#16463=CARTESIAN_POINT('Ctrl Pts',(-14.81674745346,-8.79999999999545,1.68241141168674));
#16464=CARTESIAN_POINT('Ctrl Pts',(-14.81674745346,-8.91941246434623,1.78480810085945));
#16465=CARTESIAN_POINT('Ctrl Pts',(-14.81674745346,-9.04996494355886,1.90000258134726));
#16466=CARTESIAN_POINT('',(-14.81674745346,-8.8,2.7));
#16467=CARTESIAN_POINT('Origin',(-13.61674745346,-6.8,1.625021521028));
#16468=CARTESIAN_POINT('',(-13.6167474498711,-8.79999999999238,1.35001314266679));
#16469=CARTESIAN_POINT('',(-13.6167474498711,-8.79999999997715,1.3500131426245));
#16470=CARTESIAN_POINT('Ctrl Pts',(-14.8167474534599,-8.8,1.68241141169057));
#16471=CARTESIAN_POINT('Ctrl Pts',(-14.1707153814247,-8.8,1.35002628438178));
#16472=CARTESIAN_POINT('Ctrl Pts',(-13.6167474498711,-8.8,1.35002628537586));
#16473=CARTESIAN_POINT('Origin',(1.15463194561E-14,-9.075,1.625));
#16474=CARTESIAN_POINT('',(13.6167474495284,-8.79999999999199,1.35001344663595));
#16475=CARTESIAN_POINT('',(13.61674745346,-9.34998091125861,1.89999761248143));
#16476=CARTESIAN_POINT('',(9.40000000000001,-8.8,1.35));
#16477=CARTESIAN_POINT('Origin',(13.61674745346,-6.8,1.625022018767));
#16478=CARTESIAN_POINT('',(14.81674745346,-8.8,1.68241212066496));
#16479=CARTESIAN_POINT('Ctrl Pts',(14.81674745346,-8.79999999999539,1.68241212066089));
#16480=CARTESIAN_POINT('Ctrl Pts',(14.81674745346,-8.91941209451456,1.78480852382648));
#16481=CARTESIAN_POINT('Ctrl Pts',(14.81674745346,-9.0499641327671,1.90000264105021));
#16482=CARTESIAN_POINT('Ctrl Pts',(13.6167474495284,-8.8,1.3500268933162));
#16483=CARTESIAN_POINT('Ctrl Pts',(14.1707153812402,-8.8,1.35002689222719));
#16484=CARTESIAN_POINT('Ctrl Pts',(14.8167474534598,-8.8,1.68241212066473));
#16485=CARTESIAN_POINT('Origin',(14.81674745346,-10.70392419939,2.2));
#16486=CARTESIAN_POINT('',(14.81674745346,-8.8,1.68241212066496));
#16487=CARTESIAN_POINT('Origin',(19.8,10.,1.555));
#16488=CARTESIAN_POINT('',(19.2,10.,-1.7));
#16489=CARTESIAN_POINT('',(19.2,10.,10.9));
#16490=CARTESIAN_POINT('',(15.1,10.,-1.7));
#16491=CARTESIAN_POINT('',(15.1,10.,-1.7));
#16492=CARTESIAN_POINT('',(15.1,10.,-2.8));
#16493=CARTESIAN_POINT('',(15.1,10.,-2.8));
#16494=CARTESIAN_POINT('',(-15.1000000000003,10.,-2.79999999999974));
#16495=CARTESIAN_POINT('',(-15.1000000000003,10.,-2.79999999999974));
#16496=CARTESIAN_POINT('',(-15.1,10.,-1.7));
#16497=CARTESIAN_POINT('Origin',(-20.135,5.488888888889,-3.38));
#16498=CARTESIAN_POINT('',(-17.300000001752,5.488888888889,-2.79999710481829));
#16499=CARTESIAN_POINT('',(-17.3000000017521,5.488888888889,-2.80000108521773));
#16500=CARTESIAN_POINT('',(-20.,5.488888888889,-2.8));
#16501=CARTESIAN_POINT('Origin',(-17.3,7.688888888889,-1.62));
#16502=CARTESIAN_POINT('',(-15.0999995445107,7.68888890427761,-2.79999508833385));
#16503=CARTESIAN_POINT('',(-15.1,7.68888890427798,-2.79999663558148));
#16504=CARTESIAN_POINT('Origin',(-17.3,7.688888888889,-2.79998914329055));
#16505=CARTESIAN_POINT('Origin',(-15.1,7.573333333333,-3.38));
#16506=CARTESIAN_POINT('',(-15.1000005141538,7.688888904278,-2.79999948584621));
#16507=CARTESIAN_POINT('Origin',(17.3,-7.688888888889,-3.049994119965));
#16508=CARTESIAN_POINT('',(17.3000000107505,-5.48888655288512,-2.79999663545506));
#16509=CARTESIAN_POINT('Origin',(-18.65,5.238888888889,-3.05));
#16510=CARTESIAN_POINT('',(-17.3000000017521,5.48888437549944,-2.80000108521773));
#16511=CARTESIAN_POINT('Origin',(-17.3,7.688888888889,-3.049994119965));
#16512=CARTESIAN_POINT('',(-14.5999960283077,7.68888891407104,-3.2999970489265));
#16513=CARTESIAN_POINT('Origin',(-14.85,8.844444444444,-3.05));
#16514=CARTESIAN_POINT('',(-15.1000000000003,10.,-2.79999999999974));
#16515=CARTESIAN_POINT('Origin',(0.,9.75,-3.05));
#16516=CARTESIAN_POINT('',(15.1,10.,-2.8));
#16517=CARTESIAN_POINT('Origin',(14.85,8.844444444445,-3.05));
#16518=CARTESIAN_POINT('',(15.0999988716527,7.68888889173835,-2.79999710481835));
#16519=CARTESIAN_POINT('',(15.1,10.,-2.8));
#16520=CARTESIAN_POINT('',(15.0999954866109,7.68888889173744,-2.80000108521782));
#16521=CARTESIAN_POINT('Origin',(17.3,7.688888888889,-3.049994119965));
#16522=CARTESIAN_POINT('',(17.3000000042476,5.48888843339925,-2.79999508833432));
#16523=CARTESIAN_POINT('',(17.3000000068198,4.98888491719625,-3.29999704892598));
#16524=CARTESIAN_POINT('Origin',(17.3,7.688888888889,-2.79998914329055));
#16525=CARTESIAN_POINT('Origin',(18.65,5.238888888889,-3.05));
#16526=CARTESIAN_POINT('',(20.,5.48888888888903,-2.79999999999995));
#16527=CARTESIAN_POINT('',(17.300000004248,5.48888940304198,-2.79999948584702));
#16528=CARTESIAN_POINT('Origin',(19.75,2.84217094304E-14,-3.05));
#16529=CARTESIAN_POINT('',(20.,-5.488888888889,-2.8));
#16530=CARTESIAN_POINT('Origin',(18.65,-5.238888888889,-3.05));
#16531=CARTESIAN_POINT('Origin',(17.5,2.545782E-14,0.165));
#16532=CARTESIAN_POINT('',(18.25,2.59287743247665E-14,-1.7));
#16533=CARTESIAN_POINT('Origin',(17.5,2.65159523505814E-14,-1.7));
#16534=CARTESIAN_POINT('',(18.25,2.5365971490064E-14,0.165));
#16535=CARTESIAN_POINT('Origin',(10.5,-7.,0.165));
#16536=CARTESIAN_POINT('',(11.25,-7.,-1.7));
#16537=CARTESIAN_POINT('Origin',(10.5,-7.,-1.7));
#16538=CARTESIAN_POINT('',(11.25,-7.,0.165));
#16539=CARTESIAN_POINT('Origin',(10.5,7.,0.165));
#16540=CARTESIAN_POINT('',(11.25,7.,-1.7));
#16541=CARTESIAN_POINT('Origin',(10.5,7.,-1.7));
#16542=CARTESIAN_POINT('',(11.25,7.,0.165));
#16543=CARTESIAN_POINT('Origin',(-9.675,-1.407454E-14,-2.775));
#16544=CARTESIAN_POINT('',(-3.625,-4.96120924847215E-15,-2.8));
#16545=CARTESIAN_POINT('Origin',(-9.675,-1.49482946418687E-14,-2.8));
#16546=CARTESIAN_POINT('',(-3.625,-1.48154513134842E-14,-2.775));
#16547=CARTESIAN_POINT('Origin',(3.5,7.,-3.3));
#16548=CARTESIAN_POINT('',(4.25,7.,-1.7));
#16549=CARTESIAN_POINT('Origin',(3.5,7.,-1.7));
#16550=CARTESIAN_POINT('',(4.25,7.,-3.3));
#16551=CARTESIAN_POINT('Origin',(3.5,-7.,-3.3));
#16552=CARTESIAN_POINT('',(4.25,-7.,-1.7));
#16553=CARTESIAN_POINT('Origin',(3.5,-7.,-1.7));
#16554=CARTESIAN_POINT('',(4.25,-7.,-3.3));
#16555=CARTESIAN_POINT('Origin',(18.,-8.,-1.7));
#16556=CARTESIAN_POINT('',(19.2,10.,-1.7));
#16557=CARTESIAN_POINT('',(17.3000000000003,5.488888888889,-1.7));
#16558=CARTESIAN_POINT('',(20.,5.488888888889,-1.7));
#16559=CARTESIAN_POINT('',(15.1,7.688888888889,-1.7));
#16560=CARTESIAN_POINT('Origin',(17.3,7.688888888889,-1.7));
#16561=CARTESIAN_POINT('',(15.1,7.688888888889,-1.7));
#16562=CARTESIAN_POINT('Origin',(19.6,9.6,-0.15));
#16563=CARTESIAN_POINT('Origin',(18.8,-8.8,-1.7));
#16564=CARTESIAN_POINT('Origin',(15.1,10.11555555556,-3.38));
#16565=CARTESIAN_POINT('',(15.1,7.68888889173744,-2.80000108521782));
#16566=CARTESIAN_POINT('Origin',(17.3,7.688888888889,-1.62));
#16567=CARTESIAN_POINT('',(17.3000000042479,5.488888888889,-2.79999663558206));
#16568=CARTESIAN_POINT('Origin',(-20.135,5.488888888889,-3.38));
#16569=CARTESIAN_POINT('Origin',(18.,-8.,-1.7));
#16570=CARTESIAN_POINT('Origin',(18.,-8.,-1.7));
#16571=CARTESIAN_POINT('Origin',(18.,-8.,-1.7));
#16572=CARTESIAN_POINT('Origin',(-3.075,-6.6,-2.8));
#16573=CARTESIAN_POINT('',(-3.675003682555,-7.34787628505493E-16,-2.8));
#16574=CARTESIAN_POINT('Origin',(-9.675,0.,-2.8));
#16575=CARTESIAN_POINT('Origin',(18.,-8.,-1.7));
#16576=CARTESIAN_POINT('Origin',(18.,-8.,-1.7));
#16577=CARTESIAN_POINT('Origin',(-9.675,-1.407454E-14,-1.225));
#16578=CARTESIAN_POINT('',(-8.175,0.,-5.999999639989));
#16579=CARTESIAN_POINT('',(-9.675,1.50000000000001,-5.99999949485597));
#16580=CARTESIAN_POINT('Origin',(-9.675,-1.407454E-14,-5.99999949485598));
#16581=CARTESIAN_POINT('Origin',(-9.675,-1.407454E-14,-5.99999949485598));
#16582=CARTESIAN_POINT('',(-8.175,-1.73491629879209E-16,-10.3));
#16583=CARTESIAN_POINT('',(-8.175,-1.42582370198721E-14,-1.225));
#16584=CARTESIAN_POINT('Origin',(-9.675,7.46591528978642E-16,-10.3));
#16585=CARTESIAN_POINT('Origin',(-9.675,0.,37.09999967465));
#16586=CARTESIAN_POINT('',(-9.675,4.19999088294913,36.7));
#16587=CARTESIAN_POINT('Origin',(-9.675,0.,36.7));
#16588=CARTESIAN_POINT('',(-9.675,4.99998914636722,37.4999999999998));
#16589=CARTESIAN_POINT('',(-9.675,4.599989689309,37.09999967465));
#16590=CARTESIAN_POINT('Origin',(-9.675,0.,37.5));
#16591=CARTESIAN_POINT('Origin',(-9.675,1.354472090043E-14,37.09999593589));
#16592=CARTESIAN_POINT('',(-9.675,7.29999547807472,36.6999994977017));
#16593=CARTESIAN_POINT('Origin',(-9.675,1.354472090043E-14,36.6999994977));
#16594=CARTESIAN_POINT('',(-9.675,6.49999552637692,37.4999999999999));
#16595=CARTESIAN_POINT('',(-9.675,6.89999931518401,37.09999593589));
#16596=CARTESIAN_POINT('Origin',(-9.675,1.354472090043E-14,37.5));
#16597=CARTESIAN_POINT('Origin',(-19.3,9.3,34.7));
#16598=CARTESIAN_POINT('',(11.25,7.,34.7));
#16599=CARTESIAN_POINT('Origin',(10.5,7.,34.7));
#16600=CARTESIAN_POINT('Origin',(-19.3,9.3,34.7));
#16601=CARTESIAN_POINT('',(11.25,-7.,34.7));
#16602=CARTESIAN_POINT('Origin',(10.5,-7.,34.7));
#16603=CARTESIAN_POINT('Origin',(-19.3,9.3,34.7));
#16604=CARTESIAN_POINT('',(18.25,0.,34.7));
#16605=CARTESIAN_POINT('Origin',(17.5,0.,34.7));
#16606=CARTESIAN_POINT('Origin',(-19.3,9.3,34.7));
#16607=CARTESIAN_POINT('',(2.75,7.,34.7));
#16608=CARTESIAN_POINT('Origin',(3.5,7.,34.7));
#16609=CARTESIAN_POINT('Origin',(-19.3,9.3,34.7));
#16610=CARTESIAN_POINT('',(2.75,-7.,34.7));
#16611=CARTESIAN_POINT('Origin',(3.5,-7.,34.7));
#16612=CARTESIAN_POINT('Origin',(10.5,7.,36.7));
#16613=CARTESIAN_POINT('',(11.25,7.,36.7));
#16614=CARTESIAN_POINT('',(11.25,7.,36.7));
#16615=CARTESIAN_POINT('Origin',(10.5,7.,36.7));
#16616=CARTESIAN_POINT('Origin',(-19.3,9.3,36.7));
#16617=CARTESIAN_POINT('',(-19.5,0.5,36.7));
#16618=CARTESIAN_POINT('',(-19.5,9.5,36.7));
#16619=CARTESIAN_POINT('',(-19.5,0.5,36.7));
#16620=CARTESIAN_POINT('',(-17.4,0.5,36.7));
#16621=CARTESIAN_POINT('',(-19.5,0.5,36.7));
#16622=CARTESIAN_POINT('',(-17.,0.1,36.7));
#16623=CARTESIAN_POINT('Origin',(-17.4,0.1,36.7));
#16624=CARTESIAN_POINT('',(-17.,-0.1,36.7));
#16625=CARTESIAN_POINT('',(-17.,0.1,36.7));
#16626=CARTESIAN_POINT('',(-17.4,-0.5,36.7));
#16627=CARTESIAN_POINT('Origin',(-17.4,-0.1,36.7));
#16628=CARTESIAN_POINT('',(-19.5,-0.5,36.7));
#16629=CARTESIAN_POINT('',(-19.5,-0.5,36.7));
#16630=CARTESIAN_POINT('',(-19.5,-9.5,36.7));
#16631=CARTESIAN_POINT('',(-19.5,-9.5,36.7));
#16632=CARTESIAN_POINT('',(19.5,-9.5,36.7));
#16633=CARTESIAN_POINT('',(19.5,-9.5,36.7));
#16634=CARTESIAN_POINT('',(19.5,9.5,36.7));
#16635=CARTESIAN_POINT('',(19.5,9.5,36.7));
#16636=CARTESIAN_POINT('',(-19.5,9.5,36.7));
#16637=CARTESIAN_POINT('',(18.25,0.,36.7));
#16638=CARTESIAN_POINT('Origin',(17.5,0.,36.7));
#16639=CARTESIAN_POINT('',(11.25,-7.,36.7));
#16640=CARTESIAN_POINT('Origin',(10.5,-7.,36.7));
#16641=CARTESIAN_POINT('',(2.75,7.,36.7));
#16642=CARTESIAN_POINT('Origin',(3.5,7.,36.7));
#16643=CARTESIAN_POINT('',(2.75,-7.,36.7));
#16644=CARTESIAN_POINT('Origin',(3.5,-7.,36.7));
#16645=CARTESIAN_POINT('Origin',(-19.3,9.3,36.7));
#16646=CARTESIAN_POINT('',(-6.675,-3.67394039744206E-16,36.7));
#16647=CARTESIAN_POINT('Origin',(-9.675,0.,36.7));
#16648=CARTESIAN_POINT('Origin',(0.,9.75,36.45));
#16649=CARTESIAN_POINT('',(-19.6,9.6,36.6));
#16650=CARTESIAN_POINT('',(-19.6,9.6,36.6));
#16651=CARTESIAN_POINT('',(19.6,9.6,36.6));
#16652=CARTESIAN_POINT('',(19.6,9.6,36.6));
#16653=CARTESIAN_POINT('',(19.2,10.,36.2));
#16654=CARTESIAN_POINT('',(19.6,9.6,36.6));
#16655=CARTESIAN_POINT('',(-19.2,10.,36.2));
#16656=CARTESIAN_POINT('',(-19.2,10.,36.2));
#16657=CARTESIAN_POINT('',(-19.2,10.,36.2));
#16658=CARTESIAN_POINT('Origin',(-19.6,9.6,28.7));
#16659=CARTESIAN_POINT('',(-20.,9.2,36.2));
#16660=CARTESIAN_POINT('',(-20.,9.2,36.2));
#16661=CARTESIAN_POINT('',(-19.6,9.6,36.6));
#16662=CARTESIAN_POINT('',(-19.2,10.,36.2));
#16663=CARTESIAN_POINT('Origin',(19.6,-9.6,28.7));
#16664=CARTESIAN_POINT('',(20.,-9.2,36.2));
#16665=CARTESIAN_POINT('',(20.,-9.2,19.2));
#16666=CARTESIAN_POINT('',(19.6,-9.6,36.6));
#16667=CARTESIAN_POINT('',(19.6,-9.6,36.6));
#16668=CARTESIAN_POINT('',(19.2,-10.,36.2));
#16669=CARTESIAN_POINT('',(19.2,-10.,36.2));
#16670=CARTESIAN_POINT('',(19.2,-10.,36.2));
#16671=CARTESIAN_POINT('Origin',(-19.3,-10.,36.4));
#16672=CARTESIAN_POINT('',(-19.2,-10.,36.2));
#16673=CARTESIAN_POINT('',(-19.2,-10.,36.2));
#16674=CARTESIAN_POINT('',(-19.2,-10.,21.2));
#16675=CARTESIAN_POINT('Origin',(-19.6,-9.6,28.7));
#16676=CARTESIAN_POINT('',(-19.6,-9.6,36.6));
#16677=CARTESIAN_POINT('',(-19.6,-9.6,36.6));
#16678=CARTESIAN_POINT('',(-20.,-9.2,36.2));
#16679=CARTESIAN_POINT('',(-20.,-9.2,36.2));
#16680=CARTESIAN_POINT('',(-20.,-9.2,21.2));
#16681=CARTESIAN_POINT('Origin',(-20.,9.3,36.4));
#16682=CARTESIAN_POINT('',(-20.,-0.5,36.2));
#16683=CARTESIAN_POINT('',(-20.,-9.2,36.2));
#16684=CARTESIAN_POINT('',(-20.,-0.5,30.98));
#16685=CARTESIAN_POINT('',(-20.,-0.5,36.2));
#16686=CARTESIAN_POINT('',(-20.,-0.1,30.58));
#16687=CARTESIAN_POINT('Origin',(-20.,-0.1,30.98));
#16688=CARTESIAN_POINT('',(-20.,0.09999999999999,30.58));
#16689=CARTESIAN_POINT('',(-20.,0.09999999999999,30.58));
#16690=CARTESIAN_POINT('',(-20.,0.5,30.98));
#16691=CARTESIAN_POINT('Origin',(-20.,0.1,30.98));
#16692=CARTESIAN_POINT('',(-20.,0.5,36.2));
#16693=CARTESIAN_POINT('',(-20.,0.5,30.98));
#16694=CARTESIAN_POINT('',(-20.,0.5,36.2));
#16695=CARTESIAN_POINT('Origin',(-19.75,4.603553390593,36.45));
#16696=CARTESIAN_POINT('',(-20.,0.5,36.2));
#16697=CARTESIAN_POINT('Origin',(-19.75,4.603553390593,36.45));
#16698=CARTESIAN_POINT('',(-19.6,-9.6,36.6));
#16699=CARTESIAN_POINT('',(-19.5,-0.5,36.7));
#16700=CARTESIAN_POINT('Origin',(-10.,0.5,21.2));
#16701=CARTESIAN_POINT('',(-19.8,0.5,30.98));
#16702=CARTESIAN_POINT('',(-19.8,0.5,30.98));
#16703=CARTESIAN_POINT('',(-19.8,0.5,35.7));
#16704=CARTESIAN_POINT('',(-19.8,0.5,30.98));
#16705=CARTESIAN_POINT('',(-19.,0.5,36.5));
#16706=CARTESIAN_POINT('',(-19.8,0.5,35.7));
#16707=CARTESIAN_POINT('',(-17.4,0.5,36.5));
#16708=CARTESIAN_POINT('',(-19.,0.5,36.5));
#16709=CARTESIAN_POINT('',(-17.4,0.5,36.7));
#16710=CARTESIAN_POINT('Origin',(-17.4,0.1,36.78126126592));
#16711=CARTESIAN_POINT('',(-17.,0.1,36.5));
#16712=CARTESIAN_POINT('Origin',(-17.4,0.1,36.5));
#16713=CARTESIAN_POINT('',(-17.,0.1,36.5));
#16714=CARTESIAN_POINT('Origin',(-17.,0.5,37.15));
#16715=CARTESIAN_POINT('',(-17.,-0.09999999999756,36.5));
#16716=CARTESIAN_POINT('',(-17.,-0.09999999999919,36.5));
#16717=CARTESIAN_POINT('',(-17.,-0.1,36.7));
#16718=CARTESIAN_POINT('Origin',(-17.4,-0.1,36.38456385021));
#16719=CARTESIAN_POINT('',(-17.4,-0.5,36.5));
#16720=CARTESIAN_POINT('Origin',(-17.4,-0.1,36.5));
#16721=CARTESIAN_POINT('',(-17.4,-0.5,36.5));
#16722=CARTESIAN_POINT('Origin',(-10.,-0.5,21.2));
#16723=CARTESIAN_POINT('',(-19.,-0.5,36.5));
#16724=CARTESIAN_POINT('',(-17.4,-0.5,36.5));
#16725=CARTESIAN_POINT('',(-19.8,-0.5,35.7));
#16726=CARTESIAN_POINT('',(-19.,-0.5,36.5));
#16727=CARTESIAN_POINT('',(-19.8,-0.5,30.98));
#16728=CARTESIAN_POINT('',(-19.8,-0.5,35.7));
#16729=CARTESIAN_POINT('',(-20.,-0.5,30.98));
#16730=CARTESIAN_POINT('Origin',(-20.07813485698,-0.1,30.98));
#16731=CARTESIAN_POINT('',(-19.8,-0.09999999999999,30.58));
#16732=CARTESIAN_POINT('Origin',(-19.8,-0.1,30.98));
#16733=CARTESIAN_POINT('',(-19.8,-0.09999999999999,30.58));
#16734=CARTESIAN_POINT('Origin',(-19.8,0.5,30.58));
#16735=CARTESIAN_POINT('',(-19.8,0.09999999999998,30.58));
#16736=CARTESIAN_POINT('',(-20.,0.09999999999999,30.58));
#16737=CARTESIAN_POINT('',(-19.8,-0.09999999999999,30.58));
#16738=CARTESIAN_POINT('Origin',(-19.8,0.5,36.2));
#16739=CARTESIAN_POINT('Origin',(-19.8,0.1,30.98));
#16740=CARTESIAN_POINT('',(-19.8,0.5,35.7));
#16741=CARTESIAN_POINT('Origin',(-19.4,0.,36.1));
#16742=CARTESIAN_POINT('',(-19.,0.5,36.5));
#16743=CARTESIAN_POINT('Origin',(-17.,0.5,36.5));
#16744=CARTESIAN_POINT('Origin',(-19.71873873408,0.1,30.98));
#16745=CARTESIAN_POINT('Origin',(0.,-9.75,36.45));
#16746=CARTESIAN_POINT('',(19.6,-9.6,36.6));
#16747=CARTESIAN_POINT('Origin',(19.75,0.,36.45));
#16748=CARTESIAN_POINT('',(20.,9.2,36.2));
#16749=CARTESIAN_POINT('',(20.,9.2,36.2));
#16750=CARTESIAN_POINT('',(20.,9.2,36.2));
#16751=CARTESIAN_POINT('Origin',(19.6,9.6,28.7));
#16752=CARTESIAN_POINT('',(19.2,10.,21.2));
#16753=CARTESIAN_POINT('',(20.,9.2,21.2));
#16754=CARTESIAN_POINT('Origin',(20.,9.3,36.4));
#16755=CARTESIAN_POINT('Origin',(-19.3,10.,36.4));
#16756=CARTESIAN_POINT('Origin',(17.5,0.,48.66));
#16757=CARTESIAN_POINT('',(18.25,9.18485099360516E-17,48.66));
#16758=CARTESIAN_POINT('Origin',(10.5,-7.,36.7));
#16759=CARTESIAN_POINT('',(11.25,-7.,36.7));
#16760=CARTESIAN_POINT('Origin',(3.5,7.,36.7));
#16761=CARTESIAN_POINT('',(2.75,7.,36.7));
#16762=CARTESIAN_POINT('Origin',(3.5,-7.,36.7));
#16763=CARTESIAN_POINT('',(2.75,-7.,36.7));
#16764=CARTESIAN_POINT('Origin',(0.,0.,37.5));
#16765=CARTESIAN_POINT('Origin',(-9.675,0.,-3.5));
#16766=CARTESIAN_POINT('',(-3.675003682555,-7.34787628505493E-16,-4.05));
#16767=CARTESIAN_POINT('',(-15.6745088799736,0.0764788106025191,-4.05));
#16768=CARTESIAN_POINT('Origin',(-9.675,-2.50322373841616E-16,-4.05));
#16769=CARTESIAN_POINT('',(-3.675003682555,-7.34787628505493E-16,-3.5));
#16770=CARTESIAN_POINT('Origin',(-9.675,-2.50322373841616E-16,-4.05));
#16771=CARTESIAN_POINT('Origin',(-9.675,0.,-4.05));
#16772=CARTESIAN_POINT('',(-3.92500368255335,-1.29305387908812E-11,-4.3));
#16773=CARTESIAN_POINT('',(-15.424996317445,1.29325215303514E-11,-4.3));
#16774=CARTESIAN_POINT('Ctrl Pts',(-3.92500368255335,-1.2930871609649E-11,
-4.3));
#16775=CARTESIAN_POINT('Ctrl Pts',(-3.92500368255335,-0.141416085184383,
-4.3));
#16776=CARTESIAN_POINT('Ctrl Pts',(-3.93023515757676,-0.282490681121862,
-4.30000000027052));
#16777=CARTESIAN_POINT('Ctrl Pts',(-3.94063297552945,-0.423110965490184,
-4.29999999666515));
#16778=CARTESIAN_POINT('Ctrl Pts',(-3.95104951512101,-0.563984441652648,
-4.2999999930533));
#16779=CARTESIAN_POINT('Ctrl Pts',(-3.96665100395966,-0.704402814275683,
-4.29999998472645));
#16780=CARTESIAN_POINT('Ctrl Pts',(-3.98742394299825,-0.844255706749536,
-4.29999997934926));
#16781=CARTESIAN_POINT('Ctrl Pts',(-4.00120786002372,-0.937055317919146,
-4.29999997578121));
#16782=CARTESIAN_POINT('Ctrl Pts',(-4.01726984778763,-1.02960599042266,
-4.29999997418586));
#16783=CARTESIAN_POINT('Ctrl Pts',(-4.03561848750231,-1.12187344683914,
-4.29999997697944));
#16784=CARTESIAN_POINT('Ctrl Pts',(-4.0645114280794,-1.2671636796245,-4.29999998137839));
#16785=CARTESIAN_POINT('Ctrl Pts',(-4.09893913057788,-1.41094444456809,
-4.2999999842298));
#16786=CARTESIAN_POINT('Ctrl Pts',(-4.13879970113513,-1.55307121338254,
-4.2999999873743));
#16787=CARTESIAN_POINT('Ctrl Pts',(-4.17880667630179,-1.69572000217271,
-4.29999999053036));
#16788=CARTESIAN_POINT('Ctrl Pts',(-4.2242866895454,-1.83670353281288,-4.29999999415448));
#16789=CARTESIAN_POINT('Ctrl Pts',(-4.27518828055629,-1.97586742043379,
-4.29999999708572));
#16790=CARTESIAN_POINT('Ctrl Pts',(-4.30276602529983,-2.05126439907651,
-4.29999999867383));
#16791=CARTESIAN_POINT('Ctrl Pts',(-4.33193604963348,-2.12612703059539,
-4.3));
#16792=CARTESIAN_POINT('Ctrl Pts',(-4.3626960902973,-2.20042832684648,-4.3));
#16793=CARTESIAN_POINT('Ctrl Pts',(-4.43474753674391,-2.37446957491433,
-4.3));
#16794=CARTESIAN_POINT('Ctrl Pts',(-4.51532414063002,-2.54482148596661,
-4.29999999602527));
#16795=CARTESIAN_POINT('Ctrl Pts',(-4.60402535878938,-2.71074483043853,
-4.29999999674838));
#16796=CARTESIAN_POINT('Ctrl Pts',(-4.6895602489904,-2.87074528303314,-4.29999999744567));
#16797=CARTESIAN_POINT('Ctrl Pts',(-4.78264965072508,-3.02662786248646,
-4.29999999986108));
#16798=CARTESIAN_POINT('Ctrl Pts',(-4.88289124974036,-3.17776230946042,
-4.29999999999274));
#16799=CARTESIAN_POINT('Ctrl Pts',(-4.9886989594411,-3.3372887919616,-4.3000000001317));
#16800=CARTESIAN_POINT('Ctrl Pts',(-5.1024754944008,-3.49152481944421,-4.29999999759456));
#16801=CARTESIAN_POINT('Ctrl Pts',(-5.22369884183197,-3.63976848682537,
-4.29999999678588));
#16802=CARTESIAN_POINT('Ctrl Pts',(-5.34492218926314,-3.78801215420653,
-4.29999999597719));
#16803=CARTESIAN_POINT('Ctrl Pts',(-5.47359224349511,-3.93026340877547,
-4.3));
#16804=CARTESIAN_POINT('Ctrl Pts',(-5.60913861213698,-4.06586138786303,
-4.3));
#16805=CARTESIAN_POINT('Ctrl Pts',(-5.74230813416087,-4.19908161532784,
-4.3));
#16806=CARTESIAN_POINT('Ctrl Pts',(-5.88194204271086,-4.32563091906349,
-4.29999999602292));
#16807=CARTESIAN_POINT('Ctrl Pts',(-6.02738738917265,-4.44497961260846,
-4.29999999674603));
#16808=CARTESIAN_POINT('Ctrl Pts',(-6.16763892335732,-4.56006639798744,
-4.29999999744331));
#16809=CARTESIAN_POINT('Ctrl Pts',(-6.31329393796023,-4.66845796772534,
-4.29999999986));
#16810=CARTESIAN_POINT('Ctrl Pts',(-6.46373957291378,-4.76972600878893,
-4.29999999999263));
#16811=CARTESIAN_POINT('Ctrl Pts',(-6.62254219009647,-4.87661930591135,
-4.30000000013263));
#16812=CARTESIAN_POINT('Ctrl Pts',(-6.78668255713186,-4.97557522709269,
-4.29999999759575));
#16813=CARTESIAN_POINT('Ctrl Pts',(-6.95540976711925,-5.06614504947206,
-4.29999999678669));
#16814=CARTESIAN_POINT('Ctrl Pts',(-7.12413697710663,-5.15671487185143,
-4.29999999597764));
#16815=CARTESIAN_POINT('Ctrl Pts',(-7.29745091218737,-5.23889858715284,
-4.3));
#16816=CARTESIAN_POINT('Ctrl Pts',(-7.47457167315352,-5.31230390970271,
-4.3));
#16817=CARTESIAN_POINT('Ctrl Pts',(-7.6485854428159,-5.38442158140031,-4.3));
#16818=CARTESIAN_POINT('Ctrl Pts',(-7.82601867488892,-5.44790230957705,
-4.29999999602292));
#16819=CARTESIAN_POINT('Ctrl Pts',(-8.00606542127919,-5.50250660036974,
-4.29999999674603));
#16820=CARTESIAN_POINT('Ctrl Pts',(-8.17968274927967,-5.55516098738231,
-4.29999999744331));
#16821=CARTESIAN_POINT('Ctrl Pts',(-8.35573009414318,-5.5995619792541,-4.29999999986));
#16822=CARTESIAN_POINT('Ctrl Pts',(-8.5334773386942,-5.63554839773431,-4.29999999999263));
#16823=CARTESIAN_POINT('Ctrl Pts',(-8.72109812020158,-5.67353379647263,
-4.30000000013263));
#16824=CARTESIAN_POINT('Ctrl Pts',(-8.91061283727605,-5.70214334760814,
-4.29999999759575));
#16825=CARTESIAN_POINT('Ctrl Pts',(-9.10115602359785,-5.72124984490424,
-4.29999999678669));
#16826=CARTESIAN_POINT('Ctrl Pts',(-9.29169920991965,-5.74035634220034,
-4.29999999597764));
#16827=CARTESIAN_POINT('Ctrl Pts',(-9.48327075343453,-5.74995982311358,
-4.3));
#16828=CARTESIAN_POINT('Ctrl Pts',(-9.675,-5.749996317445,-4.3));
#16829=CARTESIAN_POINT('Ctrl Pts',(-9.86336599830414,-5.75003217160546,
-4.3));
#16830=CARTESIAN_POINT('Ctrl Pts',(-10.0515859527508,-5.74077995881156,
-4.29999999602292));
#16831=CARTESIAN_POINT('Ctrl Pts',(-10.2388236140583,-5.72232683856745,
-4.29999999674603));
#16832=CARTESIAN_POINT('Ctrl Pts',(-10.4193750713356,-5.70453267403814,
-4.29999999744331));
#16833=CARTESIAN_POINT('Ctrl Pts',(-10.5990131338768,-5.67818343948039,
-4.29999999986));
#16834=CARTESIAN_POINT('Ctrl Pts',(-10.7770015811216,-5.64340962935369,
-4.29999999999263));
#16835=CARTESIAN_POINT('Ctrl Pts',(-10.9648769638519,-5.60670419713223,
-4.30000000013263));
#16836=CARTESIAN_POINT('Ctrl Pts',(-11.1509141333462,-5.56061183344189,
-4.29999999759575));
#16837=CARTESIAN_POINT('Ctrl Pts',(-11.3342648232653,-5.50534621466636,
-4.29999999678669));
#16838=CARTESIAN_POINT('Ctrl Pts',(-11.5176155131843,-5.45008059589083,
-4.29999999597764));
#16839=CARTESIAN_POINT('Ctrl Pts',(-11.6982796343375,-5.38564179951675,
-4.3));
#16840=CARTESIAN_POINT('Ctrl Pts',(-11.8754283268465,-5.31230390970272,
-4.3));
#16841=CARTESIAN_POINT('Ctrl Pts',(-12.0494695380936,-5.24025248785608,
-4.3));
#16842=CARTESIAN_POINT('Ctrl Pts',(-12.2198214330682,-5.15967589961813,
-4.29999999602292));
#16843=CARTESIAN_POINT('Ctrl Pts',(-12.3857447726727,-5.07097468861632,
-4.29999999674603));
#16844=CARTESIAN_POINT('Ctrl Pts',(-12.545743036588,-4.98544097285762,-4.29999999744331));
#16845=CARTESIAN_POINT('Ctrl Pts',(-12.7016235502425,-4.8923529440397,-4.29999999986));
#16846=CARTESIAN_POINT('Ctrl Pts',(-12.8527560725977,-4.79211290273335,
-4.29999999999263));
#16847=CARTESIAN_POINT('Ctrl Pts',(-13.0122837326139,-4.68630470883611,
-4.30000000013263));
#16848=CARTESIAN_POINT('Ctrl Pts',(-13.1665208818891,-4.57252757482876,
-4.29999999759575));
#16849=CARTESIAN_POINT('Ctrl Pts',(-13.3147655949256,-4.45130352942357,
-4.29999999678669));
#16850=CARTESIAN_POINT('Ctrl Pts',(-13.4630103079622,-4.33007948401839,
-4.29999999597764));
#16851=CARTESIAN_POINT('Ctrl Pts',(-13.6052625320116,-4.20140863293548,
-4.3));
#16852=CARTESIAN_POINT('Ctrl Pts',(-13.740861387863,-4.06586138786304,-4.3));
#16853=CARTESIAN_POINT('Ctrl Pts',(-13.8740816153281,-3.93269186583843,
-4.3));
#16854=CARTESIAN_POINT('Ctrl Pts',(-14.0006230908497,-3.79306617937495,
-4.29999999602336));
#16855=CARTESIAN_POINT('Ctrl Pts',(-14.1199634486789,-3.64763230045352,
-4.29999999674681));
#16856=CARTESIAN_POINT('Ctrl Pts',(-14.2366989284513,-3.50537285075955,
-4.29999999745447));
#16857=CARTESIAN_POINT('Ctrl Pts',(-14.346544455026,-3.35755621349439,-4.29999999991589));
#16858=CARTESIAN_POINT('Ctrl Pts',(-14.4490578450498,-3.20481554756623,
-4.29999999999731));
#16859=CARTESIAN_POINT('Ctrl Pts',(-14.5550025168149,-3.04696241527621,
-4.30000000008144));
#16860=CARTESIAN_POINT('Ctrl Pts',(-14.6531157675018,-2.88385004634414,
-4.29999999754379));
#16861=CARTESIAN_POINT('Ctrl Pts',(-14.7429605460177,-2.71620530667269,
-4.29999999676808));
#16862=CARTESIAN_POINT('Ctrl Pts',(-14.8328053245337,-2.54856056700124,
-4.29999999599237));
#16863=CARTESIAN_POINT('Ctrl Pts',(-14.9143816428056,-2.37638351586446,
-4.3));
#16864=CARTESIAN_POINT('Ctrl Pts',(-14.9873039097027,-2.20042832684648,
-4.3));
#16865=CARTESIAN_POINT('Ctrl Pts',(-15.0468949315873,-2.05664029109763,
-4.3));
#16866=CARTESIAN_POINT('Ctrl Pts',(-15.1004982764275,-1.91070835921844,
-4.29999999933909));
#16867=CARTESIAN_POINT('Ctrl Pts',(-15.1481007548447,-1.76287585181257,
-4.29999999983171));
#16868=CARTESIAN_POINT('Ctrl Pts',(-15.1959146948826,-1.61438663696963,
-4.30000000032651));
#16869=CARTESIAN_POINT('Ctrl Pts',(-15.2376748179477,-1.46397900148336,
-4.29999999886009));
#16870=CARTESIAN_POINT('Ctrl Pts',(-15.2733226167222,-1.31187335480582,
-4.29999999920117));
#16871=CARTESIAN_POINT('Ctrl Pts',(-15.2881064048074,-1.24879238699402,
-4.29999999934263));
#16872=CARTESIAN_POINT('Ctrl Pts',(-15.3018383524914,-1.18541914651473,
-4.3));
#16873=CARTESIAN_POINT('Ctrl Pts',(-15.3145117505228,-1.1217686331619,-4.3));
#16874=CARTESIAN_POINT('Ctrl Pts',(-15.3389174864472,-0.999193960096009,
-4.3));
#16875=CARTESIAN_POINT('Ctrl Pts',(-15.3592452926118,-0.876175393860013,
-4.29999999799875));
#16876=CARTESIAN_POINT('Ctrl Pts',(-15.3755466304823,-0.752722144793698,
-4.29999999798678));
#16877=CARTESIAN_POINT('Ctrl Pts',(-15.3919946359522,-0.628158153048866,
-4.2999999979747));
#16878=CARTESIAN_POINT('Ctrl Pts',(-15.4043435840615,-0.503150950496727,
-4.29999999898507));
#16879=CARTESIAN_POINT('Ctrl Pts',(-15.4125939870609,-0.37769848050999,
-4.29999999949216));
#16880=CARTESIAN_POINT('Ctrl Pts',(-15.4208443900603,-0.252246010523253,
-4.29999999999924));
#16881=CARTESIAN_POINT('Ctrl Pts',(-15.424996317445,-0.126347569117235,
-4.3));
#16882=CARTESIAN_POINT('Ctrl Pts',(-15.424996317445,1.29301634092398E-11,
-4.3));
#16883=CARTESIAN_POINT('',(-15.4245275885706,0.0732921710745288,-4.29999999999487));
#16884=CARTESIAN_POINT('Ctrl Pts',(-15.4245275885706,0.0732921710745242,
-4.29999999999487));
#16885=CARTESIAN_POINT('Ctrl Pts',(-15.4227190698171,0.214691556290564,
-4.29999999995626));
#16886=CARTESIAN_POINT('Ctrl Pts',(-15.4156863038348,0.355728794957122,
-4.29999999926461));
#16887=CARTESIAN_POINT('Ctrl Pts',(-15.4034856090478,0.496292248328989,
-4.29999999447773));
#16888=CARTESIAN_POINT('Ctrl Pts',(-15.3912773436619,0.63694292210331,-4.29999998968787));
#16889=CARTESIAN_POINT('Ctrl Pts',(-15.3738947241772,0.777120067221789,
-4.29999998064025));
#16890=CARTESIAN_POINT('Ctrl Pts',(-15.3513422697116,0.916712694173944,
-4.29999997697393));
#16891=CARTESIAN_POINT('Ctrl Pts',(-15.340270216943,0.985245231688728,-4.29999997517396));
#16892=CARTESIAN_POINT('Ctrl Pts',(-15.3279512951561,1.05363681733864,-4.29999997491344));
#16893=CARTESIAN_POINT('Ctrl Pts',(-15.3143815124968,1.1218734468409,-4.29999997697944));
#16894=CARTESIAN_POINT('Ctrl Pts',(-15.2854885720125,1.26716367915739,-4.29999998137838));
#16895=CARTESIAN_POINT('Ctrl Pts',(-15.2510608696439,1.41094444363836,-4.2999999842298));
#16896=CARTESIAN_POINT('Ctrl Pts',(-15.2112002992521,1.55307121200013,-4.2999999873743));
#16897=CARTESIAN_POINT('Ctrl Pts',(-15.1711933242543,1.69572000032614,-4.29999999053036));
#16898=CARTESIAN_POINT('Ctrl Pts',(-15.1257133112163,1.83670353051238,-4.29999999415448));
#16899=CARTESIAN_POINT('Ctrl Pts',(-15.0748117204464,1.97586741769325,-4.29999999708572));
#16900=CARTESIAN_POINT('Ctrl Pts',(-15.0472339754074,2.05126439726213,-4.29999999867383));
#16901=CARTESIAN_POINT('Ctrl Pts',(-15.0180639507396,2.12612702969476,-4.3));
#16902=CARTESIAN_POINT('Ctrl Pts',(-14.9873039097027,2.20042832684648,-4.3));
#16903=CARTESIAN_POINT('Ctrl Pts',(-14.9152524632556,2.37446957491421,-4.3));
#16904=CARTESIAN_POINT('Ctrl Pts',(-14.8346758593692,2.54482148596641,-4.29999999602527));
#16905=CARTESIAN_POINT('Ctrl Pts',(-14.7459746412098,2.71074483043831,-4.29999999674838));
#16906=CARTESIAN_POINT('Ctrl Pts',(-14.6604397510049,2.87074528303999,-4.29999999744567));
#16907=CARTESIAN_POINT('Ctrl Pts',(-14.5673503492659,3.02662786250007,-4.29999999986108));
#16908=CARTESIAN_POINT('Ctrl Pts',(-14.4671087502456,3.17776230948037,-4.29999999999274));
#16909=CARTESIAN_POINT('Ctrl Pts',(-14.3613010405466,3.33728879197782,-4.3000000001317));
#16910=CARTESIAN_POINT('Ctrl Pts',(-14.247524505589,3.49152481945692,-4.29999999759456));
#16911=CARTESIAN_POINT('Ctrl Pts',(-14.1263011581602,3.63976848683477,-4.29999999678588));
#16912=CARTESIAN_POINT('Ctrl Pts',(-14.0050778107314,3.78801215421263,-4.29999999597719));
#16913=CARTESIAN_POINT('Ctrl Pts',(-13.8764077565021,3.93026340877844,-4.3));
#16914=CARTESIAN_POINT('Ctrl Pts',(-13.740861387863,4.06586138786304,-4.3));
#16915=CARTESIAN_POINT('Ctrl Pts',(-13.6076918658391,4.19908161532772,-4.3));
#16916=CARTESIAN_POINT('Ctrl Pts',(-13.4680579572888,4.32563091906363,-4.29999999602292));
#16917=CARTESIAN_POINT('Ctrl Pts',(-13.3226126108267,4.44497961260894,-4.29999999674603));
#16918=CARTESIAN_POINT('Ctrl Pts',(-13.1823610767172,4.56006639792617,-4.29999999744331));
#16919=CARTESIAN_POINT('Ctrl Pts',(-13.0367060621953,4.66845796760962,-4.29999999986));
#16920=CARTESIAN_POINT('Ctrl Pts',(-12.8862604273277,4.76972600862652,-4.29999999999263));
#16921=CARTESIAN_POINT('Ctrl Pts',(-12.7274578101095,4.8766193057846,-4.30000000013263));
#16922=CARTESIAN_POINT('Ctrl Pts',(-12.5633174430356,4.97557522699764,-4.29999999759575));
#16923=CARTESIAN_POINT('Ctrl Pts',(-12.3945902330076,5.06614504940421,-4.29999999678669));
#16924=CARTESIAN_POINT('Ctrl Pts',(-12.2258630229797,5.15671487181078,-4.29999999597764));
#16925=CARTESIAN_POINT('Ctrl Pts',(-12.0525490878563,5.23889858713492,-4.3));
#16926=CARTESIAN_POINT('Ctrl Pts',(-11.8754283268465,5.31230390970271,-4.3));
#16927=CARTESIAN_POINT('Ctrl Pts',(-11.7014145571856,5.38442158139949,-4.3));
#16928=CARTESIAN_POINT('Ctrl Pts',(-11.5239813251137,5.44790230957586,-4.29999999602292));
#16929=CARTESIAN_POINT('Ctrl Pts',(-11.3439345787241,5.50250660036842,-4.29999999674603));
#16930=CARTESIAN_POINT('Ctrl Pts',(-11.1703172507444,5.5551609873748,-4.29999999744331));
#16931=CARTESIAN_POINT('Ctrl Pts',(-10.9942699059018,5.59956197924252,-4.29999999986));
#16932=CARTESIAN_POINT('Ctrl Pts',(-10.8165226613716,5.63554839772071,-4.29999999999263));
#16933=CARTESIAN_POINT('Ctrl Pts',(-10.6289018798544,5.67353379646336,-4.30000000013263));
#16934=CARTESIAN_POINT('Ctrl Pts',(-10.4393871627693,5.70214334760228,-4.29999999759575));
#16935=CARTESIAN_POINT('Ctrl Pts',(-10.2488439764365,5.7212498449007,-4.29999999678669));
#16936=CARTESIAN_POINT('Ctrl Pts',(-10.0583007901036,5.74035634219912,-4.29999999597764));
#16937=CARTESIAN_POINT('Ctrl Pts',(-9.86672924657722,5.74995982311358,-4.3));
#16938=CARTESIAN_POINT('Ctrl Pts',(-9.675,5.749996317445,-4.3));
#16939=CARTESIAN_POINT('Ctrl Pts',(-9.4866340016946,5.75003217160546,-4.3));
#16940=CARTESIAN_POINT('Ctrl Pts',(-9.29841404724776,5.74077995881146,-4.29999999602292));
#16941=CARTESIAN_POINT('Ctrl Pts',(-9.11117638594061,5.72232683856735,-4.29999999674603));
#16942=CARTESIAN_POINT('Ctrl Pts',(-8.93062492849659,5.70453267402159,-4.29999999744331));
#16943=CARTESIAN_POINT('Ctrl Pts',(-8.75098686579097,5.67818343943164,-4.29999999986));
#16944=CARTESIAN_POINT('Ctrl Pts',(-8.57299841838536,5.64340962925738,-4.29999999999263));
#16945=CARTESIAN_POINT('Ctrl Pts',(-8.3851230357413,5.60670419703573,-4.30000000013263));
#16946=CARTESIAN_POINT('Ctrl Pts',(-8.19908586633234,5.56061183335368,-4.29999999759575));
#16947=CARTESIAN_POINT('Ctrl Pts',(-8.015735176496,5.50534621459442,-4.29999999678669));
#16948=CARTESIAN_POINT('Ctrl Pts',(-7.83238448665965,5.45008059583516,-4.29999999597764));
#16949=CARTESIAN_POINT('Ctrl Pts',(-7.65172036558653,5.38564179948533,-4.3));
#16950=CARTESIAN_POINT('Ctrl Pts',(-7.47457167315352,5.31230390970271,-4.3));
#16951=CARTESIAN_POINT('Ctrl Pts',(-7.30053046190478,5.24025248785538,-4.3));
#16952=CARTESIAN_POINT('Ctrl Pts',(-7.13017856692916,5.15967589961678,-4.29999999602292));
#16953=CARTESIAN_POINT('Ctrl Pts',(-6.96425522732403,5.0709746886145,-4.29999999674603));
#16954=CARTESIAN_POINT('Ctrl Pts',(-6.80425696338313,4.98544097284193,-4.29999999744331));
#16955=CARTESIAN_POINT('Ctrl Pts',(-6.64837644970474,4.89235294400794,-4.29999999986));
#16956=CARTESIAN_POINT('Ctrl Pts',(-6.4972439273276,4.79211290268357,-4.29999999999263));
#16957=CARTESIAN_POINT('Ctrl Pts',(-6.337716267325,4.68630470879174,-4.30000000013263));
#16958=CARTESIAN_POINT('Ctrl Pts',(-6.18347911806308,4.5725275747913,-4.29999999759575));
#16959=CARTESIAN_POINT('Ctrl Pts',(-6.03523440503907,4.45130352939445,-4.29999999678669));
#16960=CARTESIAN_POINT('Ctrl Pts',(-5.88698969201506,4.3300794839976,-4.29999999597764));
#16961=CARTESIAN_POINT('Ctrl Pts',(-5.74473746797751,4.20140863292445,-4.3));
#16962=CARTESIAN_POINT('Ctrl Pts',(-5.60913861213698,4.06586138786303,-4.3));
#16963=CARTESIAN_POINT('Ctrl Pts',(-5.4759183846727,3.93269186583937,-4.3));
#16964=CARTESIAN_POINT('Ctrl Pts',(-5.34937690915096,3.79306617937603,-4.29999999602336));
#16965=CARTESIAN_POINT('Ctrl Pts',(-5.2300365513214,3.64763230045425,-4.29999999674681));
#16966=CARTESIAN_POINT('Ctrl Pts',(-5.11330107168506,3.50537285092625,-4.29999999745447));
#16967=CARTESIAN_POINT('Ctrl Pts',(-5.00345554523012,3.3575562138396,-4.29999999991589));
#16968=CARTESIAN_POINT('Ctrl Pts',(-4.9009421553085,3.20481554810073,-4.29999999999731));
#16969=CARTESIAN_POINT('Ctrl Pts',(-4.79499748346533,3.04696241573253,-4.30000000008144));
#16970=CARTESIAN_POINT('Ctrl Pts',(-4.6968842327089,2.88385004671555,-4.29999999754379));
#16971=CARTESIAN_POINT('Ctrl Pts',(-4.60703945413293,2.71620530695436,-4.29999999676808));
#16972=CARTESIAN_POINT('Ctrl Pts',(-4.51719467555696,2.54856056719316,-4.29999999599237));
#16973=CARTESIAN_POINT('Ctrl Pts',(-4.43561835723459,2.37638351596181,-4.3));
#16974=CARTESIAN_POINT('Ctrl Pts',(-4.3626960902973,2.20042832684648,-4.3));
#16975=CARTESIAN_POINT('Ctrl Pts',(-4.30310506832122,2.05664029087673,-4.3));
#16976=CARTESIAN_POINT('Ctrl Pts',(-4.24950172340754,1.9107083587685,-4.29999999933909));
#16977=CARTESIAN_POINT('Ctrl Pts',(-4.20189924493517,1.76287585112751,-4.29999999983171));
#16978=CARTESIAN_POINT('Ctrl Pts',(-4.15408530483895,1.61438663603921,-4.30000000032651));
#16979=CARTESIAN_POINT('Ctrl Pts',(-4.11232518173482,1.4639790003012,-4.29999999886009));
#16980=CARTESIAN_POINT('Ctrl Pts',(-4.07667738294122,1.31187335336763,-4.29999999920117));
#16981=CARTESIAN_POINT('Ctrl Pts',(-4.06189359498419,1.24879238603067,-4.29999999934263));
#16982=CARTESIAN_POINT('Ctrl Pts',(-4.04816164741248,1.18541914603086,-4.3));
#16983=CARTESIAN_POINT('Ctrl Pts',(-4.03548824947715,1.1217686331619,-4.3));
#16984=CARTESIAN_POINT('Ctrl Pts',(-4.01108251355258,0.999193960097157,
-4.3));
#16985=CARTESIAN_POINT('Ctrl Pts',(-3.99075470738783,0.876175393862268,
-4.29999999799875));
#16986=CARTESIAN_POINT('Ctrl Pts',(-3.9744533695172,0.752722144797012,-4.29999999798678));
#16987=CARTESIAN_POINT('Ctrl Pts',(-3.95800536404689,0.628158153051744,
-4.2999999979747));
#16988=CARTESIAN_POINT('Ctrl Pts',(-3.94565641593737,0.503150950499118,
-4.29999999898507));
#16989=CARTESIAN_POINT('Ctrl Pts',(-3.93740601293775,0.37769848051183,-4.29999999949216));
#16990=CARTESIAN_POINT('Ctrl Pts',(-3.92915560993813,0.252246010524543,
-4.29999999999924));
#16991=CARTESIAN_POINT('Ctrl Pts',(-3.92500368255335,0.126347569117905,
-4.3));
#16992=CARTESIAN_POINT('Ctrl Pts',(-3.92500368255335,-1.29301634092435E-11,
-4.3));
#16993=CARTESIAN_POINT('Origin',(-15.4245291898807,0.0732921915382641,-4.05));
#16994=CARTESIAN_POINT('Ctrl Pts',(-15.424996317445,1.2933415146313E-11,
-4.3));
#16995=CARTESIAN_POINT('Ctrl Pts',(-15.424996317445,0.0244411009802287,
-4.3));
#16996=CARTESIAN_POINT('Ctrl Pts',(-15.4248399257761,0.0488720268202468,
-4.30000000000154));
#16997=CARTESIAN_POINT('Ctrl Pts',(-15.4245275885706,0.0732921710745242,
-4.29999999999487));
#16998=CARTESIAN_POINT('Origin',(-19.35,0.,-4.3));
#16999=CARTESIAN_POINT('',(-6.7,3.03610352288615E-16,-4.3));
#17000=CARTESIAN_POINT('Origin',(-9.675,-3.33971387517476E-16,-4.3));
#17001=CARTESIAN_POINT('Origin',(-9.675,0.,-4.3));
#17002=CARTESIAN_POINT('',(-6.7,-3.72203220555089E-8,-9.52495662893407));
#17003=CARTESIAN_POINT('',(-9.675,2.9750000000001,-9.52495662893405));
#17004=CARTESIAN_POINT('Origin',(-9.67499999999997,-2.33146835171283E-14,
-9.52495662893408));
#17005=CARTESIAN_POINT('',(-6.7,-3.64332422746338E-16,-4.3));
#17006=CARTESIAN_POINT('Origin',(-9.67499999999997,-2.33146835171283E-14,
-9.52495662893408));
#17007=CARTESIAN_POINT('Origin',(-19.35,0.,-10.3));
#17008=CARTESIAN_POINT('',(-9.675,2.19996792774684,-10.3));
#17009=CARTESIAN_POINT('Origin',(-9.675,0.,-10.3));
#17010=CARTESIAN_POINT('Origin',(-9.675,0.,-9.912476497077));
#17011=CARTESIAN_POINT('',(-9.675,2.587485781237,-9.912476497077));
#17012=CARTESIAN_POINT('Origin',(-19.3,9.3,34.7));
#17013=CARTESIAN_POINT('',(-10.975,-1.59204083889156E-16,34.7));
#17014=CARTESIAN_POINT('Origin',(-9.675,0.,34.7));
#17015=CARTESIAN_POINT('Origin',(-9.675,0.,41.));
#17016=CARTESIAN_POINT('',(-10.975,-1.5920408388916E-16,40.8));
#17017=CARTESIAN_POINT('Origin',(-9.675,0.,40.8));
#17018=CARTESIAN_POINT('',(-11.375,-2.08189955855047E-16,41.2));
#17019=CARTESIAN_POINT('',(-11.175,-1.83697019872103E-16,41.));
#17020=CARTESIAN_POINT('Origin',(-9.675,0.,41.2));
#17021=CARTESIAN_POINT('Origin',(-9.675,0.,41.2));
#17022=CARTESIAN_POINT('',(-7.10731830362,0.1091361813278,41.2));
#17023=CARTESIAN_POINT('',(-7.113886850221,0.2135402398305,41.2));
#17024=CARTESIAN_POINT('Origin',(-7.050189704234,0.1651390663621,41.2));
#17025=CARTESIAN_POINT('',(-7.215127810368,0.744263938852,41.2));
#17026=CARTESIAN_POINT('Origin',(-9.675,0.,41.2));
#17027=CARTESIAN_POINT('',(-7.247454227527,0.8437544207583,41.2));
#17028=CARTESIAN_POINT('Origin',(-7.173721362144,0.8127146952061,41.2));
#17029=CARTESIAN_POINT('',(-7.477500133568,1.332626855887,41.2));
#17030=CARTESIAN_POINT('Origin',(-9.675,0.,41.2));
#17031=CARTESIAN_POINT('',(-7.533553233607,1.420952408318,41.2));
#17032=CARTESIAN_POINT('Origin',(-7.45441755593,1.409224470795,41.2));
#17033=CARTESIAN_POINT('',(-7.877949455215,1.837255926508,41.2));
#17034=CARTESIAN_POINT('Origin',(-9.675,0.,41.2));
#17035=CARTESIAN_POINT('',(-7.95420721571,1.908866730166,41.2));
#17036=CARTESIAN_POINT('Origin',(-7.874641111408,1.917187490118,41.2));
#17037=CARTESIAN_POINT('',(-8.39131407166722,2.22644345030344,41.1999999999997));
#17038=CARTESIAN_POINT('Origin',(-9.675,0.,41.2));
#17039=CARTESIAN_POINT('',(-8.482984937082,2.276839935037,41.2));
#17040=CARTESIAN_POINT('Origin',(-8.407987837112,2.304686568515,41.2));
#17041=CARTESIAN_POINT('',(-8.9853373960885,2.475735343846,41.2));
#17042=CARTESIAN_POINT('Origin',(-9.675,0.,41.2));
#17043=CARTESIAN_POINT('',(-9.0866613487831,2.501750913157,41.2));
#17044=CARTESIAN_POINT('Origin',(-9.0209455967564,2.547373713768,41.2));
#17045=CARTESIAN_POINT('',(-9.62269475830216,2.569467680608,41.2));
#17046=CARTESIAN_POINT('Origin',(-9.675,0.,41.2));
#17047=CARTESIAN_POINT('',(-9.72730524169784,2.569467680608,41.2));
#17048=CARTESIAN_POINT('Origin',(-9.675,2.63,41.2));
#17049=CARTESIAN_POINT('',(-10.2633386512169,2.501750913157,41.2));
#17050=CARTESIAN_POINT('Origin',(-9.675,0.,41.2));
#17051=CARTESIAN_POINT('',(-10.3646626039115,2.475735343846,41.2));
#17052=CARTESIAN_POINT('Origin',(-10.3290544032435,2.547373713768,41.2));
#17053=CARTESIAN_POINT('',(-10.867015062918,2.276839935037,41.2));
#17054=CARTESIAN_POINT('Origin',(-9.675,0.,41.2));
#17055=CARTESIAN_POINT('',(-10.9586859283325,2.2264434503036,41.1999999999997));
#17056=CARTESIAN_POINT('Origin',(-10.942012162887,2.304686568515,41.2));
#17057=CARTESIAN_POINT('',(-11.39579278429,1.908866730166,41.2));
#17058=CARTESIAN_POINT('Origin',(-9.675,0.,41.2));
#17059=CARTESIAN_POINT('',(-11.472050544785,1.837255926508,41.2));
#17060=CARTESIAN_POINT('Origin',(-11.475358888592,1.917187490118,41.2));
#17061=CARTESIAN_POINT('',(-11.816446766393,1.420952408318,41.2));
#17062=CARTESIAN_POINT('Origin',(-9.675,0.,41.2));
#17063=CARTESIAN_POINT('',(-11.872499866432,1.332626855887,41.2));
#17064=CARTESIAN_POINT('Origin',(-11.89558244407,1.409224470795,41.2));
#17065=CARTESIAN_POINT('',(-12.102545772473,0.8437544207583,41.2));
#17066=CARTESIAN_POINT('Origin',(-9.675,0.,41.2));
#17067=CARTESIAN_POINT('',(-12.134872189632,0.7442639388521,41.2));
#17068=CARTESIAN_POINT('Origin',(-12.176278637856,0.8127146952061,41.2));
#17069=CARTESIAN_POINT('',(-12.236113149779,0.2135402398305,41.2));
#17070=CARTESIAN_POINT('Origin',(-9.675,0.,41.2));
#17071=CARTESIAN_POINT('',(-12.24268169638,0.1091361813279,41.2));
#17072=CARTESIAN_POINT('Origin',(-12.299810295766,0.1651390663621,41.2));
#17073=CARTESIAN_POINT('',(-12.2087563687711,-0.43009145970549,41.1999999999999));
#17074=CARTESIAN_POINT('Origin',(-9.675,0.,41.2));
#17075=CARTESIAN_POINT('',(-12.189154318872,-0.532849003844,41.2));
#17076=CARTESIAN_POINT('Origin',(-12.258415469416,-0.4928128573604,41.2));
#17077=CARTESIAN_POINT('',(-12.022194356607,-1.046698931075,41.2));
#17078=CARTESIAN_POINT('Origin',(-9.675,0.,41.2));
#17079=CARTESIAN_POINT('',(-11.977653379096,-1.141353326423,41.2));
#17080=CARTESIAN_POINT('Origin',(-12.054695147986,-1.119799536816,41.2));
#17081=CARTESIAN_POINT('',(-11.688149490641,-1.597538459109,41.2));
#17082=CARTESIAN_POINT('Origin',(-9.675,0.,41.2));
#17083=CARTESIAN_POINT('',(-11.621468258945,-1.67814222189889,41.2));
#17084=CARTESIAN_POINT('Origin',(-11.7014498285,-1.676425093039,41.2));
#17085=CARTESIAN_POINT('',(-11.227611038332,-2.047998770422,41.2));
#17086=CARTESIAN_POINT('Origin',(-9.675,0.,41.2));
#17087=CARTESIAN_POINT('',(-11.142979379475,-2.109487269797,41.2));
#17088=CARTESIAN_POINT('Origin',(-11.220875213529,-2.127714695206,41.2));
#17089=CARTESIAN_POINT('',(-10.6695163243811,-2.369775786976,41.2));
#17090=CARTESIAN_POINT('Origin',(-9.675,0.,41.2));
#17091=CARTESIAN_POINT('',(-10.5722519567424,-2.408285474383,41.2));
#17092=CARTESIAN_POINT('Origin',(-10.6431675735607,-2.445312157886,41.2));
#17093=CARTESIAN_POINT('',(-10.0489324921939,-2.54265107541,41.2));
#17094=CARTESIAN_POINT('Origin',(-9.675,0.,41.2));
#17095=CARTESIAN_POINT('',(-9.9451468937054,-2.555762245558,41.2));
#17096=CARTESIAN_POINT('Origin',(-10.0046264042741,-2.609261664457,41.2));
#17097=CARTESIAN_POINT('',(-9.4048531062946,-2.555762245558,41.2));
#17098=CARTESIAN_POINT('Origin',(-9.675,0.,41.2));
#17099=CARTESIAN_POINT('',(-9.3010675078062,-2.54265107541,41.2));
#17100=CARTESIAN_POINT('Origin',(-9.3453735957259,-2.609261664457,41.2));
#17101=CARTESIAN_POINT('',(-8.7777480432577,-2.408285474383,41.2));
#17102=CARTESIAN_POINT('Origin',(-9.675,0.,41.2));
#17103=CARTESIAN_POINT('',(-8.680483675619,-2.369775786976,41.2));
#17104=CARTESIAN_POINT('Origin',(-8.7068324264393,-2.445312157886,41.2));
#17105=CARTESIAN_POINT('',(-8.207020620525,-2.109487269797,41.2));
#17106=CARTESIAN_POINT('Origin',(-9.675,0.,41.2));
#17107=CARTESIAN_POINT('',(-8.122388961668,-2.047998770422,41.2));
#17108=CARTESIAN_POINT('Origin',(-8.129124786471,-2.127714695206,41.2));
#17109=CARTESIAN_POINT('',(-7.72853174110976,-1.67814222195999,41.1999999999983));
#17110=CARTESIAN_POINT('Origin',(-9.675,0.,41.2));
#17111=CARTESIAN_POINT('',(-7.661850509359,-1.597538459109,41.2));
#17112=CARTESIAN_POINT('Origin',(-7.6485501715,-1.676425093039,41.2));
#17113=CARTESIAN_POINT('',(-7.372346620904,-1.141353326423,41.2));
#17114=CARTESIAN_POINT('Origin',(-9.675,0.,41.2));
#17115=CARTESIAN_POINT('',(-7.327805643393,-1.046698931075,41.2));
#17116=CARTESIAN_POINT('Origin',(-7.295304852014,-1.119799536816,41.2));
#17117=CARTESIAN_POINT('',(-7.160845681128,-0.532849003844,41.2));
#17118=CARTESIAN_POINT('Origin',(-9.675,0.,41.2));
#17119=CARTESIAN_POINT('',(-7.14124363122893,-0.430091459705574,41.1999999999999));
#17120=CARTESIAN_POINT('Origin',(-7.091584530584,-0.4928128573605,41.2));
#17121=CARTESIAN_POINT('Origin',(-9.675,0.,41.2));
#17122=CARTESIAN_POINT('Origin',(-9.675,0.,41.));
#17123=CARTESIAN_POINT('',(-7.117893862323,-0.4172627477415,41.17907352478));
#17124=CARTESIAN_POINT('',(-6.718041215101,-0.2780193237998,40.8));
#17125=CARTESIAN_POINT('Ctrl Pts',(-7.11789386232319,-0.417262747741471,
41.1790735247798));
#17126=CARTESIAN_POINT('Ctrl Pts',(-7.07507967894538,-0.402353271642641,
41.1392193478596));
#17127=CARTESIAN_POINT('Ctrl Pts',(-7.03173490067728,-0.387259874578498,
41.09860091622));
#17128=CARTESIAN_POINT('Ctrl Pts',(-6.98785166941348,-0.371977909135617,
41.0572276698074));
#17129=CARTESIAN_POINT('Ctrl Pts',(-6.94396843814966,-0.356695943692731,
41.0158544233947));
#17130=CARTESIAN_POINT('Ctrl Pts',(-6.8995467850427,-0.341225471655756,
40.9737263397102));
#17131=CARTESIAN_POINT('Ctrl Pts',(-6.85458051443618,-0.325566464633721,
40.9308523114423));
#17132=CARTESIAN_POINT('Ctrl Pts',(-6.80961424382967,-0.30990745761169,
40.8879782831745));
#17133=CARTESIAN_POINT('Ctrl Pts',(-6.76410333627771,-0.294059851506932,
40.8443583222893));
#17134=CARTESIAN_POINT('Ctrl Pts',(-6.71804121510082,-0.278019323799816,
40.8000000000002));
#17135=CARTESIAN_POINT('',(-6.706512657475,-0.09477814763654,40.8));
#17136=CARTESIAN_POINT('Origin',(-9.675,0.,40.8));
#17137=CARTESIAN_POINT('',(-7.085760518568,0.09348212554293,41.17907352478));
#17138=CARTESIAN_POINT('Ctrl Pts',(-7.08576051857946,0.093482125548618,
41.1790735247901));
#17139=CARTESIAN_POINT('Ctrl Pts',(-6.90906274556654,0.00576858928314516,
41.0056555576444));
#17140=CARTESIAN_POINT('Ctrl Pts',(-6.70651265745183,-0.0947781476478647,
40.7999999999763));
#17141=CARTESIAN_POINT('Origin',(-7.0613619200471,0.149238043995908,41.1518429378785));
#17142=CARTESIAN_POINT('Ctrl Pts',(-7.14124363122741,-0.430091459709555,
41.199999999998));
#17143=CARTESIAN_POINT('Ctrl Pts',(-7.13411567679705,-0.424447966106166,
41.1939170110748));
#17144=CARTESIAN_POINT('Ctrl Pts',(-7.12614175118576,-0.420134966528878,
41.1867511866202));
#17145=CARTESIAN_POINT('Ctrl Pts',(-7.11789386232318,-0.417262747741534,
41.1790735247798));
#17146=CARTESIAN_POINT('Origin',(-7.091584530584,-0.4928128573605,37.2));
#17147=CARTESIAN_POINT('',(-7.143858178903,-0.5533724618126,41.17907352478));
#17148=CARTESIAN_POINT('',(-7.143858178903,-0.5533724618126,37.2));
#17149=CARTESIAN_POINT('',(-7.143858178903,-0.5533724618126,41.17907352478));
#17150=CARTESIAN_POINT('',(-7.117893862323,-0.4172627477415,37.2));
#17151=CARTESIAN_POINT('Origin',(-7.091584530584,-0.4928128573605,37.2));
#17152=CARTESIAN_POINT('',(-7.117893862323,-0.4172627477415,37.2));
#17153=CARTESIAN_POINT('Origin',(-7.1063601706028,-0.505435900005505,41.1518429349665));
#17154=CARTESIAN_POINT('Origin',(-9.675,0.,41.));
#17155=CARTESIAN_POINT('',(-7.301999079481,-1.040080108076,41.17907352478));
#17156=CARTESIAN_POINT('',(-6.88008010706,-1.004650582069,40.8));
#17157=CARTESIAN_POINT('Ctrl Pts',(-7.30199907948128,-1.04008010807588,
41.1790735247797));
#17158=CARTESIAN_POINT('Ctrl Pts',(-7.25682214647546,-1.0362864950188,41.1392193478595));
#17159=CARTESIAN_POINT('Ctrl Pts',(-7.21108554890946,-1.03244669279479,
41.0986009162201));
#17160=CARTESIAN_POINT('Ctrl Pts',(-7.16478051978982,-1.02855815422924,
41.0572276698075));
#17161=CARTESIAN_POINT('Ctrl Pts',(-7.11847549067017,-1.02466961566368,
41.0158544233949));
#17162=CARTESIAN_POINT('Ctrl Pts',(-7.07160207553596,-1.02073239285285,
40.9737263397104));
#17163=CARTESIAN_POINT('Ctrl Pts',(-7.02415426631824,-1.01674799909482,
40.9308523114424));
#17164=CARTESIAN_POINT('Ctrl Pts',(-6.97670645710054,-1.0127636053368,40.8879782831743));
#17165=CARTESIAN_POINT('Ctrl Pts',(-6.92868421902393,-1.00873198338366,
40.844358322289));
#17166=CARTESIAN_POINT('Ctrl Pts',(-6.88008010706029,-1.00465058206889,
40.7999999999997));
#17167=CARTESIAN_POINT('',(-6.823343512848,-0.8300333001065,40.8));
#17168=CARTESIAN_POINT('Origin',(-9.675,0.,40.8));
#17169=CARTESIAN_POINT('Ctrl Pts',(-6.82334351284817,-0.830033300106449,
40.7999999999998));
#17170=CARTESIAN_POINT('Ctrl Pts',(-6.86026607794894,-0.798162596844302,
40.8443583223222));
#17171=CARTESIAN_POINT('Ctrl Pts',(-6.89674715675681,-0.766674182827502,
40.8879782832342));
#17172=CARTESIAN_POINT('Ctrl Pts',(-6.93279127288021,-0.735561618044208,
40.9308523115146));
#17173=CARTESIAN_POINT('Ctrl Pts',(-6.96883538900362,-0.704449053260904,
40.9737263397951));
#17174=CARTESIAN_POINT('Ctrl Pts',(-7.00444253692693,-0.673712270956024,
41.0158544234778));
#17175=CARTESIAN_POINT('Ctrl Pts',(-7.03961846677707,-0.643348963958537,
41.0572276698774));
#17176=CARTESIAN_POINT('Ctrl Pts',(-7.0747943966272,-0.612985656961057,
41.098600916277));
#17177=CARTESIAN_POINT('Ctrl Pts',(-7.10953910218367,-0.582995894184906,
41.1392193478924));
#17178=CARTESIAN_POINT('Ctrl Pts',(-7.14385817890324,-0.553372461812548,
41.1790735247797));
#17179=CARTESIAN_POINT('Origin',(-7.29657176972965,-1.11324261373338,41.1437111450631));
#17180=CARTESIAN_POINT('Origin',(-7.295304852014,-1.119799536816,37.2));
#17181=CARTESIAN_POINT('',(-7.360996788745,-1.165456622231,41.17907352478));
#17182=CARTESIAN_POINT('',(-7.360996788745,-1.165456622231,37.2));
#17183=CARTESIAN_POINT('',(-7.360996788745,-1.165456622231,41.17907352478));
#17184=CARTESIAN_POINT('',(-7.301999079481,-1.040080108076,37.2));
#17185=CARTESIAN_POINT('Origin',(-7.295304852014,-1.119799536816,37.2));
#17186=CARTESIAN_POINT('',(-7.301999079481,-1.040080108076,37.2));
#17187=CARTESIAN_POINT('Origin',(-7.31275551278771,-1.12835145171045,41.1518429361306));
#17188=CARTESIAN_POINT('Origin',(-9.675,0.,41.));
#17189=CARTESIAN_POINT('',(-7.635208671762,-1.597545410073,41.17907352478));
#17190=CARTESIAN_POINT('',(-7.21773409489,-1.66815594942,40.8));
#17191=CARTESIAN_POINT('Ctrl Pts',(-7.63520867176231,-1.59754541007276,
41.1790735247796));
#17192=CARTESIAN_POINT('Ctrl Pts',(-7.59050762197845,-1.60510602671765,
41.1392193478594));
#17193=CARTESIAN_POINT('Ctrl Pts',(-7.54525300374704,-1.61276108822944,
41.0986009162201));
#17194=CARTESIAN_POINT('Ctrl Pts',(-7.49943569204906,-1.62051030772038,
41.0572276698075));
#17195=CARTESIAN_POINT('Ctrl Pts',(-7.45361838035107,-1.62825952721132,
41.0158544233949));
#17196=CARTESIAN_POINT('Ctrl Pts',(-7.40723843225071,-1.63610294381587,
40.9737263397102));
#17197=CARTESIAN_POINT('Ctrl Pts',(-7.36029040477582,-1.64404351743494,
40.9308523114422));
#17198=CARTESIAN_POINT('Ctrl Pts',(-7.31334237730094,-1.65198409105402,
40.8879782831743));
#17199=CARTESIAN_POINT('Ctrl Pts',(-7.26582622253168,-1.66002177488654,
40.8443583222892));
#17200=CARTESIAN_POINT('Ctrl Pts',(-7.21773409489012,-1.66815594941992,
40.7999999999998));
#17201=CARTESIAN_POINT('',(-7.119354432968,-1.513134407682,40.8));
#17202=CARTESIAN_POINT('Origin',(-9.675,0.,40.8));
#17203=CARTESIAN_POINT('Ctrl Pts',(-7.11935443296813,-1.51313440768192,
40.7999999999998));
#17204=CARTESIAN_POINT('Ctrl Pts',(-7.14719108619218,-1.47308271262008,
40.8443583223221));
#17205=CARTESIAN_POINT('Ctrl Pts',(-7.17469519469638,-1.43351108966019,
40.8879782832342));
#17206=CARTESIAN_POINT('Ctrl Pts',(-7.20186953840594,-1.39441217613984,
40.9308523115147));
#17207=CARTESIAN_POINT('Ctrl Pts',(-7.22904388211551,-1.35531326261947,
40.9737263397952));
#17208=CARTESIAN_POINT('Ctrl Pts',(-7.25588843908677,-1.31668699525248,
41.0158544234779));
#17209=CARTESIAN_POINT('Ctrl Pts',(-7.28240820502538,-1.27852970935313,
41.0572276698775));
#17210=CARTESIAN_POINT('Ctrl Pts',(-7.30892797096398,-1.2403724234538,41.098600916277));
#17211=CARTESIAN_POINT('Ctrl Pts',(-7.33512295698309,-1.20268418731796,
41.1392193478921));
#17212=CARTESIAN_POINT('Ctrl Pts',(-7.36099678874537,-1.16545662223081,
41.1790735247796));
#17213=CARTESIAN_POINT('Origin',(-7.64814664619673,-1.66975909679973,41.1437111459095));
#17214=CARTESIAN_POINT('Origin',(-7.6485501715,-1.676425093039,37.2));
#17215=CARTESIAN_POINT('',(-7.723532730659,-1.704310856825,41.17907352478));
#17216=CARTESIAN_POINT('',(-7.723532730659,-1.704310856825,37.2));
#17217=CARTESIAN_POINT('',(-7.723532730659,-1.704310856825,41.17907352478));
#17218=CARTESIAN_POINT('',(-7.635208671762,-1.597545410073,37.2));
#17219=CARTESIAN_POINT('Origin',(-7.6485501715,-1.676425093039,37.2));
#17220=CARTESIAN_POINT('',(-7.635208671762,-1.597545410073,37.2));
#17221=CARTESIAN_POINT('Ctrl Pts',(-7.72353273065936,-1.70431085682473,
41.1790735247796));
#17222=CARTESIAN_POINT('Ctrl Pts',(-7.72657700093892,-1.69612506072862,
41.1867510622003));
#17223=CARTESIAN_POINT('Ctrl Pts',(-7.72833659348845,-1.68723193476055,
41.1939168562326));
#17224=CARTESIAN_POINT('Ctrl Pts',(-7.72853174105408,-1.67814222194106,
41.1999999999718));
#17225=CARTESIAN_POINT('Origin',(-9.675,0.,41.));
#17226=CARTESIAN_POINT('',(-8.096585855025,-2.054631058595,41.17907352478));
#17227=CARTESIAN_POINT('',(-7.70978713673,-2.22684494342,40.8));
#17228=CARTESIAN_POINT('Ctrl Pts',(-8.09658585502524,-2.05463105859468,
41.1790735247796));
#17229=CARTESIAN_POINT('Ctrl Pts',(-8.05516941981925,-2.07307084359068,
41.1392193478596));
#17230=CARTESIAN_POINT('Ctrl Pts',(-8.01324029502053,-2.09173977317037,
41.0986009162199));
#17231=CARTESIAN_POINT('Ctrl Pts',(-7.97078957094263,-2.11063983875774,
41.0572276698073));
#17232=CARTESIAN_POINT('Ctrl Pts',(-7.92833884686473,-2.12953990434511,
41.0158544233947));
#17233=CARTESIAN_POINT('Ctrl Pts',(-7.8853665885114,-2.14867112965382,40.9737263397101));
#17234=CARTESIAN_POINT('Ctrl Pts',(-7.84186826000843,-2.16803773520628,
40.9308523114422));
#17235=CARTESIAN_POINT('Ctrl Pts',(-7.79836993150547,-2.18740434075873,
40.8879782831743));
#17236=CARTESIAN_POINT('Ctrl Pts',(-7.75434547479956,-2.20700629314137,
40.8443583222892));
#17237=CARTESIAN_POINT('Ctrl Pts',(-7.70978713672986,-2.22684494342016,
40.8000000000002));
#17238=CARTESIAN_POINT('',(-7.575945963072,-2.101159715504,40.8));
#17239=CARTESIAN_POINT('Origin',(-9.675,0.,40.8));
#17240=CARTESIAN_POINT('Ctrl Pts',(-7.57594596307206,-2.10115971550394,
40.7999999999999));
#17241=CARTESIAN_POINT('Ctrl Pts',(-7.59294762512055,-2.05544362394245,
40.8443583223221));
#17242=CARTESIAN_POINT('Ctrl Pts',(-7.60974657903087,-2.01027522264459,
40.8879782832341));
#17243=CARTESIAN_POINT('Ctrl Pts',(-7.62634368637112,-1.9656466889195,40.9308523115146));
#17244=CARTESIAN_POINT('Ctrl Pts',(-7.64294079371138,-1.9210181551944,40.9737263397952));
#17245=CARTESIAN_POINT('Ctrl Pts',(-7.6593360174887,-1.87692943320132,41.015854423478));
#17246=CARTESIAN_POINT('Ctrl Pts',(-7.67553328508908,-1.83337573100594,
41.0572276698775));
#17247=CARTESIAN_POINT('Ctrl Pts',(-7.69173055268945,-1.78982202881057,
41.098600916277));
#17248=CARTESIAN_POINT('Ctrl Pts',(-7.70772989186141,-1.74680340979939,
41.1392193478921));
#17249=CARTESIAN_POINT('Ctrl Pts',(-7.72353273065933,-1.70431085682471,
41.1790735247796));
#17250=CARTESIAN_POINT('Origin',(-8.1270761730933,-2.1213584771104,41.1437111452912));
#17251=CARTESIAN_POINT('Origin',(-8.129124786471,-2.127714695206,37.2));
#17252=CARTESIAN_POINT('',(-8.2086865381,-2.136076972268,41.17907352478));
#17253=CARTESIAN_POINT('Ctrl Pts',(-8.20868653810046,-2.13607697226749,
41.1790735247794));
#17254=CARTESIAN_POINT('Ctrl Pts',(-8.2095994423251,-2.12739126876251,41.1867510622121));
#17255=CARTESIAN_POINT('Ctrl Pts',(-8.20909212354242,-2.11833994381277,
41.1939168562547));
#17256=CARTESIAN_POINT('Ctrl Pts',(-8.20702062052496,-2.10948726979708,
41.2000000000001));
#17257=CARTESIAN_POINT('',(-8.2086865381,-2.136076972268,37.2));
#17258=CARTESIAN_POINT('',(-8.2086865381,-2.136076972268,41.17907352478));
#17259=CARTESIAN_POINT('',(-8.096585855025,-2.054631058595,37.2));
#17260=CARTESIAN_POINT('Origin',(-8.129124786471,-2.127714695206,37.2));
#17261=CARTESIAN_POINT('',(-8.096585855025,-2.054631058595,37.2));
#17262=CARTESIAN_POINT('Origin',(-9.675,0.,41.));
#17263=CARTESIAN_POINT('',(-8.657140604017,-2.3826166813,41.17907352478));
#17264=CARTESIAN_POINT('',(-8.325321730316,-2.645613079863,40.8));
#17265=CARTESIAN_POINT('Ctrl Pts',(-8.65714060401714,-2.38261668129967,
41.1790735247796));
#17266=CARTESIAN_POINT('Ctrl Pts',(-8.62161113033327,-2.41077699514038,
41.1392193478593));
#17267=CARTESIAN_POINT('Ctrl Pts',(-8.58564206008309,-2.43928675528238,
41.09860091622));
#17268=CARTESIAN_POINT('Ctrl Pts',(-8.54922525874171,-2.46815010633536,
41.0572276698074));
#17269=CARTESIAN_POINT('Ctrl Pts',(-8.51280845740033,-2.49701345738835,
41.0158544233949));
#17270=CARTESIAN_POINT('Ctrl Pts',(-8.47594399382664,-2.52623040615522,
40.9737263397102));
#17271=CARTESIAN_POINT('Ctrl Pts',(-8.43862852425092,-2.55580616858883,
40.9308523114423));
#17272=CARTESIAN_POINT('Ctrl Pts',(-8.40131305467521,-2.58538193102243,
40.8879782831743));
#17273=CARTESIAN_POINT('Ctrl Pts',(-8.3635465145584,-2.61531648919623,40.8443583222891));
#17274=CARTESIAN_POINT('Ctrl Pts',(-8.32532173031599,-2.64561307986302,
40.8));
#17275=CARTESIAN_POINT('',(-8.164428778096,-2.557161430875,40.8));
#17276=CARTESIAN_POINT('Origin',(-9.675,0.,40.8));
#17277=CARTESIAN_POINT('Ctrl Pts',(-8.16442877809598,-2.55716143087503,
40.8));
#17278=CARTESIAN_POINT('Ctrl Pts',(-8.1695271720159,-2.50865345297985,40.8443583223222));
#17279=CARTESIAN_POINT('Ctrl Pts',(-8.17456543127609,-2.46072637011554,
40.8879782832341));
#17280=CARTESIAN_POINT('Ctrl Pts',(-8.17954244495288,-2.41337239109193,
40.9308523115145));
#17281=CARTESIAN_POINT('Ctrl Pts',(-8.18451945862967,-2.36601841206831,
40.973726339795));
#17282=CARTESIAN_POINT('Ctrl Pts',(-8.18943517700536,-2.31923749199871,
41.0158544234778));
#17283=CARTESIAN_POINT('Ctrl Pts',(-8.19429221237481,-2.27302401279549,
41.0572276698774));
#17284=CARTESIAN_POINT('Ctrl Pts',(-8.19914924774426,-2.22681053359228,
41.098600916277));
#17285=CARTESIAN_POINT('Ctrl Pts',(-8.20394764274779,-2.18116454974975,
41.1392193478921));
#17286=CARTESIAN_POINT('Ctrl Pts',(-8.20868653810036,-2.13607697226748,
41.1790735247794));
#17287=CARTESIAN_POINT('Origin',(-8.70326744596547,-2.43966509990132,41.1437111464637));
#17288=CARTESIAN_POINT('Origin',(-8.7068324264393,-2.445312157886,37.2));
#17289=CARTESIAN_POINT('',(-8.7859742130763,-2.433625515601,41.17907352478));
#17290=CARTESIAN_POINT('',(-8.7859742130764,-2.433625515601,37.2));
#17291=CARTESIAN_POINT('',(-8.7859742130763,-2.433625515601,41.17907352478));
#17292=CARTESIAN_POINT('',(-8.657140604017,-2.3826166813,37.2));
#17293=CARTESIAN_POINT('Origin',(-8.7068324264393,-2.445312157886,37.2));
#17294=CARTESIAN_POINT('',(-8.657140604017,-2.3826166813,37.2));
#17295=CARTESIAN_POINT('Origin',(-8.72540760184422,-2.43960043547464,41.1518429377856));
#17296=CARTESIAN_POINT('Origin',(-9.675,0.,41.));
#17297=CARTESIAN_POINT('',(-9.281651202284,-2.560893735268,41.17907352478));
#17298=CARTESIAN_POINT('',(-9.0256615733556,-2.898147616614,40.8));
#17299=CARTESIAN_POINT('Ctrl Pts',(-9.28165120228405,-2.56089373526769,
41.1790735247797));
#17300=CARTESIAN_POINT('Ctrl Pts',(-9.2542411376218,-2.59700516186738,41.1392193478594));
#17301=CARTESIAN_POINT('Ctrl Pts',(-9.22649219088871,-2.6335643794907,41.09860091622));
#17302=CARTESIAN_POINT('Ctrl Pts',(-9.19839751384384,-2.67057742551084,
41.0572276698075));
#17303=CARTESIAN_POINT('Ctrl Pts',(-9.17030283679897,-2.70759047153099,
41.0158544233949));
#17304=CARTESIAN_POINT('Ctrl Pts',(-9.14186249782971,-2.7450573354126,40.9737263397103));
#17305=CARTESIAN_POINT('Ctrl Pts',(-9.11307455537159,-2.78298390080167,
40.9308523114424));
#17306=CARTESIAN_POINT('Ctrl Pts',(-9.08428661291347,-2.82091046619073,
40.8879782831744));
#17307=CARTESIAN_POINT('Ctrl Pts',(-9.0551509999969,-2.85929673177411,40.8443583222891));
#17308=CARTESIAN_POINT('Ctrl Pts',(-9.02566157335565,-2.89814761661377,
40.7999999999998));
#17309=CARTESIAN_POINT('',(-8.847826338485,-2.852487288963,40.8));
#17310=CARTESIAN_POINT('Origin',(-9.675,0.,40.8));
#17311=CARTESIAN_POINT('Ctrl Pts',(-8.847826338485,-2.852487288963,40.8));
#17312=CARTESIAN_POINT('Ctrl Pts',(-8.84070111343555,-2.8042353593849,40.844358322322));
#17313=CARTESIAN_POINT('Ctrl Pts',(-8.83366210568638,-2.75656102983344,
40.8879782832339));
#17314=CARTESIAN_POINT('Ctrl Pts',(-8.82670630162612,-2.70945703016896,
40.9308523115144));
#17315=CARTESIAN_POINT('Ctrl Pts',(-8.81975049756586,-2.66235303050447,
40.9737263397949));
#17316=CARTESIAN_POINT('Ctrl Pts',(-8.81287783787593,-2.61581932961478,
41.0158544234778));
#17317=CARTESIAN_POINT('Ctrl Pts',(-8.80608945561933,-2.5698498362634,41.0572276698774));
#17318=CARTESIAN_POINT('Ctrl Pts',(-8.79930107336274,-2.52388034291203,
41.098600916277));
#17319=CARTESIAN_POINT('Ctrl Pts',(-8.79259702339236,-2.47847509927702,
41.1392193478922));
#17320=CARTESIAN_POINT('Ctrl Pts',(-8.78597421307641,-2.4336255156007,41.1790735247797));
#17321=CARTESIAN_POINT('Origin',(-9.34051625025319,-2.60467859461281,41.1437111457402));
#17322=CARTESIAN_POINT('Origin',(-9.3453735957259,-2.609261664457,37.2));
#17323=CARTESIAN_POINT('',(-9.419122647853,-2.578260417541,41.17907352478));
#17324=CARTESIAN_POINT('',(-9.419122647853,-2.578260417541,37.2));
#17325=CARTESIAN_POINT('',(-9.419122647853,-2.578260417541,41.17907352478));
#17326=CARTESIAN_POINT('',(-9.281651202284,-2.560893735268,37.2));
#17327=CARTESIAN_POINT('Origin',(-9.3453735957259,-2.609261664457,37.2));
#17328=CARTESIAN_POINT('',(-9.281651202284,-2.560893735268,37.2));
#17329=CARTESIAN_POINT('Origin',(-9.36194474872701,-2.59910992899766,41.1518429366372));
#17330=CARTESIAN_POINT('Origin',(-9.675,0.,41.));
#17331=CARTESIAN_POINT('',(-9.9308773521471,-2.578260417541,41.17907352478));
#17332=CARTESIAN_POINT('',(-9.76680173784117,-2.968580879971,40.8));
#17333=CARTESIAN_POINT('Ctrl Pts',(-9.93087735214706,-2.57826041754059,
41.1790735247796));
#17334=CARTESIAN_POINT('Ctrl Pts',(-9.91330897167614,-2.62005394315735,
41.1392193478593));
#17335=CARTESIAN_POINT('Ctrl Pts',(-9.89552371683703,-2.66236546816325,
41.09860091622));
#17336=CARTESIAN_POINT('Ctrl Pts',(-9.87751645597244,-2.70520254334462,
41.0572276698075));
#17337=CARTESIAN_POINT('Ctrl Pts',(-9.85950919510784,-2.74803961852601,
41.015854423395));
#17338=CARTESIAN_POINT('Ctrl Pts',(-9.84127999183658,-2.79140221667126,
40.9737263397104));
#17339=CARTESIAN_POINT('Ctrl Pts',(-9.82282842879523,-2.83529651942815,
40.9308523114425));
#17340=CARTESIAN_POINT('Ctrl Pts',(-9.8043768657539,-2.87919082218502,40.8879782831745));
#17341=CARTESIAN_POINT('Ctrl Pts',(-9.78570287775028,-2.92361684493632,
40.8443583222893));
#17342=CARTESIAN_POINT('Ctrl Pts',(-9.76680173784117,-2.96858087997096,
40.8));
#17343=CARTESIAN_POINT('',(-9.58319826215887,-2.968580879971,40.8));
#17344=CARTESIAN_POINT('Origin',(-9.675,0.,40.8));
#17345=CARTESIAN_POINT('Ctrl Pts',(-9.58319826215887,-2.96858087997096,
40.8));
#17346=CARTESIAN_POINT('Ctrl Pts',(-9.56429712223433,-2.92361684490308,
40.8443583223221));
#17347=CARTESIAN_POINT('Ctrl Pts',(-9.54562313422061,-2.87919082212419,
40.8879782832342));
#17348=CARTESIAN_POINT('Ctrl Pts',(-9.52717157117419,-2.83529651935426,
40.9308523115147));
#17349=CARTESIAN_POINT('Ctrl Pts',(-9.50872000812776,-2.79140221658431,
40.9737263397951));
#17350=CARTESIAN_POINT('Ctrl Pts',(-9.49049080485637,-2.74803961844053,
41.0158544234779));
#17351=CARTESIAN_POINT('Ctrl Pts',(-9.47248354399677,-2.70520254327229,
41.0572276698774));
#17352=CARTESIAN_POINT('Ctrl Pts',(-9.45447628313718,-2.66236546810406,
41.0986009162769));
#17353=CARTESIAN_POINT('Ctrl Pts',(-9.4366910283082,-2.62005394312298,41.139219347892));
#17354=CARTESIAN_POINT('Ctrl Pts',(-9.41912264785304,-2.57826041754059,
41.1790735247796));
#17355=CARTESIAN_POINT('Origin',(-9.9987818969622,-2.60603055217792,41.1437111465402));
#17356=CARTESIAN_POINT('Origin',(-10.0046264042741,-2.609261664457,37.2));
#17357=CARTESIAN_POINT('',(-10.0683487977161,-2.560893735268,41.17907352478));
#17358=CARTESIAN_POINT('',(-10.0683487977161,-2.560893735268,37.2));
#17359=CARTESIAN_POINT('',(-10.0683487977161,-2.560893735268,41.17907352478));
#17360=CARTESIAN_POINT('',(-9.9308773521471,-2.578260417541,37.2));
#17361=CARTESIAN_POINT('Origin',(-10.0046264042741,-2.609261664457,37.2));
#17362=CARTESIAN_POINT('',(-9.9308773521471,-2.578260417541,37.2));
#17363=CARTESIAN_POINT('Origin',(-10.0181523112017,-2.59530778508342,41.1518429376663));
#17364=CARTESIAN_POINT('Origin',(-9.675,0.,41.));
#17365=CARTESIAN_POINT('',(-10.5640257869237,-2.433625515601,41.17907352478));
#17366=CARTESIAN_POINT('',(-10.502173661515,-2.852487288963,40.8));
#17367=CARTESIAN_POINT('Ctrl Pts',(-10.5640257869236,-2.4336255156007,41.1790735247797));
#17368=CARTESIAN_POINT('Ctrl Pts',(-10.5574029766009,-2.4784750993144,41.1392193478594));
#17369=CARTESIAN_POINT('Ctrl Pts',(-10.5506989266269,-2.52388034297608,
41.0986009162199));
#17370=CARTESIAN_POINT('Ctrl Pts',(-10.5439105443687,-2.56984983634139,
41.0572276698073));
#17371=CARTESIAN_POINT('Ctrl Pts',(-10.5371221621106,-2.61581932970671,
41.0158544233947));
#17372=CARTESIAN_POINT('Ctrl Pts',(-10.5302495024212,-2.66235303059761,
40.9737263397102));
#17373=CARTESIAN_POINT('Ctrl Pts',(-10.5232936983626,-2.70945703024818,
40.9308523114422));
#17374=CARTESIAN_POINT('Ctrl Pts',(-10.5163378943041,-2.75656102989872,
40.8879782831742));
#17375=CARTESIAN_POINT('Ctrl Pts',(-10.5092988865579,-2.80423535942107,
40.844358322289));
#17376=CARTESIAN_POINT('Ctrl Pts',(-10.502173661515,-2.852487288963,40.8));
#17377=CARTESIAN_POINT('',(-10.3243384266445,-2.898147616614,40.8));
#17378=CARTESIAN_POINT('Origin',(-9.675,0.,40.8));
#17379=CARTESIAN_POINT('Ctrl Pts',(-10.3243384266444,-2.89814761661376,
40.7999999999998));
#17380=CARTESIAN_POINT('Ctrl Pts',(-10.2948489999799,-2.85929673174577,
40.8443583223218));
#17381=CARTESIAN_POINT('Ctrl Pts',(-10.2657133870467,-2.82091046613828,
40.8879782832339));
#17382=CARTESIAN_POINT('Ctrl Pts',(-10.2369254445804,-2.7829839007378,40.9308523115145));
#17383=CARTESIAN_POINT('Ctrl Pts',(-10.2081375021141,-2.74505733533731,
40.973726339795));
#17384=CARTESIAN_POINT('Ctrl Pts',(-10.179697163145,-2.70759047145697,41.0158544234779));
#17385=CARTESIAN_POINT('Ctrl Pts',(-10.1516024861082,-2.6705774254483,41.0572276698774));
#17386=CARTESIAN_POINT('Ctrl Pts',(-10.1235078090715,-2.63356437943964,
41.098600916277));
#17387=CARTESIAN_POINT('Ctrl Pts',(-10.0957588623544,-2.59700516183799,
41.139219347892));
#17388=CARTESIAN_POINT('Ctrl Pts',(-10.068348797716,-2.56089373526768,41.1790735247797));
#17389=CARTESIAN_POINT('Origin',(-10.6367031380631,-2.44363602698903,41.1437111460984));
#17390=CARTESIAN_POINT('Origin',(-10.6431675735607,-2.445312157886,37.2));
#17391=CARTESIAN_POINT('',(-10.692859395983,-2.3826166813,41.17907352478));
#17392=CARTESIAN_POINT('',(-10.692859395983,-2.3826166813,37.2));
#17393=CARTESIAN_POINT('',(-10.692859395983,-2.3826166813,41.17907352478));
#17394=CARTESIAN_POINT('',(-10.5640257869237,-2.433625515601,37.2));
#17395=CARTESIAN_POINT('Origin',(-10.6431675735607,-2.445312157886,37.2));
#17396=CARTESIAN_POINT('',(-10.5640257869237,-2.433625515601,37.2));
#17397=CARTESIAN_POINT('Origin',(-10.6527983493082,-2.42843291117702,41.1518429361207));
#17398=CARTESIAN_POINT('Origin',(-9.675,0.,41.));
#17399=CARTESIAN_POINT('',(-11.1413134619,-2.136076972268,41.17907352478));
#17400=CARTESIAN_POINT('',(-11.185571221904,-2.557161430875,40.8));
#17401=CARTESIAN_POINT('Ctrl Pts',(-11.1413134618996,-2.13607697226748,
41.1790735247794));
#17402=CARTESIAN_POINT('Ctrl Pts',(-11.1460523572547,-2.1811645497876,41.1392193478595));
#17403=CARTESIAN_POINT('Ctrl Pts',(-11.1508507522617,-2.22681053365668,
41.0986009162201));
#17404=CARTESIAN_POINT('Ctrl Pts',(-11.1557077876333,-2.27302401287369,
41.0572276698075));
#17405=CARTESIAN_POINT('Ctrl Pts',(-11.1605648230049,-2.31923749209071,
41.0158544233949));
#17406=CARTESIAN_POINT('Ctrl Pts',(-11.1654805413814,-2.36601841216134,
40.9737263397103));
#17407=CARTESIAN_POINT('Ctrl Pts',(-11.1704575550562,-2.41337239117129,
40.9308523114423));
#17408=CARTESIAN_POINT('Ctrl Pts',(-11.175434568731,-2.46072637018121,40.8879782831743));
#17409=CARTESIAN_POINT('Ctrl Pts',(-11.1804728279864,-2.50865345301706,
40.8443583222889));
#17410=CARTESIAN_POINT('Ctrl Pts',(-11.185571221904,-2.55716143087503,40.8));
#17411=CARTESIAN_POINT('',(-11.024678269684,-2.645613079863,40.8));
#17412=CARTESIAN_POINT('Origin',(-9.675,0.,40.8));
#17413=CARTESIAN_POINT('Ctrl Pts',(-11.024678269684,-2.64561307986302,40.8));
#17414=CARTESIAN_POINT('Ctrl Pts',(-10.9864534854119,-2.61531648917467,
40.8443583223219));
#17415=CARTESIAN_POINT('Ctrl Pts',(-10.9486869452726,-2.58538193098164,
40.887978283234));
#17416=CARTESIAN_POINT('Ctrl Pts',(-10.9113714756861,-2.55580616853907,
40.9308523115145));
#17417=CARTESIAN_POINT('Ctrl Pts',(-10.8740560060995,-2.52623040609649,
40.973726339795));
#17418=CARTESIAN_POINT('Ctrl Pts',(-10.8371915425265,-2.49701345733094,
41.0158544234778));
#17419=CARTESIAN_POINT('Ctrl Pts',(-10.8007747411958,-2.46815010628702,
41.0572276698773));
#17420=CARTESIAN_POINT('Ctrl Pts',(-10.7643579398652,-2.43928675524311,
41.0986009162769));
#17421=CARTESIAN_POINT('Ctrl Pts',(-10.7283888696358,-2.41077699511793,
41.1392193478921));
#17422=CARTESIAN_POINT('Ctrl Pts',(-10.6928593959829,-2.38261668129967,
41.1790735247796));
#17423=CARTESIAN_POINT('Ctrl Pts',(-11.142979379475,-2.10948726979707,41.2000000000001));
#17424=CARTESIAN_POINT('Ctrl Pts',(-11.1409079291793,-2.11833971850395,
41.1939170110764));
#17425=CARTESIAN_POINT('Ctrl Pts',(-11.140400542882,-2.12739112801722,41.1867511866209));
#17426=CARTESIAN_POINT('Ctrl Pts',(-11.1413134618995,-2.13607697226748,
41.1790735247794));
#17427=CARTESIAN_POINT('Origin',(-11.220875213529,-2.127714695206,37.2));
#17428=CARTESIAN_POINT('',(-11.253414144975,-2.054631058595,41.17907352478));
#17429=CARTESIAN_POINT('Origin',(-11.2260057242339,-2.10897065893363,41.1518429397794));
#17430=CARTESIAN_POINT('',(-11.253414144975,-2.054631058595,37.2));
#17431=CARTESIAN_POINT('',(-11.253414144975,-2.054631058595,41.17907352478));
#17432=CARTESIAN_POINT('',(-11.1413134619,-2.136076972268,37.2));
#17433=CARTESIAN_POINT('Origin',(-11.220875213529,-2.127714695206,37.2));
#17434=CARTESIAN_POINT('',(-11.1413134619,-2.136076972268,37.2));
#17435=CARTESIAN_POINT('Origin',(-9.675,0.,37.2));
#17436=CARTESIAN_POINT('',(-6.675,-3.67394039744206E-16,37.2));
#17437=CARTESIAN_POINT('Origin',(-9.675,0.,37.2));
#17438=CARTESIAN_POINT('',(-10.682452411339,2.793911172333,37.2));
#17439=CARTESIAN_POINT('',(-10.3862122176142,2.491400646527,37.2));
#17440=CARTESIAN_POINT('',(-10.682452411339,2.793911172333,37.2));
#17441=CARTESIAN_POINT('',(-10.2520013978997,2.525860128119,37.2));
#17442=CARTESIAN_POINT('Origin',(-10.3290544032435,2.547373713768,37.2));
#17443=CARTESIAN_POINT('',(-10.1381396945023,2.93366692441,37.2));
#17444=CARTESIAN_POINT('',(-10.2520013978997,2.525860128119,37.2));
#17445=CARTESIAN_POINT('',(-9.9559839870655,2.956678541711,37.2));
#17446=CARTESIAN_POINT('Origin',(-9.675,0.,37.2));
#17447=CARTESIAN_POINT('',(-9.74428203230275,2.59,37.2));
#17448=CARTESIAN_POINT('',(-9.9559839870655,2.956678541711,37.2));
#17449=CARTESIAN_POINT('',(-9.60571796769725,2.59,37.2));
#17450=CARTESIAN_POINT('Origin',(-9.675,2.63,37.2));
#17451=CARTESIAN_POINT('',(-9.3940160129345,2.956678541711,37.2));
#17452=CARTESIAN_POINT('',(-9.60571796769725,2.59,37.2));
#17453=CARTESIAN_POINT('',(-9.2118603054976,2.93366692441,37.2));
#17454=CARTESIAN_POINT('Origin',(-9.675,0.,37.2));
#17455=CARTESIAN_POINT('',(-9.0979986021002,2.525860128119,37.2));
#17456=CARTESIAN_POINT('',(-9.2118603054976,2.93366692441,37.2));
#17457=CARTESIAN_POINT('',(-8.9637877823858,2.491400646527,37.2));
#17458=CARTESIAN_POINT('Origin',(-9.0209455967564,2.547373713768,37.2));
#17459=CARTESIAN_POINT('',(-8.667547588661,2.793911172333,37.2));
#17460=CARTESIAN_POINT('',(-8.9637877823858,2.491400646527,37.2));
#17461=CARTESIAN_POINT('',(-8.496837394244,2.726322224976,37.2));
#17462=CARTESIAN_POINT('Origin',(-9.675,0.,37.2));
#17463=CARTESIAN_POINT('',(-8.48797029179,2.303011174925,37.2));
#17464=CARTESIAN_POINT('',(-8.496837394244,2.726322224976,37.2));
#17465=CARTESIAN_POINT('',(-8.366545676363,2.236257427703,37.2));
#17466=CARTESIAN_POINT('Origin',(-8.407987837112,2.304686568515,37.2));
#17467=CARTESIAN_POINT('',(-8.004381104542,2.455592088711,37.2));
#17468=CARTESIAN_POINT('',(-8.366545676363,2.236257427703,37.2));
#17469=CARTESIAN_POINT('',(-7.855842772489,2.347672673435,37.2));
#17470=CARTESIAN_POINT('Origin',(-9.675,0.,37.2));
#17471=CARTESIAN_POINT('',(-7.952527423637,1.935455559727,37.2));
#17472=CARTESIAN_POINT('',(-7.855842772489,2.347672673435,37.2));
#17473=CARTESIAN_POINT('',(-7.851518567652,1.840601930316,37.2));
#17474=CARTESIAN_POINT('Origin',(-7.874641111408,1.917187490118,37.2));
#17475=CARTESIAN_POINT('',(-7.446185749732,1.962979123119,37.2));
#17476=CARTESIAN_POINT('',(-7.851518567652,1.840601930316,37.2));
#17477=CARTESIAN_POINT('',(-7.329152489731,1.821510213686,37.2));
#17478=CARTESIAN_POINT('Origin',(-9.675,0.,37.2));
#17479=CARTESIAN_POINT('',(-7.525313842268,1.446288153604,37.2));
#17480=CARTESIAN_POINT('',(-7.329152489731,1.821510213686,37.2));
#17481=CARTESIAN_POINT('',(-7.451067503631,1.329294644387,37.2));
#17482=CARTESIAN_POINT('Origin',(-7.45441755593,1.409224470795,37.2));
#17483=CARTESIAN_POINT('',(-7.028034991271,1.34702495989,37.2));
#17484=CARTESIAN_POINT('',(-7.451067503631,1.329294644387,37.2));
#17485=CARTESIAN_POINT('',(-6.949860433466,1.180895568166,37.2));
#17486=CARTESIAN_POINT('Origin',(-9.675,0.,37.2));
#17487=CARTESIAN_POINT('',(-7.233172948182,0.8662451437148,37.2));
#17488=CARTESIAN_POINT('',(-6.949860433466,1.180895568166,37.2));
#17489=CARTESIAN_POINT('',(-7.190354297409,0.7344628871474,37.2));
#17490=CARTESIAN_POINT('Origin',(-7.173721362144,0.8127146952061,37.2));
#17491=CARTESIAN_POINT('',(-6.776202779165,0.6464322644191,37.2));
#17492=CARTESIAN_POINT('',(-7.190354297409,0.7344628871474,37.2));
#17493=CARTESIAN_POINT('',(-6.74179891853,0.4660809110669,37.2));
#17494=CARTESIAN_POINT('Origin',(-9.675,0.,37.2));
#17495=CARTESIAN_POINT('',(-7.094461028173,0.2317727656189,37.2));
#17496=CARTESIAN_POINT('',(-6.74179891853,0.4660809110669,37.2));
#17497=CARTESIAN_POINT('',(-7.085760518568,0.09348212554293,37.2));
#17498=CARTESIAN_POINT('Origin',(-7.050189704234,0.1651390663621,37.2));
#17499=CARTESIAN_POINT('',(-6.706512657475,-0.09477814763655,37.2));
#17500=CARTESIAN_POINT('',(-7.085760518568,0.09348212554293,37.2));
#17501=CARTESIAN_POINT('',(-6.718041215101,-0.2780193237998,37.2));
#17502=CARTESIAN_POINT('Origin',(-9.675,0.,37.2));
#17503=CARTESIAN_POINT('',(-6.718041215101,-0.2780193237998,37.2));
#17504=CARTESIAN_POINT('',(-6.823343512848,-0.8300333001065,37.2));
#17505=CARTESIAN_POINT('',(-7.143858178903,-0.5533724618126,37.2));
#17506=CARTESIAN_POINT('',(-6.88008010706,-1.004650582069,37.2));
#17507=CARTESIAN_POINT('Origin',(-9.675,0.,37.2));
#17508=CARTESIAN_POINT('',(-6.88008010706,-1.004650582069,37.2));
#17509=CARTESIAN_POINT('',(-7.119354432968,-1.513134407682,37.2));
#17510=CARTESIAN_POINT('',(-7.360996788745,-1.165456622231,37.2));
#17511=CARTESIAN_POINT('',(-7.21773409489,-1.66815594942,37.2));
#17512=CARTESIAN_POINT('Origin',(-9.675,0.,37.2));
#17513=CARTESIAN_POINT('',(-7.21773409489,-1.66815594942,37.2));
#17514=CARTESIAN_POINT('',(-7.575945963072,-2.101159715504,37.2));
#17515=CARTESIAN_POINT('',(-7.723532730659,-1.704310856825,37.2));
#17516=CARTESIAN_POINT('',(-7.70978713673,-2.22684494342,37.2));
#17517=CARTESIAN_POINT('Origin',(-9.675,0.,37.2));
#17518=CARTESIAN_POINT('',(-7.70978713673,-2.22684494342,37.2));
#17519=CARTESIAN_POINT('',(-8.164428778096,-2.557161430875,37.2));
#17520=CARTESIAN_POINT('',(-8.2086865381,-2.136076972268,37.2));
#17521=CARTESIAN_POINT('',(-8.325321730316,-2.645613079863,37.2));
#17522=CARTESIAN_POINT('Origin',(-9.675,0.,37.2));
#17523=CARTESIAN_POINT('',(-8.325321730316,-2.645613079863,37.2));
#17524=CARTESIAN_POINT('',(-8.847826338485,-2.852487288963,37.2));
#17525=CARTESIAN_POINT('',(-8.7859742130764,-2.433625515601,37.2));
#17526=CARTESIAN_POINT('',(-9.0256615733556,-2.898147616614,37.2));
#17527=CARTESIAN_POINT('Origin',(-9.675,0.,37.2));
#17528=CARTESIAN_POINT('',(-9.0256615733556,-2.898147616614,37.2));
#17529=CARTESIAN_POINT('',(-9.58319826215887,-2.968580879971,37.2));
#17530=CARTESIAN_POINT('',(-9.419122647853,-2.578260417541,37.2));
#17531=CARTESIAN_POINT('',(-9.76680173784117,-2.968580879971,37.2));
#17532=CARTESIAN_POINT('Origin',(-9.675,0.,37.2));
#17533=CARTESIAN_POINT('',(-9.76680173784117,-2.968580879971,37.2));
#17534=CARTESIAN_POINT('',(-10.3243384266445,-2.898147616614,37.2));
#17535=CARTESIAN_POINT('',(-10.0683487977161,-2.560893735268,37.2));
#17536=CARTESIAN_POINT('',(-10.502173661515,-2.852487288963,37.2));
#17537=CARTESIAN_POINT('Origin',(-9.675,0.,37.2));
#17538=CARTESIAN_POINT('',(-10.502173661515,-2.852487288963,37.2));
#17539=CARTESIAN_POINT('',(-11.024678269684,-2.645613079863,37.2));
#17540=CARTESIAN_POINT('',(-10.692859395983,-2.3826166813,37.2));
#17541=CARTESIAN_POINT('',(-11.185571221904,-2.557161430875,37.2));
#17542=CARTESIAN_POINT('Origin',(-9.675,0.,37.2));
#17543=CARTESIAN_POINT('',(-11.185571221904,-2.557161430875,37.2));
#17544=CARTESIAN_POINT('',(-11.64021286327,-2.22684494342,37.2));
#17545=CARTESIAN_POINT('',(-11.253414144975,-2.054631058595,37.2));
#17546=CARTESIAN_POINT('',(-11.774054036928,-2.101159715504,37.2));
#17547=CARTESIAN_POINT('Origin',(-9.675,0.,37.2));
#17548=CARTESIAN_POINT('',(-11.626467269341,-1.704310856825,37.2));
#17549=CARTESIAN_POINT('',(-11.774054036928,-2.101159715503,37.2));
#17550=CARTESIAN_POINT('',(-11.714791328238,-1.597545410073,37.2));
#17551=CARTESIAN_POINT('Origin',(-11.7014498285,-1.676425093039,37.2));
#17552=CARTESIAN_POINT('',(-12.13226590511,-1.66815594942,37.2));
#17553=CARTESIAN_POINT('',(-11.714791328238,-1.597545410073,37.2));
#17554=CARTESIAN_POINT('',(-12.230645567032,-1.513134407682,37.2));
#17555=CARTESIAN_POINT('Origin',(-9.675,0.,37.2));
#17556=CARTESIAN_POINT('',(-11.989003211255,-1.165456622231,37.2));
#17557=CARTESIAN_POINT('',(-12.230645567032,-1.513134407682,37.2));
#17558=CARTESIAN_POINT('',(-12.048000920519,-1.040080108076,37.2));
#17559=CARTESIAN_POINT('Origin',(-12.054695147986,-1.119799536816,37.2));
#17560=CARTESIAN_POINT('',(-12.46991989294,-1.004650582069,37.2));
#17561=CARTESIAN_POINT('',(-12.048000920519,-1.040080108076,37.2));
#17562=CARTESIAN_POINT('',(-12.526656487152,-0.8300333001065,37.2));
#17563=CARTESIAN_POINT('Origin',(-9.675,0.,37.2));
#17564=CARTESIAN_POINT('',(-12.206141821097,-0.5533724618126,37.2));
#17565=CARTESIAN_POINT('',(-12.526656487152,-0.8300333001065,37.2));
#17566=CARTESIAN_POINT('',(-12.232106137677,-0.4172627477414,37.2));
#17567=CARTESIAN_POINT('Origin',(-12.258415469416,-0.4928128573604,37.2));
#17568=CARTESIAN_POINT('',(-12.631958784899,-0.2780193237998,37.2));
#17569=CARTESIAN_POINT('',(-12.232106137677,-0.4172627477414,37.2));
#17570=CARTESIAN_POINT('',(-12.643487342525,-0.0947781476365,37.2));
#17571=CARTESIAN_POINT('Origin',(-9.675,0.,37.2));
#17572=CARTESIAN_POINT('',(-12.264239481432,0.09348212554297,37.2));
#17573=CARTESIAN_POINT('',(-12.643487342525,-0.0947781476365,37.2));
#17574=CARTESIAN_POINT('',(-12.255538971827,0.2317727656189,37.2));
#17575=CARTESIAN_POINT('Origin',(-12.299810295766,0.1651390663621,37.2));
#17576=CARTESIAN_POINT('',(-12.60820108147,0.4660809110669,37.2));
#17577=CARTESIAN_POINT('',(-12.255538971827,0.2317727656189,37.2));
#17578=CARTESIAN_POINT('',(-12.573797220835,0.6464322644191,37.2));
#17579=CARTESIAN_POINT('Origin',(-9.675,0.,37.2));
#17580=CARTESIAN_POINT('',(-12.159645702591,0.7344628871474,37.2));
#17581=CARTESIAN_POINT('',(-12.573797220835,0.6464322644191,37.2));
#17582=CARTESIAN_POINT('',(-12.116827051818,0.8662451437148,37.2));
#17583=CARTESIAN_POINT('Origin',(-12.176278637856,0.8127146952061,37.2));
#17584=CARTESIAN_POINT('',(-12.400139566534,1.180895568166,37.2));
#17585=CARTESIAN_POINT('',(-12.116827051818,0.8662451437148,37.2));
#17586=CARTESIAN_POINT('',(-12.321965008729,1.34702495989,37.2));
#17587=CARTESIAN_POINT('Origin',(-9.675,0.,37.2));
#17588=CARTESIAN_POINT('',(-11.898932496369,1.329294644387,37.2));
#17589=CARTESIAN_POINT('',(-12.321965008729,1.34702495989,37.2));
#17590=CARTESIAN_POINT('',(-11.824686157732,1.446288153604,37.2));
#17591=CARTESIAN_POINT('Origin',(-11.89558244407,1.409224470795,37.2));
#17592=CARTESIAN_POINT('',(-12.020847510269,1.821510213686,37.2));
#17593=CARTESIAN_POINT('',(-11.824686157732,1.446288153604,37.2));
#17594=CARTESIAN_POINT('',(-11.903814250268,1.962979123119,37.2));
#17595=CARTESIAN_POINT('Origin',(-9.675,0.,37.2));
#17596=CARTESIAN_POINT('',(-11.498481432348,1.840601930316,37.2));
#17597=CARTESIAN_POINT('',(-11.903814250268,1.962979123119,37.2));
#17598=CARTESIAN_POINT('',(-11.397472576363,1.935455559727,37.2));
#17599=CARTESIAN_POINT('Origin',(-11.475358888592,1.917187490118,37.2));
#17600=CARTESIAN_POINT('',(-11.494157227511,2.347672673435,37.2));
#17601=CARTESIAN_POINT('',(-11.397472576363,1.935455559727,37.2));
#17602=CARTESIAN_POINT('',(-11.345618895458,2.455592088711,37.2));
#17603=CARTESIAN_POINT('Origin',(-9.675,0.,37.2));
#17604=CARTESIAN_POINT('',(-10.983454323637,2.236257427703,37.2));
#17605=CARTESIAN_POINT('',(-11.345618895458,2.455592088711,37.2));
#17606=CARTESIAN_POINT('',(-10.862029708209,2.303011174925,37.2));
#17607=CARTESIAN_POINT('Origin',(-10.942012162887,2.304686568515,37.2));
#17608=CARTESIAN_POINT('',(-10.853162605756,2.726322224976,37.2));
#17609=CARTESIAN_POINT('',(-10.862029708209,2.303011174925,37.2));
#17610=CARTESIAN_POINT('Origin',(-9.675,0.,37.2));
#17611=CARTESIAN_POINT('Origin',(-9.675,0.,41.2));
#17612=CARTESIAN_POINT('',(-10.682452411339,2.793911172333,40.8));
#17613=CARTESIAN_POINT('',(-10.682452411339,2.793911172333,40.8));
#17614=CARTESIAN_POINT('',(-10.853162605756,2.726322224976,40.8));
#17615=CARTESIAN_POINT('',(-10.853162605756,2.726322224976,37.2));
#17616=CARTESIAN_POINT('Origin',(-9.675,0.,40.8));
#17617=CARTESIAN_POINT('Origin',(-9.675,0.,41.));
#17618=CARTESIAN_POINT('',(-10.3862122176142,2.491400646527,41.17907352478));
#17619=CARTESIAN_POINT('Ctrl Pts',(-10.3862122176141,2.49140064652676,41.1790735247797));
#17620=CARTESIAN_POINT('Ctrl Pts',(-10.4179321075937,2.52379193170546,41.1392193478594));
#17621=CARTESIAN_POINT('Ctrl Pts',(-10.450044330555,2.55658500375607,41.09860091622));
#17622=CARTESIAN_POINT('Ctrl Pts',(-10.4825564374217,2.5897849941331,41.0572276698075));
#17623=CARTESIAN_POINT('Ctrl Pts',(-10.5150685442884,2.62298498451013,41.0158544233949));
#17624=CARTESIAN_POINT('Ctrl Pts',(-10.547980465892,2.65659189133252,40.9737263397104));
#17625=CARTESIAN_POINT('Ctrl Pts',(-10.5812948659034,2.6906113085094,40.9308523114424));
#17626=CARTESIAN_POINT('Ctrl Pts',(-10.6146092659149,2.72463072568627,40.8879782831745));
#17627=CARTESIAN_POINT('Ctrl Pts',(-10.6483262106113,2.75906264352133,40.8443583222893));
#17628=CARTESIAN_POINT('Ctrl Pts',(-10.682452411339,2.79391117233298,40.8));
#17629=CARTESIAN_POINT('',(-10.862029708209,2.303011174925,41.17907352478));
#17630=CARTESIAN_POINT('Ctrl Pts',(-10.853162605756,2.72632222497598,40.8));
#17631=CARTESIAN_POINT('Ctrl Pts',(-10.8541840759179,2.6775577487791,40.8443583223223));
#17632=CARTESIAN_POINT('Ctrl Pts',(-10.8551924011079,2.62937712395357,40.8879782832342));
#17633=CARTESIAN_POINT('Ctrl Pts',(-10.8561896599838,2.58177275998085,40.9308523115146));
#17634=CARTESIAN_POINT('Ctrl Pts',(-10.8571869188597,2.53416839600812,40.9737263397951));
#17635=CARTESIAN_POINT('Ctrl Pts',(-10.8581731663731,2.48714025458675,41.0158544234779));
#17636=CARTESIAN_POINT('Ctrl Pts',(-10.8591465149609,2.44068243452207,41.0572276698774));
#17637=CARTESIAN_POINT('Ctrl Pts',(-10.8601198635487,2.39422461445741,41.098600916277));
#17638=CARTESIAN_POINT('Ctrl Pts',(-10.8610802640769,2.3483371644698,41.139219347892));
#17639=CARTESIAN_POINT('Ctrl Pts',(-10.8620297082088,2.30301117492466,41.1790735247796));
#17640=CARTESIAN_POINT('Origin',(-10.9228675897477,2.30134797185308,41.1518429374678));
#17641=CARTESIAN_POINT('Origin',(-10.3332990364169,2.54221799555581,41.1437111460699));
#17642=CARTESIAN_POINT('Origin',(-10.3290544032435,2.547373713768,37.2));
#17643=CARTESIAN_POINT('',(-10.2520013978997,2.525860128119,41.17907352478));
#17644=CARTESIAN_POINT('',(-10.2520013978997,2.525860128119,41.17907352478));
#17645=CARTESIAN_POINT('',(-10.3862122176142,2.491400646527,37.2));
#17646=CARTESIAN_POINT('Origin',(-10.3113415675807,2.5393789433123,41.1518429375594));
#17647=CARTESIAN_POINT('Origin',(-9.675,0.,41.));
#17648=CARTESIAN_POINT('',(-9.74428203230275,2.59,41.17907352478));
#17649=CARTESIAN_POINT('Origin',(-9.69016776123187,2.61785173564241,41.1518425936444));
#17650=CARTESIAN_POINT('',(-9.9559839870655,2.956678541711,40.8));
#17651=CARTESIAN_POINT('Ctrl Pts',(-9.74428203230274,2.58999999999964,41.1790735247796));
#17652=CARTESIAN_POINT('Ctrl Pts',(-9.76694999855379,2.62926206925064,41.1392193478596));
#17653=CARTESIAN_POINT('Ctrl Pts',(-9.78989805159236,2.66901087174563,41.09860091622));
#17654=CARTESIAN_POINT('Ctrl Pts',(-9.81313222897546,2.70925325556276,41.0572276698073));
#17655=CARTESIAN_POINT('Ctrl Pts',(-9.83636640635856,2.7494956393799,41.0158544233946));
#17656=CARTESIAN_POINT('Ctrl Pts',(-9.85988664155853,2.79023158549568,40.97372633971));
#17657=CARTESIAN_POINT('Ctrl Pts',(-9.88369412341364,2.83146717450436,40.9308523114422));
#17658=CARTESIAN_POINT('Ctrl Pts',(-9.90750160526875,2.87270276351302,40.8879782831743));
#17659=CARTESIAN_POINT('Ctrl Pts',(-9.93159640038514,2.9144380025053,40.8443583222893));
#17660=CARTESIAN_POINT('Ctrl Pts',(-9.95598398706549,2.95667854171084,40.7999999999998));
#17661=CARTESIAN_POINT('',(-10.1381396945023,2.93366692441,40.8));
#17662=CARTESIAN_POINT('Origin',(-9.675,0.,40.8));
#17663=CARTESIAN_POINT('Ctrl Pts',(-10.1381396945023,2.93366692440989,40.7999999999999));
#17664=CARTESIAN_POINT('Ctrl Pts',(-10.1512563053838,2.88668850320391,40.8443583223219));
#17665=CARTESIAN_POINT('Ctrl Pts',(-10.1642149863352,2.84027232158268,40.8879782832341));
#17666=CARTESIAN_POINT('Ctrl Pts',(-10.1770196383946,2.79441154443969,40.9308523115146));
#17667=CARTESIAN_POINT('Ctrl Pts',(-10.189824290454,2.74855076729669,40.9737263397952));
#17668=CARTESIAN_POINT('Ctrl Pts',(-10.2024749763717,2.70324537119969,41.015854423478));
#17669=CARTESIAN_POINT('Ctrl Pts',(-10.2149713354536,2.6584891709327,41.0572276698776));
#17670=CARTESIAN_POINT('Ctrl Pts',(-10.2274676945356,2.61373297066572,41.0986009162771));
#17671=CARTESIAN_POINT('Ctrl Pts',(-10.2398096670751,2.56952600119933,41.1392193478924));
#17672=CARTESIAN_POINT('Ctrl Pts',(-10.2520013978996,2.52586012811869,41.1790735247797));
#17673=CARTESIAN_POINT('Origin',(-10.2520013978997,2.525860128119,37.2));
#17674=CARTESIAN_POINT('',(-10.1381396945023,2.93366692441,37.2));
#17675=CARTESIAN_POINT('Origin',(-9.675,0.,41.2));
#17676=CARTESIAN_POINT('',(-9.9559839870655,2.956678541711,40.8));
#17677=CARTESIAN_POINT('Origin',(-9.74428203230275,2.59,37.2));
#17678=CARTESIAN_POINT('',(-9.74428203230275,2.59,37.2));
#17679=CARTESIAN_POINT('Origin',(-9.675,2.63,37.2));
#17680=CARTESIAN_POINT('',(-9.60571796769724,2.59,41.17907352478));
#17681=CARTESIAN_POINT('',(-9.60571796769724,2.59,41.17907352478));
#17682=CARTESIAN_POINT('Origin',(-9.65983186425883,2.6178513969682,41.1518429374477));
#17683=CARTESIAN_POINT('Origin',(-9.675,0.,41.));
#17684=CARTESIAN_POINT('',(-9.0979986021002,2.525860128119,41.17907352478));
#17685=CARTESIAN_POINT('',(-9.2118603054976,2.93366692441,40.8));
#17686=CARTESIAN_POINT('Ctrl Pts',(-9.09799860210027,2.52586012811868,41.1790735247797));
#17687=CARTESIAN_POINT('Ctrl Pts',(-9.11019033293619,2.56952600123559,41.1392193478596));
#17688=CARTESIAN_POINT('Ctrl Pts',(-9.12253230548267,2.61373297072808,41.0986009162199));
#17689=CARTESIAN_POINT('Ctrl Pts',(-9.13502866456792,2.65848917100875,41.0572276698073));
#17690=CARTESIAN_POINT('Ctrl Pts',(-9.14752502365318,2.70324537128942,41.0158544233947));
#17691=CARTESIAN_POINT('Ctrl Pts',(-9.16017570957056,2.7485507673877,40.9737263397102));
#17692=CARTESIAN_POINT('Ctrl Pts',(-9.17298036162652,2.79441154451704,40.9308523114422));
#17693=CARTESIAN_POINT('Ctrl Pts',(-9.18578501368247,2.84027232164636,40.8879782831743));
#17694=CARTESIAN_POINT('Ctrl Pts',(-9.19874369462716,2.88668850323899,40.844358322289));
#17695=CARTESIAN_POINT('Ctrl Pts',(-9.21186030549762,2.93366692440989,40.7999999999999));
#17696=CARTESIAN_POINT('',(-9.3940160129345,2.956678541711,40.8));
#17697=CARTESIAN_POINT('Origin',(-9.675,0.,40.8));
#17698=CARTESIAN_POINT('Ctrl Pts',(-9.39401601293451,2.95667854171084,40.7999999999998));
#17699=CARTESIAN_POINT('Ctrl Pts',(-9.41840359963429,2.91443800247415,40.8443583223222));
#17700=CARTESIAN_POINT('Ctrl Pts',(-9.44249839476417,2.87270276345577,40.8879782832341));
#17701=CARTESIAN_POINT('Ctrl Pts',(-9.466305876626,2.83146717443472,40.9308523115145));
#17702=CARTESIAN_POINT('Ctrl Pts',(-9.49011335848783,2.79023158541365,40.973726339795));
#17703=CARTESIAN_POINT('Ctrl Pts',(-9.5136335936878,2.74949563929916,41.0158544234779));
#17704=CARTESIAN_POINT('Ctrl Pts',(-9.5368677710643,2.70925325549447,41.0572276698775));
#17705=CARTESIAN_POINT('Ctrl Pts',(-9.56010194844079,2.6690108716898,41.0986009162771));
#17706=CARTESIAN_POINT('Ctrl Pts',(-9.58305000146613,2.62926206921839,41.1392193478924));
#17707=CARTESIAN_POINT('Ctrl Pts',(-9.60571796769725,2.58999999999964,41.1790735247796));
#17708=CARTESIAN_POINT('Origin',(-9.02714898564113,2.54490059002351,41.1437111476533));
#17709=CARTESIAN_POINT('Origin',(-9.0209455967564,2.547373713768,37.2));
#17710=CARTESIAN_POINT('',(-8.9637877823858,2.491400646527,41.17907352478));
#17711=CARTESIAN_POINT('',(-8.9637877823858,2.491400646527,41.17907352478));
#17712=CARTESIAN_POINT('',(-9.0979986021002,2.525860128119,37.2));
#17713=CARTESIAN_POINT('Origin',(-9.0092752302239,2.53183461910461,41.1518429377443));
#17714=CARTESIAN_POINT('Origin',(-9.675,0.,41.));
#17715=CARTESIAN_POINT('',(-8.48797029179,2.303011174925,41.17907352478));
#17716=CARTESIAN_POINT('',(-8.496837394244,2.726322224976,40.8));
#17717=CARTESIAN_POINT('Ctrl Pts',(-8.48797029179028,2.30301117492446,41.1790735247794));
#17718=CARTESIAN_POINT('Ctrl Pts',(-8.48891973592523,2.34833716450754,41.1392193478595));
#17719=CARTESIAN_POINT('Ctrl Pts',(-8.48988013645362,2.39422461452216,41.09860091622));
#17720=CARTESIAN_POINT('Ctrl Pts',(-8.49085348504119,2.44068243460091,41.0572276698074));
#17721=CARTESIAN_POINT('Ctrl Pts',(-8.49182683362875,2.48714025467966,41.0158544233948));
#17722=CARTESIAN_POINT('Ctrl Pts',(-8.49281308114147,2.53416839610217,40.9737263397103));
#17723=CARTESIAN_POINT('Ctrl Pts',(-8.49381034001753,2.58177276006096,40.9308523114423));
#17724=CARTESIAN_POINT('Ctrl Pts',(-8.49480759889358,2.62937712401974,40.8879782831744));
#17725=CARTESIAN_POINT('Ctrl Pts',(-8.49581592408435,2.6775577488162,40.8443583222891));
#17726=CARTESIAN_POINT('Ctrl Pts',(-8.49683739424401,2.72632222497598,40.8));
#17727=CARTESIAN_POINT('',(-8.667547588661,2.793911172333,40.8));
#17728=CARTESIAN_POINT('Origin',(-9.675,0.,40.8));
#17729=CARTESIAN_POINT('Ctrl Pts',(-8.66754758866101,2.79391117233298,40.8));
#17730=CARTESIAN_POINT('Ctrl Pts',(-8.70167378941528,2.759062643496,40.8443583223221));
#17731=CARTESIAN_POINT('Ctrl Pts',(-8.73539073413122,2.72463072563903,40.8879782832343));
#17732=CARTESIAN_POINT('Ctrl Pts',(-8.76870513415228,2.6906113084519,40.9308523115147));
#17733=CARTESIAN_POINT('Ctrl Pts',(-8.80201953417336,2.65659189126476,40.9737263397952));
#17734=CARTESIAN_POINT('Ctrl Pts',(-8.8349314557766,2.62298498444378,41.0158544234779));
#17735=CARTESIAN_POINT('Ctrl Pts',(-8.86744356263377,2.5897849940771,41.0572276698775));
#17736=CARTESIAN_POINT('Ctrl Pts',(-8.89995566949094,2.55658500371044,41.098600916277));
#17737=CARTESIAN_POINT('Ctrl Pts',(-8.93206789243349,2.52379193167913,41.1392193478922));
#17738=CARTESIAN_POINT('Ctrl Pts',(-8.96378778238587,2.49140064652675,41.1790735247797));
#17739=CARTESIAN_POINT('Origin',(-8.4146113739153,2.30383386304208,41.1437111462606));
#17740=CARTESIAN_POINT('Origin',(-8.407987837112,2.304686568515,37.2));
#17741=CARTESIAN_POINT('',(-8.366545676363,2.236257427703,41.17907352478));
#17742=CARTESIAN_POINT('',(-8.366545676363,2.236257427703,41.17907352478));
#17743=CARTESIAN_POINT('',(-8.48797029179,2.303011174925,37.2));
#17744=CARTESIAN_POINT('Ctrl Pts',(-8.36654567636257,2.2362574277019,41.1790735247798));
#17745=CARTESIAN_POINT('Ctrl Pts',(-8.37401604014742,2.2317332145794,41.1867510622102));
#17746=CARTESIAN_POINT('Ctrl Pts',(-8.38242192965182,2.22833838361406,41.1939168562509));
#17747=CARTESIAN_POINT('Ctrl Pts',(-8.39131407167232,2.22644345031242,41.1999999999951));
#17748=CARTESIAN_POINT('Origin',(-9.675,0.,41.));
#17749=CARTESIAN_POINT('',(-7.952527423637,1.935455559727,41.17907352478));
#17750=CARTESIAN_POINT('Ctrl Pts',(-7.95252742363784,1.93545555972692,41.1790735247797));
#17751=CARTESIAN_POINT('Ctrl Pts',(-7.95452173664603,1.92695276282687,41.1867510622124));
#17752=CARTESIAN_POINT('Ctrl Pts',(-7.95515285004749,1.91790922637448,41.1939168562549));
#17753=CARTESIAN_POINT('Ctrl Pts',(-7.95420721571017,1.90886673016614,41.2000000000002));
#17754=CARTESIAN_POINT('',(-7.855842772489,2.347672673435,40.8));
#17755=CARTESIAN_POINT('Ctrl Pts',(-7.95252742363729,1.93545555972667,41.1790735247796));
#17756=CARTESIAN_POINT('Ctrl Pts',(-7.94217492400325,1.97959366715271,41.1392193478596));
#17757=CARTESIAN_POINT('Ctrl Pts',(-7.931693407017,2.02427832044338,41.0986009162202));
#17758=CARTESIAN_POINT('Ctrl Pts',(-7.92108258603562,2.06951864462494,41.0572276698076));
#17759=CARTESIAN_POINT('Ctrl Pts',(-7.91047176505424,2.11475896880652,41.0158544233949));
#17760=CARTESIAN_POINT('Ctrl Pts',(-7.89973160460359,2.16055490447013,40.9737263397103));
#17761=CARTESIAN_POINT('Ctrl Pts',(-7.88885880885667,2.20691169799414,40.9308523114423));
#17762=CARTESIAN_POINT('Ctrl Pts',(-7.87798601310977,2.25326849151812,40.8879782831744));
#17763=CARTESIAN_POINT('Ctrl Pts',(-7.86698062576643,2.30018619366645,40.8443583222893));
#17764=CARTESIAN_POINT('Ctrl Pts',(-7.85584277248896,2.34767267343504,40.8000000000001));
#17765=CARTESIAN_POINT('',(-8.004381104542,2.455592088711,40.8));
#17766=CARTESIAN_POINT('Origin',(-9.675,0.,40.8));
#17767=CARTESIAN_POINT('Ctrl Pts',(-8.00438110454208,2.45559208871088,40.7999999999999));
#17768=CARTESIAN_POINT('Ctrl Pts',(-8.04610164465088,2.43032523150464,40.844358322322));
#17769=CARTESIAN_POINT('Ctrl Pts',(-8.0873221793139,2.40536011883989,40.887978283234));
#17770=CARTESIAN_POINT('Ctrl Pts',(-8.12805023121897,2.3806944385831,40.9308523115145));
#17771=CARTESIAN_POINT('Ctrl Pts',(-8.16877828312406,2.3560287583263,40.9737263397951));
#17772=CARTESIAN_POINT('Ctrl Pts',(-8.20901391405463,2.33166253635157,41.015854423478));
#17773=CARTESIAN_POINT('Ctrl Pts',(-8.24876109514765,2.30759101691863,41.0572276698776));
#17774=CARTESIAN_POINT('Ctrl Pts',(-8.28850827624066,2.28351949748569,41.0986009162771));
#17775=CARTESIAN_POINT('Ctrl Pts',(-8.32776694003284,2.25974266521499,41.1392193478923));
#17776=CARTESIAN_POINT('Ctrl Pts',(-8.36654567636324,2.23625742770259,41.1790735247795));
#17777=CARTESIAN_POINT('Origin',(-7.874641111408,1.917187490118,37.2));
#17778=CARTESIAN_POINT('',(-7.851518567652,1.840601930316,41.17907352478));
#17779=CARTESIAN_POINT('',(-7.851518567652,1.840601930316,41.17907352478));
#17780=CARTESIAN_POINT('',(-7.952527423637,1.935455559727,37.2));
#17781=CARTESIAN_POINT('Origin',(-7.87190030683033,1.8979482323728,41.1518429398986));
#17782=CARTESIAN_POINT('Origin',(-9.675,0.,41.));
#17783=CARTESIAN_POINT('',(-7.525313842268,1.446288153604,41.17907352478));
#17784=CARTESIAN_POINT('',(-7.329152489731,1.821510213686,40.8));
#17785=CARTESIAN_POINT('Ctrl Pts',(-7.52531384226829,1.44628815360381,41.1790735247796));
#17786=CARTESIAN_POINT('Ctrl Pts',(-7.50430988449228,1.48646501925581,41.1392193478597));
#17787=CARTESIAN_POINT('Ctrl Pts',(-7.483045042251,1.52713917471695,41.0986009162201));
#17788=CARTESIAN_POINT('Ctrl Pts',(-7.4615167686065,1.5683193870504,41.0572276698075));
#17789=CARTESIAN_POINT('Ctrl Pts',(-7.43998849496199,1.60949959938386,41.0158544233948));
#17790=CARTESIAN_POINT('Ctrl Pts',(-7.41819677032901,1.65118580222516,40.9737263397103));
#17791=CARTESIAN_POINT('Ctrl Pts',(-7.3961370977033,1.69338225748888,40.9308523114423));
#17792=CARTESIAN_POINT('Ctrl Pts',(-7.3740774250776,1.73557871275259,40.8879782831744));
#17793=CARTESIAN_POINT('Ctrl Pts',(-7.35174983416161,1.77828548047552,40.8443583222892));
#17794=CARTESIAN_POINT('Ctrl Pts',(-7.32915248973087,1.8215102136861,40.8000000000002));
#17795=CARTESIAN_POINT('',(-7.446185749732,1.962979123119,40.8));
#17796=CARTESIAN_POINT('Origin',(-9.675,0.,40.8));
#17797=CARTESIAN_POINT('Ctrl Pts',(-7.44618574973194,1.96297912311905,40.8000000000001));
#17798=CARTESIAN_POINT('Ctrl Pts',(-7.49287917422155,1.94888154710628,40.8443583223219));
#17799=CARTESIAN_POINT('Ctrl Pts',(-7.53901326104073,1.93495188947792,40.887978283234));
#17800=CARTESIAN_POINT('Ctrl Pts',(-7.58459587154162,1.92118978155628,40.9308523115145));
#17801=CARTESIAN_POINT('Ctrl Pts',(-7.63017848204251,1.90742767363464,40.9737263397951));
#17802=CARTESIAN_POINT('Ctrl Pts',(-7.67520966963287,1.89383315584588,41.0158544234779));
#17803=CARTESIAN_POINT('Ctrl Pts',(-7.71969446339337,1.88040260944132,41.0572276698775));
#17804=CARTESIAN_POINT('Ctrl Pts',(-7.76417925715386,1.86697206303676,41.0986009162771));
#17805=CARTESIAN_POINT('Ctrl Pts',(-7.80811759556542,1.8537054563426,41.1392193478923));
#17806=CARTESIAN_POINT('Ctrl Pts',(-7.85151856765232,1.84060193031568,41.1790735247795));
#17807=CARTESIAN_POINT('Origin',(-7.46063259929602,1.41166815238811,41.1437111461634));
#17808=CARTESIAN_POINT('Origin',(-7.45441755593,1.409224470795,37.2));
#17809=CARTESIAN_POINT('',(-7.451067503631,1.329294644387,41.17907352478));
#17810=CARTESIAN_POINT('Origin',(-7.45654746733618,1.38990804249451,41.151842937975));
#17811=CARTESIAN_POINT('',(-7.451067503631,1.329294644387,41.17907352478));
#17812=CARTESIAN_POINT('',(-7.525313842268,1.446288153604,37.2));
#17813=CARTESIAN_POINT('Origin',(-7.525313842268,1.446288153604,37.2));
#17814=CARTESIAN_POINT('',(-7.329152489731,1.821510213686,40.8));
#17815=CARTESIAN_POINT('Origin',(-9.675,0.,41.2));
#17816=CARTESIAN_POINT('',(-7.446185749732,1.962979123119,37.2));
#17817=CARTESIAN_POINT('Origin',(-7.851518567652,1.840601930316,37.2));
#17818=CARTESIAN_POINT('Origin',(-7.451067503631,1.329294644387,37.2));
#17819=CARTESIAN_POINT('',(-7.028034991271,1.34702495989,40.8));
#17820=CARTESIAN_POINT('Ctrl Pts',(-7.02803499127121,1.3470249598899,40.7999999999998));
#17821=CARTESIAN_POINT('Ctrl Pts',(-7.07676738055537,1.34498246761882,40.8443583223218));
#17822=CARTESIAN_POINT('Ctrl Pts',(-7.12491624518632,1.34296351664529,40.8879782832339));
#17823=CARTESIAN_POINT('Ctrl Pts',(-7.17248929122391,1.34096970491284,40.9308523115144));
#17824=CARTESIAN_POINT('Ctrl Pts',(-7.22006233726152,1.33897589318039,40.9737263397949));
#17825=CARTESIAN_POINT('Ctrl Pts',(-7.26705960638204,1.3370072731271,41.0158544234778));
#17826=CARTESIAN_POINT('Ctrl Pts',(-7.31348686961476,1.33506159037577,41.0572276698775));
#17827=CARTESIAN_POINT('Ctrl Pts',(-7.35991413284746,1.33311590762445,41.0986009162771));
#17828=CARTESIAN_POINT('Ctrl Pts',(-7.40577133848298,1.33119311619721,41.1392193478924));
#17829=CARTESIAN_POINT('Ctrl Pts',(-7.45106750363148,1.32929464438671,41.1790735247794));
#17830=CARTESIAN_POINT('',(-7.028034991271,1.34702495989,37.2));
#17831=CARTESIAN_POINT('Origin',(-9.675,0.,41.2));
#17832=CARTESIAN_POINT('',(-6.949860433466,1.180895568166,40.8));
#17833=CARTESIAN_POINT('',(-6.949860433466,1.180895568166,40.8));
#17834=CARTESIAN_POINT('Origin',(-9.675,0.,40.8));
#17835=CARTESIAN_POINT('Origin',(-9.675,0.,41.));
#17836=CARTESIAN_POINT('',(-7.233172948182,0.8662451437148,41.17907352478));
#17837=CARTESIAN_POINT('Ctrl Pts',(-7.23317294818231,0.86624514371469,41.1790735247797));
#17838=CARTESIAN_POINT('Ctrl Pts',(-7.20283728817735,0.899936307361773,
41.1392193478596));
#17839=CARTESIAN_POINT('Ctrl Pts',(-7.17212526892636,0.934044258217346,
41.0986009162201));
#17840=CARTESIAN_POINT('Ctrl Pts',(-7.14103224322761,0.968576854512032,
41.0572276698074));
#17841=CARTESIAN_POINT('Ctrl Pts',(-7.10993921752885,1.00310945080673,41.0158544233948));
#17842=CARTESIAN_POINT('Ctrl Pts',(-7.07846518291655,1.03806662339036,40.9737263397102));
#17843=CARTESIAN_POINT('Ctrl Pts',(-7.04660472377307,1.07345138192203,40.9308523114423));
#17844=CARTESIAN_POINT('Ctrl Pts',(-7.01474426462959,1.10883614045369,40.8879782831744));
#17845=CARTESIAN_POINT('Ctrl Pts',(-6.98249739479365,1.14464855047072,40.8443583222893));
#17846=CARTESIAN_POINT('Ctrl Pts',(-6.94986043346628,1.18089556816588,40.7999999999997));
#17847=CARTESIAN_POINT('Origin',(-7.17913343005197,0.816627222740864,41.1437111465266));
#17848=CARTESIAN_POINT('Origin',(-7.173721362144,0.8127146952061,37.2));
#17849=CARTESIAN_POINT('',(-7.190354297409,0.7344628871474,41.17907352478));
#17850=CARTESIAN_POINT('',(-7.190354297409,0.7344628871474,41.17907352478));
#17851=CARTESIAN_POINT('',(-7.233172948182,0.8662451437148,37.2));
#17852=CARTESIAN_POINT('Origin',(-7.18058815841933,0.79453481638742,41.1518429373093));
#17853=CARTESIAN_POINT('Origin',(-9.675,0.,41.));
#17854=CARTESIAN_POINT('',(-7.094461028173,0.2317727656189,41.17907352478));
#17855=CARTESIAN_POINT('',(-6.74179891853,0.4660809110669,40.8));
#17856=CARTESIAN_POINT('Ctrl Pts',(-7.09446102817342,0.231772765618862,
41.1790735247796));
#17857=CARTESIAN_POINT('Ctrl Pts',(-7.05669976702526,0.256861287542573,
41.1392193478597));
#17858=CARTESIAN_POINT('Ctrl Pts',(-7.01847031988473,0.282259905799791,
41.0986009162201));
#17859=CARTESIAN_POINT('Ctrl Pts',(-6.97976623128834,0.307975076028155,
41.0572276698075));
#17860=CARTESIAN_POINT('Ctrl Pts',(-6.94106214269194,0.333690246256528,
41.0158544233948));
#17861=CARTESIAN_POINT('Ctrl Pts',(-6.90188342744831,0.359721900865148,
40.9737263397104));
#17862=CARTESIAN_POINT('Ctrl Pts',(-6.86222409160943,0.386071608150057,
40.9308523114424));
#17863=CARTESIAN_POINT('Ctrl Pts',(-6.82256475577055,0.412421315434957,
40.8879782831744));
#17864=CARTESIAN_POINT('Ctrl Pts',(-6.78242479644191,0.439089142316054,
40.8443583222891));
#17865=CARTESIAN_POINT('Ctrl Pts',(-6.74179891852984,0.466080911066925,
40.8000000000002));
#17866=CARTESIAN_POINT('',(-6.776202779165,0.6464322644191,40.8));
#17867=CARTESIAN_POINT('Origin',(-9.675,0.,40.8));
#17868=CARTESIAN_POINT('Ctrl Pts',(-6.77620277916525,0.646432264419043,
40.7999999999997));
#17869=CARTESIAN_POINT('Ctrl Pts',(-6.82391209800009,0.656573193191024,
40.844358322322));
#17870=CARTESIAN_POINT('Ctrl Pts',(-6.87105037019899,0.666591806987084,
40.8879782832341));
#17871=CARTESIAN_POINT('Ctrl Pts',(-6.9176246623294,0.676491569967776,40.9308523115147));
#17872=CARTESIAN_POINT('Ctrl Pts',(-6.96419895445981,0.686391332948469,
40.9737263397952));
#17873=CARTESIAN_POINT('Ctrl Pts',(-7.01020929384787,0.696172306268889,
41.015854423478));
#17874=CARTESIAN_POINT('Ctrl Pts',(-7.05566183085609,0.705833741573769,
41.0572276698775));
#17875=CARTESIAN_POINT('Ctrl Pts',(-7.10111436786429,0.715495176878647,
41.098600916277));
#17876=CARTESIAN_POINT('Ctrl Pts',(-7.14600906384207,0.725037016774976,
41.139219347892));
#17877=CARTESIAN_POINT('Ctrl Pts',(-7.19035429740942,0.734462887147275,
41.1790735247796));
#17878=CARTESIAN_POINT('Origin',(-7.05445873561782,0.170274600832659,41.1437111461137));
#17879=CARTESIAN_POINT('Origin',(-7.050189704234,0.1651390663621,37.2));
#17880=CARTESIAN_POINT('',(-7.085760518568,0.09348212554293,41.17907352478));
#17881=CARTESIAN_POINT('',(-7.094461028173,0.2317727656189,37.2));
#17882=CARTESIAN_POINT('Origin',(-7.094461028173,0.2317727656189,37.2));
#17883=CARTESIAN_POINT('',(-6.74179891853,0.4660809110669,40.8));
#17884=CARTESIAN_POINT('Origin',(-9.675,0.,41.2));
#17885=CARTESIAN_POINT('',(-6.776202779165,0.6464322644191,37.2));
#17886=CARTESIAN_POINT('Origin',(-7.190354297409,0.7344628871474,37.2));
#17887=CARTESIAN_POINT('Origin',(-7.085760518568,0.09348212554293,37.2));
#17888=CARTESIAN_POINT('',(-6.706512657475,-0.09477814763655,37.2));
#17889=CARTESIAN_POINT('Origin',(-9.675,0.,41.2));
#17890=CARTESIAN_POINT('',(-6.718041215101,-0.2780193237998,40.8));
#17891=CARTESIAN_POINT('Origin',(-7.117893862323,-0.4172627477415,37.2));
#17892=CARTESIAN_POINT('Origin',(-7.233172948182,0.8662451437148,37.2));
#17893=CARTESIAN_POINT('Origin',(-7.952527423637,1.935455559727,37.2));
#17894=CARTESIAN_POINT('',(-7.855842772489,2.347672673435,40.8));
#17895=CARTESIAN_POINT('Origin',(-9.675,0.,41.2));
#17896=CARTESIAN_POINT('',(-8.004381104542,2.455592088711,37.2));
#17897=CARTESIAN_POINT('Origin',(-8.366545676363,2.236257427703,37.2));
#17898=CARTESIAN_POINT('Origin',(-8.48797029179,2.303011174925,37.2));
#17899=CARTESIAN_POINT('',(-8.496837394244,2.726322224976,40.8));
#17900=CARTESIAN_POINT('Origin',(-9.675,0.,41.2));
#17901=CARTESIAN_POINT('',(-8.667547588661,2.793911172333,37.2));
#17902=CARTESIAN_POINT('Origin',(-8.9637877823858,2.491400646527,37.2));
#17903=CARTESIAN_POINT('Origin',(-9.0979986021002,2.525860128119,37.2));
#17904=CARTESIAN_POINT('',(-9.2118603054976,2.93366692441,40.8));
#17905=CARTESIAN_POINT('Origin',(-9.675,0.,41.2));
#17906=CARTESIAN_POINT('',(-9.3940160129345,2.956678541711,37.2));
#17907=CARTESIAN_POINT('Origin',(-9.60571796769725,2.59,37.2));
#17908=CARTESIAN_POINT('Origin',(-10.3862122176142,2.491400646527,37.2));
#17909=CARTESIAN_POINT('Origin',(-10.942012162887,2.304686568515,37.2));
#17910=CARTESIAN_POINT('',(-10.862029708209,2.303011174925,41.17907352478));
#17911=CARTESIAN_POINT('',(-10.983454323637,2.236257427703,41.17907352478));
#17912=CARTESIAN_POINT('',(-10.983454323637,2.236257427703,37.2));
#17913=CARTESIAN_POINT('Ctrl Pts',(-10.9586859283274,2.22644345031257,41.1999999999951));
#17914=CARTESIAN_POINT('Ctrl Pts',(-10.9675778440346,2.22833833538647,41.1939170110725));
#17915=CARTESIAN_POINT('Ctrl Pts',(-10.9759838388006,2.23173314126824,41.1867511866189));
#17916=CARTESIAN_POINT('Ctrl Pts',(-10.9834543236371,2.23625742770228,41.1790735247796));
#17917=CARTESIAN_POINT('Origin',(-9.675,0.,41.));
#17918=CARTESIAN_POINT('',(-11.345618895458,2.455592088711,40.8));
#17919=CARTESIAN_POINT('Ctrl Pts',(-10.9834543236368,2.23625742770258,41.1790735247795));
#17920=CARTESIAN_POINT('Ctrl Pts',(-11.0222330600007,2.25974266523349,41.1392193478594));
#17921=CARTESIAN_POINT('Ctrl Pts',(-11.0614917238152,2.28351949751879,41.0986009162199));
#17922=CARTESIAN_POINT('Ctrl Pts',(-11.1012389049198,2.30759101695954,41.0572276698073));
#17923=CARTESIAN_POINT('Ctrl Pts',(-11.1409860860244,2.33166253640029,41.0158544233947));
#17924=CARTESIAN_POINT('Ctrl Pts',(-11.1812217169559,2.35602875837604,40.9737263397101));
#17925=CARTESIAN_POINT('Ctrl Pts',(-11.2219497688493,2.38069443862506,40.9308523114422));
#17926=CARTESIAN_POINT('Ctrl Pts',(-11.2626778207427,2.40536011887408,40.8879782831742));
#17927=CARTESIAN_POINT('Ctrl Pts',(-11.3038983553815,2.4303252315223,40.8443583222892));
#17928=CARTESIAN_POINT('Ctrl Pts',(-11.3456188954579,2.45559208871088,40.7999999999999));
#17929=CARTESIAN_POINT('',(-11.494157227511,2.347672673435,40.8));
#17930=CARTESIAN_POINT('Origin',(-9.675,0.,40.8));
#17931=CARTESIAN_POINT('',(-11.397472576363,1.935455559727,41.17907352478));
#17932=CARTESIAN_POINT('Ctrl Pts',(-11.494157227511,2.34767267343504,40.8000000000001));
#17933=CARTESIAN_POINT('Ctrl Pts',(-11.4830193742263,2.30018619363064,40.8443583223221));
#17934=CARTESIAN_POINT('Ctrl Pts',(-11.4720139868751,2.2532684914539,40.8879782832341));
#17935=CARTESIAN_POINT('Ctrl Pts',(-11.4611411911246,2.2069116979163,40.9308523115146));
#17936=CARTESIAN_POINT('Ctrl Pts',(-11.4502683953742,2.16055490437868,40.9737263397951));
#17937=CARTESIAN_POINT('Ctrl Pts',(-11.4395282349245,2.11475896871621,41.0158544234779));
#17938=CARTESIAN_POINT('Ctrl Pts',(-11.4289174139468,2.06951864454823,41.0572276698774));
#17939=CARTESIAN_POINT('Ctrl Pts',(-11.4183065929692,2.02427832038026,41.098600916277));
#17940=CARTESIAN_POINT('Ctrl Pts',(-11.4078250759894,1.97959366711562,41.1392193478922));
#17941=CARTESIAN_POINT('Ctrl Pts',(-11.3974725763627,1.93545555972667,41.1790735247796));
#17942=CARTESIAN_POINT('Ctrl Pts',(-11.3974725763622,1.93545555972692,41.1790735247797));
#17943=CARTESIAN_POINT('Ctrl Pts',(-11.395478263354,1.92695276282687,41.1867510622124));
#17944=CARTESIAN_POINT('Ctrl Pts',(-11.3948471499525,1.91790922637448,41.1939168562549));
#17945=CARTESIAN_POINT('Ctrl Pts',(-11.3957927842898,1.90886673016614,41.2000000000002));
#17946=CARTESIAN_POINT('Origin',(-11.475358888592,1.917187490118,37.2));
#17947=CARTESIAN_POINT('',(-11.397472576363,1.935455559727,41.17907352478));
#17948=CARTESIAN_POINT('',(-11.498481432348,1.840601930316,41.17907352478));
#17949=CARTESIAN_POINT('',(-11.498481432348,1.840601930316,37.2));
#17950=CARTESIAN_POINT('Origin',(-11.4765947028271,1.91062463230494,41.1437111459755));
#17951=CARTESIAN_POINT('Origin',(-11.397472576363,1.935455559727,37.2));
#17952=CARTESIAN_POINT('',(-11.494157227511,2.347672673435,37.2));
#17953=CARTESIAN_POINT('Origin',(-9.675,0.,41.2));
#17954=CARTESIAN_POINT('',(-11.345618895458,2.455592088711,40.8));
#17955=CARTESIAN_POINT('Origin',(-10.983454323637,2.236257427703,37.2));
#17956=CARTESIAN_POINT('Origin',(-9.675,0.,41.));
#17957=CARTESIAN_POINT('',(-11.903814250268,1.962979123119,40.8));
#17958=CARTESIAN_POINT('Ctrl Pts',(-11.4984814323477,1.84060193031568,41.1790735247795));
#17959=CARTESIAN_POINT('Ctrl Pts',(-11.5418824044707,1.85370545635273,41.1392193478596));
#17960=CARTESIAN_POINT('Ctrl Pts',(-11.5858207429082,1.86697206305486,41.0986009162201));
#17961=CARTESIAN_POINT('Ctrl Pts',(-11.6303055366821,1.88040260946394,41.0572276698075));
#17962=CARTESIAN_POINT('Ctrl Pts',(-11.6747903304559,1.89383315587303,41.0158544233948));
#17963=CARTESIAN_POINT('Ctrl Pts',(-11.7198215180471,1.90742767366287,40.9737263397102));
#17964=CARTESIAN_POINT('Ctrl Pts',(-11.7654041285346,1.92118978158024,40.9308523114423));
#17965=CARTESIAN_POINT('Ctrl Pts',(-11.810986739022,1.9349518894976,40.8879782831743));
#17966=CARTESIAN_POINT('Ctrl Pts',(-11.8571208258133,1.9488815471164,40.8443583222891));
#17967=CARTESIAN_POINT('Ctrl Pts',(-11.9038142502681,1.96297912311905,40.8000000000001));
#17968=CARTESIAN_POINT('',(-12.020847510269,1.821510213686,40.8));
#17969=CARTESIAN_POINT('Origin',(-9.675,0.,40.8));
#17970=CARTESIAN_POINT('',(-11.824686157732,1.446288153604,41.17907352478));
#17971=CARTESIAN_POINT('Ctrl Pts',(-12.0208475102691,1.8215102136861,40.8000000000002));
#17972=CARTESIAN_POINT('Ctrl Pts',(-11.9982501658224,1.77828548044308,40.8443583223218));
#17973=CARTESIAN_POINT('Ctrl Pts',(-11.9759225748915,1.73557871269479,40.8879782832339));
#17974=CARTESIAN_POINT('Ctrl Pts',(-11.953862902259,1.69338225741874,40.9308523115144));
#17975=CARTESIAN_POINT('Ctrl Pts',(-11.9318032296264,1.65118580214267,40.973726339795));
#17976=CARTESIAN_POINT('Ctrl Pts',(-11.9100115049947,1.60949959930198,41.0158544234778));
#17977=CARTESIAN_POINT('Ctrl Pts',(-11.8884832313574,1.56831938698049,41.0572276698774));
#17978=CARTESIAN_POINT('Ctrl Pts',(-11.86695495772,1.52713917465901,41.0986009162769));
#17979=CARTESIAN_POINT('Ctrl Pts',(-11.8456901154918,1.48646501922121,41.1392193478922));
#17980=CARTESIAN_POINT('Ctrl Pts',(-11.8246861577317,1.44628815360381,41.1790735247796));
#17981=CARTESIAN_POINT('Origin',(-11.8771975441126,1.41552180476879,41.1518429385781));
#17982=CARTESIAN_POINT('Origin',(-11.824686157732,1.446288153604,37.2));
#17983=CARTESIAN_POINT('',(-11.824686157732,1.446288153604,41.17907352478));
#17984=CARTESIAN_POINT('',(-12.020847510269,1.821510213686,37.2));
#17985=CARTESIAN_POINT('Origin',(-9.675,0.,41.2));
#17986=CARTESIAN_POINT('',(-11.903814250268,1.962979123119,40.8));
#17987=CARTESIAN_POINT('Origin',(-11.498481432348,1.840601930316,37.2));
#17988=CARTESIAN_POINT('Origin',(-11.89558244407,1.409224470795,37.2));
#17989=CARTESIAN_POINT('',(-11.898932496369,1.329294644387,41.17907352478));
#17990=CARTESIAN_POINT('',(-11.898932496369,1.329294644387,37.2));
#17991=CARTESIAN_POINT('Origin',(-11.8951473164184,1.40256046150851,41.1437111467482));
#17992=CARTESIAN_POINT('Origin',(-9.675,0.,41.));
#17993=CARTESIAN_POINT('',(-12.321965008729,1.34702495989,40.8));
#17994=CARTESIAN_POINT('Ctrl Pts',(-11.8989324963685,1.32929464438671,41.1790735247794));
#17995=CARTESIAN_POINT('Ctrl Pts',(-11.9442286615547,1.33119311619784,41.1392193478597));
#17996=CARTESIAN_POINT('Ctrl Pts',(-11.9900858672173,1.33311590762644,41.09860091622));
#17997=CARTESIAN_POINT('Ctrl Pts',(-12.036513130464,1.33506159037882,41.0572276698074));
#17998=CARTESIAN_POINT('Ctrl Pts',(-12.0829403937108,1.3370072731312,41.0158544233947));
#17999=CARTESIAN_POINT('Ctrl Pts',(-12.1299376628324,1.33897589318526,40.9737263397101));
#18000=CARTESIAN_POINT('Ctrl Pts',(-12.1775107088559,1.34096970491684,40.9308523114421));
#18001=CARTESIAN_POINT('Ctrl Pts',(-12.2250837548794,1.34296351664843,40.8879782831742));
#18002=CARTESIAN_POINT('Ctrl Pts',(-12.2732326194811,1.34498246761954,40.844358322289));
#18003=CARTESIAN_POINT('Ctrl Pts',(-12.3219650087288,1.3470249598899,40.7999999999998));
#18004=CARTESIAN_POINT('',(-12.400139566534,1.180895568166,40.8));
#18005=CARTESIAN_POINT('Origin',(-9.675,0.,40.8));
#18006=CARTESIAN_POINT('',(-12.116827051818,0.8662451437148,41.17907352478));
#18007=CARTESIAN_POINT('Ctrl Pts',(-12.4001395665337,1.18089556816588,40.7999999999997));
#18008=CARTESIAN_POINT('Ctrl Pts',(-12.3675026051828,1.14464855044279,40.844358322322));
#18009=CARTESIAN_POINT('Ctrl Pts',(-12.3352557353262,1.10883614040459,40.8879782832342));
#18010=CARTESIAN_POINT('Ctrl Pts',(-12.303395276173,1.07345138186266,40.9308523115147));
#18011=CARTESIAN_POINT('Ctrl Pts',(-12.2715348170198,1.03806662332072,40.9737263397952));
#18012=CARTESIAN_POINT('Ctrl Pts',(-12.2400607824089,1.00310945073764,41.0158544234779));
#18013=CARTESIAN_POINT('Ctrl Pts',(-12.2089677567199,0.968576854453181,
41.0572276698774));
#18014=CARTESIAN_POINT('Ctrl Pts',(-12.177874731031,0.934044258168733,41.098600916277));
#18015=CARTESIAN_POINT('Ctrl Pts',(-12.1471627117982,0.899936307333062,
41.1392193478923));
#18016=CARTESIAN_POINT('Ctrl Pts',(-12.1168270518177,0.866245143714688,
41.1790735247797));
#18017=CARTESIAN_POINT('Origin',(-12.1600374181835,0.823386324513098,41.1518429374316));
#18018=CARTESIAN_POINT('Origin',(-12.116827051818,0.8662451437148,37.2));
#18019=CARTESIAN_POINT('',(-12.116827051818,0.8662451437148,41.17907352478));
#18020=CARTESIAN_POINT('',(-12.400139566534,1.180895568166,37.2));
#18021=CARTESIAN_POINT('Origin',(-9.675,0.,41.2));
#18022=CARTESIAN_POINT('',(-12.321965008729,1.34702495989,40.8));
#18023=CARTESIAN_POINT('Origin',(-11.898932496369,1.329294644387,37.2));
#18024=CARTESIAN_POINT('Origin',(-12.176278637856,0.8127146952061,37.2));
#18025=CARTESIAN_POINT('',(-12.159645702591,0.7344628871474,41.17907352478));
#18026=CARTESIAN_POINT('',(-12.159645702591,0.7344628871474,37.2));
#18027=CARTESIAN_POINT('Origin',(-12.1741999089475,0.806368260307258,41.1437111464857));
#18028=CARTESIAN_POINT('Origin',(-9.675,0.,41.));
#18029=CARTESIAN_POINT('',(-12.573797220835,0.6464322644191,40.8));
#18030=CARTESIAN_POINT('Ctrl Pts',(-12.1596457025906,0.734462887147275,
41.1790735247796));
#18031=CARTESIAN_POINT('Ctrl Pts',(-12.2039909361945,0.725037016765962,
41.1392193478595));
#18032=CARTESIAN_POINT('Ctrl Pts',(-12.2488856321988,0.715495176864338,
41.0986009162201));
#18033=CARTESIAN_POINT('Ctrl Pts',(-12.294338169221,0.705833741557015,41.0572276698074));
#18034=CARTESIAN_POINT('Ctrl Pts',(-12.3397907062432,0.69617230624969,41.0158544233948));
#18035=CARTESIAN_POINT('Ctrl Pts',(-12.3858010456327,0.68639133292968,40.9737263397101));
#18036=CARTESIAN_POINT('Ctrl Pts',(-12.4323753377492,0.676491569951598,
40.9308523114422));
#18037=CARTESIAN_POINT('Ctrl Pts',(-12.4789496298657,0.666591806973519,
40.8879782831743));
#18038=CARTESIAN_POINT('Ctrl Pts',(-12.5260879020353,0.656573193182343,
40.8443583222893));
#18039=CARTESIAN_POINT('Ctrl Pts',(-12.5737972208347,0.646432264419042,
40.7999999999997));
#18040=CARTESIAN_POINT('',(-12.60820108147,0.4660809110669,40.8));
#18041=CARTESIAN_POINT('Origin',(-9.675,0.,40.8));
#18042=CARTESIAN_POINT('',(-12.255538971827,0.2317727656189,41.17907352478));
#18043=CARTESIAN_POINT('Ctrl Pts',(-12.6082010814702,0.466080911066925,
40.8000000000002));
#18044=CARTESIAN_POINT('Ctrl Pts',(-12.5675752035281,0.439089142294726,
40.8443583223221));
#18045=CARTESIAN_POINT('Ctrl Pts',(-12.5274352441745,0.412421315398495,
40.887978283234));
#18046=CARTESIAN_POINT('Ctrl Pts',(-12.4877759083238,0.386071608106127,
40.9308523115145));
#18047=CARTESIAN_POINT('Ctrl Pts',(-12.448116572473,0.35972190081375,40.973726339795));
#18048=CARTESIAN_POINT('Ctrl Pts',(-12.4089378572305,0.333690246205243,
41.015854423478));
#18049=CARTESIAN_POINT('Ctrl Pts',(-12.3702337686461,0.307975075984248,
41.0572276698776));
#18050=CARTESIAN_POINT('Ctrl Pts',(-12.3315296800618,0.282259905763261,
41.0986009162771));
#18051=CARTESIAN_POINT('Ctrl Pts',(-12.2933002329441,0.25686128752069,41.1392193478922));
#18052=CARTESIAN_POINT('Ctrl Pts',(-12.2555389718266,0.231772765618863,
41.1790735247796));
#18053=CARTESIAN_POINT('Origin',(-12.2867332486543,0.179514455510383,41.1518429388044));
#18054=CARTESIAN_POINT('Origin',(-12.255538971827,0.2317727656189,37.2));
#18055=CARTESIAN_POINT('',(-12.255538971827,0.2317727656189,41.17907352478));
#18056=CARTESIAN_POINT('',(-12.60820108147,0.4660809110669,37.2));
#18057=CARTESIAN_POINT('Origin',(-9.675,0.,41.2));
#18058=CARTESIAN_POINT('',(-12.573797220835,0.6464322644191,40.8));
#18059=CARTESIAN_POINT('Origin',(-12.159645702591,0.7344628871474,37.2));
#18060=CARTESIAN_POINT('Origin',(-12.299810295766,0.1651390663621,37.2));
#18061=CARTESIAN_POINT('',(-12.264239481432,0.09348212554297,41.17907352478));
#18062=CARTESIAN_POINT('',(-12.264239481432,0.09348212554297,37.2));
#18063=CARTESIAN_POINT('Origin',(-12.2886383944757,0.149238438854232,41.151842594063));
#18064=CARTESIAN_POINT('Origin',(-9.675,0.,41.));
#18065=CARTESIAN_POINT('',(-12.643487342525,-0.0947781476365,40.8));
#18066=CARTESIAN_POINT('Ctrl Pts',(-12.2642394814205,0.0934821255486548,
41.1790735247901));
#18067=CARTESIAN_POINT('Ctrl Pts',(-12.4409372544161,0.00576858929178725,
41.0056555576614));
#18068=CARTESIAN_POINT('Ctrl Pts',(-12.6434873425082,-0.0947781476279837,
40.8000000000169));
#18069=CARTESIAN_POINT('',(-12.631958784899,-0.2780193237998,40.8));
#18070=CARTESIAN_POINT('Origin',(-9.675,0.,40.8));
#18071=CARTESIAN_POINT('',(-12.232106137677,-0.4172627477414,41.17907352478));
#18072=CARTESIAN_POINT('Ctrl Pts',(-12.6319587848992,-0.278019323799818,
40.8000000000002));
#18073=CARTESIAN_POINT('Ctrl Pts',(-12.5858966636881,-0.294059851520198,
40.8443583223221));
#18074=CARTESIAN_POINT('Ctrl Pts',(-12.540385756108,-0.309907457633312,
40.8879782832341));
#18075=CARTESIAN_POINT('Ctrl Pts',(-12.4954194854881,-0.325566464659608,
40.9308523115146));
#18076=CARTESIAN_POINT('Ctrl Pts',(-12.4504532148682,-0.341225471685908,
40.9737263397951));
#18077=CARTESIAN_POINT('Ctrl Pts',(-12.4060315617625,-0.356695943723129,
41.0158544234779));
#18078=CARTESIAN_POINT('Ctrl Pts',(-12.3621483305121,-0.371977909161885,
41.0572276698775));
#18079=CARTESIAN_POINT('Ctrl Pts',(-12.3182650992618,-0.387259874600636,
41.0986009162771));
#18080=CARTESIAN_POINT('Ctrl Pts',(-12.2749203210193,-0.402353271656271,
41.1392193478923));
#18081=CARTESIAN_POINT('Ctrl Pts',(-12.2321061376768,-0.41726274774137,
41.1790735247798));
#18082=CARTESIAN_POINT('Ctrl Pts',(-12.2321061376768,-0.41726274774143,
41.1790735247798));
#18083=CARTESIAN_POINT('Ctrl Pts',(-12.2238583824629,-0.420134919987386,
41.1867510622115));
#18084=CARTESIAN_POINT('Ctrl Pts',(-12.2158845046206,-0.424447822470239,
41.1939168562532));
#18085=CARTESIAN_POINT('Ctrl Pts',(-12.2087563687726,-0.430091459709465,
41.199999999998));
#18086=CARTESIAN_POINT('Origin',(-12.232106137677,-0.4172627477414,37.2));
#18087=CARTESIAN_POINT('',(-12.232106137677,-0.4172627477414,41.17907352478));
#18088=CARTESIAN_POINT('',(-12.631958784899,-0.2780193237998,37.2));
#18089=CARTESIAN_POINT('Origin',(-9.675,0.,41.2));
#18090=CARTESIAN_POINT('',(-12.643487342525,-0.0947781476365,40.8));
#18091=CARTESIAN_POINT('Origin',(-12.264239481432,0.09348212554297,37.2));
#18092=CARTESIAN_POINT('Origin',(-12.258415469416,-0.4928128573604,37.2));
#18093=CARTESIAN_POINT('',(-12.206141821097,-0.5533724618126,41.17907352478));
#18094=CARTESIAN_POINT('',(-12.206141821097,-0.5533724618126,37.2));
#18095=CARTESIAN_POINT('Origin',(-12.2535364466014,-0.497372845727729,41.1437111468558));
#18096=CARTESIAN_POINT('Origin',(-9.675,0.,41.));
#18097=CARTESIAN_POINT('',(-12.526656487152,-0.8300333001065,40.8));
#18098=CARTESIAN_POINT('Ctrl Pts',(-12.2061418210968,-0.553372461812548,
41.1790735247797));
#18099=CARTESIAN_POINT('Ctrl Pts',(-12.2404608978445,-0.58299589421048,
41.1392193478594));
#18100=CARTESIAN_POINT('Ctrl Pts',(-12.2752056034213,-0.61298565700398,
41.09860091622));
#18101=CARTESIAN_POINT('Ctrl Pts',(-12.3103815332824,-0.643348964010285,
41.0572276698074));
#18102=CARTESIAN_POINT('Ctrl Pts',(-12.3455574631434,-0.6737122710166,41.0158544233948));
#18103=CARTESIAN_POINT('Ctrl Pts',(-12.3811646110682,-0.704449053321774,
40.9737263397102));
#18104=CARTESIAN_POINT('Ctrl Pts',(-12.4172087271808,-0.735561618096168,
40.9308523114423));
#18105=CARTESIAN_POINT('Ctrl Pts',(-12.4532528432933,-0.766674182870552,
40.8879782831743));
#18106=CARTESIAN_POINT('Ctrl Pts',(-12.4897339220782,-0.798162596869164,
40.8443583222892));
#18107=CARTESIAN_POINT('Ctrl Pts',(-12.5266564871518,-0.830033300106449,
40.7999999999998));
#18108=CARTESIAN_POINT('',(-12.46991989294,-1.004650582069,40.8));
#18109=CARTESIAN_POINT('Origin',(-9.675,0.,40.8));
#18110=CARTESIAN_POINT('',(-12.048000920519,-1.040080108076,41.17907352478));
#18111=CARTESIAN_POINT('Ctrl Pts',(-12.4699198929397,-1.00465058206889,
40.7999999999997));
#18112=CARTESIAN_POINT('Ctrl Pts',(-12.4213157809398,-1.00873198338763,
40.8443583223219));
#18113=CARTESIAN_POINT('Ctrl Pts',(-12.3732935428337,-1.0127636053422,40.8879782832341));
#18114=CARTESIAN_POINT('Ctrl Pts',(-12.325845733602,-1.01674799910117,40.9308523115146));
#18115=CARTESIAN_POINT('Ctrl Pts',(-12.2783979243702,-1.02073239286014,
40.9737263397951));
#18116=CARTESIAN_POINT('Ctrl Pts',(-12.2315245092374,-1.0246696156715,41.0158544234778));
#18117=CARTESIAN_POINT('Ctrl Pts',(-12.1852194801318,-1.02855815423625,
41.0572276698774));
#18118=CARTESIAN_POINT('Ctrl Pts',(-12.1389144510263,-1.03244669280099,
41.0986009162769));
#18119=CARTESIAN_POINT('Ctrl Pts',(-12.093177853487,-1.03628649502289,41.1392193478922));
#18120=CARTESIAN_POINT('Ctrl Pts',(-12.0480009205187,-1.04008010807588,
41.1790735247797));
#18121=CARTESIAN_POINT('Origin',(-12.0501610413901,-1.10090237422662,41.1518429372761));
#18122=CARTESIAN_POINT('Origin',(-12.048000920519,-1.040080108076,37.2));
#18123=CARTESIAN_POINT('',(-12.048000920519,-1.040080108076,41.17907352478));
#18124=CARTESIAN_POINT('',(-12.46991989294,-1.004650582069,37.2));
#18125=CARTESIAN_POINT('Origin',(-9.675,0.,41.2));
#18126=CARTESIAN_POINT('',(-12.526656487152,-0.8300333001065,40.8));
#18127=CARTESIAN_POINT('Origin',(-12.206141821097,-0.5533724618126,37.2));
#18128=CARTESIAN_POINT('Origin',(-12.054695147986,-1.119799536816,37.2));
#18129=CARTESIAN_POINT('',(-11.989003211255,-1.165456622231,41.17907352478));
#18130=CARTESIAN_POINT('',(-11.989003211255,-1.165456622231,37.2));
#18131=CARTESIAN_POINT('Origin',(-12.0488353872051,-1.12300290049911,41.1437111457387));
#18132=CARTESIAN_POINT('Origin',(-9.675,0.,41.));
#18133=CARTESIAN_POINT('',(-12.230645567032,-1.513134407682,40.8));
#18134=CARTESIAN_POINT('Ctrl Pts',(-11.9890032112546,-1.16545662223081,
41.1790735247796));
#18135=CARTESIAN_POINT('Ctrl Pts',(-12.0148770430375,-1.20268418734975,
41.1392193478594));
#18136=CARTESIAN_POINT('Ctrl Pts',(-12.0410720290723,-1.24037242350738,
41.09860091622));
#18137=CARTESIAN_POINT('Ctrl Pts',(-12.0675917950194,-1.27852970941798,
41.0572276698074));
#18138=CARTESIAN_POINT('Ctrl Pts',(-12.0941115609664,-1.31668699532859,
41.0158544233948));
#18139=CARTESIAN_POINT('Ctrl Pts',(-12.120956117939,-1.35531326269631,40.9737263397102));
#18140=CARTESIAN_POINT('Ctrl Pts',(-12.1481304616403,-1.39441217620527,
40.9308523114422));
#18141=CARTESIAN_POINT('Ctrl Pts',(-12.1753048053417,-1.43351108971423,
40.8879782831742));
#18142=CARTESIAN_POINT('Ctrl Pts',(-12.2028089138282,-1.47308271265052,
40.8443583222891));
#18143=CARTESIAN_POINT('Ctrl Pts',(-12.2306455670319,-1.51313440768192,
40.7999999999998));
#18144=CARTESIAN_POINT('',(-12.13226590511,-1.66815594942,40.8));
#18145=CARTESIAN_POINT('Origin',(-9.675,0.,40.8));
#18146=CARTESIAN_POINT('',(-11.714791328238,-1.597545410073,41.17907352478));
#18147=CARTESIAN_POINT('Ctrl Pts',(-12.1322659051099,-1.66815594941992,
40.7999999999998));
#18148=CARTESIAN_POINT('Ctrl Pts',(-12.0841737774317,-1.66002177488212,
40.844358322322));
#18149=CARTESIAN_POINT('Ctrl Pts',(-12.0366576226338,-1.65198409104333,
40.8879782832339));
#18150=CARTESIAN_POINT('Ctrl Pts',(-11.9897095951452,-1.64404351742151,
40.9308523115144));
#18151=CARTESIAN_POINT('Ctrl Pts',(-11.9427615676566,-1.63610294379968,
40.9737263397949));
#18152=CARTESIAN_POINT('Ctrl Pts',(-11.8963816195575,-1.62825952719598,
41.0158544234777));
#18153=CARTESIAN_POINT('Ctrl Pts',(-11.8505643078732,-1.62051030770778,
41.0572276698774));
#18154=CARTESIAN_POINT('Ctrl Pts',(-11.804746996189,-1.61276108821958,41.098600916277));
#18155=CARTESIAN_POINT('Ctrl Pts',(-11.7594923779838,-1.60510602671244,
41.1392193478923));
#18156=CARTESIAN_POINT('Ctrl Pts',(-11.7147913282377,-1.59754541007276,
41.1790735247796));
#18157=CARTESIAN_POINT('Origin',(-11.7017577026105,-1.65699403414707,41.1518429364508));
#18158=CARTESIAN_POINT('Origin',(-11.714791328238,-1.597545410073,37.2));
#18159=CARTESIAN_POINT('',(-11.714791328238,-1.597545410073,41.17907352478));
#18160=CARTESIAN_POINT('',(-12.13226590511,-1.66815594942,37.2));
#18161=CARTESIAN_POINT('Origin',(-9.675,0.,41.2));
#18162=CARTESIAN_POINT('',(-12.230645567032,-1.513134407682,40.8));
#18163=CARTESIAN_POINT('Origin',(-11.989003211255,-1.165456622231,37.2));
#18164=CARTESIAN_POINT('Origin',(-9.675,0.,41.));
#18165=CARTESIAN_POINT('',(-11.626467269341,-1.704310856825,41.17907352478));
#18166=CARTESIAN_POINT('',(-11.774054036928,-2.101159715503,40.8));
#18167=CARTESIAN_POINT('Ctrl Pts',(-11.6264672693407,-1.70431085682471,
41.1790735247796));
#18168=CARTESIAN_POINT('Ctrl Pts',(-11.6422701081498,-1.74680340983582,
41.1392193478597));
#18169=CARTESIAN_POINT('Ctrl Pts',(-11.6582694473321,-1.78982202887176,
41.0986009162201));
#18170=CARTESIAN_POINT('Ctrl Pts',(-11.6744667149381,-1.83337573108006,
41.0572276698074));
#18171=CARTESIAN_POINT('Ctrl Pts',(-11.690663982544,-1.87692943328837,41.0158544233948));
#18172=CARTESIAN_POINT('Ctrl Pts',(-11.7070592063222,-1.92101815528256,
40.9737263397102));
#18173=CARTESIAN_POINT('Ctrl Pts',(-11.7236563136572,-1.96564668899462,
40.9308523114422));
#18174=CARTESIAN_POINT('Ctrl Pts',(-11.7402534209922,-2.01027522270667,
40.8879782831742));
#18175=CARTESIAN_POINT('Ctrl Pts',(-11.7570523748913,-2.0554436239773,40.844358322289));
#18176=CARTESIAN_POINT('Ctrl Pts',(-11.7740540369282,-2.10115971550319,
40.8000000000003));
#18177=CARTESIAN_POINT('',(-11.64021286327,-2.22684494342,40.8));
#18178=CARTESIAN_POINT('Origin',(-9.675,0.,40.8));
#18179=CARTESIAN_POINT('Ctrl Pts',(-11.6402128632701,-2.22684494342016,
40.8000000000002));
#18180=CARTESIAN_POINT('Ctrl Pts',(-11.5956545251664,-2.20700629312755,
40.8443583223221));
#18181=CARTESIAN_POINT('Ctrl Pts',(-11.5516300684344,-2.18740434073159,
40.8879782832341));
#18182=CARTESIAN_POINT('Ctrl Pts',(-11.5081317399188,-2.16803773517304,
40.9308523115146));
#18183=CARTESIAN_POINT('Ctrl Pts',(-11.4646334114032,-2.1486711296145,40.9737263397951));
#18184=CARTESIAN_POINT('Ctrl Pts',(-11.4216611530505,-2.12953990430699,
41.0158544234778));
#18185=CARTESIAN_POINT('Ctrl Pts',(-11.3792104289851,-2.11063983872597,
41.0572276698774));
#18186=CARTESIAN_POINT('Ctrl Pts',(-11.3367597049197,-2.09173977314495,
41.098600916277));
#18187=CARTESIAN_POINT('Ctrl Pts',(-11.2948305801453,-2.07307084357675,
41.1392193478922));
#18188=CARTESIAN_POINT('Ctrl Pts',(-11.2534141449748,-2.05463105859468,
41.1790735247796));
#18189=CARTESIAN_POINT('Ctrl Pts',(-11.621468258945,-1.6781422218989,41.2));
#18190=CARTESIAN_POINT('Ctrl Pts',(-11.6216634015395,-1.68723170339136,
41.1939170110764));
#18191=CARTESIAN_POINT('Ctrl Pts',(-11.6234229497263,-1.6961249280713,41.1867511866209));
#18192=CARTESIAN_POINT('Ctrl Pts',(-11.6264672693406,-1.70431085682473,
41.1790735247796));
#18193=CARTESIAN_POINT('Origin',(-11.253414144975,-2.054631058595,37.2));
#18194=CARTESIAN_POINT('',(-11.64021286327,-2.22684494342,37.2));
#18195=CARTESIAN_POINT('Origin',(-9.675,0.,41.2));
#18196=CARTESIAN_POINT('',(-11.774054036928,-2.101159715503,40.8));
#18197=CARTESIAN_POINT('Origin',(-11.626467269341,-1.704310856825,37.2));
#18198=CARTESIAN_POINT('',(-11.626467269341,-1.704310856825,37.2));
#18199=CARTESIAN_POINT('Origin',(-10.862029708209,2.303011174925,37.2));
#18200=CARTESIAN_POINT('Origin',(-11.1413134619,-2.136076972268,37.2));
#18201=CARTESIAN_POINT('',(-11.185571221904,-2.557161430875,40.8));
#18202=CARTESIAN_POINT('Origin',(-9.675,0.,41.2));
#18203=CARTESIAN_POINT('',(-11.024678269684,-2.645613079863,37.2));
#18204=CARTESIAN_POINT('Origin',(-10.692859395983,-2.3826166813,37.2));
#18205=CARTESIAN_POINT('Origin',(-10.5640257869237,-2.433625515601,37.2));
#18206=CARTESIAN_POINT('',(-10.502173661515,-2.852487288963,40.8));
#18207=CARTESIAN_POINT('Origin',(-9.675,0.,41.2));
#18208=CARTESIAN_POINT('',(-10.3243384266445,-2.898147616614,37.2));
#18209=CARTESIAN_POINT('Origin',(-10.0683487977161,-2.560893735268,37.2));
#18210=CARTESIAN_POINT('Origin',(-9.9308773521471,-2.578260417541,37.2));
#18211=CARTESIAN_POINT('',(-9.76680173784117,-2.968580879971,40.8));
#18212=CARTESIAN_POINT('Origin',(-9.675,0.,41.2));
#18213=CARTESIAN_POINT('',(-9.58319826215887,-2.968580879971,37.2));
#18214=CARTESIAN_POINT('Origin',(-9.419122647853,-2.578260417541,37.2));
#18215=CARTESIAN_POINT('Origin',(-9.281651202284,-2.560893735268,37.2));
#18216=CARTESIAN_POINT('',(-9.0256615733556,-2.898147616614,40.8));
#18217=CARTESIAN_POINT('Origin',(-9.675,0.,41.2));
#18218=CARTESIAN_POINT('',(-8.847826338485,-2.852487288963,37.2));
#18219=CARTESIAN_POINT('Origin',(-8.7859742130764,-2.433625515601,37.2));
#18220=CARTESIAN_POINT('Origin',(-8.657140604017,-2.3826166813,37.2));
#18221=CARTESIAN_POINT('',(-8.325321730316,-2.645613079863,40.8));
#18222=CARTESIAN_POINT('Origin',(-9.675,0.,41.2));
#18223=CARTESIAN_POINT('',(-8.164428778096,-2.557161430875,37.2));
#18224=CARTESIAN_POINT('Origin',(-8.2086865381,-2.136076972268,37.2));
#18225=CARTESIAN_POINT('Origin',(-8.096585855025,-2.054631058595,37.2));
#18226=CARTESIAN_POINT('',(-7.70978713673,-2.22684494342,40.8));
#18227=CARTESIAN_POINT('Origin',(-9.675,0.,41.2));
#18228=CARTESIAN_POINT('',(-7.575945963072,-2.101159715504,37.2));
#18229=CARTESIAN_POINT('Origin',(-7.723532730659,-1.704310856825,37.2));
#18230=CARTESIAN_POINT('Origin',(-7.635208671762,-1.597545410073,37.2));
#18231=CARTESIAN_POINT('',(-7.21773409489,-1.66815594942,40.8));
#18232=CARTESIAN_POINT('Origin',(-9.675,0.,41.2));
#18233=CARTESIAN_POINT('',(-7.119354432968,-1.513134407682,37.2));
#18234=CARTESIAN_POINT('Origin',(-7.360996788745,-1.165456622231,37.2));
#18235=CARTESIAN_POINT('Origin',(-7.301999079481,-1.040080108076,37.2));
#18236=CARTESIAN_POINT('',(-6.88008010706,-1.004650582069,40.8));
#18237=CARTESIAN_POINT('Origin',(-9.675,0.,41.2));
#18238=CARTESIAN_POINT('',(-6.823343512848,-0.8300333001065,37.2));
#18239=CARTESIAN_POINT('Origin',(-7.143858178903,-0.5533724618126,37.2));
#18240=CARTESIAN_POINT('Origin',(-11.7014498285,-1.676425093039,37.2));
#18241=CARTESIAN_POINT('Origin',(-9.675,0.,23.9));
#18242=CARTESIAN_POINT('',(-10.975,-1.59204083889156E-16,23.9));
#18243=CARTESIAN_POINT('Origin',(-9.675,0.,37.2));
#18244=CARTESIAN_POINT('',(-6.675,-3.67394039744206E-16,37.2));
#18245=CARTESIAN_POINT('Origin',(-9.675,0.,-6.5));
#18246=CARTESIAN_POINT('',(-9.675,0.999999713159915,-6.49999995007768));
#18247=CARTESIAN_POINT('Origin',(-9.675,0.,-6.49999995007746));
#18248=CARTESIAN_POINT('Origin',(-9.675,0.,-6.2499994703597));
#18249=CARTESIAN_POINT('',(-9.675,1.250000108687,-6.2499994703597));
#18250=CARTESIAN_POINT('Origin',(-17.3,-7.688888888889,-3.2));
#18251=CARTESIAN_POINT('',(-15.8506231867436,-7.64638179307288,-3.2));
#18252=CARTESIAN_POINT('Origin',(-17.3,-7.688888888889,-3.2));
#18253=CARTESIAN_POINT('',(-17.4026279441629,-6.473418835051,-3.2));
#18254=CARTESIAN_POINT('',(-18.455255888326,-7.08115386197,-3.2));
#18255=CARTESIAN_POINT('',(-17.4026279441629,-6.473418835051,-3.2));
#18256=CARTESIAN_POINT('',(-18.455255888326,-8.296623915808,-3.2));
#18257=CARTESIAN_POINT('',(-18.455255888326,-7.08115386197,-3.2));
#18258=CARTESIAN_POINT('',(-17.4026279441629,-8.904358942727,-3.2));
#18259=CARTESIAN_POINT('',(-18.455255888326,-8.296623915808,-3.2));
#18260=CARTESIAN_POINT('',(-16.35,-8.296623915808,-3.2));
#18261=CARTESIAN_POINT('',(-17.4026279441629,-8.904358942727,-3.2));
#18262=CARTESIAN_POINT('',(-16.35,-7.08115386197,-3.2));
#18263=CARTESIAN_POINT('',(-16.35,-8.296623915808,-3.2));
#18264=CARTESIAN_POINT('',(-16.35,-7.08115386197,-3.2));
#18265=CARTESIAN_POINT('Origin',(-17.3,-7.688888888889,-2.9));
#18266=CARTESIAN_POINT('',(-15.5507521219319,-7.63758722152471,-2.9));
#18267=CARTESIAN_POINT('Origin',(-15.8506231867436,-7.64638179307287,-2.9));
#18268=CARTESIAN_POINT('',(-19.05,-7.688888888889,-2.9));
#18269=CARTESIAN_POINT('Origin',(-17.3,-7.688888888889,-2.9));
#18270=CARTESIAN_POINT('Origin',(-17.3,-7.688888888889,-2.9));
#18271=CARTESIAN_POINT('Origin',(-17.3,-7.688888888889,-3.2));
#18272=CARTESIAN_POINT('',(-19.05,-7.688888888889,-3.2));
#18273=CARTESIAN_POINT('Origin',(-16.9013139720814,-6.8205876186998,-3.15));
#18274=CARTESIAN_POINT('',(-17.4026279441629,-6.588888888889,-3.1));
#18275=CARTESIAN_POINT('',(-17.4026279441629,-6.588888888889,-3.1));
#18276=CARTESIAN_POINT('',(-16.45,-7.138888888889,-3.1));
#18277=CARTESIAN_POINT('',(-16.45,-7.138888888889,-3.1));
#18278=CARTESIAN_POINT('',(-16.45,-7.138888888889,-3.1));
#18279=CARTESIAN_POINT('Origin',(-17.4026279441629,-6.588888888889,-3.2));
#18280=CARTESIAN_POINT('',(-16.45,-7.138888888889,-2.35));
#18281=CARTESIAN_POINT('',(-16.45,-7.138888888889,-3.1));
#18282=CARTESIAN_POINT('',(-17.4026279441629,-6.588888888889,-2.35));
#18283=CARTESIAN_POINT('',(-17.4026279441629,-6.588888888889,-2.35));
#18284=CARTESIAN_POINT('',(-17.4026279441629,-6.588888888889,-3.1));
#18285=CARTESIAN_POINT('Origin',(-18.355255888326,-7.138888888889,-3.2));
#18286=CARTESIAN_POINT('',(-18.355255888326,-7.138888888889,-2.35));
#18287=CARTESIAN_POINT('',(-18.355255888326,-7.138888888889,-2.35));
#18288=CARTESIAN_POINT('',(-18.355255888326,-7.138888888889,-3.1));
#18289=CARTESIAN_POINT('',(-18.355255888326,-7.138888888889,-3.1));
#18290=CARTESIAN_POINT('',(-17.4026279441629,-6.588888888889,-3.1));
#18291=CARTESIAN_POINT('Origin',(-17.9039419162443,-6.8205876186998,-3.15));
#18292=CARTESIAN_POINT('',(-18.355255888326,-7.138888888889,-3.1));
#18293=CARTESIAN_POINT('Origin',(-18.405255888326,-7.688888888889,-3.15));
#18294=CARTESIAN_POINT('',(-18.355255888326,-8.238888888889,-3.1));
#18295=CARTESIAN_POINT('',(-18.355255888326,-7.138888888889,-3.1));
#18296=CARTESIAN_POINT('',(-18.355255888326,-8.238888888889,-3.1));
#18297=CARTESIAN_POINT('Origin',(-17.9039419162443,-8.5571901590782,-3.15));
#18298=CARTESIAN_POINT('',(-17.4026279441629,-8.788888888889,-3.1));
#18299=CARTESIAN_POINT('',(-18.355255888326,-8.238888888889,-3.1));
#18300=CARTESIAN_POINT('',(-17.4026279441629,-8.788888888889,-3.1));
#18301=CARTESIAN_POINT('Origin',(-16.9013139720814,-8.5571901590782,-3.15));
#18302=CARTESIAN_POINT('',(-16.45,-8.238888888889,-3.1));
#18303=CARTESIAN_POINT('',(-17.4026279441629,-8.788888888889,-3.1));
#18304=CARTESIAN_POINT('',(-16.45,-8.238888888889,-3.1));
#18305=CARTESIAN_POINT('Origin',(-16.4,-7.688888888889,-3.15));
#18306=CARTESIAN_POINT('',(-16.45,-8.238888888889,-3.1));
#18307=CARTESIAN_POINT('Origin',(-16.45,-7.138888888889,-3.2));
#18308=CARTESIAN_POINT('',(-16.45,-8.238888888889,-2.35));
#18309=CARTESIAN_POINT('',(-16.45,-8.238888888889,-3.1));
#18310=CARTESIAN_POINT('',(-16.45,-7.138888888889,-2.35));
#18311=CARTESIAN_POINT('Origin',(-17.3,-7.688888888889,-2.35));
#18312=CARTESIAN_POINT('',(-17.4026279441629,-8.788888888889,-2.35));
#18313=CARTESIAN_POINT('',(-16.45,-8.238888888889,-2.35));
#18314=CARTESIAN_POINT('',(-18.355255888326,-8.238888888889,-2.35));
#18315=CARTESIAN_POINT('',(-17.4026279441629,-8.788888888889,-2.35));
#18316=CARTESIAN_POINT('',(-18.355255888326,-8.238888888889,-2.35));
#18317=CARTESIAN_POINT('Origin',(-18.355255888326,-8.238888888889,-3.2));
#18318=CARTESIAN_POINT('',(-18.355255888326,-8.238888888889,-3.1));
#18319=CARTESIAN_POINT('Origin',(-17.4026279441629,-8.788888888889,-3.2));
#18320=CARTESIAN_POINT('',(-17.4026279441629,-8.788888888889,-3.1));
#18321=CARTESIAN_POINT('Origin',(-16.45,-8.238888888889,-3.2));
#18322=CARTESIAN_POINT('Origin',(17.3,-7.688888888889,-3.2));
#18323=CARTESIAN_POINT('',(18.7493768132564,-7.64638179307288,-3.2));
#18324=CARTESIAN_POINT('Origin',(17.3,-7.688888888889,-3.2));
#18325=CARTESIAN_POINT('',(17.1973720558371,-6.473418835051,-3.2));
#18326=CARTESIAN_POINT('',(16.144744111674,-7.08115386197,-3.2));
#18327=CARTESIAN_POINT('',(17.1973720558371,-6.473418835051,-3.2));
#18328=CARTESIAN_POINT('',(16.144744111674,-8.296623915808,-3.2));
#18329=CARTESIAN_POINT('',(16.144744111674,-7.08115386197,-3.2));
#18330=CARTESIAN_POINT('',(17.1973720558371,-8.904358942727,-3.2));
#18331=CARTESIAN_POINT('',(16.144744111674,-8.296623915808,-3.2));
#18332=CARTESIAN_POINT('',(18.25,-8.296623915808,-3.2));
#18333=CARTESIAN_POINT('',(17.1973720558371,-8.904358942727,-3.2));
#18334=CARTESIAN_POINT('',(18.25,-7.08115386197,-3.2));
#18335=CARTESIAN_POINT('',(18.25,-8.296623915808,-3.2));
#18336=CARTESIAN_POINT('',(18.25,-7.08115386197,-3.2));
#18337=CARTESIAN_POINT('Origin',(17.3,-7.688888888889,-2.9));
#18338=CARTESIAN_POINT('',(19.0492478780681,-7.63758722152471,-2.9));
#18339=CARTESIAN_POINT('Origin',(18.7493768132564,-7.64638179307287,-2.9));
#18340=CARTESIAN_POINT('',(15.55,-7.688888888889,-2.9));
#18341=CARTESIAN_POINT('Origin',(17.3,-7.688888888889,-2.9));
#18342=CARTESIAN_POINT('Origin',(17.3,-7.688888888889,-2.9));
#18343=CARTESIAN_POINT('Origin',(17.3,-7.688888888889,-3.2));
#18344=CARTESIAN_POINT('',(15.55,-7.688888888889,-3.2));
#18345=CARTESIAN_POINT('Origin',(17.6986860279186,-6.8205876186998,-3.15));
#18346=CARTESIAN_POINT('',(17.1973720558371,-6.588888888889,-3.1));
#18347=CARTESIAN_POINT('',(17.1973720558371,-6.588888888889,-3.1));
#18348=CARTESIAN_POINT('',(18.15,-7.138888888889,-3.1));
#18349=CARTESIAN_POINT('',(18.15,-7.138888888889,-3.1));
#18350=CARTESIAN_POINT('',(18.15,-7.138888888889,-3.1));
#18351=CARTESIAN_POINT('Origin',(17.1973720558371,-6.588888888889,-3.2));
#18352=CARTESIAN_POINT('',(18.15,-7.138888888889,-2.35));
#18353=CARTESIAN_POINT('',(18.15,-7.138888888889,-3.1));
#18354=CARTESIAN_POINT('',(17.1973720558371,-6.588888888889,-2.35));
#18355=CARTESIAN_POINT('',(17.1973720558371,-6.588888888889,-2.35));
#18356=CARTESIAN_POINT('',(17.1973720558371,-6.588888888889,-3.1));
#18357=CARTESIAN_POINT('Origin',(16.244744111674,-7.138888888889,-3.2));
#18358=CARTESIAN_POINT('',(16.244744111674,-7.138888888889,-2.35));
#18359=CARTESIAN_POINT('',(16.244744111674,-7.138888888889,-2.35));
#18360=CARTESIAN_POINT('',(16.244744111674,-7.138888888889,-3.1));
#18361=CARTESIAN_POINT('',(16.244744111674,-7.138888888889,-3.1));
#18362=CARTESIAN_POINT('',(17.1973720558371,-6.588888888889,-3.1));
#18363=CARTESIAN_POINT('Origin',(16.6960580837557,-6.8205876186998,-3.15));
#18364=CARTESIAN_POINT('',(16.244744111674,-7.138888888889,-3.1));
#18365=CARTESIAN_POINT('Origin',(16.194744111674,-7.688888888889,-3.15));
#18366=CARTESIAN_POINT('',(16.244744111674,-8.238888888889,-3.1));
#18367=CARTESIAN_POINT('',(16.244744111674,-7.138888888889,-3.1));
#18368=CARTESIAN_POINT('',(16.244744111674,-8.238888888889,-3.1));
#18369=CARTESIAN_POINT('Origin',(16.6960580837557,-8.5571901590782,-3.15));
#18370=CARTESIAN_POINT('',(17.1973720558371,-8.788888888889,-3.1));
#18371=CARTESIAN_POINT('',(16.244744111674,-8.238888888889,-3.1));
#18372=CARTESIAN_POINT('',(17.1973720558371,-8.788888888889,-3.1));
#18373=CARTESIAN_POINT('Origin',(17.6986860279186,-8.5571901590782,-3.15));
#18374=CARTESIAN_POINT('',(18.15,-8.238888888889,-3.1));
#18375=CARTESIAN_POINT('',(17.1973720558371,-8.788888888889,-3.1));
#18376=CARTESIAN_POINT('',(18.15,-8.238888888889,-3.1));
#18377=CARTESIAN_POINT('Origin',(18.2,-7.688888888889,-3.15));
#18378=CARTESIAN_POINT('',(18.15,-8.238888888889,-3.1));
#18379=CARTESIAN_POINT('Origin',(18.15,-7.138888888889,-3.2));
#18380=CARTESIAN_POINT('',(18.15,-8.238888888889,-2.35));
#18381=CARTESIAN_POINT('',(18.15,-8.238888888889,-3.1));
#18382=CARTESIAN_POINT('',(18.15,-7.138888888889,-2.35));
#18383=CARTESIAN_POINT('Origin',(17.3,-7.688888888889,-2.35));
#18384=CARTESIAN_POINT('',(17.1973720558371,-8.788888888889,-2.35));
#18385=CARTESIAN_POINT('',(18.15,-8.238888888889,-2.35));
#18386=CARTESIAN_POINT('',(16.244744111674,-8.238888888889,-2.35));
#18387=CARTESIAN_POINT('',(17.1973720558371,-8.788888888889,-2.35));
#18388=CARTESIAN_POINT('',(16.244744111674,-8.238888888889,-2.35));
#18389=CARTESIAN_POINT('Origin',(16.244744111674,-8.238888888889,-3.2));
#18390=CARTESIAN_POINT('',(16.244744111674,-8.238888888889,-3.1));
#18391=CARTESIAN_POINT('Origin',(17.1973720558371,-8.788888888889,-3.2));
#18392=CARTESIAN_POINT('',(17.1973720558371,-8.788888888889,-3.1));
#18393=CARTESIAN_POINT('Origin',(18.15,-8.238888888889,-3.2));
#18394=CARTESIAN_POINT('Origin',(17.3,7.688888888889,-1.4));
#18395=CARTESIAN_POINT('',(17.9747495264999,8.80000000000014,-1.69999999999994));
#18396=CARTESIAN_POINT('',(16.6252504734999,8.8,-1.69999999999994));
#18397=CARTESIAN_POINT('Origin',(17.3,7.688888888889,-1.7));
#18398=CARTESIAN_POINT('Ctrl Pts',(17.9747495265004,8.8,-1.69999999480356));
#18399=CARTESIAN_POINT('Ctrl Pts',(17.9050422808174,8.8,-1.69999326033799));
#18400=CARTESIAN_POINT('Ctrl Pts',(17.8217994259157,8.8,-1.69200859695521));
#18401=CARTESIAN_POINT('Ctrl Pts',(17.611239406043,8.8,-1.66385588670667));
#18402=CARTESIAN_POINT('Ctrl Pts',(17.4427404356268,8.8,-1.63306863292661));
#18403=CARTESIAN_POINT('Ctrl Pts',(17.1572595643732,8.8,-1.63306863292661));
#18404=CARTESIAN_POINT('Ctrl Pts',(16.988760593957,8.8,-1.66385588670667));
#18405=CARTESIAN_POINT('Ctrl Pts',(16.7782005740843,8.8,-1.69200859695522));
#18406=CARTESIAN_POINT('Ctrl Pts',(16.6949577191825,8.8,-1.69999326033799));
#18407=CARTESIAN_POINT('Ctrl Pts',(16.6252504734994,8.8,-1.69999999480356));
#18408=CARTESIAN_POINT('Origin',(-18.8,8.8,-1.7));
#18409=CARTESIAN_POINT('Ctrl Pts',(16.6252504734999,8.8,-1.69999999999971));
#18410=CARTESIAN_POINT('Ctrl Pts',(17.3,8.8,-1.34974920218072));
#18411=CARTESIAN_POINT('Ctrl Pts',(17.9747495265,8.8,-1.69999999999967));
#18412=CARTESIAN_POINT('Origin',(17.3,7.688888888889,-1.605579419002));
#18413=CARTESIAN_POINT('Origin',(-9.675,0.,37.2));
#18414=CARTESIAN_POINT('',(-6.675,-3.67394039744206E-16,34.7));
#18415=CARTESIAN_POINT('Origin',(-9.675,0.,34.7));
#18416=CARTESIAN_POINT('',(-6.675,-3.67394039744206E-16,35.6));
#18417=CARTESIAN_POINT('',(-6.675,-3.67394039744206E-16,37.2));
#18418=CARTESIAN_POINT('Origin',(-9.675,0.,35.6));
#18419=CARTESIAN_POINT('Origin',(0.,0.,35.6));
#18420=CARTESIAN_POINT('',(-14.725,0.,35.6));
#18421=CARTESIAN_POINT('Origin',(-9.675,0.,35.6));
#18422=CARTESIAN_POINT('Origin',(-19.3,9.3,34.7));
#18423=CARTESIAN_POINT('',(-14.725,0.,34.7));
#18424=CARTESIAN_POINT('Origin',(-9.675,0.,34.7));
#18425=CARTESIAN_POINT('Origin',(-9.675,0.,34.7));
#18426=CARTESIAN_POINT('',(-14.725,6.18446633569413E-16,34.7));
#18427=CARTESIAN_POINT('Origin',(-2.575,11.,1.9));
#18428=CARTESIAN_POINT('',(18.8,-5.18888888888901,1.9));
#18429=CARTESIAN_POINT('',(19.,-5.188888888889,1.9));
#18430=CARTESIAN_POINT('',(6.432229478105,-5.188888888889,1.9));
#18431=CARTESIAN_POINT('',(18.8,5.18888888888904,1.9));
#18432=CARTESIAN_POINT('',(18.8,9.9,1.9));
#18433=CARTESIAN_POINT('',(19.,5.188888888889,1.9));
#18434=CARTESIAN_POINT('',(9.392770521895,5.188888888889,1.9));
#18435=CARTESIAN_POINT('',(19.,8.916171923264,1.9));
#18436=CARTESIAN_POINT('Origin',(19.2,0.,2.1));
#18437=CARTESIAN_POINT('',(19.3999945707176,7.750000001074,1.89999985500381));
#18438=CARTESIAN_POINT('',(19.0000004964979,7.74996707063963,2.2999945350315));
#18439=CARTESIAN_POINT('',(19.39999811093,7.750000001074,1.899998113135));
#18440=CARTESIAN_POINT('',(19.3999945707268,-7.74999998826713,1.89999985499811));
#18441=CARTESIAN_POINT('',(19.4,-5.5,1.9));
#18442=CARTESIAN_POINT('',(19.0000004964979,-7.74996706392182,2.29999453503143));
#18443=CARTESIAN_POINT('',(19.39999811105,-7.749999988267,1.899998113015));
#18444=CARTESIAN_POINT('',(19.,3.875,2.30000000000003));
#18445=CARTESIAN_POINT('Origin',(17.5,7.75,2.099992698008));
#18446=CARTESIAN_POINT('',(19.,8.916171923264,1.9));
#18447=CARTESIAN_POINT('Origin',(17.5,7.75,1.9));
#18448=CARTESIAN_POINT('',(19.,7.74999998996361,2.29999105697187));
#18449=CARTESIAN_POINT('Ctrl Pts',(19.,7.74999998996361,2.29999105697187));
#18450=CARTESIAN_POINT('Ctrl Pts',(19.,7.74998353032156,2.29999105697176));
#18451=CARTESIAN_POINT('Ctrl Pts',(19.,7.74996707067951,2.29999105661042));
#18452=CARTESIAN_POINT('Ctrl Pts',(19.,8.916171923264,1.90000000000005));
#18453=CARTESIAN_POINT('Ctrl Pts',(19.,8.26448932171845,2.2999910604143));
#18454=CARTESIAN_POINT('Ctrl Pts',(19.,7.74999998996361,2.29999105697187));
#18455=CARTESIAN_POINT('Origin',(17.5,-7.75,2.099992698008));
#18456=CARTESIAN_POINT('',(19.,-8.916171923264,1.9));
#18457=CARTESIAN_POINT('Origin',(17.5,-7.75,1.9));
#18458=CARTESIAN_POINT('',(19.,-7.75,2.29999105697187));
#18459=CARTESIAN_POINT('Ctrl Pts',(19.,-7.75,2.29999105697187));
#18460=CARTESIAN_POINT('Ctrl Pts',(19.,-8.264489327327,2.29999105697187));
#18461=CARTESIAN_POINT('Ctrl Pts',(19.,-8.91617192326399,1.90000000000006));
#18462=CARTESIAN_POINT('Ctrl Pts',(19.,-7.7499670641725,2.29999105661028));
#18463=CARTESIAN_POINT('Ctrl Pts',(19.,-7.74998353446501,2.29999105697181));
#18464=CARTESIAN_POINT('Ctrl Pts',(19.,-7.75,2.29999105697187));
#18465=CARTESIAN_POINT('Origin',(-22.,-11.,1.9));
#18466=CARTESIAN_POINT('',(19.0000000000003,-5.27818992455687,1.90000000000033));
#18467=CARTESIAN_POINT('',(19.,-1.625,1.9));
#18468=CARTESIAN_POINT('',(19.0000000000003,5.2781897196108,1.90000000000034));
#18469=CARTESIAN_POINT('',(19.,-1.625,1.9));
#18470=CARTESIAN_POINT('',(19.3499800618125,3.98888888888903,1.9));
#18471=CARTESIAN_POINT('Origin',(16.8,3.988888888889,1.9));
#18472=CARTESIAN_POINT('',(19.3499801221832,-3.98888888156809,1.8999999918554));
#18473=CARTESIAN_POINT('',(19.35,-5.49999999999998,1.9));
#18474=CARTESIAN_POINT('Origin',(16.8,-3.988888888889,1.9));
#18475=CARTESIAN_POINT('Origin',(19.,7.75,1.4));
#18476=CARTESIAN_POINT('',(19.,-5.188888888889,1.856031904202));
#18477=CARTESIAN_POINT('Ctrl Pts',(19.,-5.188888888889,1.85603190420201));
#18478=CARTESIAN_POINT('Ctrl Pts',(19.,-5.23315111848148,1.87722729773894));
#18479=CARTESIAN_POINT('Ctrl Pts',(19.,-5.27818992476178,1.90000000010801));
#18480=CARTESIAN_POINT('',(19.,-5.188888888889,2.4000000000003));
#18481=CARTESIAN_POINT('',(19.,5.188888888889,1.85603200604099));
#18482=CARTESIAN_POINT('',(19.,5.188888888889,1.85603200604099));
#18483=CARTESIAN_POINT('Ctrl Pts',(19.,5.18888888888901,1.85603200604096));
#18484=CARTESIAN_POINT('Ctrl Pts',(19.,5.23315101780727,1.87722735223039));
#18485=CARTESIAN_POINT('Ctrl Pts',(19.,5.27818971981677,1.90000000010859));
#18486=CARTESIAN_POINT('Origin',(16.8,-3.988888888889,1.625025540596));
#18487=CARTESIAN_POINT('',(18.7999999999894,-3.9888888745341,1.35001559737066));
#18488=CARTESIAN_POINT('',(18.7999999999683,-3.98888887453406,1.35001559731114));
#18489=CARTESIAN_POINT('',(18.8,-5.18888888888901,1.68241713701497));
#18490=CARTESIAN_POINT('Ctrl Pts',(18.8,-5.18888888888876,1.68241713701478));
#18491=CARTESIAN_POINT('Ctrl Pts',(18.8,-4.54285681105771,1.35003119082471));
#18492=CARTESIAN_POINT('Ctrl Pts',(18.8,-3.98888887453417,1.35003119480083));
#18493=CARTESIAN_POINT('Ctrl Pts',(18.999999999995,-5.188888888889,1.85603190419765));
#18494=CARTESIAN_POINT('Ctrl Pts',(18.8964117681957,-5.188888888889,1.76509083567288));
#18495=CARTESIAN_POINT('Ctrl Pts',(18.7999999999988,-5.188888888889,1.68241713701387));
#18496=CARTESIAN_POINT('Origin',(19.075,3.974598428158E-14,1.625));
#18497=CARTESIAN_POINT('',(18.7999999999893,3.9888888731691,1.35001563800863));
#18498=CARTESIAN_POINT('',(19.3499778004439,3.98888888888903,1.89999722340972));
#18499=CARTESIAN_POINT('',(18.8,4.40000000000002,1.35));
#18500=CARTESIAN_POINT('Origin',(16.8,3.988888888889,1.625025607145));
#18501=CARTESIAN_POINT('',(18.8,5.18888888888906,1.68241723179887));
#18502=CARTESIAN_POINT('Ctrl Pts',(18.7999999999989,5.188888888889,1.68241723179763));
#18503=CARTESIAN_POINT('Ctrl Pts',(18.8964117682069,5.188888888889,1.76509093382577));
#18504=CARTESIAN_POINT('Ctrl Pts',(19.0000000000189,5.188888888889,1.85603200605756));
#18505=CARTESIAN_POINT('Ctrl Pts',(18.8,3.98888887316918,1.35003127607714));
#18506=CARTESIAN_POINT('Ctrl Pts',(18.8,4.5428568103229,1.35003127172293));
#18507=CARTESIAN_POINT('Ctrl Pts',(18.8,5.1888888888889,1.68241723179851));
#18508=CARTESIAN_POINT('Origin',(15.43945895621,-5.188888888889,2.2));
#18509=CARTESIAN_POINT('',(18.8,-5.188888888889,2.59999999999987));
#18510=CARTESIAN_POINT('Origin',(18.8,8.8,-1.7));
#18511=CARTESIAN_POINT('',(18.8,5.18888888888906,1.68241723179887));
#18512=CARTESIAN_POINT('Origin',(21.36054104379,5.188888888889,2.2));
#18513=CARTESIAN_POINT('Origin',(-19.2,0.,2.1));
#18514=CARTESIAN_POINT('',(-19.3999945707176,-7.750000001074,1.89999985500381));
#18515=CARTESIAN_POINT('',(-19.0000004964978,-7.74996707063962,2.29999453503152));
#18516=CARTESIAN_POINT('',(-19.39999811093,-7.750000001074,1.899998113135));
#18517=CARTESIAN_POINT('',(-19.3999945707269,7.74999998826713,1.89999985499811));
#18518=CARTESIAN_POINT('',(-19.4,-5.5,1.9));
#18519=CARTESIAN_POINT('',(-19.0000004964979,7.74996706392252,2.29999453503143));
#18520=CARTESIAN_POINT('',(-19.39999811105,7.749999988267,1.899998113015));
#18521=CARTESIAN_POINT('',(-19.,3.875,2.3));
#18522=CARTESIAN_POINT('Origin',(-17.5,7.75,2.099992698008));
#18523=CARTESIAN_POINT('',(-19.,8.916171923264,1.9));
#18524=CARTESIAN_POINT('Origin',(-17.5,7.75,1.9));
#18525=CARTESIAN_POINT('',(-19.,7.74999998667594,2.29999105697187));
#18526=CARTESIAN_POINT('Ctrl Pts',(-19.,7.74999998667594,2.29999105697187));
#18527=CARTESIAN_POINT('Ctrl Pts',(-19.,8.26448931988122,2.29999106154195));
#18528=CARTESIAN_POINT('Ctrl Pts',(-19.,8.91617192326399,1.90000000000006));
#18529=CARTESIAN_POINT('Ctrl Pts',(-19.,7.74996706417349,2.29999105661027));
#18530=CARTESIAN_POINT('Ctrl Pts',(-19.,7.74998352542472,2.29999105697172));
#18531=CARTESIAN_POINT('Ctrl Pts',(-19.,7.74999998667594,2.29999105697187));
#18532=CARTESIAN_POINT('Origin',(-2.575,11.,1.9));
#18533=CARTESIAN_POINT('',(-19.,-5.18888888888898,1.9));
#18534=CARTESIAN_POINT('',(-18.8,-5.18888888888902,1.9));
#18535=CARTESIAN_POINT('',(-11.9677705218949,-5.18888888888883,1.9));
#18536=CARTESIAN_POINT('',(-19.,5.188888888889,1.9));
#18537=CARTESIAN_POINT('',(-19.,-8.916171923264,1.9));
#18538=CARTESIAN_POINT('',(-18.8,5.18888888888901,1.9));
#18539=CARTESIAN_POINT('',(-10.4875,5.188888888889,1.9));
#18540=CARTESIAN_POINT('',(-18.8,1.1,1.9));
#18541=CARTESIAN_POINT('Origin',(-17.5,-7.75,2.099992698008));
#18542=CARTESIAN_POINT('',(-19.,-8.916171923264,1.9));
#18543=CARTESIAN_POINT('Origin',(-17.5,-7.75,1.9));
#18544=CARTESIAN_POINT('',(-19.,-7.74999998564711,2.29999105697194));
#18545=CARTESIAN_POINT('Ctrl Pts',(-19.,-7.74999998564711,2.29999105697194));
#18546=CARTESIAN_POINT('Ctrl Pts',(-19.,-7.74998352816331,2.29999105697178));
#18547=CARTESIAN_POINT('Ctrl Pts',(-19.,-7.7499670706795,2.29999105661049));
#18548=CARTESIAN_POINT('Ctrl Pts',(-19.,-8.91617192326396,1.90000000000001));
#18549=CARTESIAN_POINT('Ctrl Pts',(-19.,-8.26448931930629,2.2999910618949));
#18550=CARTESIAN_POINT('Ctrl Pts',(-19.,-7.74999998564711,2.29999105697194));
#18551=CARTESIAN_POINT('Origin',(-18.8,-8.8,-1.7));
#18552=CARTESIAN_POINT('',(-18.8,5.18888888888901,1.68241713701497));
#18553=CARTESIAN_POINT('',(-18.8,5.188888888889,2.6));
#18554=CARTESIAN_POINT('',(-18.7999999999894,3.9888888745341,1.35001559737066));
#18555=CARTESIAN_POINT('Ctrl Pts',(-18.8,5.18888888888876,1.68241713701478));
#18556=CARTESIAN_POINT('Ctrl Pts',(-18.8,4.54285681105771,1.35003119082471));
#18557=CARTESIAN_POINT('Ctrl Pts',(-18.8,3.98888887453417,1.35003119480083));
#18558=CARTESIAN_POINT('',(-18.7999999999893,-3.9888888731691,1.35001563800863));
#18559=CARTESIAN_POINT('',(-18.8,-4.40000000000002,1.35));
#18560=CARTESIAN_POINT('',(-18.8,-5.18888888888903,1.68241723179887));
#18561=CARTESIAN_POINT('Ctrl Pts',(-18.8,-3.98888887316918,1.35003127607714));
#18562=CARTESIAN_POINT('Ctrl Pts',(-18.8,-4.54285681032289,1.35003127172293));
#18563=CARTESIAN_POINT('Ctrl Pts',(-18.8,-5.18888888888887,1.6824172317985));
#18564=CARTESIAN_POINT('',(-18.8,-5.18888888888903,1.68241723179887));
#18565=CARTESIAN_POINT('Origin',(-19.,7.75,1.4));
#18566=CARTESIAN_POINT('',(-19.,-5.18888888888898,1.85603200604098));
#18567=CARTESIAN_POINT('',(-19.,-5.18888888888898,2.4));
#18568=CARTESIAN_POINT('',(-19.0000000000003,-5.27818971961078,1.90000000000033));
#18569=CARTESIAN_POINT('Ctrl Pts',(-19.,-5.188888888889,1.85603200604095));
#18570=CARTESIAN_POINT('Ctrl Pts',(-19.,-5.23315101780725,1.87722735223038));
#18571=CARTESIAN_POINT('Ctrl Pts',(-19.,-5.27818971981675,1.90000000010858));
#18572=CARTESIAN_POINT('',(-19.,-1.625,1.9));
#18573=CARTESIAN_POINT('',(-19.0000000000003,5.27818992455683,1.90000000000032));
#18574=CARTESIAN_POINT('',(-19.,-1.625,1.9));
#18575=CARTESIAN_POINT('',(-19.,5.188888888889,1.856031904202));
#18576=CARTESIAN_POINT('Ctrl Pts',(-19.,5.27818992476174,1.90000000010799));
#18577=CARTESIAN_POINT('Ctrl Pts',(-19.,5.23315111848146,1.87722729773893));
#18578=CARTESIAN_POINT('Ctrl Pts',(-19.,5.188888888889,1.85603190420201));
#18579=CARTESIAN_POINT('',(-19.,5.188888888889,1.856031904202));
#18580=CARTESIAN_POINT('Origin',(-18.4,5.188888888889,2.2));
#18581=CARTESIAN_POINT('Ctrl Pts',(-18.999999999995,5.188888888889,1.85603190419765));
#18582=CARTESIAN_POINT('Ctrl Pts',(-18.8964117681957,5.188888888889,1.76509083567288));
#18583=CARTESIAN_POINT('Ctrl Pts',(-18.7999999999988,5.188888888889,1.68241713701387));
#18584=CARTESIAN_POINT('Origin',(-22.,-11.,1.9));
#18585=CARTESIAN_POINT('',(-19.3499800618125,-3.98888888888903,1.9));
#18586=CARTESIAN_POINT('Origin',(-16.8,-3.988888888889,1.9));
#18587=CARTESIAN_POINT('',(-19.3499801221832,3.9888888815681,1.8999999918554));
#18588=CARTESIAN_POINT('',(-19.35,-5.50000000000002,1.9));
#18589=CARTESIAN_POINT('Origin',(-16.8,3.988888888889,1.9));
#18590=CARTESIAN_POINT('Origin',(-16.8,3.988888888889,1.625025540596));
#18591=CARTESIAN_POINT('',(-18.7999999999683,3.98888887453406,1.35001559731114));
#18592=CARTESIAN_POINT('Origin',(-19.075,-4.152234112098E-14,1.625));
#18593=CARTESIAN_POINT('',(-19.3499778004439,-3.98888888888903,1.89999722340971));
#18594=CARTESIAN_POINT('Origin',(-16.8,-3.988888888889,1.625025607145));
#18595=CARTESIAN_POINT('Ctrl Pts',(-18.799999999999,-5.18888888888895,1.68241723179763));
#18596=CARTESIAN_POINT('Ctrl Pts',(-18.8964117682069,-5.18888888888895,
1.76509093382578));
#18597=CARTESIAN_POINT('Ctrl Pts',(-19.000000000019,-5.18888888888896,1.85603200605757));
#18598=CARTESIAN_POINT('Origin',(-21.36054104379,-5.188888888889,2.2));
#18599=CARTESIAN_POINT('Origin',(-19.3,9.3,34.7));
#18600=CARTESIAN_POINT('',(9.425,1.10218211923262E-16,34.7));
#18601=CARTESIAN_POINT('Origin',(10.325,0.,34.7));
#18602=CARTESIAN_POINT('Origin',(10.325,0.,33.6));
#18603=CARTESIAN_POINT('',(9.425,1.10218211923262E-16,35.75));
#18604=CARTESIAN_POINT('Origin',(10.325,0.,35.75));
#18605=CARTESIAN_POINT('',(9.425,1.10218211923262E-16,33.6));
#18606=CARTESIAN_POINT('Origin',(0.,0.,35.75));
#18607=CARTESIAN_POINT('Origin',(1.325,0.,33.6));
#18608=CARTESIAN_POINT('',(0.425,1.10218211923262E-16,35.75));
#18609=CARTESIAN_POINT('Origin',(1.325,0.,35.75));
#18610=CARTESIAN_POINT('',(0.425,1.10218211923262E-16,34.7));
#18611=CARTESIAN_POINT('',(0.425,1.10218211923262E-16,33.6));
#18612=CARTESIAN_POINT('Origin',(1.325,0.,34.7));
#18613=CARTESIAN_POINT('Origin',(-19.3,9.3,34.7));
#18614=CARTESIAN_POINT('Origin',(0.,0.,35.75));
#18615=CARTESIAN_POINT('',(-7.20586699246251,0.,15.4823214127912));
#18616=CARTESIAN_POINT('',(-6.35121112303991,-27.6035354513735,1.58227141281032));
#18617=CARTESIAN_POINT('',(2.46913300753814,0.,-14.9176785872095));
#18618=UNCERTAINTY_MEASURE_WITH_UNIT(LENGTH_MEASURE(0.01),#18630,
'DISTANCE_ACCURACY_VALUE',
'Maximum model space distance between geometric entities at asserted c
onnectivities');
#18619=UNCERTAINTY_MEASURE_WITH_UNIT(LENGTH_MEASURE(0.01),#18630,
'DISTANCE_ACCURACY_VALUE',
'Maximum model space distance between geometric entities at asserted c
onnectivities');
#18620=UNCERTAINTY_MEASURE_WITH_UNIT(LENGTH_MEASURE(0.01),#18630,
'DISTANCE_ACCURACY_VALUE',
'Maximum model space distance between geometric entities at asserted c
onnectivities');
#18621=UNCERTAINTY_MEASURE_WITH_UNIT(LENGTH_MEASURE(0.01),#18630,
'DISTANCE_ACCURACY_VALUE',
'Maximum model space distance between geometric entities at asserted c
onnectivities');
#18622=UNCERTAINTY_MEASURE_WITH_UNIT(LENGTH_MEASURE(0.01),#18630,
'DISTANCE_ACCURACY_VALUE',
'Maximum model space distance between geometric entities at asserted c
onnectivities');
#18623=UNCERTAINTY_MEASURE_WITH_UNIT(LENGTH_MEASURE(0.01),#18630,
'DISTANCE_ACCURACY_VALUE',
'Maximum model space distance between geometric entities at asserted c
onnectivities');
#18624=(
GEOMETRIC_REPRESENTATION_CONTEXT(3)
GLOBAL_UNCERTAINTY_ASSIGNED_CONTEXT((#18618))
GLOBAL_UNIT_ASSIGNED_CONTEXT((#18630,#18632,#18633))
REPRESENTATION_CONTEXT('','3D')
);
#18625=(
GEOMETRIC_REPRESENTATION_CONTEXT(3)
GLOBAL_UNCERTAINTY_ASSIGNED_CONTEXT((#18619))
GLOBAL_UNIT_ASSIGNED_CONTEXT((#18630,#18632,#18633))
REPRESENTATION_CONTEXT('','3D')
);
#18626=(
GEOMETRIC_REPRESENTATION_CONTEXT(3)
GLOBAL_UNCERTAINTY_ASSIGNED_CONTEXT((#18620))
GLOBAL_UNIT_ASSIGNED_CONTEXT((#18630,#18632,#18633))
REPRESENTATION_CONTEXT('','3D')
);
#18627=(
GEOMETRIC_REPRESENTATION_CONTEXT(3)
GLOBAL_UNCERTAINTY_ASSIGNED_CONTEXT((#18621))
GLOBAL_UNIT_ASSIGNED_CONTEXT((#18630,#18632,#18633))
REPRESENTATION_CONTEXT('','3D')
);
#18628=(
GEOMETRIC_REPRESENTATION_CONTEXT(3)
GLOBAL_UNCERTAINTY_ASSIGNED_CONTEXT((#18622))
GLOBAL_UNIT_ASSIGNED_CONTEXT((#18630,#18632,#18633))
REPRESENTATION_CONTEXT('','3D')
);
#18629=(
GEOMETRIC_REPRESENTATION_CONTEXT(3)
GLOBAL_UNCERTAINTY_ASSIGNED_CONTEXT((#18623))
GLOBAL_UNIT_ASSIGNED_CONTEXT((#18630,#18632,#18633))
REPRESENTATION_CONTEXT('','3D')
);
#18630=(
LENGTH_UNIT()
NAMED_UNIT(*)
SI_UNIT(.MILLI.,.METRE.)
);
#18631=(
LENGTH_UNIT()
NAMED_UNIT(*)
SI_UNIT($,.METRE.)
);
#18632=(
NAMED_UNIT(*)
PLANE_ANGLE_UNIT()
SI_UNIT($,.RADIAN.)
);
#18633=(
NAMED_UNIT(*)
SI_UNIT($,.STERADIAN.)
SOLID_ANGLE_UNIT()
);
#18634=SHAPE_DEFINITION_REPRESENTATION(#18639,#18648);
#18635=SHAPE_DEFINITION_REPRESENTATION(#18640,#18649);
#18636=SHAPE_DEFINITION_REPRESENTATION(#18641,#18650);
#18637=SHAPE_DEFINITION_REPRESENTATION(#18642,#18651);
#18638=SHAPE_DEFINITION_REPRESENTATION(#18644,#18652);
#18639=PRODUCT_DEFINITION_SHAPE('',$,#18654);
#18640=PRODUCT_DEFINITION_SHAPE('',$,#18655);
#18641=PRODUCT_DEFINITION_SHAPE('',$,#18656);
#18642=PRODUCT_DEFINITION_SHAPE('',$,#18657);
#18643=PRODUCT_DEFINITION_SHAPE($,$,#82);
#18644=PRODUCT_DEFINITION_SHAPE('',$,#18658);
#18645=PRODUCT_DEFINITION_SHAPE($,$,#83);
#18646=PRODUCT_DEFINITION_SHAPE($,$,#84);
#18647=PRODUCT_DEFINITION_SHAPE($,$,#85);
#18648=SHAPE_REPRESENTATION('',(#10354,#11334,#11335,#11336),#18624);
#18649=SHAPE_REPRESENTATION('',(#10355),#18625);
#18650=SHAPE_REPRESENTATION('',(#10573,#10614),#18626);
#18651=SHAPE_REPRESENTATION('',(#10574),#18627);
#18652=SHAPE_REPRESENTATION('',(#10615),#18628);
#18653=PRODUCT_DEFINITION_CONTEXT('part definition',#18670,'design');
#18654=PRODUCT_DEFINITION('\X\CB\X\AB\X\D6\X\E1\X\B6\X\E6\X\BB\X\FA-\X\C4
\X\A3\X\D0\X\CD','\X2\65B08235673A\X0\ v4',#18659,#18653);
#18655=PRODUCT_DEFINITION('\X\B6\X\E6\X\C5\X\CC\X\A3\X\A8\X\D6\X\F7\X\A3
\X\A9','\X2\4E3B823576D8\X0\ v1',#18660,#18653);
#18656=PRODUCT_DEFINITION('\X\B6\X\E6\X\C5\X\CC\X\A3\X\A8\X\B8\X\B1\X\A3
\X\A9','\X2\526F823576D8\X0\ v2',#18661,#18653);
#18657=PRODUCT_DEFINITION('\X2\96F690E84EF6\X0\2','\X2\96F690E84EF6\X0\2',
#18662,#18653);
#18658=PRODUCT_DEFINITION('\X2\96F690E84EF6\X0\4','\X2\96F690E84EF6\X0\4',
#18663,#18653);
#18659=PRODUCT_DEFINITION_FORMATION('',$,#18672);
#18660=PRODUCT_DEFINITION_FORMATION('',$,#18673);
#18661=PRODUCT_DEFINITION_FORMATION('',$,#18674);
#18662=PRODUCT_DEFINITION_FORMATION('',$,#18675);
#18663=PRODUCT_DEFINITION_FORMATION('',$,#18676);
#18664=PRODUCT_RELATED_PRODUCT_CATEGORY('\X2\65B08235673A\X0\ v4',
'\X2\65B08235673A\X0\ v4',(#18672));
#18665=PRODUCT_RELATED_PRODUCT_CATEGORY('\X2\4E3B823576D8\X0\ v1',
'\X2\4E3B823576D8\X0\ v1',(#18673));
#18666=PRODUCT_RELATED_PRODUCT_CATEGORY('\X2\526F823576D8\X0\ v2',
'\X2\526F823576D8\X0\ v2',(#18674));
#18667=PRODUCT_RELATED_PRODUCT_CATEGORY('\X2\96F690E84EF6\X0\2',
'\X2\96F690E84EF6\X0\2',(#18675));
#18668=PRODUCT_RELATED_PRODUCT_CATEGORY('\X2\96F690E84EF6\X0\4',
'\X2\96F690E84EF6\X0\4',(#18676));
#18669=APPLICATION_PROTOCOL_DEFINITION('international standard',
'ap242_managed_model_based_3d_engineering',2011,#18670);
#18670=APPLICATION_CONTEXT('Managed model based 3d engineering');
#18671=PRODUCT_CONTEXT('part definition',#18670,'mechanical');
#18672=PRODUCT('\X\CB\X\AB\X\D6\X\E1\X\B6\X\E6\X\BB\X\FA-\X\C4\X\A3\X\D0
\X\CD','\X2\65B08235673A\X0\ v4','STEP AP203',(#18671));
#18673=PRODUCT('\X\B6\X\E6\X\C5\X\CC\X\A3\X\A8\X\D6\X\F7\X\A3\X\A9',
'\X2\4E3B823576D8\X0\ v1','STEP AP203',(#18671));
#18674=PRODUCT('\X\B6\X\E6\X\C5\X\CC\X\A3\X\A8\X\B8\X\B1\X\A3\X\A9',
'\X2\526F823576D8\X0\ v2','STEP AP203',(#18671));
#18675=PRODUCT('\X2\96F690E84EF6\X0\2','\X2\96F690E84EF6\X0\2',$,(#18671));
#18676=PRODUCT('\X2\96F690E84EF6\X0\4','\X2\96F690E84EF6\X0\4',$,(#18671));
#18677=PRESENTATION_STYLE_ASSIGNMENT((#18678));
#18678=SURFACE_STYLE_USAGE(.BOTH.,#18679);
#18679=SURFACE_SIDE_STYLE('',(#18680));
#18680=SURFACE_STYLE_FILL_AREA(#18681);
#18681=FILL_AREA_STYLE('\X2\94A2\X0\ - \X2\7F0E5149\X0\',(#18682));
#18682=FILL_AREA_STYLE_COLOUR('\X2\94A2\X0\ - \X2\7F0E5149\X0\',#18683);
#18683=COLOUR_RGB('\X2\94A2\X0\ - \X2\7F0E5149\X0\',0.627450980392157,0.627450980392157,
0.627450980392157);
ENDSEC;
END-ISO-10303-21;
