ISO-10303-21;
HEADER;
/* Generated by software containing ST-Developer
 * from STEP Tools, Inc. (www.steptools.com) 
 */

FILE_DESCRIPTION(
/* description */ ('',
'CAx-IF Rec.Pracs.---Representation and Presentation of Product Manufa
cturing Information (PMI)---4.0---2014-10-13'),
/* implementation_level */ '2;1');

FILE_NAME(
/* name */ '',
/* time_stamp */ '2025-03-03T20:46:50+08:00',
/* author */ (''),
/* organization */ (''),
/* preprocessor_version */ 'ST-DEVELOPER v20',
/* originating_system */ 'Autodesk Translation Framework v13.20.0.188',

/* authorisation */ '');

FILE_SCHEMA (('AP242_MANAGED_MODEL_BASED_3D_ENGINEERING_MIM_LF { 1 0 10303 442 1 1 4 }'));
ENDSEC;

DATA;
#10=MECHANICAL_DESIGN_GEOMETRIC_PRESENTATION_REPRESENTATION('',(#110,#111),
#8942);
#11=ITEM_DEFINED_TRANSFORMATION($,$,#4961,#5617);
#12=(
REPRESENTATION_RELATIONSHIP($,$,#8953,#8952)
REPRESENTATION_RELATIONSHIP_WITH_TRANSFORMATION(#11)
SHAPE_REPRESENTATION_RELATIONSHIP()
);
#13=CONTEXT_DEPENDENT_SHAPE_REPRESENTATION(#12,#8951);
#14=NEXT_ASSEMBLY_USAGE_OCCURRENCE('Jetson_Nano_Case_Bottom v1:2',
'Jetson_Nano_Case_Bottom v1:2','Jetson_Nano_Case_Bottom v1:2',#8955,#8956,
'Jetson_Nano_Case_Bottom v1:2');
#15=(
BOUNDED_SURFACE()
B_SPLINE_SURFACE(2,2,((#8240,#8241,#8242,#8243,#8244,#8245,#8246,#8247,
#8248),(#8249,#8250,#8251,#8252,#8253,#8254,#8255,#8256,#8257),(#8258,#8259,
#8260,#8261,#8262,#8263,#8264,#8265,#8266)),.UNSPECIFIED.,.F.,.T.,.F.)
B_SPLINE_SURFACE_WITH_KNOTS((3,3),(3,2,2,2,3),(0.5235987755983,1.57079632679489),
(-3.14159265358979,-1.5707963267949,0.,1.5707963267949,3.14159265358979),
 .UNSPECIFIED.)
GEOMETRIC_REPRESENTATION_ITEM()
RATIONAL_B_SPLINE_SURFACE(((1.,0.707106781186548,1.,0.707106781186548,1.,
0.707106781186548,1.,0.707106781186548,1.),(0.866025403784456,0.612372435695807,
0.866025403784456,0.612372435695807,0.866025403784456,0.612372435695807,
0.866025403784456,0.612372435695807,0.866025403784456),(1.,0.707106781186548,
1.,0.707106781186548,1.,0.707106781186548,1.,0.707106781186548,1.)))
REPRESENTATION_ITEM('')
SURFACE()
);
#16=(
BOUNDED_SURFACE()
B_SPLINE_SURFACE(2,2,((#8323,#8324,#8325,#8326,#8327,#8328,#8329,#8330,
#8331),(#8332,#8333,#8334,#8335,#8336,#8337,#8338,#8339,#8340),(#8341,#8342,
#8343,#8344,#8345,#8346,#8347,#8348,#8349)),.UNSPECIFIED.,.F.,.T.,.F.)
B_SPLINE_SURFACE_WITH_KNOTS((3,3),(3,2,2,2,3),(-1.57079632679489,-0.5235987755983),
(-3.14159265358979,-1.5707963267949,0.,1.5707963267949,3.14159265358979),
 .UNSPECIFIED.)
GEOMETRIC_REPRESENTATION_ITEM()
RATIONAL_B_SPLINE_SURFACE(((1.,0.707106781186548,1.,0.707106781186548,1.,
0.707106781186548,1.,0.707106781186548,1.),(0.866025403784456,0.612372435695807,
0.866025403784456,0.612372435695807,0.866025403784456,0.612372435695807,
0.866025403784456,0.612372435695807,0.866025403784456),(1.,0.707106781186548,
1.,0.707106781186548,1.,0.707106781186548,1.,0.707106781186548,1.)))
REPRESENTATION_ITEM('')
SURFACE()
);
#17=(
BOUNDED_SURFACE()
B_SPLINE_SURFACE(2,2,((#8484,#8485,#8486,#8487,#8488,#8489,#8490,#8491,
#8492),(#8493,#8494,#8495,#8496,#8497,#8498,#8499,#8500,#8501),(#8502,#8503,
#8504,#8505,#8506,#8507,#8508,#8509,#8510)),.UNSPECIFIED.,.F.,.T.,.F.)
B_SPLINE_SURFACE_WITH_KNOTS((3,3),(3,2,2,2,3),(0.523598775598305,1.5707963267949),
(-3.14159265358979,-1.5707963267949,0.,1.5707963267949,3.14159265358979),
 .UNSPECIFIED.)
GEOMETRIC_REPRESENTATION_ITEM()
RATIONAL_B_SPLINE_SURFACE(((1.,0.707106781186548,1.,0.707106781186548,1.,
0.707106781186548,1.,0.707106781186548,1.),(0.866025403784349,0.612372435695731,
0.866025403784349,0.612372435695731,0.866025403784349,0.612372435695731,
0.866025403784349,0.612372435695731,0.866025403784349),(1.,0.707106781186548,
1.,0.707106781186548,1.,0.707106781186548,1.,0.707106781186548,1.)))
REPRESENTATION_ITEM('')
SURFACE()
);
#18=(
BOUNDED_SURFACE()
B_SPLINE_SURFACE(2,2,((#8566,#8567,#8568,#8569,#8570,#8571,#8572,#8573,
#8574),(#8575,#8576,#8577,#8578,#8579,#8580,#8581,#8582,#8583),(#8584,#8585,
#8586,#8587,#8588,#8589,#8590,#8591,#8592)),.UNSPECIFIED.,.F.,.T.,.F.)
B_SPLINE_SURFACE_WITH_KNOTS((3,3),(3,2,2,2,3),(-1.5707963267949,-0.523598775598301),
(-3.14159265358979,-1.5707963267949,0.,1.5707963267949,3.14159265358979),
 .UNSPECIFIED.)
GEOMETRIC_REPRESENTATION_ITEM()
RATIONAL_B_SPLINE_SURFACE(((1.,0.707106781186548,1.,0.707106781186548,1.,
0.707106781186548,1.,0.707106781186548,1.),(0.866025403784349,0.612372435695731,
0.866025403784349,0.612372435695731,0.866025403784349,0.612372435695731,
0.866025403784349,0.612372435695731,0.866025403784349),(1.,0.707106781186548,
1.,0.707106781186548,1.,0.707106781186548,1.,0.707106781186548,1.)))
REPRESENTATION_ITEM('')
SURFACE()
);
#19=B_SPLINE_CURVE_WITH_KNOTS('',3,(#7674,#7675,#7676,#7677,#7678,#7679,
#7680,#7681),.UNSPECIFIED.,.F.,.F.,(4,2,2,4),(1.13220481187552,1.20145374151698,
1.34716505240247,1.47782775109273),.UNSPECIFIED.);
#20=B_SPLINE_CURVE_WITH_KNOTS('',3,(#7683,#7684,#7685,#7686,#7687,#7688,
#7689,#7690),.UNSPECIFIED.,.F.,.F.,(4,2,2,4),(0.462528556834302,0.597823722032779,
0.757096539779456,0.822542414618132),.UNSPECIFIED.);
#21=B_SPLINE_CURVE_WITH_KNOTS('',3,(#7743,#7744,#7745,#7746,#7747,#7748,
#7749,#7750),.UNSPECIFIED.,.F.,.F.,(4,2,2,4),(1.1938049882216,1.2601719231345,
1.42417872231922,1.56354393262574),.UNSPECIFIED.);
#22=B_SPLINE_CURVE_WITH_KNOTS('',3,(#7751,#7752,#7753,#7754,#7755,#7756,
#7757,#7758),.UNSPECIFIED.,.F.,.F.,(4,2,2,4),(0.465631735073396,0.602864256228827,
0.760015624978316,0.827896633276814),.UNSPECIFIED.);
#23=B_SPLINE_CURVE_WITH_KNOTS('',3,(#7921,#7922,#7923,#7924,#7925,#7926,
#7927,#7928,#7929,#7930,#7931,#7932),.UNSPECIFIED.,.F.,.F.,(4,2,2,2,2,4),
(0.,0.071467083412041,0.146388065101285,0.228528456758205,0.317311890921173,
0.328281884518627),.UNSPECIFIED.);
#24=B_SPLINE_CURVE_WITH_KNOTS('',3,(#7934,#7935,#7936,#7937,#7938,#7939,
#7940,#7941,#7942,#7943,#7944,#7945),.UNSPECIFIED.,.F.,.F.,(4,2,2,2,2,4),
(0.325892797281038,0.407052182250783,0.495548422607864,0.575172945877845,
0.614758734303202,0.654081082967709),.UNSPECIFIED.);
#25=B_SPLINE_CURVE_WITH_KNOTS('',3,(#8371,#8372,#8373,#8374),
 .UNSPECIFIED.,.F.,.F.,(4,4),(-0.435049122991717,0.),.UNSPECIFIED.);
#26=B_SPLINE_CURVE_WITH_KNOTS('',3,(#8379,#8380,#8381,#8382),
 .UNSPECIFIED.,.F.,.F.,(4,4),(0.,0.464253372362722),.UNSPECIFIED.);
#27=B_SPLINE_CURVE_WITH_KNOTS('',3,(#8383,#8384,#8385,#8386),
 .UNSPECIFIED.,.F.,.F.,(4,4),(0.,0.464240533685145),.UNSPECIFIED.);
#28=B_SPLINE_CURVE_WITH_KNOTS('',3,(#8390,#8391,#8392,#8393),
 .UNSPECIFIED.,.F.,.F.,(4,4),(-0.435049122992187,0.),.UNSPECIFIED.);
#29=B_SPLINE_CURVE_WITH_KNOTS('',3,(#8427,#8428,#8429,#8430),
 .UNSPECIFIED.,.F.,.F.,(4,4),(-0.431922837468255,0.),.UNSPECIFIED.);
#30=B_SPLINE_CURVE_WITH_KNOTS('',3,(#8443,#8444,#8445,#8446),
 .UNSPECIFIED.,.F.,.F.,(4,4),(-0.431922837467149,0.),.UNSPECIFIED.);
#31=B_SPLINE_CURVE_WITH_KNOTS('',3,(#8450,#8451,#8452,#8453,#8454,#8455),
 .UNSPECIFIED.,.F.,.F.,(4,2,4),(2.39129987887047,2.44682751383166,2.79762730798831),
 .UNSPECIFIED.);
#32=B_SPLINE_CURVE_WITH_KNOTS('',3,(#8460,#8461,#8462,#8463),
 .UNSPECIFIED.,.F.,.F.,(4,4),(2.10155596309902,2.52080224673499),
 .UNSPECIFIED.);
#33=B_SPLINE_CURVE_WITH_KNOTS('',3,(#8751,#8752,#8753,#8754,#8755,#8756),
 .UNSPECIFIED.,.F.,.F.,(4,2,4),(1.67016203864611,1.87260086830591,2.20215674323532),
 .UNSPECIFIED.);
#34=B_SPLINE_CURVE_WITH_KNOTS('',3,(#8814,#8815,#8816,#8817,#8818,#8819),
 .UNSPECIFIED.,.F.,.F.,(4,2,4),(2.34802711546664,2.67758299039604,2.88002182005585),
 .UNSPECIFIED.);
#35=B_SPLINE_CURVE_WITH_KNOTS('',3,(#8895,#8896,#8897,#8898,#8899,#8900,
#8901,#8902,#8903,#8904,#8905,#8906),.UNSPECIFIED.,.F.,.F.,(4,2,2,2,2,4),
(1.45777105170979,1.48716313850762,1.54994859646429,1.61273405442095,1.71664638991129,
1.74764424847714),.UNSPECIFIED.);
#36=B_SPLINE_CURVE_WITH_KNOTS('',3,(#8915,#8916,#8917,#8918,#8919,#8920,
#8921,#8922,#8923,#8924),.UNSPECIFIED.,.F.,.F.,(4,2,2,2,4),(1.55204049068085,
1.59316794485933,1.69937914118328,1.80559033750724,1.84671779168571),
 .UNSPECIFIED.);
#37=TOROIDAL_SURFACE('',#5115,7.00000000000002,3.);
#38=TOROIDAL_SURFACE('',#5120,7.,3.);
#39=TOROIDAL_SURFACE('',#5125,5.57287778541057,3.);
#40=TOROIDAL_SURFACE('',#5149,6.11146643083664,3.);
#41=TOROIDAL_SURFACE('',#5229,35.7257078577086,2.);
#42=TOROIDAL_SURFACE('',#5361,2.73205080756887,1.);
#43=TOROIDAL_SURFACE('',#5384,2.73205080756887,1.);
#44=TOROIDAL_SURFACE('',#5436,2.73205080756888,1.);
#45=TOROIDAL_SURFACE('',#5458,2.73205080756888,1.);
#46=CONICAL_SURFACE('',#5093,1.625,0.785398163397448);
#47=CONICAL_SURFACE('',#5097,1.625,0.785398163397448);
#48=CONICAL_SURFACE('',#5104,1.62500000000001,0.785398163397448);
#49=CONICAL_SURFACE('',#5111,1.62500000000001,0.785398163397448);
#50=CONICAL_SURFACE('',#5233,6.00000000000004,0.78539816339745);
#51=CONICAL_SURFACE('',#5235,45.916602707704,0.785398163397451);
#52=CONICAL_SURFACE('',#5237,6.00000000000014,0.785398163397452);
#53=CONICAL_SURFACE('',#5239,33.916602707704,0.785398163397451);
#54=CONICAL_SURFACE('',#5245,6.00000000000004,0.78539816339745);
#55=CONICAL_SURFACE('',#5247,33.916602707704,0.785398163397451);
#56=CONICAL_SURFACE('',#5250,6.00000000000014,0.785398163397452);
#57=CONICAL_SURFACE('',#5253,45.916602707704,0.785398163397451);
#58=CONICAL_SURFACE('',#5257,6.00000000000003,0.785398163397442);
#59=CONICAL_SURFACE('',#5259,33.916602707704,0.785398163397447);
#60=CONICAL_SURFACE('',#5261,6.00000000000013,0.785398163397448);
#61=CONICAL_SURFACE('',#5263,45.916602707704,0.785398163397448);
#62=CONICAL_SURFACE('',#5269,6.00000000000003,0.785398163397442);
#63=CONICAL_SURFACE('',#5271,45.916602707704,0.785398163397448);
#64=CONICAL_SURFACE('',#5274,6.00000000000013,0.785398163397448);
#65=CONICAL_SURFACE('',#5277,33.916602707704,0.785398163397447);
#66=CONICAL_SURFACE('',#5348,6.49999999999998,0.785398163397467);
#67=CONICAL_SURFACE('',#5351,6.49999999999998,0.785398163397468);
#68=CONICAL_SURFACE('',#5372,6.49999999999998,0.785398163397468);
#69=CONICAL_SURFACE('',#5375,6.49999999999998,0.785398163397467);
#70=CONICAL_SURFACE('',#5394,17.9999999999999,0.785398163397448);
#71=CONICAL_SURFACE('',#5397,35.2257078577086,0.785398163397444);
#72=CONICAL_SURFACE('',#5399,105.558463712948,0.785398163397449);
#73=CONICAL_SURFACE('',#5401,18.,0.785398163397445);
#74=CONICAL_SURFACE('',#5404,105.558463712948,0.78539816339744);
#75=CONICAL_SURFACE('',#5416,18.,0.785398163397446);
#76=CONICAL_SURFACE('',#5419,18.,0.785398163397447);
#77=CONICAL_SURFACE('',#5421,124.461204098112,0.785398163397445);
#78=CONICAL_SURFACE('',#5423,124.461204098112,0.785398163397444);
#79=CONICAL_SURFACE('',#5446,6.49999999999998,0.785398163397449);
#80=CONICAL_SURFACE('',#5448,6.49999999999998,0.785398163397449);
#81=CONICAL_SURFACE('',#5469,6.49999999999997,0.785398163397443);
#82=CONICAL_SURFACE('',#5471,6.49999999999998,0.785398163397449);
#83=CONICAL_SURFACE('',#5490,6.00000000000002,0.78539816339745);
#84=CONICAL_SURFACE('',#5493,51.4880994588402,0.78539816339745);
#85=CONICAL_SURFACE('',#5495,6.,0.785398163397451);
#86=CONICAL_SURFACE('',#5497,63.4880994588402,0.785398163397454);
#87=CONICAL_SURFACE('',#5504,6.,0.785398163397451);
#88=CONICAL_SURFACE('',#5505,51.4880994588402,0.78539816339745);
#89=CONICAL_SURFACE('',#5506,6.00000000000002,0.78539816339745);
#90=CONICAL_SURFACE('',#5507,63.4880994588402,0.785398163397454);
#91=CONICAL_SURFACE('',#5514,5.99999999999999,0.78539816339745);
#92=CONICAL_SURFACE('',#5517,51.4880994588402,0.785398163397446);
#93=CONICAL_SURFACE('',#5519,6.00000000000004,0.78539816339746);
#94=CONICAL_SURFACE('',#5521,63.4880994588402,0.785398163397448);
#95=CONICAL_SURFACE('',#5528,6.00000000000004,0.78539816339746);
#96=CONICAL_SURFACE('',#5529,51.4880994588402,0.785398163397446);
#97=CONICAL_SURFACE('',#5530,5.99999999999999,0.78539816339745);
#98=CONICAL_SURFACE('',#5531,63.4880994588402,0.785398163397448);
#99=CONICAL_SURFACE('',#5532,58.4009443303216,0.785398163397449);
#100=CONICAL_SURFACE('',#5561,58.4009443303216,0.785398163397449);
#101=CONICAL_SURFACE('',#5581,1.5,0.785398163397448);
#102=CONICAL_SURFACE('',#5585,1.5,0.785398163397448);
#103=CONICAL_SURFACE('',#5599,1.5,0.785398163397448);
#104=CONICAL_SURFACE('',#5603,1.5,0.785398163397448);
#105=CONICAL_SURFACE('',#5607,1.5,0.785398163397448);
#106=SHAPE_REPRESENTATION_RELATIONSHIP('SRR','None',#8953,#108);
#107=SHAPE_REPRESENTATION_RELATIONSHIP('SRR','None',#8952,#109);
#108=ADVANCED_BREP_SHAPE_REPRESENTATION('',(#112),#8941);
#109=ADVANCED_BREP_SHAPE_REPRESENTATION('',(#113),#8940);
#110=STYLED_ITEM('',(#8967),#112);
#111=STYLED_ITEM('',(#8966),#113);
#112=MANIFOLD_SOLID_BREP('\X2\5B9E4F53\X0\1',#4946);
#113=MANIFOLD_SOLID_BREP('\X2\9876677F\X0\',#4947);
#114=FACE_BOUND('',#549,.T.);
#115=FACE_BOUND('',#552,.T.);
#116=FACE_BOUND('',#555,.T.);
#117=FACE_BOUND('',#558,.T.);
#118=FACE_BOUND('',#572,.T.);
#119=FACE_BOUND('',#573,.T.);
#120=FACE_BOUND('',#574,.T.);
#121=FACE_BOUND('',#575,.T.);
#122=FACE_BOUND('',#577,.T.);
#123=FACE_BOUND('',#578,.T.);
#124=FACE_BOUND('',#579,.T.);
#125=FACE_BOUND('',#580,.T.);
#126=FACE_BOUND('',#582,.T.);
#127=FACE_BOUND('',#583,.T.);
#128=FACE_BOUND('',#584,.T.);
#129=FACE_BOUND('',#585,.T.);
#130=FACE_BOUND('',#586,.T.);
#131=FACE_BOUND('',#587,.T.);
#132=FACE_BOUND('',#589,.T.);
#133=FACE_BOUND('',#591,.T.);
#134=FACE_BOUND('',#597,.T.);
#135=FACE_BOUND('',#601,.T.);
#136=FACE_BOUND('',#621,.T.);
#137=FACE_BOUND('',#622,.T.);
#138=FACE_BOUND('',#623,.T.);
#139=FACE_BOUND('',#624,.T.);
#140=FACE_BOUND('',#627,.T.);
#141=FACE_BOUND('',#628,.T.);
#142=FACE_BOUND('',#629,.T.);
#143=FACE_BOUND('',#711,.T.);
#144=FACE_BOUND('',#726,.T.);
#145=FACE_BOUND('',#749,.T.);
#146=FACE_BOUND('',#764,.T.);
#147=FACE_BOUND('',#825,.T.);
#148=FACE_BOUND('',#826,.T.);
#149=FACE_BOUND('',#827,.T.);
#150=FACE_BOUND('',#828,.T.);
#151=FACE_BOUND('',#829,.T.);
#152=FACE_BOUND('',#830,.T.);
#153=FACE_BOUND('',#831,.T.);
#154=FACE_BOUND('',#832,.T.);
#155=FACE_BOUND('',#833,.T.);
#156=FACE_BOUND('',#834,.T.);
#157=FACE_BOUND('',#835,.T.);
#158=FACE_BOUND('',#836,.T.);
#159=FACE_BOUND('',#837,.T.);
#160=FACE_BOUND('',#838,.T.);
#161=FACE_BOUND('',#839,.T.);
#162=FACE_BOUND('',#840,.T.);
#163=FACE_BOUND('',#841,.T.);
#164=FACE_BOUND('',#842,.T.);
#165=FACE_BOUND('',#843,.T.);
#166=FACE_BOUND('',#844,.T.);
#167=FACE_BOUND('',#854,.T.);
#168=FACE_BOUND('',#855,.T.);
#169=FACE_BOUND('',#856,.T.);
#170=PLANE('',#4965);
#171=PLANE('',#4969);
#172=PLANE('',#4976);
#173=PLANE('',#4977);
#174=PLANE('',#4978);
#175=PLANE('',#4982);
#176=PLANE('',#4986);
#177=PLANE('',#4989);
#178=PLANE('',#4995);
#179=PLANE('',#5000);
#180=PLANE('',#5005);
#181=PLANE('',#5010);
#182=PLANE('',#5020);
#183=PLANE('',#5023);
#184=PLANE('',#5026);
#185=PLANE('',#5029);
#186=PLANE('',#5032);
#187=PLANE('',#5033);
#188=PLANE('',#5034);
#189=PLANE('',#5084);
#190=PLANE('',#5087);
#191=PLANE('',#5100);
#192=PLANE('',#5107);
#193=PLANE('',#5129);
#194=PLANE('',#5130);
#195=PLANE('',#5153);
#196=PLANE('',#5176);
#197=PLANE('',#5180);
#198=PLANE('',#5214);
#199=PLANE('',#5220);
#200=PLANE('',#5281);
#201=PLANE('',#5284);
#202=PLANE('',#5317);
#203=PLANE('',#5320);
#204=PLANE('',#5331);
#205=PLANE('',#5338);
#206=PLANE('',#5347);
#207=PLANE('',#5350);
#208=PLANE('',#5353);
#209=PLANE('',#5354);
#210=PLANE('',#5357);
#211=PLANE('',#5360);
#212=PLANE('',#5368);
#213=PLANE('',#5369);
#214=PLANE('',#5370);
#215=PLANE('',#5371);
#216=PLANE('',#5374);
#217=PLANE('',#5377);
#218=PLANE('',#5380);
#219=PLANE('',#5383);
#220=PLANE('',#5390);
#221=PLANE('',#5391);
#222=PLANE('',#5392);
#223=PLANE('',#5393);
#224=PLANE('',#5418);
#225=PLANE('',#5426);
#226=PLANE('',#5427);
#227=PLANE('',#5429);
#228=PLANE('',#5438);
#229=PLANE('',#5441);
#230=PLANE('',#5444);
#231=PLANE('',#5445);
#232=PLANE('',#5447);
#233=PLANE('',#5449);
#234=PLANE('',#5450);
#235=PLANE('',#5452);
#236=PLANE('',#5460);
#237=PLANE('',#5463);
#238=PLANE('',#5466);
#239=PLANE('',#5467);
#240=PLANE('',#5468);
#241=PLANE('',#5470);
#242=PLANE('',#5472);
#243=PLANE('',#5473);
#244=PLANE('',#5478);
#245=PLANE('',#5563);
#246=PLANE('',#5589);
#247=PLANE('',#5611);
#248=PLANE('',#5613);
#249=PLANE('',#5616);
#250=FACE_OUTER_BOUND('',#533,.T.);
#251=FACE_OUTER_BOUND('',#534,.T.);
#252=FACE_OUTER_BOUND('',#535,.T.);
#253=FACE_OUTER_BOUND('',#536,.T.);
#254=FACE_OUTER_BOUND('',#537,.T.);
#255=FACE_OUTER_BOUND('',#538,.T.);
#256=FACE_OUTER_BOUND('',#539,.T.);
#257=FACE_OUTER_BOUND('',#540,.T.);
#258=FACE_OUTER_BOUND('',#541,.T.);
#259=FACE_OUTER_BOUND('',#542,.T.);
#260=FACE_OUTER_BOUND('',#543,.T.);
#261=FACE_OUTER_BOUND('',#544,.T.);
#262=FACE_OUTER_BOUND('',#545,.T.);
#263=FACE_OUTER_BOUND('',#546,.T.);
#264=FACE_OUTER_BOUND('',#547,.T.);
#265=FACE_OUTER_BOUND('',#548,.T.);
#266=FACE_OUTER_BOUND('',#550,.T.);
#267=FACE_OUTER_BOUND('',#551,.T.);
#268=FACE_OUTER_BOUND('',#553,.T.);
#269=FACE_OUTER_BOUND('',#554,.T.);
#270=FACE_OUTER_BOUND('',#556,.T.);
#271=FACE_OUTER_BOUND('',#557,.T.);
#272=FACE_OUTER_BOUND('',#559,.T.);
#273=FACE_OUTER_BOUND('',#560,.T.);
#274=FACE_OUTER_BOUND('',#561,.T.);
#275=FACE_OUTER_BOUND('',#562,.T.);
#276=FACE_OUTER_BOUND('',#563,.T.);
#277=FACE_OUTER_BOUND('',#564,.T.);
#278=FACE_OUTER_BOUND('',#565,.T.);
#279=FACE_OUTER_BOUND('',#566,.T.);
#280=FACE_OUTER_BOUND('',#567,.T.);
#281=FACE_OUTER_BOUND('',#568,.T.);
#282=FACE_OUTER_BOUND('',#569,.T.);
#283=FACE_OUTER_BOUND('',#570,.T.);
#284=FACE_OUTER_BOUND('',#571,.T.);
#285=FACE_OUTER_BOUND('',#576,.T.);
#286=FACE_OUTER_BOUND('',#581,.T.);
#287=FACE_OUTER_BOUND('',#588,.T.);
#288=FACE_OUTER_BOUND('',#590,.T.);
#289=FACE_OUTER_BOUND('',#592,.T.);
#290=FACE_OUTER_BOUND('',#593,.T.);
#291=FACE_OUTER_BOUND('',#594,.T.);
#292=FACE_OUTER_BOUND('',#595,.T.);
#293=FACE_OUTER_BOUND('',#596,.T.);
#294=FACE_OUTER_BOUND('',#598,.T.);
#295=FACE_OUTER_BOUND('',#599,.T.);
#296=FACE_OUTER_BOUND('',#600,.T.);
#297=FACE_OUTER_BOUND('',#602,.T.);
#298=FACE_OUTER_BOUND('',#603,.T.);
#299=FACE_OUTER_BOUND('',#604,.T.);
#300=FACE_OUTER_BOUND('',#605,.T.);
#301=FACE_OUTER_BOUND('',#606,.T.);
#302=FACE_OUTER_BOUND('',#607,.T.);
#303=FACE_OUTER_BOUND('',#608,.T.);
#304=FACE_OUTER_BOUND('',#609,.T.);
#305=FACE_OUTER_BOUND('',#610,.T.);
#306=FACE_OUTER_BOUND('',#611,.T.);
#307=FACE_OUTER_BOUND('',#612,.T.);
#308=FACE_OUTER_BOUND('',#613,.T.);
#309=FACE_OUTER_BOUND('',#614,.T.);
#310=FACE_OUTER_BOUND('',#615,.T.);
#311=FACE_OUTER_BOUND('',#616,.T.);
#312=FACE_OUTER_BOUND('',#617,.T.);
#313=FACE_OUTER_BOUND('',#618,.T.);
#314=FACE_OUTER_BOUND('',#619,.T.);
#315=FACE_OUTER_BOUND('',#620,.T.);
#316=FACE_OUTER_BOUND('',#625,.T.);
#317=FACE_OUTER_BOUND('',#626,.T.);
#318=FACE_OUTER_BOUND('',#630,.T.);
#319=FACE_OUTER_BOUND('',#631,.T.);
#320=FACE_OUTER_BOUND('',#632,.T.);
#321=FACE_OUTER_BOUND('',#633,.T.);
#322=FACE_OUTER_BOUND('',#634,.T.);
#323=FACE_OUTER_BOUND('',#635,.T.);
#324=FACE_OUTER_BOUND('',#636,.T.);
#325=FACE_OUTER_BOUND('',#637,.T.);
#326=FACE_OUTER_BOUND('',#638,.T.);
#327=FACE_OUTER_BOUND('',#639,.T.);
#328=FACE_OUTER_BOUND('',#640,.T.);
#329=FACE_OUTER_BOUND('',#641,.T.);
#330=FACE_OUTER_BOUND('',#642,.T.);
#331=FACE_OUTER_BOUND('',#643,.T.);
#332=FACE_OUTER_BOUND('',#644,.T.);
#333=FACE_OUTER_BOUND('',#645,.T.);
#334=FACE_OUTER_BOUND('',#646,.T.);
#335=FACE_OUTER_BOUND('',#647,.T.);
#336=FACE_OUTER_BOUND('',#648,.T.);
#337=FACE_OUTER_BOUND('',#649,.T.);
#338=FACE_OUTER_BOUND('',#650,.T.);
#339=FACE_OUTER_BOUND('',#651,.T.);
#340=FACE_OUTER_BOUND('',#652,.T.);
#341=FACE_OUTER_BOUND('',#653,.T.);
#342=FACE_OUTER_BOUND('',#654,.T.);
#343=FACE_OUTER_BOUND('',#655,.T.);
#344=FACE_OUTER_BOUND('',#656,.T.);
#345=FACE_OUTER_BOUND('',#657,.T.);
#346=FACE_OUTER_BOUND('',#658,.T.);
#347=FACE_OUTER_BOUND('',#659,.T.);
#348=FACE_OUTER_BOUND('',#660,.T.);
#349=FACE_OUTER_BOUND('',#661,.T.);
#350=FACE_OUTER_BOUND('',#662,.T.);
#351=FACE_OUTER_BOUND('',#663,.T.);
#352=FACE_OUTER_BOUND('',#664,.T.);
#353=FACE_OUTER_BOUND('',#665,.T.);
#354=FACE_OUTER_BOUND('',#666,.T.);
#355=FACE_OUTER_BOUND('',#667,.T.);
#356=FACE_OUTER_BOUND('',#668,.T.);
#357=FACE_OUTER_BOUND('',#669,.T.);
#358=FACE_OUTER_BOUND('',#670,.T.);
#359=FACE_OUTER_BOUND('',#671,.T.);
#360=FACE_OUTER_BOUND('',#672,.T.);
#361=FACE_OUTER_BOUND('',#673,.T.);
#362=FACE_OUTER_BOUND('',#674,.T.);
#363=FACE_OUTER_BOUND('',#675,.T.);
#364=FACE_OUTER_BOUND('',#676,.T.);
#365=FACE_OUTER_BOUND('',#677,.T.);
#366=FACE_OUTER_BOUND('',#678,.T.);
#367=FACE_OUTER_BOUND('',#679,.T.);
#368=FACE_OUTER_BOUND('',#680,.T.);
#369=FACE_OUTER_BOUND('',#681,.T.);
#370=FACE_OUTER_BOUND('',#682,.T.);
#371=FACE_OUTER_BOUND('',#683,.T.);
#372=FACE_OUTER_BOUND('',#684,.T.);
#373=FACE_OUTER_BOUND('',#685,.T.);
#374=FACE_OUTER_BOUND('',#686,.T.);
#375=FACE_OUTER_BOUND('',#687,.T.);
#376=FACE_OUTER_BOUND('',#688,.T.);
#377=FACE_OUTER_BOUND('',#689,.T.);
#378=FACE_OUTER_BOUND('',#690,.T.);
#379=FACE_OUTER_BOUND('',#691,.T.);
#380=FACE_OUTER_BOUND('',#692,.T.);
#381=FACE_OUTER_BOUND('',#693,.T.);
#382=FACE_OUTER_BOUND('',#694,.T.);
#383=FACE_OUTER_BOUND('',#695,.T.);
#384=FACE_OUTER_BOUND('',#696,.T.);
#385=FACE_OUTER_BOUND('',#697,.T.);
#386=FACE_OUTER_BOUND('',#698,.T.);
#387=FACE_OUTER_BOUND('',#699,.T.);
#388=FACE_OUTER_BOUND('',#700,.T.);
#389=FACE_OUTER_BOUND('',#701,.T.);
#390=FACE_OUTER_BOUND('',#702,.T.);
#391=FACE_OUTER_BOUND('',#703,.T.);
#392=FACE_OUTER_BOUND('',#704,.T.);
#393=FACE_OUTER_BOUND('',#705,.T.);
#394=FACE_OUTER_BOUND('',#706,.T.);
#395=FACE_OUTER_BOUND('',#707,.T.);
#396=FACE_OUTER_BOUND('',#708,.T.);
#397=FACE_OUTER_BOUND('',#709,.T.);
#398=FACE_OUTER_BOUND('',#710,.T.);
#399=FACE_OUTER_BOUND('',#712,.T.);
#400=FACE_OUTER_BOUND('',#713,.T.);
#401=FACE_OUTER_BOUND('',#714,.T.);
#402=FACE_OUTER_BOUND('',#715,.T.);
#403=FACE_OUTER_BOUND('',#716,.T.);
#404=FACE_OUTER_BOUND('',#717,.T.);
#405=FACE_OUTER_BOUND('',#718,.T.);
#406=FACE_OUTER_BOUND('',#719,.T.);
#407=FACE_OUTER_BOUND('',#720,.T.);
#408=FACE_OUTER_BOUND('',#721,.T.);
#409=FACE_OUTER_BOUND('',#722,.T.);
#410=FACE_OUTER_BOUND('',#723,.T.);
#411=FACE_OUTER_BOUND('',#724,.T.);
#412=FACE_OUTER_BOUND('',#725,.T.);
#413=FACE_OUTER_BOUND('',#727,.T.);
#414=FACE_OUTER_BOUND('',#728,.T.);
#415=FACE_OUTER_BOUND('',#729,.T.);
#416=FACE_OUTER_BOUND('',#730,.T.);
#417=FACE_OUTER_BOUND('',#731,.T.);
#418=FACE_OUTER_BOUND('',#732,.T.);
#419=FACE_OUTER_BOUND('',#733,.T.);
#420=FACE_OUTER_BOUND('',#734,.T.);
#421=FACE_OUTER_BOUND('',#735,.T.);
#422=FACE_OUTER_BOUND('',#736,.T.);
#423=FACE_OUTER_BOUND('',#737,.T.);
#424=FACE_OUTER_BOUND('',#738,.T.);
#425=FACE_OUTER_BOUND('',#739,.T.);
#426=FACE_OUTER_BOUND('',#740,.T.);
#427=FACE_OUTER_BOUND('',#741,.T.);
#428=FACE_OUTER_BOUND('',#742,.T.);
#429=FACE_OUTER_BOUND('',#743,.T.);
#430=FACE_OUTER_BOUND('',#744,.T.);
#431=FACE_OUTER_BOUND('',#745,.T.);
#432=FACE_OUTER_BOUND('',#746,.T.);
#433=FACE_OUTER_BOUND('',#747,.T.);
#434=FACE_OUTER_BOUND('',#748,.T.);
#435=FACE_OUTER_BOUND('',#750,.T.);
#436=FACE_OUTER_BOUND('',#751,.T.);
#437=FACE_OUTER_BOUND('',#752,.T.);
#438=FACE_OUTER_BOUND('',#753,.T.);
#439=FACE_OUTER_BOUND('',#754,.T.);
#440=FACE_OUTER_BOUND('',#755,.T.);
#441=FACE_OUTER_BOUND('',#756,.T.);
#442=FACE_OUTER_BOUND('',#757,.T.);
#443=FACE_OUTER_BOUND('',#758,.T.);
#444=FACE_OUTER_BOUND('',#759,.T.);
#445=FACE_OUTER_BOUND('',#760,.T.);
#446=FACE_OUTER_BOUND('',#761,.T.);
#447=FACE_OUTER_BOUND('',#762,.T.);
#448=FACE_OUTER_BOUND('',#763,.T.);
#449=FACE_OUTER_BOUND('',#765,.T.);
#450=FACE_OUTER_BOUND('',#766,.T.);
#451=FACE_OUTER_BOUND('',#767,.T.);
#452=FACE_OUTER_BOUND('',#768,.T.);
#453=FACE_OUTER_BOUND('',#769,.T.);
#454=FACE_OUTER_BOUND('',#770,.T.);
#455=FACE_OUTER_BOUND('',#771,.T.);
#456=FACE_OUTER_BOUND('',#772,.T.);
#457=FACE_OUTER_BOUND('',#773,.T.);
#458=FACE_OUTER_BOUND('',#774,.T.);
#459=FACE_OUTER_BOUND('',#775,.T.);
#460=FACE_OUTER_BOUND('',#776,.T.);
#461=FACE_OUTER_BOUND('',#777,.T.);
#462=FACE_OUTER_BOUND('',#778,.T.);
#463=FACE_OUTER_BOUND('',#779,.T.);
#464=FACE_OUTER_BOUND('',#780,.T.);
#465=FACE_OUTER_BOUND('',#781,.T.);
#466=FACE_OUTER_BOUND('',#782,.T.);
#467=FACE_OUTER_BOUND('',#783,.T.);
#468=FACE_OUTER_BOUND('',#784,.T.);
#469=FACE_OUTER_BOUND('',#785,.T.);
#470=FACE_OUTER_BOUND('',#786,.T.);
#471=FACE_OUTER_BOUND('',#787,.T.);
#472=FACE_OUTER_BOUND('',#788,.T.);
#473=FACE_OUTER_BOUND('',#789,.T.);
#474=FACE_OUTER_BOUND('',#790,.T.);
#475=FACE_OUTER_BOUND('',#791,.T.);
#476=FACE_OUTER_BOUND('',#792,.T.);
#477=FACE_OUTER_BOUND('',#793,.T.);
#478=FACE_OUTER_BOUND('',#794,.T.);
#479=FACE_OUTER_BOUND('',#795,.T.);
#480=FACE_OUTER_BOUND('',#796,.T.);
#481=FACE_OUTER_BOUND('',#797,.T.);
#482=FACE_OUTER_BOUND('',#798,.T.);
#483=FACE_OUTER_BOUND('',#799,.T.);
#484=FACE_OUTER_BOUND('',#800,.T.);
#485=FACE_OUTER_BOUND('',#801,.T.);
#486=FACE_OUTER_BOUND('',#802,.T.);
#487=FACE_OUTER_BOUND('',#803,.T.);
#488=FACE_OUTER_BOUND('',#804,.T.);
#489=FACE_OUTER_BOUND('',#805,.T.);
#490=FACE_OUTER_BOUND('',#806,.T.);
#491=FACE_OUTER_BOUND('',#807,.T.);
#492=FACE_OUTER_BOUND('',#808,.T.);
#493=FACE_OUTER_BOUND('',#809,.T.);
#494=FACE_OUTER_BOUND('',#810,.T.);
#495=FACE_OUTER_BOUND('',#811,.T.);
#496=FACE_OUTER_BOUND('',#812,.T.);
#497=FACE_OUTER_BOUND('',#813,.T.);
#498=FACE_OUTER_BOUND('',#814,.T.);
#499=FACE_OUTER_BOUND('',#815,.T.);
#500=FACE_OUTER_BOUND('',#816,.T.);
#501=FACE_OUTER_BOUND('',#817,.T.);
#502=FACE_OUTER_BOUND('',#818,.T.);
#503=FACE_OUTER_BOUND('',#819,.T.);
#504=FACE_OUTER_BOUND('',#820,.T.);
#505=FACE_OUTER_BOUND('',#821,.T.);
#506=FACE_OUTER_BOUND('',#822,.T.);
#507=FACE_OUTER_BOUND('',#823,.T.);
#508=FACE_OUTER_BOUND('',#824,.T.);
#509=FACE_OUTER_BOUND('',#845,.T.);
#510=FACE_OUTER_BOUND('',#846,.T.);
#511=FACE_OUTER_BOUND('',#847,.T.);
#512=FACE_OUTER_BOUND('',#848,.T.);
#513=FACE_OUTER_BOUND('',#849,.T.);
#514=FACE_OUTER_BOUND('',#850,.T.);
#515=FACE_OUTER_BOUND('',#851,.T.);
#516=FACE_OUTER_BOUND('',#852,.T.);
#517=FACE_OUTER_BOUND('',#853,.T.);
#518=FACE_OUTER_BOUND('',#857,.T.);
#519=FACE_OUTER_BOUND('',#858,.T.);
#520=FACE_OUTER_BOUND('',#859,.T.);
#521=FACE_OUTER_BOUND('',#860,.T.);
#522=FACE_OUTER_BOUND('',#861,.T.);
#523=FACE_OUTER_BOUND('',#862,.T.);
#524=FACE_OUTER_BOUND('',#863,.T.);
#525=FACE_OUTER_BOUND('',#864,.T.);
#526=FACE_OUTER_BOUND('',#865,.T.);
#527=FACE_OUTER_BOUND('',#866,.T.);
#528=FACE_OUTER_BOUND('',#867,.T.);
#529=FACE_OUTER_BOUND('',#868,.T.);
#530=FACE_OUTER_BOUND('',#869,.T.);
#531=FACE_OUTER_BOUND('',#870,.T.);
#532=FACE_OUTER_BOUND('',#871,.T.);
#533=EDGE_LOOP('',(#3085,#3086,#3087,#3088));
#534=EDGE_LOOP('',(#3089,#3090,#3091,#3092));
#535=EDGE_LOOP('',(#3093,#3094,#3095,#3096));
#536=EDGE_LOOP('',(#3097,#3098,#3099,#3100,#3101,#3102,#3103,#3104,#3105,
#3106,#3107,#3108,#3109,#3110));
#537=EDGE_LOOP('',(#3111,#3112,#3113,#3114));
#538=EDGE_LOOP('',(#3115,#3116,#3117,#3118));
#539=EDGE_LOOP('',(#3119,#3120,#3121,#3122));
#540=EDGE_LOOP('',(#3123,#3124,#3125,#3126,#3127,#3128));
#541=EDGE_LOOP('',(#3129,#3130,#3131,#3132));
#542=EDGE_LOOP('',(#3133,#3134,#3135,#3136));
#543=EDGE_LOOP('',(#3137,#3138,#3139,#3140));
#544=EDGE_LOOP('',(#3141,#3142,#3143,#3144,#3145,#3146));
#545=EDGE_LOOP('',(#3147,#3148,#3149,#3150));
#546=EDGE_LOOP('',(#3151,#3152,#3153,#3154,#3155,#3156,#3157,#3158,#3159,
#3160,#3161,#3162,#3163,#3164));
#547=EDGE_LOOP('',(#3165,#3166,#3167,#3168));
#548=EDGE_LOOP('',(#3169));
#549=EDGE_LOOP('',(#3170));
#550=EDGE_LOOP('',(#3171,#3172,#3173,#3174));
#551=EDGE_LOOP('',(#3175));
#552=EDGE_LOOP('',(#3176));
#553=EDGE_LOOP('',(#3177,#3178,#3179,#3180));
#554=EDGE_LOOP('',(#3181));
#555=EDGE_LOOP('',(#3182));
#556=EDGE_LOOP('',(#3183,#3184,#3185,#3186));
#557=EDGE_LOOP('',(#3187));
#558=EDGE_LOOP('',(#3188));
#559=EDGE_LOOP('',(#3189,#3190,#3191,#3192));
#560=EDGE_LOOP('',(#3193,#3194,#3195,#3196));
#561=EDGE_LOOP('',(#3197,#3198,#3199,#3200));
#562=EDGE_LOOP('',(#3201,#3202,#3203,#3204));
#563=EDGE_LOOP('',(#3205,#3206,#3207,#3208));
#564=EDGE_LOOP('',(#3209,#3210,#3211,#3212));
#565=EDGE_LOOP('',(#3213,#3214,#3215,#3216,#3217,#3218));
#566=EDGE_LOOP('',(#3219,#3220,#3221,#3222));
#567=EDGE_LOOP('',(#3223,#3224,#3225,#3226));
#568=EDGE_LOOP('',(#3227,#3228,#3229,#3230));
#569=EDGE_LOOP('',(#3231,#3232,#3233,#3234,#3235,#3236));
#570=EDGE_LOOP('',(#3237,#3238,#3239,#3240));
#571=EDGE_LOOP('',(#3241,#3242,#3243,#3244,#3245,#3246,#3247,#3248));
#572=EDGE_LOOP('',(#3249));
#573=EDGE_LOOP('',(#3250));
#574=EDGE_LOOP('',(#3251));
#575=EDGE_LOOP('',(#3252));
#576=EDGE_LOOP('',(#3253,#3254,#3255,#3256,#3257,#3258,#3259,#3260));
#577=EDGE_LOOP('',(#3261));
#578=EDGE_LOOP('',(#3262));
#579=EDGE_LOOP('',(#3263));
#580=EDGE_LOOP('',(#3264));
#581=EDGE_LOOP('',(#3265,#3266,#3267,#3268,#3269,#3270,#3271,#3272,#3273,
#3274,#3275,#3276,#3277,#3278,#3279,#3280,#3281,#3282,#3283,#3284,#3285,
#3286,#3287,#3288,#3289,#3290,#3291,#3292,#3293,#3294,#3295,#3296,#3297,
#3298,#3299,#3300,#3301,#3302,#3303,#3304,#3305,#3306,#3307,#3308,#3309,
#3310,#3311,#3312,#3313,#3314,#3315,#3316,#3317));
#582=EDGE_LOOP('',(#3318));
#583=EDGE_LOOP('',(#3319,#3320,#3321,#3322));
#584=EDGE_LOOP('',(#3323,#3324,#3325,#3326));
#585=EDGE_LOOP('',(#3327,#3328,#3329,#3330));
#586=EDGE_LOOP('',(#3331,#3332,#3333,#3334));
#587=EDGE_LOOP('',(#3335));
#588=EDGE_LOOP('',(#3336));
#589=EDGE_LOOP('',(#3337));
#590=EDGE_LOOP('',(#3338));
#591=EDGE_LOOP('',(#3339));
#592=EDGE_LOOP('',(#3340,#3341,#3342,#3343,#3344));
#593=EDGE_LOOP('',(#3345,#3346,#3347,#3348));
#594=EDGE_LOOP('',(#3349,#3350,#3351,#3352));
#595=EDGE_LOOP('',(#3353,#3354,#3355,#3356));
#596=EDGE_LOOP('',(#3357));
#597=EDGE_LOOP('',(#3358));
#598=EDGE_LOOP('',(#3359,#3360,#3361,#3362));
#599=EDGE_LOOP('',(#3363,#3364,#3365,#3366));
#600=EDGE_LOOP('',(#3367));
#601=EDGE_LOOP('',(#3368));
#602=EDGE_LOOP('',(#3369,#3370,#3371,#3372));
#603=EDGE_LOOP('',(#3373,#3374,#3375,#3376));
#604=EDGE_LOOP('',(#3377,#3378,#3379,#3380));
#605=EDGE_LOOP('',(#3381,#3382,#3383,#3384,#3385));
#606=EDGE_LOOP('',(#3386,#3387,#3388,#3389,#3390));
#607=EDGE_LOOP('',(#3391,#3392,#3393,#3394,#3395));
#608=EDGE_LOOP('',(#3396,#3397,#3398,#3399,#3400));
#609=EDGE_LOOP('',(#3401,#3402,#3403,#3404,#3405,#3406,#3407,#3408,#3409));
#610=EDGE_LOOP('',(#3410,#3411,#3412,#3413));
#611=EDGE_LOOP('',(#3414,#3415,#3416,#3417,#3418,#3419,#3420,#3421,#3422,
#3423,#3424,#3425,#3426,#3427,#3428,#3429,#3430,#3431,#3432,#3433,#3434,
#3435,#3436,#3437));
#612=EDGE_LOOP('',(#3438,#3439,#3440,#3441,#3442,#3443,#3444,#3445,#3446));
#613=EDGE_LOOP('',(#3447,#3448,#3449,#3450));
#614=EDGE_LOOP('',(#3451,#3452,#3453,#3454,#3455));
#615=EDGE_LOOP('',(#3456,#3457,#3458,#3459));
#616=EDGE_LOOP('',(#3460,#3461,#3462,#3463));
#617=EDGE_LOOP('',(#3464,#3465,#3466,#3467));
#618=EDGE_LOOP('',(#3468,#3469,#3470,#3471));
#619=EDGE_LOOP('',(#3472,#3473,#3474,#3475,#3476,#3477,#3478,#3479,#3480,
#3481,#3482,#3483,#3484,#3485,#3486,#3487));
#620=EDGE_LOOP('',(#3488));
#621=EDGE_LOOP('',(#3489));
#622=EDGE_LOOP('',(#3490));
#623=EDGE_LOOP('',(#3491));
#624=EDGE_LOOP('',(#3492));
#625=EDGE_LOOP('',(#3493,#3494,#3495,#3496));
#626=EDGE_LOOP('',(#3497,#3498,#3499,#3500,#3501,#3502,#3503,#3504,#3505,
#3506,#3507,#3508,#3509,#3510,#3511,#3512,#3513,#3514,#3515));
#627=EDGE_LOOP('',(#3516,#3517,#3518,#3519,#3520));
#628=EDGE_LOOP('',(#3521,#3522,#3523,#3524,#3525));
#629=EDGE_LOOP('',(#3526,#3527,#3528,#3529,#3530));
#630=EDGE_LOOP('',(#3531,#3532,#3533,#3534));
#631=EDGE_LOOP('',(#3535,#3536,#3537,#3538,#3539));
#632=EDGE_LOOP('',(#3540,#3541,#3542,#3543));
#633=EDGE_LOOP('',(#3544,#3545,#3546,#3547,#3548,#3549,#3550,#3551,#3552,
#3553));
#634=EDGE_LOOP('',(#3554,#3555,#3556,#3557));
#635=EDGE_LOOP('',(#3558,#3559,#3560,#3561));
#636=EDGE_LOOP('',(#3562,#3563,#3564,#3565));
#637=EDGE_LOOP('',(#3566,#3567,#3568,#3569));
#638=EDGE_LOOP('',(#3570,#3571,#3572,#3573));
#639=EDGE_LOOP('',(#3574,#3575,#3576,#3577));
#640=EDGE_LOOP('',(#3578,#3579,#3580,#3581));
#641=EDGE_LOOP('',(#3582,#3583,#3584,#3585));
#642=EDGE_LOOP('',(#3586,#3587,#3588,#3589));
#643=EDGE_LOOP('',(#3590,#3591,#3592,#3593));
#644=EDGE_LOOP('',(#3594,#3595,#3596,#3597));
#645=EDGE_LOOP('',(#3598,#3599,#3600,#3601));
#646=EDGE_LOOP('',(#3602,#3603,#3604,#3605));
#647=EDGE_LOOP('',(#3606,#3607,#3608,#3609));
#648=EDGE_LOOP('',(#3610,#3611,#3612,#3613));
#649=EDGE_LOOP('',(#3614,#3615,#3616,#3617));
#650=EDGE_LOOP('',(#3618,#3619,#3620,#3621));
#651=EDGE_LOOP('',(#3622,#3623,#3624,#3625));
#652=EDGE_LOOP('',(#3626,#3627,#3628,#3629));
#653=EDGE_LOOP('',(#3630,#3631,#3632,#3633));
#654=EDGE_LOOP('',(#3634,#3635,#3636,#3637));
#655=EDGE_LOOP('',(#3638,#3639,#3640,#3641));
#656=EDGE_LOOP('',(#3642,#3643,#3644,#3645));
#657=EDGE_LOOP('',(#3646,#3647,#3648,#3649));
#658=EDGE_LOOP('',(#3650,#3651,#3652,#3653));
#659=EDGE_LOOP('',(#3654,#3655,#3656,#3657));
#660=EDGE_LOOP('',(#3658,#3659,#3660,#3661));
#661=EDGE_LOOP('',(#3662,#3663,#3664,#3665));
#662=EDGE_LOOP('',(#3666,#3667,#3668,#3669));
#663=EDGE_LOOP('',(#3670,#3671,#3672,#3673));
#664=EDGE_LOOP('',(#3674,#3675,#3676,#3677,#3678));
#665=EDGE_LOOP('',(#3679,#3680,#3681,#3682));
#666=EDGE_LOOP('',(#3683,#3684,#3685,#3686));
#667=EDGE_LOOP('',(#3687,#3688,#3689,#3690));
#668=EDGE_LOOP('',(#3691,#3692,#3693,#3694,#3695,#3696));
#669=EDGE_LOOP('',(#3697,#3698,#3699,#3700));
#670=EDGE_LOOP('',(#3701,#3702,#3703,#3704));
#671=EDGE_LOOP('',(#3705,#3706,#3707,#3708,#3709,#3710));
#672=EDGE_LOOP('',(#3711,#3712,#3713,#3714));
#673=EDGE_LOOP('',(#3715,#3716,#3717,#3718));
#674=EDGE_LOOP('',(#3719,#3720,#3721,#3722));
#675=EDGE_LOOP('',(#3723,#3724,#3725,#3726));
#676=EDGE_LOOP('',(#3727,#3728,#3729,#3730,#3731,#3732));
#677=EDGE_LOOP('',(#3733,#3734,#3735,#3736,#3737,#3738));
#678=EDGE_LOOP('',(#3739,#3740,#3741,#3742));
#679=EDGE_LOOP('',(#3743,#3744,#3745,#3746));
#680=EDGE_LOOP('',(#3747,#3748,#3749,#3750));
#681=EDGE_LOOP('',(#3751,#3752,#3753,#3754,#3755,#3756));
#682=EDGE_LOOP('',(#3757,#3758,#3759,#3760,#3761));
#683=EDGE_LOOP('',(#3762,#3763,#3764,#3765,#3766,#3767));
#684=EDGE_LOOP('',(#3768,#3769,#3770,#3771,#3772));
#685=EDGE_LOOP('',(#3773,#3774,#3775,#3776,#3777));
#686=EDGE_LOOP('',(#3778,#3779,#3780,#3781));
#687=EDGE_LOOP('',(#3782,#3783,#3784,#3785));
#688=EDGE_LOOP('',(#3786,#3787,#3788,#3789));
#689=EDGE_LOOP('',(#3790,#3791,#3792,#3793));
#690=EDGE_LOOP('',(#3794,#3795,#3796,#3797));
#691=EDGE_LOOP('',(#3798,#3799,#3800,#3801));
#692=EDGE_LOOP('',(#3802,#3803,#3804,#3805));
#693=EDGE_LOOP('',(#3806,#3807,#3808,#3809,#3810));
#694=EDGE_LOOP('',(#3811,#3812,#3813,#3814));
#695=EDGE_LOOP('',(#3815,#3816,#3817,#3818));
#696=EDGE_LOOP('',(#3819,#3820,#3821,#3822));
#697=EDGE_LOOP('',(#3823,#3824,#3825,#3826));
#698=EDGE_LOOP('',(#3827,#3828,#3829,#3830));
#699=EDGE_LOOP('',(#3831,#3832,#3833,#3834));
#700=EDGE_LOOP('',(#3835,#3836,#3837,#3838));
#701=EDGE_LOOP('',(#3839,#3840,#3841,#3842));
#702=EDGE_LOOP('',(#3843,#3844,#3845,#3846));
#703=EDGE_LOOP('',(#3847,#3848,#3849,#3850));
#704=EDGE_LOOP('',(#3851,#3852,#3853,#3854));
#705=EDGE_LOOP('',(#3855,#3856,#3857,#3858));
#706=EDGE_LOOP('',(#3859,#3860,#3861,#3862));
#707=EDGE_LOOP('',(#3863,#3864,#3865,#3866));
#708=EDGE_LOOP('',(#3867,#3868,#3869,#3870,#3871));
#709=EDGE_LOOP('',(#3872,#3873,#3874,#3875,#3876));
#710=EDGE_LOOP('',(#3877,#3878,#3879,#3880,#3881,#3882));
#711=EDGE_LOOP('',(#3883));
#712=EDGE_LOOP('',(#3884));
#713=EDGE_LOOP('',(#3885,#3886,#3887,#3888,#3889));
#714=EDGE_LOOP('',(#3890,#3891,#3892,#3893));
#715=EDGE_LOOP('',(#3894,#3895,#3896,#3897));
#716=EDGE_LOOP('',(#3898,#3899,#3900,#3901));
#717=EDGE_LOOP('',(#3902,#3903,#3904,#3905));
#718=EDGE_LOOP('',(#3906,#3907,#3908,#3909));
#719=EDGE_LOOP('',(#3910,#3911,#3912,#3913));
#720=EDGE_LOOP('',(#3914,#3915,#3916,#3917));
#721=EDGE_LOOP('',(#3918,#3919,#3920,#3921));
#722=EDGE_LOOP('',(#3922,#3923,#3924,#3925));
#723=EDGE_LOOP('',(#3926,#3927,#3928,#3929));
#724=EDGE_LOOP('',(#3930,#3931,#3932,#3933));
#725=EDGE_LOOP('',(#3934,#3935,#3936,#3937,#3938,#3939));
#726=EDGE_LOOP('',(#3940));
#727=EDGE_LOOP('',(#3941));
#728=EDGE_LOOP('',(#3942,#3943,#3944,#3945));
#729=EDGE_LOOP('',(#3946,#3947,#3948,#3949,#3950));
#730=EDGE_LOOP('',(#3951,#3952,#3953,#3954));
#731=EDGE_LOOP('',(#3955,#3956,#3957,#3958));
#732=EDGE_LOOP('',(#3959,#3960,#3961,#3962));
#733=EDGE_LOOP('',(#3963,#3964,#3965,#3966));
#734=EDGE_LOOP('',(#3967,#3968,#3969,#3970));
#735=EDGE_LOOP('',(#3971,#3972,#3973,#3974));
#736=EDGE_LOOP('',(#3975,#3976,#3977,#3978));
#737=EDGE_LOOP('',(#3979,#3980,#3981,#3982));
#738=EDGE_LOOP('',(#3983,#3984,#3985,#3986));
#739=EDGE_LOOP('',(#3987,#3988,#3989,#3990));
#740=EDGE_LOOP('',(#3991,#3992,#3993,#3994));
#741=EDGE_LOOP('',(#3995,#3996,#3997,#3998));
#742=EDGE_LOOP('',(#3999,#4000,#4001,#4002,#4003,#4004,#4005,#4006));
#743=EDGE_LOOP('',(#4007,#4008,#4009,#4010));
#744=EDGE_LOOP('',(#4011,#4012,#4013,#4014));
#745=EDGE_LOOP('',(#4015,#4016,#4017,#4018));
#746=EDGE_LOOP('',(#4019,#4020,#4021,#4022,#4023));
#747=EDGE_LOOP('',(#4024));
#748=EDGE_LOOP('',(#4025,#4026,#4027,#4028,#4029,#4030));
#749=EDGE_LOOP('',(#4031));
#750=EDGE_LOOP('',(#4032,#4033,#4034,#4035,#4036));
#751=EDGE_LOOP('',(#4037,#4038,#4039,#4040,#4041));
#752=EDGE_LOOP('',(#4042,#4043,#4044,#4045));
#753=EDGE_LOOP('',(#4046,#4047,#4048,#4049));
#754=EDGE_LOOP('',(#4050,#4051,#4052,#4053));
#755=EDGE_LOOP('',(#4054,#4055,#4056,#4057));
#756=EDGE_LOOP('',(#4058,#4059,#4060,#4061));
#757=EDGE_LOOP('',(#4062,#4063,#4064,#4065));
#758=EDGE_LOOP('',(#4066,#4067,#4068,#4069));
#759=EDGE_LOOP('',(#4070,#4071,#4072,#4073));
#760=EDGE_LOOP('',(#4074,#4075,#4076,#4077));
#761=EDGE_LOOP('',(#4078,#4079,#4080,#4081));
#762=EDGE_LOOP('',(#4082));
#763=EDGE_LOOP('',(#4083,#4084,#4085,#4086,#4087,#4088));
#764=EDGE_LOOP('',(#4089));
#765=EDGE_LOOP('',(#4090,#4091,#4092,#4093));
#766=EDGE_LOOP('',(#4094,#4095,#4096,#4097));
#767=EDGE_LOOP('',(#4098,#4099,#4100,#4101));
#768=EDGE_LOOP('',(#4102,#4103,#4104,#4105));
#769=EDGE_LOOP('',(#4106,#4107,#4108,#4109));
#770=EDGE_LOOP('',(#4110,#4111,#4112,#4113));
#771=EDGE_LOOP('',(#4114,#4115,#4116,#4117));
#772=EDGE_LOOP('',(#4118,#4119,#4120,#4121,#4122));
#773=EDGE_LOOP('',(#4123,#4124,#4125,#4126));
#774=EDGE_LOOP('',(#4127,#4128,#4129,#4130));
#775=EDGE_LOOP('',(#4131,#4132,#4133,#4134));
#776=EDGE_LOOP('',(#4135,#4136,#4137,#4138));
#777=EDGE_LOOP('',(#4139,#4140,#4141,#4142));
#778=EDGE_LOOP('',(#4143,#4144,#4145,#4146,#4147,#4148));
#779=EDGE_LOOP('',(#4149,#4150,#4151,#4152));
#780=EDGE_LOOP('',(#4153,#4154,#4155,#4156));
#781=EDGE_LOOP('',(#4157,#4158,#4159,#4160,#4161));
#782=EDGE_LOOP('',(#4162,#4163,#4164,#4165));
#783=EDGE_LOOP('',(#4166,#4167,#4168,#4169));
#784=EDGE_LOOP('',(#4170,#4171,#4172,#4173));
#785=EDGE_LOOP('',(#4174,#4175,#4176,#4177));
#786=EDGE_LOOP('',(#4178,#4179,#4180,#4181));
#787=EDGE_LOOP('',(#4182,#4183,#4184,#4185));
#788=EDGE_LOOP('',(#4186,#4187,#4188,#4189));
#789=EDGE_LOOP('',(#4190,#4191,#4192,#4193));
#790=EDGE_LOOP('',(#4194,#4195,#4196,#4197));
#791=EDGE_LOOP('',(#4198,#4199,#4200,#4201));
#792=EDGE_LOOP('',(#4202,#4203,#4204,#4205));
#793=EDGE_LOOP('',(#4206,#4207,#4208,#4209));
#794=EDGE_LOOP('',(#4210,#4211,#4212,#4213));
#795=EDGE_LOOP('',(#4214,#4215,#4216,#4217));
#796=EDGE_LOOP('',(#4218,#4219,#4220,#4221));
#797=EDGE_LOOP('',(#4222,#4223,#4224,#4225));
#798=EDGE_LOOP('',(#4226,#4227,#4228,#4229));
#799=EDGE_LOOP('',(#4230,#4231,#4232,#4233));
#800=EDGE_LOOP('',(#4234,#4235,#4236,#4237));
#801=EDGE_LOOP('',(#4238,#4239,#4240,#4241));
#802=EDGE_LOOP('',(#4242,#4243,#4244,#4245));
#803=EDGE_LOOP('',(#4246,#4247,#4248,#4249));
#804=EDGE_LOOP('',(#4250,#4251,#4252,#4253));
#805=EDGE_LOOP('',(#4254,#4255,#4256,#4257));
#806=EDGE_LOOP('',(#4258,#4259,#4260,#4261));
#807=EDGE_LOOP('',(#4262,#4263,#4264,#4265));
#808=EDGE_LOOP('',(#4266,#4267,#4268));
#809=EDGE_LOOP('',(#4269,#4270,#4271,#4272));
#810=EDGE_LOOP('',(#4273,#4274,#4275,#4276));
#811=EDGE_LOOP('',(#4277,#4278,#4279,#4280));
#812=EDGE_LOOP('',(#4281,#4282,#4283,#4284,#4285,#4286));
#813=EDGE_LOOP('',(#4287,#4288,#4289,#4290));
#814=EDGE_LOOP('',(#4291,#4292,#4293,#4294));
#815=EDGE_LOOP('',(#4295,#4296,#4297,#4298));
#816=EDGE_LOOP('',(#4299,#4300,#4301,#4302));
#817=EDGE_LOOP('',(#4303,#4304,#4305,#4306));
#818=EDGE_LOOP('',(#4307,#4308,#4309,#4310));
#819=EDGE_LOOP('',(#4311,#4312,#4313,#4314,#4315,#4316));
#820=EDGE_LOOP('',(#4317,#4318,#4319,#4320));
#821=EDGE_LOOP('',(#4321,#4322,#4323,#4324,#4325,#4326));
#822=EDGE_LOOP('',(#4327,#4328,#4329,#4330));
#823=EDGE_LOOP('',(#4331,#4332,#4333));
#824=EDGE_LOOP('',(#4334,#4335,#4336,#4337,#4338,#4339,#4340,#4341,#4342,
#4343,#4344,#4345,#4346,#4347,#4348,#4349,#4350));
#825=EDGE_LOOP('',(#4351));
#826=EDGE_LOOP('',(#4352));
#827=EDGE_LOOP('',(#4353));
#828=EDGE_LOOP('',(#4354));
#829=EDGE_LOOP('',(#4355));
#830=EDGE_LOOP('',(#4356));
#831=EDGE_LOOP('',(#4357));
#832=EDGE_LOOP('',(#4358));
#833=EDGE_LOOP('',(#4359,#4360,#4361,#4362,#4363));
#834=EDGE_LOOP('',(#4364,#4365,#4366,#4367));
#835=EDGE_LOOP('',(#4368,#4369,#4370,#4371));
#836=EDGE_LOOP('',(#4372,#4373,#4374,#4375,#4376,#4377));
#837=EDGE_LOOP('',(#4378,#4379,#4380,#4381,#4382));
#838=EDGE_LOOP('',(#4383));
#839=EDGE_LOOP('',(#4384));
#840=EDGE_LOOP('',(#4385));
#841=EDGE_LOOP('',(#4386));
#842=EDGE_LOOP('',(#4387));
#843=EDGE_LOOP('',(#4388,#4389,#4390,#4391));
#844=EDGE_LOOP('',(#4392,#4393,#4394,#4395));
#845=EDGE_LOOP('',(#4396,#4397,#4398,#4399,#4400,#4401));
#846=EDGE_LOOP('',(#4402,#4403,#4404,#4405,#4406,#4407));
#847=EDGE_LOOP('',(#4408,#4409,#4410,#4411,#4412,#4413));
#848=EDGE_LOOP('',(#4414,#4415,#4416,#4417));
#849=EDGE_LOOP('',(#4418,#4419,#4420,#4421));
#850=EDGE_LOOP('',(#4422,#4423,#4424,#4425));
#851=EDGE_LOOP('',(#4426,#4427,#4428,#4429));
#852=EDGE_LOOP('',(#4430,#4431,#4432,#4433));
#853=EDGE_LOOP('',(#4434,#4435,#4436,#4437,#4438,#4439,#4440,#4441,#4442,
#4443,#4444,#4445,#4446,#4447,#4448));
#854=EDGE_LOOP('',(#4449));
#855=EDGE_LOOP('',(#4450));
#856=EDGE_LOOP('',(#4451));
#857=EDGE_LOOP('',(#4452,#4453,#4454,#4455));
#858=EDGE_LOOP('',(#4456,#4457,#4458,#4459));
#859=EDGE_LOOP('',(#4460,#4461,#4462,#4463,#4464,#4465));
#860=EDGE_LOOP('',(#4466,#4467,#4468,#4469,#4470,#4471));
#861=EDGE_LOOP('',(#4472,#4473,#4474,#4475));
#862=EDGE_LOOP('',(#4476,#4477,#4478,#4479,#4480,#4481));
#863=EDGE_LOOP('',(#4482,#4483,#4484,#4485,#4486,#4487));
#864=EDGE_LOOP('',(#4488,#4489,#4490,#4491));
#865=EDGE_LOOP('',(#4492,#4493,#4494,#4495));
#866=EDGE_LOOP('',(#4496,#4497,#4498,#4499,#4500,#4501,#4502,#4503,#4504,
#4505,#4506));
#867=EDGE_LOOP('',(#4507,#4508,#4509,#4510));
#868=EDGE_LOOP('',(#4511,#4512,#4513,#4514,#4515,#4516,#4517,#4518));
#869=EDGE_LOOP('',(#4519,#4520,#4521,#4522));
#870=EDGE_LOOP('',(#4523,#4524,#4525,#4526));
#871=EDGE_LOOP('',(#4527,#4528,#4529,#4530,#4531,#4532));
#872=LINE('',#7271,#1202);
#873=LINE('',#7274,#1203);
#874=LINE('',#7277,#1204);
#875=LINE('',#7279,#1205);
#876=LINE('',#7280,#1206);
#877=LINE('',#7286,#1207);
#878=LINE('',#7289,#1208);
#879=LINE('',#7291,#1209);
#880=LINE('',#7295,#1210);
#881=LINE('',#7299,#1211);
#882=LINE('',#7303,#1212);
#883=LINE('',#7307,#1213);
#884=LINE('',#7308,#1214);
#885=LINE('',#7311,#1215);
#886=LINE('',#7314,#1216);
#887=LINE('',#7317,#1217);
#888=LINE('',#7318,#1218);
#889=LINE('',#7321,#1219);
#890=LINE('',#7323,#1220);
#891=LINE('',#7324,#1221);
#892=LINE('',#7327,#1222);
#893=LINE('',#7329,#1223);
#894=LINE('',#7330,#1224);
#895=LINE('',#7336,#1225);
#896=LINE('',#7339,#1226);
#897=LINE('',#7341,#1227);
#898=LINE('',#7342,#1228);
#899=LINE('',#7348,#1229);
#900=LINE('',#7350,#1230);
#901=LINE('',#7351,#1231);
#902=LINE('',#7354,#1232);
#903=LINE('',#7358,#1233);
#904=LINE('',#7362,#1234);
#905=LINE('',#7365,#1235);
#906=LINE('',#7370,#1236);
#907=LINE('',#7379,#1237);
#908=LINE('',#7388,#1238);
#909=LINE('',#7397,#1239);
#910=LINE('',#7404,#1240);
#911=LINE('',#7408,#1241);
#912=LINE('',#7412,#1242);
#913=LINE('',#7416,#1243);
#914=LINE('',#7420,#1244);
#915=LINE('',#7422,#1245);
#916=LINE('',#7423,#1246);
#917=LINE('',#7427,#1247);
#918=LINE('',#7430,#1248);
#919=LINE('',#7431,#1249);
#920=LINE('',#7435,#1250);
#921=LINE('',#7438,#1251);
#922=LINE('',#7439,#1252);
#923=LINE('',#7443,#1253);
#924=LINE('',#7446,#1254);
#925=LINE('',#7447,#1255);
#926=LINE('',#7457,#1256);
#927=LINE('',#7463,#1257);
#928=LINE('',#7467,#1258);
#929=LINE('',#7483,#1259);
#930=LINE('',#7485,#1260);
#931=LINE('',#7489,#1261);
#932=LINE('',#7493,#1262);
#933=LINE('',#7495,#1263);
#934=LINE('',#7497,#1264);
#935=LINE('',#7501,#1265);
#936=LINE('',#7505,#1266);
#937=LINE('',#7507,#1267);
#938=LINE('',#7519,#1268);
#939=LINE('',#7521,#1269);
#940=LINE('',#7525,#1270);
#941=LINE('',#7529,#1271);
#942=LINE('',#7531,#1272);
#943=LINE('',#7533,#1273);
#944=LINE('',#7537,#1274);
#945=LINE('',#7541,#1275);
#946=LINE('',#7543,#1276);
#947=LINE('',#7558,#1277);
#948=LINE('',#7607,#1278);
#949=LINE('',#7613,#1279);
#950=LINE('',#7617,#1280);
#951=LINE('',#7623,#1281);
#952=LINE('',#7630,#1282);
#953=LINE('',#7636,#1283);
#954=LINE('',#7643,#1284);
#955=LINE('',#7647,#1285);
#956=LINE('',#7651,#1286);
#957=LINE('',#7660,#1287);
#958=LINE('',#7668,#1288);
#959=LINE('',#7694,#1289);
#960=LINE('',#7695,#1290);
#961=LINE('',#7698,#1291);
#962=LINE('',#7704,#1292);
#963=LINE('',#7710,#1293);
#964=LINE('',#7761,#1294);
#965=LINE('',#7763,#1295);
#966=LINE('',#7768,#1296);
#967=LINE('',#7774,#1297);
#968=LINE('',#7780,#1298);
#969=LINE('',#7786,#1299);
#970=LINE('',#7791,#1300);
#971=LINE('',#7795,#1301);
#972=LINE('',#7800,#1302);
#973=LINE('',#7804,#1303);
#974=LINE('',#7808,#1304);
#975=LINE('',#7812,#1305);
#976=LINE('',#7816,#1306);
#977=LINE('',#7823,#1307);
#978=LINE('',#7878,#1308);
#979=LINE('',#7892,#1309);
#980=LINE('',#7902,#1310);
#981=LINE('',#7950,#1311);
#982=LINE('',#7953,#1312);
#983=LINE('',#7955,#1313);
#984=LINE('',#7959,#1314);
#985=LINE('',#7963,#1315);
#986=LINE('',#7969,#1316);
#987=LINE('',#7972,#1317);
#988=LINE('',#7975,#1318);
#989=LINE('',#7979,#1319);
#990=LINE('',#7982,#1320);
#991=LINE('',#7986,#1321);
#992=LINE('',#7991,#1322);
#993=LINE('',#7997,#1323);
#994=LINE('',#8001,#1324);
#995=LINE('',#8003,#1325);
#996=LINE('',#8007,#1326);
#997=LINE('',#8011,#1327);
#998=LINE('',#8017,#1328);
#999=LINE('',#8020,#1329);
#1000=LINE('',#8023,#1330);
#1001=LINE('',#8027,#1331);
#1002=LINE('',#8030,#1332);
#1003=LINE('',#8034,#1333);
#1004=LINE('',#8039,#1334);
#1005=LINE('',#8045,#1335);
#1006=LINE('',#8048,#1336);
#1007=LINE('',#8050,#1337);
#1008=LINE('',#8053,#1338);
#1009=LINE('',#8056,#1339);
#1010=LINE('',#8059,#1340);
#1011=LINE('',#8060,#1341);
#1012=LINE('',#8063,#1342);
#1013=LINE('',#8067,#1343);
#1014=LINE('',#8071,#1344);
#1015=LINE('',#8075,#1345);
#1016=LINE('',#8079,#1346);
#1017=LINE('',#8083,#1347);
#1018=LINE('',#8087,#1348);
#1019=LINE('',#8091,#1349);
#1020=LINE('',#8095,#1350);
#1021=LINE('',#8099,#1351);
#1022=LINE('',#8103,#1352);
#1023=LINE('',#8107,#1353);
#1024=LINE('',#8110,#1354);
#1025=LINE('',#8111,#1355);
#1026=LINE('',#8114,#1356);
#1027=LINE('',#8115,#1357);
#1028=LINE('',#8117,#1358);
#1029=LINE('',#8118,#1359);
#1030=LINE('',#8119,#1360);
#1031=LINE('',#8122,#1361);
#1032=LINE('',#8125,#1362);
#1033=LINE('',#8128,#1363);
#1034=LINE('',#8136,#1364);
#1035=LINE('',#8143,#1365);
#1036=LINE('',#8144,#1366);
#1037=LINE('',#8148,#1367);
#1038=LINE('',#8152,#1368);
#1039=LINE('',#8155,#1369);
#1040=LINE('',#8156,#1370);
#1041=LINE('',#8161,#1371);
#1042=LINE('',#8164,#1372);
#1043=LINE('',#8167,#1373);
#1044=LINE('',#8173,#1374);
#1045=LINE('',#8176,#1375);
#1046=LINE('',#8179,#1376);
#1047=LINE('',#8182,#1377);
#1048=LINE('',#8186,#1378);
#1049=LINE('',#8190,#1379);
#1050=LINE('',#8192,#1380);
#1051=LINE('',#8193,#1381);
#1052=LINE('',#8196,#1382);
#1053=LINE('',#8200,#1383);
#1054=LINE('',#8201,#1384);
#1055=LINE('',#8204,#1385);
#1056=LINE('',#8208,#1386);
#1057=LINE('',#8209,#1387);
#1058=LINE('',#8212,#1388);
#1059=LINE('',#8214,#1389);
#1060=LINE('',#8215,#1390);
#1061=LINE('',#8218,#1391);
#1062=LINE('',#8222,#1392);
#1063=LINE('',#8223,#1393);
#1064=LINE('',#8226,#1394);
#1065=LINE('',#8230,#1395);
#1066=LINE('',#8231,#1396);
#1067=LINE('',#8271,#1397);
#1068=LINE('',#8275,#1398);
#1069=LINE('',#8276,#1399);
#1070=LINE('',#8279,#1400);
#1071=LINE('',#8281,#1401);
#1072=LINE('',#8282,#1402);
#1073=LINE('',#8285,#1403);
#1074=LINE('',#8289,#1404);
#1075=LINE('',#8290,#1405);
#1076=LINE('',#8293,#1406);
#1077=LINE('',#8297,#1407);
#1078=LINE('',#8298,#1408);
#1079=LINE('',#8301,#1409);
#1080=LINE('',#8304,#1410);
#1081=LINE('',#8307,#1411);
#1082=LINE('',#8308,#1412);
#1083=LINE('',#8311,#1413);
#1084=LINE('',#8315,#1414);
#1085=LINE('',#8316,#1415);
#1086=LINE('',#8355,#1416);
#1087=LINE('',#8356,#1417);
#1088=LINE('',#8359,#1418);
#1089=LINE('',#8362,#1419);
#1090=LINE('',#8363,#1420);
#1091=LINE('',#8368,#1421);
#1092=LINE('',#8397,#1422);
#1093=LINE('',#8404,#1423);
#1094=LINE('',#8410,#1424);
#1095=LINE('',#8411,#1425);
#1096=LINE('',#8414,#1426);
#1097=LINE('',#8416,#1427);
#1098=LINE('',#8421,#1428);
#1099=LINE('',#8426,#1429);
#1100=LINE('',#8433,#1430);
#1101=LINE('',#8435,#1431);
#1102=LINE('',#8436,#1432);
#1103=LINE('',#8437,#1433);
#1104=LINE('',#8440,#1434);
#1105=LINE('',#8467,#1435);
#1106=LINE('',#8468,#1436);
#1107=LINE('',#8474,#1437);
#1108=LINE('',#8478,#1438);
#1109=LINE('',#8481,#1439);
#1110=LINE('',#8520,#1440);
#1111=LINE('',#8521,#1441);
#1112=LINE('',#8525,#1442);
#1113=LINE('',#8528,#1443);
#1114=LINE('',#8529,#1444);
#1115=LINE('',#8533,#1445);
#1116=LINE('',#8536,#1446);
#1117=LINE('',#8537,#1447);
#1118=LINE('',#8539,#1448);
#1119=LINE('',#8540,#1449);
#1120=LINE('',#8542,#1450);
#1121=LINE('',#8544,#1451);
#1122=LINE('',#8546,#1452);
#1123=LINE('',#8554,#1453);
#1124=LINE('',#8556,#1454);
#1125=LINE('',#8560,#1455);
#1126=LINE('',#8563,#1456);
#1127=LINE('',#8601,#1457);
#1128=LINE('',#8602,#1458);
#1129=LINE('',#8603,#1459);
#1130=LINE('',#8607,#1460);
#1131=LINE('',#8610,#1461);
#1132=LINE('',#8611,#1462);
#1133=LINE('',#8615,#1463);
#1134=LINE('',#8618,#1464);
#1135=LINE('',#8619,#1465);
#1136=LINE('',#8621,#1466);
#1137=LINE('',#8622,#1467);
#1138=LINE('',#8624,#1468);
#1139=LINE('',#8626,#1469);
#1140=LINE('',#8628,#1470);
#1141=LINE('',#8630,#1471);
#1142=LINE('',#8632,#1472);
#1143=LINE('',#8634,#1473);
#1144=LINE('',#8638,#1474);
#1145=LINE('',#8642,#1475);
#1146=LINE('',#8650,#1476);
#1147=LINE('',#8652,#1477);
#1148=LINE('',#8658,#1478);
#1149=LINE('',#8661,#1479);
#1150=LINE('',#8667,#1480);
#1151=LINE('',#8671,#1481);
#1152=LINE('',#8674,#1482);
#1153=LINE('',#8679,#1483);
#1154=LINE('',#8683,#1484);
#1155=LINE('',#8690,#1485);
#1156=LINE('',#8694,#1486);
#1157=LINE('',#8695,#1487);
#1158=LINE('',#8697,#1488);
#1159=LINE('',#8699,#1489);
#1160=LINE('',#8706,#1490);
#1161=LINE('',#8709,#1491);
#1162=LINE('',#8715,#1492);
#1163=LINE('',#8719,#1493);
#1164=LINE('',#8722,#1494);
#1165=LINE('',#8727,#1495);
#1166=LINE('',#8731,#1496);
#1167=LINE('',#8738,#1497);
#1168=LINE('',#8742,#1498);
#1169=LINE('',#8743,#1499);
#1170=LINE('',#8745,#1500);
#1171=LINE('',#8747,#1501);
#1172=LINE('',#8759,#1502);
#1173=LINE('',#8762,#1503);
#1174=LINE('',#8767,#1504);
#1175=LINE('',#8770,#1505);
#1176=LINE('',#8774,#1506);
#1177=LINE('',#8777,#1507);
#1178=LINE('',#8778,#1508);
#1179=LINE('',#8783,#1509);
#1180=LINE('',#8791,#1510);
#1181=LINE('',#8795,#1511);
#1182=LINE('',#8798,#1512);
#1183=LINE('',#8801,#1513);
#1184=LINE('',#8805,#1514);
#1185=LINE('',#8809,#1515);
#1186=LINE('',#8811,#1516);
#1187=LINE('',#8829,#1517);
#1188=LINE('',#8844,#1518);
#1189=LINE('',#8847,#1519);
#1190=LINE('',#8849,#1520);
#1191=LINE('',#8853,#1521);
#1192=LINE('',#8856,#1522);
#1193=LINE('',#8861,#1523);
#1194=LINE('',#8865,#1524);
#1195=LINE('',#8869,#1525);
#1196=LINE('',#8889,#1526);
#1197=LINE('',#8893,#1527);
#1198=LINE('',#8907,#1528);
#1199=LINE('',#8909,#1529);
#1200=LINE('',#8913,#1530);
#1201=LINE('',#8926,#1531);
#1202=VECTOR('',#5626,10.);
#1203=VECTOR('',#5629,10.);
#1204=VECTOR('',#5632,10.);
#1205=VECTOR('',#5633,10.);
#1206=VECTOR('',#5634,10.);
#1207=VECTOR('',#5641,10.);
#1208=VECTOR('',#5644,10.);
#1209=VECTOR('',#5645,10.);
#1210=VECTOR('',#5648,10.);
#1211=VECTOR('',#5651,10.);
#1212=VECTOR('',#5654,10.);
#1213=VECTOR('',#5657,10.);
#1214=VECTOR('',#5658,10.);
#1215=VECTOR('',#5661,10.);
#1216=VECTOR('',#5664,10.);
#1217=VECTOR('',#5667,10.);
#1218=VECTOR('',#5668,10.);
#1219=VECTOR('',#5671,10.);
#1220=VECTOR('',#5672,10.);
#1221=VECTOR('',#5673,10.);
#1222=VECTOR('',#5676,10.);
#1223=VECTOR('',#5677,10.);
#1224=VECTOR('',#5678,10.);
#1225=VECTOR('',#5685,10.);
#1226=VECTOR('',#5688,10.);
#1227=VECTOR('',#5689,10.);
#1228=VECTOR('',#5690,10.);
#1229=VECTOR('',#5697,10.);
#1230=VECTOR('',#5700,10.);
#1231=VECTOR('',#5701,10.);
#1232=VECTOR('',#5704,10.);
#1233=VECTOR('',#5709,10.);
#1234=VECTOR('',#5712,10.);
#1235=VECTOR('',#5715,10.);
#1236=VECTOR('',#5720,2.8462097);
#1237=VECTOR('',#5731,2.8462097);
#1238=VECTOR('',#5742,2.8462097);
#1239=VECTOR('',#5753,2.8462097);
#1240=VECTOR('',#5762,1.375);
#1241=VECTOR('',#5767,1.375);
#1242=VECTOR('',#5772,1.375);
#1243=VECTOR('',#5777,1.375);
#1244=VECTOR('',#5782,10.);
#1245=VECTOR('',#5783,10.);
#1246=VECTOR('',#5784,10.);
#1247=VECTOR('',#5789,10.);
#1248=VECTOR('',#5792,10.);
#1249=VECTOR('',#5793,10.);
#1250=VECTOR('',#5798,10.);
#1251=VECTOR('',#5801,10.);
#1252=VECTOR('',#5802,10.);
#1253=VECTOR('',#5807,10.);
#1254=VECTOR('',#5810,10.);
#1255=VECTOR('',#5811,10.);
#1256=VECTOR('',#5824,10.);
#1257=VECTOR('',#5829,10.);
#1258=VECTOR('',#5832,10.);
#1259=VECTOR('',#5847,10.);
#1260=VECTOR('',#5848,10.);
#1261=VECTOR('',#5851,10.);
#1262=VECTOR('',#5854,10.);
#1263=VECTOR('',#5855,10.);
#1264=VECTOR('',#5856,10.);
#1265=VECTOR('',#5859,10.);
#1266=VECTOR('',#5862,10.);
#1267=VECTOR('',#5863,10.);
#1268=VECTOR('',#5874,10.);
#1269=VECTOR('',#5875,10.);
#1270=VECTOR('',#5878,10.);
#1271=VECTOR('',#5881,10.);
#1272=VECTOR('',#5882,10.);
#1273=VECTOR('',#5883,10.);
#1274=VECTOR('',#5886,10.);
#1275=VECTOR('',#5889,10.);
#1276=VECTOR('',#5890,10.);
#1277=VECTOR('',#5905,10.);
#1278=VECTOR('',#5956,2.57287778541057);
#1279=VECTOR('',#5963,1.625);
#1280=VECTOR('',#5968,1.37499999999999);
#1281=VECTOR('',#5975,1.625);
#1282=VECTOR('',#5984,1.37499999999999);
#1283=VECTOR('',#5991,1.62500000000001);
#1284=VECTOR('',#6000,1.37500000000001);
#1285=VECTOR('',#6005,1.62500000000001);
#1286=VECTOR('',#6010,1.37500000000001);
#1287=VECTOR('',#6023,4.00000000000002);
#1288=VECTOR('',#6034,4.);
#1289=VECTOR('',#6045,10.);
#1290=VECTOR('',#6046,10.);
#1291=VECTOR('',#6049,10.);
#1292=VECTOR('',#6054,10.);
#1293=VECTOR('',#6059,10.);
#1294=VECTOR('',#6098,10.);
#1295=VECTOR('',#6101,3.11146643083664);
#1296=VECTOR('',#6106,2.00000000000001);
#1297=VECTOR('',#6113,1.99999999999999);
#1298=VECTOR('',#6120,2.00000000000001);
#1299=VECTOR('',#6127,1.99999999999999);
#1300=VECTOR('',#6132,10.);
#1301=VECTOR('',#6135,37.5);
#1302=VECTOR('',#6140,10.);
#1303=VECTOR('',#6143,10.);
#1304=VECTOR('',#6146,10.);
#1305=VECTOR('',#6149,10.);
#1306=VECTOR('',#6152,10.);
#1307=VECTOR('',#6161,10.);
#1308=VECTOR('',#6218,10.);
#1309=VECTOR('',#6233,10.);
#1310=VECTOR('',#6246,10.);
#1311=VECTOR('',#6273,10.);
#1312=VECTOR('',#6276,10.);
#1313=VECTOR('',#6277,10.);
#1314=VECTOR('',#6282,10.);
#1315=VECTOR('',#6287,10.);
#1316=VECTOR('',#6296,10.);
#1317=VECTOR('',#6299,10.);
#1318=VECTOR('',#6302,10.);
#1319=VECTOR('',#6307,10.);
#1320=VECTOR('',#6310,10.);
#1321=VECTOR('',#6313,10.);
#1322=VECTOR('',#6320,10.);
#1323=VECTOR('',#6331,10.);
#1324=VECTOR('',#6336,10.);
#1325=VECTOR('',#6337,10.);
#1326=VECTOR('',#6342,10.);
#1327=VECTOR('',#6347,10.);
#1328=VECTOR('',#6356,10.);
#1329=VECTOR('',#6359,10.);
#1330=VECTOR('',#6362,10.);
#1331=VECTOR('',#6367,10.);
#1332=VECTOR('',#6370,10.);
#1333=VECTOR('',#6373,10.);
#1334=VECTOR('',#6380,10.);
#1335=VECTOR('',#6391,10.);
#1336=VECTOR('',#6396,10.);
#1337=VECTOR('',#6399,10.);
#1338=VECTOR('',#6404,10.);
#1339=VECTOR('',#6407,10.);
#1340=VECTOR('',#6410,10.);
#1341=VECTOR('',#6411,10.);
#1342=VECTOR('',#6414,10.);
#1343=VECTOR('',#6419,10.);
#1344=VECTOR('',#6424,10.);
#1345=VECTOR('',#6429,10.);
#1346=VECTOR('',#6432,10.);
#1347=VECTOR('',#6437,10.);
#1348=VECTOR('',#6442,10.);
#1349=VECTOR('',#6447,10.);
#1350=VECTOR('',#6450,10.);
#1351=VECTOR('',#6455,10.);
#1352=VECTOR('',#6460,10.);
#1353=VECTOR('',#6465,10.);
#1354=VECTOR('',#6470,10.);
#1355=VECTOR('',#6471,10.);
#1356=VECTOR('',#6474,10.);
#1357=VECTOR('',#6475,10.);
#1358=VECTOR('',#6478,10.);
#1359=VECTOR('',#6479,10.);
#1360=VECTOR('',#6480,10.);
#1361=VECTOR('',#6485,10.);
#1362=VECTOR('',#6488,10.);
#1363=VECTOR('',#6493,10.);
#1364=VECTOR('',#6506,10.);
#1365=VECTOR('',#6515,10.);
#1366=VECTOR('',#6516,10.);
#1367=VECTOR('',#6521,10.);
#1368=VECTOR('',#6526,10.);
#1369=VECTOR('',#6529,10.);
#1370=VECTOR('',#6530,10.);
#1371=VECTOR('',#6537,10.);
#1372=VECTOR('',#6540,10.);
#1373=VECTOR('',#6543,10.);
#1374=VECTOR('',#6552,10.);
#1375=VECTOR('',#6555,10.);
#1376=VECTOR('',#6558,10.);
#1377=VECTOR('',#6561,10.);
#1378=VECTOR('',#6566,10.);
#1379=VECTOR('',#6571,10.);
#1380=VECTOR('',#6572,10.);
#1381=VECTOR('',#6573,10.);
#1382=VECTOR('',#6576,10.);
#1383=VECTOR('',#6581,10.);
#1384=VECTOR('',#6582,10.);
#1385=VECTOR('',#6585,10.);
#1386=VECTOR('',#6590,10.);
#1387=VECTOR('',#6591,10.);
#1388=VECTOR('',#6594,10.);
#1389=VECTOR('',#6595,10.);
#1390=VECTOR('',#6596,10.);
#1391=VECTOR('',#6599,10.);
#1392=VECTOR('',#6604,10.);
#1393=VECTOR('',#6605,10.);
#1394=VECTOR('',#6608,10.);
#1395=VECTOR('',#6613,10.);
#1396=VECTOR('',#6614,10.);
#1397=VECTOR('',#6631,10.);
#1398=VECTOR('',#6636,10.);
#1399=VECTOR('',#6637,10.);
#1400=VECTOR('',#6640,10.);
#1401=VECTOR('',#6641,10.);
#1402=VECTOR('',#6642,10.);
#1403=VECTOR('',#6645,10.);
#1404=VECTOR('',#6650,10.);
#1405=VECTOR('',#6651,10.);
#1406=VECTOR('',#6654,10.);
#1407=VECTOR('',#6659,10.);
#1408=VECTOR('',#6660,10.);
#1409=VECTOR('',#6663,10.);
#1410=VECTOR('',#6666,10.);
#1411=VECTOR('',#6669,10.);
#1412=VECTOR('',#6670,10.);
#1413=VECTOR('',#6673,10.);
#1414=VECTOR('',#6678,10.);
#1415=VECTOR('',#6679,10.);
#1416=VECTOR('',#6694,10.);
#1417=VECTOR('',#6695,10.);
#1418=VECTOR('',#6700,10.);
#1419=VECTOR('',#6703,10.);
#1420=VECTOR('',#6704,10.);
#1421=VECTOR('',#6709,10.);
#1422=VECTOR('',#6724,10.);
#1423=VECTOR('',#6737,10.);
#1424=VECTOR('',#6744,10.);
#1425=VECTOR('',#6745,10.);
#1426=VECTOR('',#6748,10.);
#1427=VECTOR('',#6749,10.);
#1428=VECTOR('',#6756,10.);
#1429=VECTOR('',#6761,10.);
#1430=VECTOR('',#6764,10.);
#1431=VECTOR('',#6765,10.);
#1432=VECTOR('',#6766,10.);
#1433=VECTOR('',#6767,10.);
#1434=VECTOR('',#6770,10.);
#1435=VECTOR('',#6785,10.);
#1436=VECTOR('',#6786,10.);
#1437=VECTOR('',#6793,10.);
#1438=VECTOR('',#6796,10.);
#1439=VECTOR('',#6799,10.);
#1440=VECTOR('',#6814,10.);
#1441=VECTOR('',#6815,10.);
#1442=VECTOR('',#6820,10.);
#1443=VECTOR('',#6823,10.);
#1444=VECTOR('',#6824,10.);
#1445=VECTOR('',#6829,10.);
#1446=VECTOR('',#6832,10.);
#1447=VECTOR('',#6833,10.);
#1448=VECTOR('',#6836,10.);
#1449=VECTOR('',#6837,10.);
#1450=VECTOR('',#6840,10.);
#1451=VECTOR('',#6843,10.);
#1452=VECTOR('',#6846,10.);
#1453=VECTOR('',#6855,10.);
#1454=VECTOR('',#6856,10.);
#1455=VECTOR('',#6859,10.);
#1456=VECTOR('',#6862,10.);
#1457=VECTOR('',#6875,10.);
#1458=VECTOR('',#6876,10.);
#1459=VECTOR('',#6877,10.);
#1460=VECTOR('',#6882,10.);
#1461=VECTOR('',#6885,10.);
#1462=VECTOR('',#6886,10.);
#1463=VECTOR('',#6891,10.);
#1464=VECTOR('',#6894,10.);
#1465=VECTOR('',#6895,10.);
#1466=VECTOR('',#6898,10.);
#1467=VECTOR('',#6899,10.);
#1468=VECTOR('',#6902,10.);
#1469=VECTOR('',#6905,10.);
#1470=VECTOR('',#6908,10.);
#1471=VECTOR('',#6911,10.);
#1472=VECTOR('',#6914,10.);
#1473=VECTOR('',#6917,10.);
#1474=VECTOR('',#6922,10.);
#1475=VECTOR('',#6927,10.);
#1476=VECTOR('',#6938,10.);
#1477=VECTOR('',#6941,10.);
#1478=VECTOR('',#6946,10.);
#1479=VECTOR('',#6949,10.);
#1480=VECTOR('',#6956,10.);
#1481=VECTOR('',#6959,10.);
#1482=VECTOR('',#6962,10.);
#1483=VECTOR('',#6969,10.);
#1484=VECTOR('',#6974,10.);
#1485=VECTOR('',#6985,10.);
#1486=VECTOR('',#6992,10.);
#1487=VECTOR('',#6993,10.);
#1488=VECTOR('',#6996,10.);
#1489=VECTOR('',#6999,10.);
#1490=VECTOR('',#7006,10.);
#1491=VECTOR('',#7009,10.);
#1492=VECTOR('',#7016,10.);
#1493=VECTOR('',#7019,10.);
#1494=VECTOR('',#7022,10.);
#1495=VECTOR('',#7029,10.);
#1496=VECTOR('',#7034,10.);
#1497=VECTOR('',#7045,10.);
#1498=VECTOR('',#7052,10.);
#1499=VECTOR('',#7053,10.);
#1500=VECTOR('',#7056,10.);
#1501=VECTOR('',#7059,10.);
#1502=VECTOR('',#7068,10.);
#1503=VECTOR('',#7071,10.);
#1504=VECTOR('',#7078,10.);
#1505=VECTOR('',#7081,10.);
#1506=VECTOR('',#7084,10.);
#1507=VECTOR('',#7089,10.);
#1508=VECTOR('',#7090,10.);
#1509=VECTOR('',#7095,10.);
#1510=VECTOR('',#7108,10.);
#1511=VECTOR('',#7113,10.);
#1512=VECTOR('',#7116,10.);
#1513=VECTOR('',#7119,10.);
#1514=VECTOR('',#7124,10.);
#1515=VECTOR('',#7131,10.);
#1516=VECTOR('',#7134,10.);
#1517=VECTOR('',#7149,10.);
#1518=VECTOR('',#7166,10.);
#1519=VECTOR('',#7171,10.);
#1520=VECTOR('',#7174,10.);
#1521=VECTOR('',#7179,1.25);
#1522=VECTOR('',#7182,1.5);
#1523=VECTOR('',#7189,1.25);
#1524=VECTOR('',#7194,1.5);
#1525=VECTOR('',#7199,1.25);
#1526=VECTOR('',#7222,1.5);
#1527=VECTOR('',#7227,1.25);
#1528=VECTOR('',#7230,10.);
#1529=VECTOR('',#7233,1.5);
#1530=VECTOR('',#7238,1.25);
#1531=VECTOR('',#7243,1.5);
#1532=CIRCLE('',#4963,0.6);
#1533=CIRCLE('',#4964,0.6);
#1534=CIRCLE('',#4967,0.6);
#1535=CIRCLE('',#4968,0.6);
#1536=CIRCLE('',#4970,1.2);
#1537=CIRCLE('',#4971,3.1);
#1538=CIRCLE('',#4972,3.1);
#1539=CIRCLE('',#4973,1.2);
#1540=CIRCLE('',#4975,1.2);
#1541=CIRCLE('',#4980,0.600000000000005);
#1542=CIRCLE('',#4981,0.600000000000005);
#1543=CIRCLE('',#4984,0.599999999999995);
#1544=CIRCLE('',#4985,0.599999999999995);
#1545=CIRCLE('',#4988,1.2);
#1546=CIRCLE('',#4990,3.1);
#1547=CIRCLE('',#4991,3.1);
#1548=CIRCLE('',#4993,2.8462097);
#1549=CIRCLE('',#4994,2.8462097);
#1550=CIRCLE('',#4996,1.375);
#1551=CIRCLE('',#4998,2.8462097);
#1552=CIRCLE('',#4999,2.8462097);
#1553=CIRCLE('',#5001,1.37500000000001);
#1554=CIRCLE('',#5003,2.8462097);
#1555=CIRCLE('',#5004,2.8462097);
#1556=CIRCLE('',#5006,1.375);
#1557=CIRCLE('',#5008,2.8462097);
#1558=CIRCLE('',#5009,2.8462097);
#1559=CIRCLE('',#5011,1.37500000000001);
#1560=CIRCLE('',#5013,1.375);
#1561=CIRCLE('',#5015,1.375);
#1562=CIRCLE('',#5017,1.375);
#1563=CIRCLE('',#5019,1.375);
#1564=CIRCLE('',#5022,3.1);
#1565=CIRCLE('',#5025,3.10000000000002);
#1566=CIRCLE('',#5028,3.10000000000002);
#1567=CIRCLE('',#5031,3.10000000000002);
#1568=CIRCLE('',#5035,3.51339021948332);
#1569=CIRCLE('',#5036,75.2979430072555);
#1570=CIRCLE('',#5037,75.2979430072555);
#1571=CIRCLE('',#5038,2.97480157405726);
#1572=CIRCLE('',#5039,25.7273220808656);
#1573=CIRCLE('',#5040,39.244951266385);
#1574=CIRCLE('',#5041,200.09796573485);
#1575=CIRCLE('',#5042,66.5086186606246);
#1576=CIRCLE('',#5043,34.0405348599264);
#1577=CIRCLE('',#5044,125.961204098112);
#1578=CIRCLE('',#5045,19.5);
#1579=CIRCLE('',#5046,6.99999999999998);
#1580=CIRCLE('',#5047,6.99999999999998);
#1581=CIRCLE('',#5048,6.99999999999998);
#1582=CIRCLE('',#5049,6.99999999999998);
#1583=CIRCLE('',#5050,19.4999999999999);
#1584=CIRCLE('',#5051,107.058463712948);
#1585=CIRCLE('',#5052,35.7257078577086);
#1586=CIRCLE('',#5053,107.058463712948);
#1587=CIRCLE('',#5054,19.5);
#1588=CIRCLE('',#5055,6.99999999999998);
#1589=CIRCLE('',#5056,6.99999999999998);
#1590=CIRCLE('',#5057,6.99999999999998);
#1591=CIRCLE('',#5058,6.99999999999996);
#1592=CIRCLE('',#5059,19.5);
#1593=CIRCLE('',#5060,125.961204098112);
#1594=CIRCLE('',#5061,34.0405348599264);
#1595=CIRCLE('',#5062,66.5086186606246);
#1596=CIRCLE('',#5063,200.097965734849);
#1597=CIRCLE('',#5064,39.244951266385);
#1598=CIRCLE('',#5065,25.7273220808656);
#1599=CIRCLE('',#5066,7.);
#1600=CIRCLE('',#5067,64.4880994588402);
#1601=CIRCLE('',#5068,7.);
#1602=CIRCLE('',#5069,50.4880994588402);
#1603=CIRCLE('',#5070,7.00000000000006);
#1604=CIRCLE('',#5071,7.00000000000004);
#1605=CIRCLE('',#5072,46.916602707704);
#1606=CIRCLE('',#5073,7.00000000000014);
#1607=CIRCLE('',#5074,32.916602707704);
#1608=CIRCLE('',#5075,7.00000000000001);
#1609=CIRCLE('',#5076,32.916602707704);
#1610=CIRCLE('',#5077,7.00000000000012);
#1611=CIRCLE('',#5078,46.916602707704);
#1612=CIRCLE('',#5079,64.4880994588402);
#1613=CIRCLE('',#5080,7.00000000000003);
#1614=CIRCLE('',#5081,50.4880994588402);
#1615=CIRCLE('',#5082,7.);
#1616=CIRCLE('',#5083,7.00000000000002);
#1617=CIRCLE('',#5085,3.11146643083664);
#1618=CIRCLE('',#5086,1.875);
#1619=CIRCLE('',#5088,2.57287778541057);
#1620=CIRCLE('',#5089,1.87500000000002);
#1621=CIRCLE('',#5091,2.57287778541057);
#1622=CIRCLE('',#5092,2.57287778541057);
#1623=CIRCLE('',#5094,1.37499999999999);
#1624=CIRCLE('',#5096,1.37499999999999);
#1625=CIRCLE('',#5098,1.875);
#1626=CIRCLE('',#5099,1.37499999999999);
#1627=CIRCLE('',#5101,4.00000000000002);
#1628=CIRCLE('',#5103,1.37499999999999);
#1629=CIRCLE('',#5105,1.87500000000002);
#1630=CIRCLE('',#5106,1.37500000000001);
#1631=CIRCLE('',#5108,4.);
#1632=CIRCLE('',#5110,1.37500000000001);
#1633=CIRCLE('',#5112,1.37500000000001);
#1634=CIRCLE('',#5114,1.37500000000001);
#1635=CIRCLE('',#5116,4.00000000000002);
#1636=CIRCLE('',#5117,3.);
#1637=CIRCLE('',#5118,4.00000000000002);
#1638=CIRCLE('',#5121,4.);
#1639=CIRCLE('',#5122,3.);
#1640=CIRCLE('',#5123,4.);
#1641=CIRCLE('',#5126,3.);
#1642=CIRCLE('',#5127,5.57287778541057);
#1643=CIRCLE('',#5128,5.57287778541057);
#1644=CIRCLE('',#5131,75.2979430072555);
#1645=CIRCLE('',#5132,75.2979430072555);
#1646=CIRCLE('',#5133,6.11146643083664);
#1647=CIRCLE('',#5134,6.11146643083664);
#1648=CIRCLE('',#5135,17.468413496264);
#1649=CIRCLE('',#5136,88.1914539213587);
#1650=CIRCLE('',#5137,29.7010127929322);
#1651=CIRCLE('',#5138,55.8197100739702);
#1652=CIRCLE('',#5139,102.982486990307);
#1653=CIRCLE('',#5140,67.7515964914252);
#1654=CIRCLE('',#5141,54.5004148278773);
#1655=CIRCLE('',#5142,54.5004148278778);
#1656=CIRCLE('',#5143,67.7515964914252);
#1657=CIRCLE('',#5144,102.9824869903);
#1658=CIRCLE('',#5145,55.8197100739701);
#1659=CIRCLE('',#5146,29.701012792932);
#1660=CIRCLE('',#5147,88.1914539213586);
#1661=CIRCLE('',#5148,166.261998012807);
#1662=CIRCLE('',#5150,3.11146643083664);
#1663=CIRCLE('',#5151,3.);
#1664=CIRCLE('',#5152,3.11146643083664);
#1665=CIRCLE('',#5156,2.00000000000001);
#1666=CIRCLE('',#5157,2.00000000000001);
#1667=CIRCLE('',#5159,1.99999999999999);
#1668=CIRCLE('',#5160,1.99999999999999);
#1669=CIRCLE('',#5162,2.00000000000001);
#1670=CIRCLE('',#5163,2.00000000000001);
#1671=CIRCLE('',#5165,1.99999999999999);
#1672=CIRCLE('',#5166,1.99999999999999);
#1673=CIRCLE('',#5168,37.5);
#1674=CIRCLE('',#5169,37.5);
#1675=CIRCLE('',#5170,37.5);
#1676=CIRCLE('',#5171,37.5);
#1677=CIRCLE('',#5172,37.5);
#1678=CIRCLE('',#5173,37.5);
#1679=CIRCLE('',#5174,37.5);
#1680=CIRCLE('',#5175,37.5);
#1681=CIRCLE('',#5178,78.6599216142762);
#1682=CIRCLE('',#5179,78.6599216142762);
#1683=CIRCLE('',#5181,78.6599216142759);
#1684=CIRCLE('',#5182,237.826554791214);
#1685=CIRCLE('',#5183,66.2214173840742);
#1686=CIRCLE('',#5184,211.002050872583);
#1687=CIRCLE('',#5185,42.4461105969292);
#1688=CIRCLE('',#5186,25.7273220808656);
#1689=CIRCLE('',#5187,166.261998012807);
#1690=CIRCLE('',#5188,67.7515964914252);
#1691=CIRCLE('',#5189,106.983433985026);
#1692=CIRCLE('',#5190,106.983433985021);
#1693=CIRCLE('',#5191,67.7515964914252);
#1694=CIRCLE('',#5192,17.468413496264);
#1695=CIRCLE('',#5193,25.7273220808656);
#1696=CIRCLE('',#5194,42.4461105969291);
#1697=CIRCLE('',#5195,211.002050872583);
#1698=CIRCLE('',#5196,66.2214173840742);
#1699=CIRCLE('',#5197,237.826554791211);
#1700=CIRCLE('',#5198,20.2543586396526);
#1701=CIRCLE('',#5199,6.75747870595297);
#1702=CIRCLE('',#5200,74.3259485763055);
#1703=CIRCLE('',#5201,9.46237969812621);
#1704=CIRCLE('',#5202,81.1231030123244);
#1705=CIRCLE('',#5203,4.25904416692626);
#1706=CIRCLE('',#5204,82.2247048958954);
#1707=CIRCLE('',#5205,82.2247048958951);
#1708=CIRCLE('',#5206,4.25904416692624);
#1709=CIRCLE('',#5207,20.2543586396524);
#1710=CIRCLE('',#5208,81.1231030123247);
#1711=CIRCLE('',#5209,9.46237969812618);
#1712=CIRCLE('',#5210,74.3259485763066);
#1713=CIRCLE('',#5211,6.75747870595296);
#1714=CIRCLE('',#5213,78.6599216142759);
#1715=CIRCLE('',#5215,228.186010377797);
#1716=CIRCLE('',#5216,66.2214173840742);
#1717=CIRCLE('',#5217,237.826554791214);
#1718=CIRCLE('',#5219,228.186010377797);
#1719=CIRCLE('',#5221,17.5280972077128);
#1720=CIRCLE('',#5222,72.6254980278127);
#1721=CIRCLE('',#5223,66.5086186606246);
#1722=CIRCLE('',#5224,200.09796573485);
#1723=CIRCLE('',#5225,39.244951266385);
#1724=CIRCLE('',#5226,42.4461105969292);
#1725=CIRCLE('',#5227,211.002050872583);
#1726=CIRCLE('',#5228,66.2214173840742);
#1727=CIRCLE('',#5230,33.7257078577086);
#1728=CIRCLE('',#5232,107.058463712948);
#1729=CIRCLE('',#5234,5.00000000000004);
#1730=CIRCLE('',#5236,44.916602707704);
#1731=CIRCLE('',#5238,5.00000000000013);
#1732=CIRCLE('',#5240,34.916602707704);
#1733=CIRCLE('',#5242,44.916602707704);
#1734=CIRCLE('',#5244,5.00000000000004);
#1735=CIRCLE('',#5246,7.00000000000004);
#1736=CIRCLE('',#5248,32.916602707704);
#1737=CIRCLE('',#5249,34.916602707704);
#1738=CIRCLE('',#5251,7.00000000000014);
#1739=CIRCLE('',#5252,5.00000000000013);
#1740=CIRCLE('',#5254,46.916602707704);
#1741=CIRCLE('',#5258,5.00000000000004);
#1742=CIRCLE('',#5260,34.916602707704);
#1743=CIRCLE('',#5262,5.00000000000013);
#1744=CIRCLE('',#5264,44.916602707704);
#1745=CIRCLE('',#5266,34.916602707704);
#1746=CIRCLE('',#5268,5.00000000000004);
#1747=CIRCLE('',#5270,7.00000000000001);
#1748=CIRCLE('',#5272,46.916602707704);
#1749=CIRCLE('',#5273,44.916602707704);
#1750=CIRCLE('',#5275,7.00000000000012);
#1751=CIRCLE('',#5276,5.00000000000013);
#1752=CIRCLE('',#5278,32.916602707704);
#1753=CIRCLE('',#5286,88.1914539213586);
#1754=CIRCLE('',#5288,29.701012792932);
#1755=CIRCLE('',#5290,55.8197100739701);
#1756=CIRCLE('',#5292,102.9824869903);
#1757=CIRCLE('',#5294,67.7515964914252);
#1758=CIRCLE('',#5295,67.7515964914252);
#1759=CIRCLE('',#5297,54.5004148278778);
#1760=CIRCLE('',#5299,54.5004148278773);
#1761=CIRCLE('',#5301,67.7515964914252);
#1762=CIRCLE('',#5302,67.7515964914252);
#1763=CIRCLE('',#5304,102.982486990307);
#1764=CIRCLE('',#5306,55.8197100739702);
#1765=CIRCLE('',#5308,29.7010127929322);
#1766=CIRCLE('',#5314,67.7515964914252);
#1767=CIRCLE('',#5316,67.7515964914252);
#1768=CIRCLE('',#5319,88.1914539213587);
#1769=CIRCLE('',#5322,106.983433985026);
#1770=CIRCLE('',#5324,106.983433985021);
#1771=CIRCLE('',#5326,82.2247048958954);
#1772=CIRCLE('',#5328,82.2247048958951);
#1773=CIRCLE('',#5330,4.25904416692624);
#1774=CIRCLE('',#5333,4.25904416692626);
#1775=CIRCLE('',#5335,74.3259485763066);
#1776=CIRCLE('',#5337,9.46237969812618);
#1777=CIRCLE('',#5340,6.75747870595296);
#1778=CIRCLE('',#5342,9.46237969812621);
#1779=CIRCLE('',#5344,74.3259485763055);
#1780=CIRCLE('',#5346,6.75747870595297);
#1781=CIRCLE('',#5349,5.99999999999998);
#1782=CIRCLE('',#5352,5.99999999999998);
#1783=CIRCLE('',#5356,5.99999999999998);
#1784=CIRCLE('',#5359,5.99999999999998);
#1785=CIRCLE('',#5362,1.86602540378445);
#1786=CIRCLE('',#5363,1.86602540378445);
#1787=CIRCLE('',#5364,1.);
#1788=CIRCLE('',#5365,2.73205080756887);
#1789=CIRCLE('',#5366,1.);
#1790=CIRCLE('',#5367,1.);
#1791=CIRCLE('',#5373,5.99999999999998);
#1792=CIRCLE('',#5376,5.99999999999998);
#1793=CIRCLE('',#5379,5.99999999999998);
#1794=CIRCLE('',#5382,5.99999999999998);
#1795=CIRCLE('',#5385,1.86602540378444);
#1796=CIRCLE('',#5386,1.);
#1797=CIRCLE('',#5387,2.73205080756887);
#1798=CIRCLE('',#5388,1.);
#1799=CIRCLE('',#5389,1.);
#1800=CIRCLE('',#5395,19.4999999999999);
#1801=CIRCLE('',#5396,16.4999999999999);
#1802=CIRCLE('',#5398,36.7257078577086);
#1803=CIRCLE('',#5400,104.058463712948);
#1804=CIRCLE('',#5402,16.5);
#1805=CIRCLE('',#5403,19.5);
#1806=CIRCLE('',#5405,104.058463712948);
#1807=CIRCLE('',#5406,107.058463712948);
#1808=CIRCLE('',#5411,19.5);
#1809=CIRCLE('',#5413,125.961204098112);
#1810=CIRCLE('',#5415,19.5);
#1811=CIRCLE('',#5417,16.5);
#1812=CIRCLE('',#5420,16.5);
#1813=CIRCLE('',#5422,122.961204098112);
#1814=CIRCLE('',#5424,125.961204098112);
#1815=CIRCLE('',#5425,122.961204098112);
#1816=CIRCLE('',#5428,1.);
#1817=CIRCLE('',#5430,5.99999999999998);
#1818=CIRCLE('',#5431,5.99999999999998);
#1819=CIRCLE('',#5432,2.73205080756888);
#1820=CIRCLE('',#5433,1.);
#1821=CIRCLE('',#5434,1.86602540378445);
#1822=CIRCLE('',#5435,1.86602540378445);
#1823=CIRCLE('',#5437,1.);
#1824=CIRCLE('',#5440,5.99999999999998);
#1825=CIRCLE('',#5443,5.99999999999998);
#1826=CIRCLE('',#5451,1.);
#1827=CIRCLE('',#5453,5.99999999999998);
#1828=CIRCLE('',#5454,5.99999999999998);
#1829=CIRCLE('',#5455,2.73205080756888);
#1830=CIRCLE('',#5456,1.86602540378445);
#1831=CIRCLE('',#5457,1.);
#1832=CIRCLE('',#5459,1.);
#1833=CIRCLE('',#5462,5.99999999999998);
#1834=CIRCLE('',#5465,5.99999999999998);
#1835=CIRCLE('',#5475,81.1231030123244);
#1836=CIRCLE('',#5477,20.2543586396524);
#1837=CIRCLE('',#5479,237.826554791211);
#1838=CIRCLE('',#5480,66.2214173840742);
#1839=CIRCLE('',#5481,228.186010377799);
#1840=CIRCLE('',#5485,52.4880994588402);
#1841=CIRCLE('',#5486,52.4880994588402);
#1842=CIRCLE('',#5488,4.99999999999999);
#1843=CIRCLE('',#5489,4.99999999999999);
#1844=CIRCLE('',#5491,7.00000000000003);
#1845=CIRCLE('',#5492,5.00000000000002);
#1846=CIRCLE('',#5494,50.4880994588402);
#1847=CIRCLE('',#5496,7.);
#1848=CIRCLE('',#5498,64.4880994588402);
#1849=CIRCLE('',#5499,62.4880994588402);
#1850=CIRCLE('',#5501,62.4880994588402);
#1851=CIRCLE('',#5503,5.00000000000002);
#1852=CIRCLE('',#5509,52.4880994588402);
#1853=CIRCLE('',#5510,52.4880994588402);
#1854=CIRCLE('',#5512,5.00000000000002);
#1855=CIRCLE('',#5513,5.00000000000002);
#1856=CIRCLE('',#5515,7.);
#1857=CIRCLE('',#5516,4.99999999999999);
#1858=CIRCLE('',#5518,50.4880994588402);
#1859=CIRCLE('',#5520,7.00000000000006);
#1860=CIRCLE('',#5522,64.4880994588402);
#1861=CIRCLE('',#5523,62.4880994588402);
#1862=CIRCLE('',#5525,62.4880994588402);
#1863=CIRCLE('',#5527,4.99999999999999);
#1864=CIRCLE('',#5533,61.3151578926947);
#1865=CIRCLE('',#5536,39.244951266385);
#1866=CIRCLE('',#5538,200.097965734849);
#1867=CIRCLE('',#5540,66.5086186606246);
#1868=CIRCLE('',#5541,66.5086186606246);
#1869=CIRCLE('',#5544,72.6254980278128);
#1870=CIRCLE('',#5545,72.6254980278128);
#1871=CIRCLE('',#5547,17.5280972077128);
#1872=CIRCLE('',#5548,17.5280972077128);
#1873=CIRCLE('',#5550,17.5280972077128);
#1874=CIRCLE('',#5552,72.6254980278127);
#1875=CIRCLE('',#5554,211.002050872583);
#1876=CIRCLE('',#5556,66.2214173840742);
#1877=CIRCLE('',#5558,228.186010377799);
#1878=CIRCLE('',#5562,61.3151578926947);
#1879=CIRCLE('',#5564,34.0405348599264);
#1880=CIRCLE('',#5565,66.5086186606245);
#1881=CIRCLE('',#5566,66.5086186606245);
#1882=CIRCLE('',#5567,34.0405348599264);
#1883=CIRCLE('',#5568,20.2543586396526);
#1884=CIRCLE('',#5569,81.1231030123247);
#1885=CIRCLE('',#5570,1.25);
#1886=CIRCLE('',#5571,1.25);
#1887=CIRCLE('',#5572,1.25);
#1888=CIRCLE('',#5573,1.25);
#1889=CIRCLE('',#5574,1.25);
#1890=CIRCLE('',#5576,66.5086186606246);
#1891=CIRCLE('',#5580,1.25);
#1892=CIRCLE('',#5582,1.75000000000001);
#1893=CIRCLE('',#5584,1.25);
#1894=CIRCLE('',#5586,1.75000000000001);
#1895=CIRCLE('',#5588,1.25);
#1896=CIRCLE('',#5590,66.5086186606245);
#1897=CIRCLE('',#5591,1.75000000000001);
#1898=CIRCLE('',#5592,1.75000000000001);
#1899=CIRCLE('',#5593,66.5086186606245);
#1900=CIRCLE('',#5594,66.5086186606245);
#1901=CIRCLE('',#5595,1.75000000000001);
#1902=CIRCLE('',#5596,1.75000000000001);
#1903=CIRCLE('',#5597,66.5086186606245);
#1904=CIRCLE('',#5598,1.75000000000001);
#1905=CIRCLE('',#5601,1.25);
#1906=CIRCLE('',#5605,1.25);
#1907=CIRCLE('',#5610,42.4461105969291);
#1908=VERTEX_POINT('',#7267);
#1909=VERTEX_POINT('',#7268);
#1910=VERTEX_POINT('',#7270);
#1911=VERTEX_POINT('',#7272);
#1912=VERTEX_POINT('',#7276);
#1913=VERTEX_POINT('',#7278);
#1914=VERTEX_POINT('',#7282);
#1915=VERTEX_POINT('',#7284);
#1916=VERTEX_POINT('',#7288);
#1917=VERTEX_POINT('',#7290);
#1918=VERTEX_POINT('',#7292);
#1919=VERTEX_POINT('',#7294);
#1920=VERTEX_POINT('',#7296);
#1921=VERTEX_POINT('',#7298);
#1922=VERTEX_POINT('',#7300);
#1923=VERTEX_POINT('',#7302);
#1924=VERTEX_POINT('',#7304);
#1925=VERTEX_POINT('',#7306);
#1926=VERTEX_POINT('',#7310);
#1927=VERTEX_POINT('',#7312);
#1928=VERTEX_POINT('',#7316);
#1929=VERTEX_POINT('',#7320);
#1930=VERTEX_POINT('',#7322);
#1931=VERTEX_POINT('',#7326);
#1932=VERTEX_POINT('',#7328);
#1933=VERTEX_POINT('',#7332);
#1934=VERTEX_POINT('',#7334);
#1935=VERTEX_POINT('',#7338);
#1936=VERTEX_POINT('',#7340);
#1937=VERTEX_POINT('',#7344);
#1938=VERTEX_POINT('',#7346);
#1939=VERTEX_POINT('',#7353);
#1940=VERTEX_POINT('',#7357);
#1941=VERTEX_POINT('',#7359);
#1942=VERTEX_POINT('',#7361);
#1943=VERTEX_POINT('',#7363);
#1944=VERTEX_POINT('',#7367);
#1945=VERTEX_POINT('',#7369);
#1946=VERTEX_POINT('',#7373);
#1947=VERTEX_POINT('',#7376);
#1948=VERTEX_POINT('',#7378);
#1949=VERTEX_POINT('',#7382);
#1950=VERTEX_POINT('',#7385);
#1951=VERTEX_POINT('',#7387);
#1952=VERTEX_POINT('',#7391);
#1953=VERTEX_POINT('',#7394);
#1954=VERTEX_POINT('',#7396);
#1955=VERTEX_POINT('',#7400);
#1956=VERTEX_POINT('',#7403);
#1957=VERTEX_POINT('',#7407);
#1958=VERTEX_POINT('',#7411);
#1959=VERTEX_POINT('',#7415);
#1960=VERTEX_POINT('',#7419);
#1961=VERTEX_POINT('',#7421);
#1962=VERTEX_POINT('',#7425);
#1963=VERTEX_POINT('',#7429);
#1964=VERTEX_POINT('',#7433);
#1965=VERTEX_POINT('',#7437);
#1966=VERTEX_POINT('',#7441);
#1967=VERTEX_POINT('',#7445);
#1968=VERTEX_POINT('',#7453);
#1969=VERTEX_POINT('',#7454);
#1970=VERTEX_POINT('',#7456);
#1971=VERTEX_POINT('',#7458);
#1972=VERTEX_POINT('',#7460);
#1973=VERTEX_POINT('',#7462);
#1974=VERTEX_POINT('',#7464);
#1975=VERTEX_POINT('',#7466);
#1976=VERTEX_POINT('',#7468);
#1977=VERTEX_POINT('',#7470);
#1978=VERTEX_POINT('',#7472);
#1979=VERTEX_POINT('',#7474);
#1980=VERTEX_POINT('',#7476);
#1981=VERTEX_POINT('',#7478);
#1982=VERTEX_POINT('',#7480);
#1983=VERTEX_POINT('',#7482);
#1984=VERTEX_POINT('',#7484);
#1985=VERTEX_POINT('',#7486);
#1986=VERTEX_POINT('',#7488);
#1987=VERTEX_POINT('',#7490);
#1988=VERTEX_POINT('',#7492);
#1989=VERTEX_POINT('',#7494);
#1990=VERTEX_POINT('',#7496);
#1991=VERTEX_POINT('',#7498);
#1992=VERTEX_POINT('',#7500);
#1993=VERTEX_POINT('',#7502);
#1994=VERTEX_POINT('',#7504);
#1995=VERTEX_POINT('',#7506);
#1996=VERTEX_POINT('',#7508);
#1997=VERTEX_POINT('',#7510);
#1998=VERTEX_POINT('',#7512);
#1999=VERTEX_POINT('',#7514);
#2000=VERTEX_POINT('',#7516);
#2001=VERTEX_POINT('',#7518);
#2002=VERTEX_POINT('',#7520);
#2003=VERTEX_POINT('',#7522);
#2004=VERTEX_POINT('',#7524);
#2005=VERTEX_POINT('',#7526);
#2006=VERTEX_POINT('',#7528);
#2007=VERTEX_POINT('',#7530);
#2008=VERTEX_POINT('',#7532);
#2009=VERTEX_POINT('',#7534);
#2010=VERTEX_POINT('',#7536);
#2011=VERTEX_POINT('',#7538);
#2012=VERTEX_POINT('',#7540);
#2013=VERTEX_POINT('',#7542);
#2014=VERTEX_POINT('',#7544);
#2015=VERTEX_POINT('',#7546);
#2016=VERTEX_POINT('',#7548);
#2017=VERTEX_POINT('',#7550);
#2018=VERTEX_POINT('',#7552);
#2019=VERTEX_POINT('',#7554);
#2020=VERTEX_POINT('',#7556);
#2021=VERTEX_POINT('',#7559);
#2022=VERTEX_POINT('',#7561);
#2023=VERTEX_POINT('',#7562);
#2024=VERTEX_POINT('',#7564);
#2025=VERTEX_POINT('',#7566);
#2026=VERTEX_POINT('',#7569);
#2027=VERTEX_POINT('',#7570);
#2028=VERTEX_POINT('',#7572);
#2029=VERTEX_POINT('',#7574);
#2030=VERTEX_POINT('',#7577);
#2031=VERTEX_POINT('',#7578);
#2032=VERTEX_POINT('',#7580);
#2033=VERTEX_POINT('',#7582);
#2034=VERTEX_POINT('',#7585);
#2035=VERTEX_POINT('',#7586);
#2036=VERTEX_POINT('',#7588);
#2037=VERTEX_POINT('',#7590);
#2038=VERTEX_POINT('',#7593);
#2039=VERTEX_POINT('',#7596);
#2040=VERTEX_POINT('',#7598);
#2041=VERTEX_POINT('',#7601);
#2042=VERTEX_POINT('',#7603);
#2043=VERTEX_POINT('',#7606);
#2044=VERTEX_POINT('',#7608);
#2045=VERTEX_POINT('',#7612);
#2046=VERTEX_POINT('',#7616);
#2047=VERTEX_POINT('',#7620);
#2048=VERTEX_POINT('',#7622);
#2049=VERTEX_POINT('',#7626);
#2050=VERTEX_POINT('',#7629);
#2051=VERTEX_POINT('',#7633);
#2052=VERTEX_POINT('',#7635);
#2053=VERTEX_POINT('',#7639);
#2054=VERTEX_POINT('',#7642);
#2055=VERTEX_POINT('',#7646);
#2056=VERTEX_POINT('',#7650);
#2057=VERTEX_POINT('',#7654);
#2058=VERTEX_POINT('',#7655);
#2059=VERTEX_POINT('',#7662);
#2060=VERTEX_POINT('',#7663);
#2061=VERTEX_POINT('',#7670);
#2062=VERTEX_POINT('',#7672);
#2063=VERTEX_POINT('',#7682);
#2064=VERTEX_POINT('',#7693);
#2065=VERTEX_POINT('',#7697);
#2066=VERTEX_POINT('',#7699);
#2067=VERTEX_POINT('',#7701);
#2068=VERTEX_POINT('',#7703);
#2069=VERTEX_POINT('',#7705);
#2070=VERTEX_POINT('',#7707);
#2071=VERTEX_POINT('',#7709);
#2072=VERTEX_POINT('',#7711);
#2073=VERTEX_POINT('',#7713);
#2074=VERTEX_POINT('',#7715);
#2075=VERTEX_POINT('',#7717);
#2076=VERTEX_POINT('',#7719);
#2077=VERTEX_POINT('',#7721);
#2078=VERTEX_POINT('',#7723);
#2079=VERTEX_POINT('',#7725);
#2080=VERTEX_POINT('',#7727);
#2081=VERTEX_POINT('',#7729);
#2082=VERTEX_POINT('',#7731);
#2083=VERTEX_POINT('',#7733);
#2084=VERTEX_POINT('',#7735);
#2085=VERTEX_POINT('',#7739);
#2086=VERTEX_POINT('',#7740);
#2087=VERTEX_POINT('',#7765);
#2088=VERTEX_POINT('',#7767);
#2089=VERTEX_POINT('',#7771);
#2090=VERTEX_POINT('',#7773);
#2091=VERTEX_POINT('',#7777);
#2092=VERTEX_POINT('',#7779);
#2093=VERTEX_POINT('',#7783);
#2094=VERTEX_POINT('',#7785);
#2095=VERTEX_POINT('',#7789);
#2096=VERTEX_POINT('',#7790);
#2097=VERTEX_POINT('',#7792);
#2098=VERTEX_POINT('',#7794);
#2099=VERTEX_POINT('',#7797);
#2100=VERTEX_POINT('',#7799);
#2101=VERTEX_POINT('',#7801);
#2102=VERTEX_POINT('',#7803);
#2103=VERTEX_POINT('',#7805);
#2104=VERTEX_POINT('',#7807);
#2105=VERTEX_POINT('',#7809);
#2106=VERTEX_POINT('',#7811);
#2107=VERTEX_POINT('',#7813);
#2108=VERTEX_POINT('',#7815);
#2109=VERTEX_POINT('',#7820);
#2110=VERTEX_POINT('',#7822);
#2111=VERTEX_POINT('',#7826);
#2112=VERTEX_POINT('',#7828);
#2113=VERTEX_POINT('',#7830);
#2114=VERTEX_POINT('',#7832);
#2115=VERTEX_POINT('',#7834);
#2116=VERTEX_POINT('',#7836);
#2117=VERTEX_POINT('',#7838);
#2118=VERTEX_POINT('',#7840);
#2119=VERTEX_POINT('',#7842);
#2120=VERTEX_POINT('',#7844);
#2121=VERTEX_POINT('',#7846);
#2122=VERTEX_POINT('',#7848);
#2123=VERTEX_POINT('',#7850);
#2124=VERTEX_POINT('',#7852);
#2125=VERTEX_POINT('',#7854);
#2126=VERTEX_POINT('',#7856);
#2127=VERTEX_POINT('',#7859);
#2128=VERTEX_POINT('',#7860);
#2129=VERTEX_POINT('',#7862);
#2130=VERTEX_POINT('',#7864);
#2131=VERTEX_POINT('',#7866);
#2132=VERTEX_POINT('',#7869);
#2133=VERTEX_POINT('',#7870);
#2134=VERTEX_POINT('',#7872);
#2135=VERTEX_POINT('',#7874);
#2136=VERTEX_POINT('',#7876);
#2137=VERTEX_POINT('',#7879);
#2138=VERTEX_POINT('',#7880);
#2139=VERTEX_POINT('',#7882);
#2140=VERTEX_POINT('',#7884);
#2141=VERTEX_POINT('',#7886);
#2142=VERTEX_POINT('',#7890);
#2143=VERTEX_POINT('',#7894);
#2144=VERTEX_POINT('',#7896);
#2145=VERTEX_POINT('',#7900);
#2146=VERTEX_POINT('',#7904);
#2147=VERTEX_POINT('',#7906);
#2148=VERTEX_POINT('',#7908);
#2149=VERTEX_POINT('',#7910);
#2150=VERTEX_POINT('',#7912);
#2151=VERTEX_POINT('',#7914);
#2152=VERTEX_POINT('',#7916);
#2153=VERTEX_POINT('',#7920);
#2154=VERTEX_POINT('',#7933);
#2155=VERTEX_POINT('',#7948);
#2156=VERTEX_POINT('',#7952);
#2157=VERTEX_POINT('',#7954);
#2158=VERTEX_POINT('',#7958);
#2159=VERTEX_POINT('',#7962);
#2160=VERTEX_POINT('',#7968);
#2161=VERTEX_POINT('',#7970);
#2162=VERTEX_POINT('',#7974);
#2163=VERTEX_POINT('',#7978);
#2164=VERTEX_POINT('',#7980);
#2165=VERTEX_POINT('',#7984);
#2166=VERTEX_POINT('',#7985);
#2167=VERTEX_POINT('',#7990);
#2168=VERTEX_POINT('',#8000);
#2169=VERTEX_POINT('',#8002);
#2170=VERTEX_POINT('',#8006);
#2171=VERTEX_POINT('',#8010);
#2172=VERTEX_POINT('',#8016);
#2173=VERTEX_POINT('',#8018);
#2174=VERTEX_POINT('',#8022);
#2175=VERTEX_POINT('',#8026);
#2176=VERTEX_POINT('',#8028);
#2177=VERTEX_POINT('',#8032);
#2178=VERTEX_POINT('',#8033);
#2179=VERTEX_POINT('',#8038);
#2180=VERTEX_POINT('',#8055);
#2181=VERTEX_POINT('',#8057);
#2182=VERTEX_POINT('',#8062);
#2183=VERTEX_POINT('',#8066);
#2184=VERTEX_POINT('',#8070);
#2185=VERTEX_POINT('',#8074);
#2186=VERTEX_POINT('',#8076);
#2187=VERTEX_POINT('',#8078);
#2188=VERTEX_POINT('',#8082);
#2189=VERTEX_POINT('',#8086);
#2190=VERTEX_POINT('',#8090);
#2191=VERTEX_POINT('',#8092);
#2192=VERTEX_POINT('',#8094);
#2193=VERTEX_POINT('',#8098);
#2194=VERTEX_POINT('',#8102);
#2195=VERTEX_POINT('',#8106);
#2196=VERTEX_POINT('',#8113);
#2197=VERTEX_POINT('',#8123);
#2198=VERTEX_POINT('',#8134);
#2199=VERTEX_POINT('',#8140);
#2200=VERTEX_POINT('',#8141);
#2201=VERTEX_POINT('',#8146);
#2202=VERTEX_POINT('',#8150);
#2203=VERTEX_POINT('',#8154);
#2204=VERTEX_POINT('',#8160);
#2205=VERTEX_POINT('',#8162);
#2206=VERTEX_POINT('',#8166);
#2207=VERTEX_POINT('',#8171);
#2208=VERTEX_POINT('',#8175);
#2209=VERTEX_POINT('',#8177);
#2210=VERTEX_POINT('',#8181);
#2211=VERTEX_POINT('',#8185);
#2212=VERTEX_POINT('',#8189);
#2213=VERTEX_POINT('',#8191);
#2214=VERTEX_POINT('',#8195);
#2215=VERTEX_POINT('',#8199);
#2216=VERTEX_POINT('',#8203);
#2217=VERTEX_POINT('',#8207);
#2218=VERTEX_POINT('',#8211);
#2219=VERTEX_POINT('',#8213);
#2220=VERTEX_POINT('',#8217);
#2221=VERTEX_POINT('',#8221);
#2222=VERTEX_POINT('',#8225);
#2223=VERTEX_POINT('',#8229);
#2224=VERTEX_POINT('',#8233);
#2225=VERTEX_POINT('',#8234);
#2226=VERTEX_POINT('',#8237);
#2227=VERTEX_POINT('',#8267);
#2228=VERTEX_POINT('',#8274);
#2229=VERTEX_POINT('',#8278);
#2230=VERTEX_POINT('',#8280);
#2231=VERTEX_POINT('',#8284);
#2232=VERTEX_POINT('',#8288);
#2233=VERTEX_POINT('',#8292);
#2234=VERTEX_POINT('',#8296);
#2235=VERTEX_POINT('',#8300);
#2236=VERTEX_POINT('',#8302);
#2237=VERTEX_POINT('',#8306);
#2238=VERTEX_POINT('',#8310);
#2239=VERTEX_POINT('',#8314);
#2240=VERTEX_POINT('',#8318);
#2241=VERTEX_POINT('',#8320);
#2242=VERTEX_POINT('',#8350);
#2243=VERTEX_POINT('',#8354);
#2244=VERTEX_POINT('',#8361);
#2245=VERTEX_POINT('',#8365);
#2246=VERTEX_POINT('',#8367);
#2247=VERTEX_POINT('',#8369);
#2248=VERTEX_POINT('',#8376);
#2249=VERTEX_POINT('',#8377);
#2250=VERTEX_POINT('',#8388);
#2251=VERTEX_POINT('',#8395);
#2252=VERTEX_POINT('',#8407);
#2253=VERTEX_POINT('',#8408);
#2254=VERTEX_POINT('',#8413);
#2255=VERTEX_POINT('',#8415);
#2256=VERTEX_POINT('',#8419);
#2257=VERTEX_POINT('',#8423);
#2258=VERTEX_POINT('',#8424);
#2259=VERTEX_POINT('',#8432);
#2260=VERTEX_POINT('',#8434);
#2261=VERTEX_POINT('',#8439);
#2262=VERTEX_POINT('',#8441);
#2263=VERTEX_POINT('',#8448);
#2264=VERTEX_POINT('',#8457);
#2265=VERTEX_POINT('',#8459);
#2266=VERTEX_POINT('',#8466);
#2267=VERTEX_POINT('',#8470);
#2268=VERTEX_POINT('',#8473);
#2269=VERTEX_POINT('',#8475);
#2270=VERTEX_POINT('',#8477);
#2271=VERTEX_POINT('',#8479);
#2272=VERTEX_POINT('',#8482);
#2273=VERTEX_POINT('',#8511);
#2274=VERTEX_POINT('',#8513);
#2275=VERTEX_POINT('',#8519);
#2276=VERTEX_POINT('',#8523);
#2277=VERTEX_POINT('',#8527);
#2278=VERTEX_POINT('',#8531);
#2279=VERTEX_POINT('',#8535);
#2280=VERTEX_POINT('',#8549);
#2281=VERTEX_POINT('',#8552);
#2282=VERTEX_POINT('',#8553);
#2283=VERTEX_POINT('',#8555);
#2284=VERTEX_POINT('',#8557);
#2285=VERTEX_POINT('',#8559);
#2286=VERTEX_POINT('',#8561);
#2287=VERTEX_POINT('',#8564);
#2288=VERTEX_POINT('',#8593);
#2289=VERTEX_POINT('',#8599);
#2290=VERTEX_POINT('',#8600);
#2291=VERTEX_POINT('',#8605);
#2292=VERTEX_POINT('',#8609);
#2293=VERTEX_POINT('',#8613);
#2294=VERTEX_POINT('',#8617);
#2295=VERTEX_POINT('',#8636);
#2296=VERTEX_POINT('',#8640);
#2297=VERTEX_POINT('',#8644);
#2298=VERTEX_POINT('',#8646);
#2299=VERTEX_POINT('',#8654);
#2300=VERTEX_POINT('',#8655);
#2301=VERTEX_POINT('',#8657);
#2302=VERTEX_POINT('',#8659);
#2303=VERTEX_POINT('',#8663);
#2304=VERTEX_POINT('',#8665);
#2305=VERTEX_POINT('',#8669);
#2306=VERTEX_POINT('',#8670);
#2307=VERTEX_POINT('',#8672);
#2308=VERTEX_POINT('',#8677);
#2309=VERTEX_POINT('',#8681);
#2310=VERTEX_POINT('',#8688);
#2311=VERTEX_POINT('',#8702);
#2312=VERTEX_POINT('',#8703);
#2313=VERTEX_POINT('',#8705);
#2314=VERTEX_POINT('',#8707);
#2315=VERTEX_POINT('',#8711);
#2316=VERTEX_POINT('',#8713);
#2317=VERTEX_POINT('',#8717);
#2318=VERTEX_POINT('',#8718);
#2319=VERTEX_POINT('',#8720);
#2320=VERTEX_POINT('',#8725);
#2321=VERTEX_POINT('',#8729);
#2322=VERTEX_POINT('',#8736);
#2323=VERTEX_POINT('',#8750);
#2324=VERTEX_POINT('',#8761);
#2325=VERTEX_POINT('',#8765);
#2326=VERTEX_POINT('',#8769);
#2327=VERTEX_POINT('',#8771);
#2328=VERTEX_POINT('',#8773);
#2329=VERTEX_POINT('',#8780);
#2330=VERTEX_POINT('',#8782);
#2331=VERTEX_POINT('',#8789);
#2332=VERTEX_POINT('',#8793);
#2333=VERTEX_POINT('',#8797);
#2334=VERTEX_POINT('',#8799);
#2335=VERTEX_POINT('',#8803);
#2336=VERTEX_POINT('',#8813);
#2337=VERTEX_POINT('',#8822);
#2338=VERTEX_POINT('',#8824);
#2339=VERTEX_POINT('',#8826);
#2340=VERTEX_POINT('',#8832);
#2341=VERTEX_POINT('',#8834);
#2342=VERTEX_POINT('',#8836);
#2343=VERTEX_POINT('',#8838);
#2344=VERTEX_POINT('',#8840);
#2345=VERTEX_POINT('',#8843);
#2346=VERTEX_POINT('',#8851);
#2347=VERTEX_POINT('',#8855);
#2348=VERTEX_POINT('',#8859);
#2349=VERTEX_POINT('',#8863);
#2350=VERTEX_POINT('',#8867);
#2351=VERTEX_POINT('',#8871);
#2352=VERTEX_POINT('',#8873);
#2353=VERTEX_POINT('',#8875);
#2354=VERTEX_POINT('',#8877);
#2355=VERTEX_POINT('',#8879);
#2356=VERTEX_POINT('',#8881);
#2357=VERTEX_POINT('',#8883);
#2358=VERTEX_POINT('',#8886);
#2359=VERTEX_POINT('',#8891);
#2360=VERTEX_POINT('',#8911);
#2361=EDGE_CURVE('',#1908,#1909,#1532,.T.);
#2362=EDGE_CURVE('',#1908,#1910,#872,.T.);
#2363=EDGE_CURVE('',#1911,#1910,#1533,.T.);
#2364=EDGE_CURVE('',#1909,#1911,#873,.T.);
#2365=EDGE_CURVE('',#1909,#1912,#874,.T.);
#2366=EDGE_CURVE('',#1913,#1911,#875,.T.);
#2367=EDGE_CURVE('',#1912,#1913,#876,.T.);
#2368=EDGE_CURVE('',#1912,#1914,#1534,.T.);
#2369=EDGE_CURVE('',#1915,#1913,#1535,.T.);
#2370=EDGE_CURVE('',#1914,#1915,#877,.T.);
#2371=EDGE_CURVE('',#1910,#1916,#878,.T.);
#2372=EDGE_CURVE('',#1917,#1916,#879,.T.);
#2373=EDGE_CURVE('',#1918,#1917,#1536,.T.);
#2374=EDGE_CURVE('',#1918,#1919,#880,.T.);
#2375=EDGE_CURVE('',#1919,#1920,#1537,.T.);
#2376=EDGE_CURVE('',#1920,#1921,#881,.T.);
#2377=EDGE_CURVE('',#1921,#1922,#1538,.T.);
#2378=EDGE_CURVE('',#1922,#1923,#882,.T.);
#2379=EDGE_CURVE('',#1924,#1923,#1539,.T.);
#2380=EDGE_CURVE('',#1925,#1924,#883,.T.);
#2381=EDGE_CURVE('',#1925,#1915,#884,.T.);
#2382=EDGE_CURVE('',#1917,#1926,#885,.T.);
#2383=EDGE_CURVE('',#1927,#1926,#1540,.T.);
#2384=EDGE_CURVE('',#1918,#1927,#886,.T.);
#2385=EDGE_CURVE('',#1916,#1928,#887,.T.);
#2386=EDGE_CURVE('',#1926,#1928,#888,.T.);
#2387=EDGE_CURVE('',#1924,#1929,#889,.T.);
#2388=EDGE_CURVE('',#1930,#1929,#890,.T.);
#2389=EDGE_CURVE('',#1925,#1930,#891,.T.);
#2390=EDGE_CURVE('',#1914,#1931,#892,.T.);
#2391=EDGE_CURVE('',#1932,#1930,#893,.T.);
#2392=EDGE_CURVE('',#1931,#1932,#894,.T.);
#2393=EDGE_CURVE('',#1931,#1933,#1541,.T.);
#2394=EDGE_CURVE('',#1934,#1932,#1542,.T.);
#2395=EDGE_CURVE('',#1933,#1934,#895,.T.);
#2396=EDGE_CURVE('',#1933,#1935,#896,.T.);
#2397=EDGE_CURVE('',#1936,#1934,#897,.T.);
#2398=EDGE_CURVE('',#1935,#1936,#898,.T.);
#2399=EDGE_CURVE('',#1935,#1937,#1543,.T.);
#2400=EDGE_CURVE('',#1938,#1936,#1544,.T.);
#2401=EDGE_CURVE('',#1937,#1938,#899,.T.);
#2402=EDGE_CURVE('',#1937,#1908,#900,.T.);
#2403=EDGE_CURVE('',#1928,#1938,#901,.T.);
#2404=EDGE_CURVE('',#1923,#1939,#902,.T.);
#2405=EDGE_CURVE('',#1929,#1939,#1545,.T.);
#2406=EDGE_CURVE('',#1939,#1940,#903,.T.);
#2407=EDGE_CURVE('',#1940,#1941,#1546,.T.);
#2408=EDGE_CURVE('',#1941,#1942,#904,.T.);
#2409=EDGE_CURVE('',#1942,#1943,#1547,.T.);
#2410=EDGE_CURVE('',#1943,#1927,#905,.T.);
#2411=EDGE_CURVE('',#1944,#1944,#1548,.T.);
#2412=EDGE_CURVE('',#1944,#1945,#906,.T.);
#2413=EDGE_CURVE('',#1945,#1945,#1549,.T.);
#2414=EDGE_CURVE('',#1946,#1946,#1550,.T.);
#2415=EDGE_CURVE('',#1947,#1947,#1551,.T.);
#2416=EDGE_CURVE('',#1947,#1948,#907,.T.);
#2417=EDGE_CURVE('',#1948,#1948,#1552,.T.);
#2418=EDGE_CURVE('',#1949,#1949,#1553,.T.);
#2419=EDGE_CURVE('',#1950,#1950,#1554,.T.);
#2420=EDGE_CURVE('',#1950,#1951,#908,.T.);
#2421=EDGE_CURVE('',#1951,#1951,#1555,.T.);
#2422=EDGE_CURVE('',#1952,#1952,#1556,.T.);
#2423=EDGE_CURVE('',#1953,#1953,#1557,.T.);
#2424=EDGE_CURVE('',#1953,#1954,#909,.T.);
#2425=EDGE_CURVE('',#1954,#1954,#1558,.T.);
#2426=EDGE_CURVE('',#1955,#1955,#1559,.T.);
#2427=EDGE_CURVE('',#1952,#1956,#910,.T.);
#2428=EDGE_CURVE('',#1956,#1956,#1560,.T.);
#2429=EDGE_CURVE('',#1949,#1957,#911,.T.);
#2430=EDGE_CURVE('',#1957,#1957,#1561,.T.);
#2431=EDGE_CURVE('',#1955,#1958,#912,.T.);
#2432=EDGE_CURVE('',#1958,#1958,#1562,.T.);
#2433=EDGE_CURVE('',#1946,#1959,#913,.T.);
#2434=EDGE_CURVE('',#1959,#1959,#1563,.T.);
#2435=EDGE_CURVE('',#1960,#1920,#914,.T.);
#2436=EDGE_CURVE('',#1961,#1960,#915,.T.);
#2437=EDGE_CURVE('',#1921,#1961,#916,.T.);
#2438=EDGE_CURVE('',#1962,#1961,#1564,.T.);
#2439=EDGE_CURVE('',#1922,#1962,#917,.T.);
#2440=EDGE_CURVE('',#1963,#1962,#918,.T.);
#2441=EDGE_CURVE('',#1940,#1963,#919,.T.);
#2442=EDGE_CURVE('',#1964,#1963,#1565,.T.);
#2443=EDGE_CURVE('',#1941,#1964,#920,.T.);
#2444=EDGE_CURVE('',#1965,#1964,#921,.T.);
#2445=EDGE_CURVE('',#1942,#1965,#922,.T.);
#2446=EDGE_CURVE('',#1966,#1965,#1566,.T.);
#2447=EDGE_CURVE('',#1943,#1966,#923,.T.);
#2448=EDGE_CURVE('',#1967,#1966,#924,.T.);
#2449=EDGE_CURVE('',#1919,#1967,#925,.T.);
#2450=EDGE_CURVE('',#1960,#1967,#1567,.T.);
#2451=EDGE_CURVE('',#1968,#1969,#1568,.T.);
#2452=EDGE_CURVE('',#1968,#1970,#926,.T.);
#2453=EDGE_CURVE('',#1970,#1971,#1569,.T.);
#2454=EDGE_CURVE('',#1971,#1972,#1570,.T.);
#2455=EDGE_CURVE('',#1972,#1973,#927,.T.);
#2456=EDGE_CURVE('',#1974,#1973,#1571,.T.);
#2457=EDGE_CURVE('',#1974,#1975,#928,.T.);
#2458=EDGE_CURVE('',#1975,#1976,#1572,.T.);
#2459=EDGE_CURVE('',#1976,#1977,#1573,.T.);
#2460=EDGE_CURVE('',#1977,#1978,#1574,.T.);
#2461=EDGE_CURVE('',#1978,#1979,#1575,.T.);
#2462=EDGE_CURVE('',#1979,#1980,#1576,.T.);
#2463=EDGE_CURVE('',#1980,#1981,#1577,.T.);
#2464=EDGE_CURVE('',#1981,#1982,#1578,.F.);
#2465=EDGE_CURVE('',#1982,#1983,#929,.F.);
#2466=EDGE_CURVE('',#1984,#1983,#930,.T.);
#2467=EDGE_CURVE('',#1985,#1984,#1579,.T.);
#2468=EDGE_CURVE('',#1986,#1985,#931,.T.);
#2469=EDGE_CURVE('',#1987,#1986,#1580,.T.);
#2470=EDGE_CURVE('',#1988,#1987,#932,.T.);
#2471=EDGE_CURVE('',#1988,#1989,#933,.F.);
#2472=EDGE_CURVE('',#1990,#1989,#934,.T.);
#2473=EDGE_CURVE('',#1991,#1990,#1581,.T.);
#2474=EDGE_CURVE('',#1992,#1991,#935,.T.);
#2475=EDGE_CURVE('',#1993,#1992,#1582,.T.);
#2476=EDGE_CURVE('',#1994,#1993,#936,.T.);
#2477=EDGE_CURVE('',#1994,#1995,#937,.F.);
#2478=EDGE_CURVE('',#1995,#1996,#1583,.F.);
#2479=EDGE_CURVE('',#1996,#1997,#1584,.T.);
#2480=EDGE_CURVE('',#1998,#1997,#1585,.T.);
#2481=EDGE_CURVE('',#1998,#1999,#1586,.T.);
#2482=EDGE_CURVE('',#1999,#2000,#1587,.F.);
#2483=EDGE_CURVE('',#2000,#2001,#938,.F.);
#2484=EDGE_CURVE('',#2002,#2001,#939,.T.);
#2485=EDGE_CURVE('',#2003,#2002,#1588,.T.);
#2486=EDGE_CURVE('',#2004,#2003,#940,.T.);
#2487=EDGE_CURVE('',#2005,#2004,#1589,.T.);
#2488=EDGE_CURVE('',#2006,#2005,#941,.T.);
#2489=EDGE_CURVE('',#2006,#2007,#942,.F.);
#2490=EDGE_CURVE('',#2008,#2007,#943,.T.);
#2491=EDGE_CURVE('',#2009,#2008,#1590,.T.);
#2492=EDGE_CURVE('',#2010,#2009,#944,.T.);
#2493=EDGE_CURVE('',#2011,#2010,#1591,.T.);
#2494=EDGE_CURVE('',#2012,#2011,#945,.T.);
#2495=EDGE_CURVE('',#2012,#2013,#946,.F.);
#2496=EDGE_CURVE('',#2013,#2014,#1592,.F.);
#2497=EDGE_CURVE('',#2014,#2015,#1593,.T.);
#2498=EDGE_CURVE('',#2015,#2016,#1594,.T.);
#2499=EDGE_CURVE('',#2016,#2017,#1595,.T.);
#2500=EDGE_CURVE('',#2017,#2018,#1596,.T.);
#2501=EDGE_CURVE('',#2018,#2019,#1597,.T.);
#2502=EDGE_CURVE('',#2019,#2020,#1598,.T.);
#2503=EDGE_CURVE('',#2020,#1969,#947,.T.);
#2504=EDGE_CURVE('',#2021,#2021,#1599,.T.);
#2505=EDGE_CURVE('',#2022,#2023,#1600,.T.);
#2506=EDGE_CURVE('',#2024,#2022,#1601,.T.);
#2507=EDGE_CURVE('',#2025,#2024,#1602,.T.);
#2508=EDGE_CURVE('',#2023,#2025,#1603,.T.);
#2509=EDGE_CURVE('',#2026,#2027,#1604,.T.);
#2510=EDGE_CURVE('',#2028,#2026,#1605,.T.);
#2511=EDGE_CURVE('',#2029,#2028,#1606,.T.);
#2512=EDGE_CURVE('',#2027,#2029,#1607,.T.);
#2513=EDGE_CURVE('',#2030,#2031,#1608,.T.);
#2514=EDGE_CURVE('',#2032,#2030,#1609,.T.);
#2515=EDGE_CURVE('',#2033,#2032,#1610,.T.);
#2516=EDGE_CURVE('',#2031,#2033,#1611,.T.);
#2517=EDGE_CURVE('',#2034,#2035,#1612,.T.);
#2518=EDGE_CURVE('',#2036,#2034,#1613,.T.);
#2519=EDGE_CURVE('',#2037,#2036,#1614,.T.);
#2520=EDGE_CURVE('',#2035,#2037,#1615,.T.);
#2521=EDGE_CURVE('',#2038,#2038,#1616,.T.);
#2522=EDGE_CURVE('',#2039,#2039,#1617,.T.);
#2523=EDGE_CURVE('',#2040,#2040,#1618,.T.);
#2524=EDGE_CURVE('',#2041,#2041,#1619,.T.);
#2525=EDGE_CURVE('',#2042,#2042,#1620,.T.);
#2526=EDGE_CURVE('',#2041,#2043,#948,.T.);
#2527=EDGE_CURVE('',#2044,#2043,#1621,.T.);
#2528=EDGE_CURVE('',#2043,#2044,#1622,.T.);
#2529=EDGE_CURVE('',#2040,#2045,#949,.T.);
#2530=EDGE_CURVE('',#2045,#2045,#1623,.T.);
#2531=EDGE_CURVE('',#2045,#2046,#950,.T.);
#2532=EDGE_CURVE('',#2046,#2046,#1624,.T.);
#2533=EDGE_CURVE('',#2047,#2047,#1625,.T.);
#2534=EDGE_CURVE('',#2047,#2048,#951,.T.);
#2535=EDGE_CURVE('',#2048,#2048,#1626,.T.);
#2536=EDGE_CURVE('',#2049,#2049,#1627,.T.);
#2537=EDGE_CURVE('',#2048,#2050,#952,.T.);
#2538=EDGE_CURVE('',#2050,#2050,#1628,.T.);
#2539=EDGE_CURVE('',#2051,#2051,#1629,.T.);
#2540=EDGE_CURVE('',#2051,#2052,#953,.T.);
#2541=EDGE_CURVE('',#2052,#2052,#1630,.T.);
#2542=EDGE_CURVE('',#2053,#2053,#1631,.T.);
#2543=EDGE_CURVE('',#2052,#2054,#954,.T.);
#2544=EDGE_CURVE('',#2054,#2054,#1632,.T.);
#2545=EDGE_CURVE('',#2042,#2055,#955,.T.);
#2546=EDGE_CURVE('',#2055,#2055,#1633,.T.);
#2547=EDGE_CURVE('',#2055,#2056,#956,.T.);
#2548=EDGE_CURVE('',#2056,#2056,#1634,.T.);
#2549=EDGE_CURVE('',#2057,#2058,#1635,.T.);
#2550=EDGE_CURVE('',#2058,#2038,#1636,.T.);
#2551=EDGE_CURVE('',#2058,#2057,#1637,.T.);
#2552=EDGE_CURVE('',#2049,#2057,#957,.T.);
#2553=EDGE_CURVE('',#2059,#2060,#1638,.T.);
#2554=EDGE_CURVE('',#2060,#2021,#1639,.T.);
#2555=EDGE_CURVE('',#2060,#2059,#1640,.T.);
#2556=EDGE_CURVE('',#2053,#2059,#958,.T.);
#2557=EDGE_CURVE('',#2044,#2061,#1641,.T.);
#2558=EDGE_CURVE('',#2061,#2062,#1642,.T.);
#2559=EDGE_CURVE('',#1974,#2062,#19,.T.);
#2560=EDGE_CURVE('',#2063,#1973,#20,.T.);
#2561=EDGE_CURVE('',#2063,#2061,#1643,.T.);
#2562=EDGE_CURVE('',#2062,#2064,#959,.T.);
#2563=EDGE_CURVE('',#1975,#2064,#960,.T.);
#2564=EDGE_CURVE('',#2065,#2063,#961,.T.);
#2565=EDGE_CURVE('',#2066,#2065,#1644,.T.);
#2566=EDGE_CURVE('',#2067,#2066,#1645,.T.);
#2567=EDGE_CURVE('',#2068,#2067,#962,.T.);
#2568=EDGE_CURVE('',#2069,#2068,#1646,.T.);
#2569=EDGE_CURVE('',#2070,#2069,#1647,.T.);
#2570=EDGE_CURVE('',#2071,#2070,#963,.T.);
#2571=EDGE_CURVE('',#2072,#2071,#1648,.T.);
#2572=EDGE_CURVE('',#2073,#2072,#1649,.T.);
#2573=EDGE_CURVE('',#2074,#2073,#1650,.T.);
#2574=EDGE_CURVE('',#2075,#2074,#1651,.T.);
#2575=EDGE_CURVE('',#2076,#2075,#1652,.T.);
#2576=EDGE_CURVE('',#2077,#2076,#1653,.T.);
#2577=EDGE_CURVE('',#2078,#2077,#1654,.T.);
#2578=EDGE_CURVE('',#2079,#2078,#1655,.T.);
#2579=EDGE_CURVE('',#2080,#2079,#1656,.T.);
#2580=EDGE_CURVE('',#2081,#2080,#1657,.T.);
#2581=EDGE_CURVE('',#2082,#2081,#1658,.T.);
#2582=EDGE_CURVE('',#2083,#2082,#1659,.T.);
#2583=EDGE_CURVE('',#2084,#2083,#1660,.T.);
#2584=EDGE_CURVE('',#2064,#2084,#1661,.T.);
#2585=EDGE_CURVE('',#2085,#2086,#1662,.T.);
#2586=EDGE_CURVE('',#2086,#2069,#1663,.T.);
#2587=EDGE_CURVE('',#1968,#2068,#21,.T.);
#2588=EDGE_CURVE('',#2070,#1969,#22,.T.);
#2589=EDGE_CURVE('',#2086,#2085,#1664,.T.);
#2590=EDGE_CURVE('',#1970,#2067,#964,.T.);
#2591=EDGE_CURVE('',#2039,#2085,#965,.T.);
#2592=EDGE_CURVE('',#2087,#2087,#1665,.T.);
#2593=EDGE_CURVE('',#2087,#2088,#966,.T.);
#2594=EDGE_CURVE('',#2088,#2088,#1666,.T.);
#2595=EDGE_CURVE('',#2089,#2089,#1667,.T.);
#2596=EDGE_CURVE('',#2089,#2090,#967,.T.);
#2597=EDGE_CURVE('',#2090,#2090,#1668,.T.);
#2598=EDGE_CURVE('',#2091,#2091,#1669,.T.);
#2599=EDGE_CURVE('',#2091,#2092,#968,.T.);
#2600=EDGE_CURVE('',#2092,#2092,#1670,.T.);
#2601=EDGE_CURVE('',#2093,#2093,#1671,.T.);
#2602=EDGE_CURVE('',#2093,#2094,#969,.T.);
#2603=EDGE_CURVE('',#2094,#2094,#1672,.T.);
#2604=EDGE_CURVE('',#2095,#2096,#970,.T.);
#2605=EDGE_CURVE('',#2097,#2095,#1673,.T.);
#2606=EDGE_CURVE('',#2097,#2098,#971,.T.);
#2607=EDGE_CURVE('',#2098,#2098,#1674,.T.);
#2608=EDGE_CURVE('',#2099,#2097,#1675,.T.);
#2609=EDGE_CURVE('',#2100,#2099,#972,.T.);
#2610=EDGE_CURVE('',#2101,#2100,#1676,.T.);
#2611=EDGE_CURVE('',#2102,#2101,#973,.T.);
#2612=EDGE_CURVE('',#2103,#2102,#1677,.T.);
#2613=EDGE_CURVE('',#2104,#2103,#974,.T.);
#2614=EDGE_CURVE('',#2105,#2104,#1678,.T.);
#2615=EDGE_CURVE('',#2106,#2105,#975,.T.);
#2616=EDGE_CURVE('',#2107,#2106,#1679,.T.);
#2617=EDGE_CURVE('',#2108,#2107,#976,.T.);
#2618=EDGE_CURVE('',#2096,#2108,#1680,.T.);
#2619=EDGE_CURVE('',#2107,#2109,#1681,.T.);
#2620=EDGE_CURVE('',#2109,#2110,#977,.T.);
#2621=EDGE_CURVE('',#2110,#2108,#1682,.T.);
#2622=EDGE_CURVE('',#2111,#2106,#1683,.T.);
#2623=EDGE_CURVE('',#2112,#2111,#1684,.T.);
#2624=EDGE_CURVE('',#2113,#2112,#1685,.T.);
#2625=EDGE_CURVE('',#2114,#2113,#1686,.T.);
#2626=EDGE_CURVE('',#2115,#2114,#1687,.T.);
#2627=EDGE_CURVE('',#2116,#2115,#1688,.T.);
#2628=EDGE_CURVE('',#2117,#2116,#1689,.T.);
#2629=EDGE_CURVE('',#2118,#2117,#1690,.T.);
#2630=EDGE_CURVE('',#2119,#2118,#1691,.T.);
#2631=EDGE_CURVE('',#2120,#2119,#1692,.T.);
#2632=EDGE_CURVE('',#2121,#2120,#1693,.T.);
#2633=EDGE_CURVE('',#2122,#2121,#1694,.T.);
#2634=EDGE_CURVE('',#2123,#2122,#1695,.T.);
#2635=EDGE_CURVE('',#2124,#2123,#1696,.T.);
#2636=EDGE_CURVE('',#2125,#2124,#1697,.T.);
#2637=EDGE_CURVE('',#2126,#2125,#1698,.T.);
#2638=EDGE_CURVE('',#2109,#2126,#1699,.T.);
#2639=EDGE_CURVE('',#2127,#2128,#1700,.T.);
#2640=EDGE_CURVE('',#2129,#2127,#1701,.T.);
#2641=EDGE_CURVE('',#2130,#2129,#1702,.T.);
#2642=EDGE_CURVE('',#2131,#2130,#1703,.T.);
#2643=EDGE_CURVE('',#2128,#2131,#1704,.T.);
#2644=EDGE_CURVE('',#2132,#2133,#1705,.T.);
#2645=EDGE_CURVE('',#2134,#2132,#1706,.T.);
#2646=EDGE_CURVE('',#2135,#2134,#1707,.T.);
#2647=EDGE_CURVE('',#2136,#2135,#1708,.T.);
#2648=EDGE_CURVE('',#2133,#2136,#978,.T.);
#2649=EDGE_CURVE('',#2137,#2138,#1709,.T.);
#2650=EDGE_CURVE('',#2139,#2137,#1710,.T.);
#2651=EDGE_CURVE('',#2140,#2139,#1711,.T.);
#2652=EDGE_CURVE('',#2141,#2140,#1712,.T.);
#2653=EDGE_CURVE('',#2138,#2141,#1713,.T.);
#2654=EDGE_CURVE('',#2105,#2142,#1714,.T.);
#2655=EDGE_CURVE('',#2111,#2142,#979,.T.);
#2656=EDGE_CURVE('',#2143,#2104,#1715,.T.);
#2657=EDGE_CURVE('',#2144,#2143,#1716,.T.);
#2658=EDGE_CURVE('',#2142,#2144,#1717,.T.);
#2659=EDGE_CURVE('',#2145,#2103,#1718,.T.);
#2660=EDGE_CURVE('',#2143,#2145,#980,.T.);
#2661=EDGE_CURVE('',#2102,#2146,#1719,.T.);
#2662=EDGE_CURVE('',#2146,#2147,#1720,.T.);
#2663=EDGE_CURVE('',#2148,#2147,#1721,.T.);
#2664=EDGE_CURVE('',#2149,#2148,#1722,.T.);
#2665=EDGE_CURVE('',#2150,#2149,#1723,.T.);
#2666=EDGE_CURVE('',#2150,#2151,#1724,.T.);
#2667=EDGE_CURVE('',#2151,#2152,#1725,.T.);
#2668=EDGE_CURVE('',#2152,#2145,#1726,.T.);
#2669=EDGE_CURVE('',#2153,#1998,#23,.T.);
#2670=EDGE_CURVE('',#1997,#2154,#24,.T.);
#2671=EDGE_CURVE('',#2153,#2154,#1727,.T.);
#2672=EDGE_CURVE('',#2155,#2153,#1728,.T.);
#2673=EDGE_CURVE('',#2155,#1999,#981,.T.);
#2674=EDGE_CURVE('',#2156,#2026,#982,.T.);
#2675=EDGE_CURVE('',#2027,#2157,#983,.T.);
#2676=EDGE_CURVE('',#2157,#2156,#1729,.T.);
#2677=EDGE_CURVE('',#2158,#2028,#984,.T.);
#2678=EDGE_CURVE('',#2156,#2158,#1730,.T.);
#2679=EDGE_CURVE('',#2159,#2029,#985,.T.);
#2680=EDGE_CURVE('',#2158,#2159,#1731,.T.);
#2681=EDGE_CURVE('',#2159,#2157,#1732,.T.);
#2682=EDGE_CURVE('',#2156,#2160,#986,.T.);
#2683=EDGE_CURVE('',#2161,#2160,#1733,.T.);
#2684=EDGE_CURVE('',#2158,#2161,#987,.T.);
#2685=EDGE_CURVE('',#2157,#2162,#988,.T.);
#2686=EDGE_CURVE('',#2160,#2162,#1734,.T.);
#2687=EDGE_CURVE('',#2162,#2163,#989,.T.);
#2688=EDGE_CURVE('',#2163,#2164,#1735,.T.);
#2689=EDGE_CURVE('',#2164,#2160,#990,.T.);
#2690=EDGE_CURVE('',#2165,#2166,#991,.T.);
#2691=EDGE_CURVE('',#2166,#2163,#1736,.T.);
#2692=EDGE_CURVE('',#2162,#2165,#1737,.T.);
#2693=EDGE_CURVE('',#2161,#2167,#992,.T.);
#2694=EDGE_CURVE('',#2167,#2166,#1738,.T.);
#2695=EDGE_CURVE('',#2165,#2161,#1739,.T.);
#2696=EDGE_CURVE('',#2164,#2167,#1740,.T.);
#2697=EDGE_CURVE('',#2159,#2165,#993,.T.);
#2698=EDGE_CURVE('',#2168,#2030,#994,.T.);
#2699=EDGE_CURVE('',#2031,#2169,#995,.T.);
#2700=EDGE_CURVE('',#2169,#2168,#1741,.T.);
#2701=EDGE_CURVE('',#2170,#2032,#996,.T.);
#2702=EDGE_CURVE('',#2168,#2170,#1742,.T.);
#2703=EDGE_CURVE('',#2171,#2033,#997,.T.);
#2704=EDGE_CURVE('',#2170,#2171,#1743,.T.);
#2705=EDGE_CURVE('',#2171,#2169,#1744,.T.);
#2706=EDGE_CURVE('',#2168,#2172,#998,.T.);
#2707=EDGE_CURVE('',#2173,#2172,#1745,.T.);
#2708=EDGE_CURVE('',#2170,#2173,#999,.T.);
#2709=EDGE_CURVE('',#2169,#2174,#1000,.T.);
#2710=EDGE_CURVE('',#2172,#2174,#1746,.T.);
#2711=EDGE_CURVE('',#2174,#2175,#1001,.T.);
#2712=EDGE_CURVE('',#2175,#2176,#1747,.T.);
#2713=EDGE_CURVE('',#2176,#2172,#1002,.T.);
#2714=EDGE_CURVE('',#2177,#2178,#1003,.T.);
#2715=EDGE_CURVE('',#2178,#2175,#1748,.T.);
#2716=EDGE_CURVE('',#2174,#2177,#1749,.T.);
#2717=EDGE_CURVE('',#2173,#2179,#1004,.T.);
#2718=EDGE_CURVE('',#2179,#2178,#1750,.T.);
#2719=EDGE_CURVE('',#2177,#2173,#1751,.T.);
#2720=EDGE_CURVE('',#2176,#2179,#1752,.T.);
#2721=EDGE_CURVE('',#2171,#2177,#1005,.T.);
#2722=EDGE_CURVE('',#1972,#2065,#1006,.T.);
#2723=EDGE_CURVE('',#1971,#2066,#1007,.T.);
#2724=EDGE_CURVE('',#2020,#2071,#1008,.T.);
#2725=EDGE_CURVE('',#2083,#2180,#1009,.T.);
#2726=EDGE_CURVE('',#2180,#2181,#1753,.T.);
#2727=EDGE_CURVE('',#2117,#2181,#1010,.T.);
#2728=EDGE_CURVE('',#2084,#2117,#1011,.T.);
#2729=EDGE_CURVE('',#2082,#2182,#1012,.T.);
#2730=EDGE_CURVE('',#2182,#2180,#1754,.T.);
#2731=EDGE_CURVE('',#2081,#2183,#1013,.T.);
#2732=EDGE_CURVE('',#2183,#2182,#1755,.T.);
#2733=EDGE_CURVE('',#2184,#2080,#1014,.T.);
#2734=EDGE_CURVE('',#2184,#2183,#1756,.T.);
#2735=EDGE_CURVE('',#2079,#2185,#1015,.T.);
#2736=EDGE_CURVE('',#2186,#2185,#1757,.T.);
#2737=EDGE_CURVE('',#2187,#2186,#1016,.T.);
#2738=EDGE_CURVE('',#2187,#2184,#1758,.T.);
#2739=EDGE_CURVE('',#2078,#2188,#1017,.T.);
#2740=EDGE_CURVE('',#2185,#2188,#1759,.T.);
#2741=EDGE_CURVE('',#2077,#2189,#1018,.T.);
#2742=EDGE_CURVE('',#2188,#2189,#1760,.T.);
#2743=EDGE_CURVE('',#2076,#2190,#1019,.T.);
#2744=EDGE_CURVE('',#2190,#2191,#1761,.T.);
#2745=EDGE_CURVE('',#2191,#2192,#1020,.T.);
#2746=EDGE_CURVE('',#2189,#2192,#1762,.T.);
#2747=EDGE_CURVE('',#2075,#2193,#1021,.T.);
#2748=EDGE_CURVE('',#2193,#2190,#1763,.T.);
#2749=EDGE_CURVE('',#2074,#2194,#1022,.T.);
#2750=EDGE_CURVE('',#2194,#2193,#1764,.T.);
#2751=EDGE_CURVE('',#2073,#2195,#1023,.T.);
#2752=EDGE_CURVE('',#2195,#2194,#1765,.T.);
#2753=EDGE_CURVE('',#2071,#2122,#1024,.T.);
#2754=EDGE_CURVE('',#2072,#2121,#1025,.T.);
#2755=EDGE_CURVE('',#2019,#2196,#1026,.T.);
#2756=EDGE_CURVE('',#2196,#2123,#1027,.T.);
#2757=EDGE_CURVE('',#2064,#2116,#1028,.T.);
#2758=EDGE_CURVE('',#2150,#2115,#1029,.T.);
#2759=EDGE_CURVE('',#1976,#2150,#1030,.T.);
#2760=EDGE_CURVE('',#2120,#2191,#1031,.T.);
#2761=EDGE_CURVE('',#2191,#2197,#1766,.T.);
#2762=EDGE_CURVE('',#2121,#2197,#1032,.T.);
#2763=EDGE_CURVE('',#2181,#2187,#1767,.T.);
#2764=EDGE_CURVE('',#2118,#2187,#1033,.T.);
#2765=EDGE_CURVE('',#2197,#2195,#1768,.T.);
#2766=EDGE_CURVE('',#2198,#2186,#1769,.T.);
#2767=EDGE_CURVE('',#2119,#2198,#1034,.T.);
#2768=EDGE_CURVE('',#2192,#2198,#1770,.T.);
#2769=EDGE_CURVE('',#2199,#2200,#1771,.T.);
#2770=EDGE_CURVE('',#2199,#2134,#1035,.T.);
#2771=EDGE_CURVE('',#2200,#2132,#1036,.T.);
#2772=EDGE_CURVE('',#2201,#2199,#1772,.T.);
#2773=EDGE_CURVE('',#2201,#2135,#1037,.T.);
#2774=EDGE_CURVE('',#2202,#2201,#1773,.T.);
#2775=EDGE_CURVE('',#2202,#2136,#1038,.T.);
#2776=EDGE_CURVE('',#2203,#2202,#1039,.T.);
#2777=EDGE_CURVE('',#2203,#2133,#1040,.T.);
#2778=EDGE_CURVE('',#2200,#2203,#1774,.T.);
#2779=EDGE_CURVE('',#2140,#2204,#1041,.T.);
#2780=EDGE_CURVE('',#2205,#2204,#1775,.T.);
#2781=EDGE_CURVE('',#2141,#2205,#1042,.T.);
#2782=EDGE_CURVE('',#2139,#2206,#1043,.T.);
#2783=EDGE_CURVE('',#2204,#2206,#1776,.T.);
#2784=EDGE_CURVE('',#2207,#2205,#1777,.T.);
#2785=EDGE_CURVE('',#2138,#2207,#1044,.T.);
#2786=EDGE_CURVE('',#2130,#2208,#1045,.T.);
#2787=EDGE_CURVE('',#2209,#2208,#1778,.T.);
#2788=EDGE_CURVE('',#2131,#2209,#1046,.T.);
#2789=EDGE_CURVE('',#2129,#2210,#1047,.T.);
#2790=EDGE_CURVE('',#2208,#2210,#1779,.T.);
#2791=EDGE_CURVE('',#2127,#2211,#1048,.T.);
#2792=EDGE_CURVE('',#2210,#2211,#1780,.T.);
#2793=EDGE_CURVE('',#2001,#2212,#1049,.T.);
#2794=EDGE_CURVE('',#2212,#2213,#1050,.T.);
#2795=EDGE_CURVE('',#2213,#2002,#1051,.T.);
#2796=EDGE_CURVE('',#2214,#2003,#1052,.T.);
#2797=EDGE_CURVE('',#2213,#2214,#1781,.T.);
#2798=EDGE_CURVE('',#2215,#2004,#1053,.T.);
#2799=EDGE_CURVE('',#2214,#2215,#1054,.T.);
#2800=EDGE_CURVE('',#2216,#2005,#1055,.T.);
#2801=EDGE_CURVE('',#2215,#2216,#1782,.T.);
#2802=EDGE_CURVE('',#2217,#2006,#1056,.T.);
#2803=EDGE_CURVE('',#2216,#2217,#1057,.T.);
#2804=EDGE_CURVE('',#2216,#2218,#1058,.T.);
#2805=EDGE_CURVE('',#2218,#2219,#1059,.T.);
#2806=EDGE_CURVE('',#2217,#2219,#1060,.T.);
#2807=EDGE_CURVE('',#2215,#2220,#1061,.T.);
#2808=EDGE_CURVE('',#2220,#2218,#1783,.T.);
#2809=EDGE_CURVE('',#2214,#2221,#1062,.T.);
#2810=EDGE_CURVE('',#2221,#2220,#1063,.T.);
#2811=EDGE_CURVE('',#2213,#2222,#1064,.T.);
#2812=EDGE_CURVE('',#2222,#2221,#1784,.T.);
#2813=EDGE_CURVE('',#2223,#2212,#1065,.T.);
#2814=EDGE_CURVE('',#2223,#2222,#1066,.T.);
#2815=EDGE_CURVE('',#2224,#2225,#1785,.T.);
#2816=EDGE_CURVE('',#2225,#2224,#1786,.T.);
#2817=EDGE_CURVE('',#2224,#2226,#1787,.T.);
#2818=EDGE_CURVE('',#2226,#2226,#1788,.T.);
#2819=EDGE_CURVE('',#2227,#2227,#1789,.T.);
#2820=EDGE_CURVE('',#2227,#2225,#1790,.T.);
#2821=EDGE_CURVE('',#2219,#2223,#1067,.T.);
#2822=EDGE_CURVE('',#2228,#2000,#1068,.T.);
#2823=EDGE_CURVE('',#2223,#2228,#1069,.T.);
#2824=EDGE_CURVE('',#1989,#2229,#1070,.T.);
#2825=EDGE_CURVE('',#2229,#2230,#1071,.T.);
#2826=EDGE_CURVE('',#2230,#1990,#1072,.T.);
#2827=EDGE_CURVE('',#2231,#1991,#1073,.T.);
#2828=EDGE_CURVE('',#2230,#2231,#1791,.T.);
#2829=EDGE_CURVE('',#2232,#1992,#1074,.T.);
#2830=EDGE_CURVE('',#2231,#2232,#1075,.T.);
#2831=EDGE_CURVE('',#2233,#1993,#1076,.T.);
#2832=EDGE_CURVE('',#2232,#2233,#1792,.T.);
#2833=EDGE_CURVE('',#2234,#1994,#1077,.T.);
#2834=EDGE_CURVE('',#2233,#2234,#1078,.T.);
#2835=EDGE_CURVE('',#2232,#2235,#1079,.T.);
#2836=EDGE_CURVE('',#2236,#2235,#1793,.T.);
#2837=EDGE_CURVE('',#2233,#2236,#1080,.T.);
#2838=EDGE_CURVE('',#2231,#2237,#1081,.T.);
#2839=EDGE_CURVE('',#2235,#2237,#1082,.T.);
#2840=EDGE_CURVE('',#2230,#2238,#1083,.T.);
#2841=EDGE_CURVE('',#2237,#2238,#1794,.T.);
#2842=EDGE_CURVE('',#2239,#2229,#1084,.T.);
#2843=EDGE_CURVE('',#2238,#2239,#1085,.T.);
#2844=EDGE_CURVE('',#2240,#2240,#1795,.T.);
#2845=EDGE_CURVE('',#2240,#2241,#1796,.T.);
#2846=EDGE_CURVE('',#2241,#2241,#1797,.T.);
#2847=EDGE_CURVE('',#2240,#2242,#1798,.T.);
#2848=EDGE_CURVE('',#2242,#2242,#1799,.T.);
#2849=EDGE_CURVE('',#2243,#2239,#1086,.T.);
#2850=EDGE_CURVE('',#2243,#2236,#1087,.T.);
#2851=EDGE_CURVE('',#2234,#2243,#1088,.T.);
#2852=EDGE_CURVE('',#2244,#2243,#1089,.T.);
#2853=EDGE_CURVE('',#2244,#1995,#1090,.T.);
#2854=EDGE_CURVE('',#2245,#2244,#1800,.T.);
#2855=EDGE_CURVE('',#2244,#2246,#1091,.T.);
#2856=EDGE_CURVE('',#2246,#2247,#1801,.T.);
#2857=EDGE_CURVE('',#2247,#2245,#25,.T.);
#2858=EDGE_CURVE('',#2248,#2249,#1802,.T.);
#2859=EDGE_CURVE('',#2249,#2153,#26,.T.);
#2860=EDGE_CURVE('',#2154,#2248,#27,.T.);
#2861=EDGE_CURVE('',#2249,#2250,#1803,.T.);
#2862=EDGE_CURVE('',#2250,#2155,#28,.T.);
#2863=EDGE_CURVE('',#2250,#2251,#1804,.T.);
#2864=EDGE_CURVE('',#2251,#2228,#1092,.T.);
#2865=EDGE_CURVE('',#2228,#2155,#1805,.T.);
#2866=EDGE_CURVE('',#2247,#2248,#1806,.T.);
#2867=EDGE_CURVE('',#2154,#2245,#1807,.T.);
#2868=EDGE_CURVE('',#2245,#1996,#1093,.F.);
#2869=EDGE_CURVE('',#2252,#2253,#1808,.T.);
#2870=EDGE_CURVE('',#2252,#1982,#1094,.T.);
#2871=EDGE_CURVE('',#2253,#1981,#1095,.T.);
#2872=EDGE_CURVE('',#2254,#2015,#1096,.T.);
#2873=EDGE_CURVE('',#2255,#2014,#1097,.F.);
#2874=EDGE_CURVE('',#2254,#2255,#1809,.T.);
#2875=EDGE_CURVE('',#2255,#2256,#1810,.T.);
#2876=EDGE_CURVE('',#2256,#2013,#1098,.T.);
#2877=EDGE_CURVE('',#2257,#2258,#1811,.T.);
#2878=EDGE_CURVE('',#2252,#2258,#1099,.T.);
#2879=EDGE_CURVE('',#2253,#2257,#29,.T.);
#2880=EDGE_CURVE('',#2239,#2259,#1100,.T.);
#2881=EDGE_CURVE('',#2259,#2260,#1101,.T.);
#2882=EDGE_CURVE('',#2260,#2252,#1102,.T.);
#2883=EDGE_CURVE('',#2258,#2246,#1103,.T.);
#2884=EDGE_CURVE('',#2261,#2256,#1104,.T.);
#2885=EDGE_CURVE('',#2261,#2262,#1812,.T.);
#2886=EDGE_CURVE('',#2255,#2262,#30,.T.);
#2887=EDGE_CURVE('',#2262,#2263,#1813,.T.);
#2888=EDGE_CURVE('',#2263,#2254,#31,.F.);
#2889=EDGE_CURVE('',#2253,#2264,#1814,.T.);
#2890=EDGE_CURVE('',#2264,#2265,#32,.F.);
#2891=EDGE_CURVE('',#2265,#2257,#1815,.T.);
#2892=EDGE_CURVE('',#1983,#2266,#1105,.T.);
#2893=EDGE_CURVE('',#2260,#2266,#1106,.T.);
#2894=EDGE_CURVE('',#2267,#2267,#1816,.T.);
#2895=EDGE_CURVE('',#2268,#2259,#1107,.T.);
#2896=EDGE_CURVE('',#2269,#2268,#1817,.T.);
#2897=EDGE_CURVE('',#2270,#2269,#1108,.T.);
#2898=EDGE_CURVE('',#2271,#2270,#1818,.T.);
#2899=EDGE_CURVE('',#2260,#2271,#1109,.T.);
#2900=EDGE_CURVE('',#2272,#2272,#1819,.T.);
#2901=EDGE_CURVE('',#2267,#2273,#1820,.T.);
#2902=EDGE_CURVE('',#2274,#2273,#1821,.T.);
#2903=EDGE_CURVE('',#2273,#2274,#1822,.T.);
#2904=EDGE_CURVE('',#2274,#2272,#1823,.T.);
#2905=EDGE_CURVE('',#2266,#2275,#1110,.T.);
#2906=EDGE_CURVE('',#2275,#2271,#1111,.T.);
#2907=EDGE_CURVE('',#2275,#2276,#1824,.T.);
#2908=EDGE_CURVE('',#2276,#2270,#1112,.T.);
#2909=EDGE_CURVE('',#2276,#2277,#1113,.T.);
#2910=EDGE_CURVE('',#2277,#2269,#1114,.T.);
#2911=EDGE_CURVE('',#2277,#2278,#1825,.T.);
#2912=EDGE_CURVE('',#2278,#2268,#1115,.T.);
#2913=EDGE_CURVE('',#2278,#2279,#1116,.T.);
#2914=EDGE_CURVE('',#2279,#2259,#1117,.T.);
#2915=EDGE_CURVE('',#2279,#1988,#1118,.T.);
#2916=EDGE_CURVE('',#2278,#1987,#1119,.T.);
#2917=EDGE_CURVE('',#2277,#1986,#1120,.T.);
#2918=EDGE_CURVE('',#2276,#1985,#1121,.T.);
#2919=EDGE_CURVE('',#2275,#1984,#1122,.T.);
#2920=EDGE_CURVE('',#2280,#2280,#1826,.T.);
#2921=EDGE_CURVE('',#2281,#2282,#1123,.T.);
#2922=EDGE_CURVE('',#2281,#2283,#1124,.T.);
#2923=EDGE_CURVE('',#2283,#2284,#1827,.T.);
#2924=EDGE_CURVE('',#2284,#2285,#1125,.T.);
#2925=EDGE_CURVE('',#2285,#2286,#1828,.T.);
#2926=EDGE_CURVE('',#2286,#2282,#1126,.T.);
#2927=EDGE_CURVE('',#2287,#2287,#1829,.T.);
#2928=EDGE_CURVE('',#2288,#2288,#1830,.T.);
#2929=EDGE_CURVE('',#2288,#2280,#1831,.T.);
#2930=EDGE_CURVE('',#2288,#2287,#1832,.T.);
#2931=EDGE_CURVE('',#2289,#2290,#1127,.T.);
#2932=EDGE_CURVE('',#2282,#2289,#1128,.T.);
#2933=EDGE_CURVE('',#2290,#2286,#1129,.T.);
#2934=EDGE_CURVE('',#2290,#2291,#1833,.T.);
#2935=EDGE_CURVE('',#2291,#2285,#1130,.T.);
#2936=EDGE_CURVE('',#2291,#2292,#1131,.T.);
#2937=EDGE_CURVE('',#2292,#2284,#1132,.T.);
#2938=EDGE_CURVE('',#2292,#2293,#1834,.T.);
#2939=EDGE_CURVE('',#2293,#2283,#1133,.T.);
#2940=EDGE_CURVE('',#2293,#2294,#1134,.T.);
#2941=EDGE_CURVE('',#2294,#2281,#1135,.T.);
#2942=EDGE_CURVE('',#2294,#2012,#1136,.T.);
#2943=EDGE_CURVE('',#2256,#2281,#1137,.T.);
#2944=EDGE_CURVE('',#2293,#2011,#1138,.T.);
#2945=EDGE_CURVE('',#2292,#2010,#1139,.T.);
#2946=EDGE_CURVE('',#2291,#2009,#1140,.T.);
#2947=EDGE_CURVE('',#2290,#2008,#1141,.T.);
#2948=EDGE_CURVE('',#2007,#2289,#1142,.T.);
#2949=EDGE_CURVE('',#2282,#2219,#1143,.T.);
#2950=EDGE_CURVE('',#2295,#2209,#1835,.T.);
#2951=EDGE_CURVE('',#2128,#2295,#1144,.T.);
#2952=EDGE_CURVE('',#2296,#2207,#1836,.T.);
#2953=EDGE_CURVE('',#2137,#2296,#1145,.T.);
#2954=EDGE_CURVE('',#2297,#2110,#1837,.T.);
#2955=EDGE_CURVE('',#2298,#2297,#1838,.T.);
#2956=EDGE_CURVE('',#2096,#2298,#1839,.T.);
#2957=EDGE_CURVE('',#2112,#2144,#1146,.T.);
#2958=EDGE_CURVE('',#2297,#2126,#1147,.T.);
#2959=EDGE_CURVE('',#2299,#2300,#1840,.T.);
#2960=EDGE_CURVE('',#2299,#2301,#1148,.T.);
#2961=EDGE_CURVE('',#2302,#2301,#1841,.T.);
#2962=EDGE_CURVE('',#2300,#2302,#1149,.T.);
#2963=EDGE_CURVE('',#2300,#2303,#1842,.T.);
#2964=EDGE_CURVE('',#2304,#2302,#1843,.T.);
#2965=EDGE_CURVE('',#2303,#2304,#1150,.T.);
#2966=EDGE_CURVE('',#2305,#2306,#1151,.T.);
#2967=EDGE_CURVE('',#2305,#2307,#1844,.T.);
#2968=EDGE_CURVE('',#2301,#2307,#1152,.T.);
#2969=EDGE_CURVE('',#2301,#2306,#1845,.T.);
#2970=EDGE_CURVE('',#2307,#2308,#1846,.T.);
#2971=EDGE_CURVE('',#2302,#2308,#1153,.T.);
#2972=EDGE_CURVE('',#2308,#2309,#1847,.T.);
#2973=EDGE_CURVE('',#2304,#2309,#1154,.T.);
#2974=EDGE_CURVE('',#2309,#2305,#1848,.T.);
#2975=EDGE_CURVE('',#2306,#2304,#1849,.T.);
#2976=EDGE_CURVE('',#2303,#2310,#1850,.T.);
#2977=EDGE_CURVE('',#2310,#2306,#1155,.T.);
#2978=EDGE_CURVE('',#2310,#2299,#1851,.T.);
#2979=EDGE_CURVE('',#2035,#2303,#1156,.T.);
#2980=EDGE_CURVE('',#2300,#2037,#1157,.T.);
#2981=EDGE_CURVE('',#2299,#2036,#1158,.T.);
#2982=EDGE_CURVE('',#2310,#2034,#1159,.T.);
#2983=EDGE_CURVE('',#2311,#2312,#1852,.T.);
#2984=EDGE_CURVE('',#2311,#2313,#1160,.T.);
#2985=EDGE_CURVE('',#2314,#2313,#1853,.T.);
#2986=EDGE_CURVE('',#2312,#2314,#1161,.T.);
#2987=EDGE_CURVE('',#2312,#2315,#1854,.T.);
#2988=EDGE_CURVE('',#2316,#2314,#1855,.T.);
#2989=EDGE_CURVE('',#2315,#2316,#1162,.T.);
#2990=EDGE_CURVE('',#2317,#2318,#1163,.T.);
#2991=EDGE_CURVE('',#2317,#2319,#1856,.T.);
#2992=EDGE_CURVE('',#2313,#2319,#1164,.T.);
#2993=EDGE_CURVE('',#2313,#2318,#1857,.T.);
#2994=EDGE_CURVE('',#2319,#2320,#1858,.T.);
#2995=EDGE_CURVE('',#2314,#2320,#1165,.T.);
#2996=EDGE_CURVE('',#2320,#2321,#1859,.T.);
#2997=EDGE_CURVE('',#2316,#2321,#1166,.T.);
#2998=EDGE_CURVE('',#2321,#2317,#1860,.T.);
#2999=EDGE_CURVE('',#2318,#2316,#1861,.T.);
#3000=EDGE_CURVE('',#2315,#2322,#1862,.T.);
#3001=EDGE_CURVE('',#2322,#2318,#1167,.T.);
#3002=EDGE_CURVE('',#2322,#2311,#1863,.T.);
#3003=EDGE_CURVE('',#2023,#2315,#1168,.T.);
#3004=EDGE_CURVE('',#2312,#2025,#1169,.T.);
#3005=EDGE_CURVE('',#2311,#2024,#1170,.T.);
#3006=EDGE_CURVE('',#2322,#2022,#1171,.T.);
#3007=EDGE_CURVE('',#2264,#2323,#33,.T.);
#3008=EDGE_CURVE('',#2323,#2265,#1864,.F.);
#3009=EDGE_CURVE('',#1980,#2264,#1172,.T.);
#3010=EDGE_CURVE('',#2018,#2324,#1173,.T.);
#3011=EDGE_CURVE('',#2324,#2196,#1865,.T.);
#3012=EDGE_CURVE('',#2325,#2324,#1866,.T.);
#3013=EDGE_CURVE('',#2017,#2325,#1174,.T.);
#3014=EDGE_CURVE('',#2016,#2326,#1175,.T.);
#3015=EDGE_CURVE('',#2326,#2327,#1867,.F.);
#3016=EDGE_CURVE('',#2327,#2328,#1176,.T.);
#3017=EDGE_CURVE('',#2328,#2325,#1868,.T.);
#3018=EDGE_CURVE('',#1978,#2148,#1177,.T.);
#3019=EDGE_CURVE('',#1977,#2149,#1178,.T.);
#3020=EDGE_CURVE('',#2327,#2329,#1869,.T.);
#3021=EDGE_CURVE('',#2329,#2330,#1179,.T.);
#3022=EDGE_CURVE('',#2328,#2330,#1870,.T.);
#3023=EDGE_CURVE('',#2330,#2099,#1871,.T.);
#3024=EDGE_CURVE('',#2329,#2100,#1872,.T.);
#3025=EDGE_CURVE('',#2101,#2331,#1873,.T.);
#3026=EDGE_CURVE('',#2331,#2146,#1180,.T.);
#3027=EDGE_CURVE('',#2331,#2332,#1874,.T.);
#3028=EDGE_CURVE('',#2147,#2332,#1181,.T.);
#3029=EDGE_CURVE('',#2124,#2333,#1182,.T.);
#3030=EDGE_CURVE('',#2334,#2333,#1875,.T.);
#3031=EDGE_CURVE('',#2125,#2334,#1183,.T.);
#3032=EDGE_CURVE('',#2335,#2334,#1876,.T.);
#3033=EDGE_CURVE('',#2298,#2335,#1184,.T.);
#3034=EDGE_CURVE('',#2095,#2335,#1877,.T.);
#3035=EDGE_CURVE('',#2113,#2152,#1185,.T.);
#3036=EDGE_CURVE('',#2114,#2151,#1186,.T.);
#3037=EDGE_CURVE('',#2336,#2254,#34,.T.);
#3038=EDGE_CURVE('',#2263,#2336,#1878,.F.);
#3039=EDGE_CURVE('',#2323,#2337,#1879,.T.);
#3040=EDGE_CURVE('',#2337,#2338,#1880,.T.);
#3041=EDGE_CURVE('',#2338,#2339,#1881,.T.);
#3042=EDGE_CURVE('',#2339,#2336,#1882,.T.);
#3043=EDGE_CURVE('',#2251,#2261,#1187,.T.);
#3044=EDGE_CURVE('',#2211,#2295,#1883,.T.);
#3045=EDGE_CURVE('',#2206,#2296,#1884,.T.);
#3046=EDGE_CURVE('',#2340,#2340,#1885,.T.);
#3047=EDGE_CURVE('',#2341,#2341,#1886,.T.);
#3048=EDGE_CURVE('',#2342,#2342,#1887,.T.);
#3049=EDGE_CURVE('',#2343,#2343,#1888,.T.);
#3050=EDGE_CURVE('',#2344,#2344,#1889,.T.);
#3051=EDGE_CURVE('',#2345,#1979,#1188,.T.);
#3052=EDGE_CURVE('',#2332,#2345,#1890,.F.);
#3053=EDGE_CURVE('',#2326,#2339,#1189,.T.);
#3054=EDGE_CURVE('',#2345,#2337,#1190,.T.);
#3055=EDGE_CURVE('',#2346,#2346,#1891,.T.);
#3056=EDGE_CURVE('',#2346,#2343,#1191,.T.);
#3057=EDGE_CURVE('',#2346,#2347,#1192,.T.);
#3058=EDGE_CURVE('',#2347,#2347,#1892,.T.);
#3059=EDGE_CURVE('',#2348,#2348,#1893,.T.);
#3060=EDGE_CURVE('',#2348,#2344,#1193,.T.);
#3061=EDGE_CURVE('',#2349,#2349,#1894,.T.);
#3062=EDGE_CURVE('',#2349,#2348,#1194,.T.);
#3063=EDGE_CURVE('',#2350,#2350,#1895,.T.);
#3064=EDGE_CURVE('',#2350,#2340,#1195,.T.);
#3065=EDGE_CURVE('',#2351,#2326,#1896,.T.);
#3066=EDGE_CURVE('',#2352,#2351,#1897,.T.);
#3067=EDGE_CURVE('',#2353,#2352,#1898,.T.);
#3068=EDGE_CURVE('',#2354,#2353,#1899,.T.);
#3069=EDGE_CURVE('',#2355,#2354,#1900,.T.);
#3070=EDGE_CURVE('',#2356,#2355,#1901,.T.);
#3071=EDGE_CURVE('',#2357,#2356,#1902,.T.);
#3072=EDGE_CURVE('',#2345,#2357,#1903,.T.);
#3073=EDGE_CURVE('',#2358,#2358,#1904,.T.);
#3074=EDGE_CURVE('',#2358,#2350,#1196,.T.);
#3075=EDGE_CURVE('',#2359,#2359,#1905,.T.);
#3076=EDGE_CURVE('',#2359,#2341,#1197,.T.);
#3077=EDGE_CURVE('',#2351,#2353,#35,.T.);
#3078=EDGE_CURVE('',#2354,#2338,#1198,.T.);
#3079=EDGE_CURVE('',#2352,#2359,#1199,.T.);
#3080=EDGE_CURVE('',#2360,#2360,#1906,.T.);
#3081=EDGE_CURVE('',#2360,#2342,#1200,.T.);
#3082=EDGE_CURVE('',#2355,#2357,#36,.T.);
#3083=EDGE_CURVE('',#2356,#2360,#1201,.T.);
#3084=EDGE_CURVE('',#2333,#2196,#1907,.T.);
#3085=ORIENTED_EDGE('',*,*,#2361,.F.);
#3086=ORIENTED_EDGE('',*,*,#2362,.T.);
#3087=ORIENTED_EDGE('',*,*,#2363,.F.);
#3088=ORIENTED_EDGE('',*,*,#2364,.F.);
#3089=ORIENTED_EDGE('',*,*,#2365,.F.);
#3090=ORIENTED_EDGE('',*,*,#2364,.T.);
#3091=ORIENTED_EDGE('',*,*,#2366,.F.);
#3092=ORIENTED_EDGE('',*,*,#2367,.F.);
#3093=ORIENTED_EDGE('',*,*,#2368,.F.);
#3094=ORIENTED_EDGE('',*,*,#2367,.T.);
#3095=ORIENTED_EDGE('',*,*,#2369,.F.);
#3096=ORIENTED_EDGE('',*,*,#2370,.F.);
#3097=ORIENTED_EDGE('',*,*,#2371,.T.);
#3098=ORIENTED_EDGE('',*,*,#2372,.F.);
#3099=ORIENTED_EDGE('',*,*,#2373,.F.);
#3100=ORIENTED_EDGE('',*,*,#2374,.T.);
#3101=ORIENTED_EDGE('',*,*,#2375,.T.);
#3102=ORIENTED_EDGE('',*,*,#2376,.T.);
#3103=ORIENTED_EDGE('',*,*,#2377,.T.);
#3104=ORIENTED_EDGE('',*,*,#2378,.T.);
#3105=ORIENTED_EDGE('',*,*,#2379,.F.);
#3106=ORIENTED_EDGE('',*,*,#2380,.F.);
#3107=ORIENTED_EDGE('',*,*,#2381,.T.);
#3108=ORIENTED_EDGE('',*,*,#2369,.T.);
#3109=ORIENTED_EDGE('',*,*,#2366,.T.);
#3110=ORIENTED_EDGE('',*,*,#2363,.T.);
#3111=ORIENTED_EDGE('',*,*,#2373,.T.);
#3112=ORIENTED_EDGE('',*,*,#2382,.T.);
#3113=ORIENTED_EDGE('',*,*,#2383,.F.);
#3114=ORIENTED_EDGE('',*,*,#2384,.F.);
#3115=ORIENTED_EDGE('',*,*,#2372,.T.);
#3116=ORIENTED_EDGE('',*,*,#2385,.T.);
#3117=ORIENTED_EDGE('',*,*,#2386,.F.);
#3118=ORIENTED_EDGE('',*,*,#2382,.F.);
#3119=ORIENTED_EDGE('',*,*,#2380,.T.);
#3120=ORIENTED_EDGE('',*,*,#2387,.T.);
#3121=ORIENTED_EDGE('',*,*,#2388,.F.);
#3122=ORIENTED_EDGE('',*,*,#2389,.F.);
#3123=ORIENTED_EDGE('',*,*,#2390,.F.);
#3124=ORIENTED_EDGE('',*,*,#2370,.T.);
#3125=ORIENTED_EDGE('',*,*,#2381,.F.);
#3126=ORIENTED_EDGE('',*,*,#2389,.T.);
#3127=ORIENTED_EDGE('',*,*,#2391,.F.);
#3128=ORIENTED_EDGE('',*,*,#2392,.F.);
#3129=ORIENTED_EDGE('',*,*,#2393,.F.);
#3130=ORIENTED_EDGE('',*,*,#2392,.T.);
#3131=ORIENTED_EDGE('',*,*,#2394,.F.);
#3132=ORIENTED_EDGE('',*,*,#2395,.F.);
#3133=ORIENTED_EDGE('',*,*,#2396,.F.);
#3134=ORIENTED_EDGE('',*,*,#2395,.T.);
#3135=ORIENTED_EDGE('',*,*,#2397,.F.);
#3136=ORIENTED_EDGE('',*,*,#2398,.F.);
#3137=ORIENTED_EDGE('',*,*,#2399,.F.);
#3138=ORIENTED_EDGE('',*,*,#2398,.T.);
#3139=ORIENTED_EDGE('',*,*,#2400,.F.);
#3140=ORIENTED_EDGE('',*,*,#2401,.F.);
#3141=ORIENTED_EDGE('',*,*,#2402,.F.);
#3142=ORIENTED_EDGE('',*,*,#2401,.T.);
#3143=ORIENTED_EDGE('',*,*,#2403,.F.);
#3144=ORIENTED_EDGE('',*,*,#2385,.F.);
#3145=ORIENTED_EDGE('',*,*,#2371,.F.);
#3146=ORIENTED_EDGE('',*,*,#2362,.F.);
#3147=ORIENTED_EDGE('',*,*,#2379,.T.);
#3148=ORIENTED_EDGE('',*,*,#2404,.T.);
#3149=ORIENTED_EDGE('',*,*,#2405,.F.);
#3150=ORIENTED_EDGE('',*,*,#2387,.F.);
#3151=ORIENTED_EDGE('',*,*,#2405,.T.);
#3152=ORIENTED_EDGE('',*,*,#2406,.T.);
#3153=ORIENTED_EDGE('',*,*,#2407,.T.);
#3154=ORIENTED_EDGE('',*,*,#2408,.T.);
#3155=ORIENTED_EDGE('',*,*,#2409,.T.);
#3156=ORIENTED_EDGE('',*,*,#2410,.T.);
#3157=ORIENTED_EDGE('',*,*,#2383,.T.);
#3158=ORIENTED_EDGE('',*,*,#2386,.T.);
#3159=ORIENTED_EDGE('',*,*,#2403,.T.);
#3160=ORIENTED_EDGE('',*,*,#2400,.T.);
#3161=ORIENTED_EDGE('',*,*,#2397,.T.);
#3162=ORIENTED_EDGE('',*,*,#2394,.T.);
#3163=ORIENTED_EDGE('',*,*,#2391,.T.);
#3164=ORIENTED_EDGE('',*,*,#2388,.T.);
#3165=ORIENTED_EDGE('',*,*,#2411,.F.);
#3166=ORIENTED_EDGE('',*,*,#2412,.T.);
#3167=ORIENTED_EDGE('',*,*,#2413,.F.);
#3168=ORIENTED_EDGE('',*,*,#2412,.F.);
#3169=ORIENTED_EDGE('',*,*,#2411,.T.);
#3170=ORIENTED_EDGE('',*,*,#2414,.T.);
#3171=ORIENTED_EDGE('',*,*,#2415,.F.);
#3172=ORIENTED_EDGE('',*,*,#2416,.T.);
#3173=ORIENTED_EDGE('',*,*,#2417,.F.);
#3174=ORIENTED_EDGE('',*,*,#2416,.F.);
#3175=ORIENTED_EDGE('',*,*,#2415,.T.);
#3176=ORIENTED_EDGE('',*,*,#2418,.T.);
#3177=ORIENTED_EDGE('',*,*,#2419,.F.);
#3178=ORIENTED_EDGE('',*,*,#2420,.T.);
#3179=ORIENTED_EDGE('',*,*,#2421,.F.);
#3180=ORIENTED_EDGE('',*,*,#2420,.F.);
#3181=ORIENTED_EDGE('',*,*,#2419,.T.);
#3182=ORIENTED_EDGE('',*,*,#2422,.T.);
#3183=ORIENTED_EDGE('',*,*,#2423,.F.);
#3184=ORIENTED_EDGE('',*,*,#2424,.T.);
#3185=ORIENTED_EDGE('',*,*,#2425,.F.);
#3186=ORIENTED_EDGE('',*,*,#2424,.F.);
#3187=ORIENTED_EDGE('',*,*,#2423,.T.);
#3188=ORIENTED_EDGE('',*,*,#2426,.T.);
#3189=ORIENTED_EDGE('',*,*,#2422,.F.);
#3190=ORIENTED_EDGE('',*,*,#2427,.T.);
#3191=ORIENTED_EDGE('',*,*,#2428,.F.);
#3192=ORIENTED_EDGE('',*,*,#2427,.F.);
#3193=ORIENTED_EDGE('',*,*,#2418,.F.);
#3194=ORIENTED_EDGE('',*,*,#2429,.T.);
#3195=ORIENTED_EDGE('',*,*,#2430,.F.);
#3196=ORIENTED_EDGE('',*,*,#2429,.F.);
#3197=ORIENTED_EDGE('',*,*,#2426,.F.);
#3198=ORIENTED_EDGE('',*,*,#2431,.T.);
#3199=ORIENTED_EDGE('',*,*,#2432,.F.);
#3200=ORIENTED_EDGE('',*,*,#2431,.F.);
#3201=ORIENTED_EDGE('',*,*,#2414,.F.);
#3202=ORIENTED_EDGE('',*,*,#2433,.T.);
#3203=ORIENTED_EDGE('',*,*,#2434,.F.);
#3204=ORIENTED_EDGE('',*,*,#2433,.F.);
#3205=ORIENTED_EDGE('',*,*,#2435,.F.);
#3206=ORIENTED_EDGE('',*,*,#2436,.F.);
#3207=ORIENTED_EDGE('',*,*,#2437,.F.);
#3208=ORIENTED_EDGE('',*,*,#2376,.F.);
#3209=ORIENTED_EDGE('',*,*,#2437,.T.);
#3210=ORIENTED_EDGE('',*,*,#2438,.F.);
#3211=ORIENTED_EDGE('',*,*,#2439,.F.);
#3212=ORIENTED_EDGE('',*,*,#2377,.F.);
#3213=ORIENTED_EDGE('',*,*,#2439,.T.);
#3214=ORIENTED_EDGE('',*,*,#2440,.F.);
#3215=ORIENTED_EDGE('',*,*,#2441,.F.);
#3216=ORIENTED_EDGE('',*,*,#2406,.F.);
#3217=ORIENTED_EDGE('',*,*,#2404,.F.);
#3218=ORIENTED_EDGE('',*,*,#2378,.F.);
#3219=ORIENTED_EDGE('',*,*,#2441,.T.);
#3220=ORIENTED_EDGE('',*,*,#2442,.F.);
#3221=ORIENTED_EDGE('',*,*,#2443,.F.);
#3222=ORIENTED_EDGE('',*,*,#2407,.F.);
#3223=ORIENTED_EDGE('',*,*,#2443,.T.);
#3224=ORIENTED_EDGE('',*,*,#2444,.F.);
#3225=ORIENTED_EDGE('',*,*,#2445,.F.);
#3226=ORIENTED_EDGE('',*,*,#2408,.F.);
#3227=ORIENTED_EDGE('',*,*,#2445,.T.);
#3228=ORIENTED_EDGE('',*,*,#2446,.F.);
#3229=ORIENTED_EDGE('',*,*,#2447,.F.);
#3230=ORIENTED_EDGE('',*,*,#2409,.F.);
#3231=ORIENTED_EDGE('',*,*,#2447,.T.);
#3232=ORIENTED_EDGE('',*,*,#2448,.F.);
#3233=ORIENTED_EDGE('',*,*,#2449,.F.);
#3234=ORIENTED_EDGE('',*,*,#2374,.F.);
#3235=ORIENTED_EDGE('',*,*,#2384,.T.);
#3236=ORIENTED_EDGE('',*,*,#2410,.F.);
#3237=ORIENTED_EDGE('',*,*,#2449,.T.);
#3238=ORIENTED_EDGE('',*,*,#2450,.F.);
#3239=ORIENTED_EDGE('',*,*,#2435,.T.);
#3240=ORIENTED_EDGE('',*,*,#2375,.F.);
#3241=ORIENTED_EDGE('',*,*,#2450,.T.);
#3242=ORIENTED_EDGE('',*,*,#2448,.T.);
#3243=ORIENTED_EDGE('',*,*,#2446,.T.);
#3244=ORIENTED_EDGE('',*,*,#2444,.T.);
#3245=ORIENTED_EDGE('',*,*,#2442,.T.);
#3246=ORIENTED_EDGE('',*,*,#2440,.T.);
#3247=ORIENTED_EDGE('',*,*,#2438,.T.);
#3248=ORIENTED_EDGE('',*,*,#2436,.T.);
#3249=ORIENTED_EDGE('',*,*,#2434,.T.);
#3250=ORIENTED_EDGE('',*,*,#2432,.T.);
#3251=ORIENTED_EDGE('',*,*,#2430,.T.);
#3252=ORIENTED_EDGE('',*,*,#2428,.T.);
#3253=ORIENTED_EDGE('',*,*,#2390,.T.);
#3254=ORIENTED_EDGE('',*,*,#2393,.T.);
#3255=ORIENTED_EDGE('',*,*,#2396,.T.);
#3256=ORIENTED_EDGE('',*,*,#2399,.T.);
#3257=ORIENTED_EDGE('',*,*,#2402,.T.);
#3258=ORIENTED_EDGE('',*,*,#2361,.T.);
#3259=ORIENTED_EDGE('',*,*,#2365,.T.);
#3260=ORIENTED_EDGE('',*,*,#2368,.T.);
#3261=ORIENTED_EDGE('',*,*,#2413,.T.);
#3262=ORIENTED_EDGE('',*,*,#2417,.T.);
#3263=ORIENTED_EDGE('',*,*,#2421,.T.);
#3264=ORIENTED_EDGE('',*,*,#2425,.T.);
#3265=ORIENTED_EDGE('',*,*,#2451,.F.);
#3266=ORIENTED_EDGE('',*,*,#2452,.T.);
#3267=ORIENTED_EDGE('',*,*,#2453,.T.);
#3268=ORIENTED_EDGE('',*,*,#2454,.T.);
#3269=ORIENTED_EDGE('',*,*,#2455,.T.);
#3270=ORIENTED_EDGE('',*,*,#2456,.F.);
#3271=ORIENTED_EDGE('',*,*,#2457,.T.);
#3272=ORIENTED_EDGE('',*,*,#2458,.T.);
#3273=ORIENTED_EDGE('',*,*,#2459,.T.);
#3274=ORIENTED_EDGE('',*,*,#2460,.T.);
#3275=ORIENTED_EDGE('',*,*,#2461,.T.);
#3276=ORIENTED_EDGE('',*,*,#2462,.T.);
#3277=ORIENTED_EDGE('',*,*,#2463,.T.);
#3278=ORIENTED_EDGE('',*,*,#2464,.T.);
#3279=ORIENTED_EDGE('',*,*,#2465,.T.);
#3280=ORIENTED_EDGE('',*,*,#2466,.F.);
#3281=ORIENTED_EDGE('',*,*,#2467,.F.);
#3282=ORIENTED_EDGE('',*,*,#2468,.F.);
#3283=ORIENTED_EDGE('',*,*,#2469,.F.);
#3284=ORIENTED_EDGE('',*,*,#2470,.F.);
#3285=ORIENTED_EDGE('',*,*,#2471,.T.);
#3286=ORIENTED_EDGE('',*,*,#2472,.F.);
#3287=ORIENTED_EDGE('',*,*,#2473,.F.);
#3288=ORIENTED_EDGE('',*,*,#2474,.F.);
#3289=ORIENTED_EDGE('',*,*,#2475,.F.);
#3290=ORIENTED_EDGE('',*,*,#2476,.F.);
#3291=ORIENTED_EDGE('',*,*,#2477,.T.);
#3292=ORIENTED_EDGE('',*,*,#2478,.T.);
#3293=ORIENTED_EDGE('',*,*,#2479,.T.);
#3294=ORIENTED_EDGE('',*,*,#2480,.F.);
#3295=ORIENTED_EDGE('',*,*,#2481,.T.);
#3296=ORIENTED_EDGE('',*,*,#2482,.T.);
#3297=ORIENTED_EDGE('',*,*,#2483,.T.);
#3298=ORIENTED_EDGE('',*,*,#2484,.F.);
#3299=ORIENTED_EDGE('',*,*,#2485,.F.);
#3300=ORIENTED_EDGE('',*,*,#2486,.F.);
#3301=ORIENTED_EDGE('',*,*,#2487,.F.);
#3302=ORIENTED_EDGE('',*,*,#2488,.F.);
#3303=ORIENTED_EDGE('',*,*,#2489,.T.);
#3304=ORIENTED_EDGE('',*,*,#2490,.F.);
#3305=ORIENTED_EDGE('',*,*,#2491,.F.);
#3306=ORIENTED_EDGE('',*,*,#2492,.F.);
#3307=ORIENTED_EDGE('',*,*,#2493,.F.);
#3308=ORIENTED_EDGE('',*,*,#2494,.F.);
#3309=ORIENTED_EDGE('',*,*,#2495,.T.);
#3310=ORIENTED_EDGE('',*,*,#2496,.T.);
#3311=ORIENTED_EDGE('',*,*,#2497,.T.);
#3312=ORIENTED_EDGE('',*,*,#2498,.T.);
#3313=ORIENTED_EDGE('',*,*,#2499,.T.);
#3314=ORIENTED_EDGE('',*,*,#2500,.T.);
#3315=ORIENTED_EDGE('',*,*,#2501,.T.);
#3316=ORIENTED_EDGE('',*,*,#2502,.T.);
#3317=ORIENTED_EDGE('',*,*,#2503,.T.);
#3318=ORIENTED_EDGE('',*,*,#2504,.F.);
#3319=ORIENTED_EDGE('',*,*,#2505,.F.);
#3320=ORIENTED_EDGE('',*,*,#2506,.F.);
#3321=ORIENTED_EDGE('',*,*,#2507,.F.);
#3322=ORIENTED_EDGE('',*,*,#2508,.F.);
#3323=ORIENTED_EDGE('',*,*,#2509,.F.);
#3324=ORIENTED_EDGE('',*,*,#2510,.F.);
#3325=ORIENTED_EDGE('',*,*,#2511,.F.);
#3326=ORIENTED_EDGE('',*,*,#2512,.F.);
#3327=ORIENTED_EDGE('',*,*,#2513,.F.);
#3328=ORIENTED_EDGE('',*,*,#2514,.F.);
#3329=ORIENTED_EDGE('',*,*,#2515,.F.);
#3330=ORIENTED_EDGE('',*,*,#2516,.F.);
#3331=ORIENTED_EDGE('',*,*,#2517,.F.);
#3332=ORIENTED_EDGE('',*,*,#2518,.F.);
#3333=ORIENTED_EDGE('',*,*,#2519,.F.);
#3334=ORIENTED_EDGE('',*,*,#2520,.F.);
#3335=ORIENTED_EDGE('',*,*,#2521,.F.);
#3336=ORIENTED_EDGE('',*,*,#2522,.T.);
#3337=ORIENTED_EDGE('',*,*,#2523,.F.);
#3338=ORIENTED_EDGE('',*,*,#2524,.T.);
#3339=ORIENTED_EDGE('',*,*,#2525,.F.);
#3340=ORIENTED_EDGE('',*,*,#2524,.F.);
#3341=ORIENTED_EDGE('',*,*,#2526,.T.);
#3342=ORIENTED_EDGE('',*,*,#2527,.F.);
#3343=ORIENTED_EDGE('',*,*,#2528,.F.);
#3344=ORIENTED_EDGE('',*,*,#2526,.F.);
#3345=ORIENTED_EDGE('',*,*,#2523,.T.);
#3346=ORIENTED_EDGE('',*,*,#2529,.T.);
#3347=ORIENTED_EDGE('',*,*,#2530,.T.);
#3348=ORIENTED_EDGE('',*,*,#2529,.F.);
#3349=ORIENTED_EDGE('',*,*,#2530,.F.);
#3350=ORIENTED_EDGE('',*,*,#2531,.T.);
#3351=ORIENTED_EDGE('',*,*,#2532,.F.);
#3352=ORIENTED_EDGE('',*,*,#2531,.F.);
#3353=ORIENTED_EDGE('',*,*,#2533,.T.);
#3354=ORIENTED_EDGE('',*,*,#2534,.T.);
#3355=ORIENTED_EDGE('',*,*,#2535,.T.);
#3356=ORIENTED_EDGE('',*,*,#2534,.F.);
#3357=ORIENTED_EDGE('',*,*,#2536,.T.);
#3358=ORIENTED_EDGE('',*,*,#2533,.F.);
#3359=ORIENTED_EDGE('',*,*,#2535,.F.);
#3360=ORIENTED_EDGE('',*,*,#2537,.T.);
#3361=ORIENTED_EDGE('',*,*,#2538,.F.);
#3362=ORIENTED_EDGE('',*,*,#2537,.F.);
#3363=ORIENTED_EDGE('',*,*,#2539,.T.);
#3364=ORIENTED_EDGE('',*,*,#2540,.T.);
#3365=ORIENTED_EDGE('',*,*,#2541,.T.);
#3366=ORIENTED_EDGE('',*,*,#2540,.F.);
#3367=ORIENTED_EDGE('',*,*,#2542,.T.);
#3368=ORIENTED_EDGE('',*,*,#2539,.F.);
#3369=ORIENTED_EDGE('',*,*,#2541,.F.);
#3370=ORIENTED_EDGE('',*,*,#2543,.T.);
#3371=ORIENTED_EDGE('',*,*,#2544,.F.);
#3372=ORIENTED_EDGE('',*,*,#2543,.F.);
#3373=ORIENTED_EDGE('',*,*,#2525,.T.);
#3374=ORIENTED_EDGE('',*,*,#2545,.T.);
#3375=ORIENTED_EDGE('',*,*,#2546,.T.);
#3376=ORIENTED_EDGE('',*,*,#2545,.F.);
#3377=ORIENTED_EDGE('',*,*,#2546,.F.);
#3378=ORIENTED_EDGE('',*,*,#2547,.T.);
#3379=ORIENTED_EDGE('',*,*,#2548,.F.);
#3380=ORIENTED_EDGE('',*,*,#2547,.F.);
#3381=ORIENTED_EDGE('',*,*,#2549,.T.);
#3382=ORIENTED_EDGE('',*,*,#2550,.T.);
#3383=ORIENTED_EDGE('',*,*,#2521,.T.);
#3384=ORIENTED_EDGE('',*,*,#2550,.F.);
#3385=ORIENTED_EDGE('',*,*,#2551,.T.);
#3386=ORIENTED_EDGE('',*,*,#2536,.F.);
#3387=ORIENTED_EDGE('',*,*,#2552,.T.);
#3388=ORIENTED_EDGE('',*,*,#2551,.F.);
#3389=ORIENTED_EDGE('',*,*,#2549,.F.);
#3390=ORIENTED_EDGE('',*,*,#2552,.F.);
#3391=ORIENTED_EDGE('',*,*,#2553,.T.);
#3392=ORIENTED_EDGE('',*,*,#2554,.T.);
#3393=ORIENTED_EDGE('',*,*,#2504,.T.);
#3394=ORIENTED_EDGE('',*,*,#2554,.F.);
#3395=ORIENTED_EDGE('',*,*,#2555,.T.);
#3396=ORIENTED_EDGE('',*,*,#2542,.F.);
#3397=ORIENTED_EDGE('',*,*,#2556,.T.);
#3398=ORIENTED_EDGE('',*,*,#2555,.F.);
#3399=ORIENTED_EDGE('',*,*,#2553,.F.);
#3400=ORIENTED_EDGE('',*,*,#2556,.F.);
#3401=ORIENTED_EDGE('',*,*,#2527,.T.);
#3402=ORIENTED_EDGE('',*,*,#2528,.T.);
#3403=ORIENTED_EDGE('',*,*,#2557,.T.);
#3404=ORIENTED_EDGE('',*,*,#2558,.T.);
#3405=ORIENTED_EDGE('',*,*,#2559,.F.);
#3406=ORIENTED_EDGE('',*,*,#2456,.T.);
#3407=ORIENTED_EDGE('',*,*,#2560,.F.);
#3408=ORIENTED_EDGE('',*,*,#2561,.T.);
#3409=ORIENTED_EDGE('',*,*,#2557,.F.);
#3410=ORIENTED_EDGE('',*,*,#2559,.T.);
#3411=ORIENTED_EDGE('',*,*,#2562,.T.);
#3412=ORIENTED_EDGE('',*,*,#2563,.F.);
#3413=ORIENTED_EDGE('',*,*,#2457,.F.);
#3414=ORIENTED_EDGE('',*,*,#2561,.F.);
#3415=ORIENTED_EDGE('',*,*,#2564,.F.);
#3416=ORIENTED_EDGE('',*,*,#2565,.F.);
#3417=ORIENTED_EDGE('',*,*,#2566,.F.);
#3418=ORIENTED_EDGE('',*,*,#2567,.F.);
#3419=ORIENTED_EDGE('',*,*,#2568,.F.);
#3420=ORIENTED_EDGE('',*,*,#2569,.F.);
#3421=ORIENTED_EDGE('',*,*,#2570,.F.);
#3422=ORIENTED_EDGE('',*,*,#2571,.F.);
#3423=ORIENTED_EDGE('',*,*,#2572,.F.);
#3424=ORIENTED_EDGE('',*,*,#2573,.F.);
#3425=ORIENTED_EDGE('',*,*,#2574,.F.);
#3426=ORIENTED_EDGE('',*,*,#2575,.F.);
#3427=ORIENTED_EDGE('',*,*,#2576,.F.);
#3428=ORIENTED_EDGE('',*,*,#2577,.F.);
#3429=ORIENTED_EDGE('',*,*,#2578,.F.);
#3430=ORIENTED_EDGE('',*,*,#2579,.F.);
#3431=ORIENTED_EDGE('',*,*,#2580,.F.);
#3432=ORIENTED_EDGE('',*,*,#2581,.F.);
#3433=ORIENTED_EDGE('',*,*,#2582,.F.);
#3434=ORIENTED_EDGE('',*,*,#2583,.F.);
#3435=ORIENTED_EDGE('',*,*,#2584,.F.);
#3436=ORIENTED_EDGE('',*,*,#2562,.F.);
#3437=ORIENTED_EDGE('',*,*,#2558,.F.);
#3438=ORIENTED_EDGE('',*,*,#2585,.T.);
#3439=ORIENTED_EDGE('',*,*,#2586,.T.);
#3440=ORIENTED_EDGE('',*,*,#2568,.T.);
#3441=ORIENTED_EDGE('',*,*,#2587,.F.);
#3442=ORIENTED_EDGE('',*,*,#2451,.T.);
#3443=ORIENTED_EDGE('',*,*,#2588,.F.);
#3444=ORIENTED_EDGE('',*,*,#2569,.T.);
#3445=ORIENTED_EDGE('',*,*,#2586,.F.);
#3446=ORIENTED_EDGE('',*,*,#2589,.T.);
#3447=ORIENTED_EDGE('',*,*,#2587,.T.);
#3448=ORIENTED_EDGE('',*,*,#2567,.T.);
#3449=ORIENTED_EDGE('',*,*,#2590,.F.);
#3450=ORIENTED_EDGE('',*,*,#2452,.F.);
#3451=ORIENTED_EDGE('',*,*,#2522,.F.);
#3452=ORIENTED_EDGE('',*,*,#2591,.T.);
#3453=ORIENTED_EDGE('',*,*,#2589,.F.);
#3454=ORIENTED_EDGE('',*,*,#2585,.F.);
#3455=ORIENTED_EDGE('',*,*,#2591,.F.);
#3456=ORIENTED_EDGE('',*,*,#2592,.F.);
#3457=ORIENTED_EDGE('',*,*,#2593,.T.);
#3458=ORIENTED_EDGE('',*,*,#2594,.F.);
#3459=ORIENTED_EDGE('',*,*,#2593,.F.);
#3460=ORIENTED_EDGE('',*,*,#2595,.F.);
#3461=ORIENTED_EDGE('',*,*,#2596,.T.);
#3462=ORIENTED_EDGE('',*,*,#2597,.F.);
#3463=ORIENTED_EDGE('',*,*,#2596,.F.);
#3464=ORIENTED_EDGE('',*,*,#2598,.F.);
#3465=ORIENTED_EDGE('',*,*,#2599,.T.);
#3466=ORIENTED_EDGE('',*,*,#2600,.F.);
#3467=ORIENTED_EDGE('',*,*,#2599,.F.);
#3468=ORIENTED_EDGE('',*,*,#2601,.F.);
#3469=ORIENTED_EDGE('',*,*,#2602,.T.);
#3470=ORIENTED_EDGE('',*,*,#2603,.F.);
#3471=ORIENTED_EDGE('',*,*,#2602,.F.);
#3472=ORIENTED_EDGE('',*,*,#2604,.F.);
#3473=ORIENTED_EDGE('',*,*,#2605,.F.);
#3474=ORIENTED_EDGE('',*,*,#2606,.T.);
#3475=ORIENTED_EDGE('',*,*,#2607,.T.);
#3476=ORIENTED_EDGE('',*,*,#2606,.F.);
#3477=ORIENTED_EDGE('',*,*,#2608,.F.);
#3478=ORIENTED_EDGE('',*,*,#2609,.F.);
#3479=ORIENTED_EDGE('',*,*,#2610,.F.);
#3480=ORIENTED_EDGE('',*,*,#2611,.F.);
#3481=ORIENTED_EDGE('',*,*,#2612,.F.);
#3482=ORIENTED_EDGE('',*,*,#2613,.F.);
#3483=ORIENTED_EDGE('',*,*,#2614,.F.);
#3484=ORIENTED_EDGE('',*,*,#2615,.F.);
#3485=ORIENTED_EDGE('',*,*,#2616,.F.);
#3486=ORIENTED_EDGE('',*,*,#2617,.F.);
#3487=ORIENTED_EDGE('',*,*,#2618,.F.);
#3488=ORIENTED_EDGE('',*,*,#2607,.F.);
#3489=ORIENTED_EDGE('',*,*,#2592,.T.);
#3490=ORIENTED_EDGE('',*,*,#2595,.T.);
#3491=ORIENTED_EDGE('',*,*,#2598,.T.);
#3492=ORIENTED_EDGE('',*,*,#2601,.T.);
#3493=ORIENTED_EDGE('',*,*,#2617,.T.);
#3494=ORIENTED_EDGE('',*,*,#2619,.T.);
#3495=ORIENTED_EDGE('',*,*,#2620,.T.);
#3496=ORIENTED_EDGE('',*,*,#2621,.T.);
#3497=ORIENTED_EDGE('',*,*,#2616,.T.);
#3498=ORIENTED_EDGE('',*,*,#2622,.F.);
#3499=ORIENTED_EDGE('',*,*,#2623,.F.);
#3500=ORIENTED_EDGE('',*,*,#2624,.F.);
#3501=ORIENTED_EDGE('',*,*,#2625,.F.);
#3502=ORIENTED_EDGE('',*,*,#2626,.F.);
#3503=ORIENTED_EDGE('',*,*,#2627,.F.);
#3504=ORIENTED_EDGE('',*,*,#2628,.F.);
#3505=ORIENTED_EDGE('',*,*,#2629,.F.);
#3506=ORIENTED_EDGE('',*,*,#2630,.F.);
#3507=ORIENTED_EDGE('',*,*,#2631,.F.);
#3508=ORIENTED_EDGE('',*,*,#2632,.F.);
#3509=ORIENTED_EDGE('',*,*,#2633,.F.);
#3510=ORIENTED_EDGE('',*,*,#2634,.F.);
#3511=ORIENTED_EDGE('',*,*,#2635,.F.);
#3512=ORIENTED_EDGE('',*,*,#2636,.F.);
#3513=ORIENTED_EDGE('',*,*,#2637,.F.);
#3514=ORIENTED_EDGE('',*,*,#2638,.F.);
#3515=ORIENTED_EDGE('',*,*,#2619,.F.);
#3516=ORIENTED_EDGE('',*,*,#2639,.F.);
#3517=ORIENTED_EDGE('',*,*,#2640,.F.);
#3518=ORIENTED_EDGE('',*,*,#2641,.F.);
#3519=ORIENTED_EDGE('',*,*,#2642,.F.);
#3520=ORIENTED_EDGE('',*,*,#2643,.F.);
#3521=ORIENTED_EDGE('',*,*,#2644,.F.);
#3522=ORIENTED_EDGE('',*,*,#2645,.F.);
#3523=ORIENTED_EDGE('',*,*,#2646,.F.);
#3524=ORIENTED_EDGE('',*,*,#2647,.F.);
#3525=ORIENTED_EDGE('',*,*,#2648,.F.);
#3526=ORIENTED_EDGE('',*,*,#2649,.F.);
#3527=ORIENTED_EDGE('',*,*,#2650,.F.);
#3528=ORIENTED_EDGE('',*,*,#2651,.F.);
#3529=ORIENTED_EDGE('',*,*,#2652,.F.);
#3530=ORIENTED_EDGE('',*,*,#2653,.F.);
#3531=ORIENTED_EDGE('',*,*,#2615,.T.);
#3532=ORIENTED_EDGE('',*,*,#2654,.T.);
#3533=ORIENTED_EDGE('',*,*,#2655,.F.);
#3534=ORIENTED_EDGE('',*,*,#2622,.T.);
#3535=ORIENTED_EDGE('',*,*,#2614,.T.);
#3536=ORIENTED_EDGE('',*,*,#2656,.F.);
#3537=ORIENTED_EDGE('',*,*,#2657,.F.);
#3538=ORIENTED_EDGE('',*,*,#2658,.F.);
#3539=ORIENTED_EDGE('',*,*,#2654,.F.);
#3540=ORIENTED_EDGE('',*,*,#2613,.T.);
#3541=ORIENTED_EDGE('',*,*,#2659,.F.);
#3542=ORIENTED_EDGE('',*,*,#2660,.F.);
#3543=ORIENTED_EDGE('',*,*,#2656,.T.);
#3544=ORIENTED_EDGE('',*,*,#2612,.T.);
#3545=ORIENTED_EDGE('',*,*,#2661,.T.);
#3546=ORIENTED_EDGE('',*,*,#2662,.T.);
#3547=ORIENTED_EDGE('',*,*,#2663,.F.);
#3548=ORIENTED_EDGE('',*,*,#2664,.F.);
#3549=ORIENTED_EDGE('',*,*,#2665,.F.);
#3550=ORIENTED_EDGE('',*,*,#2666,.T.);
#3551=ORIENTED_EDGE('',*,*,#2667,.T.);
#3552=ORIENTED_EDGE('',*,*,#2668,.T.);
#3553=ORIENTED_EDGE('',*,*,#2659,.T.);
#3554=ORIENTED_EDGE('',*,*,#2669,.T.);
#3555=ORIENTED_EDGE('',*,*,#2480,.T.);
#3556=ORIENTED_EDGE('',*,*,#2670,.T.);
#3557=ORIENTED_EDGE('',*,*,#2671,.F.);
#3558=ORIENTED_EDGE('',*,*,#2669,.F.);
#3559=ORIENTED_EDGE('',*,*,#2672,.F.);
#3560=ORIENTED_EDGE('',*,*,#2673,.T.);
#3561=ORIENTED_EDGE('',*,*,#2481,.F.);
#3562=ORIENTED_EDGE('',*,*,#2674,.T.);
#3563=ORIENTED_EDGE('',*,*,#2509,.T.);
#3564=ORIENTED_EDGE('',*,*,#2675,.T.);
#3565=ORIENTED_EDGE('',*,*,#2676,.T.);
#3566=ORIENTED_EDGE('',*,*,#2677,.T.);
#3567=ORIENTED_EDGE('',*,*,#2510,.T.);
#3568=ORIENTED_EDGE('',*,*,#2674,.F.);
#3569=ORIENTED_EDGE('',*,*,#2678,.T.);
#3570=ORIENTED_EDGE('',*,*,#2679,.T.);
#3571=ORIENTED_EDGE('',*,*,#2511,.T.);
#3572=ORIENTED_EDGE('',*,*,#2677,.F.);
#3573=ORIENTED_EDGE('',*,*,#2680,.T.);
#3574=ORIENTED_EDGE('',*,*,#2675,.F.);
#3575=ORIENTED_EDGE('',*,*,#2512,.T.);
#3576=ORIENTED_EDGE('',*,*,#2679,.F.);
#3577=ORIENTED_EDGE('',*,*,#2681,.T.);
#3578=ORIENTED_EDGE('',*,*,#2678,.F.);
#3579=ORIENTED_EDGE('',*,*,#2682,.T.);
#3580=ORIENTED_EDGE('',*,*,#2683,.F.);
#3581=ORIENTED_EDGE('',*,*,#2684,.F.);
#3582=ORIENTED_EDGE('',*,*,#2676,.F.);
#3583=ORIENTED_EDGE('',*,*,#2685,.T.);
#3584=ORIENTED_EDGE('',*,*,#2686,.F.);
#3585=ORIENTED_EDGE('',*,*,#2682,.F.);
#3586=ORIENTED_EDGE('',*,*,#2687,.T.);
#3587=ORIENTED_EDGE('',*,*,#2688,.T.);
#3588=ORIENTED_EDGE('',*,*,#2689,.T.);
#3589=ORIENTED_EDGE('',*,*,#2686,.T.);
#3590=ORIENTED_EDGE('',*,*,#2690,.T.);
#3591=ORIENTED_EDGE('',*,*,#2691,.T.);
#3592=ORIENTED_EDGE('',*,*,#2687,.F.);
#3593=ORIENTED_EDGE('',*,*,#2692,.T.);
#3594=ORIENTED_EDGE('',*,*,#2693,.T.);
#3595=ORIENTED_EDGE('',*,*,#2694,.T.);
#3596=ORIENTED_EDGE('',*,*,#2690,.F.);
#3597=ORIENTED_EDGE('',*,*,#2695,.T.);
#3598=ORIENTED_EDGE('',*,*,#2689,.F.);
#3599=ORIENTED_EDGE('',*,*,#2696,.T.);
#3600=ORIENTED_EDGE('',*,*,#2693,.F.);
#3601=ORIENTED_EDGE('',*,*,#2683,.T.);
#3602=ORIENTED_EDGE('',*,*,#2681,.F.);
#3603=ORIENTED_EDGE('',*,*,#2697,.T.);
#3604=ORIENTED_EDGE('',*,*,#2692,.F.);
#3605=ORIENTED_EDGE('',*,*,#2685,.F.);
#3606=ORIENTED_EDGE('',*,*,#2680,.F.);
#3607=ORIENTED_EDGE('',*,*,#2684,.T.);
#3608=ORIENTED_EDGE('',*,*,#2695,.F.);
#3609=ORIENTED_EDGE('',*,*,#2697,.F.);
#3610=ORIENTED_EDGE('',*,*,#2698,.T.);
#3611=ORIENTED_EDGE('',*,*,#2513,.T.);
#3612=ORIENTED_EDGE('',*,*,#2699,.T.);
#3613=ORIENTED_EDGE('',*,*,#2700,.T.);
#3614=ORIENTED_EDGE('',*,*,#2701,.T.);
#3615=ORIENTED_EDGE('',*,*,#2514,.T.);
#3616=ORIENTED_EDGE('',*,*,#2698,.F.);
#3617=ORIENTED_EDGE('',*,*,#2702,.T.);
#3618=ORIENTED_EDGE('',*,*,#2703,.T.);
#3619=ORIENTED_EDGE('',*,*,#2515,.T.);
#3620=ORIENTED_EDGE('',*,*,#2701,.F.);
#3621=ORIENTED_EDGE('',*,*,#2704,.T.);
#3622=ORIENTED_EDGE('',*,*,#2699,.F.);
#3623=ORIENTED_EDGE('',*,*,#2516,.T.);
#3624=ORIENTED_EDGE('',*,*,#2703,.F.);
#3625=ORIENTED_EDGE('',*,*,#2705,.T.);
#3626=ORIENTED_EDGE('',*,*,#2702,.F.);
#3627=ORIENTED_EDGE('',*,*,#2706,.T.);
#3628=ORIENTED_EDGE('',*,*,#2707,.F.);
#3629=ORIENTED_EDGE('',*,*,#2708,.F.);
#3630=ORIENTED_EDGE('',*,*,#2700,.F.);
#3631=ORIENTED_EDGE('',*,*,#2709,.T.);
#3632=ORIENTED_EDGE('',*,*,#2710,.F.);
#3633=ORIENTED_EDGE('',*,*,#2706,.F.);
#3634=ORIENTED_EDGE('',*,*,#2711,.T.);
#3635=ORIENTED_EDGE('',*,*,#2712,.T.);
#3636=ORIENTED_EDGE('',*,*,#2713,.T.);
#3637=ORIENTED_EDGE('',*,*,#2710,.T.);
#3638=ORIENTED_EDGE('',*,*,#2714,.T.);
#3639=ORIENTED_EDGE('',*,*,#2715,.T.);
#3640=ORIENTED_EDGE('',*,*,#2711,.F.);
#3641=ORIENTED_EDGE('',*,*,#2716,.T.);
#3642=ORIENTED_EDGE('',*,*,#2717,.T.);
#3643=ORIENTED_EDGE('',*,*,#2718,.T.);
#3644=ORIENTED_EDGE('',*,*,#2714,.F.);
#3645=ORIENTED_EDGE('',*,*,#2719,.T.);
#3646=ORIENTED_EDGE('',*,*,#2713,.F.);
#3647=ORIENTED_EDGE('',*,*,#2720,.T.);
#3648=ORIENTED_EDGE('',*,*,#2717,.F.);
#3649=ORIENTED_EDGE('',*,*,#2707,.T.);
#3650=ORIENTED_EDGE('',*,*,#2705,.F.);
#3651=ORIENTED_EDGE('',*,*,#2721,.T.);
#3652=ORIENTED_EDGE('',*,*,#2716,.F.);
#3653=ORIENTED_EDGE('',*,*,#2709,.F.);
#3654=ORIENTED_EDGE('',*,*,#2704,.F.);
#3655=ORIENTED_EDGE('',*,*,#2708,.T.);
#3656=ORIENTED_EDGE('',*,*,#2719,.F.);
#3657=ORIENTED_EDGE('',*,*,#2721,.F.);
#3658=ORIENTED_EDGE('',*,*,#2560,.T.);
#3659=ORIENTED_EDGE('',*,*,#2455,.F.);
#3660=ORIENTED_EDGE('',*,*,#2722,.T.);
#3661=ORIENTED_EDGE('',*,*,#2564,.T.);
#3662=ORIENTED_EDGE('',*,*,#2454,.F.);
#3663=ORIENTED_EDGE('',*,*,#2723,.T.);
#3664=ORIENTED_EDGE('',*,*,#2565,.T.);
#3665=ORIENTED_EDGE('',*,*,#2722,.F.);
#3666=ORIENTED_EDGE('',*,*,#2453,.F.);
#3667=ORIENTED_EDGE('',*,*,#2590,.T.);
#3668=ORIENTED_EDGE('',*,*,#2566,.T.);
#3669=ORIENTED_EDGE('',*,*,#2723,.F.);
#3670=ORIENTED_EDGE('',*,*,#2588,.T.);
#3671=ORIENTED_EDGE('',*,*,#2503,.F.);
#3672=ORIENTED_EDGE('',*,*,#2724,.T.);
#3673=ORIENTED_EDGE('',*,*,#2570,.T.);
#3674=ORIENTED_EDGE('',*,*,#2583,.T.);
#3675=ORIENTED_EDGE('',*,*,#2725,.T.);
#3676=ORIENTED_EDGE('',*,*,#2726,.T.);
#3677=ORIENTED_EDGE('',*,*,#2727,.F.);
#3678=ORIENTED_EDGE('',*,*,#2728,.F.);
#3679=ORIENTED_EDGE('',*,*,#2582,.T.);
#3680=ORIENTED_EDGE('',*,*,#2729,.T.);
#3681=ORIENTED_EDGE('',*,*,#2730,.T.);
#3682=ORIENTED_EDGE('',*,*,#2725,.F.);
#3683=ORIENTED_EDGE('',*,*,#2581,.T.);
#3684=ORIENTED_EDGE('',*,*,#2731,.T.);
#3685=ORIENTED_EDGE('',*,*,#2732,.T.);
#3686=ORIENTED_EDGE('',*,*,#2729,.F.);
#3687=ORIENTED_EDGE('',*,*,#2580,.T.);
#3688=ORIENTED_EDGE('',*,*,#2733,.F.);
#3689=ORIENTED_EDGE('',*,*,#2734,.T.);
#3690=ORIENTED_EDGE('',*,*,#2731,.F.);
#3691=ORIENTED_EDGE('',*,*,#2579,.T.);
#3692=ORIENTED_EDGE('',*,*,#2735,.T.);
#3693=ORIENTED_EDGE('',*,*,#2736,.F.);
#3694=ORIENTED_EDGE('',*,*,#2737,.F.);
#3695=ORIENTED_EDGE('',*,*,#2738,.T.);
#3696=ORIENTED_EDGE('',*,*,#2733,.T.);
#3697=ORIENTED_EDGE('',*,*,#2578,.T.);
#3698=ORIENTED_EDGE('',*,*,#2739,.T.);
#3699=ORIENTED_EDGE('',*,*,#2740,.F.);
#3700=ORIENTED_EDGE('',*,*,#2735,.F.);
#3701=ORIENTED_EDGE('',*,*,#2577,.T.);
#3702=ORIENTED_EDGE('',*,*,#2741,.T.);
#3703=ORIENTED_EDGE('',*,*,#2742,.F.);
#3704=ORIENTED_EDGE('',*,*,#2739,.F.);
#3705=ORIENTED_EDGE('',*,*,#2576,.T.);
#3706=ORIENTED_EDGE('',*,*,#2743,.T.);
#3707=ORIENTED_EDGE('',*,*,#2744,.T.);
#3708=ORIENTED_EDGE('',*,*,#2745,.T.);
#3709=ORIENTED_EDGE('',*,*,#2746,.F.);
#3710=ORIENTED_EDGE('',*,*,#2741,.F.);
#3711=ORIENTED_EDGE('',*,*,#2575,.T.);
#3712=ORIENTED_EDGE('',*,*,#2747,.T.);
#3713=ORIENTED_EDGE('',*,*,#2748,.T.);
#3714=ORIENTED_EDGE('',*,*,#2743,.F.);
#3715=ORIENTED_EDGE('',*,*,#2574,.T.);
#3716=ORIENTED_EDGE('',*,*,#2749,.T.);
#3717=ORIENTED_EDGE('',*,*,#2750,.T.);
#3718=ORIENTED_EDGE('',*,*,#2747,.F.);
#3719=ORIENTED_EDGE('',*,*,#2573,.T.);
#3720=ORIENTED_EDGE('',*,*,#2751,.T.);
#3721=ORIENTED_EDGE('',*,*,#2752,.T.);
#3722=ORIENTED_EDGE('',*,*,#2749,.F.);
#3723=ORIENTED_EDGE('',*,*,#2571,.T.);
#3724=ORIENTED_EDGE('',*,*,#2753,.T.);
#3725=ORIENTED_EDGE('',*,*,#2633,.T.);
#3726=ORIENTED_EDGE('',*,*,#2754,.F.);
#3727=ORIENTED_EDGE('',*,*,#2502,.F.);
#3728=ORIENTED_EDGE('',*,*,#2755,.T.);
#3729=ORIENTED_EDGE('',*,*,#2756,.T.);
#3730=ORIENTED_EDGE('',*,*,#2634,.T.);
#3731=ORIENTED_EDGE('',*,*,#2753,.F.);
#3732=ORIENTED_EDGE('',*,*,#2724,.F.);
#3733=ORIENTED_EDGE('',*,*,#2458,.F.);
#3734=ORIENTED_EDGE('',*,*,#2563,.T.);
#3735=ORIENTED_EDGE('',*,*,#2757,.T.);
#3736=ORIENTED_EDGE('',*,*,#2627,.T.);
#3737=ORIENTED_EDGE('',*,*,#2758,.F.);
#3738=ORIENTED_EDGE('',*,*,#2759,.F.);
#3739=ORIENTED_EDGE('',*,*,#2584,.T.);
#3740=ORIENTED_EDGE('',*,*,#2728,.T.);
#3741=ORIENTED_EDGE('',*,*,#2628,.T.);
#3742=ORIENTED_EDGE('',*,*,#2757,.F.);
#3743=ORIENTED_EDGE('',*,*,#2632,.T.);
#3744=ORIENTED_EDGE('',*,*,#2760,.T.);
#3745=ORIENTED_EDGE('',*,*,#2761,.T.);
#3746=ORIENTED_EDGE('',*,*,#2762,.F.);
#3747=ORIENTED_EDGE('',*,*,#2629,.T.);
#3748=ORIENTED_EDGE('',*,*,#2727,.T.);
#3749=ORIENTED_EDGE('',*,*,#2763,.T.);
#3750=ORIENTED_EDGE('',*,*,#2764,.F.);
#3751=ORIENTED_EDGE('',*,*,#2763,.F.);
#3752=ORIENTED_EDGE('',*,*,#2726,.F.);
#3753=ORIENTED_EDGE('',*,*,#2730,.F.);
#3754=ORIENTED_EDGE('',*,*,#2732,.F.);
#3755=ORIENTED_EDGE('',*,*,#2734,.F.);
#3756=ORIENTED_EDGE('',*,*,#2738,.F.);
#3757=ORIENTED_EDGE('',*,*,#2572,.T.);
#3758=ORIENTED_EDGE('',*,*,#2754,.T.);
#3759=ORIENTED_EDGE('',*,*,#2762,.T.);
#3760=ORIENTED_EDGE('',*,*,#2765,.T.);
#3761=ORIENTED_EDGE('',*,*,#2751,.F.);
#3762=ORIENTED_EDGE('',*,*,#2744,.F.);
#3763=ORIENTED_EDGE('',*,*,#2748,.F.);
#3764=ORIENTED_EDGE('',*,*,#2750,.F.);
#3765=ORIENTED_EDGE('',*,*,#2752,.F.);
#3766=ORIENTED_EDGE('',*,*,#2765,.F.);
#3767=ORIENTED_EDGE('',*,*,#2761,.F.);
#3768=ORIENTED_EDGE('',*,*,#2766,.F.);
#3769=ORIENTED_EDGE('',*,*,#2767,.F.);
#3770=ORIENTED_EDGE('',*,*,#2630,.T.);
#3771=ORIENTED_EDGE('',*,*,#2764,.T.);
#3772=ORIENTED_EDGE('',*,*,#2737,.T.);
#3773=ORIENTED_EDGE('',*,*,#2768,.F.);
#3774=ORIENTED_EDGE('',*,*,#2745,.F.);
#3775=ORIENTED_EDGE('',*,*,#2760,.F.);
#3776=ORIENTED_EDGE('',*,*,#2631,.T.);
#3777=ORIENTED_EDGE('',*,*,#2767,.T.);
#3778=ORIENTED_EDGE('',*,*,#2769,.F.);
#3779=ORIENTED_EDGE('',*,*,#2770,.T.);
#3780=ORIENTED_EDGE('',*,*,#2645,.T.);
#3781=ORIENTED_EDGE('',*,*,#2771,.F.);
#3782=ORIENTED_EDGE('',*,*,#2772,.F.);
#3783=ORIENTED_EDGE('',*,*,#2773,.T.);
#3784=ORIENTED_EDGE('',*,*,#2646,.T.);
#3785=ORIENTED_EDGE('',*,*,#2770,.F.);
#3786=ORIENTED_EDGE('',*,*,#2774,.F.);
#3787=ORIENTED_EDGE('',*,*,#2775,.T.);
#3788=ORIENTED_EDGE('',*,*,#2647,.T.);
#3789=ORIENTED_EDGE('',*,*,#2773,.F.);
#3790=ORIENTED_EDGE('',*,*,#2776,.F.);
#3791=ORIENTED_EDGE('',*,*,#2777,.T.);
#3792=ORIENTED_EDGE('',*,*,#2648,.T.);
#3793=ORIENTED_EDGE('',*,*,#2775,.F.);
#3794=ORIENTED_EDGE('',*,*,#2778,.F.);
#3795=ORIENTED_EDGE('',*,*,#2771,.T.);
#3796=ORIENTED_EDGE('',*,*,#2644,.T.);
#3797=ORIENTED_EDGE('',*,*,#2777,.F.);
#3798=ORIENTED_EDGE('',*,*,#2652,.T.);
#3799=ORIENTED_EDGE('',*,*,#2779,.T.);
#3800=ORIENTED_EDGE('',*,*,#2780,.F.);
#3801=ORIENTED_EDGE('',*,*,#2781,.F.);
#3802=ORIENTED_EDGE('',*,*,#2651,.T.);
#3803=ORIENTED_EDGE('',*,*,#2782,.T.);
#3804=ORIENTED_EDGE('',*,*,#2783,.F.);
#3805=ORIENTED_EDGE('',*,*,#2779,.F.);
#3806=ORIENTED_EDGE('',*,*,#2769,.T.);
#3807=ORIENTED_EDGE('',*,*,#2778,.T.);
#3808=ORIENTED_EDGE('',*,*,#2776,.T.);
#3809=ORIENTED_EDGE('',*,*,#2774,.T.);
#3810=ORIENTED_EDGE('',*,*,#2772,.T.);
#3811=ORIENTED_EDGE('',*,*,#2653,.T.);
#3812=ORIENTED_EDGE('',*,*,#2781,.T.);
#3813=ORIENTED_EDGE('',*,*,#2784,.F.);
#3814=ORIENTED_EDGE('',*,*,#2785,.F.);
#3815=ORIENTED_EDGE('',*,*,#2642,.T.);
#3816=ORIENTED_EDGE('',*,*,#2786,.T.);
#3817=ORIENTED_EDGE('',*,*,#2787,.F.);
#3818=ORIENTED_EDGE('',*,*,#2788,.F.);
#3819=ORIENTED_EDGE('',*,*,#2641,.T.);
#3820=ORIENTED_EDGE('',*,*,#2789,.T.);
#3821=ORIENTED_EDGE('',*,*,#2790,.F.);
#3822=ORIENTED_EDGE('',*,*,#2786,.F.);
#3823=ORIENTED_EDGE('',*,*,#2640,.T.);
#3824=ORIENTED_EDGE('',*,*,#2791,.T.);
#3825=ORIENTED_EDGE('',*,*,#2792,.F.);
#3826=ORIENTED_EDGE('',*,*,#2789,.F.);
#3827=ORIENTED_EDGE('',*,*,#2793,.T.);
#3828=ORIENTED_EDGE('',*,*,#2794,.T.);
#3829=ORIENTED_EDGE('',*,*,#2795,.T.);
#3830=ORIENTED_EDGE('',*,*,#2484,.T.);
#3831=ORIENTED_EDGE('',*,*,#2796,.T.);
#3832=ORIENTED_EDGE('',*,*,#2485,.T.);
#3833=ORIENTED_EDGE('',*,*,#2795,.F.);
#3834=ORIENTED_EDGE('',*,*,#2797,.T.);
#3835=ORIENTED_EDGE('',*,*,#2798,.T.);
#3836=ORIENTED_EDGE('',*,*,#2486,.T.);
#3837=ORIENTED_EDGE('',*,*,#2796,.F.);
#3838=ORIENTED_EDGE('',*,*,#2799,.T.);
#3839=ORIENTED_EDGE('',*,*,#2800,.T.);
#3840=ORIENTED_EDGE('',*,*,#2487,.T.);
#3841=ORIENTED_EDGE('',*,*,#2798,.F.);
#3842=ORIENTED_EDGE('',*,*,#2801,.T.);
#3843=ORIENTED_EDGE('',*,*,#2802,.T.);
#3844=ORIENTED_EDGE('',*,*,#2488,.T.);
#3845=ORIENTED_EDGE('',*,*,#2800,.F.);
#3846=ORIENTED_EDGE('',*,*,#2803,.T.);
#3847=ORIENTED_EDGE('',*,*,#2803,.F.);
#3848=ORIENTED_EDGE('',*,*,#2804,.T.);
#3849=ORIENTED_EDGE('',*,*,#2805,.T.);
#3850=ORIENTED_EDGE('',*,*,#2806,.F.);
#3851=ORIENTED_EDGE('',*,*,#2801,.F.);
#3852=ORIENTED_EDGE('',*,*,#2807,.T.);
#3853=ORIENTED_EDGE('',*,*,#2808,.T.);
#3854=ORIENTED_EDGE('',*,*,#2804,.F.);
#3855=ORIENTED_EDGE('',*,*,#2799,.F.);
#3856=ORIENTED_EDGE('',*,*,#2809,.T.);
#3857=ORIENTED_EDGE('',*,*,#2810,.T.);
#3858=ORIENTED_EDGE('',*,*,#2807,.F.);
#3859=ORIENTED_EDGE('',*,*,#2797,.F.);
#3860=ORIENTED_EDGE('',*,*,#2811,.T.);
#3861=ORIENTED_EDGE('',*,*,#2812,.T.);
#3862=ORIENTED_EDGE('',*,*,#2809,.F.);
#3863=ORIENTED_EDGE('',*,*,#2794,.F.);
#3864=ORIENTED_EDGE('',*,*,#2813,.F.);
#3865=ORIENTED_EDGE('',*,*,#2814,.T.);
#3866=ORIENTED_EDGE('',*,*,#2811,.F.);
#3867=ORIENTED_EDGE('',*,*,#2815,.T.);
#3868=ORIENTED_EDGE('',*,*,#2816,.T.);
#3869=ORIENTED_EDGE('',*,*,#2817,.T.);
#3870=ORIENTED_EDGE('',*,*,#2818,.T.);
#3871=ORIENTED_EDGE('',*,*,#2817,.F.);
#3872=ORIENTED_EDGE('',*,*,#2819,.T.);
#3873=ORIENTED_EDGE('',*,*,#2820,.T.);
#3874=ORIENTED_EDGE('',*,*,#2815,.F.);
#3875=ORIENTED_EDGE('',*,*,#2816,.F.);
#3876=ORIENTED_EDGE('',*,*,#2820,.F.);
#3877=ORIENTED_EDGE('',*,*,#2821,.F.);
#3878=ORIENTED_EDGE('',*,*,#2805,.F.);
#3879=ORIENTED_EDGE('',*,*,#2808,.F.);
#3880=ORIENTED_EDGE('',*,*,#2810,.F.);
#3881=ORIENTED_EDGE('',*,*,#2812,.F.);
#3882=ORIENTED_EDGE('',*,*,#2814,.F.);
#3883=ORIENTED_EDGE('',*,*,#2818,.F.);
#3884=ORIENTED_EDGE('',*,*,#2819,.F.);
#3885=ORIENTED_EDGE('',*,*,#2793,.F.);
#3886=ORIENTED_EDGE('',*,*,#2483,.F.);
#3887=ORIENTED_EDGE('',*,*,#2822,.F.);
#3888=ORIENTED_EDGE('',*,*,#2823,.F.);
#3889=ORIENTED_EDGE('',*,*,#2813,.T.);
#3890=ORIENTED_EDGE('',*,*,#2824,.T.);
#3891=ORIENTED_EDGE('',*,*,#2825,.T.);
#3892=ORIENTED_EDGE('',*,*,#2826,.T.);
#3893=ORIENTED_EDGE('',*,*,#2472,.T.);
#3894=ORIENTED_EDGE('',*,*,#2827,.T.);
#3895=ORIENTED_EDGE('',*,*,#2473,.T.);
#3896=ORIENTED_EDGE('',*,*,#2826,.F.);
#3897=ORIENTED_EDGE('',*,*,#2828,.T.);
#3898=ORIENTED_EDGE('',*,*,#2829,.T.);
#3899=ORIENTED_EDGE('',*,*,#2474,.T.);
#3900=ORIENTED_EDGE('',*,*,#2827,.F.);
#3901=ORIENTED_EDGE('',*,*,#2830,.T.);
#3902=ORIENTED_EDGE('',*,*,#2831,.T.);
#3903=ORIENTED_EDGE('',*,*,#2475,.T.);
#3904=ORIENTED_EDGE('',*,*,#2829,.F.);
#3905=ORIENTED_EDGE('',*,*,#2832,.T.);
#3906=ORIENTED_EDGE('',*,*,#2833,.T.);
#3907=ORIENTED_EDGE('',*,*,#2476,.T.);
#3908=ORIENTED_EDGE('',*,*,#2831,.F.);
#3909=ORIENTED_EDGE('',*,*,#2834,.T.);
#3910=ORIENTED_EDGE('',*,*,#2832,.F.);
#3911=ORIENTED_EDGE('',*,*,#2835,.T.);
#3912=ORIENTED_EDGE('',*,*,#2836,.F.);
#3913=ORIENTED_EDGE('',*,*,#2837,.F.);
#3914=ORIENTED_EDGE('',*,*,#2830,.F.);
#3915=ORIENTED_EDGE('',*,*,#2838,.T.);
#3916=ORIENTED_EDGE('',*,*,#2839,.F.);
#3917=ORIENTED_EDGE('',*,*,#2835,.F.);
#3918=ORIENTED_EDGE('',*,*,#2828,.F.);
#3919=ORIENTED_EDGE('',*,*,#2840,.T.);
#3920=ORIENTED_EDGE('',*,*,#2841,.F.);
#3921=ORIENTED_EDGE('',*,*,#2838,.F.);
#3922=ORIENTED_EDGE('',*,*,#2825,.F.);
#3923=ORIENTED_EDGE('',*,*,#2842,.F.);
#3924=ORIENTED_EDGE('',*,*,#2843,.F.);
#3925=ORIENTED_EDGE('',*,*,#2840,.F.);
#3926=ORIENTED_EDGE('',*,*,#2844,.T.);
#3927=ORIENTED_EDGE('',*,*,#2845,.T.);
#3928=ORIENTED_EDGE('',*,*,#2846,.T.);
#3929=ORIENTED_EDGE('',*,*,#2845,.F.);
#3930=ORIENTED_EDGE('',*,*,#2844,.F.);
#3931=ORIENTED_EDGE('',*,*,#2847,.T.);
#3932=ORIENTED_EDGE('',*,*,#2848,.T.);
#3933=ORIENTED_EDGE('',*,*,#2847,.F.);
#3934=ORIENTED_EDGE('',*,*,#2849,.F.);
#3935=ORIENTED_EDGE('',*,*,#2850,.T.);
#3936=ORIENTED_EDGE('',*,*,#2836,.T.);
#3937=ORIENTED_EDGE('',*,*,#2839,.T.);
#3938=ORIENTED_EDGE('',*,*,#2841,.T.);
#3939=ORIENTED_EDGE('',*,*,#2843,.T.);
#3940=ORIENTED_EDGE('',*,*,#2846,.F.);
#3941=ORIENTED_EDGE('',*,*,#2848,.F.);
#3942=ORIENTED_EDGE('',*,*,#2834,.F.);
#3943=ORIENTED_EDGE('',*,*,#2837,.T.);
#3944=ORIENTED_EDGE('',*,*,#2850,.F.);
#3945=ORIENTED_EDGE('',*,*,#2851,.F.);
#3946=ORIENTED_EDGE('',*,*,#2833,.F.);
#3947=ORIENTED_EDGE('',*,*,#2851,.T.);
#3948=ORIENTED_EDGE('',*,*,#2852,.F.);
#3949=ORIENTED_EDGE('',*,*,#2853,.T.);
#3950=ORIENTED_EDGE('',*,*,#2477,.F.);
#3951=ORIENTED_EDGE('',*,*,#2854,.T.);
#3952=ORIENTED_EDGE('',*,*,#2855,.T.);
#3953=ORIENTED_EDGE('',*,*,#2856,.T.);
#3954=ORIENTED_EDGE('',*,*,#2857,.T.);
#3955=ORIENTED_EDGE('',*,*,#2858,.T.);
#3956=ORIENTED_EDGE('',*,*,#2859,.T.);
#3957=ORIENTED_EDGE('',*,*,#2671,.T.);
#3958=ORIENTED_EDGE('',*,*,#2860,.T.);
#3959=ORIENTED_EDGE('',*,*,#2861,.T.);
#3960=ORIENTED_EDGE('',*,*,#2862,.T.);
#3961=ORIENTED_EDGE('',*,*,#2672,.T.);
#3962=ORIENTED_EDGE('',*,*,#2859,.F.);
#3963=ORIENTED_EDGE('',*,*,#2863,.T.);
#3964=ORIENTED_EDGE('',*,*,#2864,.T.);
#3965=ORIENTED_EDGE('',*,*,#2865,.T.);
#3966=ORIENTED_EDGE('',*,*,#2862,.F.);
#3967=ORIENTED_EDGE('',*,*,#2866,.T.);
#3968=ORIENTED_EDGE('',*,*,#2860,.F.);
#3969=ORIENTED_EDGE('',*,*,#2867,.T.);
#3970=ORIENTED_EDGE('',*,*,#2857,.F.);
#3971=ORIENTED_EDGE('',*,*,#2865,.F.);
#3972=ORIENTED_EDGE('',*,*,#2822,.T.);
#3973=ORIENTED_EDGE('',*,*,#2482,.F.);
#3974=ORIENTED_EDGE('',*,*,#2673,.F.);
#3975=ORIENTED_EDGE('',*,*,#2854,.F.);
#3976=ORIENTED_EDGE('',*,*,#2868,.T.);
#3977=ORIENTED_EDGE('',*,*,#2478,.F.);
#3978=ORIENTED_EDGE('',*,*,#2853,.F.);
#3979=ORIENTED_EDGE('',*,*,#2670,.F.);
#3980=ORIENTED_EDGE('',*,*,#2479,.F.);
#3981=ORIENTED_EDGE('',*,*,#2868,.F.);
#3982=ORIENTED_EDGE('',*,*,#2867,.F.);
#3983=ORIENTED_EDGE('',*,*,#2869,.F.);
#3984=ORIENTED_EDGE('',*,*,#2870,.T.);
#3985=ORIENTED_EDGE('',*,*,#2464,.F.);
#3986=ORIENTED_EDGE('',*,*,#2871,.F.);
#3987=ORIENTED_EDGE('',*,*,#2872,.T.);
#3988=ORIENTED_EDGE('',*,*,#2497,.F.);
#3989=ORIENTED_EDGE('',*,*,#2873,.F.);
#3990=ORIENTED_EDGE('',*,*,#2874,.F.);
#3991=ORIENTED_EDGE('',*,*,#2875,.F.);
#3992=ORIENTED_EDGE('',*,*,#2873,.T.);
#3993=ORIENTED_EDGE('',*,*,#2496,.F.);
#3994=ORIENTED_EDGE('',*,*,#2876,.F.);
#3995=ORIENTED_EDGE('',*,*,#2877,.T.);
#3996=ORIENTED_EDGE('',*,*,#2878,.F.);
#3997=ORIENTED_EDGE('',*,*,#2869,.T.);
#3998=ORIENTED_EDGE('',*,*,#2879,.T.);
#3999=ORIENTED_EDGE('',*,*,#2880,.T.);
#4000=ORIENTED_EDGE('',*,*,#2881,.T.);
#4001=ORIENTED_EDGE('',*,*,#2882,.T.);
#4002=ORIENTED_EDGE('',*,*,#2878,.T.);
#4003=ORIENTED_EDGE('',*,*,#2883,.T.);
#4004=ORIENTED_EDGE('',*,*,#2855,.F.);
#4005=ORIENTED_EDGE('',*,*,#2852,.T.);
#4006=ORIENTED_EDGE('',*,*,#2849,.T.);
#4007=ORIENTED_EDGE('',*,*,#2875,.T.);
#4008=ORIENTED_EDGE('',*,*,#2884,.F.);
#4009=ORIENTED_EDGE('',*,*,#2885,.T.);
#4010=ORIENTED_EDGE('',*,*,#2886,.F.);
#4011=ORIENTED_EDGE('',*,*,#2886,.T.);
#4012=ORIENTED_EDGE('',*,*,#2887,.T.);
#4013=ORIENTED_EDGE('',*,*,#2888,.T.);
#4014=ORIENTED_EDGE('',*,*,#2874,.T.);
#4015=ORIENTED_EDGE('',*,*,#2889,.T.);
#4016=ORIENTED_EDGE('',*,*,#2890,.T.);
#4017=ORIENTED_EDGE('',*,*,#2891,.T.);
#4018=ORIENTED_EDGE('',*,*,#2879,.F.);
#4019=ORIENTED_EDGE('',*,*,#2892,.F.);
#4020=ORIENTED_EDGE('',*,*,#2465,.F.);
#4021=ORIENTED_EDGE('',*,*,#2870,.F.);
#4022=ORIENTED_EDGE('',*,*,#2882,.F.);
#4023=ORIENTED_EDGE('',*,*,#2893,.T.);
#4024=ORIENTED_EDGE('',*,*,#2894,.F.);
#4025=ORIENTED_EDGE('',*,*,#2881,.F.);
#4026=ORIENTED_EDGE('',*,*,#2895,.F.);
#4027=ORIENTED_EDGE('',*,*,#2896,.F.);
#4028=ORIENTED_EDGE('',*,*,#2897,.F.);
#4029=ORIENTED_EDGE('',*,*,#2898,.F.);
#4030=ORIENTED_EDGE('',*,*,#2899,.F.);
#4031=ORIENTED_EDGE('',*,*,#2900,.F.);
#4032=ORIENTED_EDGE('',*,*,#2894,.T.);
#4033=ORIENTED_EDGE('',*,*,#2901,.T.);
#4034=ORIENTED_EDGE('',*,*,#2902,.F.);
#4035=ORIENTED_EDGE('',*,*,#2903,.F.);
#4036=ORIENTED_EDGE('',*,*,#2901,.F.);
#4037=ORIENTED_EDGE('',*,*,#2903,.T.);
#4038=ORIENTED_EDGE('',*,*,#2904,.T.);
#4039=ORIENTED_EDGE('',*,*,#2900,.T.);
#4040=ORIENTED_EDGE('',*,*,#2904,.F.);
#4041=ORIENTED_EDGE('',*,*,#2902,.T.);
#4042=ORIENTED_EDGE('',*,*,#2905,.F.);
#4043=ORIENTED_EDGE('',*,*,#2893,.F.);
#4044=ORIENTED_EDGE('',*,*,#2899,.T.);
#4045=ORIENTED_EDGE('',*,*,#2906,.F.);
#4046=ORIENTED_EDGE('',*,*,#2907,.F.);
#4047=ORIENTED_EDGE('',*,*,#2906,.T.);
#4048=ORIENTED_EDGE('',*,*,#2898,.T.);
#4049=ORIENTED_EDGE('',*,*,#2908,.F.);
#4050=ORIENTED_EDGE('',*,*,#2909,.F.);
#4051=ORIENTED_EDGE('',*,*,#2908,.T.);
#4052=ORIENTED_EDGE('',*,*,#2897,.T.);
#4053=ORIENTED_EDGE('',*,*,#2910,.F.);
#4054=ORIENTED_EDGE('',*,*,#2911,.F.);
#4055=ORIENTED_EDGE('',*,*,#2910,.T.);
#4056=ORIENTED_EDGE('',*,*,#2896,.T.);
#4057=ORIENTED_EDGE('',*,*,#2912,.F.);
#4058=ORIENTED_EDGE('',*,*,#2913,.F.);
#4059=ORIENTED_EDGE('',*,*,#2912,.T.);
#4060=ORIENTED_EDGE('',*,*,#2895,.T.);
#4061=ORIENTED_EDGE('',*,*,#2914,.F.);
#4062=ORIENTED_EDGE('',*,*,#2915,.T.);
#4063=ORIENTED_EDGE('',*,*,#2470,.T.);
#4064=ORIENTED_EDGE('',*,*,#2916,.F.);
#4065=ORIENTED_EDGE('',*,*,#2913,.T.);
#4066=ORIENTED_EDGE('',*,*,#2916,.T.);
#4067=ORIENTED_EDGE('',*,*,#2469,.T.);
#4068=ORIENTED_EDGE('',*,*,#2917,.F.);
#4069=ORIENTED_EDGE('',*,*,#2911,.T.);
#4070=ORIENTED_EDGE('',*,*,#2917,.T.);
#4071=ORIENTED_EDGE('',*,*,#2468,.T.);
#4072=ORIENTED_EDGE('',*,*,#2918,.F.);
#4073=ORIENTED_EDGE('',*,*,#2909,.T.);
#4074=ORIENTED_EDGE('',*,*,#2918,.T.);
#4075=ORIENTED_EDGE('',*,*,#2467,.T.);
#4076=ORIENTED_EDGE('',*,*,#2919,.F.);
#4077=ORIENTED_EDGE('',*,*,#2907,.T.);
#4078=ORIENTED_EDGE('',*,*,#2892,.T.);
#4079=ORIENTED_EDGE('',*,*,#2905,.T.);
#4080=ORIENTED_EDGE('',*,*,#2919,.T.);
#4081=ORIENTED_EDGE('',*,*,#2466,.T.);
#4082=ORIENTED_EDGE('',*,*,#2920,.F.);
#4083=ORIENTED_EDGE('',*,*,#2921,.F.);
#4084=ORIENTED_EDGE('',*,*,#2922,.T.);
#4085=ORIENTED_EDGE('',*,*,#2923,.T.);
#4086=ORIENTED_EDGE('',*,*,#2924,.T.);
#4087=ORIENTED_EDGE('',*,*,#2925,.T.);
#4088=ORIENTED_EDGE('',*,*,#2926,.T.);
#4089=ORIENTED_EDGE('',*,*,#2927,.F.);
#4090=ORIENTED_EDGE('',*,*,#2928,.F.);
#4091=ORIENTED_EDGE('',*,*,#2929,.T.);
#4092=ORIENTED_EDGE('',*,*,#2920,.T.);
#4093=ORIENTED_EDGE('',*,*,#2929,.F.);
#4094=ORIENTED_EDGE('',*,*,#2928,.T.);
#4095=ORIENTED_EDGE('',*,*,#2930,.T.);
#4096=ORIENTED_EDGE('',*,*,#2927,.T.);
#4097=ORIENTED_EDGE('',*,*,#2930,.F.);
#4098=ORIENTED_EDGE('',*,*,#2931,.F.);
#4099=ORIENTED_EDGE('',*,*,#2932,.F.);
#4100=ORIENTED_EDGE('',*,*,#2926,.F.);
#4101=ORIENTED_EDGE('',*,*,#2933,.F.);
#4102=ORIENTED_EDGE('',*,*,#2934,.F.);
#4103=ORIENTED_EDGE('',*,*,#2933,.T.);
#4104=ORIENTED_EDGE('',*,*,#2925,.F.);
#4105=ORIENTED_EDGE('',*,*,#2935,.F.);
#4106=ORIENTED_EDGE('',*,*,#2936,.F.);
#4107=ORIENTED_EDGE('',*,*,#2935,.T.);
#4108=ORIENTED_EDGE('',*,*,#2924,.F.);
#4109=ORIENTED_EDGE('',*,*,#2937,.F.);
#4110=ORIENTED_EDGE('',*,*,#2938,.F.);
#4111=ORIENTED_EDGE('',*,*,#2937,.T.);
#4112=ORIENTED_EDGE('',*,*,#2923,.F.);
#4113=ORIENTED_EDGE('',*,*,#2939,.F.);
#4114=ORIENTED_EDGE('',*,*,#2940,.F.);
#4115=ORIENTED_EDGE('',*,*,#2939,.T.);
#4116=ORIENTED_EDGE('',*,*,#2922,.F.);
#4117=ORIENTED_EDGE('',*,*,#2941,.F.);
#4118=ORIENTED_EDGE('',*,*,#2942,.F.);
#4119=ORIENTED_EDGE('',*,*,#2941,.T.);
#4120=ORIENTED_EDGE('',*,*,#2943,.F.);
#4121=ORIENTED_EDGE('',*,*,#2876,.T.);
#4122=ORIENTED_EDGE('',*,*,#2495,.F.);
#4123=ORIENTED_EDGE('',*,*,#2942,.T.);
#4124=ORIENTED_EDGE('',*,*,#2494,.T.);
#4125=ORIENTED_EDGE('',*,*,#2944,.F.);
#4126=ORIENTED_EDGE('',*,*,#2940,.T.);
#4127=ORIENTED_EDGE('',*,*,#2944,.T.);
#4128=ORIENTED_EDGE('',*,*,#2493,.T.);
#4129=ORIENTED_EDGE('',*,*,#2945,.F.);
#4130=ORIENTED_EDGE('',*,*,#2938,.T.);
#4131=ORIENTED_EDGE('',*,*,#2945,.T.);
#4132=ORIENTED_EDGE('',*,*,#2492,.T.);
#4133=ORIENTED_EDGE('',*,*,#2946,.F.);
#4134=ORIENTED_EDGE('',*,*,#2936,.T.);
#4135=ORIENTED_EDGE('',*,*,#2946,.T.);
#4136=ORIENTED_EDGE('',*,*,#2491,.T.);
#4137=ORIENTED_EDGE('',*,*,#2947,.F.);
#4138=ORIENTED_EDGE('',*,*,#2934,.T.);
#4139=ORIENTED_EDGE('',*,*,#2948,.T.);
#4140=ORIENTED_EDGE('',*,*,#2931,.T.);
#4141=ORIENTED_EDGE('',*,*,#2947,.T.);
#4142=ORIENTED_EDGE('',*,*,#2490,.T.);
#4143=ORIENTED_EDGE('',*,*,#2949,.F.);
#4144=ORIENTED_EDGE('',*,*,#2932,.T.);
#4145=ORIENTED_EDGE('',*,*,#2948,.F.);
#4146=ORIENTED_EDGE('',*,*,#2489,.F.);
#4147=ORIENTED_EDGE('',*,*,#2802,.F.);
#4148=ORIENTED_EDGE('',*,*,#2806,.T.);
#4149=ORIENTED_EDGE('',*,*,#2950,.F.);
#4150=ORIENTED_EDGE('',*,*,#2951,.F.);
#4151=ORIENTED_EDGE('',*,*,#2643,.T.);
#4152=ORIENTED_EDGE('',*,*,#2788,.T.);
#4153=ORIENTED_EDGE('',*,*,#2952,.F.);
#4154=ORIENTED_EDGE('',*,*,#2953,.F.);
#4155=ORIENTED_EDGE('',*,*,#2649,.T.);
#4156=ORIENTED_EDGE('',*,*,#2785,.T.);
#4157=ORIENTED_EDGE('',*,*,#2618,.T.);
#4158=ORIENTED_EDGE('',*,*,#2621,.F.);
#4159=ORIENTED_EDGE('',*,*,#2954,.F.);
#4160=ORIENTED_EDGE('',*,*,#2955,.F.);
#4161=ORIENTED_EDGE('',*,*,#2956,.F.);
#4162=ORIENTED_EDGE('',*,*,#2623,.T.);
#4163=ORIENTED_EDGE('',*,*,#2655,.T.);
#4164=ORIENTED_EDGE('',*,*,#2658,.T.);
#4165=ORIENTED_EDGE('',*,*,#2957,.F.);
#4166=ORIENTED_EDGE('',*,*,#2638,.T.);
#4167=ORIENTED_EDGE('',*,*,#2958,.F.);
#4168=ORIENTED_EDGE('',*,*,#2954,.T.);
#4169=ORIENTED_EDGE('',*,*,#2620,.F.);
#4170=ORIENTED_EDGE('',*,*,#2959,.F.);
#4171=ORIENTED_EDGE('',*,*,#2960,.T.);
#4172=ORIENTED_EDGE('',*,*,#2961,.F.);
#4173=ORIENTED_EDGE('',*,*,#2962,.F.);
#4174=ORIENTED_EDGE('',*,*,#2963,.F.);
#4175=ORIENTED_EDGE('',*,*,#2962,.T.);
#4176=ORIENTED_EDGE('',*,*,#2964,.F.);
#4177=ORIENTED_EDGE('',*,*,#2965,.F.);
#4178=ORIENTED_EDGE('',*,*,#2966,.F.);
#4179=ORIENTED_EDGE('',*,*,#2967,.T.);
#4180=ORIENTED_EDGE('',*,*,#2968,.F.);
#4181=ORIENTED_EDGE('',*,*,#2969,.T.);
#4182=ORIENTED_EDGE('',*,*,#2968,.T.);
#4183=ORIENTED_EDGE('',*,*,#2970,.T.);
#4184=ORIENTED_EDGE('',*,*,#2971,.F.);
#4185=ORIENTED_EDGE('',*,*,#2961,.T.);
#4186=ORIENTED_EDGE('',*,*,#2971,.T.);
#4187=ORIENTED_EDGE('',*,*,#2972,.T.);
#4188=ORIENTED_EDGE('',*,*,#2973,.F.);
#4189=ORIENTED_EDGE('',*,*,#2964,.T.);
#4190=ORIENTED_EDGE('',*,*,#2973,.T.);
#4191=ORIENTED_EDGE('',*,*,#2974,.T.);
#4192=ORIENTED_EDGE('',*,*,#2966,.T.);
#4193=ORIENTED_EDGE('',*,*,#2975,.T.);
#4194=ORIENTED_EDGE('',*,*,#2976,.F.);
#4195=ORIENTED_EDGE('',*,*,#2965,.T.);
#4196=ORIENTED_EDGE('',*,*,#2975,.F.);
#4197=ORIENTED_EDGE('',*,*,#2977,.F.);
#4198=ORIENTED_EDGE('',*,*,#2978,.F.);
#4199=ORIENTED_EDGE('',*,*,#2977,.T.);
#4200=ORIENTED_EDGE('',*,*,#2969,.F.);
#4201=ORIENTED_EDGE('',*,*,#2960,.F.);
#4202=ORIENTED_EDGE('',*,*,#2979,.F.);
#4203=ORIENTED_EDGE('',*,*,#2520,.T.);
#4204=ORIENTED_EDGE('',*,*,#2980,.F.);
#4205=ORIENTED_EDGE('',*,*,#2963,.T.);
#4206=ORIENTED_EDGE('',*,*,#2980,.T.);
#4207=ORIENTED_EDGE('',*,*,#2519,.T.);
#4208=ORIENTED_EDGE('',*,*,#2981,.F.);
#4209=ORIENTED_EDGE('',*,*,#2959,.T.);
#4210=ORIENTED_EDGE('',*,*,#2981,.T.);
#4211=ORIENTED_EDGE('',*,*,#2518,.T.);
#4212=ORIENTED_EDGE('',*,*,#2982,.F.);
#4213=ORIENTED_EDGE('',*,*,#2978,.T.);
#4214=ORIENTED_EDGE('',*,*,#2982,.T.);
#4215=ORIENTED_EDGE('',*,*,#2517,.T.);
#4216=ORIENTED_EDGE('',*,*,#2979,.T.);
#4217=ORIENTED_EDGE('',*,*,#2976,.T.);
#4218=ORIENTED_EDGE('',*,*,#2983,.F.);
#4219=ORIENTED_EDGE('',*,*,#2984,.T.);
#4220=ORIENTED_EDGE('',*,*,#2985,.F.);
#4221=ORIENTED_EDGE('',*,*,#2986,.F.);
#4222=ORIENTED_EDGE('',*,*,#2987,.F.);
#4223=ORIENTED_EDGE('',*,*,#2986,.T.);
#4224=ORIENTED_EDGE('',*,*,#2988,.F.);
#4225=ORIENTED_EDGE('',*,*,#2989,.F.);
#4226=ORIENTED_EDGE('',*,*,#2990,.F.);
#4227=ORIENTED_EDGE('',*,*,#2991,.T.);
#4228=ORIENTED_EDGE('',*,*,#2992,.F.);
#4229=ORIENTED_EDGE('',*,*,#2993,.T.);
#4230=ORIENTED_EDGE('',*,*,#2992,.T.);
#4231=ORIENTED_EDGE('',*,*,#2994,.T.);
#4232=ORIENTED_EDGE('',*,*,#2995,.F.);
#4233=ORIENTED_EDGE('',*,*,#2985,.T.);
#4234=ORIENTED_EDGE('',*,*,#2995,.T.);
#4235=ORIENTED_EDGE('',*,*,#2996,.T.);
#4236=ORIENTED_EDGE('',*,*,#2997,.F.);
#4237=ORIENTED_EDGE('',*,*,#2988,.T.);
#4238=ORIENTED_EDGE('',*,*,#2997,.T.);
#4239=ORIENTED_EDGE('',*,*,#2998,.T.);
#4240=ORIENTED_EDGE('',*,*,#2990,.T.);
#4241=ORIENTED_EDGE('',*,*,#2999,.T.);
#4242=ORIENTED_EDGE('',*,*,#3000,.F.);
#4243=ORIENTED_EDGE('',*,*,#2989,.T.);
#4244=ORIENTED_EDGE('',*,*,#2999,.F.);
#4245=ORIENTED_EDGE('',*,*,#3001,.F.);
#4246=ORIENTED_EDGE('',*,*,#3002,.F.);
#4247=ORIENTED_EDGE('',*,*,#3001,.T.);
#4248=ORIENTED_EDGE('',*,*,#2993,.F.);
#4249=ORIENTED_EDGE('',*,*,#2984,.F.);
#4250=ORIENTED_EDGE('',*,*,#3003,.F.);
#4251=ORIENTED_EDGE('',*,*,#2508,.T.);
#4252=ORIENTED_EDGE('',*,*,#3004,.F.);
#4253=ORIENTED_EDGE('',*,*,#2987,.T.);
#4254=ORIENTED_EDGE('',*,*,#3004,.T.);
#4255=ORIENTED_EDGE('',*,*,#2507,.T.);
#4256=ORIENTED_EDGE('',*,*,#3005,.F.);
#4257=ORIENTED_EDGE('',*,*,#2983,.T.);
#4258=ORIENTED_EDGE('',*,*,#3005,.T.);
#4259=ORIENTED_EDGE('',*,*,#2506,.T.);
#4260=ORIENTED_EDGE('',*,*,#3006,.F.);
#4261=ORIENTED_EDGE('',*,*,#3002,.T.);
#4262=ORIENTED_EDGE('',*,*,#3006,.T.);
#4263=ORIENTED_EDGE('',*,*,#2505,.T.);
#4264=ORIENTED_EDGE('',*,*,#3003,.T.);
#4265=ORIENTED_EDGE('',*,*,#3000,.T.);
#4266=ORIENTED_EDGE('',*,*,#3007,.T.);
#4267=ORIENTED_EDGE('',*,*,#3008,.T.);
#4268=ORIENTED_EDGE('',*,*,#2890,.F.);
#4269=ORIENTED_EDGE('',*,*,#3009,.T.);
#4270=ORIENTED_EDGE('',*,*,#2889,.F.);
#4271=ORIENTED_EDGE('',*,*,#2871,.T.);
#4272=ORIENTED_EDGE('',*,*,#2463,.F.);
#4273=ORIENTED_EDGE('',*,*,#2501,.F.);
#4274=ORIENTED_EDGE('',*,*,#3010,.T.);
#4275=ORIENTED_EDGE('',*,*,#3011,.T.);
#4276=ORIENTED_EDGE('',*,*,#2755,.F.);
#4277=ORIENTED_EDGE('',*,*,#3012,.T.);
#4278=ORIENTED_EDGE('',*,*,#3010,.F.);
#4279=ORIENTED_EDGE('',*,*,#2500,.F.);
#4280=ORIENTED_EDGE('',*,*,#3013,.T.);
#4281=ORIENTED_EDGE('',*,*,#3014,.T.);
#4282=ORIENTED_EDGE('',*,*,#3015,.T.);
#4283=ORIENTED_EDGE('',*,*,#3016,.T.);
#4284=ORIENTED_EDGE('',*,*,#3017,.T.);
#4285=ORIENTED_EDGE('',*,*,#3013,.F.);
#4286=ORIENTED_EDGE('',*,*,#2499,.F.);
#4287=ORIENTED_EDGE('',*,*,#2664,.T.);
#4288=ORIENTED_EDGE('',*,*,#3018,.F.);
#4289=ORIENTED_EDGE('',*,*,#2460,.F.);
#4290=ORIENTED_EDGE('',*,*,#3019,.T.);
#4291=ORIENTED_EDGE('',*,*,#3020,.T.);
#4292=ORIENTED_EDGE('',*,*,#3021,.T.);
#4293=ORIENTED_EDGE('',*,*,#3022,.F.);
#4294=ORIENTED_EDGE('',*,*,#3016,.F.);
#4295=ORIENTED_EDGE('',*,*,#2609,.T.);
#4296=ORIENTED_EDGE('',*,*,#3023,.F.);
#4297=ORIENTED_EDGE('',*,*,#3021,.F.);
#4298=ORIENTED_EDGE('',*,*,#3024,.T.);
#4299=ORIENTED_EDGE('',*,*,#2611,.T.);
#4300=ORIENTED_EDGE('',*,*,#3025,.T.);
#4301=ORIENTED_EDGE('',*,*,#3026,.T.);
#4302=ORIENTED_EDGE('',*,*,#2661,.F.);
#4303=ORIENTED_EDGE('',*,*,#3027,.T.);
#4304=ORIENTED_EDGE('',*,*,#3028,.F.);
#4305=ORIENTED_EDGE('',*,*,#2662,.F.);
#4306=ORIENTED_EDGE('',*,*,#3026,.F.);
#4307=ORIENTED_EDGE('',*,*,#2636,.T.);
#4308=ORIENTED_EDGE('',*,*,#3029,.T.);
#4309=ORIENTED_EDGE('',*,*,#3030,.F.);
#4310=ORIENTED_EDGE('',*,*,#3031,.F.);
#4311=ORIENTED_EDGE('',*,*,#2955,.T.);
#4312=ORIENTED_EDGE('',*,*,#2958,.T.);
#4313=ORIENTED_EDGE('',*,*,#2637,.T.);
#4314=ORIENTED_EDGE('',*,*,#3031,.T.);
#4315=ORIENTED_EDGE('',*,*,#3032,.F.);
#4316=ORIENTED_EDGE('',*,*,#3033,.F.);
#4317=ORIENTED_EDGE('',*,*,#2604,.T.);
#4318=ORIENTED_EDGE('',*,*,#2956,.T.);
#4319=ORIENTED_EDGE('',*,*,#3033,.T.);
#4320=ORIENTED_EDGE('',*,*,#3034,.F.);
#4321=ORIENTED_EDGE('',*,*,#2624,.T.);
#4322=ORIENTED_EDGE('',*,*,#2957,.T.);
#4323=ORIENTED_EDGE('',*,*,#2657,.T.);
#4324=ORIENTED_EDGE('',*,*,#2660,.T.);
#4325=ORIENTED_EDGE('',*,*,#2668,.F.);
#4326=ORIENTED_EDGE('',*,*,#3035,.F.);
#4327=ORIENTED_EDGE('',*,*,#2625,.T.);
#4328=ORIENTED_EDGE('',*,*,#3035,.T.);
#4329=ORIENTED_EDGE('',*,*,#2667,.F.);
#4330=ORIENTED_EDGE('',*,*,#3036,.F.);
#4331=ORIENTED_EDGE('',*,*,#3037,.T.);
#4332=ORIENTED_EDGE('',*,*,#2888,.F.);
#4333=ORIENTED_EDGE('',*,*,#3038,.T.);
#4334=ORIENTED_EDGE('',*,*,#2883,.F.);
#4335=ORIENTED_EDGE('',*,*,#2877,.F.);
#4336=ORIENTED_EDGE('',*,*,#2891,.F.);
#4337=ORIENTED_EDGE('',*,*,#3008,.F.);
#4338=ORIENTED_EDGE('',*,*,#3039,.T.);
#4339=ORIENTED_EDGE('',*,*,#3040,.T.);
#4340=ORIENTED_EDGE('',*,*,#3041,.T.);
#4341=ORIENTED_EDGE('',*,*,#3042,.T.);
#4342=ORIENTED_EDGE('',*,*,#3038,.F.);
#4343=ORIENTED_EDGE('',*,*,#2887,.F.);
#4344=ORIENTED_EDGE('',*,*,#2885,.F.);
#4345=ORIENTED_EDGE('',*,*,#3043,.F.);
#4346=ORIENTED_EDGE('',*,*,#2863,.F.);
#4347=ORIENTED_EDGE('',*,*,#2861,.F.);
#4348=ORIENTED_EDGE('',*,*,#2858,.F.);
#4349=ORIENTED_EDGE('',*,*,#2866,.F.);
#4350=ORIENTED_EDGE('',*,*,#2856,.F.);
#4351=ORIENTED_EDGE('',*,*,#2538,.T.);
#4352=ORIENTED_EDGE('',*,*,#2548,.T.);
#4353=ORIENTED_EDGE('',*,*,#2544,.T.);
#4354=ORIENTED_EDGE('',*,*,#2532,.T.);
#4355=ORIENTED_EDGE('',*,*,#2594,.T.);
#4356=ORIENTED_EDGE('',*,*,#2597,.T.);
#4357=ORIENTED_EDGE('',*,*,#2600,.T.);
#4358=ORIENTED_EDGE('',*,*,#2603,.T.);
#4359=ORIENTED_EDGE('',*,*,#3044,.T.);
#4360=ORIENTED_EDGE('',*,*,#2950,.T.);
#4361=ORIENTED_EDGE('',*,*,#2787,.T.);
#4362=ORIENTED_EDGE('',*,*,#2790,.T.);
#4363=ORIENTED_EDGE('',*,*,#2792,.T.);
#4364=ORIENTED_EDGE('',*,*,#2688,.F.);
#4365=ORIENTED_EDGE('',*,*,#2691,.F.);
#4366=ORIENTED_EDGE('',*,*,#2694,.F.);
#4367=ORIENTED_EDGE('',*,*,#2696,.F.);
#4368=ORIENTED_EDGE('',*,*,#2712,.F.);
#4369=ORIENTED_EDGE('',*,*,#2715,.F.);
#4370=ORIENTED_EDGE('',*,*,#2718,.F.);
#4371=ORIENTED_EDGE('',*,*,#2720,.F.);
#4372=ORIENTED_EDGE('',*,*,#2742,.T.);
#4373=ORIENTED_EDGE('',*,*,#2746,.T.);
#4374=ORIENTED_EDGE('',*,*,#2768,.T.);
#4375=ORIENTED_EDGE('',*,*,#2766,.T.);
#4376=ORIENTED_EDGE('',*,*,#2736,.T.);
#4377=ORIENTED_EDGE('',*,*,#2740,.T.);
#4378=ORIENTED_EDGE('',*,*,#2952,.T.);
#4379=ORIENTED_EDGE('',*,*,#2784,.T.);
#4380=ORIENTED_EDGE('',*,*,#2780,.T.);
#4381=ORIENTED_EDGE('',*,*,#2783,.T.);
#4382=ORIENTED_EDGE('',*,*,#3045,.T.);
#4383=ORIENTED_EDGE('',*,*,#3046,.T.);
#4384=ORIENTED_EDGE('',*,*,#3047,.T.);
#4385=ORIENTED_EDGE('',*,*,#3048,.T.);
#4386=ORIENTED_EDGE('',*,*,#3049,.T.);
#4387=ORIENTED_EDGE('',*,*,#3050,.T.);
#4388=ORIENTED_EDGE('',*,*,#2974,.F.);
#4389=ORIENTED_EDGE('',*,*,#2972,.F.);
#4390=ORIENTED_EDGE('',*,*,#2970,.F.);
#4391=ORIENTED_EDGE('',*,*,#2967,.F.);
#4392=ORIENTED_EDGE('',*,*,#2998,.F.);
#4393=ORIENTED_EDGE('',*,*,#2996,.F.);
#4394=ORIENTED_EDGE('',*,*,#2994,.F.);
#4395=ORIENTED_EDGE('',*,*,#2991,.F.);
#4396=ORIENTED_EDGE('',*,*,#3051,.T.);
#4397=ORIENTED_EDGE('',*,*,#2461,.F.);
#4398=ORIENTED_EDGE('',*,*,#3018,.T.);
#4399=ORIENTED_EDGE('',*,*,#2663,.T.);
#4400=ORIENTED_EDGE('',*,*,#3028,.T.);
#4401=ORIENTED_EDGE('',*,*,#3052,.T.);
#4402=ORIENTED_EDGE('',*,*,#3042,.F.);
#4403=ORIENTED_EDGE('',*,*,#3053,.F.);
#4404=ORIENTED_EDGE('',*,*,#3014,.F.);
#4405=ORIENTED_EDGE('',*,*,#2498,.F.);
#4406=ORIENTED_EDGE('',*,*,#2872,.F.);
#4407=ORIENTED_EDGE('',*,*,#3037,.F.);
#4408=ORIENTED_EDGE('',*,*,#3007,.F.);
#4409=ORIENTED_EDGE('',*,*,#3009,.F.);
#4410=ORIENTED_EDGE('',*,*,#2462,.F.);
#4411=ORIENTED_EDGE('',*,*,#3051,.F.);
#4412=ORIENTED_EDGE('',*,*,#3054,.T.);
#4413=ORIENTED_EDGE('',*,*,#3039,.F.);
#4414=ORIENTED_EDGE('',*,*,#3055,.F.);
#4415=ORIENTED_EDGE('',*,*,#3056,.T.);
#4416=ORIENTED_EDGE('',*,*,#3049,.F.);
#4417=ORIENTED_EDGE('',*,*,#3056,.F.);
#4418=ORIENTED_EDGE('',*,*,#3055,.T.);
#4419=ORIENTED_EDGE('',*,*,#3057,.T.);
#4420=ORIENTED_EDGE('',*,*,#3058,.T.);
#4421=ORIENTED_EDGE('',*,*,#3057,.F.);
#4422=ORIENTED_EDGE('',*,*,#3059,.F.);
#4423=ORIENTED_EDGE('',*,*,#3060,.T.);
#4424=ORIENTED_EDGE('',*,*,#3050,.F.);
#4425=ORIENTED_EDGE('',*,*,#3060,.F.);
#4426=ORIENTED_EDGE('',*,*,#3061,.T.);
#4427=ORIENTED_EDGE('',*,*,#3062,.T.);
#4428=ORIENTED_EDGE('',*,*,#3059,.T.);
#4429=ORIENTED_EDGE('',*,*,#3062,.F.);
#4430=ORIENTED_EDGE('',*,*,#3063,.F.);
#4431=ORIENTED_EDGE('',*,*,#3064,.T.);
#4432=ORIENTED_EDGE('',*,*,#3046,.F.);
#4433=ORIENTED_EDGE('',*,*,#3064,.F.);
#4434=ORIENTED_EDGE('',*,*,#2610,.T.);
#4435=ORIENTED_EDGE('',*,*,#3024,.F.);
#4436=ORIENTED_EDGE('',*,*,#3020,.F.);
#4437=ORIENTED_EDGE('',*,*,#3015,.F.);
#4438=ORIENTED_EDGE('',*,*,#3065,.F.);
#4439=ORIENTED_EDGE('',*,*,#3066,.F.);
#4440=ORIENTED_EDGE('',*,*,#3067,.F.);
#4441=ORIENTED_EDGE('',*,*,#3068,.F.);
#4442=ORIENTED_EDGE('',*,*,#3069,.F.);
#4443=ORIENTED_EDGE('',*,*,#3070,.F.);
#4444=ORIENTED_EDGE('',*,*,#3071,.F.);
#4445=ORIENTED_EDGE('',*,*,#3072,.F.);
#4446=ORIENTED_EDGE('',*,*,#3052,.F.);
#4447=ORIENTED_EDGE('',*,*,#3027,.F.);
#4448=ORIENTED_EDGE('',*,*,#3025,.F.);
#4449=ORIENTED_EDGE('',*,*,#3061,.F.);
#4450=ORIENTED_EDGE('',*,*,#3058,.F.);
#4451=ORIENTED_EDGE('',*,*,#3073,.F.);
#4452=ORIENTED_EDGE('',*,*,#3073,.T.);
#4453=ORIENTED_EDGE('',*,*,#3074,.T.);
#4454=ORIENTED_EDGE('',*,*,#3063,.T.);
#4455=ORIENTED_EDGE('',*,*,#3074,.F.);
#4456=ORIENTED_EDGE('',*,*,#3075,.F.);
#4457=ORIENTED_EDGE('',*,*,#3076,.T.);
#4458=ORIENTED_EDGE('',*,*,#3047,.F.);
#4459=ORIENTED_EDGE('',*,*,#3076,.F.);
#4460=ORIENTED_EDGE('',*,*,#3077,.F.);
#4461=ORIENTED_EDGE('',*,*,#3065,.T.);
#4462=ORIENTED_EDGE('',*,*,#3053,.T.);
#4463=ORIENTED_EDGE('',*,*,#3041,.F.);
#4464=ORIENTED_EDGE('',*,*,#3078,.F.);
#4465=ORIENTED_EDGE('',*,*,#3068,.T.);
#4466=ORIENTED_EDGE('',*,*,#3077,.T.);
#4467=ORIENTED_EDGE('',*,*,#3067,.T.);
#4468=ORIENTED_EDGE('',*,*,#3079,.T.);
#4469=ORIENTED_EDGE('',*,*,#3075,.T.);
#4470=ORIENTED_EDGE('',*,*,#3079,.F.);
#4471=ORIENTED_EDGE('',*,*,#3066,.T.);
#4472=ORIENTED_EDGE('',*,*,#3080,.F.);
#4473=ORIENTED_EDGE('',*,*,#3081,.T.);
#4474=ORIENTED_EDGE('',*,*,#3048,.F.);
#4475=ORIENTED_EDGE('',*,*,#3081,.F.);
#4476=ORIENTED_EDGE('',*,*,#3082,.F.);
#4477=ORIENTED_EDGE('',*,*,#3069,.T.);
#4478=ORIENTED_EDGE('',*,*,#3078,.T.);
#4479=ORIENTED_EDGE('',*,*,#3040,.F.);
#4480=ORIENTED_EDGE('',*,*,#3054,.F.);
#4481=ORIENTED_EDGE('',*,*,#3072,.T.);
#4482=ORIENTED_EDGE('',*,*,#3082,.T.);
#4483=ORIENTED_EDGE('',*,*,#3071,.T.);
#4484=ORIENTED_EDGE('',*,*,#3083,.T.);
#4485=ORIENTED_EDGE('',*,*,#3080,.T.);
#4486=ORIENTED_EDGE('',*,*,#3083,.F.);
#4487=ORIENTED_EDGE('',*,*,#3070,.T.);
#4488=ORIENTED_EDGE('',*,*,#2650,.T.);
#4489=ORIENTED_EDGE('',*,*,#2953,.T.);
#4490=ORIENTED_EDGE('',*,*,#3045,.F.);
#4491=ORIENTED_EDGE('',*,*,#2782,.F.);
#4492=ORIENTED_EDGE('',*,*,#3084,.F.);
#4493=ORIENTED_EDGE('',*,*,#3029,.F.);
#4494=ORIENTED_EDGE('',*,*,#2635,.T.);
#4495=ORIENTED_EDGE('',*,*,#2756,.F.);
#4496=ORIENTED_EDGE('',*,*,#2608,.T.);
#4497=ORIENTED_EDGE('',*,*,#2605,.T.);
#4498=ORIENTED_EDGE('',*,*,#3034,.T.);
#4499=ORIENTED_EDGE('',*,*,#3032,.T.);
#4500=ORIENTED_EDGE('',*,*,#3030,.T.);
#4501=ORIENTED_EDGE('',*,*,#3084,.T.);
#4502=ORIENTED_EDGE('',*,*,#3011,.F.);
#4503=ORIENTED_EDGE('',*,*,#3012,.F.);
#4504=ORIENTED_EDGE('',*,*,#3017,.F.);
#4505=ORIENTED_EDGE('',*,*,#3022,.T.);
#4506=ORIENTED_EDGE('',*,*,#3023,.T.);
#4507=ORIENTED_EDGE('',*,*,#2639,.T.);
#4508=ORIENTED_EDGE('',*,*,#2951,.T.);
#4509=ORIENTED_EDGE('',*,*,#3044,.F.);
#4510=ORIENTED_EDGE('',*,*,#2791,.F.);
#4511=ORIENTED_EDGE('',*,*,#3043,.T.);
#4512=ORIENTED_EDGE('',*,*,#2884,.T.);
#4513=ORIENTED_EDGE('',*,*,#2943,.T.);
#4514=ORIENTED_EDGE('',*,*,#2921,.T.);
#4515=ORIENTED_EDGE('',*,*,#2949,.T.);
#4516=ORIENTED_EDGE('',*,*,#2821,.T.);
#4517=ORIENTED_EDGE('',*,*,#2823,.T.);
#4518=ORIENTED_EDGE('',*,*,#2864,.F.);
#4519=ORIENTED_EDGE('',*,*,#2626,.T.);
#4520=ORIENTED_EDGE('',*,*,#3036,.T.);
#4521=ORIENTED_EDGE('',*,*,#2666,.F.);
#4522=ORIENTED_EDGE('',*,*,#2758,.T.);
#4523=ORIENTED_EDGE('',*,*,#2665,.T.);
#4524=ORIENTED_EDGE('',*,*,#3019,.F.);
#4525=ORIENTED_EDGE('',*,*,#2459,.F.);
#4526=ORIENTED_EDGE('',*,*,#2759,.T.);
#4527=ORIENTED_EDGE('',*,*,#2471,.F.);
#4528=ORIENTED_EDGE('',*,*,#2915,.F.);
#4529=ORIENTED_EDGE('',*,*,#2914,.T.);
#4530=ORIENTED_EDGE('',*,*,#2880,.F.);
#4531=ORIENTED_EDGE('',*,*,#2842,.T.);
#4532=ORIENTED_EDGE('',*,*,#2824,.F.);
#4533=CYLINDRICAL_SURFACE('',#4962,0.6);
#4534=CYLINDRICAL_SURFACE('',#4966,0.6);
#4535=CYLINDRICAL_SURFACE('',#4974,1.2);
#4536=CYLINDRICAL_SURFACE('',#4979,0.600000000000005);
#4537=CYLINDRICAL_SURFACE('',#4983,0.599999999999995);
#4538=CYLINDRICAL_SURFACE('',#4987,1.2);
#4539=CYLINDRICAL_SURFACE('',#4992,2.8462097);
#4540=CYLINDRICAL_SURFACE('',#4997,2.8462097);
#4541=CYLINDRICAL_SURFACE('',#5002,2.8462097);
#4542=CYLINDRICAL_SURFACE('',#5007,2.8462097);
#4543=CYLINDRICAL_SURFACE('',#5012,1.375);
#4544=CYLINDRICAL_SURFACE('',#5014,1.375);
#4545=CYLINDRICAL_SURFACE('',#5016,1.375);
#4546=CYLINDRICAL_SURFACE('',#5018,1.375);
#4547=CYLINDRICAL_SURFACE('',#5021,3.1);
#4548=CYLINDRICAL_SURFACE('',#5024,3.10000000000002);
#4549=CYLINDRICAL_SURFACE('',#5027,3.10000000000002);
#4550=CYLINDRICAL_SURFACE('',#5030,3.10000000000002);
#4551=CYLINDRICAL_SURFACE('',#5090,2.57287778541057);
#4552=CYLINDRICAL_SURFACE('',#5095,1.37499999999999);
#4553=CYLINDRICAL_SURFACE('',#5102,1.37499999999999);
#4554=CYLINDRICAL_SURFACE('',#5109,1.37500000000001);
#4555=CYLINDRICAL_SURFACE('',#5113,1.37500000000001);
#4556=CYLINDRICAL_SURFACE('',#5119,4.00000000000002);
#4557=CYLINDRICAL_SURFACE('',#5124,4.);
#4558=CYLINDRICAL_SURFACE('',#5154,3.11146643083664);
#4559=CYLINDRICAL_SURFACE('',#5155,2.00000000000001);
#4560=CYLINDRICAL_SURFACE('',#5158,1.99999999999999);
#4561=CYLINDRICAL_SURFACE('',#5161,2.00000000000001);
#4562=CYLINDRICAL_SURFACE('',#5164,1.99999999999999);
#4563=CYLINDRICAL_SURFACE('',#5167,37.5);
#4564=CYLINDRICAL_SURFACE('',#5177,78.6599216142762);
#4565=CYLINDRICAL_SURFACE('',#5212,78.6599216142759);
#4566=CYLINDRICAL_SURFACE('',#5218,228.186010377797);
#4567=CYLINDRICAL_SURFACE('',#5231,107.058463712948);
#4568=CYLINDRICAL_SURFACE('',#5241,44.916602707704);
#4569=CYLINDRICAL_SURFACE('',#5243,5.00000000000004);
#4570=CYLINDRICAL_SURFACE('',#5255,34.916602707704);
#4571=CYLINDRICAL_SURFACE('',#5256,5.00000000000013);
#4572=CYLINDRICAL_SURFACE('',#5265,34.916602707704);
#4573=CYLINDRICAL_SURFACE('',#5267,5.00000000000004);
#4574=CYLINDRICAL_SURFACE('',#5279,44.916602707704);
#4575=CYLINDRICAL_SURFACE('',#5280,5.00000000000013);
#4576=CYLINDRICAL_SURFACE('',#5282,75.2979430072555);
#4577=CYLINDRICAL_SURFACE('',#5283,75.2979430072555);
#4578=CYLINDRICAL_SURFACE('',#5285,88.1914539213586);
#4579=CYLINDRICAL_SURFACE('',#5287,29.701012792932);
#4580=CYLINDRICAL_SURFACE('',#5289,55.8197100739701);
#4581=CYLINDRICAL_SURFACE('',#5291,102.9824869903);
#4582=CYLINDRICAL_SURFACE('',#5293,67.7515964914252);
#4583=CYLINDRICAL_SURFACE('',#5296,54.5004148278778);
#4584=CYLINDRICAL_SURFACE('',#5298,54.5004148278773);
#4585=CYLINDRICAL_SURFACE('',#5300,67.7515964914252);
#4586=CYLINDRICAL_SURFACE('',#5303,102.982486990307);
#4587=CYLINDRICAL_SURFACE('',#5305,55.8197100739702);
#4588=CYLINDRICAL_SURFACE('',#5307,29.7010127929322);
#4589=CYLINDRICAL_SURFACE('',#5309,17.468413496264);
#4590=CYLINDRICAL_SURFACE('',#5310,25.7273220808656);
#4591=CYLINDRICAL_SURFACE('',#5311,25.7273220808656);
#4592=CYLINDRICAL_SURFACE('',#5312,166.261998012807);
#4593=CYLINDRICAL_SURFACE('',#5313,67.7515964914252);
#4594=CYLINDRICAL_SURFACE('',#5315,67.7515964914252);
#4595=CYLINDRICAL_SURFACE('',#5318,88.1914539213587);
#4596=CYLINDRICAL_SURFACE('',#5321,106.983433985026);
#4597=CYLINDRICAL_SURFACE('',#5323,106.983433985021);
#4598=CYLINDRICAL_SURFACE('',#5325,82.2247048958954);
#4599=CYLINDRICAL_SURFACE('',#5327,82.2247048958951);
#4600=CYLINDRICAL_SURFACE('',#5329,4.25904416692624);
#4601=CYLINDRICAL_SURFACE('',#5332,4.25904416692626);
#4602=CYLINDRICAL_SURFACE('',#5334,74.3259485763066);
#4603=CYLINDRICAL_SURFACE('',#5336,9.46237969812618);
#4604=CYLINDRICAL_SURFACE('',#5339,6.75747870595296);
#4605=CYLINDRICAL_SURFACE('',#5341,9.46237969812621);
#4606=CYLINDRICAL_SURFACE('',#5343,74.3259485763055);
#4607=CYLINDRICAL_SURFACE('',#5345,6.75747870595297);
#4608=CYLINDRICAL_SURFACE('',#5355,5.99999999999998);
#4609=CYLINDRICAL_SURFACE('',#5358,5.99999999999998);
#4610=CYLINDRICAL_SURFACE('',#5378,5.99999999999998);
#4611=CYLINDRICAL_SURFACE('',#5381,5.99999999999998);
#4612=CYLINDRICAL_SURFACE('',#5407,19.5);
#4613=CYLINDRICAL_SURFACE('',#5408,19.4999999999999);
#4614=CYLINDRICAL_SURFACE('',#5409,107.058463712948);
#4615=CYLINDRICAL_SURFACE('',#5410,19.5);
#4616=CYLINDRICAL_SURFACE('',#5412,125.961204098112);
#4617=CYLINDRICAL_SURFACE('',#5414,19.5);
#4618=CYLINDRICAL_SURFACE('',#5439,5.99999999999998);
#4619=CYLINDRICAL_SURFACE('',#5442,5.99999999999998);
#4620=CYLINDRICAL_SURFACE('',#5461,5.99999999999998);
#4621=CYLINDRICAL_SURFACE('',#5464,5.99999999999998);
#4622=CYLINDRICAL_SURFACE('',#5474,81.1231030123244);
#4623=CYLINDRICAL_SURFACE('',#5476,20.2543586396524);
#4624=CYLINDRICAL_SURFACE('',#5482,237.826554791214);
#4625=CYLINDRICAL_SURFACE('',#5483,237.826554791211);
#4626=CYLINDRICAL_SURFACE('',#5484,52.4880994588402);
#4627=CYLINDRICAL_SURFACE('',#5487,4.99999999999999);
#4628=CYLINDRICAL_SURFACE('',#5500,62.4880994588402);
#4629=CYLINDRICAL_SURFACE('',#5502,5.00000000000002);
#4630=CYLINDRICAL_SURFACE('',#5508,52.4880994588402);
#4631=CYLINDRICAL_SURFACE('',#5511,5.00000000000002);
#4632=CYLINDRICAL_SURFACE('',#5524,62.4880994588402);
#4633=CYLINDRICAL_SURFACE('',#5526,4.99999999999999);
#4634=CYLINDRICAL_SURFACE('',#5534,125.961204098112);
#4635=CYLINDRICAL_SURFACE('',#5535,39.244951266385);
#4636=CYLINDRICAL_SURFACE('',#5537,200.097965734849);
#4637=CYLINDRICAL_SURFACE('',#5539,66.5086186606246);
#4638=CYLINDRICAL_SURFACE('',#5542,200.09796573485);
#4639=CYLINDRICAL_SURFACE('',#5543,72.6254980278128);
#4640=CYLINDRICAL_SURFACE('',#5546,17.5280972077128);
#4641=CYLINDRICAL_SURFACE('',#5549,17.5280972077128);
#4642=CYLINDRICAL_SURFACE('',#5551,72.6254980278127);
#4643=CYLINDRICAL_SURFACE('',#5553,211.002050872583);
#4644=CYLINDRICAL_SURFACE('',#5555,66.2214173840742);
#4645=CYLINDRICAL_SURFACE('',#5557,228.186010377799);
#4646=CYLINDRICAL_SURFACE('',#5559,66.2214173840742);
#4647=CYLINDRICAL_SURFACE('',#5560,211.002050872583);
#4648=CYLINDRICAL_SURFACE('',#5575,66.5086186606246);
#4649=CYLINDRICAL_SURFACE('',#5577,34.0405348599264);
#4650=CYLINDRICAL_SURFACE('',#5578,34.0405348599264);
#4651=CYLINDRICAL_SURFACE('',#5579,1.25);
#4652=CYLINDRICAL_SURFACE('',#5583,1.25);
#4653=CYLINDRICAL_SURFACE('',#5587,1.25);
#4654=CYLINDRICAL_SURFACE('',#5600,1.25);
#4655=CYLINDRICAL_SURFACE('',#5602,66.5086186606245);
#4656=CYLINDRICAL_SURFACE('',#5604,1.25);
#4657=CYLINDRICAL_SURFACE('',#5606,66.5086186606245);
#4658=CYLINDRICAL_SURFACE('',#5608,81.1231030123247);
#4659=CYLINDRICAL_SURFACE('',#5609,42.4461105969291);
#4660=CYLINDRICAL_SURFACE('',#5612,20.2543586396526);
#4661=CYLINDRICAL_SURFACE('',#5614,42.4461105969292);
#4662=CYLINDRICAL_SURFACE('',#5615,39.244951266385);
#4663=ADVANCED_FACE('',(#250),#4533,.F.);
#4664=ADVANCED_FACE('',(#251),#170,.T.);
#4665=ADVANCED_FACE('',(#252),#4534,.F.);
#4666=ADVANCED_FACE('',(#253),#171,.T.);
#4667=ADVANCED_FACE('',(#254),#4535,.T.);
#4668=ADVANCED_FACE('',(#255),#172,.T.);
#4669=ADVANCED_FACE('',(#256),#173,.T.);
#4670=ADVANCED_FACE('',(#257),#174,.T.);
#4671=ADVANCED_FACE('',(#258),#4536,.F.);
#4672=ADVANCED_FACE('',(#259),#175,.T.);
#4673=ADVANCED_FACE('',(#260),#4537,.F.);
#4674=ADVANCED_FACE('',(#261),#176,.T.);
#4675=ADVANCED_FACE('',(#262),#4538,.T.);
#4676=ADVANCED_FACE('',(#263),#177,.T.);
#4677=ADVANCED_FACE('',(#264),#4539,.T.);
#4678=ADVANCED_FACE('',(#265,#114),#178,.T.);
#4679=ADVANCED_FACE('',(#266),#4540,.T.);
#4680=ADVANCED_FACE('',(#267,#115),#179,.T.);
#4681=ADVANCED_FACE('',(#268),#4541,.T.);
#4682=ADVANCED_FACE('',(#269,#116),#180,.T.);
#4683=ADVANCED_FACE('',(#270),#4542,.T.);
#4684=ADVANCED_FACE('',(#271,#117),#181,.T.);
#4685=ADVANCED_FACE('',(#272),#4543,.F.);
#4686=ADVANCED_FACE('',(#273),#4544,.F.);
#4687=ADVANCED_FACE('',(#274),#4545,.F.);
#4688=ADVANCED_FACE('',(#275),#4546,.F.);
#4689=ADVANCED_FACE('',(#276),#182,.T.);
#4690=ADVANCED_FACE('',(#277),#4547,.T.);
#4691=ADVANCED_FACE('',(#278),#183,.T.);
#4692=ADVANCED_FACE('',(#279),#4548,.T.);
#4693=ADVANCED_FACE('',(#280),#184,.T.);
#4694=ADVANCED_FACE('',(#281),#4549,.T.);
#4695=ADVANCED_FACE('',(#282),#185,.T.);
#4696=ADVANCED_FACE('',(#283),#4550,.T.);
#4697=ADVANCED_FACE('',(#284,#118,#119,#120,#121),#186,.T.);
#4698=ADVANCED_FACE('',(#285,#122,#123,#124,#125),#187,.F.);
#4699=ADVANCED_FACE('',(#286,#126,#127,#128,#129,#130,#131),#188,.T.);
#4700=ADVANCED_FACE('',(#287,#132),#189,.T.);
#4701=ADVANCED_FACE('',(#288,#133),#190,.T.);
#4702=ADVANCED_FACE('',(#289),#4551,.T.);
#4703=ADVANCED_FACE('',(#290),#46,.F.);
#4704=ADVANCED_FACE('',(#291),#4552,.F.);
#4705=ADVANCED_FACE('',(#292),#47,.F.);
#4706=ADVANCED_FACE('',(#293,#134),#191,.T.);
#4707=ADVANCED_FACE('',(#294),#4553,.F.);
#4708=ADVANCED_FACE('',(#295),#48,.F.);
#4709=ADVANCED_FACE('',(#296,#135),#192,.T.);
#4710=ADVANCED_FACE('',(#297),#4554,.F.);
#4711=ADVANCED_FACE('',(#298),#49,.F.);
#4712=ADVANCED_FACE('',(#299),#4555,.F.);
#4713=ADVANCED_FACE('',(#300),#37,.F.);
#4714=ADVANCED_FACE('',(#301),#4556,.T.);
#4715=ADVANCED_FACE('',(#302),#38,.F.);
#4716=ADVANCED_FACE('',(#303),#4557,.T.);
#4717=ADVANCED_FACE('',(#304),#39,.F.);
#4718=ADVANCED_FACE('',(#305),#193,.F.);
#4719=ADVANCED_FACE('',(#306),#194,.T.);
#4720=ADVANCED_FACE('',(#307),#40,.F.);
#4721=ADVANCED_FACE('',(#308),#195,.F.);
#4722=ADVANCED_FACE('',(#309),#4558,.T.);
#4723=ADVANCED_FACE('',(#310),#4559,.F.);
#4724=ADVANCED_FACE('',(#311),#4560,.F.);
#4725=ADVANCED_FACE('',(#312),#4561,.F.);
#4726=ADVANCED_FACE('',(#313),#4562,.F.);
#4727=ADVANCED_FACE('',(#314),#4563,.F.);
#4728=ADVANCED_FACE('',(#315,#136,#137,#138,#139),#196,.T.);
#4729=ADVANCED_FACE('',(#316),#4564,.F.);
#4730=ADVANCED_FACE('',(#317,#140,#141,#142),#197,.T.);
#4731=ADVANCED_FACE('',(#318),#4565,.F.);
#4732=ADVANCED_FACE('',(#319),#198,.T.);
#4733=ADVANCED_FACE('',(#320),#4566,.F.);
#4734=ADVANCED_FACE('',(#321),#199,.T.);
#4735=ADVANCED_FACE('',(#322),#41,.T.);
#4736=ADVANCED_FACE('',(#323),#4567,.T.);
#4737=ADVANCED_FACE('',(#324),#50,.F.);
#4738=ADVANCED_FACE('',(#325),#51,.F.);
#4739=ADVANCED_FACE('',(#326),#52,.F.);
#4740=ADVANCED_FACE('',(#327),#53,.T.);
#4741=ADVANCED_FACE('',(#328),#4568,.F.);
#4742=ADVANCED_FACE('',(#329),#4569,.F.);
#4743=ADVANCED_FACE('',(#330),#54,.F.);
#4744=ADVANCED_FACE('',(#331),#55,.T.);
#4745=ADVANCED_FACE('',(#332),#56,.F.);
#4746=ADVANCED_FACE('',(#333),#57,.F.);
#4747=ADVANCED_FACE('',(#334),#4570,.T.);
#4748=ADVANCED_FACE('',(#335),#4571,.F.);
#4749=ADVANCED_FACE('',(#336),#58,.F.);
#4750=ADVANCED_FACE('',(#337),#59,.T.);
#4751=ADVANCED_FACE('',(#338),#60,.F.);
#4752=ADVANCED_FACE('',(#339),#61,.F.);
#4753=ADVANCED_FACE('',(#340),#4572,.T.);
#4754=ADVANCED_FACE('',(#341),#4573,.F.);
#4755=ADVANCED_FACE('',(#342),#62,.F.);
#4756=ADVANCED_FACE('',(#343),#63,.F.);
#4757=ADVANCED_FACE('',(#344),#64,.F.);
#4758=ADVANCED_FACE('',(#345),#65,.T.);
#4759=ADVANCED_FACE('',(#346),#4574,.F.);
#4760=ADVANCED_FACE('',(#347),#4575,.F.);
#4761=ADVANCED_FACE('',(#348),#200,.F.);
#4762=ADVANCED_FACE('',(#349),#4576,.F.);
#4763=ADVANCED_FACE('',(#350),#4577,.F.);
#4764=ADVANCED_FACE('',(#351),#201,.F.);
#4765=ADVANCED_FACE('',(#352),#4578,.T.);
#4766=ADVANCED_FACE('',(#353),#4579,.T.);
#4767=ADVANCED_FACE('',(#354),#4580,.T.);
#4768=ADVANCED_FACE('',(#355),#4581,.T.);
#4769=ADVANCED_FACE('',(#356),#4582,.T.);
#4770=ADVANCED_FACE('',(#357),#4583,.F.);
#4771=ADVANCED_FACE('',(#358),#4584,.F.);
#4772=ADVANCED_FACE('',(#359),#4585,.T.);
#4773=ADVANCED_FACE('',(#360),#4586,.T.);
#4774=ADVANCED_FACE('',(#361),#4587,.T.);
#4775=ADVANCED_FACE('',(#362),#4588,.T.);
#4776=ADVANCED_FACE('',(#363),#4589,.F.);
#4777=ADVANCED_FACE('',(#364),#4590,.F.);
#4778=ADVANCED_FACE('',(#365),#4591,.F.);
#4779=ADVANCED_FACE('',(#366),#4592,.T.);
#4780=ADVANCED_FACE('',(#367),#4593,.F.);
#4781=ADVANCED_FACE('',(#368),#4594,.F.);
#4782=ADVANCED_FACE('',(#369),#202,.T.);
#4783=ADVANCED_FACE('',(#370),#4595,.T.);
#4784=ADVANCED_FACE('',(#371),#203,.T.);
#4785=ADVANCED_FACE('',(#372),#4596,.T.);
#4786=ADVANCED_FACE('',(#373),#4597,.T.);
#4787=ADVANCED_FACE('',(#374),#4598,.F.);
#4788=ADVANCED_FACE('',(#375),#4599,.F.);
#4789=ADVANCED_FACE('',(#376),#4600,.T.);
#4790=ADVANCED_FACE('',(#377),#204,.F.);
#4791=ADVANCED_FACE('',(#378),#4601,.T.);
#4792=ADVANCED_FACE('',(#379),#4602,.F.);
#4793=ADVANCED_FACE('',(#380),#4603,.F.);
#4794=ADVANCED_FACE('',(#381),#205,.T.);
#4795=ADVANCED_FACE('',(#382),#4604,.F.);
#4796=ADVANCED_FACE('',(#383),#4605,.F.);
#4797=ADVANCED_FACE('',(#384),#4606,.F.);
#4798=ADVANCED_FACE('',(#385),#4607,.F.);
#4799=ADVANCED_FACE('',(#386),#206,.T.);
#4800=ADVANCED_FACE('',(#387),#66,.F.);
#4801=ADVANCED_FACE('',(#388),#207,.T.);
#4802=ADVANCED_FACE('',(#389),#67,.F.);
#4803=ADVANCED_FACE('',(#390),#208,.T.);
#4804=ADVANCED_FACE('',(#391),#209,.F.);
#4805=ADVANCED_FACE('',(#392),#4608,.F.);
#4806=ADVANCED_FACE('',(#393),#210,.F.);
#4807=ADVANCED_FACE('',(#394),#4609,.F.);
#4808=ADVANCED_FACE('',(#395),#211,.F.);
#4809=ADVANCED_FACE('',(#396),#42,.F.);
#4810=ADVANCED_FACE('',(#397),#15,.F.);
#4811=ADVANCED_FACE('',(#398,#143),#212,.T.);
#4812=ADVANCED_FACE('',(#399),#213,.T.);
#4813=ADVANCED_FACE('',(#400),#214,.T.);
#4814=ADVANCED_FACE('',(#401),#215,.T.);
#4815=ADVANCED_FACE('',(#402),#68,.F.);
#4816=ADVANCED_FACE('',(#403),#216,.T.);
#4817=ADVANCED_FACE('',(#404),#69,.F.);
#4818=ADVANCED_FACE('',(#405),#217,.T.);
#4819=ADVANCED_FACE('',(#406),#4610,.F.);
#4820=ADVANCED_FACE('',(#407),#218,.T.);
#4821=ADVANCED_FACE('',(#408),#4611,.F.);
#4822=ADVANCED_FACE('',(#409),#219,.T.);
#4823=ADVANCED_FACE('',(#410),#43,.F.);
#4824=ADVANCED_FACE('',(#411),#16,.F.);
#4825=ADVANCED_FACE('',(#412,#144),#220,.F.);
#4826=ADVANCED_FACE('',(#413),#221,.F.);
#4827=ADVANCED_FACE('',(#414),#222,.T.);
#4828=ADVANCED_FACE('',(#415),#223,.T.);
#4829=ADVANCED_FACE('',(#416),#70,.T.);
#4830=ADVANCED_FACE('',(#417),#71,.F.);
#4831=ADVANCED_FACE('',(#418),#72,.T.);
#4832=ADVANCED_FACE('',(#419),#73,.T.);
#4833=ADVANCED_FACE('',(#420),#74,.T.);
#4834=ADVANCED_FACE('',(#421),#4612,.T.);
#4835=ADVANCED_FACE('',(#422),#4613,.T.);
#4836=ADVANCED_FACE('',(#423),#4614,.T.);
#4837=ADVANCED_FACE('',(#424),#4615,.T.);
#4838=ADVANCED_FACE('',(#425),#4616,.T.);
#4839=ADVANCED_FACE('',(#426),#4617,.T.);
#4840=ADVANCED_FACE('',(#427),#75,.T.);
#4841=ADVANCED_FACE('',(#428),#224,.T.);
#4842=ADVANCED_FACE('',(#429),#76,.T.);
#4843=ADVANCED_FACE('',(#430),#77,.T.);
#4844=ADVANCED_FACE('',(#431),#78,.T.);
#4845=ADVANCED_FACE('',(#432),#225,.T.);
#4846=ADVANCED_FACE('',(#433),#226,.T.);
#4847=ADVANCED_FACE('',(#434,#145),#227,.T.);
#4848=ADVANCED_FACE('',(#435),#17,.F.);
#4849=ADVANCED_FACE('',(#436),#44,.F.);
#4850=ADVANCED_FACE('',(#437),#228,.F.);
#4851=ADVANCED_FACE('',(#438),#4618,.F.);
#4852=ADVANCED_FACE('',(#439),#229,.F.);
#4853=ADVANCED_FACE('',(#440),#4619,.F.);
#4854=ADVANCED_FACE('',(#441),#230,.F.);
#4855=ADVANCED_FACE('',(#442),#231,.T.);
#4856=ADVANCED_FACE('',(#443),#79,.F.);
#4857=ADVANCED_FACE('',(#444),#232,.T.);
#4858=ADVANCED_FACE('',(#445),#80,.F.);
#4859=ADVANCED_FACE('',(#446),#233,.T.);
#4860=ADVANCED_FACE('',(#447),#234,.F.);
#4861=ADVANCED_FACE('',(#448,#146),#235,.F.);
#4862=ADVANCED_FACE('',(#449),#18,.F.);
#4863=ADVANCED_FACE('',(#450),#45,.F.);
#4864=ADVANCED_FACE('',(#451),#236,.T.);
#4865=ADVANCED_FACE('',(#452),#4620,.F.);
#4866=ADVANCED_FACE('',(#453),#237,.T.);
#4867=ADVANCED_FACE('',(#454),#4621,.F.);
#4868=ADVANCED_FACE('',(#455),#238,.T.);
#4869=ADVANCED_FACE('',(#456),#239,.T.);
#4870=ADVANCED_FACE('',(#457),#240,.T.);
#4871=ADVANCED_FACE('',(#458),#81,.F.);
#4872=ADVANCED_FACE('',(#459),#241,.T.);
#4873=ADVANCED_FACE('',(#460),#82,.F.);
#4874=ADVANCED_FACE('',(#461),#242,.T.);
#4875=ADVANCED_FACE('',(#462),#243,.T.);
#4876=ADVANCED_FACE('',(#463),#4622,.T.);
#4877=ADVANCED_FACE('',(#464),#4623,.F.);
#4878=ADVANCED_FACE('',(#465),#244,.T.);
#4879=ADVANCED_FACE('',(#466),#4624,.T.);
#4880=ADVANCED_FACE('',(#467),#4625,.T.);
#4881=ADVANCED_FACE('',(#468),#4626,.T.);
#4882=ADVANCED_FACE('',(#469),#4627,.F.);
#4883=ADVANCED_FACE('',(#470),#83,.F.);
#4884=ADVANCED_FACE('',(#471),#84,.T.);
#4885=ADVANCED_FACE('',(#472),#85,.F.);
#4886=ADVANCED_FACE('',(#473),#86,.F.);
#4887=ADVANCED_FACE('',(#474),#4628,.F.);
#4888=ADVANCED_FACE('',(#475),#4629,.F.);
#4889=ADVANCED_FACE('',(#476),#87,.F.);
#4890=ADVANCED_FACE('',(#477),#88,.T.);
#4891=ADVANCED_FACE('',(#478),#89,.F.);
#4892=ADVANCED_FACE('',(#479),#90,.F.);
#4893=ADVANCED_FACE('',(#480),#4630,.T.);
#4894=ADVANCED_FACE('',(#481),#4631,.F.);
#4895=ADVANCED_FACE('',(#482),#91,.F.);
#4896=ADVANCED_FACE('',(#483),#92,.T.);
#4897=ADVANCED_FACE('',(#484),#93,.F.);
#4898=ADVANCED_FACE('',(#485),#94,.F.);
#4899=ADVANCED_FACE('',(#486),#4632,.F.);
#4900=ADVANCED_FACE('',(#487),#4633,.F.);
#4901=ADVANCED_FACE('',(#488),#95,.F.);
#4902=ADVANCED_FACE('',(#489),#96,.T.);
#4903=ADVANCED_FACE('',(#490),#97,.F.);
#4904=ADVANCED_FACE('',(#491),#98,.F.);
#4905=ADVANCED_FACE('',(#492),#99,.F.);
#4906=ADVANCED_FACE('',(#493),#4634,.T.);
#4907=ADVANCED_FACE('',(#494),#4635,.F.);
#4908=ADVANCED_FACE('',(#495),#4636,.F.);
#4909=ADVANCED_FACE('',(#496),#4637,.F.);
#4910=ADVANCED_FACE('',(#497),#4638,.F.);
#4911=ADVANCED_FACE('',(#498),#4639,.T.);
#4912=ADVANCED_FACE('',(#499),#4640,.F.);
#4913=ADVANCED_FACE('',(#500),#4641,.F.);
#4914=ADVANCED_FACE('',(#501),#4642,.T.);
#4915=ADVANCED_FACE('',(#502),#4643,.T.);
#4916=ADVANCED_FACE('',(#503),#4644,.F.);
#4917=ADVANCED_FACE('',(#504),#4645,.F.);
#4918=ADVANCED_FACE('',(#505),#4646,.F.);
#4919=ADVANCED_FACE('',(#506),#4647,.T.);
#4920=ADVANCED_FACE('',(#507),#100,.F.);
#4921=ADVANCED_FACE('',(#508,#147,#148,#149,#150,#151,#152,#153,#154,#155,
#156,#157,#158,#159,#160,#161,#162,#163,#164,#165,#166),#245,.F.);
#4922=ADVANCED_FACE('',(#509),#4648,.F.);
#4923=ADVANCED_FACE('',(#510),#4649,.F.);
#4924=ADVANCED_FACE('',(#511),#4650,.F.);
#4925=ADVANCED_FACE('',(#512),#4651,.F.);
#4926=ADVANCED_FACE('',(#513),#101,.F.);
#4927=ADVANCED_FACE('',(#514),#4652,.F.);
#4928=ADVANCED_FACE('',(#515),#102,.F.);
#4929=ADVANCED_FACE('',(#516),#4653,.F.);
#4930=ADVANCED_FACE('',(#517,#167,#168,#169),#246,.T.);
#4931=ADVANCED_FACE('',(#518),#103,.F.);
#4932=ADVANCED_FACE('',(#519),#4654,.F.);
#4933=ADVANCED_FACE('',(#520),#4655,.T.);
#4934=ADVANCED_FACE('',(#521),#104,.F.);
#4935=ADVANCED_FACE('',(#522),#4656,.F.);
#4936=ADVANCED_FACE('',(#523),#4657,.T.);
#4937=ADVANCED_FACE('',(#524),#105,.F.);
#4938=ADVANCED_FACE('',(#525),#4658,.T.);
#4939=ADVANCED_FACE('',(#526),#4659,.T.);
#4940=ADVANCED_FACE('',(#527),#247,.T.);
#4941=ADVANCED_FACE('',(#528),#4660,.F.);
#4942=ADVANCED_FACE('',(#529),#248,.T.);
#4943=ADVANCED_FACE('',(#530),#4661,.T.);
#4944=ADVANCED_FACE('',(#531),#4662,.F.);
#4945=ADVANCED_FACE('',(#532),#249,.T.);
#4946=CLOSED_SHELL('',(#4663,#4664,#4665,#4666,#4667,#4668,#4669,#4670,
#4671,#4672,#4673,#4674,#4675,#4676,#4677,#4678,#4679,#4680,#4681,#4682,
#4683,#4684,#4685,#4686,#4687,#4688,#4689,#4690,#4691,#4692,#4693,#4694,
#4695,#4696,#4697,#4698));
#4947=CLOSED_SHELL('',(#4699,#4700,#4701,#4702,#4703,#4704,#4705,#4706,
#4707,#4708,#4709,#4710,#4711,#4712,#4713,#4714,#4715,#4716,#4717,#4718,
#4719,#4720,#4721,#4722,#4723,#4724,#4725,#4726,#4727,#4728,#4729,#4730,
#4731,#4732,#4733,#4734,#4735,#4736,#4737,#4738,#4739,#4740,#4741,#4742,
#4743,#4744,#4745,#4746,#4747,#4748,#4749,#4750,#4751,#4752,#4753,#4754,
#4755,#4756,#4757,#4758,#4759,#4760,#4761,#4762,#4763,#4764,#4765,#4766,
#4767,#4768,#4769,#4770,#4771,#4772,#4773,#4774,#4775,#4776,#4777,#4778,
#4779,#4780,#4781,#4782,#4783,#4784,#4785,#4786,#4787,#4788,#4789,#4790,
#4791,#4792,#4793,#4794,#4795,#4796,#4797,#4798,#4799,#4800,#4801,#4802,
#4803,#4804,#4805,#4806,#4807,#4808,#4809,#4810,#4811,#4812,#4813,#4814,
#4815,#4816,#4817,#4818,#4819,#4820,#4821,#4822,#4823,#4824,#4825,#4826,
#4827,#4828,#4829,#4830,#4831,#4832,#4833,#4834,#4835,#4836,#4837,#4838,
#4839,#4840,#4841,#4842,#4843,#4844,#4845,#4846,#4847,#4848,#4849,#4850,
#4851,#4852,#4853,#4854,#4855,#4856,#4857,#4858,#4859,#4860,#4861,#4862,
#4863,#4864,#4865,#4866,#4867,#4868,#4869,#4870,#4871,#4872,#4873,#4874,
#4875,#4876,#4877,#4878,#4879,#4880,#4881,#4882,#4883,#4884,#4885,#4886,
#4887,#4888,#4889,#4890,#4891,#4892,#4893,#4894,#4895,#4896,#4897,#4898,
#4899,#4900,#4901,#4902,#4903,#4904,#4905,#4906,#4907,#4908,#4909,#4910,
#4911,#4912,#4913,#4914,#4915,#4916,#4917,#4918,#4919,#4920,#4921,#4922,
#4923,#4924,#4925,#4926,#4927,#4928,#4929,#4930,#4931,#4932,#4933,#4934,
#4935,#4936,#4937,#4938,#4939,#4940,#4941,#4942,#4943,#4944,#4945));
#4948=DERIVED_UNIT_ELEMENT(#4950,1.);
#4949=DERIVED_UNIT_ELEMENT(#8944,-3.);
#4950=(
MASS_UNIT()
NAMED_UNIT(*)
SI_UNIT(.KILO.,.GRAM.)
);
#4951=DERIVED_UNIT((#4948,#4949));
#4952=MEASURE_REPRESENTATION_ITEM('density measure',
POSITIVE_RATIO_MEASURE(2700.),#4951);
#4953=PROPERTY_DEFINITION_REPRESENTATION(#4958,#4955);
#4954=PROPERTY_DEFINITION_REPRESENTATION(#4959,#4956);
#4955=REPRESENTATION('material name',(#4957),#8941);
#4956=REPRESENTATION('density',(#4952),#8941);
#4957=DESCRIPTIVE_REPRESENTATION_ITEM('\X2\94DD\X0\','\X2\94DD\X0\');
#4958=PROPERTY_DEFINITION('material property','material name',#8956);
#4959=PROPERTY_DEFINITION('material property','density of part',#8956);
#4960=AXIS2_PLACEMENT_3D('',#7264,#5618,#5619);
#4961=AXIS2_PLACEMENT_3D('',#7265,#5620,#5621);
#4962=AXIS2_PLACEMENT_3D('',#7266,#5622,#5623);
#4963=AXIS2_PLACEMENT_3D('',#7269,#5624,#5625);
#4964=AXIS2_PLACEMENT_3D('',#7273,#5627,#5628);
#4965=AXIS2_PLACEMENT_3D('',#7275,#5630,#5631);
#4966=AXIS2_PLACEMENT_3D('',#7281,#5635,#5636);
#4967=AXIS2_PLACEMENT_3D('',#7283,#5637,#5638);
#4968=AXIS2_PLACEMENT_3D('',#7285,#5639,#5640);
#4969=AXIS2_PLACEMENT_3D('',#7287,#5642,#5643);
#4970=AXIS2_PLACEMENT_3D('',#7293,#5646,#5647);
#4971=AXIS2_PLACEMENT_3D('',#7297,#5649,#5650);
#4972=AXIS2_PLACEMENT_3D('',#7301,#5652,#5653);
#4973=AXIS2_PLACEMENT_3D('',#7305,#5655,#5656);
#4974=AXIS2_PLACEMENT_3D('',#7309,#5659,#5660);
#4975=AXIS2_PLACEMENT_3D('',#7313,#5662,#5663);
#4976=AXIS2_PLACEMENT_3D('',#7315,#5665,#5666);
#4977=AXIS2_PLACEMENT_3D('',#7319,#5669,#5670);
#4978=AXIS2_PLACEMENT_3D('',#7325,#5674,#5675);
#4979=AXIS2_PLACEMENT_3D('',#7331,#5679,#5680);
#4980=AXIS2_PLACEMENT_3D('',#7333,#5681,#5682);
#4981=AXIS2_PLACEMENT_3D('',#7335,#5683,#5684);
#4982=AXIS2_PLACEMENT_3D('',#7337,#5686,#5687);
#4983=AXIS2_PLACEMENT_3D('',#7343,#5691,#5692);
#4984=AXIS2_PLACEMENT_3D('',#7345,#5693,#5694);
#4985=AXIS2_PLACEMENT_3D('',#7347,#5695,#5696);
#4986=AXIS2_PLACEMENT_3D('',#7349,#5698,#5699);
#4987=AXIS2_PLACEMENT_3D('',#7352,#5702,#5703);
#4988=AXIS2_PLACEMENT_3D('',#7355,#5705,#5706);
#4989=AXIS2_PLACEMENT_3D('',#7356,#5707,#5708);
#4990=AXIS2_PLACEMENT_3D('',#7360,#5710,#5711);
#4991=AXIS2_PLACEMENT_3D('',#7364,#5713,#5714);
#4992=AXIS2_PLACEMENT_3D('',#7366,#5716,#5717);
#4993=AXIS2_PLACEMENT_3D('',#7368,#5718,#5719);
#4994=AXIS2_PLACEMENT_3D('',#7371,#5721,#5722);
#4995=AXIS2_PLACEMENT_3D('',#7372,#5723,#5724);
#4996=AXIS2_PLACEMENT_3D('',#7374,#5725,#5726);
#4997=AXIS2_PLACEMENT_3D('',#7375,#5727,#5728);
#4998=AXIS2_PLACEMENT_3D('',#7377,#5729,#5730);
#4999=AXIS2_PLACEMENT_3D('',#7380,#5732,#5733);
#5000=AXIS2_PLACEMENT_3D('',#7381,#5734,#5735);
#5001=AXIS2_PLACEMENT_3D('',#7383,#5736,#5737);
#5002=AXIS2_PLACEMENT_3D('',#7384,#5738,#5739);
#5003=AXIS2_PLACEMENT_3D('',#7386,#5740,#5741);
#5004=AXIS2_PLACEMENT_3D('',#7389,#5743,#5744);
#5005=AXIS2_PLACEMENT_3D('',#7390,#5745,#5746);
#5006=AXIS2_PLACEMENT_3D('',#7392,#5747,#5748);
#5007=AXIS2_PLACEMENT_3D('',#7393,#5749,#5750);
#5008=AXIS2_PLACEMENT_3D('',#7395,#5751,#5752);
#5009=AXIS2_PLACEMENT_3D('',#7398,#5754,#5755);
#5010=AXIS2_PLACEMENT_3D('',#7399,#5756,#5757);
#5011=AXIS2_PLACEMENT_3D('',#7401,#5758,#5759);
#5012=AXIS2_PLACEMENT_3D('',#7402,#5760,#5761);
#5013=AXIS2_PLACEMENT_3D('',#7405,#5763,#5764);
#5014=AXIS2_PLACEMENT_3D('',#7406,#5765,#5766);
#5015=AXIS2_PLACEMENT_3D('',#7409,#5768,#5769);
#5016=AXIS2_PLACEMENT_3D('',#7410,#5770,#5771);
#5017=AXIS2_PLACEMENT_3D('',#7413,#5773,#5774);
#5018=AXIS2_PLACEMENT_3D('',#7414,#5775,#5776);
#5019=AXIS2_PLACEMENT_3D('',#7417,#5778,#5779);
#5020=AXIS2_PLACEMENT_3D('',#7418,#5780,#5781);
#5021=AXIS2_PLACEMENT_3D('',#7424,#5785,#5786);
#5022=AXIS2_PLACEMENT_3D('',#7426,#5787,#5788);
#5023=AXIS2_PLACEMENT_3D('',#7428,#5790,#5791);
#5024=AXIS2_PLACEMENT_3D('',#7432,#5794,#5795);
#5025=AXIS2_PLACEMENT_3D('',#7434,#5796,#5797);
#5026=AXIS2_PLACEMENT_3D('',#7436,#5799,#5800);
#5027=AXIS2_PLACEMENT_3D('',#7440,#5803,#5804);
#5028=AXIS2_PLACEMENT_3D('',#7442,#5805,#5806);
#5029=AXIS2_PLACEMENT_3D('',#7444,#5808,#5809);
#5030=AXIS2_PLACEMENT_3D('',#7448,#5812,#5813);
#5031=AXIS2_PLACEMENT_3D('',#7449,#5814,#5815);
#5032=AXIS2_PLACEMENT_3D('',#7450,#5816,#5817);
#5033=AXIS2_PLACEMENT_3D('',#7451,#5818,#5819);
#5034=AXIS2_PLACEMENT_3D('',#7452,#5820,#5821);
#5035=AXIS2_PLACEMENT_3D('',#7455,#5822,#5823);
#5036=AXIS2_PLACEMENT_3D('',#7459,#5825,#5826);
#5037=AXIS2_PLACEMENT_3D('',#7461,#5827,#5828);
#5038=AXIS2_PLACEMENT_3D('',#7465,#5830,#5831);
#5039=AXIS2_PLACEMENT_3D('',#7469,#5833,#5834);
#5040=AXIS2_PLACEMENT_3D('',#7471,#5835,#5836);
#5041=AXIS2_PLACEMENT_3D('',#7473,#5837,#5838);
#5042=AXIS2_PLACEMENT_3D('',#7475,#5839,#5840);
#5043=AXIS2_PLACEMENT_3D('',#7477,#5841,#5842);
#5044=AXIS2_PLACEMENT_3D('',#7479,#5843,#5844);
#5045=AXIS2_PLACEMENT_3D('',#7481,#5845,#5846);
#5046=AXIS2_PLACEMENT_3D('',#7487,#5849,#5850);
#5047=AXIS2_PLACEMENT_3D('',#7491,#5852,#5853);
#5048=AXIS2_PLACEMENT_3D('',#7499,#5857,#5858);
#5049=AXIS2_PLACEMENT_3D('',#7503,#5860,#5861);
#5050=AXIS2_PLACEMENT_3D('',#7509,#5864,#5865);
#5051=AXIS2_PLACEMENT_3D('',#7511,#5866,#5867);
#5052=AXIS2_PLACEMENT_3D('',#7513,#5868,#5869);
#5053=AXIS2_PLACEMENT_3D('',#7515,#5870,#5871);
#5054=AXIS2_PLACEMENT_3D('',#7517,#5872,#5873);
#5055=AXIS2_PLACEMENT_3D('',#7523,#5876,#5877);
#5056=AXIS2_PLACEMENT_3D('',#7527,#5879,#5880);
#5057=AXIS2_PLACEMENT_3D('',#7535,#5884,#5885);
#5058=AXIS2_PLACEMENT_3D('',#7539,#5887,#5888);
#5059=AXIS2_PLACEMENT_3D('',#7545,#5891,#5892);
#5060=AXIS2_PLACEMENT_3D('',#7547,#5893,#5894);
#5061=AXIS2_PLACEMENT_3D('',#7549,#5895,#5896);
#5062=AXIS2_PLACEMENT_3D('',#7551,#5897,#5898);
#5063=AXIS2_PLACEMENT_3D('',#7553,#5899,#5900);
#5064=AXIS2_PLACEMENT_3D('',#7555,#5901,#5902);
#5065=AXIS2_PLACEMENT_3D('',#7557,#5903,#5904);
#5066=AXIS2_PLACEMENT_3D('',#7560,#5906,#5907);
#5067=AXIS2_PLACEMENT_3D('',#7563,#5908,#5909);
#5068=AXIS2_PLACEMENT_3D('',#7565,#5910,#5911);
#5069=AXIS2_PLACEMENT_3D('',#7567,#5912,#5913);
#5070=AXIS2_PLACEMENT_3D('',#7568,#5914,#5915);
#5071=AXIS2_PLACEMENT_3D('',#7571,#5916,#5917);
#5072=AXIS2_PLACEMENT_3D('',#7573,#5918,#5919);
#5073=AXIS2_PLACEMENT_3D('',#7575,#5920,#5921);
#5074=AXIS2_PLACEMENT_3D('',#7576,#5922,#5923);
#5075=AXIS2_PLACEMENT_3D('',#7579,#5924,#5925);
#5076=AXIS2_PLACEMENT_3D('',#7581,#5926,#5927);
#5077=AXIS2_PLACEMENT_3D('',#7583,#5928,#5929);
#5078=AXIS2_PLACEMENT_3D('',#7584,#5930,#5931);
#5079=AXIS2_PLACEMENT_3D('',#7587,#5932,#5933);
#5080=AXIS2_PLACEMENT_3D('',#7589,#5934,#5935);
#5081=AXIS2_PLACEMENT_3D('',#7591,#5936,#5937);
#5082=AXIS2_PLACEMENT_3D('',#7592,#5938,#5939);
#5083=AXIS2_PLACEMENT_3D('',#7594,#5940,#5941);
#5084=AXIS2_PLACEMENT_3D('',#7595,#5942,#5943);
#5085=AXIS2_PLACEMENT_3D('',#7597,#5944,#5945);
#5086=AXIS2_PLACEMENT_3D('',#7599,#5946,#5947);
#5087=AXIS2_PLACEMENT_3D('',#7600,#5948,#5949);
#5088=AXIS2_PLACEMENT_3D('',#7602,#5950,#5951);
#5089=AXIS2_PLACEMENT_3D('',#7604,#5952,#5953);
#5090=AXIS2_PLACEMENT_3D('',#7605,#5954,#5955);
#5091=AXIS2_PLACEMENT_3D('',#7609,#5957,#5958);
#5092=AXIS2_PLACEMENT_3D('',#7610,#5959,#5960);
#5093=AXIS2_PLACEMENT_3D('',#7611,#5961,#5962);
#5094=AXIS2_PLACEMENT_3D('',#7614,#5964,#5965);
#5095=AXIS2_PLACEMENT_3D('',#7615,#5966,#5967);
#5096=AXIS2_PLACEMENT_3D('',#7618,#5969,#5970);
#5097=AXIS2_PLACEMENT_3D('',#7619,#5971,#5972);
#5098=AXIS2_PLACEMENT_3D('',#7621,#5973,#5974);
#5099=AXIS2_PLACEMENT_3D('',#7624,#5976,#5977);
#5100=AXIS2_PLACEMENT_3D('',#7625,#5978,#5979);
#5101=AXIS2_PLACEMENT_3D('',#7627,#5980,#5981);
#5102=AXIS2_PLACEMENT_3D('',#7628,#5982,#5983);
#5103=AXIS2_PLACEMENT_3D('',#7631,#5985,#5986);
#5104=AXIS2_PLACEMENT_3D('',#7632,#5987,#5988);
#5105=AXIS2_PLACEMENT_3D('',#7634,#5989,#5990);
#5106=AXIS2_PLACEMENT_3D('',#7637,#5992,#5993);
#5107=AXIS2_PLACEMENT_3D('',#7638,#5994,#5995);
#5108=AXIS2_PLACEMENT_3D('',#7640,#5996,#5997);
#5109=AXIS2_PLACEMENT_3D('',#7641,#5998,#5999);
#5110=AXIS2_PLACEMENT_3D('',#7644,#6001,#6002);
#5111=AXIS2_PLACEMENT_3D('',#7645,#6003,#6004);
#5112=AXIS2_PLACEMENT_3D('',#7648,#6006,#6007);
#5113=AXIS2_PLACEMENT_3D('',#7649,#6008,#6009);
#5114=AXIS2_PLACEMENT_3D('',#7652,#6011,#6012);
#5115=AXIS2_PLACEMENT_3D('',#7653,#6013,#6014);
#5116=AXIS2_PLACEMENT_3D('',#7656,#6015,#6016);
#5117=AXIS2_PLACEMENT_3D('',#7657,#6017,#6018);
#5118=AXIS2_PLACEMENT_3D('',#7658,#6019,#6020);
#5119=AXIS2_PLACEMENT_3D('',#7659,#6021,#6022);
#5120=AXIS2_PLACEMENT_3D('',#7661,#6024,#6025);
#5121=AXIS2_PLACEMENT_3D('',#7664,#6026,#6027);
#5122=AXIS2_PLACEMENT_3D('',#7665,#6028,#6029);
#5123=AXIS2_PLACEMENT_3D('',#7666,#6030,#6031);
#5124=AXIS2_PLACEMENT_3D('',#7667,#6032,#6033);
#5125=AXIS2_PLACEMENT_3D('',#7669,#6035,#6036);
#5126=AXIS2_PLACEMENT_3D('',#7671,#6037,#6038);
#5127=AXIS2_PLACEMENT_3D('',#7673,#6039,#6040);
#5128=AXIS2_PLACEMENT_3D('',#7691,#6041,#6042);
#5129=AXIS2_PLACEMENT_3D('',#7692,#6043,#6044);
#5130=AXIS2_PLACEMENT_3D('',#7696,#6047,#6048);
#5131=AXIS2_PLACEMENT_3D('',#7700,#6050,#6051);
#5132=AXIS2_PLACEMENT_3D('',#7702,#6052,#6053);
#5133=AXIS2_PLACEMENT_3D('',#7706,#6055,#6056);
#5134=AXIS2_PLACEMENT_3D('',#7708,#6057,#6058);
#5135=AXIS2_PLACEMENT_3D('',#7712,#6060,#6061);
#5136=AXIS2_PLACEMENT_3D('',#7714,#6062,#6063);
#5137=AXIS2_PLACEMENT_3D('',#7716,#6064,#6065);
#5138=AXIS2_PLACEMENT_3D('',#7718,#6066,#6067);
#5139=AXIS2_PLACEMENT_3D('',#7720,#6068,#6069);
#5140=AXIS2_PLACEMENT_3D('',#7722,#6070,#6071);
#5141=AXIS2_PLACEMENT_3D('',#7724,#6072,#6073);
#5142=AXIS2_PLACEMENT_3D('',#7726,#6074,#6075);
#5143=AXIS2_PLACEMENT_3D('',#7728,#6076,#6077);
#5144=AXIS2_PLACEMENT_3D('',#7730,#6078,#6079);
#5145=AXIS2_PLACEMENT_3D('',#7732,#6080,#6081);
#5146=AXIS2_PLACEMENT_3D('',#7734,#6082,#6083);
#5147=AXIS2_PLACEMENT_3D('',#7736,#6084,#6085);
#5148=AXIS2_PLACEMENT_3D('',#7737,#6086,#6087);
#5149=AXIS2_PLACEMENT_3D('',#7738,#6088,#6089);
#5150=AXIS2_PLACEMENT_3D('',#7741,#6090,#6091);
#5151=AXIS2_PLACEMENT_3D('',#7742,#6092,#6093);
#5152=AXIS2_PLACEMENT_3D('',#7759,#6094,#6095);
#5153=AXIS2_PLACEMENT_3D('',#7760,#6096,#6097);
#5154=AXIS2_PLACEMENT_3D('',#7762,#6099,#6100);
#5155=AXIS2_PLACEMENT_3D('',#7764,#6102,#6103);
#5156=AXIS2_PLACEMENT_3D('',#7766,#6104,#6105);
#5157=AXIS2_PLACEMENT_3D('',#7769,#6107,#6108);
#5158=AXIS2_PLACEMENT_3D('',#7770,#6109,#6110);
#5159=AXIS2_PLACEMENT_3D('',#7772,#6111,#6112);
#5160=AXIS2_PLACEMENT_3D('',#7775,#6114,#6115);
#5161=AXIS2_PLACEMENT_3D('',#7776,#6116,#6117);
#5162=AXIS2_PLACEMENT_3D('',#7778,#6118,#6119);
#5163=AXIS2_PLACEMENT_3D('',#7781,#6121,#6122);
#5164=AXIS2_PLACEMENT_3D('',#7782,#6123,#6124);
#5165=AXIS2_PLACEMENT_3D('',#7784,#6125,#6126);
#5166=AXIS2_PLACEMENT_3D('',#7787,#6128,#6129);
#5167=AXIS2_PLACEMENT_3D('',#7788,#6130,#6131);
#5168=AXIS2_PLACEMENT_3D('',#7793,#6133,#6134);
#5169=AXIS2_PLACEMENT_3D('',#7796,#6136,#6137);
#5170=AXIS2_PLACEMENT_3D('',#7798,#6138,#6139);
#5171=AXIS2_PLACEMENT_3D('',#7802,#6141,#6142);
#5172=AXIS2_PLACEMENT_3D('',#7806,#6144,#6145);
#5173=AXIS2_PLACEMENT_3D('',#7810,#6147,#6148);
#5174=AXIS2_PLACEMENT_3D('',#7814,#6150,#6151);
#5175=AXIS2_PLACEMENT_3D('',#7817,#6153,#6154);
#5176=AXIS2_PLACEMENT_3D('',#7818,#6155,#6156);
#5177=AXIS2_PLACEMENT_3D('',#7819,#6157,#6158);
#5178=AXIS2_PLACEMENT_3D('',#7821,#6159,#6160);
#5179=AXIS2_PLACEMENT_3D('',#7824,#6162,#6163);
#5180=AXIS2_PLACEMENT_3D('',#7825,#6164,#6165);
#5181=AXIS2_PLACEMENT_3D('',#7827,#6166,#6167);
#5182=AXIS2_PLACEMENT_3D('',#7829,#6168,#6169);
#5183=AXIS2_PLACEMENT_3D('',#7831,#6170,#6171);
#5184=AXIS2_PLACEMENT_3D('',#7833,#6172,#6173);
#5185=AXIS2_PLACEMENT_3D('',#7835,#6174,#6175);
#5186=AXIS2_PLACEMENT_3D('',#7837,#6176,#6177);
#5187=AXIS2_PLACEMENT_3D('',#7839,#6178,#6179);
#5188=AXIS2_PLACEMENT_3D('',#7841,#6180,#6181);
#5189=AXIS2_PLACEMENT_3D('',#7843,#6182,#6183);
#5190=AXIS2_PLACEMENT_3D('',#7845,#6184,#6185);
#5191=AXIS2_PLACEMENT_3D('',#7847,#6186,#6187);
#5192=AXIS2_PLACEMENT_3D('',#7849,#6188,#6189);
#5193=AXIS2_PLACEMENT_3D('',#7851,#6190,#6191);
#5194=AXIS2_PLACEMENT_3D('',#7853,#6192,#6193);
#5195=AXIS2_PLACEMENT_3D('',#7855,#6194,#6195);
#5196=AXIS2_PLACEMENT_3D('',#7857,#6196,#6197);
#5197=AXIS2_PLACEMENT_3D('',#7858,#6198,#6199);
#5198=AXIS2_PLACEMENT_3D('',#7861,#6200,#6201);
#5199=AXIS2_PLACEMENT_3D('',#7863,#6202,#6203);
#5200=AXIS2_PLACEMENT_3D('',#7865,#6204,#6205);
#5201=AXIS2_PLACEMENT_3D('',#7867,#6206,#6207);
#5202=AXIS2_PLACEMENT_3D('',#7868,#6208,#6209);
#5203=AXIS2_PLACEMENT_3D('',#7871,#6210,#6211);
#5204=AXIS2_PLACEMENT_3D('',#7873,#6212,#6213);
#5205=AXIS2_PLACEMENT_3D('',#7875,#6214,#6215);
#5206=AXIS2_PLACEMENT_3D('',#7877,#6216,#6217);
#5207=AXIS2_PLACEMENT_3D('',#7881,#6219,#6220);
#5208=AXIS2_PLACEMENT_3D('',#7883,#6221,#6222);
#5209=AXIS2_PLACEMENT_3D('',#7885,#6223,#6224);
#5210=AXIS2_PLACEMENT_3D('',#7887,#6225,#6226);
#5211=AXIS2_PLACEMENT_3D('',#7888,#6227,#6228);
#5212=AXIS2_PLACEMENT_3D('',#7889,#6229,#6230);
#5213=AXIS2_PLACEMENT_3D('',#7891,#6231,#6232);
#5214=AXIS2_PLACEMENT_3D('',#7893,#6234,#6235);
#5215=AXIS2_PLACEMENT_3D('',#7895,#6236,#6237);
#5216=AXIS2_PLACEMENT_3D('',#7897,#6238,#6239);
#5217=AXIS2_PLACEMENT_3D('',#7898,#6240,#6241);
#5218=AXIS2_PLACEMENT_3D('',#7899,#6242,#6243);
#5219=AXIS2_PLACEMENT_3D('',#7901,#6244,#6245);
#5220=AXIS2_PLACEMENT_3D('',#7903,#6247,#6248);
#5221=AXIS2_PLACEMENT_3D('',#7905,#6249,#6250);
#5222=AXIS2_PLACEMENT_3D('',#7907,#6251,#6252);
#5223=AXIS2_PLACEMENT_3D('',#7909,#6253,#6254);
#5224=AXIS2_PLACEMENT_3D('',#7911,#6255,#6256);
#5225=AXIS2_PLACEMENT_3D('',#7913,#6257,#6258);
#5226=AXIS2_PLACEMENT_3D('',#7915,#6259,#6260);
#5227=AXIS2_PLACEMENT_3D('',#7917,#6261,#6262);
#5228=AXIS2_PLACEMENT_3D('',#7918,#6263,#6264);
#5229=AXIS2_PLACEMENT_3D('',#7919,#6265,#6266);
#5230=AXIS2_PLACEMENT_3D('',#7946,#6267,#6268);
#5231=AXIS2_PLACEMENT_3D('',#7947,#6269,#6270);
#5232=AXIS2_PLACEMENT_3D('',#7949,#6271,#6272);
#5233=AXIS2_PLACEMENT_3D('',#7951,#6274,#6275);
#5234=AXIS2_PLACEMENT_3D('',#7956,#6278,#6279);
#5235=AXIS2_PLACEMENT_3D('',#7957,#6280,#6281);
#5236=AXIS2_PLACEMENT_3D('',#7960,#6283,#6284);
#5237=AXIS2_PLACEMENT_3D('',#7961,#6285,#6286);
#5238=AXIS2_PLACEMENT_3D('',#7964,#6288,#6289);
#5239=AXIS2_PLACEMENT_3D('',#7965,#6290,#6291);
#5240=AXIS2_PLACEMENT_3D('',#7966,#6292,#6293);
#5241=AXIS2_PLACEMENT_3D('',#7967,#6294,#6295);
#5242=AXIS2_PLACEMENT_3D('',#7971,#6297,#6298);
#5243=AXIS2_PLACEMENT_3D('',#7973,#6300,#6301);
#5244=AXIS2_PLACEMENT_3D('',#7976,#6303,#6304);
#5245=AXIS2_PLACEMENT_3D('',#7977,#6305,#6306);
#5246=AXIS2_PLACEMENT_3D('',#7981,#6308,#6309);
#5247=AXIS2_PLACEMENT_3D('',#7983,#6311,#6312);
#5248=AXIS2_PLACEMENT_3D('',#7987,#6314,#6315);
#5249=AXIS2_PLACEMENT_3D('',#7988,#6316,#6317);
#5250=AXIS2_PLACEMENT_3D('',#7989,#6318,#6319);
#5251=AXIS2_PLACEMENT_3D('',#7992,#6321,#6322);
#5252=AXIS2_PLACEMENT_3D('',#7993,#6323,#6324);
#5253=AXIS2_PLACEMENT_3D('',#7994,#6325,#6326);
#5254=AXIS2_PLACEMENT_3D('',#7995,#6327,#6328);
#5255=AXIS2_PLACEMENT_3D('',#7996,#6329,#6330);
#5256=AXIS2_PLACEMENT_3D('',#7998,#6332,#6333);
#5257=AXIS2_PLACEMENT_3D('',#7999,#6334,#6335);
#5258=AXIS2_PLACEMENT_3D('',#8004,#6338,#6339);
#5259=AXIS2_PLACEMENT_3D('',#8005,#6340,#6341);
#5260=AXIS2_PLACEMENT_3D('',#8008,#6343,#6344);
#5261=AXIS2_PLACEMENT_3D('',#8009,#6345,#6346);
#5262=AXIS2_PLACEMENT_3D('',#8012,#6348,#6349);
#5263=AXIS2_PLACEMENT_3D('',#8013,#6350,#6351);
#5264=AXIS2_PLACEMENT_3D('',#8014,#6352,#6353);
#5265=AXIS2_PLACEMENT_3D('',#8015,#6354,#6355);
#5266=AXIS2_PLACEMENT_3D('',#8019,#6357,#6358);
#5267=AXIS2_PLACEMENT_3D('',#8021,#6360,#6361);
#5268=AXIS2_PLACEMENT_3D('',#8024,#6363,#6364);
#5269=AXIS2_PLACEMENT_3D('',#8025,#6365,#6366);
#5270=AXIS2_PLACEMENT_3D('',#8029,#6368,#6369);
#5271=AXIS2_PLACEMENT_3D('',#8031,#6371,#6372);
#5272=AXIS2_PLACEMENT_3D('',#8035,#6374,#6375);
#5273=AXIS2_PLACEMENT_3D('',#8036,#6376,#6377);
#5274=AXIS2_PLACEMENT_3D('',#8037,#6378,#6379);
#5275=AXIS2_PLACEMENT_3D('',#8040,#6381,#6382);
#5276=AXIS2_PLACEMENT_3D('',#8041,#6383,#6384);
#5277=AXIS2_PLACEMENT_3D('',#8042,#6385,#6386);
#5278=AXIS2_PLACEMENT_3D('',#8043,#6387,#6388);
#5279=AXIS2_PLACEMENT_3D('',#8044,#6389,#6390);
#5280=AXIS2_PLACEMENT_3D('',#8046,#6392,#6393);
#5281=AXIS2_PLACEMENT_3D('',#8047,#6394,#6395);
#5282=AXIS2_PLACEMENT_3D('',#8049,#6397,#6398);
#5283=AXIS2_PLACEMENT_3D('',#8051,#6400,#6401);
#5284=AXIS2_PLACEMENT_3D('',#8052,#6402,#6403);
#5285=AXIS2_PLACEMENT_3D('',#8054,#6405,#6406);
#5286=AXIS2_PLACEMENT_3D('',#8058,#6408,#6409);
#5287=AXIS2_PLACEMENT_3D('',#8061,#6412,#6413);
#5288=AXIS2_PLACEMENT_3D('',#8064,#6415,#6416);
#5289=AXIS2_PLACEMENT_3D('',#8065,#6417,#6418);
#5290=AXIS2_PLACEMENT_3D('',#8068,#6420,#6421);
#5291=AXIS2_PLACEMENT_3D('',#8069,#6422,#6423);
#5292=AXIS2_PLACEMENT_3D('',#8072,#6425,#6426);
#5293=AXIS2_PLACEMENT_3D('',#8073,#6427,#6428);
#5294=AXIS2_PLACEMENT_3D('',#8077,#6430,#6431);
#5295=AXIS2_PLACEMENT_3D('',#8080,#6433,#6434);
#5296=AXIS2_PLACEMENT_3D('',#8081,#6435,#6436);
#5297=AXIS2_PLACEMENT_3D('',#8084,#6438,#6439);
#5298=AXIS2_PLACEMENT_3D('',#8085,#6440,#6441);
#5299=AXIS2_PLACEMENT_3D('',#8088,#6443,#6444);
#5300=AXIS2_PLACEMENT_3D('',#8089,#6445,#6446);
#5301=AXIS2_PLACEMENT_3D('',#8093,#6448,#6449);
#5302=AXIS2_PLACEMENT_3D('',#8096,#6451,#6452);
#5303=AXIS2_PLACEMENT_3D('',#8097,#6453,#6454);
#5304=AXIS2_PLACEMENT_3D('',#8100,#6456,#6457);
#5305=AXIS2_PLACEMENT_3D('',#8101,#6458,#6459);
#5306=AXIS2_PLACEMENT_3D('',#8104,#6461,#6462);
#5307=AXIS2_PLACEMENT_3D('',#8105,#6463,#6464);
#5308=AXIS2_PLACEMENT_3D('',#8108,#6466,#6467);
#5309=AXIS2_PLACEMENT_3D('',#8109,#6468,#6469);
#5310=AXIS2_PLACEMENT_3D('',#8112,#6472,#6473);
#5311=AXIS2_PLACEMENT_3D('',#8116,#6476,#6477);
#5312=AXIS2_PLACEMENT_3D('',#8120,#6481,#6482);
#5313=AXIS2_PLACEMENT_3D('',#8121,#6483,#6484);
#5314=AXIS2_PLACEMENT_3D('',#8124,#6486,#6487);
#5315=AXIS2_PLACEMENT_3D('',#8126,#6489,#6490);
#5316=AXIS2_PLACEMENT_3D('',#8127,#6491,#6492);
#5317=AXIS2_PLACEMENT_3D('',#8129,#6494,#6495);
#5318=AXIS2_PLACEMENT_3D('',#8130,#6496,#6497);
#5319=AXIS2_PLACEMENT_3D('',#8131,#6498,#6499);
#5320=AXIS2_PLACEMENT_3D('',#8132,#6500,#6501);
#5321=AXIS2_PLACEMENT_3D('',#8133,#6502,#6503);
#5322=AXIS2_PLACEMENT_3D('',#8135,#6504,#6505);
#5323=AXIS2_PLACEMENT_3D('',#8137,#6507,#6508);
#5324=AXIS2_PLACEMENT_3D('',#8138,#6509,#6510);
#5325=AXIS2_PLACEMENT_3D('',#8139,#6511,#6512);
#5326=AXIS2_PLACEMENT_3D('',#8142,#6513,#6514);
#5327=AXIS2_PLACEMENT_3D('',#8145,#6517,#6518);
#5328=AXIS2_PLACEMENT_3D('',#8147,#6519,#6520);
#5329=AXIS2_PLACEMENT_3D('',#8149,#6522,#6523);
#5330=AXIS2_PLACEMENT_3D('',#8151,#6524,#6525);
#5331=AXIS2_PLACEMENT_3D('',#8153,#6527,#6528);
#5332=AXIS2_PLACEMENT_3D('',#8157,#6531,#6532);
#5333=AXIS2_PLACEMENT_3D('',#8158,#6533,#6534);
#5334=AXIS2_PLACEMENT_3D('',#8159,#6535,#6536);
#5335=AXIS2_PLACEMENT_3D('',#8163,#6538,#6539);
#5336=AXIS2_PLACEMENT_3D('',#8165,#6541,#6542);
#5337=AXIS2_PLACEMENT_3D('',#8168,#6544,#6545);
#5338=AXIS2_PLACEMENT_3D('',#8169,#6546,#6547);
#5339=AXIS2_PLACEMENT_3D('',#8170,#6548,#6549);
#5340=AXIS2_PLACEMENT_3D('',#8172,#6550,#6551);
#5341=AXIS2_PLACEMENT_3D('',#8174,#6553,#6554);
#5342=AXIS2_PLACEMENT_3D('',#8178,#6556,#6557);
#5343=AXIS2_PLACEMENT_3D('',#8180,#6559,#6560);
#5344=AXIS2_PLACEMENT_3D('',#8183,#6562,#6563);
#5345=AXIS2_PLACEMENT_3D('',#8184,#6564,#6565);
#5346=AXIS2_PLACEMENT_3D('',#8187,#6567,#6568);
#5347=AXIS2_PLACEMENT_3D('',#8188,#6569,#6570);
#5348=AXIS2_PLACEMENT_3D('',#8194,#6574,#6575);
#5349=AXIS2_PLACEMENT_3D('',#8197,#6577,#6578);
#5350=AXIS2_PLACEMENT_3D('',#8198,#6579,#6580);
#5351=AXIS2_PLACEMENT_3D('',#8202,#6583,#6584);
#5352=AXIS2_PLACEMENT_3D('',#8205,#6586,#6587);
#5353=AXIS2_PLACEMENT_3D('',#8206,#6588,#6589);
#5354=AXIS2_PLACEMENT_3D('',#8210,#6592,#6593);
#5355=AXIS2_PLACEMENT_3D('',#8216,#6597,#6598);
#5356=AXIS2_PLACEMENT_3D('',#8219,#6600,#6601);
#5357=AXIS2_PLACEMENT_3D('',#8220,#6602,#6603);
#5358=AXIS2_PLACEMENT_3D('',#8224,#6606,#6607);
#5359=AXIS2_PLACEMENT_3D('',#8227,#6609,#6610);
#5360=AXIS2_PLACEMENT_3D('',#8228,#6611,#6612);
#5361=AXIS2_PLACEMENT_3D('',#8232,#6615,#6616);
#5362=AXIS2_PLACEMENT_3D('',#8235,#6617,#6618);
#5363=AXIS2_PLACEMENT_3D('',#8236,#6619,#6620);
#5364=AXIS2_PLACEMENT_3D('',#8238,#6621,#6622);
#5365=AXIS2_PLACEMENT_3D('',#8239,#6623,#6624);
#5366=AXIS2_PLACEMENT_3D('',#8268,#6625,#6626);
#5367=AXIS2_PLACEMENT_3D('',#8269,#6627,#6628);
#5368=AXIS2_PLACEMENT_3D('',#8270,#6629,#6630);
#5369=AXIS2_PLACEMENT_3D('',#8272,#6632,#6633);
#5370=AXIS2_PLACEMENT_3D('',#8273,#6634,#6635);
#5371=AXIS2_PLACEMENT_3D('',#8277,#6638,#6639);
#5372=AXIS2_PLACEMENT_3D('',#8283,#6643,#6644);
#5373=AXIS2_PLACEMENT_3D('',#8286,#6646,#6647);
#5374=AXIS2_PLACEMENT_3D('',#8287,#6648,#6649);
#5375=AXIS2_PLACEMENT_3D('',#8291,#6652,#6653);
#5376=AXIS2_PLACEMENT_3D('',#8294,#6655,#6656);
#5377=AXIS2_PLACEMENT_3D('',#8295,#6657,#6658);
#5378=AXIS2_PLACEMENT_3D('',#8299,#6661,#6662);
#5379=AXIS2_PLACEMENT_3D('',#8303,#6664,#6665);
#5380=AXIS2_PLACEMENT_3D('',#8305,#6667,#6668);
#5381=AXIS2_PLACEMENT_3D('',#8309,#6671,#6672);
#5382=AXIS2_PLACEMENT_3D('',#8312,#6674,#6675);
#5383=AXIS2_PLACEMENT_3D('',#8313,#6676,#6677);
#5384=AXIS2_PLACEMENT_3D('',#8317,#6680,#6681);
#5385=AXIS2_PLACEMENT_3D('',#8319,#6682,#6683);
#5386=AXIS2_PLACEMENT_3D('',#8321,#6684,#6685);
#5387=AXIS2_PLACEMENT_3D('',#8322,#6686,#6687);
#5388=AXIS2_PLACEMENT_3D('',#8351,#6688,#6689);
#5389=AXIS2_PLACEMENT_3D('',#8352,#6690,#6691);
#5390=AXIS2_PLACEMENT_3D('',#8353,#6692,#6693);
#5391=AXIS2_PLACEMENT_3D('',#8357,#6696,#6697);
#5392=AXIS2_PLACEMENT_3D('',#8358,#6698,#6699);
#5393=AXIS2_PLACEMENT_3D('',#8360,#6701,#6702);
#5394=AXIS2_PLACEMENT_3D('',#8364,#6705,#6706);
#5395=AXIS2_PLACEMENT_3D('',#8366,#6707,#6708);
#5396=AXIS2_PLACEMENT_3D('',#8370,#6710,#6711);
#5397=AXIS2_PLACEMENT_3D('',#8375,#6712,#6713);
#5398=AXIS2_PLACEMENT_3D('',#8378,#6714,#6715);
#5399=AXIS2_PLACEMENT_3D('',#8387,#6716,#6717);
#5400=AXIS2_PLACEMENT_3D('',#8389,#6718,#6719);
#5401=AXIS2_PLACEMENT_3D('',#8394,#6720,#6721);
#5402=AXIS2_PLACEMENT_3D('',#8396,#6722,#6723);
#5403=AXIS2_PLACEMENT_3D('',#8398,#6725,#6726);
#5404=AXIS2_PLACEMENT_3D('',#8399,#6727,#6728);
#5405=AXIS2_PLACEMENT_3D('',#8400,#6729,#6730);
#5406=AXIS2_PLACEMENT_3D('',#8401,#6731,#6732);
#5407=AXIS2_PLACEMENT_3D('',#8402,#6733,#6734);
#5408=AXIS2_PLACEMENT_3D('',#8403,#6735,#6736);
#5409=AXIS2_PLACEMENT_3D('',#8405,#6738,#6739);
#5410=AXIS2_PLACEMENT_3D('',#8406,#6740,#6741);
#5411=AXIS2_PLACEMENT_3D('',#8409,#6742,#6743);
#5412=AXIS2_PLACEMENT_3D('',#8412,#6746,#6747);
#5413=AXIS2_PLACEMENT_3D('',#8417,#6750,#6751);
#5414=AXIS2_PLACEMENT_3D('',#8418,#6752,#6753);
#5415=AXIS2_PLACEMENT_3D('',#8420,#6754,#6755);
#5416=AXIS2_PLACEMENT_3D('',#8422,#6757,#6758);
#5417=AXIS2_PLACEMENT_3D('',#8425,#6759,#6760);
#5418=AXIS2_PLACEMENT_3D('',#8431,#6762,#6763);
#5419=AXIS2_PLACEMENT_3D('',#8438,#6768,#6769);
#5420=AXIS2_PLACEMENT_3D('',#8442,#6771,#6772);
#5421=AXIS2_PLACEMENT_3D('',#8447,#6773,#6774);
#5422=AXIS2_PLACEMENT_3D('',#8449,#6775,#6776);
#5423=AXIS2_PLACEMENT_3D('',#8456,#6777,#6778);
#5424=AXIS2_PLACEMENT_3D('',#8458,#6779,#6780);
#5425=AXIS2_PLACEMENT_3D('',#8464,#6781,#6782);
#5426=AXIS2_PLACEMENT_3D('',#8465,#6783,#6784);
#5427=AXIS2_PLACEMENT_3D('',#8469,#6787,#6788);
#5428=AXIS2_PLACEMENT_3D('',#8471,#6789,#6790);
#5429=AXIS2_PLACEMENT_3D('',#8472,#6791,#6792);
#5430=AXIS2_PLACEMENT_3D('',#8476,#6794,#6795);
#5431=AXIS2_PLACEMENT_3D('',#8480,#6797,#6798);
#5432=AXIS2_PLACEMENT_3D('',#8483,#6800,#6801);
#5433=AXIS2_PLACEMENT_3D('',#8512,#6802,#6803);
#5434=AXIS2_PLACEMENT_3D('',#8514,#6804,#6805);
#5435=AXIS2_PLACEMENT_3D('',#8515,#6806,#6807);
#5436=AXIS2_PLACEMENT_3D('',#8516,#6808,#6809);
#5437=AXIS2_PLACEMENT_3D('',#8517,#6810,#6811);
#5438=AXIS2_PLACEMENT_3D('',#8518,#6812,#6813);
#5439=AXIS2_PLACEMENT_3D('',#8522,#6816,#6817);
#5440=AXIS2_PLACEMENT_3D('',#8524,#6818,#6819);
#5441=AXIS2_PLACEMENT_3D('',#8526,#6821,#6822);
#5442=AXIS2_PLACEMENT_3D('',#8530,#6825,#6826);
#5443=AXIS2_PLACEMENT_3D('',#8532,#6827,#6828);
#5444=AXIS2_PLACEMENT_3D('',#8534,#6830,#6831);
#5445=AXIS2_PLACEMENT_3D('',#8538,#6834,#6835);
#5446=AXIS2_PLACEMENT_3D('',#8541,#6838,#6839);
#5447=AXIS2_PLACEMENT_3D('',#8543,#6841,#6842);
#5448=AXIS2_PLACEMENT_3D('',#8545,#6844,#6845);
#5449=AXIS2_PLACEMENT_3D('',#8547,#6847,#6848);
#5450=AXIS2_PLACEMENT_3D('',#8548,#6849,#6850);
#5451=AXIS2_PLACEMENT_3D('',#8550,#6851,#6852);
#5452=AXIS2_PLACEMENT_3D('',#8551,#6853,#6854);
#5453=AXIS2_PLACEMENT_3D('',#8558,#6857,#6858);
#5454=AXIS2_PLACEMENT_3D('',#8562,#6860,#6861);
#5455=AXIS2_PLACEMENT_3D('',#8565,#6863,#6864);
#5456=AXIS2_PLACEMENT_3D('',#8594,#6865,#6866);
#5457=AXIS2_PLACEMENT_3D('',#8595,#6867,#6868);
#5458=AXIS2_PLACEMENT_3D('',#8596,#6869,#6870);
#5459=AXIS2_PLACEMENT_3D('',#8597,#6871,#6872);
#5460=AXIS2_PLACEMENT_3D('',#8598,#6873,#6874);
#5461=AXIS2_PLACEMENT_3D('',#8604,#6878,#6879);
#5462=AXIS2_PLACEMENT_3D('',#8606,#6880,#6881);
#5463=AXIS2_PLACEMENT_3D('',#8608,#6883,#6884);
#5464=AXIS2_PLACEMENT_3D('',#8612,#6887,#6888);
#5465=AXIS2_PLACEMENT_3D('',#8614,#6889,#6890);
#5466=AXIS2_PLACEMENT_3D('',#8616,#6892,#6893);
#5467=AXIS2_PLACEMENT_3D('',#8620,#6896,#6897);
#5468=AXIS2_PLACEMENT_3D('',#8623,#6900,#6901);
#5469=AXIS2_PLACEMENT_3D('',#8625,#6903,#6904);
#5470=AXIS2_PLACEMENT_3D('',#8627,#6906,#6907);
#5471=AXIS2_PLACEMENT_3D('',#8629,#6909,#6910);
#5472=AXIS2_PLACEMENT_3D('',#8631,#6912,#6913);
#5473=AXIS2_PLACEMENT_3D('',#8633,#6915,#6916);
#5474=AXIS2_PLACEMENT_3D('',#8635,#6918,#6919);
#5475=AXIS2_PLACEMENT_3D('',#8637,#6920,#6921);
#5476=AXIS2_PLACEMENT_3D('',#8639,#6923,#6924);
#5477=AXIS2_PLACEMENT_3D('',#8641,#6925,#6926);
#5478=AXIS2_PLACEMENT_3D('',#8643,#6928,#6929);
#5479=AXIS2_PLACEMENT_3D('',#8645,#6930,#6931);
#5480=AXIS2_PLACEMENT_3D('',#8647,#6932,#6933);
#5481=AXIS2_PLACEMENT_3D('',#8648,#6934,#6935);
#5482=AXIS2_PLACEMENT_3D('',#8649,#6936,#6937);
#5483=AXIS2_PLACEMENT_3D('',#8651,#6939,#6940);
#5484=AXIS2_PLACEMENT_3D('',#8653,#6942,#6943);
#5485=AXIS2_PLACEMENT_3D('',#8656,#6944,#6945);
#5486=AXIS2_PLACEMENT_3D('',#8660,#6947,#6948);
#5487=AXIS2_PLACEMENT_3D('',#8662,#6950,#6951);
#5488=AXIS2_PLACEMENT_3D('',#8664,#6952,#6953);
#5489=AXIS2_PLACEMENT_3D('',#8666,#6954,#6955);
#5490=AXIS2_PLACEMENT_3D('',#8668,#6957,#6958);
#5491=AXIS2_PLACEMENT_3D('',#8673,#6960,#6961);
#5492=AXIS2_PLACEMENT_3D('',#8675,#6963,#6964);
#5493=AXIS2_PLACEMENT_3D('',#8676,#6965,#6966);
#5494=AXIS2_PLACEMENT_3D('',#8678,#6967,#6968);
#5495=AXIS2_PLACEMENT_3D('',#8680,#6970,#6971);
#5496=AXIS2_PLACEMENT_3D('',#8682,#6972,#6973);
#5497=AXIS2_PLACEMENT_3D('',#8684,#6975,#6976);
#5498=AXIS2_PLACEMENT_3D('',#8685,#6977,#6978);
#5499=AXIS2_PLACEMENT_3D('',#8686,#6979,#6980);
#5500=AXIS2_PLACEMENT_3D('',#8687,#6981,#6982);
#5501=AXIS2_PLACEMENT_3D('',#8689,#6983,#6984);
#5502=AXIS2_PLACEMENT_3D('',#8691,#6986,#6987);
#5503=AXIS2_PLACEMENT_3D('',#8692,#6988,#6989);
#5504=AXIS2_PLACEMENT_3D('',#8693,#6990,#6991);
#5505=AXIS2_PLACEMENT_3D('',#8696,#6994,#6995);
#5506=AXIS2_PLACEMENT_3D('',#8698,#6997,#6998);
#5507=AXIS2_PLACEMENT_3D('',#8700,#7000,#7001);
#5508=AXIS2_PLACEMENT_3D('',#8701,#7002,#7003);
#5509=AXIS2_PLACEMENT_3D('',#8704,#7004,#7005);
#5510=AXIS2_PLACEMENT_3D('',#8708,#7007,#7008);
#5511=AXIS2_PLACEMENT_3D('',#8710,#7010,#7011);
#5512=AXIS2_PLACEMENT_3D('',#8712,#7012,#7013);
#5513=AXIS2_PLACEMENT_3D('',#8714,#7014,#7015);
#5514=AXIS2_PLACEMENT_3D('',#8716,#7017,#7018);
#5515=AXIS2_PLACEMENT_3D('',#8721,#7020,#7021);
#5516=AXIS2_PLACEMENT_3D('',#8723,#7023,#7024);
#5517=AXIS2_PLACEMENT_3D('',#8724,#7025,#7026);
#5518=AXIS2_PLACEMENT_3D('',#8726,#7027,#7028);
#5519=AXIS2_PLACEMENT_3D('',#8728,#7030,#7031);
#5520=AXIS2_PLACEMENT_3D('',#8730,#7032,#7033);
#5521=AXIS2_PLACEMENT_3D('',#8732,#7035,#7036);
#5522=AXIS2_PLACEMENT_3D('',#8733,#7037,#7038);
#5523=AXIS2_PLACEMENT_3D('',#8734,#7039,#7040);
#5524=AXIS2_PLACEMENT_3D('',#8735,#7041,#7042);
#5525=AXIS2_PLACEMENT_3D('',#8737,#7043,#7044);
#5526=AXIS2_PLACEMENT_3D('',#8739,#7046,#7047);
#5527=AXIS2_PLACEMENT_3D('',#8740,#7048,#7049);
#5528=AXIS2_PLACEMENT_3D('',#8741,#7050,#7051);
#5529=AXIS2_PLACEMENT_3D('',#8744,#7054,#7055);
#5530=AXIS2_PLACEMENT_3D('',#8746,#7057,#7058);
#5531=AXIS2_PLACEMENT_3D('',#8748,#7060,#7061);
#5532=AXIS2_PLACEMENT_3D('',#8749,#7062,#7063);
#5533=AXIS2_PLACEMENT_3D('',#8757,#7064,#7065);
#5534=AXIS2_PLACEMENT_3D('',#8758,#7066,#7067);
#5535=AXIS2_PLACEMENT_3D('',#8760,#7069,#7070);
#5536=AXIS2_PLACEMENT_3D('',#8763,#7072,#7073);
#5537=AXIS2_PLACEMENT_3D('',#8764,#7074,#7075);
#5538=AXIS2_PLACEMENT_3D('',#8766,#7076,#7077);
#5539=AXIS2_PLACEMENT_3D('',#8768,#7079,#7080);
#5540=AXIS2_PLACEMENT_3D('',#8772,#7082,#7083);
#5541=AXIS2_PLACEMENT_3D('',#8775,#7085,#7086);
#5542=AXIS2_PLACEMENT_3D('',#8776,#7087,#7088);
#5543=AXIS2_PLACEMENT_3D('',#8779,#7091,#7092);
#5544=AXIS2_PLACEMENT_3D('',#8781,#7093,#7094);
#5545=AXIS2_PLACEMENT_3D('',#8784,#7096,#7097);
#5546=AXIS2_PLACEMENT_3D('',#8785,#7098,#7099);
#5547=AXIS2_PLACEMENT_3D('',#8786,#7100,#7101);
#5548=AXIS2_PLACEMENT_3D('',#8787,#7102,#7103);
#5549=AXIS2_PLACEMENT_3D('',#8788,#7104,#7105);
#5550=AXIS2_PLACEMENT_3D('',#8790,#7106,#7107);
#5551=AXIS2_PLACEMENT_3D('',#8792,#7109,#7110);
#5552=AXIS2_PLACEMENT_3D('',#8794,#7111,#7112);
#5553=AXIS2_PLACEMENT_3D('',#8796,#7114,#7115);
#5554=AXIS2_PLACEMENT_3D('',#8800,#7117,#7118);
#5555=AXIS2_PLACEMENT_3D('',#8802,#7120,#7121);
#5556=AXIS2_PLACEMENT_3D('',#8804,#7122,#7123);
#5557=AXIS2_PLACEMENT_3D('',#8806,#7125,#7126);
#5558=AXIS2_PLACEMENT_3D('',#8807,#7127,#7128);
#5559=AXIS2_PLACEMENT_3D('',#8808,#7129,#7130);
#5560=AXIS2_PLACEMENT_3D('',#8810,#7132,#7133);
#5561=AXIS2_PLACEMENT_3D('',#8812,#7135,#7136);
#5562=AXIS2_PLACEMENT_3D('',#8820,#7137,#7138);
#5563=AXIS2_PLACEMENT_3D('',#8821,#7139,#7140);
#5564=AXIS2_PLACEMENT_3D('',#8823,#7141,#7142);
#5565=AXIS2_PLACEMENT_3D('',#8825,#7143,#7144);
#5566=AXIS2_PLACEMENT_3D('',#8827,#7145,#7146);
#5567=AXIS2_PLACEMENT_3D('',#8828,#7147,#7148);
#5568=AXIS2_PLACEMENT_3D('',#8830,#7150,#7151);
#5569=AXIS2_PLACEMENT_3D('',#8831,#7152,#7153);
#5570=AXIS2_PLACEMENT_3D('',#8833,#7154,#7155);
#5571=AXIS2_PLACEMENT_3D('',#8835,#7156,#7157);
#5572=AXIS2_PLACEMENT_3D('',#8837,#7158,#7159);
#5573=AXIS2_PLACEMENT_3D('',#8839,#7160,#7161);
#5574=AXIS2_PLACEMENT_3D('',#8841,#7162,#7163);
#5575=AXIS2_PLACEMENT_3D('',#8842,#7164,#7165);
#5576=AXIS2_PLACEMENT_3D('',#8845,#7167,#7168);
#5577=AXIS2_PLACEMENT_3D('',#8846,#7169,#7170);
#5578=AXIS2_PLACEMENT_3D('',#8848,#7172,#7173);
#5579=AXIS2_PLACEMENT_3D('',#8850,#7175,#7176);
#5580=AXIS2_PLACEMENT_3D('',#8852,#7177,#7178);
#5581=AXIS2_PLACEMENT_3D('',#8854,#7180,#7181);
#5582=AXIS2_PLACEMENT_3D('',#8857,#7183,#7184);
#5583=AXIS2_PLACEMENT_3D('',#8858,#7185,#7186);
#5584=AXIS2_PLACEMENT_3D('',#8860,#7187,#7188);
#5585=AXIS2_PLACEMENT_3D('',#8862,#7190,#7191);
#5586=AXIS2_PLACEMENT_3D('',#8864,#7192,#7193);
#5587=AXIS2_PLACEMENT_3D('',#8866,#7195,#7196);
#5588=AXIS2_PLACEMENT_3D('',#8868,#7197,#7198);
#5589=AXIS2_PLACEMENT_3D('',#8870,#7200,#7201);
#5590=AXIS2_PLACEMENT_3D('',#8872,#7202,#7203);
#5591=AXIS2_PLACEMENT_3D('',#8874,#7204,#7205);
#5592=AXIS2_PLACEMENT_3D('',#8876,#7206,#7207);
#5593=AXIS2_PLACEMENT_3D('',#8878,#7208,#7209);
#5594=AXIS2_PLACEMENT_3D('',#8880,#7210,#7211);
#5595=AXIS2_PLACEMENT_3D('',#8882,#7212,#7213);
#5596=AXIS2_PLACEMENT_3D('',#8884,#7214,#7215);
#5597=AXIS2_PLACEMENT_3D('',#8885,#7216,#7217);
#5598=AXIS2_PLACEMENT_3D('',#8887,#7218,#7219);
#5599=AXIS2_PLACEMENT_3D('',#8888,#7220,#7221);
#5600=AXIS2_PLACEMENT_3D('',#8890,#7223,#7224);
#5601=AXIS2_PLACEMENT_3D('',#8892,#7225,#7226);
#5602=AXIS2_PLACEMENT_3D('',#8894,#7228,#7229);
#5603=AXIS2_PLACEMENT_3D('',#8908,#7231,#7232);
#5604=AXIS2_PLACEMENT_3D('',#8910,#7234,#7235);
#5605=AXIS2_PLACEMENT_3D('',#8912,#7236,#7237);
#5606=AXIS2_PLACEMENT_3D('',#8914,#7239,#7240);
#5607=AXIS2_PLACEMENT_3D('',#8925,#7241,#7242);
#5608=AXIS2_PLACEMENT_3D('',#8927,#7244,#7245);
#5609=AXIS2_PLACEMENT_3D('',#8928,#7246,#7247);
#5610=AXIS2_PLACEMENT_3D('',#8929,#7248,#7249);
#5611=AXIS2_PLACEMENT_3D('',#8930,#7250,#7251);
#5612=AXIS2_PLACEMENT_3D('',#8931,#7252,#7253);
#5613=AXIS2_PLACEMENT_3D('',#8932,#7254,#7255);
#5614=AXIS2_PLACEMENT_3D('',#8933,#7256,#7257);
#5615=AXIS2_PLACEMENT_3D('',#8934,#7258,#7259);
#5616=AXIS2_PLACEMENT_3D('',#8935,#7260,#7261);
#5617=AXIS2_PLACEMENT_3D('',#8936,#7262,#7263);
#5618=DIRECTION('axis',(0.,0.,1.));
#5619=DIRECTION('refdir',(1.,0.,0.));
#5620=DIRECTION('axis',(0.,0.,1.));
#5621=DIRECTION('refdir',(1.,0.,0.));
#5622=DIRECTION('center_axis',(0.,0.,1.));
#5623=DIRECTION('ref_axis',(-1.,0.,0.));
#5624=DIRECTION('center_axis',(0.,0.,1.));
#5625=DIRECTION('ref_axis',(-1.,0.,0.));
#5626=DIRECTION('',(0.,0.,1.));
#5627=DIRECTION('center_axis',(0.,0.,-1.));
#5628=DIRECTION('ref_axis',(-1.,0.,0.));
#5629=DIRECTION('',(0.,0.,1.));
#5630=DIRECTION('center_axis',(0.,1.,0.));
#5631=DIRECTION('ref_axis',(-1.,0.,0.));
#5632=DIRECTION('',(1.,0.,0.));
#5633=DIRECTION('',(-1.,0.,0.));
#5634=DIRECTION('',(0.,0.,1.));
#5635=DIRECTION('center_axis',(0.,0.,1.));
#5636=DIRECTION('ref_axis',(0.,-1.,0.));
#5637=DIRECTION('center_axis',(0.,0.,1.));
#5638=DIRECTION('ref_axis',(0.,-1.,0.));
#5639=DIRECTION('center_axis',(0.,0.,-1.));
#5640=DIRECTION('ref_axis',(0.,-1.,0.));
#5641=DIRECTION('',(0.,0.,1.));
#5642=DIRECTION('center_axis',(0.,0.,1.));
#5643=DIRECTION('ref_axis',(-1.,0.,0.));
#5644=DIRECTION('',(0.,1.,0.));
#5645=DIRECTION('',(1.,-7.60426729195313E-17,0.));
#5646=DIRECTION('center_axis',(0.,0.,1.));
#5647=DIRECTION('ref_axis',(-1.,-3.46944695195361E-15,0.));
#5648=DIRECTION('',(5.46139225043998E-16,-1.,0.));
#5649=DIRECTION('center_axis',(0.,0.,1.));
#5650=DIRECTION('ref_axis',(-1.,-1.0027820867582E-14,0.));
#5651=DIRECTION('',(1.,8.98966011842231E-17,0.));
#5652=DIRECTION('center_axis',(0.,0.,1.));
#5653=DIRECTION('ref_axis',(3.43811001174242E-14,-1.,0.));
#5654=DIRECTION('',(0.,1.,0.));
#5655=DIRECTION('center_axis',(0.,0.,1.));
#5656=DIRECTION('ref_axis',(0.,-1.,0.));
#5657=DIRECTION('',(1.,-3.02101300648804E-16,0.));
#5658=DIRECTION('',(0.,-1.,0.));
#5659=DIRECTION('center_axis',(0.,0.,1.));
#5660=DIRECTION('ref_axis',(-1.,-3.46944695195361E-15,0.));
#5661=DIRECTION('',(0.,0.,1.));
#5662=DIRECTION('center_axis',(0.,0.,1.));
#5663=DIRECTION('ref_axis',(-1.,-3.46944695195361E-15,0.));
#5664=DIRECTION('',(0.,0.,1.));
#5665=DIRECTION('center_axis',(-7.60426729195313E-17,-1.,0.));
#5666=DIRECTION('ref_axis',(1.,-7.60426729195313E-17,0.));
#5667=DIRECTION('',(0.,0.,1.));
#5668=DIRECTION('',(1.,-7.60426729195313E-17,0.));
#5669=DIRECTION('center_axis',(-3.02101300648804E-16,-1.,0.));
#5670=DIRECTION('ref_axis',(1.,-3.02101300648804E-16,0.));
#5671=DIRECTION('',(0.,0.,1.));
#5672=DIRECTION('',(1.,-3.02101300648804E-16,0.));
#5673=DIRECTION('',(0.,0.,1.));
#5674=DIRECTION('center_axis',(-1.,0.,0.));
#5675=DIRECTION('ref_axis',(0.,-1.,0.));
#5676=DIRECTION('',(0.,1.,0.));
#5677=DIRECTION('',(0.,-1.,0.));
#5678=DIRECTION('',(0.,0.,1.));
#5679=DIRECTION('center_axis',(0.,0.,1.));
#5680=DIRECTION('ref_axis',(1.,0.,0.));
#5681=DIRECTION('center_axis',(0.,0.,1.));
#5682=DIRECTION('ref_axis',(1.,0.,0.));
#5683=DIRECTION('center_axis',(0.,0.,-1.));
#5684=DIRECTION('ref_axis',(1.,0.,0.));
#5685=DIRECTION('',(0.,0.,1.));
#5686=DIRECTION('center_axis',(0.,-1.,0.));
#5687=DIRECTION('ref_axis',(1.,0.,0.));
#5688=DIRECTION('',(-1.,0.,0.));
#5689=DIRECTION('',(1.,0.,0.));
#5690=DIRECTION('',(0.,0.,1.));
#5691=DIRECTION('center_axis',(0.,0.,1.));
#5692=DIRECTION('ref_axis',(2.77555756156291E-15,1.,0.));
#5693=DIRECTION('center_axis',(0.,0.,1.));
#5694=DIRECTION('ref_axis',(2.77555756156291E-15,1.,0.));
#5695=DIRECTION('center_axis',(0.,0.,-1.));
#5696=DIRECTION('ref_axis',(2.77555756156291E-15,1.,0.));
#5697=DIRECTION('',(0.,0.,1.));
#5698=DIRECTION('center_axis',(1.,0.,0.));
#5699=DIRECTION('ref_axis',(0.,1.,0.));
#5700=DIRECTION('',(0.,-1.,0.));
#5701=DIRECTION('',(0.,1.,0.));
#5702=DIRECTION('center_axis',(0.,0.,1.));
#5703=DIRECTION('ref_axis',(0.,-1.,0.));
#5704=DIRECTION('',(0.,0.,1.));
#5705=DIRECTION('center_axis',(0.,0.,1.));
#5706=DIRECTION('ref_axis',(0.,-1.,0.));
#5707=DIRECTION('center_axis',(0.,0.,1.));
#5708=DIRECTION('ref_axis',(-1.,0.,0.));
#5709=DIRECTION('',(2.28323501208258E-16,1.,0.));
#5710=DIRECTION('center_axis',(0.,0.,1.));
#5711=DIRECTION('ref_axis',(1.,-2.86509167645203E-15,0.));
#5712=DIRECTION('',(-1.,0.,0.));
#5713=DIRECTION('center_axis',(0.,0.,1.));
#5714=DIRECTION('ref_axis',(-2.13091193436118E-14,1.,0.));
#5715=DIRECTION('',(0.,-1.,0.));
#5716=DIRECTION('center_axis',(0.,0.,1.));
#5717=DIRECTION('ref_axis',(-1.,0.,0.));
#5718=DIRECTION('center_axis',(0.,0.,1.));
#5719=DIRECTION('ref_axis',(-1.,0.,0.));
#5720=DIRECTION('',(0.,0.,-1.));
#5721=DIRECTION('center_axis',(0.,0.,-1.));
#5722=DIRECTION('ref_axis',(-1.,0.,0.));
#5723=DIRECTION('center_axis',(0.,0.,1.));
#5724=DIRECTION('ref_axis',(-1.,0.,0.));
#5725=DIRECTION('center_axis',(0.,0.,-1.));
#5726=DIRECTION('ref_axis',(-1.,0.,0.));
#5727=DIRECTION('center_axis',(0.,0.,1.));
#5728=DIRECTION('ref_axis',(-1.,0.,0.));
#5729=DIRECTION('center_axis',(0.,0.,1.));
#5730=DIRECTION('ref_axis',(-1.,0.,0.));
#5731=DIRECTION('',(0.,0.,-1.));
#5732=DIRECTION('center_axis',(0.,0.,-1.));
#5733=DIRECTION('ref_axis',(-1.,0.,0.));
#5734=DIRECTION('center_axis',(0.,0.,1.));
#5735=DIRECTION('ref_axis',(-1.,0.,0.));
#5736=DIRECTION('center_axis',(0.,0.,-1.));
#5737=DIRECTION('ref_axis',(-1.,0.,0.));
#5738=DIRECTION('center_axis',(0.,0.,1.));
#5739=DIRECTION('ref_axis',(-1.,0.,0.));
#5740=DIRECTION('center_axis',(0.,0.,1.));
#5741=DIRECTION('ref_axis',(-1.,0.,0.));
#5742=DIRECTION('',(0.,0.,-1.));
#5743=DIRECTION('center_axis',(0.,0.,-1.));
#5744=DIRECTION('ref_axis',(-1.,0.,0.));
#5745=DIRECTION('center_axis',(0.,0.,1.));
#5746=DIRECTION('ref_axis',(-1.,0.,0.));
#5747=DIRECTION('center_axis',(0.,0.,-1.));
#5748=DIRECTION('ref_axis',(-1.,0.,0.));
#5749=DIRECTION('center_axis',(0.,0.,1.));
#5750=DIRECTION('ref_axis',(-1.,0.,0.));
#5751=DIRECTION('center_axis',(0.,0.,1.));
#5752=DIRECTION('ref_axis',(-1.,0.,0.));
#5753=DIRECTION('',(0.,0.,-1.));
#5754=DIRECTION('center_axis',(0.,0.,-1.));
#5755=DIRECTION('ref_axis',(-1.,0.,0.));
#5756=DIRECTION('center_axis',(0.,0.,1.));
#5757=DIRECTION('ref_axis',(-1.,0.,0.));
#5758=DIRECTION('center_axis',(0.,0.,-1.));
#5759=DIRECTION('ref_axis',(-1.,0.,0.));
#5760=DIRECTION('center_axis',(0.,0.,-1.));
#5761=DIRECTION('ref_axis',(1.,0.,0.));
#5762=DIRECTION('',(0.,0.,-1.));
#5763=DIRECTION('center_axis',(0.,0.,1.));
#5764=DIRECTION('ref_axis',(1.,0.,0.));
#5765=DIRECTION('center_axis',(0.,0.,-1.));
#5766=DIRECTION('ref_axis',(1.,0.,0.));
#5767=DIRECTION('',(0.,0.,-1.));
#5768=DIRECTION('center_axis',(0.,0.,1.));
#5769=DIRECTION('ref_axis',(1.,0.,0.));
#5770=DIRECTION('center_axis',(0.,0.,-1.));
#5771=DIRECTION('ref_axis',(1.,0.,0.));
#5772=DIRECTION('',(0.,0.,-1.));
#5773=DIRECTION('center_axis',(0.,0.,1.));
#5774=DIRECTION('ref_axis',(1.,0.,0.));
#5775=DIRECTION('center_axis',(0.,0.,-1.));
#5776=DIRECTION('ref_axis',(1.,0.,0.));
#5777=DIRECTION('',(0.,0.,-1.));
#5778=DIRECTION('center_axis',(0.,0.,1.));
#5779=DIRECTION('ref_axis',(1.,0.,0.));
#5780=DIRECTION('center_axis',(8.98966011842231E-17,-1.,0.));
#5781=DIRECTION('ref_axis',(-1.,-8.98966011842231E-17,0.));
#5782=DIRECTION('',(0.,0.,1.));
#5783=DIRECTION('',(-1.,-8.98966011842231E-17,0.));
#5784=DIRECTION('',(0.,0.,-1.));
#5785=DIRECTION('center_axis',(0.,0.,-1.));
#5786=DIRECTION('ref_axis',(1.,-1.43254583822601E-15,0.));
#5787=DIRECTION('center_axis',(0.,0.,-1.));
#5788=DIRECTION('ref_axis',(1.,-1.43254583822601E-15,0.));
#5789=DIRECTION('',(0.,0.,-1.));
#5790=DIRECTION('center_axis',(1.,0.,0.));
#5791=DIRECTION('ref_axis',(0.,-1.,0.));
#5792=DIRECTION('',(0.,-1.,0.));
#5793=DIRECTION('',(0.,0.,-1.));
#5794=DIRECTION('center_axis',(0.,0.,-1.));
#5795=DIRECTION('ref_axis',(2.86509167645201E-15,1.,0.));
#5796=DIRECTION('center_axis',(0.,0.,-1.));
#5797=DIRECTION('ref_axis',(2.86509167645201E-15,1.,0.));
#5798=DIRECTION('',(0.,0.,-1.));
#5799=DIRECTION('center_axis',(0.,1.,0.));
#5800=DIRECTION('ref_axis',(1.,0.,0.));
#5801=DIRECTION('',(1.,0.,0.));
#5802=DIRECTION('',(0.,0.,-1.));
#5803=DIRECTION('center_axis',(0.,0.,-1.));
#5804=DIRECTION('ref_axis',(-1.,1.432545838226E-15,0.));
#5805=DIRECTION('center_axis',(0.,0.,-1.));
#5806=DIRECTION('ref_axis',(-1.,1.432545838226E-15,0.));
#5807=DIRECTION('',(0.,0.,-1.));
#5808=DIRECTION('center_axis',(-1.,-1.14161750604129E-16,0.));
#5809=DIRECTION('ref_axis',(-1.14161750604129E-16,1.,0.));
#5810=DIRECTION('',(-1.14161750604129E-16,1.,0.));
#5811=DIRECTION('',(0.,0.,-1.));
#5812=DIRECTION('center_axis',(0.,0.,-1.));
#5813=DIRECTION('ref_axis',(-2.86509167645201E-15,-1.,0.));
#5814=DIRECTION('center_axis',(0.,0.,-1.));
#5815=DIRECTION('ref_axis',(-2.86509167645201E-15,-1.,0.));
#5816=DIRECTION('center_axis',(0.,0.,-1.));
#5817=DIRECTION('ref_axis',(1.,0.,0.));
#5818=DIRECTION('center_axis',(0.,0.,-1.));
#5819=DIRECTION('ref_axis',(1.,0.,0.));
#5820=DIRECTION('center_axis',(0.,1.,0.));
#5821=DIRECTION('ref_axis',(-1.,0.,0.));
#5822=DIRECTION('center_axis',(0.,1.,0.));
#5823=DIRECTION('ref_axis',(0.,0.,-1.));
#5824=DIRECTION('',(0.549584610448967,0.,-0.83543806231082));
#5825=DIRECTION('center_axis',(0.,-1.,0.));
#5826=DIRECTION('ref_axis',(0.0282147221466785,0.,-0.999601885479507));
#5827=DIRECTION('center_axis',(0.,-1.,0.));
#5828=DIRECTION('ref_axis',(0.290469746258932,0.,-0.956884176119697));
#5829=DIRECTION('',(0.549584610448966,0.,0.83543806231082));
#5830=DIRECTION('center_axis',(0.,1.,0.));
#5831=DIRECTION('ref_axis',(0.,0.,-1.));
#5832=DIRECTION('',(0.0458000981244721,0.,0.998950624911857));
#5833=DIRECTION('center_axis',(0.,-1.,0.));
#5834=DIRECTION('ref_axis',(0.999650241533676,0.,-0.0264460696827061));
#5835=DIRECTION('center_axis',(0.,-1.,0.));
#5836=DIRECTION('ref_axis',(0.85265367447418,0.,0.52247651756388));
#5837=DIRECTION('center_axis',(0.,-1.,0.));
#5838=DIRECTION('ref_axis',(0.987215873410213,0.,0.15938889323573));
#5839=DIRECTION('center_axis',(0.,-1.,0.));
#5840=DIRECTION('ref_axis',(0.0228047383923807,0.,0.999739938137341));
#5841=DIRECTION('center_axis',(0.,-1.,0.));
#5842=DIRECTION('ref_axis',(0.971358508199809,0.,-0.237618704120363));
#5843=DIRECTION('center_axis',(0.,1.,0.));
#5844=DIRECTION('ref_axis',(-0.595421427867438,0.,0.803413544344568));
#5845=DIRECTION('center_axis',(0.,-1.,0.));
#5846=DIRECTION('ref_axis',(0.285714285714296,0.,0.958314847499907));
#5847=DIRECTION('',(1.66533453693774E-16,0.,1.));
#5848=DIRECTION('',(1.,0.,0.));
#5849=DIRECTION('center_axis',(0.,1.,0.));
#5850=DIRECTION('ref_axis',(-1.,0.,-2.96059473233376E-15));
#5851=DIRECTION('',(0.,0.,1.));
#5852=DIRECTION('center_axis',(0.,1.,0.));
#5853=DIRECTION('ref_axis',(2.96059473233376E-15,0.,-1.));
#5854=DIRECTION('',(-1.,0.,0.));
#5855=DIRECTION('',(1.66533453693774E-16,0.,1.));
#5856=DIRECTION('',(1.,0.,-1.88923425357294E-47));
#5857=DIRECTION('center_axis',(0.,1.,0.));
#5858=DIRECTION('ref_axis',(2.96059473233376E-15,0.,1.));
#5859=DIRECTION('',(1.88923425357294E-47,0.,1.));
#5860=DIRECTION('center_axis',(0.,1.,0.));
#5861=DIRECTION('ref_axis',(-1.,0.,2.96059473233376E-15));
#5862=DIRECTION('',(-1.,0.,1.88923425357294E-47));
#5863=DIRECTION('',(1.66533453693774E-16,0.,1.));
#5864=DIRECTION('center_axis',(0.,-1.,0.));
#5865=DIRECTION('ref_axis',(1.,0.,0.));
#5866=DIRECTION('center_axis',(0.,1.,0.));
#5867=DIRECTION('ref_axis',(0.70055180505013,0.,-0.713601547392524));
#5868=DIRECTION('center_axis',(0.,1.,0.));
#5869=DIRECTION('ref_axis',(-0.00341098003305229,0.,0.999994182590686));
#5870=DIRECTION('center_axis',(0.,1.,0.));
#5871=DIRECTION('ref_axis',(0.70055180505013,0.,-0.713601547392524));
#5872=DIRECTION('center_axis',(0.,-1.,0.));
#5873=DIRECTION('ref_axis',(-0.285714285714248,0.,-0.958314847499921));
#5874=DIRECTION('',(-2.22044604925032E-16,0.,-1.));
#5875=DIRECTION('',(-1.,0.,-8.88178419700125E-17));
#5876=DIRECTION('center_axis',(0.,1.,0.));
#5877=DIRECTION('ref_axis',(1.,0.,3.04941257430377E-15));
#5878=DIRECTION('',(8.88178419700125E-17,0.,-1.));
#5879=DIRECTION('center_axis',(0.,1.,0.));
#5880=DIRECTION('ref_axis',(-3.04941257430377E-15,0.,1.));
#5881=DIRECTION('',(1.,0.,8.88178419700125E-17));
#5882=DIRECTION('',(-2.22044604925032E-16,0.,-1.));
#5883=DIRECTION('',(-1.,0.,8.88178419700125E-17));
#5884=DIRECTION('center_axis',(0.,1.,0.));
#5885=DIRECTION('ref_axis',(-3.04941257430377E-15,0.,-1.));
#5886=DIRECTION('',(-8.88178419700125E-17,0.,-1.));
#5887=DIRECTION('center_axis',(0.,1.,0.));
#5888=DIRECTION('ref_axis',(1.,0.,-3.04941257430377E-15));
#5889=DIRECTION('',(1.,0.,-8.88178419700125E-17));
#5890=DIRECTION('',(-2.22044604925032E-16,0.,-1.));
#5891=DIRECTION('center_axis',(0.,-1.,0.));
#5892=DIRECTION('ref_axis',(-1.,0.,4.06024420434344E-15));
#5893=DIRECTION('center_axis',(0.,1.,0.));
#5894=DIRECTION('ref_axis',(-0.595421427867438,0.,0.803413544344568));
#5895=DIRECTION('center_axis',(0.,-1.,0.));
#5896=DIRECTION('ref_axis',(-0.536510237903069,0.,-0.843893811225792));
#5897=DIRECTION('center_axis',(0.,-1.,0.));
#5898=DIRECTION('ref_axis',(-0.771102758560634,0.,0.636710715898658));
#5899=DIRECTION('center_axis',(0.,-1.,0.));
#5900=DIRECTION('ref_axis',(-0.999833013952597,0.,-0.0182741404850188));
#5901=DIRECTION('center_axis',(0.,-1.,0.));
#5902=DIRECTION('ref_axis',(-0.788322745922759,0.,-0.615261934675632));
#5903=DIRECTION('center_axis',(0.,-1.,0.));
#5904=DIRECTION('ref_axis',(-0.903435958667478,0.,-0.428723067476635));
#5905=DIRECTION('',(0.0458000981244716,0.,-0.998950624911857));
#5906=DIRECTION('center_axis',(0.,1.,0.));
#5907=DIRECTION('ref_axis',(-1.,0.,0.));
#5908=DIRECTION('center_axis',(0.,1.,0.));
#5909=DIRECTION('ref_axis',(-0.686343812404661,0.,0.727277231304429));
#5910=DIRECTION('center_axis',(0.,1.,0.));
#5911=DIRECTION('ref_axis',(-0.992973706432058,0.,-0.118335194826312));
#5912=DIRECTION('center_axis',(0.,-1.,0.));
#5913=DIRECTION('ref_axis',(-0.686343812404661,0.,0.727277231304429));
#5914=DIRECTION('center_axis',(0.,1.,0.));
#5915=DIRECTION('ref_axis',(0.686343812404655,0.,-0.727277231304435));
#5916=DIRECTION('center_axis',(0.,1.,0.));
#5917=DIRECTION('ref_axis',(0.962404198492928,0.,-0.271621351743901));
#5918=DIRECTION('center_axis',(0.,1.,0.));
#5919=DIRECTION('ref_axis',(-0.962404198492929,0.,0.2716213517439));
#5920=DIRECTION('center_axis',(0.,1.,0.));
#5921=DIRECTION('ref_axis',(-0.212670370975003,0.,-0.977124000989309));
#5922=DIRECTION('center_axis',(0.,-1.,0.));
#5923=DIRECTION('ref_axis',(-0.962404198492928,0.,0.271621351743901));
#5924=DIRECTION('center_axis',(0.,1.,0.));
#5925=DIRECTION('ref_axis',(-0.962404198492929,0.,-0.271621351743901));
#5926=DIRECTION('center_axis',(0.,-1.,0.));
#5927=DIRECTION('ref_axis',(0.962404198492928,0.,0.271621351743901));
#5928=DIRECTION('center_axis',(0.,1.,0.));
#5929=DIRECTION('ref_axis',(0.212670370975003,0.,-0.977124000989309));
#5930=DIRECTION('center_axis',(0.,1.,0.));
#5931=DIRECTION('ref_axis',(0.962404198492929,0.,0.2716213517439));
#5932=DIRECTION('center_axis',(0.,1.,0.));
#5933=DIRECTION('ref_axis',(0.686343812404661,0.,0.727277231304429));
#5934=DIRECTION('center_axis',(0.,1.,0.));
#5935=DIRECTION('ref_axis',(-0.686343812404655,0.,-0.727277231304434));
#5936=DIRECTION('center_axis',(0.,-1.,0.));
#5937=DIRECTION('ref_axis',(0.686343812404661,0.,0.727277231304428));
#5938=DIRECTION('center_axis',(0.,1.,0.));
#5939=DIRECTION('ref_axis',(0.992973706432058,0.,-0.118335194826312));
#5940=DIRECTION('center_axis',(0.,1.,0.));
#5941=DIRECTION('ref_axis',(-1.,0.,0.));
#5942=DIRECTION('center_axis',(0.,1.,0.));
#5943=DIRECTION('ref_axis',(-1.,0.,0.));
#5944=DIRECTION('center_axis',(0.,1.,0.));
#5945=DIRECTION('ref_axis',(-1.,0.,0.));
#5946=DIRECTION('center_axis',(0.,1.,0.));
#5947=DIRECTION('ref_axis',(-1.,0.,0.));
#5948=DIRECTION('center_axis',(0.,1.,0.));
#5949=DIRECTION('ref_axis',(-1.,0.,0.));
#5950=DIRECTION('center_axis',(0.,1.,0.));
#5951=DIRECTION('ref_axis',(-1.,0.,0.));
#5952=DIRECTION('center_axis',(0.,1.,0.));
#5953=DIRECTION('ref_axis',(-1.,0.,0.));
#5954=DIRECTION('center_axis',(0.,1.,0.));
#5955=DIRECTION('ref_axis',(-1.,0.,0.));
#5956=DIRECTION('',(0.,-1.,0.));
#5957=DIRECTION('center_axis',(0.,-1.,0.));
#5958=DIRECTION('ref_axis',(-0.983751839756317,0.,0.17953361182815));
#5959=DIRECTION('center_axis',(0.,-1.,0.));
#5960=DIRECTION('ref_axis',(-0.983751839756317,0.,0.17953361182815));
#5961=DIRECTION('center_axis',(0.,1.,0.));
#5962=DIRECTION('ref_axis',(-1.,0.,0.));
#5963=DIRECTION('',(-0.707106781186547,-0.707106781186547,8.65956056235493E-17));
#5964=DIRECTION('center_axis',(0.,-1.,0.));
#5965=DIRECTION('ref_axis',(-1.,0.,0.));
#5966=DIRECTION('center_axis',(0.,-1.,0.));
#5967=DIRECTION('ref_axis',(-1.,0.,0.));
#5968=DIRECTION('',(0.,-1.,0.));
#5969=DIRECTION('center_axis',(0.,1.,0.));
#5970=DIRECTION('ref_axis',(-1.,0.,0.));
#5971=DIRECTION('center_axis',(0.,1.,0.));
#5972=DIRECTION('ref_axis',(-1.,0.,0.));
#5973=DIRECTION('center_axis',(0.,1.,0.));
#5974=DIRECTION('ref_axis',(-1.,0.,0.));
#5975=DIRECTION('',(-0.707106781186547,-0.707106781186547,8.65956056235493E-17));
#5976=DIRECTION('center_axis',(0.,-1.,0.));
#5977=DIRECTION('ref_axis',(-1.,0.,0.));
#5978=DIRECTION('center_axis',(0.,1.,0.));
#5979=DIRECTION('ref_axis',(-1.,0.,0.));
#5980=DIRECTION('center_axis',(0.,1.,0.));
#5981=DIRECTION('ref_axis',(-1.,0.,0.));
#5982=DIRECTION('center_axis',(0.,-1.,0.));
#5983=DIRECTION('ref_axis',(-1.,0.,0.));
#5984=DIRECTION('',(0.,-1.,0.));
#5985=DIRECTION('center_axis',(0.,1.,0.));
#5986=DIRECTION('ref_axis',(-1.,0.,0.));
#5987=DIRECTION('center_axis',(0.,1.,0.));
#5988=DIRECTION('ref_axis',(-1.,0.,0.));
#5989=DIRECTION('center_axis',(0.,1.,0.));
#5990=DIRECTION('ref_axis',(-1.,0.,0.));
#5991=DIRECTION('',(-0.707106781186548,-0.707106781186548,8.65956056235493E-17));
#5992=DIRECTION('center_axis',(0.,-1.,0.));
#5993=DIRECTION('ref_axis',(-1.,0.,0.));
#5994=DIRECTION('center_axis',(0.,1.,0.));
#5995=DIRECTION('ref_axis',(-1.,0.,0.));
#5996=DIRECTION('center_axis',(0.,1.,0.));
#5997=DIRECTION('ref_axis',(-1.,0.,0.));
#5998=DIRECTION('center_axis',(0.,-1.,0.));
#5999=DIRECTION('ref_axis',(-1.,0.,0.));
#6000=DIRECTION('',(0.,-1.,0.));
#6001=DIRECTION('center_axis',(0.,1.,0.));
#6002=DIRECTION('ref_axis',(-1.,0.,0.));
#6003=DIRECTION('center_axis',(0.,1.,0.));
#6004=DIRECTION('ref_axis',(-1.,0.,0.));
#6005=DIRECTION('',(-0.707106781186548,-0.707106781186548,8.65956056235493E-17));
#6006=DIRECTION('center_axis',(0.,-1.,0.));
#6007=DIRECTION('ref_axis',(-1.,0.,0.));
#6008=DIRECTION('center_axis',(0.,-1.,0.));
#6009=DIRECTION('ref_axis',(-1.,0.,0.));
#6010=DIRECTION('',(0.,-1.,0.));
#6011=DIRECTION('center_axis',(0.,1.,0.));
#6012=DIRECTION('ref_axis',(-1.,0.,0.));
#6013=DIRECTION('center_axis',(0.,-1.,0.));
#6014=DIRECTION('ref_axis',(0.,0.,-1.));
#6015=DIRECTION('center_axis',(0.,-1.,0.));
#6016=DIRECTION('ref_axis',(-1.,0.,0.));
#6017=DIRECTION('center_axis',(-1.,0.,0.));
#6018=DIRECTION('ref_axis',(0.,0.,1.));
#6019=DIRECTION('center_axis',(0.,-1.,0.));
#6020=DIRECTION('ref_axis',(-1.,0.,0.));
#6021=DIRECTION('center_axis',(0.,1.,0.));
#6022=DIRECTION('ref_axis',(-1.,0.,0.));
#6023=DIRECTION('',(0.,-1.,0.));
#6024=DIRECTION('center_axis',(0.,-1.,0.));
#6025=DIRECTION('ref_axis',(0.,0.,-1.));
#6026=DIRECTION('center_axis',(0.,-1.,0.));
#6027=DIRECTION('ref_axis',(-1.,0.,0.));
#6028=DIRECTION('center_axis',(-1.,0.,0.));
#6029=DIRECTION('ref_axis',(0.,0.,1.));
#6030=DIRECTION('center_axis',(0.,-1.,0.));
#6031=DIRECTION('ref_axis',(-1.,0.,0.));
#6032=DIRECTION('center_axis',(0.,1.,0.));
#6033=DIRECTION('ref_axis',(-1.,0.,0.));
#6034=DIRECTION('',(0.,-1.,0.));
#6035=DIRECTION('center_axis',(0.,-1.,0.));
#6036=DIRECTION('ref_axis',(0.,0.,-1.));
#6037=DIRECTION('center_axis',(-1.,0.,0.));
#6038=DIRECTION('ref_axis',(0.,0.,1.));
#6039=DIRECTION('center_axis',(0.,1.,0.));
#6040=DIRECTION('ref_axis',(-0.983751839756317,0.,0.17953361182815));
#6041=DIRECTION('center_axis',(0.,1.,0.));
#6042=DIRECTION('ref_axis',(-0.983751839756317,0.,0.17953361182815));
#6043=DIRECTION('center_axis',(0.998950624911857,0.,-0.0458000981244721));
#6044=DIRECTION('ref_axis',(0.0458000981244721,0.,0.998950624911857));
#6045=DIRECTION('',(0.0458000981244721,0.,0.998950624911857));
#6046=DIRECTION('',(0.,-1.,0.));
#6047=DIRECTION('center_axis',(0.,1.,0.));
#6048=DIRECTION('ref_axis',(-1.,0.,0.));
#6049=DIRECTION('',(0.549584610448966,0.,0.83543806231082));
#6050=DIRECTION('center_axis',(0.,-1.,0.));
#6051=DIRECTION('ref_axis',(0.290469746258932,0.,-0.956884176119697));
#6052=DIRECTION('center_axis',(0.,-1.,0.));
#6053=DIRECTION('ref_axis',(0.0282147221466785,0.,-0.999601885479507));
#6054=DIRECTION('',(0.549584610448967,0.,-0.83543806231082));
#6055=DIRECTION('center_axis',(0.,1.,0.));
#6056=DIRECTION('ref_axis',(0.965867928099547,0.,0.259035027493751));
#6057=DIRECTION('center_axis',(0.,1.,0.));
#6058=DIRECTION('ref_axis',(0.965867928099547,0.,0.259035027493751));
#6059=DIRECTION('',(0.0458000981244716,0.,-0.998950624911857));
#6060=DIRECTION('center_axis',(0.,1.,0.));
#6061=DIRECTION('ref_axis',(-0.426488792465612,0.,-0.90449284679384));
#6062=DIRECTION('center_axis',(0.,-1.,0.));
#6063=DIRECTION('ref_axis',(0.860899607813008,0.,0.508774866976946));
#6064=DIRECTION('center_axis',(0.,-1.,0.));
#6065=DIRECTION('ref_axis',(0.996354264727363,0.,-0.0853122450741678));
#6066=DIRECTION('center_axis',(0.,-1.,0.));
#6067=DIRECTION('ref_axis',(0.806443043598772,0.,0.591311776841243));
#6068=DIRECTION('center_axis',(0.,-1.,0.));
#6069=DIRECTION('ref_axis',(-0.168390380807996,0.,0.985720386139669));
#6070=DIRECTION('center_axis',(0.,-1.,0.));
#6071=DIRECTION('ref_axis',(0.607811945460223,0.,0.794081002767261));
#6072=DIRECTION('center_axis',(0.,1.,0.));
#6073=DIRECTION('ref_axis',(0.0696017599976773,0.,-0.997574856842947));
#6074=DIRECTION('center_axis',(0.,1.,0.));
#6075=DIRECTION('ref_axis',(0.131026813954684,0.,-0.991378824680498));
#6076=DIRECTION('center_axis',(0.,-1.,0.));
#6077=DIRECTION('ref_axis',(-0.996859476176334,0.,0.0791908123297446));
#6078=DIRECTION('center_axis',(0.,-1.,0.));
#6079=DIRECTION('ref_axis',(0.0668913654693572,0.,0.997760264405055));
#6080=DIRECTION('center_axis',(0.,-1.,0.));
#6081=DIRECTION('ref_axis',(-0.921385241097908,0.,0.38865053388224));
#6082=DIRECTION('center_axis',(0.,-1.,0.));
#6083=DIRECTION('ref_axis',(-0.950229889866596,0.,-0.311549605045675));
#6084=DIRECTION('center_axis',(0.,-1.,0.));
#6085=DIRECTION('ref_axis',(-0.974289279434899,0.,0.225300687922218));
#6086=DIRECTION('center_axis',(0.,-1.,0.));
#6087=DIRECTION('ref_axis',(-0.860899607813005,0.,0.508774866976951));
#6088=DIRECTION('center_axis',(0.,-1.,0.));
#6089=DIRECTION('ref_axis',(0.,0.,-1.));
#6090=DIRECTION('center_axis',(0.,-1.,0.));
#6091=DIRECTION('ref_axis',(0.965867928099547,0.,0.259035027493751));
#6092=DIRECTION('center_axis',(-1.,0.,0.));
#6093=DIRECTION('ref_axis',(0.,0.,1.));
#6094=DIRECTION('center_axis',(0.,-1.,0.));
#6095=DIRECTION('ref_axis',(0.965867928099547,0.,0.259035027493751));
#6096=DIRECTION('center_axis',(-0.83543806231082,0.,-0.549584610448967));
#6097=DIRECTION('ref_axis',(0.549584610448967,0.,-0.83543806231082));
#6098=DIRECTION('',(0.,-1.,0.));
#6099=DIRECTION('center_axis',(0.,1.,0.));
#6100=DIRECTION('ref_axis',(-1.,0.,0.));
#6101=DIRECTION('',(0.,-1.,0.));
#6102=DIRECTION('center_axis',(0.,-1.,0.));
#6103=DIRECTION('ref_axis',(1.,0.,0.));
#6104=DIRECTION('center_axis',(0.,-1.,0.));
#6105=DIRECTION('ref_axis',(1.,0.,0.));
#6106=DIRECTION('',(0.,-1.,0.));
#6107=DIRECTION('center_axis',(0.,1.,0.));
#6108=DIRECTION('ref_axis',(1.,0.,0.));
#6109=DIRECTION('center_axis',(0.,-1.,0.));
#6110=DIRECTION('ref_axis',(1.,0.,0.));
#6111=DIRECTION('center_axis',(0.,-1.,0.));
#6112=DIRECTION('ref_axis',(1.,0.,0.));
#6113=DIRECTION('',(0.,-1.,0.));
#6114=DIRECTION('center_axis',(0.,1.,0.));
#6115=DIRECTION('ref_axis',(1.,0.,0.));
#6116=DIRECTION('center_axis',(0.,-1.,0.));
#6117=DIRECTION('ref_axis',(1.,0.,0.));
#6118=DIRECTION('center_axis',(0.,-1.,0.));
#6119=DIRECTION('ref_axis',(1.,0.,0.));
#6120=DIRECTION('',(0.,-1.,0.));
#6121=DIRECTION('center_axis',(0.,1.,0.));
#6122=DIRECTION('ref_axis',(1.,0.,0.));
#6123=DIRECTION('center_axis',(0.,-1.,0.));
#6124=DIRECTION('ref_axis',(1.,0.,0.));
#6125=DIRECTION('center_axis',(0.,-1.,0.));
#6126=DIRECTION('ref_axis',(1.,0.,0.));
#6127=DIRECTION('',(0.,-1.,0.));
#6128=DIRECTION('center_axis',(0.,1.,0.));
#6129=DIRECTION('ref_axis',(1.,0.,0.));
#6130=DIRECTION('center_axis',(0.,-1.,0.));
#6131=DIRECTION('ref_axis',(0.425380883692917,0.,-0.905014421867758));
#6132=DIRECTION('',(0.,-1.,0.));
#6133=DIRECTION('center_axis',(0.,-1.,0.));
#6134=DIRECTION('ref_axis',(0.425380883692917,0.,-0.905014421867758));
#6135=DIRECTION('',(0.,-1.,0.));
#6136=DIRECTION('center_axis',(0.,-1.,0.));
#6137=DIRECTION('ref_axis',(0.425380883692917,0.,-0.905014421867758));
#6138=DIRECTION('center_axis',(0.,-1.,0.));
#6139=DIRECTION('ref_axis',(0.425380883692917,0.,-0.905014421867758));
#6140=DIRECTION('',(0.,1.,0.));
#6141=DIRECTION('center_axis',(0.,-1.,0.));
#6142=DIRECTION('ref_axis',(0.425380883692917,0.,-0.905014421867758));
#6143=DIRECTION('',(0.,-1.,0.));
#6144=DIRECTION('center_axis',(0.,-1.,0.));
#6145=DIRECTION('ref_axis',(0.425380883692917,0.,-0.905014421867758));
#6146=DIRECTION('',(0.,1.,0.));
#6147=DIRECTION('center_axis',(0.,-1.,0.));
#6148=DIRECTION('ref_axis',(0.425380883692917,0.,-0.905014421867758));
#6149=DIRECTION('',(0.,-1.,0.));
#6150=DIRECTION('center_axis',(0.,-1.,0.));
#6151=DIRECTION('ref_axis',(0.425380883692917,0.,-0.905014421867758));
#6152=DIRECTION('',(0.,1.,0.));
#6153=DIRECTION('center_axis',(0.,-1.,0.));
#6154=DIRECTION('ref_axis',(0.425380883692917,0.,-0.905014421867758));
#6155=DIRECTION('center_axis',(0.,1.,0.));
#6156=DIRECTION('ref_axis',(1.,0.,0.));
#6157=DIRECTION('center_axis',(0.,-1.,0.));
#6158=DIRECTION('ref_axis',(-0.0555067863815865,0.,-0.998458309928656));
#6159=DIRECTION('center_axis',(0.,1.,0.));
#6160=DIRECTION('ref_axis',(-0.0555067863815865,0.,-0.998458309928656));
#6161=DIRECTION('',(0.,-1.,0.));
#6162=DIRECTION('center_axis',(0.,-1.,0.));
#6163=DIRECTION('ref_axis',(-0.0555067863815865,0.,-0.998458309928656));
#6164=DIRECTION('center_axis',(0.,1.,0.));
#6165=DIRECTION('ref_axis',(-1.,0.,0.));
#6166=DIRECTION('center_axis',(0.,1.,0.));
#6167=DIRECTION('ref_axis',(0.559418780701017,0.,-0.8288851716607));
#6168=DIRECTION('center_axis',(0.,-1.,0.));
#6169=DIRECTION('ref_axis',(-0.999440587661151,0.,-0.0334441584665066));
#6170=DIRECTION('center_axis',(0.,-1.,0.));
#6171=DIRECTION('ref_axis',(0.172715652868684,0.,0.984971727134411));
#6172=DIRECTION('center_axis',(0.,1.,0.));
#6173=DIRECTION('ref_axis',(-0.995567056409224,0.,-0.0940544320735231));
#6174=DIRECTION('center_axis',(0.,1.,0.));
#6175=DIRECTION('ref_axis',(-0.889464575853675,0.,-0.457004122849501));
#6176=DIRECTION('center_axis',(0.,-1.,0.));
#6177=DIRECTION('ref_axis',(0.999650241533676,0.,-0.0264460696827061));
#6178=DIRECTION('center_axis',(0.,1.,0.));
#6179=DIRECTION('ref_axis',(-0.860899607813005,0.,0.508774866976951));
#6180=DIRECTION('center_axis',(0.,1.,0.));
#6181=DIRECTION('ref_axis',(-0.996859476176334,0.,0.0791908123297446));
#6182=DIRECTION('center_axis',(0.,-1.,0.));
#6183=DIRECTION('ref_axis',(0.0723482004254606,0.,-0.997379435267841));
#6184=DIRECTION('center_axis',(0.,-1.,0.));
#6185=DIRECTION('ref_axis',(0.0712706142071955,0.,-0.99745701639245));
#6186=DIRECTION('center_axis',(0.,1.,0.));
#6187=DIRECTION('ref_axis',(0.607811945460223,0.,0.794081002767261));
#6188=DIRECTION('center_axis',(0.,-1.,0.));
#6189=DIRECTION('ref_axis',(-0.426488792465612,0.,-0.90449284679384));
#6190=DIRECTION('center_axis',(0.,-1.,0.));
#6191=DIRECTION('ref_axis',(-0.903435958667478,0.,-0.428723067476635));
#6192=DIRECTION('center_axis',(0.,1.,0.));
#6193=DIRECTION('ref_axis',(0.996865826481446,0.,-0.0791108336036415));
#6194=DIRECTION('center_axis',(0.,1.,0.));
#6195=DIRECTION('ref_axis',(0.98916548217345,0.,0.146804798547479));
#6196=DIRECTION('center_axis',(0.,-1.,0.));
#6197=DIRECTION('ref_axis',(-0.580663820068828,0.,0.81414343211935));
#6198=DIRECTION('center_axis',(0.,-1.,0.));
#6199=DIRECTION('ref_axis',(0.979632244664839,0.,0.20080006278119));
#6200=DIRECTION('center_axis',(0.,1.,0.));
#6201=DIRECTION('ref_axis',(-0.99971786026616,0.,-0.0237528917155668));
#6202=DIRECTION('center_axis',(0.,1.,0.));
#6203=DIRECTION('ref_axis',(-0.0723333129530374,0.,-0.997380515067964));
#6204=DIRECTION('center_axis',(0.,1.,0.));
#6205=DIRECTION('ref_axis',(-0.11144155316811,0.,-0.99377098982989));
#6206=DIRECTION('center_axis',(0.,1.,0.));
#6207=DIRECTION('ref_axis',(0.975288726853136,0.,-0.220934151441531));
#6208=DIRECTION('center_axis',(0.,-1.,0.));
#6209=DIRECTION('ref_axis',(-0.190122978916798,0.,-0.981760282802173));
#6210=DIRECTION('center_axis',(0.,1.,0.));
#6211=DIRECTION('ref_axis',(0.980456651600164,0.,-0.196735239174363));
#6212=DIRECTION('center_axis',(0.,-1.,0.));
#6213=DIRECTION('ref_axis',(0.127764894856506,0.,-0.991804482568165));
#6214=DIRECTION('center_axis',(0.,-1.,0.));
#6215=DIRECTION('ref_axis',(-0.0147461859086814,0.,-0.999891269089368));
#6216=DIRECTION('center_axis',(0.,1.,0.));
#6217=DIRECTION('ref_axis',(-0.745662182299587,0.,-0.666324177775516));
#6218=DIRECTION('',(-1.,0.,0.));
#6219=DIRECTION('center_axis',(0.,1.,0.));
#6220=DIRECTION('ref_axis',(0.885291584631491,0.,0.465036353611913));
#6221=DIRECTION('center_axis',(0.,-1.,0.));
#6222=DIRECTION('ref_axis',(0.570527051271933,0.,-0.821278810007267));
#6223=DIRECTION('center_axis',(0.,1.,0.));
#6224=DIRECTION('ref_axis',(-0.429633282910722,0.,-0.903003456369551));
#6225=DIRECTION('center_axis',(0.,1.,0.));
#6226=DIRECTION('ref_axis',(0.385836114161116,0.,-0.922567337926642));
#6227=DIRECTION('center_axis',(0.,1.,0.));
#6228=DIRECTION('ref_axis',(0.989219486558149,0.,0.146440456888224));
#6229=DIRECTION('center_axis',(0.,-1.,0.));
#6230=DIRECTION('ref_axis',(0.559418780701017,0.,-0.8288851716607));
#6231=DIRECTION('center_axis',(0.,-1.,0.));
#6232=DIRECTION('ref_axis',(0.559418780701017,0.,-0.8288851716607));
#6233=DIRECTION('',(0.,-1.,0.));
#6234=DIRECTION('center_axis',(0.,1.,0.));
#6235=DIRECTION('ref_axis',(-1.,0.,0.));
#6236=DIRECTION('center_axis',(0.,-1.,0.));
#6237=DIRECTION('ref_axis',(-0.999647742748492,0.,0.0265403545161679));
#6238=DIRECTION('center_axis',(0.,-1.,0.));
#6239=DIRECTION('ref_axis',(0.172715652868684,0.,0.984971727134411));
#6240=DIRECTION('center_axis',(0.,1.,0.));
#6241=DIRECTION('ref_axis',(-0.999440587661151,0.,-0.0334441584665066));
#6242=DIRECTION('center_axis',(0.,1.,0.));
#6243=DIRECTION('ref_axis',(-0.999647742748492,0.,0.0265403545161679));
#6244=DIRECTION('center_axis',(0.,-1.,0.));
#6245=DIRECTION('ref_axis',(-0.999647742748492,0.,0.0265403545161679));
#6246=DIRECTION('',(0.,1.,0.));
#6247=DIRECTION('center_axis',(0.,1.,0.));
#6248=DIRECTION('ref_axis',(-1.,0.,0.));
#6249=DIRECTION('center_axis',(0.,-1.,0.));
#6250=DIRECTION('ref_axis',(0.492428031231011,0.,-0.870353166282487));
#6251=DIRECTION('center_axis',(0.,1.,0.));
#6252=DIRECTION('ref_axis',(-0.995344571944222,0.,-0.0963804082849521));
#6253=DIRECTION('center_axis',(0.,-1.,0.));
#6254=DIRECTION('ref_axis',(0.0228047383923807,0.,0.999739938137341));
#6255=DIRECTION('center_axis',(0.,-1.,0.));
#6256=DIRECTION('ref_axis',(0.987215873410213,0.,0.15938889323573));
#6257=DIRECTION('center_axis',(0.,-1.,0.));
#6258=DIRECTION('ref_axis',(0.85265367447418,0.,0.52247651756388));
#6259=DIRECTION('center_axis',(0.,1.,0.));
#6260=DIRECTION('ref_axis',(-0.889464575853675,0.,-0.457004122849501));
#6261=DIRECTION('center_axis',(0.,1.,0.));
#6262=DIRECTION('ref_axis',(-0.995567056409224,0.,-0.0940544320735231));
#6263=DIRECTION('center_axis',(0.,-1.,0.));
#6264=DIRECTION('ref_axis',(0.172715652868684,0.,0.984971727134411));
#6265=DIRECTION('center_axis',(0.,-1.,0.));
#6266=DIRECTION('ref_axis',(-0.0034109800330528,0.,0.999994182590686));
#6267=DIRECTION('center_axis',(0.,1.,0.));
#6268=DIRECTION('ref_axis',(-0.782115792948044,0.,0.623133120947083));
#6269=DIRECTION('center_axis',(0.,1.,0.));
#6270=DIRECTION('ref_axis',(0.70055180505013,0.,-0.713601547392524));
#6271=DIRECTION('center_axis',(0.,-1.,0.));
#6272=DIRECTION('ref_axis',(0.70055180505013,0.,-0.713601547392524));
#6273=DIRECTION('',(0.,1.,0.));
#6274=DIRECTION('center_axis',(0.,1.,0.));
#6275=DIRECTION('ref_axis',(0.962404198492929,0.,-0.271621351743901));
#6276=DIRECTION('',(-0.680522534996756,0.707106781186546,0.192065299733166));
#6277=DIRECTION('',(-0.680522534996756,-0.707106781186546,0.192065299733166));
#6278=DIRECTION('center_axis',(0.,-1.,0.));
#6279=DIRECTION('ref_axis',(0.962404198492929,0.,-0.271621351743901));
#6280=DIRECTION('center_axis',(0.,1.,0.));
#6281=DIRECTION('ref_axis',(-0.962404198492929,0.,0.2716213517439));
#6282=DIRECTION('',(-0.150380661473886,0.707106781186563,-0.690931007159654));
#6283=DIRECTION('center_axis',(0.,-1.,0.));
#6284=DIRECTION('ref_axis',(-0.962404198492929,0.,0.2716213517439));
#6285=DIRECTION('center_axis',(0.,1.,0.));
#6286=DIRECTION('ref_axis',(-0.212670370975003,0.,-0.977124000989309));
#6287=DIRECTION('',(0.150380661473882,0.707106781186545,0.690931007159674));
#6288=DIRECTION('center_axis',(0.,-1.,0.));
#6289=DIRECTION('ref_axis',(-0.212670370975003,0.,-0.977124000989309));
#6290=DIRECTION('center_axis',(0.,-1.,0.));
#6291=DIRECTION('ref_axis',(-0.962404198492928,0.,0.271621351743901));
#6292=DIRECTION('center_axis',(0.,1.,0.));
#6293=DIRECTION('ref_axis',(-0.962404198492928,0.,0.271621351743901));
#6294=DIRECTION('center_axis',(0.,1.,0.));
#6295=DIRECTION('ref_axis',(-0.962404198492929,0.,0.2716213517439));
#6296=DIRECTION('',(0.,-1.,0.));
#6297=DIRECTION('center_axis',(0.,1.,0.));
#6298=DIRECTION('ref_axis',(-0.962404198492929,0.,0.2716213517439));
#6299=DIRECTION('',(0.,-1.,0.));
#6300=DIRECTION('center_axis',(0.,1.,0.));
#6301=DIRECTION('ref_axis',(0.962404198492928,0.,-0.271621351743901));
#6302=DIRECTION('',(0.,-1.,0.));
#6303=DIRECTION('center_axis',(0.,1.,0.));
#6304=DIRECTION('ref_axis',(0.962404198492929,0.,-0.271621351743901));
#6305=DIRECTION('center_axis',(0.,-1.,0.));
#6306=DIRECTION('ref_axis',(0.962404198492929,0.,-0.271621351743901));
#6307=DIRECTION('',(0.680522534996756,-0.707106781186546,-0.192065299733166));
#6308=DIRECTION('center_axis',(0.,-1.,0.));
#6309=DIRECTION('ref_axis',(0.962404198492928,0.,-0.271621351743901));
#6310=DIRECTION('',(0.680522534996756,0.707106781186546,-0.192065299733166));
#6311=DIRECTION('center_axis',(0.,1.,0.));
#6312=DIRECTION('ref_axis',(-0.962404198492928,0.,0.271621351743901));
#6313=DIRECTION('',(0.150380661473886,-0.707106781186563,0.690931007159654));
#6314=DIRECTION('center_axis',(0.,1.,0.));
#6315=DIRECTION('ref_axis',(-0.962404198492928,0.,0.271621351743901));
#6316=DIRECTION('center_axis',(0.,-1.,0.));
#6317=DIRECTION('ref_axis',(-0.962404198492928,0.,0.271621351743901));
#6318=DIRECTION('center_axis',(0.,-1.,0.));
#6319=DIRECTION('ref_axis',(-0.212670370975003,0.,-0.977124000989309));
#6320=DIRECTION('',(-0.150380661473882,-0.707106781186545,-0.690931007159674));
#6321=DIRECTION('center_axis',(0.,-1.,0.));
#6322=DIRECTION('ref_axis',(-0.212670370975003,0.,-0.977124000989309));
#6323=DIRECTION('center_axis',(0.,1.,0.));
#6324=DIRECTION('ref_axis',(-0.212670370975003,0.,-0.977124000989309));
#6325=DIRECTION('center_axis',(0.,-1.,0.));
#6326=DIRECTION('ref_axis',(-0.962404198492929,0.,0.2716213517439));
#6327=DIRECTION('center_axis',(0.,-1.,0.));
#6328=DIRECTION('ref_axis',(-0.962404198492929,0.,0.2716213517439));
#6329=DIRECTION('center_axis',(0.,1.,0.));
#6330=DIRECTION('ref_axis',(-0.962404198492928,0.,0.271621351743901));
#6331=DIRECTION('',(0.,-1.,0.));
#6332=DIRECTION('center_axis',(0.,1.,0.));
#6333=DIRECTION('ref_axis',(-0.212670370975003,0.,-0.977124000989309));
#6334=DIRECTION('center_axis',(0.,1.,0.));
#6335=DIRECTION('ref_axis',(-0.962404198492929,0.,-0.271621351743901));
#6336=DIRECTION('',(-0.680522534996749,0.707106781186552,-0.192065299733167));
#6337=DIRECTION('',(-0.680522534996756,-0.707106781186546,-0.192065299733166));
#6338=DIRECTION('center_axis',(0.,-1.,0.));
#6339=DIRECTION('ref_axis',(-0.962404198492929,0.,-0.271621351743901));
#6340=DIRECTION('center_axis',(0.,-1.,0.));
#6341=DIRECTION('ref_axis',(0.962404198492928,0.,0.271621351743901));
#6342=DIRECTION('',(-0.15038066147388,0.707106781186564,0.690931007159655));
#6343=DIRECTION('center_axis',(0.,1.,0.));
#6344=DIRECTION('ref_axis',(0.962404198492928,0.,0.271621351743901));
#6345=DIRECTION('center_axis',(0.,1.,0.));
#6346=DIRECTION('ref_axis',(0.212670370975003,0.,-0.977124000989309));
#6347=DIRECTION('',(0.150380661473883,0.707106781186551,-0.690931007159667));
#6348=DIRECTION('center_axis',(0.,-1.,0.));
#6349=DIRECTION('ref_axis',(0.212670370975003,0.,-0.977124000989309));
#6350=DIRECTION('center_axis',(0.,1.,0.));
#6351=DIRECTION('ref_axis',(0.962404198492929,0.,0.2716213517439));
#6352=DIRECTION('center_axis',(0.,-1.,0.));
#6353=DIRECTION('ref_axis',(0.962404198492929,0.,0.2716213517439));
#6354=DIRECTION('center_axis',(0.,-1.,0.));
#6355=DIRECTION('ref_axis',(0.962404198492928,0.,0.271621351743901));
#6356=DIRECTION('',(0.,-1.,0.));
#6357=DIRECTION('center_axis',(0.,-1.,0.));
#6358=DIRECTION('ref_axis',(0.962404198492928,0.,0.271621351743901));
#6359=DIRECTION('',(0.,-1.,0.));
#6360=DIRECTION('center_axis',(0.,-1.,0.));
#6361=DIRECTION('ref_axis',(-0.962404198492928,0.,-0.271621351743901));
#6362=DIRECTION('',(0.,-1.,0.));
#6363=DIRECTION('center_axis',(0.,1.,0.));
#6364=DIRECTION('ref_axis',(-0.962404198492929,0.,-0.271621351743901));
#6365=DIRECTION('center_axis',(0.,-1.,0.));
#6366=DIRECTION('ref_axis',(-0.962404198492929,0.,-0.271621351743901));
#6367=DIRECTION('',(0.680522534996756,-0.707106781186546,0.192065299733166));
#6368=DIRECTION('center_axis',(0.,-1.,0.));
#6369=DIRECTION('ref_axis',(-0.962404198492929,0.,-0.271621351743901));
#6370=DIRECTION('',(0.680522534996749,0.707106781186552,0.192065299733167));
#6371=DIRECTION('center_axis',(0.,-1.,0.));
#6372=DIRECTION('ref_axis',(0.962404198492929,0.,0.2716213517439));
#6373=DIRECTION('',(0.150380661473887,-0.707106781186569,-0.690931007159648));
#6374=DIRECTION('center_axis',(0.,-1.,0.));
#6375=DIRECTION('ref_axis',(0.962404198492929,0.,0.2716213517439));
#6376=DIRECTION('center_axis',(0.,1.,0.));
#6377=DIRECTION('ref_axis',(0.962404198492929,0.,0.2716213517439));
#6378=DIRECTION('center_axis',(0.,-1.,0.));
#6379=DIRECTION('ref_axis',(0.212670370975003,0.,-0.977124000989309));
#6380=DIRECTION('',(-0.150380661473883,-0.707106781186551,0.690931007159667));
#6381=DIRECTION('center_axis',(0.,-1.,0.));
#6382=DIRECTION('ref_axis',(0.212670370975003,0.,-0.977124000989309));
#6383=DIRECTION('center_axis',(0.,1.,0.));
#6384=DIRECTION('ref_axis',(0.212670370975003,0.,-0.977124000989309));
#6385=DIRECTION('center_axis',(0.,1.,0.));
#6386=DIRECTION('ref_axis',(0.962404198492928,0.,0.271621351743901));
#6387=DIRECTION('center_axis',(0.,1.,0.));
#6388=DIRECTION('ref_axis',(0.962404198492928,0.,0.271621351743901));
#6389=DIRECTION('center_axis',(0.,-1.,0.));
#6390=DIRECTION('ref_axis',(0.962404198492929,0.,0.2716213517439));
#6391=DIRECTION('',(0.,-1.,0.));
#6392=DIRECTION('center_axis',(0.,-1.,0.));
#6393=DIRECTION('ref_axis',(0.212670370975003,0.,-0.977124000989309));
#6394=DIRECTION('center_axis',(0.83543806231082,0.,-0.549584610448966));
#6395=DIRECTION('ref_axis',(0.549584610448966,0.,0.83543806231082));
#6396=DIRECTION('',(0.,-1.,0.));
#6397=DIRECTION('center_axis',(0.,-1.,0.));
#6398=DIRECTION('ref_axis',(0.290469746258932,0.,-0.956884176119697));
#6399=DIRECTION('',(0.,-1.,0.));
#6400=DIRECTION('center_axis',(0.,-1.,0.));
#6401=DIRECTION('ref_axis',(0.0282147221466785,0.,-0.999601885479507));
#6402=DIRECTION('center_axis',(-0.998950624911857,0.,-0.0458000981244716));
#6403=DIRECTION('ref_axis',(0.0458000981244716,0.,-0.998950624911857));
#6404=DIRECTION('',(0.,-1.,0.));
#6405=DIRECTION('center_axis',(0.,-1.,0.));
#6406=DIRECTION('ref_axis',(-0.974289279434899,0.,0.225300687922218));
#6407=DIRECTION('',(0.,-1.,0.));
#6408=DIRECTION('center_axis',(0.,1.,0.));
#6409=DIRECTION('ref_axis',(-0.974289279434899,0.,0.225300687922218));
#6410=DIRECTION('',(0.,-1.,0.));
#6411=DIRECTION('',(0.,-1.,0.));
#6412=DIRECTION('center_axis',(0.,-1.,0.));
#6413=DIRECTION('ref_axis',(-0.950229889866596,0.,-0.311549605045675));
#6414=DIRECTION('',(0.,-1.,0.));
#6415=DIRECTION('center_axis',(0.,1.,0.));
#6416=DIRECTION('ref_axis',(-0.950229889866596,0.,-0.311549605045675));
#6417=DIRECTION('center_axis',(0.,-1.,0.));
#6418=DIRECTION('ref_axis',(-0.921385241097908,0.,0.38865053388224));
#6419=DIRECTION('',(0.,-1.,0.));
#6420=DIRECTION('center_axis',(0.,1.,0.));
#6421=DIRECTION('ref_axis',(-0.921385241097908,0.,0.38865053388224));
#6422=DIRECTION('center_axis',(0.,-1.,0.));
#6423=DIRECTION('ref_axis',(0.0668913654693572,0.,0.997760264405055));
#6424=DIRECTION('',(0.,1.,0.));
#6425=DIRECTION('center_axis',(0.,1.,0.));
#6426=DIRECTION('ref_axis',(0.0668913654693572,0.,0.997760264405055));
#6427=DIRECTION('center_axis',(0.,-1.,0.));
#6428=DIRECTION('ref_axis',(-0.996859476176334,0.,0.0791908123297446));
#6429=DIRECTION('',(0.,-1.,0.));
#6430=DIRECTION('center_axis',(0.,-1.,0.));
#6431=DIRECTION('ref_axis',(-0.996859476176334,0.,0.0791908123297446));
#6432=DIRECTION('',(0.,-1.,0.));
#6433=DIRECTION('center_axis',(0.,-1.,0.));
#6434=DIRECTION('ref_axis',(-0.996859476176334,0.,0.0791908123297446));
#6435=DIRECTION('center_axis',(0.,-1.,0.));
#6436=DIRECTION('ref_axis',(0.131026813954684,0.,-0.991378824680498));
#6437=DIRECTION('',(0.,-1.,0.));
#6438=DIRECTION('center_axis',(0.,1.,0.));
#6439=DIRECTION('ref_axis',(0.131026813954684,0.,-0.991378824680498));
#6440=DIRECTION('center_axis',(0.,-1.,0.));
#6441=DIRECTION('ref_axis',(0.0696017599976773,0.,-0.997574856842947));
#6442=DIRECTION('',(0.,-1.,0.));
#6443=DIRECTION('center_axis',(0.,1.,0.));
#6444=DIRECTION('ref_axis',(0.0696017599976773,0.,-0.997574856842947));
#6445=DIRECTION('center_axis',(0.,-1.,0.));
#6446=DIRECTION('ref_axis',(0.607811945460223,0.,0.794081002767261));
#6447=DIRECTION('',(0.,-1.,0.));
#6448=DIRECTION('center_axis',(0.,-1.,0.));
#6449=DIRECTION('ref_axis',(0.607811945460223,0.,0.794081002767261));
#6450=DIRECTION('',(0.,-1.,0.));
#6451=DIRECTION('center_axis',(0.,-1.,0.));
#6452=DIRECTION('ref_axis',(0.607811945460223,0.,0.794081002767261));
#6453=DIRECTION('center_axis',(0.,-1.,0.));
#6454=DIRECTION('ref_axis',(-0.168390380807996,0.,0.985720386139669));
#6455=DIRECTION('',(0.,-1.,0.));
#6456=DIRECTION('center_axis',(0.,1.,0.));
#6457=DIRECTION('ref_axis',(-0.168390380807996,0.,0.985720386139669));
#6458=DIRECTION('center_axis',(0.,-1.,0.));
#6459=DIRECTION('ref_axis',(0.806443043598772,0.,0.591311776841243));
#6460=DIRECTION('',(0.,-1.,0.));
#6461=DIRECTION('center_axis',(0.,1.,0.));
#6462=DIRECTION('ref_axis',(0.806443043598772,0.,0.591311776841243));
#6463=DIRECTION('center_axis',(0.,-1.,0.));
#6464=DIRECTION('ref_axis',(0.996354264727363,0.,-0.0853122450741678));
#6465=DIRECTION('',(0.,-1.,0.));
#6466=DIRECTION('center_axis',(0.,1.,0.));
#6467=DIRECTION('ref_axis',(0.996354264727363,0.,-0.0853122450741678));
#6468=DIRECTION('center_axis',(0.,-1.,0.));
#6469=DIRECTION('ref_axis',(-0.426488792465612,0.,-0.90449284679384));
#6470=DIRECTION('',(0.,-1.,0.));
#6471=DIRECTION('',(0.,-1.,0.));
#6472=DIRECTION('center_axis',(0.,-1.,0.));
#6473=DIRECTION('ref_axis',(-0.903435958667478,0.,-0.428723067476635));
#6474=DIRECTION('',(0.,-1.,0.));
#6475=DIRECTION('',(0.,-1.,0.));
#6476=DIRECTION('center_axis',(0.,-1.,0.));
#6477=DIRECTION('ref_axis',(0.999650241533676,0.,-0.0264460696827061));
#6478=DIRECTION('',(0.,-1.,0.));
#6479=DIRECTION('',(0.,-1.,0.));
#6480=DIRECTION('',(0.,-1.,0.));
#6481=DIRECTION('center_axis',(0.,-1.,0.));
#6482=DIRECTION('ref_axis',(-0.860899607813005,0.,0.508774866976951));
#6483=DIRECTION('center_axis',(0.,-1.,0.));
#6484=DIRECTION('ref_axis',(0.607811945460223,0.,0.794081002767261));
#6485=DIRECTION('',(0.,-1.,0.));
#6486=DIRECTION('center_axis',(0.,-1.,0.));
#6487=DIRECTION('ref_axis',(0.607811945460223,0.,0.794081002767261));
#6488=DIRECTION('',(0.,-1.,0.));
#6489=DIRECTION('center_axis',(0.,-1.,0.));
#6490=DIRECTION('ref_axis',(-0.996859476176334,0.,0.0791908123297446));
#6491=DIRECTION('center_axis',(0.,-1.,0.));
#6492=DIRECTION('ref_axis',(-0.996859476176334,0.,0.0791908123297446));
#6493=DIRECTION('',(0.,-1.,0.));
#6494=DIRECTION('center_axis',(0.,1.,0.));
#6495=DIRECTION('ref_axis',(-1.,0.,0.));
#6496=DIRECTION('center_axis',(0.,-1.,0.));
#6497=DIRECTION('ref_axis',(0.860899607813008,0.,0.508774866976946));
#6498=DIRECTION('center_axis',(0.,1.,0.));
#6499=DIRECTION('ref_axis',(0.860899607813008,0.,0.508774866976946));
#6500=DIRECTION('center_axis',(0.,1.,0.));
#6501=DIRECTION('ref_axis',(-1.,0.,0.));
#6502=DIRECTION('center_axis',(0.,-1.,0.));
#6503=DIRECTION('ref_axis',(0.0723482004254606,0.,-0.997379435267841));
#6504=DIRECTION('center_axis',(0.,-1.,0.));
#6505=DIRECTION('ref_axis',(0.0723482004254606,0.,-0.997379435267841));
#6506=DIRECTION('',(0.,-1.,0.));
#6507=DIRECTION('center_axis',(0.,-1.,0.));
#6508=DIRECTION('ref_axis',(0.0712706142071955,0.,-0.99745701639245));
#6509=DIRECTION('center_axis',(0.,-1.,0.));
#6510=DIRECTION('ref_axis',(0.0712706142071955,0.,-0.99745701639245));
#6511=DIRECTION('center_axis',(0.,-1.,0.));
#6512=DIRECTION('ref_axis',(0.127764894856506,0.,-0.991804482568165));
#6513=DIRECTION('center_axis',(0.,-1.,0.));
#6514=DIRECTION('ref_axis',(0.127764894856506,0.,-0.991804482568165));
#6515=DIRECTION('',(0.,-1.,0.));
#6516=DIRECTION('',(0.,-1.,0.));
#6517=DIRECTION('center_axis',(0.,-1.,0.));
#6518=DIRECTION('ref_axis',(-0.0147461859086814,0.,-0.999891269089368));
#6519=DIRECTION('center_axis',(0.,-1.,0.));
#6520=DIRECTION('ref_axis',(-0.0147461859086814,0.,-0.999891269089368));
#6521=DIRECTION('',(0.,-1.,0.));
#6522=DIRECTION('center_axis',(0.,-1.,0.));
#6523=DIRECTION('ref_axis',(-0.745662182299587,0.,-0.666324177775516));
#6524=DIRECTION('center_axis',(0.,1.,0.));
#6525=DIRECTION('ref_axis',(-0.745662182299587,0.,-0.666324177775516));
#6526=DIRECTION('',(0.,-1.,0.));
#6527=DIRECTION('center_axis',(0.,0.,1.));
#6528=DIRECTION('ref_axis',(-1.,0.,0.));
#6529=DIRECTION('',(-1.,0.,0.));
#6530=DIRECTION('',(0.,-1.,0.));
#6531=DIRECTION('center_axis',(0.,-1.,0.));
#6532=DIRECTION('ref_axis',(0.980456651600164,0.,-0.196735239174363));
#6533=DIRECTION('center_axis',(0.,1.,0.));
#6534=DIRECTION('ref_axis',(0.980456651600164,0.,-0.196735239174363));
#6535=DIRECTION('center_axis',(0.,-1.,0.));
#6536=DIRECTION('ref_axis',(0.385836114161116,0.,-0.922567337926642));
#6537=DIRECTION('',(0.,-1.,0.));
#6538=DIRECTION('center_axis',(0.,1.,0.));
#6539=DIRECTION('ref_axis',(0.385836114161116,0.,-0.922567337926642));
#6540=DIRECTION('',(0.,-1.,0.));
#6541=DIRECTION('center_axis',(0.,-1.,0.));
#6542=DIRECTION('ref_axis',(-0.429633282910722,0.,-0.903003456369551));
#6543=DIRECTION('',(0.,-1.,0.));
#6544=DIRECTION('center_axis',(0.,1.,0.));
#6545=DIRECTION('ref_axis',(-0.429633282910722,0.,-0.903003456369551));
#6546=DIRECTION('center_axis',(0.,1.,0.));
#6547=DIRECTION('ref_axis',(-1.,0.,0.));
#6548=DIRECTION('center_axis',(0.,-1.,0.));
#6549=DIRECTION('ref_axis',(0.989219486558149,0.,0.146440456888224));
#6550=DIRECTION('center_axis',(0.,1.,0.));
#6551=DIRECTION('ref_axis',(0.989219486558149,0.,0.146440456888224));
#6552=DIRECTION('',(0.,-1.,0.));
#6553=DIRECTION('center_axis',(0.,-1.,0.));
#6554=DIRECTION('ref_axis',(0.975288726853136,0.,-0.220934151441531));
#6555=DIRECTION('',(0.,-1.,0.));
#6556=DIRECTION('center_axis',(0.,1.,0.));
#6557=DIRECTION('ref_axis',(0.975288726853136,0.,-0.220934151441531));
#6558=DIRECTION('',(0.,-1.,0.));
#6559=DIRECTION('center_axis',(0.,-1.,0.));
#6560=DIRECTION('ref_axis',(-0.11144155316811,0.,-0.99377098982989));
#6561=DIRECTION('',(0.,-1.,0.));
#6562=DIRECTION('center_axis',(0.,1.,0.));
#6563=DIRECTION('ref_axis',(-0.11144155316811,0.,-0.99377098982989));
#6564=DIRECTION('center_axis',(0.,-1.,0.));
#6565=DIRECTION('ref_axis',(-0.0723333129530374,0.,-0.997380515067964));
#6566=DIRECTION('',(0.,-1.,0.));
#6567=DIRECTION('center_axis',(0.,1.,0.));
#6568=DIRECTION('ref_axis',(-0.0723333129530374,0.,-0.997380515067964));
#6569=DIRECTION('center_axis',(-6.28036983473499E-17,0.70710678118656,0.707106781186535));
#6570=DIRECTION('ref_axis',(1.,0.,8.88178419700125E-17));
#6571=DIRECTION('',(1.5700924586838E-16,-0.707106781186535,0.70710678118656));
#6572=DIRECTION('',(1.,0.,8.88178419700125E-17));
#6573=DIRECTION('',(0.,0.707106781186535,-0.70710678118656));
#6574=DIRECTION('center_axis',(0.,1.,0.));
#6575=DIRECTION('ref_axis',(1.,-6.25020563367419E-31,3.04941257430377E-15));
#6576=DIRECTION('',(0.707106781186566,0.707106781186529,0.));
#6577=DIRECTION('center_axis',(0.,-1.,0.));
#6578=DIRECTION('ref_axis',(1.,-1.35421122062941E-30,3.04941257430377E-15));
#6579=DIRECTION('center_axis',(-0.707106781186535,0.70710678118656,-6.28036983473499E-17));
#6580=DIRECTION('ref_axis',(-8.88178419700125E-17,0.,1.));
#6581=DIRECTION('',(0.70710678118656,0.707106781186535,0.));
#6582=DIRECTION('',(-8.88178419700125E-17,0.,1.));
#6583=DIRECTION('center_axis',(0.,1.,0.));
#6584=DIRECTION('ref_axis',(-3.04941257430377E-15,-2.04964250700029E-16,
1.));
#6585=DIRECTION('',(-2.51214793389407E-14,0.707106781186529,0.707106781186566));
#6586=DIRECTION('center_axis',(0.,-1.,0.));
#6587=DIRECTION('ref_axis',(-3.04941257430377E-15,-4.44089209850063E-16,
1.));
#6588=DIRECTION('center_axis',(6.2803698347351E-17,0.707106781186548,-0.707106781186548));
#6589=DIRECTION('ref_axis',(-1.,0.,-8.88178419700125E-17));
#6590=DIRECTION('',(1.57009245868378E-16,0.707106781186548,0.707106781186548));
#6591=DIRECTION('',(-1.,0.,-8.88178419700125E-17));
#6592=DIRECTION('center_axis',(-8.88178419700125E-17,-4.44089209850063E-16,
1.));
#6593=DIRECTION('ref_axis',(-1.,3.94430452610506E-32,-8.88178419700125E-17));
#6594=DIRECTION('',(-4.19494273445441E-63,-1.,-4.44089209850063E-16));
#6595=DIRECTION('',(-1.,3.94430452610506E-32,-8.88178419700125E-17));
#6596=DIRECTION('',(-9.86076131526266E-32,-1.,-4.44089209850063E-16));
#6597=DIRECTION('center_axis',(-4.19494273445441E-63,-1.,-4.44089209850063E-16));
#6598=DIRECTION('ref_axis',(-3.04941257430377E-15,-4.44089209850063E-16,
1.));
#6599=DIRECTION('',(-4.19494273445441E-63,-1.,-4.44089209850063E-16));
#6600=DIRECTION('center_axis',(-4.19494273445441E-63,-1.,-4.44089209850063E-16));
#6601=DIRECTION('ref_axis',(-3.04941257430377E-15,-4.44089209850063E-16,
1.));
#6602=DIRECTION('center_axis',(1.,-3.94430452610506E-32,8.88178419700125E-17));
#6603=DIRECTION('ref_axis',(-8.88178419700125E-17,-4.44089209850063E-16,
1.));
#6604=DIRECTION('',(-4.19494273445441E-63,-1.,-4.44089209850063E-16));
#6605=DIRECTION('',(-8.88178419700125E-17,-4.44089209850063E-16,1.));
#6606=DIRECTION('center_axis',(-4.19494273445441E-63,-1.,-4.44089209850063E-16));
#6607=DIRECTION('ref_axis',(1.,-1.35421122062941E-30,3.04941257430377E-15));
#6608=DIRECTION('',(-4.19494273445441E-63,-1.,-4.44089209850063E-16));
#6609=DIRECTION('center_axis',(-4.19494273445441E-63,-1.,-4.44089209850063E-16));
#6610=DIRECTION('ref_axis',(1.,-1.35421122062941E-30,3.04941257430377E-15));
#6611=DIRECTION('center_axis',(8.88178419700125E-17,4.44089209850063E-16,
-1.));
#6612=DIRECTION('ref_axis',(1.,-3.94430452610506E-32,8.88178419700125E-17));
#6613=DIRECTION('',(9.86076131526266E-32,1.,4.44089209850063E-16));
#6614=DIRECTION('',(1.,-3.94430452610506E-32,8.88178419700125E-17));
#6615=DIRECTION('center_axis',(-4.19494273445441E-63,-1.,-4.44089209850063E-16));
#6616=DIRECTION('ref_axis',(0.,0.,-1.));
#6617=DIRECTION('center_axis',(-4.19494273445441E-63,-1.,-4.44089209850063E-16));
#6618=DIRECTION('ref_axis',(1.,0.,0.));
#6619=DIRECTION('center_axis',(-4.19494273445441E-63,-1.,-4.44089209850063E-16));
#6620=DIRECTION('ref_axis',(1.,0.,0.));
#6621=DIRECTION('center_axis',(-1.,4.19494273445441E-63,0.));
#6622=DIRECTION('ref_axis',(0.,0.,1.));
#6623=DIRECTION('center_axis',(4.19494273445441E-63,1.,4.44089209850063E-16));
#6624=DIRECTION('ref_axis',(1.,-9.86076131526265E-32,2.22044604925031E-16));
#6625=DIRECTION('center_axis',(-4.19494273445441E-63,-1.,-4.44089209850063E-16));
#6626=DIRECTION('ref_axis',(1.,9.86076131526265E-32,-2.22044604925031E-16));
#6627=DIRECTION('center_axis',(-1.,4.19494273445441E-63,0.));
#6628=DIRECTION('ref_axis',(0.,0.,-1.));
#6629=DIRECTION('center_axis',(4.19494273445441E-63,1.,4.44089209850063E-16));
#6630=DIRECTION('ref_axis',(1.,-3.94430452610506E-32,8.88178419700125E-17));
#6631=DIRECTION('',(-2.22044604925032E-16,0.,-1.));
#6632=DIRECTION('center_axis',(4.19494273445441E-63,1.,4.44089209850063E-16));
#6633=DIRECTION('ref_axis',(1.,-3.94430452610506E-32,8.88178419700125E-17));
#6634=DIRECTION('center_axis',(-1.,0.,2.22044604925032E-16));
#6635=DIRECTION('ref_axis',(2.22044604925032E-16,0.,1.));
#6636=DIRECTION('',(0.,1.,0.));
#6637=DIRECTION('',(-2.22044604925032E-16,0.,-1.));
#6638=DIRECTION('center_axis',(-1.33589035195133E-47,0.707106781186548,
-0.707106781186548));
#6639=DIRECTION('ref_axis',(-1.,0.,1.88923425357294E-47));
#6640=DIRECTION('',(-1.17756934401283E-16,-0.707106781186548,-0.707106781186548));
#6641=DIRECTION('',(-1.,0.,1.88923425357294E-47));
#6642=DIRECTION('',(0.,0.707106781186547,0.707106781186547));
#6643=DIRECTION('center_axis',(0.,1.,0.));
#6644=DIRECTION('ref_axis',(2.96059473233376E-15,-2.04964250700029E-16,
1.));
#6645=DIRECTION('',(-0.70710678118656,0.707106781186535,0.));
#6646=DIRECTION('center_axis',(0.,-1.,0.));
#6647=DIRECTION('ref_axis',(2.96059473233376E-15,-4.44089209850063E-16,
1.));
#6648=DIRECTION('center_axis',(0.707106781186541,0.707106781186554,-1.33589035195132E-47));
#6649=DIRECTION('ref_axis',(-1.88923425357294E-47,0.,-1.));
#6650=DIRECTION('',(-0.707106781186554,0.707106781186541,0.));
#6651=DIRECTION('',(-1.88923425357294E-47,0.,-1.));
#6652=DIRECTION('center_axis',(0.,1.,0.));
#6653=DIRECTION('ref_axis',(-1.,-6.06816080939242E-31,2.96059473233376E-15));
#6654=DIRECTION('',(6.28036983473518E-15,0.707106781186529,-0.707106781186566));
#6655=DIRECTION('center_axis',(0.,-1.,0.));
#6656=DIRECTION('ref_axis',(-1.,-1.31476817536836E-30,2.96059473233376E-15));
#6657=DIRECTION('center_axis',(1.33589035195131E-47,0.70710678118656,0.707106781186535));
#6658=DIRECTION('ref_axis',(1.,0.,-1.88923425357294E-47));
#6659=DIRECTION('',(-1.17756934401285E-16,0.707106781186535,-0.70710678118656));
#6660=DIRECTION('',(1.,0.,-1.88923425357294E-47));
#6661=DIRECTION('center_axis',(4.19494273445441E-63,1.,4.44089209850063E-16));
#6662=DIRECTION('ref_axis',(-1.,-1.31476817536836E-30,2.96059473233376E-15));
#6663=DIRECTION('',(-4.19494273445441E-63,-1.,-4.44089209850063E-16));
#6664=DIRECTION('center_axis',(4.19494273445441E-63,1.,4.44089209850063E-16));
#6665=DIRECTION('ref_axis',(-1.,-1.31476817536836E-30,2.96059473233376E-15));
#6666=DIRECTION('',(-4.19494273445441E-63,-1.,-4.44089209850063E-16));
#6667=DIRECTION('center_axis',(1.,4.19494273445441E-63,-1.88923425357294E-47));
#6668=DIRECTION('ref_axis',(1.88923425357294E-47,-4.44089209850063E-16,
1.));
#6669=DIRECTION('',(-4.19494273445441E-63,-1.,-4.44089209850063E-16));
#6670=DIRECTION('',(1.88923425357294E-47,-4.44089209850063E-16,1.));
#6671=DIRECTION('center_axis',(4.19494273445441E-63,1.,4.44089209850063E-16));
#6672=DIRECTION('ref_axis',(2.96059473233376E-15,-4.44089209850063E-16,
1.));
#6673=DIRECTION('',(-4.19494273445441E-63,-1.,-4.44089209850063E-16));
#6674=DIRECTION('center_axis',(4.19494273445441E-63,1.,4.44089209850063E-16));
#6675=DIRECTION('ref_axis',(2.96059473233376E-15,-4.44089209850063E-16,
1.));
#6676=DIRECTION('center_axis',(-1.88923425357294E-47,4.44089209850063E-16,
-1.));
#6677=DIRECTION('ref_axis',(1.,4.19494273445441E-63,-1.88923425357294E-47));
#6678=DIRECTION('',(7.39557098644699E-32,1.,4.44089209850063E-16));
#6679=DIRECTION('',(1.,4.19494273445441E-63,-1.88923425357294E-47));
#6680=DIRECTION('center_axis',(-4.19494273445441E-63,-1.,-4.44089209850063E-16));
#6681=DIRECTION('ref_axis',(0.,0.,-1.));
#6682=DIRECTION('center_axis',(-4.19494273445441E-63,-1.,-4.44089209850063E-16));
#6683=DIRECTION('ref_axis',(-1.,0.,0.));
#6684=DIRECTION('center_axis',(-1.,4.19494273445441E-63,0.));
#6685=DIRECTION('ref_axis',(0.,0.,1.));
#6686=DIRECTION('center_axis',(4.19494273445441E-63,1.,4.44089209850063E-16));
#6687=DIRECTION('ref_axis',(-1.,-9.8607613152626E-32,2.2204460492503E-16));
#6688=DIRECTION('center_axis',(-1.,4.19494273445441E-63,0.));
#6689=DIRECTION('ref_axis',(0.,0.,1.));
#6690=DIRECTION('center_axis',(-4.19494273445441E-63,-1.,-4.44089209850063E-16));
#6691=DIRECTION('ref_axis',(-1.,9.8607613152626E-32,-2.2204460492503E-16));
#6692=DIRECTION('center_axis',(-4.19494273445441E-63,-1.,-4.44089209850063E-16));
#6693=DIRECTION('ref_axis',(-1.,-4.19494273445441E-63,1.88923425357294E-47));
#6694=DIRECTION('',(1.66533453693774E-16,0.,1.));
#6695=DIRECTION('',(-1.,-4.19494273445441E-63,1.88923425357294E-47));
#6696=DIRECTION('center_axis',(-4.19494273445441E-63,-1.,-4.44089209850063E-16));
#6697=DIRECTION('ref_axis',(-1.,-4.19494273445441E-63,1.88923425357294E-47));
#6698=DIRECTION('center_axis',(1.88923425357294E-47,-4.44089209850063E-16,
1.));
#6699=DIRECTION('ref_axis',(-1.,-4.19494273445441E-63,1.88923425357294E-47));
#6700=DIRECTION('',(-7.39557098644699E-32,-1.,-4.44089209850063E-16));
#6701=DIRECTION('center_axis',(1.,0.,-1.66533453693774E-16));
#6702=DIRECTION('ref_axis',(-1.66533453693774E-16,0.,-1.));
#6703=DIRECTION('',(1.66533453693774E-16,0.,1.));
#6704=DIRECTION('',(0.,1.,0.));
#6705=DIRECTION('center_axis',(0.,1.,0.));
#6706=DIRECTION('ref_axis',(1.,0.,0.));
#6707=DIRECTION('center_axis',(0.,-1.,0.));
#6708=DIRECTION('ref_axis',(1.,0.,0.));
#6709=DIRECTION('',(-0.707106781186548,-0.707106781186548,0.));
#6710=DIRECTION('center_axis',(0.,1.,0.));
#6711=DIRECTION('ref_axis',(1.,0.,0.));
#6712=DIRECTION('center_axis',(0.,-1.,0.));
#6713=DIRECTION('ref_axis',(-0.782115792948044,0.,0.623133120947083));
#6714=DIRECTION('center_axis',(0.,-1.,0.));
#6715=DIRECTION('ref_axis',(-0.782115792948044,0.,0.623133120947083));
#6716=DIRECTION('center_axis',(0.,1.,0.));
#6717=DIRECTION('ref_axis',(0.70055180505013,0.,-0.713601547392524));
#6718=DIRECTION('center_axis',(0.,1.,0.));
#6719=DIRECTION('ref_axis',(0.70055180505013,0.,-0.713601547392524));
#6720=DIRECTION('center_axis',(0.,1.,0.));
#6721=DIRECTION('ref_axis',(-0.285714285714248,0.,-0.958314847499921));
#6722=DIRECTION('center_axis',(0.,1.,0.));
#6723=DIRECTION('ref_axis',(-0.285714285714248,0.,-0.958314847499921));
#6724=DIRECTION('',(-0.707106781186548,0.707106781186548,0.));
#6725=DIRECTION('center_axis',(0.,-1.,0.));
#6726=DIRECTION('ref_axis',(-0.285714285714248,0.,-0.958314847499921));
#6727=DIRECTION('center_axis',(0.,1.,0.));
#6728=DIRECTION('ref_axis',(0.70055180505013,0.,-0.713601547392524));
#6729=DIRECTION('center_axis',(0.,1.,0.));
#6730=DIRECTION('ref_axis',(0.70055180505013,0.,-0.713601547392524));
#6731=DIRECTION('center_axis',(0.,-1.,0.));
#6732=DIRECTION('ref_axis',(0.70055180505013,0.,-0.713601547392524));
#6733=DIRECTION('center_axis',(0.,1.,0.));
#6734=DIRECTION('ref_axis',(-0.285714285714248,0.,-0.958314847499921));
#6735=DIRECTION('center_axis',(0.,1.,0.));
#6736=DIRECTION('ref_axis',(1.,0.,0.));
#6737=DIRECTION('',(0.,-1.,0.));
#6738=DIRECTION('center_axis',(0.,1.,0.));
#6739=DIRECTION('ref_axis',(0.70055180505013,0.,-0.713601547392524));
#6740=DIRECTION('center_axis',(0.,1.,0.));
#6741=DIRECTION('ref_axis',(0.285714285714296,0.,0.958314847499907));
#6742=DIRECTION('center_axis',(0.,-1.,0.));
#6743=DIRECTION('ref_axis',(0.285714285714296,0.,0.958314847499907));
#6744=DIRECTION('',(0.,1.,0.));
#6745=DIRECTION('',(0.,1.,0.));
#6746=DIRECTION('center_axis',(0.,1.,0.));
#6747=DIRECTION('ref_axis',(-0.595421427867438,0.,0.803413544344568));
#6748=DIRECTION('',(0.,1.,0.));
#6749=DIRECTION('',(0.,-1.,0.));
#6750=DIRECTION('center_axis',(0.,-1.,0.));
#6751=DIRECTION('ref_axis',(-0.595421427867438,0.,0.803413544344568));
#6752=DIRECTION('center_axis',(0.,1.,0.));
#6753=DIRECTION('ref_axis',(-1.,0.,4.06024420434344E-15));
#6754=DIRECTION('center_axis',(0.,-1.,0.));
#6755=DIRECTION('ref_axis',(-1.,0.,4.06024420434344E-15));
#6756=DIRECTION('',(0.,1.,0.));
#6757=DIRECTION('center_axis',(0.,1.,0.));
#6758=DIRECTION('ref_axis',(0.285714285714296,0.,0.958314847499907));
#6759=DIRECTION('center_axis',(0.,1.,0.));
#6760=DIRECTION('ref_axis',(0.285714285714296,0.,0.958314847499907));
#6761=DIRECTION('',(-0.707106781186546,-0.707106781186549,0.));
#6762=DIRECTION('center_axis',(0.707106781186549,-0.707106781186546,-1.17756934401283E-16));
#6763=DIRECTION('ref_axis',(-1.66533453693774E-16,0.,-1.));
#6764=DIRECTION('',(1.66533453693774E-16,0.,1.));
#6765=DIRECTION('',(1.66533453693774E-16,0.,1.));
#6766=DIRECTION('',(1.66533453693774E-16,0.,1.));
#6767=DIRECTION('',(-1.66533453693774E-16,0.,-1.));
#6768=DIRECTION('center_axis',(0.,1.,0.));
#6769=DIRECTION('ref_axis',(-1.,0.,4.06024420434344E-15));
#6770=DIRECTION('',(-0.707106781186552,0.707106781186543,0.));
#6771=DIRECTION('center_axis',(0.,1.,0.));
#6772=DIRECTION('ref_axis',(-1.,0.,4.06024420434344E-15));
#6773=DIRECTION('center_axis',(0.,1.,0.));
#6774=DIRECTION('ref_axis',(-0.595421427867438,0.,0.803413544344568));
#6775=DIRECTION('center_axis',(0.,1.,0.));
#6776=DIRECTION('ref_axis',(-0.595421427867438,0.,0.803413544344568));
#6777=DIRECTION('center_axis',(0.,1.,0.));
#6778=DIRECTION('ref_axis',(-0.595421427867438,0.,0.803413544344568));
#6779=DIRECTION('center_axis',(0.,-1.,0.));
#6780=DIRECTION('ref_axis',(-0.595421427867439,0.,0.803413544344568));
#6781=DIRECTION('center_axis',(0.,1.,0.));
#6782=DIRECTION('ref_axis',(-0.595421427867439,0.,0.803413544344568));
#6783=DIRECTION('center_axis',(1.,0.,-1.66533453693774E-16));
#6784=DIRECTION('ref_axis',(-1.66533453693774E-16,0.,-1.));
#6785=DIRECTION('',(-1.17756934401283E-16,-0.707106781186548,-0.707106781186548));
#6786=DIRECTION('',(0.,1.,0.));
#6787=DIRECTION('center_axis',(0.,1.,0.));
#6788=DIRECTION('ref_axis',(-1.,0.,0.));
#6789=DIRECTION('center_axis',(0.,-1.,0.));
#6790=DIRECTION('ref_axis',(-1.,0.,0.));
#6791=DIRECTION('center_axis',(0.,1.,0.));
#6792=DIRECTION('ref_axis',(-1.,0.,0.));
#6793=DIRECTION('',(1.,0.,0.));
#6794=DIRECTION('center_axis',(0.,-1.,0.));
#6795=DIRECTION('ref_axis',(2.96059473233376E-15,0.,-1.));
#6796=DIRECTION('',(0.,0.,-1.));
#6797=DIRECTION('center_axis',(0.,-1.,0.));
#6798=DIRECTION('ref_axis',(-1.,0.,-2.96059473233376E-15));
#6799=DIRECTION('',(-1.,0.,0.));
#6800=DIRECTION('center_axis',(0.,1.,0.));
#6801=DIRECTION('ref_axis',(-1.,0.,0.));
#6802=DIRECTION('center_axis',(-1.,0.,0.));
#6803=DIRECTION('ref_axis',(0.,0.,-1.));
#6804=DIRECTION('center_axis',(0.,-1.,0.));
#6805=DIRECTION('ref_axis',(-1.,0.,0.));
#6806=DIRECTION('center_axis',(0.,-1.,0.));
#6807=DIRECTION('ref_axis',(-1.,0.,0.));
#6808=DIRECTION('center_axis',(0.,-1.,0.));
#6809=DIRECTION('ref_axis',(0.,0.,-1.));
#6810=DIRECTION('center_axis',(-1.,0.,0.));
#6811=DIRECTION('ref_axis',(0.,0.,1.));
#6812=DIRECTION('center_axis',(0.,0.,1.));
#6813=DIRECTION('ref_axis',(-1.,0.,0.));
#6814=DIRECTION('',(-1.,0.,0.));
#6815=DIRECTION('',(0.,-1.,0.));
#6816=DIRECTION('center_axis',(0.,-1.,0.));
#6817=DIRECTION('ref_axis',(-1.,0.,-2.96059473233376E-15));
#6818=DIRECTION('center_axis',(0.,-1.,0.));
#6819=DIRECTION('ref_axis',(-1.,0.,-2.96059473233376E-15));
#6820=DIRECTION('',(0.,-1.,0.));
#6821=DIRECTION('center_axis',(-1.,0.,0.));
#6822=DIRECTION('ref_axis',(0.,0.,-1.));
#6823=DIRECTION('',(0.,0.,-1.));
#6824=DIRECTION('',(0.,-1.,0.));
#6825=DIRECTION('center_axis',(0.,-1.,0.));
#6826=DIRECTION('ref_axis',(2.96059473233376E-15,0.,-1.));
#6827=DIRECTION('center_axis',(0.,-1.,0.));
#6828=DIRECTION('ref_axis',(2.96059473233376E-15,0.,-1.));
#6829=DIRECTION('',(0.,-1.,0.));
#6830=DIRECTION('center_axis',(0.,0.,-1.));
#6831=DIRECTION('ref_axis',(1.,0.,0.));
#6832=DIRECTION('',(1.,0.,0.));
#6833=DIRECTION('',(0.,-1.,0.));
#6834=DIRECTION('center_axis',(0.,0.707106781186535,0.70710678118656));
#6835=DIRECTION('ref_axis',(1.,0.,0.));
#6836=DIRECTION('',(-1.17756934401281E-16,0.70710678118656,-0.707106781186535));
#6837=DIRECTION('',(0.,0.707106781186548,-0.707106781186548));
#6838=DIRECTION('center_axis',(0.,1.,0.));
#6839=DIRECTION('ref_axis',(2.96059473233376E-15,0.,-1.));
#6840=DIRECTION('',(-0.707106781186541,0.707106781186554,0.));
#6841=DIRECTION('center_axis',(0.707106781186554,0.707106781186541,0.));
#6842=DIRECTION('ref_axis',(0.,0.,-1.));
#6843=DIRECTION('',(-0.707106781186548,0.707106781186548,0.));
#6844=DIRECTION('center_axis',(0.,1.,0.));
#6845=DIRECTION('ref_axis',(-1.,0.,-2.96059473233376E-15));
#6846=DIRECTION('',(0.,0.707106781186547,0.707106781186547));
#6847=DIRECTION('center_axis',(0.,0.707106781186548,-0.707106781186548));
#6848=DIRECTION('ref_axis',(-1.,0.,0.));
#6849=DIRECTION('center_axis',(0.,-1.,0.));
#6850=DIRECTION('ref_axis',(1.,0.,-8.88178419700125E-17));
#6851=DIRECTION('center_axis',(0.,-1.,0.));
#6852=DIRECTION('ref_axis',(1.,0.,0.));
#6853=DIRECTION('center_axis',(0.,-1.,0.));
#6854=DIRECTION('ref_axis',(1.,0.,-8.88178419700125E-17));
#6855=DIRECTION('',(-2.22044604925032E-16,0.,-1.));
#6856=DIRECTION('',(1.,0.,-8.88178419700125E-17));
#6857=DIRECTION('center_axis',(0.,1.,0.));
#6858=DIRECTION('ref_axis',(1.,0.,-3.04941257430377E-15));
#6859=DIRECTION('',(-8.88178419700125E-17,0.,-1.));
#6860=DIRECTION('center_axis',(0.,1.,0.));
#6861=DIRECTION('ref_axis',(-3.04941257430377E-15,0.,-1.));
#6862=DIRECTION('',(-1.,0.,8.88178419700125E-17));
#6863=DIRECTION('center_axis',(0.,1.,0.));
#6864=DIRECTION('ref_axis',(1.,0.,0.));
#6865=DIRECTION('center_axis',(0.,-1.,0.));
#6866=DIRECTION('ref_axis',(1.,0.,0.));
#6867=DIRECTION('center_axis',(-1.,0.,0.));
#6868=DIRECTION('ref_axis',(0.,0.,1.));
#6869=DIRECTION('center_axis',(0.,-1.,0.));
#6870=DIRECTION('ref_axis',(0.,0.,-1.));
#6871=DIRECTION('center_axis',(-1.,0.,0.));
#6872=DIRECTION('ref_axis',(0.,0.,1.));
#6873=DIRECTION('center_axis',(8.88178419700125E-17,0.,1.));
#6874=DIRECTION('ref_axis',(-1.,0.,8.88178419700125E-17));
#6875=DIRECTION('',(1.,0.,-8.88178419700125E-17));
#6876=DIRECTION('',(0.,1.,0.));
#6877=DIRECTION('',(0.,-1.,0.));
#6878=DIRECTION('center_axis',(0.,1.,0.));
#6879=DIRECTION('ref_axis',(-3.04941257430377E-15,0.,-1.));
#6880=DIRECTION('center_axis',(0.,-1.,0.));
#6881=DIRECTION('ref_axis',(-3.04941257430377E-15,0.,-1.));
#6882=DIRECTION('',(0.,-1.,0.));
#6883=DIRECTION('center_axis',(-1.,0.,8.88178419700125E-17));
#6884=DIRECTION('ref_axis',(-8.88178419700125E-17,0.,-1.));
#6885=DIRECTION('',(8.88178419700125E-17,0.,1.));
#6886=DIRECTION('',(0.,-1.,0.));
#6887=DIRECTION('center_axis',(0.,1.,0.));
#6888=DIRECTION('ref_axis',(1.,0.,-3.04941257430377E-15));
#6889=DIRECTION('center_axis',(0.,-1.,0.));
#6890=DIRECTION('ref_axis',(1.,0.,-3.04941257430377E-15));
#6891=DIRECTION('',(0.,-1.,0.));
#6892=DIRECTION('center_axis',(-8.88178419700125E-17,0.,-1.));
#6893=DIRECTION('ref_axis',(1.,0.,-8.88178419700125E-17));
#6894=DIRECTION('',(-1.,0.,8.88178419700125E-17));
#6895=DIRECTION('',(0.,-1.,0.));
#6896=DIRECTION('center_axis',(-1.,0.,2.22044604925032E-16));
#6897=DIRECTION('ref_axis',(2.22044604925032E-16,0.,1.));
#6898=DIRECTION('',(1.57009245868376E-16,0.707106781186554,0.707106781186541));
#6899=DIRECTION('',(-2.22044604925032E-16,0.,-1.));
#6900=DIRECTION('center_axis',(-6.28036983473516E-17,0.707106781186541,
-0.707106781186554));
#6901=DIRECTION('ref_axis',(-1.,0.,8.88178419700125E-17));
#6902=DIRECTION('',(0.,0.707106781186554,0.707106781186541));
#6903=DIRECTION('center_axis',(0.,1.,0.));
#6904=DIRECTION('ref_axis',(1.,0.,-3.04941257430377E-15));
#6905=DIRECTION('',(0.707106781186547,0.707106781186547,0.));
#6906=DIRECTION('center_axis',(-0.707106781186548,0.707106781186548,6.2803698347351E-17));
#6907=DIRECTION('ref_axis',(8.88178419700125E-17,0.,1.));
#6908=DIRECTION('',(0.707106781186554,0.707106781186541,0.));
#6909=DIRECTION('center_axis',(0.,1.,0.));
#6910=DIRECTION('ref_axis',(-3.04941257430377E-15,0.,-1.));
#6911=DIRECTION('',(0.,0.707106781186554,-0.707106781186541));
#6912=DIRECTION('center_axis',(6.28036983473516E-17,0.707106781186541,0.707106781186554));
#6913=DIRECTION('ref_axis',(1.,0.,-8.88178419700125E-17));
#6914=DIRECTION('',(1.57009245868376E-16,-0.707106781186554,0.707106781186541));
#6915=DIRECTION('center_axis',(-1.,0.,2.22044604925032E-16));
#6916=DIRECTION('ref_axis',(2.22044604925032E-16,0.,1.));
#6917=DIRECTION('',(-2.22044604925032E-16,0.,-1.));
#6918=DIRECTION('center_axis',(0.,-1.,0.));
#6919=DIRECTION('ref_axis',(-0.190122978916798,0.,-0.981760282802173));
#6920=DIRECTION('center_axis',(0.,-1.,0.));
#6921=DIRECTION('ref_axis',(-0.190122978916798,0.,-0.981760282802173));
#6922=DIRECTION('',(0.,-1.,0.));
#6923=DIRECTION('center_axis',(0.,-1.,0.));
#6924=DIRECTION('ref_axis',(0.885291584631491,0.,0.465036353611913));
#6925=DIRECTION('center_axis',(0.,1.,0.));
#6926=DIRECTION('ref_axis',(0.885291584631491,0.,0.465036353611913));
#6927=DIRECTION('',(0.,-1.,0.));
#6928=DIRECTION('center_axis',(0.,1.,0.));
#6929=DIRECTION('ref_axis',(-1.,0.,0.));
#6930=DIRECTION('center_axis',(0.,1.,0.));
#6931=DIRECTION('ref_axis',(0.979632244664839,0.,0.20080006278119));
#6932=DIRECTION('center_axis',(0.,-1.,0.));
#6933=DIRECTION('ref_axis',(-0.580663820068828,0.,0.81414343211935));
#6934=DIRECTION('center_axis',(0.,-1.,0.));
#6935=DIRECTION('ref_axis',(0.973010028164401,0.,0.230762832994207));
#6936=DIRECTION('center_axis',(0.,-1.,0.));
#6937=DIRECTION('ref_axis',(-0.999440587661151,0.,-0.0334441584665066));
#6938=DIRECTION('',(0.,-1.,0.));
#6939=DIRECTION('center_axis',(0.,-1.,0.));
#6940=DIRECTION('ref_axis',(0.979632244664839,0.,0.20080006278119));
#6941=DIRECTION('',(0.,1.,0.));
#6942=DIRECTION('center_axis',(0.,-1.,0.));
#6943=DIRECTION('ref_axis',(0.686343812404661,0.,0.727277231304428));
#6944=DIRECTION('center_axis',(0.,1.,0.));
#6945=DIRECTION('ref_axis',(0.686343812404661,0.,0.727277231304429));
#6946=DIRECTION('',(0.,-1.,0.));
#6947=DIRECTION('center_axis',(0.,-1.,0.));
#6948=DIRECTION('ref_axis',(0.686343812404661,0.,0.727277231304429));
#6949=DIRECTION('',(0.,-1.,0.));
#6950=DIRECTION('center_axis',(0.,-1.,0.));
#6951=DIRECTION('ref_axis',(0.992973706432058,0.,-0.118335194826312));
#6952=DIRECTION('center_axis',(0.,-1.,0.));
#6953=DIRECTION('ref_axis',(0.992973706432058,0.,-0.118335194826312));
#6954=DIRECTION('center_axis',(0.,1.,0.));
#6955=DIRECTION('ref_axis',(0.992973706432058,0.,-0.118335194826312));
#6956=DIRECTION('',(0.,-1.,0.));
#6957=DIRECTION('center_axis',(0.,-1.,0.));
#6958=DIRECTION('ref_axis',(-0.686343812404655,0.,-0.727277231304434));
#6959=DIRECTION('',(-0.485318363976767,0.707106781186544,-0.51426266205794));
#6960=DIRECTION('center_axis',(0.,-1.,0.));
#6961=DIRECTION('ref_axis',(-0.686343812404655,0.,-0.727277231304434));
#6962=DIRECTION('',(-0.485318363976764,-0.707106781186546,-0.514262662057941));
#6963=DIRECTION('center_axis',(0.,1.,0.));
#6964=DIRECTION('ref_axis',(-0.686343812404655,0.,-0.727277231304435));
#6965=DIRECTION('center_axis',(0.,1.,0.));
#6966=DIRECTION('ref_axis',(0.686343812404661,0.,0.727277231304429));
#6967=DIRECTION('center_axis',(0.,1.,0.));
#6968=DIRECTION('ref_axis',(0.686343812404661,0.,0.727277231304428));
#6969=DIRECTION('',(-0.70213844135805,-0.707106781186546,0.0836756187147176));
#6970=DIRECTION('center_axis',(0.,-1.,0.));
#6971=DIRECTION('ref_axis',(0.992973706432058,0.,-0.118335194826312));
#6972=DIRECTION('center_axis',(0.,-1.,0.));
#6973=DIRECTION('ref_axis',(0.992973706432058,0.,-0.118335194826312));
#6974=DIRECTION('',(0.702138441358056,-0.70710678118654,-0.0836756187147106));
#6975=DIRECTION('center_axis',(0.,-1.,0.));
#6976=DIRECTION('ref_axis',(0.686343812404661,0.,0.727277231304429));
#6977=DIRECTION('center_axis',(0.,-1.,0.));
#6978=DIRECTION('ref_axis',(0.686343812404661,0.,0.727277231304429));
#6979=DIRECTION('center_axis',(0.,1.,0.));
#6980=DIRECTION('ref_axis',(0.686343812404661,0.,0.727277231304429));
#6981=DIRECTION('center_axis',(0.,-1.,0.));
#6982=DIRECTION('ref_axis',(0.686343812404661,0.,0.727277231304429));
#6983=DIRECTION('center_axis',(0.,-1.,0.));
#6984=DIRECTION('ref_axis',(0.686343812404661,0.,0.727277231304429));
#6985=DIRECTION('',(0.,-1.,0.));
#6986=DIRECTION('center_axis',(0.,-1.,0.));
#6987=DIRECTION('ref_axis',(-0.686343812404655,0.,-0.727277231304434));
#6988=DIRECTION('center_axis',(0.,-1.,0.));
#6989=DIRECTION('ref_axis',(-0.686343812404655,0.,-0.727277231304435));
#6990=DIRECTION('center_axis',(0.,1.,0.));
#6991=DIRECTION('ref_axis',(0.992973706432058,0.,-0.118335194826312));
#6992=DIRECTION('',(-0.702138441358056,-0.70710678118654,0.0836756187147106));
#6993=DIRECTION('',(-0.702138441358056,0.70710678118654,0.0836756187147106));
#6994=DIRECTION('center_axis',(0.,-1.,0.));
#6995=DIRECTION('ref_axis',(0.686343812404661,0.,0.727277231304429));
#6996=DIRECTION('',(-0.485318363976759,0.707106781186548,-0.514262662057942));
#6997=DIRECTION('center_axis',(0.,1.,0.));
#6998=DIRECTION('ref_axis',(-0.686343812404655,0.,-0.727277231304434));
#6999=DIRECTION('',(0.485318363976767,0.707106781186544,0.51426266205794));
#7000=DIRECTION('center_axis',(0.,1.,0.));
#7001=DIRECTION('ref_axis',(0.686343812404661,0.,0.727277231304429));
#7002=DIRECTION('center_axis',(0.,1.,0.));
#7003=DIRECTION('ref_axis',(-0.686343812404661,0.,0.727277231304429));
#7004=DIRECTION('center_axis',(0.,1.,0.));
#7005=DIRECTION('ref_axis',(-0.686343812404661,0.,0.727277231304428));
#7006=DIRECTION('',(0.,-1.,0.));
#7007=DIRECTION('center_axis',(0.,-1.,0.));
#7008=DIRECTION('ref_axis',(-0.686343812404661,0.,0.727277231304428));
#7009=DIRECTION('',(0.,-1.,0.));
#7010=DIRECTION('center_axis',(0.,1.,0.));
#7011=DIRECTION('ref_axis',(0.686343812404655,0.,-0.727277231304435));
#7012=DIRECTION('center_axis',(0.,-1.,0.));
#7013=DIRECTION('ref_axis',(0.686343812404655,0.,-0.727277231304434));
#7014=DIRECTION('center_axis',(0.,1.,0.));
#7015=DIRECTION('ref_axis',(0.686343812404655,0.,-0.727277231304434));
#7016=DIRECTION('',(0.,-1.,0.));
#7017=DIRECTION('center_axis',(0.,-1.,0.));
#7018=DIRECTION('ref_axis',(-0.992973706432058,0.,-0.118335194826312));
#7019=DIRECTION('',(0.702138441358047,0.707106781186549,0.0836756187147117));
#7020=DIRECTION('center_axis',(0.,-1.,0.));
#7021=DIRECTION('ref_axis',(-0.992973706432058,0.,-0.118335194826312));
#7022=DIRECTION('',(0.702138441358053,-0.707106781186543,0.0836756187147109));
#7023=DIRECTION('center_axis',(0.,1.,0.));
#7024=DIRECTION('ref_axis',(-0.992973706432058,0.,-0.118335194826312));
#7025=DIRECTION('center_axis',(0.,1.,0.));
#7026=DIRECTION('ref_axis',(-0.686343812404661,0.,0.727277231304429));
#7027=DIRECTION('center_axis',(0.,1.,0.));
#7028=DIRECTION('ref_axis',(-0.686343812404661,0.,0.727277231304429));
#7029=DIRECTION('',(0.485318363976761,-0.707106781186541,-0.51426266205795));
#7030=DIRECTION('center_axis',(0.,-1.,0.));
#7031=DIRECTION('ref_axis',(0.686343812404655,0.,-0.727277231304434));
#7032=DIRECTION('center_axis',(0.,-1.,0.));
#7033=DIRECTION('ref_axis',(0.686343812404655,0.,-0.727277231304435));
#7034=DIRECTION('',(-0.485318363976767,-0.70710678118655,0.514262662057931));
#7035=DIRECTION('center_axis',(0.,-1.,0.));
#7036=DIRECTION('ref_axis',(-0.686343812404661,0.,0.727277231304429));
#7037=DIRECTION('center_axis',(0.,-1.,0.));
#7038=DIRECTION('ref_axis',(-0.686343812404661,0.,0.727277231304429));
#7039=DIRECTION('center_axis',(0.,1.,0.));
#7040=DIRECTION('ref_axis',(-0.686343812404661,0.,0.727277231304429));
#7041=DIRECTION('center_axis',(0.,1.,0.));
#7042=DIRECTION('ref_axis',(-0.686343812404661,0.,0.727277231304429));
#7043=DIRECTION('center_axis',(0.,-1.,0.));
#7044=DIRECTION('ref_axis',(-0.686343812404661,0.,0.727277231304429));
#7045=DIRECTION('',(0.,-1.,0.));
#7046=DIRECTION('center_axis',(0.,1.,0.));
#7047=DIRECTION('ref_axis',(-0.992973706432058,0.,-0.118335194826312));
#7048=DIRECTION('center_axis',(0.,-1.,0.));
#7049=DIRECTION('ref_axis',(-0.992973706432058,0.,-0.118335194826312));
#7050=DIRECTION('center_axis',(0.,1.,0.));
#7051=DIRECTION('ref_axis',(0.686343812404655,0.,-0.727277231304434));
#7052=DIRECTION('',(0.485318363976767,-0.70710678118655,-0.514262662057931));
#7053=DIRECTION('',(0.485318363976766,0.707106781186548,-0.514262662057936));
#7054=DIRECTION('center_axis',(0.,-1.,0.));
#7055=DIRECTION('ref_axis',(-0.686343812404661,0.,0.727277231304429));
#7056=DIRECTION('',(0.702138441358053,0.707106781186543,0.0836756187147172));
#7057=DIRECTION('center_axis',(0.,1.,0.));
#7058=DIRECTION('ref_axis',(-0.992973706432058,0.,-0.118335194826312));
#7059=DIRECTION('',(-0.702138441358047,0.707106781186549,-0.0836756187147117));
#7060=DIRECTION('center_axis',(0.,1.,0.));
#7061=DIRECTION('ref_axis',(-0.686343812404661,0.,0.727277231304429));
#7062=DIRECTION('center_axis',(0.,-1.,0.));
#7063=DIRECTION('ref_axis',(0.531913548331363,0.,-0.846798663852003));
#7064=DIRECTION('center_axis',(0.,1.,0.));
#7065=DIRECTION('ref_axis',(0.531913548331363,0.,-0.846798663852003));
#7066=DIRECTION('center_axis',(0.,1.,0.));
#7067=DIRECTION('ref_axis',(-0.595421427867438,0.,0.803413544344568));
#7068=DIRECTION('',(0.,-1.,0.));
#7069=DIRECTION('center_axis',(0.,-1.,0.));
#7070=DIRECTION('ref_axis',(-0.788322745922759,0.,-0.615261934675632));
#7071=DIRECTION('',(0.,-1.,0.));
#7072=DIRECTION('center_axis',(0.,-1.,0.));
#7073=DIRECTION('ref_axis',(-0.788322745922759,0.,-0.615261934675632));
#7074=DIRECTION('center_axis',(0.,-1.,0.));
#7075=DIRECTION('ref_axis',(-0.999833013952597,0.,-0.0182741404850188));
#7076=DIRECTION('center_axis',(0.,-1.,0.));
#7077=DIRECTION('ref_axis',(-0.999833013952597,0.,-0.0182741404850188));
#7078=DIRECTION('',(0.,-1.,0.));
#7079=DIRECTION('center_axis',(0.,-1.,0.));
#7080=DIRECTION('ref_axis',(-0.771102758560634,0.,0.636710715898658));
#7081=DIRECTION('',(0.,-1.,0.));
#7082=DIRECTION('center_axis',(0.,1.,0.));
#7083=DIRECTION('ref_axis',(-0.771102758560634,0.,0.636710715898658));
#7084=DIRECTION('',(0.,1.,0.));
#7085=DIRECTION('center_axis',(0.,-1.,0.));
#7086=DIRECTION('ref_axis',(-0.771102758560634,0.,0.636710715898658));
#7087=DIRECTION('center_axis',(0.,-1.,0.));
#7088=DIRECTION('ref_axis',(0.987215873410213,0.,0.15938889323573));
#7089=DIRECTION('',(0.,-1.,0.));
#7090=DIRECTION('',(0.,-1.,0.));
#7091=DIRECTION('center_axis',(0.,1.,0.));
#7092=DIRECTION('ref_axis',(0.947074163741225,0.,0.321014841360737));
#7093=DIRECTION('center_axis',(0.,1.,0.));
#7094=DIRECTION('ref_axis',(0.947074163741225,0.,0.321014841360737));
#7095=DIRECTION('',(0.,1.,0.));
#7096=DIRECTION('center_axis',(0.,1.,0.));
#7097=DIRECTION('ref_axis',(0.947074163741225,0.,0.321014841360737));
#7098=DIRECTION('center_axis',(0.,1.,0.));
#7099=DIRECTION('ref_axis',(0.372207722803659,0.,-0.928149455144652));
#7100=DIRECTION('center_axis',(0.,-1.,0.));
#7101=DIRECTION('ref_axis',(0.372207722803659,0.,-0.928149455144652));
#7102=DIRECTION('center_axis',(0.,-1.,0.));
#7103=DIRECTION('ref_axis',(0.372207722803659,0.,-0.928149455144652));
#7104=DIRECTION('center_axis',(0.,1.,0.));
#7105=DIRECTION('ref_axis',(0.492428031231011,0.,-0.870353166282487));
#7106=DIRECTION('center_axis',(0.,-1.,0.));
#7107=DIRECTION('ref_axis',(0.492428031231011,0.,-0.870353166282487));
#7108=DIRECTION('',(0.,1.,0.));
#7109=DIRECTION('center_axis',(0.,1.,0.));
#7110=DIRECTION('ref_axis',(-0.995344571944222,0.,-0.0963804082849521));
#7111=DIRECTION('center_axis',(0.,1.,0.));
#7112=DIRECTION('ref_axis',(-0.995344571944222,0.,-0.0963804082849521));
#7113=DIRECTION('',(0.,-1.,0.));
#7114=DIRECTION('center_axis',(0.,1.,0.));
#7115=DIRECTION('ref_axis',(0.98916548217345,0.,0.146804798547479));
#7116=DIRECTION('',(0.,1.,0.));
#7117=DIRECTION('center_axis',(0.,1.,0.));
#7118=DIRECTION('ref_axis',(0.98916548217345,0.,0.146804798547479));
#7119=DIRECTION('',(0.,1.,0.));
#7120=DIRECTION('center_axis',(0.,1.,0.));
#7121=DIRECTION('ref_axis',(-0.580663820068828,0.,0.81414343211935));
#7122=DIRECTION('center_axis',(0.,-1.,0.));
#7123=DIRECTION('ref_axis',(-0.580663820068828,0.,0.81414343211935));
#7124=DIRECTION('',(0.,1.,0.));
#7125=DIRECTION('center_axis',(0.,1.,0.));
#7126=DIRECTION('ref_axis',(0.973010028164401,0.,0.230762832994207));
#7127=DIRECTION('center_axis',(0.,-1.,0.));
#7128=DIRECTION('ref_axis',(0.973010028164401,0.,0.230762832994207));
#7129=DIRECTION('center_axis',(0.,1.,0.));
#7130=DIRECTION('ref_axis',(0.172715652868684,0.,0.984971727134411));
#7131=DIRECTION('',(0.,1.,0.));
#7132=DIRECTION('center_axis',(0.,1.,0.));
#7133=DIRECTION('ref_axis',(-0.995567056409224,0.,-0.0940544320735231));
#7134=DIRECTION('',(0.,1.,0.));
#7135=DIRECTION('center_axis',(0.,-1.,0.));
#7136=DIRECTION('ref_axis',(0.531913548331363,0.,-0.846798663852003));
#7137=DIRECTION('center_axis',(0.,1.,0.));
#7138=DIRECTION('ref_axis',(0.531913548331363,0.,-0.846798663852003));
#7139=DIRECTION('center_axis',(0.,1.,0.));
#7140=DIRECTION('ref_axis',(-1.,0.,0.));
#7141=DIRECTION('center_axis',(0.,1.,0.));
#7142=DIRECTION('ref_axis',(0.971358508199809,0.,-0.237618704120363));
#7143=DIRECTION('center_axis',(0.,-1.,0.));
#7144=DIRECTION('ref_axis',(0.0228047383923813,0.,0.999739938137341));
#7145=DIRECTION('center_axis',(0.,-1.,0.));
#7146=DIRECTION('ref_axis',(-0.301167922105814,0.,0.953571120941939));
#7147=DIRECTION('center_axis',(0.,1.,0.));
#7148=DIRECTION('ref_axis',(-0.536510237903069,0.,-0.843893811225792));
#7149=DIRECTION('',(2.22044604925032E-16,0.,1.));
#7150=DIRECTION('center_axis',(0.,1.,0.));
#7151=DIRECTION('ref_axis',(-0.99971786026616,0.,-0.0237528917155668));
#7152=DIRECTION('center_axis',(0.,-1.,0.));
#7153=DIRECTION('ref_axis',(0.570527051271933,0.,-0.821278810007267));
#7154=DIRECTION('center_axis',(0.,1.,0.));
#7155=DIRECTION('ref_axis',(-1.,0.,0.));
#7156=DIRECTION('center_axis',(0.,1.,0.));
#7157=DIRECTION('ref_axis',(-1.,0.,0.));
#7158=DIRECTION('center_axis',(0.,1.,0.));
#7159=DIRECTION('ref_axis',(-1.,0.,0.));
#7160=DIRECTION('center_axis',(0.,1.,0.));
#7161=DIRECTION('ref_axis',(-1.,0.,0.));
#7162=DIRECTION('center_axis',(0.,1.,0.));
#7163=DIRECTION('ref_axis',(-1.,0.,0.));
#7164=DIRECTION('center_axis',(0.,-1.,0.));
#7165=DIRECTION('ref_axis',(0.0228047383923807,0.,0.999739938137341));
#7166=DIRECTION('',(0.,1.,0.));
#7167=DIRECTION('center_axis',(0.,1.,0.));
#7168=DIRECTION('ref_axis',(0.0228047383923807,0.,0.999739938137341));
#7169=DIRECTION('center_axis',(0.,-1.,0.));
#7170=DIRECTION('ref_axis',(-0.536510237903069,0.,-0.843893811225792));
#7171=DIRECTION('',(0.,-1.,0.));
#7172=DIRECTION('center_axis',(0.,-1.,0.));
#7173=DIRECTION('ref_axis',(0.971358508199809,0.,-0.237618704120363));
#7174=DIRECTION('',(0.,-1.,0.));
#7175=DIRECTION('center_axis',(0.,-1.,0.));
#7176=DIRECTION('ref_axis',(-1.,0.,0.));
#7177=DIRECTION('center_axis',(0.,-1.,0.));
#7178=DIRECTION('ref_axis',(-1.,0.,0.));
#7179=DIRECTION('',(0.,-1.,0.));
#7180=DIRECTION('center_axis',(0.,1.,0.));
#7181=DIRECTION('ref_axis',(-1.,0.,0.));
#7182=DIRECTION('',(0.707106781186547,0.707106781186547,8.65956056235493E-17));
#7183=DIRECTION('center_axis',(0.,1.,0.));
#7184=DIRECTION('ref_axis',(-1.,0.,0.));
#7185=DIRECTION('center_axis',(0.,-1.,0.));
#7186=DIRECTION('ref_axis',(-1.,0.,0.));
#7187=DIRECTION('center_axis',(0.,-1.,0.));
#7188=DIRECTION('ref_axis',(-1.,0.,0.));
#7189=DIRECTION('',(0.,-1.,0.));
#7190=DIRECTION('center_axis',(0.,1.,0.));
#7191=DIRECTION('ref_axis',(-1.,0.,0.));
#7192=DIRECTION('center_axis',(0.,1.,0.));
#7193=DIRECTION('ref_axis',(-1.,0.,0.));
#7194=DIRECTION('',(-0.707106781186547,-0.707106781186547,8.65956056235493E-17));
#7195=DIRECTION('center_axis',(0.,-1.,0.));
#7196=DIRECTION('ref_axis',(-1.,0.,0.));
#7197=DIRECTION('center_axis',(0.,-1.,0.));
#7198=DIRECTION('ref_axis',(-1.,0.,0.));
#7199=DIRECTION('',(0.,-1.,0.));
#7200=DIRECTION('center_axis',(0.,1.,0.));
#7201=DIRECTION('ref_axis',(-1.,0.,0.));
#7202=DIRECTION('center_axis',(0.,-1.,0.));
#7203=DIRECTION('ref_axis',(-0.301167922105814,0.,0.953571120941939));
#7204=DIRECTION('center_axis',(0.,1.,0.));
#7205=DIRECTION('ref_axis',(-1.,0.,0.));
#7206=DIRECTION('center_axis',(0.,1.,0.));
#7207=DIRECTION('ref_axis',(-1.,0.,0.));
#7208=DIRECTION('center_axis',(0.,-1.,0.));
#7209=DIRECTION('ref_axis',(-0.301167922105814,0.,0.953571120941939));
#7210=DIRECTION('center_axis',(0.,-1.,0.));
#7211=DIRECTION('ref_axis',(0.0228047383923813,0.,0.999739938137341));
#7212=DIRECTION('center_axis',(0.,1.,0.));
#7213=DIRECTION('ref_axis',(-1.,0.,0.));
#7214=DIRECTION('center_axis',(0.,1.,0.));
#7215=DIRECTION('ref_axis',(-1.,0.,0.));
#7216=DIRECTION('center_axis',(0.,-1.,0.));
#7217=DIRECTION('ref_axis',(0.0228047383923813,0.,0.999739938137341));
#7218=DIRECTION('center_axis',(0.,1.,0.));
#7219=DIRECTION('ref_axis',(-1.,0.,0.));
#7220=DIRECTION('center_axis',(0.,1.,0.));
#7221=DIRECTION('ref_axis',(-1.,0.,0.));
#7222=DIRECTION('',(-0.707106781186547,-0.707106781186547,8.65956056235493E-17));
#7223=DIRECTION('center_axis',(0.,-1.,0.));
#7224=DIRECTION('ref_axis',(-1.,0.,0.));
#7225=DIRECTION('center_axis',(0.,-1.,0.));
#7226=DIRECTION('ref_axis',(-1.,0.,0.));
#7227=DIRECTION('',(0.,-1.,0.));
#7228=DIRECTION('center_axis',(0.,-1.,0.));
#7229=DIRECTION('ref_axis',(-0.301167922105814,0.,0.953571120941939));
#7230=DIRECTION('',(0.,-1.,0.));
#7231=DIRECTION('center_axis',(0.,1.,0.));
#7232=DIRECTION('ref_axis',(-1.,0.,0.));
#7233=DIRECTION('',(-0.707106781186547,-0.707106781186547,8.65956056235493E-17));
#7234=DIRECTION('center_axis',(0.,-1.,0.));
#7235=DIRECTION('ref_axis',(-1.,0.,0.));
#7236=DIRECTION('center_axis',(0.,-1.,0.));
#7237=DIRECTION('ref_axis',(-1.,0.,0.));
#7238=DIRECTION('',(0.,-1.,0.));
#7239=DIRECTION('center_axis',(0.,-1.,0.));
#7240=DIRECTION('ref_axis',(0.0228047383923813,0.,0.999739938137341));
#7241=DIRECTION('center_axis',(0.,1.,0.));
#7242=DIRECTION('ref_axis',(-1.,0.,0.));
#7243=DIRECTION('',(-0.707106781186547,-0.707106781186547,8.65956056235493E-17));
#7244=DIRECTION('center_axis',(0.,-1.,0.));
#7245=DIRECTION('ref_axis',(0.570527051271933,0.,-0.821278810007267));
#7246=DIRECTION('center_axis',(0.,1.,0.));
#7247=DIRECTION('ref_axis',(0.996865826481446,0.,-0.0791108336036415));
#7248=DIRECTION('center_axis',(0.,1.,0.));
#7249=DIRECTION('ref_axis',(0.996865826481446,0.,-0.0791108336036415));
#7250=DIRECTION('center_axis',(0.,1.,0.));
#7251=DIRECTION('ref_axis',(-1.,0.,0.));
#7252=DIRECTION('center_axis',(0.,-1.,0.));
#7253=DIRECTION('ref_axis',(-0.99971786026616,0.,-0.0237528917155668));
#7254=DIRECTION('center_axis',(-0.707106781186543,-0.707106781186552,1.57009245868377E-16));
#7255=DIRECTION('ref_axis',(2.22044604925032E-16,0.,1.));
#7256=DIRECTION('center_axis',(0.,1.,0.));
#7257=DIRECTION('ref_axis',(-0.889464575853675,0.,-0.457004122849501));
#7258=DIRECTION('center_axis',(0.,-1.,0.));
#7259=DIRECTION('ref_axis',(0.85265367447418,0.,0.52247651756388));
#7260=DIRECTION('center_axis',(1.,0.,-1.66533453693774E-16));
#7261=DIRECTION('ref_axis',(-1.66533453693774E-16,0.,-1.));
#7262=DIRECTION('',(-5.55111512312578E-17,1.,7.7715611723761E-16));
#7263=DIRECTION('',(1.,5.55111512312578E-17,-1.23259516440783E-32));
#7264=CARTESIAN_POINT('',(0.,0.,0.));
#7265=CARTESIAN_POINT('',(0.,0.,0.));
#7266=CARTESIAN_POINT('Origin',(-3.39999999999999,-16.4,-2.54));
#7267=CARTESIAN_POINT('',(-4.,-16.4,-2.54));
#7268=CARTESIAN_POINT('',(-3.39999999999999,-17.,-2.54));
#7269=CARTESIAN_POINT('Origin',(-3.39999999999999,-16.4,-2.54));
#7270=CARTESIAN_POINT('',(-4.,-16.4,1.5748));
#7271=CARTESIAN_POINT('',(-4.,-16.4,-2.54));
#7272=CARTESIAN_POINT('',(-3.39999999999999,-17.,1.5748));
#7273=CARTESIAN_POINT('Origin',(-3.39999999999999,-16.4,1.5748));
#7274=CARTESIAN_POINT('',(-3.39999999999999,-17.,-2.54));
#7275=CARTESIAN_POINT('Origin',(95.3999999999999,-17.,-2.54));
#7276=CARTESIAN_POINT('',(95.3999999999999,-17.,-2.54));
#7277=CARTESIAN_POINT('',(70.6999999999999,-17.,-2.54));
#7278=CARTESIAN_POINT('',(95.3999999999999,-17.,1.5748));
#7279=CARTESIAN_POINT('',(95.3999999999999,-17.,1.5748));
#7280=CARTESIAN_POINT('',(95.3999999999999,-17.,-2.54));
#7281=CARTESIAN_POINT('Origin',(95.3999999999999,-16.4,-2.54));
#7282=CARTESIAN_POINT('',(96.0000000000001,-16.4,-2.54));
#7283=CARTESIAN_POINT('Origin',(95.3999999999999,-16.4,-2.54));
#7284=CARTESIAN_POINT('',(96.0000000000001,-16.4,1.5748));
#7285=CARTESIAN_POINT('Origin',(95.3999999999999,-16.4,1.5748));
#7286=CARTESIAN_POINT('',(96.0000000000001,-16.4,-2.54));
#7287=CARTESIAN_POINT('Origin',(45.9999999999999,-10.835,1.5748));
#7288=CARTESIAN_POINT('',(-4.,-3.37000000000001,1.5748));
#7289=CARTESIAN_POINT('',(-4.,61.4,1.5748));
#7290=CARTESIAN_POINT('',(-5.30000000000001,-3.37000000000001,1.5748));
#7291=CARTESIAN_POINT('',(20.35,-3.37000000000001,1.5748));
#7292=CARTESIAN_POINT('',(-6.50000000000001,-2.17,1.5748));
#7293=CARTESIAN_POINT('Origin',(-5.30000000000001,-2.17,1.5748));
#7294=CARTESIAN_POINT('',(-6.49999999999998,-16.4,1.5748));
#7295=CARTESIAN_POINT('',(-6.50000000000001,-2.17,1.5748));
#7296=CARTESIAN_POINT('',(-3.39999999999999,-19.5,1.5748));
#7297=CARTESIAN_POINT('Origin',(-3.39999999999999,-16.4,1.5748));
#7298=CARTESIAN_POINT('',(95.4000000000001,-19.5,1.5748));
#7299=CARTESIAN_POINT('',(-3.39999999999999,-19.5,1.5748));
#7300=CARTESIAN_POINT('',(98.4999999999999,-16.4,1.5748));
#7301=CARTESIAN_POINT('Origin',(95.3999999999999,-16.4,1.5748));
#7302=CARTESIAN_POINT('',(98.4999999999999,-8.99999999999915,1.5748));
#7303=CARTESIAN_POINT('',(98.4999999999999,-16.4,1.5748));
#7304=CARTESIAN_POINT('',(97.2999999999999,-10.1999999999992,1.5748));
#7305=CARTESIAN_POINT('Origin',(97.2999999999999,-8.99999999999915,1.5748));
#7306=CARTESIAN_POINT('',(96.0000000000001,-10.1999999999992,1.5748));
#7307=CARTESIAN_POINT('',(71.,-10.1999999999992,1.5748));
#7308=CARTESIAN_POINT('',(96.0000000000001,-16.4,1.5748));
#7309=CARTESIAN_POINT('Origin',(-5.30000000000001,-2.17,-2.54));
#7310=CARTESIAN_POINT('',(-5.30000000000001,-3.37000000000001,1.5749999996));
#7311=CARTESIAN_POINT('',(-5.30000000000001,-3.37000000000001,-2.54));
#7312=CARTESIAN_POINT('',(-6.50000000000001,-2.17,1.5749999996));
#7313=CARTESIAN_POINT('Origin',(-5.30000000000001,-2.17,1.5749999996));
#7314=CARTESIAN_POINT('',(-6.50000000000001,-2.17,-2.54));
#7315=CARTESIAN_POINT('Origin',(-5.30000000000001,-3.37000000000001,-2.54));
#7316=CARTESIAN_POINT('',(-4.,-3.37000000000001,1.5749999996));
#7317=CARTESIAN_POINT('',(-4.,-3.37000000000001,-2.54));
#7318=CARTESIAN_POINT('',(-5.30000000000001,-3.37000000000001,1.5749999996));
#7319=CARTESIAN_POINT('Origin',(96.0000000000001,-10.1999999999992,-2.54));
#7320=CARTESIAN_POINT('',(97.2999999999999,-10.1999999999992,1.5749999996));
#7321=CARTESIAN_POINT('',(97.2999999999999,-10.1999999999992,-2.54));
#7322=CARTESIAN_POINT('',(96.0000000000001,-10.1999999999992,1.5749999996));
#7323=CARTESIAN_POINT('',(82.599990139191,-10.1999999999992,1.5749999996));
#7324=CARTESIAN_POINT('',(96.0000000000001,-10.1999999999992,-2.54));
#7325=CARTESIAN_POINT('Origin',(96.0000000000001,61.4,-2.54));
#7326=CARTESIAN_POINT('',(96.0000000000001,61.4,-2.54));
#7327=CARTESIAN_POINT('',(96.0000000000001,6.15000000000042,-2.54));
#7328=CARTESIAN_POINT('',(96.0000000000001,61.4,1.5749999996));
#7329=CARTESIAN_POINT('',(96.0000000000001,-16.4,1.5749999996));
#7330=CARTESIAN_POINT('',(96.0000000000001,61.4,-2.54));
#7331=CARTESIAN_POINT('Origin',(95.3999999999999,61.4,-2.54));
#7332=CARTESIAN_POINT('',(95.3999999999999,61.9999999999999,-2.54));
#7333=CARTESIAN_POINT('Origin',(95.3999999999999,61.4,-2.54));
#7334=CARTESIAN_POINT('',(95.3999999999999,61.9999999999999,1.5749999996));
#7335=CARTESIAN_POINT('Origin',(95.3999999999999,61.4,1.5749999996));
#7336=CARTESIAN_POINT('',(95.3999999999999,61.9999999999999,-2.54));
#7337=CARTESIAN_POINT('Origin',(-3.39999999999999,61.9999999999999,-2.54));
#7338=CARTESIAN_POINT('',(-3.39999999999999,61.9999999999999,-2.54));
#7339=CARTESIAN_POINT('',(21.3,61.9999999999999,-2.54));
#7340=CARTESIAN_POINT('',(-3.39999999999999,61.9999999999999,1.5749999996));
#7341=CARTESIAN_POINT('',(95.3999999999999,61.9999999999999,1.5749999996));
#7342=CARTESIAN_POINT('',(-3.39999999999999,61.9999999999999,-2.54));
#7343=CARTESIAN_POINT('Origin',(-3.39999999999999,61.4,-2.54));
#7344=CARTESIAN_POINT('',(-4.,61.4,-2.54));
#7345=CARTESIAN_POINT('Origin',(-3.39999999999999,61.4,-2.54));
#7346=CARTESIAN_POINT('',(-4.,61.4,1.5749999996));
#7347=CARTESIAN_POINT('Origin',(-3.39999999999999,61.4,1.5749999996));
#7348=CARTESIAN_POINT('',(-4.,61.4,-2.54));
#7349=CARTESIAN_POINT('Origin',(-4.,-3.37000000000001,-2.54));
#7350=CARTESIAN_POINT('',(-4.,9.56499999999999,-2.54));
#7351=CARTESIAN_POINT('',(-4.,61.4,1.5749999996));
#7352=CARTESIAN_POINT('Origin',(97.2999999999999,-8.99999999999915,-2.54));
#7353=CARTESIAN_POINT('',(98.4999999999999,-8.99999999999915,1.5749999996));
#7354=CARTESIAN_POINT('',(98.4999999999999,-8.99999999999915,-2.54));
#7355=CARTESIAN_POINT('Origin',(97.2999999999999,-8.99999999999915,1.5749999996));
#7356=CARTESIAN_POINT('Origin',(45.9999999999999,27.1500000000004,1.5749999996));
#7357=CARTESIAN_POINT('',(98.4999999999999,61.4,1.5749999996));
#7358=CARTESIAN_POINT('',(98.4999999999999,-16.4,1.5749999996));
#7359=CARTESIAN_POINT('',(95.3999999999999,64.5000000000001,1.5749999996));
#7360=CARTESIAN_POINT('Origin',(95.3999999999999,61.4,1.5749999996));
#7361=CARTESIAN_POINT('',(-3.40000000000004,64.5000000000001,1.5749999996));
#7362=CARTESIAN_POINT('',(95.3999999999999,64.5000000000001,1.5749999996));
#7363=CARTESIAN_POINT('',(-6.50000000000001,61.4,1.5749999996));
#7364=CARTESIAN_POINT('Origin',(-3.39999999999999,61.4,1.5749999996));
#7365=CARTESIAN_POINT('',(-6.50000000000001,61.4,1.5749999996));
#7366=CARTESIAN_POINT('Origin',(0.,0.,-2.54));
#7367=CARTESIAN_POINT('',(2.8462097,3.48560159880714E-16,0.));
#7368=CARTESIAN_POINT('Origin',(0.,0.,0.));
#7369=CARTESIAN_POINT('',(2.8462097,3.48560159880714E-16,-2.54));
#7370=CARTESIAN_POINT('',(2.8462097,3.48560159880715E-16,-2.54));
#7371=CARTESIAN_POINT('Origin',(0.,0.,-2.54));
#7372=CARTESIAN_POINT('Origin',(0.,0.,0.));
#7373=CARTESIAN_POINT('',(-1.375,1.68388934882761E-16,0.));
#7374=CARTESIAN_POINT('Origin',(0.,0.,0.));
#7375=CARTESIAN_POINT('Origin',(85.9999999999999,0.,-2.54));
#7376=CARTESIAN_POINT('',(88.8462096999999,3.48560159880717E-16,0.));
#7377=CARTESIAN_POINT('Origin',(85.9999999999999,0.,0.));
#7378=CARTESIAN_POINT('',(88.8462096999999,3.48560159880717E-16,-2.54));
#7379=CARTESIAN_POINT('',(88.8462096999999,3.48560159880715E-16,-2.54));
#7380=CARTESIAN_POINT('Origin',(85.9999999999999,0.,-2.54));
#7381=CARTESIAN_POINT('Origin',(85.9999999999999,0.,0.));
#7382=CARTESIAN_POINT('',(84.6249999999999,1.68388934882761E-16,0.));
#7383=CARTESIAN_POINT('Origin',(85.9999999999999,0.,0.));
#7384=CARTESIAN_POINT('Origin',(0.,57.9999999999999,-2.54));
#7385=CARTESIAN_POINT('',(2.8462097,57.9999999999999,0.));
#7386=CARTESIAN_POINT('Origin',(0.,57.9999999999999,0.));
#7387=CARTESIAN_POINT('',(2.8462097,57.9999999999999,-2.54));
#7388=CARTESIAN_POINT('',(2.8462097,57.9999999999999,-2.54));
#7389=CARTESIAN_POINT('Origin',(0.,57.9999999999999,-2.54));
#7390=CARTESIAN_POINT('Origin',(0.,57.9999999999999,0.));
#7391=CARTESIAN_POINT('',(-1.375,57.9999999999999,0.));
#7392=CARTESIAN_POINT('Origin',(0.,57.9999999999999,0.));
#7393=CARTESIAN_POINT('Origin',(85.9999999999999,57.9999999999999,-2.54));
#7394=CARTESIAN_POINT('',(88.8462096999999,57.9999999999999,0.));
#7395=CARTESIAN_POINT('Origin',(85.9999999999999,57.9999999999999,0.));
#7396=CARTESIAN_POINT('',(88.8462096999999,57.9999999999999,-2.54));
#7397=CARTESIAN_POINT('',(88.8462096999999,57.9999999999999,-2.54));
#7398=CARTESIAN_POINT('Origin',(85.9999999999999,57.9999999999999,-2.54));
#7399=CARTESIAN_POINT('Origin',(85.9999999999999,57.9999999999999,0.));
#7400=CARTESIAN_POINT('',(84.6249999999999,57.9999999999999,0.));
#7401=CARTESIAN_POINT('Origin',(85.9999999999999,57.9999999999999,0.));
#7402=CARTESIAN_POINT('Origin',(0.,57.9999999999999,-2.54));
#7403=CARTESIAN_POINT('',(-1.375,57.9999999999999,-5.04000000000001));
#7404=CARTESIAN_POINT('',(-1.375,57.9999999999999,-2.54));
#7405=CARTESIAN_POINT('Origin',(0.,57.9999999999999,-5.04000000000001));
#7406=CARTESIAN_POINT('Origin',(85.9999999999999,0.,-2.54));
#7407=CARTESIAN_POINT('',(84.6250000000001,0.,-5.04000000000001));
#7408=CARTESIAN_POINT('',(84.6249999999999,1.68388934882761E-16,-2.54));
#7409=CARTESIAN_POINT('Origin',(85.9999999999999,0.,-5.04000000000001));
#7410=CARTESIAN_POINT('Origin',(85.9999999999999,57.9999999999999,-2.54));
#7411=CARTESIAN_POINT('',(84.6250000000001,57.9999999999999,-5.04000000000001));
#7412=CARTESIAN_POINT('',(84.6249999999999,57.9999999999999,-2.54));
#7413=CARTESIAN_POINT('Origin',(85.9999999999999,57.9999999999999,-5.04000000000001));
#7414=CARTESIAN_POINT('Origin',(0.,0.,-2.54));
#7415=CARTESIAN_POINT('',(-1.375,0.,-5.04000000000001));
#7416=CARTESIAN_POINT('',(-1.375,1.68388934882761E-16,-2.54));
#7417=CARTESIAN_POINT('Origin',(0.,0.,-5.04000000000001));
#7418=CARTESIAN_POINT('Origin',(95.4000000000001,-19.5,-2.54));
#7419=CARTESIAN_POINT('',(-3.39999999999999,-19.5,-5.04000000000001));
#7420=CARTESIAN_POINT('',(-3.39999999999999,-19.5,-2.54));
#7421=CARTESIAN_POINT('',(95.4000000000001,-19.5,-5.04000000000001));
#7422=CARTESIAN_POINT('',(-3.39999999999999,-19.5,-5.04000000000001));
#7423=CARTESIAN_POINT('',(95.4000000000001,-19.5,-2.54));
#7424=CARTESIAN_POINT('Origin',(95.3999999999999,-16.4,-2.54));
#7425=CARTESIAN_POINT('',(98.4999999999999,-16.4,-5.04000000000001));
#7426=CARTESIAN_POINT('Origin',(95.3999999999999,-16.4,-5.04000000000001));
#7427=CARTESIAN_POINT('',(98.4999999999999,-16.4,-2.54));
#7428=CARTESIAN_POINT('Origin',(98.4999999999999,61.4,-2.54));
#7429=CARTESIAN_POINT('',(98.4999999999999,61.4,-5.04000000000001));
#7430=CARTESIAN_POINT('',(98.4999999999999,-16.4,-5.04000000000001));
#7431=CARTESIAN_POINT('',(98.4999999999999,61.4,-2.54));
#7432=CARTESIAN_POINT('Origin',(95.3999999999999,61.4,-2.54));
#7433=CARTESIAN_POINT('',(95.3999999999999,64.5000000000001,-5.04000000000001));
#7434=CARTESIAN_POINT('Origin',(95.3999999999999,61.4,-5.04000000000001));
#7435=CARTESIAN_POINT('',(95.3999999999999,64.5000000000001,-2.54));
#7436=CARTESIAN_POINT('Origin',(-3.40000000000004,64.5000000000001,-2.54));
#7437=CARTESIAN_POINT('',(-3.40000000000004,64.5000000000001,-5.04000000000001));
#7438=CARTESIAN_POINT('',(95.3999999999999,64.5000000000001,-5.04000000000001));
#7439=CARTESIAN_POINT('',(-3.40000000000004,64.5000000000001,-2.54));
#7440=CARTESIAN_POINT('Origin',(-3.39999999999999,61.4,-2.54));
#7441=CARTESIAN_POINT('',(-6.50000000000001,61.4,-5.04000000000001));
#7442=CARTESIAN_POINT('Origin',(-3.39999999999999,61.4,-5.04000000000001));
#7443=CARTESIAN_POINT('',(-6.50000000000001,61.4,-2.54));
#7444=CARTESIAN_POINT('Origin',(-6.49999999999998,-16.4,-2.54));
#7445=CARTESIAN_POINT('',(-6.49999999999998,-16.4,-5.04000000000001));
#7446=CARTESIAN_POINT('',(-6.50000000000001,61.4,-5.04000000000001));
#7447=CARTESIAN_POINT('',(-6.49999999999998,-16.4,-2.54));
#7448=CARTESIAN_POINT('Origin',(-3.39999999999999,-16.4,-2.54));
#7449=CARTESIAN_POINT('Origin',(-3.39999999999999,-16.4,-5.04000000000001));
#7450=CARTESIAN_POINT('Origin',(45.9999999999999,22.5,-5.04000000000001));
#7451=CARTESIAN_POINT('Origin',(45.9999999999999,22.5,-2.54));
#7452=CARTESIAN_POINT('Origin',(-132.,104.71651336671,-193.021848270475));
#7453=CARTESIAN_POINT('',(-176.569990342381,104.71651336671,-243.675431111667));
#7454=CARTESIAN_POINT('',(-178.037705112549,104.71651336671,-238.76704416295));
#7455=CARTESIAN_POINT('Origin',(-175.,104.71651336671,-240.532336910216));
#7456=CARTESIAN_POINT('',(-156.289216763096,104.71651336671,-274.504769959785));
#7457=CARTESIAN_POINT('',(-182.13548526991,104.71651336671,-235.215175475583));
#7458=CARTESIAN_POINT('',(-132.292931823793,104.71651336671,-277.721325604561));
#7459=CARTESIAN_POINT('Origin',(-134.417442363959,104.71651336671,-202.453359801779));
#7460=CARTESIAN_POINT('',(-108.296646884489,104.71651336671,-274.504769959785));
#7461=CARTESIAN_POINT('Origin',(-130.168421283626,104.71651336671,-202.453359801779));
#7462=CARTESIAN_POINT('',(-87.712329336036,104.71651336671,-243.21400591779));
#7463=CARTESIAN_POINT('',(-93.1701724127443,104.71651336671,-251.510617135991));
#7464=CARTESIAN_POINT('',(-86.5516266822905,104.71651336671,-238.84268827747));
#7465=CARTESIAN_POINT('Origin',(-89.0000000000001,104.71651336671,-240.532336910216));
#7466=CARTESIAN_POINT('',(-85.0000000000001,104.71651336671,-205.));
#7467=CARTESIAN_POINT('',(-85.6153336616381,104.71651336671,-218.421105434144));
#7468=CARTESIAN_POINT('',(-82.5246641559218,104.71651336671,-194.650490112032));
#7469=CARTESIAN_POINT('Origin',(-108.242987888074,104.71651336671,-193.970103559532));
#7470=CARTESIAN_POINT('',(-80.,104.71651336671,-150.));
#7471=CARTESIAN_POINT('Origin',(-113.462351901843,104.71651336671,-170.504565469625));
#7472=CARTESIAN_POINT('',(-82.5246641559218,104.71651336671,-114.449988366196));
#7473=CARTESIAN_POINT('Origin',(-280.064552166458,104.71651336671,-146.343381663395));
#7474=CARTESIAN_POINT('',(-114.11576662017,104.71651336671,-93.2707787502578));
#7475=CARTESIAN_POINT('Origin',(-133.809643473187,104.71651336671,-156.796738567033));
#7476=CARTESIAN_POINT('',(-99.4778240426381,104.71651336671,-72.7381116003936));
#7477=CARTESIAN_POINT('Origin',(-132.5433872025,104.71651336671,-64.6494438194139));
#7478=CARTESIAN_POINT('',(-60.7741458673778,104.71651336671,-90.5385693833649));
#7479=CARTESIAN_POINT('Origin',(-132.,104.71651336671,-194.428427603125));
#7480=CARTESIAN_POINT('',(-42.5000000000002,104.71651336671,-110.));
#7481=CARTESIAN_POINT('Origin',(-62.0000000000002,104.71651336671,-110.));
#7482=CARTESIAN_POINT('',(-42.5000000000002,104.71651336671,-124.));
#7483=CARTESIAN_POINT('',(-42.5000000000002,104.71651336671,-151.510924135237));
#7484=CARTESIAN_POINT('',(-49.,104.71651336671,-124.));
#7485=CARTESIAN_POINT('',(-84.0000000000001,104.71651336671,-124.));
#7486=CARTESIAN_POINT('',(-56.,104.71651336671,-131.));
#7487=CARTESIAN_POINT('Origin',(-49.,104.71651336671,-131.));
#7488=CARTESIAN_POINT('',(-56.,104.71651336671,-144.));
#7489=CARTESIAN_POINT('',(-56.,104.71651336671,-162.010924135238));
#7490=CARTESIAN_POINT('',(-49.,104.71651336671,-151.));
#7491=CARTESIAN_POINT('Origin',(-49.,104.71651336671,-144.));
#7492=CARTESIAN_POINT('',(-42.5000000000002,104.71651336671,-151.));
#7493=CARTESIAN_POINT('',(-90.5000000000001,104.71651336671,-151.));
#7494=CARTESIAN_POINT('',(-42.5000000000002,104.71651336671,-229.));
#7495=CARTESIAN_POINT('',(-42.5000000000002,104.71651336671,-151.510924135237));
#7496=CARTESIAN_POINT('',(-49.,104.71651336671,-229.));
#7497=CARTESIAN_POINT('',(-90.5000000000001,104.71651336671,-229.));
#7498=CARTESIAN_POINT('',(-56.,104.71651336671,-236.));
#7499=CARTESIAN_POINT('Origin',(-49.,104.71651336671,-236.));
#7500=CARTESIAN_POINT('',(-56.,104.71651336671,-249.));
#7501=CARTESIAN_POINT('',(-56.,104.71651336671,-221.010924135237));
#7502=CARTESIAN_POINT('',(-49.,104.71651336671,-256.));
#7503=CARTESIAN_POINT('Origin',(-49.,104.71651336671,-249.));
#7504=CARTESIAN_POINT('',(-42.5000000000002,104.71651336671,-256.));
#7505=CARTESIAN_POINT('',(-84.0000000000001,104.71651336671,-256.));
#7506=CARTESIAN_POINT('',(-42.5000000000002,104.71651336671,-270.));
#7507=CARTESIAN_POINT('',(-42.5000000000002,104.71651336671,-151.510924135237));
#7508=CARTESIAN_POINT('',(-59.7418210739316,104.71651336671,-289.3688055372));
#7509=CARTESIAN_POINT('Origin',(-62.0000000000002,104.71651336671,-270.));
#7510=CARTESIAN_POINT('',(-103.23854996844,104.71651336671,-313.496136049298));
#7511=CARTESIAN_POINT('Origin',(-132.,104.71651336671,-210.373424464222));
#7512=CARTESIAN_POINT('',(-160.057285837198,104.71651336671,-313.689944750314));
#7513=CARTESIAN_POINT('Origin',(-131.574030640529,104.71651336671,-335.254507702894));
#7514=CARTESIAN_POINT('',(-204.258178926068,104.71651336671,-289.368805537199));
#7515=CARTESIAN_POINT('Origin',(-132.,104.71651336671,-210.373424464222));
#7516=CARTESIAN_POINT('',(-221.5,104.71651336671,-270.));
#7517=CARTESIAN_POINT('Origin',(-202.,104.71651336671,-270.));
#7518=CARTESIAN_POINT('',(-221.5,104.71651336671,-256.));
#7519=CARTESIAN_POINT('',(-221.5,104.71651336671,-231.510924135237));
#7520=CARTESIAN_POINT('',(-215.,104.71651336671,-256.));
#7521=CARTESIAN_POINT('',(-180.,104.71651336671,-256.));
#7522=CARTESIAN_POINT('',(-208.,104.71651336671,-249.));
#7523=CARTESIAN_POINT('Origin',(-215.,104.71651336671,-249.));
#7524=CARTESIAN_POINT('',(-208.,104.71651336671,-236.));
#7525=CARTESIAN_POINT('',(-208.,104.71651336671,-221.010924135237));
#7526=CARTESIAN_POINT('',(-215.,104.71651336671,-229.));
#7527=CARTESIAN_POINT('Origin',(-215.,104.71651336671,-236.));
#7528=CARTESIAN_POINT('',(-221.5,104.71651336671,-229.));
#7529=CARTESIAN_POINT('',(-173.5,104.71651336671,-229.));
#7530=CARTESIAN_POINT('',(-221.5,104.71651336671,-151.));
#7531=CARTESIAN_POINT('',(-221.5,104.71651336671,-231.510924135237));
#7532=CARTESIAN_POINT('',(-215.,104.71651336671,-151.));
#7533=CARTESIAN_POINT('',(-173.5,104.71651336671,-151.));
#7534=CARTESIAN_POINT('',(-208.,104.71651336671,-144.));
#7535=CARTESIAN_POINT('Origin',(-215.,104.71651336671,-144.));
#7536=CARTESIAN_POINT('',(-208.,104.71651336671,-131.));
#7537=CARTESIAN_POINT('',(-208.,104.71651336671,-162.010924135238));
#7538=CARTESIAN_POINT('',(-215.,104.71651336671,-124.));
#7539=CARTESIAN_POINT('Origin',(-215.,104.71651336671,-131.));
#7540=CARTESIAN_POINT('',(-221.5,104.71651336671,-124.));
#7541=CARTESIAN_POINT('',(-180.,104.71651336671,-124.));
#7542=CARTESIAN_POINT('',(-221.5,104.71651336671,-110.));
#7543=CARTESIAN_POINT('',(-221.5,104.71651336671,-231.510924135237));
#7544=CARTESIAN_POINT('',(-203.225854132622,104.71651336671,-90.5385693833649));
#7545=CARTESIAN_POINT('Origin',(-202.,104.71651336671,-110.));
#7546=CARTESIAN_POINT('',(-165.540057388554,104.71651336671,-73.0147154935829));
#7547=CARTESIAN_POINT('Origin',(-132.,104.71651336671,-194.428427603125));
#7548=CARTESIAN_POINT('',(-150.806482658547,104.71651336671,-93.3760405185216));
#7549=CARTESIAN_POINT('Origin',(-132.5433872025,104.71651336671,-64.6494438194139));
#7550=CARTESIAN_POINT('',(-182.061199491663,104.71651336671,-114.449988366196));
#7551=CARTESIAN_POINT('Origin',(-130.776220174398,104.71651336671,-156.796738567033));
#7552=CARTESIAN_POINT('',(-184.585863647585,104.71651336671,-150.));
#7553=CARTESIAN_POINT('Origin',(15.4786885188722,104.71651336671,-146.343381663395));
#7554=CARTESIAN_POINT('',(-182.061199491663,104.71651336671,-194.650490112032));
#7555=CARTESIAN_POINT('Origin',(-151.123511745742,104.71651336671,-170.504565469625));
#7556=CARTESIAN_POINT('',(-179.585863647585,104.71651336671,-205.));
#7557=CARTESIAN_POINT('Origin',(-156.342875759511,104.71651336671,-193.970103559532));
#7558=CARTESIAN_POINT('',(-179.809966846637,104.71651336671,-200.112062202799));
#7559=CARTESIAN_POINT('',(-89.0000000000001,104.71651336671,-291.532336910216));
#7560=CARTESIAN_POINT('Origin',(-89.0000000000001,104.71651336671,-298.532336910216));
#7561=CARTESIAN_POINT('',(-205.347930646575,104.71651336671,-141.333748775226));
#7562=CARTESIAN_POINT('',(-185.573951543483,104.71651336671,-86.8018105352766));
#7563=CARTESIAN_POINT('Origin',(-141.312943506171,104.71651336671,-133.702536961787));
#7564=CARTESIAN_POINT('',(-191.446298756526,104.71651336671,-139.677056047658));
#7565=CARTESIAN_POINT('Origin',(-198.397114701551,104.71651336671,-140.505402411442));
#7566=CARTESIAN_POINT('',(-175.965138169817,104.71651336671,-96.9836917735386));
#7567=CARTESIAN_POINT('Origin',(-141.312943506171,104.71651336671,-133.702536961787));
#7568=CARTESIAN_POINT('Origin',(-180.76954485665,104.71651336671,-91.8927511544076));
#7569=CARTESIAN_POINT('',(-200.628614735499,104.71651336671,-228.14197653965));
#7570=CARTESIAN_POINT('',(-187.154955956598,104.71651336671,-231.944675464064));
#7571=CARTESIAN_POINT('Origin',(-193.891785346048,104.71651336671,-230.043326001857));
#7572=CARTESIAN_POINT('',(-165.453650613314,104.71651336671,-286.728866136925));
#7573=CARTESIAN_POINT('Origin',(-155.47587931058,104.71651336671,-240.885527586348));
#7574=CARTESIAN_POINT('',(-162.476265419664,104.71651336671,-273.049130123075));
#7575=CARTESIAN_POINT('Origin',(-163.964958016489,104.71651336671,-279.88899813));
#7576=CARTESIAN_POINT('Origin',(-155.47587931058,104.71651336671,-240.885527586348));
#7577=CARTESIAN_POINT('',(-76.8450440434022,104.71651336671,-231.944675464064));
#7578=CARTESIAN_POINT('',(-63.3713852645012,104.71651336671,-228.14197653965));
#7579=CARTESIAN_POINT('Origin',(-70.1082146539517,104.71651336671,-230.043326001857));
#7580=CARTESIAN_POINT('',(-101.523734580336,104.71651336671,-273.049130123075));
#7581=CARTESIAN_POINT('Origin',(-108.52412068942,104.71651336671,-240.885527586348));
#7582=CARTESIAN_POINT('',(-98.5463493866857,104.71651336671,-286.728866136925));
#7583=CARTESIAN_POINT('Origin',(-100.035041983511,104.71651336671,-279.88899813));
#7584=CARTESIAN_POINT('Origin',(-108.52412068942,104.71651336671,-240.885527586348));
#7585=CARTESIAN_POINT('',(-78.4260484565174,104.71651336671,-86.8018105352766));
#7586=CARTESIAN_POINT('',(-58.6520693534249,104.71651336671,-141.333748775226));
#7587=CARTESIAN_POINT('Origin',(-122.687056493829,104.71651336671,-133.702536961787));
#7588=CARTESIAN_POINT('',(-88.0348618301826,104.71651336671,-96.9836917735387));
#7589=CARTESIAN_POINT('Origin',(-83.23045514335,104.71651336671,-91.8927511544076));
#7590=CARTESIAN_POINT('',(-72.5537012434738,104.71651336671,-139.677056047658));
#7591=CARTESIAN_POINT('Origin',(-122.687056493829,104.71651336671,-133.702536961787));
#7592=CARTESIAN_POINT('Origin',(-65.6028852984493,104.71651336671,-140.505402411442));
#7593=CARTESIAN_POINT('',(-175.,104.71651336671,-291.532336910216));
#7594=CARTESIAN_POINT('Origin',(-175.,104.71651336671,-298.532336910216));
#7595=CARTESIAN_POINT('Origin',(-174.941953624659,108.21651336671,-240.532336910216));
#7596=CARTESIAN_POINT('',(-171.888533569163,108.21651336671,-240.532336910216));
#7597=CARTESIAN_POINT('Origin',(-175.,108.21651336671,-240.532336910216));
#7598=CARTESIAN_POINT('',(-173.125,108.21651336671,-240.532336910216));
#7599=CARTESIAN_POINT('Origin',(-175.,108.21651336671,-240.532336910216));
#7600=CARTESIAN_POINT('Origin',(-89.0804549401326,108.21651336671,-240.532336910216));
#7601=CARTESIAN_POINT('',(-86.4271222145895,108.21651336671,-240.532336910216));
#7602=CARTESIAN_POINT('Origin',(-89.0000000000001,108.21651336671,-240.532336910216));
#7603=CARTESIAN_POINT('',(-87.1250000000001,108.21651336671,-240.532336910216));
#7604=CARTESIAN_POINT('Origin',(-89.0000000000001,108.21651336671,-240.532336910216));
#7605=CARTESIAN_POINT('Origin',(-89.0000000000001,103.21651336671,-240.532336910216));
#7606=CARTESIAN_POINT('',(-86.4271222145895,106.21651336671,-240.532336910216));
#7607=CARTESIAN_POINT('',(-86.4271222145895,103.21651336671,-240.532336910216));
#7608=CARTESIAN_POINT('',(-89.0000000000001,106.21651336671,-237.959459124806));
#7609=CARTESIAN_POINT('Origin',(-89.0000000000001,106.21651336671,-240.532336910216));
#7610=CARTESIAN_POINT('Origin',(-89.0000000000001,106.21651336671,-240.532336910216));
#7611=CARTESIAN_POINT('Origin',(-175.,107.96651336671,-240.532336910216));
#7612=CARTESIAN_POINT('',(-173.625,107.71651336671,-240.532336910216));
#7613=CARTESIAN_POINT('',(-173.375,107.96651336671,-240.532336910216));
#7614=CARTESIAN_POINT('Origin',(-175.,107.71651336671,-240.532336910216));
#7615=CARTESIAN_POINT('Origin',(-175.,104.71651336671,-240.532336910216));
#7616=CARTESIAN_POINT('',(-173.625,99.7165133667096,-240.532336910216));
#7617=CARTESIAN_POINT('',(-173.625,104.71651336671,-240.532336910216));
#7618=CARTESIAN_POINT('Origin',(-175.,99.7165133667096,-240.532336910216));
#7619=CARTESIAN_POINT('Origin',(-175.,107.96651336671,-298.532336910216));
#7620=CARTESIAN_POINT('',(-173.125,108.21651336671,-298.532336910216));
#7621=CARTESIAN_POINT('Origin',(-175.,108.21651336671,-298.532336910216));
#7622=CARTESIAN_POINT('',(-173.625,107.71651336671,-298.532336910216));
#7623=CARTESIAN_POINT('',(-173.375,107.96651336671,-298.532336910216));
#7624=CARTESIAN_POINT('Origin',(-175.,107.71651336671,-298.532336910216));
#7625=CARTESIAN_POINT('Origin',(-175.,108.21651336671,-298.532336910216));
#7626=CARTESIAN_POINT('',(-171.,108.21651336671,-298.532336910216));
#7627=CARTESIAN_POINT('Origin',(-175.,108.21651336671,-298.532336910216));
#7628=CARTESIAN_POINT('Origin',(-175.,104.71651336671,-298.532336910216));
#7629=CARTESIAN_POINT('',(-173.625,99.7165133667096,-298.532336910216));
#7630=CARTESIAN_POINT('',(-173.625,104.71651336671,-298.532336910216));
#7631=CARTESIAN_POINT('Origin',(-175.,99.7165133667096,-298.532336910216));
#7632=CARTESIAN_POINT('Origin',(-89.0000000000001,107.96651336671,-298.532336910216));
#7633=CARTESIAN_POINT('',(-87.1250000000001,108.21651336671,-298.532336910216));
#7634=CARTESIAN_POINT('Origin',(-89.0000000000001,108.21651336671,-298.532336910216));
#7635=CARTESIAN_POINT('',(-87.6250000000001,107.71651336671,-298.532336910216));
#7636=CARTESIAN_POINT('',(-87.3750000000001,107.96651336671,-298.532336910216));
#7637=CARTESIAN_POINT('Origin',(-89.0000000000001,107.71651336671,-298.532336910216));
#7638=CARTESIAN_POINT('Origin',(-89.0000000000001,108.21651336671,-298.532336910216));
#7639=CARTESIAN_POINT('',(-85.0000000000001,108.21651336671,-298.532336910216));
#7640=CARTESIAN_POINT('Origin',(-89.0000000000001,108.21651336671,-298.532336910216));
#7641=CARTESIAN_POINT('Origin',(-89.0000000000001,104.71651336671,-298.532336910216));
#7642=CARTESIAN_POINT('',(-87.6250000000001,99.7165133667096,-298.532336910216));
#7643=CARTESIAN_POINT('',(-87.6250000000001,104.71651336671,-298.532336910216));
#7644=CARTESIAN_POINT('Origin',(-89.0000000000001,99.7165133667096,-298.532336910216));
#7645=CARTESIAN_POINT('Origin',(-89.0000000000001,107.96651336671,-240.532336910216));
#7646=CARTESIAN_POINT('',(-87.6250000000001,107.71651336671,-240.532336910216));
#7647=CARTESIAN_POINT('',(-87.3750000000001,107.96651336671,-240.532336910216));
#7648=CARTESIAN_POINT('Origin',(-89.0000000000001,107.71651336671,-240.532336910216));
#7649=CARTESIAN_POINT('Origin',(-89.0000000000001,104.71651336671,-240.532336910216));
#7650=CARTESIAN_POINT('',(-87.6250000000001,99.7165133667096,-240.532336910216));
#7651=CARTESIAN_POINT('',(-87.6250000000001,104.71651336671,-240.532336910216));
#7652=CARTESIAN_POINT('Origin',(-89.0000000000001,99.7165133667096,-240.532336910216));
#7653=CARTESIAN_POINT('Origin',(-175.,107.71651336671,-298.532336910216));
#7654=CARTESIAN_POINT('',(-171.,107.71651336671,-298.532336910216));
#7655=CARTESIAN_POINT('',(-175.,107.71651336671,-294.532336910216));
#7656=CARTESIAN_POINT('Origin',(-175.,107.71651336671,-298.532336910216));
#7657=CARTESIAN_POINT('Origin',(-175.,107.71651336671,-291.532336910216));
#7658=CARTESIAN_POINT('Origin',(-175.,107.71651336671,-298.532336910216));
#7659=CARTESIAN_POINT('Origin',(-175.,103.21651336671,-298.532336910216));
#7660=CARTESIAN_POINT('',(-171.,103.21651336671,-298.532336910216));
#7661=CARTESIAN_POINT('Origin',(-89.0000000000001,107.71651336671,-298.532336910216));
#7662=CARTESIAN_POINT('',(-85.0000000000001,107.71651336671,-298.532336910216));
#7663=CARTESIAN_POINT('',(-89.0000000000001,107.71651336671,-294.532336910216));
#7664=CARTESIAN_POINT('Origin',(-89.0000000000001,107.71651336671,-298.532336910216));
#7665=CARTESIAN_POINT('Origin',(-89.0000000000001,107.71651336671,-291.532336910216));
#7666=CARTESIAN_POINT('Origin',(-89.0000000000001,107.71651336671,-298.532336910216));
#7667=CARTESIAN_POINT('Origin',(-89.0000000000001,103.21651336671,-298.532336910216));
#7668=CARTESIAN_POINT('',(-85.0000000000001,103.21651336671,-298.532336910216));
#7669=CARTESIAN_POINT('Origin',(-89.0000000000001,106.21651336671,-240.532336910216));
#7670=CARTESIAN_POINT('',(-89.0000000000001,103.21651336671,-234.959459124806));
#7671=CARTESIAN_POINT('Origin',(-89.0000000000001,106.21651336671,-234.959459124806));
#7672=CARTESIAN_POINT('',(-86.4030261355094,103.21651336671,-235.601546551838));
#7673=CARTESIAN_POINT('Origin',(-89.0000000000001,103.21651336671,-240.532336910216));
#7674=CARTESIAN_POINT('Ctrl Pts',(-86.5516266822905,104.71651336671,-238.84268827747));
#7675=CARTESIAN_POINT('Ctrl Pts',(-86.5436468811642,104.533912214034,-238.668640018879));
#7676=CARTESIAN_POINT('Ctrl Pts',(-86.5350097529941,104.36479893275,-238.480254732902));
#7677=CARTESIAN_POINT('Ctrl Pts',(-86.5092601547339,103.920577027218,-237.918627611421));
#7678=CARTESIAN_POINT('Ctrl Pts',(-86.4861376301496,103.62932550612,-237.414299862596));
#7679=CARTESIAN_POINT('Ctrl Pts',(-86.4464896054835,103.314204355651,-236.549532741157));
#7680=CARTESIAN_POINT('Ctrl Pts',(-86.4229740169135,103.21651336671,-236.036631833536));
#7681=CARTESIAN_POINT('Ctrl Pts',(-86.4030261355094,103.21651336671,-235.601546551838));
#7682=CARTESIAN_POINT('',(-89.5934374694313,103.21651336671,-246.073528007895));
#7683=CARTESIAN_POINT('Ctrl Pts',(-89.5934374694313,103.21651336671,-246.073528007895));
#7684=CARTESIAN_POINT('Ctrl Pts',(-89.3455836672272,103.21651336671,-245.696758905717));
#7685=CARTESIAN_POINT('Ctrl Pts',(-89.0533832913264,103.317499723644,-245.252577407168));
#7686=CARTESIAN_POINT('Ctrl Pts',(-88.5449697597417,103.646632837846,-244.479724587776));
#7687=CARTESIAN_POINT('Ctrl Pts',(-88.24059444458,103.961529480258,-244.017035642927));
#7688=CARTESIAN_POINT('Ctrl Pts',(-87.9103690551807,104.408807103574,-243.515051318402));
#7689=CARTESIAN_POINT('Ctrl Pts',(-87.8101475840366,104.557680390821,-243.362702016652));
#7690=CARTESIAN_POINT('Ctrl Pts',(-87.712329336036,104.71651336671,-243.21400591779));
#7691=CARTESIAN_POINT('Origin',(-89.0000000000001,103.21651336671,-240.532336910216));
#7692=CARTESIAN_POINT('Origin',(-86.6801026576685,104.71651336671,-241.64489091776));
#7693=CARTESIAN_POINT('',(-85.0000000000001,103.21651336671,-205.));
#7694=CARTESIAN_POINT('',(-85.,103.21651336671,-205.));
#7695=CARTESIAN_POINT('',(-85.0000000000001,104.71651336671,-205.));
#7696=CARTESIAN_POINT('Origin',(-132.292931823793,103.21651336671,-241.375651404517));
#7697=CARTESIAN_POINT('',(-108.296646884489,103.21651336671,-274.504769959785));
#7698=CARTESIAN_POINT('',(-86.6801026576685,103.21651336671,-241.64489091776));
#7699=CARTESIAN_POINT('',(-132.292931823793,103.21651336671,-277.721325604561));
#7700=CARTESIAN_POINT('Origin',(-130.168421283626,103.21651336671,-202.453359801779));
#7701=CARTESIAN_POINT('',(-156.289216763096,103.21651336671,-274.504769959785));
#7702=CARTESIAN_POINT('Origin',(-134.417442363959,103.21651336671,-202.453359801779));
#7703=CARTESIAN_POINT('',(-174.624857584812,103.21651336671,-246.632278721707));
#7704=CARTESIAN_POINT('',(-177.905760989917,103.21651336671,-241.64489091776));
#7705=CARTESIAN_POINT('',(-175.,103.21651336671,-234.42087047938));
#7706=CARTESIAN_POINT('Origin',(-175.,103.21651336671,-240.532336910216));
#7707=CARTESIAN_POINT('',(-178.195612302174,103.21651336671,-235.322914298311));
#7708=CARTESIAN_POINT('Origin',(-175.,103.21651336671,-240.532336910216));
#7709=CARTESIAN_POINT('',(-179.585863647585,103.21651336671,-205.));
#7710=CARTESIAN_POINT('',(-179.585863647585,103.21651336671,-205.));
#7711=CARTESIAN_POINT('',(-169.585863647585,103.21651336671,-220.));
#7712=CARTESIAN_POINT('Origin',(-162.135781069273,103.21651336671,-204.199944947792));
#7713=CARTESIAN_POINT('',(-159.585863647585,103.21651336671,-245.));
#7714=CARTESIAN_POINT('Origin',(-245.509851740942,103.21651336671,-264.869595237343));
#7715=CARTESIAN_POINT('',(-160.955804295391,103.21651336671,-251.719478722753));
#7716=CARTESIAN_POINT('Origin',(-189.178594410545,103.21651336671,-242.466139917658));
#7717=CARTESIAN_POINT('',(-154.539764155724,103.21651336671,-263.031970547955));
#7718=CARTESIAN_POINT('Origin',(-205.971221180244,103.21651336671,-284.726330669355));
#7719=CARTESIAN_POINT('',(-144.087143129084,103.21651336671,-261.792073941125));
#7720=CARTESIAN_POINT('Origin',(-137.198503954872,103.21651336671,-364.543907389663));
#7721=CARTESIAN_POINT('',(-143.227272330522,103.21651336671,-268.434951718201));
#7722=CARTESIAN_POINT('Origin',(-210.766093319074,103.21651336671,-273.800255680994));
#7723=CARTESIAN_POINT('',(-132.292931823793,103.21651336671,-268.772638041341));
#7724=CARTESIAN_POINT('Origin',(-136.086256616416,103.21651336671,-214.40439452154));
#7725=CARTESIAN_POINT('',(-121.358591317063,103.21651336671,-268.434951718201));
#7726=CARTESIAN_POINT('Origin',(-128.499607031169,103.21651336671,-214.40439452154));
#7727=CARTESIAN_POINT('',(-120.498720518501,103.21651336671,-261.792073941125));
#7728=CARTESIAN_POINT('Origin',(-53.8197703285108,103.21651336671,-273.800255680994));
#7729=CARTESIAN_POINT('',(-110.046099491861,103.21651336671,-263.031970547955));
#7730=CARTESIAN_POINT('Origin',(-127.387359692712,103.21651336671,-364.543907389657));
#7731=CARTESIAN_POINT('',(-103.630059352194,103.21651336671,-251.719478722753));
#7732=CARTESIAN_POINT('Origin',(-58.614642467341,103.21651336671,-284.726330669355));
#7733=CARTESIAN_POINT('',(-105.,103.21651336671,-245.));
#7734=CARTESIAN_POINT('Origin',(-75.4072692370402,103.21651336671,-242.466139917658));
#7735=CARTESIAN_POINT('',(-95.,103.21651336671,-220.));
#7736=CARTESIAN_POINT('Origin',(-19.0760119066434,103.21651336671,-264.869595237343));
#7737=CARTESIAN_POINT('Origin',(48.134888883432,103.21651336671,-304.589925922288));
#7738=CARTESIAN_POINT('Origin',(-175.,106.21651336671,-240.532336910216));
#7739=CARTESIAN_POINT('',(-171.888533569163,106.21651336671,-240.532336910216));
#7740=CARTESIAN_POINT('',(-175.,106.21651336671,-237.42087047938));
#7741=CARTESIAN_POINT('Origin',(-175.,106.21651336671,-240.532336910216));
#7742=CARTESIAN_POINT('Origin',(-175.,106.21651336671,-234.42087047938));
#7743=CARTESIAN_POINT('Ctrl Pts',(-176.569990342381,104.71651336671,-243.675431111667));
#7744=CARTESIAN_POINT('Ctrl Pts',(-176.469632412682,104.557801969135,-243.827987847665));
#7745=CARTESIAN_POINT('Ctrl Pts',(-176.366197793924,104.409788234677,-243.985221539854));
#7746=CARTESIAN_POINT('Ctrl Pts',(-176.023256061624,103.962226616375,-244.506536312632));
#7747=CARTESIAN_POINT('Ctrl Pts',(-175.70681406618,103.647831115685,-244.987568136451));
#7748=CARTESIAN_POINT('Ctrl Pts',(-175.181389922114,103.318291362403,-245.786279236552));
#7749=CARTESIAN_POINT('Ctrl Pts',(-174.880167500866,103.21651336671,-246.2441753842));
#7750=CARTESIAN_POINT('Ctrl Pts',(-174.624857584812,103.21651336671,-246.632278721707));
#7751=CARTESIAN_POINT('Ctrl Pts',(-178.195612302174,103.21651336671,-235.322914298311));
#7752=CARTESIAN_POINT('Ctrl Pts',(-178.174661425725,103.21651336671,-235.779876007532));
#7753=CARTESIAN_POINT('Ctrl Pts',(-178.149945558203,103.317040865924,-236.31895632214));
#7754=CARTESIAN_POINT('Ctrl Pts',(-178.107517466539,103.640673428079,-237.244359769249));
#7755=CARTESIAN_POINT('Ctrl Pts',(-178.082303076819,103.944087467009,-237.794313402503));
#7756=CARTESIAN_POINT('Ctrl Pts',(-178.054690342062,104.390380295319,-238.396577584707));
#7757=CARTESIAN_POINT('Ctrl Pts',(-178.045972159724,104.547212836908,-238.586730751431));
#7758=CARTESIAN_POINT('Ctrl Pts',(-178.037705112549,104.71651336671,-238.76704416295));
#7759=CARTESIAN_POINT('Origin',(-175.,106.21651336671,-240.532336910216));
#7760=CARTESIAN_POINT('Origin',(-177.905760989917,104.71651336671,-241.64489091776));
#7761=CARTESIAN_POINT('',(-156.289216763096,104.71651336671,-274.504769959785));
#7762=CARTESIAN_POINT('Origin',(-175.,103.21651336671,-240.532336910216));
#7763=CARTESIAN_POINT('',(-171.888533569163,103.21651336671,-240.532336910216));
#7764=CARTESIAN_POINT('Origin',(-106.824270349663,103.71651336671,-160.772294377816));
#7765=CARTESIAN_POINT('',(-108.824270349663,100.71651336671,-160.772294377816));
#7766=CARTESIAN_POINT('Origin',(-106.824270349663,100.71651336671,-160.772294377816));
#7767=CARTESIAN_POINT('',(-108.824270349663,99.7165133667096,-160.772294377816));
#7768=CARTESIAN_POINT('',(-108.824270349663,103.71651336671,-160.772294377816));
#7769=CARTESIAN_POINT('Origin',(-106.824270349663,99.7165133667096,-160.772294377816));
#7770=CARTESIAN_POINT('Origin',(-133.412294377816,103.71651336671,-185.135729650338));
#7771=CARTESIAN_POINT('',(-135.412294377816,100.71651336671,-185.135729650338));
#7772=CARTESIAN_POINT('Origin',(-133.412294377816,100.71651336671,-185.135729650338));
#7773=CARTESIAN_POINT('',(-135.412294377816,99.7165133667096,-185.135729650338));
#7774=CARTESIAN_POINT('',(-135.412294377816,103.71651336671,-185.135729650338));
#7775=CARTESIAN_POINT('Origin',(-133.412294377816,99.7165133667096,-185.135729650338));
#7776=CARTESIAN_POINT('Origin',(-157.775729650337,103.71651336671,-158.547705622184));
#7777=CARTESIAN_POINT('',(-159.775729650337,100.71651336671,-158.547705622184));
#7778=CARTESIAN_POINT('Origin',(-157.775729650337,100.71651336671,-158.547705622184));
#7779=CARTESIAN_POINT('',(-159.775729650337,99.7165133667096,-158.547705622184));
#7780=CARTESIAN_POINT('',(-159.775729650337,103.71651336671,-158.547705622184));
#7781=CARTESIAN_POINT('Origin',(-157.775729650337,99.7165133667096,-158.547705622184));
#7782=CARTESIAN_POINT('Origin',(-131.187705622184,103.71651336671,-134.184270349663));
#7783=CARTESIAN_POINT('',(-133.187705622184,100.71651336671,-134.184270349663));
#7784=CARTESIAN_POINT('Origin',(-131.187705622184,100.71651336671,-134.184270349663));
#7785=CARTESIAN_POINT('',(-133.187705622184,99.7165133667096,-134.184270349663));
#7786=CARTESIAN_POINT('',(-133.187705622184,103.71651336671,-134.184270349663));
#7787=CARTESIAN_POINT('Origin',(-131.187705622184,99.7165133667096,-134.184270349663));
#7788=CARTESIAN_POINT('Origin',(-132.3,103.71651336671,-159.66));
#7789=CARTESIAN_POINT('',(-149.707963027449,103.71651336671,-126.445352278927));
#7790=CARTESIAN_POINT('',(-149.707963027449,101.71651336671,-126.445352278927));
#7791=CARTESIAN_POINT('',(-149.707963027449,103.71651336671,-126.445352278927));
#7792=CARTESIAN_POINT('',(-148.251783138484,103.71651336671,-125.721959179959));
#7793=CARTESIAN_POINT('Origin',(-132.3,103.71651336671,-159.66));
#7794=CARTESIAN_POINT('',(-148.251783138484,100.71651336671,-125.721959179959));
#7795=CARTESIAN_POINT('',(-148.251783138484,103.71651336671,-125.721959179959));
#7796=CARTESIAN_POINT('Origin',(-132.3,100.71651336671,-159.66));
#7797=CARTESIAN_POINT('',(-145.656644069443,103.71651336671,-124.619308522773));
#7798=CARTESIAN_POINT('Origin',(-132.3,103.71651336671,-159.66));
#7799=CARTESIAN_POINT('',(-145.656644069443,102.21651336671,-124.619308522773));
#7800=CARTESIAN_POINT('',(-145.656644069443,103.71651336671,-124.619308522773));
#7801=CARTESIAN_POINT('',(-118.935916596793,102.21651336671,-124.622145117144));
#7802=CARTESIAN_POINT('Origin',(-132.3,102.21651336671,-159.66));
#7803=CARTESIAN_POINT('',(-118.935916596792,103.71651336671,-124.622145117144));
#7804=CARTESIAN_POINT('',(-118.935916596792,103.71651336671,-124.622145117144));
#7805=CARTESIAN_POINT('',(-114.879183956575,103.71651336671,-126.4520917795));
#7806=CARTESIAN_POINT('Origin',(-132.3,103.71651336671,-159.66));
#7807=CARTESIAN_POINT('',(-114.879183956575,101.71651336671,-126.4520917795));
#7808=CARTESIAN_POINT('',(-114.879183956575,103.71651336671,-126.4520917795));
#7809=CARTESIAN_POINT('',(-112.974084932269,101.71651336671,-191.796568061864));
#7810=CARTESIAN_POINT('Origin',(-132.3,101.71651336671,-159.66));
#7811=CARTESIAN_POINT('',(-112.974084932269,102.71651336671,-191.796568061864));
#7812=CARTESIAN_POINT('',(-112.974084932269,103.71651336671,-191.796568061864));
#7813=CARTESIAN_POINT('',(-151.641548480068,102.71651336671,-191.787161443134));
#7814=CARTESIAN_POINT('Origin',(-132.3,102.71651336671,-159.66));
#7815=CARTESIAN_POINT('',(-151.641548480068,101.71651336671,-191.787161443134));
#7816=CARTESIAN_POINT('',(-151.641548480068,103.71651336671,-191.787161443134));
#7817=CARTESIAN_POINT('Origin',(-132.3,101.71651336671,-159.66));
#7818=CARTESIAN_POINT('Origin',(-132.3,100.71651336671,-159.66));
#7819=CARTESIAN_POINT('Origin',(-127.926772357957,104.71651336671,-116.787210364202));
#7820=CARTESIAN_POINT('',(-171.930609797452,102.71651336671,-181.987252994268));
#7821=CARTESIAN_POINT('Origin',(-127.926772357957,102.71651336671,-116.787210364202));
#7822=CARTESIAN_POINT('',(-171.930609797452,101.71651336671,-181.987252994268));
#7823=CARTESIAN_POINT('',(-171.930609797452,104.71651336671,-181.987252994268));
#7824=CARTESIAN_POINT('Origin',(-127.926772357957,101.71651336671,-116.787210364202));
#7825=CARTESIAN_POINT('Origin',(-132.292931823793,102.71651336671,-216.419117524582));
#7826=CARTESIAN_POINT('',(-92.6552538501327,102.71651336671,-181.987252994268));
#7827=CARTESIAN_POINT('Origin',(-136.659091289628,102.71651336671,-116.787210364202));
#7828=CARTESIAN_POINT('',(-87.944303879197,102.71651336671,-126.277756875178));
#7829=CARTESIAN_POINT('Origin',(145.038257831826,102.71651336671,-174.033344008288));
#7830=CARTESIAN_POINT('',(-85.7326842257552,102.71651336671,-127.788598130241));
#7831=CARTESIAN_POINT('Origin',(-124.185065414364,102.71651336671,-181.702330159119));
#7832=CARTESIAN_POINT('',(-87.0834295183167,102.71651336671,-178.610389762865));
#7833=CARTESIAN_POINT('Origin',(122.98326116521,102.71651336671,-158.764711701695));
#7834=CARTESIAN_POINT('',(-82.5246641559218,102.71651336671,-194.650490112032));
#7835=CARTESIAN_POINT('Origin',(-44.7703523971859,102.71651336671,-175.252442570309));
#7836=CARTESIAN_POINT('',(-85.0000000000001,102.71651336671,-205.));
#7837=CARTESIAN_POINT('Origin',(-108.242987888074,102.71651336671,-193.970103559532));
#7838=CARTESIAN_POINT('',(-95.,102.71651336671,-220.));
#7839=CARTESIAN_POINT('Origin',(48.134888883432,102.71651336671,-304.589925922288));
#7840=CARTESIAN_POINT('',(-116.928097849532,102.71651336671,-249.150350516137));
#7841=CARTESIAN_POINT('Origin',(-53.8197703285108,102.71651336671,-273.800255680994));
#7842=CARTESIAN_POINT('',(-132.292931823793,102.71651336671,-249.15865041126));
#7843=CARTESIAN_POINT('Origin',(-124.668156773685,102.71651336671,-142.447273545138));
#7844=CARTESIAN_POINT('',(-147.657765798053,102.71651336671,-249.150350516137));
#7845=CARTESIAN_POINT('Origin',(-139.9177068739,102.71651336671,-142.447273545142));
#7846=CARTESIAN_POINT('',(-169.585863647585,102.71651336671,-220.));
#7847=CARTESIAN_POINT('Origin',(-210.766093319074,102.71651336671,-273.800255680994));
#7848=CARTESIAN_POINT('',(-179.585863647585,102.71651336671,-205.));
#7849=CARTESIAN_POINT('Origin',(-162.135781069273,102.71651336671,-204.199944947792));
#7850=CARTESIAN_POINT('',(-182.061199491663,102.71651336671,-194.650490112032));
#7851=CARTESIAN_POINT('Origin',(-156.342875759511,102.71651336671,-193.970103559532));
#7852=CARTESIAN_POINT('',(-177.502434129269,102.71651336671,-178.610389762865));
#7853=CARTESIAN_POINT('Origin',(-219.815511250399,102.71651336671,-175.252442570309));
#7854=CARTESIAN_POINT('',(-178.85317942183,102.71651336671,-127.788598130241));
#7855=CARTESIAN_POINT('Origin',(-387.569124812795,102.71651336671,-158.764711701695));
#7856=CARTESIAN_POINT('',(-176.641559768388,102.71651336671,-126.277756875178));
#7857=CARTESIAN_POINT('Origin',(-140.400798233221,102.71651336671,-181.702330159119));
#7858=CARTESIAN_POINT('Origin',(-409.624121479408,102.71651336671,-174.033344008287));
#7859=CARTESIAN_POINT('',(-174.248240621957,102.71651336671,-193.307640193069));
#7860=CARTESIAN_POINT('',(-173.354125551094,102.71651336671,-186.856511231515));
#7861=CARTESIAN_POINT('Origin',(-153.99959654166,102.71651336671,-192.826540605533));
#7862=CARTESIAN_POINT('',(-168.052401828037,102.71651336671,-201.036986054485));
#7863=CARTESIAN_POINT('Origin',(-167.563611006026,102.71651336671,-194.297208462181));
#7864=CARTESIAN_POINT('',(-147.657765798053,102.71651336671,-206.329265024291));
#7865=CARTESIAN_POINT('Origin',(-139.374766648017,102.71651336671,-132.466293537571));
#7866=CARTESIAN_POINT('',(-142.494566803121,102.71651336671,-199.875266280625));
#7867=CARTESIAN_POINT('Origin',(-151.723119051907,102.71651336671,-197.784703451402));
#7868=CARTESIAN_POINT('Origin',(-127.071200799443,102.71651336671,-120.231825725456));
#7869=CARTESIAN_POINT('',(-123.000001832843,102.71651336671,-200.000002980232));
#7870=CARTESIAN_POINT('',(-124.000001847744,102.71651336671,-202.000003010035));
#7871=CARTESIAN_POINT('Origin',(-127.175810015765,102.71651336671,-199.162098907398));
#7872=CARTESIAN_POINT('',(-132.292931823793,102.71651336671,-200.664936615494));
#7873=CARTESIAN_POINT('Origin',(-133.505432608474,102.71651336671,-118.449172086639));
#7874=CARTESIAN_POINT('',(-141.585861814742,102.71651336671,-200.000002980232));
#7875=CARTESIAN_POINT('Origin',(-131.080431039111,102.71651336671,-118.449172086639));
#7876=CARTESIAN_POINT('',(-140.585861799841,102.71651336671,-202.000003010035));
#7877=CARTESIAN_POINT('Origin',(-137.410053631821,102.71651336671,-199.162098907398));
#7878=CARTESIAN_POINT('',(-124.000001847744,102.71651336671,-202.000003010035));
#7879=CARTESIAN_POINT('',(-91.2317380964911,102.71651336671,-186.856511231515));
#7880=CARTESIAN_POINT('',(-90.3376230256283,102.71651336671,-193.307640193069));
#7881=CARTESIAN_POINT('Origin',(-110.586267105925,102.71651336671,-192.826540605533));
#7882=CARTESIAN_POINT('',(-122.091296844465,102.71651336671,-199.875266280625));
#7883=CARTESIAN_POINT('Origin',(-137.514662848142,102.71651336671,-120.231825725456));
#7884=CARTESIAN_POINT('',(-116.928097849532,102.71651336671,-206.329265024291));
#7885=CARTESIAN_POINT('Origin',(-112.862744595678,102.71651336671,-197.784703451402));
#7886=CARTESIAN_POINT('',(-96.5334618195476,102.71651336671,-201.036986054485));
#7887=CARTESIAN_POINT('Origin',(-125.211096999569,102.71651336671,-132.46629353757));
#7888=CARTESIAN_POINT('Origin',(-97.0222526415588,102.71651336671,-194.297208462181));
#7889=CARTESIAN_POINT('Origin',(-136.659091289628,104.71651336671,-116.787210364202));
#7890=CARTESIAN_POINT('',(-92.6552538501327,101.71651336671,-181.987252994268));
#7891=CARTESIAN_POINT('Origin',(-136.659091289628,101.71651336671,-116.787210364202));
#7892=CARTESIAN_POINT('',(-92.6552538501327,104.71651336671,-181.987252994268));
#7893=CARTESIAN_POINT('Origin',(-132.,101.71651336671,-193.021848270475));
#7894=CARTESIAN_POINT('',(-112.747590076984,101.71651336671,-116.476106305039));
#7895=CARTESIAN_POINT('Origin',(109.279686307438,101.71651336671,-169.132956509465));
#7896=CARTESIAN_POINT('',(-87.944303879197,101.71651336671,-126.277756875178));
#7897=CARTESIAN_POINT('Origin',(-124.185065414364,101.71651336671,-181.702330159119));
#7898=CARTESIAN_POINT('Origin',(145.038257831826,101.71651336671,-174.033344008288));
#7899=CARTESIAN_POINT('Origin',(109.279686307438,100.71651336671,-169.132956509465));
#7900=CARTESIAN_POINT('',(-112.747590076984,103.71651336671,-116.476106305039));
#7901=CARTESIAN_POINT('Origin',(109.279686307438,103.71651336671,-169.132956509465));
#7902=CARTESIAN_POINT('',(-112.747590076984,100.71651336671,-116.476106305039));
#7903=CARTESIAN_POINT('Origin',(-132.292931823793,103.71651336671,-144.036657242313));
#7904=CARTESIAN_POINT('',(-117.137512277809,103.71651336671,-123.736362252556));
#7905=CARTESIAN_POINT('Origin',(-125.768838677029,103.71651336671,-108.480727348916));
#7906=CARTESIAN_POINT('',(-113.63184984206,103.71651336671,-93.4228243725948));
#7907=CARTESIAN_POINT('Origin',(-44.8501170310796,103.71651336671,-116.736687100738));
#7908=CARTESIAN_POINT('',(-82.5246641559218,103.71651336671,-114.449988366196));
#7909=CARTESIAN_POINT('Origin',(-133.809643473187,103.71651336671,-156.796738567033));
#7910=CARTESIAN_POINT('',(-80.,103.71651336671,-150.));
#7911=CARTESIAN_POINT('Origin',(-280.064552166458,103.71651336671,-146.343381663395));
#7912=CARTESIAN_POINT('',(-82.5246641559218,103.71651336671,-194.650490112032));
#7913=CARTESIAN_POINT('Origin',(-113.462351901843,103.71651336671,-170.504565469625));
#7914=CARTESIAN_POINT('',(-87.0834295183167,103.71651336671,-178.610389762865));
#7915=CARTESIAN_POINT('Origin',(-44.7703523971859,103.71651336671,-175.252442570309));
#7916=CARTESIAN_POINT('',(-85.7326842257552,103.71651336671,-127.788598130241));
#7917=CARTESIAN_POINT('Origin',(122.98326116521,103.71651336671,-158.764711701695));
#7918=CARTESIAN_POINT('Origin',(-124.185065414364,103.71651336671,-181.702330159119));
#7919=CARTESIAN_POINT('Origin',(-131.574030640529,102.71651336671,-335.254507702894));
#7920=CARTESIAN_POINT('',(-157.951439384395,102.71651336671,-314.23890210937));
#7921=CARTESIAN_POINT('Ctrl Pts',(-157.951439384395,102.71651336671,-314.23890210937));
#7922=CARTESIAN_POINT('Ctrl Pts',(-157.951439384395,102.954736978083,-314.23890210937));
#7923=CARTESIAN_POINT('Ctrl Pts',(-157.996810146944,103.189467902935,-314.227594095149));
#7924=CARTESIAN_POINT('Ctrl Pts',(-158.174885291821,103.641757390531,-314.182859791213));
#7925=CARTESIAN_POINT('Ctrl Pts',(-158.309324215868,103.852065143033,-314.148970557854));
#7926=CARTESIAN_POINT('Ctrl Pts',(-158.660294773615,104.231025328543,-314.059388901211));
#7927=CARTESIAN_POINT('Ctrl Pts',(-158.880324311386,104.390420607556,-314.002691512694));
#7928=CARTESIAN_POINT('Ctrl Pts',(-159.382248451514,104.629241434155,-313.87124935255));
#7929=CARTESIAN_POINT('Ctrl Pts',(-159.66493514206,104.699890631963,-313.796119987242));
#7930=CARTESIAN_POINT('Ctrl Pts',(-159.986554031434,104.715647300407,-313.709133628708));
#7931=CARTESIAN_POINT('Ctrl Pts',(-160.021932376891,104.71651336671,-313.699545558959));
#7932=CARTESIAN_POINT('Ctrl Pts',(-160.057285837198,104.71651336671,-313.689944750314));
#7933=CARTESIAN_POINT('',(-105.340602475707,102.71651336671,-314.059446551186));
#7934=CARTESIAN_POINT('Ctrl Pts',(-103.23854996844,104.71651336671,-313.496136049298));
#7935=CARTESIAN_POINT('Ctrl Pts',(-103.499667246642,104.71651336671,-313.568962989493));
#7936=CARTESIAN_POINT('Ctrl Pts',(-103.760168105016,104.66909233815,-313.640512496406));
#7937=CARTESIAN_POINT('Ctrl Pts',(-104.274272972794,104.47483728988,-313.779787449021));
#7938=CARTESIAN_POINT('Ctrl Pts',(-104.522376128927,104.320412400116,-313.845843970997));
#7939=CARTESIAN_POINT('Ctrl Pts',(-104.919628881843,103.938265739462,-313.950477941062));
#7940=CARTESIAN_POINT('Ctrl Pts',(-105.073166755002,103.722241600932,-313.990374448832));
#7941=CARTESIAN_POINT('Ctrl Pts',(-105.232075081475,103.360356128238,-314.031496118468));
#7942=CARTESIAN_POINT('Ctrl Pts',(-105.272598702043,103.234992486655,-314.041941688328));
#7943=CARTESIAN_POINT('Ctrl Pts',(-105.3268898196,102.978034269018,-314.0559235969));
#7944=CARTESIAN_POINT('Ctrl Pts',(-105.340602475707,102.847571091216,-314.059446551186));
#7945=CARTESIAN_POINT('Ctrl Pts',(-105.340602475707,102.71651336671,-314.059446551186));
#7946=CARTESIAN_POINT('Origin',(-131.574030640529,102.71651336671,-335.254507702894));
#7947=CARTESIAN_POINT('Origin',(-132.,99.7165133667096,-210.373424464222));
#7948=CARTESIAN_POINT('',(-204.258178926068,102.71651336671,-289.368805537199));
#7949=CARTESIAN_POINT('Origin',(-132.,102.71651336671,-210.373424464222));
#7950=CARTESIAN_POINT('',(-204.258178926068,99.7165133667096,-289.368805537199));
#7951=CARTESIAN_POINT('Origin',(-193.891785346048,103.71651336671,-230.043326001857));
#7952=CARTESIAN_POINT('',(-198.703806338513,102.71651336671,-228.685219243138));
#7953=CARTESIAN_POINT('',(-198.703806338513,102.71651336671,-228.685219243138));
#7954=CARTESIAN_POINT('',(-189.079764353584,102.71651336671,-231.401432760577));
#7955=CARTESIAN_POINT('',(-187.154955956598,104.71651336671,-231.944675464064));
#7956=CARTESIAN_POINT('Origin',(-193.891785346048,102.71651336671,-230.043326001857));
#7957=CARTESIAN_POINT('Origin',(-155.47587931058,103.71651336671,-240.885527586348));
#7958=CARTESIAN_POINT('',(-165.028309871364,102.71651336671,-284.774618134947));
#7959=CARTESIAN_POINT('',(-165.028309871364,102.71651336671,-284.774618134947));
#7960=CARTESIAN_POINT('Origin',(-155.47587931058,102.71651336671,-240.885527586348));
#7961=CARTESIAN_POINT('Origin',(-163.964958016489,103.71651336671,-279.88899813));
#7962=CARTESIAN_POINT('',(-162.901606161614,102.71651336671,-275.003378125054));
#7963=CARTESIAN_POINT('',(-162.901606161614,102.71651336671,-275.003378125054));
#7964=CARTESIAN_POINT('Origin',(-163.964958016489,102.71651336671,-279.88899813));
#7965=CARTESIAN_POINT('Origin',(-155.47587931058,103.71651336671,-240.885527586348));
#7966=CARTESIAN_POINT('Origin',(-155.47587931058,102.71651336671,-240.885527586348));
#7967=CARTESIAN_POINT('Origin',(-155.47587931058,104.71651336671,-240.885527586348));
#7968=CARTESIAN_POINT('',(-198.703806338513,101.71651336671,-228.685219243138));
#7969=CARTESIAN_POINT('',(-198.703806338513,104.71651336671,-228.685219243138));
#7970=CARTESIAN_POINT('',(-165.028309871364,101.71651336671,-284.774618134947));
#7971=CARTESIAN_POINT('Origin',(-155.47587931058,101.71651336671,-240.885527586348));
#7972=CARTESIAN_POINT('',(-165.028309871364,104.71651336671,-284.774618134947));
#7973=CARTESIAN_POINT('Origin',(-193.891785346048,104.71651336671,-230.043326001857));
#7974=CARTESIAN_POINT('',(-189.079764353584,101.71651336671,-231.401432760577));
#7975=CARTESIAN_POINT('',(-189.079764353584,104.71651336671,-231.401432760577));
#7976=CARTESIAN_POINT('Origin',(-193.891785346048,101.71651336671,-230.043326001857));
#7977=CARTESIAN_POINT('Origin',(-193.891785346048,100.71651336671,-230.043326001857));
#7978=CARTESIAN_POINT('',(-187.154955956598,99.7165133667096,-231.944675464064));
#7979=CARTESIAN_POINT('',(-189.079764353584,101.71651336671,-231.401432760577));
#7980=CARTESIAN_POINT('',(-200.628614735499,99.7165133667096,-228.14197653965));
#7981=CARTESIAN_POINT('Origin',(-193.891785346048,99.7165133667096,-230.043326001857));
#7982=CARTESIAN_POINT('',(-200.628614735499,99.7165133667096,-228.14197653965));
#7983=CARTESIAN_POINT('Origin',(-155.47587931058,100.71651336671,-240.885527586348));
#7984=CARTESIAN_POINT('',(-162.901606161614,101.71651336671,-275.003378125054));
#7985=CARTESIAN_POINT('',(-162.476265419664,99.7165133667096,-273.049130123075));
#7986=CARTESIAN_POINT('',(-162.901606161614,101.71651336671,-275.003378125054));
#7987=CARTESIAN_POINT('Origin',(-155.47587931058,99.7165133667096,-240.885527586348));
#7988=CARTESIAN_POINT('Origin',(-155.47587931058,101.71651336671,-240.885527586348));
#7989=CARTESIAN_POINT('Origin',(-163.964958016489,100.71651336671,-279.88899813));
#7990=CARTESIAN_POINT('',(-165.453650613314,99.7165133667096,-286.728866136925));
#7991=CARTESIAN_POINT('',(-165.028309871364,101.71651336671,-284.774618134947));
#7992=CARTESIAN_POINT('Origin',(-163.964958016489,99.7165133667096,-279.88899813));
#7993=CARTESIAN_POINT('Origin',(-163.964958016489,101.71651336671,-279.88899813));
#7994=CARTESIAN_POINT('Origin',(-155.47587931058,100.71651336671,-240.885527586348));
#7995=CARTESIAN_POINT('Origin',(-155.47587931058,99.7165133667096,-240.885527586348));
#7996=CARTESIAN_POINT('Origin',(-155.47587931058,104.71651336671,-240.885527586348));
#7997=CARTESIAN_POINT('',(-162.901606161614,104.71651336671,-275.003378125054));
#7998=CARTESIAN_POINT('Origin',(-163.964958016489,104.71651336671,-279.88899813));
#7999=CARTESIAN_POINT('Origin',(-70.1082146539517,103.71651336671,-230.043326001857));
#8000=CARTESIAN_POINT('',(-74.9202356464164,102.71651336671,-231.401432760577));
#8001=CARTESIAN_POINT('',(-74.9202356464164,102.71651336671,-231.401432760577));
#8002=CARTESIAN_POINT('',(-65.296193661487,102.71651336671,-228.685219243138));
#8003=CARTESIAN_POINT('',(-63.3713852645012,104.71651336671,-228.14197653965));
#8004=CARTESIAN_POINT('Origin',(-70.1082146539517,102.71651336671,-230.043326001857));
#8005=CARTESIAN_POINT('Origin',(-108.52412068942,103.71651336671,-240.885527586348));
#8006=CARTESIAN_POINT('',(-101.098393838386,102.71651336671,-275.003378125054));
#8007=CARTESIAN_POINT('',(-101.098393838386,102.71651336671,-275.003378125054));
#8008=CARTESIAN_POINT('Origin',(-108.52412068942,102.71651336671,-240.885527586348));
#8009=CARTESIAN_POINT('Origin',(-100.035041983511,103.71651336671,-279.88899813));
#8010=CARTESIAN_POINT('',(-98.9716901286357,102.71651336671,-284.774618134947));
#8011=CARTESIAN_POINT('',(-98.9716901286357,102.71651336671,-284.774618134947));
#8012=CARTESIAN_POINT('Origin',(-100.035041983511,102.71651336671,-279.88899813));
#8013=CARTESIAN_POINT('Origin',(-108.52412068942,103.71651336671,-240.885527586348));
#8014=CARTESIAN_POINT('Origin',(-108.52412068942,102.71651336671,-240.885527586348));
#8015=CARTESIAN_POINT('Origin',(-108.52412068942,104.71651336671,-240.885527586348));
#8016=CARTESIAN_POINT('',(-74.9202356464164,101.71651336671,-231.401432760577));
#8017=CARTESIAN_POINT('',(-74.9202356464164,104.71651336671,-231.401432760577));
#8018=CARTESIAN_POINT('',(-101.098393838386,101.71651336671,-275.003378125054));
#8019=CARTESIAN_POINT('Origin',(-108.52412068942,101.71651336671,-240.885527586348));
#8020=CARTESIAN_POINT('',(-101.098393838386,104.71651336671,-275.003378125054));
#8021=CARTESIAN_POINT('Origin',(-70.1082146539517,104.71651336671,-230.043326001857));
#8022=CARTESIAN_POINT('',(-65.296193661487,101.71651336671,-228.685219243138));
#8023=CARTESIAN_POINT('',(-65.296193661487,104.71651336671,-228.685219243138));
#8024=CARTESIAN_POINT('Origin',(-70.1082146539517,101.71651336671,-230.043326001857));
#8025=CARTESIAN_POINT('Origin',(-70.1082146539517,100.71651336671,-230.043326001857));
#8026=CARTESIAN_POINT('',(-63.3713852645012,99.7165133667096,-228.14197653965));
#8027=CARTESIAN_POINT('',(-65.296193661487,101.71651336671,-228.685219243138));
#8028=CARTESIAN_POINT('',(-76.8450440434022,99.7165133667096,-231.944675464064));
#8029=CARTESIAN_POINT('Origin',(-70.1082146539517,99.7165133667096,-230.043326001857));
#8030=CARTESIAN_POINT('',(-76.8450440434022,99.7165133667096,-231.944675464064));
#8031=CARTESIAN_POINT('Origin',(-108.52412068942,100.71651336671,-240.885527586348));
#8032=CARTESIAN_POINT('',(-98.9716901286357,101.71651336671,-284.774618134947));
#8033=CARTESIAN_POINT('',(-98.5463493866857,99.7165133667096,-286.728866136925));
#8034=CARTESIAN_POINT('',(-98.9716901286357,101.71651336671,-284.774618134947));
#8035=CARTESIAN_POINT('Origin',(-108.52412068942,99.7165133667096,-240.885527586348));
#8036=CARTESIAN_POINT('Origin',(-108.52412068942,101.71651336671,-240.885527586348));
#8037=CARTESIAN_POINT('Origin',(-100.035041983511,100.71651336671,-279.88899813));
#8038=CARTESIAN_POINT('',(-101.523734580336,99.7165133667096,-273.049130123075));
#8039=CARTESIAN_POINT('',(-101.098393838386,101.71651336671,-275.003378125054));
#8040=CARTESIAN_POINT('Origin',(-100.035041983511,99.7165133667096,-279.88899813));
#8041=CARTESIAN_POINT('Origin',(-100.035041983511,101.71651336671,-279.88899813));
#8042=CARTESIAN_POINT('Origin',(-108.52412068942,100.71651336671,-240.885527586348));
#8043=CARTESIAN_POINT('Origin',(-108.52412068942,99.7165133667096,-240.885527586348));
#8044=CARTESIAN_POINT('Origin',(-108.52412068942,104.71651336671,-240.885527586348));
#8045=CARTESIAN_POINT('',(-98.9716901286357,104.71651336671,-284.774618134947));
#8046=CARTESIAN_POINT('Origin',(-100.035041983511,104.71651336671,-279.88899813));
#8047=CARTESIAN_POINT('Origin',(-108.296646884489,104.71651336671,-274.504769959785));
#8048=CARTESIAN_POINT('',(-108.296646884489,104.71651336671,-274.504769959785));
#8049=CARTESIAN_POINT('Origin',(-130.168421283626,104.71651336671,-202.453359801779));
#8050=CARTESIAN_POINT('',(-132.292931823793,104.71651336671,-277.721325604561));
#8051=CARTESIAN_POINT('Origin',(-134.417442363959,104.71651336671,-202.453359801779));
#8052=CARTESIAN_POINT('Origin',(-179.585863647585,104.71651336671,-205.));
#8053=CARTESIAN_POINT('',(-179.585863647585,104.71651336671,-205.));
#8054=CARTESIAN_POINT('Origin',(-19.0760119066434,104.71651336671,-264.869595237343));
#8055=CARTESIAN_POINT('',(-105.,101.71651336671,-245.));
#8056=CARTESIAN_POINT('',(-105.,104.71651336671,-245.));
#8057=CARTESIAN_POINT('',(-95.,101.71651336671,-220.));
#8058=CARTESIAN_POINT('Origin',(-19.0760119066434,101.71651336671,-264.869595237343));
#8059=CARTESIAN_POINT('',(-95.,104.71651336671,-220.));
#8060=CARTESIAN_POINT('',(-95.,104.71651336671,-220.));
#8061=CARTESIAN_POINT('Origin',(-75.4072692370402,104.71651336671,-242.466139917658));
#8062=CARTESIAN_POINT('',(-103.630059352194,101.71651336671,-251.719478722753));
#8063=CARTESIAN_POINT('',(-103.630059352194,104.71651336671,-251.719478722753));
#8064=CARTESIAN_POINT('Origin',(-75.4072692370402,101.71651336671,-242.466139917658));
#8065=CARTESIAN_POINT('Origin',(-58.614642467341,104.71651336671,-284.726330669355));
#8066=CARTESIAN_POINT('',(-110.046099491861,101.71651336671,-263.031970547955));
#8067=CARTESIAN_POINT('',(-110.046099491861,104.71651336671,-263.031970547955));
#8068=CARTESIAN_POINT('Origin',(-58.614642467341,101.71651336671,-284.726330669355));
#8069=CARTESIAN_POINT('Origin',(-127.387359692712,104.71651336671,-364.543907389657));
#8070=CARTESIAN_POINT('',(-120.498720518501,101.71651336671,-261.792073941125));
#8071=CARTESIAN_POINT('',(-120.498720518501,104.71651336671,-261.792073941125));
#8072=CARTESIAN_POINT('Origin',(-127.387359692712,101.71651336671,-364.543907389657));
#8073=CARTESIAN_POINT('Origin',(-53.8197703285108,104.71651336671,-273.800255680994));
#8074=CARTESIAN_POINT('',(-121.358591317063,99.7165133667096,-268.434951718201));
#8075=CARTESIAN_POINT('',(-121.358591317063,104.71651336671,-268.434951718201));
#8076=CARTESIAN_POINT('',(-116.928097849532,99.7165133667096,-249.150350516137));
#8077=CARTESIAN_POINT('Origin',(-53.8197703285108,99.7165133667096,-273.800255680994));
#8078=CARTESIAN_POINT('',(-116.928097849532,101.71651336671,-249.150350516137));
#8079=CARTESIAN_POINT('',(-116.928097849532,104.71651336671,-249.150350516137));
#8080=CARTESIAN_POINT('Origin',(-53.8197703285108,101.71651336671,-273.800255680994));
#8081=CARTESIAN_POINT('Origin',(-128.499607031169,104.71651336671,-214.40439452154));
#8082=CARTESIAN_POINT('',(-132.292931823793,99.7165133667096,-268.772638041341));
#8083=CARTESIAN_POINT('',(-132.292931823793,104.71651336671,-268.772638041341));
#8084=CARTESIAN_POINT('Origin',(-128.499607031169,99.7165133667096,-214.40439452154));
#8085=CARTESIAN_POINT('Origin',(-136.086256616416,104.71651336671,-214.40439452154));
#8086=CARTESIAN_POINT('',(-143.227272330522,99.7165133667096,-268.434951718201));
#8087=CARTESIAN_POINT('',(-143.227272330522,104.71651336671,-268.434951718201));
#8088=CARTESIAN_POINT('Origin',(-136.086256616416,99.7165133667096,-214.40439452154));
#8089=CARTESIAN_POINT('Origin',(-210.766093319074,104.71651336671,-273.800255680994));
#8090=CARTESIAN_POINT('',(-144.087143129084,101.71651336671,-261.792073941125));
#8091=CARTESIAN_POINT('',(-144.087143129084,104.71651336671,-261.792073941125));
#8092=CARTESIAN_POINT('',(-147.657765798053,101.71651336671,-249.150350516137));
#8093=CARTESIAN_POINT('Origin',(-210.766093319074,101.71651336671,-273.800255680994));
#8094=CARTESIAN_POINT('',(-147.657765798053,99.7165133667096,-249.150350516137));
#8095=CARTESIAN_POINT('',(-147.657765798053,104.71651336671,-249.150350516137));
#8096=CARTESIAN_POINT('Origin',(-210.766093319074,99.7165133667096,-273.800255680994));
#8097=CARTESIAN_POINT('Origin',(-137.198503954872,104.71651336671,-364.543907389663));
#8098=CARTESIAN_POINT('',(-154.539764155724,101.71651336671,-263.031970547955));
#8099=CARTESIAN_POINT('',(-154.539764155724,104.71651336671,-263.031970547955));
#8100=CARTESIAN_POINT('Origin',(-137.198503954872,101.71651336671,-364.543907389663));
#8101=CARTESIAN_POINT('Origin',(-205.971221180244,104.71651336671,-284.726330669355));
#8102=CARTESIAN_POINT('',(-160.955804295391,101.71651336671,-251.719478722753));
#8103=CARTESIAN_POINT('',(-160.955804295391,104.71651336671,-251.719478722753));
#8104=CARTESIAN_POINT('Origin',(-205.971221180244,101.71651336671,-284.726330669355));
#8105=CARTESIAN_POINT('Origin',(-189.178594410545,104.71651336671,-242.466139917658));
#8106=CARTESIAN_POINT('',(-159.585863647585,101.71651336671,-245.));
#8107=CARTESIAN_POINT('',(-159.585863647585,104.71651336671,-245.));
#8108=CARTESIAN_POINT('Origin',(-189.178594410545,101.71651336671,-242.466139917658));
#8109=CARTESIAN_POINT('Origin',(-162.135781069273,104.71651336671,-204.199944947792));
#8110=CARTESIAN_POINT('',(-179.585863647585,104.71651336671,-205.));
#8111=CARTESIAN_POINT('',(-169.585863647585,104.71651336671,-220.));
#8112=CARTESIAN_POINT('Origin',(-156.342875759511,104.71651336671,-193.970103559532));
#8113=CARTESIAN_POINT('',(-182.061199491663,103.71651336671,-194.650490112032));
#8114=CARTESIAN_POINT('',(-182.061199491663,104.71651336671,-194.650490112032));
#8115=CARTESIAN_POINT('',(-182.061199491663,104.71651336671,-194.650490112032));
#8116=CARTESIAN_POINT('Origin',(-108.242987888074,104.71651336671,-193.970103559532));
#8117=CARTESIAN_POINT('',(-85.0000000000001,104.71651336671,-205.));
#8118=CARTESIAN_POINT('',(-82.5246641559218,104.71651336671,-194.650490112032));
#8119=CARTESIAN_POINT('',(-82.5246641559218,104.71651336671,-194.650490112032));
#8120=CARTESIAN_POINT('Origin',(48.134888883432,104.71651336671,-304.589925922288));
#8121=CARTESIAN_POINT('Origin',(-210.766093319074,104.71651336671,-273.800255680994));
#8122=CARTESIAN_POINT('',(-147.657765798053,104.71651336671,-249.150350516137));
#8123=CARTESIAN_POINT('',(-169.585863647585,101.71651336671,-220.));
#8124=CARTESIAN_POINT('Origin',(-210.766093319074,101.71651336671,-273.800255680994));
#8125=CARTESIAN_POINT('',(-169.585863647585,104.71651336671,-220.));
#8126=CARTESIAN_POINT('Origin',(-53.8197703285108,104.71651336671,-273.800255680994));
#8127=CARTESIAN_POINT('Origin',(-53.8197703285108,101.71651336671,-273.800255680994));
#8128=CARTESIAN_POINT('',(-116.928097849532,104.71651336671,-249.150350516137));
#8129=CARTESIAN_POINT('Origin',(-107.74936025925,101.71651336671,-241.515985273977));
#8130=CARTESIAN_POINT('Origin',(-245.509851740942,104.71651336671,-264.869595237343));
#8131=CARTESIAN_POINT('Origin',(-245.509851740942,101.71651336671,-264.869595237343));
#8132=CARTESIAN_POINT('Origin',(-156.836503388335,101.71651336671,-241.515985273977));
#8133=CARTESIAN_POINT('Origin',(-124.668156773685,104.71651336671,-142.447273545138));
#8134=CARTESIAN_POINT('',(-132.292931823793,99.7165133667096,-249.15865041126));
#8135=CARTESIAN_POINT('Origin',(-124.668156773685,99.7165133667096,-142.447273545138));
#8136=CARTESIAN_POINT('',(-132.292931823793,104.71651336671,-249.15865041126));
#8137=CARTESIAN_POINT('Origin',(-139.9177068739,104.71651336671,-142.447273545142));
#8138=CARTESIAN_POINT('Origin',(-139.9177068739,99.7165133667096,-142.447273545142));
#8139=CARTESIAN_POINT('Origin',(-133.505432608474,104.71651336671,-118.449172086639));
#8140=CARTESIAN_POINT('',(-132.292931823793,104.71651336671,-200.664936615494));
#8141=CARTESIAN_POINT('',(-123.000001832843,104.71651336671,-200.000002980232));
#8142=CARTESIAN_POINT('Origin',(-133.505432608474,104.71651336671,-118.449172086639));
#8143=CARTESIAN_POINT('',(-132.292931823793,104.71651336671,-200.664936615494));
#8144=CARTESIAN_POINT('',(-123.000001832843,104.71651336671,-200.000002980232));
#8145=CARTESIAN_POINT('Origin',(-131.080431039111,104.71651336671,-118.449172086639));
#8146=CARTESIAN_POINT('',(-141.585861814742,104.71651336671,-200.000002980232));
#8147=CARTESIAN_POINT('Origin',(-131.080431039111,104.71651336671,-118.449172086639));
#8148=CARTESIAN_POINT('',(-141.585861814742,104.71651336671,-200.000002980232));
#8149=CARTESIAN_POINT('Origin',(-137.410053631821,104.71651336671,-199.162098907398));
#8150=CARTESIAN_POINT('',(-140.585861799841,104.71651336671,-202.000003010035));
#8151=CARTESIAN_POINT('Origin',(-137.410053631821,104.71651336671,-199.162098907398));
#8152=CARTESIAN_POINT('',(-140.585861799841,104.71651336671,-202.000003010035));
#8153=CARTESIAN_POINT('Origin',(-124.000001847744,104.71651336671,-202.000003010035));
#8154=CARTESIAN_POINT('',(-124.000001847744,104.71651336671,-202.000003010035));
#8155=CARTESIAN_POINT('',(-128.000000923872,104.71651336671,-202.000003010035));
#8156=CARTESIAN_POINT('',(-124.000001847744,104.71651336671,-202.000003010035));
#8157=CARTESIAN_POINT('Origin',(-127.175810015765,104.71651336671,-199.162098907398));
#8158=CARTESIAN_POINT('Origin',(-127.175810015765,104.71651336671,-199.162098907398));
#8159=CARTESIAN_POINT('Origin',(-125.211096999569,104.71651336671,-132.46629353757));
#8160=CARTESIAN_POINT('',(-116.928097849532,99.7165133667096,-206.329265024291));
#8161=CARTESIAN_POINT('',(-116.928097849532,104.71651336671,-206.329265024291));
#8162=CARTESIAN_POINT('',(-96.5334618195476,99.7165133667096,-201.036986054485));
#8163=CARTESIAN_POINT('Origin',(-125.211096999569,99.7165133667096,-132.46629353757));
#8164=CARTESIAN_POINT('',(-96.5334618195476,104.71651336671,-201.036986054485));
#8165=CARTESIAN_POINT('Origin',(-112.862744595678,104.71651336671,-197.784703451402));
#8166=CARTESIAN_POINT('',(-122.091296844465,99.7165133667096,-199.875266280625));
#8167=CARTESIAN_POINT('',(-122.091296844465,104.71651336671,-199.875266280625));
#8168=CARTESIAN_POINT('Origin',(-112.862744595678,99.7165133667096,-197.784703451402));
#8169=CARTESIAN_POINT('Origin',(-132.,104.71651336671,-193.021848270475));
#8170=CARTESIAN_POINT('Origin',(-97.0222526415588,104.71651336671,-194.297208462181));
#8171=CARTESIAN_POINT('',(-90.3376230256283,99.7165133667096,-193.307640193069));
#8172=CARTESIAN_POINT('Origin',(-97.0222526415588,99.7165133667096,-194.297208462181));
#8173=CARTESIAN_POINT('',(-90.3376230256283,104.71651336671,-193.307640193069));
#8174=CARTESIAN_POINT('Origin',(-151.723119051907,104.71651336671,-197.784703451402));
#8175=CARTESIAN_POINT('',(-147.657765798053,99.7165133667096,-206.329265024291));
#8176=CARTESIAN_POINT('',(-147.657765798053,104.71651336671,-206.329265024291));
#8177=CARTESIAN_POINT('',(-142.494566803121,99.7165133667096,-199.875266280625));
#8178=CARTESIAN_POINT('Origin',(-151.723119051907,99.7165133667096,-197.784703451402));
#8179=CARTESIAN_POINT('',(-142.494566803121,104.71651336671,-199.875266280625));
#8180=CARTESIAN_POINT('Origin',(-139.374766648017,104.71651336671,-132.466293537571));
#8181=CARTESIAN_POINT('',(-168.052401828037,99.7165133667096,-201.036986054485));
#8182=CARTESIAN_POINT('',(-168.052401828037,104.71651336671,-201.036986054485));
#8183=CARTESIAN_POINT('Origin',(-139.374766648017,99.7165133667096,-132.466293537571));
#8184=CARTESIAN_POINT('Origin',(-167.563611006026,104.71651336671,-194.297208462181));
#8185=CARTESIAN_POINT('',(-174.248240621957,99.7165133667096,-193.307640193069));
#8186=CARTESIAN_POINT('',(-174.248240621957,104.71651336671,-193.307640193069));
#8187=CARTESIAN_POINT('Origin',(-167.563611006026,99.7165133667096,-194.297208462181));
#8188=CARTESIAN_POINT('Origin',(-180.,104.21651336671,-255.5));
#8189=CARTESIAN_POINT('',(-221.5,103.71651336671,-255.));
#8190=CARTESIAN_POINT('',(-221.5,106.71651336671,-258.));
#8191=CARTESIAN_POINT('',(-215.,103.71651336671,-255.));
#8192=CARTESIAN_POINT('',(-180.,103.71651336671,-255.));
#8193=CARTESIAN_POINT('',(-215.,103.71651336671,-255.));
#8194=CARTESIAN_POINT('Origin',(-215.,104.21651336671,-249.));
#8195=CARTESIAN_POINT('',(-209.,103.71651336671,-249.));
#8196=CARTESIAN_POINT('',(-209.,103.71651336671,-249.));
#8197=CARTESIAN_POINT('Origin',(-215.,103.71651336671,-249.));
#8198=CARTESIAN_POINT('Origin',(-208.5,104.21651336671,-221.010924135237));
#8199=CARTESIAN_POINT('',(-209.,103.71651336671,-236.));
#8200=CARTESIAN_POINT('',(-209.,103.71651336671,-236.));
#8201=CARTESIAN_POINT('',(-209.,103.71651336671,-221.010924135237));
#8202=CARTESIAN_POINT('Origin',(-215.,104.21651336671,-236.));
#8203=CARTESIAN_POINT('',(-215.,103.71651336671,-230.));
#8204=CARTESIAN_POINT('',(-215.,103.71651336671,-230.));
#8205=CARTESIAN_POINT('Origin',(-215.,103.71651336671,-236.));
#8206=CARTESIAN_POINT('Origin',(-173.5,104.21651336671,-229.5));
#8207=CARTESIAN_POINT('',(-221.5,103.71651336671,-230.));
#8208=CARTESIAN_POINT('',(-221.5,92.9665133667097,-240.75));
#8209=CARTESIAN_POINT('',(-173.5,103.71651336671,-230.));
#8210=CARTESIAN_POINT('Origin',(-215.,104.71651336671,-230.));
#8211=CARTESIAN_POINT('',(-215.,102.71651336671,-230.));
#8212=CARTESIAN_POINT('',(-215.,104.71651336671,-230.));
#8213=CARTESIAN_POINT('',(-221.5,102.71651336671,-230.));
#8214=CARTESIAN_POINT('',(-228.,102.71651336671,-230.));
#8215=CARTESIAN_POINT('',(-221.5,102.21651336671,-230.));
#8216=CARTESIAN_POINT('Origin',(-215.,104.71651336671,-236.));
#8217=CARTESIAN_POINT('',(-209.,102.71651336671,-236.));
#8218=CARTESIAN_POINT('',(-209.,104.71651336671,-236.));
#8219=CARTESIAN_POINT('Origin',(-215.,102.71651336671,-236.));
#8220=CARTESIAN_POINT('Origin',(-209.,104.71651336671,-249.));
#8221=CARTESIAN_POINT('',(-209.,102.71651336671,-249.));
#8222=CARTESIAN_POINT('',(-209.,104.71651336671,-249.));
#8223=CARTESIAN_POINT('',(-209.,102.71651336671,-236.));
#8224=CARTESIAN_POINT('Origin',(-215.,104.71651336671,-249.));
#8225=CARTESIAN_POINT('',(-215.,102.71651336671,-255.));
#8226=CARTESIAN_POINT('',(-215.,104.71651336671,-255.));
#8227=CARTESIAN_POINT('Origin',(-215.,102.71651336671,-249.));
#8228=CARTESIAN_POINT('Origin',(-228.,104.71651336671,-255.));
#8229=CARTESIAN_POINT('',(-221.5,102.71651336671,-255.));
#8230=CARTESIAN_POINT('',(-221.5,102.21651336671,-255.));
#8231=CARTESIAN_POINT('',(-215.,102.71651336671,-255.));
#8232=CARTESIAN_POINT('Origin',(-215.,103.71651336671,-242.5));
#8233=CARTESIAN_POINT('',(-215.,103.21651336671,-240.633974596215));
#8234=CARTESIAN_POINT('',(-215.,103.21651336671,-244.366025403784));
#8235=CARTESIAN_POINT('Origin',(-215.,103.21651336671,-242.5));
#8236=CARTESIAN_POINT('Origin',(-215.,103.21651336671,-242.5));
#8237=CARTESIAN_POINT('',(-215.,102.71651336671,-239.767949192431));
#8238=CARTESIAN_POINT('Origin',(-215.,103.71651336671,-239.767949192431));
#8239=CARTESIAN_POINT('Origin',(-215.,102.71651336671,-242.5));
#8240=CARTESIAN_POINT('Ctrl Pts',(-215.,103.21651336671,-244.366025403784));
#8241=CARTESIAN_POINT('Ctrl Pts',(-216.866025403784,103.21651336671,-244.366025403784));
#8242=CARTESIAN_POINT('Ctrl Pts',(-216.866025403784,103.21651336671,-242.5));
#8243=CARTESIAN_POINT('Ctrl Pts',(-216.866025403784,103.21651336671,-240.633974596215));
#8244=CARTESIAN_POINT('Ctrl Pts',(-215.,103.21651336671,-240.633974596215));
#8245=CARTESIAN_POINT('Ctrl Pts',(-213.133974596215,103.21651336671,-240.633974596215));
#8246=CARTESIAN_POINT('Ctrl Pts',(-213.133974596215,103.21651336671,-242.5));
#8247=CARTESIAN_POINT('Ctrl Pts',(-213.133974596215,103.21651336671,-244.366025403784));
#8248=CARTESIAN_POINT('Ctrl Pts',(-215.,103.21651336671,-244.366025403784));
#8249=CARTESIAN_POINT('Ctrl Pts',(-215.,103.71651336671,-244.07735026919));
#8250=CARTESIAN_POINT('Ctrl Pts',(-216.57735026919,103.71651336671,-244.07735026919));
#8251=CARTESIAN_POINT('Ctrl Pts',(-216.57735026919,103.71651336671,-242.5));
#8252=CARTESIAN_POINT('Ctrl Pts',(-216.57735026919,103.71651336671,-240.92264973081));
#8253=CARTESIAN_POINT('Ctrl Pts',(-215.,103.71651336671,-240.92264973081));
#8254=CARTESIAN_POINT('Ctrl Pts',(-213.42264973081,103.71651336671,-240.92264973081));
#8255=CARTESIAN_POINT('Ctrl Pts',(-213.42264973081,103.71651336671,-242.5));
#8256=CARTESIAN_POINT('Ctrl Pts',(-213.42264973081,103.71651336671,-244.07735026919));
#8257=CARTESIAN_POINT('Ctrl Pts',(-215.,103.71651336671,-244.07735026919));
#8258=CARTESIAN_POINT('Ctrl Pts',(-215.,103.71651336671,-243.5));
#8259=CARTESIAN_POINT('Ctrl Pts',(-216.,103.71651336671,-243.5));
#8260=CARTESIAN_POINT('Ctrl Pts',(-216.,103.71651336671,-242.5));
#8261=CARTESIAN_POINT('Ctrl Pts',(-216.,103.71651336671,-241.5));
#8262=CARTESIAN_POINT('Ctrl Pts',(-215.,103.71651336671,-241.5));
#8263=CARTESIAN_POINT('Ctrl Pts',(-214.,103.71651336671,-241.5));
#8264=CARTESIAN_POINT('Ctrl Pts',(-214.,103.71651336671,-242.5));
#8265=CARTESIAN_POINT('Ctrl Pts',(-214.,103.71651336671,-243.5));
#8266=CARTESIAN_POINT('Ctrl Pts',(-215.,103.71651336671,-243.5));
#8267=CARTESIAN_POINT('',(-215.,103.71651336671,-243.5));
#8268=CARTESIAN_POINT('Origin',(-215.,103.71651336671,-242.5));
#8269=CARTESIAN_POINT('Origin',(-215.,102.71651336671,-243.5));
#8270=CARTESIAN_POINT('Origin',(-221.5,102.71651336671,-242.5));
#8271=CARTESIAN_POINT('',(-221.5,102.71651336671,-231.510924135237));
#8272=CARTESIAN_POINT('Origin',(-215.,103.71651336671,-242.5));
#8273=CARTESIAN_POINT('Origin',(-221.5,99.7165133667096,-270.));
#8274=CARTESIAN_POINT('',(-221.5,102.71651336671,-270.));
#8275=CARTESIAN_POINT('',(-221.5,99.7165133667096,-270.));
#8276=CARTESIAN_POINT('',(-221.5,102.71651336671,-231.510924135237));
#8277=CARTESIAN_POINT('Origin',(-90.5000000000001,104.21651336671,-229.5));
#8278=CARTESIAN_POINT('',(-42.5000000000002,103.71651336671,-230.));
#8279=CARTESIAN_POINT('',(-42.5000000000002,132.96651336671,-200.75));
#8280=CARTESIAN_POINT('',(-49.,103.71651336671,-230.));
#8281=CARTESIAN_POINT('',(-90.5000000000001,103.71651336671,-230.));
#8282=CARTESIAN_POINT('',(-49.,103.71651336671,-230.));
#8283=CARTESIAN_POINT('Origin',(-49.,104.21651336671,-236.));
#8284=CARTESIAN_POINT('',(-55.,103.71651336671,-236.));
#8285=CARTESIAN_POINT('',(-55.,103.71651336671,-236.));
#8286=CARTESIAN_POINT('Origin',(-49.,103.71651336671,-236.));
#8287=CARTESIAN_POINT('Origin',(-55.5,104.21651336671,-221.010924135237));
#8288=CARTESIAN_POINT('',(-55.,103.71651336671,-249.));
#8289=CARTESIAN_POINT('',(-55.,103.71651336671,-249.));
#8290=CARTESIAN_POINT('',(-55.,103.71651336671,-221.010924135237));
#8291=CARTESIAN_POINT('Origin',(-49.,104.21651336671,-249.));
#8292=CARTESIAN_POINT('',(-49.,103.71651336671,-255.));
#8293=CARTESIAN_POINT('',(-49.,103.71651336671,-255.));
#8294=CARTESIAN_POINT('Origin',(-49.,103.71651336671,-249.));
#8295=CARTESIAN_POINT('Origin',(-84.0000000000001,104.21651336671,-255.5));
#8296=CARTESIAN_POINT('',(-42.5000000000002,103.71651336671,-255.));
#8297=CARTESIAN_POINT('',(-42.5000000000002,66.7165133667097,-217.999999999999));
#8298=CARTESIAN_POINT('',(-84.0000000000001,103.71651336671,-255.));
#8299=CARTESIAN_POINT('Origin',(-49.,104.71651336671,-249.));
#8300=CARTESIAN_POINT('',(-55.,102.71651336671,-249.));
#8301=CARTESIAN_POINT('',(-55.,104.71651336671,-249.));
#8302=CARTESIAN_POINT('',(-49.,102.71651336671,-255.));
#8303=CARTESIAN_POINT('Origin',(-49.,102.71651336671,-249.));
#8304=CARTESIAN_POINT('',(-49.,104.71651336671,-255.));
#8305=CARTESIAN_POINT('Origin',(-55.,104.71651336671,-249.));
#8306=CARTESIAN_POINT('',(-55.,102.71651336671,-236.));
#8307=CARTESIAN_POINT('',(-55.,104.71651336671,-236.));
#8308=CARTESIAN_POINT('',(-55.,102.71651336671,-236.));
#8309=CARTESIAN_POINT('Origin',(-49.,104.71651336671,-236.));
#8310=CARTESIAN_POINT('',(-49.,102.71651336671,-230.));
#8311=CARTESIAN_POINT('',(-49.,104.71651336671,-230.));
#8312=CARTESIAN_POINT('Origin',(-49.,102.71651336671,-236.));
#8313=CARTESIAN_POINT('Origin',(-49.,104.71651336671,-230.));
#8314=CARTESIAN_POINT('',(-42.5000000000002,102.71651336671,-230.));
#8315=CARTESIAN_POINT('',(-42.5000000000002,102.21651336671,-230.));
#8316=CARTESIAN_POINT('',(-36.,102.71651336671,-230.));
#8317=CARTESIAN_POINT('Origin',(-49.,103.71651336671,-242.5));
#8318=CARTESIAN_POINT('',(-49.,103.21651336671,-240.633974596215));
#8319=CARTESIAN_POINT('Origin',(-49.,103.21651336671,-242.5));
#8320=CARTESIAN_POINT('',(-49.,102.71651336671,-239.767949192431));
#8321=CARTESIAN_POINT('Origin',(-49.,103.71651336671,-239.767949192431));
#8322=CARTESIAN_POINT('Origin',(-49.,102.71651336671,-242.5));
#8323=CARTESIAN_POINT('Ctrl Pts',(-49.,103.71651336671,-241.5));
#8324=CARTESIAN_POINT('Ctrl Pts',(-50.,103.71651336671,-241.5));
#8325=CARTESIAN_POINT('Ctrl Pts',(-50.,103.71651336671,-242.5));
#8326=CARTESIAN_POINT('Ctrl Pts',(-50.,103.71651336671,-243.5));
#8327=CARTESIAN_POINT('Ctrl Pts',(-49.,103.71651336671,-243.5));
#8328=CARTESIAN_POINT('Ctrl Pts',(-48.,103.71651336671,-243.5));
#8329=CARTESIAN_POINT('Ctrl Pts',(-48.,103.71651336671,-242.5));
#8330=CARTESIAN_POINT('Ctrl Pts',(-48.,103.71651336671,-241.5));
#8331=CARTESIAN_POINT('Ctrl Pts',(-49.,103.71651336671,-241.5));
#8332=CARTESIAN_POINT('Ctrl Pts',(-49.,103.71651336671,-240.92264973081));
#8333=CARTESIAN_POINT('Ctrl Pts',(-50.5773502691896,103.71651336671,-240.92264973081));
#8334=CARTESIAN_POINT('Ctrl Pts',(-50.5773502691896,103.71651336671,-242.5));
#8335=CARTESIAN_POINT('Ctrl Pts',(-50.5773502691896,103.71651336671,-244.07735026919));
#8336=CARTESIAN_POINT('Ctrl Pts',(-49.,103.71651336671,-244.07735026919));
#8337=CARTESIAN_POINT('Ctrl Pts',(-47.4226497308104,103.71651336671,-244.07735026919));
#8338=CARTESIAN_POINT('Ctrl Pts',(-47.4226497308104,103.71651336671,-242.5));
#8339=CARTESIAN_POINT('Ctrl Pts',(-47.4226497308104,103.71651336671,-240.92264973081));
#8340=CARTESIAN_POINT('Ctrl Pts',(-49.,103.71651336671,-240.92264973081));
#8341=CARTESIAN_POINT('Ctrl Pts',(-49.,103.21651336671,-240.633974596215));
#8342=CARTESIAN_POINT('Ctrl Pts',(-50.8660254037844,103.21651336671,-240.633974596215));
#8343=CARTESIAN_POINT('Ctrl Pts',(-50.8660254037844,103.21651336671,-242.5));
#8344=CARTESIAN_POINT('Ctrl Pts',(-50.8660254037844,103.21651336671,-244.366025403784));
#8345=CARTESIAN_POINT('Ctrl Pts',(-49.,103.21651336671,-244.366025403784));
#8346=CARTESIAN_POINT('Ctrl Pts',(-47.1339745962156,103.21651336671,-244.366025403784));
#8347=CARTESIAN_POINT('Ctrl Pts',(-47.1339745962156,103.21651336671,-242.5));
#8348=CARTESIAN_POINT('Ctrl Pts',(-47.1339745962156,103.21651336671,-240.633974596215));
#8349=CARTESIAN_POINT('Ctrl Pts',(-49.,103.21651336671,-240.633974596215));
#8350=CARTESIAN_POINT('',(-49.,103.71651336671,-241.5));
#8351=CARTESIAN_POINT('Origin',(-49.,102.71651336671,-241.5));
#8352=CARTESIAN_POINT('Origin',(-49.,103.71651336671,-242.5));
#8353=CARTESIAN_POINT('Origin',(-42.5,102.71651336671,-242.5));
#8354=CARTESIAN_POINT('',(-42.5000000000002,102.71651336671,-255.));
#8355=CARTESIAN_POINT('',(-42.5000000000002,102.71651336671,-151.510924135237));
#8356=CARTESIAN_POINT('',(-49.,102.71651336671,-255.));
#8357=CARTESIAN_POINT('Origin',(-49.,103.71651336671,-242.5));
#8358=CARTESIAN_POINT('Origin',(-36.,104.71651336671,-255.));
#8359=CARTESIAN_POINT('',(-42.5000000000002,102.21651336671,-255.));
#8360=CARTESIAN_POINT('Origin',(-42.5000000000002,99.7165133667096,-110.));
#8361=CARTESIAN_POINT('',(-42.5000000000002,102.71651336671,-270.));
#8362=CARTESIAN_POINT('',(-42.5000000000002,102.71651336671,-151.510924135237));
#8363=CARTESIAN_POINT('',(-42.5000000000002,99.7165133667096,-270.));
#8364=CARTESIAN_POINT('Origin',(-62.0000000000002,101.21651336671,-270.));
#8365=CARTESIAN_POINT('',(-59.7418210739317,102.71651336671,-289.3688055372));
#8366=CARTESIAN_POINT('Origin',(-62.0000000000002,102.71651336671,-270.));
#8367=CARTESIAN_POINT('',(-45.5000000000002,99.7165133667096,-270.));
#8368=CARTESIAN_POINT('',(-42.5000000000002,102.71651336671,-270.));
#8369=CARTESIAN_POINT('',(-61.0261532929828,99.7165133667096,-286.471236219277));
#8370=CARTESIAN_POINT('Origin',(-62.0000000000002,99.7165133667096,-270.));
#8371=CARTESIAN_POINT('Ctrl Pts',(-61.0261532929829,99.7165133667096,-286.471236219277));
#8372=CARTESIAN_POINT('Ctrl Pts',(-60.6100697351416,100.710448917443,-287.442306925295));
#8373=CARTESIAN_POINT('Ctrl Pts',(-60.1782996771057,101.716833205639,-288.413242411639));
#8374=CARTESIAN_POINT('Ctrl Pts',(-59.7418210739317,102.71651336671,-289.3688055372));
#8375=CARTESIAN_POINT('Origin',(-131.574030640529,101.21651336671,-335.254507702894));
#8376=CARTESIAN_POINT('',(-104.287271640602,99.7165133667096,-310.67381607451));
#8377=CARTESIAN_POINT('',(-159.027842210492,99.7165133667096,-310.860536153949));
#8378=CARTESIAN_POINT('Origin',(-131.574030640529,99.7165133667096,-335.254507702894));
#8379=CARTESIAN_POINT('Ctrl Pts',(-159.027842210492,99.7165133667096,-310.860536153949));
#8380=CARTESIAN_POINT('Ctrl Pts',(-158.68988271645,100.719211419017,-311.989770867352));
#8381=CARTESIAN_POINT('Ctrl Pts',(-158.331382433139,101.720417632716,-313.117253698053));
#8382=CARTESIAN_POINT('Ctrl Pts',(-157.951439384395,102.71651336671,-314.23890210937));
#8383=CARTESIAN_POINT('Ctrl Pts',(-105.340602475707,102.71651336671,-314.059446551186));
#8384=CARTESIAN_POINT('Ctrl Pts',(-104.968320064229,101.720417632716,-312.935232298917));
#8385=CARTESIAN_POINT('Ctrl Pts',(-104.617519721167,100.719211419016,-311.805330043866));
#8386=CARTESIAN_POINT('Ctrl Pts',(-104.287271640602,99.7165133667096,-310.67381607451));
#8387=CARTESIAN_POINT('Origin',(-132.,101.21651336671,-210.373424464222));
#8388=CARTESIAN_POINT('',(-202.973846707017,99.7165133667096,-286.471236219277));
#8389=CARTESIAN_POINT('Origin',(-132.,99.7165133667096,-210.373424464222));
#8390=CARTESIAN_POINT('Ctrl Pts',(-202.973846707017,99.7165133667096,-286.471236219277));
#8391=CARTESIAN_POINT('Ctrl Pts',(-203.389930264858,100.710448917442,-287.442306925295));
#8392=CARTESIAN_POINT('Ctrl Pts',(-203.821700322894,101.716833205638,-288.413242411637));
#8393=CARTESIAN_POINT('Ctrl Pts',(-204.258178926068,102.71651336671,-289.368805537199));
#8394=CARTESIAN_POINT('Origin',(-202.,101.21651336671,-270.));
#8395=CARTESIAN_POINT('',(-218.5,99.7165133667096,-270.));
#8396=CARTESIAN_POINT('Origin',(-202.,99.7165133667096,-270.));
#8397=CARTESIAN_POINT('',(-218.5,99.7165133667096,-270.));
#8398=CARTESIAN_POINT('Origin',(-202.,102.71651336671,-270.));
#8399=CARTESIAN_POINT('Origin',(-132.,101.21651336671,-210.373424464222));
#8400=CARTESIAN_POINT('Origin',(-132.,99.7165133667096,-210.373424464222));
#8401=CARTESIAN_POINT('Origin',(-132.,102.71651336671,-210.373424464222));
#8402=CARTESIAN_POINT('Origin',(-202.,99.7165133667096,-270.));
#8403=CARTESIAN_POINT('Origin',(-62.0000000000002,99.7165133667096,-270.));
#8404=CARTESIAN_POINT('',(-59.7418210739317,99.7165133667096,-289.3688055372));
#8405=CARTESIAN_POINT('Origin',(-132.,99.7165133667096,-210.373424464222));
#8406=CARTESIAN_POINT('Origin',(-62.0000000000002,99.7165133667096,-110.));
#8407=CARTESIAN_POINT('',(-42.5000000000002,102.71651336671,-110.));
#8408=CARTESIAN_POINT('',(-60.7741458673327,102.71651336671,-90.5385693833823));
#8409=CARTESIAN_POINT('Origin',(-62.0000000000002,102.71651336671,-110.));
#8410=CARTESIAN_POINT('',(-42.5000000000002,99.7165133667096,-110.));
#8411=CARTESIAN_POINT('',(-60.7741458673327,99.7165133667096,-90.5385693833823));
#8412=CARTESIAN_POINT('Origin',(-132.,99.7165133667096,-194.428427603125));
#8413=CARTESIAN_POINT('',(-165.540057388554,102.71651336671,-73.0147154935829));
#8414=CARTESIAN_POINT('',(-165.540057388554,104.71651336671,-73.0147154935829));
#8415=CARTESIAN_POINT('',(-203.225854132667,102.71651336671,-90.5385693833822));
#8416=CARTESIAN_POINT('',(-203.225854132667,99.7165133667096,-90.5385693833822));
#8417=CARTESIAN_POINT('Origin',(-132.,102.71651336671,-194.428427603125));
#8418=CARTESIAN_POINT('Origin',(-202.,99.7165133667096,-110.));
#8419=CARTESIAN_POINT('',(-221.5,102.71651336671,-110.));
#8420=CARTESIAN_POINT('Origin',(-202.,102.71651336671,-110.));
#8421=CARTESIAN_POINT('',(-221.5,99.7165133667096,-110.));
#8422=CARTESIAN_POINT('Origin',(-62.0000000000002,101.21651336671,-110.));
#8423=CARTESIAN_POINT('',(-61.7628717824496,99.7165133667096,-93.501704021068));
#8424=CARTESIAN_POINT('',(-45.5000000000002,99.7165133667096,-110.));
#8425=CARTESIAN_POINT('Origin',(-62.0000000000002,99.7165133667096,-110.));
#8426=CARTESIAN_POINT('',(-42.5000000000002,102.71651336671,-110.));
#8427=CARTESIAN_POINT('Ctrl Pts',(-60.7741458673328,102.71651336671,-90.5385693833823));
#8428=CARTESIAN_POINT('Ctrl Pts',(-61.1118640871449,101.717482082982,-91.5183080846558));
#8429=CARTESIAN_POINT('Ctrl Pts',(-61.4442771522254,100.711562388247,-92.5111313522637));
#8430=CARTESIAN_POINT('Ctrl Pts',(-61.7628717824496,99.7165133667096,-93.501704021068));
#8431=CARTESIAN_POINT('Origin',(-44.0000000000002,101.21651336671,-151.510924135237));
#8432=CARTESIAN_POINT('',(-42.5000000000002,102.71651336671,-150.));
#8433=CARTESIAN_POINT('',(-42.5000000000002,102.71651336671,-151.510924135237));
#8434=CARTESIAN_POINT('',(-42.5000000000002,102.71651336671,-125.));
#8435=CARTESIAN_POINT('',(-42.5000000000002,102.71651336671,-151.510924135237));
#8436=CARTESIAN_POINT('',(-42.5000000000002,102.71651336671,-151.510924135237));
#8437=CARTESIAN_POINT('',(-45.5000000000002,99.7165133667096,-151.510924135237));
#8438=CARTESIAN_POINT('Origin',(-202.,101.21651336671,-110.));
#8439=CARTESIAN_POINT('',(-218.5,99.7165133667096,-110.));
#8440=CARTESIAN_POINT('',(-218.5,99.7165133667096,-110.));
#8441=CARTESIAN_POINT('',(-202.237128217551,99.7165133667096,-93.501704021068));
#8442=CARTESIAN_POINT('Origin',(-202.,99.7165133667096,-110.));
#8443=CARTESIAN_POINT('Ctrl Pts',(-203.225854132667,102.71651336671,-90.5385693833822));
#8444=CARTESIAN_POINT('Ctrl Pts',(-202.888135912853,101.717482082976,-91.5183080846622));
#8445=CARTESIAN_POINT('Ctrl Pts',(-202.555722847774,100.711562388244,-92.5111313522662));
#8446=CARTESIAN_POINT('Ctrl Pts',(-202.237128217551,99.7165133667096,-93.501704021068));
#8447=CARTESIAN_POINT('Origin',(-132.,101.21651336671,-194.428427603125));
#8448=CARTESIAN_POINT('',(-166.051828090579,99.7165133667096,-76.276276895035));
#8449=CARTESIAN_POINT('Origin',(-132.,99.7165133667096,-194.428427603125));
#8450=CARTESIAN_POINT('Ctrl Pts',(-165.540057388554,102.71651336671,-73.0147154935829));
#8451=CARTESIAN_POINT('Ctrl Pts',(-165.564671038142,102.579904011375,-73.1632409096612));
#8452=CARTESIAN_POINT('Ctrl Pts',(-165.58910694543,102.443272019309,-73.3117901620242));
#8453=CARTESIAN_POINT('Ctrl Pts',(-165.766617357077,101.443340479084,-74.3989319913255));
#8454=CARTESIAN_POINT('Ctrl Pts',(-165.912767172504,100.579414400247,-75.3381760825367));
#8455=CARTESIAN_POINT('Ctrl Pts',(-166.051828090579,99.7165133667096,-76.276276895035));
#8456=CARTESIAN_POINT('Origin',(-132.,101.21651336671,-194.428427603125));
#8457=CARTESIAN_POINT('',(-99.4778240426381,102.71651336671,-72.7381116003936));
#8458=CARTESIAN_POINT('Origin',(-132.,102.71651336671,-194.428427603125));
#8459=CARTESIAN_POINT('',(-98.9387593172225,99.7165133667096,-75.9952731328795));
#8460=CARTESIAN_POINT('Ctrl Pts',(-98.9387593172225,99.7165133667096,-75.9952731328795));
#8461=CARTESIAN_POINT('Ctrl Pts',(-99.1065252998746,100.701904863324,-74.9253744459002));
#8462=CARTESIAN_POINT('Ctrl Pts',(-99.2861945665671,101.704065574469,-73.8373063015851));
#8463=CARTESIAN_POINT('Ctrl Pts',(-99.4778240426381,102.71651336671,-72.7381116003936));
#8464=CARTESIAN_POINT('Origin',(-132.,99.7165133667096,-194.428427603125));
#8465=CARTESIAN_POINT('Origin',(-42.5000000000002,99.7165133667096,-110.));
#8466=CARTESIAN_POINT('',(-42.5000000000002,103.71651336671,-125.));
#8467=CARTESIAN_POINT('',(-42.5000000000002,106.71651336671,-122.));
#8468=CARTESIAN_POINT('',(-42.5000000000002,102.21651336671,-125.));
#8469=CARTESIAN_POINT('Origin',(-49.,103.71651336671,-137.5));
#8470=CARTESIAN_POINT('',(-49.,103.71651336671,-138.5));
#8471=CARTESIAN_POINT('Origin',(-49.,103.71651336671,-137.5));
#8472=CARTESIAN_POINT('Origin',(-42.5,102.71651336671,-137.5));
#8473=CARTESIAN_POINT('',(-49.,102.71651336671,-150.));
#8474=CARTESIAN_POINT('',(-36.,102.71651336671,-150.));
#8475=CARTESIAN_POINT('',(-55.,102.71651336671,-144.));
#8476=CARTESIAN_POINT('Origin',(-49.,102.71651336671,-144.));
#8477=CARTESIAN_POINT('',(-55.,102.71651336671,-131.));
#8478=CARTESIAN_POINT('',(-55.,102.71651336671,-144.));
#8479=CARTESIAN_POINT('',(-49.,102.71651336671,-125.));
#8480=CARTESIAN_POINT('Origin',(-49.,102.71651336671,-131.));
#8481=CARTESIAN_POINT('',(-49.,102.71651336671,-125.));
#8482=CARTESIAN_POINT('',(-49.,102.71651336671,-134.767949192431));
#8483=CARTESIAN_POINT('Origin',(-49.,102.71651336671,-137.5));
#8484=CARTESIAN_POINT('Ctrl Pts',(-49.,103.21651336671,-139.366025403784));
#8485=CARTESIAN_POINT('Ctrl Pts',(-50.8660254037844,103.21651336671,-139.366025403784));
#8486=CARTESIAN_POINT('Ctrl Pts',(-50.8660254037844,103.21651336671,-137.5));
#8487=CARTESIAN_POINT('Ctrl Pts',(-50.8660254037844,103.21651336671,-135.633974596215));
#8488=CARTESIAN_POINT('Ctrl Pts',(-49.,103.21651336671,-135.633974596215));
#8489=CARTESIAN_POINT('Ctrl Pts',(-47.1339745962156,103.21651336671,-135.633974596215));
#8490=CARTESIAN_POINT('Ctrl Pts',(-47.1339745962156,103.21651336671,-137.5));
#8491=CARTESIAN_POINT('Ctrl Pts',(-47.1339745962156,103.21651336671,-139.366025403784));
#8492=CARTESIAN_POINT('Ctrl Pts',(-49.,103.21651336671,-139.366025403784));
#8493=CARTESIAN_POINT('Ctrl Pts',(-49.,103.71651336671,-139.07735026919));
#8494=CARTESIAN_POINT('Ctrl Pts',(-50.5773502691896,103.71651336671,-139.07735026919));
#8495=CARTESIAN_POINT('Ctrl Pts',(-50.5773502691896,103.71651336671,-137.5));
#8496=CARTESIAN_POINT('Ctrl Pts',(-50.5773502691896,103.71651336671,-135.92264973081));
#8497=CARTESIAN_POINT('Ctrl Pts',(-49.,103.71651336671,-135.92264973081));
#8498=CARTESIAN_POINT('Ctrl Pts',(-47.4226497308104,103.71651336671,-135.92264973081));
#8499=CARTESIAN_POINT('Ctrl Pts',(-47.4226497308104,103.71651336671,-137.5));
#8500=CARTESIAN_POINT('Ctrl Pts',(-47.4226497308104,103.71651336671,-139.07735026919));
#8501=CARTESIAN_POINT('Ctrl Pts',(-49.,103.71651336671,-139.07735026919));
#8502=CARTESIAN_POINT('Ctrl Pts',(-49.,103.71651336671,-138.5));
#8503=CARTESIAN_POINT('Ctrl Pts',(-50.,103.71651336671,-138.5));
#8504=CARTESIAN_POINT('Ctrl Pts',(-50.,103.71651336671,-137.5));
#8505=CARTESIAN_POINT('Ctrl Pts',(-50.,103.71651336671,-136.5));
#8506=CARTESIAN_POINT('Ctrl Pts',(-49.,103.71651336671,-136.5));
#8507=CARTESIAN_POINT('Ctrl Pts',(-48.,103.71651336671,-136.5));
#8508=CARTESIAN_POINT('Ctrl Pts',(-48.,103.71651336671,-137.5));
#8509=CARTESIAN_POINT('Ctrl Pts',(-48.,103.71651336671,-138.5));
#8510=CARTESIAN_POINT('Ctrl Pts',(-49.,103.71651336671,-138.5));
#8511=CARTESIAN_POINT('',(-49.,103.21651336671,-139.366025403784));
#8512=CARTESIAN_POINT('Origin',(-49.,102.71651336671,-138.5));
#8513=CARTESIAN_POINT('',(-49.,103.21651336671,-135.633974596215));
#8514=CARTESIAN_POINT('Origin',(-49.,103.21651336671,-137.5));
#8515=CARTESIAN_POINT('Origin',(-49.,103.21651336671,-137.5));
#8516=CARTESIAN_POINT('Origin',(-49.,103.71651336671,-137.5));
#8517=CARTESIAN_POINT('Origin',(-49.,103.71651336671,-134.767949192431));
#8518=CARTESIAN_POINT('Origin',(-36.,104.71651336671,-125.));
#8519=CARTESIAN_POINT('',(-49.,103.71651336671,-125.));
#8520=CARTESIAN_POINT('',(-84.0000000000001,103.71651336671,-125.));
#8521=CARTESIAN_POINT('',(-49.,104.71651336671,-125.));
#8522=CARTESIAN_POINT('Origin',(-49.,104.71651336671,-131.));
#8523=CARTESIAN_POINT('',(-55.,103.71651336671,-131.));
#8524=CARTESIAN_POINT('Origin',(-49.,103.71651336671,-131.));
#8525=CARTESIAN_POINT('',(-55.,104.71651336671,-131.));
#8526=CARTESIAN_POINT('Origin',(-55.,104.71651336671,-131.));
#8527=CARTESIAN_POINT('',(-55.,103.71651336671,-144.));
#8528=CARTESIAN_POINT('',(-55.,103.71651336671,-162.010924135238));
#8529=CARTESIAN_POINT('',(-55.,104.71651336671,-144.));
#8530=CARTESIAN_POINT('Origin',(-49.,104.71651336671,-144.));
#8531=CARTESIAN_POINT('',(-49.,103.71651336671,-150.));
#8532=CARTESIAN_POINT('Origin',(-49.,103.71651336671,-144.));
#8533=CARTESIAN_POINT('',(-49.,104.71651336671,-150.));
#8534=CARTESIAN_POINT('Origin',(-49.,104.71651336671,-150.));
#8535=CARTESIAN_POINT('',(-42.5000000000002,103.71651336671,-150.));
#8536=CARTESIAN_POINT('',(-90.5000000000001,103.71651336671,-150.));
#8537=CARTESIAN_POINT('',(-42.5000000000002,102.21651336671,-150.));
#8538=CARTESIAN_POINT('Origin',(-90.5000000000001,104.21651336671,-150.5));
#8539=CARTESIAN_POINT('',(-42.5000000000002,92.9665133667096,-139.25));
#8540=CARTESIAN_POINT('',(-49.,103.71651336671,-150.));
#8541=CARTESIAN_POINT('Origin',(-49.,104.21651336671,-144.));
#8542=CARTESIAN_POINT('',(-55.,103.71651336671,-144.));
#8543=CARTESIAN_POINT('Origin',(-55.5,104.21651336671,-162.010924135238));
#8544=CARTESIAN_POINT('',(-55.,103.71651336671,-131.));
#8545=CARTESIAN_POINT('Origin',(-49.,104.21651336671,-131.));
#8546=CARTESIAN_POINT('',(-49.,103.71651336671,-125.));
#8547=CARTESIAN_POINT('Origin',(-84.0000000000001,104.21651336671,-124.5));
#8548=CARTESIAN_POINT('Origin',(-215.,103.71651336671,-137.5));
#8549=CARTESIAN_POINT('',(-215.,103.71651336671,-136.5));
#8550=CARTESIAN_POINT('Origin',(-215.,103.71651336671,-137.5));
#8551=CARTESIAN_POINT('Origin',(-221.5,102.71651336671,-137.5));
#8552=CARTESIAN_POINT('',(-221.5,102.71651336671,-125.));
#8553=CARTESIAN_POINT('',(-221.5,102.71651336671,-150.));
#8554=CARTESIAN_POINT('',(-221.5,102.71651336671,-231.510924135237));
#8555=CARTESIAN_POINT('',(-215.,102.71651336671,-125.));
#8556=CARTESIAN_POINT('',(-215.,102.71651336671,-125.));
#8557=CARTESIAN_POINT('',(-209.,102.71651336671,-131.));
#8558=CARTESIAN_POINT('Origin',(-215.,102.71651336671,-131.));
#8559=CARTESIAN_POINT('',(-209.,102.71651336671,-144.));
#8560=CARTESIAN_POINT('',(-209.,102.71651336671,-144.));
#8561=CARTESIAN_POINT('',(-215.,102.71651336671,-150.));
#8562=CARTESIAN_POINT('Origin',(-215.,102.71651336671,-144.));
#8563=CARTESIAN_POINT('',(-228.,102.71651336671,-150.));
#8564=CARTESIAN_POINT('',(-215.,102.71651336671,-134.767949192431));
#8565=CARTESIAN_POINT('Origin',(-215.,102.71651336671,-137.5));
#8566=CARTESIAN_POINT('Ctrl Pts',(-215.,103.71651336671,-136.5));
#8567=CARTESIAN_POINT('Ctrl Pts',(-216.,103.71651336671,-136.5));
#8568=CARTESIAN_POINT('Ctrl Pts',(-216.,103.71651336671,-137.5));
#8569=CARTESIAN_POINT('Ctrl Pts',(-216.,103.71651336671,-138.5));
#8570=CARTESIAN_POINT('Ctrl Pts',(-215.,103.71651336671,-138.5));
#8571=CARTESIAN_POINT('Ctrl Pts',(-214.,103.71651336671,-138.5));
#8572=CARTESIAN_POINT('Ctrl Pts',(-214.,103.71651336671,-137.5));
#8573=CARTESIAN_POINT('Ctrl Pts',(-214.,103.71651336671,-136.5));
#8574=CARTESIAN_POINT('Ctrl Pts',(-215.,103.71651336671,-136.5));
#8575=CARTESIAN_POINT('Ctrl Pts',(-215.,103.71651336671,-135.92264973081));
#8576=CARTESIAN_POINT('Ctrl Pts',(-216.57735026919,103.71651336671,-135.92264973081));
#8577=CARTESIAN_POINT('Ctrl Pts',(-216.57735026919,103.71651336671,-137.5));
#8578=CARTESIAN_POINT('Ctrl Pts',(-216.57735026919,103.71651336671,-139.07735026919));
#8579=CARTESIAN_POINT('Ctrl Pts',(-215.,103.71651336671,-139.07735026919));
#8580=CARTESIAN_POINT('Ctrl Pts',(-213.42264973081,103.71651336671,-139.07735026919));
#8581=CARTESIAN_POINT('Ctrl Pts',(-213.42264973081,103.71651336671,-137.5));
#8582=CARTESIAN_POINT('Ctrl Pts',(-213.42264973081,103.71651336671,-135.92264973081));
#8583=CARTESIAN_POINT('Ctrl Pts',(-215.,103.71651336671,-135.92264973081));
#8584=CARTESIAN_POINT('Ctrl Pts',(-215.,103.21651336671,-135.633974596215));
#8585=CARTESIAN_POINT('Ctrl Pts',(-216.866025403784,103.21651336671,-135.633974596215));
#8586=CARTESIAN_POINT('Ctrl Pts',(-216.866025403784,103.21651336671,-137.5));
#8587=CARTESIAN_POINT('Ctrl Pts',(-216.866025403784,103.21651336671,-139.366025403784));
#8588=CARTESIAN_POINT('Ctrl Pts',(-215.,103.21651336671,-139.366025403784));
#8589=CARTESIAN_POINT('Ctrl Pts',(-213.133974596216,103.21651336671,-139.366025403784));
#8590=CARTESIAN_POINT('Ctrl Pts',(-213.133974596215,103.21651336671,-137.5));
#8591=CARTESIAN_POINT('Ctrl Pts',(-213.133974596216,103.21651336671,-135.633974596215));
#8592=CARTESIAN_POINT('Ctrl Pts',(-215.,103.21651336671,-135.633974596215));
#8593=CARTESIAN_POINT('',(-215.,103.21651336671,-135.633974596215));
#8594=CARTESIAN_POINT('Origin',(-215.,103.21651336671,-137.5));
#8595=CARTESIAN_POINT('Origin',(-215.,102.71651336671,-136.5));
#8596=CARTESIAN_POINT('Origin',(-215.,103.71651336671,-137.5));
#8597=CARTESIAN_POINT('Origin',(-215.,103.71651336671,-134.767949192431));
#8598=CARTESIAN_POINT('Origin',(-215.,104.71651336671,-150.));
#8599=CARTESIAN_POINT('',(-221.5,103.71651336671,-150.));
#8600=CARTESIAN_POINT('',(-215.,103.71651336671,-150.));
#8601=CARTESIAN_POINT('',(-173.5,103.71651336671,-150.));
#8602=CARTESIAN_POINT('',(-221.5,102.21651336671,-150.));
#8603=CARTESIAN_POINT('',(-215.,104.71651336671,-150.));
#8604=CARTESIAN_POINT('Origin',(-215.,104.71651336671,-144.));
#8605=CARTESIAN_POINT('',(-209.,103.71651336671,-144.));
#8606=CARTESIAN_POINT('Origin',(-215.,103.71651336671,-144.));
#8607=CARTESIAN_POINT('',(-209.,104.71651336671,-144.));
#8608=CARTESIAN_POINT('Origin',(-209.,104.71651336671,-131.));
#8609=CARTESIAN_POINT('',(-209.,103.71651336671,-131.));
#8610=CARTESIAN_POINT('',(-209.,103.71651336671,-162.010924135238));
#8611=CARTESIAN_POINT('',(-209.,104.71651336671,-131.));
#8612=CARTESIAN_POINT('Origin',(-215.,104.71651336671,-131.));
#8613=CARTESIAN_POINT('',(-215.,103.71651336671,-125.));
#8614=CARTESIAN_POINT('Origin',(-215.,103.71651336671,-131.));
#8615=CARTESIAN_POINT('',(-215.,104.71651336671,-125.));
#8616=CARTESIAN_POINT('Origin',(-228.,104.71651336671,-125.));
#8617=CARTESIAN_POINT('',(-221.5,103.71651336671,-125.));
#8618=CARTESIAN_POINT('',(-180.,103.71651336671,-125.));
#8619=CARTESIAN_POINT('',(-221.5,102.21651336671,-125.));
#8620=CARTESIAN_POINT('Origin',(-221.5,99.7165133667096,-270.));
#8621=CARTESIAN_POINT('',(-221.5,66.7165133667097,-161.999999999999));
#8622=CARTESIAN_POINT('',(-221.5,102.71651336671,-231.510924135237));
#8623=CARTESIAN_POINT('Origin',(-180.,104.21651336671,-124.5));
#8624=CARTESIAN_POINT('',(-215.,103.71651336671,-125.));
#8625=CARTESIAN_POINT('Origin',(-215.,104.21651336671,-131.));
#8626=CARTESIAN_POINT('',(-209.,103.71651336671,-131.));
#8627=CARTESIAN_POINT('Origin',(-208.5,104.21651336671,-162.010924135238));
#8628=CARTESIAN_POINT('',(-209.,103.71651336671,-144.));
#8629=CARTESIAN_POINT('Origin',(-215.,104.21651336671,-144.));
#8630=CARTESIAN_POINT('',(-215.,103.71651336671,-150.));
#8631=CARTESIAN_POINT('Origin',(-173.5,104.21651336671,-150.5));
#8632=CARTESIAN_POINT('',(-221.5,132.96651336671,-179.249999999999));
#8633=CARTESIAN_POINT('Origin',(-221.5,99.7165133667096,-270.));
#8634=CARTESIAN_POINT('',(-221.5,102.71651336671,-231.510924135237));
#8635=CARTESIAN_POINT('Origin',(-127.071200799443,104.71651336671,-120.231825725456));
#8636=CARTESIAN_POINT('',(-173.354125551094,99.7165133667096,-186.856511231515));
#8637=CARTESIAN_POINT('Origin',(-127.071200799443,99.7165133667096,-120.231825725456));
#8638=CARTESIAN_POINT('',(-173.354125551094,104.71651336671,-186.856511231515));
#8639=CARTESIAN_POINT('Origin',(-110.586267105925,104.71651336671,-192.826540605533));
#8640=CARTESIAN_POINT('',(-91.2317380964911,99.7165133667096,-186.856511231515));
#8641=CARTESIAN_POINT('Origin',(-110.586267105925,99.7165133667096,-192.826540605533));
#8642=CARTESIAN_POINT('',(-91.2317380964911,104.71651336671,-186.856511231515));
#8643=CARTESIAN_POINT('Origin',(-132.,101.71651336671,-193.021848270475));
#8644=CARTESIAN_POINT('',(-176.641559768388,101.71651336671,-126.277756875178));
#8645=CARTESIAN_POINT('Origin',(-409.624121479408,101.71651336671,-174.033344008287));
#8646=CARTESIAN_POINT('',(-151.838273570601,101.71651336671,-116.476106305038));
#8647=CARTESIAN_POINT('Origin',(-140.400798233221,101.71651336671,-181.702330159119));
#8648=CARTESIAN_POINT('Origin',(-373.865549955025,101.71651336671,-169.132956509465));
#8649=CARTESIAN_POINT('Origin',(145.038257831826,104.71651336671,-174.033344008288));
#8650=CARTESIAN_POINT('',(-87.944303879197,104.71651336671,-126.277756875178));
#8651=CARTESIAN_POINT('Origin',(-409.624121479408,104.71651336671,-174.033344008287));
#8652=CARTESIAN_POINT('',(-176.641559768388,104.71651336671,-126.277756875178));
#8653=CARTESIAN_POINT('Origin',(-122.687056493829,104.71651336671,-133.702536961787));
#8654=CARTESIAN_POINT('',(-86.6621742053733,102.71651336671,-95.5291373109298));
#8655=CARTESIAN_POINT('',(-70.5677538306096,102.71651336671,-139.913726437311));
#8656=CARTESIAN_POINT('Origin',(-122.687056493829,102.71651336671,-133.702536961787));
#8657=CARTESIAN_POINT('',(-86.6621742053733,101.71651336671,-95.5291373109298));
#8658=CARTESIAN_POINT('',(-86.6621742053733,104.71651336671,-95.5291373109298));
#8659=CARTESIAN_POINT('',(-70.5677538306096,101.71651336671,-139.913726437311));
#8660=CARTESIAN_POINT('Origin',(-122.687056493829,101.71651336671,-133.702536961787));
#8661=CARTESIAN_POINT('',(-70.5677538306096,104.71651336671,-139.913726437311));
#8662=CARTESIAN_POINT('Origin',(-65.6028852984493,104.71651336671,-140.505402411442));
#8663=CARTESIAN_POINT('',(-60.638016766289,102.71651336671,-141.097078385574));
#8664=CARTESIAN_POINT('Origin',(-65.6028852984493,102.71651336671,-140.505402411442));
#8665=CARTESIAN_POINT('',(-60.638016766289,101.71651336671,-141.097078385574));
#8666=CARTESIAN_POINT('Origin',(-65.6028852984493,101.71651336671,-140.505402411442));
#8667=CARTESIAN_POINT('',(-60.638016766289,104.71651336671,-141.097078385574));
#8668=CARTESIAN_POINT('Origin',(-83.23045514335,100.71651336671,-91.8927511544076));
#8669=CARTESIAN_POINT('',(-78.4260484565174,99.7165133667096,-86.8018105352766));
#8670=CARTESIAN_POINT('',(-79.7987360813267,101.71651336671,-88.2563649978854));
#8671=CARTESIAN_POINT('',(-78.4260484565174,99.7165133667096,-86.8018105352766));
#8672=CARTESIAN_POINT('',(-88.0348618301826,99.7165133667096,-96.9836917735387));
#8673=CARTESIAN_POINT('Origin',(-83.23045514335,99.7165133667096,-91.8927511544076));
#8674=CARTESIAN_POINT('',(-86.6621742053733,101.71651336671,-95.5291373109298));
#8675=CARTESIAN_POINT('Origin',(-83.23045514335,101.71651336671,-91.8927511544076));
#8676=CARTESIAN_POINT('Origin',(-122.687056493829,100.71651336671,-133.702536961787));
#8677=CARTESIAN_POINT('',(-72.5537012434737,99.7165133667096,-139.677056047658));
#8678=CARTESIAN_POINT('Origin',(-122.687056493829,99.7165133667096,-133.702536961787));
#8679=CARTESIAN_POINT('',(-70.5677538306096,101.71651336671,-139.913726437311));
#8680=CARTESIAN_POINT('Origin',(-65.6028852984493,100.71651336671,-140.505402411442));
#8681=CARTESIAN_POINT('',(-58.6520693534249,99.7165133667096,-141.333748775226));
#8682=CARTESIAN_POINT('Origin',(-65.6028852984493,99.7165133667096,-140.505402411442));
#8683=CARTESIAN_POINT('',(-60.638016766289,101.71651336671,-141.097078385574));
#8684=CARTESIAN_POINT('Origin',(-122.687056493829,100.71651336671,-133.702536961787));
#8685=CARTESIAN_POINT('Origin',(-122.687056493829,99.7165133667096,-133.702536961787));
#8686=CARTESIAN_POINT('Origin',(-122.687056493829,101.71651336671,-133.702536961787));
#8687=CARTESIAN_POINT('Origin',(-122.687056493829,104.71651336671,-133.702536961787));
#8688=CARTESIAN_POINT('',(-79.7987360813267,102.71651336671,-88.2563649978854));
#8689=CARTESIAN_POINT('Origin',(-122.687056493829,102.71651336671,-133.702536961787));
#8690=CARTESIAN_POINT('',(-79.7987360813267,104.71651336671,-88.2563649978854));
#8691=CARTESIAN_POINT('Origin',(-83.23045514335,104.71651336671,-91.8927511544076));
#8692=CARTESIAN_POINT('Origin',(-83.23045514335,102.71651336671,-91.8927511544076));
#8693=CARTESIAN_POINT('Origin',(-65.6028852984493,103.71651336671,-140.505402411442));
#8694=CARTESIAN_POINT('',(-58.6520693534249,104.71651336671,-141.333748775226));
#8695=CARTESIAN_POINT('',(-70.5677538306096,102.71651336671,-139.913726437311));
#8696=CARTESIAN_POINT('Origin',(-122.687056493829,103.71651336671,-133.702536961787));
#8697=CARTESIAN_POINT('',(-86.6621742053733,102.71651336671,-95.5291373109298));
#8698=CARTESIAN_POINT('Origin',(-83.23045514335,103.71651336671,-91.8927511544076));
#8699=CARTESIAN_POINT('',(-79.7987360813267,102.71651336671,-88.2563649978854));
#8700=CARTESIAN_POINT('Origin',(-122.687056493829,103.71651336671,-133.702536961787));
#8701=CARTESIAN_POINT('Origin',(-141.312943506171,104.71651336671,-133.702536961787));
#8702=CARTESIAN_POINT('',(-193.43224616939,102.71651336671,-139.913726437311));
#8703=CARTESIAN_POINT('',(-177.337825794627,102.71651336671,-95.5291373109298));
#8704=CARTESIAN_POINT('Origin',(-141.312943506171,102.71651336671,-133.702536961787));
#8705=CARTESIAN_POINT('',(-193.43224616939,101.71651336671,-139.913726437311));
#8706=CARTESIAN_POINT('',(-193.43224616939,104.71651336671,-139.913726437311));
#8707=CARTESIAN_POINT('',(-177.337825794627,101.71651336671,-95.5291373109298));
#8708=CARTESIAN_POINT('Origin',(-141.312943506171,101.71651336671,-133.702536961787));
#8709=CARTESIAN_POINT('',(-177.337825794627,104.71651336671,-95.5291373109298));
#8710=CARTESIAN_POINT('Origin',(-180.76954485665,104.71651336671,-91.8927511544076));
#8711=CARTESIAN_POINT('',(-184.201263918673,102.71651336671,-88.2563649978854));
#8712=CARTESIAN_POINT('Origin',(-180.76954485665,102.71651336671,-91.8927511544076));
#8713=CARTESIAN_POINT('',(-184.201263918673,101.71651336671,-88.2563649978854));
#8714=CARTESIAN_POINT('Origin',(-180.76954485665,101.71651336671,-91.8927511544076));
#8715=CARTESIAN_POINT('',(-184.201263918673,104.71651336671,-88.2563649978854));
#8716=CARTESIAN_POINT('Origin',(-198.397114701551,100.71651336671,-140.505402411442));
#8717=CARTESIAN_POINT('',(-205.347930646575,99.7165133667096,-141.333748775226));
#8718=CARTESIAN_POINT('',(-203.361983233711,101.71651336671,-141.097078385574));
#8719=CARTESIAN_POINT('',(-205.347930646575,99.7165133667096,-141.333748775226));
#8720=CARTESIAN_POINT('',(-191.446298756526,99.7165133667096,-139.677056047658));
#8721=CARTESIAN_POINT('Origin',(-198.397114701551,99.7165133667096,-140.505402411442));
#8722=CARTESIAN_POINT('',(-193.43224616939,101.71651336671,-139.913726437311));
#8723=CARTESIAN_POINT('Origin',(-198.397114701551,101.71651336671,-140.505402411442));
#8724=CARTESIAN_POINT('Origin',(-141.312943506171,100.71651336671,-133.702536961787));
#8725=CARTESIAN_POINT('',(-175.965138169817,99.7165133667096,-96.9836917735387));
#8726=CARTESIAN_POINT('Origin',(-141.312943506171,99.7165133667096,-133.702536961787));
#8727=CARTESIAN_POINT('',(-177.337825794627,101.71651336671,-95.5291373109298));
#8728=CARTESIAN_POINT('Origin',(-180.76954485665,100.71651336671,-91.8927511544076));
#8729=CARTESIAN_POINT('',(-185.573951543483,99.7165133667096,-86.8018105352766));
#8730=CARTESIAN_POINT('Origin',(-180.76954485665,99.7165133667096,-91.8927511544076));
#8731=CARTESIAN_POINT('',(-184.201263918673,101.71651336671,-88.2563649978854));
#8732=CARTESIAN_POINT('Origin',(-141.312943506171,100.71651336671,-133.702536961787));
#8733=CARTESIAN_POINT('Origin',(-141.312943506171,99.7165133667096,-133.702536961787));
#8734=CARTESIAN_POINT('Origin',(-141.312943506171,101.71651336671,-133.702536961787));
#8735=CARTESIAN_POINT('Origin',(-141.312943506171,104.71651336671,-133.702536961787));
#8736=CARTESIAN_POINT('',(-203.361983233711,102.71651336671,-141.097078385574));
#8737=CARTESIAN_POINT('Origin',(-141.312943506171,102.71651336671,-133.702536961787));
#8738=CARTESIAN_POINT('',(-203.361983233711,104.71651336671,-141.097078385574));
#8739=CARTESIAN_POINT('Origin',(-198.397114701551,104.71651336671,-140.505402411442));
#8740=CARTESIAN_POINT('Origin',(-198.397114701551,102.71651336671,-140.505402411442));
#8741=CARTESIAN_POINT('Origin',(-180.76954485665,103.71651336671,-91.8927511544076));
#8742=CARTESIAN_POINT('',(-185.573951543483,104.71651336671,-86.8018105352766));
#8743=CARTESIAN_POINT('',(-177.337825794627,102.71651336671,-95.5291373109298));
#8744=CARTESIAN_POINT('Origin',(-141.312943506171,103.71651336671,-133.702536961787));
#8745=CARTESIAN_POINT('',(-193.43224616939,102.71651336671,-139.913726437311));
#8746=CARTESIAN_POINT('Origin',(-198.397114701551,103.71651336671,-140.505402411442));
#8747=CARTESIAN_POINT('',(-203.361983233711,102.71651336671,-141.097078385574));
#8748=CARTESIAN_POINT('Origin',(-141.312943506171,103.71651336671,-133.702536961787));
#8749=CARTESIAN_POINT('Origin',(-132.710159303295,102.630726929083,-24.8187049557654));
#8750=CARTESIAN_POINT('',(-100.920605935866,99.7165133667096,-77.2493532838713));
#8751=CARTESIAN_POINT('Ctrl Pts',(-99.4778240426381,102.71651336671,-72.7381116003936));
#8752=CARTESIAN_POINT('Ctrl Pts',(-99.6209955208759,102.317169253217,-73.3233804832987));
#8753=CARTESIAN_POINT('Ctrl Pts',(-99.7798567747404,101.92422232358,-73.9053620005573));
#8754=CARTESIAN_POINT('Ctrl Pts',(-100.237158311354,100.910750976991,-75.4210461733656));
#8755=CARTESIAN_POINT('Ctrl Pts',(-100.560736721348,100.302250438298,-76.3461669961125));
#8756=CARTESIAN_POINT('Ctrl Pts',(-100.920605935866,99.7165133667096,-77.2493532838713));
#8757=CARTESIAN_POINT('Origin',(-132.710159303295,99.7165133667096,-24.8187049557654));
#8758=CARTESIAN_POINT('Origin',(-132.,99.7165133667096,-194.428427603125));
#8759=CARTESIAN_POINT('',(-99.4778240426381,99.7165133667096,-72.7381116003936));
#8760=CARTESIAN_POINT('Origin',(-151.123511745742,104.71651336671,-170.504565469625));
#8761=CARTESIAN_POINT('',(-184.585863647585,103.71651336671,-150.));
#8762=CARTESIAN_POINT('',(-184.585863647585,104.71651336671,-150.));
#8763=CARTESIAN_POINT('Origin',(-151.123511745742,103.71651336671,-170.504565469625));
#8764=CARTESIAN_POINT('Origin',(15.4786885188722,104.71651336671,-146.343381663395));
#8765=CARTESIAN_POINT('',(-182.061199491663,103.71651336671,-114.449988366196));
#8766=CARTESIAN_POINT('Origin',(15.4786885188722,103.71651336671,-146.343381663395));
#8767=CARTESIAN_POINT('',(-182.061199491663,104.71651336671,-114.449988366196));
#8768=CARTESIAN_POINT('Origin',(-130.776220174398,104.71651336671,-156.796738567033));
#8769=CARTESIAN_POINT('',(-150.806482658547,102.21651336671,-93.3760405185216));
#8770=CARTESIAN_POINT('',(-150.806482658547,104.71651336671,-93.3760405185216));
#8771=CARTESIAN_POINT('',(-150.954013805525,102.21651336671,-93.4228243725948));
#8772=CARTESIAN_POINT('Origin',(-130.776220174398,102.21651336671,-156.796738567033));
#8773=CARTESIAN_POINT('',(-150.954013805525,103.71651336671,-93.4228243725948));
#8774=CARTESIAN_POINT('',(-150.954013805525,100.71651336671,-93.4228243725948));
#8775=CARTESIAN_POINT('Origin',(-130.776220174398,103.71651336671,-156.796738567033));
#8776=CARTESIAN_POINT('Origin',(-280.064552166458,104.71651336671,-146.343381663395));
#8777=CARTESIAN_POINT('',(-82.5246641559218,104.71651336671,-114.449988366196));
#8778=CARTESIAN_POINT('',(-80.,104.71651336671,-150.));
#8779=CARTESIAN_POINT('Origin',(-219.735746616506,100.71651336671,-116.736687100738));
#8780=CARTESIAN_POINT('',(-147.448351369776,102.21651336671,-123.736362252556));
#8781=CARTESIAN_POINT('Origin',(-219.735746616506,102.21651336671,-116.736687100738));
#8782=CARTESIAN_POINT('',(-147.448351369776,103.71651336671,-123.736362252556));
#8783=CARTESIAN_POINT('',(-147.448351369776,100.71651336671,-123.736362252556));
#8784=CARTESIAN_POINT('Origin',(-219.735746616506,103.71651336671,-116.736687100738));
#8785=CARTESIAN_POINT('Origin',(-138.817024970557,100.71651336671,-108.480727348916));
#8786=CARTESIAN_POINT('Origin',(-138.817024970557,103.71651336671,-108.480727348916));
#8787=CARTESIAN_POINT('Origin',(-138.817024970557,102.21651336671,-108.480727348916));
#8788=CARTESIAN_POINT('Origin',(-125.768838677029,100.71651336671,-108.480727348916));
#8789=CARTESIAN_POINT('',(-117.137512277809,102.21651336671,-123.736362252556));
#8790=CARTESIAN_POINT('Origin',(-125.768838677029,102.21651336671,-108.480727348916));
#8791=CARTESIAN_POINT('',(-117.137512277809,100.71651336671,-123.736362252556));
#8792=CARTESIAN_POINT('Origin',(-44.8501170310796,100.71651336671,-116.736687100738));
#8793=CARTESIAN_POINT('',(-113.63184984206,102.21651336671,-93.4228243725948));
#8794=CARTESIAN_POINT('Origin',(-44.8501170310796,102.21651336671,-116.736687100738));
#8795=CARTESIAN_POINT('',(-113.63184984206,100.71651336671,-93.4228243725948));
#8796=CARTESIAN_POINT('Origin',(-387.569124812795,100.71651336671,-158.764711701695));
#8797=CARTESIAN_POINT('',(-177.502434129269,103.71651336671,-178.610389762865));
#8798=CARTESIAN_POINT('',(-177.502434129269,100.71651336671,-178.610389762865));
#8799=CARTESIAN_POINT('',(-178.85317942183,103.71651336671,-127.788598130241));
#8800=CARTESIAN_POINT('Origin',(-387.569124812795,103.71651336671,-158.764711701695));
#8801=CARTESIAN_POINT('',(-178.85317942183,100.71651336671,-127.788598130241));
#8802=CARTESIAN_POINT('Origin',(-140.400798233221,100.71651336671,-181.702330159119));
#8803=CARTESIAN_POINT('',(-151.838273570601,103.71651336671,-116.476106305038));
#8804=CARTESIAN_POINT('Origin',(-140.400798233221,103.71651336671,-181.702330159119));
#8805=CARTESIAN_POINT('',(-151.838273570601,100.71651336671,-116.476106305038));
#8806=CARTESIAN_POINT('Origin',(-373.865549955025,100.71651336671,-169.132956509465));
#8807=CARTESIAN_POINT('Origin',(-373.865549955025,103.71651336671,-169.132956509465));
#8808=CARTESIAN_POINT('Origin',(-124.185065414364,100.71651336671,-181.702330159119));
#8809=CARTESIAN_POINT('',(-85.7326842257552,100.71651336671,-127.788598130241));
#8810=CARTESIAN_POINT('Origin',(122.98326116521,100.71651336671,-158.764711701695));
#8811=CARTESIAN_POINT('',(-87.0834295183167,100.71651336671,-178.610389762865));
#8812=CARTESIAN_POINT('Origin',(-132.710159303295,102.630726929083,-24.8187049557654));
#8813=CARTESIAN_POINT('',(-164.059549425486,99.7165133667096,-77.5137173039256));
#8814=CARTESIAN_POINT('Ctrl Pts',(-164.059549425486,99.7165133667096,-77.5137173039256));
#8815=CARTESIAN_POINT('Ctrl Pts',(-164.426969207927,100.302250438298,-76.613576189753));
#8816=CARTESIAN_POINT('Ctrl Pts',(-164.758283135715,100.910750976991,-75.6911974143314));
#8817=CARTESIAN_POINT('Ctrl Pts',(-165.228260816003,101.92422232358,-74.1793957781629));
#8818=CARTESIAN_POINT('Ctrl Pts',(-165.391989951012,102.317169253218,-73.5987649533187));
#8819=CARTESIAN_POINT('Ctrl Pts',(-165.540057388554,102.71651336671,-73.0147154935829));
#8820=CARTESIAN_POINT('Origin',(-132.710159303295,99.7165133667096,-24.8187049557654));
#8821=CARTESIAN_POINT('Origin',(-132.,99.7165133667096,-193.021848270475));
#8822=CARTESIAN_POINT('',(-114.11576662017,99.7165133667096,-93.2707787502578));
#8823=CARTESIAN_POINT('Origin',(-132.5433872025,99.7165133667096,-64.6494438194139));
#8824=CARTESIAN_POINT('',(-132.292931823793,99.7165133667096,-90.3054162616605));
#8825=CARTESIAN_POINT('Origin',(-133.809643473187,99.7165133667096,-156.796738567033));
#8826=CARTESIAN_POINT('',(-150.806482658547,99.7165133667096,-93.3760405185216));
#8827=CARTESIAN_POINT('Origin',(-130.776220174398,99.7165133667096,-156.796738567033));
#8828=CARTESIAN_POINT('Origin',(-132.5433872025,99.7165133667096,-64.6494438194139));
#8829=CARTESIAN_POINT('',(-218.5,99.7165133667096,-231.510924135237));
#8830=CARTESIAN_POINT('Origin',(-153.99959654166,99.7165133667096,-192.826540605533));
#8831=CARTESIAN_POINT('Origin',(-137.514662848142,99.7165133667096,-120.231825725456));
#8832=CARTESIAN_POINT('',(-138.042931823793,99.7165133667096,-99.1759265701416));
#8833=CARTESIAN_POINT('Origin',(-139.292931823793,99.7165133667096,-99.1759265701416));
#8834=CARTESIAN_POINT('',(-138.042931823793,99.7165133667096,-92.1759265701416));
#8835=CARTESIAN_POINT('Origin',(-139.292931823793,99.7165133667096,-92.1759265701416));
#8836=CARTESIAN_POINT('',(-124.042931823793,99.7165133667096,-92.1759265701416));
#8837=CARTESIAN_POINT('Origin',(-125.292931823793,99.7165133667096,-92.1759265701416));
#8838=CARTESIAN_POINT('',(-124.042931823793,99.7165133667096,-99.1759265701416));
#8839=CARTESIAN_POINT('Origin',(-125.292931823793,99.7165133667096,-99.1759265701416));
#8840=CARTESIAN_POINT('',(-131.042931823793,99.7165133667096,-106.175926570141));
#8841=CARTESIAN_POINT('Origin',(-132.292931823793,99.7165133667096,-106.175926570141));
#8842=CARTESIAN_POINT('Origin',(-133.809643473187,104.71651336671,-156.796738567033));
#8843=CARTESIAN_POINT('',(-114.11576662017,102.21651336671,-93.2707787502578));
#8844=CARTESIAN_POINT('',(-114.11576662017,104.71651336671,-93.2707787502578));
#8845=CARTESIAN_POINT('Origin',(-133.809643473187,102.21651336671,-156.796738567033));
#8846=CARTESIAN_POINT('Origin',(-132.5433872025,104.71651336671,-64.6494438194139));
#8847=CARTESIAN_POINT('',(-150.806482658547,104.71651336671,-93.3760405185216));
#8848=CARTESIAN_POINT('Origin',(-132.5433872025,104.71651336671,-64.6494438194139));
#8849=CARTESIAN_POINT('',(-114.11576662017,104.71651336671,-93.2707787502578));
#8850=CARTESIAN_POINT('Origin',(-125.292931823793,101.71651336671,-99.1759265701416));
#8851=CARTESIAN_POINT('',(-124.042931823793,101.71651336671,-99.1759265701416));
#8852=CARTESIAN_POINT('Origin',(-125.292931823793,101.71651336671,-99.1759265701416));
#8853=CARTESIAN_POINT('',(-124.042931823793,101.71651336671,-99.1759265701416));
#8854=CARTESIAN_POINT('Origin',(-125.292931823793,101.96651336671,-99.1759265701416));
#8855=CARTESIAN_POINT('',(-123.542931823793,102.21651336671,-99.1759265701416));
#8856=CARTESIAN_POINT('',(-123.792931823793,101.96651336671,-99.1759265701416));
#8857=CARTESIAN_POINT('Origin',(-125.292931823793,102.21651336671,-99.1759265701416));
#8858=CARTESIAN_POINT('Origin',(-132.292931823793,101.71651336671,-106.175926570141));
#8859=CARTESIAN_POINT('',(-131.042931823793,101.71651336671,-106.175926570141));
#8860=CARTESIAN_POINT('Origin',(-132.292931823793,101.71651336671,-106.175926570141));
#8861=CARTESIAN_POINT('',(-131.042931823793,101.71651336671,-106.175926570141));
#8862=CARTESIAN_POINT('Origin',(-132.292931823793,101.96651336671,-106.175926570141));
#8863=CARTESIAN_POINT('',(-130.542931823793,102.21651336671,-106.175926570141));
#8864=CARTESIAN_POINT('Origin',(-132.292931823793,102.21651336671,-106.175926570141));
#8865=CARTESIAN_POINT('',(-130.792931823793,101.96651336671,-106.175926570141));
#8866=CARTESIAN_POINT('Origin',(-139.292931823793,101.71651336671,-99.1759265701416));
#8867=CARTESIAN_POINT('',(-138.042931823793,101.71651336671,-99.1759265701416));
#8868=CARTESIAN_POINT('Origin',(-139.292931823793,101.71651336671,-99.1759265701416));
#8869=CARTESIAN_POINT('',(-138.042931823793,101.71651336671,-99.1759265701416));
#8870=CARTESIAN_POINT('Origin',(-132.292931823793,102.21651336671,-108.157120409145));
#8871=CARTESIAN_POINT('',(-140.605474332842,102.21651336671,-91.0184585740668));
#8872=CARTESIAN_POINT('Origin',(-130.776220174398,102.21651336671,-156.796738567033));
#8873=CARTESIAN_POINT('',(-137.542931823793,102.21651336671,-92.1759265701416));
#8874=CARTESIAN_POINT('Origin',(-139.292931823793,102.21651336671,-92.1759265701416));
#8875=CARTESIAN_POINT('',(-138.325096812956,102.21651336671,-90.7179158048184));
#8876=CARTESIAN_POINT('Origin',(-139.292931823793,102.21651336671,-92.1759265701416));
#8877=CARTESIAN_POINT('',(-132.292931823793,102.21651336671,-90.3054162616605));
#8878=CARTESIAN_POINT('Origin',(-130.776220174398,102.21651336671,-156.796738567033));
#8879=CARTESIAN_POINT('',(-126.26076683463,102.21651336671,-90.7179158048183));
#8880=CARTESIAN_POINT('Origin',(-133.809643473187,102.21651336671,-156.796738567033));
#8881=CARTESIAN_POINT('',(-123.542931823793,102.21651336671,-92.1759265701416));
#8882=CARTESIAN_POINT('Origin',(-125.292931823793,102.21651336671,-92.1759265701416));
#8883=CARTESIAN_POINT('',(-123.980389314743,102.21651336671,-91.0184585740669));
#8884=CARTESIAN_POINT('Origin',(-125.292931823793,102.21651336671,-92.1759265701416));
#8885=CARTESIAN_POINT('Origin',(-133.809643473187,102.21651336671,-156.796738567033));
#8886=CARTESIAN_POINT('',(-137.542931823793,102.21651336671,-99.1759265701416));
#8887=CARTESIAN_POINT('Origin',(-139.292931823793,102.21651336671,-99.1759265701416));
#8888=CARTESIAN_POINT('Origin',(-139.292931823793,101.96651336671,-99.1759265701416));
#8889=CARTESIAN_POINT('',(-137.792931823793,101.96651336671,-99.1759265701416));
#8890=CARTESIAN_POINT('Origin',(-139.292931823793,101.71651336671,-92.1759265701416));
#8891=CARTESIAN_POINT('',(-138.042931823793,101.71651336671,-92.1759265701416));
#8892=CARTESIAN_POINT('Origin',(-139.292931823793,101.71651336671,-92.1759265701416));
#8893=CARTESIAN_POINT('',(-138.042931823793,101.71651336671,-92.1759265701416));
#8894=CARTESIAN_POINT('Origin',(-130.776220174398,104.71651336671,-156.796738567033));
#8895=CARTESIAN_POINT('Ctrl Pts',(-140.605474332842,102.216513366709,-91.0184585740668));
#8896=CARTESIAN_POINT('Ctrl Pts',(-140.539091797543,102.173285743854,-91.008539025985));
#8897=CARTESIAN_POINT('Ctrl Pts',(-140.472005852975,102.131765355384,-90.9986166076007));
#8898=CARTESIAN_POINT('Ctrl Pts',(-140.257883660034,102.008351848436,-90.9672911360301));
#8899=CARTESIAN_POINT('Ctrl Pts',(-140.107988911612,101.933887876766,-90.9458329810271));
#8900=CARTESIAN_POINT('Ctrl Pts',(-139.780580315834,101.823293354501,-90.9002654226714));
#8901=CARTESIAN_POINT('Ctrl Pts',(-139.603315482016,101.786424553343,-90.8761619239548));
#8902=CARTESIAN_POINT('Ctrl Pts',(-139.053096608079,101.815481299629,-90.8042441465673));
#8903=CARTESIAN_POINT('Ctrl Pts',(-138.79052119325,101.943019324279,-90.7722747685322));
#8904=CARTESIAN_POINT('Ctrl Pts',(-138.468219322114,102.12615661617,-90.7343811812692));
#8905=CARTESIAN_POINT('Ctrl Pts',(-138.396060575142,102.170512674545,-90.7260227392968));
#8906=CARTESIAN_POINT('Ctrl Pts',(-138.325096812956,102.216513366709,-90.7179158048184));
#8907=CARTESIAN_POINT('',(-132.292931823793,104.71651336671,-90.3054162616605));
#8908=CARTESIAN_POINT('Origin',(-139.292931823793,101.96651336671,-92.1759265701416));
#8909=CARTESIAN_POINT('',(-137.792931823793,101.96651336671,-92.1759265701416));
#8910=CARTESIAN_POINT('Origin',(-125.292931823793,101.71651336671,-92.1759265701416));
#8911=CARTESIAN_POINT('',(-124.042931823793,101.71651336671,-92.1759265701416));
#8912=CARTESIAN_POINT('Origin',(-125.292931823793,101.71651336671,-92.1759265701416));
#8913=CARTESIAN_POINT('',(-124.042931823793,101.71651336671,-92.1759265701416));
#8914=CARTESIAN_POINT('Origin',(-133.809643473187,104.71651336671,-156.796738567033));
#8915=CARTESIAN_POINT('Ctrl Pts',(-126.26076683463,102.21651336671,-90.7179158048183));
#8916=CARTESIAN_POINT('Ctrl Pts',(-126.170169249543,102.157785482307,-90.7282657167112));
#8917=CARTESIAN_POINT('Ctrl Pts',(-126.077722902632,102.101746943416,-90.7390131337749));
#8918=CARTESIAN_POINT('Ctrl Pts',(-125.734059110165,101.915545984742,-90.7797442789096));
#8919=CARTESIAN_POINT('Ctrl Pts',(-125.470280750063,101.795505452333,-90.8120681659373));
#8920=CARTESIAN_POINT('Ctrl Pts',(-124.768276753798,101.795505452333,-90.9045889100779));
#8921=CARTESIAN_POINT('Ctrl Pts',(-124.505130788243,101.915545984742,-90.941711110216));
#8922=CARTESIAN_POINT('Ctrl Pts',(-124.162648986742,102.101746943416,-90.9914106482118));
#8923=CARTESIAN_POINT('Ctrl Pts',(-124.070574839687,102.157785482307,-91.004982143151));
#8924=CARTESIAN_POINT('Ctrl Pts',(-123.980389314743,102.21651336671,-91.0184585740669));
#8925=CARTESIAN_POINT('Origin',(-125.292931823793,101.96651336671,-92.1759265701416));
#8926=CARTESIAN_POINT('',(-123.792931823793,101.96651336671,-92.1759265701416));
#8927=CARTESIAN_POINT('Origin',(-137.514662848142,104.71651336671,-120.231825725456));
#8928=CARTESIAN_POINT('Origin',(-219.815511250399,100.71651336671,-175.252442570309));
#8929=CARTESIAN_POINT('Origin',(-219.815511250399,103.71651336671,-175.252442570309));
#8930=CARTESIAN_POINT('Origin',(-132.292931823793,103.71651336671,-144.036657242313));
#8931=CARTESIAN_POINT('Origin',(-153.99959654166,104.71651336671,-192.826540605533));
#8932=CARTESIAN_POINT('Origin',(-220.,101.21651336671,-231.510924135237));
#8933=CARTESIAN_POINT('Origin',(-44.7703523971859,100.71651336671,-175.252442570309));
#8934=CARTESIAN_POINT('Origin',(-113.462351901843,104.71651336671,-170.504565469625));
#8935=CARTESIAN_POINT('Origin',(-42.5000000000002,99.7165133667096,-110.));
#8936=CARTESIAN_POINT('',(-175.,135.715836118542,-240.532336910216));
#8937=UNCERTAINTY_MEASURE_WITH_UNIT(LENGTH_MEASURE(0.01),#8943,
'DISTANCE_ACCURACY_VALUE',
'Maximum model space distance between geometric entities at asserted c
onnectivities');
#8938=UNCERTAINTY_MEASURE_WITH_UNIT(LENGTH_MEASURE(0.01),#8943,
'DISTANCE_ACCURACY_VALUE',
'Maximum model space distance between geometric entities at asserted c
onnectivities');
#8939=UNCERTAINTY_MEASURE_WITH_UNIT(LENGTH_MEASURE(0.01),#8943,
'DISTANCE_ACCURACY_VALUE',
'Maximum model space distance between geometric entities at asserted c
onnectivities');
#8940=(
GEOMETRIC_REPRESENTATION_CONTEXT(3)
GLOBAL_UNCERTAINTY_ASSIGNED_CONTEXT((#8937))
GLOBAL_UNIT_ASSIGNED_CONTEXT((#8943,#8945,#8946))
REPRESENTATION_CONTEXT('','3D')
);
#8941=(
GEOMETRIC_REPRESENTATION_CONTEXT(3)
GLOBAL_UNCERTAINTY_ASSIGNED_CONTEXT((#8938))
GLOBAL_UNIT_ASSIGNED_CONTEXT((#8943,#8945,#8946))
REPRESENTATION_CONTEXT('','3D')
);
#8942=(
GEOMETRIC_REPRESENTATION_CONTEXT(3)
GLOBAL_UNCERTAINTY_ASSIGNED_CONTEXT((#8939))
GLOBAL_UNIT_ASSIGNED_CONTEXT((#8943,#8945,#8946))
REPRESENTATION_CONTEXT('','3D')
);
#8943=(
LENGTH_UNIT()
NAMED_UNIT(*)
SI_UNIT(.MILLI.,.METRE.)
);
#8944=(
LENGTH_UNIT()
NAMED_UNIT(*)
SI_UNIT($,.METRE.)
);
#8945=(
NAMED_UNIT(*)
PLANE_ANGLE_UNIT()
SI_UNIT($,.RADIAN.)
);
#8946=(
NAMED_UNIT(*)
SI_UNIT($,.STERADIAN.)
SOLID_ANGLE_UNIT()
);
#8947=SHAPE_DEFINITION_REPRESENTATION(#8949,#8952);
#8948=SHAPE_DEFINITION_REPRESENTATION(#8950,#8953);
#8949=PRODUCT_DEFINITION_SHAPE('',$,#8955);
#8950=PRODUCT_DEFINITION_SHAPE('',$,#8956);
#8951=PRODUCT_DEFINITION_SHAPE($,$,#14);
#8952=SHAPE_REPRESENTATION('',(#4960,#5617),#8940);
#8953=SHAPE_REPRESENTATION('',(#4961),#8941);
#8954=PRODUCT_DEFINITION_CONTEXT('part definition',#8962,'design');
#8955=PRODUCT_DEFINITION('\X2\9876677F\X0\','\X2\9876677F\X0\ v5',#8957,
#8954);
#8956=PRODUCT_DEFINITION('Bottom','Jetson_Nano_Case_Bottom v1',#8958,#8954);
#8957=PRODUCT_DEFINITION_FORMATION('',$,#8964);
#8958=PRODUCT_DEFINITION_FORMATION('',$,#8965);
#8959=PRODUCT_RELATED_PRODUCT_CATEGORY('\X2\9876677F\X0\ v5',
'\X2\9876677F\X0\ v5',(#8964));
#8960=PRODUCT_RELATED_PRODUCT_CATEGORY('Jetson_Nano_Case_Bottom v1',
'Jetson_Nano_Case_Bottom v1',(#8965));
#8961=APPLICATION_PROTOCOL_DEFINITION('international standard',
'ap242_managed_model_based_3d_engineering',2011,#8962);
#8962=APPLICATION_CONTEXT('Managed model based 3d engineering');
#8963=PRODUCT_CONTEXT('part definition',#8962,'mechanical');
#8964=PRODUCT('\X2\9876677F\X0\','\X2\9876677F\X0\ v5',$,(#8963));
#8965=PRODUCT('Bottom','Jetson_Nano_Case_Bottom v1',$,(#8963));
#8966=PRESENTATION_STYLE_ASSIGNMENT((#8968));
#8967=PRESENTATION_STYLE_ASSIGNMENT((#8969));
#8968=SURFACE_STYLE_USAGE(.BOTH.,#8970);
#8969=SURFACE_STYLE_USAGE(.BOTH.,#8971);
#8970=SURFACE_SIDE_STYLE('',(#8972));
#8971=SURFACE_SIDE_STYLE('',(#8973));
#8972=SURFACE_STYLE_FILL_AREA(#8974);
#8973=SURFACE_STYLE_FILL_AREA(#8975);
#8974=FILL_AREA_STYLE('\X2\94A2\X0\ - \X2\7F0E5149\X0\',(#8976));
#8975=FILL_AREA_STYLE('\X2\73BB7483\X0\(\X2\900F660E\X0\)',(#8977));
#8976=FILL_AREA_STYLE_COLOUR('\X2\94A2\X0\ - \X2\7F0E5149\X0\',#8978);
#8977=FILL_AREA_STYLE_COLOUR('\X2\73BB7483\X0\(\X2\900F660E\X0\)',#8979);
#8978=COLOUR_RGB('\X2\94A2\X0\ - \X2\7F0E5149\X0\',0.627450980392157,0.627450980392157,
0.627450980392157);
#8979=COLOUR_RGB('\X2\73BB7483\X0\(\X2\900F660E\X0\)',0.964705882352941,
0.964705882352941,0.952941176470588);
ENDSEC;
END-ISO-10303-21;
